Files:
- clerk-js/5.93.0-canary.v20250910221410/192_clerk.browser_ee7218_5.93.0-canary.v20250910221410.js.br
- clerk-js/5.93.0-canary.v20250910221410/192_clerk.browser_ee7218_5.93.0-canary.v20250910221410.js.gz
- clerk-js/5.93.0-canary.v20250910221410/192_clerk.browser_ee7218_5.93.0-canary.v20250910221410.js.sri
- clerk-js/5.93.0-canary.v20250910221410/192_clerk.browser_ee7218_5.93.0-canary.v20250910221410.min.js.br
- clerk-js/5.93.0-canary.v20250910221410/192_clerk.browser_ee7218_5.93.0-canary.v20250910221410.min.js.gz
- clerk-js/5.93.0-canary.v20250910221410/192_clerk.browser_ee7218_5.93.0-canary.v20250910221410.min.js.sri
- clerk-js/5.93.0-canary.v20250910221410/192_clerk.chips.browser_401c13_5.93.0-canary.v20250910221410.js.br
- clerk-js/5.93.0-canary.v20250910221410/192_clerk.chips.browser_401c13_5.93.0-canary.v20250910221410.js.gz
- clerk-js/5.93.0-canary.v20250910221410/192_clerk.chips.browser_401c13_5.93.0-canary.v20250910221410.js.sri
- clerk-js/5.93.0-canary.v20250910221410/192_clerk.chips.browser_401c13_5.93.0-canary.v20250910221410.min.js.br
- clerk-js/5.93.0-canary.v20250910221410/192_clerk.chips.browser_401c13_5.93.0-canary.v20250910221410.min.js.gz
- clerk-js/5.93.0-canary.v20250910221410/192_clerk.chips.browser_401c13_5.93.0-canary.v20250910221410.min.js.sri
- clerk-js/5.93.0-canary.v20250910221410/192_clerk.legacy.browser_4e5a08_5.93.0-canary.v20250910221410.js.br
- clerk-js/5.93.0-canary.v20250910221410/192_clerk.legacy.browser_4e5a08_5.93.0-canary.v20250910221410.js.gz
- clerk-js/5.93.0-canary.v20250910221410/192_clerk.legacy.browser_4e5a08_5.93.0-canary.v20250910221410.js.sri
- clerk-js/5.93.0-canary.v20250910221410/192_clerk.legacy.browser_4e5a08_5.93.0-canary.v20250910221410.min.js.br
- clerk-js/5.93.0-canary.v20250910221410/192_clerk.legacy.browser_4e5a08_5.93.0-canary.v20250910221410.min.js.gz
- clerk-js/5.93.0-canary.v20250910221410/192_clerk.legacy.browser_4e5a08_5.93.0-canary.v20250910221410.min.js.sri
- clerk-js/5.93.0-canary.v20250910221410/294_clerk.browser_ee7218_5.93.0-canary.v20250910221410.js.br
- clerk-js/5.93.0-canary.v20250910221410/294_clerk.browser_ee7218_5.93.0-canary.v20250910221410.js.gz
- clerk-js/5.93.0-canary.v20250910221410/294_clerk.browser_ee7218_5.93.0-canary.v20250910221410.js.sri
- clerk-js/5.93.0-canary.v20250910221410/294_clerk.browser_ee7218_5.93.0-canary.v20250910221410.min.js.br
- clerk-js/5.93.0-canary.v20250910221410/294_clerk.browser_ee7218_5.93.0-canary.v20250910221410.min.js.gz
- clerk-js/5.93.0-canary.v20250910221410/294_clerk.browser_ee7218_5.93.0-canary.v20250910221410.min.js.sri
- clerk-js/5.93.0-canary.v20250910221410/294_clerk.chips.browser_401c13_5.93.0-canary.v20250910221410.js.br
- clerk-js/5.93.0-canary.v20250910221410/294_clerk.chips.browser_401c13_5.93.0-canary.v20250910221410.js.gz
- clerk-js/5.93.0-canary.v20250910221410/294_clerk.chips.browser_401c13_5.93.0-canary.v20250910221410.js.sri
- clerk-js/5.93.0-canary.v20250910221410/294_clerk.chips.browser_401c13_5.93.0-canary.v20250910221410.min.js.br
- clerk-js/5.93.0-canary.v20250910221410/294_clerk.chips.browser_401c13_5.93.0-canary.v20250910221410.min.js.gz
- clerk-js/5.93.0-canary.v20250910221410/294_clerk.chips.browser_401c13_5.93.0-canary.v20250910221410.min.js.sri
- clerk-js/5.93.0-canary.v20250910221410/294_clerk.legacy.browser_4e5a08_5.93.0-canary.v20250910221410.js.br
- clerk-js/5.93.0-canary.v20250910221410/294_clerk.legacy.browser_4e5a08_5.93.0-canary.v20250910221410.js.gz
- clerk-js/5.93.0-canary.v20250910221410/294_clerk.legacy.browser_4e5a08_5.93.0-canary.v20250910221410.js.sri
- clerk-js/5.93.0-canary.v20250910221410/294_clerk.legacy.browser_4e5a08_5.93.0-canary.v20250910221410.min.js.br
- clerk-js/5.93.0-canary.v20250910221410/294_clerk.legacy.browser_4e5a08_5.93.0-canary.v20250910221410.min.js.gz
- clerk-js/5.93.0-canary.v20250910221410/294_clerk.legacy.browser_4e5a08_5.93.0-canary.v20250910221410.min.js.sri
- clerk-js/5.93.0-canary.v20250910221410/368_clerk.headless_41ab5a_5.93.0-canary.v20250910221410.js.br
- clerk-js/5.93.0-canary.v20250910221410/368_clerk.headless_41ab5a_5.93.0-canary.v20250910221410.js.gz
- clerk-js/5.93.0-canary.v20250910221410/368_clerk.headless_41ab5a_5.93.0-canary.v20250910221410.js.sri
- clerk-js/5.93.0-canary.v20250910221410/368_clerk.headless_41ab5a_5.93.0-canary.v20250910221410.min.js.br
- clerk-js/5.93.0-canary.v20250910221410/368_clerk.headless_41ab5a_5.93.0-canary.v20250910221410.min.js.gz
- clerk-js/5.93.0-canary.v20250910221410/368_clerk.headless_41ab5a_5.93.0-canary.v20250910221410.min.js.sri
- clerk-js/5.93.0-canary.v20250910221410/36_clerk.headless_41ab5a_5.93.0-canary.v20250910221410.js.br
- clerk-js/5.93.0-canary.v20250910221410/36_clerk.headless_41ab5a_5.93.0-canary.v20250910221410.js.gz
- clerk-js/5.93.0-canary.v20250910221410/36_clerk.headless_41ab5a_5.93.0-canary.v20250910221410.js.sri
- clerk-js/5.93.0-canary.v20250910221410/36_clerk.headless_41ab5a_5.93.0-canary.v20250910221410.min.js.br
- clerk-js/5.93.0-canary.v20250910221410/36_clerk.headless_41ab5a_5.93.0-canary.v20250910221410.min.js.gz
- clerk-js/5.93.0-canary.v20250910221410/36_clerk.headless_41ab5a_5.93.0-canary.v20250910221410.min.js.sri
- clerk-js/5.93.0-canary.v20250910221410/377_clerk.headless_41ab5a_5.93.0-canary.v20250910221410.js.br
- clerk-js/5.93.0-canary.v20250910221410/377_clerk.headless_41ab5a_5.93.0-canary.v20250910221410.js.gz
- clerk-js/5.93.0-canary.v20250910221410/377_clerk.headless_41ab5a_5.93.0-canary.v20250910221410.js.sri
- clerk-js/5.93.0-canary.v20250910221410/377_clerk.headless_41ab5a_5.93.0-canary.v20250910221410.min.js.br
- clerk-js/5.93.0-canary.v20250910221410/377_clerk.headless_41ab5a_5.93.0-canary.v20250910221410.min.js.gz
- clerk-js/5.93.0-canary.v20250910221410/377_clerk.headless_41ab5a_5.93.0-canary.v20250910221410.min.js.sri
- clerk-js/5.93.0-canary.v20250910221410/43_clerk.legacy.browser_4e5a08_5.93.0-canary.v20250910221410.js.br
- clerk-js/5.93.0-canary.v20250910221410/43_clerk.legacy.browser_4e5a08_5.93.0-canary.v20250910221410.js.gz
- clerk-js/5.93.0-canary.v20250910221410/43_clerk.legacy.browser_4e5a08_5.93.0-canary.v20250910221410.js.sri
- clerk-js/5.93.0-canary.v20250910221410/43_clerk.legacy.browser_4e5a08_5.93.0-canary.v20250910221410.min.js.br
- clerk-js/5.93.0-canary.v20250910221410/43_clerk.legacy.browser_4e5a08_5.93.0-canary.v20250910221410.min.js.gz
- clerk-js/5.93.0-canary.v20250910221410/43_clerk.legacy.browser_4e5a08_5.93.0-canary.v20250910221410.min.js.sri
- clerk-js/5.93.0-canary.v20250910221410/503_clerk.headless_41ab5a_5.93.0-canary.v20250910221410.js.br
- clerk-js/5.93.0-canary.v20250910221410/503_clerk.headless_41ab5a_5.93.0-canary.v20250910221410.js.gz
- clerk-js/5.93.0-canary.v20250910221410/503_clerk.headless_41ab5a_5.93.0-canary.v20250910221410.js.sri
- clerk-js/5.93.0-canary.v20250910221410/503_clerk.headless_41ab5a_5.93.0-canary.v20250910221410.min.js.br
- clerk-js/5.93.0-canary.v20250910221410/503_clerk.headless_41ab5a_5.93.0-canary.v20250910221410.min.js.gz
- clerk-js/5.93.0-canary.v20250910221410/503_clerk.headless_41ab5a_5.93.0-canary.v20250910221410.min.js.sri
- clerk-js/5.93.0-canary.v20250910221410/553_clerk.headless_41ab5a_5.93.0-canary.v20250910221410.js.br
- clerk-js/5.93.0-canary.v20250910221410/553_clerk.headless_41ab5a_5.93.0-canary.v20250910221410.js.gz
- clerk-js/5.93.0-canary.v20250910221410/553_clerk.headless_41ab5a_5.93.0-canary.v20250910221410.js.sri
- clerk-js/5.93.0-canary.v20250910221410/553_clerk.headless_41ab5a_5.93.0-canary.v20250910221410.min.js.br
- clerk-js/5.93.0-canary.v20250910221410/553_clerk.headless_41ab5a_5.93.0-canary.v20250910221410.min.js.gz
- clerk-js/5.93.0-canary.v20250910221410/553_clerk.headless_41ab5a_5.93.0-canary.v20250910221410.min.js.sri
- clerk-js/5.93.0-canary.v20250910221410/645_clerk.browser_ee7218_5.93.0-canary.v20250910221410.js.br
- clerk-js/5.93.0-canary.v20250910221410/645_clerk.browser_ee7218_5.93.0-canary.v20250910221410.js.gz
- clerk-js/5.93.0-canary.v20250910221410/645_clerk.browser_ee7218_5.93.0-canary.v20250910221410.js.sri
- clerk-js/5.93.0-canary.v20250910221410/645_clerk.browser_ee7218_5.93.0-canary.v20250910221410.min.js.br
- clerk-js/5.93.0-canary.v20250910221410/645_clerk.browser_ee7218_5.93.0-canary.v20250910221410.min.js.gz
- clerk-js/5.93.0-canary.v20250910221410/645_clerk.browser_ee7218_5.93.0-canary.v20250910221410.min.js.sri
- clerk-js/5.93.0-canary.v20250910221410/645_clerk.chips.browser_401c13_5.93.0-canary.v20250910221410.js.br
- clerk-js/5.93.0-canary.v20250910221410/645_clerk.chips.browser_401c13_5.93.0-canary.v20250910221410.js.gz
- clerk-js/5.93.0-canary.v20250910221410/645_clerk.chips.browser_401c13_5.93.0-canary.v20250910221410.js.sri
- clerk-js/5.93.0-canary.v20250910221410/645_clerk.chips.browser_401c13_5.93.0-canary.v20250910221410.min.js.br
- clerk-js/5.93.0-canary.v20250910221410/645_clerk.chips.browser_401c13_5.93.0-canary.v20250910221410.min.js.gz
- clerk-js/5.93.0-canary.v20250910221410/645_clerk.chips.browser_401c13_5.93.0-canary.v20250910221410.min.js.sri
- clerk-js/5.93.0-canary.v20250910221410/645_clerk.legacy.browser_4e5a08_5.93.0-canary.v20250910221410.js.br
- clerk-js/5.93.0-canary.v20250910221410/645_clerk.legacy.browser_4e5a08_5.93.0-canary.v20250910221410.js.gz
- clerk-js/5.93.0-canary.v20250910221410/645_clerk.legacy.browser_4e5a08_5.93.0-canary.v20250910221410.js.sri
- clerk-js/5.93.0-canary.v20250910221410/645_clerk.legacy.browser_4e5a08_5.93.0-canary.v20250910221410.min.js.br
- clerk-js/5.93.0-canary.v20250910221410/645_clerk.legacy.browser_4e5a08_5.93.0-canary.v20250910221410.min.js.gz
- clerk-js/5.93.0-canary.v20250910221410/645_clerk.legacy.browser_4e5a08_5.93.0-canary.v20250910221410.min.js.sri
- clerk-js/5.93.0-canary.v20250910221410/66_clerk.browser_ee7218_5.93.0-canary.v20250910221410.js.br
- clerk-js/5.93.0-canary.v20250910221410/66_clerk.browser_ee7218_5.93.0-canary.v20250910221410.js.gz
- clerk-js/5.93.0-canary.v20250910221410/66_clerk.browser_ee7218_5.93.0-canary.v20250910221410.js.sri
- clerk-js/5.93.0-canary.v20250910221410/66_clerk.browser_ee7218_5.93.0-canary.v20250910221410.min.js.br
- clerk-js/5.93.0-canary.v20250910221410/66_clerk.browser_ee7218_5.93.0-canary.v20250910221410.min.js.gz
- clerk-js/5.93.0-canary.v20250910221410/66_clerk.browser_ee7218_5.93.0-canary.v20250910221410.min.js.sri
- clerk-js/5.93.0-canary.v20250910221410/66_clerk.chips.browser_401c13_5.93.0-canary.v20250910221410.js.br
- clerk-js/5.93.0-canary.v20250910221410/66_clerk.chips.browser_401c13_5.93.0-canary.v20250910221410.js.gz
- clerk-js/5.93.0-canary.v20250910221410/66_clerk.chips.browser_401c13_5.93.0-canary.v20250910221410.js.sri
- clerk-js/5.93.0-canary.v20250910221410/66_clerk.chips.browser_401c13_5.93.0-canary.v20250910221410.min.js.br
- clerk-js/5.93.0-canary.v20250910221410/66_clerk.chips.browser_401c13_5.93.0-canary.v20250910221410.min.js.gz
- clerk-js/5.93.0-canary.v20250910221410/66_clerk.chips.browser_401c13_5.93.0-canary.v20250910221410.min.js.sri
- clerk-js/5.93.0-canary.v20250910221410/66_clerk.legacy.browser_4e5a08_5.93.0-canary.v20250910221410.js.br
- clerk-js/5.93.0-canary.v20250910221410/66_clerk.legacy.browser_4e5a08_5.93.0-canary.v20250910221410.js.gz
- clerk-js/5.93.0-canary.v20250910221410/66_clerk.legacy.browser_4e5a08_5.93.0-canary.v20250910221410.js.sri
- clerk-js/5.93.0-canary.v20250910221410/66_clerk.legacy.browser_4e5a08_5.93.0-canary.v20250910221410.min.js.br
- clerk-js/5.93.0-canary.v20250910221410/66_clerk.legacy.browser_4e5a08_5.93.0-canary.v20250910221410.min.js.gz
- clerk-js/5.93.0-canary.v20250910221410/66_clerk.legacy.browser_4e5a08_5.93.0-canary.v20250910221410.min.js.sri
- clerk-js/5.93.0-canary.v20250910221410/785_clerk.headless.browser_d3e0a2_5.93.0-canary.v20250910221410.js.br
- clerk-js/5.93.0-canary.v20250910221410/785_clerk.headless.browser_d3e0a2_5.93.0-canary.v20250910221410.js.gz
- clerk-js/5.93.0-canary.v20250910221410/785_clerk.headless.browser_d3e0a2_5.93.0-canary.v20250910221410.js.sri
- clerk-js/5.93.0-canary.v20250910221410/785_clerk.headless.browser_d3e0a2_5.93.0-canary.v20250910221410.min.js.br
- clerk-js/5.93.0-canary.v20250910221410/785_clerk.headless.browser_d3e0a2_5.93.0-canary.v20250910221410.min.js.gz
- clerk-js/5.93.0-canary.v20250910221410/785_clerk.headless.browser_d3e0a2_5.93.0-canary.v20250910221410.min.js.sri
- clerk-js/5.93.0-canary.v20250910221410/785_clerk.headless_41ab5a_5.93.0-canary.v20250910221410.js.br
- clerk-js/5.93.0-canary.v20250910221410/785_clerk.headless_41ab5a_5.93.0-canary.v20250910221410.js.gz
- clerk-js/5.93.0-canary.v20250910221410/785_clerk.headless_41ab5a_5.93.0-canary.v20250910221410.js.sri
- clerk-js/5.93.0-canary.v20250910221410/785_clerk.headless_41ab5a_5.93.0-canary.v20250910221410.min.js.br
- clerk-js/5.93.0-canary.v20250910221410/785_clerk.headless_41ab5a_5.93.0-canary.v20250910221410.min.js.gz
- clerk-js/5.93.0-canary.v20250910221410/785_clerk.headless_41ab5a_5.93.0-canary.v20250910221410.min.js.sri
- clerk-js/5.93.0-canary.v20250910221410/890_clerk.headless_41ab5a_5.93.0-canary.v20250910221410.js.br
- clerk-js/5.93.0-canary.v20250910221410/890_clerk.headless_41ab5a_5.93.0-canary.v20250910221410.js.gz
- clerk-js/5.93.0-canary.v20250910221410/890_clerk.headless_41ab5a_5.93.0-canary.v20250910221410.js.sri
- clerk-js/5.93.0-canary.v20250910221410/890_clerk.headless_41ab5a_5.93.0-canary.v20250910221410.min.js.br
- clerk-js/5.93.0-canary.v20250910221410/890_clerk.headless_41ab5a_5.93.0-canary.v20250910221410.min.js.gz
- clerk-js/5.93.0-canary.v20250910221410/890_clerk.headless_41ab5a_5.93.0-canary.v20250910221410.min.js.sri
- clerk-js/5.93.0-canary.v20250910221410/apiKeys_clerk.browser_ee7218_5.93.0-canary.v20250910221410.js.br
- clerk-js/5.93.0-canary.v20250910221410/apiKeys_clerk.browser_ee7218_5.93.0-canary.v20250910221410.js.gz
- clerk-js/5.93.0-canary.v20250910221410/apiKeys_clerk.browser_ee7218_5.93.0-canary.v20250910221410.js.sri
- clerk-js/5.93.0-canary.v20250910221410/apiKeys_clerk.browser_ee7218_5.93.0-canary.v20250910221410.min.js.br
- clerk-js/5.93.0-canary.v20250910221410/apiKeys_clerk.browser_ee7218_5.93.0-canary.v20250910221410.min.js.gz
- clerk-js/5.93.0-canary.v20250910221410/apiKeys_clerk.browser_ee7218_5.93.0-canary.v20250910221410.min.js.sri
- clerk-js/5.93.0-canary.v20250910221410/apiKeys_clerk.chips.browser_401c13_5.93.0-canary.v20250910221410.js.br
- clerk-js/5.93.0-canary.v20250910221410/apiKeys_clerk.chips.browser_401c13_5.93.0-canary.v20250910221410.js.gz
- clerk-js/5.93.0-canary.v20250910221410/apiKeys_clerk.chips.browser_401c13_5.93.0-canary.v20250910221410.js.sri
- clerk-js/5.93.0-canary.v20250910221410/apiKeys_clerk.chips.browser_401c13_5.93.0-canary.v20250910221410.min.js.br
- clerk-js/5.93.0-canary.v20250910221410/apiKeys_clerk.chips.browser_401c13_5.93.0-canary.v20250910221410.min.js.gz
- clerk-js/5.93.0-canary.v20250910221410/apiKeys_clerk.chips.browser_401c13_5.93.0-canary.v20250910221410.min.js.sri
- clerk-js/5.93.0-canary.v20250910221410/apiKeys_clerk.legacy.browser_4e5a08_5.93.0-canary.v20250910221410.js.br
- clerk-js/5.93.0-canary.v20250910221410/apiKeys_clerk.legacy.browser_4e5a08_5.93.0-canary.v20250910221410.js.gz
- clerk-js/5.93.0-canary.v20250910221410/apiKeys_clerk.legacy.browser_4e5a08_5.93.0-canary.v20250910221410.js.sri
- clerk-js/5.93.0-canary.v20250910221410/apiKeys_clerk.legacy.browser_4e5a08_5.93.0-canary.v20250910221410.min.js.br
- clerk-js/5.93.0-canary.v20250910221410/apiKeys_clerk.legacy.browser_4e5a08_5.93.0-canary.v20250910221410.min.js.gz
- clerk-js/5.93.0-canary.v20250910221410/apiKeys_clerk.legacy.browser_4e5a08_5.93.0-canary.v20250910221410.min.js.sri
- clerk-js/5.93.0-canary.v20250910221410/base-account-sdk_clerk.browser_ee7218_5.93.0-canary.v20250910221410.js.br
- clerk-js/5.93.0-canary.v20250910221410/base-account-sdk_clerk.browser_ee7218_5.93.0-canary.v20250910221410.js.gz
- clerk-js/5.93.0-canary.v20250910221410/base-account-sdk_clerk.browser_ee7218_5.93.0-canary.v20250910221410.js.sri
- clerk-js/5.93.0-canary.v20250910221410/base-account-sdk_clerk.browser_ee7218_5.93.0-canary.v20250910221410.min.js.br
- clerk-js/5.93.0-canary.v20250910221410/base-account-sdk_clerk.browser_ee7218_5.93.0-canary.v20250910221410.min.js.gz
- clerk-js/5.93.0-canary.v20250910221410/base-account-sdk_clerk.browser_ee7218_5.93.0-canary.v20250910221410.min.js.sri
- clerk-js/5.93.0-canary.v20250910221410/base-account-sdk_clerk.chips.browser_401c13_5.93.0-canary.v20250910221410.js.br
- clerk-js/5.93.0-canary.v20250910221410/base-account-sdk_clerk.chips.browser_401c13_5.93.0-canary.v20250910221410.js.gz
- clerk-js/5.93.0-canary.v20250910221410/base-account-sdk_clerk.chips.browser_401c13_5.93.0-canary.v20250910221410.js.sri
- clerk-js/5.93.0-canary.v20250910221410/base-account-sdk_clerk.chips.browser_401c13_5.93.0-canary.v20250910221410.min.js.br
- clerk-js/5.93.0-canary.v20250910221410/base-account-sdk_clerk.chips.browser_401c13_5.93.0-canary.v20250910221410.min.js.gz
- clerk-js/5.93.0-canary.v20250910221410/base-account-sdk_clerk.chips.browser_401c13_5.93.0-canary.v20250910221410.min.js.sri
- clerk-js/5.93.0-canary.v20250910221410/base-account-sdk_clerk.headless.browser_d3e0a2_5.93.0-canary.v20250910221410.js.br
- clerk-js/5.93.0-canary.v20250910221410/base-account-sdk_clerk.headless.browser_d3e0a2_5.93.0-canary.v20250910221410.js.gz
- clerk-js/5.93.0-canary.v20250910221410/base-account-sdk_clerk.headless.browser_d3e0a2_5.93.0-canary.v20250910221410.js.sri
- clerk-js/5.93.0-canary.v20250910221410/base-account-sdk_clerk.headless.browser_d3e0a2_5.93.0-canary.v20250910221410.min.js.br
- clerk-js/5.93.0-canary.v20250910221410/base-account-sdk_clerk.headless.browser_d3e0a2_5.93.0-canary.v20250910221410.min.js.gz
- clerk-js/5.93.0-canary.v20250910221410/base-account-sdk_clerk.headless.browser_d3e0a2_5.93.0-canary.v20250910221410.min.js.sri
- clerk-js/5.93.0-canary.v20250910221410/base-account-sdk_clerk.legacy.browser_4e5a08_5.93.0-canary.v20250910221410.js.br
- clerk-js/5.93.0-canary.v20250910221410/base-account-sdk_clerk.legacy.browser_4e5a08_5.93.0-canary.v20250910221410.js.gz
- clerk-js/5.93.0-canary.v20250910221410/base-account-sdk_clerk.legacy.browser_4e5a08_5.93.0-canary.v20250910221410.js.sri
- clerk-js/5.93.0-canary.v20250910221410/base-account-sdk_clerk.legacy.browser_4e5a08_5.93.0-canary.v20250910221410.min.js.br
- clerk-js/5.93.0-canary.v20250910221410/base-account-sdk_clerk.legacy.browser_4e5a08_5.93.0-canary.v20250910221410.min.js.gz
- clerk-js/5.93.0-canary.v20250910221410/base-account-sdk_clerk.legacy.browser_4e5a08_5.93.0-canary.v20250910221410.min.js.sri
- clerk-js/5.93.0-canary.v20250910221410/blankcaptcha_clerk.browser_ee7218_5.93.0-canary.v20250910221410.js.br
- clerk-js/5.93.0-canary.v20250910221410/blankcaptcha_clerk.browser_ee7218_5.93.0-canary.v20250910221410.js.gz
- clerk-js/5.93.0-canary.v20250910221410/blankcaptcha_clerk.browser_ee7218_5.93.0-canary.v20250910221410.js.sri
- clerk-js/5.93.0-canary.v20250910221410/blankcaptcha_clerk.browser_ee7218_5.93.0-canary.v20250910221410.min.js.br
- clerk-js/5.93.0-canary.v20250910221410/blankcaptcha_clerk.browser_ee7218_5.93.0-canary.v20250910221410.min.js.gz
- clerk-js/5.93.0-canary.v20250910221410/blankcaptcha_clerk.browser_ee7218_5.93.0-canary.v20250910221410.min.js.sri
- clerk-js/5.93.0-canary.v20250910221410/blankcaptcha_clerk.chips.browser_401c13_5.93.0-canary.v20250910221410.js.br
- clerk-js/5.93.0-canary.v20250910221410/blankcaptcha_clerk.chips.browser_401c13_5.93.0-canary.v20250910221410.js.gz
- clerk-js/5.93.0-canary.v20250910221410/blankcaptcha_clerk.chips.browser_401c13_5.93.0-canary.v20250910221410.js.sri
- clerk-js/5.93.0-canary.v20250910221410/blankcaptcha_clerk.chips.browser_401c13_5.93.0-canary.v20250910221410.min.js.br
- clerk-js/5.93.0-canary.v20250910221410/blankcaptcha_clerk.chips.browser_401c13_5.93.0-canary.v20250910221410.min.js.gz
- clerk-js/5.93.0-canary.v20250910221410/blankcaptcha_clerk.chips.browser_401c13_5.93.0-canary.v20250910221410.min.js.sri
- clerk-js/5.93.0-canary.v20250910221410/blankcaptcha_clerk.legacy.browser_4e5a08_5.93.0-canary.v20250910221410.js.br
- clerk-js/5.93.0-canary.v20250910221410/blankcaptcha_clerk.legacy.browser_4e5a08_5.93.0-canary.v20250910221410.js.gz
- clerk-js/5.93.0-canary.v20250910221410/blankcaptcha_clerk.legacy.browser_4e5a08_5.93.0-canary.v20250910221410.js.sri
- clerk-js/5.93.0-canary.v20250910221410/blankcaptcha_clerk.legacy.browser_4e5a08_5.93.0-canary.v20250910221410.min.js.br
- clerk-js/5.93.0-canary.v20250910221410/blankcaptcha_clerk.legacy.browser_4e5a08_5.93.0-canary.v20250910221410.min.js.gz
- clerk-js/5.93.0-canary.v20250910221410/blankcaptcha_clerk.legacy.browser_4e5a08_5.93.0-canary.v20250910221410.min.js.sri
- clerk-js/5.93.0-canary.v20250910221410/checkout_clerk.browser_ee7218_5.93.0-canary.v20250910221410.js.br
- clerk-js/5.93.0-canary.v20250910221410/checkout_clerk.browser_ee7218_5.93.0-canary.v20250910221410.js.gz
- clerk-js/5.93.0-canary.v20250910221410/checkout_clerk.browser_ee7218_5.93.0-canary.v20250910221410.js.sri
- clerk-js/5.93.0-canary.v20250910221410/checkout_clerk.browser_ee7218_5.93.0-canary.v20250910221410.min.js.br
- clerk-js/5.93.0-canary.v20250910221410/checkout_clerk.browser_ee7218_5.93.0-canary.v20250910221410.min.js.gz
- clerk-js/5.93.0-canary.v20250910221410/checkout_clerk.browser_ee7218_5.93.0-canary.v20250910221410.min.js.sri
- clerk-js/5.93.0-canary.v20250910221410/checkout_clerk.chips.browser_401c13_5.93.0-canary.v20250910221410.js.br
- clerk-js/5.93.0-canary.v20250910221410/checkout_clerk.chips.browser_401c13_5.93.0-canary.v20250910221410.js.gz
- clerk-js/5.93.0-canary.v20250910221410/checkout_clerk.chips.browser_401c13_5.93.0-canary.v20250910221410.js.sri
- clerk-js/5.93.0-canary.v20250910221410/checkout_clerk.chips.browser_401c13_5.93.0-canary.v20250910221410.min.js.br
- clerk-js/5.93.0-canary.v20250910221410/checkout_clerk.chips.browser_401c13_5.93.0-canary.v20250910221410.min.js.gz
- clerk-js/5.93.0-canary.v20250910221410/checkout_clerk.chips.browser_401c13_5.93.0-canary.v20250910221410.min.js.sri
- clerk-js/5.93.0-canary.v20250910221410/checkout_clerk.legacy.browser_4e5a08_5.93.0-canary.v20250910221410.js.br
- clerk-js/5.93.0-canary.v20250910221410/checkout_clerk.legacy.browser_4e5a08_5.93.0-canary.v20250910221410.js.gz
- clerk-js/5.93.0-canary.v20250910221410/checkout_clerk.legacy.browser_4e5a08_5.93.0-canary.v20250910221410.js.sri
- clerk-js/5.93.0-canary.v20250910221410/checkout_clerk.legacy.browser_4e5a08_5.93.0-canary.v20250910221410.min.js.br
- clerk-js/5.93.0-canary.v20250910221410/checkout_clerk.legacy.browser_4e5a08_5.93.0-canary.v20250910221410.min.js.gz
- clerk-js/5.93.0-canary.v20250910221410/checkout_clerk.legacy.browser_4e5a08_5.93.0-canary.v20250910221410.min.js.sri
- clerk-js/5.93.0-canary.v20250910221410/clerk.browser.js.br
- clerk-js/5.93.0-canary.v20250910221410/clerk.browser.js.gz
- clerk-js/5.93.0-canary.v20250910221410/clerk.browser.js.sri
- clerk-js/5.93.0-canary.v20250910221410/clerk.browser.min.js.br
- clerk-js/5.93.0-canary.v20250910221410/clerk.browser.min.js.gz
- clerk-js/5.93.0-canary.v20250910221410/clerk.browser.min.js.sri
- clerk-js/5.93.0-canary.v20250910221410/clerk.chips.browser.js.br
- clerk-js/5.93.0-canary.v20250910221410/clerk.chips.browser.js.gz
- clerk-js/5.93.0-canary.v20250910221410/clerk.chips.browser.js.sri
- clerk-js/5.93.0-canary.v20250910221410/clerk.chips.browser.min.js.br
- clerk-js/5.93.0-canary.v20250910221410/clerk.chips.browser.min.js.gz
- clerk-js/5.93.0-canary.v20250910221410/clerk.chips.browser.min.js.sri
- clerk-js/5.93.0-canary.v20250910221410/clerk.headless.browser.js.br
- clerk-js/5.93.0-canary.v20250910221410/clerk.headless.browser.js.gz
- clerk-js/5.93.0-canary.v20250910221410/clerk.headless.browser.js.sri
- clerk-js/5.93.0-canary.v20250910221410/clerk.headless.browser.min.js.br
- clerk-js/5.93.0-canary.v20250910221410/clerk.headless.browser.min.js.gz
- clerk-js/5.93.0-canary.v20250910221410/clerk.headless.browser.min.js.sri
- clerk-js/5.93.0-canary.v20250910221410/clerk.headless.js.br
- clerk-js/5.93.0-canary.v20250910221410/clerk.headless.js.gz
- clerk-js/5.93.0-canary.v20250910221410/clerk.headless.js.sri
- clerk-js/5.93.0-canary.v20250910221410/clerk.headless.min.js.br
- clerk-js/5.93.0-canary.v20250910221410/clerk.headless.min.js.gz
- clerk-js/5.93.0-canary.v20250910221410/clerk.headless.min.js.sri
- clerk-js/5.93.0-canary.v20250910221410/clerk.js.br
- clerk-js/5.93.0-canary.v20250910221410/clerk.js.gz
- clerk-js/5.93.0-canary.v20250910221410/clerk.js.sri
- clerk-js/5.93.0-canary.v20250910221410/clerk.legacy.browser.js.br
- clerk-js/5.93.0-canary.v20250910221410/clerk.legacy.browser.js.gz
- clerk-js/5.93.0-canary.v20250910221410/clerk.legacy.browser.js.sri
- clerk-js/5.93.0-canary.v20250910221410/clerk.legacy.browser.min.js.br
- clerk-js/5.93.0-canary.v20250910221410/clerk.legacy.browser.min.js.gz
- clerk-js/5.93.0-canary.v20250910221410/clerk.legacy.browser.min.js.sri
- clerk-js/5.93.0-canary.v20250910221410/clerk.min.js.br
- clerk-js/5.93.0-canary.v20250910221410/clerk.min.js.gz
- clerk-js/5.93.0-canary.v20250910221410/clerk.min.js.sri
- clerk-js/5.93.0-canary.v20250910221410/clerk.mjs.br
- clerk-js/5.93.0-canary.v20250910221410/clerk.mjs.gz
- clerk-js/5.93.0-canary.v20250910221410/clerk.no-rhc.js.br
- clerk-js/5.93.0-canary.v20250910221410/clerk.no-rhc.js.gz
- clerk-js/5.93.0-canary.v20250910221410/clerk.no-rhc.js.sri
- clerk-js/5.93.0-canary.v20250910221410/clerk.no-rhc.min.js.br
- clerk-js/5.93.0-canary.v20250910221410/clerk.no-rhc.min.js.gz
- clerk-js/5.93.0-canary.v20250910221410/clerk.no-rhc.min.js.sri
- clerk-js/5.93.0-canary.v20250910221410/clerk.no-rhc.mjs.br
- clerk-js/5.93.0-canary.v20250910221410/clerk.no-rhc.mjs.gz
- clerk-js/5.93.0-canary.v20250910221410/coinbase-wallet-sdk_clerk.browser_ee7218_5.93.0-canary.v20250910221410.js.br
- clerk-js/5.93.0-canary.v20250910221410/coinbase-wallet-sdk_clerk.browser_ee7218_5.93.0-canary.v20250910221410.js.gz
- clerk-js/5.93.0-canary.v20250910221410/coinbase-wallet-sdk_clerk.browser_ee7218_5.93.0-canary.v20250910221410.js.sri
- clerk-js/5.93.0-canary.v20250910221410/coinbase-wallet-sdk_clerk.browser_ee7218_5.93.0-canary.v20250910221410.min.js.br
- clerk-js/5.93.0-canary.v20250910221410/coinbase-wallet-sdk_clerk.browser_ee7218_5.93.0-canary.v20250910221410.min.js.gz
- clerk-js/5.93.0-canary.v20250910221410/coinbase-wallet-sdk_clerk.browser_ee7218_5.93.0-canary.v20250910221410.min.js.sri
- clerk-js/5.93.0-canary.v20250910221410/coinbase-wallet-sdk_clerk.chips.browser_401c13_5.93.0-canary.v20250910221410.js.br
- clerk-js/5.93.0-canary.v20250910221410/coinbase-wallet-sdk_clerk.chips.browser_401c13_5.93.0-canary.v20250910221410.js.gz
- clerk-js/5.93.0-canary.v20250910221410/coinbase-wallet-sdk_clerk.chips.browser_401c13_5.93.0-canary.v20250910221410.js.sri
- clerk-js/5.93.0-canary.v20250910221410/coinbase-wallet-sdk_clerk.chips.browser_401c13_5.93.0-canary.v20250910221410.min.js.br
- clerk-js/5.93.0-canary.v20250910221410/coinbase-wallet-sdk_clerk.chips.browser_401c13_5.93.0-canary.v20250910221410.min.js.gz
- clerk-js/5.93.0-canary.v20250910221410/coinbase-wallet-sdk_clerk.chips.browser_401c13_5.93.0-canary.v20250910221410.min.js.sri
- clerk-js/5.93.0-canary.v20250910221410/coinbase-wallet-sdk_clerk.headless.browser_d3e0a2_5.93.0-canary.v20250910221410.js.br
- clerk-js/5.93.0-canary.v20250910221410/coinbase-wallet-sdk_clerk.headless.browser_d3e0a2_5.93.0-canary.v20250910221410.js.gz
- clerk-js/5.93.0-canary.v20250910221410/coinbase-wallet-sdk_clerk.headless.browser_d3e0a2_5.93.0-canary.v20250910221410.js.sri
- clerk-js/5.93.0-canary.v20250910221410/coinbase-wallet-sdk_clerk.headless.browser_d3e0a2_5.93.0-canary.v20250910221410.min.js.br
- clerk-js/5.93.0-canary.v20250910221410/coinbase-wallet-sdk_clerk.headless.browser_d3e0a2_5.93.0-canary.v20250910221410.min.js.gz
- clerk-js/5.93.0-canary.v20250910221410/coinbase-wallet-sdk_clerk.headless.browser_d3e0a2_5.93.0-canary.v20250910221410.min.js.sri
- clerk-js/5.93.0-canary.v20250910221410/coinbase-wallet-sdk_clerk.legacy.browser_4e5a08_5.93.0-canary.v20250910221410.js.br
- clerk-js/5.93.0-canary.v20250910221410/coinbase-wallet-sdk_clerk.legacy.browser_4e5a08_5.93.0-canary.v20250910221410.js.gz
- clerk-js/5.93.0-canary.v20250910221410/coinbase-wallet-sdk_clerk.legacy.browser_4e5a08_5.93.0-canary.v20250910221410.js.sri
- clerk-js/5.93.0-canary.v20250910221410/coinbase-wallet-sdk_clerk.legacy.browser_4e5a08_5.93.0-canary.v20250910221410.min.js.br
- clerk-js/5.93.0-canary.v20250910221410/coinbase-wallet-sdk_clerk.legacy.browser_4e5a08_5.93.0-canary.v20250910221410.min.js.gz
- clerk-js/5.93.0-canary.v20250910221410/coinbase-wallet-sdk_clerk.legacy.browser_4e5a08_5.93.0-canary.v20250910221410.min.js.sri
- clerk-js/5.93.0-canary.v20250910221410/cookieSuffix_clerk.browser_ee7218_5.93.0-canary.v20250910221410.js.br
- clerk-js/5.93.0-canary.v20250910221410/cookieSuffix_clerk.browser_ee7218_5.93.0-canary.v20250910221410.js.gz
- clerk-js/5.93.0-canary.v20250910221410/cookieSuffix_clerk.browser_ee7218_5.93.0-canary.v20250910221410.js.sri
- clerk-js/5.93.0-canary.v20250910221410/cookieSuffix_clerk.browser_ee7218_5.93.0-canary.v20250910221410.min.js.br
- clerk-js/5.93.0-canary.v20250910221410/cookieSuffix_clerk.browser_ee7218_5.93.0-canary.v20250910221410.min.js.gz
- clerk-js/5.93.0-canary.v20250910221410/cookieSuffix_clerk.browser_ee7218_5.93.0-canary.v20250910221410.min.js.sri
- clerk-js/5.93.0-canary.v20250910221410/cookieSuffix_clerk.chips.browser_401c13_5.93.0-canary.v20250910221410.js.br
- clerk-js/5.93.0-canary.v20250910221410/cookieSuffix_clerk.chips.browser_401c13_5.93.0-canary.v20250910221410.js.gz
- clerk-js/5.93.0-canary.v20250910221410/cookieSuffix_clerk.chips.browser_401c13_5.93.0-canary.v20250910221410.js.sri
- clerk-js/5.93.0-canary.v20250910221410/cookieSuffix_clerk.chips.browser_401c13_5.93.0-canary.v20250910221410.min.js.br
- clerk-js/5.93.0-canary.v20250910221410/cookieSuffix_clerk.chips.browser_401c13_5.93.0-canary.v20250910221410.min.js.gz
- clerk-js/5.93.0-canary.v20250910221410/cookieSuffix_clerk.chips.browser_401c13_5.93.0-canary.v20250910221410.min.js.sri
- clerk-js/5.93.0-canary.v20250910221410/cookieSuffix_clerk.headless.browser_d3e0a2_5.93.0-canary.v20250910221410.js.br
- clerk-js/5.93.0-canary.v20250910221410/cookieSuffix_clerk.headless.browser_d3e0a2_5.93.0-canary.v20250910221410.js.gz
- clerk-js/5.93.0-canary.v20250910221410/cookieSuffix_clerk.headless.browser_d3e0a2_5.93.0-canary.v20250910221410.js.sri
- clerk-js/5.93.0-canary.v20250910221410/cookieSuffix_clerk.headless.browser_d3e0a2_5.93.0-canary.v20250910221410.min.js.br
- clerk-js/5.93.0-canary.v20250910221410/cookieSuffix_clerk.headless.browser_d3e0a2_5.93.0-canary.v20250910221410.min.js.gz
- clerk-js/5.93.0-canary.v20250910221410/cookieSuffix_clerk.headless.browser_d3e0a2_5.93.0-canary.v20250910221410.min.js.sri
- clerk-js/5.93.0-canary.v20250910221410/cookieSuffix_clerk.headless_41ab5a_5.93.0-canary.v20250910221410.js.br
- clerk-js/5.93.0-canary.v20250910221410/cookieSuffix_clerk.headless_41ab5a_5.93.0-canary.v20250910221410.js.gz
- clerk-js/5.93.0-canary.v20250910221410/cookieSuffix_clerk.headless_41ab5a_5.93.0-canary.v20250910221410.js.sri
- clerk-js/5.93.0-canary.v20250910221410/cookieSuffix_clerk.headless_41ab5a_5.93.0-canary.v20250910221410.min.js.br
- clerk-js/5.93.0-canary.v20250910221410/cookieSuffix_clerk.headless_41ab5a_5.93.0-canary.v20250910221410.min.js.gz
- clerk-js/5.93.0-canary.v20250910221410/cookieSuffix_clerk.headless_41ab5a_5.93.0-canary.v20250910221410.min.js.sri
- clerk-js/5.93.0-canary.v20250910221410/cookieSuffix_clerk.legacy.browser_4e5a08_5.93.0-canary.v20250910221410.js.br
- clerk-js/5.93.0-canary.v20250910221410/cookieSuffix_clerk.legacy.browser_4e5a08_5.93.0-canary.v20250910221410.js.gz
- clerk-js/5.93.0-canary.v20250910221410/cookieSuffix_clerk.legacy.browser_4e5a08_5.93.0-canary.v20250910221410.js.sri
- clerk-js/5.93.0-canary.v20250910221410/cookieSuffix_clerk.legacy.browser_4e5a08_5.93.0-canary.v20250910221410.min.js.br
- clerk-js/5.93.0-canary.v20250910221410/cookieSuffix_clerk.legacy.browser_4e5a08_5.93.0-canary.v20250910221410.min.js.gz
- clerk-js/5.93.0-canary.v20250910221410/cookieSuffix_clerk.legacy.browser_4e5a08_5.93.0-canary.v20250910221410.min.js.sri
- clerk-js/5.93.0-canary.v20250910221410/createorganization_clerk.browser_ee7218_5.93.0-canary.v20250910221410.js.br
- clerk-js/5.93.0-canary.v20250910221410/createorganization_clerk.browser_ee7218_5.93.0-canary.v20250910221410.js.gz
- clerk-js/5.93.0-canary.v20250910221410/createorganization_clerk.browser_ee7218_5.93.0-canary.v20250910221410.js.sri
- clerk-js/5.93.0-canary.v20250910221410/createorganization_clerk.browser_ee7218_5.93.0-canary.v20250910221410.min.js.br
- clerk-js/5.93.0-canary.v20250910221410/createorganization_clerk.browser_ee7218_5.93.0-canary.v20250910221410.min.js.gz
- clerk-js/5.93.0-canary.v20250910221410/createorganization_clerk.browser_ee7218_5.93.0-canary.v20250910221410.min.js.sri
- clerk-js/5.93.0-canary.v20250910221410/createorganization_clerk.chips.browser_401c13_5.93.0-canary.v20250910221410.js.br
- clerk-js/5.93.0-canary.v20250910221410/createorganization_clerk.chips.browser_401c13_5.93.0-canary.v20250910221410.js.gz
- clerk-js/5.93.0-canary.v20250910221410/createorganization_clerk.chips.browser_401c13_5.93.0-canary.v20250910221410.js.sri
- clerk-js/5.93.0-canary.v20250910221410/createorganization_clerk.chips.browser_401c13_5.93.0-canary.v20250910221410.min.js.br
- clerk-js/5.93.0-canary.v20250910221410/createorganization_clerk.chips.browser_401c13_5.93.0-canary.v20250910221410.min.js.gz
- clerk-js/5.93.0-canary.v20250910221410/createorganization_clerk.chips.browser_401c13_5.93.0-canary.v20250910221410.min.js.sri
- clerk-js/5.93.0-canary.v20250910221410/createorganization_clerk.legacy.browser_4e5a08_5.93.0-canary.v20250910221410.js.br
- clerk-js/5.93.0-canary.v20250910221410/createorganization_clerk.legacy.browser_4e5a08_5.93.0-canary.v20250910221410.js.gz
- clerk-js/5.93.0-canary.v20250910221410/createorganization_clerk.legacy.browser_4e5a08_5.93.0-canary.v20250910221410.js.sri
- clerk-js/5.93.0-canary.v20250910221410/createorganization_clerk.legacy.browser_4e5a08_5.93.0-canary.v20250910221410.min.js.br
- clerk-js/5.93.0-canary.v20250910221410/createorganization_clerk.legacy.browser_4e5a08_5.93.0-canary.v20250910221410.min.js.gz
- clerk-js/5.93.0-canary.v20250910221410/createorganization_clerk.legacy.browser_4e5a08_5.93.0-canary.v20250910221410.min.js.sri
- clerk-js/5.93.0-canary.v20250910221410/framework_clerk.browser_ee7218_5.93.0-canary.v20250910221410.js.br
- clerk-js/5.93.0-canary.v20250910221410/framework_clerk.browser_ee7218_5.93.0-canary.v20250910221410.js.gz
- clerk-js/5.93.0-canary.v20250910221410/framework_clerk.browser_ee7218_5.93.0-canary.v20250910221410.js.sri
- clerk-js/5.93.0-canary.v20250910221410/framework_clerk.browser_ee7218_5.93.0-canary.v20250910221410.min.js.br
- clerk-js/5.93.0-canary.v20250910221410/framework_clerk.browser_ee7218_5.93.0-canary.v20250910221410.min.js.gz
- clerk-js/5.93.0-canary.v20250910221410/framework_clerk.browser_ee7218_5.93.0-canary.v20250910221410.min.js.sri
- clerk-js/5.93.0-canary.v20250910221410/framework_clerk.chips.browser_401c13_5.93.0-canary.v20250910221410.js.br
- clerk-js/5.93.0-canary.v20250910221410/framework_clerk.chips.browser_401c13_5.93.0-canary.v20250910221410.js.gz
- clerk-js/5.93.0-canary.v20250910221410/framework_clerk.chips.browser_401c13_5.93.0-canary.v20250910221410.js.sri
- clerk-js/5.93.0-canary.v20250910221410/framework_clerk.chips.browser_401c13_5.93.0-canary.v20250910221410.min.js.br
- clerk-js/5.93.0-canary.v20250910221410/framework_clerk.chips.browser_401c13_5.93.0-canary.v20250910221410.min.js.gz
- clerk-js/5.93.0-canary.v20250910221410/framework_clerk.chips.browser_401c13_5.93.0-canary.v20250910221410.min.js.sri
- clerk-js/5.93.0-canary.v20250910221410/framework_clerk.legacy.browser_4e5a08_5.93.0-canary.v20250910221410.js.br
- clerk-js/5.93.0-canary.v20250910221410/framework_clerk.legacy.browser_4e5a08_5.93.0-canary.v20250910221410.js.gz
- clerk-js/5.93.0-canary.v20250910221410/framework_clerk.legacy.browser_4e5a08_5.93.0-canary.v20250910221410.js.sri
- clerk-js/5.93.0-canary.v20250910221410/framework_clerk.legacy.browser_4e5a08_5.93.0-canary.v20250910221410.min.js.br
- clerk-js/5.93.0-canary.v20250910221410/framework_clerk.legacy.browser_4e5a08_5.93.0-canary.v20250910221410.min.js.gz
- clerk-js/5.93.0-canary.v20250910221410/framework_clerk.legacy.browser_4e5a08_5.93.0-canary.v20250910221410.min.js.sri
- clerk-js/5.93.0-canary.v20250910221410/impersonationfab_clerk.browser_ee7218_5.93.0-canary.v20250910221410.js.br
- clerk-js/5.93.0-canary.v20250910221410/impersonationfab_clerk.browser_ee7218_5.93.0-canary.v20250910221410.js.gz
- clerk-js/5.93.0-canary.v20250910221410/impersonationfab_clerk.browser_ee7218_5.93.0-canary.v20250910221410.js.sri
- clerk-js/5.93.0-canary.v20250910221410/impersonationfab_clerk.browser_ee7218_5.93.0-canary.v20250910221410.min.js.br
- clerk-js/5.93.0-canary.v20250910221410/impersonationfab_clerk.browser_ee7218_5.93.0-canary.v20250910221410.min.js.gz
- clerk-js/5.93.0-canary.v20250910221410/impersonationfab_clerk.browser_ee7218_5.93.0-canary.v20250910221410.min.js.sri
- clerk-js/5.93.0-canary.v20250910221410/impersonationfab_clerk.chips.browser_401c13_5.93.0-canary.v20250910221410.js.br
- clerk-js/5.93.0-canary.v20250910221410/impersonationfab_clerk.chips.browser_401c13_5.93.0-canary.v20250910221410.js.gz
- clerk-js/5.93.0-canary.v20250910221410/impersonationfab_clerk.chips.browser_401c13_5.93.0-canary.v20250910221410.js.sri
- clerk-js/5.93.0-canary.v20250910221410/impersonationfab_clerk.chips.browser_401c13_5.93.0-canary.v20250910221410.min.js.br
- clerk-js/5.93.0-canary.v20250910221410/impersonationfab_clerk.chips.browser_401c13_5.93.0-canary.v20250910221410.min.js.gz
- clerk-js/5.93.0-canary.v20250910221410/impersonationfab_clerk.chips.browser_401c13_5.93.0-canary.v20250910221410.min.js.sri
- clerk-js/5.93.0-canary.v20250910221410/impersonationfab_clerk.legacy.browser_4e5a08_5.93.0-canary.v20250910221410.js.br
- clerk-js/5.93.0-canary.v20250910221410/impersonationfab_clerk.legacy.browser_4e5a08_5.93.0-canary.v20250910221410.js.gz
- clerk-js/5.93.0-canary.v20250910221410/impersonationfab_clerk.legacy.browser_4e5a08_5.93.0-canary.v20250910221410.js.sri
- clerk-js/5.93.0-canary.v20250910221410/impersonationfab_clerk.legacy.browser_4e5a08_5.93.0-canary.v20250910221410.min.js.br
- clerk-js/5.93.0-canary.v20250910221410/impersonationfab_clerk.legacy.browser_4e5a08_5.93.0-canary.v20250910221410.min.js.gz
- clerk-js/5.93.0-canary.v20250910221410/impersonationfab_clerk.legacy.browser_4e5a08_5.93.0-canary.v20250910221410.min.js.sri
- clerk-js/5.93.0-canary.v20250910221410/keylessPrompt_clerk.browser_ee7218_5.93.0-canary.v20250910221410.js.br
- clerk-js/5.93.0-canary.v20250910221410/keylessPrompt_clerk.browser_ee7218_5.93.0-canary.v20250910221410.js.gz
- clerk-js/5.93.0-canary.v20250910221410/keylessPrompt_clerk.browser_ee7218_5.93.0-canary.v20250910221410.js.sri
- clerk-js/5.93.0-canary.v20250910221410/keylessPrompt_clerk.browser_ee7218_5.93.0-canary.v20250910221410.min.js.br
- clerk-js/5.93.0-canary.v20250910221410/keylessPrompt_clerk.browser_ee7218_5.93.0-canary.v20250910221410.min.js.gz
- clerk-js/5.93.0-canary.v20250910221410/keylessPrompt_clerk.browser_ee7218_5.93.0-canary.v20250910221410.min.js.sri
- clerk-js/5.93.0-canary.v20250910221410/keylessPrompt_clerk.chips.browser_401c13_5.93.0-canary.v20250910221410.js.br
- clerk-js/5.93.0-canary.v20250910221410/keylessPrompt_clerk.chips.browser_401c13_5.93.0-canary.v20250910221410.js.gz
- clerk-js/5.93.0-canary.v20250910221410/keylessPrompt_clerk.chips.browser_401c13_5.93.0-canary.v20250910221410.js.sri
- clerk-js/5.93.0-canary.v20250910221410/keylessPrompt_clerk.chips.browser_401c13_5.93.0-canary.v20250910221410.min.js.br
- clerk-js/5.93.0-canary.v20250910221410/keylessPrompt_clerk.chips.browser_401c13_5.93.0-canary.v20250910221410.min.js.gz
- clerk-js/5.93.0-canary.v20250910221410/keylessPrompt_clerk.chips.browser_401c13_5.93.0-canary.v20250910221410.min.js.sri
- clerk-js/5.93.0-canary.v20250910221410/keylessPrompt_clerk.legacy.browser_4e5a08_5.93.0-canary.v20250910221410.js.br
- clerk-js/5.93.0-canary.v20250910221410/keylessPrompt_clerk.legacy.browser_4e5a08_5.93.0-canary.v20250910221410.js.gz
- clerk-js/5.93.0-canary.v20250910221410/keylessPrompt_clerk.legacy.browser_4e5a08_5.93.0-canary.v20250910221410.js.sri
- clerk-js/5.93.0-canary.v20250910221410/keylessPrompt_clerk.legacy.browser_4e5a08_5.93.0-canary.v20250910221410.min.js.br
- clerk-js/5.93.0-canary.v20250910221410/keylessPrompt_clerk.legacy.browser_4e5a08_5.93.0-canary.v20250910221410.min.js.gz
- clerk-js/5.93.0-canary.v20250910221410/keylessPrompt_clerk.legacy.browser_4e5a08_5.93.0-canary.v20250910221410.min.js.sri
- clerk-js/5.93.0-canary.v20250910221410/oauthConsent_clerk.browser_ee7218_5.93.0-canary.v20250910221410.js.br
- clerk-js/5.93.0-canary.v20250910221410/oauthConsent_clerk.browser_ee7218_5.93.0-canary.v20250910221410.js.gz
- clerk-js/5.93.0-canary.v20250910221410/oauthConsent_clerk.browser_ee7218_5.93.0-canary.v20250910221410.js.sri
- clerk-js/5.93.0-canary.v20250910221410/oauthConsent_clerk.browser_ee7218_5.93.0-canary.v20250910221410.min.js.br
- clerk-js/5.93.0-canary.v20250910221410/oauthConsent_clerk.browser_ee7218_5.93.0-canary.v20250910221410.min.js.gz
- clerk-js/5.93.0-canary.v20250910221410/oauthConsent_clerk.browser_ee7218_5.93.0-canary.v20250910221410.min.js.sri
- clerk-js/5.93.0-canary.v20250910221410/oauthConsent_clerk.chips.browser_401c13_5.93.0-canary.v20250910221410.js.br
- clerk-js/5.93.0-canary.v20250910221410/oauthConsent_clerk.chips.browser_401c13_5.93.0-canary.v20250910221410.js.gz
- clerk-js/5.93.0-canary.v20250910221410/oauthConsent_clerk.chips.browser_401c13_5.93.0-canary.v20250910221410.js.sri
- clerk-js/5.93.0-canary.v20250910221410/oauthConsent_clerk.chips.browser_401c13_5.93.0-canary.v20250910221410.min.js.br
- clerk-js/5.93.0-canary.v20250910221410/oauthConsent_clerk.chips.browser_401c13_5.93.0-canary.v20250910221410.min.js.gz
- clerk-js/5.93.0-canary.v20250910221410/oauthConsent_clerk.chips.browser_401c13_5.93.0-canary.v20250910221410.min.js.sri
- clerk-js/5.93.0-canary.v20250910221410/oauthConsent_clerk.legacy.browser_4e5a08_5.93.0-canary.v20250910221410.js.br
- clerk-js/5.93.0-canary.v20250910221410/oauthConsent_clerk.legacy.browser_4e5a08_5.93.0-canary.v20250910221410.js.gz
- clerk-js/5.93.0-canary.v20250910221410/oauthConsent_clerk.legacy.browser_4e5a08_5.93.0-canary.v20250910221410.js.sri
- clerk-js/5.93.0-canary.v20250910221410/oauthConsent_clerk.legacy.browser_4e5a08_5.93.0-canary.v20250910221410.min.js.br
- clerk-js/5.93.0-canary.v20250910221410/oauthConsent_clerk.legacy.browser_4e5a08_5.93.0-canary.v20250910221410.min.js.gz
- clerk-js/5.93.0-canary.v20250910221410/oauthConsent_clerk.legacy.browser_4e5a08_5.93.0-canary.v20250910221410.min.js.sri
- clerk-js/5.93.0-canary.v20250910221410/onetap_clerk.browser_ee7218_5.93.0-canary.v20250910221410.js.br
- clerk-js/5.93.0-canary.v20250910221410/onetap_clerk.browser_ee7218_5.93.0-canary.v20250910221410.js.gz
- clerk-js/5.93.0-canary.v20250910221410/onetap_clerk.browser_ee7218_5.93.0-canary.v20250910221410.js.sri
- clerk-js/5.93.0-canary.v20250910221410/onetap_clerk.browser_ee7218_5.93.0-canary.v20250910221410.min.js.br
- clerk-js/5.93.0-canary.v20250910221410/onetap_clerk.browser_ee7218_5.93.0-canary.v20250910221410.min.js.gz
- clerk-js/5.93.0-canary.v20250910221410/onetap_clerk.browser_ee7218_5.93.0-canary.v20250910221410.min.js.sri
- clerk-js/5.93.0-canary.v20250910221410/onetap_clerk.chips.browser_401c13_5.93.0-canary.v20250910221410.js.br
- clerk-js/5.93.0-canary.v20250910221410/onetap_clerk.chips.browser_401c13_5.93.0-canary.v20250910221410.js.gz
- clerk-js/5.93.0-canary.v20250910221410/onetap_clerk.chips.browser_401c13_5.93.0-canary.v20250910221410.js.sri
- clerk-js/5.93.0-canary.v20250910221410/onetap_clerk.chips.browser_401c13_5.93.0-canary.v20250910221410.min.js.br
- clerk-js/5.93.0-canary.v20250910221410/onetap_clerk.chips.browser_401c13_5.93.0-canary.v20250910221410.min.js.gz
- clerk-js/5.93.0-canary.v20250910221410/onetap_clerk.chips.browser_401c13_5.93.0-canary.v20250910221410.min.js.sri
- clerk-js/5.93.0-canary.v20250910221410/onetap_clerk.legacy.browser_4e5a08_5.93.0-canary.v20250910221410.js.br
- clerk-js/5.93.0-canary.v20250910221410/onetap_clerk.legacy.browser_4e5a08_5.93.0-canary.v20250910221410.js.gz
- clerk-js/5.93.0-canary.v20250910221410/onetap_clerk.legacy.browser_4e5a08_5.93.0-canary.v20250910221410.js.sri
- clerk-js/5.93.0-canary.v20250910221410/onetap_clerk.legacy.browser_4e5a08_5.93.0-canary.v20250910221410.min.js.br
- clerk-js/5.93.0-canary.v20250910221410/onetap_clerk.legacy.browser_4e5a08_5.93.0-canary.v20250910221410.min.js.gz
- clerk-js/5.93.0-canary.v20250910221410/onetap_clerk.legacy.browser_4e5a08_5.93.0-canary.v20250910221410.min.js.sri
- clerk-js/5.93.0-canary.v20250910221410/op-api-keys-page_clerk.browser_ee7218_5.93.0-canary.v20250910221410.js.br
- clerk-js/5.93.0-canary.v20250910221410/op-api-keys-page_clerk.browser_ee7218_5.93.0-canary.v20250910221410.js.gz
- clerk-js/5.93.0-canary.v20250910221410/op-api-keys-page_clerk.browser_ee7218_5.93.0-canary.v20250910221410.js.sri
- clerk-js/5.93.0-canary.v20250910221410/op-api-keys-page_clerk.browser_ee7218_5.93.0-canary.v20250910221410.min.js.br
- clerk-js/5.93.0-canary.v20250910221410/op-api-keys-page_clerk.browser_ee7218_5.93.0-canary.v20250910221410.min.js.gz
- clerk-js/5.93.0-canary.v20250910221410/op-api-keys-page_clerk.browser_ee7218_5.93.0-canary.v20250910221410.min.js.sri
- clerk-js/5.93.0-canary.v20250910221410/op-api-keys-page_clerk.chips.browser_401c13_5.93.0-canary.v20250910221410.js.br
- clerk-js/5.93.0-canary.v20250910221410/op-api-keys-page_clerk.chips.browser_401c13_5.93.0-canary.v20250910221410.js.gz
- clerk-js/5.93.0-canary.v20250910221410/op-api-keys-page_clerk.chips.browser_401c13_5.93.0-canary.v20250910221410.js.sri
- clerk-js/5.93.0-canary.v20250910221410/op-api-keys-page_clerk.chips.browser_401c13_5.93.0-canary.v20250910221410.min.js.br
- clerk-js/5.93.0-canary.v20250910221410/op-api-keys-page_clerk.chips.browser_401c13_5.93.0-canary.v20250910221410.min.js.gz
- clerk-js/5.93.0-canary.v20250910221410/op-api-keys-page_clerk.chips.browser_401c13_5.93.0-canary.v20250910221410.min.js.sri
- clerk-js/5.93.0-canary.v20250910221410/op-api-keys-page_clerk.legacy.browser_4e5a08_5.93.0-canary.v20250910221410.js.br
- clerk-js/5.93.0-canary.v20250910221410/op-api-keys-page_clerk.legacy.browser_4e5a08_5.93.0-canary.v20250910221410.js.gz
- clerk-js/5.93.0-canary.v20250910221410/op-api-keys-page_clerk.legacy.browser_4e5a08_5.93.0-canary.v20250910221410.js.sri
- clerk-js/5.93.0-canary.v20250910221410/op-api-keys-page_clerk.legacy.browser_4e5a08_5.93.0-canary.v20250910221410.min.js.br
- clerk-js/5.93.0-canary.v20250910221410/op-api-keys-page_clerk.legacy.browser_4e5a08_5.93.0-canary.v20250910221410.min.js.gz
- clerk-js/5.93.0-canary.v20250910221410/op-api-keys-page_clerk.legacy.browser_4e5a08_5.93.0-canary.v20250910221410.min.js.sri
- clerk-js/5.93.0-canary.v20250910221410/op-billing-page_clerk.browser_ee7218_5.93.0-canary.v20250910221410.js.br
- clerk-js/5.93.0-canary.v20250910221410/op-billing-page_clerk.browser_ee7218_5.93.0-canary.v20250910221410.js.gz
- clerk-js/5.93.0-canary.v20250910221410/op-billing-page_clerk.browser_ee7218_5.93.0-canary.v20250910221410.js.sri
- clerk-js/5.93.0-canary.v20250910221410/op-billing-page_clerk.browser_ee7218_5.93.0-canary.v20250910221410.min.js.br
- clerk-js/5.93.0-canary.v20250910221410/op-billing-page_clerk.browser_ee7218_5.93.0-canary.v20250910221410.min.js.gz
- clerk-js/5.93.0-canary.v20250910221410/op-billing-page_clerk.browser_ee7218_5.93.0-canary.v20250910221410.min.js.sri
- clerk-js/5.93.0-canary.v20250910221410/op-billing-page_clerk.chips.browser_401c13_5.93.0-canary.v20250910221410.js.br
- clerk-js/5.93.0-canary.v20250910221410/op-billing-page_clerk.chips.browser_401c13_5.93.0-canary.v20250910221410.js.gz
- clerk-js/5.93.0-canary.v20250910221410/op-billing-page_clerk.chips.browser_401c13_5.93.0-canary.v20250910221410.js.sri
- clerk-js/5.93.0-canary.v20250910221410/op-billing-page_clerk.chips.browser_401c13_5.93.0-canary.v20250910221410.min.js.br
- clerk-js/5.93.0-canary.v20250910221410/op-billing-page_clerk.chips.browser_401c13_5.93.0-canary.v20250910221410.min.js.gz
- clerk-js/5.93.0-canary.v20250910221410/op-billing-page_clerk.chips.browser_401c13_5.93.0-canary.v20250910221410.min.js.sri
- clerk-js/5.93.0-canary.v20250910221410/op-billing-page_clerk.legacy.browser_4e5a08_5.93.0-canary.v20250910221410.js.br
- clerk-js/5.93.0-canary.v20250910221410/op-billing-page_clerk.legacy.browser_4e5a08_5.93.0-canary.v20250910221410.js.gz
- clerk-js/5.93.0-canary.v20250910221410/op-billing-page_clerk.legacy.browser_4e5a08_5.93.0-canary.v20250910221410.js.sri
- clerk-js/5.93.0-canary.v20250910221410/op-billing-page_clerk.legacy.browser_4e5a08_5.93.0-canary.v20250910221410.min.js.br
- clerk-js/5.93.0-canary.v20250910221410/op-billing-page_clerk.legacy.browser_4e5a08_5.93.0-canary.v20250910221410.min.js.gz
- clerk-js/5.93.0-canary.v20250910221410/op-billing-page_clerk.legacy.browser_4e5a08_5.93.0-canary.v20250910221410.min.js.sri
- clerk-js/5.93.0-canary.v20250910221410/op-plans-page_clerk.browser_ee7218_5.93.0-canary.v20250910221410.js.br
- clerk-js/5.93.0-canary.v20250910221410/op-plans-page_clerk.browser_ee7218_5.93.0-canary.v20250910221410.js.gz
- clerk-js/5.93.0-canary.v20250910221410/op-plans-page_clerk.browser_ee7218_5.93.0-canary.v20250910221410.js.sri
- clerk-js/5.93.0-canary.v20250910221410/op-plans-page_clerk.browser_ee7218_5.93.0-canary.v20250910221410.min.js.br
- clerk-js/5.93.0-canary.v20250910221410/op-plans-page_clerk.browser_ee7218_5.93.0-canary.v20250910221410.min.js.gz
- clerk-js/5.93.0-canary.v20250910221410/op-plans-page_clerk.browser_ee7218_5.93.0-canary.v20250910221410.min.js.sri
- clerk-js/5.93.0-canary.v20250910221410/op-plans-page_clerk.chips.browser_401c13_5.93.0-canary.v20250910221410.js.br
- clerk-js/5.93.0-canary.v20250910221410/op-plans-page_clerk.chips.browser_401c13_5.93.0-canary.v20250910221410.js.gz
- clerk-js/5.93.0-canary.v20250910221410/op-plans-page_clerk.chips.browser_401c13_5.93.0-canary.v20250910221410.js.sri
- clerk-js/5.93.0-canary.v20250910221410/op-plans-page_clerk.chips.browser_401c13_5.93.0-canary.v20250910221410.min.js.br
- clerk-js/5.93.0-canary.v20250910221410/op-plans-page_clerk.chips.browser_401c13_5.93.0-canary.v20250910221410.min.js.gz
- clerk-js/5.93.0-canary.v20250910221410/op-plans-page_clerk.chips.browser_401c13_5.93.0-canary.v20250910221410.min.js.sri
- clerk-js/5.93.0-canary.v20250910221410/op-plans-page_clerk.legacy.browser_4e5a08_5.93.0-canary.v20250910221410.js.br
- clerk-js/5.93.0-canary.v20250910221410/op-plans-page_clerk.legacy.browser_4e5a08_5.93.0-canary.v20250910221410.js.gz
- clerk-js/5.93.0-canary.v20250910221410/op-plans-page_clerk.legacy.browser_4e5a08_5.93.0-canary.v20250910221410.js.sri
- clerk-js/5.93.0-canary.v20250910221410/op-plans-page_clerk.legacy.browser_4e5a08_5.93.0-canary.v20250910221410.min.js.br
- clerk-js/5.93.0-canary.v20250910221410/op-plans-page_clerk.legacy.browser_4e5a08_5.93.0-canary.v20250910221410.min.js.gz
- clerk-js/5.93.0-canary.v20250910221410/op-plans-page_clerk.legacy.browser_4e5a08_5.93.0-canary.v20250910221410.min.js.sri
- clerk-js/5.93.0-canary.v20250910221410/organizationlist_clerk.browser_ee7218_5.93.0-canary.v20250910221410.js.br
- clerk-js/5.93.0-canary.v20250910221410/organizationlist_clerk.browser_ee7218_5.93.0-canary.v20250910221410.js.gz
- clerk-js/5.93.0-canary.v20250910221410/organizationlist_clerk.browser_ee7218_5.93.0-canary.v20250910221410.js.sri
- clerk-js/5.93.0-canary.v20250910221410/organizationlist_clerk.browser_ee7218_5.93.0-canary.v20250910221410.min.js.br
- clerk-js/5.93.0-canary.v20250910221410/organizationlist_clerk.browser_ee7218_5.93.0-canary.v20250910221410.min.js.gz
- clerk-js/5.93.0-canary.v20250910221410/organizationlist_clerk.browser_ee7218_5.93.0-canary.v20250910221410.min.js.sri
- clerk-js/5.93.0-canary.v20250910221410/organizationlist_clerk.chips.browser_401c13_5.93.0-canary.v20250910221410.js.br
- clerk-js/5.93.0-canary.v20250910221410/organizationlist_clerk.chips.browser_401c13_5.93.0-canary.v20250910221410.js.gz
- clerk-js/5.93.0-canary.v20250910221410/organizationlist_clerk.chips.browser_401c13_5.93.0-canary.v20250910221410.js.sri
- clerk-js/5.93.0-canary.v20250910221410/organizationlist_clerk.chips.browser_401c13_5.93.0-canary.v20250910221410.min.js.br
- clerk-js/5.93.0-canary.v20250910221410/organizationlist_clerk.chips.browser_401c13_5.93.0-canary.v20250910221410.min.js.gz
- clerk-js/5.93.0-canary.v20250910221410/organizationlist_clerk.chips.browser_401c13_5.93.0-canary.v20250910221410.min.js.sri
- clerk-js/5.93.0-canary.v20250910221410/organizationlist_clerk.legacy.browser_4e5a08_5.93.0-canary.v20250910221410.js.br
- clerk-js/5.93.0-canary.v20250910221410/organizationlist_clerk.legacy.browser_4e5a08_5.93.0-canary.v20250910221410.js.gz
- clerk-js/5.93.0-canary.v20250910221410/organizationlist_clerk.legacy.browser_4e5a08_5.93.0-canary.v20250910221410.js.sri
- clerk-js/5.93.0-canary.v20250910221410/organizationlist_clerk.legacy.browser_4e5a08_5.93.0-canary.v20250910221410.min.js.br
- clerk-js/5.93.0-canary.v20250910221410/organizationlist_clerk.legacy.browser_4e5a08_5.93.0-canary.v20250910221410.min.js.gz
- clerk-js/5.93.0-canary.v20250910221410/organizationlist_clerk.legacy.browser_4e5a08_5.93.0-canary.v20250910221410.min.js.sri
- clerk-js/5.93.0-canary.v20250910221410/organizationprofile_clerk.browser_ee7218_5.93.0-canary.v20250910221410.js.br
- clerk-js/5.93.0-canary.v20250910221410/organizationprofile_clerk.browser_ee7218_5.93.0-canary.v20250910221410.js.gz
- clerk-js/5.93.0-canary.v20250910221410/organizationprofile_clerk.browser_ee7218_5.93.0-canary.v20250910221410.js.sri
- clerk-js/5.93.0-canary.v20250910221410/organizationprofile_clerk.browser_ee7218_5.93.0-canary.v20250910221410.min.js.br
- clerk-js/5.93.0-canary.v20250910221410/organizationprofile_clerk.browser_ee7218_5.93.0-canary.v20250910221410.min.js.gz
- clerk-js/5.93.0-canary.v20250910221410/organizationprofile_clerk.browser_ee7218_5.93.0-canary.v20250910221410.min.js.sri
- clerk-js/5.93.0-canary.v20250910221410/organizationprofile_clerk.chips.browser_401c13_5.93.0-canary.v20250910221410.js.br
- clerk-js/5.93.0-canary.v20250910221410/organizationprofile_clerk.chips.browser_401c13_5.93.0-canary.v20250910221410.js.gz
- clerk-js/5.93.0-canary.v20250910221410/organizationprofile_clerk.chips.browser_401c13_5.93.0-canary.v20250910221410.js.sri
- clerk-js/5.93.0-canary.v20250910221410/organizationprofile_clerk.chips.browser_401c13_5.93.0-canary.v20250910221410.min.js.br
- clerk-js/5.93.0-canary.v20250910221410/organizationprofile_clerk.chips.browser_401c13_5.93.0-canary.v20250910221410.min.js.gz
- clerk-js/5.93.0-canary.v20250910221410/organizationprofile_clerk.chips.browser_401c13_5.93.0-canary.v20250910221410.min.js.sri
- clerk-js/5.93.0-canary.v20250910221410/organizationprofile_clerk.legacy.browser_4e5a08_5.93.0-canary.v20250910221410.js.br
- clerk-js/5.93.0-canary.v20250910221410/organizationprofile_clerk.legacy.browser_4e5a08_5.93.0-canary.v20250910221410.js.gz
- clerk-js/5.93.0-canary.v20250910221410/organizationprofile_clerk.legacy.browser_4e5a08_5.93.0-canary.v20250910221410.js.sri
- clerk-js/5.93.0-canary.v20250910221410/organizationprofile_clerk.legacy.browser_4e5a08_5.93.0-canary.v20250910221410.min.js.br
- clerk-js/5.93.0-canary.v20250910221410/organizationprofile_clerk.legacy.browser_4e5a08_5.93.0-canary.v20250910221410.min.js.gz
- clerk-js/5.93.0-canary.v20250910221410/organizationprofile_clerk.legacy.browser_4e5a08_5.93.0-canary.v20250910221410.min.js.sri
- clerk-js/5.93.0-canary.v20250910221410/organizationswitcher_clerk.browser_ee7218_5.93.0-canary.v20250910221410.js.br
- clerk-js/5.93.0-canary.v20250910221410/organizationswitcher_clerk.browser_ee7218_5.93.0-canary.v20250910221410.js.gz
- clerk-js/5.93.0-canary.v20250910221410/organizationswitcher_clerk.browser_ee7218_5.93.0-canary.v20250910221410.js.sri
- clerk-js/5.93.0-canary.v20250910221410/organizationswitcher_clerk.browser_ee7218_5.93.0-canary.v20250910221410.min.js.br
- clerk-js/5.93.0-canary.v20250910221410/organizationswitcher_clerk.browser_ee7218_5.93.0-canary.v20250910221410.min.js.gz
- clerk-js/5.93.0-canary.v20250910221410/organizationswitcher_clerk.browser_ee7218_5.93.0-canary.v20250910221410.min.js.sri
- clerk-js/5.93.0-canary.v20250910221410/organizationswitcher_clerk.chips.browser_401c13_5.93.0-canary.v20250910221410.js.br
- clerk-js/5.93.0-canary.v20250910221410/organizationswitcher_clerk.chips.browser_401c13_5.93.0-canary.v20250910221410.js.gz
- clerk-js/5.93.0-canary.v20250910221410/organizationswitcher_clerk.chips.browser_401c13_5.93.0-canary.v20250910221410.js.sri
- clerk-js/5.93.0-canary.v20250910221410/organizationswitcher_clerk.chips.browser_401c13_5.93.0-canary.v20250910221410.min.js.br
- clerk-js/5.93.0-canary.v20250910221410/organizationswitcher_clerk.chips.browser_401c13_5.93.0-canary.v20250910221410.min.js.gz
- clerk-js/5.93.0-canary.v20250910221410/organizationswitcher_clerk.chips.browser_401c13_5.93.0-canary.v20250910221410.min.js.sri
- clerk-js/5.93.0-canary.v20250910221410/organizationswitcher_clerk.legacy.browser_4e5a08_5.93.0-canary.v20250910221410.js.br
- clerk-js/5.93.0-canary.v20250910221410/organizationswitcher_clerk.legacy.browser_4e5a08_5.93.0-canary.v20250910221410.js.gz
- clerk-js/5.93.0-canary.v20250910221410/organizationswitcher_clerk.legacy.browser_4e5a08_5.93.0-canary.v20250910221410.js.sri
- clerk-js/5.93.0-canary.v20250910221410/organizationswitcher_clerk.legacy.browser_4e5a08_5.93.0-canary.v20250910221410.min.js.br
- clerk-js/5.93.0-canary.v20250910221410/organizationswitcher_clerk.legacy.browser_4e5a08_5.93.0-canary.v20250910221410.min.js.gz
- clerk-js/5.93.0-canary.v20250910221410/organizationswitcher_clerk.legacy.browser_4e5a08_5.93.0-canary.v20250910221410.min.js.sri
- clerk-js/5.93.0-canary.v20250910221410/payment-attempt-page_clerk.browser_ee7218_5.93.0-canary.v20250910221410.js.br
- clerk-js/5.93.0-canary.v20250910221410/payment-attempt-page_clerk.browser_ee7218_5.93.0-canary.v20250910221410.js.gz
- clerk-js/5.93.0-canary.v20250910221410/payment-attempt-page_clerk.browser_ee7218_5.93.0-canary.v20250910221410.js.sri
- clerk-js/5.93.0-canary.v20250910221410/payment-attempt-page_clerk.browser_ee7218_5.93.0-canary.v20250910221410.min.js.br
- clerk-js/5.93.0-canary.v20250910221410/payment-attempt-page_clerk.browser_ee7218_5.93.0-canary.v20250910221410.min.js.gz
- clerk-js/5.93.0-canary.v20250910221410/payment-attempt-page_clerk.browser_ee7218_5.93.0-canary.v20250910221410.min.js.sri
- clerk-js/5.93.0-canary.v20250910221410/payment-attempt-page_clerk.chips.browser_401c13_5.93.0-canary.v20250910221410.js.br
- clerk-js/5.93.0-canary.v20250910221410/payment-attempt-page_clerk.chips.browser_401c13_5.93.0-canary.v20250910221410.js.gz
- clerk-js/5.93.0-canary.v20250910221410/payment-attempt-page_clerk.chips.browser_401c13_5.93.0-canary.v20250910221410.js.sri
- clerk-js/5.93.0-canary.v20250910221410/payment-attempt-page_clerk.chips.browser_401c13_5.93.0-canary.v20250910221410.min.js.br
- clerk-js/5.93.0-canary.v20250910221410/payment-attempt-page_clerk.chips.browser_401c13_5.93.0-canary.v20250910221410.min.js.gz
- clerk-js/5.93.0-canary.v20250910221410/payment-attempt-page_clerk.chips.browser_401c13_5.93.0-canary.v20250910221410.min.js.sri
- clerk-js/5.93.0-canary.v20250910221410/payment-attempt-page_clerk.legacy.browser_4e5a08_5.93.0-canary.v20250910221410.js.br
- clerk-js/5.93.0-canary.v20250910221410/payment-attempt-page_clerk.legacy.browser_4e5a08_5.93.0-canary.v20250910221410.js.gz
- clerk-js/5.93.0-canary.v20250910221410/payment-attempt-page_clerk.legacy.browser_4e5a08_5.93.0-canary.v20250910221410.js.sri
- clerk-js/5.93.0-canary.v20250910221410/payment-attempt-page_clerk.legacy.browser_4e5a08_5.93.0-canary.v20250910221410.min.js.br
- clerk-js/5.93.0-canary.v20250910221410/payment-attempt-page_clerk.legacy.browser_4e5a08_5.93.0-canary.v20250910221410.min.js.gz
- clerk-js/5.93.0-canary.v20250910221410/payment-attempt-page_clerk.legacy.browser_4e5a08_5.93.0-canary.v20250910221410.min.js.sri
- clerk-js/5.93.0-canary.v20250910221410/planDetails_clerk.browser_ee7218_5.93.0-canary.v20250910221410.js.br
- clerk-js/5.93.0-canary.v20250910221410/planDetails_clerk.browser_ee7218_5.93.0-canary.v20250910221410.js.gz
- clerk-js/5.93.0-canary.v20250910221410/planDetails_clerk.browser_ee7218_5.93.0-canary.v20250910221410.js.sri
- clerk-js/5.93.0-canary.v20250910221410/planDetails_clerk.browser_ee7218_5.93.0-canary.v20250910221410.min.js.br
- clerk-js/5.93.0-canary.v20250910221410/planDetails_clerk.browser_ee7218_5.93.0-canary.v20250910221410.min.js.gz
- clerk-js/5.93.0-canary.v20250910221410/planDetails_clerk.browser_ee7218_5.93.0-canary.v20250910221410.min.js.sri
- clerk-js/5.93.0-canary.v20250910221410/planDetails_clerk.chips.browser_401c13_5.93.0-canary.v20250910221410.js.br
- clerk-js/5.93.0-canary.v20250910221410/planDetails_clerk.chips.browser_401c13_5.93.0-canary.v20250910221410.js.gz
- clerk-js/5.93.0-canary.v20250910221410/planDetails_clerk.chips.browser_401c13_5.93.0-canary.v20250910221410.js.sri
- clerk-js/5.93.0-canary.v20250910221410/planDetails_clerk.chips.browser_401c13_5.93.0-canary.v20250910221410.min.js.br
- clerk-js/5.93.0-canary.v20250910221410/planDetails_clerk.chips.browser_401c13_5.93.0-canary.v20250910221410.min.js.gz
- clerk-js/5.93.0-canary.v20250910221410/planDetails_clerk.chips.browser_401c13_5.93.0-canary.v20250910221410.min.js.sri
- clerk-js/5.93.0-canary.v20250910221410/planDetails_clerk.legacy.browser_4e5a08_5.93.0-canary.v20250910221410.js.br
- clerk-js/5.93.0-canary.v20250910221410/planDetails_clerk.legacy.browser_4e5a08_5.93.0-canary.v20250910221410.js.gz
- clerk-js/5.93.0-canary.v20250910221410/planDetails_clerk.legacy.browser_4e5a08_5.93.0-canary.v20250910221410.js.sri
- clerk-js/5.93.0-canary.v20250910221410/planDetails_clerk.legacy.browser_4e5a08_5.93.0-canary.v20250910221410.min.js.br
- clerk-js/5.93.0-canary.v20250910221410/planDetails_clerk.legacy.browser_4e5a08_5.93.0-canary.v20250910221410.min.js.gz
- clerk-js/5.93.0-canary.v20250910221410/planDetails_clerk.legacy.browser_4e5a08_5.93.0-canary.v20250910221410.min.js.sri
- clerk-js/5.93.0-canary.v20250910221410/prefetchorganizationlist_clerk.browser_ee7218_5.93.0-canary.v20250910221410.js.br
- clerk-js/5.93.0-canary.v20250910221410/prefetchorganizationlist_clerk.browser_ee7218_5.93.0-canary.v20250910221410.js.gz
- clerk-js/5.93.0-canary.v20250910221410/prefetchorganizationlist_clerk.browser_ee7218_5.93.0-canary.v20250910221410.js.sri
- clerk-js/5.93.0-canary.v20250910221410/prefetchorganizationlist_clerk.browser_ee7218_5.93.0-canary.v20250910221410.min.js.br
- clerk-js/5.93.0-canary.v20250910221410/prefetchorganizationlist_clerk.browser_ee7218_5.93.0-canary.v20250910221410.min.js.gz
- clerk-js/5.93.0-canary.v20250910221410/prefetchorganizationlist_clerk.browser_ee7218_5.93.0-canary.v20250910221410.min.js.sri
- clerk-js/5.93.0-canary.v20250910221410/prefetchorganizationlist_clerk.chips.browser_401c13_5.93.0-canary.v20250910221410.js.br
- clerk-js/5.93.0-canary.v20250910221410/prefetchorganizationlist_clerk.chips.browser_401c13_5.93.0-canary.v20250910221410.js.gz
- clerk-js/5.93.0-canary.v20250910221410/prefetchorganizationlist_clerk.chips.browser_401c13_5.93.0-canary.v20250910221410.js.sri
- clerk-js/5.93.0-canary.v20250910221410/prefetchorganizationlist_clerk.chips.browser_401c13_5.93.0-canary.v20250910221410.min.js.br
- clerk-js/5.93.0-canary.v20250910221410/prefetchorganizationlist_clerk.chips.browser_401c13_5.93.0-canary.v20250910221410.min.js.gz
- clerk-js/5.93.0-canary.v20250910221410/prefetchorganizationlist_clerk.chips.browser_401c13_5.93.0-canary.v20250910221410.min.js.sri
- clerk-js/5.93.0-canary.v20250910221410/prefetchorganizationlist_clerk.legacy.browser_4e5a08_5.93.0-canary.v20250910221410.js.br
- clerk-js/5.93.0-canary.v20250910221410/prefetchorganizationlist_clerk.legacy.browser_4e5a08_5.93.0-canary.v20250910221410.js.gz
- clerk-js/5.93.0-canary.v20250910221410/prefetchorganizationlist_clerk.legacy.browser_4e5a08_5.93.0-canary.v20250910221410.js.sri
- clerk-js/5.93.0-canary.v20250910221410/prefetchorganizationlist_clerk.legacy.browser_4e5a08_5.93.0-canary.v20250910221410.min.js.br
- clerk-js/5.93.0-canary.v20250910221410/prefetchorganizationlist_clerk.legacy.browser_4e5a08_5.93.0-canary.v20250910221410.min.js.gz
- clerk-js/5.93.0-canary.v20250910221410/prefetchorganizationlist_clerk.legacy.browser_4e5a08_5.93.0-canary.v20250910221410.min.js.sri
- clerk-js/5.93.0-canary.v20250910221410/pricingTable_clerk.browser_ee7218_5.93.0-canary.v20250910221410.js.br
- clerk-js/5.93.0-canary.v20250910221410/pricingTable_clerk.browser_ee7218_5.93.0-canary.v20250910221410.js.gz
- clerk-js/5.93.0-canary.v20250910221410/pricingTable_clerk.browser_ee7218_5.93.0-canary.v20250910221410.js.sri
- clerk-js/5.93.0-canary.v20250910221410/pricingTable_clerk.browser_ee7218_5.93.0-canary.v20250910221410.min.js.br
- clerk-js/5.93.0-canary.v20250910221410/pricingTable_clerk.browser_ee7218_5.93.0-canary.v20250910221410.min.js.gz
- clerk-js/5.93.0-canary.v20250910221410/pricingTable_clerk.browser_ee7218_5.93.0-canary.v20250910221410.min.js.sri
- clerk-js/5.93.0-canary.v20250910221410/pricingTable_clerk.chips.browser_401c13_5.93.0-canary.v20250910221410.js.br
- clerk-js/5.93.0-canary.v20250910221410/pricingTable_clerk.chips.browser_401c13_5.93.0-canary.v20250910221410.js.gz
- clerk-js/5.93.0-canary.v20250910221410/pricingTable_clerk.chips.browser_401c13_5.93.0-canary.v20250910221410.js.sri
- clerk-js/5.93.0-canary.v20250910221410/pricingTable_clerk.chips.browser_401c13_5.93.0-canary.v20250910221410.min.js.br
- clerk-js/5.93.0-canary.v20250910221410/pricingTable_clerk.chips.browser_401c13_5.93.0-canary.v20250910221410.min.js.gz
- clerk-js/5.93.0-canary.v20250910221410/pricingTable_clerk.chips.browser_401c13_5.93.0-canary.v20250910221410.min.js.sri
- clerk-js/5.93.0-canary.v20250910221410/pricingTable_clerk.legacy.browser_4e5a08_5.93.0-canary.v20250910221410.js.br
- clerk-js/5.93.0-canary.v20250910221410/pricingTable_clerk.legacy.browser_4e5a08_5.93.0-canary.v20250910221410.js.gz
- clerk-js/5.93.0-canary.v20250910221410/pricingTable_clerk.legacy.browser_4e5a08_5.93.0-canary.v20250910221410.js.sri
- clerk-js/5.93.0-canary.v20250910221410/pricingTable_clerk.legacy.browser_4e5a08_5.93.0-canary.v20250910221410.min.js.br
- clerk-js/5.93.0-canary.v20250910221410/pricingTable_clerk.legacy.browser_4e5a08_5.93.0-canary.v20250910221410.min.js.gz
- clerk-js/5.93.0-canary.v20250910221410/pricingTable_clerk.legacy.browser_4e5a08_5.93.0-canary.v20250910221410.min.js.sri
- clerk-js/5.93.0-canary.v20250910221410/revoke-api-key-modal_clerk.browser_ee7218_5.93.0-canary.v20250910221410.js.br
- clerk-js/5.93.0-canary.v20250910221410/revoke-api-key-modal_clerk.browser_ee7218_5.93.0-canary.v20250910221410.js.gz
- clerk-js/5.93.0-canary.v20250910221410/revoke-api-key-modal_clerk.browser_ee7218_5.93.0-canary.v20250910221410.js.sri
- clerk-js/5.93.0-canary.v20250910221410/revoke-api-key-modal_clerk.browser_ee7218_5.93.0-canary.v20250910221410.min.js.br
- clerk-js/5.93.0-canary.v20250910221410/revoke-api-key-modal_clerk.browser_ee7218_5.93.0-canary.v20250910221410.min.js.gz
- clerk-js/5.93.0-canary.v20250910221410/revoke-api-key-modal_clerk.browser_ee7218_5.93.0-canary.v20250910221410.min.js.sri
- clerk-js/5.93.0-canary.v20250910221410/revoke-api-key-modal_clerk.chips.browser_401c13_5.93.0-canary.v20250910221410.js.br
- clerk-js/5.93.0-canary.v20250910221410/revoke-api-key-modal_clerk.chips.browser_401c13_5.93.0-canary.v20250910221410.js.gz
- clerk-js/5.93.0-canary.v20250910221410/revoke-api-key-modal_clerk.chips.browser_401c13_5.93.0-canary.v20250910221410.js.sri
- clerk-js/5.93.0-canary.v20250910221410/revoke-api-key-modal_clerk.chips.browser_401c13_5.93.0-canary.v20250910221410.min.js.br
- clerk-js/5.93.0-canary.v20250910221410/revoke-api-key-modal_clerk.chips.browser_401c13_5.93.0-canary.v20250910221410.min.js.gz
- clerk-js/5.93.0-canary.v20250910221410/revoke-api-key-modal_clerk.chips.browser_401c13_5.93.0-canary.v20250910221410.min.js.sri
- clerk-js/5.93.0-canary.v20250910221410/revoke-api-key-modal_clerk.legacy.browser_4e5a08_5.93.0-canary.v20250910221410.js.br
- clerk-js/5.93.0-canary.v20250910221410/revoke-api-key-modal_clerk.legacy.browser_4e5a08_5.93.0-canary.v20250910221410.js.gz
- clerk-js/5.93.0-canary.v20250910221410/revoke-api-key-modal_clerk.legacy.browser_4e5a08_5.93.0-canary.v20250910221410.js.sri
- clerk-js/5.93.0-canary.v20250910221410/revoke-api-key-modal_clerk.legacy.browser_4e5a08_5.93.0-canary.v20250910221410.min.js.br
- clerk-js/5.93.0-canary.v20250910221410/revoke-api-key-modal_clerk.legacy.browser_4e5a08_5.93.0-canary.v20250910221410.min.js.gz
- clerk-js/5.93.0-canary.v20250910221410/revoke-api-key-modal_clerk.legacy.browser_4e5a08_5.93.0-canary.v20250910221410.min.js.sri
- clerk-js/5.93.0-canary.v20250910221410/sessionTasks_clerk.browser_ee7218_5.93.0-canary.v20250910221410.js.br
- clerk-js/5.93.0-canary.v20250910221410/sessionTasks_clerk.browser_ee7218_5.93.0-canary.v20250910221410.js.gz
- clerk-js/5.93.0-canary.v20250910221410/sessionTasks_clerk.browser_ee7218_5.93.0-canary.v20250910221410.js.sri
- clerk-js/5.93.0-canary.v20250910221410/sessionTasks_clerk.browser_ee7218_5.93.0-canary.v20250910221410.min.js.br
- clerk-js/5.93.0-canary.v20250910221410/sessionTasks_clerk.browser_ee7218_5.93.0-canary.v20250910221410.min.js.gz
- clerk-js/5.93.0-canary.v20250910221410/sessionTasks_clerk.browser_ee7218_5.93.0-canary.v20250910221410.min.js.sri
- clerk-js/5.93.0-canary.v20250910221410/sessionTasks_clerk.chips.browser_401c13_5.93.0-canary.v20250910221410.js.br
- clerk-js/5.93.0-canary.v20250910221410/sessionTasks_clerk.chips.browser_401c13_5.93.0-canary.v20250910221410.js.gz
- clerk-js/5.93.0-canary.v20250910221410/sessionTasks_clerk.chips.browser_401c13_5.93.0-canary.v20250910221410.js.sri
- clerk-js/5.93.0-canary.v20250910221410/sessionTasks_clerk.chips.browser_401c13_5.93.0-canary.v20250910221410.min.js.br
- clerk-js/5.93.0-canary.v20250910221410/sessionTasks_clerk.chips.browser_401c13_5.93.0-canary.v20250910221410.min.js.gz
- clerk-js/5.93.0-canary.v20250910221410/sessionTasks_clerk.chips.browser_401c13_5.93.0-canary.v20250910221410.min.js.sri
- clerk-js/5.93.0-canary.v20250910221410/sessionTasks_clerk.legacy.browser_4e5a08_5.93.0-canary.v20250910221410.js.br
- clerk-js/5.93.0-canary.v20250910221410/sessionTasks_clerk.legacy.browser_4e5a08_5.93.0-canary.v20250910221410.js.gz
- clerk-js/5.93.0-canary.v20250910221410/sessionTasks_clerk.legacy.browser_4e5a08_5.93.0-canary.v20250910221410.js.sri
- clerk-js/5.93.0-canary.v20250910221410/sessionTasks_clerk.legacy.browser_4e5a08_5.93.0-canary.v20250910221410.min.js.br
- clerk-js/5.93.0-canary.v20250910221410/sessionTasks_clerk.legacy.browser_4e5a08_5.93.0-canary.v20250910221410.min.js.gz
- clerk-js/5.93.0-canary.v20250910221410/sessionTasks_clerk.legacy.browser_4e5a08_5.93.0-canary.v20250910221410.min.js.sri
- clerk-js/5.93.0-canary.v20250910221410/signin_clerk.browser_ee7218_5.93.0-canary.v20250910221410.js.br
- clerk-js/5.93.0-canary.v20250910221410/signin_clerk.browser_ee7218_5.93.0-canary.v20250910221410.js.gz
- clerk-js/5.93.0-canary.v20250910221410/signin_clerk.browser_ee7218_5.93.0-canary.v20250910221410.js.sri
- clerk-js/5.93.0-canary.v20250910221410/signin_clerk.browser_ee7218_5.93.0-canary.v20250910221410.min.js.br
- clerk-js/5.93.0-canary.v20250910221410/signin_clerk.browser_ee7218_5.93.0-canary.v20250910221410.min.js.gz
- clerk-js/5.93.0-canary.v20250910221410/signin_clerk.browser_ee7218_5.93.0-canary.v20250910221410.min.js.sri
- clerk-js/5.93.0-canary.v20250910221410/signin_clerk.chips.browser_401c13_5.93.0-canary.v20250910221410.js.br
- clerk-js/5.93.0-canary.v20250910221410/signin_clerk.chips.browser_401c13_5.93.0-canary.v20250910221410.js.gz
- clerk-js/5.93.0-canary.v20250910221410/signin_clerk.chips.browser_401c13_5.93.0-canary.v20250910221410.js.sri
- clerk-js/5.93.0-canary.v20250910221410/signin_clerk.chips.browser_401c13_5.93.0-canary.v20250910221410.min.js.br
- clerk-js/5.93.0-canary.v20250910221410/signin_clerk.chips.browser_401c13_5.93.0-canary.v20250910221410.min.js.gz
- clerk-js/5.93.0-canary.v20250910221410/signin_clerk.chips.browser_401c13_5.93.0-canary.v20250910221410.min.js.sri
- clerk-js/5.93.0-canary.v20250910221410/signin_clerk.legacy.browser_4e5a08_5.93.0-canary.v20250910221410.js.br
- clerk-js/5.93.0-canary.v20250910221410/signin_clerk.legacy.browser_4e5a08_5.93.0-canary.v20250910221410.js.gz
- clerk-js/5.93.0-canary.v20250910221410/signin_clerk.legacy.browser_4e5a08_5.93.0-canary.v20250910221410.js.sri
- clerk-js/5.93.0-canary.v20250910221410/signin_clerk.legacy.browser_4e5a08_5.93.0-canary.v20250910221410.min.js.br
- clerk-js/5.93.0-canary.v20250910221410/signin_clerk.legacy.browser_4e5a08_5.93.0-canary.v20250910221410.min.js.gz
- clerk-js/5.93.0-canary.v20250910221410/signin_clerk.legacy.browser_4e5a08_5.93.0-canary.v20250910221410.min.js.sri
- clerk-js/5.93.0-canary.v20250910221410/signup_clerk.browser_ee7218_5.93.0-canary.v20250910221410.js.br
- clerk-js/5.93.0-canary.v20250910221410/signup_clerk.browser_ee7218_5.93.0-canary.v20250910221410.js.gz
- clerk-js/5.93.0-canary.v20250910221410/signup_clerk.browser_ee7218_5.93.0-canary.v20250910221410.js.sri
- clerk-js/5.93.0-canary.v20250910221410/signup_clerk.browser_ee7218_5.93.0-canary.v20250910221410.min.js.br
- clerk-js/5.93.0-canary.v20250910221410/signup_clerk.browser_ee7218_5.93.0-canary.v20250910221410.min.js.gz
- clerk-js/5.93.0-canary.v20250910221410/signup_clerk.browser_ee7218_5.93.0-canary.v20250910221410.min.js.sri
- clerk-js/5.93.0-canary.v20250910221410/signup_clerk.chips.browser_401c13_5.93.0-canary.v20250910221410.js.br
- clerk-js/5.93.0-canary.v20250910221410/signup_clerk.chips.browser_401c13_5.93.0-canary.v20250910221410.js.gz
- clerk-js/5.93.0-canary.v20250910221410/signup_clerk.chips.browser_401c13_5.93.0-canary.v20250910221410.js.sri
- clerk-js/5.93.0-canary.v20250910221410/signup_clerk.chips.browser_401c13_5.93.0-canary.v20250910221410.min.js.br
- clerk-js/5.93.0-canary.v20250910221410/signup_clerk.chips.browser_401c13_5.93.0-canary.v20250910221410.min.js.gz
- clerk-js/5.93.0-canary.v20250910221410/signup_clerk.chips.browser_401c13_5.93.0-canary.v20250910221410.min.js.sri
- clerk-js/5.93.0-canary.v20250910221410/signup_clerk.legacy.browser_4e5a08_5.93.0-canary.v20250910221410.js.br
- clerk-js/5.93.0-canary.v20250910221410/signup_clerk.legacy.browser_4e5a08_5.93.0-canary.v20250910221410.js.gz
- clerk-js/5.93.0-canary.v20250910221410/signup_clerk.legacy.browser_4e5a08_5.93.0-canary.v20250910221410.js.sri
- clerk-js/5.93.0-canary.v20250910221410/signup_clerk.legacy.browser_4e5a08_5.93.0-canary.v20250910221410.min.js.br
- clerk-js/5.93.0-canary.v20250910221410/signup_clerk.legacy.browser_4e5a08_5.93.0-canary.v20250910221410.min.js.gz
- clerk-js/5.93.0-canary.v20250910221410/signup_clerk.legacy.browser_4e5a08_5.93.0-canary.v20250910221410.min.js.sri
- clerk-js/5.93.0-canary.v20250910221410/statement-page_clerk.browser_ee7218_5.93.0-canary.v20250910221410.js.br
- clerk-js/5.93.0-canary.v20250910221410/statement-page_clerk.browser_ee7218_5.93.0-canary.v20250910221410.js.gz
- clerk-js/5.93.0-canary.v20250910221410/statement-page_clerk.browser_ee7218_5.93.0-canary.v20250910221410.js.sri
- clerk-js/5.93.0-canary.v20250910221410/statement-page_clerk.browser_ee7218_5.93.0-canary.v20250910221410.min.js.br
- clerk-js/5.93.0-canary.v20250910221410/statement-page_clerk.browser_ee7218_5.93.0-canary.v20250910221410.min.js.gz
- clerk-js/5.93.0-canary.v20250910221410/statement-page_clerk.browser_ee7218_5.93.0-canary.v20250910221410.min.js.sri
- clerk-js/5.93.0-canary.v20250910221410/statement-page_clerk.chips.browser_401c13_5.93.0-canary.v20250910221410.js.br
- clerk-js/5.93.0-canary.v20250910221410/statement-page_clerk.chips.browser_401c13_5.93.0-canary.v20250910221410.js.gz
- clerk-js/5.93.0-canary.v20250910221410/statement-page_clerk.chips.browser_401c13_5.93.0-canary.v20250910221410.js.sri
- clerk-js/5.93.0-canary.v20250910221410/statement-page_clerk.chips.browser_401c13_5.93.0-canary.v20250910221410.min.js.br
- clerk-js/5.93.0-canary.v20250910221410/statement-page_clerk.chips.browser_401c13_5.93.0-canary.v20250910221410.min.js.gz
- clerk-js/5.93.0-canary.v20250910221410/statement-page_clerk.chips.browser_401c13_5.93.0-canary.v20250910221410.min.js.sri
- clerk-js/5.93.0-canary.v20250910221410/statement-page_clerk.legacy.browser_4e5a08_5.93.0-canary.v20250910221410.js.br
- clerk-js/5.93.0-canary.v20250910221410/statement-page_clerk.legacy.browser_4e5a08_5.93.0-canary.v20250910221410.js.gz
- clerk-js/5.93.0-canary.v20250910221410/statement-page_clerk.legacy.browser_4e5a08_5.93.0-canary.v20250910221410.js.sri
- clerk-js/5.93.0-canary.v20250910221410/statement-page_clerk.legacy.browser_4e5a08_5.93.0-canary.v20250910221410.min.js.br
- clerk-js/5.93.0-canary.v20250910221410/statement-page_clerk.legacy.browser_4e5a08_5.93.0-canary.v20250910221410.min.js.gz
- clerk-js/5.93.0-canary.v20250910221410/statement-page_clerk.legacy.browser_4e5a08_5.93.0-canary.v20250910221410.min.js.sri
- clerk-js/5.93.0-canary.v20250910221410/stripe-vendors_clerk.browser_ee7218_5.93.0-canary.v20250910221410.js.br
- clerk-js/5.93.0-canary.v20250910221410/stripe-vendors_clerk.browser_ee7218_5.93.0-canary.v20250910221410.js.gz
- clerk-js/5.93.0-canary.v20250910221410/stripe-vendors_clerk.browser_ee7218_5.93.0-canary.v20250910221410.js.sri
- clerk-js/5.93.0-canary.v20250910221410/stripe-vendors_clerk.browser_ee7218_5.93.0-canary.v20250910221410.min.js.br
- clerk-js/5.93.0-canary.v20250910221410/stripe-vendors_clerk.browser_ee7218_5.93.0-canary.v20250910221410.min.js.gz
- clerk-js/5.93.0-canary.v20250910221410/stripe-vendors_clerk.browser_ee7218_5.93.0-canary.v20250910221410.min.js.sri
- clerk-js/5.93.0-canary.v20250910221410/stripe-vendors_clerk.chips.browser_401c13_5.93.0-canary.v20250910221410.js.br
- clerk-js/5.93.0-canary.v20250910221410/stripe-vendors_clerk.chips.browser_401c13_5.93.0-canary.v20250910221410.js.gz
- clerk-js/5.93.0-canary.v20250910221410/stripe-vendors_clerk.chips.browser_401c13_5.93.0-canary.v20250910221410.js.sri
- clerk-js/5.93.0-canary.v20250910221410/stripe-vendors_clerk.chips.browser_401c13_5.93.0-canary.v20250910221410.min.js.br
- clerk-js/5.93.0-canary.v20250910221410/stripe-vendors_clerk.chips.browser_401c13_5.93.0-canary.v20250910221410.min.js.gz
- clerk-js/5.93.0-canary.v20250910221410/stripe-vendors_clerk.chips.browser_401c13_5.93.0-canary.v20250910221410.min.js.sri
- clerk-js/5.93.0-canary.v20250910221410/stripe-vendors_clerk.headless.browser_d3e0a2_5.93.0-canary.v20250910221410.js.br
- clerk-js/5.93.0-canary.v20250910221410/stripe-vendors_clerk.headless.browser_d3e0a2_5.93.0-canary.v20250910221410.js.gz
- clerk-js/5.93.0-canary.v20250910221410/stripe-vendors_clerk.headless.browser_d3e0a2_5.93.0-canary.v20250910221410.js.sri
- clerk-js/5.93.0-canary.v20250910221410/stripe-vendors_clerk.headless.browser_d3e0a2_5.93.0-canary.v20250910221410.min.js.br
- clerk-js/5.93.0-canary.v20250910221410/stripe-vendors_clerk.headless.browser_d3e0a2_5.93.0-canary.v20250910221410.min.js.gz
- clerk-js/5.93.0-canary.v20250910221410/stripe-vendors_clerk.headless.browser_d3e0a2_5.93.0-canary.v20250910221410.min.js.sri
- clerk-js/5.93.0-canary.v20250910221410/stripe-vendors_clerk.legacy.browser_4e5a08_5.93.0-canary.v20250910221410.js.br
- clerk-js/5.93.0-canary.v20250910221410/stripe-vendors_clerk.legacy.browser_4e5a08_5.93.0-canary.v20250910221410.js.gz
- clerk-js/5.93.0-canary.v20250910221410/stripe-vendors_clerk.legacy.browser_4e5a08_5.93.0-canary.v20250910221410.js.sri
- clerk-js/5.93.0-canary.v20250910221410/stripe-vendors_clerk.legacy.browser_4e5a08_5.93.0-canary.v20250910221410.min.js.br
- clerk-js/5.93.0-canary.v20250910221410/stripe-vendors_clerk.legacy.browser_4e5a08_5.93.0-canary.v20250910221410.min.js.gz
- clerk-js/5.93.0-canary.v20250910221410/stripe-vendors_clerk.legacy.browser_4e5a08_5.93.0-canary.v20250910221410.min.js.sri
- clerk-js/5.93.0-canary.v20250910221410/subscriptionDetails_clerk.browser_ee7218_5.93.0-canary.v20250910221410.js.br
- clerk-js/5.93.0-canary.v20250910221410/subscriptionDetails_clerk.browser_ee7218_5.93.0-canary.v20250910221410.js.gz
- clerk-js/5.93.0-canary.v20250910221410/subscriptionDetails_clerk.browser_ee7218_5.93.0-canary.v20250910221410.js.sri
- clerk-js/5.93.0-canary.v20250910221410/subscriptionDetails_clerk.browser_ee7218_5.93.0-canary.v20250910221410.min.js.br
- clerk-js/5.93.0-canary.v20250910221410/subscriptionDetails_clerk.browser_ee7218_5.93.0-canary.v20250910221410.min.js.gz
- clerk-js/5.93.0-canary.v20250910221410/subscriptionDetails_clerk.browser_ee7218_5.93.0-canary.v20250910221410.min.js.sri
- clerk-js/5.93.0-canary.v20250910221410/subscriptionDetails_clerk.chips.browser_401c13_5.93.0-canary.v20250910221410.js.br
- clerk-js/5.93.0-canary.v20250910221410/subscriptionDetails_clerk.chips.browser_401c13_5.93.0-canary.v20250910221410.js.gz
- clerk-js/5.93.0-canary.v20250910221410/subscriptionDetails_clerk.chips.browser_401c13_5.93.0-canary.v20250910221410.js.sri
- clerk-js/5.93.0-canary.v20250910221410/subscriptionDetails_clerk.chips.browser_401c13_5.93.0-canary.v20250910221410.min.js.br
- clerk-js/5.93.0-canary.v20250910221410/subscriptionDetails_clerk.chips.browser_401c13_5.93.0-canary.v20250910221410.min.js.gz
- clerk-js/5.93.0-canary.v20250910221410/subscriptionDetails_clerk.chips.browser_401c13_5.93.0-canary.v20250910221410.min.js.sri
- clerk-js/5.93.0-canary.v20250910221410/subscriptionDetails_clerk.legacy.browser_4e5a08_5.93.0-canary.v20250910221410.js.br
- clerk-js/5.93.0-canary.v20250910221410/subscriptionDetails_clerk.legacy.browser_4e5a08_5.93.0-canary.v20250910221410.js.gz
- clerk-js/5.93.0-canary.v20250910221410/subscriptionDetails_clerk.legacy.browser_4e5a08_5.93.0-canary.v20250910221410.js.sri
- clerk-js/5.93.0-canary.v20250910221410/subscriptionDetails_clerk.legacy.browser_4e5a08_5.93.0-canary.v20250910221410.min.js.br
- clerk-js/5.93.0-canary.v20250910221410/subscriptionDetails_clerk.legacy.browser_4e5a08_5.93.0-canary.v20250910221410.min.js.gz
- clerk-js/5.93.0-canary.v20250910221410/subscriptionDetails_clerk.legacy.browser_4e5a08_5.93.0-canary.v20250910221410.min.js.sri
- clerk-js/5.93.0-canary.v20250910221410/taskChooseOrganization_clerk.browser_ee7218_5.93.0-canary.v20250910221410.js.br
- clerk-js/5.93.0-canary.v20250910221410/taskChooseOrganization_clerk.browser_ee7218_5.93.0-canary.v20250910221410.js.gz
- clerk-js/5.93.0-canary.v20250910221410/taskChooseOrganization_clerk.browser_ee7218_5.93.0-canary.v20250910221410.js.sri
- clerk-js/5.93.0-canary.v20250910221410/taskChooseOrganization_clerk.browser_ee7218_5.93.0-canary.v20250910221410.min.js.br
- clerk-js/5.93.0-canary.v20250910221410/taskChooseOrganization_clerk.browser_ee7218_5.93.0-canary.v20250910221410.min.js.gz
- clerk-js/5.93.0-canary.v20250910221410/taskChooseOrganization_clerk.browser_ee7218_5.93.0-canary.v20250910221410.min.js.sri
- clerk-js/5.93.0-canary.v20250910221410/taskChooseOrganization_clerk.chips.browser_401c13_5.93.0-canary.v20250910221410.js.br
- clerk-js/5.93.0-canary.v20250910221410/taskChooseOrganization_clerk.chips.browser_401c13_5.93.0-canary.v20250910221410.js.gz
- clerk-js/5.93.0-canary.v20250910221410/taskChooseOrganization_clerk.chips.browser_401c13_5.93.0-canary.v20250910221410.js.sri
- clerk-js/5.93.0-canary.v20250910221410/taskChooseOrganization_clerk.chips.browser_401c13_5.93.0-canary.v20250910221410.min.js.br
- clerk-js/5.93.0-canary.v20250910221410/taskChooseOrganization_clerk.chips.browser_401c13_5.93.0-canary.v20250910221410.min.js.gz
- clerk-js/5.93.0-canary.v20250910221410/taskChooseOrganization_clerk.chips.browser_401c13_5.93.0-canary.v20250910221410.min.js.sri
- clerk-js/5.93.0-canary.v20250910221410/taskChooseOrganization_clerk.legacy.browser_4e5a08_5.93.0-canary.v20250910221410.js.br
- clerk-js/5.93.0-canary.v20250910221410/taskChooseOrganization_clerk.legacy.browser_4e5a08_5.93.0-canary.v20250910221410.js.gz
- clerk-js/5.93.0-canary.v20250910221410/taskChooseOrganization_clerk.legacy.browser_4e5a08_5.93.0-canary.v20250910221410.js.sri
- clerk-js/5.93.0-canary.v20250910221410/taskChooseOrganization_clerk.legacy.browser_4e5a08_5.93.0-canary.v20250910221410.min.js.br
- clerk-js/5.93.0-canary.v20250910221410/taskChooseOrganization_clerk.legacy.browser_4e5a08_5.93.0-canary.v20250910221410.min.js.gz
- clerk-js/5.93.0-canary.v20250910221410/taskChooseOrganization_clerk.legacy.browser_4e5a08_5.93.0-canary.v20250910221410.min.js.sri
- clerk-js/5.93.0-canary.v20250910221410/ui-common_clerk.browser_ee7218_5.93.0-canary.v20250910221410.js.br
- clerk-js/5.93.0-canary.v20250910221410/ui-common_clerk.browser_ee7218_5.93.0-canary.v20250910221410.js.gz
- clerk-js/5.93.0-canary.v20250910221410/ui-common_clerk.browser_ee7218_5.93.0-canary.v20250910221410.js.sri
- clerk-js/5.93.0-canary.v20250910221410/ui-common_clerk.browser_ee7218_5.93.0-canary.v20250910221410.min.js.br
- clerk-js/5.93.0-canary.v20250910221410/ui-common_clerk.browser_ee7218_5.93.0-canary.v20250910221410.min.js.gz
- clerk-js/5.93.0-canary.v20250910221410/ui-common_clerk.browser_ee7218_5.93.0-canary.v20250910221410.min.js.sri
- clerk-js/5.93.0-canary.v20250910221410/ui-common_clerk.chips.browser_401c13_5.93.0-canary.v20250910221410.js.br
- clerk-js/5.93.0-canary.v20250910221410/ui-common_clerk.chips.browser_401c13_5.93.0-canary.v20250910221410.js.gz
- clerk-js/5.93.0-canary.v20250910221410/ui-common_clerk.chips.browser_401c13_5.93.0-canary.v20250910221410.js.sri
- clerk-js/5.93.0-canary.v20250910221410/ui-common_clerk.chips.browser_401c13_5.93.0-canary.v20250910221410.min.js.br
- clerk-js/5.93.0-canary.v20250910221410/ui-common_clerk.chips.browser_401c13_5.93.0-canary.v20250910221410.min.js.gz
- clerk-js/5.93.0-canary.v20250910221410/ui-common_clerk.chips.browser_401c13_5.93.0-canary.v20250910221410.min.js.sri
- clerk-js/5.93.0-canary.v20250910221410/ui-common_clerk.legacy.browser_4e5a08_5.93.0-canary.v20250910221410.js.br
- clerk-js/5.93.0-canary.v20250910221410/ui-common_clerk.legacy.browser_4e5a08_5.93.0-canary.v20250910221410.js.gz
- clerk-js/5.93.0-canary.v20250910221410/ui-common_clerk.legacy.browser_4e5a08_5.93.0-canary.v20250910221410.js.sri
- clerk-js/5.93.0-canary.v20250910221410/ui-common_clerk.legacy.browser_4e5a08_5.93.0-canary.v20250910221410.min.js.br
- clerk-js/5.93.0-canary.v20250910221410/ui-common_clerk.legacy.browser_4e5a08_5.93.0-canary.v20250910221410.min.js.gz
- clerk-js/5.93.0-canary.v20250910221410/ui-common_clerk.legacy.browser_4e5a08_5.93.0-canary.v20250910221410.min.js.sri
- clerk-js/5.93.0-canary.v20250910221410/up-api-keys-page_clerk.browser_ee7218_5.93.0-canary.v20250910221410.js.br
- clerk-js/5.93.0-canary.v20250910221410/up-api-keys-page_clerk.browser_ee7218_5.93.0-canary.v20250910221410.js.gz
- clerk-js/5.93.0-canary.v20250910221410/up-api-keys-page_clerk.browser_ee7218_5.93.0-canary.v20250910221410.js.sri
- clerk-js/5.93.0-canary.v20250910221410/up-api-keys-page_clerk.browser_ee7218_5.93.0-canary.v20250910221410.min.js.br
- clerk-js/5.93.0-canary.v20250910221410/up-api-keys-page_clerk.browser_ee7218_5.93.0-canary.v20250910221410.min.js.gz
- clerk-js/5.93.0-canary.v20250910221410/up-api-keys-page_clerk.browser_ee7218_5.93.0-canary.v20250910221410.min.js.sri
- clerk-js/5.93.0-canary.v20250910221410/up-api-keys-page_clerk.chips.browser_401c13_5.93.0-canary.v20250910221410.js.br
- clerk-js/5.93.0-canary.v20250910221410/up-api-keys-page_clerk.chips.browser_401c13_5.93.0-canary.v20250910221410.js.gz
- clerk-js/5.93.0-canary.v20250910221410/up-api-keys-page_clerk.chips.browser_401c13_5.93.0-canary.v20250910221410.js.sri
- clerk-js/5.93.0-canary.v20250910221410/up-api-keys-page_clerk.chips.browser_401c13_5.93.0-canary.v20250910221410.min.js.br
- clerk-js/5.93.0-canary.v20250910221410/up-api-keys-page_clerk.chips.browser_401c13_5.93.0-canary.v20250910221410.min.js.gz
- clerk-js/5.93.0-canary.v20250910221410/up-api-keys-page_clerk.chips.browser_401c13_5.93.0-canary.v20250910221410.min.js.sri
- clerk-js/5.93.0-canary.v20250910221410/up-api-keys-page_clerk.legacy.browser_4e5a08_5.93.0-canary.v20250910221410.js.br
- clerk-js/5.93.0-canary.v20250910221410/up-api-keys-page_clerk.legacy.browser_4e5a08_5.93.0-canary.v20250910221410.js.gz
- clerk-js/5.93.0-canary.v20250910221410/up-api-keys-page_clerk.legacy.browser_4e5a08_5.93.0-canary.v20250910221410.js.sri
- clerk-js/5.93.0-canary.v20250910221410/up-api-keys-page_clerk.legacy.browser_4e5a08_5.93.0-canary.v20250910221410.min.js.br
- clerk-js/5.93.0-canary.v20250910221410/up-api-keys-page_clerk.legacy.browser_4e5a08_5.93.0-canary.v20250910221410.min.js.gz
- clerk-js/5.93.0-canary.v20250910221410/up-api-keys-page_clerk.legacy.browser_4e5a08_5.93.0-canary.v20250910221410.min.js.sri
- clerk-js/5.93.0-canary.v20250910221410/up-billing-page_clerk.browser_ee7218_5.93.0-canary.v20250910221410.js.br
- clerk-js/5.93.0-canary.v20250910221410/up-billing-page_clerk.browser_ee7218_5.93.0-canary.v20250910221410.js.gz
- clerk-js/5.93.0-canary.v20250910221410/up-billing-page_clerk.browser_ee7218_5.93.0-canary.v20250910221410.js.sri
- clerk-js/5.93.0-canary.v20250910221410/up-billing-page_clerk.browser_ee7218_5.93.0-canary.v20250910221410.min.js.br
- clerk-js/5.93.0-canary.v20250910221410/up-billing-page_clerk.browser_ee7218_5.93.0-canary.v20250910221410.min.js.gz
- clerk-js/5.93.0-canary.v20250910221410/up-billing-page_clerk.browser_ee7218_5.93.0-canary.v20250910221410.min.js.sri
- clerk-js/5.93.0-canary.v20250910221410/up-billing-page_clerk.chips.browser_401c13_5.93.0-canary.v20250910221410.js.br
- clerk-js/5.93.0-canary.v20250910221410/up-billing-page_clerk.chips.browser_401c13_5.93.0-canary.v20250910221410.js.gz
- clerk-js/5.93.0-canary.v20250910221410/up-billing-page_clerk.chips.browser_401c13_5.93.0-canary.v20250910221410.js.sri
- clerk-js/5.93.0-canary.v20250910221410/up-billing-page_clerk.chips.browser_401c13_5.93.0-canary.v20250910221410.min.js.br
- clerk-js/5.93.0-canary.v20250910221410/up-billing-page_clerk.chips.browser_401c13_5.93.0-canary.v20250910221410.min.js.gz
- clerk-js/5.93.0-canary.v20250910221410/up-billing-page_clerk.chips.browser_401c13_5.93.0-canary.v20250910221410.min.js.sri
- clerk-js/5.93.0-canary.v20250910221410/up-billing-page_clerk.legacy.browser_4e5a08_5.93.0-canary.v20250910221410.js.br
- clerk-js/5.93.0-canary.v20250910221410/up-billing-page_clerk.legacy.browser_4e5a08_5.93.0-canary.v20250910221410.js.gz
- clerk-js/5.93.0-canary.v20250910221410/up-billing-page_clerk.legacy.browser_4e5a08_5.93.0-canary.v20250910221410.js.sri
- clerk-js/5.93.0-canary.v20250910221410/up-billing-page_clerk.legacy.browser_4e5a08_5.93.0-canary.v20250910221410.min.js.br
- clerk-js/5.93.0-canary.v20250910221410/up-billing-page_clerk.legacy.browser_4e5a08_5.93.0-canary.v20250910221410.min.js.gz
- clerk-js/5.93.0-canary.v20250910221410/up-billing-page_clerk.legacy.browser_4e5a08_5.93.0-canary.v20250910221410.min.js.sri
- clerk-js/5.93.0-canary.v20250910221410/up-plans-page_clerk.browser_ee7218_5.93.0-canary.v20250910221410.js.br
- clerk-js/5.93.0-canary.v20250910221410/up-plans-page_clerk.browser_ee7218_5.93.0-canary.v20250910221410.js.gz
- clerk-js/5.93.0-canary.v20250910221410/up-plans-page_clerk.browser_ee7218_5.93.0-canary.v20250910221410.js.sri
- clerk-js/5.93.0-canary.v20250910221410/up-plans-page_clerk.browser_ee7218_5.93.0-canary.v20250910221410.min.js.br
- clerk-js/5.93.0-canary.v20250910221410/up-plans-page_clerk.browser_ee7218_5.93.0-canary.v20250910221410.min.js.gz
- clerk-js/5.93.0-canary.v20250910221410/up-plans-page_clerk.browser_ee7218_5.93.0-canary.v20250910221410.min.js.sri
- clerk-js/5.93.0-canary.v20250910221410/up-plans-page_clerk.chips.browser_401c13_5.93.0-canary.v20250910221410.js.br
- clerk-js/5.93.0-canary.v20250910221410/up-plans-page_clerk.chips.browser_401c13_5.93.0-canary.v20250910221410.js.gz
- clerk-js/5.93.0-canary.v20250910221410/up-plans-page_clerk.chips.browser_401c13_5.93.0-canary.v20250910221410.js.sri
- clerk-js/5.93.0-canary.v20250910221410/up-plans-page_clerk.chips.browser_401c13_5.93.0-canary.v20250910221410.min.js.br
- clerk-js/5.93.0-canary.v20250910221410/up-plans-page_clerk.chips.browser_401c13_5.93.0-canary.v20250910221410.min.js.gz
- clerk-js/5.93.0-canary.v20250910221410/up-plans-page_clerk.chips.browser_401c13_5.93.0-canary.v20250910221410.min.js.sri
- clerk-js/5.93.0-canary.v20250910221410/up-plans-page_clerk.legacy.browser_4e5a08_5.93.0-canary.v20250910221410.js.br
- clerk-js/5.93.0-canary.v20250910221410/up-plans-page_clerk.legacy.browser_4e5a08_5.93.0-canary.v20250910221410.js.gz
- clerk-js/5.93.0-canary.v20250910221410/up-plans-page_clerk.legacy.browser_4e5a08_5.93.0-canary.v20250910221410.js.sri
- clerk-js/5.93.0-canary.v20250910221410/up-plans-page_clerk.legacy.browser_4e5a08_5.93.0-canary.v20250910221410.min.js.br
- clerk-js/5.93.0-canary.v20250910221410/up-plans-page_clerk.legacy.browser_4e5a08_5.93.0-canary.v20250910221410.min.js.gz
- clerk-js/5.93.0-canary.v20250910221410/up-plans-page_clerk.legacy.browser_4e5a08_5.93.0-canary.v20250910221410.min.js.sri
- clerk-js/5.93.0-canary.v20250910221410/userbutton_clerk.browser_ee7218_5.93.0-canary.v20250910221410.js.br
- clerk-js/5.93.0-canary.v20250910221410/userbutton_clerk.browser_ee7218_5.93.0-canary.v20250910221410.js.gz
- clerk-js/5.93.0-canary.v20250910221410/userbutton_clerk.browser_ee7218_5.93.0-canary.v20250910221410.js.sri
- clerk-js/5.93.0-canary.v20250910221410/userbutton_clerk.browser_ee7218_5.93.0-canary.v20250910221410.min.js.br
- clerk-js/5.93.0-canary.v20250910221410/userbutton_clerk.browser_ee7218_5.93.0-canary.v20250910221410.min.js.gz
- clerk-js/5.93.0-canary.v20250910221410/userbutton_clerk.browser_ee7218_5.93.0-canary.v20250910221410.min.js.sri
- clerk-js/5.93.0-canary.v20250910221410/userbutton_clerk.chips.browser_401c13_5.93.0-canary.v20250910221410.js.br
- clerk-js/5.93.0-canary.v20250910221410/userbutton_clerk.chips.browser_401c13_5.93.0-canary.v20250910221410.js.gz
- clerk-js/5.93.0-canary.v20250910221410/userbutton_clerk.chips.browser_401c13_5.93.0-canary.v20250910221410.js.sri
- clerk-js/5.93.0-canary.v20250910221410/userbutton_clerk.chips.browser_401c13_5.93.0-canary.v20250910221410.min.js.br
- clerk-js/5.93.0-canary.v20250910221410/userbutton_clerk.chips.browser_401c13_5.93.0-canary.v20250910221410.min.js.gz
- clerk-js/5.93.0-canary.v20250910221410/userbutton_clerk.chips.browser_401c13_5.93.0-canary.v20250910221410.min.js.sri
- clerk-js/5.93.0-canary.v20250910221410/userbutton_clerk.legacy.browser_4e5a08_5.93.0-canary.v20250910221410.js.br
- clerk-js/5.93.0-canary.v20250910221410/userbutton_clerk.legacy.browser_4e5a08_5.93.0-canary.v20250910221410.js.gz
- clerk-js/5.93.0-canary.v20250910221410/userbutton_clerk.legacy.browser_4e5a08_5.93.0-canary.v20250910221410.js.sri
- clerk-js/5.93.0-canary.v20250910221410/userbutton_clerk.legacy.browser_4e5a08_5.93.0-canary.v20250910221410.min.js.br
- clerk-js/5.93.0-canary.v20250910221410/userbutton_clerk.legacy.browser_4e5a08_5.93.0-canary.v20250910221410.min.js.gz
- clerk-js/5.93.0-canary.v20250910221410/userbutton_clerk.legacy.browser_4e5a08_5.93.0-canary.v20250910221410.min.js.sri
- clerk-js/5.93.0-canary.v20250910221410/userprofile_clerk.browser_ee7218_5.93.0-canary.v20250910221410.js.br
- clerk-js/5.93.0-canary.v20250910221410/userprofile_clerk.browser_ee7218_5.93.0-canary.v20250910221410.js.gz
- clerk-js/5.93.0-canary.v20250910221410/userprofile_clerk.browser_ee7218_5.93.0-canary.v20250910221410.js.sri
- clerk-js/5.93.0-canary.v20250910221410/userprofile_clerk.browser_ee7218_5.93.0-canary.v20250910221410.min.js.br
- clerk-js/5.93.0-canary.v20250910221410/userprofile_clerk.browser_ee7218_5.93.0-canary.v20250910221410.min.js.gz
- clerk-js/5.93.0-canary.v20250910221410/userprofile_clerk.browser_ee7218_5.93.0-canary.v20250910221410.min.js.sri
- clerk-js/5.93.0-canary.v20250910221410/userprofile_clerk.chips.browser_401c13_5.93.0-canary.v20250910221410.js.br
- clerk-js/5.93.0-canary.v20250910221410/userprofile_clerk.chips.browser_401c13_5.93.0-canary.v20250910221410.js.gz
- clerk-js/5.93.0-canary.v20250910221410/userprofile_clerk.chips.browser_401c13_5.93.0-canary.v20250910221410.js.sri
- clerk-js/5.93.0-canary.v20250910221410/userprofile_clerk.chips.browser_401c13_5.93.0-canary.v20250910221410.min.js.br
- clerk-js/5.93.0-canary.v20250910221410/userprofile_clerk.chips.browser_401c13_5.93.0-canary.v20250910221410.min.js.gz
- clerk-js/5.93.0-canary.v20250910221410/userprofile_clerk.chips.browser_401c13_5.93.0-canary.v20250910221410.min.js.sri
- clerk-js/5.93.0-canary.v20250910221410/userprofile_clerk.legacy.browser_4e5a08_5.93.0-canary.v20250910221410.js.br
- clerk-js/5.93.0-canary.v20250910221410/userprofile_clerk.legacy.browser_4e5a08_5.93.0-canary.v20250910221410.js.gz
- clerk-js/5.93.0-canary.v20250910221410/userprofile_clerk.legacy.browser_4e5a08_5.93.0-canary.v20250910221410.js.sri
- clerk-js/5.93.0-canary.v20250910221410/userprofile_clerk.legacy.browser_4e5a08_5.93.0-canary.v20250910221410.min.js.br
- clerk-js/5.93.0-canary.v20250910221410/userprofile_clerk.legacy.browser_4e5a08_5.93.0-canary.v20250910221410.min.js.gz
- clerk-js/5.93.0-canary.v20250910221410/userprofile_clerk.legacy.browser_4e5a08_5.93.0-canary.v20250910221410.min.js.sri
- clerk-js/5.93.0-canary.v20250910221410/userverification_clerk.browser_ee7218_5.93.0-canary.v20250910221410.js.br
- clerk-js/5.93.0-canary.v20250910221410/userverification_clerk.browser_ee7218_5.93.0-canary.v20250910221410.js.gz
- clerk-js/5.93.0-canary.v20250910221410/userverification_clerk.browser_ee7218_5.93.0-canary.v20250910221410.js.sri
- clerk-js/5.93.0-canary.v20250910221410/userverification_clerk.browser_ee7218_5.93.0-canary.v20250910221410.min.js.br
- clerk-js/5.93.0-canary.v20250910221410/userverification_clerk.browser_ee7218_5.93.0-canary.v20250910221410.min.js.gz
- clerk-js/5.93.0-canary.v20250910221410/userverification_clerk.browser_ee7218_5.93.0-canary.v20250910221410.min.js.sri
- clerk-js/5.93.0-canary.v20250910221410/userverification_clerk.chips.browser_401c13_5.93.0-canary.v20250910221410.js.br
- clerk-js/5.93.0-canary.v20250910221410/userverification_clerk.chips.browser_401c13_5.93.0-canary.v20250910221410.js.gz
- clerk-js/5.93.0-canary.v20250910221410/userverification_clerk.chips.browser_401c13_5.93.0-canary.v20250910221410.js.sri
- clerk-js/5.93.0-canary.v20250910221410/userverification_clerk.chips.browser_401c13_5.93.0-canary.v20250910221410.min.js.br
- clerk-js/5.93.0-canary.v20250910221410/userverification_clerk.chips.browser_401c13_5.93.0-canary.v20250910221410.min.js.gz
- clerk-js/5.93.0-canary.v20250910221410/userverification_clerk.chips.browser_401c13_5.93.0-canary.v20250910221410.min.js.sri
- clerk-js/5.93.0-canary.v20250910221410/userverification_clerk.legacy.browser_4e5a08_5.93.0-canary.v20250910221410.js.br
- clerk-js/5.93.0-canary.v20250910221410/userverification_clerk.legacy.browser_4e5a08_5.93.0-canary.v20250910221410.js.gz
- clerk-js/5.93.0-canary.v20250910221410/userverification_clerk.legacy.browser_4e5a08_5.93.0-canary.v20250910221410.js.sri
- clerk-js/5.93.0-canary.v20250910221410/userverification_clerk.legacy.browser_4e5a08_5.93.0-canary.v20250910221410.min.js.br
- clerk-js/5.93.0-canary.v20250910221410/userverification_clerk.legacy.browser_4e5a08_5.93.0-canary.v20250910221410.min.js.gz
- clerk-js/5.93.0-canary.v20250910221410/userverification_clerk.legacy.browser_4e5a08_5.93.0-canary.v20250910221410.min.js.sri
- clerk-js/5.93.0-canary.v20250910221410/vendors_clerk.browser_ee7218_5.93.0-canary.v20250910221410.js.br
- clerk-js/5.93.0-canary.v20250910221410/vendors_clerk.browser_ee7218_5.93.0-canary.v20250910221410.js.gz
- clerk-js/5.93.0-canary.v20250910221410/vendors_clerk.browser_ee7218_5.93.0-canary.v20250910221410.js.sri
- clerk-js/5.93.0-canary.v20250910221410/vendors_clerk.browser_ee7218_5.93.0-canary.v20250910221410.min.js.br
- clerk-js/5.93.0-canary.v20250910221410/vendors_clerk.browser_ee7218_5.93.0-canary.v20250910221410.min.js.gz
- clerk-js/5.93.0-canary.v20250910221410/vendors_clerk.browser_ee7218_5.93.0-canary.v20250910221410.min.js.sri
- clerk-js/5.93.0-canary.v20250910221410/vendors_clerk.chips.browser_401c13_5.93.0-canary.v20250910221410.js.br
- clerk-js/5.93.0-canary.v20250910221410/vendors_clerk.chips.browser_401c13_5.93.0-canary.v20250910221410.js.gz
- clerk-js/5.93.0-canary.v20250910221410/vendors_clerk.chips.browser_401c13_5.93.0-canary.v20250910221410.js.sri
- clerk-js/5.93.0-canary.v20250910221410/vendors_clerk.chips.browser_401c13_5.93.0-canary.v20250910221410.min.js.br
- clerk-js/5.93.0-canary.v20250910221410/vendors_clerk.chips.browser_401c13_5.93.0-canary.v20250910221410.min.js.gz
- clerk-js/5.93.0-canary.v20250910221410/vendors_clerk.chips.browser_401c13_5.93.0-canary.v20250910221410.min.js.sri
- clerk-js/5.93.0-canary.v20250910221410/vendors_clerk.headless.browser_d3e0a2_5.93.0-canary.v20250910221410.js.br
- clerk-js/5.93.0-canary.v20250910221410/vendors_clerk.headless.browser_d3e0a2_5.93.0-canary.v20250910221410.js.gz
- clerk-js/5.93.0-canary.v20250910221410/vendors_clerk.headless.browser_d3e0a2_5.93.0-canary.v20250910221410.js.sri
- clerk-js/5.93.0-canary.v20250910221410/vendors_clerk.headless.browser_d3e0a2_5.93.0-canary.v20250910221410.min.js.br
- clerk-js/5.93.0-canary.v20250910221410/vendors_clerk.headless.browser_d3e0a2_5.93.0-canary.v20250910221410.min.js.gz
- clerk-js/5.93.0-canary.v20250910221410/vendors_clerk.headless.browser_d3e0a2_5.93.0-canary.v20250910221410.min.js.sri
- clerk-js/5.93.0-canary.v20250910221410/vendors_clerk.legacy.browser_4e5a08_5.93.0-canary.v20250910221410.js.br
- clerk-js/5.93.0-canary.v20250910221410/vendors_clerk.legacy.browser_4e5a08_5.93.0-canary.v20250910221410.js.gz
- clerk-js/5.93.0-canary.v20250910221410/vendors_clerk.legacy.browser_4e5a08_5.93.0-canary.v20250910221410.js.sri
- clerk-js/5.93.0-canary.v20250910221410/vendors_clerk.legacy.browser_4e5a08_5.93.0-canary.v20250910221410.min.js.br
- clerk-js/5.93.0-canary.v20250910221410/vendors_clerk.legacy.browser_4e5a08_5.93.0-canary.v20250910221410.min.js.gz
- clerk-js/5.93.0-canary.v20250910221410/vendors_clerk.legacy.browser_4e5a08_5.93.0-canary.v20250910221410.min.js.sri
- clerk-js/5.93.0-canary.v20250910221410/waitlist_clerk.browser_ee7218_5.93.0-canary.v20250910221410.js.br
- clerk-js/5.93.0-canary.v20250910221410/waitlist_clerk.browser_ee7218_5.93.0-canary.v20250910221410.js.gz
- clerk-js/5.93.0-canary.v20250910221410/waitlist_clerk.browser_ee7218_5.93.0-canary.v20250910221410.js.sri
- clerk-js/5.93.0-canary.v20250910221410/waitlist_clerk.browser_ee7218_5.93.0-canary.v20250910221410.min.js.br
- clerk-js/5.93.0-canary.v20250910221410/waitlist_clerk.browser_ee7218_5.93.0-canary.v20250910221410.min.js.gz
- clerk-js/5.93.0-canary.v20250910221410/waitlist_clerk.browser_ee7218_5.93.0-canary.v20250910221410.min.js.sri
- clerk-js/5.93.0-canary.v20250910221410/waitlist_clerk.chips.browser_401c13_5.93.0-canary.v20250910221410.js.br
- clerk-js/5.93.0-canary.v20250910221410/waitlist_clerk.chips.browser_401c13_5.93.0-canary.v20250910221410.js.gz
- clerk-js/5.93.0-canary.v20250910221410/waitlist_clerk.chips.browser_401c13_5.93.0-canary.v20250910221410.js.sri
- clerk-js/5.93.0-canary.v20250910221410/waitlist_clerk.chips.browser_401c13_5.93.0-canary.v20250910221410.min.js.br
- clerk-js/5.93.0-canary.v20250910221410/waitlist_clerk.chips.browser_401c13_5.93.0-canary.v20250910221410.min.js.gz
- clerk-js/5.93.0-canary.v20250910221410/waitlist_clerk.chips.browser_401c13_5.93.0-canary.v20250910221410.min.js.sri
- clerk-js/5.93.0-canary.v20250910221410/waitlist_clerk.legacy.browser_4e5a08_5.93.0-canary.v20250910221410.js.br
- clerk-js/5.93.0-canary.v20250910221410/waitlist_clerk.legacy.browser_4e5a08_5.93.0-canary.v20250910221410.js.gz
- clerk-js/5.93.0-canary.v20250910221410/waitlist_clerk.legacy.browser_4e5a08_5.93.0-canary.v20250910221410.js.sri
- clerk-js/5.93.0-canary.v20250910221410/waitlist_clerk.legacy.browser_4e5a08_5.93.0-canary.v20250910221410.min.js.br
- clerk-js/5.93.0-canary.v20250910221410/waitlist_clerk.legacy.browser_4e5a08_5.93.0-canary.v20250910221410.min.js.gz
- clerk-js/5.93.0-canary.v20250910221410/waitlist_clerk.legacy.browser_4e5a08_5.93.0-canary.v20250910221410.min.js.sri
- clerk-js/5.93.0-canary.v20250910221410/zxcvbn-common_clerk.browser_ee7218_5.93.0-canary.v20250910221410.js.br
- clerk-js/5.93.0-canary.v20250910221410/zxcvbn-common_clerk.browser_ee7218_5.93.0-canary.v20250910221410.js.gz
- clerk-js/5.93.0-canary.v20250910221410/zxcvbn-common_clerk.browser_ee7218_5.93.0-canary.v20250910221410.js.sri
- clerk-js/5.93.0-canary.v20250910221410/zxcvbn-common_clerk.browser_ee7218_5.93.0-canary.v20250910221410.min.js.br
- clerk-js/5.93.0-canary.v20250910221410/zxcvbn-common_clerk.browser_ee7218_5.93.0-canary.v20250910221410.min.js.gz
- clerk-js/5.93.0-canary.v20250910221410/zxcvbn-common_clerk.browser_ee7218_5.93.0-canary.v20250910221410.min.js.sri
- clerk-js/5.93.0-canary.v20250910221410/zxcvbn-common_clerk.chips.browser_401c13_5.93.0-canary.v20250910221410.js.br
- clerk-js/5.93.0-canary.v20250910221410/zxcvbn-common_clerk.chips.browser_401c13_5.93.0-canary.v20250910221410.js.gz
- clerk-js/5.93.0-canary.v20250910221410/zxcvbn-common_clerk.chips.browser_401c13_5.93.0-canary.v20250910221410.js.sri
- clerk-js/5.93.0-canary.v20250910221410/zxcvbn-common_clerk.chips.browser_401c13_5.93.0-canary.v20250910221410.min.js.br
- clerk-js/5.93.0-canary.v20250910221410/zxcvbn-common_clerk.chips.browser_401c13_5.93.0-canary.v20250910221410.min.js.gz
- clerk-js/5.93.0-canary.v20250910221410/zxcvbn-common_clerk.chips.browser_401c13_5.93.0-canary.v20250910221410.min.js.sri
- clerk-js/5.93.0-canary.v20250910221410/zxcvbn-common_clerk.headless.browser_d3e0a2_5.93.0-canary.v20250910221410.js.br
- clerk-js/5.93.0-canary.v20250910221410/zxcvbn-common_clerk.headless.browser_d3e0a2_5.93.0-canary.v20250910221410.js.gz
- clerk-js/5.93.0-canary.v20250910221410/zxcvbn-common_clerk.headless.browser_d3e0a2_5.93.0-canary.v20250910221410.js.sri
- clerk-js/5.93.0-canary.v20250910221410/zxcvbn-common_clerk.headless.browser_d3e0a2_5.93.0-canary.v20250910221410.min.js.br
- clerk-js/5.93.0-canary.v20250910221410/zxcvbn-common_clerk.headless.browser_d3e0a2_5.93.0-canary.v20250910221410.min.js.gz
- clerk-js/5.93.0-canary.v20250910221410/zxcvbn-common_clerk.headless.browser_d3e0a2_5.93.0-canary.v20250910221410.min.js.sri
- clerk-js/5.93.0-canary.v20250910221410/zxcvbn-common_clerk.legacy.browser_4e5a08_5.93.0-canary.v20250910221410.js.br
- clerk-js/5.93.0-canary.v20250910221410/zxcvbn-common_clerk.legacy.browser_4e5a08_5.93.0-canary.v20250910221410.js.gz
- clerk-js/5.93.0-canary.v20250910221410/zxcvbn-common_clerk.legacy.browser_4e5a08_5.93.0-canary.v20250910221410.js.sri
- clerk-js/5.93.0-canary.v20250910221410/zxcvbn-common_clerk.legacy.browser_4e5a08_5.93.0-canary.v20250910221410.min.js.br
- clerk-js/5.93.0-canary.v20250910221410/zxcvbn-common_clerk.legacy.browser_4e5a08_5.93.0-canary.v20250910221410.min.js.gz
- clerk-js/5.93.0-canary.v20250910221410/zxcvbn-common_clerk.legacy.browser_4e5a08_5.93.0-canary.v20250910221410.min.js.sri
- clerk-js/5.93.0-canary.v20250910221410/zxcvbn-ts-core_clerk.browser_ee7218_5.93.0-canary.v20250910221410.js.br
- clerk-js/5.93.0-canary.v20250910221410/zxcvbn-ts-core_clerk.browser_ee7218_5.93.0-canary.v20250910221410.js.gz
- clerk-js/5.93.0-canary.v20250910221410/zxcvbn-ts-core_clerk.browser_ee7218_5.93.0-canary.v20250910221410.js.sri
- clerk-js/5.93.0-canary.v20250910221410/zxcvbn-ts-core_clerk.browser_ee7218_5.93.0-canary.v20250910221410.min.js.br
- clerk-js/5.93.0-canary.v20250910221410/zxcvbn-ts-core_clerk.browser_ee7218_5.93.0-canary.v20250910221410.min.js.gz
- clerk-js/5.93.0-canary.v20250910221410/zxcvbn-ts-core_clerk.browser_ee7218_5.93.0-canary.v20250910221410.min.js.sri
- clerk-js/5.93.0-canary.v20250910221410/zxcvbn-ts-core_clerk.chips.browser_401c13_5.93.0-canary.v20250910221410.js.br
- clerk-js/5.93.0-canary.v20250910221410/zxcvbn-ts-core_clerk.chips.browser_401c13_5.93.0-canary.v20250910221410.js.gz
- clerk-js/5.93.0-canary.v20250910221410/zxcvbn-ts-core_clerk.chips.browser_401c13_5.93.0-canary.v20250910221410.js.sri
- clerk-js/5.93.0-canary.v20250910221410/zxcvbn-ts-core_clerk.chips.browser_401c13_5.93.0-canary.v20250910221410.min.js.br
- clerk-js/5.93.0-canary.v20250910221410/zxcvbn-ts-core_clerk.chips.browser_401c13_5.93.0-canary.v20250910221410.min.js.gz
- clerk-js/5.93.0-canary.v20250910221410/zxcvbn-ts-core_clerk.chips.browser_401c13_5.93.0-canary.v20250910221410.min.js.sri
- clerk-js/5.93.0-canary.v20250910221410/zxcvbn-ts-core_clerk.headless.browser_d3e0a2_5.93.0-canary.v20250910221410.js.br
- clerk-js/5.93.0-canary.v20250910221410/zxcvbn-ts-core_clerk.headless.browser_d3e0a2_5.93.0-canary.v20250910221410.js.gz
- clerk-js/5.93.0-canary.v20250910221410/zxcvbn-ts-core_clerk.headless.browser_d3e0a2_5.93.0-canary.v20250910221410.js.sri
- clerk-js/5.93.0-canary.v20250910221410/zxcvbn-ts-core_clerk.headless.browser_d3e0a2_5.93.0-canary.v20250910221410.min.js.br
- clerk-js/5.93.0-canary.v20250910221410/zxcvbn-ts-core_clerk.headless.browser_d3e0a2_5.93.0-canary.v20250910221410.min.js.gz
- clerk-js/5.93.0-canary.v20250910221410/zxcvbn-ts-core_clerk.headless.browser_d3e0a2_5.93.0-canary.v20250910221410.min.js.sri
- clerk-js/5.93.0-canary.v20250910221410/zxcvbn-ts-core_clerk.legacy.browser_4e5a08_5.93.0-canary.v20250910221410.js.br
- clerk-js/5.93.0-canary.v20250910221410/zxcvbn-ts-core_clerk.legacy.browser_4e5a08_5.93.0-canary.v20250910221410.js.gz
- clerk-js/5.93.0-canary.v20250910221410/zxcvbn-ts-core_clerk.legacy.browser_4e5a08_5.93.0-canary.v20250910221410.js.sri
- clerk-js/5.93.0-canary.v20250910221410/zxcvbn-ts-core_clerk.legacy.browser_4e5a08_5.93.0-canary.v20250910221410.min.js.br
- clerk-js/5.93.0-canary.v20250910221410/zxcvbn-ts-core_clerk.legacy.browser_4e5a08_5.93.0-canary.v20250910221410.min.js.gz
- clerk-js/5.93.0-canary.v20250910221410/zxcvbn-ts-core_clerk.legacy.browser_4e5a08_5.93.0-canary.v20250910221410.min.js.sri
