2025/06/20 03:30:17 optimizing files (Js true, Css true, Png true, Jpg true)
2025/06/20 03:30:17 compress: run /node_modules/uglify-js/bin/uglifyjs (3.15.4) [--mangle --compress if_return=true -o /tmp/work/dist/zonos-elements/p-04a01cb1.min.js /tmp/work/dist/zonos-elements/p-04a01cb1.js]
2025/06/20 03:30:17 compress: run /node_modules/uglify-js/bin/uglifyjs (3.15.4) [--mangle --compress if_return=true -o /tmp/work/dist/zonos-elements/p-04b43dd5.entry.min.js /tmp/work/dist/zonos-elements/p-04b43dd5.entry.js]
2025/06/20 03:30:17 compress: run /node_modules/uglify-js/bin/uglifyjs (3.15.4) [--mangle --compress if_return=true -o /tmp/work/dist/zonos-elements/p-0f77d087.system.entry.min.js /tmp/work/dist/zonos-elements/p-0f77d087.system.entry.js]
2025/06/20 03:30:17 compress: run /node_modules/uglify-js/bin/uglifyjs (3.15.4) [--mangle --compress if_return=true -o /tmp/work/dist/zonos-elements/p-01987cb2.system.entry.min.js /tmp/work/dist/zonos-elements/p-01987cb2.system.entry.js]
2025/06/20 03:30:17 compress: run /node_modules/uglify-js/bin/uglifyjs (3.15.4) [--mangle --compress if_return=true -o /tmp/work/dist/zonos-elements/p-08e7107d.min.js /tmp/work/dist/zonos-elements/p-08e7107d.js]
2025/06/20 03:30:17 compress: run /node_modules/uglify-js/bin/uglifyjs (3.15.4) [--mangle --compress if_return=true -o /tmp/work/dist/zonos-elements/p-0fc02cde.min.js /tmp/work/dist/zonos-elements/p-0fc02cde.js]
2025/06/20 03:30:17 compress: run /node_modules/uglify-js/bin/uglifyjs (3.15.4) [--mangle --compress if_return=true -o /tmp/work/dist/zonos-elements/index.esm.min.js /tmp/work/dist/zonos-elements/index.esm.js]
2025/06/20 03:30:17 compress: run /node_modules/uglify-js/bin/uglifyjs (3.15.4) [--mangle --compress if_return=true -o /tmp/work/dist/zonos-elements/p-06f798ee.system.min.js /tmp/work/dist/zonos-elements/p-06f798ee.system.js]
2025/06/20 03:30:17 sri /tmp/work/dist/zonos-elements/p-08e7107d.min.js -> /output/dist/zonos-elements/p-08e7107d.min.js.sri
2025/06/20 03:30:17 algorithm: run /usr/bin/brotli --quality=11 --output=/output/dist/zonos-elements/p-08e7107d.min.js.br /tmp/work/dist/zonos-elements/p-08e7107d.min.js
2025/06/20 03:30:17 sri /tmp/work/dist/zonos-elements/p-04a01cb1.min.js -> /output/dist/zonos-elements/p-04a01cb1.min.js.sri
2025/06/20 03:30:17 algorithm: run /usr/bin/brotli --quality=11 --output=/output/dist/zonos-elements/p-04a01cb1.min.js.br /tmp/work/dist/zonos-elements/p-04a01cb1.min.js
2025/06/20 03:30:17 br /tmp/work/dist/zonos-elements/p-08e7107d.min.js -> /output/dist/zonos-elements/p-08e7107d.min.js.br
2025/06/20 03:30:17 gz /tmp/work/dist/zonos-elements/p-08e7107d.min.js -> /output/dist/zonos-elements/p-08e7107d.min.js.gz
2025/06/20 03:30:17 sri /tmp/work/dist/zonos-elements/p-08e7107d.js -> /output/dist/zonos-elements/p-08e7107d.js.sri
2025/06/20 03:30:17 algorithm: run /usr/bin/brotli --quality=11 --output=/output/dist/zonos-elements/p-08e7107d.js.br /tmp/work/dist/zonos-elements/p-08e7107d.js
2025/06/20 03:30:17 br /tmp/work/dist/zonos-elements/p-04a01cb1.min.js -> /output/dist/zonos-elements/p-04a01cb1.min.js.br
2025/06/20 03:30:17 gz /tmp/work/dist/zonos-elements/p-04a01cb1.min.js -> /output/dist/zonos-elements/p-04a01cb1.min.js.gz
2025/06/20 03:30:17 sri /tmp/work/dist/zonos-elements/p-04a01cb1.js -> /output/dist/zonos-elements/p-04a01cb1.js.sri
2025/06/20 03:30:17 algorithm: run /usr/bin/brotli --quality=11 --output=/output/dist/zonos-elements/p-04a01cb1.js.br /tmp/work/dist/zonos-elements/p-04a01cb1.js
2025/06/20 03:30:17 br /tmp/work/dist/zonos-elements/p-04a01cb1.js -> /output/dist/zonos-elements/p-04a01cb1.js.br
2025/06/20 03:30:17 gz /tmp/work/dist/zonos-elements/p-04a01cb1.js -> /output/dist/zonos-elements/p-04a01cb1.js.gz
2025/06/20 03:30:17 compress: run /node_modules/uglify-js/bin/uglifyjs (3.15.4) [--mangle --compress if_return=true -o /tmp/work/dist/zonos-elements/p-1aa93d1e.system.min.js /tmp/work/dist/zonos-elements/p-1aa93d1e.system.js]
2025/06/20 03:30:17 br /tmp/work/dist/zonos-elements/p-08e7107d.js -> /output/dist/zonos-elements/p-08e7107d.js.br
2025/06/20 03:30:17 gz /tmp/work/dist/zonos-elements/p-08e7107d.js -> /output/dist/zonos-elements/p-08e7107d.js.gz
2025/06/20 03:30:17 compress: run /node_modules/uglify-js/bin/uglifyjs (3.15.4) [--mangle --compress if_return=true -o /tmp/work/dist/zonos-elements/p-1b75aa35.system.min.js /tmp/work/dist/zonos-elements/p-1b75aa35.system.js]
2025/06/20 03:30:17 sri /tmp/work/dist/zonos-elements/p-04b43dd5.entry.min.js -> /output/dist/zonos-elements/p-04b43dd5.entry.min.js.sri
2025/06/20 03:30:17 algorithm: run /usr/bin/brotli --quality=11 --output=/output/dist/zonos-elements/p-04b43dd5.entry.min.js.br /tmp/work/dist/zonos-elements/p-04b43dd5.entry.min.js
2025/06/20 03:30:17 br /tmp/work/dist/zonos-elements/p-04b43dd5.entry.min.js -> /output/dist/zonos-elements/p-04b43dd5.entry.min.js.br
2025/06/20 03:30:17 gz /tmp/work/dist/zonos-elements/p-04b43dd5.entry.min.js -> /output/dist/zonos-elements/p-04b43dd5.entry.min.js.gz
2025/06/20 03:30:17 sri /tmp/work/dist/zonos-elements/p-04b43dd5.entry.js -> /output/dist/zonos-elements/p-04b43dd5.entry.js.sri
2025/06/20 03:30:17 algorithm: run /usr/bin/brotli --quality=11 --output=/output/dist/zonos-elements/p-04b43dd5.entry.js.br /tmp/work/dist/zonos-elements/p-04b43dd5.entry.js
2025/06/20 03:30:17 sri /tmp/work/dist/zonos-elements/p-01987cb2.system.entry.min.js -> /output/dist/zonos-elements/p-01987cb2.system.entry.min.js.sri
2025/06/20 03:30:17 algorithm: run /usr/bin/brotli --quality=11 --output=/output/dist/zonos-elements/p-01987cb2.system.entry.min.js.br /tmp/work/dist/zonos-elements/p-01987cb2.system.entry.min.js
2025/06/20 03:30:17 br /tmp/work/dist/zonos-elements/p-01987cb2.system.entry.min.js -> /output/dist/zonos-elements/p-01987cb2.system.entry.min.js.br
2025/06/20 03:30:17 gz /tmp/work/dist/zonos-elements/p-01987cb2.system.entry.min.js -> /output/dist/zonos-elements/p-01987cb2.system.entry.min.js.gz
2025/06/20 03:30:17 br /tmp/work/dist/zonos-elements/p-04b43dd5.entry.js -> /output/dist/zonos-elements/p-04b43dd5.entry.js.br
2025/06/20 03:30:17 gz /tmp/work/dist/zonos-elements/p-04b43dd5.entry.js -> /output/dist/zonos-elements/p-04b43dd5.entry.js.gz
2025/06/20 03:30:17 compress: run /node_modules/uglify-js/bin/uglifyjs (3.15.4) [--mangle --compress if_return=true -o /tmp/work/dist/zonos-elements/p-1dcdb65f.system.entry.min.js /tmp/work/dist/zonos-elements/p-1dcdb65f.system.entry.js]
2025/06/20 03:30:17 sri /tmp/work/dist/zonos-elements/p-01987cb2.system.entry.js -> /output/dist/zonos-elements/p-01987cb2.system.entry.js.sri
2025/06/20 03:30:17 algorithm: run /usr/bin/brotli --quality=11 --output=/output/dist/zonos-elements/p-01987cb2.system.entry.js.br /tmp/work/dist/zonos-elements/p-01987cb2.system.entry.js
2025/06/20 03:30:17 sri /tmp/work/dist/zonos-elements/p-06f798ee.system.min.js -> /output/dist/zonos-elements/p-06f798ee.system.min.js.sri
2025/06/20 03:30:17 algorithm: run /usr/bin/brotli --quality=11 --output=/output/dist/zonos-elements/p-06f798ee.system.min.js.br /tmp/work/dist/zonos-elements/p-06f798ee.system.min.js
2025/06/20 03:30:17 br /tmp/work/dist/zonos-elements/p-01987cb2.system.entry.js -> /output/dist/zonos-elements/p-01987cb2.system.entry.js.br
2025/06/20 03:30:17 gz /tmp/work/dist/zonos-elements/p-01987cb2.system.entry.js -> /output/dist/zonos-elements/p-01987cb2.system.entry.js.gz
2025/06/20 03:30:17 compress: run /node_modules/uglify-js/bin/uglifyjs (3.15.4) [--mangle --compress if_return=true -o /tmp/work/dist/zonos-elements/p-23e7c655.system.min.js /tmp/work/dist/zonos-elements/p-23e7c655.system.js]
2025/06/20 03:30:17 br /tmp/work/dist/zonos-elements/p-06f798ee.system.min.js -> /output/dist/zonos-elements/p-06f798ee.system.min.js.br
2025/06/20 03:30:17 gz /tmp/work/dist/zonos-elements/p-06f798ee.system.min.js -> /output/dist/zonos-elements/p-06f798ee.system.min.js.gz
2025/06/20 03:30:17 sri /tmp/work/dist/zonos-elements/p-06f798ee.system.js -> /output/dist/zonos-elements/p-06f798ee.system.js.sri
2025/06/20 03:30:17 algorithm: run /usr/bin/brotli --quality=11 --output=/output/dist/zonos-elements/p-06f798ee.system.js.br /tmp/work/dist/zonos-elements/p-06f798ee.system.js
2025/06/20 03:30:17 br /tmp/work/dist/zonos-elements/p-06f798ee.system.js -> /output/dist/zonos-elements/p-06f798ee.system.js.br
2025/06/20 03:30:17 gz /tmp/work/dist/zonos-elements/p-06f798ee.system.js -> /output/dist/zonos-elements/p-06f798ee.system.js.gz
2025/06/20 03:30:17 compress: run /node_modules/uglify-js/bin/uglifyjs (3.15.4) [--mangle --compress if_return=true -o /tmp/work/dist/zonos-elements/p-26a634a5.system.entry.min.js /tmp/work/dist/zonos-elements/p-26a634a5.system.entry.js]
2025/06/20 03:30:17 sri /tmp/work/dist/zonos-elements/p-1aa93d1e.system.min.js -> /output/dist/zonos-elements/p-1aa93d1e.system.min.js.sri
2025/06/20 03:30:17 algorithm: run /usr/bin/brotli --quality=11 --output=/output/dist/zonos-elements/p-1aa93d1e.system.min.js.br /tmp/work/dist/zonos-elements/p-1aa93d1e.system.min.js
2025/06/20 03:30:17 br /tmp/work/dist/zonos-elements/p-1aa93d1e.system.min.js -> /output/dist/zonos-elements/p-1aa93d1e.system.min.js.br
2025/06/20 03:30:17 gz /tmp/work/dist/zonos-elements/p-1aa93d1e.system.min.js -> /output/dist/zonos-elements/p-1aa93d1e.system.min.js.gz
2025/06/20 03:30:17 sri /tmp/work/dist/zonos-elements/p-1aa93d1e.system.js -> /output/dist/zonos-elements/p-1aa93d1e.system.js.sri
2025/06/20 03:30:17 algorithm: run /usr/bin/brotli --quality=11 --output=/output/dist/zonos-elements/p-1aa93d1e.system.js.br /tmp/work/dist/zonos-elements/p-1aa93d1e.system.js
2025/06/20 03:30:17 br /tmp/work/dist/zonos-elements/p-1aa93d1e.system.js -> /output/dist/zonos-elements/p-1aa93d1e.system.js.br
2025/06/20 03:30:17 gz /tmp/work/dist/zonos-elements/p-1aa93d1e.system.js -> /output/dist/zonos-elements/p-1aa93d1e.system.js.gz
2025/06/20 03:30:17 compress: run /node_modules/uglify-js/bin/uglifyjs (3.15.4) [--mangle --compress if_return=true -o /tmp/work/dist/zonos-elements/p-2770ba48.system.min.js /tmp/work/dist/zonos-elements/p-2770ba48.system.js]
2025/06/20 03:30:17 sri /tmp/work/dist/zonos-elements/p-23e7c655.system.min.js -> /output/dist/zonos-elements/p-23e7c655.system.min.js.sri
2025/06/20 03:30:17 algorithm: run /usr/bin/brotli --quality=11 --output=/output/dist/zonos-elements/p-23e7c655.system.min.js.br /tmp/work/dist/zonos-elements/p-23e7c655.system.min.js
2025/06/20 03:30:18 br /tmp/work/dist/zonos-elements/p-23e7c655.system.min.js -> /output/dist/zonos-elements/p-23e7c655.system.min.js.br
2025/06/20 03:30:18 gz /tmp/work/dist/zonos-elements/p-23e7c655.system.min.js -> /output/dist/zonos-elements/p-23e7c655.system.min.js.gz
2025/06/20 03:30:18 sri /tmp/work/dist/zonos-elements/p-23e7c655.system.js -> /output/dist/zonos-elements/p-23e7c655.system.js.sri
2025/06/20 03:30:18 algorithm: run /usr/bin/brotli --quality=11 --output=/output/dist/zonos-elements/p-23e7c655.system.js.br /tmp/work/dist/zonos-elements/p-23e7c655.system.js
2025/06/20 03:30:18 br /tmp/work/dist/zonos-elements/p-23e7c655.system.js -> /output/dist/zonos-elements/p-23e7c655.system.js.br
2025/06/20 03:30:18 gz /tmp/work/dist/zonos-elements/p-23e7c655.system.js -> /output/dist/zonos-elements/p-23e7c655.system.js.gz
2025/06/20 03:30:18 compress: run /node_modules/uglify-js/bin/uglifyjs (3.15.4) [--mangle --compress if_return=true -o /tmp/work/dist/zonos-elements/p-27987298.system.entry.min.js /tmp/work/dist/zonos-elements/p-27987298.system.entry.js]
2025/06/20 03:30:18 sri /tmp/work/dist/zonos-elements/p-0fc02cde.min.js -> /output/dist/zonos-elements/p-0fc02cde.min.js.sri
2025/06/20 03:30:18 algorithm: run /usr/bin/brotli --quality=11 --output=/output/dist/zonos-elements/p-0fc02cde.min.js.br /tmp/work/dist/zonos-elements/p-0fc02cde.min.js
2025/06/20 03:30:18 sri /tmp/work/dist/zonos-elements/p-26a634a5.system.entry.min.js -> /output/dist/zonos-elements/p-26a634a5.system.entry.min.js.sri
2025/06/20 03:30:18 algorithm: run /usr/bin/brotli --quality=11 --output=/output/dist/zonos-elements/p-26a634a5.system.entry.min.js.br /tmp/work/dist/zonos-elements/p-26a634a5.system.entry.min.js
2025/06/20 03:30:18 br /tmp/work/dist/zonos-elements/p-26a634a5.system.entry.min.js -> /output/dist/zonos-elements/p-26a634a5.system.entry.min.js.br
2025/06/20 03:30:18 gz /tmp/work/dist/zonos-elements/p-26a634a5.system.entry.min.js -> /output/dist/zonos-elements/p-26a634a5.system.entry.min.js.gz
2025/06/20 03:30:18 sri /tmp/work/dist/zonos-elements/p-26a634a5.system.entry.js -> /output/dist/zonos-elements/p-26a634a5.system.entry.js.sri
2025/06/20 03:30:18 algorithm: run /usr/bin/brotli --quality=11 --output=/output/dist/zonos-elements/p-26a634a5.system.entry.js.br /tmp/work/dist/zonos-elements/p-26a634a5.system.entry.js
2025/06/20 03:30:18 br /tmp/work/dist/zonos-elements/p-0fc02cde.min.js -> /output/dist/zonos-elements/p-0fc02cde.min.js.br
2025/06/20 03:30:18 gz /tmp/work/dist/zonos-elements/p-0fc02cde.min.js -> /output/dist/zonos-elements/p-0fc02cde.min.js.gz
2025/06/20 03:30:18 sri /tmp/work/dist/zonos-elements/p-0fc02cde.js -> /output/dist/zonos-elements/p-0fc02cde.js.sri
2025/06/20 03:30:18 algorithm: run /usr/bin/brotli --quality=11 --output=/output/dist/zonos-elements/p-0fc02cde.js.br /tmp/work/dist/zonos-elements/p-0fc02cde.js
2025/06/20 03:30:18 br /tmp/work/dist/zonos-elements/p-26a634a5.system.entry.js -> /output/dist/zonos-elements/p-26a634a5.system.entry.js.br
2025/06/20 03:30:18 gz /tmp/work/dist/zonos-elements/p-26a634a5.system.entry.js -> /output/dist/zonos-elements/p-26a634a5.system.entry.js.gz
2025/06/20 03:30:18 compress: run /node_modules/uglify-js/bin/uglifyjs (3.15.4) [--mangle --compress if_return=true -o /tmp/work/dist/zonos-elements/p-2af2eb6f.system.entry.min.js /tmp/work/dist/zonos-elements/p-2af2eb6f.system.entry.js]
2025/06/20 03:30:18 br /tmp/work/dist/zonos-elements/p-0fc02cde.js -> /output/dist/zonos-elements/p-0fc02cde.js.br
2025/06/20 03:30:18 gz /tmp/work/dist/zonos-elements/p-0fc02cde.js -> /output/dist/zonos-elements/p-0fc02cde.js.gz
2025/06/20 03:30:18 compress: run /node_modules/uglify-js/bin/uglifyjs (3.15.4) [--mangle --compress if_return=true -o /tmp/work/dist/zonos-elements/p-2b8345d8.system.min.js /tmp/work/dist/zonos-elements/p-2b8345d8.system.js]
2025/06/20 03:30:18 sri /tmp/work/dist/zonos-elements/p-2770ba48.system.min.js -> /output/dist/zonos-elements/p-2770ba48.system.min.js.sri
2025/06/20 03:30:18 algorithm: run /usr/bin/brotli --quality=11 --output=/output/dist/zonos-elements/p-2770ba48.system.min.js.br /tmp/work/dist/zonos-elements/p-2770ba48.system.min.js
2025/06/20 03:30:18 br /tmp/work/dist/zonos-elements/p-2770ba48.system.min.js -> /output/dist/zonos-elements/p-2770ba48.system.min.js.br
2025/06/20 03:30:18 gz /tmp/work/dist/zonos-elements/p-2770ba48.system.min.js -> /output/dist/zonos-elements/p-2770ba48.system.min.js.gz
2025/06/20 03:30:18 sri /tmp/work/dist/zonos-elements/p-2770ba48.system.js -> /output/dist/zonos-elements/p-2770ba48.system.js.sri
2025/06/20 03:30:18 algorithm: run /usr/bin/brotli --quality=11 --output=/output/dist/zonos-elements/p-2770ba48.system.js.br /tmp/work/dist/zonos-elements/p-2770ba48.system.js
2025/06/20 03:30:18 br /tmp/work/dist/zonos-elements/p-2770ba48.system.js -> /output/dist/zonos-elements/p-2770ba48.system.js.br
2025/06/20 03:30:18 gz /tmp/work/dist/zonos-elements/p-2770ba48.system.js -> /output/dist/zonos-elements/p-2770ba48.system.js.gz
2025/06/20 03:30:18 sri /tmp/work/dist/zonos-elements/p-27987298.system.entry.min.js -> /output/dist/zonos-elements/p-27987298.system.entry.min.js.sri
2025/06/20 03:30:18 algorithm: run /usr/bin/brotli --quality=11 --output=/output/dist/zonos-elements/p-27987298.system.entry.min.js.br /tmp/work/dist/zonos-elements/p-27987298.system.entry.min.js
2025/06/20 03:30:18 compress: run /node_modules/uglify-js/bin/uglifyjs (3.15.4) [--mangle --compress if_return=true -o /tmp/work/dist/zonos-elements/p-2b8f787a.entry.min.js /tmp/work/dist/zonos-elements/p-2b8f787a.entry.js]
2025/06/20 03:30:18 br /tmp/work/dist/zonos-elements/p-27987298.system.entry.min.js -> /output/dist/zonos-elements/p-27987298.system.entry.min.js.br
2025/06/20 03:30:18 gz /tmp/work/dist/zonos-elements/p-27987298.system.entry.min.js -> /output/dist/zonos-elements/p-27987298.system.entry.min.js.gz
2025/06/20 03:30:18 sri /tmp/work/dist/zonos-elements/p-27987298.system.entry.js -> /output/dist/zonos-elements/p-27987298.system.entry.js.sri
2025/06/20 03:30:18 algorithm: run /usr/bin/brotli --quality=11 --output=/output/dist/zonos-elements/p-27987298.system.entry.js.br /tmp/work/dist/zonos-elements/p-27987298.system.entry.js
2025/06/20 03:30:18 br /tmp/work/dist/zonos-elements/p-27987298.system.entry.js -> /output/dist/zonos-elements/p-27987298.system.entry.js.br
2025/06/20 03:30:18 gz /tmp/work/dist/zonos-elements/p-27987298.system.entry.js -> /output/dist/zonos-elements/p-27987298.system.entry.js.gz
2025/06/20 03:30:18 compress: run /node_modules/uglify-js/bin/uglifyjs (3.15.4) [--mangle --compress if_return=true -o /tmp/work/dist/zonos-elements/p-2d6557ee.system.min.js /tmp/work/dist/zonos-elements/p-2d6557ee.system.js]
2025/06/20 03:30:18 sri /tmp/work/dist/zonos-elements/index.esm.min.js -> /output/dist/zonos-elements/index.esm.min.js.sri
2025/06/20 03:30:18 algorithm: run /usr/bin/brotli --quality=11 --output=/output/dist/zonos-elements/index.esm.min.js.br /tmp/work/dist/zonos-elements/index.esm.min.js
2025/06/20 03:30:18 br /tmp/work/dist/zonos-elements/index.esm.min.js -> /output/dist/zonos-elements/index.esm.min.js.br
2025/06/20 03:30:18 gz /tmp/work/dist/zonos-elements/index.esm.min.js -> /output/dist/zonos-elements/index.esm.min.js.gz
2025/06/20 03:30:18 sri /tmp/work/dist/zonos-elements/index.esm.js -> /output/dist/zonos-elements/index.esm.js.sri
2025/06/20 03:30:18 algorithm: run /usr/bin/brotli --quality=11 --output=/output/dist/zonos-elements/index.esm.js.br /tmp/work/dist/zonos-elements/index.esm.js
2025/06/20 03:30:18 br /tmp/work/dist/zonos-elements/index.esm.js -> /output/dist/zonos-elements/index.esm.js.br
2025/06/20 03:30:18 gz /tmp/work/dist/zonos-elements/index.esm.js -> /output/dist/zonos-elements/index.esm.js.gz
2025/06/20 03:30:18 compress: run /node_modules/uglify-js/bin/uglifyjs (3.15.4) [--mangle --compress if_return=true -o /tmp/work/dist/zonos-elements/p-30cfa524.entry.min.js /tmp/work/dist/zonos-elements/p-30cfa524.entry.js]
2025/06/20 03:30:18 sri /tmp/work/dist/zonos-elements/p-2d6557ee.system.min.js -> /output/dist/zonos-elements/p-2d6557ee.system.min.js.sri
2025/06/20 03:30:18 algorithm: run /usr/bin/brotli --quality=11 --output=/output/dist/zonos-elements/p-2d6557ee.system.min.js.br /tmp/work/dist/zonos-elements/p-2d6557ee.system.min.js
2025/06/20 03:30:18 br /tmp/work/dist/zonos-elements/p-2d6557ee.system.min.js -> /output/dist/zonos-elements/p-2d6557ee.system.min.js.br
2025/06/20 03:30:18 gz /tmp/work/dist/zonos-elements/p-2d6557ee.system.min.js -> /output/dist/zonos-elements/p-2d6557ee.system.min.js.gz
2025/06/20 03:30:18 sri /tmp/work/dist/zonos-elements/p-2d6557ee.system.js -> /output/dist/zonos-elements/p-2d6557ee.system.js.sri
2025/06/20 03:30:18 algorithm: run /usr/bin/brotli --quality=11 --output=/output/dist/zonos-elements/p-2d6557ee.system.js.br /tmp/work/dist/zonos-elements/p-2d6557ee.system.js
2025/06/20 03:30:18 br /tmp/work/dist/zonos-elements/p-2d6557ee.system.js -> /output/dist/zonos-elements/p-2d6557ee.system.js.br
2025/06/20 03:30:18 gz /tmp/work/dist/zonos-elements/p-2d6557ee.system.js -> /output/dist/zonos-elements/p-2d6557ee.system.js.gz
2025/06/20 03:30:18 compress: run /node_modules/uglify-js/bin/uglifyjs (3.15.4) [--mangle --compress if_return=true -o /tmp/work/dist/zonos-elements/p-32320d9a.system.min.js /tmp/work/dist/zonos-elements/p-32320d9a.system.js]
2025/06/20 03:30:18 sri /tmp/work/dist/zonos-elements/p-2b8345d8.system.min.js -> /output/dist/zonos-elements/p-2b8345d8.system.min.js.sri
2025/06/20 03:30:18 algorithm: run /usr/bin/brotli --quality=11 --output=/output/dist/zonos-elements/p-2b8345d8.system.min.js.br /tmp/work/dist/zonos-elements/p-2b8345d8.system.min.js
2025/06/20 03:30:18 br /tmp/work/dist/zonos-elements/p-2b8345d8.system.min.js -> /output/dist/zonos-elements/p-2b8345d8.system.min.js.br
2025/06/20 03:30:18 gz /tmp/work/dist/zonos-elements/p-2b8345d8.system.min.js -> /output/dist/zonos-elements/p-2b8345d8.system.min.js.gz
2025/06/20 03:30:18 sri /tmp/work/dist/zonos-elements/p-2b8345d8.system.js -> /output/dist/zonos-elements/p-2b8345d8.system.js.sri
2025/06/20 03:30:18 algorithm: run /usr/bin/brotli --quality=11 --output=/output/dist/zonos-elements/p-2b8345d8.system.js.br /tmp/work/dist/zonos-elements/p-2b8345d8.system.js
2025/06/20 03:30:18 br /tmp/work/dist/zonos-elements/p-2b8345d8.system.js -> /output/dist/zonos-elements/p-2b8345d8.system.js.br
2025/06/20 03:30:18 gz /tmp/work/dist/zonos-elements/p-2b8345d8.system.js -> /output/dist/zonos-elements/p-2b8345d8.system.js.gz
2025/06/20 03:30:18 compress: run /node_modules/uglify-js/bin/uglifyjs (3.15.4) [--mangle --compress if_return=true -o /tmp/work/dist/zonos-elements/p-3284f459.system.entry.min.js /tmp/work/dist/zonos-elements/p-3284f459.system.entry.js]
2025/06/20 03:30:18 sri /tmp/work/dist/zonos-elements/p-1b75aa35.system.min.js -> /output/dist/zonos-elements/p-1b75aa35.system.min.js.sri
2025/06/20 03:30:18 algorithm: run /usr/bin/brotli --quality=11 --output=/output/dist/zonos-elements/p-1b75aa35.system.min.js.br /tmp/work/dist/zonos-elements/p-1b75aa35.system.min.js
2025/06/20 03:30:18 br /tmp/work/dist/zonos-elements/p-1b75aa35.system.min.js -> /output/dist/zonos-elements/p-1b75aa35.system.min.js.br
2025/06/20 03:30:18 gz /tmp/work/dist/zonos-elements/p-1b75aa35.system.min.js -> /output/dist/zonos-elements/p-1b75aa35.system.min.js.gz
2025/06/20 03:30:18 sri /tmp/work/dist/zonos-elements/p-1b75aa35.system.js -> /output/dist/zonos-elements/p-1b75aa35.system.js.sri
2025/06/20 03:30:18 algorithm: run /usr/bin/brotli --quality=11 --output=/output/dist/zonos-elements/p-1b75aa35.system.js.br /tmp/work/dist/zonos-elements/p-1b75aa35.system.js
2025/06/20 03:30:18 br /tmp/work/dist/zonos-elements/p-1b75aa35.system.js -> /output/dist/zonos-elements/p-1b75aa35.system.js.br
2025/06/20 03:30:18 gz /tmp/work/dist/zonos-elements/p-1b75aa35.system.js -> /output/dist/zonos-elements/p-1b75aa35.system.js.gz
2025/06/20 03:30:18 compress: run /node_modules/uglify-js/bin/uglifyjs (3.15.4) [--mangle --compress if_return=true -o /tmp/work/dist/zonos-elements/p-3d82a352.min.js /tmp/work/dist/zonos-elements/p-3d82a352.js]
2025/06/20 03:30:18 sri /tmp/work/dist/zonos-elements/p-3284f459.system.entry.min.js -> /output/dist/zonos-elements/p-3284f459.system.entry.min.js.sri
2025/06/20 03:30:18 algorithm: run /usr/bin/brotli --quality=11 --output=/output/dist/zonos-elements/p-3284f459.system.entry.min.js.br /tmp/work/dist/zonos-elements/p-3284f459.system.entry.min.js
2025/06/20 03:30:18 br /tmp/work/dist/zonos-elements/p-3284f459.system.entry.min.js -> /output/dist/zonos-elements/p-3284f459.system.entry.min.js.br
2025/06/20 03:30:18 gz /tmp/work/dist/zonos-elements/p-3284f459.system.entry.min.js -> /output/dist/zonos-elements/p-3284f459.system.entry.min.js.gz
2025/06/20 03:30:18 sri /tmp/work/dist/zonos-elements/p-3284f459.system.entry.js -> /output/dist/zonos-elements/p-3284f459.system.entry.js.sri
2025/06/20 03:30:18 algorithm: run /usr/bin/brotli --quality=11 --output=/output/dist/zonos-elements/p-3284f459.system.entry.js.br /tmp/work/dist/zonos-elements/p-3284f459.system.entry.js
2025/06/20 03:30:18 br /tmp/work/dist/zonos-elements/p-3284f459.system.entry.js -> /output/dist/zonos-elements/p-3284f459.system.entry.js.br
2025/06/20 03:30:18 gz /tmp/work/dist/zonos-elements/p-3284f459.system.entry.js -> /output/dist/zonos-elements/p-3284f459.system.entry.js.gz
2025/06/20 03:30:18 compress: run /node_modules/uglify-js/bin/uglifyjs (3.15.4) [--mangle --compress if_return=true -o /tmp/work/dist/zonos-elements/p-3f1a2d31.min.js /tmp/work/dist/zonos-elements/p-3f1a2d31.js]
2025/06/20 03:30:19 sri /tmp/work/dist/zonos-elements/p-3d82a352.min.js -> /output/dist/zonos-elements/p-3d82a352.min.js.sri
2025/06/20 03:30:19 algorithm: run /usr/bin/brotli --quality=11 --output=/output/dist/zonos-elements/p-3d82a352.min.js.br /tmp/work/dist/zonos-elements/p-3d82a352.min.js
2025/06/20 03:30:19 sri /tmp/work/dist/zonos-elements/p-30cfa524.entry.min.js -> /output/dist/zonos-elements/p-30cfa524.entry.min.js.sri
2025/06/20 03:30:19 algorithm: run /usr/bin/brotli --quality=11 --output=/output/dist/zonos-elements/p-30cfa524.entry.min.js.br /tmp/work/dist/zonos-elements/p-30cfa524.entry.min.js
2025/06/20 03:30:19 br /tmp/work/dist/zonos-elements/p-3d82a352.min.js -> /output/dist/zonos-elements/p-3d82a352.min.js.br
2025/06/20 03:30:19 gz /tmp/work/dist/zonos-elements/p-3d82a352.min.js -> /output/dist/zonos-elements/p-3d82a352.min.js.gz
2025/06/20 03:30:19 sri /tmp/work/dist/zonos-elements/p-3d82a352.js -> /output/dist/zonos-elements/p-3d82a352.js.sri
2025/06/20 03:30:19 algorithm: run /usr/bin/brotli --quality=11 --output=/output/dist/zonos-elements/p-3d82a352.js.br /tmp/work/dist/zonos-elements/p-3d82a352.js
2025/06/20 03:30:19 br /tmp/work/dist/zonos-elements/p-3d82a352.js -> /output/dist/zonos-elements/p-3d82a352.js.br
2025/06/20 03:30:19 gz /tmp/work/dist/zonos-elements/p-3d82a352.js -> /output/dist/zonos-elements/p-3d82a352.js.gz
2025/06/20 03:30:19 compress: run /node_modules/uglify-js/bin/uglifyjs (3.15.4) [--mangle --compress if_return=true -o /tmp/work/dist/zonos-elements/p-4160bbc2.system.min.js /tmp/work/dist/zonos-elements/p-4160bbc2.system.js]
2025/06/20 03:30:19 br /tmp/work/dist/zonos-elements/p-30cfa524.entry.min.js -> /output/dist/zonos-elements/p-30cfa524.entry.min.js.br
2025/06/20 03:30:19 gz /tmp/work/dist/zonos-elements/p-30cfa524.entry.min.js -> /output/dist/zonos-elements/p-30cfa524.entry.min.js.gz
2025/06/20 03:30:19 sri /tmp/work/dist/zonos-elements/p-30cfa524.entry.js -> /output/dist/zonos-elements/p-30cfa524.entry.js.sri
2025/06/20 03:30:19 algorithm: run /usr/bin/brotli --quality=11 --output=/output/dist/zonos-elements/p-30cfa524.entry.js.br /tmp/work/dist/zonos-elements/p-30cfa524.entry.js
2025/06/20 03:30:19 br /tmp/work/dist/zonos-elements/p-30cfa524.entry.js -> /output/dist/zonos-elements/p-30cfa524.entry.js.br
2025/06/20 03:30:19 gz /tmp/work/dist/zonos-elements/p-30cfa524.entry.js -> /output/dist/zonos-elements/p-30cfa524.entry.js.gz
2025/06/20 03:30:19 compress: run /node_modules/uglify-js/bin/uglifyjs (3.15.4) [--mangle --compress if_return=true -o /tmp/work/dist/zonos-elements/p-43633269.system.min.js /tmp/work/dist/zonos-elements/p-43633269.system.js]
2025/06/20 03:30:19 sri /tmp/work/dist/zonos-elements/p-3f1a2d31.min.js -> /output/dist/zonos-elements/p-3f1a2d31.min.js.sri
2025/06/20 03:30:19 algorithm: run /usr/bin/brotli --quality=11 --output=/output/dist/zonos-elements/p-3f1a2d31.min.js.br /tmp/work/dist/zonos-elements/p-3f1a2d31.min.js
2025/06/20 03:30:19 br /tmp/work/dist/zonos-elements/p-3f1a2d31.min.js -> /output/dist/zonos-elements/p-3f1a2d31.min.js.br
2025/06/20 03:30:19 gz /tmp/work/dist/zonos-elements/p-3f1a2d31.min.js -> /output/dist/zonos-elements/p-3f1a2d31.min.js.gz
2025/06/20 03:30:19 sri /tmp/work/dist/zonos-elements/p-3f1a2d31.js -> /output/dist/zonos-elements/p-3f1a2d31.js.sri
2025/06/20 03:30:19 algorithm: run /usr/bin/brotli --quality=11 --output=/output/dist/zonos-elements/p-3f1a2d31.js.br /tmp/work/dist/zonos-elements/p-3f1a2d31.js
2025/06/20 03:30:19 br /tmp/work/dist/zonos-elements/p-3f1a2d31.js -> /output/dist/zonos-elements/p-3f1a2d31.js.br
2025/06/20 03:30:19 gz /tmp/work/dist/zonos-elements/p-3f1a2d31.js -> /output/dist/zonos-elements/p-3f1a2d31.js.gz
2025/06/20 03:30:19 compress: run /node_modules/uglify-js/bin/uglifyjs (3.15.4) [--mangle --compress if_return=true -o /tmp/work/dist/zonos-elements/p-452070af.system.entry.min.js /tmp/work/dist/zonos-elements/p-452070af.system.entry.js]
2025/06/20 03:30:19 sri /tmp/work/dist/zonos-elements/p-1dcdb65f.system.entry.min.js -> /output/dist/zonos-elements/p-1dcdb65f.system.entry.min.js.sri
2025/06/20 03:30:19 algorithm: run /usr/bin/brotli --quality=11 --output=/output/dist/zonos-elements/p-1dcdb65f.system.entry.min.js.br /tmp/work/dist/zonos-elements/p-1dcdb65f.system.entry.min.js
2025/06/20 03:30:19 br /tmp/work/dist/zonos-elements/p-1dcdb65f.system.entry.min.js -> /output/dist/zonos-elements/p-1dcdb65f.system.entry.min.js.br
2025/06/20 03:30:19 gz /tmp/work/dist/zonos-elements/p-1dcdb65f.system.entry.min.js -> /output/dist/zonos-elements/p-1dcdb65f.system.entry.min.js.gz
2025/06/20 03:30:19 sri /tmp/work/dist/zonos-elements/p-1dcdb65f.system.entry.js -> /output/dist/zonos-elements/p-1dcdb65f.system.entry.js.sri
2025/06/20 03:30:19 algorithm: run /usr/bin/brotli --quality=11 --output=/output/dist/zonos-elements/p-1dcdb65f.system.entry.js.br /tmp/work/dist/zonos-elements/p-1dcdb65f.system.entry.js
2025/06/20 03:30:19 sri /tmp/work/dist/zonos-elements/p-4160bbc2.system.min.js -> /output/dist/zonos-elements/p-4160bbc2.system.min.js.sri
2025/06/20 03:30:19 algorithm: run /usr/bin/brotli --quality=11 --output=/output/dist/zonos-elements/p-4160bbc2.system.min.js.br /tmp/work/dist/zonos-elements/p-4160bbc2.system.min.js
2025/06/20 03:30:19 br /tmp/work/dist/zonos-elements/p-4160bbc2.system.min.js -> /output/dist/zonos-elements/p-4160bbc2.system.min.js.br
2025/06/20 03:30:19 gz /tmp/work/dist/zonos-elements/p-4160bbc2.system.min.js -> /output/dist/zonos-elements/p-4160bbc2.system.min.js.gz
2025/06/20 03:30:19 sri /tmp/work/dist/zonos-elements/p-4160bbc2.system.js -> /output/dist/zonos-elements/p-4160bbc2.system.js.sri
2025/06/20 03:30:19 algorithm: run /usr/bin/brotli --quality=11 --output=/output/dist/zonos-elements/p-4160bbc2.system.js.br /tmp/work/dist/zonos-elements/p-4160bbc2.system.js
2025/06/20 03:30:19 br /tmp/work/dist/zonos-elements/p-4160bbc2.system.js -> /output/dist/zonos-elements/p-4160bbc2.system.js.br
2025/06/20 03:30:19 gz /tmp/work/dist/zonos-elements/p-4160bbc2.system.js -> /output/dist/zonos-elements/p-4160bbc2.system.js.gz
2025/06/20 03:30:19 compress: run /node_modules/uglify-js/bin/uglifyjs (3.15.4) [--mangle --compress if_return=true -o /tmp/work/dist/zonos-elements/p-45ebc788.entry.min.js /tmp/work/dist/zonos-elements/p-45ebc788.entry.js]
2025/06/20 03:30:19 sri /tmp/work/dist/zonos-elements/p-2b8f787a.entry.min.js -> /output/dist/zonos-elements/p-2b8f787a.entry.min.js.sri
2025/06/20 03:30:19 algorithm: run /usr/bin/brotli --quality=11 --output=/output/dist/zonos-elements/p-2b8f787a.entry.min.js.br /tmp/work/dist/zonos-elements/p-2b8f787a.entry.min.js
2025/06/20 03:30:19 sri /tmp/work/dist/zonos-elements/p-452070af.system.entry.min.js -> /output/dist/zonos-elements/p-452070af.system.entry.min.js.sri
2025/06/20 03:30:19 algorithm: run /usr/bin/brotli --quality=11 --output=/output/dist/zonos-elements/p-452070af.system.entry.min.js.br /tmp/work/dist/zonos-elements/p-452070af.system.entry.min.js
2025/06/20 03:30:19 br /tmp/work/dist/zonos-elements/p-452070af.system.entry.min.js -> /output/dist/zonos-elements/p-452070af.system.entry.min.js.br
2025/06/20 03:30:19 gz /tmp/work/dist/zonos-elements/p-452070af.system.entry.min.js -> /output/dist/zonos-elements/p-452070af.system.entry.min.js.gz
2025/06/20 03:30:19 sri /tmp/work/dist/zonos-elements/p-452070af.system.entry.js -> /output/dist/zonos-elements/p-452070af.system.entry.js.sri
2025/06/20 03:30:19 algorithm: run /usr/bin/brotli --quality=11 --output=/output/dist/zonos-elements/p-452070af.system.entry.js.br /tmp/work/dist/zonos-elements/p-452070af.system.entry.js
2025/06/20 03:30:19 br /tmp/work/dist/zonos-elements/p-1dcdb65f.system.entry.js -> /output/dist/zonos-elements/p-1dcdb65f.system.entry.js.br
2025/06/20 03:30:19 gz /tmp/work/dist/zonos-elements/p-1dcdb65f.system.entry.js -> /output/dist/zonos-elements/p-1dcdb65f.system.entry.js.gz
2025/06/20 03:30:19 compress: run /node_modules/uglify-js/bin/uglifyjs (3.15.4) [--mangle --compress if_return=true -o /tmp/work/dist/zonos-elements/p-488ad646.system.entry.min.js /tmp/work/dist/zonos-elements/p-488ad646.system.entry.js]
2025/06/20 03:30:19 br /tmp/work/dist/zonos-elements/p-452070af.system.entry.js -> /output/dist/zonos-elements/p-452070af.system.entry.js.br
2025/06/20 03:30:19 gz /tmp/work/dist/zonos-elements/p-452070af.system.entry.js -> /output/dist/zonos-elements/p-452070af.system.entry.js.gz
2025/06/20 03:30:19 compress: run /node_modules/uglify-js/bin/uglifyjs (3.15.4) [--mangle --compress if_return=true -o /tmp/work/dist/zonos-elements/p-4c81112f.entry.min.js /tmp/work/dist/zonos-elements/p-4c81112f.entry.js]
2025/06/20 03:30:19 br /tmp/work/dist/zonos-elements/p-2b8f787a.entry.min.js -> /output/dist/zonos-elements/p-2b8f787a.entry.min.js.br
2025/06/20 03:30:19 gz /tmp/work/dist/zonos-elements/p-2b8f787a.entry.min.js -> /output/dist/zonos-elements/p-2b8f787a.entry.min.js.gz
2025/06/20 03:30:19 sri /tmp/work/dist/zonos-elements/p-2b8f787a.entry.js -> /output/dist/zonos-elements/p-2b8f787a.entry.js.sri
2025/06/20 03:30:19 algorithm: run /usr/bin/brotli --quality=11 --output=/output/dist/zonos-elements/p-2b8f787a.entry.js.br /tmp/work/dist/zonos-elements/p-2b8f787a.entry.js
2025/06/20 03:30:19 br /tmp/work/dist/zonos-elements/p-2b8f787a.entry.js -> /output/dist/zonos-elements/p-2b8f787a.entry.js.br
2025/06/20 03:30:19 gz /tmp/work/dist/zonos-elements/p-2b8f787a.entry.js -> /output/dist/zonos-elements/p-2b8f787a.entry.js.gz
2025/06/20 03:30:19 compress: run /node_modules/uglify-js/bin/uglifyjs (3.15.4) [--mangle --compress if_return=true -o /tmp/work/dist/zonos-elements/p-4efa8187.min.js /tmp/work/dist/zonos-elements/p-4efa8187.js]
2025/06/20 03:30:19 sri /tmp/work/dist/zonos-elements/p-45ebc788.entry.min.js -> /output/dist/zonos-elements/p-45ebc788.entry.min.js.sri
2025/06/20 03:30:19 algorithm: run /usr/bin/brotli --quality=11 --output=/output/dist/zonos-elements/p-45ebc788.entry.min.js.br /tmp/work/dist/zonos-elements/p-45ebc788.entry.min.js
2025/06/20 03:30:19 br /tmp/work/dist/zonos-elements/p-45ebc788.entry.min.js -> /output/dist/zonos-elements/p-45ebc788.entry.min.js.br
2025/06/20 03:30:19 gz /tmp/work/dist/zonos-elements/p-45ebc788.entry.min.js -> /output/dist/zonos-elements/p-45ebc788.entry.min.js.gz
2025/06/20 03:30:19 sri /tmp/work/dist/zonos-elements/p-45ebc788.entry.js -> /output/dist/zonos-elements/p-45ebc788.entry.js.sri
2025/06/20 03:30:19 algorithm: run /usr/bin/brotli --quality=11 --output=/output/dist/zonos-elements/p-45ebc788.entry.js.br /tmp/work/dist/zonos-elements/p-45ebc788.entry.js
2025/06/20 03:30:19 br /tmp/work/dist/zonos-elements/p-45ebc788.entry.js -> /output/dist/zonos-elements/p-45ebc788.entry.js.br
2025/06/20 03:30:19 gz /tmp/work/dist/zonos-elements/p-45ebc788.entry.js -> /output/dist/zonos-elements/p-45ebc788.entry.js.gz
2025/06/20 03:30:19 compress: run /node_modules/uglify-js/bin/uglifyjs (3.15.4) [--mangle --compress if_return=true -o /tmp/work/dist/zonos-elements/p-5170bc41.entry.min.js /tmp/work/dist/zonos-elements/p-5170bc41.entry.js]
2025/06/20 03:30:19 sri /tmp/work/dist/zonos-elements/p-488ad646.system.entry.min.js -> /output/dist/zonos-elements/p-488ad646.system.entry.min.js.sri
2025/06/20 03:30:19 algorithm: run /usr/bin/brotli --quality=11 --output=/output/dist/zonos-elements/p-488ad646.system.entry.min.js.br /tmp/work/dist/zonos-elements/p-488ad646.system.entry.min.js
2025/06/20 03:30:19 br /tmp/work/dist/zonos-elements/p-488ad646.system.entry.min.js -> /output/dist/zonos-elements/p-488ad646.system.entry.min.js.br
2025/06/20 03:30:19 gz /tmp/work/dist/zonos-elements/p-488ad646.system.entry.min.js -> /output/dist/zonos-elements/p-488ad646.system.entry.min.js.gz
2025/06/20 03:30:19 sri /tmp/work/dist/zonos-elements/p-488ad646.system.entry.js -> /output/dist/zonos-elements/p-488ad646.system.entry.js.sri
2025/06/20 03:30:19 algorithm: run /usr/bin/brotli --quality=11 --output=/output/dist/zonos-elements/p-488ad646.system.entry.js.br /tmp/work/dist/zonos-elements/p-488ad646.system.entry.js
2025/06/20 03:30:19 sri /tmp/work/dist/zonos-elements/p-0f77d087.system.entry.min.js -> /output/dist/zonos-elements/p-0f77d087.system.entry.min.js.sri
2025/06/20 03:30:19 algorithm: run /usr/bin/brotli --quality=11 --output=/output/dist/zonos-elements/p-0f77d087.system.entry.min.js.br /tmp/work/dist/zonos-elements/p-0f77d087.system.entry.min.js
2025/06/20 03:30:19 br /tmp/work/dist/zonos-elements/p-488ad646.system.entry.js -> /output/dist/zonos-elements/p-488ad646.system.entry.js.br
2025/06/20 03:30:19 gz /tmp/work/dist/zonos-elements/p-488ad646.system.entry.js -> /output/dist/zonos-elements/p-488ad646.system.entry.js.gz
2025/06/20 03:30:19 compress: run /node_modules/uglify-js/bin/uglifyjs (3.15.4) [--mangle --compress if_return=true -o /tmp/work/dist/zonos-elements/p-56ba5cbf.system.min.js /tmp/work/dist/zonos-elements/p-56ba5cbf.system.js]
2025/06/20 03:30:20 sri /tmp/work/dist/zonos-elements/p-4c81112f.entry.min.js -> /output/dist/zonos-elements/p-4c81112f.entry.min.js.sri
2025/06/20 03:30:20 algorithm: run /usr/bin/brotli --quality=11 --output=/output/dist/zonos-elements/p-4c81112f.entry.min.js.br /tmp/work/dist/zonos-elements/p-4c81112f.entry.min.js
2025/06/20 03:30:20 br /tmp/work/dist/zonos-elements/p-4c81112f.entry.min.js -> /output/dist/zonos-elements/p-4c81112f.entry.min.js.br
2025/06/20 03:30:20 gz /tmp/work/dist/zonos-elements/p-4c81112f.entry.min.js -> /output/dist/zonos-elements/p-4c81112f.entry.min.js.gz
2025/06/20 03:30:20 sri /tmp/work/dist/zonos-elements/p-4c81112f.entry.js -> /output/dist/zonos-elements/p-4c81112f.entry.js.sri
2025/06/20 03:30:20 algorithm: run /usr/bin/brotli --quality=11 --output=/output/dist/zonos-elements/p-4c81112f.entry.js.br /tmp/work/dist/zonos-elements/p-4c81112f.entry.js
2025/06/20 03:30:20 br /tmp/work/dist/zonos-elements/p-4c81112f.entry.js -> /output/dist/zonos-elements/p-4c81112f.entry.js.br
2025/06/20 03:30:20 gz /tmp/work/dist/zonos-elements/p-4c81112f.entry.js -> /output/dist/zonos-elements/p-4c81112f.entry.js.gz
2025/06/20 03:30:20 compress: run /node_modules/uglify-js/bin/uglifyjs (3.15.4) [--mangle --compress if_return=true -o /tmp/work/dist/zonos-elements/p-5883217a.min.js /tmp/work/dist/zonos-elements/p-5883217a.js]
2025/06/20 03:30:20 sri /tmp/work/dist/zonos-elements/p-56ba5cbf.system.min.js -> /output/dist/zonos-elements/p-56ba5cbf.system.min.js.sri
2025/06/20 03:30:20 algorithm: run /usr/bin/brotli --quality=11 --output=/output/dist/zonos-elements/p-56ba5cbf.system.min.js.br /tmp/work/dist/zonos-elements/p-56ba5cbf.system.min.js
2025/06/20 03:30:20 br /tmp/work/dist/zonos-elements/p-56ba5cbf.system.min.js -> /output/dist/zonos-elements/p-56ba5cbf.system.min.js.br
2025/06/20 03:30:20 gz /tmp/work/dist/zonos-elements/p-56ba5cbf.system.min.js -> /output/dist/zonos-elements/p-56ba5cbf.system.min.js.gz
2025/06/20 03:30:20 sri /tmp/work/dist/zonos-elements/p-56ba5cbf.system.js -> /output/dist/zonos-elements/p-56ba5cbf.system.js.sri
2025/06/20 03:30:20 algorithm: run /usr/bin/brotli --quality=11 --output=/output/dist/zonos-elements/p-56ba5cbf.system.js.br /tmp/work/dist/zonos-elements/p-56ba5cbf.system.js
2025/06/20 03:30:20 br /tmp/work/dist/zonos-elements/p-56ba5cbf.system.js -> /output/dist/zonos-elements/p-56ba5cbf.system.js.br
2025/06/20 03:30:20 gz /tmp/work/dist/zonos-elements/p-56ba5cbf.system.js -> /output/dist/zonos-elements/p-56ba5cbf.system.js.gz
2025/06/20 03:30:20 compress: run /node_modules/uglify-js/bin/uglifyjs (3.15.4) [--mangle --compress if_return=true -o /tmp/work/dist/zonos-elements/p-595f5dd2.min.js /tmp/work/dist/zonos-elements/p-595f5dd2.js]
2025/06/20 03:30:20 sri /tmp/work/dist/zonos-elements/p-5170bc41.entry.min.js -> /output/dist/zonos-elements/p-5170bc41.entry.min.js.sri
2025/06/20 03:30:20 algorithm: run /usr/bin/brotli --quality=11 --output=/output/dist/zonos-elements/p-5170bc41.entry.min.js.br /tmp/work/dist/zonos-elements/p-5170bc41.entry.min.js
2025/06/20 03:30:20 br /tmp/work/dist/zonos-elements/p-5170bc41.entry.min.js -> /output/dist/zonos-elements/p-5170bc41.entry.min.js.br
2025/06/20 03:30:20 gz /tmp/work/dist/zonos-elements/p-5170bc41.entry.min.js -> /output/dist/zonos-elements/p-5170bc41.entry.min.js.gz
2025/06/20 03:30:20 sri /tmp/work/dist/zonos-elements/p-5170bc41.entry.js -> /output/dist/zonos-elements/p-5170bc41.entry.js.sri
2025/06/20 03:30:20 algorithm: run /usr/bin/brotli --quality=11 --output=/output/dist/zonos-elements/p-5170bc41.entry.js.br /tmp/work/dist/zonos-elements/p-5170bc41.entry.js
2025/06/20 03:30:20 br /tmp/work/dist/zonos-elements/p-5170bc41.entry.js -> /output/dist/zonos-elements/p-5170bc41.entry.js.br
2025/06/20 03:30:20 gz /tmp/work/dist/zonos-elements/p-5170bc41.entry.js -> /output/dist/zonos-elements/p-5170bc41.entry.js.gz
2025/06/20 03:30:20 compress: run /node_modules/uglify-js/bin/uglifyjs (3.15.4) [--mangle --compress if_return=true -o /tmp/work/dist/zonos-elements/p-5a2dd041.system.min.js /tmp/work/dist/zonos-elements/p-5a2dd041.system.js]
2025/06/20 03:30:20 br /tmp/work/dist/zonos-elements/p-0f77d087.system.entry.min.js -> /output/dist/zonos-elements/p-0f77d087.system.entry.min.js.br
2025/06/20 03:30:20 gz /tmp/work/dist/zonos-elements/p-0f77d087.system.entry.min.js -> /output/dist/zonos-elements/p-0f77d087.system.entry.min.js.gz
2025/06/20 03:30:20 sri /tmp/work/dist/zonos-elements/p-0f77d087.system.entry.js -> /output/dist/zonos-elements/p-0f77d087.system.entry.js.sri
2025/06/20 03:30:20 algorithm: run /usr/bin/brotli --quality=11 --output=/output/dist/zonos-elements/p-0f77d087.system.entry.js.br /tmp/work/dist/zonos-elements/p-0f77d087.system.entry.js
2025/06/20 03:30:20 sri /tmp/work/dist/zonos-elements/p-5883217a.min.js -> /output/dist/zonos-elements/p-5883217a.min.js.sri
2025/06/20 03:30:20 algorithm: run /usr/bin/brotli --quality=11 --output=/output/dist/zonos-elements/p-5883217a.min.js.br /tmp/work/dist/zonos-elements/p-5883217a.min.js
2025/06/20 03:30:20 br /tmp/work/dist/zonos-elements/p-5883217a.min.js -> /output/dist/zonos-elements/p-5883217a.min.js.br
2025/06/20 03:30:20 gz /tmp/work/dist/zonos-elements/p-5883217a.min.js -> /output/dist/zonos-elements/p-5883217a.min.js.gz
2025/06/20 03:30:20 sri /tmp/work/dist/zonos-elements/p-5883217a.js -> /output/dist/zonos-elements/p-5883217a.js.sri
2025/06/20 03:30:20 algorithm: run /usr/bin/brotli --quality=11 --output=/output/dist/zonos-elements/p-5883217a.js.br /tmp/work/dist/zonos-elements/p-5883217a.js
2025/06/20 03:30:20 br /tmp/work/dist/zonos-elements/p-5883217a.js -> /output/dist/zonos-elements/p-5883217a.js.br
2025/06/20 03:30:20 gz /tmp/work/dist/zonos-elements/p-5883217a.js -> /output/dist/zonos-elements/p-5883217a.js.gz
2025/06/20 03:30:20 compress: run /node_modules/uglify-js/bin/uglifyjs (3.15.4) [--mangle --compress if_return=true -o /tmp/work/dist/zonos-elements/p-5c74e5c9.system.entry.min.js /tmp/work/dist/zonos-elements/p-5c74e5c9.system.entry.js]
2025/06/20 03:30:20 sri /tmp/work/dist/zonos-elements/p-595f5dd2.min.js -> /output/dist/zonos-elements/p-595f5dd2.min.js.sri
2025/06/20 03:30:20 algorithm: run /usr/bin/brotli --quality=11 --output=/output/dist/zonos-elements/p-595f5dd2.min.js.br /tmp/work/dist/zonos-elements/p-595f5dd2.min.js
2025/06/20 03:30:20 br /tmp/work/dist/zonos-elements/p-595f5dd2.min.js -> /output/dist/zonos-elements/p-595f5dd2.min.js.br
2025/06/20 03:30:20 gz /tmp/work/dist/zonos-elements/p-595f5dd2.min.js -> /output/dist/zonos-elements/p-595f5dd2.min.js.gz
2025/06/20 03:30:20 sri /tmp/work/dist/zonos-elements/p-595f5dd2.js -> /output/dist/zonos-elements/p-595f5dd2.js.sri
2025/06/20 03:30:20 algorithm: run /usr/bin/brotli --quality=11 --output=/output/dist/zonos-elements/p-595f5dd2.js.br /tmp/work/dist/zonos-elements/p-595f5dd2.js
2025/06/20 03:30:20 br /tmp/work/dist/zonos-elements/p-595f5dd2.js -> /output/dist/zonos-elements/p-595f5dd2.js.br
2025/06/20 03:30:20 gz /tmp/work/dist/zonos-elements/p-595f5dd2.js -> /output/dist/zonos-elements/p-595f5dd2.js.gz
2025/06/20 03:30:20 compress: run /node_modules/uglify-js/bin/uglifyjs (3.15.4) [--mangle --compress if_return=true -o /tmp/work/dist/zonos-elements/p-5d0f7364.system.min.js /tmp/work/dist/zonos-elements/p-5d0f7364.system.js]
2025/06/20 03:30:20 sri /tmp/work/dist/zonos-elements/p-5a2dd041.system.min.js -> /output/dist/zonos-elements/p-5a2dd041.system.min.js.sri
2025/06/20 03:30:20 algorithm: run /usr/bin/brotli --quality=11 --output=/output/dist/zonos-elements/p-5a2dd041.system.min.js.br /tmp/work/dist/zonos-elements/p-5a2dd041.system.min.js
2025/06/20 03:30:20 br /tmp/work/dist/zonos-elements/p-5a2dd041.system.min.js -> /output/dist/zonos-elements/p-5a2dd041.system.min.js.br
2025/06/20 03:30:20 gz /tmp/work/dist/zonos-elements/p-5a2dd041.system.min.js -> /output/dist/zonos-elements/p-5a2dd041.system.min.js.gz
2025/06/20 03:30:20 sri /tmp/work/dist/zonos-elements/p-5a2dd041.system.js -> /output/dist/zonos-elements/p-5a2dd041.system.js.sri
2025/06/20 03:30:20 algorithm: run /usr/bin/brotli --quality=11 --output=/output/dist/zonos-elements/p-5a2dd041.system.js.br /tmp/work/dist/zonos-elements/p-5a2dd041.system.js
2025/06/20 03:30:20 sri /tmp/work/dist/zonos-elements/p-32320d9a.system.min.js -> /output/dist/zonos-elements/p-32320d9a.system.min.js.sri
2025/06/20 03:30:20 algorithm: run /usr/bin/brotli --quality=11 --output=/output/dist/zonos-elements/p-32320d9a.system.min.js.br /tmp/work/dist/zonos-elements/p-32320d9a.system.min.js
2025/06/20 03:30:20 br /tmp/work/dist/zonos-elements/p-5a2dd041.system.js -> /output/dist/zonos-elements/p-5a2dd041.system.js.br
2025/06/20 03:30:20 gz /tmp/work/dist/zonos-elements/p-5a2dd041.system.js -> /output/dist/zonos-elements/p-5a2dd041.system.js.gz
2025/06/20 03:30:20 compress: run /node_modules/uglify-js/bin/uglifyjs (3.15.4) [--mangle --compress if_return=true -o /tmp/work/dist/zonos-elements/p-5e1b2654.system.min.js /tmp/work/dist/zonos-elements/p-5e1b2654.system.js]
2025/06/20 03:30:20 br /tmp/work/dist/zonos-elements/p-0f77d087.system.entry.js -> /output/dist/zonos-elements/p-0f77d087.system.entry.js.br
2025/06/20 03:30:20 gz /tmp/work/dist/zonos-elements/p-0f77d087.system.entry.js -> /output/dist/zonos-elements/p-0f77d087.system.entry.js.gz
2025/06/20 03:30:20 compress: run /node_modules/uglify-js/bin/uglifyjs (3.15.4) [--mangle --compress if_return=true -o /tmp/work/dist/zonos-elements/p-6a52a2bc.system.entry.min.js /tmp/work/dist/zonos-elements/p-6a52a2bc.system.entry.js]
2025/06/20 03:30:20 br /tmp/work/dist/zonos-elements/p-32320d9a.system.min.js -> /output/dist/zonos-elements/p-32320d9a.system.min.js.br
2025/06/20 03:30:20 gz /tmp/work/dist/zonos-elements/p-32320d9a.system.min.js -> /output/dist/zonos-elements/p-32320d9a.system.min.js.gz
2025/06/20 03:30:20 sri /tmp/work/dist/zonos-elements/p-32320d9a.system.js -> /output/dist/zonos-elements/p-32320d9a.system.js.sri
2025/06/20 03:30:20 algorithm: run /usr/bin/brotli --quality=11 --output=/output/dist/zonos-elements/p-32320d9a.system.js.br /tmp/work/dist/zonos-elements/p-32320d9a.system.js
2025/06/20 03:30:20 br /tmp/work/dist/zonos-elements/p-32320d9a.system.js -> /output/dist/zonos-elements/p-32320d9a.system.js.br
2025/06/20 03:30:20 gz /tmp/work/dist/zonos-elements/p-32320d9a.system.js -> /output/dist/zonos-elements/p-32320d9a.system.js.gz
2025/06/20 03:30:20 compress: run /node_modules/uglify-js/bin/uglifyjs (3.15.4) [--mangle --compress if_return=true -o /tmp/work/dist/zonos-elements/p-6b361d2b.min.js /tmp/work/dist/zonos-elements/p-6b361d2b.js]
2025/06/20 03:30:21 sri /tmp/work/dist/zonos-elements/p-5e1b2654.system.min.js -> /output/dist/zonos-elements/p-5e1b2654.system.min.js.sri
2025/06/20 03:30:21 algorithm: run /usr/bin/brotli --quality=11 --output=/output/dist/zonos-elements/p-5e1b2654.system.min.js.br /tmp/work/dist/zonos-elements/p-5e1b2654.system.min.js
2025/06/20 03:30:21 br /tmp/work/dist/zonos-elements/p-5e1b2654.system.min.js -> /output/dist/zonos-elements/p-5e1b2654.system.min.js.br
2025/06/20 03:30:21 gz /tmp/work/dist/zonos-elements/p-5e1b2654.system.min.js -> /output/dist/zonos-elements/p-5e1b2654.system.min.js.gz
2025/06/20 03:30:21 sri /tmp/work/dist/zonos-elements/p-5e1b2654.system.js -> /output/dist/zonos-elements/p-5e1b2654.system.js.sri
2025/06/20 03:30:21 algorithm: run /usr/bin/brotli --quality=11 --output=/output/dist/zonos-elements/p-5e1b2654.system.js.br /tmp/work/dist/zonos-elements/p-5e1b2654.system.js
2025/06/20 03:30:21 br /tmp/work/dist/zonos-elements/p-5e1b2654.system.js -> /output/dist/zonos-elements/p-5e1b2654.system.js.br
2025/06/20 03:30:21 gz /tmp/work/dist/zonos-elements/p-5e1b2654.system.js -> /output/dist/zonos-elements/p-5e1b2654.system.js.gz
2025/06/20 03:30:21 compress: run /node_modules/uglify-js/bin/uglifyjs (3.15.4) [--mangle --compress if_return=true -o /tmp/work/dist/zonos-elements/p-715d0f59.system.entry.min.js /tmp/work/dist/zonos-elements/p-715d0f59.system.entry.js]
2025/06/20 03:30:21 sri /tmp/work/dist/zonos-elements/p-4efa8187.min.js -> /output/dist/zonos-elements/p-4efa8187.min.js.sri
2025/06/20 03:30:21 algorithm: run /usr/bin/brotli --quality=11 --output=/output/dist/zonos-elements/p-4efa8187.min.js.br /tmp/work/dist/zonos-elements/p-4efa8187.min.js
2025/06/20 03:30:21 sri /tmp/work/dist/zonos-elements/p-43633269.system.min.js -> /output/dist/zonos-elements/p-43633269.system.min.js.sri
2025/06/20 03:30:21 algorithm: run /usr/bin/brotli --quality=11 --output=/output/dist/zonos-elements/p-43633269.system.min.js.br /tmp/work/dist/zonos-elements/p-43633269.system.min.js
2025/06/20 03:30:21 br /tmp/work/dist/zonos-elements/p-4efa8187.min.js -> /output/dist/zonos-elements/p-4efa8187.min.js.br
2025/06/20 03:30:21 gz /tmp/work/dist/zonos-elements/p-4efa8187.min.js -> /output/dist/zonos-elements/p-4efa8187.min.js.gz
2025/06/20 03:30:21 sri /tmp/work/dist/zonos-elements/p-4efa8187.js -> /output/dist/zonos-elements/p-4efa8187.js.sri
2025/06/20 03:30:21 algorithm: run /usr/bin/brotli --quality=11 --output=/output/dist/zonos-elements/p-4efa8187.js.br /tmp/work/dist/zonos-elements/p-4efa8187.js
2025/06/20 03:30:21 br /tmp/work/dist/zonos-elements/p-43633269.system.min.js -> /output/dist/zonos-elements/p-43633269.system.min.js.br
2025/06/20 03:30:21 gz /tmp/work/dist/zonos-elements/p-43633269.system.min.js -> /output/dist/zonos-elements/p-43633269.system.min.js.gz
2025/06/20 03:30:21 sri /tmp/work/dist/zonos-elements/p-6b361d2b.min.js -> /output/dist/zonos-elements/p-6b361d2b.min.js.sri
2025/06/20 03:30:21 sri /tmp/work/dist/zonos-elements/p-43633269.system.js -> /output/dist/zonos-elements/p-43633269.system.js.sri
2025/06/20 03:30:21 algorithm: run /usr/bin/brotli --quality=11 --output=/output/dist/zonos-elements/p-6b361d2b.min.js.br /tmp/work/dist/zonos-elements/p-6b361d2b.min.js
2025/06/20 03:30:21 algorithm: run /usr/bin/brotli --quality=11 --output=/output/dist/zonos-elements/p-43633269.system.js.br /tmp/work/dist/zonos-elements/p-43633269.system.js
2025/06/20 03:30:21 br /tmp/work/dist/zonos-elements/p-6b361d2b.min.js -> /output/dist/zonos-elements/p-6b361d2b.min.js.br
2025/06/20 03:30:21 gz /tmp/work/dist/zonos-elements/p-6b361d2b.min.js -> /output/dist/zonos-elements/p-6b361d2b.min.js.gz
2025/06/20 03:30:21 sri /tmp/work/dist/zonos-elements/p-6b361d2b.js -> /output/dist/zonos-elements/p-6b361d2b.js.sri
2025/06/20 03:30:21 algorithm: run /usr/bin/brotli --quality=11 --output=/output/dist/zonos-elements/p-6b361d2b.js.br /tmp/work/dist/zonos-elements/p-6b361d2b.js
2025/06/20 03:30:21 br /tmp/work/dist/zonos-elements/p-6b361d2b.js -> /output/dist/zonos-elements/p-6b361d2b.js.br
2025/06/20 03:30:21 gz /tmp/work/dist/zonos-elements/p-6b361d2b.js -> /output/dist/zonos-elements/p-6b361d2b.js.gz
2025/06/20 03:30:21 compress: run /node_modules/uglify-js/bin/uglifyjs (3.15.4) [--mangle --compress if_return=true -o /tmp/work/dist/zonos-elements/p-72f37935.min.js /tmp/work/dist/zonos-elements/p-72f37935.js]
2025/06/20 03:30:21 br /tmp/work/dist/zonos-elements/p-4efa8187.js -> /output/dist/zonos-elements/p-4efa8187.js.br
2025/06/20 03:30:21 gz /tmp/work/dist/zonos-elements/p-4efa8187.js -> /output/dist/zonos-elements/p-4efa8187.js.gz
2025/06/20 03:30:21 compress: run /node_modules/uglify-js/bin/uglifyjs (3.15.4) [--mangle --compress if_return=true -o /tmp/work/dist/zonos-elements/p-78a6e775.system.min.js /tmp/work/dist/zonos-elements/p-78a6e775.system.js]
2025/06/20 03:30:21 br /tmp/work/dist/zonos-elements/p-43633269.system.js -> /output/dist/zonos-elements/p-43633269.system.js.br
2025/06/20 03:30:21 gz /tmp/work/dist/zonos-elements/p-43633269.system.js -> /output/dist/zonos-elements/p-43633269.system.js.gz
2025/06/20 03:30:21 compress: run /node_modules/uglify-js/bin/uglifyjs (3.15.4) [--mangle --compress if_return=true -o /tmp/work/dist/zonos-elements/p-7ae5cd60.entry.min.js /tmp/work/dist/zonos-elements/p-7ae5cd60.entry.js]
2025/06/20 03:30:21 sri /tmp/work/dist/zonos-elements/p-6a52a2bc.system.entry.min.js -> /output/dist/zonos-elements/p-6a52a2bc.system.entry.min.js.sri
2025/06/20 03:30:21 algorithm: run /usr/bin/brotli --quality=11 --output=/output/dist/zonos-elements/p-6a52a2bc.system.entry.min.js.br /tmp/work/dist/zonos-elements/p-6a52a2bc.system.entry.min.js
2025/06/20 03:30:22 br /tmp/work/dist/zonos-elements/p-6a52a2bc.system.entry.min.js -> /output/dist/zonos-elements/p-6a52a2bc.system.entry.min.js.br
2025/06/20 03:30:22 gz /tmp/work/dist/zonos-elements/p-6a52a2bc.system.entry.min.js -> /output/dist/zonos-elements/p-6a52a2bc.system.entry.min.js.gz
2025/06/20 03:30:22 sri /tmp/work/dist/zonos-elements/p-6a52a2bc.system.entry.js -> /output/dist/zonos-elements/p-6a52a2bc.system.entry.js.sri
2025/06/20 03:30:22 algorithm: run /usr/bin/brotli --quality=11 --output=/output/dist/zonos-elements/p-6a52a2bc.system.entry.js.br /tmp/work/dist/zonos-elements/p-6a52a2bc.system.entry.js
2025/06/20 03:30:22 br /tmp/work/dist/zonos-elements/p-6a52a2bc.system.entry.js -> /output/dist/zonos-elements/p-6a52a2bc.system.entry.js.br
2025/06/20 03:30:22 gz /tmp/work/dist/zonos-elements/p-6a52a2bc.system.entry.js -> /output/dist/zonos-elements/p-6a52a2bc.system.entry.js.gz
2025/06/20 03:30:22 compress: run /node_modules/uglify-js/bin/uglifyjs (3.15.4) [--mangle --compress if_return=true -o /tmp/work/dist/zonos-elements/p-80bbd9c0.system.entry.min.js /tmp/work/dist/zonos-elements/p-80bbd9c0.system.entry.js]
2025/06/20 03:30:22 sri /tmp/work/dist/zonos-elements/p-78a6e775.system.min.js -> /output/dist/zonos-elements/p-78a6e775.system.min.js.sri
2025/06/20 03:30:22 algorithm: run /usr/bin/brotli --quality=11 --output=/output/dist/zonos-elements/p-78a6e775.system.min.js.br /tmp/work/dist/zonos-elements/p-78a6e775.system.min.js
2025/06/20 03:30:22 br /tmp/work/dist/zonos-elements/p-78a6e775.system.min.js -> /output/dist/zonos-elements/p-78a6e775.system.min.js.br
2025/06/20 03:30:22 sri /tmp/work/dist/zonos-elements/p-7ae5cd60.entry.min.js -> /output/dist/zonos-elements/p-7ae5cd60.entry.min.js.sri
2025/06/20 03:30:22 algorithm: run /usr/bin/brotli --quality=11 --output=/output/dist/zonos-elements/p-7ae5cd60.entry.min.js.br /tmp/work/dist/zonos-elements/p-7ae5cd60.entry.min.js
2025/06/20 03:30:22 gz /tmp/work/dist/zonos-elements/p-78a6e775.system.min.js -> /output/dist/zonos-elements/p-78a6e775.system.min.js.gz
2025/06/20 03:30:22 sri /tmp/work/dist/zonos-elements/p-78a6e775.system.js -> /output/dist/zonos-elements/p-78a6e775.system.js.sri
2025/06/20 03:30:22 algorithm: run /usr/bin/brotli --quality=11 --output=/output/dist/zonos-elements/p-78a6e775.system.js.br /tmp/work/dist/zonos-elements/p-78a6e775.system.js
2025/06/20 03:30:22 sri /tmp/work/dist/zonos-elements/p-72f37935.min.js -> /output/dist/zonos-elements/p-72f37935.min.js.sri
2025/06/20 03:30:22 algorithm: run /usr/bin/brotli --quality=11 --output=/output/dist/zonos-elements/p-72f37935.min.js.br /tmp/work/dist/zonos-elements/p-72f37935.min.js
2025/06/20 03:30:22 br /tmp/work/dist/zonos-elements/p-72f37935.min.js -> /output/dist/zonos-elements/p-72f37935.min.js.br
2025/06/20 03:30:22 gz /tmp/work/dist/zonos-elements/p-72f37935.min.js -> /output/dist/zonos-elements/p-72f37935.min.js.gz
2025/06/20 03:30:22 sri /tmp/work/dist/zonos-elements/p-72f37935.js -> /output/dist/zonos-elements/p-72f37935.js.sri
2025/06/20 03:30:22 algorithm: run /usr/bin/brotli --quality=11 --output=/output/dist/zonos-elements/p-72f37935.js.br /tmp/work/dist/zonos-elements/p-72f37935.js
2025/06/20 03:30:22 br /tmp/work/dist/zonos-elements/p-78a6e775.system.js -> /output/dist/zonos-elements/p-78a6e775.system.js.br
2025/06/20 03:30:22 br /tmp/work/dist/zonos-elements/p-72f37935.js -> /output/dist/zonos-elements/p-72f37935.js.br
2025/06/20 03:30:22 gz /tmp/work/dist/zonos-elements/p-72f37935.js -> /output/dist/zonos-elements/p-72f37935.js.gz
2025/06/20 03:30:22 compress: run /node_modules/uglify-js/bin/uglifyjs (3.15.4) [--mangle --compress if_return=true -o /tmp/work/dist/zonos-elements/p-851c642e.system.entry.min.js /tmp/work/dist/zonos-elements/p-851c642e.system.entry.js]
2025/06/20 03:30:22 gz /tmp/work/dist/zonos-elements/p-78a6e775.system.js -> /output/dist/zonos-elements/p-78a6e775.system.js.gz
2025/06/20 03:30:22 compress: run /node_modules/uglify-js/bin/uglifyjs (3.15.4) [--mangle --compress if_return=true -o /tmp/work/dist/zonos-elements/p-8d870d4c.entry.min.js /tmp/work/dist/zonos-elements/p-8d870d4c.entry.js]
2025/06/20 03:30:22 sri /tmp/work/dist/zonos-elements/p-5c74e5c9.system.entry.min.js -> /output/dist/zonos-elements/p-5c74e5c9.system.entry.min.js.sri
2025/06/20 03:30:22 algorithm: run /usr/bin/brotli --quality=11 --output=/output/dist/zonos-elements/p-5c74e5c9.system.entry.min.js.br /tmp/work/dist/zonos-elements/p-5c74e5c9.system.entry.min.js
2025/06/20 03:30:22 br /tmp/work/dist/zonos-elements/p-7ae5cd60.entry.min.js -> /output/dist/zonos-elements/p-7ae5cd60.entry.min.js.br
2025/06/20 03:30:22 gz /tmp/work/dist/zonos-elements/p-7ae5cd60.entry.min.js -> /output/dist/zonos-elements/p-7ae5cd60.entry.min.js.gz
2025/06/20 03:30:22 sri /tmp/work/dist/zonos-elements/p-7ae5cd60.entry.js -> /output/dist/zonos-elements/p-7ae5cd60.entry.js.sri
2025/06/20 03:30:22 algorithm: run /usr/bin/brotli --quality=11 --output=/output/dist/zonos-elements/p-7ae5cd60.entry.js.br /tmp/work/dist/zonos-elements/p-7ae5cd60.entry.js
2025/06/20 03:30:22 br /tmp/work/dist/zonos-elements/p-7ae5cd60.entry.js -> /output/dist/zonos-elements/p-7ae5cd60.entry.js.br
2025/06/20 03:30:22 gz /tmp/work/dist/zonos-elements/p-7ae5cd60.entry.js -> /output/dist/zonos-elements/p-7ae5cd60.entry.js.gz
2025/06/20 03:30:22 compress: run /node_modules/uglify-js/bin/uglifyjs (3.15.4) [--mangle --compress if_return=true -o /tmp/work/dist/zonos-elements/p-96d77739.min.js /tmp/work/dist/zonos-elements/p-96d77739.js]
2025/06/20 03:30:22 br /tmp/work/dist/zonos-elements/p-5c74e5c9.system.entry.min.js -> /output/dist/zonos-elements/p-5c74e5c9.system.entry.min.js.br
2025/06/20 03:30:22 gz /tmp/work/dist/zonos-elements/p-5c74e5c9.system.entry.min.js -> /output/dist/zonos-elements/p-5c74e5c9.system.entry.min.js.gz
2025/06/20 03:30:22 sri /tmp/work/dist/zonos-elements/p-5c74e5c9.system.entry.js -> /output/dist/zonos-elements/p-5c74e5c9.system.entry.js.sri
2025/06/20 03:30:22 algorithm: run /usr/bin/brotli --quality=11 --output=/output/dist/zonos-elements/p-5c74e5c9.system.entry.js.br /tmp/work/dist/zonos-elements/p-5c74e5c9.system.entry.js
2025/06/20 03:30:22 br /tmp/work/dist/zonos-elements/p-5c74e5c9.system.entry.js -> /output/dist/zonos-elements/p-5c74e5c9.system.entry.js.br
2025/06/20 03:30:22 gz /tmp/work/dist/zonos-elements/p-5c74e5c9.system.entry.js -> /output/dist/zonos-elements/p-5c74e5c9.system.entry.js.gz
2025/06/20 03:30:22 compress: run /node_modules/uglify-js/bin/uglifyjs (3.15.4) [--mangle --compress if_return=true -o /tmp/work/dist/zonos-elements/p-97aceb11.min.js /tmp/work/dist/zonos-elements/p-97aceb11.js]
2025/06/20 03:30:22 sri /tmp/work/dist/zonos-elements/p-715d0f59.system.entry.min.js -> /output/dist/zonos-elements/p-715d0f59.system.entry.min.js.sri
2025/06/20 03:30:22 algorithm: run /usr/bin/brotli --quality=11 --output=/output/dist/zonos-elements/p-715d0f59.system.entry.min.js.br /tmp/work/dist/zonos-elements/p-715d0f59.system.entry.min.js
2025/06/20 03:30:22 sri /tmp/work/dist/zonos-elements/p-80bbd9c0.system.entry.min.js -> /output/dist/zonos-elements/p-80bbd9c0.system.entry.min.js.sri
2025/06/20 03:30:22 algorithm: run /usr/bin/brotli --quality=11 --output=/output/dist/zonos-elements/p-80bbd9c0.system.entry.min.js.br /tmp/work/dist/zonos-elements/p-80bbd9c0.system.entry.min.js
2025/06/20 03:30:22 br /tmp/work/dist/zonos-elements/p-80bbd9c0.system.entry.min.js -> /output/dist/zonos-elements/p-80bbd9c0.system.entry.min.js.br
2025/06/20 03:30:22 gz /tmp/work/dist/zonos-elements/p-80bbd9c0.system.entry.min.js -> /output/dist/zonos-elements/p-80bbd9c0.system.entry.min.js.gz
2025/06/20 03:30:22 sri /tmp/work/dist/zonos-elements/p-80bbd9c0.system.entry.js -> /output/dist/zonos-elements/p-80bbd9c0.system.entry.js.sri
2025/06/20 03:30:22 algorithm: run /usr/bin/brotli --quality=11 --output=/output/dist/zonos-elements/p-80bbd9c0.system.entry.js.br /tmp/work/dist/zonos-elements/p-80bbd9c0.system.entry.js
2025/06/20 03:30:22 br /tmp/work/dist/zonos-elements/p-80bbd9c0.system.entry.js -> /output/dist/zonos-elements/p-80bbd9c0.system.entry.js.br
2025/06/20 03:30:22 gz /tmp/work/dist/zonos-elements/p-80bbd9c0.system.entry.js -> /output/dist/zonos-elements/p-80bbd9c0.system.entry.js.gz
2025/06/20 03:30:22 compress: run /node_modules/uglify-js/bin/uglifyjs (3.15.4) [--mangle --compress if_return=true -o /tmp/work/dist/zonos-elements/p-98b65387.entry.min.js /tmp/work/dist/zonos-elements/p-98b65387.entry.js]
2025/06/20 03:30:22 br /tmp/work/dist/zonos-elements/p-715d0f59.system.entry.min.js -> /output/dist/zonos-elements/p-715d0f59.system.entry.min.js.br
2025/06/20 03:30:22 gz /tmp/work/dist/zonos-elements/p-715d0f59.system.entry.min.js -> /output/dist/zonos-elements/p-715d0f59.system.entry.min.js.gz
2025/06/20 03:30:22 sri /tmp/work/dist/zonos-elements/p-715d0f59.system.entry.js -> /output/dist/zonos-elements/p-715d0f59.system.entry.js.sri
2025/06/20 03:30:22 algorithm: run /usr/bin/brotli --quality=11 --output=/output/dist/zonos-elements/p-715d0f59.system.entry.js.br /tmp/work/dist/zonos-elements/p-715d0f59.system.entry.js
2025/06/20 03:30:22 br /tmp/work/dist/zonos-elements/p-715d0f59.system.entry.js -> /output/dist/zonos-elements/p-715d0f59.system.entry.js.br
2025/06/20 03:30:22 gz /tmp/work/dist/zonos-elements/p-715d0f59.system.entry.js -> /output/dist/zonos-elements/p-715d0f59.system.entry.js.gz
2025/06/20 03:30:22 compress: run /node_modules/uglify-js/bin/uglifyjs (3.15.4) [--mangle --compress if_return=true -o /tmp/work/dist/zonos-elements/p-9af5e93a.entry.min.js /tmp/work/dist/zonos-elements/p-9af5e93a.entry.js]
2025/06/20 03:30:22 sri /tmp/work/dist/zonos-elements/p-96d77739.min.js -> /output/dist/zonos-elements/p-96d77739.min.js.sri
2025/06/20 03:30:22 algorithm: run /usr/bin/brotli --quality=11 --output=/output/dist/zonos-elements/p-96d77739.min.js.br /tmp/work/dist/zonos-elements/p-96d77739.min.js
2025/06/20 03:30:22 br /tmp/work/dist/zonos-elements/p-96d77739.min.js -> /output/dist/zonos-elements/p-96d77739.min.js.br
2025/06/20 03:30:22 gz /tmp/work/dist/zonos-elements/p-96d77739.min.js -> /output/dist/zonos-elements/p-96d77739.min.js.gz
2025/06/20 03:30:22 sri /tmp/work/dist/zonos-elements/p-96d77739.js -> /output/dist/zonos-elements/p-96d77739.js.sri
2025/06/20 03:30:22 algorithm: run /usr/bin/brotli --quality=11 --output=/output/dist/zonos-elements/p-96d77739.js.br /tmp/work/dist/zonos-elements/p-96d77739.js
2025/06/20 03:30:22 sri /tmp/work/dist/zonos-elements/p-97aceb11.min.js -> /output/dist/zonos-elements/p-97aceb11.min.js.sri
2025/06/20 03:30:22 algorithm: run /usr/bin/brotli --quality=11 --output=/output/dist/zonos-elements/p-97aceb11.min.js.br /tmp/work/dist/zonos-elements/p-97aceb11.min.js
2025/06/20 03:30:22 br /tmp/work/dist/zonos-elements/p-96d77739.js -> /output/dist/zonos-elements/p-96d77739.js.br
2025/06/20 03:30:22 gz /tmp/work/dist/zonos-elements/p-96d77739.js -> /output/dist/zonos-elements/p-96d77739.js.gz
2025/06/20 03:30:22 compress: run /node_modules/uglify-js/bin/uglifyjs (3.15.4) [--mangle --compress if_return=true -o /tmp/work/dist/zonos-elements/p-a87561b8.min.js /tmp/work/dist/zonos-elements/p-a87561b8.js]
2025/06/20 03:30:22 br /tmp/work/dist/zonos-elements/p-97aceb11.min.js -> /output/dist/zonos-elements/p-97aceb11.min.js.br
2025/06/20 03:30:22 gz /tmp/work/dist/zonos-elements/p-97aceb11.min.js -> /output/dist/zonos-elements/p-97aceb11.min.js.gz
2025/06/20 03:30:22 sri /tmp/work/dist/zonos-elements/p-97aceb11.js -> /output/dist/zonos-elements/p-97aceb11.js.sri
2025/06/20 03:30:22 algorithm: run /usr/bin/brotli --quality=11 --output=/output/dist/zonos-elements/p-97aceb11.js.br /tmp/work/dist/zonos-elements/p-97aceb11.js
2025/06/20 03:30:22 br /tmp/work/dist/zonos-elements/p-97aceb11.js -> /output/dist/zonos-elements/p-97aceb11.js.br
2025/06/20 03:30:22 gz /tmp/work/dist/zonos-elements/p-97aceb11.js -> /output/dist/zonos-elements/p-97aceb11.js.gz
2025/06/20 03:30:22 compress: run /node_modules/uglify-js/bin/uglifyjs (3.15.4) [--mangle --compress if_return=true -o /tmp/work/dist/zonos-elements/p-aa1193bc.entry.min.js /tmp/work/dist/zonos-elements/p-aa1193bc.entry.js]
2025/06/20 03:30:22 sri /tmp/work/dist/zonos-elements/p-851c642e.system.entry.min.js -> /output/dist/zonos-elements/p-851c642e.system.entry.min.js.sri
2025/06/20 03:30:22 algorithm: run /usr/bin/brotli --quality=11 --output=/output/dist/zonos-elements/p-851c642e.system.entry.min.js.br /tmp/work/dist/zonos-elements/p-851c642e.system.entry.min.js
2025/06/20 03:30:23 br /tmp/work/dist/zonos-elements/p-851c642e.system.entry.min.js -> /output/dist/zonos-elements/p-851c642e.system.entry.min.js.br
2025/06/20 03:30:23 gz /tmp/work/dist/zonos-elements/p-851c642e.system.entry.min.js -> /output/dist/zonos-elements/p-851c642e.system.entry.min.js.gz
2025/06/20 03:30:23 sri /tmp/work/dist/zonos-elements/p-851c642e.system.entry.js -> /output/dist/zonos-elements/p-851c642e.system.entry.js.sri
2025/06/20 03:30:23 algorithm: run /usr/bin/brotli --quality=11 --output=/output/dist/zonos-elements/p-851c642e.system.entry.js.br /tmp/work/dist/zonos-elements/p-851c642e.system.entry.js
2025/06/20 03:30:23 br /tmp/work/dist/zonos-elements/p-851c642e.system.entry.js -> /output/dist/zonos-elements/p-851c642e.system.entry.js.br
2025/06/20 03:30:23 gz /tmp/work/dist/zonos-elements/p-851c642e.system.entry.js -> /output/dist/zonos-elements/p-851c642e.system.entry.js.gz
2025/06/20 03:30:23 compress: run /node_modules/uglify-js/bin/uglifyjs (3.15.4) [--mangle --compress if_return=true -o /tmp/work/dist/zonos-elements/p-aae60057.min.js /tmp/work/dist/zonos-elements/p-aae60057.js]
2025/06/20 03:30:23 sri /tmp/work/dist/zonos-elements/p-9af5e93a.entry.min.js -> /output/dist/zonos-elements/p-9af5e93a.entry.min.js.sri
2025/06/20 03:30:23 algorithm: run /usr/bin/brotli --quality=11 --output=/output/dist/zonos-elements/p-9af5e93a.entry.min.js.br /tmp/work/dist/zonos-elements/p-9af5e93a.entry.min.js
2025/06/20 03:30:23 br /tmp/work/dist/zonos-elements/p-9af5e93a.entry.min.js -> /output/dist/zonos-elements/p-9af5e93a.entry.min.js.br
2025/06/20 03:30:23 gz /tmp/work/dist/zonos-elements/p-9af5e93a.entry.min.js -> /output/dist/zonos-elements/p-9af5e93a.entry.min.js.gz
2025/06/20 03:30:23 sri /tmp/work/dist/zonos-elements/p-9af5e93a.entry.js -> /output/dist/zonos-elements/p-9af5e93a.entry.js.sri
2025/06/20 03:30:23 algorithm: run /usr/bin/brotli --quality=11 --output=/output/dist/zonos-elements/p-9af5e93a.entry.js.br /tmp/work/dist/zonos-elements/p-9af5e93a.entry.js
2025/06/20 03:30:23 br /tmp/work/dist/zonos-elements/p-9af5e93a.entry.js -> /output/dist/zonos-elements/p-9af5e93a.entry.js.br
2025/06/20 03:30:23 gz /tmp/work/dist/zonos-elements/p-9af5e93a.entry.js -> /output/dist/zonos-elements/p-9af5e93a.entry.js.gz
2025/06/20 03:30:23 compress: run /node_modules/uglify-js/bin/uglifyjs (3.15.4) [--mangle --compress if_return=true -o /tmp/work/dist/zonos-elements/p-ab176281.system.entry.min.js /tmp/work/dist/zonos-elements/p-ab176281.system.entry.js]
2025/06/20 03:30:23 sri /tmp/work/dist/zonos-elements/p-a87561b8.min.js -> /output/dist/zonos-elements/p-a87561b8.min.js.sri
2025/06/20 03:30:23 algorithm: run /usr/bin/brotli --quality=11 --output=/output/dist/zonos-elements/p-a87561b8.min.js.br /tmp/work/dist/zonos-elements/p-a87561b8.min.js
2025/06/20 03:30:23 br /tmp/work/dist/zonos-elements/p-a87561b8.min.js -> /output/dist/zonos-elements/p-a87561b8.min.js.br
2025/06/20 03:30:23 gz /tmp/work/dist/zonos-elements/p-a87561b8.min.js -> /output/dist/zonos-elements/p-a87561b8.min.js.gz
2025/06/20 03:30:23 sri /tmp/work/dist/zonos-elements/p-a87561b8.js -> /output/dist/zonos-elements/p-a87561b8.js.sri
2025/06/20 03:30:23 algorithm: run /usr/bin/brotli --quality=11 --output=/output/dist/zonos-elements/p-a87561b8.js.br /tmp/work/dist/zonos-elements/p-a87561b8.js
2025/06/20 03:30:23 br /tmp/work/dist/zonos-elements/p-a87561b8.js -> /output/dist/zonos-elements/p-a87561b8.js.br
2025/06/20 03:30:23 gz /tmp/work/dist/zonos-elements/p-a87561b8.js -> /output/dist/zonos-elements/p-a87561b8.js.gz
2025/06/20 03:30:23 compress: run /node_modules/uglify-js/bin/uglifyjs (3.15.4) [--mangle --compress if_return=true -o /tmp/work/dist/zonos-elements/p-ae393255.min.js /tmp/work/dist/zonos-elements/p-ae393255.js]
2025/06/20 03:30:23 sri /tmp/work/dist/zonos-elements/p-98b65387.entry.min.js -> /output/dist/zonos-elements/p-98b65387.entry.min.js.sri
2025/06/20 03:30:23 algorithm: run /usr/bin/brotli --quality=11 --output=/output/dist/zonos-elements/p-98b65387.entry.min.js.br /tmp/work/dist/zonos-elements/p-98b65387.entry.min.js
2025/06/20 03:30:23 sri /tmp/work/dist/zonos-elements/p-aa1193bc.entry.min.js -> /output/dist/zonos-elements/p-aa1193bc.entry.min.js.sri
2025/06/20 03:30:23 algorithm: run /usr/bin/brotli --quality=11 --output=/output/dist/zonos-elements/p-aa1193bc.entry.min.js.br /tmp/work/dist/zonos-elements/p-aa1193bc.entry.min.js
2025/06/20 03:30:23 br /tmp/work/dist/zonos-elements/p-aa1193bc.entry.min.js -> /output/dist/zonos-elements/p-aa1193bc.entry.min.js.br
2025/06/20 03:30:23 gz /tmp/work/dist/zonos-elements/p-aa1193bc.entry.min.js -> /output/dist/zonos-elements/p-aa1193bc.entry.min.js.gz
2025/06/20 03:30:23 sri /tmp/work/dist/zonos-elements/p-aa1193bc.entry.js -> /output/dist/zonos-elements/p-aa1193bc.entry.js.sri
2025/06/20 03:30:23 algorithm: run /usr/bin/brotli --quality=11 --output=/output/dist/zonos-elements/p-aa1193bc.entry.js.br /tmp/work/dist/zonos-elements/p-aa1193bc.entry.js
2025/06/20 03:30:23 br /tmp/work/dist/zonos-elements/p-aa1193bc.entry.js -> /output/dist/zonos-elements/p-aa1193bc.entry.js.br
2025/06/20 03:30:23 gz /tmp/work/dist/zonos-elements/p-aa1193bc.entry.js -> /output/dist/zonos-elements/p-aa1193bc.entry.js.gz
2025/06/20 03:30:23 compress: run /node_modules/uglify-js/bin/uglifyjs (3.15.4) [--mangle --compress if_return=true -o /tmp/work/dist/zonos-elements/p-b4b7f705.min.js /tmp/work/dist/zonos-elements/p-b4b7f705.js]
2025/06/20 03:30:23 br /tmp/work/dist/zonos-elements/p-98b65387.entry.min.js -> /output/dist/zonos-elements/p-98b65387.entry.min.js.br
2025/06/20 03:30:23 gz /tmp/work/dist/zonos-elements/p-98b65387.entry.min.js -> /output/dist/zonos-elements/p-98b65387.entry.min.js.gz
2025/06/20 03:30:23 sri /tmp/work/dist/zonos-elements/p-98b65387.entry.js -> /output/dist/zonos-elements/p-98b65387.entry.js.sri
2025/06/20 03:30:23 algorithm: run /usr/bin/brotli --quality=11 --output=/output/dist/zonos-elements/p-98b65387.entry.js.br /tmp/work/dist/zonos-elements/p-98b65387.entry.js
2025/06/20 03:30:23 br /tmp/work/dist/zonos-elements/p-98b65387.entry.js -> /output/dist/zonos-elements/p-98b65387.entry.js.br
2025/06/20 03:30:23 gz /tmp/work/dist/zonos-elements/p-98b65387.entry.js -> /output/dist/zonos-elements/p-98b65387.entry.js.gz
2025/06/20 03:30:23 compress: run /node_modules/uglify-js/bin/uglifyjs (3.15.4) [--mangle --compress if_return=true -o /tmp/work/dist/zonos-elements/p-b52aba52.entry.min.js /tmp/work/dist/zonos-elements/p-b52aba52.entry.js]
2025/06/20 03:30:23 sri /tmp/work/dist/zonos-elements/p-ae393255.min.js -> /output/dist/zonos-elements/p-ae393255.min.js.sri
2025/06/20 03:30:23 algorithm: run /usr/bin/brotli --quality=11 --output=/output/dist/zonos-elements/p-ae393255.min.js.br /tmp/work/dist/zonos-elements/p-ae393255.min.js
2025/06/20 03:30:23 br /tmp/work/dist/zonos-elements/p-ae393255.min.js -> /output/dist/zonos-elements/p-ae393255.min.js.br
2025/06/20 03:30:23 gz /tmp/work/dist/zonos-elements/p-ae393255.min.js -> /output/dist/zonos-elements/p-ae393255.min.js.gz
2025/06/20 03:30:23 sri /tmp/work/dist/zonos-elements/p-ae393255.js -> /output/dist/zonos-elements/p-ae393255.js.sri
2025/06/20 03:30:23 algorithm: run /usr/bin/brotli --quality=11 --output=/output/dist/zonos-elements/p-ae393255.js.br /tmp/work/dist/zonos-elements/p-ae393255.js
2025/06/20 03:30:23 br /tmp/work/dist/zonos-elements/p-ae393255.js -> /output/dist/zonos-elements/p-ae393255.js.br
2025/06/20 03:30:23 gz /tmp/work/dist/zonos-elements/p-ae393255.js -> /output/dist/zonos-elements/p-ae393255.js.gz
2025/06/20 03:30:23 compress: run /node_modules/uglify-js/bin/uglifyjs (3.15.4) [--mangle --compress if_return=true -o /tmp/work/dist/zonos-elements/p-bc220d35.system.min.js /tmp/work/dist/zonos-elements/p-bc220d35.system.js]
2025/06/20 03:30:23 sri /tmp/work/dist/zonos-elements/p-b4b7f705.min.js -> /output/dist/zonos-elements/p-b4b7f705.min.js.sri
2025/06/20 03:30:23 algorithm: run /usr/bin/brotli --quality=11 --output=/output/dist/zonos-elements/p-b4b7f705.min.js.br /tmp/work/dist/zonos-elements/p-b4b7f705.min.js
2025/06/20 03:30:23 br /tmp/work/dist/zonos-elements/p-b4b7f705.min.js -> /output/dist/zonos-elements/p-b4b7f705.min.js.br
2025/06/20 03:30:23 gz /tmp/work/dist/zonos-elements/p-b4b7f705.min.js -> /output/dist/zonos-elements/p-b4b7f705.min.js.gz
2025/06/20 03:30:23 sri /tmp/work/dist/zonos-elements/p-b4b7f705.js -> /output/dist/zonos-elements/p-b4b7f705.js.sri
2025/06/20 03:30:23 algorithm: run /usr/bin/brotli --quality=11 --output=/output/dist/zonos-elements/p-b4b7f705.js.br /tmp/work/dist/zonos-elements/p-b4b7f705.js
2025/06/20 03:30:23 br /tmp/work/dist/zonos-elements/p-b4b7f705.js -> /output/dist/zonos-elements/p-b4b7f705.js.br
2025/06/20 03:30:23 gz /tmp/work/dist/zonos-elements/p-b4b7f705.js -> /output/dist/zonos-elements/p-b4b7f705.js.gz
2025/06/20 03:30:23 compress: run /node_modules/uglify-js/bin/uglifyjs (3.15.4) [--mangle --compress if_return=true -o /tmp/work/dist/zonos-elements/p-bc7bf53e.system.min.js /tmp/work/dist/zonos-elements/p-bc7bf53e.system.js]
2025/06/20 03:30:23 sri /tmp/work/dist/zonos-elements/p-ab176281.system.entry.min.js -> /output/dist/zonos-elements/p-ab176281.system.entry.min.js.sri
2025/06/20 03:30:23 algorithm: run /usr/bin/brotli --quality=11 --output=/output/dist/zonos-elements/p-ab176281.system.entry.min.js.br /tmp/work/dist/zonos-elements/p-ab176281.system.entry.min.js
2025/06/20 03:30:24 br /tmp/work/dist/zonos-elements/p-ab176281.system.entry.min.js -> /output/dist/zonos-elements/p-ab176281.system.entry.min.js.br
2025/06/20 03:30:24 gz /tmp/work/dist/zonos-elements/p-ab176281.system.entry.min.js -> /output/dist/zonos-elements/p-ab176281.system.entry.min.js.gz
2025/06/20 03:30:24 sri /tmp/work/dist/zonos-elements/p-ab176281.system.entry.js -> /output/dist/zonos-elements/p-ab176281.system.entry.js.sri
2025/06/20 03:30:24 algorithm: run /usr/bin/brotli --quality=11 --output=/output/dist/zonos-elements/p-ab176281.system.entry.js.br /tmp/work/dist/zonos-elements/p-ab176281.system.entry.js
2025/06/20 03:30:24 br /tmp/work/dist/zonos-elements/p-ab176281.system.entry.js -> /output/dist/zonos-elements/p-ab176281.system.entry.js.br
2025/06/20 03:30:24 gz /tmp/work/dist/zonos-elements/p-ab176281.system.entry.js -> /output/dist/zonos-elements/p-ab176281.system.entry.js.gz
2025/06/20 03:30:24 compress: run /node_modules/uglify-js/bin/uglifyjs (3.15.4) [--mangle --compress if_return=true -o /tmp/work/dist/zonos-elements/p-bc8bda92.entry.min.js /tmp/work/dist/zonos-elements/p-bc8bda92.entry.js]
2025/06/20 03:30:24 sri /tmp/work/dist/zonos-elements/p-aae60057.min.js -> /output/dist/zonos-elements/p-aae60057.min.js.sri
2025/06/20 03:30:24 algorithm: run /usr/bin/brotli --quality=11 --output=/output/dist/zonos-elements/p-aae60057.min.js.br /tmp/work/dist/zonos-elements/p-aae60057.min.js
2025/06/20 03:30:24 br /tmp/work/dist/zonos-elements/p-aae60057.min.js -> /output/dist/zonos-elements/p-aae60057.min.js.br
2025/06/20 03:30:24 gz /tmp/work/dist/zonos-elements/p-aae60057.min.js -> /output/dist/zonos-elements/p-aae60057.min.js.gz
2025/06/20 03:30:24 sri /tmp/work/dist/zonos-elements/p-aae60057.js -> /output/dist/zonos-elements/p-aae60057.js.sri
2025/06/20 03:30:24 algorithm: run /usr/bin/brotli --quality=11 --output=/output/dist/zonos-elements/p-aae60057.js.br /tmp/work/dist/zonos-elements/p-aae60057.js
2025/06/20 03:30:24 br /tmp/work/dist/zonos-elements/p-aae60057.js -> /output/dist/zonos-elements/p-aae60057.js.br
2025/06/20 03:30:24 gz /tmp/work/dist/zonos-elements/p-aae60057.js -> /output/dist/zonos-elements/p-aae60057.js.gz
2025/06/20 03:30:24 compress: run /node_modules/uglify-js/bin/uglifyjs (3.15.4) [--mangle --compress if_return=true -o /tmp/work/dist/zonos-elements/p-be5afc91.system.entry.min.js /tmp/work/dist/zonos-elements/p-be5afc91.system.entry.js]
2025/06/20 03:30:24 sri /tmp/work/dist/zonos-elements/p-8d870d4c.entry.min.js -> /output/dist/zonos-elements/p-8d870d4c.entry.min.js.sri
2025/06/20 03:30:24 algorithm: run /usr/bin/brotli --quality=11 --output=/output/dist/zonos-elements/p-8d870d4c.entry.min.js.br /tmp/work/dist/zonos-elements/p-8d870d4c.entry.min.js
2025/06/20 03:30:24 sri /tmp/work/dist/zonos-elements/p-bc7bf53e.system.min.js -> /output/dist/zonos-elements/p-bc7bf53e.system.min.js.sri
2025/06/20 03:30:24 algorithm: run /usr/bin/brotli --quality=11 --output=/output/dist/zonos-elements/p-bc7bf53e.system.min.js.br /tmp/work/dist/zonos-elements/p-bc7bf53e.system.min.js
2025/06/20 03:30:24 br /tmp/work/dist/zonos-elements/p-bc7bf53e.system.min.js -> /output/dist/zonos-elements/p-bc7bf53e.system.min.js.br
2025/06/20 03:30:24 gz /tmp/work/dist/zonos-elements/p-bc7bf53e.system.min.js -> /output/dist/zonos-elements/p-bc7bf53e.system.min.js.gz
2025/06/20 03:30:24 sri /tmp/work/dist/zonos-elements/p-bc7bf53e.system.js -> /output/dist/zonos-elements/p-bc7bf53e.system.js.sri
2025/06/20 03:30:24 algorithm: run /usr/bin/brotli --quality=11 --output=/output/dist/zonos-elements/p-bc7bf53e.system.js.br /tmp/work/dist/zonos-elements/p-bc7bf53e.system.js
2025/06/20 03:30:24 br /tmp/work/dist/zonos-elements/p-bc7bf53e.system.js -> /output/dist/zonos-elements/p-bc7bf53e.system.js.br
2025/06/20 03:30:24 gz /tmp/work/dist/zonos-elements/p-bc7bf53e.system.js -> /output/dist/zonos-elements/p-bc7bf53e.system.js.gz
2025/06/20 03:30:24 compress: run /node_modules/uglify-js/bin/uglifyjs (3.15.4) [--mangle --compress if_return=true -o /tmp/work/dist/zonos-elements/p-bec2a3ce.entry.min.js /tmp/work/dist/zonos-elements/p-bec2a3ce.entry.js]
2025/06/20 03:30:24 sri /tmp/work/dist/zonos-elements/p-5d0f7364.system.min.js -> /output/dist/zonos-elements/p-5d0f7364.system.min.js.sri
2025/06/20 03:30:24 algorithm: run /usr/bin/brotli --quality=11 --output=/output/dist/zonos-elements/p-5d0f7364.system.min.js.br /tmp/work/dist/zonos-elements/p-5d0f7364.system.min.js
2025/06/20 03:30:24 br /tmp/work/dist/zonos-elements/p-8d870d4c.entry.min.js -> /output/dist/zonos-elements/p-8d870d4c.entry.min.js.br
2025/06/20 03:30:24 gz /tmp/work/dist/zonos-elements/p-8d870d4c.entry.min.js -> /output/dist/zonos-elements/p-8d870d4c.entry.min.js.gz
2025/06/20 03:30:24 sri /tmp/work/dist/zonos-elements/p-8d870d4c.entry.js -> /output/dist/zonos-elements/p-8d870d4c.entry.js.sri
2025/06/20 03:30:24 algorithm: run /usr/bin/brotli --quality=11 --output=/output/dist/zonos-elements/p-8d870d4c.entry.js.br /tmp/work/dist/zonos-elements/p-8d870d4c.entry.js
2025/06/20 03:30:24 br /tmp/work/dist/zonos-elements/p-8d870d4c.entry.js -> /output/dist/zonos-elements/p-8d870d4c.entry.js.br
2025/06/20 03:30:24 gz /tmp/work/dist/zonos-elements/p-8d870d4c.entry.js -> /output/dist/zonos-elements/p-8d870d4c.entry.js.gz
2025/06/20 03:30:24 compress: run /node_modules/uglify-js/bin/uglifyjs (3.15.4) [--mangle --compress if_return=true -o /tmp/work/dist/zonos-elements/p-bf37ccc7.system.min.js /tmp/work/dist/zonos-elements/p-bf37ccc7.system.js]
2025/06/20 03:30:24 sri /tmp/work/dist/zonos-elements/p-be5afc91.system.entry.min.js -> /output/dist/zonos-elements/p-be5afc91.system.entry.min.js.sri
2025/06/20 03:30:24 algorithm: run /usr/bin/brotli --quality=11 --output=/output/dist/zonos-elements/p-be5afc91.system.entry.min.js.br /tmp/work/dist/zonos-elements/p-be5afc91.system.entry.min.js
2025/06/20 03:30:24 br /tmp/work/dist/zonos-elements/p-be5afc91.system.entry.min.js -> /output/dist/zonos-elements/p-be5afc91.system.entry.min.js.br
2025/06/20 03:30:24 gz /tmp/work/dist/zonos-elements/p-be5afc91.system.entry.min.js -> /output/dist/zonos-elements/p-be5afc91.system.entry.min.js.gz
2025/06/20 03:30:24 sri /tmp/work/dist/zonos-elements/p-be5afc91.system.entry.js -> /output/dist/zonos-elements/p-be5afc91.system.entry.js.sri
2025/06/20 03:30:24 algorithm: run /usr/bin/brotli --quality=11 --output=/output/dist/zonos-elements/p-be5afc91.system.entry.js.br /tmp/work/dist/zonos-elements/p-be5afc91.system.entry.js
2025/06/20 03:30:24 sri /tmp/work/dist/zonos-elements/p-bc8bda92.entry.min.js -> /output/dist/zonos-elements/p-bc8bda92.entry.min.js.sri
2025/06/20 03:30:24 algorithm: run /usr/bin/brotli --quality=11 --output=/output/dist/zonos-elements/p-bc8bda92.entry.min.js.br /tmp/work/dist/zonos-elements/p-bc8bda92.entry.min.js
2025/06/20 03:30:24 br /tmp/work/dist/zonos-elements/p-bc8bda92.entry.min.js -> /output/dist/zonos-elements/p-bc8bda92.entry.min.js.br
2025/06/20 03:30:24 gz /tmp/work/dist/zonos-elements/p-bc8bda92.entry.min.js -> /output/dist/zonos-elements/p-bc8bda92.entry.min.js.gz
2025/06/20 03:30:24 sri /tmp/work/dist/zonos-elements/p-bc8bda92.entry.js -> /output/dist/zonos-elements/p-bc8bda92.entry.js.sri
2025/06/20 03:30:24 algorithm: run /usr/bin/brotli --quality=11 --output=/output/dist/zonos-elements/p-bc8bda92.entry.js.br /tmp/work/dist/zonos-elements/p-bc8bda92.entry.js
2025/06/20 03:30:24 br /tmp/work/dist/zonos-elements/p-bc8bda92.entry.js -> /output/dist/zonos-elements/p-bc8bda92.entry.js.br
2025/06/20 03:30:24 gz /tmp/work/dist/zonos-elements/p-bc8bda92.entry.js -> /output/dist/zonos-elements/p-bc8bda92.entry.js.gz
2025/06/20 03:30:24 compress: run /node_modules/uglify-js/bin/uglifyjs (3.15.4) [--mangle --compress if_return=true -o /tmp/work/dist/zonos-elements/p-c137dc82.min.js /tmp/work/dist/zonos-elements/p-c137dc82.js]
2025/06/20 03:30:24 br /tmp/work/dist/zonos-elements/p-be5afc91.system.entry.js -> /output/dist/zonos-elements/p-be5afc91.system.entry.js.br
2025/06/20 03:30:24 gz /tmp/work/dist/zonos-elements/p-be5afc91.system.entry.js -> /output/dist/zonos-elements/p-be5afc91.system.entry.js.gz
2025/06/20 03:30:24 compress: run /node_modules/uglify-js/bin/uglifyjs (3.15.4) [--mangle --compress if_return=true -o /tmp/work/dist/zonos-elements/p-c291bac1.entry.min.js /tmp/work/dist/zonos-elements/p-c291bac1.entry.js]
2025/06/20 03:30:24 sri /tmp/work/dist/zonos-elements/p-bf37ccc7.system.min.js -> /output/dist/zonos-elements/p-bf37ccc7.system.min.js.sri
2025/06/20 03:30:24 algorithm: run /usr/bin/brotli --quality=11 --output=/output/dist/zonos-elements/p-bf37ccc7.system.min.js.br /tmp/work/dist/zonos-elements/p-bf37ccc7.system.min.js
2025/06/20 03:30:24 br /tmp/work/dist/zonos-elements/p-bf37ccc7.system.min.js -> /output/dist/zonos-elements/p-bf37ccc7.system.min.js.br
2025/06/20 03:30:24 gz /tmp/work/dist/zonos-elements/p-bf37ccc7.system.min.js -> /output/dist/zonos-elements/p-bf37ccc7.system.min.js.gz
2025/06/20 03:30:24 sri /tmp/work/dist/zonos-elements/p-bf37ccc7.system.js -> /output/dist/zonos-elements/p-bf37ccc7.system.js.sri
2025/06/20 03:30:24 algorithm: run /usr/bin/brotli --quality=11 --output=/output/dist/zonos-elements/p-bf37ccc7.system.js.br /tmp/work/dist/zonos-elements/p-bf37ccc7.system.js
2025/06/20 03:30:24 br /tmp/work/dist/zonos-elements/p-bf37ccc7.system.js -> /output/dist/zonos-elements/p-bf37ccc7.system.js.br
2025/06/20 03:30:24 gz /tmp/work/dist/zonos-elements/p-bf37ccc7.system.js -> /output/dist/zonos-elements/p-bf37ccc7.system.js.gz
2025/06/20 03:30:24 compress: run /node_modules/uglify-js/bin/uglifyjs (3.15.4) [--mangle --compress if_return=true -o /tmp/work/dist/zonos-elements/p-c3d2422e.entry.min.js /tmp/work/dist/zonos-elements/p-c3d2422e.entry.js]
2025/06/20 03:30:25 sri /tmp/work/dist/zonos-elements/p-c291bac1.entry.min.js -> /output/dist/zonos-elements/p-c291bac1.entry.min.js.sri
2025/06/20 03:30:25 algorithm: run /usr/bin/brotli --quality=11 --output=/output/dist/zonos-elements/p-c291bac1.entry.min.js.br /tmp/work/dist/zonos-elements/p-c291bac1.entry.min.js
2025/06/20 03:30:25 br /tmp/work/dist/zonos-elements/p-c291bac1.entry.min.js -> /output/dist/zonos-elements/p-c291bac1.entry.min.js.br
2025/06/20 03:30:25 gz /tmp/work/dist/zonos-elements/p-c291bac1.entry.min.js -> /output/dist/zonos-elements/p-c291bac1.entry.min.js.gz
2025/06/20 03:30:25 sri /tmp/work/dist/zonos-elements/p-c291bac1.entry.js -> /output/dist/zonos-elements/p-c291bac1.entry.js.sri
2025/06/20 03:30:25 algorithm: run /usr/bin/brotli --quality=11 --output=/output/dist/zonos-elements/p-c291bac1.entry.js.br /tmp/work/dist/zonos-elements/p-c291bac1.entry.js
2025/06/20 03:30:25 br /tmp/work/dist/zonos-elements/p-c291bac1.entry.js -> /output/dist/zonos-elements/p-c291bac1.entry.js.br
2025/06/20 03:30:25 gz /tmp/work/dist/zonos-elements/p-c291bac1.entry.js -> /output/dist/zonos-elements/p-c291bac1.entry.js.gz
2025/06/20 03:30:25 compress: run /node_modules/uglify-js/bin/uglifyjs (3.15.4) [--mangle --compress if_return=true -o /tmp/work/dist/zonos-elements/p-c50b3100.system.min.js /tmp/work/dist/zonos-elements/p-c50b3100.system.js]
2025/06/20 03:30:25 sri /tmp/work/dist/zonos-elements/p-bc220d35.system.min.js -> /output/dist/zonos-elements/p-bc220d35.system.min.js.sri
2025/06/20 03:30:25 algorithm: run /usr/bin/brotli --quality=11 --output=/output/dist/zonos-elements/p-bc220d35.system.min.js.br /tmp/work/dist/zonos-elements/p-bc220d35.system.min.js
2025/06/20 03:30:25 br /tmp/work/dist/zonos-elements/p-bc220d35.system.min.js -> /output/dist/zonos-elements/p-bc220d35.system.min.js.br
2025/06/20 03:30:25 gz /tmp/work/dist/zonos-elements/p-bc220d35.system.min.js -> /output/dist/zonos-elements/p-bc220d35.system.min.js.gz
2025/06/20 03:30:25 sri /tmp/work/dist/zonos-elements/p-bc220d35.system.js -> /output/dist/zonos-elements/p-bc220d35.system.js.sri
2025/06/20 03:30:25 algorithm: run /usr/bin/brotli --quality=11 --output=/output/dist/zonos-elements/p-bc220d35.system.js.br /tmp/work/dist/zonos-elements/p-bc220d35.system.js
2025/06/20 03:30:25 sri /tmp/work/dist/zonos-elements/p-c3d2422e.entry.min.js -> /output/dist/zonos-elements/p-c3d2422e.entry.min.js.sri
2025/06/20 03:30:25 algorithm: run /usr/bin/brotli --quality=11 --output=/output/dist/zonos-elements/p-c3d2422e.entry.min.js.br /tmp/work/dist/zonos-elements/p-c3d2422e.entry.min.js
2025/06/20 03:30:25 br /tmp/work/dist/zonos-elements/p-bc220d35.system.js -> /output/dist/zonos-elements/p-bc220d35.system.js.br
2025/06/20 03:30:25 gz /tmp/work/dist/zonos-elements/p-bc220d35.system.js -> /output/dist/zonos-elements/p-bc220d35.system.js.gz
2025/06/20 03:30:25 compress: run /node_modules/uglify-js/bin/uglifyjs (3.15.4) [--mangle --compress if_return=true -o /tmp/work/dist/zonos-elements/p-c58acd4c.system.entry.min.js /tmp/work/dist/zonos-elements/p-c58acd4c.system.entry.js]
2025/06/20 03:30:25 br /tmp/work/dist/zonos-elements/p-c3d2422e.entry.min.js -> /output/dist/zonos-elements/p-c3d2422e.entry.min.js.br
2025/06/20 03:30:25 gz /tmp/work/dist/zonos-elements/p-c3d2422e.entry.min.js -> /output/dist/zonos-elements/p-c3d2422e.entry.min.js.gz
2025/06/20 03:30:25 sri /tmp/work/dist/zonos-elements/p-c3d2422e.entry.js -> /output/dist/zonos-elements/p-c3d2422e.entry.js.sri
2025/06/20 03:30:25 algorithm: run /usr/bin/brotli --quality=11 --output=/output/dist/zonos-elements/p-c3d2422e.entry.js.br /tmp/work/dist/zonos-elements/p-c3d2422e.entry.js
2025/06/20 03:30:25 br /tmp/work/dist/zonos-elements/p-c3d2422e.entry.js -> /output/dist/zonos-elements/p-c3d2422e.entry.js.br
2025/06/20 03:30:25 gz /tmp/work/dist/zonos-elements/p-c3d2422e.entry.js -> /output/dist/zonos-elements/p-c3d2422e.entry.js.gz
2025/06/20 03:30:25 compress: run /node_modules/uglify-js/bin/uglifyjs (3.15.4) [--mangle --compress if_return=true -o /tmp/work/dist/zonos-elements/p-c5d1217f.system.min.js /tmp/work/dist/zonos-elements/p-c5d1217f.system.js]
2025/06/20 03:30:26 sri /tmp/work/dist/zonos-elements/p-c5d1217f.system.min.js -> /output/dist/zonos-elements/p-c5d1217f.system.min.js.sri
2025/06/20 03:30:26 algorithm: run /usr/bin/brotli --quality=11 --output=/output/dist/zonos-elements/p-c5d1217f.system.min.js.br /tmp/work/dist/zonos-elements/p-c5d1217f.system.min.js
2025/06/20 03:30:26 br /tmp/work/dist/zonos-elements/p-c5d1217f.system.min.js -> /output/dist/zonos-elements/p-c5d1217f.system.min.js.br
2025/06/20 03:30:26 gz /tmp/work/dist/zonos-elements/p-c5d1217f.system.min.js -> /output/dist/zonos-elements/p-c5d1217f.system.min.js.gz
2025/06/20 03:30:26 sri /tmp/work/dist/zonos-elements/p-c5d1217f.system.js -> /output/dist/zonos-elements/p-c5d1217f.system.js.sri
2025/06/20 03:30:26 algorithm: run /usr/bin/brotli --quality=11 --output=/output/dist/zonos-elements/p-c5d1217f.system.js.br /tmp/work/dist/zonos-elements/p-c5d1217f.system.js
2025/06/20 03:30:26 br /tmp/work/dist/zonos-elements/p-c5d1217f.system.js -> /output/dist/zonos-elements/p-c5d1217f.system.js.br
2025/06/20 03:30:26 gz /tmp/work/dist/zonos-elements/p-c5d1217f.system.js -> /output/dist/zonos-elements/p-c5d1217f.system.js.gz
2025/06/20 03:30:26 compress: run /node_modules/uglify-js/bin/uglifyjs (3.15.4) [--mangle --compress if_return=true -o /tmp/work/dist/zonos-elements/p-c5fcbc92.system.entry.min.js /tmp/work/dist/zonos-elements/p-c5fcbc92.system.entry.js]
2025/06/20 03:30:26 sri /tmp/work/dist/zonos-elements/p-2af2eb6f.system.entry.min.js -> /output/dist/zonos-elements/p-2af2eb6f.system.entry.min.js.sri
2025/06/20 03:30:26 algorithm: run /usr/bin/brotli --quality=11 --output=/output/dist/zonos-elements/p-2af2eb6f.system.entry.min.js.br /tmp/work/dist/zonos-elements/p-2af2eb6f.system.entry.min.js
2025/06/20 03:30:26 sri /tmp/work/dist/zonos-elements/p-b52aba52.entry.min.js -> /output/dist/zonos-elements/p-b52aba52.entry.min.js.sri
2025/06/20 03:30:26 algorithm: run /usr/bin/brotli --quality=11 --output=/output/dist/zonos-elements/p-b52aba52.entry.min.js.br /tmp/work/dist/zonos-elements/p-b52aba52.entry.min.js
2025/06/20 03:30:27 sri /tmp/work/dist/zonos-elements/p-c137dc82.min.js -> /output/dist/zonos-elements/p-c137dc82.min.js.sri
2025/06/20 03:30:27 algorithm: run /usr/bin/brotli --quality=11 --output=/output/dist/zonos-elements/p-c137dc82.min.js.br /tmp/work/dist/zonos-elements/p-c137dc82.min.js
2025/06/20 03:30:27 br /tmp/work/dist/zonos-elements/p-c137dc82.min.js -> /output/dist/zonos-elements/p-c137dc82.min.js.br
2025/06/20 03:30:27 gz /tmp/work/dist/zonos-elements/p-c137dc82.min.js -> /output/dist/zonos-elements/p-c137dc82.min.js.gz
2025/06/20 03:30:27 sri /tmp/work/dist/zonos-elements/p-c137dc82.js -> /output/dist/zonos-elements/p-c137dc82.js.sri
2025/06/20 03:30:27 algorithm: run /usr/bin/brotli --quality=11 --output=/output/dist/zonos-elements/p-c137dc82.js.br /tmp/work/dist/zonos-elements/p-c137dc82.js
2025/06/20 03:30:27 br /tmp/work/dist/zonos-elements/p-c137dc82.js -> /output/dist/zonos-elements/p-c137dc82.js.br
2025/06/20 03:30:27 gz /tmp/work/dist/zonos-elements/p-c137dc82.js -> /output/dist/zonos-elements/p-c137dc82.js.gz
2025/06/20 03:30:27 compress: run /node_modules/uglify-js/bin/uglifyjs (3.15.4) [--mangle --compress if_return=true -o /tmp/work/dist/zonos-elements/p-c767242b.entry.min.js /tmp/work/dist/zonos-elements/p-c767242b.entry.js]
2025/06/20 03:30:27 sri /tmp/work/dist/zonos-elements/p-c5fcbc92.system.entry.min.js -> /output/dist/zonos-elements/p-c5fcbc92.system.entry.min.js.sri
2025/06/20 03:30:27 algorithm: run /usr/bin/brotli --quality=11 --output=/output/dist/zonos-elements/p-c5fcbc92.system.entry.min.js.br /tmp/work/dist/zonos-elements/p-c5fcbc92.system.entry.min.js
2025/06/20 03:30:27 br /tmp/work/dist/zonos-elements/p-c5fcbc92.system.entry.min.js -> /output/dist/zonos-elements/p-c5fcbc92.system.entry.min.js.br
2025/06/20 03:30:27 gz /tmp/work/dist/zonos-elements/p-c5fcbc92.system.entry.min.js -> /output/dist/zonos-elements/p-c5fcbc92.system.entry.min.js.gz
2025/06/20 03:30:27 sri /tmp/work/dist/zonos-elements/p-c5fcbc92.system.entry.js -> /output/dist/zonos-elements/p-c5fcbc92.system.entry.js.sri
2025/06/20 03:30:27 algorithm: run /usr/bin/brotli --quality=11 --output=/output/dist/zonos-elements/p-c5fcbc92.system.entry.js.br /tmp/work/dist/zonos-elements/p-c5fcbc92.system.entry.js
2025/06/20 03:30:27 br /tmp/work/dist/zonos-elements/p-b52aba52.entry.min.js -> /output/dist/zonos-elements/p-b52aba52.entry.min.js.br
2025/06/20 03:30:27 gz /tmp/work/dist/zonos-elements/p-b52aba52.entry.min.js -> /output/dist/zonos-elements/p-b52aba52.entry.min.js.gz
2025/06/20 03:30:27 sri /tmp/work/dist/zonos-elements/p-b52aba52.entry.js -> /output/dist/zonos-elements/p-b52aba52.entry.js.sri
2025/06/20 03:30:27 algorithm: run /usr/bin/brotli --quality=11 --output=/output/dist/zonos-elements/p-b52aba52.entry.js.br /tmp/work/dist/zonos-elements/p-b52aba52.entry.js
2025/06/20 03:30:27 br /tmp/work/dist/zonos-elements/p-c5fcbc92.system.entry.js -> /output/dist/zonos-elements/p-c5fcbc92.system.entry.js.br
2025/06/20 03:30:27 gz /tmp/work/dist/zonos-elements/p-c5fcbc92.system.entry.js -> /output/dist/zonos-elements/p-c5fcbc92.system.entry.js.gz
2025/06/20 03:30:27 compress: run /node_modules/uglify-js/bin/uglifyjs (3.15.4) [--mangle --compress if_return=true -o /tmp/work/dist/zonos-elements/p-c9aa902e.system.entry.min.js /tmp/work/dist/zonos-elements/p-c9aa902e.system.entry.js]
2025/06/20 03:30:27 br /tmp/work/dist/zonos-elements/p-5d0f7364.system.min.js -> /output/dist/zonos-elements/p-5d0f7364.system.min.js.br
2025/06/20 03:30:27 gz /tmp/work/dist/zonos-elements/p-5d0f7364.system.min.js -> /output/dist/zonos-elements/p-5d0f7364.system.min.js.gz
2025/06/20 03:30:27 sri /tmp/work/dist/zonos-elements/p-5d0f7364.system.js -> /output/dist/zonos-elements/p-5d0f7364.system.js.sri
2025/06/20 03:30:27 algorithm: run /usr/bin/brotli --quality=11 --output=/output/dist/zonos-elements/p-5d0f7364.system.js.br /tmp/work/dist/zonos-elements/p-5d0f7364.system.js
2025/06/20 03:30:27 sri /tmp/work/dist/zonos-elements/p-c50b3100.system.min.js -> /output/dist/zonos-elements/p-c50b3100.system.min.js.sri
2025/06/20 03:30:27 algorithm: run /usr/bin/brotli --quality=11 --output=/output/dist/zonos-elements/p-c50b3100.system.min.js.br /tmp/work/dist/zonos-elements/p-c50b3100.system.min.js
2025/06/20 03:30:27 br /tmp/work/dist/zonos-elements/p-c50b3100.system.min.js -> /output/dist/zonos-elements/p-c50b3100.system.min.js.br
2025/06/20 03:30:27 gz /tmp/work/dist/zonos-elements/p-c50b3100.system.min.js -> /output/dist/zonos-elements/p-c50b3100.system.min.js.gz
2025/06/20 03:30:27 sri /tmp/work/dist/zonos-elements/p-c50b3100.system.js -> /output/dist/zonos-elements/p-c50b3100.system.js.sri
2025/06/20 03:30:27 algorithm: run /usr/bin/brotli --quality=11 --output=/output/dist/zonos-elements/p-c50b3100.system.js.br /tmp/work/dist/zonos-elements/p-c50b3100.system.js
2025/06/20 03:30:28 br /tmp/work/dist/zonos-elements/p-c50b3100.system.js -> /output/dist/zonos-elements/p-c50b3100.system.js.br
2025/06/20 03:30:28 gz /tmp/work/dist/zonos-elements/p-c50b3100.system.js -> /output/dist/zonos-elements/p-c50b3100.system.js.gz
2025/06/20 03:30:28 compress: run /node_modules/uglify-js/bin/uglifyjs (3.15.4) [--mangle --compress if_return=true -o /tmp/work/dist/zonos-elements/p-c9e433c0.system.min.js /tmp/work/dist/zonos-elements/p-c9e433c0.system.js]
2025/06/20 03:30:28 br /tmp/work/dist/zonos-elements/p-2af2eb6f.system.entry.min.js -> /output/dist/zonos-elements/p-2af2eb6f.system.entry.min.js.br
2025/06/20 03:30:28 sri /tmp/work/dist/zonos-elements/p-c767242b.entry.min.js -> /output/dist/zonos-elements/p-c767242b.entry.min.js.sri
2025/06/20 03:30:28 algorithm: run /usr/bin/brotli --quality=11 --output=/output/dist/zonos-elements/p-c767242b.entry.min.js.br /tmp/work/dist/zonos-elements/p-c767242b.entry.min.js
2025/06/20 03:30:28 br /tmp/work/dist/zonos-elements/p-c767242b.entry.min.js -> /output/dist/zonos-elements/p-c767242b.entry.min.js.br
2025/06/20 03:30:28 gz /tmp/work/dist/zonos-elements/p-c767242b.entry.min.js -> /output/dist/zonos-elements/p-c767242b.entry.min.js.gz
2025/06/20 03:30:28 sri /tmp/work/dist/zonos-elements/p-c767242b.entry.js -> /output/dist/zonos-elements/p-c767242b.entry.js.sri
2025/06/20 03:30:28 algorithm: run /usr/bin/brotli --quality=11 --output=/output/dist/zonos-elements/p-c767242b.entry.js.br /tmp/work/dist/zonos-elements/p-c767242b.entry.js
2025/06/20 03:30:28 gz /tmp/work/dist/zonos-elements/p-2af2eb6f.system.entry.min.js -> /output/dist/zonos-elements/p-2af2eb6f.system.entry.min.js.gz
2025/06/20 03:30:28 sri /tmp/work/dist/zonos-elements/p-2af2eb6f.system.entry.js -> /output/dist/zonos-elements/p-2af2eb6f.system.entry.js.sri
2025/06/20 03:30:28 algorithm: run /usr/bin/brotli --quality=11 --output=/output/dist/zonos-elements/p-2af2eb6f.system.entry.js.br /tmp/work/dist/zonos-elements/p-2af2eb6f.system.entry.js
2025/06/20 03:30:28 br /tmp/work/dist/zonos-elements/p-c767242b.entry.js -> /output/dist/zonos-elements/p-c767242b.entry.js.br
2025/06/20 03:30:28 gz /tmp/work/dist/zonos-elements/p-c767242b.entry.js -> /output/dist/zonos-elements/p-c767242b.entry.js.gz
2025/06/20 03:30:28 compress: run /node_modules/uglify-js/bin/uglifyjs (3.15.4) [--mangle --compress if_return=true -o /tmp/work/dist/zonos-elements/p-cb823c4d.system.min.js /tmp/work/dist/zonos-elements/p-cb823c4d.system.js]
2025/06/20 03:30:28 sri /tmp/work/dist/zonos-elements/p-c9aa902e.system.entry.min.js -> /output/dist/zonos-elements/p-c9aa902e.system.entry.min.js.sri
2025/06/20 03:30:28 algorithm: run /usr/bin/brotli --quality=11 --output=/output/dist/zonos-elements/p-c9aa902e.system.entry.min.js.br /tmp/work/dist/zonos-elements/p-c9aa902e.system.entry.min.js
2025/06/20 03:30:28 br /tmp/work/dist/zonos-elements/p-b52aba52.entry.js -> /output/dist/zonos-elements/p-b52aba52.entry.js.br
2025/06/20 03:30:28 gz /tmp/work/dist/zonos-elements/p-b52aba52.entry.js -> /output/dist/zonos-elements/p-b52aba52.entry.js.gz
2025/06/20 03:30:28 br /tmp/work/dist/zonos-elements/p-c9aa902e.system.entry.min.js -> /output/dist/zonos-elements/p-c9aa902e.system.entry.min.js.br
2025/06/20 03:30:28 compress: run /node_modules/uglify-js/bin/uglifyjs (3.15.4) [--mangle --compress if_return=true -o /tmp/work/dist/zonos-elements/p-cf6ae7dc.entry.min.js /tmp/work/dist/zonos-elements/p-cf6ae7dc.entry.js]
2025/06/20 03:30:28 gz /tmp/work/dist/zonos-elements/p-c9aa902e.system.entry.min.js -> /output/dist/zonos-elements/p-c9aa902e.system.entry.min.js.gz
2025/06/20 03:30:28 sri /tmp/work/dist/zonos-elements/p-c9aa902e.system.entry.js -> /output/dist/zonos-elements/p-c9aa902e.system.entry.js.sri
2025/06/20 03:30:28 algorithm: run /usr/bin/brotli --quality=11 --output=/output/dist/zonos-elements/p-c9aa902e.system.entry.js.br /tmp/work/dist/zonos-elements/p-c9aa902e.system.entry.js
2025/06/20 03:30:28 br /tmp/work/dist/zonos-elements/p-c9aa902e.system.entry.js -> /output/dist/zonos-elements/p-c9aa902e.system.entry.js.br
2025/06/20 03:30:28 gz /tmp/work/dist/zonos-elements/p-c9aa902e.system.entry.js -> /output/dist/zonos-elements/p-c9aa902e.system.entry.js.gz
2025/06/20 03:30:28 compress: run /node_modules/uglify-js/bin/uglifyjs (3.15.4) [--mangle --compress if_return=true -o /tmp/work/dist/zonos-elements/p-d2466fbd.system.min.js /tmp/work/dist/zonos-elements/p-d2466fbd.system.js]
2025/06/20 03:30:28 sri /tmp/work/dist/zonos-elements/p-c9e433c0.system.min.js -> /output/dist/zonos-elements/p-c9e433c0.system.min.js.sri
2025/06/20 03:30:28 algorithm: run /usr/bin/brotli --quality=11 --output=/output/dist/zonos-elements/p-c9e433c0.system.min.js.br /tmp/work/dist/zonos-elements/p-c9e433c0.system.min.js
2025/06/20 03:30:28 br /tmp/work/dist/zonos-elements/p-c9e433c0.system.min.js -> /output/dist/zonos-elements/p-c9e433c0.system.min.js.br
2025/06/20 03:30:28 gz /tmp/work/dist/zonos-elements/p-c9e433c0.system.min.js -> /output/dist/zonos-elements/p-c9e433c0.system.min.js.gz
2025/06/20 03:30:28 sri /tmp/work/dist/zonos-elements/p-c9e433c0.system.js -> /output/dist/zonos-elements/p-c9e433c0.system.js.sri
2025/06/20 03:30:28 algorithm: run /usr/bin/brotli --quality=11 --output=/output/dist/zonos-elements/p-c9e433c0.system.js.br /tmp/work/dist/zonos-elements/p-c9e433c0.system.js
2025/06/20 03:30:28 br /tmp/work/dist/zonos-elements/p-c9e433c0.system.js -> /output/dist/zonos-elements/p-c9e433c0.system.js.br
2025/06/20 03:30:28 gz /tmp/work/dist/zonos-elements/p-c9e433c0.system.js -> /output/dist/zonos-elements/p-c9e433c0.system.js.gz
2025/06/20 03:30:28 compress: run /node_modules/uglify-js/bin/uglifyjs (3.15.4) [--mangle --compress if_return=true -o /tmp/work/dist/zonos-elements/p-d42dfd32.system.min.js /tmp/work/dist/zonos-elements/p-d42dfd32.system.js]
2025/06/20 03:30:28 sri /tmp/work/dist/zonos-elements/p-cf6ae7dc.entry.min.js -> /output/dist/zonos-elements/p-cf6ae7dc.entry.min.js.sri
2025/06/20 03:30:28 algorithm: run /usr/bin/brotli --quality=11 --output=/output/dist/zonos-elements/p-cf6ae7dc.entry.min.js.br /tmp/work/dist/zonos-elements/p-cf6ae7dc.entry.min.js
2025/06/20 03:30:28 br /tmp/work/dist/zonos-elements/p-cf6ae7dc.entry.min.js -> /output/dist/zonos-elements/p-cf6ae7dc.entry.min.js.br
2025/06/20 03:30:28 gz /tmp/work/dist/zonos-elements/p-cf6ae7dc.entry.min.js -> /output/dist/zonos-elements/p-cf6ae7dc.entry.min.js.gz
2025/06/20 03:30:28 sri /tmp/work/dist/zonos-elements/p-cf6ae7dc.entry.js -> /output/dist/zonos-elements/p-cf6ae7dc.entry.js.sri
2025/06/20 03:30:28 algorithm: run /usr/bin/brotli --quality=11 --output=/output/dist/zonos-elements/p-cf6ae7dc.entry.js.br /tmp/work/dist/zonos-elements/p-cf6ae7dc.entry.js
2025/06/20 03:30:28 br /tmp/work/dist/zonos-elements/p-cf6ae7dc.entry.js -> /output/dist/zonos-elements/p-cf6ae7dc.entry.js.br
2025/06/20 03:30:28 gz /tmp/work/dist/zonos-elements/p-cf6ae7dc.entry.js -> /output/dist/zonos-elements/p-cf6ae7dc.entry.js.gz
2025/06/20 03:30:28 compress: run /node_modules/uglify-js/bin/uglifyjs (3.15.4) [--mangle --compress if_return=true -o /tmp/work/dist/zonos-elements/p-d46349d3.system.entry.min.js /tmp/work/dist/zonos-elements/p-d46349d3.system.entry.js]
2025/06/20 03:30:28 sri /tmp/work/dist/zonos-elements/p-c58acd4c.system.entry.min.js -> /output/dist/zonos-elements/p-c58acd4c.system.entry.min.js.sri
2025/06/20 03:30:28 algorithm: run /usr/bin/brotli --quality=11 --output=/output/dist/zonos-elements/p-c58acd4c.system.entry.min.js.br /tmp/work/dist/zonos-elements/p-c58acd4c.system.entry.min.js
2025/06/20 03:30:29 br /tmp/work/dist/zonos-elements/p-c58acd4c.system.entry.min.js -> /output/dist/zonos-elements/p-c58acd4c.system.entry.min.js.br
2025/06/20 03:30:29 gz /tmp/work/dist/zonos-elements/p-c58acd4c.system.entry.min.js -> /output/dist/zonos-elements/p-c58acd4c.system.entry.min.js.gz
2025/06/20 03:30:29 sri /tmp/work/dist/zonos-elements/p-c58acd4c.system.entry.js -> /output/dist/zonos-elements/p-c58acd4c.system.entry.js.sri
2025/06/20 03:30:29 algorithm: run /usr/bin/brotli --quality=11 --output=/output/dist/zonos-elements/p-c58acd4c.system.entry.js.br /tmp/work/dist/zonos-elements/p-c58acd4c.system.entry.js
2025/06/20 03:30:29 br /tmp/work/dist/zonos-elements/p-c58acd4c.system.entry.js -> /output/dist/zonos-elements/p-c58acd4c.system.entry.js.br
2025/06/20 03:30:29 gz /tmp/work/dist/zonos-elements/p-c58acd4c.system.entry.js -> /output/dist/zonos-elements/p-c58acd4c.system.entry.js.gz
2025/06/20 03:30:29 compress: run /node_modules/uglify-js/bin/uglifyjs (3.15.4) [--mangle --compress if_return=true -o /tmp/work/dist/zonos-elements/p-d60ca44b.system.entry.min.js /tmp/work/dist/zonos-elements/p-d60ca44b.system.entry.js]
2025/06/20 03:30:29 sri /tmp/work/dist/zonos-elements/p-d46349d3.system.entry.min.js -> /output/dist/zonos-elements/p-d46349d3.system.entry.min.js.sri
2025/06/20 03:30:29 algorithm: run /usr/bin/brotli --quality=11 --output=/output/dist/zonos-elements/p-d46349d3.system.entry.min.js.br /tmp/work/dist/zonos-elements/p-d46349d3.system.entry.min.js
2025/06/20 03:30:29 br /tmp/work/dist/zonos-elements/p-d46349d3.system.entry.min.js -> /output/dist/zonos-elements/p-d46349d3.system.entry.min.js.br
2025/06/20 03:30:29 gz /tmp/work/dist/zonos-elements/p-d46349d3.system.entry.min.js -> /output/dist/zonos-elements/p-d46349d3.system.entry.min.js.gz
2025/06/20 03:30:29 sri /tmp/work/dist/zonos-elements/p-d46349d3.system.entry.js -> /output/dist/zonos-elements/p-d46349d3.system.entry.js.sri
2025/06/20 03:30:29 algorithm: run /usr/bin/brotli --quality=11 --output=/output/dist/zonos-elements/p-d46349d3.system.entry.js.br /tmp/work/dist/zonos-elements/p-d46349d3.system.entry.js
2025/06/20 03:30:29 br /tmp/work/dist/zonos-elements/p-d46349d3.system.entry.js -> /output/dist/zonos-elements/p-d46349d3.system.entry.js.br
2025/06/20 03:30:29 gz /tmp/work/dist/zonos-elements/p-d46349d3.system.entry.js -> /output/dist/zonos-elements/p-d46349d3.system.entry.js.gz
2025/06/20 03:30:29 compress: run /node_modules/uglify-js/bin/uglifyjs (3.15.4) [--mangle --compress if_return=true -o /tmp/work/dist/zonos-elements/p-d6a10007.entry.min.js /tmp/work/dist/zonos-elements/p-d6a10007.entry.js]
2025/06/20 03:30:29 sri /tmp/work/dist/zonos-elements/p-d42dfd32.system.min.js -> /output/dist/zonos-elements/p-d42dfd32.system.min.js.sri
2025/06/20 03:30:29 algorithm: run /usr/bin/brotli --quality=11 --output=/output/dist/zonos-elements/p-d42dfd32.system.min.js.br /tmp/work/dist/zonos-elements/p-d42dfd32.system.min.js
2025/06/20 03:30:29 br /tmp/work/dist/zonos-elements/p-d42dfd32.system.min.js -> /output/dist/zonos-elements/p-d42dfd32.system.min.js.br
2025/06/20 03:30:29 gz /tmp/work/dist/zonos-elements/p-d42dfd32.system.min.js -> /output/dist/zonos-elements/p-d42dfd32.system.min.js.gz
2025/06/20 03:30:29 sri /tmp/work/dist/zonos-elements/p-d42dfd32.system.js -> /output/dist/zonos-elements/p-d42dfd32.system.js.sri
2025/06/20 03:30:29 algorithm: run /usr/bin/brotli --quality=11 --output=/output/dist/zonos-elements/p-d42dfd32.system.js.br /tmp/work/dist/zonos-elements/p-d42dfd32.system.js
2025/06/20 03:30:29 sri /tmp/work/dist/zonos-elements/p-d6a10007.entry.min.js -> /output/dist/zonos-elements/p-d6a10007.entry.min.js.sri
2025/06/20 03:30:29 algorithm: run /usr/bin/brotli --quality=11 --output=/output/dist/zonos-elements/p-d6a10007.entry.min.js.br /tmp/work/dist/zonos-elements/p-d6a10007.entry.min.js
2025/06/20 03:30:29 br /tmp/work/dist/zonos-elements/p-d42dfd32.system.js -> /output/dist/zonos-elements/p-d42dfd32.system.js.br
2025/06/20 03:30:29 gz /tmp/work/dist/zonos-elements/p-d42dfd32.system.js -> /output/dist/zonos-elements/p-d42dfd32.system.js.gz
2025/06/20 03:30:29 compress: run /node_modules/uglify-js/bin/uglifyjs (3.15.4) [--mangle --compress if_return=true -o /tmp/work/dist/zonos-elements/p-db025dfc.system.entry.min.js /tmp/work/dist/zonos-elements/p-db025dfc.system.entry.js]
2025/06/20 03:30:29 br /tmp/work/dist/zonos-elements/p-d6a10007.entry.min.js -> /output/dist/zonos-elements/p-d6a10007.entry.min.js.br
2025/06/20 03:30:29 gz /tmp/work/dist/zonos-elements/p-d6a10007.entry.min.js -> /output/dist/zonos-elements/p-d6a10007.entry.min.js.gz
2025/06/20 03:30:29 sri /tmp/work/dist/zonos-elements/p-d6a10007.entry.js -> /output/dist/zonos-elements/p-d6a10007.entry.js.sri
2025/06/20 03:30:29 algorithm: run /usr/bin/brotli --quality=11 --output=/output/dist/zonos-elements/p-d6a10007.entry.js.br /tmp/work/dist/zonos-elements/p-d6a10007.entry.js
2025/06/20 03:30:29 br /tmp/work/dist/zonos-elements/p-d6a10007.entry.js -> /output/dist/zonos-elements/p-d6a10007.entry.js.br
2025/06/20 03:30:29 gz /tmp/work/dist/zonos-elements/p-d6a10007.entry.js -> /output/dist/zonos-elements/p-d6a10007.entry.js.gz
2025/06/20 03:30:29 compress: run /node_modules/uglify-js/bin/uglifyjs (3.15.4) [--mangle --compress if_return=true -o /tmp/work/dist/zonos-elements/p-db3968a2.min.js /tmp/work/dist/zonos-elements/p-db3968a2.js]
2025/06/20 03:30:30 sri /tmp/work/dist/zonos-elements/p-db025dfc.system.entry.min.js -> /output/dist/zonos-elements/p-db025dfc.system.entry.min.js.sri
2025/06/20 03:30:30 algorithm: run /usr/bin/brotli --quality=11 --output=/output/dist/zonos-elements/p-db025dfc.system.entry.min.js.br /tmp/work/dist/zonos-elements/p-db025dfc.system.entry.min.js
2025/06/20 03:30:30 br /tmp/work/dist/zonos-elements/p-db025dfc.system.entry.min.js -> /output/dist/zonos-elements/p-db025dfc.system.entry.min.js.br
2025/06/20 03:30:30 gz /tmp/work/dist/zonos-elements/p-db025dfc.system.entry.min.js -> /output/dist/zonos-elements/p-db025dfc.system.entry.min.js.gz
2025/06/20 03:30:30 sri /tmp/work/dist/zonos-elements/p-db025dfc.system.entry.js -> /output/dist/zonos-elements/p-db025dfc.system.entry.js.sri
2025/06/20 03:30:30 algorithm: run /usr/bin/brotli --quality=11 --output=/output/dist/zonos-elements/p-db025dfc.system.entry.js.br /tmp/work/dist/zonos-elements/p-db025dfc.system.entry.js
2025/06/20 03:30:30 br /tmp/work/dist/zonos-elements/p-db025dfc.system.entry.js -> /output/dist/zonos-elements/p-db025dfc.system.entry.js.br
2025/06/20 03:30:30 gz /tmp/work/dist/zonos-elements/p-db025dfc.system.entry.js -> /output/dist/zonos-elements/p-db025dfc.system.entry.js.gz
2025/06/20 03:30:30 compress: run /node_modules/uglify-js/bin/uglifyjs (3.15.4) [--mangle --compress if_return=true -o /tmp/work/dist/zonos-elements/p-dcd6acd4.system.entry.min.js /tmp/work/dist/zonos-elements/p-dcd6acd4.system.entry.js]
2025/06/20 03:30:30 sri /tmp/work/dist/zonos-elements/p-d2466fbd.system.min.js -> /output/dist/zonos-elements/p-d2466fbd.system.min.js.sri
2025/06/20 03:30:30 algorithm: run /usr/bin/brotli --quality=11 --output=/output/dist/zonos-elements/p-d2466fbd.system.min.js.br /tmp/work/dist/zonos-elements/p-d2466fbd.system.min.js
2025/06/20 03:30:30 br /tmp/work/dist/zonos-elements/p-2af2eb6f.system.entry.js -> /output/dist/zonos-elements/p-2af2eb6f.system.entry.js.br
2025/06/20 03:30:30 gz /tmp/work/dist/zonos-elements/p-2af2eb6f.system.entry.js -> /output/dist/zonos-elements/p-2af2eb6f.system.entry.js.gz
2025/06/20 03:30:30 compress: run /node_modules/uglify-js/bin/uglifyjs (3.15.4) [--mangle --compress if_return=true -o /tmp/work/dist/zonos-elements/p-dd1cfa74.entry.min.js /tmp/work/dist/zonos-elements/p-dd1cfa74.entry.js]
2025/06/20 03:30:30 br /tmp/work/dist/zonos-elements/p-d2466fbd.system.min.js -> /output/dist/zonos-elements/p-d2466fbd.system.min.js.br
2025/06/20 03:30:30 gz /tmp/work/dist/zonos-elements/p-d2466fbd.system.min.js -> /output/dist/zonos-elements/p-d2466fbd.system.min.js.gz
2025/06/20 03:30:30 sri /tmp/work/dist/zonos-elements/p-d2466fbd.system.js -> /output/dist/zonos-elements/p-d2466fbd.system.js.sri
2025/06/20 03:30:30 algorithm: run /usr/bin/brotli --quality=11 --output=/output/dist/zonos-elements/p-d2466fbd.system.js.br /tmp/work/dist/zonos-elements/p-d2466fbd.system.js
2025/06/20 03:30:30 br /tmp/work/dist/zonos-elements/p-d2466fbd.system.js -> /output/dist/zonos-elements/p-d2466fbd.system.js.br
2025/06/20 03:30:30 gz /tmp/work/dist/zonos-elements/p-d2466fbd.system.js -> /output/dist/zonos-elements/p-d2466fbd.system.js.gz
2025/06/20 03:30:30 compress: run /node_modules/uglify-js/bin/uglifyjs (3.15.4) [--mangle --compress if_return=true -o /tmp/work/dist/zonos-elements/p-df4c46a6.entry.min.js /tmp/work/dist/zonos-elements/p-df4c46a6.entry.js]
2025/06/20 03:30:30 sri /tmp/work/dist/zonos-elements/p-cb823c4d.system.min.js -> /output/dist/zonos-elements/p-cb823c4d.system.min.js.sri
2025/06/20 03:30:30 algorithm: run /usr/bin/brotli --quality=11 --output=/output/dist/zonos-elements/p-cb823c4d.system.min.js.br /tmp/work/dist/zonos-elements/p-cb823c4d.system.min.js
2025/06/20 03:30:30 br /tmp/work/dist/zonos-elements/p-cb823c4d.system.min.js -> /output/dist/zonos-elements/p-cb823c4d.system.min.js.br
2025/06/20 03:30:30 gz /tmp/work/dist/zonos-elements/p-cb823c4d.system.min.js -> /output/dist/zonos-elements/p-cb823c4d.system.min.js.gz
2025/06/20 03:30:30 sri /tmp/work/dist/zonos-elements/p-cb823c4d.system.js -> /output/dist/zonos-elements/p-cb823c4d.system.js.sri
2025/06/20 03:30:30 algorithm: run /usr/bin/brotli --quality=11 --output=/output/dist/zonos-elements/p-cb823c4d.system.js.br /tmp/work/dist/zonos-elements/p-cb823c4d.system.js
2025/06/20 03:30:30 br /tmp/work/dist/zonos-elements/p-cb823c4d.system.js -> /output/dist/zonos-elements/p-cb823c4d.system.js.br
2025/06/20 03:30:30 gz /tmp/work/dist/zonos-elements/p-cb823c4d.system.js -> /output/dist/zonos-elements/p-cb823c4d.system.js.gz
2025/06/20 03:30:30 compress: run /node_modules/uglify-js/bin/uglifyjs (3.15.4) [--mangle --compress if_return=true -o /tmp/work/dist/zonos-elements/p-e1255160.min.js /tmp/work/dist/zonos-elements/p-e1255160.js]
2025/06/20 03:30:30 sri /tmp/work/dist/zonos-elements/p-dcd6acd4.system.entry.min.js -> /output/dist/zonos-elements/p-dcd6acd4.system.entry.min.js.sri
2025/06/20 03:30:30 algorithm: run /usr/bin/brotli --quality=11 --output=/output/dist/zonos-elements/p-dcd6acd4.system.entry.min.js.br /tmp/work/dist/zonos-elements/p-dcd6acd4.system.entry.min.js
2025/06/20 03:30:30 br /tmp/work/dist/zonos-elements/p-dcd6acd4.system.entry.min.js -> /output/dist/zonos-elements/p-dcd6acd4.system.entry.min.js.br
2025/06/20 03:30:30 gz /tmp/work/dist/zonos-elements/p-dcd6acd4.system.entry.min.js -> /output/dist/zonos-elements/p-dcd6acd4.system.entry.min.js.gz
2025/06/20 03:30:30 sri /tmp/work/dist/zonos-elements/p-dcd6acd4.system.entry.js -> /output/dist/zonos-elements/p-dcd6acd4.system.entry.js.sri
2025/06/20 03:30:30 algorithm: run /usr/bin/brotli --quality=11 --output=/output/dist/zonos-elements/p-dcd6acd4.system.entry.js.br /tmp/work/dist/zonos-elements/p-dcd6acd4.system.entry.js
2025/06/20 03:30:30 br /tmp/work/dist/zonos-elements/p-dcd6acd4.system.entry.js -> /output/dist/zonos-elements/p-dcd6acd4.system.entry.js.br
2025/06/20 03:30:30 gz /tmp/work/dist/zonos-elements/p-dcd6acd4.system.entry.js -> /output/dist/zonos-elements/p-dcd6acd4.system.entry.js.gz
2025/06/20 03:30:30 compress: run /node_modules/uglify-js/bin/uglifyjs (3.15.4) [--mangle --compress if_return=true -o /tmp/work/dist/zonos-elements/p-e26c9e83.min.js /tmp/work/dist/zonos-elements/p-e26c9e83.js]
2025/06/20 03:30:30 sri /tmp/work/dist/zonos-elements/p-df4c46a6.entry.min.js -> /output/dist/zonos-elements/p-df4c46a6.entry.min.js.sri
2025/06/20 03:30:30 algorithm: run /usr/bin/brotli --quality=11 --output=/output/dist/zonos-elements/p-df4c46a6.entry.min.js.br /tmp/work/dist/zonos-elements/p-df4c46a6.entry.min.js
2025/06/20 03:30:30 sri /tmp/work/dist/zonos-elements/p-bec2a3ce.entry.min.js -> /output/dist/zonos-elements/p-bec2a3ce.entry.min.js.sri
2025/06/20 03:30:30 algorithm: run /usr/bin/brotli --quality=11 --output=/output/dist/zonos-elements/p-bec2a3ce.entry.min.js.br /tmp/work/dist/zonos-elements/p-bec2a3ce.entry.min.js
2025/06/20 03:30:30 br /tmp/work/dist/zonos-elements/p-df4c46a6.entry.min.js -> /output/dist/zonos-elements/p-df4c46a6.entry.min.js.br
2025/06/20 03:30:30 gz /tmp/work/dist/zonos-elements/p-df4c46a6.entry.min.js -> /output/dist/zonos-elements/p-df4c46a6.entry.min.js.gz
2025/06/20 03:30:30 sri /tmp/work/dist/zonos-elements/p-df4c46a6.entry.js -> /output/dist/zonos-elements/p-df4c46a6.entry.js.sri
2025/06/20 03:30:30 algorithm: run /usr/bin/brotli --quality=11 --output=/output/dist/zonos-elements/p-df4c46a6.entry.js.br /tmp/work/dist/zonos-elements/p-df4c46a6.entry.js
2025/06/20 03:30:30 br /tmp/work/dist/zonos-elements/p-df4c46a6.entry.js -> /output/dist/zonos-elements/p-df4c46a6.entry.js.br
2025/06/20 03:30:30 br /tmp/work/dist/zonos-elements/p-5d0f7364.system.js -> /output/dist/zonos-elements/p-5d0f7364.system.js.br
2025/06/20 03:30:30 gz /tmp/work/dist/zonos-elements/p-df4c46a6.entry.js -> /output/dist/zonos-elements/p-df4c46a6.entry.js.gz
2025/06/20 03:30:30 compress: run /node_modules/uglify-js/bin/uglifyjs (3.15.4) [--mangle --compress if_return=true -o /tmp/work/dist/zonos-elements/p-e68d5219.entry.min.js /tmp/work/dist/zonos-elements/p-e68d5219.entry.js]
2025/06/20 03:30:30 sri /tmp/work/dist/zonos-elements/p-e1255160.min.js -> /output/dist/zonos-elements/p-e1255160.min.js.sri
2025/06/20 03:30:30 algorithm: run /usr/bin/brotli --quality=11 --output=/output/dist/zonos-elements/p-e1255160.min.js.br /tmp/work/dist/zonos-elements/p-e1255160.min.js
2025/06/20 03:30:30 br /tmp/work/dist/zonos-elements/p-e1255160.min.js -> /output/dist/zonos-elements/p-e1255160.min.js.br
2025/06/20 03:30:30 gz /tmp/work/dist/zonos-elements/p-e1255160.min.js -> /output/dist/zonos-elements/p-e1255160.min.js.gz
2025/06/20 03:30:30 sri /tmp/work/dist/zonos-elements/p-e1255160.js -> /output/dist/zonos-elements/p-e1255160.js.sri
2025/06/20 03:30:30 algorithm: run /usr/bin/brotli --quality=11 --output=/output/dist/zonos-elements/p-e1255160.js.br /tmp/work/dist/zonos-elements/p-e1255160.js
2025/06/20 03:30:30 br /tmp/work/dist/zonos-elements/p-e1255160.js -> /output/dist/zonos-elements/p-e1255160.js.br
2025/06/20 03:30:30 gz /tmp/work/dist/zonos-elements/p-5d0f7364.system.js -> /output/dist/zonos-elements/p-5d0f7364.system.js.gz
2025/06/20 03:30:30 compress: run /node_modules/uglify-js/bin/uglifyjs (3.15.4) [--mangle --compress if_return=true -o /tmp/work/dist/zonos-elements/p-e7b0c156.min.js /tmp/work/dist/zonos-elements/p-e7b0c156.js]
2025/06/20 03:30:30 gz /tmp/work/dist/zonos-elements/p-e1255160.js -> /output/dist/zonos-elements/p-e1255160.js.gz
2025/06/20 03:30:30 compress: run /node_modules/uglify-js/bin/uglifyjs (3.15.4) [--mangle --compress if_return=true -o /tmp/work/dist/zonos-elements/p-ea6d87a1.system.min.js /tmp/work/dist/zonos-elements/p-ea6d87a1.system.js]
2025/06/20 03:30:30 sri /tmp/work/dist/zonos-elements/p-d60ca44b.system.entry.min.js -> /output/dist/zonos-elements/p-d60ca44b.system.entry.min.js.sri
2025/06/20 03:30:30 algorithm: run /usr/bin/brotli --quality=11 --output=/output/dist/zonos-elements/p-d60ca44b.system.entry.min.js.br /tmp/work/dist/zonos-elements/p-d60ca44b.system.entry.min.js
2025/06/20 03:30:30 br /tmp/work/dist/zonos-elements/p-d60ca44b.system.entry.min.js -> /output/dist/zonos-elements/p-d60ca44b.system.entry.min.js.br
2025/06/20 03:30:30 gz /tmp/work/dist/zonos-elements/p-d60ca44b.system.entry.min.js -> /output/dist/zonos-elements/p-d60ca44b.system.entry.min.js.gz
2025/06/20 03:30:30 sri /tmp/work/dist/zonos-elements/p-d60ca44b.system.entry.js -> /output/dist/zonos-elements/p-d60ca44b.system.entry.js.sri
2025/06/20 03:30:30 algorithm: run /usr/bin/brotli --quality=11 --output=/output/dist/zonos-elements/p-d60ca44b.system.entry.js.br /tmp/work/dist/zonos-elements/p-d60ca44b.system.entry.js
2025/06/20 03:30:30 br /tmp/work/dist/zonos-elements/p-d60ca44b.system.entry.js -> /output/dist/zonos-elements/p-d60ca44b.system.entry.js.br
2025/06/20 03:30:30 gz /tmp/work/dist/zonos-elements/p-d60ca44b.system.entry.js -> /output/dist/zonos-elements/p-d60ca44b.system.entry.js.gz
2025/06/20 03:30:30 compress: run /node_modules/uglify-js/bin/uglifyjs (3.15.4) [--mangle --compress if_return=true -o /tmp/work/dist/zonos-elements/p-eeb1081e.min.js /tmp/work/dist/zonos-elements/p-eeb1081e.js]
2025/06/20 03:30:31 sri /tmp/work/dist/zonos-elements/p-dd1cfa74.entry.min.js -> /output/dist/zonos-elements/p-dd1cfa74.entry.min.js.sri
2025/06/20 03:30:31 algorithm: run /usr/bin/brotli --quality=11 --output=/output/dist/zonos-elements/p-dd1cfa74.entry.min.js.br /tmp/work/dist/zonos-elements/p-dd1cfa74.entry.min.js
2025/06/20 03:30:31 sri /tmp/work/dist/zonos-elements/p-e7b0c156.min.js -> /output/dist/zonos-elements/p-e7b0c156.min.js.sri
2025/06/20 03:30:31 algorithm: run /usr/bin/brotli --quality=11 --output=/output/dist/zonos-elements/p-e7b0c156.min.js.br /tmp/work/dist/zonos-elements/p-e7b0c156.min.js
2025/06/20 03:30:31 br /tmp/work/dist/zonos-elements/p-dd1cfa74.entry.min.js -> /output/dist/zonos-elements/p-dd1cfa74.entry.min.js.br
2025/06/20 03:30:31 br /tmp/work/dist/zonos-elements/p-e7b0c156.min.js -> /output/dist/zonos-elements/p-e7b0c156.min.js.br
2025/06/20 03:30:31 sri /tmp/work/dist/zonos-elements/p-e68d5219.entry.min.js -> /output/dist/zonos-elements/p-e68d5219.entry.min.js.sri
2025/06/20 03:30:31 algorithm: run /usr/bin/brotli --quality=11 --output=/output/dist/zonos-elements/p-e68d5219.entry.min.js.br /tmp/work/dist/zonos-elements/p-e68d5219.entry.min.js
2025/06/20 03:30:31 gz /tmp/work/dist/zonos-elements/p-dd1cfa74.entry.min.js -> /output/dist/zonos-elements/p-dd1cfa74.entry.min.js.gz
2025/06/20 03:30:31 sri /tmp/work/dist/zonos-elements/p-dd1cfa74.entry.js -> /output/dist/zonos-elements/p-dd1cfa74.entry.js.sri
2025/06/20 03:30:31 algorithm: run /usr/bin/brotli --quality=11 --output=/output/dist/zonos-elements/p-dd1cfa74.entry.js.br /tmp/work/dist/zonos-elements/p-dd1cfa74.entry.js
2025/06/20 03:30:31 gz /tmp/work/dist/zonos-elements/p-e7b0c156.min.js -> /output/dist/zonos-elements/p-e7b0c156.min.js.gz
2025/06/20 03:30:31 sri /tmp/work/dist/zonos-elements/p-e7b0c156.js -> /output/dist/zonos-elements/p-e7b0c156.js.sri
2025/06/20 03:30:31 algorithm: run /usr/bin/brotli --quality=11 --output=/output/dist/zonos-elements/p-e7b0c156.js.br /tmp/work/dist/zonos-elements/p-e7b0c156.js
2025/06/20 03:30:31 sri /tmp/work/dist/zonos-elements/p-db3968a2.min.js -> /output/dist/zonos-elements/p-db3968a2.min.js.sri
2025/06/20 03:30:31 algorithm: run /usr/bin/brotli --quality=11 --output=/output/dist/zonos-elements/p-db3968a2.min.js.br /tmp/work/dist/zonos-elements/p-db3968a2.min.js
2025/06/20 03:30:31 br /tmp/work/dist/zonos-elements/p-e7b0c156.js -> /output/dist/zonos-elements/p-e7b0c156.js.br
2025/06/20 03:30:31 gz /tmp/work/dist/zonos-elements/p-e7b0c156.js -> /output/dist/zonos-elements/p-e7b0c156.js.gz
2025/06/20 03:30:31 compress: run /node_modules/uglify-js/bin/uglifyjs (3.15.4) [--mangle --compress if_return=true -o /tmp/work/dist/zonos-elements/p-eef5b0cc.min.js /tmp/work/dist/zonos-elements/p-eef5b0cc.js]
2025/06/20 03:30:31 br /tmp/work/dist/zonos-elements/p-e68d5219.entry.min.js -> /output/dist/zonos-elements/p-e68d5219.entry.min.js.br
2025/06/20 03:30:31 gz /tmp/work/dist/zonos-elements/p-e68d5219.entry.min.js -> /output/dist/zonos-elements/p-e68d5219.entry.min.js.gz
2025/06/20 03:30:31 sri /tmp/work/dist/zonos-elements/p-e68d5219.entry.js -> /output/dist/zonos-elements/p-e68d5219.entry.js.sri
2025/06/20 03:30:31 algorithm: run /usr/bin/brotli --quality=11 --output=/output/dist/zonos-elements/p-e68d5219.entry.js.br /tmp/work/dist/zonos-elements/p-e68d5219.entry.js
2025/06/20 03:30:31 br /tmp/work/dist/zonos-elements/p-dd1cfa74.entry.js -> /output/dist/zonos-elements/p-dd1cfa74.entry.js.br
2025/06/20 03:30:31 gz /tmp/work/dist/zonos-elements/p-dd1cfa74.entry.js -> /output/dist/zonos-elements/p-dd1cfa74.entry.js.gz
2025/06/20 03:30:31 compress: run /node_modules/uglify-js/bin/uglifyjs (3.15.4) [--mangle --compress if_return=true -o /tmp/work/dist/zonos-elements/p-ef3e05e5.system.min.js /tmp/work/dist/zonos-elements/p-ef3e05e5.system.js]
2025/06/20 03:30:31 sri /tmp/work/dist/zonos-elements/p-eeb1081e.min.js -> /output/dist/zonos-elements/p-eeb1081e.min.js.sri
2025/06/20 03:30:31 algorithm: run /usr/bin/brotli --quality=11 --output=/output/dist/zonos-elements/p-eeb1081e.min.js.br /tmp/work/dist/zonos-elements/p-eeb1081e.min.js
2025/06/20 03:30:31 br /tmp/work/dist/zonos-elements/p-eeb1081e.min.js -> /output/dist/zonos-elements/p-eeb1081e.min.js.br
2025/06/20 03:30:31 gz /tmp/work/dist/zonos-elements/p-eeb1081e.min.js -> /output/dist/zonos-elements/p-eeb1081e.min.js.gz
2025/06/20 03:30:31 sri /tmp/work/dist/zonos-elements/p-eeb1081e.js -> /output/dist/zonos-elements/p-eeb1081e.js.sri
2025/06/20 03:30:31 algorithm: run /usr/bin/brotli --quality=11 --output=/output/dist/zonos-elements/p-eeb1081e.js.br /tmp/work/dist/zonos-elements/p-eeb1081e.js
2025/06/20 03:30:31 br /tmp/work/dist/zonos-elements/p-eeb1081e.js -> /output/dist/zonos-elements/p-eeb1081e.js.br
2025/06/20 03:30:31 gz /tmp/work/dist/zonos-elements/p-eeb1081e.js -> /output/dist/zonos-elements/p-eeb1081e.js.gz
2025/06/20 03:30:31 compress: run /node_modules/uglify-js/bin/uglifyjs (3.15.4) [--mangle --compress if_return=true -o /tmp/work/dist/zonos-elements/p-f255e822.min.js /tmp/work/dist/zonos-elements/p-f255e822.js]
2025/06/20 03:30:31 br /tmp/work/dist/zonos-elements/p-e68d5219.entry.js -> /output/dist/zonos-elements/p-e68d5219.entry.js.br
2025/06/20 03:30:31 gz /tmp/work/dist/zonos-elements/p-e68d5219.entry.js -> /output/dist/zonos-elements/p-e68d5219.entry.js.gz
2025/06/20 03:30:31 compress: run /node_modules/uglify-js/bin/uglifyjs (3.15.4) [--mangle --compress if_return=true -o /tmp/work/dist/zonos-elements/p-f655ec36.entry.min.js /tmp/work/dist/zonos-elements/p-f655ec36.entry.js]
2025/06/20 03:30:31 br /tmp/work/dist/zonos-elements/p-db3968a2.min.js -> /output/dist/zonos-elements/p-db3968a2.min.js.br
2025/06/20 03:30:31 gz /tmp/work/dist/zonos-elements/p-db3968a2.min.js -> /output/dist/zonos-elements/p-db3968a2.min.js.gz
2025/06/20 03:30:31 sri /tmp/work/dist/zonos-elements/p-db3968a2.js -> /output/dist/zonos-elements/p-db3968a2.js.sri
2025/06/20 03:30:31 algorithm: run /usr/bin/brotli --quality=11 --output=/output/dist/zonos-elements/p-db3968a2.js.br /tmp/work/dist/zonos-elements/p-db3968a2.js
2025/06/20 03:30:31 sri /tmp/work/dist/zonos-elements/p-ea6d87a1.system.min.js -> /output/dist/zonos-elements/p-ea6d87a1.system.min.js.sri
2025/06/20 03:30:31 algorithm: run /usr/bin/brotli --quality=11 --output=/output/dist/zonos-elements/p-ea6d87a1.system.min.js.br /tmp/work/dist/zonos-elements/p-ea6d87a1.system.min.js
2025/06/20 03:30:31 br /tmp/work/dist/zonos-elements/p-ea6d87a1.system.min.js -> /output/dist/zonos-elements/p-ea6d87a1.system.min.js.br
2025/06/20 03:30:31 gz /tmp/work/dist/zonos-elements/p-ea6d87a1.system.min.js -> /output/dist/zonos-elements/p-ea6d87a1.system.min.js.gz
2025/06/20 03:30:31 sri /tmp/work/dist/zonos-elements/p-ea6d87a1.system.js -> /output/dist/zonos-elements/p-ea6d87a1.system.js.sri
2025/06/20 03:30:31 algorithm: run /usr/bin/brotli --quality=11 --output=/output/dist/zonos-elements/p-ea6d87a1.system.js.br /tmp/work/dist/zonos-elements/p-ea6d87a1.system.js
2025/06/20 03:30:31 br /tmp/work/dist/zonos-elements/p-db3968a2.js -> /output/dist/zonos-elements/p-db3968a2.js.br
2025/06/20 03:30:31 gz /tmp/work/dist/zonos-elements/p-db3968a2.js -> /output/dist/zonos-elements/p-db3968a2.js.gz
2025/06/20 03:30:31 compress: run /node_modules/uglify-js/bin/uglifyjs (3.15.4) [--mangle --compress if_return=true -o /tmp/work/dist/zonos-elements/p-f891d470.entry.min.js /tmp/work/dist/zonos-elements/p-f891d470.entry.js]
2025/06/20 03:30:31 br /tmp/work/dist/zonos-elements/p-ea6d87a1.system.js -> /output/dist/zonos-elements/p-ea6d87a1.system.js.br
2025/06/20 03:30:31 gz /tmp/work/dist/zonos-elements/p-ea6d87a1.system.js -> /output/dist/zonos-elements/p-ea6d87a1.system.js.gz
2025/06/20 03:30:31 compress: run /node_modules/uglify-js/bin/uglifyjs (3.15.4) [--mangle --compress if_return=true -o /tmp/work/dist/zonos-elements/p-f8d0d488.system.entry.min.js /tmp/work/dist/zonos-elements/p-f8d0d488.system.entry.js]
2025/06/20 03:30:31 sri /tmp/work/dist/zonos-elements/p-ef3e05e5.system.min.js -> /output/dist/zonos-elements/p-ef3e05e5.system.min.js.sri
2025/06/20 03:30:31 algorithm: run /usr/bin/brotli --quality=11 --output=/output/dist/zonos-elements/p-ef3e05e5.system.min.js.br /tmp/work/dist/zonos-elements/p-ef3e05e5.system.min.js
2025/06/20 03:30:31 br /tmp/work/dist/zonos-elements/p-ef3e05e5.system.min.js -> /output/dist/zonos-elements/p-ef3e05e5.system.min.js.br
2025/06/20 03:30:31 gz /tmp/work/dist/zonos-elements/p-ef3e05e5.system.min.js -> /output/dist/zonos-elements/p-ef3e05e5.system.min.js.gz
2025/06/20 03:30:31 sri /tmp/work/dist/zonos-elements/p-ef3e05e5.system.js -> /output/dist/zonos-elements/p-ef3e05e5.system.js.sri
2025/06/20 03:30:31 algorithm: run /usr/bin/brotli --quality=11 --output=/output/dist/zonos-elements/p-ef3e05e5.system.js.br /tmp/work/dist/zonos-elements/p-ef3e05e5.system.js
2025/06/20 03:30:31 br /tmp/work/dist/zonos-elements/p-ef3e05e5.system.js -> /output/dist/zonos-elements/p-ef3e05e5.system.js.br
2025/06/20 03:30:31 gz /tmp/work/dist/zonos-elements/p-ef3e05e5.system.js -> /output/dist/zonos-elements/p-ef3e05e5.system.js.gz
2025/06/20 03:30:31 compress: run /node_modules/uglify-js/bin/uglifyjs (3.15.4) [--mangle --compress if_return=true -o /tmp/work/dist/zonos-elements/p-fbe36bc8.system.entry.min.js /tmp/work/dist/zonos-elements/p-fbe36bc8.system.entry.js]
2025/06/20 03:30:31 sri /tmp/work/dist/zonos-elements/p-eef5b0cc.min.js -> /output/dist/zonos-elements/p-eef5b0cc.min.js.sri
2025/06/20 03:30:31 algorithm: run /usr/bin/brotli --quality=11 --output=/output/dist/zonos-elements/p-eef5b0cc.min.js.br /tmp/work/dist/zonos-elements/p-eef5b0cc.min.js
2025/06/20 03:30:31 br /tmp/work/dist/zonos-elements/p-eef5b0cc.min.js -> /output/dist/zonos-elements/p-eef5b0cc.min.js.br
2025/06/20 03:30:31 gz /tmp/work/dist/zonos-elements/p-eef5b0cc.min.js -> /output/dist/zonos-elements/p-eef5b0cc.min.js.gz
2025/06/20 03:30:31 sri /tmp/work/dist/zonos-elements/p-eef5b0cc.js -> /output/dist/zonos-elements/p-eef5b0cc.js.sri
2025/06/20 03:30:31 algorithm: run /usr/bin/brotli --quality=11 --output=/output/dist/zonos-elements/p-eef5b0cc.js.br /tmp/work/dist/zonos-elements/p-eef5b0cc.js
2025/06/20 03:30:31 br /tmp/work/dist/zonos-elements/p-eef5b0cc.js -> /output/dist/zonos-elements/p-eef5b0cc.js.br
2025/06/20 03:30:31 gz /tmp/work/dist/zonos-elements/p-eef5b0cc.js -> /output/dist/zonos-elements/p-eef5b0cc.js.gz
2025/06/20 03:30:31 compress: run /node_modules/uglify-js/bin/uglifyjs (3.15.4) [--mangle --compress if_return=true -o /tmp/work/dist/zonos-elements/p-fcc2e712.entry.min.js /tmp/work/dist/zonos-elements/p-fcc2e712.entry.js]
2025/06/20 03:30:31 br /tmp/work/dist/zonos-elements/p-bec2a3ce.entry.min.js -> /output/dist/zonos-elements/p-bec2a3ce.entry.min.js.br
2025/06/20 03:30:31 gz /tmp/work/dist/zonos-elements/p-bec2a3ce.entry.min.js -> /output/dist/zonos-elements/p-bec2a3ce.entry.min.js.gz
2025/06/20 03:30:31 sri /tmp/work/dist/zonos-elements/p-bec2a3ce.entry.js -> /output/dist/zonos-elements/p-bec2a3ce.entry.js.sri
2025/06/20 03:30:31 algorithm: run /usr/bin/brotli --quality=11 --output=/output/dist/zonos-elements/p-bec2a3ce.entry.js.br /tmp/work/dist/zonos-elements/p-bec2a3ce.entry.js
2025/06/20 03:30:31 sri /tmp/work/dist/zonos-elements/p-f891d470.entry.min.js -> /output/dist/zonos-elements/p-f891d470.entry.min.js.sri
2025/06/20 03:30:31 algorithm: run /usr/bin/brotli --quality=11 --output=/output/dist/zonos-elements/p-f891d470.entry.min.js.br /tmp/work/dist/zonos-elements/p-f891d470.entry.min.js
2025/06/20 03:30:31 br /tmp/work/dist/zonos-elements/p-f891d470.entry.min.js -> /output/dist/zonos-elements/p-f891d470.entry.min.js.br
2025/06/20 03:30:31 gz /tmp/work/dist/zonos-elements/p-f891d470.entry.min.js -> /output/dist/zonos-elements/p-f891d470.entry.min.js.gz
2025/06/20 03:30:31 sri /tmp/work/dist/zonos-elements/p-f891d470.entry.js -> /output/dist/zonos-elements/p-f891d470.entry.js.sri
2025/06/20 03:30:31 algorithm: run /usr/bin/brotli --quality=11 --output=/output/dist/zonos-elements/p-f891d470.entry.js.br /tmp/work/dist/zonos-elements/p-f891d470.entry.js
2025/06/20 03:30:31 br /tmp/work/dist/zonos-elements/p-f891d470.entry.js -> /output/dist/zonos-elements/p-f891d470.entry.js.br
2025/06/20 03:30:31 gz /tmp/work/dist/zonos-elements/p-f891d470.entry.js -> /output/dist/zonos-elements/p-f891d470.entry.js.gz
2025/06/20 03:30:31 compress: run /node_modules/clean-css-cli/bin/cleancss (3.3.10) [--compatibility --s0 -o /tmp/work/dist/zonos-elements/zonos-elements.min.css /tmp/work/dist/zonos-elements/zonos-elements.css]
2025/06/20 03:30:31 sri /tmp/work/dist/zonos-elements/p-f655ec36.entry.min.js -> /output/dist/zonos-elements/p-f655ec36.entry.min.js.sri
2025/06/20 03:30:31 algorithm: run /usr/bin/brotli --quality=11 --output=/output/dist/zonos-elements/p-f655ec36.entry.min.js.br /tmp/work/dist/zonos-elements/p-f655ec36.entry.min.js
2025/06/20 03:30:31 sri /tmp/work/dist/zonos-elements/p-fbe36bc8.system.entry.min.js -> /output/dist/zonos-elements/p-fbe36bc8.system.entry.min.js.sri
2025/06/20 03:30:31 algorithm: run /usr/bin/brotli --quality=11 --output=/output/dist/zonos-elements/p-fbe36bc8.system.entry.min.js.br /tmp/work/dist/zonos-elements/p-fbe36bc8.system.entry.min.js
2025/06/20 03:30:31 br /tmp/work/dist/zonos-elements/p-f655ec36.entry.min.js -> /output/dist/zonos-elements/p-f655ec36.entry.min.js.br
2025/06/20 03:30:31 gz /tmp/work/dist/zonos-elements/p-f655ec36.entry.min.js -> /output/dist/zonos-elements/p-f655ec36.entry.min.js.gz
2025/06/20 03:30:31 sri /tmp/work/dist/zonos-elements/p-f655ec36.entry.js -> /output/dist/zonos-elements/p-f655ec36.entry.js.sri
2025/06/20 03:30:31 algorithm: run /usr/bin/brotli --quality=11 --output=/output/dist/zonos-elements/p-f655ec36.entry.js.br /tmp/work/dist/zonos-elements/p-f655ec36.entry.js
2025/06/20 03:30:31 br /tmp/work/dist/zonos-elements/p-fbe36bc8.system.entry.min.js -> /output/dist/zonos-elements/p-fbe36bc8.system.entry.min.js.br
2025/06/20 03:30:31 gz /tmp/work/dist/zonos-elements/p-fbe36bc8.system.entry.min.js -> /output/dist/zonos-elements/p-fbe36bc8.system.entry.min.js.gz
2025/06/20 03:30:31 sri /tmp/work/dist/zonos-elements/p-fbe36bc8.system.entry.js -> /output/dist/zonos-elements/p-fbe36bc8.system.entry.js.sri
2025/06/20 03:30:31 algorithm: run /usr/bin/brotli --quality=11 --output=/output/dist/zonos-elements/p-fbe36bc8.system.entry.js.br /tmp/work/dist/zonos-elements/p-fbe36bc8.system.entry.js
2025/06/20 03:30:31 br /tmp/work/dist/zonos-elements/p-fbe36bc8.system.entry.js -> /output/dist/zonos-elements/p-fbe36bc8.system.entry.js.br
2025/06/20 03:30:31 gz /tmp/work/dist/zonos-elements/p-fbe36bc8.system.entry.js -> /output/dist/zonos-elements/p-fbe36bc8.system.entry.js.gz
2025/06/20 03:30:31 compress: run /node_modules/uglify-js/bin/uglifyjs (3.15.4) [--mangle --compress if_return=true -o /tmp/work/dist/zonos-elements/zonos-elements.esm.min.js /tmp/work/dist/zonos-elements/zonos-elements.esm.js]
2025/06/20 03:30:31 sri /tmp/work/dist/zonos-elements/p-f8d0d488.system.entry.min.js -> /output/dist/zonos-elements/p-f8d0d488.system.entry.min.js.sri
2025/06/20 03:30:31 algorithm: run /usr/bin/brotli --quality=11 --output=/output/dist/zonos-elements/p-f8d0d488.system.entry.min.js.br /tmp/work/dist/zonos-elements/p-f8d0d488.system.entry.min.js
2025/06/20 03:30:31 br /tmp/work/dist/zonos-elements/p-f8d0d488.system.entry.min.js -> /output/dist/zonos-elements/p-f8d0d488.system.entry.min.js.br
2025/06/20 03:30:31 gz /tmp/work/dist/zonos-elements/p-f8d0d488.system.entry.min.js -> /output/dist/zonos-elements/p-f8d0d488.system.entry.min.js.gz
2025/06/20 03:30:31 sri /tmp/work/dist/zonos-elements/p-f8d0d488.system.entry.js -> /output/dist/zonos-elements/p-f8d0d488.system.entry.js.sri
2025/06/20 03:30:31 algorithm: run /usr/bin/brotli --quality=11 --output=/output/dist/zonos-elements/p-f8d0d488.system.entry.js.br /tmp/work/dist/zonos-elements/p-f8d0d488.system.entry.js
2025/06/20 03:30:31 br /tmp/work/dist/zonos-elements/p-f655ec36.entry.js -> /output/dist/zonos-elements/p-f655ec36.entry.js.br
2025/06/20 03:30:31 gz /tmp/work/dist/zonos-elements/p-f655ec36.entry.js -> /output/dist/zonos-elements/p-f655ec36.entry.js.gz
2025/06/20 03:30:31 compress: run /node_modules/uglify-js/bin/uglifyjs (3.15.4) [--mangle --compress if_return=true -o /tmp/work/dist/zonos-elements/zonos-elements.min.js /tmp/work/dist/zonos-elements/zonos-elements.js]
2025/06/20 03:30:31 sri /tmp/work/dist/zonos-elements/p-fcc2e712.entry.min.js -> /output/dist/zonos-elements/p-fcc2e712.entry.min.js.sri
2025/06/20 03:30:31 algorithm: run /usr/bin/brotli --quality=11 --output=/output/dist/zonos-elements/p-fcc2e712.entry.min.js.br /tmp/work/dist/zonos-elements/p-fcc2e712.entry.min.js
2025/06/20 03:30:31 br /tmp/work/dist/zonos-elements/p-f8d0d488.system.entry.js -> /output/dist/zonos-elements/p-f8d0d488.system.entry.js.br
2025/06/20 03:30:31 gz /tmp/work/dist/zonos-elements/p-f8d0d488.system.entry.js -> /output/dist/zonos-elements/p-f8d0d488.system.entry.js.gz
2025/06/20 03:30:31 algorithm: run /usr/bin/brotli --quality=11 --output=/output/dist/zonos-elements/assets/bagIcon.svg.br /tmp/work/dist/zonos-elements/assets/bagIcon.svg
2025/06/20 03:30:31 br /tmp/work/dist/zonos-elements/p-fcc2e712.entry.min.js -> /output/dist/zonos-elements/p-fcc2e712.entry.min.js.br
2025/06/20 03:30:31 gz /tmp/work/dist/zonos-elements/p-fcc2e712.entry.min.js -> /output/dist/zonos-elements/p-fcc2e712.entry.min.js.gz
2025/06/20 03:30:31 sri /tmp/work/dist/zonos-elements/p-fcc2e712.entry.js -> /output/dist/zonos-elements/p-fcc2e712.entry.js.sri
2025/06/20 03:30:31 algorithm: run /usr/bin/brotli --quality=11 --output=/output/dist/zonos-elements/p-fcc2e712.entry.js.br /tmp/work/dist/zonos-elements/p-fcc2e712.entry.js
2025/06/20 03:30:31 br /tmp/work/dist/zonos-elements/assets/bagIcon.svg -> /output/dist/zonos-elements/assets/bagIcon.svg.br
2025/06/20 03:30:31 gz /tmp/work/dist/zonos-elements/assets/bagIcon.svg -> /output/dist/zonos-elements/assets/bagIcon.svg.gz
2025/06/20 03:30:31 compress: run /usr/bin/zopflipng --iterations=60 --keepchunks=iCCP --lossy_transparent --splitting=3 -my /tmp/work/dist/zonos-elements/assets/Boxes.png /tmp/work/dist/zonos-elements/assets/Boxes.png
2025/06/20 03:30:31 br /tmp/work/dist/zonos-elements/p-fcc2e712.entry.js -> /output/dist/zonos-elements/p-fcc2e712.entry.js.br
2025/06/20 03:30:31 gz /tmp/work/dist/zonos-elements/p-fcc2e712.entry.js -> /output/dist/zonos-elements/p-fcc2e712.entry.js.gz
2025/06/20 03:30:31 algorithm: run /usr/bin/brotli --quality=11 --output=/output/dist/zonos-elements/assets/ChevronDownIcon.svg.br /tmp/work/dist/zonos-elements/assets/ChevronDownIcon.svg
2025/06/20 03:30:31 br /tmp/work/dist/zonos-elements/assets/ChevronDownIcon.svg -> /output/dist/zonos-elements/assets/ChevronDownIcon.svg.br
2025/06/20 03:30:31 gz /tmp/work/dist/zonos-elements/assets/ChevronDownIcon.svg -> /output/dist/zonos-elements/assets/ChevronDownIcon.svg.gz
2025/06/20 03:30:31 algorithm: run /usr/bin/brotli --quality=11 --output=/output/dist/zonos-elements/assets/ChevronUpIcon.svg.br /tmp/work/dist/zonos-elements/assets/ChevronUpIcon.svg
2025/06/20 03:30:31 br /tmp/work/dist/zonos-elements/assets/ChevronUpIcon.svg -> /output/dist/zonos-elements/assets/ChevronUpIcon.svg.br
2025/06/20 03:30:31 gz /tmp/work/dist/zonos-elements/assets/ChevronUpIcon.svg -> /output/dist/zonos-elements/assets/ChevronUpIcon.svg.gz
2025/06/20 03:30:31 compress: run /usr/bin/zopflipng --iterations=60 --keepchunks=iCCP --lossy_transparent --splitting=3 -my /tmp/work/dist/zonos-elements/assets/Earth.png /tmp/work/dist/zonos-elements/assets/Earth.png
2025/06/20 03:30:31 sri /tmp/work/dist/zonos-elements/zonos-elements.min.css -> /output/dist/zonos-elements/zonos-elements.min.css.sri
2025/06/20 03:30:31 algorithm: run /usr/bin/brotli --quality=11 --output=/output/dist/zonos-elements/zonos-elements.min.css.br /tmp/work/dist/zonos-elements/zonos-elements.min.css
2025/06/20 03:30:32 sri /tmp/work/dist/zonos-elements/zonos-elements.esm.min.js -> /output/dist/zonos-elements/zonos-elements.esm.min.js.sri
2025/06/20 03:30:32 algorithm: run /usr/bin/brotli --quality=11 --output=/output/dist/zonos-elements/zonos-elements.esm.min.js.br /tmp/work/dist/zonos-elements/zonos-elements.esm.min.js
2025/06/20 03:30:32 br /tmp/work/dist/zonos-elements/zonos-elements.min.css -> /output/dist/zonos-elements/zonos-elements.min.css.br
2025/06/20 03:30:32 gz /tmp/work/dist/zonos-elements/zonos-elements.min.css -> /output/dist/zonos-elements/zonos-elements.min.css.gz
2025/06/20 03:30:32 sri /tmp/work/dist/zonos-elements/zonos-elements.css -> /output/dist/zonos-elements/zonos-elements.css.sri
2025/06/20 03:30:32 algorithm: run /usr/bin/brotli --quality=11 --output=/output/dist/zonos-elements/zonos-elements.css.br /tmp/work/dist/zonos-elements/zonos-elements.css
2025/06/20 03:30:32 sri /tmp/work/dist/zonos-elements/p-e26c9e83.min.js -> /output/dist/zonos-elements/p-e26c9e83.min.js.sri
2025/06/20 03:30:32 algorithm: run /usr/bin/brotli --quality=11 --output=/output/dist/zonos-elements/p-e26c9e83.min.js.br /tmp/work/dist/zonos-elements/p-e26c9e83.min.js
2025/06/20 03:30:32 br /tmp/work/dist/zonos-elements/zonos-elements.css -> /output/dist/zonos-elements/zonos-elements.css.br
2025/06/20 03:30:32 gz /tmp/work/dist/zonos-elements/zonos-elements.css -> /output/dist/zonos-elements/zonos-elements.css.gz
2025/06/20 03:30:32 compress: run /usr/bin/jpegoptim /tmp/work/dist/zonos-elements/assets/empty-item.jpeg
2025/06/20 03:30:32 /tmp/work/dist/zonos-elements/assets/empty-item.jpeg 49x48 24bit N  [OK] 569 --> 569 bytes (0.00%), skipped.

2025/06/20 03:30:32 algorithm: run /usr/bin/brotli --quality=11 --output=/output/dist/zonos-elements/assets/empty-item.jpeg.br /tmp/work/dist/zonos-elements/assets/empty-item.jpeg
2025/06/20 03:30:32 br /tmp/work/dist/zonos-elements/zonos-elements.esm.min.js -> /output/dist/zonos-elements/zonos-elements.esm.min.js.br
2025/06/20 03:30:32 br /tmp/work/dist/zonos-elements/p-e26c9e83.min.js -> /output/dist/zonos-elements/p-e26c9e83.min.js.br
2025/06/20 03:30:32 br /tmp/work/dist/zonos-elements/assets/empty-item.jpeg -> /output/dist/zonos-elements/assets/empty-item.jpeg.br
2025/06/20 03:30:32 gz /tmp/work/dist/zonos-elements/assets/empty-item.jpeg -> /output/dist/zonos-elements/assets/empty-item.jpeg.gz
2025/06/20 03:30:32 compress: run /usr/bin/zopflipng --iterations=60 --keepchunks=iCCP --lossy_transparent --splitting=3 -my /tmp/work/dist/zonos-elements/assets/EmptyBox.png /tmp/work/dist/zonos-elements/assets/EmptyBox.png
2025/06/20 03:30:32 gz /tmp/work/dist/zonos-elements/p-e26c9e83.min.js -> /output/dist/zonos-elements/p-e26c9e83.min.js.gz
2025/06/20 03:30:32 sri /tmp/work/dist/zonos-elements/p-e26c9e83.js -> /output/dist/zonos-elements/p-e26c9e83.js.sri
2025/06/20 03:30:32 algorithm: run /usr/bin/brotli --quality=11 --output=/output/dist/zonos-elements/p-e26c9e83.js.br /tmp/work/dist/zonos-elements/p-e26c9e83.js
2025/06/20 03:30:32 gz /tmp/work/dist/zonos-elements/zonos-elements.esm.min.js -> /output/dist/zonos-elements/zonos-elements.esm.min.js.gz
2025/06/20 03:30:32 sri /tmp/work/dist/zonos-elements/zonos-elements.esm.js -> /output/dist/zonos-elements/zonos-elements.esm.js.sri
2025/06/20 03:30:32 algorithm: run /usr/bin/brotli --quality=11 --output=/output/dist/zonos-elements/zonos-elements.esm.js.br /tmp/work/dist/zonos-elements/zonos-elements.esm.js
2025/06/20 03:30:32 br /tmp/work/dist/zonos-elements/zonos-elements.esm.js -> /output/dist/zonos-elements/zonos-elements.esm.js.br
2025/06/20 03:30:32 gz /tmp/work/dist/zonos-elements/zonos-elements.esm.js -> /output/dist/zonos-elements/zonos-elements.esm.js.gz
2025/06/20 03:30:32 algorithm: run /usr/bin/brotli --quality=11 --output=/output/dist/zonos-elements/assets/ExclamationMarkDuotoneIcon.svg.br /tmp/work/dist/zonos-elements/assets/ExclamationMarkDuotoneIcon.svg
2025/06/20 03:30:32 br /tmp/work/dist/zonos-elements/assets/ExclamationMarkDuotoneIcon.svg -> /output/dist/zonos-elements/assets/ExclamationMarkDuotoneIcon.svg.br
2025/06/20 03:30:32 gz /tmp/work/dist/zonos-elements/assets/ExclamationMarkDuotoneIcon.svg -> /output/dist/zonos-elements/assets/ExclamationMarkDuotoneIcon.svg.gz
2025/06/20 03:30:32 algorithm: run /usr/bin/brotli --quality=11 --output=/output/dist/zonos-elements/assets/HelpDuotoneIcon.svg.br /tmp/work/dist/zonos-elements/assets/HelpDuotoneIcon.svg
2025/06/20 03:30:32 br /tmp/work/dist/zonos-elements/assets/HelpDuotoneIcon.svg -> /output/dist/zonos-elements/assets/HelpDuotoneIcon.svg.br
2025/06/20 03:30:32 gz /tmp/work/dist/zonos-elements/assets/HelpDuotoneIcon.svg -> /output/dist/zonos-elements/assets/HelpDuotoneIcon.svg.gz
2025/06/20 03:30:32 algorithm: run /usr/bin/brotli --quality=11 --output=/output/dist/zonos-elements/assets/importIcon.svg.br /tmp/work/dist/zonos-elements/assets/importIcon.svg
2025/06/20 03:30:32 br /tmp/work/dist/zonos-elements/p-e26c9e83.js -> /output/dist/zonos-elements/p-e26c9e83.js.br
2025/06/20 03:30:32 gz /tmp/work/dist/zonos-elements/p-e26c9e83.js -> /output/dist/zonos-elements/p-e26c9e83.js.gz
2025/06/20 03:30:32 br /tmp/work/dist/zonos-elements/assets/importIcon.svg -> /output/dist/zonos-elements/assets/importIcon.svg.br
2025/06/20 03:30:32 gz /tmp/work/dist/zonos-elements/assets/importIcon.svg -> /output/dist/zonos-elements/assets/importIcon.svg.gz
2025/06/20 03:30:32 algorithm: run /usr/bin/brotli --quality=11 --output=/output/dist/zonos-elements/assets/InfoIcon.svg.br /tmp/work/dist/zonos-elements/assets/InfoIcon.svg
2025/06/20 03:30:32 algorithm: run /usr/bin/brotli --quality=11 --output=/output/dist/zonos-elements/assets/inclusivePricingIcon.svg.br /tmp/work/dist/zonos-elements/assets/inclusivePricingIcon.svg
2025/06/20 03:30:32 br /tmp/work/dist/zonos-elements/assets/InfoIcon.svg -> /output/dist/zonos-elements/assets/InfoIcon.svg.br
2025/06/20 03:30:32 gz /tmp/work/dist/zonos-elements/assets/InfoIcon.svg -> /output/dist/zonos-elements/assets/InfoIcon.svg.gz
2025/06/20 03:30:32 algorithm: run /usr/bin/brotli --quality=11 --output=/output/dist/zonos-elements/assets/LeftArrow.svg.br /tmp/work/dist/zonos-elements/assets/LeftArrow.svg
2025/06/20 03:30:32 br /tmp/work/dist/zonos-elements/assets/inclusivePricingIcon.svg -> /output/dist/zonos-elements/assets/inclusivePricingIcon.svg.br
2025/06/20 03:30:32 gz /tmp/work/dist/zonos-elements/assets/inclusivePricingIcon.svg -> /output/dist/zonos-elements/assets/inclusivePricingIcon.svg.gz
2025/06/20 03:30:32 compress: run /usr/bin/zopflipng --iterations=60 --keepchunks=iCCP --lossy_transparent --splitting=3 -my /tmp/work/dist/zonos-elements/assets/Lock.png /tmp/work/dist/zonos-elements/assets/Lock.png
2025/06/20 03:30:32 br /tmp/work/dist/zonos-elements/assets/LeftArrow.svg -> /output/dist/zonos-elements/assets/LeftArrow.svg.br
2025/06/20 03:30:32 gz /tmp/work/dist/zonos-elements/assets/LeftArrow.svg -> /output/dist/zonos-elements/assets/LeftArrow.svg.gz
2025/06/20 03:30:32 algorithm: run /usr/bin/brotli --quality=11 --output=/output/dist/zonos-elements/assets/messageIcon.svg.br /tmp/work/dist/zonos-elements/assets/messageIcon.svg
2025/06/20 03:30:32 br /tmp/work/dist/zonos-elements/assets/messageIcon.svg -> /output/dist/zonos-elements/assets/messageIcon.svg.br
2025/06/20 03:30:32 gz /tmp/work/dist/zonos-elements/assets/messageIcon.svg -> /output/dist/zonos-elements/assets/messageIcon.svg.gz
2025/06/20 03:30:32 algorithm: run /usr/bin/brotli --quality=11 --output=/output/dist/zonos-elements/assets/MessageIcon.svg.br /tmp/work/dist/zonos-elements/assets/MessageIcon.svg
2025/06/20 03:30:32 br /tmp/work/dist/zonos-elements/assets/MessageIcon.svg -> /output/dist/zonos-elements/assets/MessageIcon.svg.br
2025/06/20 03:30:32 gz /tmp/work/dist/zonos-elements/assets/MessageIcon.svg -> /output/dist/zonos-elements/assets/MessageIcon.svg.gz
2025/06/20 03:30:32 algorithm: run /usr/bin/brotli --quality=11 --output=/output/dist/zonos-elements/assets/moneyIcon.svg.br /tmp/work/dist/zonos-elements/assets/moneyIcon.svg
2025/06/20 03:30:32 br /tmp/work/dist/zonos-elements/assets/moneyIcon.svg -> /output/dist/zonos-elements/assets/moneyIcon.svg.br
2025/06/20 03:30:32 gz /tmp/work/dist/zonos-elements/assets/moneyIcon.svg -> /output/dist/zonos-elements/assets/moneyIcon.svg.gz
2025/06/20 03:30:32 compress: run /usr/bin/zopflipng --iterations=60 --keepchunks=iCCP --lossy_transparent --splitting=3 -my /tmp/work/dist/zonos-elements/assets/PigBank.png /tmp/work/dist/zonos-elements/assets/PigBank.png
2025/06/20 03:30:32 br /tmp/work/dist/zonos-elements/p-bec2a3ce.entry.js -> /output/dist/zonos-elements/p-bec2a3ce.entry.js.br
2025/06/20 03:30:32 gz /tmp/work/dist/zonos-elements/p-bec2a3ce.entry.js -> /output/dist/zonos-elements/p-bec2a3ce.entry.js.gz
2025/06/20 03:30:32 algorithm: run /usr/bin/brotli --quality=11 --output=/output/dist/zonos-elements/assets/removeIcon.svg.br /tmp/work/dist/zonos-elements/assets/removeIcon.svg
2025/06/20 03:30:32 br /tmp/work/dist/zonos-elements/assets/removeIcon.svg -> /output/dist/zonos-elements/assets/removeIcon.svg.br
2025/06/20 03:30:32 gz /tmp/work/dist/zonos-elements/assets/removeIcon.svg -> /output/dist/zonos-elements/assets/removeIcon.svg.gz
2025/06/20 03:30:32 algorithm: run /usr/bin/brotli --quality=11 --output=/output/dist/zonos-elements/assets/RemoveIcon.svg.br /tmp/work/dist/zonos-elements/assets/RemoveIcon.svg
2025/06/20 03:30:32 br /tmp/work/dist/zonos-elements/assets/RemoveIcon.svg -> /output/dist/zonos-elements/assets/RemoveIcon.svg.br
2025/06/20 03:30:32 gz /tmp/work/dist/zonos-elements/assets/RemoveIcon.svg -> /output/dist/zonos-elements/assets/RemoveIcon.svg.gz
2025/06/20 03:30:32 compress: run /usr/bin/zopflipng --iterations=60 --keepchunks=iCCP --lossy_transparent --splitting=3 -my /tmp/work/dist/zonos-elements/assets/Scribble.png /tmp/work/dist/zonos-elements/assets/Scribble.png
2025/06/20 03:30:33 sri /tmp/work/dist/zonos-elements/p-f255e822.min.js -> /output/dist/zonos-elements/p-f255e822.min.js.sri
2025/06/20 03:30:33 algorithm: run /usr/bin/brotli --quality=11 --output=/output/dist/zonos-elements/p-f255e822.min.js.br /tmp/work/dist/zonos-elements/p-f255e822.min.js
2025/06/20 03:30:37 br /tmp/work/dist/zonos-elements/p-f255e822.min.js -> /output/dist/zonos-elements/p-f255e822.min.js.br
2025/06/20 03:30:37 gz /tmp/work/dist/zonos-elements/p-f255e822.min.js -> /output/dist/zonos-elements/p-f255e822.min.js.gz
2025/06/20 03:30:37 sri /tmp/work/dist/zonos-elements/p-f255e822.js -> /output/dist/zonos-elements/p-f255e822.js.sri
2025/06/20 03:30:37 algorithm: run /usr/bin/brotli --quality=11 --output=/output/dist/zonos-elements/p-f255e822.js.br /tmp/work/dist/zonos-elements/p-f255e822.js
2025/06/20 03:30:41 br /tmp/work/dist/zonos-elements/p-f255e822.js -> /output/dist/zonos-elements/p-f255e822.js.br
2025/06/20 03:30:41 gz /tmp/work/dist/zonos-elements/p-f255e822.js -> /output/dist/zonos-elements/p-f255e822.js.gz
2025/06/20 03:30:41 compress: run /usr/bin/zopflipng --iterations=60 --keepchunks=iCCP --lossy_transparent --splitting=3 -my /tmp/work/dist/zonos-elements/assets/Search.png /tmp/work/dist/zonos-elements/assets/Search.png
2025/06/20 03:30:42 sri /tmp/work/dist/zonos-elements/zonos-elements.min.js -> /output/dist/zonos-elements/zonos-elements.min.js.sri
2025/06/20 03:30:42 algorithm: run /usr/bin/brotli --quality=11 --output=/output/dist/zonos-elements/zonos-elements.min.js.br /tmp/work/dist/zonos-elements/zonos-elements.min.js
2025/06/20 03:30:43 br /tmp/work/dist/zonos-elements/zonos-elements.min.js -> /output/dist/zonos-elements/zonos-elements.min.js.br
2025/06/20 03:30:43 gz /tmp/work/dist/zonos-elements/zonos-elements.min.js -> /output/dist/zonos-elements/zonos-elements.min.js.gz
2025/06/20 03:30:43 sri /tmp/work/dist/zonos-elements/zonos-elements.js -> /output/dist/zonos-elements/zonos-elements.js.sri
2025/06/20 03:30:43 algorithm: run /usr/bin/brotli --quality=11 --output=/output/dist/zonos-elements/zonos-elements.js.br /tmp/work/dist/zonos-elements/zonos-elements.js
2025/06/20 03:30:45 br /tmp/work/dist/zonos-elements/zonos-elements.js -> /output/dist/zonos-elements/zonos-elements.js.br
2025/06/20 03:30:45 gz /tmp/work/dist/zonos-elements/zonos-elements.js -> /output/dist/zonos-elements/zonos-elements.js.gz
2025/06/20 03:30:45 compress: run /usr/bin/zopflipng --iterations=60 --keepchunks=iCCP --lossy_transparent --splitting=3 -my /tmp/work/dist/zonos-elements/assets/Settings.png /tmp/work/dist/zonos-elements/assets/Settings.png
2025/06/20 03:31:31 Optimizing /tmp/work/dist/zonos-elements/assets/Earth.png
Input size: 44264 (43K)
Result size: 41513 (40K). Percentage of original: 93.785%
Result is smaller


2025/06/20 03:31:31 algorithm: run /usr/bin/brotli --quality=11 --output=/output/dist/zonos-elements/assets/Earth.png.br /tmp/work/dist/zonos-elements/assets/Earth.png
2025/06/20 03:31:32 br /tmp/work/dist/zonos-elements/assets/Earth.png -> /output/dist/zonos-elements/assets/Earth.png.br
2025/06/20 03:31:32 gz /tmp/work/dist/zonos-elements/assets/Earth.png -> /output/dist/zonos-elements/assets/Earth.png.gz
2025/06/20 03:31:32 compress: run /usr/bin/zopflipng --iterations=60 --keepchunks=iCCP --lossy_transparent --splitting=3 -my /tmp/work/dist/zonos-elements/assets/ShoppingCart.png /tmp/work/dist/zonos-elements/assets/ShoppingCart.png
2025/06/20 03:31:39 Optimizing /tmp/work/dist/zonos-elements/assets/PigBank.png
Input size: 38260 (37K)
Result size: 35431 (34K). Percentage of original: 92.606%
Result is smaller


2025/06/20 03:31:39 algorithm: run /usr/bin/brotli --quality=11 --output=/output/dist/zonos-elements/assets/PigBank.png.br /tmp/work/dist/zonos-elements/assets/PigBank.png
2025/06/20 03:31:39 br /tmp/work/dist/zonos-elements/assets/PigBank.png -> /output/dist/zonos-elements/assets/PigBank.png.br
2025/06/20 03:31:39 gz /tmp/work/dist/zonos-elements/assets/PigBank.png -> /output/dist/zonos-elements/assets/PigBank.png.gz
2025/06/20 03:31:39 compress: run /usr/bin/zopflipng --iterations=60 --keepchunks=iCCP --lossy_transparent --splitting=3 -my /tmp/work/dist/zonos-elements/assets/SpilledCup.png /tmp/work/dist/zonos-elements/assets/SpilledCup.png
2025/06/20 03:31:44 Optimizing /tmp/work/dist/zonos-elements/assets/Scribble.png
Input size: 44668 (43K)
Result size: 41662 (40K). Percentage of original: 93.270%
Result is smaller


2025/06/20 03:31:44 algorithm: run /usr/bin/brotli --quality=11 --output=/output/dist/zonos-elements/assets/Scribble.png.br /tmp/work/dist/zonos-elements/assets/Scribble.png
2025/06/20 03:31:44 br /tmp/work/dist/zonos-elements/assets/Scribble.png -> /output/dist/zonos-elements/assets/Scribble.png.br
2025/06/20 03:31:44 gz /tmp/work/dist/zonos-elements/assets/Scribble.png -> /output/dist/zonos-elements/assets/Scribble.png.gz
2025/06/20 03:31:44 algorithm: run /usr/bin/brotli --quality=11 --output=/output/dist/zonos-elements/assets/SuccessIcon.svg.br /tmp/work/dist/zonos-elements/assets/SuccessIcon.svg
2025/06/20 03:31:44 br /tmp/work/dist/zonos-elements/assets/SuccessIcon.svg -> /output/dist/zonos-elements/assets/SuccessIcon.svg.br
2025/06/20 03:31:44 gz /tmp/work/dist/zonos-elements/assets/SuccessIcon.svg -> /output/dist/zonos-elements/assets/SuccessIcon.svg.gz
2025/06/20 03:31:44 compress: run /usr/bin/zopflipng --iterations=60 --keepchunks=iCCP --lossy_transparent --splitting=3 -my /tmp/work/dist/zonos-elements/assets/Switch.png /tmp/work/dist/zonos-elements/assets/Switch.png
2025/06/20 03:31:45 Optimizing /tmp/work/dist/zonos-elements/assets/EmptyBox.png
Input size: 49403 (48K)
Result size: 45567 (44K). Percentage of original: 92.235%
Result is smaller


2025/06/20 03:31:45 algorithm: run /usr/bin/brotli --quality=11 --output=/output/dist/zonos-elements/assets/EmptyBox.png.br /tmp/work/dist/zonos-elements/assets/EmptyBox.png
2025/06/20 03:31:45 Optimizing /tmp/work/dist/zonos-elements/assets/Boxes.png
Input size: 42194 (41K)
Result size: 39221 (38K). Percentage of original: 92.954%
Result is smaller


2025/06/20 03:31:45 algorithm: run /usr/bin/brotli --quality=11 --output=/output/dist/zonos-elements/assets/Boxes.png.br /tmp/work/dist/zonos-elements/assets/Boxes.png
2025/06/20 03:31:45 br /tmp/work/dist/zonos-elements/assets/Boxes.png -> /output/dist/zonos-elements/assets/Boxes.png.br
2025/06/20 03:31:45 gz /tmp/work/dist/zonos-elements/assets/Boxes.png -> /output/dist/zonos-elements/assets/Boxes.png.gz
2025/06/20 03:31:45 algorithm: run /usr/bin/brotli --quality=11 --output=/output/dist/zonos-elements/assets/TabCheckmark.svg.br /tmp/work/dist/zonos-elements/assets/TabCheckmark.svg
2025/06/20 03:31:45 br /tmp/work/dist/zonos-elements/assets/TabCheckmark.svg -> /output/dist/zonos-elements/assets/TabCheckmark.svg.br
2025/06/20 03:31:45 gz /tmp/work/dist/zonos-elements/assets/TabCheckmark.svg -> /output/dist/zonos-elements/assets/TabCheckmark.svg.gz
2025/06/20 03:31:45 compress: run /usr/bin/zopflipng --iterations=60 --keepchunks=iCCP --lossy_transparent --splitting=3 -my /tmp/work/dist/zonos-elements/assets/TaxId.png /tmp/work/dist/zonos-elements/assets/TaxId.png
2025/06/20 03:31:46 br /tmp/work/dist/zonos-elements/assets/EmptyBox.png -> /output/dist/zonos-elements/assets/EmptyBox.png.br
2025/06/20 03:31:46 gz /tmp/work/dist/zonos-elements/assets/EmptyBox.png -> /output/dist/zonos-elements/assets/EmptyBox.png.gz
2025/06/20 03:31:46 compress: run /usr/bin/zopflipng --iterations=60 --keepchunks=iCCP --lossy_transparent --splitting=3 -my /tmp/work/dist/zonos-elements/assets/Truck.png /tmp/work/dist/zonos-elements/assets/Truck.png
2025/06/20 03:31:59 Optimizing /tmp/work/dist/zonos-elements/assets/Settings.png
Input size: 40084 (39K)
Result size: 37503 (36K). Percentage of original: 93.561%
Result is smaller


2025/06/20 03:31:59 algorithm: run /usr/bin/brotli --quality=11 --output=/output/dist/zonos-elements/assets/Settings.png.br /tmp/work/dist/zonos-elements/assets/Settings.png
2025/06/20 03:32:00 br /tmp/work/dist/zonos-elements/assets/Settings.png -> /output/dist/zonos-elements/assets/Settings.png.br
2025/06/20 03:32:00 gz /tmp/work/dist/zonos-elements/assets/Settings.png -> /output/dist/zonos-elements/assets/Settings.png.gz
2025/06/20 03:32:00 compress: run /usr/bin/zopflipng --iterations=60 --keepchunks=iCCP --lossy_transparent --splitting=3 -my /tmp/work/dist/zonos-elements/assets/Warning.png /tmp/work/dist/zonos-elements/assets/Warning.png
2025/06/20 03:32:00 Optimizing /tmp/work/dist/zonos-elements/assets/Lock.png
Input size: 26265 (25K)
Result size: 24678 (24K). Percentage of original: 93.958%
Result is smaller


2025/06/20 03:32:00 algorithm: run /usr/bin/brotli --quality=11 --output=/output/dist/zonos-elements/assets/Lock.png.br /tmp/work/dist/zonos-elements/assets/Lock.png
2025/06/20 03:32:01 br /tmp/work/dist/zonos-elements/assets/Lock.png -> /output/dist/zonos-elements/assets/Lock.png.br
2025/06/20 03:32:01 gz /tmp/work/dist/zonos-elements/assets/Lock.png -> /output/dist/zonos-elements/assets/Lock.png.gz
2025/06/20 03:32:01 algorithm: run /usr/bin/brotli --quality=11 --output=/output/dist/zonos-elements/assets/WarningDuotoneIcon.svg.br /tmp/work/dist/zonos-elements/assets/WarningDuotoneIcon.svg
2025/06/20 03:32:01 br /tmp/work/dist/zonos-elements/assets/WarningDuotoneIcon.svg -> /output/dist/zonos-elements/assets/WarningDuotoneIcon.svg.br
2025/06/20 03:32:01 gz /tmp/work/dist/zonos-elements/assets/WarningDuotoneIcon.svg -> /output/dist/zonos-elements/assets/WarningDuotoneIcon.svg.gz
2025/06/20 03:32:01 compress: run /usr/bin/zopflipng --iterations=60 --keepchunks=iCCP --lossy_transparent --splitting=3 -my /tmp/work/dist/zonos-elements/assets/ZonosLogo.png /tmp/work/dist/zonos-elements/assets/ZonosLogo.png
2025/06/20 03:32:09 Optimizing /tmp/work/dist/zonos-elements/assets/Search.png
Input size: 40079 (39K)
Result size: 37444 (36K). Percentage of original: 93.425%
Result is smaller


2025/06/20 03:32:09 algorithm: run /usr/bin/brotli --quality=11 --output=/output/dist/zonos-elements/assets/Search.png.br /tmp/work/dist/zonos-elements/assets/Search.png
2025/06/20 03:32:10 br /tmp/work/dist/zonos-elements/assets/Search.png -> /output/dist/zonos-elements/assets/Search.png.br
2025/06/20 03:32:10 gz /tmp/work/dist/zonos-elements/assets/Search.png -> /output/dist/zonos-elements/assets/Search.png.gz
2025/06/20 03:32:10 compress: run /node_modules/uglify-js/bin/uglifyjs (3.15.4) [--mangle --compress if_return=true -o /tmp/work/dist/scripts/index.min.js /tmp/work/dist/scripts/index.js]
2025/06/20 03:32:13 sri /tmp/work/dist/scripts/index.min.js -> /output/dist/scripts/index.min.js.sri
2025/06/20 03:32:13 algorithm: run /usr/bin/brotli --quality=11 --output=/output/dist/scripts/index.min.js.br /tmp/work/dist/scripts/index.min.js
2025/06/20 03:32:13 br /tmp/work/dist/scripts/index.min.js -> /output/dist/scripts/index.min.js.br
2025/06/20 03:32:13 gz /tmp/work/dist/scripts/index.min.js -> /output/dist/scripts/index.min.js.gz
2025/06/20 03:32:13 sri /tmp/work/dist/scripts/index.js -> /output/dist/scripts/index.js.sri
2025/06/20 03:32:13 algorithm: run /usr/bin/brotli --quality=11 --output=/output/dist/scripts/index.js.br /tmp/work/dist/scripts/index.js
2025/06/20 03:32:13 br /tmp/work/dist/scripts/index.js -> /output/dist/scripts/index.js.br
2025/06/20 03:32:13 gz /tmp/work/dist/scripts/index.js -> /output/dist/scripts/index.js.gz
2025/06/20 03:32:13 compress: run /node_modules/uglify-js/bin/uglifyjs (3.15.4) [--mangle --compress if_return=true -o /tmp/work/dist/scripts/loadZonos.min.js /tmp/work/dist/scripts/loadZonos.js]
2025/06/20 03:32:15 sri /tmp/work/dist/scripts/loadZonos.min.js -> /output/dist/scripts/loadZonos.min.js.sri
2025/06/20 03:32:15 algorithm: run /usr/bin/brotli --quality=11 --output=/output/dist/scripts/loadZonos.min.js.br /tmp/work/dist/scripts/loadZonos.min.js
2025/06/20 03:32:16 br /tmp/work/dist/scripts/loadZonos.min.js -> /output/dist/scripts/loadZonos.min.js.br
2025/06/20 03:32:16 gz /tmp/work/dist/scripts/loadZonos.min.js -> /output/dist/scripts/loadZonos.min.js.gz
2025/06/20 03:32:16 sri /tmp/work/dist/scripts/loadZonos.js -> /output/dist/scripts/loadZonos.js.sri
2025/06/20 03:32:16 algorithm: run /usr/bin/brotli --quality=11 --output=/output/dist/scripts/loadZonos.js.br /tmp/work/dist/scripts/loadZonos.js
2025/06/20 03:32:16 br /tmp/work/dist/scripts/loadZonos.js -> /output/dist/scripts/loadZonos.js.br
2025/06/20 03:32:16 gz /tmp/work/dist/scripts/loadZonos.js -> /output/dist/scripts/loadZonos.js.gz
2025/06/20 03:32:16 compress: run /node_modules/uglify-js/bin/uglifyjs (3.15.4) [--mangle --compress if_return=true -o /tmp/work/dist/scripts/zonos.min.js /tmp/work/dist/scripts/zonos.js]
2025/06/20 03:32:18 Optimizing /tmp/work/dist/zonos-elements/assets/ZonosLogo.png
Input size: 1969 (1K)
Result size: 868 (0K). Percentage of original: 44.083%
Result is smaller


2025/06/20 03:32:18 algorithm: run /usr/bin/brotli --quality=11 --output=/output/dist/zonos-elements/assets/ZonosLogo.png.br /tmp/work/dist/zonos-elements/assets/ZonosLogo.png
2025/06/20 03:32:18 br /tmp/work/dist/zonos-elements/assets/ZonosLogo.png -> /output/dist/zonos-elements/assets/ZonosLogo.png.br
2025/06/20 03:32:18 gz /tmp/work/dist/zonos-elements/assets/ZonosLogo.png -> /output/dist/zonos-elements/assets/ZonosLogo.png.gz
2025/06/20 03:32:18 sri /tmp/work/dist/scripts/zonos.min.js -> /output/dist/scripts/zonos.min.js.sri
2025/06/20 03:32:18 algorithm: run /usr/bin/brotli --quality=11 --output=/output/dist/scripts/zonos.min.js.br /tmp/work/dist/scripts/zonos.min.js
2025/06/20 03:32:18 br /tmp/work/dist/scripts/zonos.min.js -> /output/dist/scripts/zonos.min.js.br
2025/06/20 03:32:18 gz /tmp/work/dist/scripts/zonos.min.js -> /output/dist/scripts/zonos.min.js.gz
2025/06/20 03:32:18 sri /tmp/work/dist/scripts/zonos.js -> /output/dist/scripts/zonos.js.sri
2025/06/20 03:32:18 algorithm: run /usr/bin/brotli --quality=11 --output=/output/dist/scripts/zonos.js.br /tmp/work/dist/scripts/zonos.js
2025/06/20 03:32:18 br /tmp/work/dist/scripts/zonos.js -> /output/dist/scripts/zonos.js.br
2025/06/20 03:32:18 gz /tmp/work/dist/scripts/zonos.js -> /output/dist/scripts/zonos.js.gz
2025/06/20 03:32:41 Optimizing /tmp/work/dist/zonos-elements/assets/ShoppingCart.png
Input size: 26324 (25K)
Result size: 24853 (24K). Percentage of original: 94.412%
Result is smaller


2025/06/20 03:32:41 algorithm: run /usr/bin/brotli --quality=11 --output=/output/dist/zonos-elements/assets/ShoppingCart.png.br /tmp/work/dist/zonos-elements/assets/ShoppingCart.png
2025/06/20 03:32:42 br /tmp/work/dist/zonos-elements/assets/ShoppingCart.png -> /output/dist/zonos-elements/assets/ShoppingCart.png.br
2025/06/20 03:32:42 gz /tmp/work/dist/zonos-elements/assets/ShoppingCart.png -> /output/dist/zonos-elements/assets/ShoppingCart.png.gz
2025/06/20 03:32:43 Optimizing /tmp/work/dist/zonos-elements/assets/SpilledCup.png
Input size: 35444 (34K)
Result size: 32994 (32K). Percentage of original: 93.088%
Result is smaller


2025/06/20 03:32:43 algorithm: run /usr/bin/brotli --quality=11 --output=/output/dist/zonos-elements/assets/SpilledCup.png.br /tmp/work/dist/zonos-elements/assets/SpilledCup.png
2025/06/20 03:32:43 br /tmp/work/dist/zonos-elements/assets/SpilledCup.png -> /output/dist/zonos-elements/assets/SpilledCup.png.br
2025/06/20 03:32:43 gz /tmp/work/dist/zonos-elements/assets/SpilledCup.png -> /output/dist/zonos-elements/assets/SpilledCup.png.gz
2025/06/20 03:32:45 Optimizing /tmp/work/dist/zonos-elements/assets/Truck.png
Input size: 29661 (28K)
Result size: 27690 (27K). Percentage of original: 93.355%
Result is smaller


2025/06/20 03:32:45 algorithm: run /usr/bin/brotli --quality=11 --output=/output/dist/zonos-elements/assets/Truck.png.br /tmp/work/dist/zonos-elements/assets/Truck.png
2025/06/20 03:32:45 br /tmp/work/dist/zonos-elements/assets/Truck.png -> /output/dist/zonos-elements/assets/Truck.png.br
2025/06/20 03:32:45 gz /tmp/work/dist/zonos-elements/assets/Truck.png -> /output/dist/zonos-elements/assets/Truck.png.gz
2025/06/20 03:32:49 Optimizing /tmp/work/dist/zonos-elements/assets/TaxId.png
Input size: 30177 (29K)
Result size: 28115 (27K). Percentage of original: 93.167%
Result is smaller


2025/06/20 03:32:49 algorithm: run /usr/bin/brotli --quality=11 --output=/output/dist/zonos-elements/assets/TaxId.png.br /tmp/work/dist/zonos-elements/assets/TaxId.png
2025/06/20 03:32:49 br /tmp/work/dist/zonos-elements/assets/TaxId.png -> /output/dist/zonos-elements/assets/TaxId.png.br
2025/06/20 03:32:49 gz /tmp/work/dist/zonos-elements/assets/TaxId.png -> /output/dist/zonos-elements/assets/TaxId.png.gz
2025/06/20 03:32:55 Optimizing /tmp/work/dist/zonos-elements/assets/Warning.png
Input size: 33593 (32K)
Result size: 31256 (30K). Percentage of original: 93.043%
Result is smaller


2025/06/20 03:32:55 algorithm: run /usr/bin/brotli --quality=11 --output=/output/dist/zonos-elements/assets/Warning.png.br /tmp/work/dist/zonos-elements/assets/Warning.png
2025/06/20 03:32:55 br /tmp/work/dist/zonos-elements/assets/Warning.png -> /output/dist/zonos-elements/assets/Warning.png.br
2025/06/20 03:32:55 gz /tmp/work/dist/zonos-elements/assets/Warning.png -> /output/dist/zonos-elements/assets/Warning.png.gz
2025/06/20 03:32:57 Optimizing /tmp/work/dist/zonos-elements/assets/Switch.png
Input size: 24515 (23K)
Result size: 22614 (22K). Percentage of original: 92.246%
Result is smaller


2025/06/20 03:32:57 algorithm: run /usr/bin/brotli --quality=11 --output=/output/dist/zonos-elements/assets/Switch.png.br /tmp/work/dist/zonos-elements/assets/Switch.png
2025/06/20 03:32:57 br /tmp/work/dist/zonos-elements/assets/Switch.png -> /output/dist/zonos-elements/assets/Switch.png.br
2025/06/20 03:32:57 gz /tmp/work/dist/zonos-elements/assets/Switch.png -> /output/dist/zonos-elements/assets/Switch.png.gz
2025/06/20 03:32:57 processed zonos-elements
