config: {"authors":[{"name":"Highsoft AS","email":"support@highcharts.com","url":"https://www.highcharts.com/about"}],"autoupdate":{"source":"git","target":"git://github.com/highcharts/highcharts-dist.git","fileMap":[{"basePath":"","files":["**/*.+(css|js|png)"]}]},"description":"Highcharts is a charting library written in pure JavaScript, offering an easy way of adding interactive charts to your web site or web application. Highcharts currently supports line, spline, area, areaspline, column, bar, pie and scatter chart types. Highcharts is NOT free for commercial use.  See the license here: http://highcharts.com/license","filename":"highcharts.js","homepage":"https://highcharts.com/","keywords":["highcharts","highslide","highsoft","charts","graphs"],"license":"CC-BY-NC-3.0","name":"highcharts","repository":{"type":"git","url":"https://github.com/highcharts/highcharts.git"},"author":"Highsoft AS \u003csupport@highcharts.com\u003e (https://www.highcharts.com/about)"}
KV keys:
- highcharts/12.1.0/css/annotations/popup.css.br
- highcharts/12.1.0/css/annotations/popup.css.gz
- highcharts/12.1.0/css/annotations/popup.min.css.br
- highcharts/12.1.0/css/annotations/popup.min.css.gz
- highcharts/12.1.0/css/highcharts.css.br
- highcharts/12.1.0/css/highcharts.css.gz
- highcharts/12.1.0/css/highcharts.min.css.br
- highcharts/12.1.0/css/highcharts.min.css.gz
- highcharts/12.1.0/css/stocktools/gui.css.br
- highcharts/12.1.0/css/stocktools/gui.css.gz
- highcharts/12.1.0/css/stocktools/gui.min.css.br
- highcharts/12.1.0/css/stocktools/gui.min.css.gz
- highcharts/12.1.0/css/themes/dark-unica.css.br
- highcharts/12.1.0/css/themes/dark-unica.css.gz
- highcharts/12.1.0/css/themes/dark-unica.min.css.br
- highcharts/12.1.0/css/themes/dark-unica.min.css.gz
- highcharts/12.1.0/css/themes/grid-light.css.br
- highcharts/12.1.0/css/themes/grid-light.css.gz
- highcharts/12.1.0/css/themes/grid-light.min.css.br
- highcharts/12.1.0/css/themes/grid-light.min.css.gz
- highcharts/12.1.0/css/themes/sand-signika.css.br
- highcharts/12.1.0/css/themes/sand-signika.css.gz
- highcharts/12.1.0/css/themes/sand-signika.min.css.br
- highcharts/12.1.0/css/themes/sand-signika.min.css.gz
- highcharts/12.1.0/es-modules/Accessibility/A11yI18n.js.br
- highcharts/12.1.0/es-modules/Accessibility/A11yI18n.js.gz
- highcharts/12.1.0/es-modules/Accessibility/A11yI18n.min.js.br
- highcharts/12.1.0/es-modules/Accessibility/A11yI18n.min.js.gz
- highcharts/12.1.0/es-modules/Accessibility/Accessibility.js.br
- highcharts/12.1.0/es-modules/Accessibility/Accessibility.js.gz
- highcharts/12.1.0/es-modules/Accessibility/Accessibility.min.js.br
- highcharts/12.1.0/es-modules/Accessibility/Accessibility.min.js.gz
- highcharts/12.1.0/es-modules/Accessibility/AccessibilityComponent.js.br
- highcharts/12.1.0/es-modules/Accessibility/AccessibilityComponent.js.gz
- highcharts/12.1.0/es-modules/Accessibility/AccessibilityComponent.min.js.br
- highcharts/12.1.0/es-modules/Accessibility/AccessibilityComponent.min.js.gz
- highcharts/12.1.0/es-modules/Accessibility/Components/AnnotationsA11y.js.br
- highcharts/12.1.0/es-modules/Accessibility/Components/AnnotationsA11y.js.gz
- highcharts/12.1.0/es-modules/Accessibility/Components/AnnotationsA11y.min.js.br
- highcharts/12.1.0/es-modules/Accessibility/Components/AnnotationsA11y.min.js.gz
- highcharts/12.1.0/es-modules/Accessibility/Components/ContainerComponent.js.br
- highcharts/12.1.0/es-modules/Accessibility/Components/ContainerComponent.js.gz
- highcharts/12.1.0/es-modules/Accessibility/Components/ContainerComponent.min.js.br
- highcharts/12.1.0/es-modules/Accessibility/Components/ContainerComponent.min.js.gz
- highcharts/12.1.0/es-modules/Accessibility/Components/InfoRegionsComponent.js.br
- highcharts/12.1.0/es-modules/Accessibility/Components/InfoRegionsComponent.js.gz
- highcharts/12.1.0/es-modules/Accessibility/Components/InfoRegionsComponent.min.js.br
- highcharts/12.1.0/es-modules/Accessibility/Components/InfoRegionsComponent.min.js.gz
- highcharts/12.1.0/es-modules/Accessibility/Components/LegendComponent.js.br
- highcharts/12.1.0/es-modules/Accessibility/Components/LegendComponent.js.gz
- highcharts/12.1.0/es-modules/Accessibility/Components/LegendComponent.min.js.br
- highcharts/12.1.0/es-modules/Accessibility/Components/LegendComponent.min.js.gz
- highcharts/12.1.0/es-modules/Accessibility/Components/MenuComponent.js.br
- highcharts/12.1.0/es-modules/Accessibility/Components/MenuComponent.js.gz
- highcharts/12.1.0/es-modules/Accessibility/Components/MenuComponent.min.js.br
- highcharts/12.1.0/es-modules/Accessibility/Components/MenuComponent.min.js.gz
- highcharts/12.1.0/es-modules/Accessibility/Components/NavigatorComponent.js.br
- highcharts/12.1.0/es-modules/Accessibility/Components/NavigatorComponent.js.gz
- highcharts/12.1.0/es-modules/Accessibility/Components/NavigatorComponent.min.js.br
- highcharts/12.1.0/es-modules/Accessibility/Components/NavigatorComponent.min.js.gz
- highcharts/12.1.0/es-modules/Accessibility/Components/RangeSelectorComponent.js.br
- highcharts/12.1.0/es-modules/Accessibility/Components/RangeSelectorComponent.js.gz
- highcharts/12.1.0/es-modules/Accessibility/Components/RangeSelectorComponent.min.js.br
- highcharts/12.1.0/es-modules/Accessibility/Components/RangeSelectorComponent.min.js.gz
- highcharts/12.1.0/es-modules/Accessibility/Components/SeriesComponent/ForcedMarkers.js.br
- highcharts/12.1.0/es-modules/Accessibility/Components/SeriesComponent/ForcedMarkers.js.gz
- highcharts/12.1.0/es-modules/Accessibility/Components/SeriesComponent/ForcedMarkers.min.js.br
- highcharts/12.1.0/es-modules/Accessibility/Components/SeriesComponent/ForcedMarkers.min.js.gz
- highcharts/12.1.0/es-modules/Accessibility/Components/SeriesComponent/NewDataAnnouncer.js.br
- highcharts/12.1.0/es-modules/Accessibility/Components/SeriesComponent/NewDataAnnouncer.js.gz
- highcharts/12.1.0/es-modules/Accessibility/Components/SeriesComponent/NewDataAnnouncer.min.js.br
- highcharts/12.1.0/es-modules/Accessibility/Components/SeriesComponent/NewDataAnnouncer.min.js.gz
- highcharts/12.1.0/es-modules/Accessibility/Components/SeriesComponent/SeriesComponent.js.br
- highcharts/12.1.0/es-modules/Accessibility/Components/SeriesComponent/SeriesComponent.js.gz
- highcharts/12.1.0/es-modules/Accessibility/Components/SeriesComponent/SeriesComponent.min.js.br
- highcharts/12.1.0/es-modules/Accessibility/Components/SeriesComponent/SeriesComponent.min.js.gz
- highcharts/12.1.0/es-modules/Accessibility/Components/SeriesComponent/SeriesDescriber.js.br
- highcharts/12.1.0/es-modules/Accessibility/Components/SeriesComponent/SeriesDescriber.js.gz
- highcharts/12.1.0/es-modules/Accessibility/Components/SeriesComponent/SeriesDescriber.min.js.br
- highcharts/12.1.0/es-modules/Accessibility/Components/SeriesComponent/SeriesDescriber.min.js.gz
- highcharts/12.1.0/es-modules/Accessibility/Components/SeriesComponent/SeriesKeyboardNavigation.js.br
- highcharts/12.1.0/es-modules/Accessibility/Components/SeriesComponent/SeriesKeyboardNavigation.js.gz
- highcharts/12.1.0/es-modules/Accessibility/Components/SeriesComponent/SeriesKeyboardNavigation.min.js.br
- highcharts/12.1.0/es-modules/Accessibility/Components/SeriesComponent/SeriesKeyboardNavigation.min.js.gz
- highcharts/12.1.0/es-modules/Accessibility/Components/ZoomComponent.js.br
- highcharts/12.1.0/es-modules/Accessibility/Components/ZoomComponent.js.gz
- highcharts/12.1.0/es-modules/Accessibility/Components/ZoomComponent.min.js.br
- highcharts/12.1.0/es-modules/Accessibility/Components/ZoomComponent.min.js.gz
- highcharts/12.1.0/es-modules/Accessibility/FocusBorder.js.br
- highcharts/12.1.0/es-modules/Accessibility/FocusBorder.js.gz
- highcharts/12.1.0/es-modules/Accessibility/FocusBorder.min.js.br
- highcharts/12.1.0/es-modules/Accessibility/FocusBorder.min.js.gz
- highcharts/12.1.0/es-modules/Accessibility/HighContrastMode.js.br
- highcharts/12.1.0/es-modules/Accessibility/HighContrastMode.js.gz
- highcharts/12.1.0/es-modules/Accessibility/HighContrastMode.min.js.br
- highcharts/12.1.0/es-modules/Accessibility/HighContrastMode.min.js.gz
- highcharts/12.1.0/es-modules/Accessibility/HighContrastTheme.js.br
- highcharts/12.1.0/es-modules/Accessibility/HighContrastTheme.js.gz
- highcharts/12.1.0/es-modules/Accessibility/HighContrastTheme.min.js.br
- highcharts/12.1.0/es-modules/Accessibility/HighContrastTheme.min.js.gz
- highcharts/12.1.0/es-modules/Accessibility/KeyboardNavigation.js.br
- highcharts/12.1.0/es-modules/Accessibility/KeyboardNavigation.js.gz
- highcharts/12.1.0/es-modules/Accessibility/KeyboardNavigation.min.js.br
- highcharts/12.1.0/es-modules/Accessibility/KeyboardNavigation.min.js.gz
- highcharts/12.1.0/es-modules/Accessibility/KeyboardNavigationHandler.js.br
- highcharts/12.1.0/es-modules/Accessibility/KeyboardNavigationHandler.js.gz
- highcharts/12.1.0/es-modules/Accessibility/KeyboardNavigationHandler.min.js.br
- highcharts/12.1.0/es-modules/Accessibility/KeyboardNavigationHandler.min.js.gz
- highcharts/12.1.0/es-modules/Accessibility/Options/A11yDefaults.js.br
- highcharts/12.1.0/es-modules/Accessibility/Options/A11yDefaults.js.gz
- highcharts/12.1.0/es-modules/Accessibility/Options/A11yDefaults.min.js.br
- highcharts/12.1.0/es-modules/Accessibility/Options/A11yDefaults.min.js.gz
- highcharts/12.1.0/es-modules/Accessibility/Options/DeprecatedOptions.js.br
- highcharts/12.1.0/es-modules/Accessibility/Options/DeprecatedOptions.js.gz
- highcharts/12.1.0/es-modules/Accessibility/Options/DeprecatedOptions.min.js.br
- highcharts/12.1.0/es-modules/Accessibility/Options/DeprecatedOptions.min.js.gz
- highcharts/12.1.0/es-modules/Accessibility/Options/LangDefaults.js.br
- highcharts/12.1.0/es-modules/Accessibility/Options/LangDefaults.js.gz
- highcharts/12.1.0/es-modules/Accessibility/Options/LangDefaults.min.js.br
- highcharts/12.1.0/es-modules/Accessibility/Options/LangDefaults.min.js.gz
- highcharts/12.1.0/es-modules/Accessibility/ProxyElement.js.br
- highcharts/12.1.0/es-modules/Accessibility/ProxyElement.js.gz
- highcharts/12.1.0/es-modules/Accessibility/ProxyElement.min.js.br
- highcharts/12.1.0/es-modules/Accessibility/ProxyElement.min.js.gz
- highcharts/12.1.0/es-modules/Accessibility/ProxyProvider.js.br
- highcharts/12.1.0/es-modules/Accessibility/ProxyProvider.js.gz
- highcharts/12.1.0/es-modules/Accessibility/ProxyProvider.min.js.br
- highcharts/12.1.0/es-modules/Accessibility/ProxyProvider.min.js.gz
- highcharts/12.1.0/es-modules/Accessibility/Utils/Announcer.js.br
- highcharts/12.1.0/es-modules/Accessibility/Utils/Announcer.js.gz
- highcharts/12.1.0/es-modules/Accessibility/Utils/Announcer.min.js.br
- highcharts/12.1.0/es-modules/Accessibility/Utils/Announcer.min.js.gz
- highcharts/12.1.0/es-modules/Accessibility/Utils/ChartUtilities.js.br
- highcharts/12.1.0/es-modules/Accessibility/Utils/ChartUtilities.js.gz
- highcharts/12.1.0/es-modules/Accessibility/Utils/ChartUtilities.min.js.br
- highcharts/12.1.0/es-modules/Accessibility/Utils/ChartUtilities.min.js.gz
- highcharts/12.1.0/es-modules/Accessibility/Utils/DOMElementProvider.js.br
- highcharts/12.1.0/es-modules/Accessibility/Utils/DOMElementProvider.js.gz
- highcharts/12.1.0/es-modules/Accessibility/Utils/DOMElementProvider.min.js.br
- highcharts/12.1.0/es-modules/Accessibility/Utils/DOMElementProvider.min.js.gz
- highcharts/12.1.0/es-modules/Accessibility/Utils/EventProvider.js.br
- highcharts/12.1.0/es-modules/Accessibility/Utils/EventProvider.js.gz
- highcharts/12.1.0/es-modules/Accessibility/Utils/EventProvider.min.js.br
- highcharts/12.1.0/es-modules/Accessibility/Utils/EventProvider.min.js.gz
- highcharts/12.1.0/es-modules/Accessibility/Utils/HTMLUtilities.js.br
- highcharts/12.1.0/es-modules/Accessibility/Utils/HTMLUtilities.js.gz
- highcharts/12.1.0/es-modules/Accessibility/Utils/HTMLUtilities.min.js.br
- highcharts/12.1.0/es-modules/Accessibility/Utils/HTMLUtilities.min.js.gz
- highcharts/12.1.0/es-modules/Core/Animation/AnimationUtilities.js.br
- highcharts/12.1.0/es-modules/Core/Animation/AnimationUtilities.js.gz
- highcharts/12.1.0/es-modules/Core/Animation/AnimationUtilities.min.js.br
- highcharts/12.1.0/es-modules/Core/Animation/AnimationUtilities.min.js.gz
- highcharts/12.1.0/es-modules/Core/Animation/Fx.js.br
- highcharts/12.1.0/es-modules/Core/Animation/Fx.js.gz
- highcharts/12.1.0/es-modules/Core/Animation/Fx.min.js.br
- highcharts/12.1.0/es-modules/Core/Animation/Fx.min.js.gz
- highcharts/12.1.0/es-modules/Core/Axis/Axis.js.br
- highcharts/12.1.0/es-modules/Core/Axis/Axis.js.gz
- highcharts/12.1.0/es-modules/Core/Axis/Axis.min.js.br
- highcharts/12.1.0/es-modules/Core/Axis/Axis.min.js.gz
- highcharts/12.1.0/es-modules/Core/Axis/Axis3DComposition.js.br
- highcharts/12.1.0/es-modules/Core/Axis/Axis3DComposition.js.gz
- highcharts/12.1.0/es-modules/Core/Axis/Axis3DComposition.min.js.br
- highcharts/12.1.0/es-modules/Core/Axis/Axis3DComposition.min.js.gz
- highcharts/12.1.0/es-modules/Core/Axis/Axis3DDefaults.js.br
- highcharts/12.1.0/es-modules/Core/Axis/Axis3DDefaults.js.gz
- highcharts/12.1.0/es-modules/Core/Axis/Axis3DDefaults.min.js.br
- highcharts/12.1.0/es-modules/Core/Axis/Axis3DDefaults.min.js.gz
- highcharts/12.1.0/es-modules/Core/Axis/AxisDefaults.js.br
- highcharts/12.1.0/es-modules/Core/Axis/AxisDefaults.js.gz
- highcharts/12.1.0/es-modules/Core/Axis/AxisDefaults.min.js.br
- highcharts/12.1.0/es-modules/Core/Axis/AxisDefaults.min.js.gz
- highcharts/12.1.0/es-modules/Core/Axis/BrokenAxis.js.br
- highcharts/12.1.0/es-modules/Core/Axis/BrokenAxis.js.gz
- highcharts/12.1.0/es-modules/Core/Axis/BrokenAxis.min.js.br
- highcharts/12.1.0/es-modules/Core/Axis/BrokenAxis.min.js.gz
- highcharts/12.1.0/es-modules/Core/Axis/Color/ColorAxis.js.br
- highcharts/12.1.0/es-modules/Core/Axis/Color/ColorAxis.js.gz
- highcharts/12.1.0/es-modules/Core/Axis/Color/ColorAxis.min.js.br
- highcharts/12.1.0/es-modules/Core/Axis/Color/ColorAxis.min.js.gz
- highcharts/12.1.0/es-modules/Core/Axis/Color/ColorAxisComposition.js.br
- highcharts/12.1.0/es-modules/Core/Axis/Color/ColorAxisComposition.js.gz
- highcharts/12.1.0/es-modules/Core/Axis/Color/ColorAxisComposition.min.js.br
- highcharts/12.1.0/es-modules/Core/Axis/Color/ColorAxisComposition.min.js.gz
- highcharts/12.1.0/es-modules/Core/Axis/Color/ColorAxisDefaults.js.br
- highcharts/12.1.0/es-modules/Core/Axis/Color/ColorAxisDefaults.js.gz
- highcharts/12.1.0/es-modules/Core/Axis/Color/ColorAxisDefaults.min.js.br
- highcharts/12.1.0/es-modules/Core/Axis/Color/ColorAxisDefaults.min.js.gz
- highcharts/12.1.0/es-modules/Core/Axis/Color/ColorAxisLike.js.br
- highcharts/12.1.0/es-modules/Core/Axis/Color/ColorAxisLike.js.gz
- highcharts/12.1.0/es-modules/Core/Axis/Color/ColorAxisLike.min.js.br
- highcharts/12.1.0/es-modules/Core/Axis/Color/ColorAxisLike.min.js.gz
- highcharts/12.1.0/es-modules/Core/Axis/DateTimeAxis.js.br
- highcharts/12.1.0/es-modules/Core/Axis/DateTimeAxis.js.gz
- highcharts/12.1.0/es-modules/Core/Axis/DateTimeAxis.min.js.br
- highcharts/12.1.0/es-modules/Core/Axis/DateTimeAxis.min.js.gz
- highcharts/12.1.0/es-modules/Core/Axis/GridAxis.js.br
- highcharts/12.1.0/es-modules/Core/Axis/GridAxis.js.gz
- highcharts/12.1.0/es-modules/Core/Axis/GridAxis.min.js.br
- highcharts/12.1.0/es-modules/Core/Axis/GridAxis.min.js.gz
- highcharts/12.1.0/es-modules/Core/Axis/LogarithmicAxis.js.br
- highcharts/12.1.0/es-modules/Core/Axis/LogarithmicAxis.js.gz
- highcharts/12.1.0/es-modules/Core/Axis/LogarithmicAxis.min.js.br
- highcharts/12.1.0/es-modules/Core/Axis/LogarithmicAxis.min.js.gz
- highcharts/12.1.0/es-modules/Core/Axis/NavigatorAxisComposition.js.br
- highcharts/12.1.0/es-modules/Core/Axis/NavigatorAxisComposition.js.gz
- highcharts/12.1.0/es-modules/Core/Axis/NavigatorAxisComposition.min.js.br
- highcharts/12.1.0/es-modules/Core/Axis/NavigatorAxisComposition.min.js.gz
- highcharts/12.1.0/es-modules/Core/Axis/OrdinalAxis.js.br
- highcharts/12.1.0/es-modules/Core/Axis/OrdinalAxis.js.gz
- highcharts/12.1.0/es-modules/Core/Axis/OrdinalAxis.min.js.br
- highcharts/12.1.0/es-modules/Core/Axis/OrdinalAxis.min.js.gz
- highcharts/12.1.0/es-modules/Core/Axis/PlotLineOrBand/PlotLineOrBand.js.br
- highcharts/12.1.0/es-modules/Core/Axis/PlotLineOrBand/PlotLineOrBand.js.gz
- highcharts/12.1.0/es-modules/Core/Axis/PlotLineOrBand/PlotLineOrBand.min.js.br
- highcharts/12.1.0/es-modules/Core/Axis/PlotLineOrBand/PlotLineOrBand.min.js.gz
- highcharts/12.1.0/es-modules/Core/Axis/PlotLineOrBand/PlotLineOrBandAxis.js.br
- highcharts/12.1.0/es-modules/Core/Axis/PlotLineOrBand/PlotLineOrBandAxis.js.gz
- highcharts/12.1.0/es-modules/Core/Axis/PlotLineOrBand/PlotLineOrBandAxis.min.js.br
- highcharts/12.1.0/es-modules/Core/Axis/PlotLineOrBand/PlotLineOrBandAxis.min.js.gz
- highcharts/12.1.0/es-modules/Core/Axis/RadialAxis.js.br
- highcharts/12.1.0/es-modules/Core/Axis/RadialAxis.js.gz
- highcharts/12.1.0/es-modules/Core/Axis/RadialAxis.min.js.br
- highcharts/12.1.0/es-modules/Core/Axis/RadialAxis.min.js.gz
- highcharts/12.1.0/es-modules/Core/Axis/RadialAxisDefaults.js.br
- highcharts/12.1.0/es-modules/Core/Axis/RadialAxisDefaults.js.gz
- highcharts/12.1.0/es-modules/Core/Axis/RadialAxisDefaults.min.js.br
- highcharts/12.1.0/es-modules/Core/Axis/RadialAxisDefaults.min.js.gz
- highcharts/12.1.0/es-modules/Core/Axis/ScrollbarAxis.js.br
- highcharts/12.1.0/es-modules/Core/Axis/ScrollbarAxis.js.gz
- highcharts/12.1.0/es-modules/Core/Axis/ScrollbarAxis.min.js.br
- highcharts/12.1.0/es-modules/Core/Axis/ScrollbarAxis.min.js.gz
- highcharts/12.1.0/es-modules/Core/Axis/SolidGaugeAxis.js.br
- highcharts/12.1.0/es-modules/Core/Axis/SolidGaugeAxis.js.gz
- highcharts/12.1.0/es-modules/Core/Axis/SolidGaugeAxis.min.js.br
- highcharts/12.1.0/es-modules/Core/Axis/SolidGaugeAxis.min.js.gz
- highcharts/12.1.0/es-modules/Core/Axis/Stacking/StackItem.js.br
- highcharts/12.1.0/es-modules/Core/Axis/Stacking/StackItem.js.gz
- highcharts/12.1.0/es-modules/Core/Axis/Stacking/StackItem.min.js.br
- highcharts/12.1.0/es-modules/Core/Axis/Stacking/StackItem.min.js.gz
- highcharts/12.1.0/es-modules/Core/Axis/Stacking/StackingAxis.js.br
- highcharts/12.1.0/es-modules/Core/Axis/Stacking/StackingAxis.js.gz
- highcharts/12.1.0/es-modules/Core/Axis/Stacking/StackingAxis.min.js.br
- highcharts/12.1.0/es-modules/Core/Axis/Stacking/StackingAxis.min.js.gz
- highcharts/12.1.0/es-modules/Core/Axis/Tick.js.br
- highcharts/12.1.0/es-modules/Core/Axis/Tick.js.gz
- highcharts/12.1.0/es-modules/Core/Axis/Tick.min.js.br
- highcharts/12.1.0/es-modules/Core/Axis/Tick.min.js.gz
- highcharts/12.1.0/es-modules/Core/Axis/Tick3DComposition.js.br
- highcharts/12.1.0/es-modules/Core/Axis/Tick3DComposition.js.gz
- highcharts/12.1.0/es-modules/Core/Axis/Tick3DComposition.min.js.br
- highcharts/12.1.0/es-modules/Core/Axis/Tick3DComposition.min.js.gz
- highcharts/12.1.0/es-modules/Core/Axis/TreeGrid/TreeGridAxis.js.br
- highcharts/12.1.0/es-modules/Core/Axis/TreeGrid/TreeGridAxis.js.gz
- highcharts/12.1.0/es-modules/Core/Axis/TreeGrid/TreeGridAxis.min.js.br
- highcharts/12.1.0/es-modules/Core/Axis/TreeGrid/TreeGridAxis.min.js.gz
- highcharts/12.1.0/es-modules/Core/Axis/TreeGrid/TreeGridTick.js.br
- highcharts/12.1.0/es-modules/Core/Axis/TreeGrid/TreeGridTick.js.gz
- highcharts/12.1.0/es-modules/Core/Axis/TreeGrid/TreeGridTick.min.js.br
- highcharts/12.1.0/es-modules/Core/Axis/TreeGrid/TreeGridTick.min.js.gz
- highcharts/12.1.0/es-modules/Core/Axis/WaterfallAxis.js.br
- highcharts/12.1.0/es-modules/Core/Axis/WaterfallAxis.js.gz
- highcharts/12.1.0/es-modules/Core/Axis/WaterfallAxis.min.js.br
- highcharts/12.1.0/es-modules/Core/Axis/WaterfallAxis.min.js.gz
- highcharts/12.1.0/es-modules/Core/Axis/ZAxis.js.br
- highcharts/12.1.0/es-modules/Core/Axis/ZAxis.js.gz
- highcharts/12.1.0/es-modules/Core/Axis/ZAxis.min.js.br
- highcharts/12.1.0/es-modules/Core/Axis/ZAxis.min.js.gz
- highcharts/12.1.0/es-modules/Core/Chart/Chart.js.br
- highcharts/12.1.0/es-modules/Core/Chart/Chart.js.gz
- highcharts/12.1.0/es-modules/Core/Chart/Chart.min.js.br
- highcharts/12.1.0/es-modules/Core/Chart/Chart.min.js.gz
- highcharts/12.1.0/es-modules/Core/Chart/Chart3D.js.br
- highcharts/12.1.0/es-modules/Core/Chart/Chart3D.js.gz
- highcharts/12.1.0/es-modules/Core/Chart/Chart3D.min.js.br
- highcharts/12.1.0/es-modules/Core/Chart/Chart3D.min.js.gz
- highcharts/12.1.0/es-modules/Core/Chart/ChartDefaults.js.br
- highcharts/12.1.0/es-modules/Core/Chart/ChartDefaults.js.gz
- highcharts/12.1.0/es-modules/Core/Chart/ChartDefaults.min.js.br
- highcharts/12.1.0/es-modules/Core/Chart/ChartDefaults.min.js.gz
- highcharts/12.1.0/es-modules/Core/Chart/ChartNavigationComposition.js.br
- highcharts/12.1.0/es-modules/Core/Chart/ChartNavigationComposition.js.gz
- highcharts/12.1.0/es-modules/Core/Chart/ChartNavigationComposition.min.js.br
- highcharts/12.1.0/es-modules/Core/Chart/ChartNavigationComposition.min.js.gz
- highcharts/12.1.0/es-modules/Core/Chart/GanttChart.js.br
- highcharts/12.1.0/es-modules/Core/Chart/GanttChart.js.gz
- highcharts/12.1.0/es-modules/Core/Chart/GanttChart.min.js.br
- highcharts/12.1.0/es-modules/Core/Chart/GanttChart.min.js.gz
- highcharts/12.1.0/es-modules/Core/Chart/MapChart.js.br
- highcharts/12.1.0/es-modules/Core/Chart/MapChart.js.gz
- highcharts/12.1.0/es-modules/Core/Chart/MapChart.min.js.br
- highcharts/12.1.0/es-modules/Core/Chart/MapChart.min.js.gz
- highcharts/12.1.0/es-modules/Core/Chart/StockChart.js.br
- highcharts/12.1.0/es-modules/Core/Chart/StockChart.js.gz
- highcharts/12.1.0/es-modules/Core/Chart/StockChart.min.js.br
- highcharts/12.1.0/es-modules/Core/Chart/StockChart.min.js.gz
- highcharts/12.1.0/es-modules/Core/Color/Color.js.br
- highcharts/12.1.0/es-modules/Core/Color/Color.js.gz
- highcharts/12.1.0/es-modules/Core/Color/Color.min.js.br
- highcharts/12.1.0/es-modules/Core/Color/Color.min.js.gz
- highcharts/12.1.0/es-modules/Core/Color/Palettes.js.br
- highcharts/12.1.0/es-modules/Core/Color/Palettes.js.gz
- highcharts/12.1.0/es-modules/Core/Color/Palettes.min.js.br
- highcharts/12.1.0/es-modules/Core/Color/Palettes.min.js.gz
- highcharts/12.1.0/es-modules/Core/Defaults.js.br
- highcharts/12.1.0/es-modules/Core/Defaults.js.gz
- highcharts/12.1.0/es-modules/Core/Defaults.min.js.br
- highcharts/12.1.0/es-modules/Core/Defaults.min.js.gz
- highcharts/12.1.0/es-modules/Core/Foundation.js.br
- highcharts/12.1.0/es-modules/Core/Foundation.js.gz
- highcharts/12.1.0/es-modules/Core/Foundation.min.js.br
- highcharts/12.1.0/es-modules/Core/Foundation.min.js.gz
- highcharts/12.1.0/es-modules/Core/Geometry/CircleUtilities.js.br
- highcharts/12.1.0/es-modules/Core/Geometry/CircleUtilities.js.gz
- highcharts/12.1.0/es-modules/Core/Geometry/CircleUtilities.min.js.br
- highcharts/12.1.0/es-modules/Core/Geometry/CircleUtilities.min.js.gz
- highcharts/12.1.0/es-modules/Core/Geometry/GeometryUtilities.js.br
- highcharts/12.1.0/es-modules/Core/Geometry/GeometryUtilities.js.gz
- highcharts/12.1.0/es-modules/Core/Geometry/GeometryUtilities.min.js.br
- highcharts/12.1.0/es-modules/Core/Geometry/GeometryUtilities.min.js.gz
- highcharts/12.1.0/es-modules/Core/Geometry/PolygonClip.js.br
- highcharts/12.1.0/es-modules/Core/Geometry/PolygonClip.js.gz
- highcharts/12.1.0/es-modules/Core/Geometry/PolygonClip.min.js.br
- highcharts/12.1.0/es-modules/Core/Geometry/PolygonClip.min.js.gz
- highcharts/12.1.0/es-modules/Core/Globals.js.br
- highcharts/12.1.0/es-modules/Core/Globals.js.gz
- highcharts/12.1.0/es-modules/Core/Globals.min.js.br
- highcharts/12.1.0/es-modules/Core/Globals.min.js.gz
- highcharts/12.1.0/es-modules/Core/HttpUtilities.js.br
- highcharts/12.1.0/es-modules/Core/HttpUtilities.js.gz
- highcharts/12.1.0/es-modules/Core/HttpUtilities.min.js.br
- highcharts/12.1.0/es-modules/Core/HttpUtilities.min.js.gz
- highcharts/12.1.0/es-modules/Core/Legend/Legend.js.br
- highcharts/12.1.0/es-modules/Core/Legend/Legend.js.gz
- highcharts/12.1.0/es-modules/Core/Legend/Legend.min.js.br
- highcharts/12.1.0/es-modules/Core/Legend/Legend.min.js.gz
- highcharts/12.1.0/es-modules/Core/Legend/LegendSymbol.js.br
- highcharts/12.1.0/es-modules/Core/Legend/LegendSymbol.js.gz
- highcharts/12.1.0/es-modules/Core/Legend/LegendSymbol.min.js.br
- highcharts/12.1.0/es-modules/Core/Legend/LegendSymbol.min.js.gz
- highcharts/12.1.0/es-modules/Core/MSPointer.js.br
- highcharts/12.1.0/es-modules/Core/MSPointer.js.gz
- highcharts/12.1.0/es-modules/Core/MSPointer.min.js.br
- highcharts/12.1.0/es-modules/Core/MSPointer.min.js.gz
- highcharts/12.1.0/es-modules/Core/Math3D.js.br
- highcharts/12.1.0/es-modules/Core/Math3D.js.gz
- highcharts/12.1.0/es-modules/Core/Math3D.min.js.br
- highcharts/12.1.0/es-modules/Core/Math3D.min.js.gz
- highcharts/12.1.0/es-modules/Core/Pointer.js.br
- highcharts/12.1.0/es-modules/Core/Pointer.js.gz
- highcharts/12.1.0/es-modules/Core/Pointer.min.js.br
- highcharts/12.1.0/es-modules/Core/Pointer.min.js.gz
- highcharts/12.1.0/es-modules/Core/Renderer/HTML/AST.js.br
- highcharts/12.1.0/es-modules/Core/Renderer/HTML/AST.js.gz
- highcharts/12.1.0/es-modules/Core/Renderer/HTML/AST.min.js.br
- highcharts/12.1.0/es-modules/Core/Renderer/HTML/AST.min.js.gz
- highcharts/12.1.0/es-modules/Core/Renderer/HTML/HTMLElement.js.br
- highcharts/12.1.0/es-modules/Core/Renderer/HTML/HTMLElement.js.gz
- highcharts/12.1.0/es-modules/Core/Renderer/HTML/HTMLElement.min.js.br
- highcharts/12.1.0/es-modules/Core/Renderer/HTML/HTMLElement.min.js.gz
- highcharts/12.1.0/es-modules/Core/Renderer/RendererRegistry.js.br
- highcharts/12.1.0/es-modules/Core/Renderer/RendererRegistry.js.gz
- highcharts/12.1.0/es-modules/Core/Renderer/RendererRegistry.min.js.br
- highcharts/12.1.0/es-modules/Core/Renderer/RendererRegistry.min.js.gz
- highcharts/12.1.0/es-modules/Core/Renderer/RendererUtilities.js.br
- highcharts/12.1.0/es-modules/Core/Renderer/RendererUtilities.js.gz
- highcharts/12.1.0/es-modules/Core/Renderer/RendererUtilities.min.js.br
- highcharts/12.1.0/es-modules/Core/Renderer/RendererUtilities.min.js.gz
- highcharts/12.1.0/es-modules/Core/Renderer/SVG/SVGElement.js.br
- highcharts/12.1.0/es-modules/Core/Renderer/SVG/SVGElement.js.gz
- highcharts/12.1.0/es-modules/Core/Renderer/SVG/SVGElement.min.js.br
- highcharts/12.1.0/es-modules/Core/Renderer/SVG/SVGElement.min.js.gz
- highcharts/12.1.0/es-modules/Core/Renderer/SVG/SVGElement3D.js.br
- highcharts/12.1.0/es-modules/Core/Renderer/SVG/SVGElement3D.js.gz
- highcharts/12.1.0/es-modules/Core/Renderer/SVG/SVGElement3D.min.js.br
- highcharts/12.1.0/es-modules/Core/Renderer/SVG/SVGElement3D.min.js.gz
- highcharts/12.1.0/es-modules/Core/Renderer/SVG/SVGLabel.js.br
- highcharts/12.1.0/es-modules/Core/Renderer/SVG/SVGLabel.js.gz
- highcharts/12.1.0/es-modules/Core/Renderer/SVG/SVGLabel.min.js.br
- highcharts/12.1.0/es-modules/Core/Renderer/SVG/SVGLabel.min.js.gz
- highcharts/12.1.0/es-modules/Core/Renderer/SVG/SVGRenderer.js.br
- highcharts/12.1.0/es-modules/Core/Renderer/SVG/SVGRenderer.js.gz
- highcharts/12.1.0/es-modules/Core/Renderer/SVG/SVGRenderer.min.js.br
- highcharts/12.1.0/es-modules/Core/Renderer/SVG/SVGRenderer.min.js.gz
- highcharts/12.1.0/es-modules/Core/Renderer/SVG/SVGRenderer3D.js.br
- highcharts/12.1.0/es-modules/Core/Renderer/SVG/SVGRenderer3D.js.gz
- highcharts/12.1.0/es-modules/Core/Renderer/SVG/SVGRenderer3D.min.js.br
- highcharts/12.1.0/es-modules/Core/Renderer/SVG/SVGRenderer3D.min.js.gz
- highcharts/12.1.0/es-modules/Core/Renderer/SVG/Symbols.js.br
- highcharts/12.1.0/es-modules/Core/Renderer/SVG/Symbols.js.gz
- highcharts/12.1.0/es-modules/Core/Renderer/SVG/Symbols.min.js.br
- highcharts/12.1.0/es-modules/Core/Renderer/SVG/Symbols.min.js.gz
- highcharts/12.1.0/es-modules/Core/Renderer/SVG/TextBuilder.js.br
- highcharts/12.1.0/es-modules/Core/Renderer/SVG/TextBuilder.js.gz
- highcharts/12.1.0/es-modules/Core/Renderer/SVG/TextBuilder.min.js.br
- highcharts/12.1.0/es-modules/Core/Renderer/SVG/TextBuilder.min.js.gz
- highcharts/12.1.0/es-modules/Core/Responsive.js.br
- highcharts/12.1.0/es-modules/Core/Responsive.js.gz
- highcharts/12.1.0/es-modules/Core/Responsive.min.js.br
- highcharts/12.1.0/es-modules/Core/Responsive.min.js.gz
- highcharts/12.1.0/es-modules/Core/Series/DataLabel.js.br
- highcharts/12.1.0/es-modules/Core/Series/DataLabel.js.gz
- highcharts/12.1.0/es-modules/Core/Series/DataLabel.min.js.br
- highcharts/12.1.0/es-modules/Core/Series/DataLabel.min.js.gz
- highcharts/12.1.0/es-modules/Core/Series/DataSeriesComposition.js.br
- highcharts/12.1.0/es-modules/Core/Series/DataSeriesComposition.js.gz
- highcharts/12.1.0/es-modules/Core/Series/DataSeriesComposition.min.js.br
- highcharts/12.1.0/es-modules/Core/Series/DataSeriesComposition.min.js.gz
- highcharts/12.1.0/es-modules/Core/Series/DataSeriesConverter.js.br
- highcharts/12.1.0/es-modules/Core/Series/DataSeriesConverter.js.gz
- highcharts/12.1.0/es-modules/Core/Series/DataSeriesConverter.min.js.br
- highcharts/12.1.0/es-modules/Core/Series/DataSeriesConverter.min.js.gz
- highcharts/12.1.0/es-modules/Core/Series/Point.js.br
- highcharts/12.1.0/es-modules/Core/Series/Point.js.gz
- highcharts/12.1.0/es-modules/Core/Series/Point.min.js.br
- highcharts/12.1.0/es-modules/Core/Series/Point.min.js.gz
- highcharts/12.1.0/es-modules/Core/Series/Series.js.br
- highcharts/12.1.0/es-modules/Core/Series/Series.js.gz
- highcharts/12.1.0/es-modules/Core/Series/Series.min.js.br
- highcharts/12.1.0/es-modules/Core/Series/Series.min.js.gz
- highcharts/12.1.0/es-modules/Core/Series/Series3D.js.br
- highcharts/12.1.0/es-modules/Core/Series/Series3D.js.gz
- highcharts/12.1.0/es-modules/Core/Series/Series3D.min.js.br
- highcharts/12.1.0/es-modules/Core/Series/Series3D.min.js.gz
- highcharts/12.1.0/es-modules/Core/Series/SeriesDefaults.js.br
- highcharts/12.1.0/es-modules/Core/Series/SeriesDefaults.js.gz
- highcharts/12.1.0/es-modules/Core/Series/SeriesDefaults.min.js.br
- highcharts/12.1.0/es-modules/Core/Series/SeriesDefaults.min.js.gz
- highcharts/12.1.0/es-modules/Core/Series/SeriesRegistry.js.br
- highcharts/12.1.0/es-modules/Core/Series/SeriesRegistry.js.gz
- highcharts/12.1.0/es-modules/Core/Series/SeriesRegistry.min.js.br
- highcharts/12.1.0/es-modules/Core/Series/SeriesRegistry.min.js.gz
- highcharts/12.1.0/es-modules/Core/Templating.js.br
- highcharts/12.1.0/es-modules/Core/Templating.js.gz
- highcharts/12.1.0/es-modules/Core/Templating.min.js.br
- highcharts/12.1.0/es-modules/Core/Templating.min.js.gz
- highcharts/12.1.0/es-modules/Core/Time.js.br
- highcharts/12.1.0/es-modules/Core/Time.js.gz
- highcharts/12.1.0/es-modules/Core/Time.min.js.br
- highcharts/12.1.0/es-modules/Core/Time.min.js.gz
- highcharts/12.1.0/es-modules/Core/Tooltip.js.br
- highcharts/12.1.0/es-modules/Core/Tooltip.js.gz
- highcharts/12.1.0/es-modules/Core/Tooltip.min.js.br
- highcharts/12.1.0/es-modules/Core/Tooltip.min.js.gz
- highcharts/12.1.0/es-modules/Core/Utilities.js.br
- highcharts/12.1.0/es-modules/Core/Utilities.js.gz
- highcharts/12.1.0/es-modules/Core/Utilities.min.js.br
- highcharts/12.1.0/es-modules/Core/Utilities.min.js.gz
- highcharts/12.1.0/es-modules/Data/Connectors/CSVConnector.js.br
- highcharts/12.1.0/es-modules/Data/Connectors/CSVConnector.js.gz
- highcharts/12.1.0/es-modules/Data/Connectors/CSVConnector.min.js.br
- highcharts/12.1.0/es-modules/Data/Connectors/CSVConnector.min.js.gz
- highcharts/12.1.0/es-modules/Data/Connectors/DataConnector.js.br
- highcharts/12.1.0/es-modules/Data/Connectors/DataConnector.js.gz
- highcharts/12.1.0/es-modules/Data/Connectors/DataConnector.min.js.br
- highcharts/12.1.0/es-modules/Data/Connectors/DataConnector.min.js.gz
- highcharts/12.1.0/es-modules/Data/Connectors/GoogleSheetsConnector.js.br
- highcharts/12.1.0/es-modules/Data/Connectors/GoogleSheetsConnector.js.gz
- highcharts/12.1.0/es-modules/Data/Connectors/GoogleSheetsConnector.min.js.br
- highcharts/12.1.0/es-modules/Data/Connectors/GoogleSheetsConnector.min.js.gz
- highcharts/12.1.0/es-modules/Data/Connectors/HTMLTableConnector.js.br
- highcharts/12.1.0/es-modules/Data/Connectors/HTMLTableConnector.js.gz
- highcharts/12.1.0/es-modules/Data/Connectors/HTMLTableConnector.min.js.br
- highcharts/12.1.0/es-modules/Data/Connectors/HTMLTableConnector.min.js.gz
- highcharts/12.1.0/es-modules/Data/Connectors/JSONConnector.js.br
- highcharts/12.1.0/es-modules/Data/Connectors/JSONConnector.js.gz
- highcharts/12.1.0/es-modules/Data/Connectors/JSONConnector.min.js.br
- highcharts/12.1.0/es-modules/Data/Connectors/JSONConnector.min.js.gz
- highcharts/12.1.0/es-modules/Data/Converters/CSVConverter.js.br
- highcharts/12.1.0/es-modules/Data/Converters/CSVConverter.js.gz
- highcharts/12.1.0/es-modules/Data/Converters/CSVConverter.min.js.br
- highcharts/12.1.0/es-modules/Data/Converters/CSVConverter.min.js.gz
- highcharts/12.1.0/es-modules/Data/Converters/DataConverter.js.br
- highcharts/12.1.0/es-modules/Data/Converters/DataConverter.js.gz
- highcharts/12.1.0/es-modules/Data/Converters/DataConverter.min.js.br
- highcharts/12.1.0/es-modules/Data/Converters/DataConverter.min.js.gz
- highcharts/12.1.0/es-modules/Data/Converters/GoogleSheetsConverter.js.br
- highcharts/12.1.0/es-modules/Data/Converters/GoogleSheetsConverter.js.gz
- highcharts/12.1.0/es-modules/Data/Converters/GoogleSheetsConverter.min.js.br
- highcharts/12.1.0/es-modules/Data/Converters/GoogleSheetsConverter.min.js.gz
- highcharts/12.1.0/es-modules/Data/Converters/HTMLTableConverter.js.br
- highcharts/12.1.0/es-modules/Data/Converters/HTMLTableConverter.js.gz
- highcharts/12.1.0/es-modules/Data/Converters/HTMLTableConverter.min.js.br
- highcharts/12.1.0/es-modules/Data/Converters/HTMLTableConverter.min.js.gz
- highcharts/12.1.0/es-modules/Data/Converters/JSONConverter.js.br
- highcharts/12.1.0/es-modules/Data/Converters/JSONConverter.js.gz
- highcharts/12.1.0/es-modules/Data/Converters/JSONConverter.min.js.br
- highcharts/12.1.0/es-modules/Data/Converters/JSONConverter.min.js.gz
- highcharts/12.1.0/es-modules/Data/DataCursor.js.br
- highcharts/12.1.0/es-modules/Data/DataCursor.js.gz
- highcharts/12.1.0/es-modules/Data/DataCursor.min.js.br
- highcharts/12.1.0/es-modules/Data/DataCursor.min.js.gz
- highcharts/12.1.0/es-modules/Data/DataEvent.js.br
- highcharts/12.1.0/es-modules/Data/DataEvent.js.gz
- highcharts/12.1.0/es-modules/Data/DataEvent.min.js.br
- highcharts/12.1.0/es-modules/Data/DataEvent.min.js.gz
- highcharts/12.1.0/es-modules/Data/DataPool.js.br
- highcharts/12.1.0/es-modules/Data/DataPool.js.gz
- highcharts/12.1.0/es-modules/Data/DataPool.min.js.br
- highcharts/12.1.0/es-modules/Data/DataPool.min.js.gz
- highcharts/12.1.0/es-modules/Data/DataPoolDefaults.js.br
- highcharts/12.1.0/es-modules/Data/DataPoolDefaults.js.gz
- highcharts/12.1.0/es-modules/Data/DataPoolDefaults.min.js.br
- highcharts/12.1.0/es-modules/Data/DataPoolDefaults.min.js.gz
- highcharts/12.1.0/es-modules/Data/DataPoolOptions.js.br
- highcharts/12.1.0/es-modules/Data/DataPoolOptions.js.gz
- highcharts/12.1.0/es-modules/Data/DataPoolOptions.min.js.br
- highcharts/12.1.0/es-modules/Data/DataPoolOptions.min.js.gz
- highcharts/12.1.0/es-modules/Data/DataTable.js.br
- highcharts/12.1.0/es-modules/Data/DataTable.js.gz
- highcharts/12.1.0/es-modules/Data/DataTable.min.js.br
- highcharts/12.1.0/es-modules/Data/DataTable.min.js.gz
- highcharts/12.1.0/es-modules/Data/DataTableCore.js.br
- highcharts/12.1.0/es-modules/Data/DataTableCore.js.gz
- highcharts/12.1.0/es-modules/Data/DataTableCore.min.js.br
- highcharts/12.1.0/es-modules/Data/DataTableCore.min.js.gz
- highcharts/12.1.0/es-modules/Data/DataTableOptions.js.br
- highcharts/12.1.0/es-modules/Data/DataTableOptions.js.gz
- highcharts/12.1.0/es-modules/Data/DataTableOptions.min.js.br
- highcharts/12.1.0/es-modules/Data/DataTableOptions.min.js.gz
- highcharts/12.1.0/es-modules/Data/Formula/Formula.js.br
- highcharts/12.1.0/es-modules/Data/Formula/Formula.js.gz
- highcharts/12.1.0/es-modules/Data/Formula/Formula.min.js.br
- highcharts/12.1.0/es-modules/Data/Formula/Formula.min.js.gz
- highcharts/12.1.0/es-modules/Data/Formula/FormulaParser.js.br
- highcharts/12.1.0/es-modules/Data/Formula/FormulaParser.js.gz
- highcharts/12.1.0/es-modules/Data/Formula/FormulaParser.min.js.br
- highcharts/12.1.0/es-modules/Data/Formula/FormulaParser.min.js.gz
- highcharts/12.1.0/es-modules/Data/Formula/FormulaProcessor.js.br
- highcharts/12.1.0/es-modules/Data/Formula/FormulaProcessor.js.gz
- highcharts/12.1.0/es-modules/Data/Formula/FormulaProcessor.min.js.br
- highcharts/12.1.0/es-modules/Data/Formula/FormulaProcessor.min.js.gz
- highcharts/12.1.0/es-modules/Data/Formula/FormulaTypes.js.br
- highcharts/12.1.0/es-modules/Data/Formula/FormulaTypes.js.gz
- highcharts/12.1.0/es-modules/Data/Formula/FormulaTypes.min.js.br
- highcharts/12.1.0/es-modules/Data/Formula/FormulaTypes.min.js.gz
- highcharts/12.1.0/es-modules/Data/Formula/Functions/ABS.js.br
- highcharts/12.1.0/es-modules/Data/Formula/Functions/ABS.js.gz
- highcharts/12.1.0/es-modules/Data/Formula/Functions/ABS.min.js.br
- highcharts/12.1.0/es-modules/Data/Formula/Functions/ABS.min.js.gz
- highcharts/12.1.0/es-modules/Data/Formula/Functions/AND.js.br
- highcharts/12.1.0/es-modules/Data/Formula/Functions/AND.js.gz
- highcharts/12.1.0/es-modules/Data/Formula/Functions/AND.min.js.br
- highcharts/12.1.0/es-modules/Data/Formula/Functions/AND.min.js.gz
- highcharts/12.1.0/es-modules/Data/Formula/Functions/AVERAGE.js.br
- highcharts/12.1.0/es-modules/Data/Formula/Functions/AVERAGE.js.gz
- highcharts/12.1.0/es-modules/Data/Formula/Functions/AVERAGE.min.js.br
- highcharts/12.1.0/es-modules/Data/Formula/Functions/AVERAGE.min.js.gz
- highcharts/12.1.0/es-modules/Data/Formula/Functions/AVERAGEA.js.br
- highcharts/12.1.0/es-modules/Data/Formula/Functions/AVERAGEA.js.gz
- highcharts/12.1.0/es-modules/Data/Formula/Functions/AVERAGEA.min.js.br
- highcharts/12.1.0/es-modules/Data/Formula/Functions/AVERAGEA.min.js.gz
- highcharts/12.1.0/es-modules/Data/Formula/Functions/COUNT.js.br
- highcharts/12.1.0/es-modules/Data/Formula/Functions/COUNT.js.gz
- highcharts/12.1.0/es-modules/Data/Formula/Functions/COUNT.min.js.br
- highcharts/12.1.0/es-modules/Data/Formula/Functions/COUNT.min.js.gz
- highcharts/12.1.0/es-modules/Data/Formula/Functions/COUNTA.js.br
- highcharts/12.1.0/es-modules/Data/Formula/Functions/COUNTA.js.gz
- highcharts/12.1.0/es-modules/Data/Formula/Functions/COUNTA.min.js.br
- highcharts/12.1.0/es-modules/Data/Formula/Functions/COUNTA.min.js.gz
- highcharts/12.1.0/es-modules/Data/Formula/Functions/IF.js.br
- highcharts/12.1.0/es-modules/Data/Formula/Functions/IF.js.gz
- highcharts/12.1.0/es-modules/Data/Formula/Functions/IF.min.js.br
- highcharts/12.1.0/es-modules/Data/Formula/Functions/IF.min.js.gz
- highcharts/12.1.0/es-modules/Data/Formula/Functions/ISNA.js.br
- highcharts/12.1.0/es-modules/Data/Formula/Functions/ISNA.js.gz
- highcharts/12.1.0/es-modules/Data/Formula/Functions/ISNA.min.js.br
- highcharts/12.1.0/es-modules/Data/Formula/Functions/ISNA.min.js.gz
- highcharts/12.1.0/es-modules/Data/Formula/Functions/MAX.js.br
- highcharts/12.1.0/es-modules/Data/Formula/Functions/MAX.js.gz
- highcharts/12.1.0/es-modules/Data/Formula/Functions/MAX.min.js.br
- highcharts/12.1.0/es-modules/Data/Formula/Functions/MAX.min.js.gz
- highcharts/12.1.0/es-modules/Data/Formula/Functions/MEDIAN.js.br
- highcharts/12.1.0/es-modules/Data/Formula/Functions/MEDIAN.js.gz
- highcharts/12.1.0/es-modules/Data/Formula/Functions/MEDIAN.min.js.br
- highcharts/12.1.0/es-modules/Data/Formula/Functions/MEDIAN.min.js.gz
- highcharts/12.1.0/es-modules/Data/Formula/Functions/MIN.js.br
- highcharts/12.1.0/es-modules/Data/Formula/Functions/MIN.js.gz
- highcharts/12.1.0/es-modules/Data/Formula/Functions/MIN.min.js.br
- highcharts/12.1.0/es-modules/Data/Formula/Functions/MIN.min.js.gz
- highcharts/12.1.0/es-modules/Data/Formula/Functions/MOD.js.br
- highcharts/12.1.0/es-modules/Data/Formula/Functions/MOD.js.gz
- highcharts/12.1.0/es-modules/Data/Formula/Functions/MOD.min.js.br
- highcharts/12.1.0/es-modules/Data/Formula/Functions/MOD.min.js.gz
- highcharts/12.1.0/es-modules/Data/Formula/Functions/MODE.js.br
- highcharts/12.1.0/es-modules/Data/Formula/Functions/MODE.js.gz
- highcharts/12.1.0/es-modules/Data/Formula/Functions/MODE.min.js.br
- highcharts/12.1.0/es-modules/Data/Formula/Functions/MODE.min.js.gz
- highcharts/12.1.0/es-modules/Data/Formula/Functions/NOT.js.br
- highcharts/12.1.0/es-modules/Data/Formula/Functions/NOT.js.gz
- highcharts/12.1.0/es-modules/Data/Formula/Functions/NOT.min.js.br
- highcharts/12.1.0/es-modules/Data/Formula/Functions/NOT.min.js.gz
- highcharts/12.1.0/es-modules/Data/Formula/Functions/OR.js.br
- highcharts/12.1.0/es-modules/Data/Formula/Functions/OR.js.gz
- highcharts/12.1.0/es-modules/Data/Formula/Functions/OR.min.js.br
- highcharts/12.1.0/es-modules/Data/Formula/Functions/OR.min.js.gz
- highcharts/12.1.0/es-modules/Data/Formula/Functions/PRODUCT.js.br
- highcharts/12.1.0/es-modules/Data/Formula/Functions/PRODUCT.js.gz
- highcharts/12.1.0/es-modules/Data/Formula/Functions/PRODUCT.min.js.br
- highcharts/12.1.0/es-modules/Data/Formula/Functions/PRODUCT.min.js.gz
- highcharts/12.1.0/es-modules/Data/Formula/Functions/SUM.js.br
- highcharts/12.1.0/es-modules/Data/Formula/Functions/SUM.js.gz
- highcharts/12.1.0/es-modules/Data/Formula/Functions/SUM.min.js.br
- highcharts/12.1.0/es-modules/Data/Formula/Functions/SUM.min.js.gz
- highcharts/12.1.0/es-modules/Data/Formula/Functions/XOR.js.br
- highcharts/12.1.0/es-modules/Data/Formula/Functions/XOR.js.gz
- highcharts/12.1.0/es-modules/Data/Formula/Functions/XOR.min.js.br
- highcharts/12.1.0/es-modules/Data/Formula/Functions/XOR.min.js.gz
- highcharts/12.1.0/es-modules/Data/Modifiers/ChainModifier.js.br
- highcharts/12.1.0/es-modules/Data/Modifiers/ChainModifier.js.gz
- highcharts/12.1.0/es-modules/Data/Modifiers/ChainModifier.min.js.br
- highcharts/12.1.0/es-modules/Data/Modifiers/ChainModifier.min.js.gz
- highcharts/12.1.0/es-modules/Data/Modifiers/ChainModifierOptions.js.br
- highcharts/12.1.0/es-modules/Data/Modifiers/ChainModifierOptions.js.gz
- highcharts/12.1.0/es-modules/Data/Modifiers/ChainModifierOptions.min.js.br
- highcharts/12.1.0/es-modules/Data/Modifiers/ChainModifierOptions.min.js.gz
- highcharts/12.1.0/es-modules/Data/Modifiers/DataModifier.js.br
- highcharts/12.1.0/es-modules/Data/Modifiers/DataModifier.js.gz
- highcharts/12.1.0/es-modules/Data/Modifiers/DataModifier.min.js.br
- highcharts/12.1.0/es-modules/Data/Modifiers/DataModifier.min.js.gz
- highcharts/12.1.0/es-modules/Data/Modifiers/DataModifierEvent.js.br
- highcharts/12.1.0/es-modules/Data/Modifiers/DataModifierEvent.js.gz
- highcharts/12.1.0/es-modules/Data/Modifiers/DataModifierEvent.min.js.br
- highcharts/12.1.0/es-modules/Data/Modifiers/DataModifierEvent.min.js.gz
- highcharts/12.1.0/es-modules/Data/Modifiers/DataModifierOptions.js.br
- highcharts/12.1.0/es-modules/Data/Modifiers/DataModifierOptions.js.gz
- highcharts/12.1.0/es-modules/Data/Modifiers/DataModifierOptions.min.js.br
- highcharts/12.1.0/es-modules/Data/Modifiers/DataModifierOptions.min.js.gz
- highcharts/12.1.0/es-modules/Data/Modifiers/InvertModifier.js.br
- highcharts/12.1.0/es-modules/Data/Modifiers/InvertModifier.js.gz
- highcharts/12.1.0/es-modules/Data/Modifiers/InvertModifier.min.js.br
- highcharts/12.1.0/es-modules/Data/Modifiers/InvertModifier.min.js.gz
- highcharts/12.1.0/es-modules/Data/Modifiers/InvertModifierOptions.js.br
- highcharts/12.1.0/es-modules/Data/Modifiers/InvertModifierOptions.js.gz
- highcharts/12.1.0/es-modules/Data/Modifiers/InvertModifierOptions.min.js.br
- highcharts/12.1.0/es-modules/Data/Modifiers/InvertModifierOptions.min.js.gz
- highcharts/12.1.0/es-modules/Data/Modifiers/MathModifier.js.br
- highcharts/12.1.0/es-modules/Data/Modifiers/MathModifier.js.gz
- highcharts/12.1.0/es-modules/Data/Modifiers/MathModifier.min.js.br
- highcharts/12.1.0/es-modules/Data/Modifiers/MathModifier.min.js.gz
- highcharts/12.1.0/es-modules/Data/Modifiers/MathModifierOptions.js.br
- highcharts/12.1.0/es-modules/Data/Modifiers/MathModifierOptions.js.gz
- highcharts/12.1.0/es-modules/Data/Modifiers/MathModifierOptions.min.js.br
- highcharts/12.1.0/es-modules/Data/Modifiers/MathModifierOptions.min.js.gz
- highcharts/12.1.0/es-modules/Data/Modifiers/RangeModifier.js.br
- highcharts/12.1.0/es-modules/Data/Modifiers/RangeModifier.js.gz
- highcharts/12.1.0/es-modules/Data/Modifiers/RangeModifier.min.js.br
- highcharts/12.1.0/es-modules/Data/Modifiers/RangeModifier.min.js.gz
- highcharts/12.1.0/es-modules/Data/Modifiers/RangeModifierOptions.js.br
- highcharts/12.1.0/es-modules/Data/Modifiers/RangeModifierOptions.js.gz
- highcharts/12.1.0/es-modules/Data/Modifiers/RangeModifierOptions.min.js.br
- highcharts/12.1.0/es-modules/Data/Modifiers/RangeModifierOptions.min.js.gz
- highcharts/12.1.0/es-modules/Data/Modifiers/SortModifier.js.br
- highcharts/12.1.0/es-modules/Data/Modifiers/SortModifier.js.gz
- highcharts/12.1.0/es-modules/Data/Modifiers/SortModifier.min.js.br
- highcharts/12.1.0/es-modules/Data/Modifiers/SortModifier.min.js.gz
- highcharts/12.1.0/es-modules/Data/Modifiers/SortModifierOptions.js.br
- highcharts/12.1.0/es-modules/Data/Modifiers/SortModifierOptions.js.gz
- highcharts/12.1.0/es-modules/Data/Modifiers/SortModifierOptions.min.js.br
- highcharts/12.1.0/es-modules/Data/Modifiers/SortModifierOptions.min.js.gz
- highcharts/12.1.0/es-modules/Extensions/Annotations/Annotation.js.br
- highcharts/12.1.0/es-modules/Extensions/Annotations/Annotation.js.gz
- highcharts/12.1.0/es-modules/Extensions/Annotations/Annotation.min.js.br
- highcharts/12.1.0/es-modules/Extensions/Annotations/Annotation.min.js.gz
- highcharts/12.1.0/es-modules/Extensions/Annotations/AnnotationChart.js.br
- highcharts/12.1.0/es-modules/Extensions/Annotations/AnnotationChart.js.gz
- highcharts/12.1.0/es-modules/Extensions/Annotations/AnnotationChart.min.js.br
- highcharts/12.1.0/es-modules/Extensions/Annotations/AnnotationChart.min.js.gz
- highcharts/12.1.0/es-modules/Extensions/Annotations/AnnotationDefaults.js.br
- highcharts/12.1.0/es-modules/Extensions/Annotations/AnnotationDefaults.js.gz
- highcharts/12.1.0/es-modules/Extensions/Annotations/AnnotationDefaults.min.js.br
- highcharts/12.1.0/es-modules/Extensions/Annotations/AnnotationDefaults.min.js.gz
- highcharts/12.1.0/es-modules/Extensions/Annotations/ControlPoint.js.br
- highcharts/12.1.0/es-modules/Extensions/Annotations/ControlPoint.js.gz
- highcharts/12.1.0/es-modules/Extensions/Annotations/ControlPoint.min.js.br
- highcharts/12.1.0/es-modules/Extensions/Annotations/ControlPoint.min.js.gz
- highcharts/12.1.0/es-modules/Extensions/Annotations/ControlTarget.js.br
- highcharts/12.1.0/es-modules/Extensions/Annotations/ControlTarget.js.gz
- highcharts/12.1.0/es-modules/Extensions/Annotations/ControlTarget.min.js.br
- highcharts/12.1.0/es-modules/Extensions/Annotations/ControlTarget.min.js.gz
- highcharts/12.1.0/es-modules/Extensions/Annotations/Controllables/Controllable.js.br
- highcharts/12.1.0/es-modules/Extensions/Annotations/Controllables/Controllable.js.gz
- highcharts/12.1.0/es-modules/Extensions/Annotations/Controllables/Controllable.min.js.br
- highcharts/12.1.0/es-modules/Extensions/Annotations/Controllables/Controllable.min.js.gz
- highcharts/12.1.0/es-modules/Extensions/Annotations/Controllables/ControllableCircle.js.br
- highcharts/12.1.0/es-modules/Extensions/Annotations/Controllables/ControllableCircle.js.gz
- highcharts/12.1.0/es-modules/Extensions/Annotations/Controllables/ControllableCircle.min.js.br
- highcharts/12.1.0/es-modules/Extensions/Annotations/Controllables/ControllableCircle.min.js.gz
- highcharts/12.1.0/es-modules/Extensions/Annotations/Controllables/ControllableDefaults.js.br
- highcharts/12.1.0/es-modules/Extensions/Annotations/Controllables/ControllableDefaults.js.gz
- highcharts/12.1.0/es-modules/Extensions/Annotations/Controllables/ControllableDefaults.min.js.br
- highcharts/12.1.0/es-modules/Extensions/Annotations/Controllables/ControllableDefaults.min.js.gz
- highcharts/12.1.0/es-modules/Extensions/Annotations/Controllables/ControllableEllipse.js.br
- highcharts/12.1.0/es-modules/Extensions/Annotations/Controllables/ControllableEllipse.js.gz
- highcharts/12.1.0/es-modules/Extensions/Annotations/Controllables/ControllableEllipse.min.js.br
- highcharts/12.1.0/es-modules/Extensions/Annotations/Controllables/ControllableEllipse.min.js.gz
- highcharts/12.1.0/es-modules/Extensions/Annotations/Controllables/ControllableImage.js.br
- highcharts/12.1.0/es-modules/Extensions/Annotations/Controllables/ControllableImage.js.gz
- highcharts/12.1.0/es-modules/Extensions/Annotations/Controllables/ControllableImage.min.js.br
- highcharts/12.1.0/es-modules/Extensions/Annotations/Controllables/ControllableImage.min.js.gz
- highcharts/12.1.0/es-modules/Extensions/Annotations/Controllables/ControllableLabel.js.br
- highcharts/12.1.0/es-modules/Extensions/Annotations/Controllables/ControllableLabel.js.gz
- highcharts/12.1.0/es-modules/Extensions/Annotations/Controllables/ControllableLabel.min.js.br
- highcharts/12.1.0/es-modules/Extensions/Annotations/Controllables/ControllableLabel.min.js.gz
- highcharts/12.1.0/es-modules/Extensions/Annotations/Controllables/ControllablePath.js.br
- highcharts/12.1.0/es-modules/Extensions/Annotations/Controllables/ControllablePath.js.gz
- highcharts/12.1.0/es-modules/Extensions/Annotations/Controllables/ControllablePath.min.js.br
- highcharts/12.1.0/es-modules/Extensions/Annotations/Controllables/ControllablePath.min.js.gz
- highcharts/12.1.0/es-modules/Extensions/Annotations/Controllables/ControllableRect.js.br
- highcharts/12.1.0/es-modules/Extensions/Annotations/Controllables/ControllableRect.js.gz
- highcharts/12.1.0/es-modules/Extensions/Annotations/Controllables/ControllableRect.min.js.br
- highcharts/12.1.0/es-modules/Extensions/Annotations/Controllables/ControllableRect.min.js.gz
- highcharts/12.1.0/es-modules/Extensions/Annotations/EventEmitter.js.br
- highcharts/12.1.0/es-modules/Extensions/Annotations/EventEmitter.js.gz
- highcharts/12.1.0/es-modules/Extensions/Annotations/EventEmitter.min.js.br
- highcharts/12.1.0/es-modules/Extensions/Annotations/EventEmitter.min.js.gz
- highcharts/12.1.0/es-modules/Extensions/Annotations/MockPoint.js.br
- highcharts/12.1.0/es-modules/Extensions/Annotations/MockPoint.js.gz
- highcharts/12.1.0/es-modules/Extensions/Annotations/MockPoint.min.js.br
- highcharts/12.1.0/es-modules/Extensions/Annotations/MockPoint.min.js.gz
- highcharts/12.1.0/es-modules/Extensions/Annotations/NavigationBindings.js.br
- highcharts/12.1.0/es-modules/Extensions/Annotations/NavigationBindings.js.gz
- highcharts/12.1.0/es-modules/Extensions/Annotations/NavigationBindings.min.js.br
- highcharts/12.1.0/es-modules/Extensions/Annotations/NavigationBindings.min.js.gz
- highcharts/12.1.0/es-modules/Extensions/Annotations/NavigationBindingsDefaults.js.br
- highcharts/12.1.0/es-modules/Extensions/Annotations/NavigationBindingsDefaults.js.gz
- highcharts/12.1.0/es-modules/Extensions/Annotations/NavigationBindingsDefaults.min.js.br
- highcharts/12.1.0/es-modules/Extensions/Annotations/NavigationBindingsDefaults.min.js.gz
- highcharts/12.1.0/es-modules/Extensions/Annotations/NavigationBindingsUtilities.js.br
- highcharts/12.1.0/es-modules/Extensions/Annotations/NavigationBindingsUtilities.js.gz
- highcharts/12.1.0/es-modules/Extensions/Annotations/NavigationBindingsUtilities.min.js.br
- highcharts/12.1.0/es-modules/Extensions/Annotations/NavigationBindingsUtilities.min.js.gz
- highcharts/12.1.0/es-modules/Extensions/Annotations/Popup/Popup.js.br
- highcharts/12.1.0/es-modules/Extensions/Annotations/Popup/Popup.js.gz
- highcharts/12.1.0/es-modules/Extensions/Annotations/Popup/Popup.min.js.br
- highcharts/12.1.0/es-modules/Extensions/Annotations/Popup/Popup.min.js.gz
- highcharts/12.1.0/es-modules/Extensions/Annotations/Popup/PopupAnnotations.js.br
- highcharts/12.1.0/es-modules/Extensions/Annotations/Popup/PopupAnnotations.js.gz
- highcharts/12.1.0/es-modules/Extensions/Annotations/Popup/PopupAnnotations.min.js.br
- highcharts/12.1.0/es-modules/Extensions/Annotations/Popup/PopupAnnotations.min.js.gz
- highcharts/12.1.0/es-modules/Extensions/Annotations/Popup/PopupComposition.js.br
- highcharts/12.1.0/es-modules/Extensions/Annotations/Popup/PopupComposition.js.gz
- highcharts/12.1.0/es-modules/Extensions/Annotations/Popup/PopupComposition.min.js.br
- highcharts/12.1.0/es-modules/Extensions/Annotations/Popup/PopupComposition.min.js.gz
- highcharts/12.1.0/es-modules/Extensions/Annotations/Popup/PopupIndicators.js.br
- highcharts/12.1.0/es-modules/Extensions/Annotations/Popup/PopupIndicators.js.gz
- highcharts/12.1.0/es-modules/Extensions/Annotations/Popup/PopupIndicators.min.js.br
- highcharts/12.1.0/es-modules/Extensions/Annotations/Popup/PopupIndicators.min.js.gz
- highcharts/12.1.0/es-modules/Extensions/Annotations/Popup/PopupTabs.js.br
- highcharts/12.1.0/es-modules/Extensions/Annotations/Popup/PopupTabs.js.gz
- highcharts/12.1.0/es-modules/Extensions/Annotations/Popup/PopupTabs.min.js.br
- highcharts/12.1.0/es-modules/Extensions/Annotations/Popup/PopupTabs.min.js.gz
- highcharts/12.1.0/es-modules/Extensions/Annotations/Types/BasicAnnotation.js.br
- highcharts/12.1.0/es-modules/Extensions/Annotations/Types/BasicAnnotation.js.gz
- highcharts/12.1.0/es-modules/Extensions/Annotations/Types/BasicAnnotation.min.js.br
- highcharts/12.1.0/es-modules/Extensions/Annotations/Types/BasicAnnotation.min.js.gz
- highcharts/12.1.0/es-modules/Extensions/Annotations/Types/CrookedLine.js.br
- highcharts/12.1.0/es-modules/Extensions/Annotations/Types/CrookedLine.js.gz
- highcharts/12.1.0/es-modules/Extensions/Annotations/Types/CrookedLine.min.js.br
- highcharts/12.1.0/es-modules/Extensions/Annotations/Types/CrookedLine.min.js.gz
- highcharts/12.1.0/es-modules/Extensions/Annotations/Types/ElliottWave.js.br
- highcharts/12.1.0/es-modules/Extensions/Annotations/Types/ElliottWave.js.gz
- highcharts/12.1.0/es-modules/Extensions/Annotations/Types/ElliottWave.min.js.br
- highcharts/12.1.0/es-modules/Extensions/Annotations/Types/ElliottWave.min.js.gz
- highcharts/12.1.0/es-modules/Extensions/Annotations/Types/Fibonacci.js.br
- highcharts/12.1.0/es-modules/Extensions/Annotations/Types/Fibonacci.js.gz
- highcharts/12.1.0/es-modules/Extensions/Annotations/Types/Fibonacci.min.js.br
- highcharts/12.1.0/es-modules/Extensions/Annotations/Types/Fibonacci.min.js.gz
- highcharts/12.1.0/es-modules/Extensions/Annotations/Types/FibonacciTimeZones.js.br
- highcharts/12.1.0/es-modules/Extensions/Annotations/Types/FibonacciTimeZones.js.gz
- highcharts/12.1.0/es-modules/Extensions/Annotations/Types/FibonacciTimeZones.min.js.br
- highcharts/12.1.0/es-modules/Extensions/Annotations/Types/FibonacciTimeZones.min.js.gz
- highcharts/12.1.0/es-modules/Extensions/Annotations/Types/InfinityLine.js.br
- highcharts/12.1.0/es-modules/Extensions/Annotations/Types/InfinityLine.js.gz
- highcharts/12.1.0/es-modules/Extensions/Annotations/Types/InfinityLine.min.js.br
- highcharts/12.1.0/es-modules/Extensions/Annotations/Types/InfinityLine.min.js.gz
- highcharts/12.1.0/es-modules/Extensions/Annotations/Types/Measure.js.br
- highcharts/12.1.0/es-modules/Extensions/Annotations/Types/Measure.js.gz
- highcharts/12.1.0/es-modules/Extensions/Annotations/Types/Measure.min.js.br
- highcharts/12.1.0/es-modules/Extensions/Annotations/Types/Measure.min.js.gz
- highcharts/12.1.0/es-modules/Extensions/Annotations/Types/Pitchfork.js.br
- highcharts/12.1.0/es-modules/Extensions/Annotations/Types/Pitchfork.js.gz
- highcharts/12.1.0/es-modules/Extensions/Annotations/Types/Pitchfork.min.js.br
- highcharts/12.1.0/es-modules/Extensions/Annotations/Types/Pitchfork.min.js.gz
- highcharts/12.1.0/es-modules/Extensions/Annotations/Types/TimeCycles.js.br
- highcharts/12.1.0/es-modules/Extensions/Annotations/Types/TimeCycles.js.gz
- highcharts/12.1.0/es-modules/Extensions/Annotations/Types/TimeCycles.min.js.br
- highcharts/12.1.0/es-modules/Extensions/Annotations/Types/TimeCycles.min.js.gz
- highcharts/12.1.0/es-modules/Extensions/Annotations/Types/Tunnel.js.br
- highcharts/12.1.0/es-modules/Extensions/Annotations/Types/Tunnel.js.gz
- highcharts/12.1.0/es-modules/Extensions/Annotations/Types/Tunnel.min.js.br
- highcharts/12.1.0/es-modules/Extensions/Annotations/Types/Tunnel.min.js.gz
- highcharts/12.1.0/es-modules/Extensions/Annotations/Types/VerticalLine.js.br
- highcharts/12.1.0/es-modules/Extensions/Annotations/Types/VerticalLine.js.gz
- highcharts/12.1.0/es-modules/Extensions/Annotations/Types/VerticalLine.min.js.br
- highcharts/12.1.0/es-modules/Extensions/Annotations/Types/VerticalLine.min.js.gz
- highcharts/12.1.0/es-modules/Extensions/ArrowSymbols.js.br
- highcharts/12.1.0/es-modules/Extensions/ArrowSymbols.js.gz
- highcharts/12.1.0/es-modules/Extensions/ArrowSymbols.min.js.br
- highcharts/12.1.0/es-modules/Extensions/ArrowSymbols.min.js.gz
- highcharts/12.1.0/es-modules/Extensions/Boost/Boost.js.br
- highcharts/12.1.0/es-modules/Extensions/Boost/Boost.js.gz
- highcharts/12.1.0/es-modules/Extensions/Boost/Boost.min.js.br
- highcharts/12.1.0/es-modules/Extensions/Boost/Boost.min.js.gz
- highcharts/12.1.0/es-modules/Extensions/Boost/BoostChart.js.br
- highcharts/12.1.0/es-modules/Extensions/Boost/BoostChart.js.gz
- highcharts/12.1.0/es-modules/Extensions/Boost/BoostChart.min.js.br
- highcharts/12.1.0/es-modules/Extensions/Boost/BoostChart.min.js.gz
- highcharts/12.1.0/es-modules/Extensions/Boost/BoostSeries.js.br
- highcharts/12.1.0/es-modules/Extensions/Boost/BoostSeries.js.gz
- highcharts/12.1.0/es-modules/Extensions/Boost/BoostSeries.min.js.br
- highcharts/12.1.0/es-modules/Extensions/Boost/BoostSeries.min.js.gz
- highcharts/12.1.0/es-modules/Extensions/Boost/BoostableMap.js.br
- highcharts/12.1.0/es-modules/Extensions/Boost/BoostableMap.js.gz
- highcharts/12.1.0/es-modules/Extensions/Boost/BoostableMap.min.js.br
- highcharts/12.1.0/es-modules/Extensions/Boost/BoostableMap.min.js.gz
- highcharts/12.1.0/es-modules/Extensions/Boost/Boostables.js.br
- highcharts/12.1.0/es-modules/Extensions/Boost/Boostables.js.gz
- highcharts/12.1.0/es-modules/Extensions/Boost/Boostables.min.js.br
- highcharts/12.1.0/es-modules/Extensions/Boost/Boostables.min.js.gz
- highcharts/12.1.0/es-modules/Extensions/Boost/NamedColors.js.br
- highcharts/12.1.0/es-modules/Extensions/Boost/NamedColors.js.gz
- highcharts/12.1.0/es-modules/Extensions/Boost/NamedColors.min.js.br
- highcharts/12.1.0/es-modules/Extensions/Boost/NamedColors.min.js.gz
- highcharts/12.1.0/es-modules/Extensions/Boost/WGLDrawMode.js.br
- highcharts/12.1.0/es-modules/Extensions/Boost/WGLDrawMode.js.gz
- highcharts/12.1.0/es-modules/Extensions/Boost/WGLDrawMode.min.js.br
- highcharts/12.1.0/es-modules/Extensions/Boost/WGLDrawMode.min.js.gz
- highcharts/12.1.0/es-modules/Extensions/Boost/WGLRenderer.js.br
- highcharts/12.1.0/es-modules/Extensions/Boost/WGLRenderer.js.gz
- highcharts/12.1.0/es-modules/Extensions/Boost/WGLRenderer.min.js.br
- highcharts/12.1.0/es-modules/Extensions/Boost/WGLRenderer.min.js.gz
- highcharts/12.1.0/es-modules/Extensions/Boost/WGLShader.js.br
- highcharts/12.1.0/es-modules/Extensions/Boost/WGLShader.js.gz
- highcharts/12.1.0/es-modules/Extensions/Boost/WGLShader.min.js.br
- highcharts/12.1.0/es-modules/Extensions/Boost/WGLShader.min.js.gz
- highcharts/12.1.0/es-modules/Extensions/Boost/WGLVertexBuffer.js.br
- highcharts/12.1.0/es-modules/Extensions/Boost/WGLVertexBuffer.js.gz
- highcharts/12.1.0/es-modules/Extensions/Boost/WGLVertexBuffer.min.js.br
- highcharts/12.1.0/es-modules/Extensions/Boost/WGLVertexBuffer.min.js.gz
- highcharts/12.1.0/es-modules/Extensions/BoostCanvas.js.br
- highcharts/12.1.0/es-modules/Extensions/BoostCanvas.js.gz
- highcharts/12.1.0/es-modules/Extensions/BoostCanvas.min.js.br
- highcharts/12.1.0/es-modules/Extensions/BoostCanvas.min.js.gz
- highcharts/12.1.0/es-modules/Extensions/BorderRadius.js.br
- highcharts/12.1.0/es-modules/Extensions/BorderRadius.js.gz
- highcharts/12.1.0/es-modules/Extensions/BorderRadius.min.js.br
- highcharts/12.1.0/es-modules/Extensions/BorderRadius.min.js.gz
- highcharts/12.1.0/es-modules/Extensions/Breadcrumbs/Breadcrumbs.js.br
- highcharts/12.1.0/es-modules/Extensions/Breadcrumbs/Breadcrumbs.js.gz
- highcharts/12.1.0/es-modules/Extensions/Breadcrumbs/Breadcrumbs.min.js.br
- highcharts/12.1.0/es-modules/Extensions/Breadcrumbs/Breadcrumbs.min.js.gz
- highcharts/12.1.0/es-modules/Extensions/Breadcrumbs/BreadcrumbsDefaults.js.br
- highcharts/12.1.0/es-modules/Extensions/Breadcrumbs/BreadcrumbsDefaults.js.gz
- highcharts/12.1.0/es-modules/Extensions/Breadcrumbs/BreadcrumbsDefaults.min.js.br
- highcharts/12.1.0/es-modules/Extensions/Breadcrumbs/BreadcrumbsDefaults.min.js.gz
- highcharts/12.1.0/es-modules/Extensions/CurrentDateIndication.js.br
- highcharts/12.1.0/es-modules/Extensions/CurrentDateIndication.js.gz
- highcharts/12.1.0/es-modules/Extensions/CurrentDateIndication.min.js.br
- highcharts/12.1.0/es-modules/Extensions/CurrentDateIndication.min.js.gz
- highcharts/12.1.0/es-modules/Extensions/Data.js.br
- highcharts/12.1.0/es-modules/Extensions/Data.js.gz
- highcharts/12.1.0/es-modules/Extensions/Data.min.js.br
- highcharts/12.1.0/es-modules/Extensions/Data.min.js.gz
- highcharts/12.1.0/es-modules/Extensions/DataGrouping/ApproximationDefaults.js.br
- highcharts/12.1.0/es-modules/Extensions/DataGrouping/ApproximationDefaults.js.gz
- highcharts/12.1.0/es-modules/Extensions/DataGrouping/ApproximationDefaults.min.js.br
- highcharts/12.1.0/es-modules/Extensions/DataGrouping/ApproximationDefaults.min.js.gz
- highcharts/12.1.0/es-modules/Extensions/DataGrouping/ApproximationRegistry.js.br
- highcharts/12.1.0/es-modules/Extensions/DataGrouping/ApproximationRegistry.js.gz
- highcharts/12.1.0/es-modules/Extensions/DataGrouping/ApproximationRegistry.min.js.br
- highcharts/12.1.0/es-modules/Extensions/DataGrouping/ApproximationRegistry.min.js.gz
- highcharts/12.1.0/es-modules/Extensions/DataGrouping/DataGrouping.js.br
- highcharts/12.1.0/es-modules/Extensions/DataGrouping/DataGrouping.js.gz
- highcharts/12.1.0/es-modules/Extensions/DataGrouping/DataGrouping.min.js.br
- highcharts/12.1.0/es-modules/Extensions/DataGrouping/DataGrouping.min.js.gz
- highcharts/12.1.0/es-modules/Extensions/DataGrouping/DataGroupingAxisComposition.js.br
- highcharts/12.1.0/es-modules/Extensions/DataGrouping/DataGroupingAxisComposition.js.gz
- highcharts/12.1.0/es-modules/Extensions/DataGrouping/DataGroupingAxisComposition.min.js.br
- highcharts/12.1.0/es-modules/Extensions/DataGrouping/DataGroupingAxisComposition.min.js.gz
- highcharts/12.1.0/es-modules/Extensions/DataGrouping/DataGroupingDefaults.js.br
- highcharts/12.1.0/es-modules/Extensions/DataGrouping/DataGroupingDefaults.js.gz
- highcharts/12.1.0/es-modules/Extensions/DataGrouping/DataGroupingDefaults.min.js.br
- highcharts/12.1.0/es-modules/Extensions/DataGrouping/DataGroupingDefaults.min.js.gz
- highcharts/12.1.0/es-modules/Extensions/DataGrouping/DataGroupingSeriesComposition.js.br
- highcharts/12.1.0/es-modules/Extensions/DataGrouping/DataGroupingSeriesComposition.js.gz
- highcharts/12.1.0/es-modules/Extensions/DataGrouping/DataGroupingSeriesComposition.min.js.br
- highcharts/12.1.0/es-modules/Extensions/DataGrouping/DataGroupingSeriesComposition.min.js.gz
- highcharts/12.1.0/es-modules/Extensions/Debugger/Debugger.js.br
- highcharts/12.1.0/es-modules/Extensions/Debugger/Debugger.js.gz
- highcharts/12.1.0/es-modules/Extensions/Debugger/Debugger.min.js.br
- highcharts/12.1.0/es-modules/Extensions/Debugger/Debugger.min.js.gz
- highcharts/12.1.0/es-modules/Extensions/Debugger/ErrorMessages.js.br
- highcharts/12.1.0/es-modules/Extensions/Debugger/ErrorMessages.js.gz
- highcharts/12.1.0/es-modules/Extensions/Debugger/ErrorMessages.min.js.br
- highcharts/12.1.0/es-modules/Extensions/Debugger/ErrorMessages.min.js.gz
- highcharts/12.1.0/es-modules/Extensions/DownloadURL.js.br
- highcharts/12.1.0/es-modules/Extensions/DownloadURL.js.gz
- highcharts/12.1.0/es-modules/Extensions/DownloadURL.min.js.br
- highcharts/12.1.0/es-modules/Extensions/DownloadURL.min.js.gz
- highcharts/12.1.0/es-modules/Extensions/DragPanes/AxisResizer.js.br
- highcharts/12.1.0/es-modules/Extensions/DragPanes/AxisResizer.js.gz
- highcharts/12.1.0/es-modules/Extensions/DragPanes/AxisResizer.min.js.br
- highcharts/12.1.0/es-modules/Extensions/DragPanes/AxisResizer.min.js.gz
- highcharts/12.1.0/es-modules/Extensions/DragPanes/AxisResizerDefaults.js.br
- highcharts/12.1.0/es-modules/Extensions/DragPanes/AxisResizerDefaults.js.gz
- highcharts/12.1.0/es-modules/Extensions/DragPanes/AxisResizerDefaults.min.js.br
- highcharts/12.1.0/es-modules/Extensions/DragPanes/AxisResizerDefaults.min.js.gz
- highcharts/12.1.0/es-modules/Extensions/DragPanes/DragPanes.js.br
- highcharts/12.1.0/es-modules/Extensions/DragPanes/DragPanes.js.gz
- highcharts/12.1.0/es-modules/Extensions/DragPanes/DragPanes.min.js.br
- highcharts/12.1.0/es-modules/Extensions/DragPanes/DragPanes.min.js.gz
- highcharts/12.1.0/es-modules/Extensions/DraggablePoints/DragDropDefaults.js.br
- highcharts/12.1.0/es-modules/Extensions/DraggablePoints/DragDropDefaults.js.gz
- highcharts/12.1.0/es-modules/Extensions/DraggablePoints/DragDropDefaults.min.js.br
- highcharts/12.1.0/es-modules/Extensions/DraggablePoints/DragDropDefaults.min.js.gz
- highcharts/12.1.0/es-modules/Extensions/DraggablePoints/DragDropProps.js.br
- highcharts/12.1.0/es-modules/Extensions/DraggablePoints/DragDropProps.js.gz
- highcharts/12.1.0/es-modules/Extensions/DraggablePoints/DragDropProps.min.js.br
- highcharts/12.1.0/es-modules/Extensions/DraggablePoints/DragDropProps.min.js.gz
- highcharts/12.1.0/es-modules/Extensions/DraggablePoints/DragDropUtilities.js.br
- highcharts/12.1.0/es-modules/Extensions/DraggablePoints/DragDropUtilities.js.gz
- highcharts/12.1.0/es-modules/Extensions/DraggablePoints/DragDropUtilities.min.js.br
- highcharts/12.1.0/es-modules/Extensions/DraggablePoints/DragDropUtilities.min.js.gz
- highcharts/12.1.0/es-modules/Extensions/DraggablePoints/DraggableChart.js.br
- highcharts/12.1.0/es-modules/Extensions/DraggablePoints/DraggableChart.js.gz
- highcharts/12.1.0/es-modules/Extensions/DraggablePoints/DraggableChart.min.js.br
- highcharts/12.1.0/es-modules/Extensions/DraggablePoints/DraggableChart.min.js.gz
- highcharts/12.1.0/es-modules/Extensions/DraggablePoints/DraggablePoints.js.br
- highcharts/12.1.0/es-modules/Extensions/DraggablePoints/DraggablePoints.js.gz
- highcharts/12.1.0/es-modules/Extensions/DraggablePoints/DraggablePoints.min.js.br
- highcharts/12.1.0/es-modules/Extensions/DraggablePoints/DraggablePoints.min.js.gz
- highcharts/12.1.0/es-modules/Extensions/Drilldown/Drilldown.js.br
- highcharts/12.1.0/es-modules/Extensions/Drilldown/Drilldown.js.gz
- highcharts/12.1.0/es-modules/Extensions/Drilldown/Drilldown.min.js.br
- highcharts/12.1.0/es-modules/Extensions/Drilldown/Drilldown.min.js.gz
- highcharts/12.1.0/es-modules/Extensions/Drilldown/DrilldownDefaults.js.br
- highcharts/12.1.0/es-modules/Extensions/Drilldown/DrilldownDefaults.js.gz
- highcharts/12.1.0/es-modules/Extensions/Drilldown/DrilldownDefaults.min.js.br
- highcharts/12.1.0/es-modules/Extensions/Drilldown/DrilldownDefaults.min.js.gz
- highcharts/12.1.0/es-modules/Extensions/Drilldown/DrilldownSeries.js.br
- highcharts/12.1.0/es-modules/Extensions/Drilldown/DrilldownSeries.js.gz
- highcharts/12.1.0/es-modules/Extensions/Drilldown/DrilldownSeries.min.js.br
- highcharts/12.1.0/es-modules/Extensions/Drilldown/DrilldownSeries.min.js.gz
- highcharts/12.1.0/es-modules/Extensions/ExportData/ExportData.js.br
- highcharts/12.1.0/es-modules/Extensions/ExportData/ExportData.js.gz
- highcharts/12.1.0/es-modules/Extensions/ExportData/ExportData.min.js.br
- highcharts/12.1.0/es-modules/Extensions/ExportData/ExportData.min.js.gz
- highcharts/12.1.0/es-modules/Extensions/ExportData/ExportDataDefaults.js.br
- highcharts/12.1.0/es-modules/Extensions/ExportData/ExportDataDefaults.js.gz
- highcharts/12.1.0/es-modules/Extensions/ExportData/ExportDataDefaults.min.js.br
- highcharts/12.1.0/es-modules/Extensions/ExportData/ExportDataDefaults.min.js.gz
- highcharts/12.1.0/es-modules/Extensions/Exporting/Exporting.js.br
- highcharts/12.1.0/es-modules/Extensions/Exporting/Exporting.js.gz
- highcharts/12.1.0/es-modules/Extensions/Exporting/Exporting.min.js.br
- highcharts/12.1.0/es-modules/Extensions/Exporting/Exporting.min.js.gz
- highcharts/12.1.0/es-modules/Extensions/Exporting/ExportingDefaults.js.br
- highcharts/12.1.0/es-modules/Extensions/Exporting/ExportingDefaults.js.gz
- highcharts/12.1.0/es-modules/Extensions/Exporting/ExportingDefaults.min.js.br
- highcharts/12.1.0/es-modules/Extensions/Exporting/ExportingDefaults.min.js.gz
- highcharts/12.1.0/es-modules/Extensions/Exporting/ExportingSymbols.js.br
- highcharts/12.1.0/es-modules/Extensions/Exporting/ExportingSymbols.js.gz
- highcharts/12.1.0/es-modules/Extensions/Exporting/ExportingSymbols.min.js.br
- highcharts/12.1.0/es-modules/Extensions/Exporting/ExportingSymbols.min.js.gz
- highcharts/12.1.0/es-modules/Extensions/Exporting/Fullscreen.js.br
- highcharts/12.1.0/es-modules/Extensions/Exporting/Fullscreen.js.gz
- highcharts/12.1.0/es-modules/Extensions/Exporting/Fullscreen.min.js.br
- highcharts/12.1.0/es-modules/Extensions/Exporting/Fullscreen.min.js.gz
- highcharts/12.1.0/es-modules/Extensions/MarkerClusters/MarkerClusterDebugging.js.br
- highcharts/12.1.0/es-modules/Extensions/MarkerClusters/MarkerClusterDebugging.js.gz
- highcharts/12.1.0/es-modules/Extensions/MarkerClusters/MarkerClusterDebugging.min.js.br
- highcharts/12.1.0/es-modules/Extensions/MarkerClusters/MarkerClusterDebugging.min.js.gz
- highcharts/12.1.0/es-modules/Extensions/MarkerClusters/MarkerClusterDefaults.js.br
- highcharts/12.1.0/es-modules/Extensions/MarkerClusters/MarkerClusterDefaults.js.gz
- highcharts/12.1.0/es-modules/Extensions/MarkerClusters/MarkerClusterDefaults.min.js.br
- highcharts/12.1.0/es-modules/Extensions/MarkerClusters/MarkerClusterDefaults.min.js.gz
- highcharts/12.1.0/es-modules/Extensions/MarkerClusters/MarkerClusterScatter.js.br
- highcharts/12.1.0/es-modules/Extensions/MarkerClusters/MarkerClusterScatter.js.gz
- highcharts/12.1.0/es-modules/Extensions/MarkerClusters/MarkerClusterScatter.min.js.br
- highcharts/12.1.0/es-modules/Extensions/MarkerClusters/MarkerClusterScatter.min.js.gz
- highcharts/12.1.0/es-modules/Extensions/MarkerClusters/MarkerClusterSymbols.js.br
- highcharts/12.1.0/es-modules/Extensions/MarkerClusters/MarkerClusterSymbols.js.gz
- highcharts/12.1.0/es-modules/Extensions/MarkerClusters/MarkerClusterSymbols.min.js.br
- highcharts/12.1.0/es-modules/Extensions/MarkerClusters/MarkerClusterSymbols.min.js.gz
- highcharts/12.1.0/es-modules/Extensions/MarkerClusters/MarkerClusters.js.br
- highcharts/12.1.0/es-modules/Extensions/MarkerClusters/MarkerClusters.js.gz
- highcharts/12.1.0/es-modules/Extensions/MarkerClusters/MarkerClusters.min.js.br
- highcharts/12.1.0/es-modules/Extensions/MarkerClusters/MarkerClusters.min.js.gz
- highcharts/12.1.0/es-modules/Extensions/MouseWheelZoom/MouseWheelZoom.js.br
- highcharts/12.1.0/es-modules/Extensions/MouseWheelZoom/MouseWheelZoom.js.gz
- highcharts/12.1.0/es-modules/Extensions/MouseWheelZoom/MouseWheelZoom.min.js.br
- highcharts/12.1.0/es-modules/Extensions/MouseWheelZoom/MouseWheelZoom.min.js.gz
- highcharts/12.1.0/es-modules/Extensions/NoDataToDisplay/NoDataDefaults.js.br
- highcharts/12.1.0/es-modules/Extensions/NoDataToDisplay/NoDataDefaults.js.gz
- highcharts/12.1.0/es-modules/Extensions/NoDataToDisplay/NoDataDefaults.min.js.br
- highcharts/12.1.0/es-modules/Extensions/NoDataToDisplay/NoDataDefaults.min.js.gz
- highcharts/12.1.0/es-modules/Extensions/NoDataToDisplay/NoDataToDisplay.js.br
- highcharts/12.1.0/es-modules/Extensions/NoDataToDisplay/NoDataToDisplay.js.gz
- highcharts/12.1.0/es-modules/Extensions/NoDataToDisplay/NoDataToDisplay.min.js.br
- highcharts/12.1.0/es-modules/Extensions/NoDataToDisplay/NoDataToDisplay.min.js.gz
- highcharts/12.1.0/es-modules/Extensions/OfflineExporting/OfflineExporting.js.br
- highcharts/12.1.0/es-modules/Extensions/OfflineExporting/OfflineExporting.js.gz
- highcharts/12.1.0/es-modules/Extensions/OfflineExporting/OfflineExporting.min.js.br
- highcharts/12.1.0/es-modules/Extensions/OfflineExporting/OfflineExporting.min.js.gz
- highcharts/12.1.0/es-modules/Extensions/OfflineExporting/OfflineExportingDefaults.js.br
- highcharts/12.1.0/es-modules/Extensions/OfflineExporting/OfflineExportingDefaults.js.gz
- highcharts/12.1.0/es-modules/Extensions/OfflineExporting/OfflineExportingDefaults.min.js.br
- highcharts/12.1.0/es-modules/Extensions/OfflineExporting/OfflineExportingDefaults.min.js.gz
- highcharts/12.1.0/es-modules/Extensions/OverlappingDataLabels.js.br
- highcharts/12.1.0/es-modules/Extensions/OverlappingDataLabels.js.gz
- highcharts/12.1.0/es-modules/Extensions/OverlappingDataLabels.min.js.br
- highcharts/12.1.0/es-modules/Extensions/OverlappingDataLabels.min.js.gz
- highcharts/12.1.0/es-modules/Extensions/Pane/Pane.js.br
- highcharts/12.1.0/es-modules/Extensions/Pane/Pane.js.gz
- highcharts/12.1.0/es-modules/Extensions/Pane/Pane.min.js.br
- highcharts/12.1.0/es-modules/Extensions/Pane/Pane.min.js.gz
- highcharts/12.1.0/es-modules/Extensions/Pane/PaneComposition.js.br
- highcharts/12.1.0/es-modules/Extensions/Pane/PaneComposition.js.gz
- highcharts/12.1.0/es-modules/Extensions/Pane/PaneComposition.min.js.br
- highcharts/12.1.0/es-modules/Extensions/Pane/PaneComposition.min.js.gz
- highcharts/12.1.0/es-modules/Extensions/Pane/PaneDefaults.js.br
- highcharts/12.1.0/es-modules/Extensions/Pane/PaneDefaults.js.gz
- highcharts/12.1.0/es-modules/Extensions/Pane/PaneDefaults.min.js.br
- highcharts/12.1.0/es-modules/Extensions/Pane/PaneDefaults.min.js.gz
- highcharts/12.1.0/es-modules/Extensions/ParallelCoordinates/ParallelAxis.js.br
- highcharts/12.1.0/es-modules/Extensions/ParallelCoordinates/ParallelAxis.js.gz
- highcharts/12.1.0/es-modules/Extensions/ParallelCoordinates/ParallelAxis.min.js.br
- highcharts/12.1.0/es-modules/Extensions/ParallelCoordinates/ParallelAxis.min.js.gz
- highcharts/12.1.0/es-modules/Extensions/ParallelCoordinates/ParallelCoordinates.js.br
- highcharts/12.1.0/es-modules/Extensions/ParallelCoordinates/ParallelCoordinates.js.gz
- highcharts/12.1.0/es-modules/Extensions/ParallelCoordinates/ParallelCoordinates.min.js.br
- highcharts/12.1.0/es-modules/Extensions/ParallelCoordinates/ParallelCoordinates.min.js.gz
- highcharts/12.1.0/es-modules/Extensions/ParallelCoordinates/ParallelCoordinatesDefaults.js.br
- highcharts/12.1.0/es-modules/Extensions/ParallelCoordinates/ParallelCoordinatesDefaults.js.gz
- highcharts/12.1.0/es-modules/Extensions/ParallelCoordinates/ParallelCoordinatesDefaults.min.js.br
- highcharts/12.1.0/es-modules/Extensions/ParallelCoordinates/ParallelCoordinatesDefaults.min.js.gz
- highcharts/12.1.0/es-modules/Extensions/ParallelCoordinates/ParallelSeries.js.br
- highcharts/12.1.0/es-modules/Extensions/ParallelCoordinates/ParallelSeries.js.gz
- highcharts/12.1.0/es-modules/Extensions/ParallelCoordinates/ParallelSeries.min.js.br
- highcharts/12.1.0/es-modules/Extensions/ParallelCoordinates/ParallelSeries.min.js.gz
- highcharts/12.1.0/es-modules/Extensions/PatternFill.js.br
- highcharts/12.1.0/es-modules/Extensions/PatternFill.js.gz
- highcharts/12.1.0/es-modules/Extensions/PatternFill.min.js.br
- highcharts/12.1.0/es-modules/Extensions/PatternFill.min.js.gz
- highcharts/12.1.0/es-modules/Extensions/PriceIndication.js.br
- highcharts/12.1.0/es-modules/Extensions/PriceIndication.js.gz
- highcharts/12.1.0/es-modules/Extensions/PriceIndication.min.js.br
- highcharts/12.1.0/es-modules/Extensions/PriceIndication.min.js.gz
- highcharts/12.1.0/es-modules/Extensions/RegexLimits.js.br
- highcharts/12.1.0/es-modules/Extensions/RegexLimits.js.gz
- highcharts/12.1.0/es-modules/Extensions/RegexLimits.min.js.br
- highcharts/12.1.0/es-modules/Extensions/RegexLimits.min.js.gz
- highcharts/12.1.0/es-modules/Extensions/ScrollablePlotArea.js.br
- highcharts/12.1.0/es-modules/Extensions/ScrollablePlotArea.js.gz
- highcharts/12.1.0/es-modules/Extensions/ScrollablePlotArea.min.js.br
- highcharts/12.1.0/es-modules/Extensions/ScrollablePlotArea.min.js.gz
- highcharts/12.1.0/es-modules/Extensions/SeriesLabel/SeriesLabel.js.br
- highcharts/12.1.0/es-modules/Extensions/SeriesLabel/SeriesLabel.js.gz
- highcharts/12.1.0/es-modules/Extensions/SeriesLabel/SeriesLabel.min.js.br
- highcharts/12.1.0/es-modules/Extensions/SeriesLabel/SeriesLabel.min.js.gz
- highcharts/12.1.0/es-modules/Extensions/SeriesLabel/SeriesLabelDefaults.js.br
- highcharts/12.1.0/es-modules/Extensions/SeriesLabel/SeriesLabelDefaults.js.gz
- highcharts/12.1.0/es-modules/Extensions/SeriesLabel/SeriesLabelDefaults.min.js.br
- highcharts/12.1.0/es-modules/Extensions/SeriesLabel/SeriesLabelDefaults.min.js.gz
- highcharts/12.1.0/es-modules/Extensions/SeriesLabel/SeriesLabelUtilities.js.br
- highcharts/12.1.0/es-modules/Extensions/SeriesLabel/SeriesLabelUtilities.js.gz
- highcharts/12.1.0/es-modules/Extensions/SeriesLabel/SeriesLabelUtilities.min.js.br
- highcharts/12.1.0/es-modules/Extensions/SeriesLabel/SeriesLabelUtilities.min.js.gz
- highcharts/12.1.0/es-modules/Extensions/Sonification/InstrumentPresets.js.br
- highcharts/12.1.0/es-modules/Extensions/Sonification/InstrumentPresets.js.gz
- highcharts/12.1.0/es-modules/Extensions/Sonification/InstrumentPresets.min.js.br
- highcharts/12.1.0/es-modules/Extensions/Sonification/InstrumentPresets.min.js.gz
- highcharts/12.1.0/es-modules/Extensions/Sonification/MIDI.js.br
- highcharts/12.1.0/es-modules/Extensions/Sonification/MIDI.js.gz
- highcharts/12.1.0/es-modules/Extensions/Sonification/MIDI.min.js.br
- highcharts/12.1.0/es-modules/Extensions/Sonification/MIDI.min.js.gz
- highcharts/12.1.0/es-modules/Extensions/Sonification/Options.js.br
- highcharts/12.1.0/es-modules/Extensions/Sonification/Options.js.gz
- highcharts/12.1.0/es-modules/Extensions/Sonification/Options.min.js.br
- highcharts/12.1.0/es-modules/Extensions/Sonification/Options.min.js.gz
- highcharts/12.1.0/es-modules/Extensions/Sonification/Scales.js.br
- highcharts/12.1.0/es-modules/Extensions/Sonification/Scales.js.gz
- highcharts/12.1.0/es-modules/Extensions/Sonification/Scales.min.js.br
- highcharts/12.1.0/es-modules/Extensions/Sonification/Scales.min.js.gz
- highcharts/12.1.0/es-modules/Extensions/Sonification/Sonification.js.br
- highcharts/12.1.0/es-modules/Extensions/Sonification/Sonification.js.gz
- highcharts/12.1.0/es-modules/Extensions/Sonification/Sonification.min.js.br
- highcharts/12.1.0/es-modules/Extensions/Sonification/Sonification.min.js.gz
- highcharts/12.1.0/es-modules/Extensions/Sonification/SonificationInstrument.js.br
- highcharts/12.1.0/es-modules/Extensions/Sonification/SonificationInstrument.js.gz
- highcharts/12.1.0/es-modules/Extensions/Sonification/SonificationInstrument.min.js.br
- highcharts/12.1.0/es-modules/Extensions/Sonification/SonificationInstrument.min.js.gz
- highcharts/12.1.0/es-modules/Extensions/Sonification/SonificationSpeaker.js.br
- highcharts/12.1.0/es-modules/Extensions/Sonification/SonificationSpeaker.js.gz
- highcharts/12.1.0/es-modules/Extensions/Sonification/SonificationSpeaker.min.js.br
- highcharts/12.1.0/es-modules/Extensions/Sonification/SonificationSpeaker.min.js.gz
- highcharts/12.1.0/es-modules/Extensions/Sonification/SonificationTimeline.js.br
- highcharts/12.1.0/es-modules/Extensions/Sonification/SonificationTimeline.js.gz
- highcharts/12.1.0/es-modules/Extensions/Sonification/SonificationTimeline.min.js.br
- highcharts/12.1.0/es-modules/Extensions/Sonification/SonificationTimeline.min.js.gz
- highcharts/12.1.0/es-modules/Extensions/Sonification/SynthPatch.js.br
- highcharts/12.1.0/es-modules/Extensions/Sonification/SynthPatch.js.gz
- highcharts/12.1.0/es-modules/Extensions/Sonification/SynthPatch.min.js.br
- highcharts/12.1.0/es-modules/Extensions/Sonification/SynthPatch.min.js.gz
- highcharts/12.1.0/es-modules/Extensions/Sonification/TimelineChannel.js.br
- highcharts/12.1.0/es-modules/Extensions/Sonification/TimelineChannel.js.gz
- highcharts/12.1.0/es-modules/Extensions/Sonification/TimelineChannel.min.js.br
- highcharts/12.1.0/es-modules/Extensions/Sonification/TimelineChannel.min.js.gz
- highcharts/12.1.0/es-modules/Extensions/Sonification/TimelineFromChart.js.br
- highcharts/12.1.0/es-modules/Extensions/Sonification/TimelineFromChart.js.gz
- highcharts/12.1.0/es-modules/Extensions/Sonification/TimelineFromChart.min.js.br
- highcharts/12.1.0/es-modules/Extensions/Sonification/TimelineFromChart.min.js.gz
- highcharts/12.1.0/es-modules/Extensions/StaticScale.js.br
- highcharts/12.1.0/es-modules/Extensions/StaticScale.js.gz
- highcharts/12.1.0/es-modules/Extensions/StaticScale.min.js.br
- highcharts/12.1.0/es-modules/Extensions/StaticScale.min.js.gz
- highcharts/12.1.0/es-modules/Extensions/TextPath.js.br
- highcharts/12.1.0/es-modules/Extensions/TextPath.js.gz
- highcharts/12.1.0/es-modules/Extensions/TextPath.min.js.br
- highcharts/12.1.0/es-modules/Extensions/TextPath.min.js.gz
- highcharts/12.1.0/es-modules/Extensions/Themes/Avocado.js.br
- highcharts/12.1.0/es-modules/Extensions/Themes/Avocado.js.gz
- highcharts/12.1.0/es-modules/Extensions/Themes/Avocado.min.js.br
- highcharts/12.1.0/es-modules/Extensions/Themes/Avocado.min.js.gz
- highcharts/12.1.0/es-modules/Extensions/Themes/BrandDark.js.br
- highcharts/12.1.0/es-modules/Extensions/Themes/BrandDark.js.gz
- highcharts/12.1.0/es-modules/Extensions/Themes/BrandDark.min.js.br
- highcharts/12.1.0/es-modules/Extensions/Themes/BrandDark.min.js.gz
- highcharts/12.1.0/es-modules/Extensions/Themes/BrandLight.js.br
- highcharts/12.1.0/es-modules/Extensions/Themes/BrandLight.js.gz
- highcharts/12.1.0/es-modules/Extensions/Themes/BrandLight.min.js.br
- highcharts/12.1.0/es-modules/Extensions/Themes/BrandLight.min.js.gz
- highcharts/12.1.0/es-modules/Extensions/Themes/DarkBlue.js.br
- highcharts/12.1.0/es-modules/Extensions/Themes/DarkBlue.js.gz
- highcharts/12.1.0/es-modules/Extensions/Themes/DarkBlue.min.js.br
- highcharts/12.1.0/es-modules/Extensions/Themes/DarkBlue.min.js.gz
- highcharts/12.1.0/es-modules/Extensions/Themes/DarkGreen.js.br
- highcharts/12.1.0/es-modules/Extensions/Themes/DarkGreen.js.gz
- highcharts/12.1.0/es-modules/Extensions/Themes/DarkGreen.min.js.br
- highcharts/12.1.0/es-modules/Extensions/Themes/DarkGreen.min.js.gz
- highcharts/12.1.0/es-modules/Extensions/Themes/DarkUnica.js.br
- highcharts/12.1.0/es-modules/Extensions/Themes/DarkUnica.js.gz
- highcharts/12.1.0/es-modules/Extensions/Themes/DarkUnica.min.js.br
- highcharts/12.1.0/es-modules/Extensions/Themes/DarkUnica.min.js.gz
- highcharts/12.1.0/es-modules/Extensions/Themes/Gray.js.br
- highcharts/12.1.0/es-modules/Extensions/Themes/Gray.js.gz
- highcharts/12.1.0/es-modules/Extensions/Themes/Gray.min.js.br
- highcharts/12.1.0/es-modules/Extensions/Themes/Gray.min.js.gz
- highcharts/12.1.0/es-modules/Extensions/Themes/Grid.js.br
- highcharts/12.1.0/es-modules/Extensions/Themes/Grid.js.gz
- highcharts/12.1.0/es-modules/Extensions/Themes/Grid.min.js.br
- highcharts/12.1.0/es-modules/Extensions/Themes/Grid.min.js.gz
- highcharts/12.1.0/es-modules/Extensions/Themes/GridLight.js.br
- highcharts/12.1.0/es-modules/Extensions/Themes/GridLight.js.gz
- highcharts/12.1.0/es-modules/Extensions/Themes/GridLight.min.js.br
- highcharts/12.1.0/es-modules/Extensions/Themes/GridLight.min.js.gz
- highcharts/12.1.0/es-modules/Extensions/Themes/HighContrastDark.js.br
- highcharts/12.1.0/es-modules/Extensions/Themes/HighContrastDark.js.gz
- highcharts/12.1.0/es-modules/Extensions/Themes/HighContrastDark.min.js.br
- highcharts/12.1.0/es-modules/Extensions/Themes/HighContrastDark.min.js.gz
- highcharts/12.1.0/es-modules/Extensions/Themes/HighContrastLight.js.br
- highcharts/12.1.0/es-modules/Extensions/Themes/HighContrastLight.js.gz
- highcharts/12.1.0/es-modules/Extensions/Themes/HighContrastLight.min.js.br
- highcharts/12.1.0/es-modules/Extensions/Themes/HighContrastLight.min.js.gz
- highcharts/12.1.0/es-modules/Extensions/Themes/SandSignika.js.br
- highcharts/12.1.0/es-modules/Extensions/Themes/SandSignika.js.gz
- highcharts/12.1.0/es-modules/Extensions/Themes/SandSignika.min.js.br
- highcharts/12.1.0/es-modules/Extensions/Themes/SandSignika.min.js.gz
- highcharts/12.1.0/es-modules/Extensions/Themes/Skies.js.br
- highcharts/12.1.0/es-modules/Extensions/Themes/Skies.js.gz
- highcharts/12.1.0/es-modules/Extensions/Themes/Skies.min.js.br
- highcharts/12.1.0/es-modules/Extensions/Themes/Skies.min.js.gz
- highcharts/12.1.0/es-modules/Extensions/Themes/Sunset.js.br
- highcharts/12.1.0/es-modules/Extensions/Themes/Sunset.js.gz
- highcharts/12.1.0/es-modules/Extensions/Themes/Sunset.min.js.br
- highcharts/12.1.0/es-modules/Extensions/Themes/Sunset.min.js.gz
- highcharts/12.1.0/es-modules/Gantt/Connection.js.br
- highcharts/12.1.0/es-modules/Gantt/Connection.js.gz
- highcharts/12.1.0/es-modules/Gantt/Connection.min.js.br
- highcharts/12.1.0/es-modules/Gantt/Connection.min.js.gz
- highcharts/12.1.0/es-modules/Gantt/ConnectorsDefaults.js.br
- highcharts/12.1.0/es-modules/Gantt/ConnectorsDefaults.js.gz
- highcharts/12.1.0/es-modules/Gantt/ConnectorsDefaults.min.js.br
- highcharts/12.1.0/es-modules/Gantt/ConnectorsDefaults.min.js.gz
- highcharts/12.1.0/es-modules/Gantt/Legacy.js.br
- highcharts/12.1.0/es-modules/Gantt/Legacy.js.gz
- highcharts/12.1.0/es-modules/Gantt/Legacy.min.js.br
- highcharts/12.1.0/es-modules/Gantt/Legacy.min.js.gz
- highcharts/12.1.0/es-modules/Gantt/Pathfinder.js.br
- highcharts/12.1.0/es-modules/Gantt/Pathfinder.js.gz
- highcharts/12.1.0/es-modules/Gantt/Pathfinder.min.js.br
- highcharts/12.1.0/es-modules/Gantt/Pathfinder.min.js.gz
- highcharts/12.1.0/es-modules/Gantt/PathfinderAlgorithms.js.br
- highcharts/12.1.0/es-modules/Gantt/PathfinderAlgorithms.js.gz
- highcharts/12.1.0/es-modules/Gantt/PathfinderAlgorithms.min.js.br
- highcharts/12.1.0/es-modules/Gantt/PathfinderAlgorithms.min.js.gz
- highcharts/12.1.0/es-modules/Gantt/PathfinderComposition.js.br
- highcharts/12.1.0/es-modules/Gantt/PathfinderComposition.js.gz
- highcharts/12.1.0/es-modules/Gantt/PathfinderComposition.min.js.br
- highcharts/12.1.0/es-modules/Gantt/PathfinderComposition.min.js.gz
- highcharts/12.1.0/es-modules/Gantt/Tree.js.br
- highcharts/12.1.0/es-modules/Gantt/Tree.js.gz
- highcharts/12.1.0/es-modules/Gantt/Tree.min.js.br
- highcharts/12.1.0/es-modules/Gantt/Tree.min.js.gz
- highcharts/12.1.0/es-modules/Maps/GeoJSONComposition.js.br
- highcharts/12.1.0/es-modules/Maps/GeoJSONComposition.js.gz
- highcharts/12.1.0/es-modules/Maps/GeoJSONComposition.min.js.br
- highcharts/12.1.0/es-modules/Maps/GeoJSONComposition.min.js.gz
- highcharts/12.1.0/es-modules/Maps/MapNavigation.js.br
- highcharts/12.1.0/es-modules/Maps/MapNavigation.js.gz
- highcharts/12.1.0/es-modules/Maps/MapNavigation.min.js.br
- highcharts/12.1.0/es-modules/Maps/MapNavigation.min.js.gz
- highcharts/12.1.0/es-modules/Maps/MapNavigationDefaults.js.br
- highcharts/12.1.0/es-modules/Maps/MapNavigationDefaults.js.gz
- highcharts/12.1.0/es-modules/Maps/MapNavigationDefaults.min.js.br
- highcharts/12.1.0/es-modules/Maps/MapNavigationDefaults.min.js.gz
- highcharts/12.1.0/es-modules/Maps/MapPointer.js.br
- highcharts/12.1.0/es-modules/Maps/MapPointer.js.gz
- highcharts/12.1.0/es-modules/Maps/MapPointer.min.js.br
- highcharts/12.1.0/es-modules/Maps/MapPointer.min.js.gz
- highcharts/12.1.0/es-modules/Maps/MapSymbols.js.br
- highcharts/12.1.0/es-modules/Maps/MapSymbols.js.gz
- highcharts/12.1.0/es-modules/Maps/MapSymbols.min.js.br
- highcharts/12.1.0/es-modules/Maps/MapSymbols.min.js.gz
- highcharts/12.1.0/es-modules/Maps/MapUtilities.js.br
- highcharts/12.1.0/es-modules/Maps/MapUtilities.js.gz
- highcharts/12.1.0/es-modules/Maps/MapUtilities.min.js.br
- highcharts/12.1.0/es-modules/Maps/MapUtilities.min.js.gz
- highcharts/12.1.0/es-modules/Maps/MapView.js.br
- highcharts/12.1.0/es-modules/Maps/MapView.js.gz
- highcharts/12.1.0/es-modules/Maps/MapView.min.js.br
- highcharts/12.1.0/es-modules/Maps/MapView.min.js.gz
- highcharts/12.1.0/es-modules/Maps/MapViewDefaults.js.br
- highcharts/12.1.0/es-modules/Maps/MapViewDefaults.js.gz
- highcharts/12.1.0/es-modules/Maps/MapViewDefaults.min.js.br
- highcharts/12.1.0/es-modules/Maps/MapViewDefaults.min.js.gz
- highcharts/12.1.0/es-modules/Maps/Projection.js.br
- highcharts/12.1.0/es-modules/Maps/Projection.js.gz
- highcharts/12.1.0/es-modules/Maps/Projection.min.js.br
- highcharts/12.1.0/es-modules/Maps/Projection.min.js.gz
- highcharts/12.1.0/es-modules/Maps/Projections/EqualEarth.js.br
- highcharts/12.1.0/es-modules/Maps/Projections/EqualEarth.js.gz
- highcharts/12.1.0/es-modules/Maps/Projections/EqualEarth.min.js.br
- highcharts/12.1.0/es-modules/Maps/Projections/EqualEarth.min.js.gz
- highcharts/12.1.0/es-modules/Maps/Projections/LambertConformalConic.js.br
- highcharts/12.1.0/es-modules/Maps/Projections/LambertConformalConic.js.gz
- highcharts/12.1.0/es-modules/Maps/Projections/LambertConformalConic.min.js.br
- highcharts/12.1.0/es-modules/Maps/Projections/LambertConformalConic.min.js.gz
- highcharts/12.1.0/es-modules/Maps/Projections/Miller.js.br
- highcharts/12.1.0/es-modules/Maps/Projections/Miller.js.gz
- highcharts/12.1.0/es-modules/Maps/Projections/Miller.min.js.br
- highcharts/12.1.0/es-modules/Maps/Projections/Miller.min.js.gz
- highcharts/12.1.0/es-modules/Maps/Projections/Orthographic.js.br
- highcharts/12.1.0/es-modules/Maps/Projections/Orthographic.js.gz
- highcharts/12.1.0/es-modules/Maps/Projections/Orthographic.min.js.br
- highcharts/12.1.0/es-modules/Maps/Projections/Orthographic.min.js.gz
- highcharts/12.1.0/es-modules/Maps/Projections/ProjectionRegistry.js.br
- highcharts/12.1.0/es-modules/Maps/Projections/ProjectionRegistry.js.gz
- highcharts/12.1.0/es-modules/Maps/Projections/ProjectionRegistry.min.js.br
- highcharts/12.1.0/es-modules/Maps/Projections/ProjectionRegistry.min.js.gz
- highcharts/12.1.0/es-modules/Maps/Projections/WebMercator.js.br
- highcharts/12.1.0/es-modules/Maps/Projections/WebMercator.js.gz
- highcharts/12.1.0/es-modules/Maps/Projections/WebMercator.min.js.br
- highcharts/12.1.0/es-modules/Maps/Projections/WebMercator.min.js.gz
- highcharts/12.1.0/es-modules/Maps/TilesProviders/Esri.js.br
- highcharts/12.1.0/es-modules/Maps/TilesProviders/Esri.js.gz
- highcharts/12.1.0/es-modules/Maps/TilesProviders/Esri.min.js.br
- highcharts/12.1.0/es-modules/Maps/TilesProviders/Esri.min.js.gz
- highcharts/12.1.0/es-modules/Maps/TilesProviders/LimaLabs.js.br
- highcharts/12.1.0/es-modules/Maps/TilesProviders/LimaLabs.js.gz
- highcharts/12.1.0/es-modules/Maps/TilesProviders/LimaLabs.min.js.br
- highcharts/12.1.0/es-modules/Maps/TilesProviders/LimaLabs.min.js.gz
- highcharts/12.1.0/es-modules/Maps/TilesProviders/OpenStreetMap.js.br
- highcharts/12.1.0/es-modules/Maps/TilesProviders/OpenStreetMap.js.gz
- highcharts/12.1.0/es-modules/Maps/TilesProviders/OpenStreetMap.min.js.br
- highcharts/12.1.0/es-modules/Maps/TilesProviders/OpenStreetMap.min.js.gz
- highcharts/12.1.0/es-modules/Maps/TilesProviders/Stamen.js.br
- highcharts/12.1.0/es-modules/Maps/TilesProviders/Stamen.js.gz
- highcharts/12.1.0/es-modules/Maps/TilesProviders/Stamen.min.js.br
- highcharts/12.1.0/es-modules/Maps/TilesProviders/Stamen.min.js.gz
- highcharts/12.1.0/es-modules/Maps/TilesProviders/Thunderforest.js.br
- highcharts/12.1.0/es-modules/Maps/TilesProviders/Thunderforest.js.gz
- highcharts/12.1.0/es-modules/Maps/TilesProviders/Thunderforest.min.js.br
- highcharts/12.1.0/es-modules/Maps/TilesProviders/Thunderforest.min.js.gz
- highcharts/12.1.0/es-modules/Maps/TilesProviders/TilesProviderRegistry.js.br
- highcharts/12.1.0/es-modules/Maps/TilesProviders/TilesProviderRegistry.js.gz
- highcharts/12.1.0/es-modules/Maps/TilesProviders/TilesProviderRegistry.min.js.br
- highcharts/12.1.0/es-modules/Maps/TilesProviders/TilesProviderRegistry.min.js.gz
- highcharts/12.1.0/es-modules/Maps/TilesProviders/USGS.js.br
- highcharts/12.1.0/es-modules/Maps/TilesProviders/USGS.js.gz
- highcharts/12.1.0/es-modules/Maps/TilesProviders/USGS.min.js.br
- highcharts/12.1.0/es-modules/Maps/TilesProviders/USGS.min.js.gz
- highcharts/12.1.0/es-modules/Series/ArcDiagram/ArcDiagramPoint.js.br
- highcharts/12.1.0/es-modules/Series/ArcDiagram/ArcDiagramPoint.js.gz
- highcharts/12.1.0/es-modules/Series/ArcDiagram/ArcDiagramPoint.min.js.br
- highcharts/12.1.0/es-modules/Series/ArcDiagram/ArcDiagramPoint.min.js.gz
- highcharts/12.1.0/es-modules/Series/ArcDiagram/ArcDiagramSeries.js.br
- highcharts/12.1.0/es-modules/Series/ArcDiagram/ArcDiagramSeries.js.gz
- highcharts/12.1.0/es-modules/Series/ArcDiagram/ArcDiagramSeries.min.js.br
- highcharts/12.1.0/es-modules/Series/ArcDiagram/ArcDiagramSeries.min.js.gz
- highcharts/12.1.0/es-modules/Series/ArcDiagram/ArcDiagramSeriesDefaults.js.br
- highcharts/12.1.0/es-modules/Series/ArcDiagram/ArcDiagramSeriesDefaults.js.gz
- highcharts/12.1.0/es-modules/Series/ArcDiagram/ArcDiagramSeriesDefaults.min.js.br
- highcharts/12.1.0/es-modules/Series/ArcDiagram/ArcDiagramSeriesDefaults.min.js.gz
- highcharts/12.1.0/es-modules/Series/Area/AreaSeries.js.br
- highcharts/12.1.0/es-modules/Series/Area/AreaSeries.js.gz
- highcharts/12.1.0/es-modules/Series/Area/AreaSeries.min.js.br
- highcharts/12.1.0/es-modules/Series/Area/AreaSeries.min.js.gz
- highcharts/12.1.0/es-modules/Series/Area/AreaSeriesDefaults.js.br
- highcharts/12.1.0/es-modules/Series/Area/AreaSeriesDefaults.js.gz
- highcharts/12.1.0/es-modules/Series/Area/AreaSeriesDefaults.min.js.br
- highcharts/12.1.0/es-modules/Series/Area/AreaSeriesDefaults.min.js.gz
- highcharts/12.1.0/es-modules/Series/Area3D/Area3DSeries.js.br
- highcharts/12.1.0/es-modules/Series/Area3D/Area3DSeries.js.gz
- highcharts/12.1.0/es-modules/Series/Area3D/Area3DSeries.min.js.br
- highcharts/12.1.0/es-modules/Series/Area3D/Area3DSeries.min.js.gz
- highcharts/12.1.0/es-modules/Series/AreaRange/AreaRangePoint.js.br
- highcharts/12.1.0/es-modules/Series/AreaRange/AreaRangePoint.js.gz
- highcharts/12.1.0/es-modules/Series/AreaRange/AreaRangePoint.min.js.br
- highcharts/12.1.0/es-modules/Series/AreaRange/AreaRangePoint.min.js.gz
- highcharts/12.1.0/es-modules/Series/AreaRange/AreaRangeSeries.js.br
- highcharts/12.1.0/es-modules/Series/AreaRange/AreaRangeSeries.js.gz
- highcharts/12.1.0/es-modules/Series/AreaRange/AreaRangeSeries.min.js.br
- highcharts/12.1.0/es-modules/Series/AreaRange/AreaRangeSeries.min.js.gz
- highcharts/12.1.0/es-modules/Series/AreaRange/AreaRangeSeriesDefaults.js.br
- highcharts/12.1.0/es-modules/Series/AreaRange/AreaRangeSeriesDefaults.js.gz
- highcharts/12.1.0/es-modules/Series/AreaRange/AreaRangeSeriesDefaults.min.js.br
- highcharts/12.1.0/es-modules/Series/AreaRange/AreaRangeSeriesDefaults.min.js.gz
- highcharts/12.1.0/es-modules/Series/AreaSpline/AreaSplineSeries.js.br
- highcharts/12.1.0/es-modules/Series/AreaSpline/AreaSplineSeries.js.gz
- highcharts/12.1.0/es-modules/Series/AreaSpline/AreaSplineSeries.min.js.br
- highcharts/12.1.0/es-modules/Series/AreaSpline/AreaSplineSeries.min.js.gz
- highcharts/12.1.0/es-modules/Series/AreaSplineRange/AreaSplineRangeSeries.js.br
- highcharts/12.1.0/es-modules/Series/AreaSplineRange/AreaSplineRangeSeries.js.gz
- highcharts/12.1.0/es-modules/Series/AreaSplineRange/AreaSplineRangeSeries.min.js.br
- highcharts/12.1.0/es-modules/Series/AreaSplineRange/AreaSplineRangeSeries.min.js.gz
- highcharts/12.1.0/es-modules/Series/Bar/BarSeries.js.br
- highcharts/12.1.0/es-modules/Series/Bar/BarSeries.js.gz
- highcharts/12.1.0/es-modules/Series/Bar/BarSeries.min.js.br
- highcharts/12.1.0/es-modules/Series/Bar/BarSeries.min.js.gz
- highcharts/12.1.0/es-modules/Series/Bellcurve/BellcurveSeries.js.br
- highcharts/12.1.0/es-modules/Series/Bellcurve/BellcurveSeries.js.gz
- highcharts/12.1.0/es-modules/Series/Bellcurve/BellcurveSeries.min.js.br
- highcharts/12.1.0/es-modules/Series/Bellcurve/BellcurveSeries.min.js.gz
- highcharts/12.1.0/es-modules/Series/Bellcurve/BellcurveSeriesDefaults.js.br
- highcharts/12.1.0/es-modules/Series/Bellcurve/BellcurveSeriesDefaults.js.gz
- highcharts/12.1.0/es-modules/Series/Bellcurve/BellcurveSeriesDefaults.min.js.br
- highcharts/12.1.0/es-modules/Series/Bellcurve/BellcurveSeriesDefaults.min.js.gz
- highcharts/12.1.0/es-modules/Series/BoxPlot/BoxPlotSeries.js.br
- highcharts/12.1.0/es-modules/Series/BoxPlot/BoxPlotSeries.js.gz
- highcharts/12.1.0/es-modules/Series/BoxPlot/BoxPlotSeries.min.js.br
- highcharts/12.1.0/es-modules/Series/BoxPlot/BoxPlotSeries.min.js.gz
- highcharts/12.1.0/es-modules/Series/BoxPlot/BoxPlotSeriesDefaults.js.br
- highcharts/12.1.0/es-modules/Series/BoxPlot/BoxPlotSeriesDefaults.js.gz
- highcharts/12.1.0/es-modules/Series/BoxPlot/BoxPlotSeriesDefaults.min.js.br
- highcharts/12.1.0/es-modules/Series/BoxPlot/BoxPlotSeriesDefaults.min.js.gz
- highcharts/12.1.0/es-modules/Series/Bubble/BubbleLegendComposition.js.br
- highcharts/12.1.0/es-modules/Series/Bubble/BubbleLegendComposition.js.gz
- highcharts/12.1.0/es-modules/Series/Bubble/BubbleLegendComposition.min.js.br
- highcharts/12.1.0/es-modules/Series/Bubble/BubbleLegendComposition.min.js.gz
- highcharts/12.1.0/es-modules/Series/Bubble/BubbleLegendDefaults.js.br
- highcharts/12.1.0/es-modules/Series/Bubble/BubbleLegendDefaults.js.gz
- highcharts/12.1.0/es-modules/Series/Bubble/BubbleLegendDefaults.min.js.br
- highcharts/12.1.0/es-modules/Series/Bubble/BubbleLegendDefaults.min.js.gz
- highcharts/12.1.0/es-modules/Series/Bubble/BubbleLegendItem.js.br
- highcharts/12.1.0/es-modules/Series/Bubble/BubbleLegendItem.js.gz
- highcharts/12.1.0/es-modules/Series/Bubble/BubbleLegendItem.min.js.br
- highcharts/12.1.0/es-modules/Series/Bubble/BubbleLegendItem.min.js.gz
- highcharts/12.1.0/es-modules/Series/Bubble/BubblePoint.js.br
- highcharts/12.1.0/es-modules/Series/Bubble/BubblePoint.js.gz
- highcharts/12.1.0/es-modules/Series/Bubble/BubblePoint.min.js.br
- highcharts/12.1.0/es-modules/Series/Bubble/BubblePoint.min.js.gz
- highcharts/12.1.0/es-modules/Series/Bubble/BubbleSeries.js.br
- highcharts/12.1.0/es-modules/Series/Bubble/BubbleSeries.js.gz
- highcharts/12.1.0/es-modules/Series/Bubble/BubbleSeries.min.js.br
- highcharts/12.1.0/es-modules/Series/Bubble/BubbleSeries.min.js.gz
- highcharts/12.1.0/es-modules/Series/Bullet/BulletPoint.js.br
- highcharts/12.1.0/es-modules/Series/Bullet/BulletPoint.js.gz
- highcharts/12.1.0/es-modules/Series/Bullet/BulletPoint.min.js.br
- highcharts/12.1.0/es-modules/Series/Bullet/BulletPoint.min.js.gz
- highcharts/12.1.0/es-modules/Series/Bullet/BulletSeries.js.br
- highcharts/12.1.0/es-modules/Series/Bullet/BulletSeries.js.gz
- highcharts/12.1.0/es-modules/Series/Bullet/BulletSeries.min.js.br
- highcharts/12.1.0/es-modules/Series/Bullet/BulletSeries.min.js.gz
- highcharts/12.1.0/es-modules/Series/Bullet/BulletSeriesDefaults.js.br
- highcharts/12.1.0/es-modules/Series/Bullet/BulletSeriesDefaults.js.gz
- highcharts/12.1.0/es-modules/Series/Bullet/BulletSeriesDefaults.min.js.br
- highcharts/12.1.0/es-modules/Series/Bullet/BulletSeriesDefaults.min.js.gz
- highcharts/12.1.0/es-modules/Series/Candlestick/CandlestickSeries.js.br
- highcharts/12.1.0/es-modules/Series/Candlestick/CandlestickSeries.js.gz
- highcharts/12.1.0/es-modules/Series/Candlestick/CandlestickSeries.min.js.br
- highcharts/12.1.0/es-modules/Series/Candlestick/CandlestickSeries.min.js.gz
- highcharts/12.1.0/es-modules/Series/Candlestick/CandlestickSeriesDefaults.js.br
- highcharts/12.1.0/es-modules/Series/Candlestick/CandlestickSeriesDefaults.js.gz
- highcharts/12.1.0/es-modules/Series/Candlestick/CandlestickSeriesDefaults.min.js.br
- highcharts/12.1.0/es-modules/Series/Candlestick/CandlestickSeriesDefaults.min.js.gz
- highcharts/12.1.0/es-modules/Series/CenteredUtilities.js.br
- highcharts/12.1.0/es-modules/Series/CenteredUtilities.js.gz
- highcharts/12.1.0/es-modules/Series/CenteredUtilities.min.js.br
- highcharts/12.1.0/es-modules/Series/CenteredUtilities.min.js.gz
- highcharts/12.1.0/es-modules/Series/ColorMapComposition.js.br
- highcharts/12.1.0/es-modules/Series/ColorMapComposition.js.gz
- highcharts/12.1.0/es-modules/Series/ColorMapComposition.min.js.br
- highcharts/12.1.0/es-modules/Series/ColorMapComposition.min.js.gz
- highcharts/12.1.0/es-modules/Series/Column/ColumnDataLabel.js.br
- highcharts/12.1.0/es-modules/Series/Column/ColumnDataLabel.js.gz
- highcharts/12.1.0/es-modules/Series/Column/ColumnDataLabel.min.js.br
- highcharts/12.1.0/es-modules/Series/Column/ColumnDataLabel.min.js.gz
- highcharts/12.1.0/es-modules/Series/Column/ColumnSeries.js.br
- highcharts/12.1.0/es-modules/Series/Column/ColumnSeries.js.gz
- highcharts/12.1.0/es-modules/Series/Column/ColumnSeries.min.js.br
- highcharts/12.1.0/es-modules/Series/Column/ColumnSeries.min.js.gz
- highcharts/12.1.0/es-modules/Series/Column/ColumnSeriesDefaults.js.br
- highcharts/12.1.0/es-modules/Series/Column/ColumnSeriesDefaults.js.gz
- highcharts/12.1.0/es-modules/Series/Column/ColumnSeriesDefaults.min.js.br
- highcharts/12.1.0/es-modules/Series/Column/ColumnSeriesDefaults.min.js.gz
- highcharts/12.1.0/es-modules/Series/Column3D/Column3DComposition.js.br
- highcharts/12.1.0/es-modules/Series/Column3D/Column3DComposition.js.gz
- highcharts/12.1.0/es-modules/Series/Column3D/Column3DComposition.min.js.br
- highcharts/12.1.0/es-modules/Series/Column3D/Column3DComposition.min.js.gz
- highcharts/12.1.0/es-modules/Series/ColumnPyramid/ColumnPyramidSeries.js.br
- highcharts/12.1.0/es-modules/Series/ColumnPyramid/ColumnPyramidSeries.js.gz
- highcharts/12.1.0/es-modules/Series/ColumnPyramid/ColumnPyramidSeries.min.js.br
- highcharts/12.1.0/es-modules/Series/ColumnPyramid/ColumnPyramidSeries.min.js.gz
- highcharts/12.1.0/es-modules/Series/ColumnPyramid/ColumnPyramidSeriesDefaults.js.br
- highcharts/12.1.0/es-modules/Series/ColumnPyramid/ColumnPyramidSeriesDefaults.js.gz
- highcharts/12.1.0/es-modules/Series/ColumnPyramid/ColumnPyramidSeriesDefaults.min.js.br
- highcharts/12.1.0/es-modules/Series/ColumnPyramid/ColumnPyramidSeriesDefaults.min.js.gz
- highcharts/12.1.0/es-modules/Series/ColumnRange/ColumnRangePoint.js.br
- highcharts/12.1.0/es-modules/Series/ColumnRange/ColumnRangePoint.js.gz
- highcharts/12.1.0/es-modules/Series/ColumnRange/ColumnRangePoint.min.js.br
- highcharts/12.1.0/es-modules/Series/ColumnRange/ColumnRangePoint.min.js.gz
- highcharts/12.1.0/es-modules/Series/ColumnRange/ColumnRangeSeries.js.br
- highcharts/12.1.0/es-modules/Series/ColumnRange/ColumnRangeSeries.js.gz
- highcharts/12.1.0/es-modules/Series/ColumnRange/ColumnRangeSeries.min.js.br
- highcharts/12.1.0/es-modules/Series/ColumnRange/ColumnRangeSeries.min.js.gz
- highcharts/12.1.0/es-modules/Series/Cylinder/CylinderComposition.js.br
- highcharts/12.1.0/es-modules/Series/Cylinder/CylinderComposition.js.gz
- highcharts/12.1.0/es-modules/Series/Cylinder/CylinderComposition.min.js.br
- highcharts/12.1.0/es-modules/Series/Cylinder/CylinderComposition.min.js.gz
- highcharts/12.1.0/es-modules/Series/Cylinder/CylinderPoint.js.br
- highcharts/12.1.0/es-modules/Series/Cylinder/CylinderPoint.js.gz
- highcharts/12.1.0/es-modules/Series/Cylinder/CylinderPoint.min.js.br
- highcharts/12.1.0/es-modules/Series/Cylinder/CylinderPoint.min.js.gz
- highcharts/12.1.0/es-modules/Series/Cylinder/CylinderSeries.js.br
- highcharts/12.1.0/es-modules/Series/Cylinder/CylinderSeries.js.gz
- highcharts/12.1.0/es-modules/Series/Cylinder/CylinderSeries.min.js.br
- highcharts/12.1.0/es-modules/Series/Cylinder/CylinderSeries.min.js.gz
- highcharts/12.1.0/es-modules/Series/Cylinder/CylinderSeriesDefaults.js.br
- highcharts/12.1.0/es-modules/Series/Cylinder/CylinderSeriesDefaults.js.gz
- highcharts/12.1.0/es-modules/Series/Cylinder/CylinderSeriesDefaults.min.js.br
- highcharts/12.1.0/es-modules/Series/Cylinder/CylinderSeriesDefaults.min.js.gz
- highcharts/12.1.0/es-modules/Series/Cylinder/SVGElement3DCylinder.js.br
- highcharts/12.1.0/es-modules/Series/Cylinder/SVGElement3DCylinder.js.gz
- highcharts/12.1.0/es-modules/Series/Cylinder/SVGElement3DCylinder.min.js.br
- highcharts/12.1.0/es-modules/Series/Cylinder/SVGElement3DCylinder.min.js.gz
- highcharts/12.1.0/es-modules/Series/DataModifyComposition.js.br
- highcharts/12.1.0/es-modules/Series/DataModifyComposition.js.gz
- highcharts/12.1.0/es-modules/Series/DataModifyComposition.min.js.br
- highcharts/12.1.0/es-modules/Series/DataModifyComposition.min.js.gz
- highcharts/12.1.0/es-modules/Series/DependencyWheel/DependencyWheelPoint.js.br
- highcharts/12.1.0/es-modules/Series/DependencyWheel/DependencyWheelPoint.js.gz
- highcharts/12.1.0/es-modules/Series/DependencyWheel/DependencyWheelPoint.min.js.br
- highcharts/12.1.0/es-modules/Series/DependencyWheel/DependencyWheelPoint.min.js.gz
- highcharts/12.1.0/es-modules/Series/DependencyWheel/DependencyWheelSeries.js.br
- highcharts/12.1.0/es-modules/Series/DependencyWheel/DependencyWheelSeries.js.gz
- highcharts/12.1.0/es-modules/Series/DependencyWheel/DependencyWheelSeries.min.js.br
- highcharts/12.1.0/es-modules/Series/DependencyWheel/DependencyWheelSeries.min.js.gz
- highcharts/12.1.0/es-modules/Series/DependencyWheel/DependencyWheelSeriesDefaults.js.br
- highcharts/12.1.0/es-modules/Series/DependencyWheel/DependencyWheelSeriesDefaults.js.gz
- highcharts/12.1.0/es-modules/Series/DependencyWheel/DependencyWheelSeriesDefaults.min.js.br
- highcharts/12.1.0/es-modules/Series/DependencyWheel/DependencyWheelSeriesDefaults.min.js.gz
- highcharts/12.1.0/es-modules/Series/DerivedComposition.js.br
- highcharts/12.1.0/es-modules/Series/DerivedComposition.js.gz
- highcharts/12.1.0/es-modules/Series/DerivedComposition.min.js.br
- highcharts/12.1.0/es-modules/Series/DerivedComposition.min.js.gz
- highcharts/12.1.0/es-modules/Series/DotPlot/DotPlotSeries.js.br
- highcharts/12.1.0/es-modules/Series/DotPlot/DotPlotSeries.js.gz
- highcharts/12.1.0/es-modules/Series/DotPlot/DotPlotSeries.min.js.br
- highcharts/12.1.0/es-modules/Series/DotPlot/DotPlotSeries.min.js.gz
- highcharts/12.1.0/es-modules/Series/DotPlot/DotPlotSeriesDefaults.js.br
- highcharts/12.1.0/es-modules/Series/DotPlot/DotPlotSeriesDefaults.js.gz
- highcharts/12.1.0/es-modules/Series/DotPlot/DotPlotSeriesDefaults.min.js.br
- highcharts/12.1.0/es-modules/Series/DotPlot/DotPlotSeriesDefaults.min.js.gz
- highcharts/12.1.0/es-modules/Series/DragNodesComposition.js.br
- highcharts/12.1.0/es-modules/Series/DragNodesComposition.js.gz
- highcharts/12.1.0/es-modules/Series/DragNodesComposition.min.js.br
- highcharts/12.1.0/es-modules/Series/DragNodesComposition.min.js.gz
- highcharts/12.1.0/es-modules/Series/DrawPointUtilities.js.br
- highcharts/12.1.0/es-modules/Series/DrawPointUtilities.js.gz
- highcharts/12.1.0/es-modules/Series/DrawPointUtilities.min.js.br
- highcharts/12.1.0/es-modules/Series/DrawPointUtilities.min.js.gz
- highcharts/12.1.0/es-modules/Series/Dumbbell/DumbbellPoint.js.br
- highcharts/12.1.0/es-modules/Series/Dumbbell/DumbbellPoint.js.gz
- highcharts/12.1.0/es-modules/Series/Dumbbell/DumbbellPoint.min.js.br
- highcharts/12.1.0/es-modules/Series/Dumbbell/DumbbellPoint.min.js.gz
- highcharts/12.1.0/es-modules/Series/Dumbbell/DumbbellSeries.js.br
- highcharts/12.1.0/es-modules/Series/Dumbbell/DumbbellSeries.js.gz
- highcharts/12.1.0/es-modules/Series/Dumbbell/DumbbellSeries.min.js.br
- highcharts/12.1.0/es-modules/Series/Dumbbell/DumbbellSeries.min.js.gz
- highcharts/12.1.0/es-modules/Series/Dumbbell/DumbbellSeriesDefaults.js.br
- highcharts/12.1.0/es-modules/Series/Dumbbell/DumbbellSeriesDefaults.js.gz
- highcharts/12.1.0/es-modules/Series/Dumbbell/DumbbellSeriesDefaults.min.js.br
- highcharts/12.1.0/es-modules/Series/Dumbbell/DumbbellSeriesDefaults.min.js.gz
- highcharts/12.1.0/es-modules/Series/ErrorBar/ErrorBarSeries.js.br
- highcharts/12.1.0/es-modules/Series/ErrorBar/ErrorBarSeries.js.gz
- highcharts/12.1.0/es-modules/Series/ErrorBar/ErrorBarSeries.min.js.br
- highcharts/12.1.0/es-modules/Series/ErrorBar/ErrorBarSeries.min.js.gz
- highcharts/12.1.0/es-modules/Series/ErrorBar/ErrorBarSeriesDefaults.js.br
- highcharts/12.1.0/es-modules/Series/ErrorBar/ErrorBarSeriesDefaults.js.gz
- highcharts/12.1.0/es-modules/Series/ErrorBar/ErrorBarSeriesDefaults.min.js.br
- highcharts/12.1.0/es-modules/Series/ErrorBar/ErrorBarSeriesDefaults.min.js.gz
- highcharts/12.1.0/es-modules/Series/Flags/FlagsPoint.js.br
- highcharts/12.1.0/es-modules/Series/Flags/FlagsPoint.js.gz
- highcharts/12.1.0/es-modules/Series/Flags/FlagsPoint.min.js.br
- highcharts/12.1.0/es-modules/Series/Flags/FlagsPoint.min.js.gz
- highcharts/12.1.0/es-modules/Series/Flags/FlagsSeries.js.br
- highcharts/12.1.0/es-modules/Series/Flags/FlagsSeries.js.gz
- highcharts/12.1.0/es-modules/Series/Flags/FlagsSeries.min.js.br
- highcharts/12.1.0/es-modules/Series/Flags/FlagsSeries.min.js.gz
- highcharts/12.1.0/es-modules/Series/Flags/FlagsSeriesDefaults.js.br
- highcharts/12.1.0/es-modules/Series/Flags/FlagsSeriesDefaults.js.gz
- highcharts/12.1.0/es-modules/Series/Flags/FlagsSeriesDefaults.min.js.br
- highcharts/12.1.0/es-modules/Series/Flags/FlagsSeriesDefaults.min.js.gz
- highcharts/12.1.0/es-modules/Series/Flags/FlagsSymbols.js.br
- highcharts/12.1.0/es-modules/Series/Flags/FlagsSymbols.js.gz
- highcharts/12.1.0/es-modules/Series/Flags/FlagsSymbols.min.js.br
- highcharts/12.1.0/es-modules/Series/Flags/FlagsSymbols.min.js.gz
- highcharts/12.1.0/es-modules/Series/FlowMap/FlowMapPoint.js.br
- highcharts/12.1.0/es-modules/Series/FlowMap/FlowMapPoint.js.gz
- highcharts/12.1.0/es-modules/Series/FlowMap/FlowMapPoint.min.js.br
- highcharts/12.1.0/es-modules/Series/FlowMap/FlowMapPoint.min.js.gz
- highcharts/12.1.0/es-modules/Series/FlowMap/FlowMapSeries.js.br
- highcharts/12.1.0/es-modules/Series/FlowMap/FlowMapSeries.js.gz
- highcharts/12.1.0/es-modules/Series/FlowMap/FlowMapSeries.min.js.br
- highcharts/12.1.0/es-modules/Series/FlowMap/FlowMapSeries.min.js.gz
- highcharts/12.1.0/es-modules/Series/Funnel/FunnelSeries.js.br
- highcharts/12.1.0/es-modules/Series/Funnel/FunnelSeries.js.gz
- highcharts/12.1.0/es-modules/Series/Funnel/FunnelSeries.min.js.br
- highcharts/12.1.0/es-modules/Series/Funnel/FunnelSeries.min.js.gz
- highcharts/12.1.0/es-modules/Series/Funnel/FunnelSeriesDefaults.js.br
- highcharts/12.1.0/es-modules/Series/Funnel/FunnelSeriesDefaults.js.gz
- highcharts/12.1.0/es-modules/Series/Funnel/FunnelSeriesDefaults.min.js.br
- highcharts/12.1.0/es-modules/Series/Funnel/FunnelSeriesDefaults.min.js.gz
- highcharts/12.1.0/es-modules/Series/Funnel3D/Funnel3DComposition.js.br
- highcharts/12.1.0/es-modules/Series/Funnel3D/Funnel3DComposition.js.gz
- highcharts/12.1.0/es-modules/Series/Funnel3D/Funnel3DComposition.min.js.br
- highcharts/12.1.0/es-modules/Series/Funnel3D/Funnel3DComposition.min.js.gz
- highcharts/12.1.0/es-modules/Series/Funnel3D/Funnel3DPoint.js.br
- highcharts/12.1.0/es-modules/Series/Funnel3D/Funnel3DPoint.js.gz
- highcharts/12.1.0/es-modules/Series/Funnel3D/Funnel3DPoint.min.js.br
- highcharts/12.1.0/es-modules/Series/Funnel3D/Funnel3DPoint.min.js.gz
- highcharts/12.1.0/es-modules/Series/Funnel3D/Funnel3DSeries.js.br
- highcharts/12.1.0/es-modules/Series/Funnel3D/Funnel3DSeries.js.gz
- highcharts/12.1.0/es-modules/Series/Funnel3D/Funnel3DSeries.min.js.br
- highcharts/12.1.0/es-modules/Series/Funnel3D/Funnel3DSeries.min.js.gz
- highcharts/12.1.0/es-modules/Series/Funnel3D/Funnel3DSeriesDefaults.js.br
- highcharts/12.1.0/es-modules/Series/Funnel3D/Funnel3DSeriesDefaults.js.gz
- highcharts/12.1.0/es-modules/Series/Funnel3D/Funnel3DSeriesDefaults.min.js.br
- highcharts/12.1.0/es-modules/Series/Funnel3D/Funnel3DSeriesDefaults.min.js.gz
- highcharts/12.1.0/es-modules/Series/Funnel3D/SVGElement3DFunnel.js.br
- highcharts/12.1.0/es-modules/Series/Funnel3D/SVGElement3DFunnel.js.gz
- highcharts/12.1.0/es-modules/Series/Funnel3D/SVGElement3DFunnel.min.js.br
- highcharts/12.1.0/es-modules/Series/Funnel3D/SVGElement3DFunnel.min.js.gz
- highcharts/12.1.0/es-modules/Series/Gantt/GanttPoint.js.br
- highcharts/12.1.0/es-modules/Series/Gantt/GanttPoint.js.gz
- highcharts/12.1.0/es-modules/Series/Gantt/GanttPoint.min.js.br
- highcharts/12.1.0/es-modules/Series/Gantt/GanttPoint.min.js.gz
- highcharts/12.1.0/es-modules/Series/Gantt/GanttSeries.js.br
- highcharts/12.1.0/es-modules/Series/Gantt/GanttSeries.js.gz
- highcharts/12.1.0/es-modules/Series/Gantt/GanttSeries.min.js.br
- highcharts/12.1.0/es-modules/Series/Gantt/GanttSeries.min.js.gz
- highcharts/12.1.0/es-modules/Series/Gantt/GanttSeriesDefaults.js.br
- highcharts/12.1.0/es-modules/Series/Gantt/GanttSeriesDefaults.js.gz
- highcharts/12.1.0/es-modules/Series/Gantt/GanttSeriesDefaults.min.js.br
- highcharts/12.1.0/es-modules/Series/Gantt/GanttSeriesDefaults.min.js.gz
- highcharts/12.1.0/es-modules/Series/Gauge/GaugePoint.js.br
- highcharts/12.1.0/es-modules/Series/Gauge/GaugePoint.js.gz
- highcharts/12.1.0/es-modules/Series/Gauge/GaugePoint.min.js.br
- highcharts/12.1.0/es-modules/Series/Gauge/GaugePoint.min.js.gz
- highcharts/12.1.0/es-modules/Series/Gauge/GaugeSeries.js.br
- highcharts/12.1.0/es-modules/Series/Gauge/GaugeSeries.js.gz
- highcharts/12.1.0/es-modules/Series/Gauge/GaugeSeries.min.js.br
- highcharts/12.1.0/es-modules/Series/Gauge/GaugeSeries.min.js.gz
- highcharts/12.1.0/es-modules/Series/GeoHeatmap/GeoHeatmapPoint.js.br
- highcharts/12.1.0/es-modules/Series/GeoHeatmap/GeoHeatmapPoint.js.gz
- highcharts/12.1.0/es-modules/Series/GeoHeatmap/GeoHeatmapPoint.min.js.br
- highcharts/12.1.0/es-modules/Series/GeoHeatmap/GeoHeatmapPoint.min.js.gz
- highcharts/12.1.0/es-modules/Series/GeoHeatmap/GeoHeatmapPointOptions.js.br
- highcharts/12.1.0/es-modules/Series/GeoHeatmap/GeoHeatmapPointOptions.js.gz
- highcharts/12.1.0/es-modules/Series/GeoHeatmap/GeoHeatmapPointOptions.min.js.br
- highcharts/12.1.0/es-modules/Series/GeoHeatmap/GeoHeatmapPointOptions.min.js.gz
- highcharts/12.1.0/es-modules/Series/GeoHeatmap/GeoHeatmapSeries.js.br
- highcharts/12.1.0/es-modules/Series/GeoHeatmap/GeoHeatmapSeries.js.gz
- highcharts/12.1.0/es-modules/Series/GeoHeatmap/GeoHeatmapSeries.min.js.br
- highcharts/12.1.0/es-modules/Series/GeoHeatmap/GeoHeatmapSeries.min.js.gz
- highcharts/12.1.0/es-modules/Series/GeoHeatmap/GeoHeatmapSeriesOptions.js.br
- highcharts/12.1.0/es-modules/Series/GeoHeatmap/GeoHeatmapSeriesOptions.js.gz
- highcharts/12.1.0/es-modules/Series/GeoHeatmap/GeoHeatmapSeriesOptions.min.js.br
- highcharts/12.1.0/es-modules/Series/GeoHeatmap/GeoHeatmapSeriesOptions.min.js.gz
- highcharts/12.1.0/es-modules/Series/GraphLayoutComposition.js.br
- highcharts/12.1.0/es-modules/Series/GraphLayoutComposition.js.gz
- highcharts/12.1.0/es-modules/Series/GraphLayoutComposition.min.js.br
- highcharts/12.1.0/es-modules/Series/GraphLayoutComposition.min.js.gz
- highcharts/12.1.0/es-modules/Series/HLC/HLCPoint.js.br
- highcharts/12.1.0/es-modules/Series/HLC/HLCPoint.js.gz
- highcharts/12.1.0/es-modules/Series/HLC/HLCPoint.min.js.br
- highcharts/12.1.0/es-modules/Series/HLC/HLCPoint.min.js.gz
- highcharts/12.1.0/es-modules/Series/HLC/HLCSeries.js.br
- highcharts/12.1.0/es-modules/Series/HLC/HLCSeries.js.gz
- highcharts/12.1.0/es-modules/Series/HLC/HLCSeries.min.js.br
- highcharts/12.1.0/es-modules/Series/HLC/HLCSeries.min.js.gz
- highcharts/12.1.0/es-modules/Series/HLC/HLCSeriesDefaults.js.br
- highcharts/12.1.0/es-modules/Series/HLC/HLCSeriesDefaults.js.gz
- highcharts/12.1.0/es-modules/Series/HLC/HLCSeriesDefaults.min.js.br
- highcharts/12.1.0/es-modules/Series/HLC/HLCSeriesDefaults.min.js.gz
- highcharts/12.1.0/es-modules/Series/Heatmap/HeatmapPoint.js.br
- highcharts/12.1.0/es-modules/Series/Heatmap/HeatmapPoint.js.gz
- highcharts/12.1.0/es-modules/Series/Heatmap/HeatmapPoint.min.js.br
- highcharts/12.1.0/es-modules/Series/Heatmap/HeatmapPoint.min.js.gz
- highcharts/12.1.0/es-modules/Series/Heatmap/HeatmapSeries.js.br
- highcharts/12.1.0/es-modules/Series/Heatmap/HeatmapSeries.js.gz
- highcharts/12.1.0/es-modules/Series/Heatmap/HeatmapSeries.min.js.br
- highcharts/12.1.0/es-modules/Series/Heatmap/HeatmapSeries.min.js.gz
- highcharts/12.1.0/es-modules/Series/Heatmap/HeatmapSeriesDefaults.js.br
- highcharts/12.1.0/es-modules/Series/Heatmap/HeatmapSeriesDefaults.js.gz
- highcharts/12.1.0/es-modules/Series/Heatmap/HeatmapSeriesDefaults.min.js.br
- highcharts/12.1.0/es-modules/Series/Heatmap/HeatmapSeriesDefaults.min.js.gz
- highcharts/12.1.0/es-modules/Series/HeikinAshi/HeikinAshiPoint.js.br
- highcharts/12.1.0/es-modules/Series/HeikinAshi/HeikinAshiPoint.js.gz
- highcharts/12.1.0/es-modules/Series/HeikinAshi/HeikinAshiPoint.min.js.br
- highcharts/12.1.0/es-modules/Series/HeikinAshi/HeikinAshiPoint.min.js.gz
- highcharts/12.1.0/es-modules/Series/HeikinAshi/HeikinAshiSeries.js.br
- highcharts/12.1.0/es-modules/Series/HeikinAshi/HeikinAshiSeries.js.gz
- highcharts/12.1.0/es-modules/Series/HeikinAshi/HeikinAshiSeries.min.js.br
- highcharts/12.1.0/es-modules/Series/HeikinAshi/HeikinAshiSeries.min.js.gz
- highcharts/12.1.0/es-modules/Series/HeikinAshi/HeikinAshiSeriesDefaults.js.br
- highcharts/12.1.0/es-modules/Series/HeikinAshi/HeikinAshiSeriesDefaults.js.gz
- highcharts/12.1.0/es-modules/Series/HeikinAshi/HeikinAshiSeriesDefaults.min.js.br
- highcharts/12.1.0/es-modules/Series/HeikinAshi/HeikinAshiSeriesDefaults.min.js.gz
- highcharts/12.1.0/es-modules/Series/Histogram/HistogramSeries.js.br
- highcharts/12.1.0/es-modules/Series/Histogram/HistogramSeries.js.gz
- highcharts/12.1.0/es-modules/Series/Histogram/HistogramSeries.min.js.br
- highcharts/12.1.0/es-modules/Series/Histogram/HistogramSeries.min.js.gz
- highcharts/12.1.0/es-modules/Series/Histogram/HistogramSeriesDefaults.js.br
- highcharts/12.1.0/es-modules/Series/Histogram/HistogramSeriesDefaults.js.gz
- highcharts/12.1.0/es-modules/Series/Histogram/HistogramSeriesDefaults.min.js.br
- highcharts/12.1.0/es-modules/Series/Histogram/HistogramSeriesDefaults.min.js.gz
- highcharts/12.1.0/es-modules/Series/HollowCandlestick/HollowCandlestickPoint.js.br
- highcharts/12.1.0/es-modules/Series/HollowCandlestick/HollowCandlestickPoint.js.gz
- highcharts/12.1.0/es-modules/Series/HollowCandlestick/HollowCandlestickPoint.min.js.br
- highcharts/12.1.0/es-modules/Series/HollowCandlestick/HollowCandlestickPoint.min.js.gz
- highcharts/12.1.0/es-modules/Series/HollowCandlestick/HollowCandlestickSeries.js.br
- highcharts/12.1.0/es-modules/Series/HollowCandlestick/HollowCandlestickSeries.js.gz
- highcharts/12.1.0/es-modules/Series/HollowCandlestick/HollowCandlestickSeries.min.js.br
- highcharts/12.1.0/es-modules/Series/HollowCandlestick/HollowCandlestickSeries.min.js.gz
- highcharts/12.1.0/es-modules/Series/InterpolationUtilities.js.br
- highcharts/12.1.0/es-modules/Series/InterpolationUtilities.js.gz
- highcharts/12.1.0/es-modules/Series/InterpolationUtilities.min.js.br
- highcharts/12.1.0/es-modules/Series/InterpolationUtilities.min.js.gz
- highcharts/12.1.0/es-modules/Series/Item/ItemPoint.js.br
- highcharts/12.1.0/es-modules/Series/Item/ItemPoint.js.gz
- highcharts/12.1.0/es-modules/Series/Item/ItemPoint.min.js.br
- highcharts/12.1.0/es-modules/Series/Item/ItemPoint.min.js.gz
- highcharts/12.1.0/es-modules/Series/Item/ItemSeries.js.br
- highcharts/12.1.0/es-modules/Series/Item/ItemSeries.js.gz
- highcharts/12.1.0/es-modules/Series/Item/ItemSeries.min.js.br
- highcharts/12.1.0/es-modules/Series/Item/ItemSeries.min.js.gz
- highcharts/12.1.0/es-modules/Series/Item/ItemSeriesDefaults.js.br
- highcharts/12.1.0/es-modules/Series/Item/ItemSeriesDefaults.js.gz
- highcharts/12.1.0/es-modules/Series/Item/ItemSeriesDefaults.min.js.br
- highcharts/12.1.0/es-modules/Series/Item/ItemSeriesDefaults.min.js.gz
- highcharts/12.1.0/es-modules/Series/Line/LineSeries.js.br
- highcharts/12.1.0/es-modules/Series/Line/LineSeries.js.gz
- highcharts/12.1.0/es-modules/Series/Line/LineSeries.min.js.br
- highcharts/12.1.0/es-modules/Series/Line/LineSeries.min.js.gz
- highcharts/12.1.0/es-modules/Series/Lollipop/LollipopPoint.js.br
- highcharts/12.1.0/es-modules/Series/Lollipop/LollipopPoint.js.gz
- highcharts/12.1.0/es-modules/Series/Lollipop/LollipopPoint.min.js.br
- highcharts/12.1.0/es-modules/Series/Lollipop/LollipopPoint.min.js.gz
- highcharts/12.1.0/es-modules/Series/Lollipop/LollipopSeries.js.br
- highcharts/12.1.0/es-modules/Series/Lollipop/LollipopSeries.js.gz
- highcharts/12.1.0/es-modules/Series/Lollipop/LollipopSeries.min.js.br
- highcharts/12.1.0/es-modules/Series/Lollipop/LollipopSeries.min.js.gz
- highcharts/12.1.0/es-modules/Series/Map/MapPoint.js.br
- highcharts/12.1.0/es-modules/Series/Map/MapPoint.js.gz
- highcharts/12.1.0/es-modules/Series/Map/MapPoint.min.js.br
- highcharts/12.1.0/es-modules/Series/Map/MapPoint.min.js.gz
- highcharts/12.1.0/es-modules/Series/Map/MapSeries.js.br
- highcharts/12.1.0/es-modules/Series/Map/MapSeries.js.gz
- highcharts/12.1.0/es-modules/Series/Map/MapSeries.min.js.br
- highcharts/12.1.0/es-modules/Series/Map/MapSeries.min.js.gz
- highcharts/12.1.0/es-modules/Series/Map/MapSeriesDefaults.js.br
- highcharts/12.1.0/es-modules/Series/Map/MapSeriesDefaults.js.gz
- highcharts/12.1.0/es-modules/Series/Map/MapSeriesDefaults.min.js.br
- highcharts/12.1.0/es-modules/Series/Map/MapSeriesDefaults.min.js.gz
- highcharts/12.1.0/es-modules/Series/MapBubble/MapBubblePoint.js.br
- highcharts/12.1.0/es-modules/Series/MapBubble/MapBubblePoint.js.gz
- highcharts/12.1.0/es-modules/Series/MapBubble/MapBubblePoint.min.js.br
- highcharts/12.1.0/es-modules/Series/MapBubble/MapBubblePoint.min.js.gz
- highcharts/12.1.0/es-modules/Series/MapBubble/MapBubbleSeries.js.br
- highcharts/12.1.0/es-modules/Series/MapBubble/MapBubbleSeries.js.gz
- highcharts/12.1.0/es-modules/Series/MapBubble/MapBubbleSeries.min.js.br
- highcharts/12.1.0/es-modules/Series/MapBubble/MapBubbleSeries.min.js.gz
- highcharts/12.1.0/es-modules/Series/MapLine/MapLineSeries.js.br
- highcharts/12.1.0/es-modules/Series/MapLine/MapLineSeries.js.gz
- highcharts/12.1.0/es-modules/Series/MapLine/MapLineSeries.min.js.br
- highcharts/12.1.0/es-modules/Series/MapLine/MapLineSeries.min.js.gz
- highcharts/12.1.0/es-modules/Series/MapLine/MapLineSeriesDefaults.js.br
- highcharts/12.1.0/es-modules/Series/MapLine/MapLineSeriesDefaults.js.gz
- highcharts/12.1.0/es-modules/Series/MapLine/MapLineSeriesDefaults.min.js.br
- highcharts/12.1.0/es-modules/Series/MapLine/MapLineSeriesDefaults.min.js.gz
- highcharts/12.1.0/es-modules/Series/MapPoint/MapPointPoint.js.br
- highcharts/12.1.0/es-modules/Series/MapPoint/MapPointPoint.js.gz
- highcharts/12.1.0/es-modules/Series/MapPoint/MapPointPoint.min.js.br
- highcharts/12.1.0/es-modules/Series/MapPoint/MapPointPoint.min.js.gz
- highcharts/12.1.0/es-modules/Series/MapPoint/MapPointSeries.js.br
- highcharts/12.1.0/es-modules/Series/MapPoint/MapPointSeries.js.gz
- highcharts/12.1.0/es-modules/Series/MapPoint/MapPointSeries.min.js.br
- highcharts/12.1.0/es-modules/Series/MapPoint/MapPointSeries.min.js.gz
- highcharts/12.1.0/es-modules/Series/MapPoint/MapPointSeriesDefaults.js.br
- highcharts/12.1.0/es-modules/Series/MapPoint/MapPointSeriesDefaults.js.gz
- highcharts/12.1.0/es-modules/Series/MapPoint/MapPointSeriesDefaults.min.js.br
- highcharts/12.1.0/es-modules/Series/MapPoint/MapPointSeriesDefaults.min.js.gz
- highcharts/12.1.0/es-modules/Series/Networkgraph/EulerIntegration.js.br
- highcharts/12.1.0/es-modules/Series/Networkgraph/EulerIntegration.js.gz
- highcharts/12.1.0/es-modules/Series/Networkgraph/EulerIntegration.min.js.br
- highcharts/12.1.0/es-modules/Series/Networkgraph/EulerIntegration.min.js.gz
- highcharts/12.1.0/es-modules/Series/Networkgraph/NetworkgraphPoint.js.br
- highcharts/12.1.0/es-modules/Series/Networkgraph/NetworkgraphPoint.js.gz
- highcharts/12.1.0/es-modules/Series/Networkgraph/NetworkgraphPoint.min.js.br
- highcharts/12.1.0/es-modules/Series/Networkgraph/NetworkgraphPoint.min.js.gz
- highcharts/12.1.0/es-modules/Series/Networkgraph/NetworkgraphSeries.js.br
- highcharts/12.1.0/es-modules/Series/Networkgraph/NetworkgraphSeries.js.gz
- highcharts/12.1.0/es-modules/Series/Networkgraph/NetworkgraphSeries.min.js.br
- highcharts/12.1.0/es-modules/Series/Networkgraph/NetworkgraphSeries.min.js.gz
- highcharts/12.1.0/es-modules/Series/Networkgraph/NetworkgraphSeriesDefaults.js.br
- highcharts/12.1.0/es-modules/Series/Networkgraph/NetworkgraphSeriesDefaults.js.gz
- highcharts/12.1.0/es-modules/Series/Networkgraph/NetworkgraphSeriesDefaults.min.js.br
- highcharts/12.1.0/es-modules/Series/Networkgraph/NetworkgraphSeriesDefaults.min.js.gz
- highcharts/12.1.0/es-modules/Series/Networkgraph/QuadTree.js.br
- highcharts/12.1.0/es-modules/Series/Networkgraph/QuadTree.js.gz
- highcharts/12.1.0/es-modules/Series/Networkgraph/QuadTree.min.js.br
- highcharts/12.1.0/es-modules/Series/Networkgraph/QuadTree.min.js.gz
- highcharts/12.1.0/es-modules/Series/Networkgraph/QuadTreeNode.js.br
- highcharts/12.1.0/es-modules/Series/Networkgraph/QuadTreeNode.js.gz
- highcharts/12.1.0/es-modules/Series/Networkgraph/QuadTreeNode.min.js.br
- highcharts/12.1.0/es-modules/Series/Networkgraph/QuadTreeNode.min.js.gz
- highcharts/12.1.0/es-modules/Series/Networkgraph/ReingoldFruchtermanLayout.js.br
- highcharts/12.1.0/es-modules/Series/Networkgraph/ReingoldFruchtermanLayout.js.gz
- highcharts/12.1.0/es-modules/Series/Networkgraph/ReingoldFruchtermanLayout.min.js.br
- highcharts/12.1.0/es-modules/Series/Networkgraph/ReingoldFruchtermanLayout.min.js.gz
- highcharts/12.1.0/es-modules/Series/Networkgraph/VerletIntegration.js.br
- highcharts/12.1.0/es-modules/Series/Networkgraph/VerletIntegration.js.gz
- highcharts/12.1.0/es-modules/Series/Networkgraph/VerletIntegration.min.js.br
- highcharts/12.1.0/es-modules/Series/Networkgraph/VerletIntegration.min.js.gz
- highcharts/12.1.0/es-modules/Series/NodesComposition.js.br
- highcharts/12.1.0/es-modules/Series/NodesComposition.js.gz
- highcharts/12.1.0/es-modules/Series/NodesComposition.min.js.br
- highcharts/12.1.0/es-modules/Series/NodesComposition.min.js.gz
- highcharts/12.1.0/es-modules/Series/OHLC/OHLCPoint.js.br
- highcharts/12.1.0/es-modules/Series/OHLC/OHLCPoint.js.gz
- highcharts/12.1.0/es-modules/Series/OHLC/OHLCPoint.min.js.br
- highcharts/12.1.0/es-modules/Series/OHLC/OHLCPoint.min.js.gz
- highcharts/12.1.0/es-modules/Series/OHLC/OHLCSeries.js.br
- highcharts/12.1.0/es-modules/Series/OHLC/OHLCSeries.js.gz
- highcharts/12.1.0/es-modules/Series/OHLC/OHLCSeries.min.js.br
- highcharts/12.1.0/es-modules/Series/OHLC/OHLCSeries.min.js.gz
- highcharts/12.1.0/es-modules/Series/OHLC/OHLCSeriesDefaults.js.br
- highcharts/12.1.0/es-modules/Series/OHLC/OHLCSeriesDefaults.js.gz
- highcharts/12.1.0/es-modules/Series/OHLC/OHLCSeriesDefaults.min.js.br
- highcharts/12.1.0/es-modules/Series/OHLC/OHLCSeriesDefaults.min.js.gz
- highcharts/12.1.0/es-modules/Series/OnSeriesComposition.js.br
- highcharts/12.1.0/es-modules/Series/OnSeriesComposition.js.gz
- highcharts/12.1.0/es-modules/Series/OnSeriesComposition.min.js.br
- highcharts/12.1.0/es-modules/Series/OnSeriesComposition.min.js.gz
- highcharts/12.1.0/es-modules/Series/Organization/OrganizationPoint.js.br
- highcharts/12.1.0/es-modules/Series/Organization/OrganizationPoint.js.gz
- highcharts/12.1.0/es-modules/Series/Organization/OrganizationPoint.min.js.br
- highcharts/12.1.0/es-modules/Series/Organization/OrganizationPoint.min.js.gz
- highcharts/12.1.0/es-modules/Series/Organization/OrganizationSeries.js.br
- highcharts/12.1.0/es-modules/Series/Organization/OrganizationSeries.js.gz
- highcharts/12.1.0/es-modules/Series/Organization/OrganizationSeries.min.js.br
- highcharts/12.1.0/es-modules/Series/Organization/OrganizationSeries.min.js.gz
- highcharts/12.1.0/es-modules/Series/Organization/OrganizationSeriesDefaults.js.br
- highcharts/12.1.0/es-modules/Series/Organization/OrganizationSeriesDefaults.js.gz
- highcharts/12.1.0/es-modules/Series/Organization/OrganizationSeriesDefaults.min.js.br
- highcharts/12.1.0/es-modules/Series/Organization/OrganizationSeriesDefaults.min.js.gz
- highcharts/12.1.0/es-modules/Series/PackedBubble/PackedBubbleIntegration.js.br
- highcharts/12.1.0/es-modules/Series/PackedBubble/PackedBubbleIntegration.js.gz
- highcharts/12.1.0/es-modules/Series/PackedBubble/PackedBubbleIntegration.min.js.br
- highcharts/12.1.0/es-modules/Series/PackedBubble/PackedBubbleIntegration.min.js.gz
- highcharts/12.1.0/es-modules/Series/PackedBubble/PackedBubbleLayout.js.br
- highcharts/12.1.0/es-modules/Series/PackedBubble/PackedBubbleLayout.js.gz
- highcharts/12.1.0/es-modules/Series/PackedBubble/PackedBubbleLayout.min.js.br
- highcharts/12.1.0/es-modules/Series/PackedBubble/PackedBubbleLayout.min.js.gz
- highcharts/12.1.0/es-modules/Series/PackedBubble/PackedBubblePoint.js.br
- highcharts/12.1.0/es-modules/Series/PackedBubble/PackedBubblePoint.js.gz
- highcharts/12.1.0/es-modules/Series/PackedBubble/PackedBubblePoint.min.js.br
- highcharts/12.1.0/es-modules/Series/PackedBubble/PackedBubblePoint.min.js.gz
- highcharts/12.1.0/es-modules/Series/PackedBubble/PackedBubbleSeries.js.br
- highcharts/12.1.0/es-modules/Series/PackedBubble/PackedBubbleSeries.js.gz
- highcharts/12.1.0/es-modules/Series/PackedBubble/PackedBubbleSeries.min.js.br
- highcharts/12.1.0/es-modules/Series/PackedBubble/PackedBubbleSeries.min.js.gz
- highcharts/12.1.0/es-modules/Series/PackedBubble/PackedBubbleSeriesDefaults.js.br
- highcharts/12.1.0/es-modules/Series/PackedBubble/PackedBubbleSeriesDefaults.js.gz
- highcharts/12.1.0/es-modules/Series/PackedBubble/PackedBubbleSeriesDefaults.min.js.br
- highcharts/12.1.0/es-modules/Series/PackedBubble/PackedBubbleSeriesDefaults.min.js.gz
- highcharts/12.1.0/es-modules/Series/ParetoSeries/ParetoSeries.js.br
- highcharts/12.1.0/es-modules/Series/ParetoSeries/ParetoSeries.js.gz
- highcharts/12.1.0/es-modules/Series/ParetoSeries/ParetoSeries.min.js.br
- highcharts/12.1.0/es-modules/Series/ParetoSeries/ParetoSeries.min.js.gz
- highcharts/12.1.0/es-modules/Series/ParetoSeries/ParetoSeriesDefaults.js.br
- highcharts/12.1.0/es-modules/Series/ParetoSeries/ParetoSeriesDefaults.js.gz
- highcharts/12.1.0/es-modules/Series/ParetoSeries/ParetoSeriesDefaults.min.js.br
- highcharts/12.1.0/es-modules/Series/ParetoSeries/ParetoSeriesDefaults.min.js.gz
- highcharts/12.1.0/es-modules/Series/PathUtilities.js.br
- highcharts/12.1.0/es-modules/Series/PathUtilities.js.gz
- highcharts/12.1.0/es-modules/Series/PathUtilities.min.js.br
- highcharts/12.1.0/es-modules/Series/PathUtilities.min.js.gz
- highcharts/12.1.0/es-modules/Series/Pictorial/PictorialPoint.js.br
- highcharts/12.1.0/es-modules/Series/Pictorial/PictorialPoint.js.gz
- highcharts/12.1.0/es-modules/Series/Pictorial/PictorialPoint.min.js.br
- highcharts/12.1.0/es-modules/Series/Pictorial/PictorialPoint.min.js.gz
- highcharts/12.1.0/es-modules/Series/Pictorial/PictorialSeries.js.br
- highcharts/12.1.0/es-modules/Series/Pictorial/PictorialSeries.js.gz
- highcharts/12.1.0/es-modules/Series/Pictorial/PictorialSeries.min.js.br
- highcharts/12.1.0/es-modules/Series/Pictorial/PictorialSeries.min.js.gz
- highcharts/12.1.0/es-modules/Series/Pictorial/PictorialUtilities.js.br
- highcharts/12.1.0/es-modules/Series/Pictorial/PictorialUtilities.js.gz
- highcharts/12.1.0/es-modules/Series/Pictorial/PictorialUtilities.min.js.br
- highcharts/12.1.0/es-modules/Series/Pictorial/PictorialUtilities.min.js.gz
- highcharts/12.1.0/es-modules/Series/Pie/PieDataLabel.js.br
- highcharts/12.1.0/es-modules/Series/Pie/PieDataLabel.js.gz
- highcharts/12.1.0/es-modules/Series/Pie/PieDataLabel.min.js.br
- highcharts/12.1.0/es-modules/Series/Pie/PieDataLabel.min.js.gz
- highcharts/12.1.0/es-modules/Series/Pie/PiePoint.js.br
- highcharts/12.1.0/es-modules/Series/Pie/PiePoint.js.gz
- highcharts/12.1.0/es-modules/Series/Pie/PiePoint.min.js.br
- highcharts/12.1.0/es-modules/Series/Pie/PiePoint.min.js.gz
- highcharts/12.1.0/es-modules/Series/Pie/PieSeries.js.br
- highcharts/12.1.0/es-modules/Series/Pie/PieSeries.js.gz
- highcharts/12.1.0/es-modules/Series/Pie/PieSeries.min.js.br
- highcharts/12.1.0/es-modules/Series/Pie/PieSeries.min.js.gz
- highcharts/12.1.0/es-modules/Series/Pie/PieSeriesDefaults.js.br
- highcharts/12.1.0/es-modules/Series/Pie/PieSeriesDefaults.js.gz
- highcharts/12.1.0/es-modules/Series/Pie/PieSeriesDefaults.min.js.br
- highcharts/12.1.0/es-modules/Series/Pie/PieSeriesDefaults.min.js.gz
- highcharts/12.1.0/es-modules/Series/Pie3D/Pie3DPoint.js.br
- highcharts/12.1.0/es-modules/Series/Pie3D/Pie3DPoint.js.gz
- highcharts/12.1.0/es-modules/Series/Pie3D/Pie3DPoint.min.js.br
- highcharts/12.1.0/es-modules/Series/Pie3D/Pie3DPoint.min.js.gz
- highcharts/12.1.0/es-modules/Series/Pie3D/Pie3DSeries.js.br
- highcharts/12.1.0/es-modules/Series/Pie3D/Pie3DSeries.js.gz
- highcharts/12.1.0/es-modules/Series/Pie3D/Pie3DSeries.min.js.br
- highcharts/12.1.0/es-modules/Series/Pie3D/Pie3DSeries.min.js.gz
- highcharts/12.1.0/es-modules/Series/PointAndFigure/PointAndFigurePoint.js.br
- highcharts/12.1.0/es-modules/Series/PointAndFigure/PointAndFigurePoint.js.gz
- highcharts/12.1.0/es-modules/Series/PointAndFigure/PointAndFigurePoint.min.js.br
- highcharts/12.1.0/es-modules/Series/PointAndFigure/PointAndFigurePoint.min.js.gz
- highcharts/12.1.0/es-modules/Series/PointAndFigure/PointAndFigureSeries.js.br
- highcharts/12.1.0/es-modules/Series/PointAndFigure/PointAndFigureSeries.js.gz
- highcharts/12.1.0/es-modules/Series/PointAndFigure/PointAndFigureSeries.min.js.br
- highcharts/12.1.0/es-modules/Series/PointAndFigure/PointAndFigureSeries.min.js.gz
- highcharts/12.1.0/es-modules/Series/PointAndFigure/PointAndFigureSeriesDefaults.js.br
- highcharts/12.1.0/es-modules/Series/PointAndFigure/PointAndFigureSeriesDefaults.js.gz
- highcharts/12.1.0/es-modules/Series/PointAndFigure/PointAndFigureSeriesDefaults.min.js.br
- highcharts/12.1.0/es-modules/Series/PointAndFigure/PointAndFigureSeriesDefaults.min.js.gz
- highcharts/12.1.0/es-modules/Series/PointAndFigure/PointAndFigureSymbols.js.br
- highcharts/12.1.0/es-modules/Series/PointAndFigure/PointAndFigureSymbols.js.gz
- highcharts/12.1.0/es-modules/Series/PointAndFigure/PointAndFigureSymbols.min.js.br
- highcharts/12.1.0/es-modules/Series/PointAndFigure/PointAndFigureSymbols.min.js.gz
- highcharts/12.1.0/es-modules/Series/PolarComposition.js.br
- highcharts/12.1.0/es-modules/Series/PolarComposition.js.gz
- highcharts/12.1.0/es-modules/Series/PolarComposition.min.js.br
- highcharts/12.1.0/es-modules/Series/PolarComposition.min.js.gz
- highcharts/12.1.0/es-modules/Series/Polygon/PolygonSeries.js.br
- highcharts/12.1.0/es-modules/Series/Polygon/PolygonSeries.js.gz
- highcharts/12.1.0/es-modules/Series/Polygon/PolygonSeries.min.js.br
- highcharts/12.1.0/es-modules/Series/Polygon/PolygonSeries.min.js.gz
- highcharts/12.1.0/es-modules/Series/Polygon/PolygonSeriesDefaults.js.br
- highcharts/12.1.0/es-modules/Series/Polygon/PolygonSeriesDefaults.js.gz
- highcharts/12.1.0/es-modules/Series/Polygon/PolygonSeriesDefaults.min.js.br
- highcharts/12.1.0/es-modules/Series/Polygon/PolygonSeriesDefaults.min.js.gz
- highcharts/12.1.0/es-modules/Series/Pyramid/PyramidSeries.js.br
- highcharts/12.1.0/es-modules/Series/Pyramid/PyramidSeries.js.gz
- highcharts/12.1.0/es-modules/Series/Pyramid/PyramidSeries.min.js.br
- highcharts/12.1.0/es-modules/Series/Pyramid/PyramidSeries.min.js.gz
- highcharts/12.1.0/es-modules/Series/Pyramid/PyramidSeriesDefaults.js.br
- highcharts/12.1.0/es-modules/Series/Pyramid/PyramidSeriesDefaults.js.gz
- highcharts/12.1.0/es-modules/Series/Pyramid/PyramidSeriesDefaults.min.js.br
- highcharts/12.1.0/es-modules/Series/Pyramid/PyramidSeriesDefaults.min.js.gz
- highcharts/12.1.0/es-modules/Series/Pyramid3D/Pyramid3DSeries.js.br
- highcharts/12.1.0/es-modules/Series/Pyramid3D/Pyramid3DSeries.js.gz
- highcharts/12.1.0/es-modules/Series/Pyramid3D/Pyramid3DSeries.min.js.br
- highcharts/12.1.0/es-modules/Series/Pyramid3D/Pyramid3DSeries.min.js.gz
- highcharts/12.1.0/es-modules/Series/Pyramid3D/Pyramid3DSeriesDefaults.js.br
- highcharts/12.1.0/es-modules/Series/Pyramid3D/Pyramid3DSeriesDefaults.js.gz
- highcharts/12.1.0/es-modules/Series/Pyramid3D/Pyramid3DSeriesDefaults.min.js.br
- highcharts/12.1.0/es-modules/Series/Pyramid3D/Pyramid3DSeriesDefaults.min.js.gz
- highcharts/12.1.0/es-modules/Series/Renko/RenkoPoint.js.br
- highcharts/12.1.0/es-modules/Series/Renko/RenkoPoint.js.gz
- highcharts/12.1.0/es-modules/Series/Renko/RenkoPoint.min.js.br
- highcharts/12.1.0/es-modules/Series/Renko/RenkoPoint.min.js.gz
- highcharts/12.1.0/es-modules/Series/Renko/RenkoSeries.js.br
- highcharts/12.1.0/es-modules/Series/Renko/RenkoSeries.js.gz
- highcharts/12.1.0/es-modules/Series/Renko/RenkoSeries.min.js.br
- highcharts/12.1.0/es-modules/Series/Renko/RenkoSeries.min.js.gz
- highcharts/12.1.0/es-modules/Series/Renko/RenkoSeriesDefaults.js.br
- highcharts/12.1.0/es-modules/Series/Renko/RenkoSeriesDefaults.js.gz
- highcharts/12.1.0/es-modules/Series/Renko/RenkoSeriesDefaults.min.js.br
- highcharts/12.1.0/es-modules/Series/Renko/RenkoSeriesDefaults.min.js.gz
- highcharts/12.1.0/es-modules/Series/Sankey/SankeyColumnComposition.js.br
- highcharts/12.1.0/es-modules/Series/Sankey/SankeyColumnComposition.js.gz
- highcharts/12.1.0/es-modules/Series/Sankey/SankeyColumnComposition.min.js.br
- highcharts/12.1.0/es-modules/Series/Sankey/SankeyColumnComposition.min.js.gz
- highcharts/12.1.0/es-modules/Series/Sankey/SankeyPoint.js.br
- highcharts/12.1.0/es-modules/Series/Sankey/SankeyPoint.js.gz
- highcharts/12.1.0/es-modules/Series/Sankey/SankeyPoint.min.js.br
- highcharts/12.1.0/es-modules/Series/Sankey/SankeyPoint.min.js.gz
- highcharts/12.1.0/es-modules/Series/Sankey/SankeySeries.js.br
- highcharts/12.1.0/es-modules/Series/Sankey/SankeySeries.js.gz
- highcharts/12.1.0/es-modules/Series/Sankey/SankeySeries.min.js.br
- highcharts/12.1.0/es-modules/Series/Sankey/SankeySeries.min.js.gz
- highcharts/12.1.0/es-modules/Series/Sankey/SankeySeriesDefaults.js.br
- highcharts/12.1.0/es-modules/Series/Sankey/SankeySeriesDefaults.js.gz
- highcharts/12.1.0/es-modules/Series/Sankey/SankeySeriesDefaults.min.js.br
- highcharts/12.1.0/es-modules/Series/Sankey/SankeySeriesDefaults.min.js.gz
- highcharts/12.1.0/es-modules/Series/Scatter/ScatterSeries.js.br
- highcharts/12.1.0/es-modules/Series/Scatter/ScatterSeries.js.gz
- highcharts/12.1.0/es-modules/Series/Scatter/ScatterSeries.min.js.br
- highcharts/12.1.0/es-modules/Series/Scatter/ScatterSeries.min.js.gz
- highcharts/12.1.0/es-modules/Series/Scatter/ScatterSeriesDefaults.js.br
- highcharts/12.1.0/es-modules/Series/Scatter/ScatterSeriesDefaults.js.gz
- highcharts/12.1.0/es-modules/Series/Scatter/ScatterSeriesDefaults.min.js.br
- highcharts/12.1.0/es-modules/Series/Scatter/ScatterSeriesDefaults.min.js.gz
- highcharts/12.1.0/es-modules/Series/Scatter3D/Scatter3DPoint.js.br
- highcharts/12.1.0/es-modules/Series/Scatter3D/Scatter3DPoint.js.gz
- highcharts/12.1.0/es-modules/Series/Scatter3D/Scatter3DPoint.min.js.br
- highcharts/12.1.0/es-modules/Series/Scatter3D/Scatter3DPoint.min.js.gz
- highcharts/12.1.0/es-modules/Series/Scatter3D/Scatter3DSeries.js.br
- highcharts/12.1.0/es-modules/Series/Scatter3D/Scatter3DSeries.js.gz
- highcharts/12.1.0/es-modules/Series/Scatter3D/Scatter3DSeries.min.js.br
- highcharts/12.1.0/es-modules/Series/Scatter3D/Scatter3DSeries.min.js.gz
- highcharts/12.1.0/es-modules/Series/Scatter3D/Scatter3DSeriesDefaults.js.br
- highcharts/12.1.0/es-modules/Series/Scatter3D/Scatter3DSeriesDefaults.js.gz
- highcharts/12.1.0/es-modules/Series/Scatter3D/Scatter3DSeriesDefaults.min.js.br
- highcharts/12.1.0/es-modules/Series/Scatter3D/Scatter3DSeriesDefaults.min.js.gz
- highcharts/12.1.0/es-modules/Series/SeriesOnPointComposition.js.br
- highcharts/12.1.0/es-modules/Series/SeriesOnPointComposition.js.gz
- highcharts/12.1.0/es-modules/Series/SeriesOnPointComposition.min.js.br
- highcharts/12.1.0/es-modules/Series/SeriesOnPointComposition.min.js.gz
- highcharts/12.1.0/es-modules/Series/SimulationSeriesUtilities.js.br
- highcharts/12.1.0/es-modules/Series/SimulationSeriesUtilities.js.gz
- highcharts/12.1.0/es-modules/Series/SimulationSeriesUtilities.min.js.br
- highcharts/12.1.0/es-modules/Series/SimulationSeriesUtilities.min.js.gz
- highcharts/12.1.0/es-modules/Series/SolidGauge/SolidGaugeSeries.js.br
- highcharts/12.1.0/es-modules/Series/SolidGauge/SolidGaugeSeries.js.gz
- highcharts/12.1.0/es-modules/Series/SolidGauge/SolidGaugeSeries.min.js.br
- highcharts/12.1.0/es-modules/Series/SolidGauge/SolidGaugeSeries.min.js.gz
- highcharts/12.1.0/es-modules/Series/SolidGauge/SolidGaugeSeriesDefaults.js.br
- highcharts/12.1.0/es-modules/Series/SolidGauge/SolidGaugeSeriesDefaults.js.gz
- highcharts/12.1.0/es-modules/Series/SolidGauge/SolidGaugeSeriesDefaults.min.js.br
- highcharts/12.1.0/es-modules/Series/SolidGauge/SolidGaugeSeriesDefaults.min.js.gz
- highcharts/12.1.0/es-modules/Series/Spline/SplineSeries.js.br
- highcharts/12.1.0/es-modules/Series/Spline/SplineSeries.js.gz
- highcharts/12.1.0/es-modules/Series/Spline/SplineSeries.min.js.br
- highcharts/12.1.0/es-modules/Series/Spline/SplineSeries.min.js.gz
- highcharts/12.1.0/es-modules/Series/Streamgraph/StreamgraphSeries.js.br
- highcharts/12.1.0/es-modules/Series/Streamgraph/StreamgraphSeries.js.gz
- highcharts/12.1.0/es-modules/Series/Streamgraph/StreamgraphSeries.min.js.br
- highcharts/12.1.0/es-modules/Series/Streamgraph/StreamgraphSeries.min.js.gz
- highcharts/12.1.0/es-modules/Series/Streamgraph/StreamgraphSeriesDefaults.js.br
- highcharts/12.1.0/es-modules/Series/Streamgraph/StreamgraphSeriesDefaults.js.gz
- highcharts/12.1.0/es-modules/Series/Streamgraph/StreamgraphSeriesDefaults.min.js.br
- highcharts/12.1.0/es-modules/Series/Streamgraph/StreamgraphSeriesDefaults.min.js.gz
- highcharts/12.1.0/es-modules/Series/Sunburst/SunburstNode.js.br
- highcharts/12.1.0/es-modules/Series/Sunburst/SunburstNode.js.gz
- highcharts/12.1.0/es-modules/Series/Sunburst/SunburstNode.min.js.br
- highcharts/12.1.0/es-modules/Series/Sunburst/SunburstNode.min.js.gz
- highcharts/12.1.0/es-modules/Series/Sunburst/SunburstPoint.js.br
- highcharts/12.1.0/es-modules/Series/Sunburst/SunburstPoint.js.gz
- highcharts/12.1.0/es-modules/Series/Sunburst/SunburstPoint.min.js.br
- highcharts/12.1.0/es-modules/Series/Sunburst/SunburstPoint.min.js.gz
- highcharts/12.1.0/es-modules/Series/Sunburst/SunburstSeries.js.br
- highcharts/12.1.0/es-modules/Series/Sunburst/SunburstSeries.js.gz
- highcharts/12.1.0/es-modules/Series/Sunburst/SunburstSeries.min.js.br
- highcharts/12.1.0/es-modules/Series/Sunburst/SunburstSeries.min.js.gz
- highcharts/12.1.0/es-modules/Series/Sunburst/SunburstSeriesDefaults.js.br
- highcharts/12.1.0/es-modules/Series/Sunburst/SunburstSeriesDefaults.js.gz
- highcharts/12.1.0/es-modules/Series/Sunburst/SunburstSeriesDefaults.min.js.br
- highcharts/12.1.0/es-modules/Series/Sunburst/SunburstSeriesDefaults.min.js.gz
- highcharts/12.1.0/es-modules/Series/Sunburst/SunburstUtilities.js.br
- highcharts/12.1.0/es-modules/Series/Sunburst/SunburstUtilities.js.gz
- highcharts/12.1.0/es-modules/Series/Sunburst/SunburstUtilities.min.js.br
- highcharts/12.1.0/es-modules/Series/Sunburst/SunburstUtilities.min.js.gz
- highcharts/12.1.0/es-modules/Series/TiledWebMap/TiledWebMapSeries.js.br
- highcharts/12.1.0/es-modules/Series/TiledWebMap/TiledWebMapSeries.js.gz
- highcharts/12.1.0/es-modules/Series/TiledWebMap/TiledWebMapSeries.min.js.br
- highcharts/12.1.0/es-modules/Series/TiledWebMap/TiledWebMapSeries.min.js.gz
- highcharts/12.1.0/es-modules/Series/TiledWebMap/TiledWebMapSeriesDefaults.js.br
- highcharts/12.1.0/es-modules/Series/TiledWebMap/TiledWebMapSeriesDefaults.js.gz
- highcharts/12.1.0/es-modules/Series/TiledWebMap/TiledWebMapSeriesDefaults.min.js.br
- highcharts/12.1.0/es-modules/Series/TiledWebMap/TiledWebMapSeriesDefaults.min.js.gz
- highcharts/12.1.0/es-modules/Series/Tilemap/TilemapPoint.js.br
- highcharts/12.1.0/es-modules/Series/Tilemap/TilemapPoint.js.gz
- highcharts/12.1.0/es-modules/Series/Tilemap/TilemapPoint.min.js.br
- highcharts/12.1.0/es-modules/Series/Tilemap/TilemapPoint.min.js.gz
- highcharts/12.1.0/es-modules/Series/Tilemap/TilemapSeries.js.br
- highcharts/12.1.0/es-modules/Series/Tilemap/TilemapSeries.js.gz
- highcharts/12.1.0/es-modules/Series/Tilemap/TilemapSeries.min.js.br
- highcharts/12.1.0/es-modules/Series/Tilemap/TilemapSeries.min.js.gz
- highcharts/12.1.0/es-modules/Series/Tilemap/TilemapSeriesDefaults.js.br
- highcharts/12.1.0/es-modules/Series/Tilemap/TilemapSeriesDefaults.js.gz
- highcharts/12.1.0/es-modules/Series/Tilemap/TilemapSeriesDefaults.min.js.br
- highcharts/12.1.0/es-modules/Series/Tilemap/TilemapSeriesDefaults.min.js.gz
- highcharts/12.1.0/es-modules/Series/Tilemap/TilemapShapes.js.br
- highcharts/12.1.0/es-modules/Series/Tilemap/TilemapShapes.js.gz
- highcharts/12.1.0/es-modules/Series/Tilemap/TilemapShapes.min.js.br
- highcharts/12.1.0/es-modules/Series/Tilemap/TilemapShapes.min.js.gz
- highcharts/12.1.0/es-modules/Series/Timeline/TimelinePoint.js.br
- highcharts/12.1.0/es-modules/Series/Timeline/TimelinePoint.js.gz
- highcharts/12.1.0/es-modules/Series/Timeline/TimelinePoint.min.js.br
- highcharts/12.1.0/es-modules/Series/Timeline/TimelinePoint.min.js.gz
- highcharts/12.1.0/es-modules/Series/Timeline/TimelineSeries.js.br
- highcharts/12.1.0/es-modules/Series/Timeline/TimelineSeries.js.gz
- highcharts/12.1.0/es-modules/Series/Timeline/TimelineSeries.min.js.br
- highcharts/12.1.0/es-modules/Series/Timeline/TimelineSeries.min.js.gz
- highcharts/12.1.0/es-modules/Series/Timeline/TimelineSeriesDefaults.js.br
- highcharts/12.1.0/es-modules/Series/Timeline/TimelineSeriesDefaults.js.gz
- highcharts/12.1.0/es-modules/Series/Timeline/TimelineSeriesDefaults.min.js.br
- highcharts/12.1.0/es-modules/Series/Timeline/TimelineSeriesDefaults.min.js.gz
- highcharts/12.1.0/es-modules/Series/TreeUtilities.js.br
- highcharts/12.1.0/es-modules/Series/TreeUtilities.js.gz
- highcharts/12.1.0/es-modules/Series/TreeUtilities.min.js.br
- highcharts/12.1.0/es-modules/Series/TreeUtilities.min.js.gz
- highcharts/12.1.0/es-modules/Series/Treegraph/TreegraphLayout.js.br
- highcharts/12.1.0/es-modules/Series/Treegraph/TreegraphLayout.js.gz
- highcharts/12.1.0/es-modules/Series/Treegraph/TreegraphLayout.min.js.br
- highcharts/12.1.0/es-modules/Series/Treegraph/TreegraphLayout.min.js.gz
- highcharts/12.1.0/es-modules/Series/Treegraph/TreegraphLink.js.br
- highcharts/12.1.0/es-modules/Series/Treegraph/TreegraphLink.js.gz
- highcharts/12.1.0/es-modules/Series/Treegraph/TreegraphLink.min.js.br
- highcharts/12.1.0/es-modules/Series/Treegraph/TreegraphLink.min.js.gz
- highcharts/12.1.0/es-modules/Series/Treegraph/TreegraphNode.js.br
- highcharts/12.1.0/es-modules/Series/Treegraph/TreegraphNode.js.gz
- highcharts/12.1.0/es-modules/Series/Treegraph/TreegraphNode.min.js.br
- highcharts/12.1.0/es-modules/Series/Treegraph/TreegraphNode.min.js.gz
- highcharts/12.1.0/es-modules/Series/Treegraph/TreegraphPoint.js.br
- highcharts/12.1.0/es-modules/Series/Treegraph/TreegraphPoint.js.gz
- highcharts/12.1.0/es-modules/Series/Treegraph/TreegraphPoint.min.js.br
- highcharts/12.1.0/es-modules/Series/Treegraph/TreegraphPoint.min.js.gz
- highcharts/12.1.0/es-modules/Series/Treegraph/TreegraphSeries.js.br
- highcharts/12.1.0/es-modules/Series/Treegraph/TreegraphSeries.js.gz
- highcharts/12.1.0/es-modules/Series/Treegraph/TreegraphSeries.min.js.br
- highcharts/12.1.0/es-modules/Series/Treegraph/TreegraphSeries.min.js.gz
- highcharts/12.1.0/es-modules/Series/Treegraph/TreegraphSeriesDefaults.js.br
- highcharts/12.1.0/es-modules/Series/Treegraph/TreegraphSeriesDefaults.js.gz
- highcharts/12.1.0/es-modules/Series/Treegraph/TreegraphSeriesDefaults.min.js.br
- highcharts/12.1.0/es-modules/Series/Treegraph/TreegraphSeriesDefaults.min.js.gz
- highcharts/12.1.0/es-modules/Series/Treemap/TreemapAlgorithmGroup.js.br
- highcharts/12.1.0/es-modules/Series/Treemap/TreemapAlgorithmGroup.js.gz
- highcharts/12.1.0/es-modules/Series/Treemap/TreemapAlgorithmGroup.min.js.br
- highcharts/12.1.0/es-modules/Series/Treemap/TreemapAlgorithmGroup.min.js.gz
- highcharts/12.1.0/es-modules/Series/Treemap/TreemapNode.js.br
- highcharts/12.1.0/es-modules/Series/Treemap/TreemapNode.js.gz
- highcharts/12.1.0/es-modules/Series/Treemap/TreemapNode.min.js.br
- highcharts/12.1.0/es-modules/Series/Treemap/TreemapNode.min.js.gz
- highcharts/12.1.0/es-modules/Series/Treemap/TreemapPoint.js.br
- highcharts/12.1.0/es-modules/Series/Treemap/TreemapPoint.js.gz
- highcharts/12.1.0/es-modules/Series/Treemap/TreemapPoint.min.js.br
- highcharts/12.1.0/es-modules/Series/Treemap/TreemapPoint.min.js.gz
- highcharts/12.1.0/es-modules/Series/Treemap/TreemapSeries.js.br
- highcharts/12.1.0/es-modules/Series/Treemap/TreemapSeries.js.gz
- highcharts/12.1.0/es-modules/Series/Treemap/TreemapSeries.min.js.br
- highcharts/12.1.0/es-modules/Series/Treemap/TreemapSeries.min.js.gz
- highcharts/12.1.0/es-modules/Series/Treemap/TreemapSeriesDefaults.js.br
- highcharts/12.1.0/es-modules/Series/Treemap/TreemapSeriesDefaults.js.gz
- highcharts/12.1.0/es-modules/Series/Treemap/TreemapSeriesDefaults.min.js.br
- highcharts/12.1.0/es-modules/Series/Treemap/TreemapSeriesDefaults.min.js.gz
- highcharts/12.1.0/es-modules/Series/Treemap/TreemapUtilities.js.br
- highcharts/12.1.0/es-modules/Series/Treemap/TreemapUtilities.js.gz
- highcharts/12.1.0/es-modules/Series/Treemap/TreemapUtilities.min.js.br
- highcharts/12.1.0/es-modules/Series/Treemap/TreemapUtilities.min.js.gz
- highcharts/12.1.0/es-modules/Series/VariablePie/VariablePieSeries.js.br
- highcharts/12.1.0/es-modules/Series/VariablePie/VariablePieSeries.js.gz
- highcharts/12.1.0/es-modules/Series/VariablePie/VariablePieSeries.min.js.br
- highcharts/12.1.0/es-modules/Series/VariablePie/VariablePieSeries.min.js.gz
- highcharts/12.1.0/es-modules/Series/VariablePie/VariablePieSeriesDefaults.js.br
- highcharts/12.1.0/es-modules/Series/VariablePie/VariablePieSeriesDefaults.js.gz
- highcharts/12.1.0/es-modules/Series/VariablePie/VariablePieSeriesDefaults.min.js.br
- highcharts/12.1.0/es-modules/Series/VariablePie/VariablePieSeriesDefaults.min.js.gz
- highcharts/12.1.0/es-modules/Series/Variwide/VariwideComposition.js.br
- highcharts/12.1.0/es-modules/Series/Variwide/VariwideComposition.js.gz
- highcharts/12.1.0/es-modules/Series/Variwide/VariwideComposition.min.js.br
- highcharts/12.1.0/es-modules/Series/Variwide/VariwideComposition.min.js.gz
- highcharts/12.1.0/es-modules/Series/Variwide/VariwidePoint.js.br
- highcharts/12.1.0/es-modules/Series/Variwide/VariwidePoint.js.gz
- highcharts/12.1.0/es-modules/Series/Variwide/VariwidePoint.min.js.br
- highcharts/12.1.0/es-modules/Series/Variwide/VariwidePoint.min.js.gz
- highcharts/12.1.0/es-modules/Series/Variwide/VariwideSeries.js.br
- highcharts/12.1.0/es-modules/Series/Variwide/VariwideSeries.js.gz
- highcharts/12.1.0/es-modules/Series/Variwide/VariwideSeries.min.js.br
- highcharts/12.1.0/es-modules/Series/Variwide/VariwideSeries.min.js.gz
- highcharts/12.1.0/es-modules/Series/Variwide/VariwideSeriesDefaults.js.br
- highcharts/12.1.0/es-modules/Series/Variwide/VariwideSeriesDefaults.js.gz
- highcharts/12.1.0/es-modules/Series/Variwide/VariwideSeriesDefaults.min.js.br
- highcharts/12.1.0/es-modules/Series/Variwide/VariwideSeriesDefaults.min.js.gz
- highcharts/12.1.0/es-modules/Series/Vector/VectorSeries.js.br
- highcharts/12.1.0/es-modules/Series/Vector/VectorSeries.js.gz
- highcharts/12.1.0/es-modules/Series/Vector/VectorSeries.min.js.br
- highcharts/12.1.0/es-modules/Series/Vector/VectorSeries.min.js.gz
- highcharts/12.1.0/es-modules/Series/Vector/VectorSeriesDefaults.js.br
- highcharts/12.1.0/es-modules/Series/Vector/VectorSeriesDefaults.js.gz
- highcharts/12.1.0/es-modules/Series/Vector/VectorSeriesDefaults.min.js.br
- highcharts/12.1.0/es-modules/Series/Vector/VectorSeriesDefaults.min.js.gz
- highcharts/12.1.0/es-modules/Series/Venn/VennPoint.js.br
- highcharts/12.1.0/es-modules/Series/Venn/VennPoint.js.gz
- highcharts/12.1.0/es-modules/Series/Venn/VennPoint.min.js.br
- highcharts/12.1.0/es-modules/Series/Venn/VennPoint.min.js.gz
- highcharts/12.1.0/es-modules/Series/Venn/VennSeries.js.br
- highcharts/12.1.0/es-modules/Series/Venn/VennSeries.js.gz
- highcharts/12.1.0/es-modules/Series/Venn/VennSeries.min.js.br
- highcharts/12.1.0/es-modules/Series/Venn/VennSeries.min.js.gz
- highcharts/12.1.0/es-modules/Series/Venn/VennSeriesDefaults.js.br
- highcharts/12.1.0/es-modules/Series/Venn/VennSeriesDefaults.js.gz
- highcharts/12.1.0/es-modules/Series/Venn/VennSeriesDefaults.min.js.br
- highcharts/12.1.0/es-modules/Series/Venn/VennSeriesDefaults.min.js.gz
- highcharts/12.1.0/es-modules/Series/Venn/VennUtils.js.br
- highcharts/12.1.0/es-modules/Series/Venn/VennUtils.js.gz
- highcharts/12.1.0/es-modules/Series/Venn/VennUtils.min.js.br
- highcharts/12.1.0/es-modules/Series/Venn/VennUtils.min.js.gz
- highcharts/12.1.0/es-modules/Series/Waterfall/WaterfallPoint.js.br
- highcharts/12.1.0/es-modules/Series/Waterfall/WaterfallPoint.js.gz
- highcharts/12.1.0/es-modules/Series/Waterfall/WaterfallPoint.min.js.br
- highcharts/12.1.0/es-modules/Series/Waterfall/WaterfallPoint.min.js.gz
- highcharts/12.1.0/es-modules/Series/Waterfall/WaterfallSeries.js.br
- highcharts/12.1.0/es-modules/Series/Waterfall/WaterfallSeries.js.gz
- highcharts/12.1.0/es-modules/Series/Waterfall/WaterfallSeries.min.js.br
- highcharts/12.1.0/es-modules/Series/Waterfall/WaterfallSeries.min.js.gz
- highcharts/12.1.0/es-modules/Series/Waterfall/WaterfallSeriesDefaults.js.br
- highcharts/12.1.0/es-modules/Series/Waterfall/WaterfallSeriesDefaults.js.gz
- highcharts/12.1.0/es-modules/Series/Waterfall/WaterfallSeriesDefaults.min.js.br
- highcharts/12.1.0/es-modules/Series/Waterfall/WaterfallSeriesDefaults.min.js.gz
- highcharts/12.1.0/es-modules/Series/Windbarb/WindbarbPoint.js.br
- highcharts/12.1.0/es-modules/Series/Windbarb/WindbarbPoint.js.gz
- highcharts/12.1.0/es-modules/Series/Windbarb/WindbarbPoint.min.js.br
- highcharts/12.1.0/es-modules/Series/Windbarb/WindbarbPoint.min.js.gz
- highcharts/12.1.0/es-modules/Series/Windbarb/WindbarbSeries.js.br
- highcharts/12.1.0/es-modules/Series/Windbarb/WindbarbSeries.js.gz
- highcharts/12.1.0/es-modules/Series/Windbarb/WindbarbSeries.min.js.br
- highcharts/12.1.0/es-modules/Series/Windbarb/WindbarbSeries.min.js.gz
- highcharts/12.1.0/es-modules/Series/Windbarb/WindbarbSeriesDefaults.js.br
- highcharts/12.1.0/es-modules/Series/Windbarb/WindbarbSeriesDefaults.js.gz
- highcharts/12.1.0/es-modules/Series/Windbarb/WindbarbSeriesDefaults.min.js.br
- highcharts/12.1.0/es-modules/Series/Windbarb/WindbarbSeriesDefaults.min.js.gz
- highcharts/12.1.0/es-modules/Series/Wordcloud/WordcloudPoint.js.br
- highcharts/12.1.0/es-modules/Series/Wordcloud/WordcloudPoint.js.gz
- highcharts/12.1.0/es-modules/Series/Wordcloud/WordcloudPoint.min.js.br
- highcharts/12.1.0/es-modules/Series/Wordcloud/WordcloudPoint.min.js.gz
- highcharts/12.1.0/es-modules/Series/Wordcloud/WordcloudSeries.js.br
- highcharts/12.1.0/es-modules/Series/Wordcloud/WordcloudSeries.js.gz
- highcharts/12.1.0/es-modules/Series/Wordcloud/WordcloudSeries.min.js.br
- highcharts/12.1.0/es-modules/Series/Wordcloud/WordcloudSeries.min.js.gz
- highcharts/12.1.0/es-modules/Series/Wordcloud/WordcloudSeriesDefaults.js.br
- highcharts/12.1.0/es-modules/Series/Wordcloud/WordcloudSeriesDefaults.js.gz
- highcharts/12.1.0/es-modules/Series/Wordcloud/WordcloudSeriesDefaults.min.js.br
- highcharts/12.1.0/es-modules/Series/Wordcloud/WordcloudSeriesDefaults.min.js.gz
- highcharts/12.1.0/es-modules/Series/Wordcloud/WordcloudUtils.js.br
- highcharts/12.1.0/es-modules/Series/Wordcloud/WordcloudUtils.js.gz
- highcharts/12.1.0/es-modules/Series/Wordcloud/WordcloudUtils.min.js.br
- highcharts/12.1.0/es-modules/Series/Wordcloud/WordcloudUtils.min.js.gz
- highcharts/12.1.0/es-modules/Series/XRange/XRangePoint.js.br
- highcharts/12.1.0/es-modules/Series/XRange/XRangePoint.js.gz
- highcharts/12.1.0/es-modules/Series/XRange/XRangePoint.min.js.br
- highcharts/12.1.0/es-modules/Series/XRange/XRangePoint.min.js.gz
- highcharts/12.1.0/es-modules/Series/XRange/XRangeSeries.js.br
- highcharts/12.1.0/es-modules/Series/XRange/XRangeSeries.js.gz
- highcharts/12.1.0/es-modules/Series/XRange/XRangeSeries.min.js.br
- highcharts/12.1.0/es-modules/Series/XRange/XRangeSeries.min.js.gz
- highcharts/12.1.0/es-modules/Series/XRange/XRangeSeriesDefaults.js.br
- highcharts/12.1.0/es-modules/Series/XRange/XRangeSeriesDefaults.js.gz
- highcharts/12.1.0/es-modules/Series/XRange/XRangeSeriesDefaults.min.js.br
- highcharts/12.1.0/es-modules/Series/XRange/XRangeSeriesDefaults.min.js.gz
- highcharts/12.1.0/es-modules/Shared/BaseForm.js.br
- highcharts/12.1.0/es-modules/Shared/BaseForm.js.gz
- highcharts/12.1.0/es-modules/Shared/BaseForm.min.js.br
- highcharts/12.1.0/es-modules/Shared/BaseForm.min.js.gz
- highcharts/12.1.0/es-modules/Shared/Types.js.br
- highcharts/12.1.0/es-modules/Shared/Types.js.gz
- highcharts/12.1.0/es-modules/Shared/Types.min.js.br
- highcharts/12.1.0/es-modules/Shared/Types.min.js.gz
- highcharts/12.1.0/es-modules/Stock/Indicators/ABands/ABandsIndicator.js.br
- highcharts/12.1.0/es-modules/Stock/Indicators/ABands/ABandsIndicator.js.gz
- highcharts/12.1.0/es-modules/Stock/Indicators/ABands/ABandsIndicator.min.js.br
- highcharts/12.1.0/es-modules/Stock/Indicators/ABands/ABandsIndicator.min.js.gz
- highcharts/12.1.0/es-modules/Stock/Indicators/AD/ADIndicator.js.br
- highcharts/12.1.0/es-modules/Stock/Indicators/AD/ADIndicator.js.gz
- highcharts/12.1.0/es-modules/Stock/Indicators/AD/ADIndicator.min.js.br
- highcharts/12.1.0/es-modules/Stock/Indicators/AD/ADIndicator.min.js.gz
- highcharts/12.1.0/es-modules/Stock/Indicators/AO/AOIndicator.js.br
- highcharts/12.1.0/es-modules/Stock/Indicators/AO/AOIndicator.js.gz
- highcharts/12.1.0/es-modules/Stock/Indicators/AO/AOIndicator.min.js.br
- highcharts/12.1.0/es-modules/Stock/Indicators/AO/AOIndicator.min.js.gz
- highcharts/12.1.0/es-modules/Stock/Indicators/APO/APOIndicator.js.br
- highcharts/12.1.0/es-modules/Stock/Indicators/APO/APOIndicator.js.gz
- highcharts/12.1.0/es-modules/Stock/Indicators/APO/APOIndicator.min.js.br
- highcharts/12.1.0/es-modules/Stock/Indicators/APO/APOIndicator.min.js.gz
- highcharts/12.1.0/es-modules/Stock/Indicators/ATR/ATRIndicator.js.br
- highcharts/12.1.0/es-modules/Stock/Indicators/ATR/ATRIndicator.js.gz
- highcharts/12.1.0/es-modules/Stock/Indicators/ATR/ATRIndicator.min.js.br
- highcharts/12.1.0/es-modules/Stock/Indicators/ATR/ATRIndicator.min.js.gz
- highcharts/12.1.0/es-modules/Stock/Indicators/Aroon/AroonIndicator.js.br
- highcharts/12.1.0/es-modules/Stock/Indicators/Aroon/AroonIndicator.js.gz
- highcharts/12.1.0/es-modules/Stock/Indicators/Aroon/AroonIndicator.min.js.br
- highcharts/12.1.0/es-modules/Stock/Indicators/Aroon/AroonIndicator.min.js.gz
- highcharts/12.1.0/es-modules/Stock/Indicators/AroonOscillator/AroonOscillatorIndicator.js.br
- highcharts/12.1.0/es-modules/Stock/Indicators/AroonOscillator/AroonOscillatorIndicator.js.gz
- highcharts/12.1.0/es-modules/Stock/Indicators/AroonOscillator/AroonOscillatorIndicator.min.js.br
- highcharts/12.1.0/es-modules/Stock/Indicators/AroonOscillator/AroonOscillatorIndicator.min.js.gz
- highcharts/12.1.0/es-modules/Stock/Indicators/ArrayUtilities.js.br
- highcharts/12.1.0/es-modules/Stock/Indicators/ArrayUtilities.js.gz
- highcharts/12.1.0/es-modules/Stock/Indicators/ArrayUtilities.min.js.br
- highcharts/12.1.0/es-modules/Stock/Indicators/ArrayUtilities.min.js.gz
- highcharts/12.1.0/es-modules/Stock/Indicators/BB/BBIndicator.js.br
- highcharts/12.1.0/es-modules/Stock/Indicators/BB/BBIndicator.js.gz
- highcharts/12.1.0/es-modules/Stock/Indicators/BB/BBIndicator.min.js.br
- highcharts/12.1.0/es-modules/Stock/Indicators/BB/BBIndicator.min.js.gz
- highcharts/12.1.0/es-modules/Stock/Indicators/CCI/CCIIndicator.js.br
- highcharts/12.1.0/es-modules/Stock/Indicators/CCI/CCIIndicator.js.gz
- highcharts/12.1.0/es-modules/Stock/Indicators/CCI/CCIIndicator.min.js.br
- highcharts/12.1.0/es-modules/Stock/Indicators/CCI/CCIIndicator.min.js.gz
- highcharts/12.1.0/es-modules/Stock/Indicators/CMF/CMFIndicator.js.br
- highcharts/12.1.0/es-modules/Stock/Indicators/CMF/CMFIndicator.js.gz
- highcharts/12.1.0/es-modules/Stock/Indicators/CMF/CMFIndicator.min.js.br
- highcharts/12.1.0/es-modules/Stock/Indicators/CMF/CMFIndicator.min.js.gz
- highcharts/12.1.0/es-modules/Stock/Indicators/CMO/CMOIndicator.js.br
- highcharts/12.1.0/es-modules/Stock/Indicators/CMO/CMOIndicator.js.gz
- highcharts/12.1.0/es-modules/Stock/Indicators/CMO/CMOIndicator.min.js.br
- highcharts/12.1.0/es-modules/Stock/Indicators/CMO/CMOIndicator.min.js.gz
- highcharts/12.1.0/es-modules/Stock/Indicators/Chaikin/ChaikinIndicator.js.br
- highcharts/12.1.0/es-modules/Stock/Indicators/Chaikin/ChaikinIndicator.js.gz
- highcharts/12.1.0/es-modules/Stock/Indicators/Chaikin/ChaikinIndicator.min.js.br
- highcharts/12.1.0/es-modules/Stock/Indicators/Chaikin/ChaikinIndicator.min.js.gz
- highcharts/12.1.0/es-modules/Stock/Indicators/DEMA/DEMAIndicator.js.br
- highcharts/12.1.0/es-modules/Stock/Indicators/DEMA/DEMAIndicator.js.gz
- highcharts/12.1.0/es-modules/Stock/Indicators/DEMA/DEMAIndicator.min.js.br
- highcharts/12.1.0/es-modules/Stock/Indicators/DEMA/DEMAIndicator.min.js.gz
- highcharts/12.1.0/es-modules/Stock/Indicators/DMI/DMIIndicator.js.br
- highcharts/12.1.0/es-modules/Stock/Indicators/DMI/DMIIndicator.js.gz
- highcharts/12.1.0/es-modules/Stock/Indicators/DMI/DMIIndicator.min.js.br
- highcharts/12.1.0/es-modules/Stock/Indicators/DMI/DMIIndicator.min.js.gz
- highcharts/12.1.0/es-modules/Stock/Indicators/DPO/DPOIndicator.js.br
- highcharts/12.1.0/es-modules/Stock/Indicators/DPO/DPOIndicator.js.gz
- highcharts/12.1.0/es-modules/Stock/Indicators/DPO/DPOIndicator.min.js.br
- highcharts/12.1.0/es-modules/Stock/Indicators/DPO/DPOIndicator.min.js.gz
- highcharts/12.1.0/es-modules/Stock/Indicators/DisparityIndex/DisparityIndexIndicator.js.br
- highcharts/12.1.0/es-modules/Stock/Indicators/DisparityIndex/DisparityIndexIndicator.js.gz
- highcharts/12.1.0/es-modules/Stock/Indicators/DisparityIndex/DisparityIndexIndicator.min.js.br
- highcharts/12.1.0/es-modules/Stock/Indicators/DisparityIndex/DisparityIndexIndicator.min.js.gz
- highcharts/12.1.0/es-modules/Stock/Indicators/EMA/EMAIndicator.js.br
- highcharts/12.1.0/es-modules/Stock/Indicators/EMA/EMAIndicator.js.gz
- highcharts/12.1.0/es-modules/Stock/Indicators/EMA/EMAIndicator.min.js.br
- highcharts/12.1.0/es-modules/Stock/Indicators/EMA/EMAIndicator.min.js.gz
- highcharts/12.1.0/es-modules/Stock/Indicators/IKH/IKHIndicator.js.br
- highcharts/12.1.0/es-modules/Stock/Indicators/IKH/IKHIndicator.js.gz
- highcharts/12.1.0/es-modules/Stock/Indicators/IKH/IKHIndicator.min.js.br
- highcharts/12.1.0/es-modules/Stock/Indicators/IKH/IKHIndicator.min.js.gz
- highcharts/12.1.0/es-modules/Stock/Indicators/KeltnerChannels/KeltnerChannelsIndicator.js.br
- highcharts/12.1.0/es-modules/Stock/Indicators/KeltnerChannels/KeltnerChannelsIndicator.js.gz
- highcharts/12.1.0/es-modules/Stock/Indicators/KeltnerChannels/KeltnerChannelsIndicator.min.js.br
- highcharts/12.1.0/es-modules/Stock/Indicators/KeltnerChannels/KeltnerChannelsIndicator.min.js.gz
- highcharts/12.1.0/es-modules/Stock/Indicators/Klinger/KlingerIndicator.js.br
- highcharts/12.1.0/es-modules/Stock/Indicators/Klinger/KlingerIndicator.js.gz
- highcharts/12.1.0/es-modules/Stock/Indicators/Klinger/KlingerIndicator.min.js.br
- highcharts/12.1.0/es-modules/Stock/Indicators/Klinger/KlingerIndicator.min.js.gz
- highcharts/12.1.0/es-modules/Stock/Indicators/LinearRegression/LinearRegressionIndicator.js.br
- highcharts/12.1.0/es-modules/Stock/Indicators/LinearRegression/LinearRegressionIndicator.js.gz
- highcharts/12.1.0/es-modules/Stock/Indicators/LinearRegression/LinearRegressionIndicator.min.js.br
- highcharts/12.1.0/es-modules/Stock/Indicators/LinearRegression/LinearRegressionIndicator.min.js.gz
- highcharts/12.1.0/es-modules/Stock/Indicators/LinearRegressionAngle/LinearRegressionAngleIndicator.js.br
- highcharts/12.1.0/es-modules/Stock/Indicators/LinearRegressionAngle/LinearRegressionAngleIndicator.js.gz
- highcharts/12.1.0/es-modules/Stock/Indicators/LinearRegressionAngle/LinearRegressionAngleIndicator.min.js.br
- highcharts/12.1.0/es-modules/Stock/Indicators/LinearRegressionAngle/LinearRegressionAngleIndicator.min.js.gz
- highcharts/12.1.0/es-modules/Stock/Indicators/LinearRegressionIntercept/LinearRegressionInterceptIndicator.js.br
- highcharts/12.1.0/es-modules/Stock/Indicators/LinearRegressionIntercept/LinearRegressionInterceptIndicator.js.gz
- highcharts/12.1.0/es-modules/Stock/Indicators/LinearRegressionIntercept/LinearRegressionInterceptIndicator.min.js.br
- highcharts/12.1.0/es-modules/Stock/Indicators/LinearRegressionIntercept/LinearRegressionInterceptIndicator.min.js.gz
- highcharts/12.1.0/es-modules/Stock/Indicators/LinearRegressionSlopes/LinearRegressionSlopesIndicator.js.br
- highcharts/12.1.0/es-modules/Stock/Indicators/LinearRegressionSlopes/LinearRegressionSlopesIndicator.js.gz
- highcharts/12.1.0/es-modules/Stock/Indicators/LinearRegressionSlopes/LinearRegressionSlopesIndicator.min.js.br
- highcharts/12.1.0/es-modules/Stock/Indicators/LinearRegressionSlopes/LinearRegressionSlopesIndicator.min.js.gz
- highcharts/12.1.0/es-modules/Stock/Indicators/MACD/MACDIndicator.js.br
- highcharts/12.1.0/es-modules/Stock/Indicators/MACD/MACDIndicator.js.gz
- highcharts/12.1.0/es-modules/Stock/Indicators/MACD/MACDIndicator.min.js.br
- highcharts/12.1.0/es-modules/Stock/Indicators/MACD/MACDIndicator.min.js.gz
- highcharts/12.1.0/es-modules/Stock/Indicators/MFI/MFIIndicator.js.br
- highcharts/12.1.0/es-modules/Stock/Indicators/MFI/MFIIndicator.js.gz
- highcharts/12.1.0/es-modules/Stock/Indicators/MFI/MFIIndicator.min.js.br
- highcharts/12.1.0/es-modules/Stock/Indicators/MFI/MFIIndicator.min.js.gz
- highcharts/12.1.0/es-modules/Stock/Indicators/Momentum/MomentumIndicator.js.br
- highcharts/12.1.0/es-modules/Stock/Indicators/Momentum/MomentumIndicator.js.gz
- highcharts/12.1.0/es-modules/Stock/Indicators/Momentum/MomentumIndicator.min.js.br
- highcharts/12.1.0/es-modules/Stock/Indicators/Momentum/MomentumIndicator.min.js.gz
- highcharts/12.1.0/es-modules/Stock/Indicators/MultipleLinesComposition.js.br
- highcharts/12.1.0/es-modules/Stock/Indicators/MultipleLinesComposition.js.gz
- highcharts/12.1.0/es-modules/Stock/Indicators/MultipleLinesComposition.min.js.br
- highcharts/12.1.0/es-modules/Stock/Indicators/MultipleLinesComposition.min.js.gz
- highcharts/12.1.0/es-modules/Stock/Indicators/NATR/NATRIndicator.js.br
- highcharts/12.1.0/es-modules/Stock/Indicators/NATR/NATRIndicator.js.gz
- highcharts/12.1.0/es-modules/Stock/Indicators/NATR/NATRIndicator.min.js.br
- highcharts/12.1.0/es-modules/Stock/Indicators/NATR/NATRIndicator.min.js.gz
- highcharts/12.1.0/es-modules/Stock/Indicators/OBV/OBVIndicator.js.br
- highcharts/12.1.0/es-modules/Stock/Indicators/OBV/OBVIndicator.js.gz
- highcharts/12.1.0/es-modules/Stock/Indicators/OBV/OBVIndicator.min.js.br
- highcharts/12.1.0/es-modules/Stock/Indicators/OBV/OBVIndicator.min.js.gz
- highcharts/12.1.0/es-modules/Stock/Indicators/PC/PCIndicator.js.br
- highcharts/12.1.0/es-modules/Stock/Indicators/PC/PCIndicator.js.gz
- highcharts/12.1.0/es-modules/Stock/Indicators/PC/PCIndicator.min.js.br
- highcharts/12.1.0/es-modules/Stock/Indicators/PC/PCIndicator.min.js.gz
- highcharts/12.1.0/es-modules/Stock/Indicators/PPO/PPOIndicator.js.br
- highcharts/12.1.0/es-modules/Stock/Indicators/PPO/PPOIndicator.js.gz
- highcharts/12.1.0/es-modules/Stock/Indicators/PPO/PPOIndicator.min.js.br
- highcharts/12.1.0/es-modules/Stock/Indicators/PPO/PPOIndicator.min.js.gz
- highcharts/12.1.0/es-modules/Stock/Indicators/PSAR/PSARIndicator.js.br
- highcharts/12.1.0/es-modules/Stock/Indicators/PSAR/PSARIndicator.js.gz
- highcharts/12.1.0/es-modules/Stock/Indicators/PSAR/PSARIndicator.min.js.br
- highcharts/12.1.0/es-modules/Stock/Indicators/PSAR/PSARIndicator.min.js.gz
- highcharts/12.1.0/es-modules/Stock/Indicators/PivotPoints/PivotPointsIndicator.js.br
- highcharts/12.1.0/es-modules/Stock/Indicators/PivotPoints/PivotPointsIndicator.js.gz
- highcharts/12.1.0/es-modules/Stock/Indicators/PivotPoints/PivotPointsIndicator.min.js.br
- highcharts/12.1.0/es-modules/Stock/Indicators/PivotPoints/PivotPointsIndicator.min.js.gz
- highcharts/12.1.0/es-modules/Stock/Indicators/PivotPoints/PivotPointsPoint.js.br
- highcharts/12.1.0/es-modules/Stock/Indicators/PivotPoints/PivotPointsPoint.js.gz
- highcharts/12.1.0/es-modules/Stock/Indicators/PivotPoints/PivotPointsPoint.min.js.br
- highcharts/12.1.0/es-modules/Stock/Indicators/PivotPoints/PivotPointsPoint.min.js.gz
- highcharts/12.1.0/es-modules/Stock/Indicators/PriceEnvelopes/PriceEnvelopesIndicator.js.br
- highcharts/12.1.0/es-modules/Stock/Indicators/PriceEnvelopes/PriceEnvelopesIndicator.js.gz
- highcharts/12.1.0/es-modules/Stock/Indicators/PriceEnvelopes/PriceEnvelopesIndicator.min.js.br
- highcharts/12.1.0/es-modules/Stock/Indicators/PriceEnvelopes/PriceEnvelopesIndicator.min.js.gz
- highcharts/12.1.0/es-modules/Stock/Indicators/ROC/ROCIndicator.js.br
- highcharts/12.1.0/es-modules/Stock/Indicators/ROC/ROCIndicator.js.gz
- highcharts/12.1.0/es-modules/Stock/Indicators/ROC/ROCIndicator.min.js.br
- highcharts/12.1.0/es-modules/Stock/Indicators/ROC/ROCIndicator.min.js.gz
- highcharts/12.1.0/es-modules/Stock/Indicators/RSI/RSIIndicator.js.br
- highcharts/12.1.0/es-modules/Stock/Indicators/RSI/RSIIndicator.js.gz
- highcharts/12.1.0/es-modules/Stock/Indicators/RSI/RSIIndicator.min.js.br
- highcharts/12.1.0/es-modules/Stock/Indicators/RSI/RSIIndicator.min.js.gz
- highcharts/12.1.0/es-modules/Stock/Indicators/SMA/SMAIndicator.js.br
- highcharts/12.1.0/es-modules/Stock/Indicators/SMA/SMAIndicator.js.gz
- highcharts/12.1.0/es-modules/Stock/Indicators/SMA/SMAIndicator.min.js.br
- highcharts/12.1.0/es-modules/Stock/Indicators/SMA/SMAIndicator.min.js.gz
- highcharts/12.1.0/es-modules/Stock/Indicators/SlowStochastic/SlowStochasticIndicator.js.br
- highcharts/12.1.0/es-modules/Stock/Indicators/SlowStochastic/SlowStochasticIndicator.js.gz
- highcharts/12.1.0/es-modules/Stock/Indicators/SlowStochastic/SlowStochasticIndicator.min.js.br
- highcharts/12.1.0/es-modules/Stock/Indicators/SlowStochastic/SlowStochasticIndicator.min.js.gz
- highcharts/12.1.0/es-modules/Stock/Indicators/Stochastic/StochasticIndicator.js.br
- highcharts/12.1.0/es-modules/Stock/Indicators/Stochastic/StochasticIndicator.js.gz
- highcharts/12.1.0/es-modules/Stock/Indicators/Stochastic/StochasticIndicator.min.js.br
- highcharts/12.1.0/es-modules/Stock/Indicators/Stochastic/StochasticIndicator.min.js.gz
- highcharts/12.1.0/es-modules/Stock/Indicators/Supertrend/SupertrendIndicator.js.br
- highcharts/12.1.0/es-modules/Stock/Indicators/Supertrend/SupertrendIndicator.js.gz
- highcharts/12.1.0/es-modules/Stock/Indicators/Supertrend/SupertrendIndicator.min.js.br
- highcharts/12.1.0/es-modules/Stock/Indicators/Supertrend/SupertrendIndicator.min.js.gz
- highcharts/12.1.0/es-modules/Stock/Indicators/TEMA/TEMAIndicator.js.br
- highcharts/12.1.0/es-modules/Stock/Indicators/TEMA/TEMAIndicator.js.gz
- highcharts/12.1.0/es-modules/Stock/Indicators/TEMA/TEMAIndicator.min.js.br
- highcharts/12.1.0/es-modules/Stock/Indicators/TEMA/TEMAIndicator.min.js.gz
- highcharts/12.1.0/es-modules/Stock/Indicators/TRIX/TRIXIndicator.js.br
- highcharts/12.1.0/es-modules/Stock/Indicators/TRIX/TRIXIndicator.js.gz
- highcharts/12.1.0/es-modules/Stock/Indicators/TRIX/TRIXIndicator.min.js.br
- highcharts/12.1.0/es-modules/Stock/Indicators/TRIX/TRIXIndicator.min.js.gz
- highcharts/12.1.0/es-modules/Stock/Indicators/TrendLine/TrendLineIndicator.js.br
- highcharts/12.1.0/es-modules/Stock/Indicators/TrendLine/TrendLineIndicator.js.gz
- highcharts/12.1.0/es-modules/Stock/Indicators/TrendLine/TrendLineIndicator.min.js.br
- highcharts/12.1.0/es-modules/Stock/Indicators/TrendLine/TrendLineIndicator.min.js.gz
- highcharts/12.1.0/es-modules/Stock/Indicators/VBP/VBPIndicator.js.br
- highcharts/12.1.0/es-modules/Stock/Indicators/VBP/VBPIndicator.js.gz
- highcharts/12.1.0/es-modules/Stock/Indicators/VBP/VBPIndicator.min.js.br
- highcharts/12.1.0/es-modules/Stock/Indicators/VBP/VBPIndicator.min.js.gz
- highcharts/12.1.0/es-modules/Stock/Indicators/VBP/VBPPoint.js.br
- highcharts/12.1.0/es-modules/Stock/Indicators/VBP/VBPPoint.js.gz
- highcharts/12.1.0/es-modules/Stock/Indicators/VBP/VBPPoint.min.js.br
- highcharts/12.1.0/es-modules/Stock/Indicators/VBP/VBPPoint.min.js.gz
- highcharts/12.1.0/es-modules/Stock/Indicators/VWAP/VWAPIndicator.js.br
- highcharts/12.1.0/es-modules/Stock/Indicators/VWAP/VWAPIndicator.js.gz
- highcharts/12.1.0/es-modules/Stock/Indicators/VWAP/VWAPIndicator.min.js.br
- highcharts/12.1.0/es-modules/Stock/Indicators/VWAP/VWAPIndicator.min.js.gz
- highcharts/12.1.0/es-modules/Stock/Indicators/WMA/WMAIndicator.js.br
- highcharts/12.1.0/es-modules/Stock/Indicators/WMA/WMAIndicator.js.gz
- highcharts/12.1.0/es-modules/Stock/Indicators/WMA/WMAIndicator.min.js.br
- highcharts/12.1.0/es-modules/Stock/Indicators/WMA/WMAIndicator.min.js.gz
- highcharts/12.1.0/es-modules/Stock/Indicators/WilliamsR/WilliamsRIndicator.js.br
- highcharts/12.1.0/es-modules/Stock/Indicators/WilliamsR/WilliamsRIndicator.js.gz
- highcharts/12.1.0/es-modules/Stock/Indicators/WilliamsR/WilliamsRIndicator.min.js.br
- highcharts/12.1.0/es-modules/Stock/Indicators/WilliamsR/WilliamsRIndicator.min.js.gz
- highcharts/12.1.0/es-modules/Stock/Indicators/Zigzag/ZigzagIndicator.js.br
- highcharts/12.1.0/es-modules/Stock/Indicators/Zigzag/ZigzagIndicator.js.gz
- highcharts/12.1.0/es-modules/Stock/Indicators/Zigzag/ZigzagIndicator.min.js.br
- highcharts/12.1.0/es-modules/Stock/Indicators/Zigzag/ZigzagIndicator.min.js.gz
- highcharts/12.1.0/es-modules/Stock/Navigator/ChartNavigatorComposition.js.br
- highcharts/12.1.0/es-modules/Stock/Navigator/ChartNavigatorComposition.js.gz
- highcharts/12.1.0/es-modules/Stock/Navigator/ChartNavigatorComposition.min.js.br
- highcharts/12.1.0/es-modules/Stock/Navigator/ChartNavigatorComposition.min.js.gz
- highcharts/12.1.0/es-modules/Stock/Navigator/Navigator.js.br
- highcharts/12.1.0/es-modules/Stock/Navigator/Navigator.js.gz
- highcharts/12.1.0/es-modules/Stock/Navigator/Navigator.min.js.br
- highcharts/12.1.0/es-modules/Stock/Navigator/Navigator.min.js.gz
- highcharts/12.1.0/es-modules/Stock/Navigator/NavigatorComposition.js.br
- highcharts/12.1.0/es-modules/Stock/Navigator/NavigatorComposition.js.gz
- highcharts/12.1.0/es-modules/Stock/Navigator/NavigatorComposition.min.js.br
- highcharts/12.1.0/es-modules/Stock/Navigator/NavigatorComposition.min.js.gz
- highcharts/12.1.0/es-modules/Stock/Navigator/NavigatorDefaults.js.br
- highcharts/12.1.0/es-modules/Stock/Navigator/NavigatorDefaults.js.gz
- highcharts/12.1.0/es-modules/Stock/Navigator/NavigatorDefaults.min.js.br
- highcharts/12.1.0/es-modules/Stock/Navigator/NavigatorDefaults.min.js.gz
- highcharts/12.1.0/es-modules/Stock/Navigator/NavigatorSymbols.js.br
- highcharts/12.1.0/es-modules/Stock/Navigator/NavigatorSymbols.js.gz
- highcharts/12.1.0/es-modules/Stock/Navigator/NavigatorSymbols.min.js.br
- highcharts/12.1.0/es-modules/Stock/Navigator/NavigatorSymbols.min.js.gz
- highcharts/12.1.0/es-modules/Stock/Navigator/StandaloneNavigator.js.br
- highcharts/12.1.0/es-modules/Stock/Navigator/StandaloneNavigator.js.gz
- highcharts/12.1.0/es-modules/Stock/Navigator/StandaloneNavigator.min.js.br
- highcharts/12.1.0/es-modules/Stock/Navigator/StandaloneNavigator.min.js.gz
- highcharts/12.1.0/es-modules/Stock/Navigator/StandaloneNavigatorDefaults.js.br
- highcharts/12.1.0/es-modules/Stock/Navigator/StandaloneNavigatorDefaults.js.gz
- highcharts/12.1.0/es-modules/Stock/Navigator/StandaloneNavigatorDefaults.min.js.br
- highcharts/12.1.0/es-modules/Stock/Navigator/StandaloneNavigatorDefaults.min.js.gz
- highcharts/12.1.0/es-modules/Stock/RangeSelector/RangeSelector.js.br
- highcharts/12.1.0/es-modules/Stock/RangeSelector/RangeSelector.js.gz
- highcharts/12.1.0/es-modules/Stock/RangeSelector/RangeSelector.min.js.br
- highcharts/12.1.0/es-modules/Stock/RangeSelector/RangeSelector.min.js.gz
- highcharts/12.1.0/es-modules/Stock/RangeSelector/RangeSelectorComposition.js.br
- highcharts/12.1.0/es-modules/Stock/RangeSelector/RangeSelectorComposition.js.gz
- highcharts/12.1.0/es-modules/Stock/RangeSelector/RangeSelectorComposition.min.js.br
- highcharts/12.1.0/es-modules/Stock/RangeSelector/RangeSelectorComposition.min.js.gz
- highcharts/12.1.0/es-modules/Stock/RangeSelector/RangeSelectorDefaults.js.br
- highcharts/12.1.0/es-modules/Stock/RangeSelector/RangeSelectorDefaults.js.gz
- highcharts/12.1.0/es-modules/Stock/RangeSelector/RangeSelectorDefaults.min.js.br
- highcharts/12.1.0/es-modules/Stock/RangeSelector/RangeSelectorDefaults.min.js.gz
- highcharts/12.1.0/es-modules/Stock/Scrollbar/Scrollbar.js.br
- highcharts/12.1.0/es-modules/Stock/Scrollbar/Scrollbar.js.gz
- highcharts/12.1.0/es-modules/Stock/Scrollbar/Scrollbar.min.js.br
- highcharts/12.1.0/es-modules/Stock/Scrollbar/Scrollbar.min.js.gz
- highcharts/12.1.0/es-modules/Stock/Scrollbar/ScrollbarDefaults.js.br
- highcharts/12.1.0/es-modules/Stock/Scrollbar/ScrollbarDefaults.js.gz
- highcharts/12.1.0/es-modules/Stock/Scrollbar/ScrollbarDefaults.min.js.br
- highcharts/12.1.0/es-modules/Stock/Scrollbar/ScrollbarDefaults.min.js.gz
- highcharts/12.1.0/es-modules/Stock/StockTools/StockToolbar.js.br
- highcharts/12.1.0/es-modules/Stock/StockTools/StockToolbar.js.gz
- highcharts/12.1.0/es-modules/Stock/StockTools/StockToolbar.min.js.br
- highcharts/12.1.0/es-modules/Stock/StockTools/StockToolbar.min.js.gz
- highcharts/12.1.0/es-modules/Stock/StockTools/StockTools.js.br
- highcharts/12.1.0/es-modules/Stock/StockTools/StockTools.js.gz
- highcharts/12.1.0/es-modules/Stock/StockTools/StockTools.min.js.br
- highcharts/12.1.0/es-modules/Stock/StockTools/StockTools.min.js.gz
- highcharts/12.1.0/es-modules/Stock/StockTools/StockToolsBindings.js.br
- highcharts/12.1.0/es-modules/Stock/StockTools/StockToolsBindings.js.gz
- highcharts/12.1.0/es-modules/Stock/StockTools/StockToolsBindings.min.js.br
- highcharts/12.1.0/es-modules/Stock/StockTools/StockToolsBindings.min.js.gz
- highcharts/12.1.0/es-modules/Stock/StockTools/StockToolsDefaults.js.br
- highcharts/12.1.0/es-modules/Stock/StockTools/StockToolsDefaults.js.gz
- highcharts/12.1.0/es-modules/Stock/StockTools/StockToolsDefaults.min.js.br
- highcharts/12.1.0/es-modules/Stock/StockTools/StockToolsDefaults.min.js.gz
- highcharts/12.1.0/es-modules/Stock/StockTools/StockToolsGui.js.br
- highcharts/12.1.0/es-modules/Stock/StockTools/StockToolsGui.js.gz
- highcharts/12.1.0/es-modules/Stock/StockTools/StockToolsGui.min.js.br
- highcharts/12.1.0/es-modules/Stock/StockTools/StockToolsGui.min.js.gz
- highcharts/12.1.0/es-modules/Stock/StockTools/StockToolsUtilities.js.br
- highcharts/12.1.0/es-modules/Stock/StockTools/StockToolsUtilities.js.gz
- highcharts/12.1.0/es-modules/Stock/StockTools/StockToolsUtilities.min.js.br
- highcharts/12.1.0/es-modules/Stock/StockTools/StockToolsUtilities.min.js.gz
- highcharts/12.1.0/es-modules/Stock/Utilities/StockUtilities.js.br
- highcharts/12.1.0/es-modules/Stock/Utilities/StockUtilities.js.gz
- highcharts/12.1.0/es-modules/Stock/Utilities/StockUtilities.min.js.br
- highcharts/12.1.0/es-modules/Stock/Utilities/StockUtilities.min.js.gz
- highcharts/12.1.0/es-modules/masters/highcharts-3d.src.js.br
- highcharts/12.1.0/es-modules/masters/highcharts-3d.src.js.gz
- highcharts/12.1.0/es-modules/masters/highcharts-3d.src.min.js.br
- highcharts/12.1.0/es-modules/masters/highcharts-3d.src.min.js.gz
- highcharts/12.1.0/es-modules/masters/highcharts-gantt.src.js.br
- highcharts/12.1.0/es-modules/masters/highcharts-gantt.src.js.gz
- highcharts/12.1.0/es-modules/masters/highcharts-gantt.src.min.js.br
- highcharts/12.1.0/es-modules/masters/highcharts-gantt.src.min.js.gz
- highcharts/12.1.0/es-modules/masters/highcharts-more.src.js.br
- highcharts/12.1.0/es-modules/masters/highcharts-more.src.js.gz
- highcharts/12.1.0/es-modules/masters/highcharts-more.src.min.js.br
- highcharts/12.1.0/es-modules/masters/highcharts-more.src.min.js.gz
- highcharts/12.1.0/es-modules/masters/highcharts.src.js.br
- highcharts/12.1.0/es-modules/masters/highcharts.src.js.gz
- highcharts/12.1.0/es-modules/masters/highcharts.src.min.js.br
- highcharts/12.1.0/es-modules/masters/highcharts.src.min.js.gz
- highcharts/12.1.0/es-modules/masters/highmaps.src.js.br
- highcharts/12.1.0/es-modules/masters/highmaps.src.js.gz
- highcharts/12.1.0/es-modules/masters/highmaps.src.min.js.br
- highcharts/12.1.0/es-modules/masters/highmaps.src.min.js.gz
- highcharts/12.1.0/es-modules/masters/highstock.src.js.br
- highcharts/12.1.0/es-modules/masters/highstock.src.js.gz
- highcharts/12.1.0/es-modules/masters/highstock.src.min.js.br
- highcharts/12.1.0/es-modules/masters/highstock.src.min.js.gz
- highcharts/12.1.0/es-modules/masters/indicators/acceleration-bands.src.js.br
- highcharts/12.1.0/es-modules/masters/indicators/acceleration-bands.src.js.gz
- highcharts/12.1.0/es-modules/masters/indicators/acceleration-bands.src.min.js.br
- highcharts/12.1.0/es-modules/masters/indicators/acceleration-bands.src.min.js.gz
- highcharts/12.1.0/es-modules/masters/indicators/accumulation-distribution.src.js.br
- highcharts/12.1.0/es-modules/masters/indicators/accumulation-distribution.src.js.gz
- highcharts/12.1.0/es-modules/masters/indicators/accumulation-distribution.src.min.js.br
- highcharts/12.1.0/es-modules/masters/indicators/accumulation-distribution.src.min.js.gz
- highcharts/12.1.0/es-modules/masters/indicators/ao.src.js.br
- highcharts/12.1.0/es-modules/masters/indicators/ao.src.js.gz
- highcharts/12.1.0/es-modules/masters/indicators/ao.src.min.js.br
- highcharts/12.1.0/es-modules/masters/indicators/ao.src.min.js.gz
- highcharts/12.1.0/es-modules/masters/indicators/apo.src.js.br
- highcharts/12.1.0/es-modules/masters/indicators/apo.src.js.gz
- highcharts/12.1.0/es-modules/masters/indicators/apo.src.min.js.br
- highcharts/12.1.0/es-modules/masters/indicators/apo.src.min.js.gz
- highcharts/12.1.0/es-modules/masters/indicators/aroon-oscillator.src.js.br
- highcharts/12.1.0/es-modules/masters/indicators/aroon-oscillator.src.js.gz
- highcharts/12.1.0/es-modules/masters/indicators/aroon-oscillator.src.min.js.br
- highcharts/12.1.0/es-modules/masters/indicators/aroon-oscillator.src.min.js.gz
- highcharts/12.1.0/es-modules/masters/indicators/aroon.src.js.br
- highcharts/12.1.0/es-modules/masters/indicators/aroon.src.js.gz
- highcharts/12.1.0/es-modules/masters/indicators/aroon.src.min.js.br
- highcharts/12.1.0/es-modules/masters/indicators/aroon.src.min.js.gz
- highcharts/12.1.0/es-modules/masters/indicators/atr.src.js.br
- highcharts/12.1.0/es-modules/masters/indicators/atr.src.js.gz
- highcharts/12.1.0/es-modules/masters/indicators/atr.src.min.js.br
- highcharts/12.1.0/es-modules/masters/indicators/atr.src.min.js.gz
- highcharts/12.1.0/es-modules/masters/indicators/bollinger-bands.src.js.br
- highcharts/12.1.0/es-modules/masters/indicators/bollinger-bands.src.js.gz
- highcharts/12.1.0/es-modules/masters/indicators/bollinger-bands.src.min.js.br
- highcharts/12.1.0/es-modules/masters/indicators/bollinger-bands.src.min.js.gz
- highcharts/12.1.0/es-modules/masters/indicators/cci.src.js.br
- highcharts/12.1.0/es-modules/masters/indicators/cci.src.js.gz
- highcharts/12.1.0/es-modules/masters/indicators/cci.src.min.js.br
- highcharts/12.1.0/es-modules/masters/indicators/cci.src.min.js.gz
- highcharts/12.1.0/es-modules/masters/indicators/chaikin.src.js.br
- highcharts/12.1.0/es-modules/masters/indicators/chaikin.src.js.gz
- highcharts/12.1.0/es-modules/masters/indicators/chaikin.src.min.js.br
- highcharts/12.1.0/es-modules/masters/indicators/chaikin.src.min.js.gz
- highcharts/12.1.0/es-modules/masters/indicators/cmf.src.js.br
- highcharts/12.1.0/es-modules/masters/indicators/cmf.src.js.gz
- highcharts/12.1.0/es-modules/masters/indicators/cmf.src.min.js.br
- highcharts/12.1.0/es-modules/masters/indicators/cmf.src.min.js.gz
- highcharts/12.1.0/es-modules/masters/indicators/cmo.src.js.br
- highcharts/12.1.0/es-modules/masters/indicators/cmo.src.js.gz
- highcharts/12.1.0/es-modules/masters/indicators/cmo.src.min.js.br
- highcharts/12.1.0/es-modules/masters/indicators/cmo.src.min.js.gz
- highcharts/12.1.0/es-modules/masters/indicators/dema.src.js.br
- highcharts/12.1.0/es-modules/masters/indicators/dema.src.js.gz
- highcharts/12.1.0/es-modules/masters/indicators/dema.src.min.js.br
- highcharts/12.1.0/es-modules/masters/indicators/dema.src.min.js.gz
- highcharts/12.1.0/es-modules/masters/indicators/disparity-index.src.js.br
- highcharts/12.1.0/es-modules/masters/indicators/disparity-index.src.js.gz
- highcharts/12.1.0/es-modules/masters/indicators/disparity-index.src.min.js.br
- highcharts/12.1.0/es-modules/masters/indicators/disparity-index.src.min.js.gz
- highcharts/12.1.0/es-modules/masters/indicators/dmi.src.js.br
- highcharts/12.1.0/es-modules/masters/indicators/dmi.src.js.gz
- highcharts/12.1.0/es-modules/masters/indicators/dmi.src.min.js.br
- highcharts/12.1.0/es-modules/masters/indicators/dmi.src.min.js.gz
- highcharts/12.1.0/es-modules/masters/indicators/dpo.src.js.br
- highcharts/12.1.0/es-modules/masters/indicators/dpo.src.js.gz
- highcharts/12.1.0/es-modules/masters/indicators/dpo.src.min.js.br
- highcharts/12.1.0/es-modules/masters/indicators/dpo.src.min.js.gz
- highcharts/12.1.0/es-modules/masters/indicators/ema.src.js.br
- highcharts/12.1.0/es-modules/masters/indicators/ema.src.js.gz
- highcharts/12.1.0/es-modules/masters/indicators/ema.src.min.js.br
- highcharts/12.1.0/es-modules/masters/indicators/ema.src.min.js.gz
- highcharts/12.1.0/es-modules/masters/indicators/ichimoku-kinko-hyo.src.js.br
- highcharts/12.1.0/es-modules/masters/indicators/ichimoku-kinko-hyo.src.js.gz
- highcharts/12.1.0/es-modules/masters/indicators/ichimoku-kinko-hyo.src.min.js.br
- highcharts/12.1.0/es-modules/masters/indicators/ichimoku-kinko-hyo.src.min.js.gz
- highcharts/12.1.0/es-modules/masters/indicators/indicators-all.src.js.br
- highcharts/12.1.0/es-modules/masters/indicators/indicators-all.src.js.gz
- highcharts/12.1.0/es-modules/masters/indicators/indicators-all.src.min.js.br
- highcharts/12.1.0/es-modules/masters/indicators/indicators-all.src.min.js.gz
- highcharts/12.1.0/es-modules/masters/indicators/indicators.src.js.br
- highcharts/12.1.0/es-modules/masters/indicators/indicators.src.js.gz
- highcharts/12.1.0/es-modules/masters/indicators/indicators.src.min.js.br
- highcharts/12.1.0/es-modules/masters/indicators/indicators.src.min.js.gz
- highcharts/12.1.0/es-modules/masters/indicators/keltner-channels.src.js.br
- highcharts/12.1.0/es-modules/masters/indicators/keltner-channels.src.js.gz
- highcharts/12.1.0/es-modules/masters/indicators/keltner-channels.src.min.js.br
- highcharts/12.1.0/es-modules/masters/indicators/keltner-channels.src.min.js.gz
- highcharts/12.1.0/es-modules/masters/indicators/klinger.src.js.br
- highcharts/12.1.0/es-modules/masters/indicators/klinger.src.js.gz
- highcharts/12.1.0/es-modules/masters/indicators/klinger.src.min.js.br
- highcharts/12.1.0/es-modules/masters/indicators/klinger.src.min.js.gz
- highcharts/12.1.0/es-modules/masters/indicators/macd.src.js.br
- highcharts/12.1.0/es-modules/masters/indicators/macd.src.js.gz
- highcharts/12.1.0/es-modules/masters/indicators/macd.src.min.js.br
- highcharts/12.1.0/es-modules/masters/indicators/macd.src.min.js.gz
- highcharts/12.1.0/es-modules/masters/indicators/mfi.src.js.br
- highcharts/12.1.0/es-modules/masters/indicators/mfi.src.js.gz
- highcharts/12.1.0/es-modules/masters/indicators/mfi.src.min.js.br
- highcharts/12.1.0/es-modules/masters/indicators/mfi.src.min.js.gz
- highcharts/12.1.0/es-modules/masters/indicators/momentum.src.js.br
- highcharts/12.1.0/es-modules/masters/indicators/momentum.src.js.gz
- highcharts/12.1.0/es-modules/masters/indicators/momentum.src.min.js.br
- highcharts/12.1.0/es-modules/masters/indicators/momentum.src.min.js.gz
- highcharts/12.1.0/es-modules/masters/indicators/natr.src.js.br
- highcharts/12.1.0/es-modules/masters/indicators/natr.src.js.gz
- highcharts/12.1.0/es-modules/masters/indicators/natr.src.min.js.br
- highcharts/12.1.0/es-modules/masters/indicators/natr.src.min.js.gz
- highcharts/12.1.0/es-modules/masters/indicators/obv.src.js.br
- highcharts/12.1.0/es-modules/masters/indicators/obv.src.js.gz
- highcharts/12.1.0/es-modules/masters/indicators/obv.src.min.js.br
- highcharts/12.1.0/es-modules/masters/indicators/obv.src.min.js.gz
- highcharts/12.1.0/es-modules/masters/indicators/pivot-points.src.js.br
- highcharts/12.1.0/es-modules/masters/indicators/pivot-points.src.js.gz
- highcharts/12.1.0/es-modules/masters/indicators/pivot-points.src.min.js.br
- highcharts/12.1.0/es-modules/masters/indicators/pivot-points.src.min.js.gz
- highcharts/12.1.0/es-modules/masters/indicators/ppo.src.js.br
- highcharts/12.1.0/es-modules/masters/indicators/ppo.src.js.gz
- highcharts/12.1.0/es-modules/masters/indicators/ppo.src.min.js.br
- highcharts/12.1.0/es-modules/masters/indicators/ppo.src.min.js.gz
- highcharts/12.1.0/es-modules/masters/indicators/price-channel.src.js.br
- highcharts/12.1.0/es-modules/masters/indicators/price-channel.src.js.gz
- highcharts/12.1.0/es-modules/masters/indicators/price-channel.src.min.js.br
- highcharts/12.1.0/es-modules/masters/indicators/price-channel.src.min.js.gz
- highcharts/12.1.0/es-modules/masters/indicators/price-envelopes.src.js.br
- highcharts/12.1.0/es-modules/masters/indicators/price-envelopes.src.js.gz
- highcharts/12.1.0/es-modules/masters/indicators/price-envelopes.src.min.js.br
- highcharts/12.1.0/es-modules/masters/indicators/price-envelopes.src.min.js.gz
- highcharts/12.1.0/es-modules/masters/indicators/psar.src.js.br
- highcharts/12.1.0/es-modules/masters/indicators/psar.src.js.gz
- highcharts/12.1.0/es-modules/masters/indicators/psar.src.min.js.br
- highcharts/12.1.0/es-modules/masters/indicators/psar.src.min.js.gz
- highcharts/12.1.0/es-modules/masters/indicators/regressions.src.js.br
- highcharts/12.1.0/es-modules/masters/indicators/regressions.src.js.gz
- highcharts/12.1.0/es-modules/masters/indicators/regressions.src.min.js.br
- highcharts/12.1.0/es-modules/masters/indicators/regressions.src.min.js.gz
- highcharts/12.1.0/es-modules/masters/indicators/roc.src.js.br
- highcharts/12.1.0/es-modules/masters/indicators/roc.src.js.gz
- highcharts/12.1.0/es-modules/masters/indicators/roc.src.min.js.br
- highcharts/12.1.0/es-modules/masters/indicators/roc.src.min.js.gz
- highcharts/12.1.0/es-modules/masters/indicators/rsi.src.js.br
- highcharts/12.1.0/es-modules/masters/indicators/rsi.src.js.gz
- highcharts/12.1.0/es-modules/masters/indicators/rsi.src.min.js.br
- highcharts/12.1.0/es-modules/masters/indicators/rsi.src.min.js.gz
- highcharts/12.1.0/es-modules/masters/indicators/slow-stochastic.src.js.br
- highcharts/12.1.0/es-modules/masters/indicators/slow-stochastic.src.js.gz
- highcharts/12.1.0/es-modules/masters/indicators/slow-stochastic.src.min.js.br
- highcharts/12.1.0/es-modules/masters/indicators/slow-stochastic.src.min.js.gz
- highcharts/12.1.0/es-modules/masters/indicators/stochastic.src.js.br
- highcharts/12.1.0/es-modules/masters/indicators/stochastic.src.js.gz
- highcharts/12.1.0/es-modules/masters/indicators/stochastic.src.min.js.br
- highcharts/12.1.0/es-modules/masters/indicators/stochastic.src.min.js.gz
- highcharts/12.1.0/es-modules/masters/indicators/supertrend.src.js.br
- highcharts/12.1.0/es-modules/masters/indicators/supertrend.src.js.gz
- highcharts/12.1.0/es-modules/masters/indicators/supertrend.src.min.js.br
- highcharts/12.1.0/es-modules/masters/indicators/supertrend.src.min.js.gz
- highcharts/12.1.0/es-modules/masters/indicators/tema.src.js.br
- highcharts/12.1.0/es-modules/masters/indicators/tema.src.js.gz
- highcharts/12.1.0/es-modules/masters/indicators/tema.src.min.js.br
- highcharts/12.1.0/es-modules/masters/indicators/tema.src.min.js.gz
- highcharts/12.1.0/es-modules/masters/indicators/trendline.src.js.br
- highcharts/12.1.0/es-modules/masters/indicators/trendline.src.js.gz
- highcharts/12.1.0/es-modules/masters/indicators/trendline.src.min.js.br
- highcharts/12.1.0/es-modules/masters/indicators/trendline.src.min.js.gz
- highcharts/12.1.0/es-modules/masters/indicators/trix.src.js.br
- highcharts/12.1.0/es-modules/masters/indicators/trix.src.js.gz
- highcharts/12.1.0/es-modules/masters/indicators/trix.src.min.js.br
- highcharts/12.1.0/es-modules/masters/indicators/trix.src.min.js.gz
- highcharts/12.1.0/es-modules/masters/indicators/volume-by-price.src.js.br
- highcharts/12.1.0/es-modules/masters/indicators/volume-by-price.src.js.gz
- highcharts/12.1.0/es-modules/masters/indicators/volume-by-price.src.min.js.br
- highcharts/12.1.0/es-modules/masters/indicators/volume-by-price.src.min.js.gz
- highcharts/12.1.0/es-modules/masters/indicators/vwap.src.js.br
- highcharts/12.1.0/es-modules/masters/indicators/vwap.src.js.gz
- highcharts/12.1.0/es-modules/masters/indicators/vwap.src.min.js.br
- highcharts/12.1.0/es-modules/masters/indicators/vwap.src.min.js.gz
- highcharts/12.1.0/es-modules/masters/indicators/williams-r.src.js.br
- highcharts/12.1.0/es-modules/masters/indicators/williams-r.src.js.gz
- highcharts/12.1.0/es-modules/masters/indicators/williams-r.src.min.js.br
- highcharts/12.1.0/es-modules/masters/indicators/williams-r.src.min.js.gz
- highcharts/12.1.0/es-modules/masters/indicators/wma.src.js.br
- highcharts/12.1.0/es-modules/masters/indicators/wma.src.js.gz
- highcharts/12.1.0/es-modules/masters/indicators/wma.src.min.js.br
- highcharts/12.1.0/es-modules/masters/indicators/wma.src.min.js.gz
- highcharts/12.1.0/es-modules/masters/indicators/zigzag.src.js.br
- highcharts/12.1.0/es-modules/masters/indicators/zigzag.src.js.gz
- highcharts/12.1.0/es-modules/masters/indicators/zigzag.src.min.js.br
- highcharts/12.1.0/es-modules/masters/indicators/zigzag.src.min.js.gz
- highcharts/12.1.0/es-modules/masters/modules/accessibility.src.js.br
- highcharts/12.1.0/es-modules/masters/modules/accessibility.src.js.gz
- highcharts/12.1.0/es-modules/masters/modules/accessibility.src.min.js.br
- highcharts/12.1.0/es-modules/masters/modules/accessibility.src.min.js.gz
- highcharts/12.1.0/es-modules/masters/modules/annotations-advanced.src.js.br
- highcharts/12.1.0/es-modules/masters/modules/annotations-advanced.src.js.gz
- highcharts/12.1.0/es-modules/masters/modules/annotations-advanced.src.min.js.br
- highcharts/12.1.0/es-modules/masters/modules/annotations-advanced.src.min.js.gz
- highcharts/12.1.0/es-modules/masters/modules/annotations.src.js.br
- highcharts/12.1.0/es-modules/masters/modules/annotations.src.js.gz
- highcharts/12.1.0/es-modules/masters/modules/annotations.src.min.js.br
- highcharts/12.1.0/es-modules/masters/modules/annotations.src.min.js.gz
- highcharts/12.1.0/es-modules/masters/modules/arc-diagram.src.js.br
- highcharts/12.1.0/es-modules/masters/modules/arc-diagram.src.js.gz
- highcharts/12.1.0/es-modules/masters/modules/arc-diagram.src.min.js.br
- highcharts/12.1.0/es-modules/masters/modules/arc-diagram.src.min.js.gz
- highcharts/12.1.0/es-modules/masters/modules/arrow-symbols.src.js.br
- highcharts/12.1.0/es-modules/masters/modules/arrow-symbols.src.js.gz
- highcharts/12.1.0/es-modules/masters/modules/arrow-symbols.src.min.js.br
- highcharts/12.1.0/es-modules/masters/modules/arrow-symbols.src.min.js.gz
- highcharts/12.1.0/es-modules/masters/modules/boost-canvas.src.js.br
- highcharts/12.1.0/es-modules/masters/modules/boost-canvas.src.js.gz
- highcharts/12.1.0/es-modules/masters/modules/boost-canvas.src.min.js.br
- highcharts/12.1.0/es-modules/masters/modules/boost-canvas.src.min.js.gz
- highcharts/12.1.0/es-modules/masters/modules/boost.src.js.br
- highcharts/12.1.0/es-modules/masters/modules/boost.src.js.gz
- highcharts/12.1.0/es-modules/masters/modules/boost.src.min.js.br
- highcharts/12.1.0/es-modules/masters/modules/boost.src.min.js.gz
- highcharts/12.1.0/es-modules/masters/modules/broken-axis.src.js.br
- highcharts/12.1.0/es-modules/masters/modules/broken-axis.src.js.gz
- highcharts/12.1.0/es-modules/masters/modules/broken-axis.src.min.js.br
- highcharts/12.1.0/es-modules/masters/modules/broken-axis.src.min.js.gz
- highcharts/12.1.0/es-modules/masters/modules/bullet.src.js.br
- highcharts/12.1.0/es-modules/masters/modules/bullet.src.js.gz
- highcharts/12.1.0/es-modules/masters/modules/bullet.src.min.js.br
- highcharts/12.1.0/es-modules/masters/modules/bullet.src.min.js.gz
- highcharts/12.1.0/es-modules/masters/modules/coloraxis.src.js.br
- highcharts/12.1.0/es-modules/masters/modules/coloraxis.src.js.gz
- highcharts/12.1.0/es-modules/masters/modules/coloraxis.src.min.js.br
- highcharts/12.1.0/es-modules/masters/modules/coloraxis.src.min.js.gz
- highcharts/12.1.0/es-modules/masters/modules/current-date-indicator.src.js.br
- highcharts/12.1.0/es-modules/masters/modules/current-date-indicator.src.js.gz
- highcharts/12.1.0/es-modules/masters/modules/current-date-indicator.src.min.js.br
- highcharts/12.1.0/es-modules/masters/modules/current-date-indicator.src.min.js.gz
- highcharts/12.1.0/es-modules/masters/modules/cylinder.src.js.br
- highcharts/12.1.0/es-modules/masters/modules/cylinder.src.js.gz
- highcharts/12.1.0/es-modules/masters/modules/cylinder.src.min.js.br
- highcharts/12.1.0/es-modules/masters/modules/cylinder.src.min.js.gz
- highcharts/12.1.0/es-modules/masters/modules/data-tools.src.js.br
- highcharts/12.1.0/es-modules/masters/modules/data-tools.src.js.gz
- highcharts/12.1.0/es-modules/masters/modules/data-tools.src.min.js.br
- highcharts/12.1.0/es-modules/masters/modules/data-tools.src.min.js.gz
- highcharts/12.1.0/es-modules/masters/modules/data.src.js.br
- highcharts/12.1.0/es-modules/masters/modules/data.src.js.gz
- highcharts/12.1.0/es-modules/masters/modules/data.src.min.js.br
- highcharts/12.1.0/es-modules/masters/modules/data.src.min.js.gz
- highcharts/12.1.0/es-modules/masters/modules/datagrouping.src.js.br
- highcharts/12.1.0/es-modules/masters/modules/datagrouping.src.js.gz
- highcharts/12.1.0/es-modules/masters/modules/datagrouping.src.min.js.br
- highcharts/12.1.0/es-modules/masters/modules/datagrouping.src.min.js.gz
- highcharts/12.1.0/es-modules/masters/modules/debugger.src.js.br
- highcharts/12.1.0/es-modules/masters/modules/debugger.src.js.gz
- highcharts/12.1.0/es-modules/masters/modules/debugger.src.min.js.br
- highcharts/12.1.0/es-modules/masters/modules/debugger.src.min.js.gz
- highcharts/12.1.0/es-modules/masters/modules/dependency-wheel.src.js.br
- highcharts/12.1.0/es-modules/masters/modules/dependency-wheel.src.js.gz
- highcharts/12.1.0/es-modules/masters/modules/dependency-wheel.src.min.js.br
- highcharts/12.1.0/es-modules/masters/modules/dependency-wheel.src.min.js.gz
- highcharts/12.1.0/es-modules/masters/modules/dotplot.src.js.br
- highcharts/12.1.0/es-modules/masters/modules/dotplot.src.js.gz
- highcharts/12.1.0/es-modules/masters/modules/dotplot.src.min.js.br
- highcharts/12.1.0/es-modules/masters/modules/dotplot.src.min.js.gz
- highcharts/12.1.0/es-modules/masters/modules/drag-panes.src.js.br
- highcharts/12.1.0/es-modules/masters/modules/drag-panes.src.js.gz
- highcharts/12.1.0/es-modules/masters/modules/drag-panes.src.min.js.br
- highcharts/12.1.0/es-modules/masters/modules/drag-panes.src.min.js.gz
- highcharts/12.1.0/es-modules/masters/modules/draggable-points.src.js.br
- highcharts/12.1.0/es-modules/masters/modules/draggable-points.src.js.gz
- highcharts/12.1.0/es-modules/masters/modules/draggable-points.src.min.js.br
- highcharts/12.1.0/es-modules/masters/modules/draggable-points.src.min.js.gz
- highcharts/12.1.0/es-modules/masters/modules/drilldown.src.js.br
- highcharts/12.1.0/es-modules/masters/modules/drilldown.src.js.gz
- highcharts/12.1.0/es-modules/masters/modules/drilldown.src.min.js.br
- highcharts/12.1.0/es-modules/masters/modules/drilldown.src.min.js.gz
- highcharts/12.1.0/es-modules/masters/modules/dumbbell.src.js.br
- highcharts/12.1.0/es-modules/masters/modules/dumbbell.src.js.gz
- highcharts/12.1.0/es-modules/masters/modules/dumbbell.src.min.js.br
- highcharts/12.1.0/es-modules/masters/modules/dumbbell.src.min.js.gz
- highcharts/12.1.0/es-modules/masters/modules/export-data.src.js.br
- highcharts/12.1.0/es-modules/masters/modules/export-data.src.js.gz
- highcharts/12.1.0/es-modules/masters/modules/export-data.src.min.js.br
- highcharts/12.1.0/es-modules/masters/modules/export-data.src.min.js.gz
- highcharts/12.1.0/es-modules/masters/modules/exporting.src.js.br
- highcharts/12.1.0/es-modules/masters/modules/exporting.src.js.gz
- highcharts/12.1.0/es-modules/masters/modules/exporting.src.min.js.br
- highcharts/12.1.0/es-modules/masters/modules/exporting.src.min.js.gz
- highcharts/12.1.0/es-modules/masters/modules/flowmap.src.js.br
- highcharts/12.1.0/es-modules/masters/modules/flowmap.src.js.gz
- highcharts/12.1.0/es-modules/masters/modules/flowmap.src.min.js.br
- highcharts/12.1.0/es-modules/masters/modules/flowmap.src.min.js.gz
- highcharts/12.1.0/es-modules/masters/modules/full-screen.src.js.br
- highcharts/12.1.0/es-modules/masters/modules/full-screen.src.js.gz
- highcharts/12.1.0/es-modules/masters/modules/full-screen.src.min.js.br
- highcharts/12.1.0/es-modules/masters/modules/full-screen.src.min.js.gz
- highcharts/12.1.0/es-modules/masters/modules/funnel.src.js.br
- highcharts/12.1.0/es-modules/masters/modules/funnel.src.js.gz
- highcharts/12.1.0/es-modules/masters/modules/funnel.src.min.js.br
- highcharts/12.1.0/es-modules/masters/modules/funnel.src.min.js.gz
- highcharts/12.1.0/es-modules/masters/modules/funnel3d.src.js.br
- highcharts/12.1.0/es-modules/masters/modules/funnel3d.src.js.gz
- highcharts/12.1.0/es-modules/masters/modules/funnel3d.src.min.js.br
- highcharts/12.1.0/es-modules/masters/modules/funnel3d.src.min.js.gz
- highcharts/12.1.0/es-modules/masters/modules/gantt.src.js.br
- highcharts/12.1.0/es-modules/masters/modules/gantt.src.js.gz
- highcharts/12.1.0/es-modules/masters/modules/gantt.src.min.js.br
- highcharts/12.1.0/es-modules/masters/modules/gantt.src.min.js.gz
- highcharts/12.1.0/es-modules/masters/modules/geoheatmap.src.js.br
- highcharts/12.1.0/es-modules/masters/modules/geoheatmap.src.js.gz
- highcharts/12.1.0/es-modules/masters/modules/geoheatmap.src.min.js.br
- highcharts/12.1.0/es-modules/masters/modules/geoheatmap.src.min.js.gz
- highcharts/12.1.0/es-modules/masters/modules/grid-axis.src.js.br
- highcharts/12.1.0/es-modules/masters/modules/grid-axis.src.js.gz
- highcharts/12.1.0/es-modules/masters/modules/grid-axis.src.min.js.br
- highcharts/12.1.0/es-modules/masters/modules/grid-axis.src.min.js.gz
- highcharts/12.1.0/es-modules/masters/modules/heatmap.src.js.br
- highcharts/12.1.0/es-modules/masters/modules/heatmap.src.js.gz
- highcharts/12.1.0/es-modules/masters/modules/heatmap.src.min.js.br
- highcharts/12.1.0/es-modules/masters/modules/heatmap.src.min.js.gz
- highcharts/12.1.0/es-modules/masters/modules/heikinashi.src.js.br
- highcharts/12.1.0/es-modules/masters/modules/heikinashi.src.js.gz
- highcharts/12.1.0/es-modules/masters/modules/heikinashi.src.min.js.br
- highcharts/12.1.0/es-modules/masters/modules/heikinashi.src.min.js.gz
- highcharts/12.1.0/es-modules/masters/modules/histogram-bellcurve.src.js.br
- highcharts/12.1.0/es-modules/masters/modules/histogram-bellcurve.src.js.gz
- highcharts/12.1.0/es-modules/masters/modules/histogram-bellcurve.src.min.js.br
- highcharts/12.1.0/es-modules/masters/modules/histogram-bellcurve.src.min.js.gz
- highcharts/12.1.0/es-modules/masters/modules/hollowcandlestick.src.js.br
- highcharts/12.1.0/es-modules/masters/modules/hollowcandlestick.src.js.gz
- highcharts/12.1.0/es-modules/masters/modules/hollowcandlestick.src.min.js.br
- highcharts/12.1.0/es-modules/masters/modules/hollowcandlestick.src.min.js.gz
- highcharts/12.1.0/es-modules/masters/modules/item-series.src.js.br
- highcharts/12.1.0/es-modules/masters/modules/item-series.src.js.gz
- highcharts/12.1.0/es-modules/masters/modules/item-series.src.min.js.br
- highcharts/12.1.0/es-modules/masters/modules/item-series.src.min.js.gz
- highcharts/12.1.0/es-modules/masters/modules/lollipop.src.js.br
- highcharts/12.1.0/es-modules/masters/modules/lollipop.src.js.gz
- highcharts/12.1.0/es-modules/masters/modules/lollipop.src.min.js.br
- highcharts/12.1.0/es-modules/masters/modules/lollipop.src.min.js.gz
- highcharts/12.1.0/es-modules/masters/modules/map.src.js.br
- highcharts/12.1.0/es-modules/masters/modules/map.src.js.gz
- highcharts/12.1.0/es-modules/masters/modules/map.src.min.js.br
- highcharts/12.1.0/es-modules/masters/modules/map.src.min.js.gz
- highcharts/12.1.0/es-modules/masters/modules/marker-clusters.src.js.br
- highcharts/12.1.0/es-modules/masters/modules/marker-clusters.src.js.gz
- highcharts/12.1.0/es-modules/masters/modules/marker-clusters.src.min.js.br
- highcharts/12.1.0/es-modules/masters/modules/marker-clusters.src.min.js.gz
- highcharts/12.1.0/es-modules/masters/modules/mouse-wheel-zoom.src.js.br
- highcharts/12.1.0/es-modules/masters/modules/mouse-wheel-zoom.src.js.gz
- highcharts/12.1.0/es-modules/masters/modules/mouse-wheel-zoom.src.min.js.br
- highcharts/12.1.0/es-modules/masters/modules/mouse-wheel-zoom.src.min.js.gz
- highcharts/12.1.0/es-modules/masters/modules/navigator.src.js.br
- highcharts/12.1.0/es-modules/masters/modules/navigator.src.js.gz
- highcharts/12.1.0/es-modules/masters/modules/navigator.src.min.js.br
- highcharts/12.1.0/es-modules/masters/modules/navigator.src.min.js.gz
- highcharts/12.1.0/es-modules/masters/modules/networkgraph.src.js.br
- highcharts/12.1.0/es-modules/masters/modules/networkgraph.src.js.gz
- highcharts/12.1.0/es-modules/masters/modules/networkgraph.src.min.js.br
- highcharts/12.1.0/es-modules/masters/modules/networkgraph.src.min.js.gz
- highcharts/12.1.0/es-modules/masters/modules/no-data-to-display.src.js.br
- highcharts/12.1.0/es-modules/masters/modules/no-data-to-display.src.js.gz
- highcharts/12.1.0/es-modules/masters/modules/no-data-to-display.src.min.js.br
- highcharts/12.1.0/es-modules/masters/modules/no-data-to-display.src.min.js.gz
- highcharts/12.1.0/es-modules/masters/modules/offline-exporting.src.js.br
- highcharts/12.1.0/es-modules/masters/modules/offline-exporting.src.js.gz
- highcharts/12.1.0/es-modules/masters/modules/offline-exporting.src.min.js.br
- highcharts/12.1.0/es-modules/masters/modules/offline-exporting.src.min.js.gz
- highcharts/12.1.0/es-modules/masters/modules/organization.src.js.br
- highcharts/12.1.0/es-modules/masters/modules/organization.src.js.gz
- highcharts/12.1.0/es-modules/masters/modules/organization.src.min.js.br
- highcharts/12.1.0/es-modules/masters/modules/organization.src.min.js.gz
- highcharts/12.1.0/es-modules/masters/modules/overlapping-datalabels.src.js.br
- highcharts/12.1.0/es-modules/masters/modules/overlapping-datalabels.src.js.gz
- highcharts/12.1.0/es-modules/masters/modules/overlapping-datalabels.src.min.js.br
- highcharts/12.1.0/es-modules/masters/modules/overlapping-datalabels.src.min.js.gz
- highcharts/12.1.0/es-modules/masters/modules/parallel-coordinates.src.js.br
- highcharts/12.1.0/es-modules/masters/modules/parallel-coordinates.src.js.gz
- highcharts/12.1.0/es-modules/masters/modules/parallel-coordinates.src.min.js.br
- highcharts/12.1.0/es-modules/masters/modules/parallel-coordinates.src.min.js.gz
- highcharts/12.1.0/es-modules/masters/modules/pareto.src.js.br
- highcharts/12.1.0/es-modules/masters/modules/pareto.src.js.gz
- highcharts/12.1.0/es-modules/masters/modules/pareto.src.min.js.br
- highcharts/12.1.0/es-modules/masters/modules/pareto.src.min.js.gz
- highcharts/12.1.0/es-modules/masters/modules/pathfinder.src.js.br
- highcharts/12.1.0/es-modules/masters/modules/pathfinder.src.js.gz
- highcharts/12.1.0/es-modules/masters/modules/pathfinder.src.min.js.br
- highcharts/12.1.0/es-modules/masters/modules/pathfinder.src.min.js.gz
- highcharts/12.1.0/es-modules/masters/modules/pattern-fill.src.js.br
- highcharts/12.1.0/es-modules/masters/modules/pattern-fill.src.js.gz
- highcharts/12.1.0/es-modules/masters/modules/pattern-fill.src.min.js.br
- highcharts/12.1.0/es-modules/masters/modules/pattern-fill.src.min.js.gz
- highcharts/12.1.0/es-modules/masters/modules/pictorial.src.js.br
- highcharts/12.1.0/es-modules/masters/modules/pictorial.src.js.gz
- highcharts/12.1.0/es-modules/masters/modules/pictorial.src.min.js.br
- highcharts/12.1.0/es-modules/masters/modules/pictorial.src.min.js.gz
- highcharts/12.1.0/es-modules/masters/modules/pointandfigure.src.js.br
- highcharts/12.1.0/es-modules/masters/modules/pointandfigure.src.js.gz
- highcharts/12.1.0/es-modules/masters/modules/pointandfigure.src.min.js.br
- highcharts/12.1.0/es-modules/masters/modules/pointandfigure.src.min.js.gz
- highcharts/12.1.0/es-modules/masters/modules/price-indicator.src.js.br
- highcharts/12.1.0/es-modules/masters/modules/price-indicator.src.js.gz
- highcharts/12.1.0/es-modules/masters/modules/price-indicator.src.min.js.br
- highcharts/12.1.0/es-modules/masters/modules/price-indicator.src.min.js.gz
- highcharts/12.1.0/es-modules/masters/modules/pyramid3d.src.js.br
- highcharts/12.1.0/es-modules/masters/modules/pyramid3d.src.js.gz
- highcharts/12.1.0/es-modules/masters/modules/pyramid3d.src.min.js.br
- highcharts/12.1.0/es-modules/masters/modules/pyramid3d.src.min.js.gz
- highcharts/12.1.0/es-modules/masters/modules/renko.src.js.br
- highcharts/12.1.0/es-modules/masters/modules/renko.src.js.gz
- highcharts/12.1.0/es-modules/masters/modules/renko.src.min.js.br
- highcharts/12.1.0/es-modules/masters/modules/renko.src.min.js.gz
- highcharts/12.1.0/es-modules/masters/modules/sankey.src.js.br
- highcharts/12.1.0/es-modules/masters/modules/sankey.src.js.gz
- highcharts/12.1.0/es-modules/masters/modules/sankey.src.min.js.br
- highcharts/12.1.0/es-modules/masters/modules/sankey.src.min.js.gz
- highcharts/12.1.0/es-modules/masters/modules/series-label.src.js.br
- highcharts/12.1.0/es-modules/masters/modules/series-label.src.js.gz
- highcharts/12.1.0/es-modules/masters/modules/series-label.src.min.js.br
- highcharts/12.1.0/es-modules/masters/modules/series-label.src.min.js.gz
- highcharts/12.1.0/es-modules/masters/modules/series-on-point.src.js.br
- highcharts/12.1.0/es-modules/masters/modules/series-on-point.src.js.gz
- highcharts/12.1.0/es-modules/masters/modules/series-on-point.src.min.js.br
- highcharts/12.1.0/es-modules/masters/modules/series-on-point.src.min.js.gz
- highcharts/12.1.0/es-modules/masters/modules/solid-gauge.src.js.br
- highcharts/12.1.0/es-modules/masters/modules/solid-gauge.src.js.gz
- highcharts/12.1.0/es-modules/masters/modules/solid-gauge.src.min.js.br
- highcharts/12.1.0/es-modules/masters/modules/solid-gauge.src.min.js.gz
- highcharts/12.1.0/es-modules/masters/modules/sonification.src.js.br
- highcharts/12.1.0/es-modules/masters/modules/sonification.src.js.gz
- highcharts/12.1.0/es-modules/masters/modules/sonification.src.min.js.br
- highcharts/12.1.0/es-modules/masters/modules/sonification.src.min.js.gz
- highcharts/12.1.0/es-modules/masters/modules/static-scale.src.js.br
- highcharts/12.1.0/es-modules/masters/modules/static-scale.src.js.gz
- highcharts/12.1.0/es-modules/masters/modules/static-scale.src.min.js.br
- highcharts/12.1.0/es-modules/masters/modules/static-scale.src.min.js.gz
- highcharts/12.1.0/es-modules/masters/modules/stock-tools.src.js.br
- highcharts/12.1.0/es-modules/masters/modules/stock-tools.src.js.gz
- highcharts/12.1.0/es-modules/masters/modules/stock-tools.src.min.js.br
- highcharts/12.1.0/es-modules/masters/modules/stock-tools.src.min.js.gz
- highcharts/12.1.0/es-modules/masters/modules/stock.src.js.br
- highcharts/12.1.0/es-modules/masters/modules/stock.src.js.gz
- highcharts/12.1.0/es-modules/masters/modules/stock.src.min.js.br
- highcharts/12.1.0/es-modules/masters/modules/stock.src.min.js.gz
- highcharts/12.1.0/es-modules/masters/modules/streamgraph.src.js.br
- highcharts/12.1.0/es-modules/masters/modules/streamgraph.src.js.gz
- highcharts/12.1.0/es-modules/masters/modules/streamgraph.src.min.js.br
- highcharts/12.1.0/es-modules/masters/modules/streamgraph.src.min.js.gz
- highcharts/12.1.0/es-modules/masters/modules/sunburst.src.js.br
- highcharts/12.1.0/es-modules/masters/modules/sunburst.src.js.gz
- highcharts/12.1.0/es-modules/masters/modules/sunburst.src.min.js.br
- highcharts/12.1.0/es-modules/masters/modules/sunburst.src.min.js.gz
- highcharts/12.1.0/es-modules/masters/modules/textpath.src.js.br
- highcharts/12.1.0/es-modules/masters/modules/textpath.src.js.gz
- highcharts/12.1.0/es-modules/masters/modules/textpath.src.min.js.br
- highcharts/12.1.0/es-modules/masters/modules/textpath.src.min.js.gz
- highcharts/12.1.0/es-modules/masters/modules/tiledwebmap.src.js.br
- highcharts/12.1.0/es-modules/masters/modules/tiledwebmap.src.js.gz
- highcharts/12.1.0/es-modules/masters/modules/tiledwebmap.src.min.js.br
- highcharts/12.1.0/es-modules/masters/modules/tiledwebmap.src.min.js.gz
- highcharts/12.1.0/es-modules/masters/modules/tilemap.src.js.br
- highcharts/12.1.0/es-modules/masters/modules/tilemap.src.js.gz
- highcharts/12.1.0/es-modules/masters/modules/tilemap.src.min.js.br
- highcharts/12.1.0/es-modules/masters/modules/tilemap.src.min.js.gz
- highcharts/12.1.0/es-modules/masters/modules/timeline.src.js.br
- highcharts/12.1.0/es-modules/masters/modules/timeline.src.js.gz
- highcharts/12.1.0/es-modules/masters/modules/timeline.src.min.js.br
- highcharts/12.1.0/es-modules/masters/modules/timeline.src.min.js.gz
- highcharts/12.1.0/es-modules/masters/modules/treegraph.src.js.br
- highcharts/12.1.0/es-modules/masters/modules/treegraph.src.js.gz
- highcharts/12.1.0/es-modules/masters/modules/treegraph.src.min.js.br
- highcharts/12.1.0/es-modules/masters/modules/treegraph.src.min.js.gz
- highcharts/12.1.0/es-modules/masters/modules/treegrid.src.js.br
- highcharts/12.1.0/es-modules/masters/modules/treegrid.src.js.gz
- highcharts/12.1.0/es-modules/masters/modules/treegrid.src.min.js.br
- highcharts/12.1.0/es-modules/masters/modules/treegrid.src.min.js.gz
- highcharts/12.1.0/es-modules/masters/modules/treemap.src.js.br
- highcharts/12.1.0/es-modules/masters/modules/treemap.src.js.gz
- highcharts/12.1.0/es-modules/masters/modules/treemap.src.min.js.br
- highcharts/12.1.0/es-modules/masters/modules/treemap.src.min.js.gz
- highcharts/12.1.0/es-modules/masters/modules/variable-pie.src.js.br
- highcharts/12.1.0/es-modules/masters/modules/variable-pie.src.js.gz
- highcharts/12.1.0/es-modules/masters/modules/variable-pie.src.min.js.br
- highcharts/12.1.0/es-modules/masters/modules/variable-pie.src.min.js.gz
- highcharts/12.1.0/es-modules/masters/modules/variwide.src.js.br
- highcharts/12.1.0/es-modules/masters/modules/variwide.src.js.gz
- highcharts/12.1.0/es-modules/masters/modules/variwide.src.min.js.br
- highcharts/12.1.0/es-modules/masters/modules/variwide.src.min.js.gz
- highcharts/12.1.0/es-modules/masters/modules/vector.src.js.br
- highcharts/12.1.0/es-modules/masters/modules/vector.src.js.gz
- highcharts/12.1.0/es-modules/masters/modules/vector.src.min.js.br
- highcharts/12.1.0/es-modules/masters/modules/vector.src.min.js.gz
- highcharts/12.1.0/es-modules/masters/modules/venn.src.js.br
- highcharts/12.1.0/es-modules/masters/modules/venn.src.js.gz
- highcharts/12.1.0/es-modules/masters/modules/venn.src.min.js.br
- highcharts/12.1.0/es-modules/masters/modules/venn.src.min.js.gz
- highcharts/12.1.0/es-modules/masters/modules/windbarb.src.js.br
- highcharts/12.1.0/es-modules/masters/modules/windbarb.src.js.gz
- highcharts/12.1.0/es-modules/masters/modules/windbarb.src.min.js.br
- highcharts/12.1.0/es-modules/masters/modules/windbarb.src.min.js.gz
- highcharts/12.1.0/es-modules/masters/modules/wordcloud.src.js.br
- highcharts/12.1.0/es-modules/masters/modules/wordcloud.src.js.gz
- highcharts/12.1.0/es-modules/masters/modules/wordcloud.src.min.js.br
- highcharts/12.1.0/es-modules/masters/modules/wordcloud.src.min.js.gz
- highcharts/12.1.0/es-modules/masters/modules/xrange.src.js.br
- highcharts/12.1.0/es-modules/masters/modules/xrange.src.js.gz
- highcharts/12.1.0/es-modules/masters/modules/xrange.src.min.js.br
- highcharts/12.1.0/es-modules/masters/modules/xrange.src.min.js.gz
- highcharts/12.1.0/es-modules/masters/standalone-navigator.src.js.br
- highcharts/12.1.0/es-modules/masters/standalone-navigator.src.js.gz
- highcharts/12.1.0/es-modules/masters/standalone-navigator.src.min.js.br
- highcharts/12.1.0/es-modules/masters/standalone-navigator.src.min.js.gz
- highcharts/12.1.0/es-modules/masters/themes/avocado.src.js.br
- highcharts/12.1.0/es-modules/masters/themes/avocado.src.js.gz
- highcharts/12.1.0/es-modules/masters/themes/avocado.src.min.js.br
- highcharts/12.1.0/es-modules/masters/themes/avocado.src.min.js.gz
- highcharts/12.1.0/es-modules/masters/themes/brand-dark.src.js.br
- highcharts/12.1.0/es-modules/masters/themes/brand-dark.src.js.gz
- highcharts/12.1.0/es-modules/masters/themes/brand-dark.src.min.js.br
- highcharts/12.1.0/es-modules/masters/themes/brand-dark.src.min.js.gz
- highcharts/12.1.0/es-modules/masters/themes/brand-light.src.js.br
- highcharts/12.1.0/es-modules/masters/themes/brand-light.src.js.gz
- highcharts/12.1.0/es-modules/masters/themes/brand-light.src.min.js.br
- highcharts/12.1.0/es-modules/masters/themes/brand-light.src.min.js.gz
- highcharts/12.1.0/es-modules/masters/themes/dark-blue.src.js.br
- highcharts/12.1.0/es-modules/masters/themes/dark-blue.src.js.gz
- highcharts/12.1.0/es-modules/masters/themes/dark-blue.src.min.js.br
- highcharts/12.1.0/es-modules/masters/themes/dark-blue.src.min.js.gz
- highcharts/12.1.0/es-modules/masters/themes/dark-green.src.js.br
- highcharts/12.1.0/es-modules/masters/themes/dark-green.src.js.gz
- highcharts/12.1.0/es-modules/masters/themes/dark-green.src.min.js.br
- highcharts/12.1.0/es-modules/masters/themes/dark-green.src.min.js.gz
- highcharts/12.1.0/es-modules/masters/themes/dark-unica.src.js.br
- highcharts/12.1.0/es-modules/masters/themes/dark-unica.src.js.gz
- highcharts/12.1.0/es-modules/masters/themes/dark-unica.src.min.js.br
- highcharts/12.1.0/es-modules/masters/themes/dark-unica.src.min.js.gz
- highcharts/12.1.0/es-modules/masters/themes/gray.src.js.br
- highcharts/12.1.0/es-modules/masters/themes/gray.src.js.gz
- highcharts/12.1.0/es-modules/masters/themes/gray.src.min.js.br
- highcharts/12.1.0/es-modules/masters/themes/gray.src.min.js.gz
- highcharts/12.1.0/es-modules/masters/themes/grid-light.src.js.br
- highcharts/12.1.0/es-modules/masters/themes/grid-light.src.js.gz
- highcharts/12.1.0/es-modules/masters/themes/grid-light.src.min.js.br
- highcharts/12.1.0/es-modules/masters/themes/grid-light.src.min.js.gz
- highcharts/12.1.0/es-modules/masters/themes/grid.src.js.br
- highcharts/12.1.0/es-modules/masters/themes/grid.src.js.gz
- highcharts/12.1.0/es-modules/masters/themes/grid.src.min.js.br
- highcharts/12.1.0/es-modules/masters/themes/grid.src.min.js.gz
- highcharts/12.1.0/es-modules/masters/themes/high-contrast-dark.src.js.br
- highcharts/12.1.0/es-modules/masters/themes/high-contrast-dark.src.js.gz
- highcharts/12.1.0/es-modules/masters/themes/high-contrast-dark.src.min.js.br
- highcharts/12.1.0/es-modules/masters/themes/high-contrast-dark.src.min.js.gz
- highcharts/12.1.0/es-modules/masters/themes/high-contrast-light.src.js.br
- highcharts/12.1.0/es-modules/masters/themes/high-contrast-light.src.js.gz
- highcharts/12.1.0/es-modules/masters/themes/high-contrast-light.src.min.js.br
- highcharts/12.1.0/es-modules/masters/themes/high-contrast-light.src.min.js.gz
- highcharts/12.1.0/es-modules/masters/themes/sand-signika.src.js.br
- highcharts/12.1.0/es-modules/masters/themes/sand-signika.src.js.gz
- highcharts/12.1.0/es-modules/masters/themes/sand-signika.src.min.js.br
- highcharts/12.1.0/es-modules/masters/themes/sand-signika.src.min.js.gz
- highcharts/12.1.0/es-modules/masters/themes/skies.src.js.br
- highcharts/12.1.0/es-modules/masters/themes/skies.src.js.gz
- highcharts/12.1.0/es-modules/masters/themes/skies.src.min.js.br
- highcharts/12.1.0/es-modules/masters/themes/skies.src.min.js.gz
- highcharts/12.1.0/es-modules/masters/themes/sunset.src.js.br
- highcharts/12.1.0/es-modules/masters/themes/sunset.src.js.gz
- highcharts/12.1.0/es-modules/masters/themes/sunset.src.min.js.br
- highcharts/12.1.0/es-modules/masters/themes/sunset.src.min.js.gz
- highcharts/12.1.0/highcharts-3d.js.br
- highcharts/12.1.0/highcharts-3d.js.gz
- highcharts/12.1.0/highcharts-3d.min.js.br
- highcharts/12.1.0/highcharts-3d.min.js.gz
- highcharts/12.1.0/highcharts-3d.src.js.br
- highcharts/12.1.0/highcharts-3d.src.js.gz
- highcharts/12.1.0/highcharts-3d.src.min.js.br
- highcharts/12.1.0/highcharts-3d.src.min.js.gz
- highcharts/12.1.0/highcharts-gantt.js.br
- highcharts/12.1.0/highcharts-gantt.js.gz
- highcharts/12.1.0/highcharts-gantt.min.js.br
- highcharts/12.1.0/highcharts-gantt.min.js.gz
- highcharts/12.1.0/highcharts-gantt.src.js.br
- highcharts/12.1.0/highcharts-gantt.src.js.gz
- highcharts/12.1.0/highcharts-gantt.src.min.js.br
- highcharts/12.1.0/highcharts-gantt.src.min.js.gz
- highcharts/12.1.0/highcharts-more.js.br
- highcharts/12.1.0/highcharts-more.js.gz
- highcharts/12.1.0/highcharts-more.min.js.br
- highcharts/12.1.0/highcharts-more.min.js.gz
- highcharts/12.1.0/highcharts-more.src.js.br
- highcharts/12.1.0/highcharts-more.src.js.gz
- highcharts/12.1.0/highcharts-more.src.min.js.br
- highcharts/12.1.0/highcharts-more.src.min.js.gz
- highcharts/12.1.0/highcharts.js.br
- highcharts/12.1.0/highcharts.js.gz
- highcharts/12.1.0/highcharts.min.js.br
- highcharts/12.1.0/highcharts.min.js.gz
- highcharts/12.1.0/highcharts.src.js.br
- highcharts/12.1.0/highcharts.src.js.gz
- highcharts/12.1.0/highcharts.src.min.js.br
- highcharts/12.1.0/highcharts.src.min.js.gz
- highcharts/12.1.0/highmaps.js.br
- highcharts/12.1.0/highmaps.js.gz
- highcharts/12.1.0/highmaps.min.js.br
- highcharts/12.1.0/highmaps.min.js.gz
- highcharts/12.1.0/highmaps.src.js.br
- highcharts/12.1.0/highmaps.src.js.gz
- highcharts/12.1.0/highmaps.src.min.js.br
- highcharts/12.1.0/highmaps.src.min.js.gz
- highcharts/12.1.0/highstock.js.br
- highcharts/12.1.0/highstock.js.gz
- highcharts/12.1.0/highstock.min.js.br
- highcharts/12.1.0/highstock.min.js.gz
- highcharts/12.1.0/highstock.src.js.br
- highcharts/12.1.0/highstock.src.js.gz
- highcharts/12.1.0/highstock.src.min.js.br
- highcharts/12.1.0/highstock.src.min.js.gz
- highcharts/12.1.0/indicators/acceleration-bands.js.br
- highcharts/12.1.0/indicators/acceleration-bands.js.gz
- highcharts/12.1.0/indicators/acceleration-bands.min.js.br
- highcharts/12.1.0/indicators/acceleration-bands.min.js.gz
- highcharts/12.1.0/indicators/acceleration-bands.src.js.br
- highcharts/12.1.0/indicators/acceleration-bands.src.js.gz
- highcharts/12.1.0/indicators/acceleration-bands.src.min.js.br
- highcharts/12.1.0/indicators/acceleration-bands.src.min.js.gz
- highcharts/12.1.0/indicators/accumulation-distribution.js.br
- highcharts/12.1.0/indicators/accumulation-distribution.js.gz
- highcharts/12.1.0/indicators/accumulation-distribution.min.js.br
- highcharts/12.1.0/indicators/accumulation-distribution.min.js.gz
- highcharts/12.1.0/indicators/accumulation-distribution.src.js.br
- highcharts/12.1.0/indicators/accumulation-distribution.src.js.gz
- highcharts/12.1.0/indicators/accumulation-distribution.src.min.js.br
- highcharts/12.1.0/indicators/accumulation-distribution.src.min.js.gz
- highcharts/12.1.0/indicators/ao.js.br
- highcharts/12.1.0/indicators/ao.js.gz
- highcharts/12.1.0/indicators/ao.min.js.br
- highcharts/12.1.0/indicators/ao.min.js.gz
- highcharts/12.1.0/indicators/ao.src.js.br
- highcharts/12.1.0/indicators/ao.src.js.gz
- highcharts/12.1.0/indicators/ao.src.min.js.br
- highcharts/12.1.0/indicators/ao.src.min.js.gz
- highcharts/12.1.0/indicators/apo.js.br
- highcharts/12.1.0/indicators/apo.js.gz
- highcharts/12.1.0/indicators/apo.min.js.br
- highcharts/12.1.0/indicators/apo.min.js.gz
- highcharts/12.1.0/indicators/apo.src.js.br
- highcharts/12.1.0/indicators/apo.src.js.gz
- highcharts/12.1.0/indicators/apo.src.min.js.br
- highcharts/12.1.0/indicators/apo.src.min.js.gz
- highcharts/12.1.0/indicators/aroon-oscillator.js.br
- highcharts/12.1.0/indicators/aroon-oscillator.js.gz
- highcharts/12.1.0/indicators/aroon-oscillator.min.js.br
- highcharts/12.1.0/indicators/aroon-oscillator.min.js.gz
- highcharts/12.1.0/indicators/aroon-oscillator.src.js.br
- highcharts/12.1.0/indicators/aroon-oscillator.src.js.gz
- highcharts/12.1.0/indicators/aroon-oscillator.src.min.js.br
- highcharts/12.1.0/indicators/aroon-oscillator.src.min.js.gz
- highcharts/12.1.0/indicators/aroon.js.br
- highcharts/12.1.0/indicators/aroon.js.gz
- highcharts/12.1.0/indicators/aroon.min.js.br
- highcharts/12.1.0/indicators/aroon.min.js.gz
- highcharts/12.1.0/indicators/aroon.src.js.br
- highcharts/12.1.0/indicators/aroon.src.js.gz
- highcharts/12.1.0/indicators/aroon.src.min.js.br
- highcharts/12.1.0/indicators/aroon.src.min.js.gz
- highcharts/12.1.0/indicators/atr.js.br
- highcharts/12.1.0/indicators/atr.js.gz
- highcharts/12.1.0/indicators/atr.min.js.br
- highcharts/12.1.0/indicators/atr.min.js.gz
- highcharts/12.1.0/indicators/atr.src.js.br
- highcharts/12.1.0/indicators/atr.src.js.gz
- highcharts/12.1.0/indicators/atr.src.min.js.br
- highcharts/12.1.0/indicators/atr.src.min.js.gz
- highcharts/12.1.0/indicators/bollinger-bands.js.br
- highcharts/12.1.0/indicators/bollinger-bands.js.gz
- highcharts/12.1.0/indicators/bollinger-bands.min.js.br
- highcharts/12.1.0/indicators/bollinger-bands.min.js.gz
- highcharts/12.1.0/indicators/bollinger-bands.src.js.br
- highcharts/12.1.0/indicators/bollinger-bands.src.js.gz
- highcharts/12.1.0/indicators/bollinger-bands.src.min.js.br
- highcharts/12.1.0/indicators/bollinger-bands.src.min.js.gz
- highcharts/12.1.0/indicators/cci.js.br
- highcharts/12.1.0/indicators/cci.js.gz
- highcharts/12.1.0/indicators/cci.min.js.br
- highcharts/12.1.0/indicators/cci.min.js.gz
- highcharts/12.1.0/indicators/cci.src.js.br
- highcharts/12.1.0/indicators/cci.src.js.gz
- highcharts/12.1.0/indicators/cci.src.min.js.br
- highcharts/12.1.0/indicators/cci.src.min.js.gz
- highcharts/12.1.0/indicators/chaikin.js.br
- highcharts/12.1.0/indicators/chaikin.js.gz
- highcharts/12.1.0/indicators/chaikin.min.js.br
- highcharts/12.1.0/indicators/chaikin.min.js.gz
- highcharts/12.1.0/indicators/chaikin.src.js.br
- highcharts/12.1.0/indicators/chaikin.src.js.gz
- highcharts/12.1.0/indicators/chaikin.src.min.js.br
- highcharts/12.1.0/indicators/chaikin.src.min.js.gz
- highcharts/12.1.0/indicators/cmf.js.br
- highcharts/12.1.0/indicators/cmf.js.gz
- highcharts/12.1.0/indicators/cmf.min.js.br
- highcharts/12.1.0/indicators/cmf.min.js.gz
- highcharts/12.1.0/indicators/cmf.src.js.br
- highcharts/12.1.0/indicators/cmf.src.js.gz
- highcharts/12.1.0/indicators/cmf.src.min.js.br
- highcharts/12.1.0/indicators/cmf.src.min.js.gz
- highcharts/12.1.0/indicators/cmo.js.br
- highcharts/12.1.0/indicators/cmo.js.gz
- highcharts/12.1.0/indicators/cmo.min.js.br
- highcharts/12.1.0/indicators/cmo.min.js.gz
- highcharts/12.1.0/indicators/cmo.src.js.br
- highcharts/12.1.0/indicators/cmo.src.js.gz
- highcharts/12.1.0/indicators/cmo.src.min.js.br
- highcharts/12.1.0/indicators/cmo.src.min.js.gz
- highcharts/12.1.0/indicators/dema.js.br
- highcharts/12.1.0/indicators/dema.js.gz
- highcharts/12.1.0/indicators/dema.min.js.br
- highcharts/12.1.0/indicators/dema.min.js.gz
- highcharts/12.1.0/indicators/dema.src.js.br
- highcharts/12.1.0/indicators/dema.src.js.gz
- highcharts/12.1.0/indicators/dema.src.min.js.br
- highcharts/12.1.0/indicators/dema.src.min.js.gz
- highcharts/12.1.0/indicators/disparity-index.js.br
- highcharts/12.1.0/indicators/disparity-index.js.gz
- highcharts/12.1.0/indicators/disparity-index.min.js.br
- highcharts/12.1.0/indicators/disparity-index.min.js.gz
- highcharts/12.1.0/indicators/disparity-index.src.js.br
- highcharts/12.1.0/indicators/disparity-index.src.js.gz
- highcharts/12.1.0/indicators/disparity-index.src.min.js.br
- highcharts/12.1.0/indicators/disparity-index.src.min.js.gz
- highcharts/12.1.0/indicators/dmi.js.br
- highcharts/12.1.0/indicators/dmi.js.gz
- highcharts/12.1.0/indicators/dmi.min.js.br
- highcharts/12.1.0/indicators/dmi.min.js.gz
- highcharts/12.1.0/indicators/dmi.src.js.br
- highcharts/12.1.0/indicators/dmi.src.js.gz
- highcharts/12.1.0/indicators/dmi.src.min.js.br
- highcharts/12.1.0/indicators/dmi.src.min.js.gz
- highcharts/12.1.0/indicators/dpo.js.br
- highcharts/12.1.0/indicators/dpo.js.gz
- highcharts/12.1.0/indicators/dpo.min.js.br
- highcharts/12.1.0/indicators/dpo.min.js.gz
- highcharts/12.1.0/indicators/dpo.src.js.br
- highcharts/12.1.0/indicators/dpo.src.js.gz
- highcharts/12.1.0/indicators/dpo.src.min.js.br
- highcharts/12.1.0/indicators/dpo.src.min.js.gz
- highcharts/12.1.0/indicators/ema.js.br
- highcharts/12.1.0/indicators/ema.js.gz
- highcharts/12.1.0/indicators/ema.min.js.br
- highcharts/12.1.0/indicators/ema.min.js.gz
- highcharts/12.1.0/indicators/ema.src.js.br
- highcharts/12.1.0/indicators/ema.src.js.gz
- highcharts/12.1.0/indicators/ema.src.min.js.br
- highcharts/12.1.0/indicators/ema.src.min.js.gz
- highcharts/12.1.0/indicators/ichimoku-kinko-hyo.js.br
- highcharts/12.1.0/indicators/ichimoku-kinko-hyo.js.gz
- highcharts/12.1.0/indicators/ichimoku-kinko-hyo.min.js.br
- highcharts/12.1.0/indicators/ichimoku-kinko-hyo.min.js.gz
- highcharts/12.1.0/indicators/ichimoku-kinko-hyo.src.js.br
- highcharts/12.1.0/indicators/ichimoku-kinko-hyo.src.js.gz
- highcharts/12.1.0/indicators/ichimoku-kinko-hyo.src.min.js.br
- highcharts/12.1.0/indicators/ichimoku-kinko-hyo.src.min.js.gz
- highcharts/12.1.0/indicators/indicators-all.js.br
- highcharts/12.1.0/indicators/indicators-all.js.gz
- highcharts/12.1.0/indicators/indicators-all.min.js.br
- highcharts/12.1.0/indicators/indicators-all.min.js.gz
- highcharts/12.1.0/indicators/indicators-all.src.js.br
- highcharts/12.1.0/indicators/indicators-all.src.js.gz
- highcharts/12.1.0/indicators/indicators-all.src.min.js.br
- highcharts/12.1.0/indicators/indicators-all.src.min.js.gz
- highcharts/12.1.0/indicators/indicators.js.br
- highcharts/12.1.0/indicators/indicators.js.gz
- highcharts/12.1.0/indicators/indicators.min.js.br
- highcharts/12.1.0/indicators/indicators.min.js.gz
- highcharts/12.1.0/indicators/indicators.src.js.br
- highcharts/12.1.0/indicators/indicators.src.js.gz
- highcharts/12.1.0/indicators/indicators.src.min.js.br
- highcharts/12.1.0/indicators/indicators.src.min.js.gz
- highcharts/12.1.0/indicators/keltner-channels.js.br
- highcharts/12.1.0/indicators/keltner-channels.js.gz
- highcharts/12.1.0/indicators/keltner-channels.min.js.br
- highcharts/12.1.0/indicators/keltner-channels.min.js.gz
- highcharts/12.1.0/indicators/keltner-channels.src.js.br
- highcharts/12.1.0/indicators/keltner-channels.src.js.gz
- highcharts/12.1.0/indicators/keltner-channels.src.min.js.br
- highcharts/12.1.0/indicators/keltner-channels.src.min.js.gz
- highcharts/12.1.0/indicators/klinger.js.br
- highcharts/12.1.0/indicators/klinger.js.gz
- highcharts/12.1.0/indicators/klinger.min.js.br
- highcharts/12.1.0/indicators/klinger.min.js.gz
- highcharts/12.1.0/indicators/klinger.src.js.br
- highcharts/12.1.0/indicators/klinger.src.js.gz
- highcharts/12.1.0/indicators/klinger.src.min.js.br
- highcharts/12.1.0/indicators/klinger.src.min.js.gz
- highcharts/12.1.0/indicators/macd.js.br
- highcharts/12.1.0/indicators/macd.js.gz
- highcharts/12.1.0/indicators/macd.min.js.br
- highcharts/12.1.0/indicators/macd.min.js.gz
- highcharts/12.1.0/indicators/macd.src.js.br
- highcharts/12.1.0/indicators/macd.src.js.gz
- highcharts/12.1.0/indicators/macd.src.min.js.br
- highcharts/12.1.0/indicators/macd.src.min.js.gz
- highcharts/12.1.0/indicators/mfi.js.br
- highcharts/12.1.0/indicators/mfi.js.gz
- highcharts/12.1.0/indicators/mfi.min.js.br
- highcharts/12.1.0/indicators/mfi.min.js.gz
- highcharts/12.1.0/indicators/mfi.src.js.br
- highcharts/12.1.0/indicators/mfi.src.js.gz
- highcharts/12.1.0/indicators/mfi.src.min.js.br
- highcharts/12.1.0/indicators/mfi.src.min.js.gz
- highcharts/12.1.0/indicators/momentum.js.br
- highcharts/12.1.0/indicators/momentum.js.gz
- highcharts/12.1.0/indicators/momentum.min.js.br
- highcharts/12.1.0/indicators/momentum.min.js.gz
- highcharts/12.1.0/indicators/momentum.src.js.br
- highcharts/12.1.0/indicators/momentum.src.js.gz
- highcharts/12.1.0/indicators/momentum.src.min.js.br
- highcharts/12.1.0/indicators/momentum.src.min.js.gz
- highcharts/12.1.0/indicators/natr.js.br
- highcharts/12.1.0/indicators/natr.js.gz
- highcharts/12.1.0/indicators/natr.min.js.br
- highcharts/12.1.0/indicators/natr.min.js.gz
- highcharts/12.1.0/indicators/natr.src.js.br
- highcharts/12.1.0/indicators/natr.src.js.gz
- highcharts/12.1.0/indicators/natr.src.min.js.br
- highcharts/12.1.0/indicators/natr.src.min.js.gz
- highcharts/12.1.0/indicators/obv.js.br
- highcharts/12.1.0/indicators/obv.js.gz
- highcharts/12.1.0/indicators/obv.min.js.br
- highcharts/12.1.0/indicators/obv.min.js.gz
- highcharts/12.1.0/indicators/obv.src.js.br
- highcharts/12.1.0/indicators/obv.src.js.gz
- highcharts/12.1.0/indicators/obv.src.min.js.br
- highcharts/12.1.0/indicators/obv.src.min.js.gz
- highcharts/12.1.0/indicators/pivot-points.js.br
- highcharts/12.1.0/indicators/pivot-points.js.gz
- highcharts/12.1.0/indicators/pivot-points.min.js.br
- highcharts/12.1.0/indicators/pivot-points.min.js.gz
- highcharts/12.1.0/indicators/pivot-points.src.js.br
- highcharts/12.1.0/indicators/pivot-points.src.js.gz
- highcharts/12.1.0/indicators/pivot-points.src.min.js.br
- highcharts/12.1.0/indicators/pivot-points.src.min.js.gz
- highcharts/12.1.0/indicators/ppo.js.br
- highcharts/12.1.0/indicators/ppo.js.gz
- highcharts/12.1.0/indicators/ppo.min.js.br
- highcharts/12.1.0/indicators/ppo.min.js.gz
- highcharts/12.1.0/indicators/ppo.src.js.br
- highcharts/12.1.0/indicators/ppo.src.js.gz
- highcharts/12.1.0/indicators/ppo.src.min.js.br
- highcharts/12.1.0/indicators/ppo.src.min.js.gz
- highcharts/12.1.0/indicators/price-channel.js.br
- highcharts/12.1.0/indicators/price-channel.js.gz
- highcharts/12.1.0/indicators/price-channel.min.js.br
- highcharts/12.1.0/indicators/price-channel.min.js.gz
- highcharts/12.1.0/indicators/price-channel.src.js.br
- highcharts/12.1.0/indicators/price-channel.src.js.gz
- highcharts/12.1.0/indicators/price-channel.src.min.js.br
- highcharts/12.1.0/indicators/price-channel.src.min.js.gz
- highcharts/12.1.0/indicators/price-envelopes.js.br
- highcharts/12.1.0/indicators/price-envelopes.js.gz
- highcharts/12.1.0/indicators/price-envelopes.min.js.br
- highcharts/12.1.0/indicators/price-envelopes.min.js.gz
- highcharts/12.1.0/indicators/price-envelopes.src.js.br
- highcharts/12.1.0/indicators/price-envelopes.src.js.gz
- highcharts/12.1.0/indicators/price-envelopes.src.min.js.br
- highcharts/12.1.0/indicators/price-envelopes.src.min.js.gz
- highcharts/12.1.0/indicators/psar.js.br
- highcharts/12.1.0/indicators/psar.js.gz
- highcharts/12.1.0/indicators/psar.min.js.br
- highcharts/12.1.0/indicators/psar.min.js.gz
- highcharts/12.1.0/indicators/psar.src.js.br
- highcharts/12.1.0/indicators/psar.src.js.gz
- highcharts/12.1.0/indicators/psar.src.min.js.br
- highcharts/12.1.0/indicators/psar.src.min.js.gz
- highcharts/12.1.0/indicators/regressions.js.br
- highcharts/12.1.0/indicators/regressions.js.gz
- highcharts/12.1.0/indicators/regressions.min.js.br
- highcharts/12.1.0/indicators/regressions.min.js.gz
- highcharts/12.1.0/indicators/regressions.src.js.br
- highcharts/12.1.0/indicators/regressions.src.js.gz
- highcharts/12.1.0/indicators/regressions.src.min.js.br
- highcharts/12.1.0/indicators/regressions.src.min.js.gz
- highcharts/12.1.0/indicators/roc.js.br
- highcharts/12.1.0/indicators/roc.js.gz
- highcharts/12.1.0/indicators/roc.min.js.br
- highcharts/12.1.0/indicators/roc.min.js.gz
- highcharts/12.1.0/indicators/roc.src.js.br
- highcharts/12.1.0/indicators/roc.src.js.gz
- highcharts/12.1.0/indicators/roc.src.min.js.br
- highcharts/12.1.0/indicators/roc.src.min.js.gz
- highcharts/12.1.0/indicators/rsi.js.br
- highcharts/12.1.0/indicators/rsi.js.gz
- highcharts/12.1.0/indicators/rsi.min.js.br
- highcharts/12.1.0/indicators/rsi.min.js.gz
- highcharts/12.1.0/indicators/rsi.src.js.br
- highcharts/12.1.0/indicators/rsi.src.js.gz
- highcharts/12.1.0/indicators/rsi.src.min.js.br
- highcharts/12.1.0/indicators/rsi.src.min.js.gz
- highcharts/12.1.0/indicators/slow-stochastic.js.br
- highcharts/12.1.0/indicators/slow-stochastic.js.gz
- highcharts/12.1.0/indicators/slow-stochastic.min.js.br
- highcharts/12.1.0/indicators/slow-stochastic.min.js.gz
- highcharts/12.1.0/indicators/slow-stochastic.src.js.br
- highcharts/12.1.0/indicators/slow-stochastic.src.js.gz
- highcharts/12.1.0/indicators/slow-stochastic.src.min.js.br
- highcharts/12.1.0/indicators/slow-stochastic.src.min.js.gz
- highcharts/12.1.0/indicators/stochastic.js.br
- highcharts/12.1.0/indicators/stochastic.js.gz
- highcharts/12.1.0/indicators/stochastic.min.js.br
- highcharts/12.1.0/indicators/stochastic.min.js.gz
- highcharts/12.1.0/indicators/stochastic.src.js.br
- highcharts/12.1.0/indicators/stochastic.src.js.gz
- highcharts/12.1.0/indicators/stochastic.src.min.js.br
- highcharts/12.1.0/indicators/stochastic.src.min.js.gz
- highcharts/12.1.0/indicators/supertrend.js.br
- highcharts/12.1.0/indicators/supertrend.js.gz
- highcharts/12.1.0/indicators/supertrend.min.js.br
- highcharts/12.1.0/indicators/supertrend.min.js.gz
- highcharts/12.1.0/indicators/supertrend.src.js.br
- highcharts/12.1.0/indicators/supertrend.src.js.gz
- highcharts/12.1.0/indicators/supertrend.src.min.js.br
- highcharts/12.1.0/indicators/supertrend.src.min.js.gz
- highcharts/12.1.0/indicators/tema.js.br
- highcharts/12.1.0/indicators/tema.js.gz
- highcharts/12.1.0/indicators/tema.min.js.br
- highcharts/12.1.0/indicators/tema.min.js.gz
- highcharts/12.1.0/indicators/tema.src.js.br
- highcharts/12.1.0/indicators/tema.src.js.gz
- highcharts/12.1.0/indicators/tema.src.min.js.br
- highcharts/12.1.0/indicators/tema.src.min.js.gz
- highcharts/12.1.0/indicators/trendline.js.br
- highcharts/12.1.0/indicators/trendline.js.gz
- highcharts/12.1.0/indicators/trendline.min.js.br
- highcharts/12.1.0/indicators/trendline.min.js.gz
- highcharts/12.1.0/indicators/trendline.src.js.br
- highcharts/12.1.0/indicators/trendline.src.js.gz
- highcharts/12.1.0/indicators/trendline.src.min.js.br
- highcharts/12.1.0/indicators/trendline.src.min.js.gz
- highcharts/12.1.0/indicators/trix.js.br
- highcharts/12.1.0/indicators/trix.js.gz
- highcharts/12.1.0/indicators/trix.min.js.br
- highcharts/12.1.0/indicators/trix.min.js.gz
- highcharts/12.1.0/indicators/trix.src.js.br
- highcharts/12.1.0/indicators/trix.src.js.gz
- highcharts/12.1.0/indicators/trix.src.min.js.br
- highcharts/12.1.0/indicators/trix.src.min.js.gz
- highcharts/12.1.0/indicators/volume-by-price.js.br
- highcharts/12.1.0/indicators/volume-by-price.js.gz
- highcharts/12.1.0/indicators/volume-by-price.min.js.br
- highcharts/12.1.0/indicators/volume-by-price.min.js.gz
- highcharts/12.1.0/indicators/volume-by-price.src.js.br
- highcharts/12.1.0/indicators/volume-by-price.src.js.gz
- highcharts/12.1.0/indicators/volume-by-price.src.min.js.br
- highcharts/12.1.0/indicators/volume-by-price.src.min.js.gz
- highcharts/12.1.0/indicators/vwap.js.br
- highcharts/12.1.0/indicators/vwap.js.gz
- highcharts/12.1.0/indicators/vwap.min.js.br
- highcharts/12.1.0/indicators/vwap.min.js.gz
- highcharts/12.1.0/indicators/vwap.src.js.br
- highcharts/12.1.0/indicators/vwap.src.js.gz
- highcharts/12.1.0/indicators/vwap.src.min.js.br
- highcharts/12.1.0/indicators/vwap.src.min.js.gz
- highcharts/12.1.0/indicators/williams-r.js.br
- highcharts/12.1.0/indicators/williams-r.js.gz
- highcharts/12.1.0/indicators/williams-r.min.js.br
- highcharts/12.1.0/indicators/williams-r.min.js.gz
- highcharts/12.1.0/indicators/williams-r.src.js.br
- highcharts/12.1.0/indicators/williams-r.src.js.gz
- highcharts/12.1.0/indicators/williams-r.src.min.js.br
- highcharts/12.1.0/indicators/williams-r.src.min.js.gz
- highcharts/12.1.0/indicators/wma.js.br
- highcharts/12.1.0/indicators/wma.js.gz
- highcharts/12.1.0/indicators/wma.min.js.br
- highcharts/12.1.0/indicators/wma.min.js.gz
- highcharts/12.1.0/indicators/wma.src.js.br
- highcharts/12.1.0/indicators/wma.src.js.gz
- highcharts/12.1.0/indicators/wma.src.min.js.br
- highcharts/12.1.0/indicators/wma.src.min.js.gz
- highcharts/12.1.0/indicators/zigzag.js.br
- highcharts/12.1.0/indicators/zigzag.js.gz
- highcharts/12.1.0/indicators/zigzag.min.js.br
- highcharts/12.1.0/indicators/zigzag.min.js.gz
- highcharts/12.1.0/indicators/zigzag.src.js.br
- highcharts/12.1.0/indicators/zigzag.src.js.gz
- highcharts/12.1.0/indicators/zigzag.src.min.js.br
- highcharts/12.1.0/indicators/zigzag.src.min.js.gz
- highcharts/12.1.0/lib/jspdf.js.br
- highcharts/12.1.0/lib/jspdf.js.gz
- highcharts/12.1.0/lib/jspdf.min.js.br
- highcharts/12.1.0/lib/jspdf.min.js.gz
- highcharts/12.1.0/lib/jspdf.src.js.br
- highcharts/12.1.0/lib/jspdf.src.js.gz
- highcharts/12.1.0/lib/jspdf.src.min.js.br
- highcharts/12.1.0/lib/jspdf.src.min.js.gz
- highcharts/12.1.0/lib/svg2pdf.js.br
- highcharts/12.1.0/lib/svg2pdf.js.gz
- highcharts/12.1.0/lib/svg2pdf.min.js.br
- highcharts/12.1.0/lib/svg2pdf.min.js.gz
- highcharts/12.1.0/lib/svg2pdf.src.js.br
- highcharts/12.1.0/lib/svg2pdf.src.js.gz
- highcharts/12.1.0/lib/svg2pdf.src.min.js.br
- highcharts/12.1.0/lib/svg2pdf.src.min.js.gz
- highcharts/12.1.0/modules/accessibility.js.br
- highcharts/12.1.0/modules/accessibility.js.gz
- highcharts/12.1.0/modules/accessibility.min.js.br
- highcharts/12.1.0/modules/accessibility.min.js.gz
- highcharts/12.1.0/modules/accessibility.src.js.br
- highcharts/12.1.0/modules/accessibility.src.js.gz
- highcharts/12.1.0/modules/accessibility.src.min.js.br
- highcharts/12.1.0/modules/accessibility.src.min.js.gz
- highcharts/12.1.0/modules/annotations-advanced.js.br
- highcharts/12.1.0/modules/annotations-advanced.js.gz
- highcharts/12.1.0/modules/annotations-advanced.min.js.br
- highcharts/12.1.0/modules/annotations-advanced.min.js.gz
- highcharts/12.1.0/modules/annotations-advanced.src.js.br
- highcharts/12.1.0/modules/annotations-advanced.src.js.gz
- highcharts/12.1.0/modules/annotations-advanced.src.min.js.br
- highcharts/12.1.0/modules/annotations-advanced.src.min.js.gz
- highcharts/12.1.0/modules/annotations.js.br
- highcharts/12.1.0/modules/annotations.js.gz
- highcharts/12.1.0/modules/annotations.min.js.br
- highcharts/12.1.0/modules/annotations.min.js.gz
- highcharts/12.1.0/modules/annotations.src.js.br
- highcharts/12.1.0/modules/annotations.src.js.gz
- highcharts/12.1.0/modules/annotations.src.min.js.br
- highcharts/12.1.0/modules/annotations.src.min.js.gz
- highcharts/12.1.0/modules/arc-diagram.js.br
- highcharts/12.1.0/modules/arc-diagram.js.gz
- highcharts/12.1.0/modules/arc-diagram.min.js.br
- highcharts/12.1.0/modules/arc-diagram.min.js.gz
- highcharts/12.1.0/modules/arc-diagram.src.js.br
- highcharts/12.1.0/modules/arc-diagram.src.js.gz
- highcharts/12.1.0/modules/arc-diagram.src.min.js.br
- highcharts/12.1.0/modules/arc-diagram.src.min.js.gz
- highcharts/12.1.0/modules/arrow-symbols.js.br
- highcharts/12.1.0/modules/arrow-symbols.js.gz
- highcharts/12.1.0/modules/arrow-symbols.min.js.br
- highcharts/12.1.0/modules/arrow-symbols.min.js.gz
- highcharts/12.1.0/modules/arrow-symbols.src.js.br
- highcharts/12.1.0/modules/arrow-symbols.src.js.gz
- highcharts/12.1.0/modules/arrow-symbols.src.min.js.br
- highcharts/12.1.0/modules/arrow-symbols.src.min.js.gz
- highcharts/12.1.0/modules/boost-canvas.js.br
- highcharts/12.1.0/modules/boost-canvas.js.gz
- highcharts/12.1.0/modules/boost-canvas.min.js.br
- highcharts/12.1.0/modules/boost-canvas.min.js.gz
- highcharts/12.1.0/modules/boost-canvas.src.js.br
- highcharts/12.1.0/modules/boost-canvas.src.js.gz
- highcharts/12.1.0/modules/boost-canvas.src.min.js.br
- highcharts/12.1.0/modules/boost-canvas.src.min.js.gz
- highcharts/12.1.0/modules/boost.js.br
- highcharts/12.1.0/modules/boost.js.gz
- highcharts/12.1.0/modules/boost.min.js.br
- highcharts/12.1.0/modules/boost.min.js.gz
- highcharts/12.1.0/modules/boost.src.js.br
- highcharts/12.1.0/modules/boost.src.js.gz
- highcharts/12.1.0/modules/boost.src.min.js.br
- highcharts/12.1.0/modules/boost.src.min.js.gz
- highcharts/12.1.0/modules/broken-axis.js.br
- highcharts/12.1.0/modules/broken-axis.js.gz
- highcharts/12.1.0/modules/broken-axis.min.js.br
- highcharts/12.1.0/modules/broken-axis.min.js.gz
- highcharts/12.1.0/modules/broken-axis.src.js.br
- highcharts/12.1.0/modules/broken-axis.src.js.gz
- highcharts/12.1.0/modules/broken-axis.src.min.js.br
- highcharts/12.1.0/modules/broken-axis.src.min.js.gz
- highcharts/12.1.0/modules/bullet.js.br
- highcharts/12.1.0/modules/bullet.js.gz
- highcharts/12.1.0/modules/bullet.min.js.br
- highcharts/12.1.0/modules/bullet.min.js.gz
- highcharts/12.1.0/modules/bullet.src.js.br
- highcharts/12.1.0/modules/bullet.src.js.gz
- highcharts/12.1.0/modules/bullet.src.min.js.br
- highcharts/12.1.0/modules/bullet.src.min.js.gz
- highcharts/12.1.0/modules/coloraxis.js.br
- highcharts/12.1.0/modules/coloraxis.js.gz
- highcharts/12.1.0/modules/coloraxis.min.js.br
- highcharts/12.1.0/modules/coloraxis.min.js.gz
- highcharts/12.1.0/modules/coloraxis.src.js.br
- highcharts/12.1.0/modules/coloraxis.src.js.gz
- highcharts/12.1.0/modules/coloraxis.src.min.js.br
- highcharts/12.1.0/modules/coloraxis.src.min.js.gz
- highcharts/12.1.0/modules/current-date-indicator.js.br
- highcharts/12.1.0/modules/current-date-indicator.js.gz
- highcharts/12.1.0/modules/current-date-indicator.min.js.br
- highcharts/12.1.0/modules/current-date-indicator.min.js.gz
- highcharts/12.1.0/modules/current-date-indicator.src.js.br
- highcharts/12.1.0/modules/current-date-indicator.src.js.gz
- highcharts/12.1.0/modules/current-date-indicator.src.min.js.br
- highcharts/12.1.0/modules/current-date-indicator.src.min.js.gz
- highcharts/12.1.0/modules/cylinder.js.br
- highcharts/12.1.0/modules/cylinder.js.gz
- highcharts/12.1.0/modules/cylinder.min.js.br
- highcharts/12.1.0/modules/cylinder.min.js.gz
- highcharts/12.1.0/modules/cylinder.src.js.br
- highcharts/12.1.0/modules/cylinder.src.js.gz
- highcharts/12.1.0/modules/cylinder.src.min.js.br
- highcharts/12.1.0/modules/cylinder.src.min.js.gz
- highcharts/12.1.0/modules/data-tools.js.br
- highcharts/12.1.0/modules/data-tools.js.gz
- highcharts/12.1.0/modules/data-tools.min.js.br
- highcharts/12.1.0/modules/data-tools.min.js.gz
- highcharts/12.1.0/modules/data-tools.src.js.br
- highcharts/12.1.0/modules/data-tools.src.js.gz
- highcharts/12.1.0/modules/data-tools.src.min.js.br
- highcharts/12.1.0/modules/data-tools.src.min.js.gz
- highcharts/12.1.0/modules/data.js.br
- highcharts/12.1.0/modules/data.js.gz
- highcharts/12.1.0/modules/data.min.js.br
- highcharts/12.1.0/modules/data.min.js.gz
- highcharts/12.1.0/modules/data.src.js.br
- highcharts/12.1.0/modules/data.src.js.gz
- highcharts/12.1.0/modules/data.src.min.js.br
- highcharts/12.1.0/modules/data.src.min.js.gz
- highcharts/12.1.0/modules/datagrouping.js.br
- highcharts/12.1.0/modules/datagrouping.js.gz
- highcharts/12.1.0/modules/datagrouping.min.js.br
- highcharts/12.1.0/modules/datagrouping.min.js.gz
- highcharts/12.1.0/modules/datagrouping.src.js.br
- highcharts/12.1.0/modules/datagrouping.src.js.gz
- highcharts/12.1.0/modules/datagrouping.src.min.js.br
- highcharts/12.1.0/modules/datagrouping.src.min.js.gz
- highcharts/12.1.0/modules/debugger.js.br
- highcharts/12.1.0/modules/debugger.js.gz
- highcharts/12.1.0/modules/debugger.min.js.br
- highcharts/12.1.0/modules/debugger.min.js.gz
- highcharts/12.1.0/modules/debugger.src.js.br
- highcharts/12.1.0/modules/debugger.src.js.gz
- highcharts/12.1.0/modules/debugger.src.min.js.br
- highcharts/12.1.0/modules/debugger.src.min.js.gz
- highcharts/12.1.0/modules/dependency-wheel.js.br
- highcharts/12.1.0/modules/dependency-wheel.js.gz
- highcharts/12.1.0/modules/dependency-wheel.min.js.br
- highcharts/12.1.0/modules/dependency-wheel.min.js.gz
- highcharts/12.1.0/modules/dependency-wheel.src.js.br
- highcharts/12.1.0/modules/dependency-wheel.src.js.gz
- highcharts/12.1.0/modules/dependency-wheel.src.min.js.br
- highcharts/12.1.0/modules/dependency-wheel.src.min.js.gz
- highcharts/12.1.0/modules/dotplot.js.br
- highcharts/12.1.0/modules/dotplot.js.gz
- highcharts/12.1.0/modules/dotplot.min.js.br
- highcharts/12.1.0/modules/dotplot.min.js.gz
- highcharts/12.1.0/modules/dotplot.src.js.br
- highcharts/12.1.0/modules/dotplot.src.js.gz
- highcharts/12.1.0/modules/dotplot.src.min.js.br
- highcharts/12.1.0/modules/dotplot.src.min.js.gz
- highcharts/12.1.0/modules/drag-panes.js.br
- highcharts/12.1.0/modules/drag-panes.js.gz
- highcharts/12.1.0/modules/drag-panes.min.js.br
- highcharts/12.1.0/modules/drag-panes.min.js.gz
- highcharts/12.1.0/modules/drag-panes.src.js.br
- highcharts/12.1.0/modules/drag-panes.src.js.gz
- highcharts/12.1.0/modules/drag-panes.src.min.js.br
- highcharts/12.1.0/modules/drag-panes.src.min.js.gz
- highcharts/12.1.0/modules/draggable-points.js.br
- highcharts/12.1.0/modules/draggable-points.js.gz
- highcharts/12.1.0/modules/draggable-points.min.js.br
- highcharts/12.1.0/modules/draggable-points.min.js.gz
- highcharts/12.1.0/modules/draggable-points.src.js.br
- highcharts/12.1.0/modules/draggable-points.src.js.gz
- highcharts/12.1.0/modules/draggable-points.src.min.js.br
- highcharts/12.1.0/modules/draggable-points.src.min.js.gz
- highcharts/12.1.0/modules/drilldown.js.br
- highcharts/12.1.0/modules/drilldown.js.gz
- highcharts/12.1.0/modules/drilldown.min.js.br
- highcharts/12.1.0/modules/drilldown.min.js.gz
- highcharts/12.1.0/modules/drilldown.src.js.br
- highcharts/12.1.0/modules/drilldown.src.js.gz
- highcharts/12.1.0/modules/drilldown.src.min.js.br
- highcharts/12.1.0/modules/drilldown.src.min.js.gz
- highcharts/12.1.0/modules/dumbbell.js.br
- highcharts/12.1.0/modules/dumbbell.js.gz
- highcharts/12.1.0/modules/dumbbell.min.js.br
- highcharts/12.1.0/modules/dumbbell.min.js.gz
- highcharts/12.1.0/modules/dumbbell.src.js.br
- highcharts/12.1.0/modules/dumbbell.src.js.gz
- highcharts/12.1.0/modules/dumbbell.src.min.js.br
- highcharts/12.1.0/modules/dumbbell.src.min.js.gz
- highcharts/12.1.0/modules/export-data.js.br
- highcharts/12.1.0/modules/export-data.js.gz
- highcharts/12.1.0/modules/export-data.min.js.br
- highcharts/12.1.0/modules/export-data.min.js.gz
- highcharts/12.1.0/modules/export-data.src.js.br
- highcharts/12.1.0/modules/export-data.src.js.gz
- highcharts/12.1.0/modules/export-data.src.min.js.br
- highcharts/12.1.0/modules/export-data.src.min.js.gz
- highcharts/12.1.0/modules/exporting.js.br
- highcharts/12.1.0/modules/exporting.js.gz
- highcharts/12.1.0/modules/exporting.min.js.br
- highcharts/12.1.0/modules/exporting.min.js.gz
- highcharts/12.1.0/modules/exporting.src.js.br
- highcharts/12.1.0/modules/exporting.src.js.gz
- highcharts/12.1.0/modules/exporting.src.min.js.br
- highcharts/12.1.0/modules/exporting.src.min.js.gz
- highcharts/12.1.0/modules/flowmap.js.br
- highcharts/12.1.0/modules/flowmap.js.gz
- highcharts/12.1.0/modules/flowmap.min.js.br
- highcharts/12.1.0/modules/flowmap.min.js.gz
- highcharts/12.1.0/modules/flowmap.src.js.br
- highcharts/12.1.0/modules/flowmap.src.js.gz
- highcharts/12.1.0/modules/flowmap.src.min.js.br
- highcharts/12.1.0/modules/flowmap.src.min.js.gz
- highcharts/12.1.0/modules/full-screen.js.br
- highcharts/12.1.0/modules/full-screen.js.gz
- highcharts/12.1.0/modules/full-screen.min.js.br
- highcharts/12.1.0/modules/full-screen.min.js.gz
- highcharts/12.1.0/modules/full-screen.src.js.br
- highcharts/12.1.0/modules/full-screen.src.js.gz
- highcharts/12.1.0/modules/full-screen.src.min.js.br
- highcharts/12.1.0/modules/full-screen.src.min.js.gz
- highcharts/12.1.0/modules/funnel.js.br
- highcharts/12.1.0/modules/funnel.js.gz
- highcharts/12.1.0/modules/funnel.min.js.br
- highcharts/12.1.0/modules/funnel.min.js.gz
- highcharts/12.1.0/modules/funnel.src.js.br
- highcharts/12.1.0/modules/funnel.src.js.gz
- highcharts/12.1.0/modules/funnel.src.min.js.br
- highcharts/12.1.0/modules/funnel.src.min.js.gz
- highcharts/12.1.0/modules/funnel3d.js.br
- highcharts/12.1.0/modules/funnel3d.js.gz
- highcharts/12.1.0/modules/funnel3d.min.js.br
- highcharts/12.1.0/modules/funnel3d.min.js.gz
- highcharts/12.1.0/modules/funnel3d.src.js.br
- highcharts/12.1.0/modules/funnel3d.src.js.gz
- highcharts/12.1.0/modules/funnel3d.src.min.js.br
- highcharts/12.1.0/modules/funnel3d.src.min.js.gz
- highcharts/12.1.0/modules/gantt.js.br
- highcharts/12.1.0/modules/gantt.js.gz
- highcharts/12.1.0/modules/gantt.min.js.br
- highcharts/12.1.0/modules/gantt.min.js.gz
- highcharts/12.1.0/modules/gantt.src.js.br
- highcharts/12.1.0/modules/gantt.src.js.gz
- highcharts/12.1.0/modules/gantt.src.min.js.br
- highcharts/12.1.0/modules/gantt.src.min.js.gz
- highcharts/12.1.0/modules/geoheatmap.js.br
- highcharts/12.1.0/modules/geoheatmap.js.gz
- highcharts/12.1.0/modules/geoheatmap.min.js.br
- highcharts/12.1.0/modules/geoheatmap.min.js.gz
- highcharts/12.1.0/modules/geoheatmap.src.js.br
- highcharts/12.1.0/modules/geoheatmap.src.js.gz
- highcharts/12.1.0/modules/geoheatmap.src.min.js.br
- highcharts/12.1.0/modules/geoheatmap.src.min.js.gz
- highcharts/12.1.0/modules/grid-axis.js.br
- highcharts/12.1.0/modules/grid-axis.js.gz
- highcharts/12.1.0/modules/grid-axis.min.js.br
- highcharts/12.1.0/modules/grid-axis.min.js.gz
- highcharts/12.1.0/modules/grid-axis.src.js.br
- highcharts/12.1.0/modules/grid-axis.src.js.gz
- highcharts/12.1.0/modules/grid-axis.src.min.js.br
- highcharts/12.1.0/modules/grid-axis.src.min.js.gz
- highcharts/12.1.0/modules/heatmap.js.br
- highcharts/12.1.0/modules/heatmap.js.gz
- highcharts/12.1.0/modules/heatmap.min.js.br
- highcharts/12.1.0/modules/heatmap.min.js.gz
- highcharts/12.1.0/modules/heatmap.src.js.br
- highcharts/12.1.0/modules/heatmap.src.js.gz
- highcharts/12.1.0/modules/heatmap.src.min.js.br
- highcharts/12.1.0/modules/heatmap.src.min.js.gz
- highcharts/12.1.0/modules/heikinashi.js.br
- highcharts/12.1.0/modules/heikinashi.js.gz
- highcharts/12.1.0/modules/heikinashi.min.js.br
- highcharts/12.1.0/modules/heikinashi.min.js.gz
- highcharts/12.1.0/modules/heikinashi.src.js.br
- highcharts/12.1.0/modules/heikinashi.src.js.gz
- highcharts/12.1.0/modules/heikinashi.src.min.js.br
- highcharts/12.1.0/modules/heikinashi.src.min.js.gz
- highcharts/12.1.0/modules/histogram-bellcurve.js.br
- highcharts/12.1.0/modules/histogram-bellcurve.js.gz
- highcharts/12.1.0/modules/histogram-bellcurve.min.js.br
- highcharts/12.1.0/modules/histogram-bellcurve.min.js.gz
- highcharts/12.1.0/modules/histogram-bellcurve.src.js.br
- highcharts/12.1.0/modules/histogram-bellcurve.src.js.gz
- highcharts/12.1.0/modules/histogram-bellcurve.src.min.js.br
- highcharts/12.1.0/modules/histogram-bellcurve.src.min.js.gz
- highcharts/12.1.0/modules/hollowcandlestick.js.br
- highcharts/12.1.0/modules/hollowcandlestick.js.gz
- highcharts/12.1.0/modules/hollowcandlestick.min.js.br
- highcharts/12.1.0/modules/hollowcandlestick.min.js.gz
- highcharts/12.1.0/modules/hollowcandlestick.src.js.br
- highcharts/12.1.0/modules/hollowcandlestick.src.js.gz
- highcharts/12.1.0/modules/hollowcandlestick.src.min.js.br
- highcharts/12.1.0/modules/hollowcandlestick.src.min.js.gz
- highcharts/12.1.0/modules/item-series.js.br
- highcharts/12.1.0/modules/item-series.js.gz
- highcharts/12.1.0/modules/item-series.min.js.br
- highcharts/12.1.0/modules/item-series.min.js.gz
- highcharts/12.1.0/modules/item-series.src.js.br
- highcharts/12.1.0/modules/item-series.src.js.gz
- highcharts/12.1.0/modules/item-series.src.min.js.br
- highcharts/12.1.0/modules/item-series.src.min.js.gz
- highcharts/12.1.0/modules/lollipop.js.br
- highcharts/12.1.0/modules/lollipop.js.gz
- highcharts/12.1.0/modules/lollipop.min.js.br
- highcharts/12.1.0/modules/lollipop.min.js.gz
- highcharts/12.1.0/modules/lollipop.src.js.br
- highcharts/12.1.0/modules/lollipop.src.js.gz
- highcharts/12.1.0/modules/lollipop.src.min.js.br
- highcharts/12.1.0/modules/lollipop.src.min.js.gz
- highcharts/12.1.0/modules/map.js.br
- highcharts/12.1.0/modules/map.js.gz
- highcharts/12.1.0/modules/map.min.js.br
- highcharts/12.1.0/modules/map.min.js.gz
- highcharts/12.1.0/modules/map.src.js.br
- highcharts/12.1.0/modules/map.src.js.gz
- highcharts/12.1.0/modules/map.src.min.js.br
- highcharts/12.1.0/modules/map.src.min.js.gz
- highcharts/12.1.0/modules/marker-clusters.js.br
- highcharts/12.1.0/modules/marker-clusters.js.gz
- highcharts/12.1.0/modules/marker-clusters.min.js.br
- highcharts/12.1.0/modules/marker-clusters.min.js.gz
- highcharts/12.1.0/modules/marker-clusters.src.js.br
- highcharts/12.1.0/modules/marker-clusters.src.js.gz
- highcharts/12.1.0/modules/marker-clusters.src.min.js.br
- highcharts/12.1.0/modules/marker-clusters.src.min.js.gz
- highcharts/12.1.0/modules/mouse-wheel-zoom.js.br
- highcharts/12.1.0/modules/mouse-wheel-zoom.js.gz
- highcharts/12.1.0/modules/mouse-wheel-zoom.min.js.br
- highcharts/12.1.0/modules/mouse-wheel-zoom.min.js.gz
- highcharts/12.1.0/modules/mouse-wheel-zoom.src.js.br
- highcharts/12.1.0/modules/mouse-wheel-zoom.src.js.gz
- highcharts/12.1.0/modules/mouse-wheel-zoom.src.min.js.br
- highcharts/12.1.0/modules/mouse-wheel-zoom.src.min.js.gz
- highcharts/12.1.0/modules/navigator.js.br
- highcharts/12.1.0/modules/navigator.js.gz
- highcharts/12.1.0/modules/navigator.min.js.br
- highcharts/12.1.0/modules/navigator.min.js.gz
- highcharts/12.1.0/modules/navigator.src.js.br
- highcharts/12.1.0/modules/navigator.src.js.gz
- highcharts/12.1.0/modules/navigator.src.min.js.br
- highcharts/12.1.0/modules/navigator.src.min.js.gz
- highcharts/12.1.0/modules/networkgraph.js.br
- highcharts/12.1.0/modules/networkgraph.js.gz
- highcharts/12.1.0/modules/networkgraph.min.js.br
- highcharts/12.1.0/modules/networkgraph.min.js.gz
- highcharts/12.1.0/modules/networkgraph.src.js.br
- highcharts/12.1.0/modules/networkgraph.src.js.gz
- highcharts/12.1.0/modules/networkgraph.src.min.js.br
- highcharts/12.1.0/modules/networkgraph.src.min.js.gz
- highcharts/12.1.0/modules/no-data-to-display.js.br
- highcharts/12.1.0/modules/no-data-to-display.js.gz
- highcharts/12.1.0/modules/no-data-to-display.min.js.br
- highcharts/12.1.0/modules/no-data-to-display.min.js.gz
- highcharts/12.1.0/modules/no-data-to-display.src.js.br
- highcharts/12.1.0/modules/no-data-to-display.src.js.gz
- highcharts/12.1.0/modules/no-data-to-display.src.min.js.br
- highcharts/12.1.0/modules/no-data-to-display.src.min.js.gz
- highcharts/12.1.0/modules/offline-exporting.js.br
- highcharts/12.1.0/modules/offline-exporting.js.gz
- highcharts/12.1.0/modules/offline-exporting.min.js.br
- highcharts/12.1.0/modules/offline-exporting.min.js.gz
- highcharts/12.1.0/modules/offline-exporting.src.js.br
- highcharts/12.1.0/modules/offline-exporting.src.js.gz
- highcharts/12.1.0/modules/offline-exporting.src.min.js.br
- highcharts/12.1.0/modules/offline-exporting.src.min.js.gz
- highcharts/12.1.0/modules/organization.js.br
- highcharts/12.1.0/modules/organization.js.gz
- highcharts/12.1.0/modules/organization.min.js.br
- highcharts/12.1.0/modules/organization.min.js.gz
- highcharts/12.1.0/modules/organization.src.js.br
- highcharts/12.1.0/modules/organization.src.js.gz
- highcharts/12.1.0/modules/organization.src.min.js.br
- highcharts/12.1.0/modules/organization.src.min.js.gz
- highcharts/12.1.0/modules/overlapping-datalabels.js.br
- highcharts/12.1.0/modules/overlapping-datalabels.js.gz
- highcharts/12.1.0/modules/overlapping-datalabels.min.js.br
- highcharts/12.1.0/modules/overlapping-datalabels.min.js.gz
- highcharts/12.1.0/modules/overlapping-datalabels.src.js.br
- highcharts/12.1.0/modules/overlapping-datalabels.src.js.gz
- highcharts/12.1.0/modules/overlapping-datalabels.src.min.js.br
- highcharts/12.1.0/modules/overlapping-datalabels.src.min.js.gz
- highcharts/12.1.0/modules/parallel-coordinates.js.br
- highcharts/12.1.0/modules/parallel-coordinates.js.gz
- highcharts/12.1.0/modules/parallel-coordinates.min.js.br
- highcharts/12.1.0/modules/parallel-coordinates.min.js.gz
- highcharts/12.1.0/modules/parallel-coordinates.src.js.br
- highcharts/12.1.0/modules/parallel-coordinates.src.js.gz
- highcharts/12.1.0/modules/parallel-coordinates.src.min.js.br
- highcharts/12.1.0/modules/parallel-coordinates.src.min.js.gz
- highcharts/12.1.0/modules/pareto.js.br
- highcharts/12.1.0/modules/pareto.js.gz
- highcharts/12.1.0/modules/pareto.min.js.br
- highcharts/12.1.0/modules/pareto.min.js.gz
- highcharts/12.1.0/modules/pareto.src.js.br
- highcharts/12.1.0/modules/pareto.src.js.gz
- highcharts/12.1.0/modules/pareto.src.min.js.br
- highcharts/12.1.0/modules/pareto.src.min.js.gz
- highcharts/12.1.0/modules/pathfinder.js.br
- highcharts/12.1.0/modules/pathfinder.js.gz
- highcharts/12.1.0/modules/pathfinder.min.js.br
- highcharts/12.1.0/modules/pathfinder.min.js.gz
- highcharts/12.1.0/modules/pathfinder.src.js.br
- highcharts/12.1.0/modules/pathfinder.src.js.gz
- highcharts/12.1.0/modules/pathfinder.src.min.js.br
- highcharts/12.1.0/modules/pathfinder.src.min.js.gz
- highcharts/12.1.0/modules/pattern-fill.js.br
- highcharts/12.1.0/modules/pattern-fill.js.gz
- highcharts/12.1.0/modules/pattern-fill.min.js.br
- highcharts/12.1.0/modules/pattern-fill.min.js.gz
- highcharts/12.1.0/modules/pattern-fill.src.js.br
- highcharts/12.1.0/modules/pattern-fill.src.js.gz
- highcharts/12.1.0/modules/pattern-fill.src.min.js.br
- highcharts/12.1.0/modules/pattern-fill.src.min.js.gz
- highcharts/12.1.0/modules/pictorial.js.br
- highcharts/12.1.0/modules/pictorial.js.gz
- highcharts/12.1.0/modules/pictorial.min.js.br
- highcharts/12.1.0/modules/pictorial.min.js.gz
- highcharts/12.1.0/modules/pictorial.src.js.br
- highcharts/12.1.0/modules/pictorial.src.js.gz
- highcharts/12.1.0/modules/pictorial.src.min.js.br
- highcharts/12.1.0/modules/pictorial.src.min.js.gz
- highcharts/12.1.0/modules/pointandfigure.js.br
- highcharts/12.1.0/modules/pointandfigure.js.gz
- highcharts/12.1.0/modules/pointandfigure.min.js.br
- highcharts/12.1.0/modules/pointandfigure.min.js.gz
- highcharts/12.1.0/modules/pointandfigure.src.js.br
- highcharts/12.1.0/modules/pointandfigure.src.js.gz
- highcharts/12.1.0/modules/pointandfigure.src.min.js.br
- highcharts/12.1.0/modules/pointandfigure.src.min.js.gz
- highcharts/12.1.0/modules/price-indicator.js.br
- highcharts/12.1.0/modules/price-indicator.js.gz
- highcharts/12.1.0/modules/price-indicator.min.js.br
- highcharts/12.1.0/modules/price-indicator.min.js.gz
- highcharts/12.1.0/modules/price-indicator.src.js.br
- highcharts/12.1.0/modules/price-indicator.src.js.gz
- highcharts/12.1.0/modules/price-indicator.src.min.js.br
- highcharts/12.1.0/modules/price-indicator.src.min.js.gz
- highcharts/12.1.0/modules/pyramid3d.js.br
- highcharts/12.1.0/modules/pyramid3d.js.gz
- highcharts/12.1.0/modules/pyramid3d.min.js.br
- highcharts/12.1.0/modules/pyramid3d.min.js.gz
- highcharts/12.1.0/modules/pyramid3d.src.js.br
- highcharts/12.1.0/modules/pyramid3d.src.js.gz
- highcharts/12.1.0/modules/pyramid3d.src.min.js.br
- highcharts/12.1.0/modules/pyramid3d.src.min.js.gz
- highcharts/12.1.0/modules/renko.js.br
- highcharts/12.1.0/modules/renko.js.gz
- highcharts/12.1.0/modules/renko.min.js.br
- highcharts/12.1.0/modules/renko.min.js.gz
- highcharts/12.1.0/modules/renko.src.js.br
- highcharts/12.1.0/modules/renko.src.js.gz
- highcharts/12.1.0/modules/renko.src.min.js.br
- highcharts/12.1.0/modules/renko.src.min.js.gz
- highcharts/12.1.0/modules/sankey.js.br
- highcharts/12.1.0/modules/sankey.js.gz
- highcharts/12.1.0/modules/sankey.min.js.br
- highcharts/12.1.0/modules/sankey.min.js.gz
- highcharts/12.1.0/modules/sankey.src.js.br
- highcharts/12.1.0/modules/sankey.src.js.gz
- highcharts/12.1.0/modules/sankey.src.min.js.br
- highcharts/12.1.0/modules/sankey.src.min.js.gz
- highcharts/12.1.0/modules/series-label.js.br
- highcharts/12.1.0/modules/series-label.js.gz
- highcharts/12.1.0/modules/series-label.min.js.br
- highcharts/12.1.0/modules/series-label.min.js.gz
- highcharts/12.1.0/modules/series-label.src.js.br
- highcharts/12.1.0/modules/series-label.src.js.gz
- highcharts/12.1.0/modules/series-label.src.min.js.br
- highcharts/12.1.0/modules/series-label.src.min.js.gz
- highcharts/12.1.0/modules/series-on-point.js.br
- highcharts/12.1.0/modules/series-on-point.js.gz
- highcharts/12.1.0/modules/series-on-point.min.js.br
- highcharts/12.1.0/modules/series-on-point.min.js.gz
- highcharts/12.1.0/modules/series-on-point.src.js.br
- highcharts/12.1.0/modules/series-on-point.src.js.gz
- highcharts/12.1.0/modules/series-on-point.src.min.js.br
- highcharts/12.1.0/modules/series-on-point.src.min.js.gz
- highcharts/12.1.0/modules/solid-gauge.js.br
- highcharts/12.1.0/modules/solid-gauge.js.gz
- highcharts/12.1.0/modules/solid-gauge.min.js.br
- highcharts/12.1.0/modules/solid-gauge.min.js.gz
- highcharts/12.1.0/modules/solid-gauge.src.js.br
- highcharts/12.1.0/modules/solid-gauge.src.js.gz
- highcharts/12.1.0/modules/solid-gauge.src.min.js.br
- highcharts/12.1.0/modules/solid-gauge.src.min.js.gz
- highcharts/12.1.0/modules/sonification.js.br
- highcharts/12.1.0/modules/sonification.js.gz
- highcharts/12.1.0/modules/sonification.min.js.br
- highcharts/12.1.0/modules/sonification.min.js.gz
- highcharts/12.1.0/modules/sonification.src.js.br
- highcharts/12.1.0/modules/sonification.src.js.gz
- highcharts/12.1.0/modules/sonification.src.min.js.br
- highcharts/12.1.0/modules/sonification.src.min.js.gz
- highcharts/12.1.0/modules/static-scale.js.br
- highcharts/12.1.0/modules/static-scale.js.gz
- highcharts/12.1.0/modules/static-scale.min.js.br
- highcharts/12.1.0/modules/static-scale.min.js.gz
- highcharts/12.1.0/modules/static-scale.src.js.br
- highcharts/12.1.0/modules/static-scale.src.js.gz
- highcharts/12.1.0/modules/static-scale.src.min.js.br
- highcharts/12.1.0/modules/static-scale.src.min.js.gz
- highcharts/12.1.0/modules/stock-tools.js.br
- highcharts/12.1.0/modules/stock-tools.js.gz
- highcharts/12.1.0/modules/stock-tools.min.js.br
- highcharts/12.1.0/modules/stock-tools.min.js.gz
- highcharts/12.1.0/modules/stock-tools.src.js.br
- highcharts/12.1.0/modules/stock-tools.src.js.gz
- highcharts/12.1.0/modules/stock-tools.src.min.js.br
- highcharts/12.1.0/modules/stock-tools.src.min.js.gz
- highcharts/12.1.0/modules/stock.js.br
- highcharts/12.1.0/modules/stock.js.gz
- highcharts/12.1.0/modules/stock.min.js.br
- highcharts/12.1.0/modules/stock.min.js.gz
- highcharts/12.1.0/modules/stock.src.js.br
- highcharts/12.1.0/modules/stock.src.js.gz
- highcharts/12.1.0/modules/stock.src.min.js.br
- highcharts/12.1.0/modules/stock.src.min.js.gz
- highcharts/12.1.0/modules/streamgraph.js.br
- highcharts/12.1.0/modules/streamgraph.js.gz
- highcharts/12.1.0/modules/streamgraph.min.js.br
- highcharts/12.1.0/modules/streamgraph.min.js.gz
- highcharts/12.1.0/modules/streamgraph.src.js.br
- highcharts/12.1.0/modules/streamgraph.src.js.gz
- highcharts/12.1.0/modules/streamgraph.src.min.js.br
- highcharts/12.1.0/modules/streamgraph.src.min.js.gz
- highcharts/12.1.0/modules/sunburst.js.br
- highcharts/12.1.0/modules/sunburst.js.gz
- highcharts/12.1.0/modules/sunburst.min.js.br
- highcharts/12.1.0/modules/sunburst.min.js.gz
- highcharts/12.1.0/modules/sunburst.src.js.br
- highcharts/12.1.0/modules/sunburst.src.js.gz
- highcharts/12.1.0/modules/sunburst.src.min.js.br
- highcharts/12.1.0/modules/sunburst.src.min.js.gz
- highcharts/12.1.0/modules/textpath.js.br
- highcharts/12.1.0/modules/textpath.js.gz
- highcharts/12.1.0/modules/textpath.min.js.br
- highcharts/12.1.0/modules/textpath.min.js.gz
- highcharts/12.1.0/modules/textpath.src.js.br
- highcharts/12.1.0/modules/textpath.src.js.gz
- highcharts/12.1.0/modules/textpath.src.min.js.br
- highcharts/12.1.0/modules/textpath.src.min.js.gz
- highcharts/12.1.0/modules/tiledwebmap.js.br
- highcharts/12.1.0/modules/tiledwebmap.js.gz
- highcharts/12.1.0/modules/tiledwebmap.min.js.br
- highcharts/12.1.0/modules/tiledwebmap.min.js.gz
- highcharts/12.1.0/modules/tiledwebmap.src.js.br
- highcharts/12.1.0/modules/tiledwebmap.src.js.gz
- highcharts/12.1.0/modules/tiledwebmap.src.min.js.br
- highcharts/12.1.0/modules/tiledwebmap.src.min.js.gz
- highcharts/12.1.0/modules/tilemap.js.br
- highcharts/12.1.0/modules/tilemap.js.gz
- highcharts/12.1.0/modules/tilemap.min.js.br
- highcharts/12.1.0/modules/tilemap.min.js.gz
- highcharts/12.1.0/modules/tilemap.src.js.br
- highcharts/12.1.0/modules/tilemap.src.js.gz
- highcharts/12.1.0/modules/tilemap.src.min.js.br
- highcharts/12.1.0/modules/tilemap.src.min.js.gz
- highcharts/12.1.0/modules/timeline.js.br
- highcharts/12.1.0/modules/timeline.js.gz
- highcharts/12.1.0/modules/timeline.min.js.br
- highcharts/12.1.0/modules/timeline.min.js.gz
- highcharts/12.1.0/modules/timeline.src.js.br
- highcharts/12.1.0/modules/timeline.src.js.gz
- highcharts/12.1.0/modules/timeline.src.min.js.br
- highcharts/12.1.0/modules/timeline.src.min.js.gz
- highcharts/12.1.0/modules/treegraph.js.br
- highcharts/12.1.0/modules/treegraph.js.gz
- highcharts/12.1.0/modules/treegraph.min.js.br
- highcharts/12.1.0/modules/treegraph.min.js.gz
- highcharts/12.1.0/modules/treegraph.src.js.br
- highcharts/12.1.0/modules/treegraph.src.js.gz
- highcharts/12.1.0/modules/treegraph.src.min.js.br
- highcharts/12.1.0/modules/treegraph.src.min.js.gz
- highcharts/12.1.0/modules/treegrid.js.br
- highcharts/12.1.0/modules/treegrid.js.gz
- highcharts/12.1.0/modules/treegrid.min.js.br
- highcharts/12.1.0/modules/treegrid.min.js.gz
- highcharts/12.1.0/modules/treegrid.src.js.br
- highcharts/12.1.0/modules/treegrid.src.js.gz
- highcharts/12.1.0/modules/treegrid.src.min.js.br
- highcharts/12.1.0/modules/treegrid.src.min.js.gz
- highcharts/12.1.0/modules/treemap.js.br
- highcharts/12.1.0/modules/treemap.js.gz
- highcharts/12.1.0/modules/treemap.min.js.br
- highcharts/12.1.0/modules/treemap.min.js.gz
- highcharts/12.1.0/modules/treemap.src.js.br
- highcharts/12.1.0/modules/treemap.src.js.gz
- highcharts/12.1.0/modules/treemap.src.min.js.br
- highcharts/12.1.0/modules/treemap.src.min.js.gz
- highcharts/12.1.0/modules/variable-pie.js.br
- highcharts/12.1.0/modules/variable-pie.js.gz
- highcharts/12.1.0/modules/variable-pie.min.js.br
- highcharts/12.1.0/modules/variable-pie.min.js.gz
- highcharts/12.1.0/modules/variable-pie.src.js.br
- highcharts/12.1.0/modules/variable-pie.src.js.gz
- highcharts/12.1.0/modules/variable-pie.src.min.js.br
- highcharts/12.1.0/modules/variable-pie.src.min.js.gz
- highcharts/12.1.0/modules/variwide.js.br
- highcharts/12.1.0/modules/variwide.js.gz
- highcharts/12.1.0/modules/variwide.min.js.br
- highcharts/12.1.0/modules/variwide.min.js.gz
- highcharts/12.1.0/modules/variwide.src.js.br
- highcharts/12.1.0/modules/variwide.src.js.gz
- highcharts/12.1.0/modules/variwide.src.min.js.br
- highcharts/12.1.0/modules/variwide.src.min.js.gz
- highcharts/12.1.0/modules/vector.js.br
- highcharts/12.1.0/modules/vector.js.gz
- highcharts/12.1.0/modules/vector.min.js.br
- highcharts/12.1.0/modules/vector.min.js.gz
- highcharts/12.1.0/modules/vector.src.js.br
- highcharts/12.1.0/modules/vector.src.js.gz
- highcharts/12.1.0/modules/vector.src.min.js.br
- highcharts/12.1.0/modules/vector.src.min.js.gz
- highcharts/12.1.0/modules/venn.js.br
- highcharts/12.1.0/modules/venn.js.gz
- highcharts/12.1.0/modules/venn.min.js.br
- highcharts/12.1.0/modules/venn.min.js.gz
- highcharts/12.1.0/modules/venn.src.js.br
- highcharts/12.1.0/modules/venn.src.js.gz
- highcharts/12.1.0/modules/venn.src.min.js.br
- highcharts/12.1.0/modules/venn.src.min.js.gz
- highcharts/12.1.0/modules/windbarb.js.br
- highcharts/12.1.0/modules/windbarb.js.gz
- highcharts/12.1.0/modules/windbarb.min.js.br
- highcharts/12.1.0/modules/windbarb.min.js.gz
- highcharts/12.1.0/modules/windbarb.src.js.br
- highcharts/12.1.0/modules/windbarb.src.js.gz
- highcharts/12.1.0/modules/windbarb.src.min.js.br
- highcharts/12.1.0/modules/windbarb.src.min.js.gz
- highcharts/12.1.0/modules/wordcloud.js.br
- highcharts/12.1.0/modules/wordcloud.js.gz
- highcharts/12.1.0/modules/wordcloud.min.js.br
- highcharts/12.1.0/modules/wordcloud.min.js.gz
- highcharts/12.1.0/modules/wordcloud.src.js.br
- highcharts/12.1.0/modules/wordcloud.src.js.gz
- highcharts/12.1.0/modules/wordcloud.src.min.js.br
- highcharts/12.1.0/modules/wordcloud.src.min.js.gz
- highcharts/12.1.0/modules/xrange.js.br
- highcharts/12.1.0/modules/xrange.js.gz
- highcharts/12.1.0/modules/xrange.min.js.br
- highcharts/12.1.0/modules/xrange.min.js.gz
- highcharts/12.1.0/modules/xrange.src.js.br
- highcharts/12.1.0/modules/xrange.src.js.gz
- highcharts/12.1.0/modules/xrange.src.min.js.br
- highcharts/12.1.0/modules/xrange.src.min.js.gz
- highcharts/12.1.0/standalone-navigator.js.br
- highcharts/12.1.0/standalone-navigator.js.gz
- highcharts/12.1.0/standalone-navigator.min.js.br
- highcharts/12.1.0/standalone-navigator.min.js.gz
- highcharts/12.1.0/standalone-navigator.src.js.br
- highcharts/12.1.0/standalone-navigator.src.js.gz
- highcharts/12.1.0/standalone-navigator.src.min.js.br
- highcharts/12.1.0/standalone-navigator.src.min.js.gz
- highcharts/12.1.0/themes/avocado.js.br
- highcharts/12.1.0/themes/avocado.js.gz
- highcharts/12.1.0/themes/avocado.min.js.br
- highcharts/12.1.0/themes/avocado.min.js.gz
- highcharts/12.1.0/themes/avocado.src.js.br
- highcharts/12.1.0/themes/avocado.src.js.gz
- highcharts/12.1.0/themes/avocado.src.min.js.br
- highcharts/12.1.0/themes/avocado.src.min.js.gz
- highcharts/12.1.0/themes/brand-dark.js.br
- highcharts/12.1.0/themes/brand-dark.js.gz
- highcharts/12.1.0/themes/brand-dark.min.js.br
- highcharts/12.1.0/themes/brand-dark.min.js.gz
- highcharts/12.1.0/themes/brand-dark.src.js.br
- highcharts/12.1.0/themes/brand-dark.src.js.gz
- highcharts/12.1.0/themes/brand-dark.src.min.js.br
- highcharts/12.1.0/themes/brand-dark.src.min.js.gz
- highcharts/12.1.0/themes/brand-light.js.br
- highcharts/12.1.0/themes/brand-light.js.gz
- highcharts/12.1.0/themes/brand-light.min.js.br
- highcharts/12.1.0/themes/brand-light.min.js.gz
- highcharts/12.1.0/themes/brand-light.src.js.br
- highcharts/12.1.0/themes/brand-light.src.js.gz
- highcharts/12.1.0/themes/brand-light.src.min.js.br
- highcharts/12.1.0/themes/brand-light.src.min.js.gz
- highcharts/12.1.0/themes/dark-blue.js.br
- highcharts/12.1.0/themes/dark-blue.js.gz
- highcharts/12.1.0/themes/dark-blue.min.js.br
- highcharts/12.1.0/themes/dark-blue.min.js.gz
- highcharts/12.1.0/themes/dark-blue.src.js.br
- highcharts/12.1.0/themes/dark-blue.src.js.gz
- highcharts/12.1.0/themes/dark-blue.src.min.js.br
- highcharts/12.1.0/themes/dark-blue.src.min.js.gz
- highcharts/12.1.0/themes/dark-green.js.br
- highcharts/12.1.0/themes/dark-green.js.gz
- highcharts/12.1.0/themes/dark-green.min.js.br
- highcharts/12.1.0/themes/dark-green.min.js.gz
- highcharts/12.1.0/themes/dark-green.src.js.br
- highcharts/12.1.0/themes/dark-green.src.js.gz
- highcharts/12.1.0/themes/dark-green.src.min.js.br
- highcharts/12.1.0/themes/dark-green.src.min.js.gz
- highcharts/12.1.0/themes/dark-unica.js.br
- highcharts/12.1.0/themes/dark-unica.js.gz
- highcharts/12.1.0/themes/dark-unica.min.js.br
- highcharts/12.1.0/themes/dark-unica.min.js.gz
- highcharts/12.1.0/themes/dark-unica.src.js.br
- highcharts/12.1.0/themes/dark-unica.src.js.gz
- highcharts/12.1.0/themes/dark-unica.src.min.js.br
- highcharts/12.1.0/themes/dark-unica.src.min.js.gz
- highcharts/12.1.0/themes/gray.js.br
- highcharts/12.1.0/themes/gray.js.gz
- highcharts/12.1.0/themes/gray.min.js.br
- highcharts/12.1.0/themes/gray.min.js.gz
- highcharts/12.1.0/themes/gray.src.js.br
- highcharts/12.1.0/themes/gray.src.js.gz
- highcharts/12.1.0/themes/gray.src.min.js.br
- highcharts/12.1.0/themes/gray.src.min.js.gz
- highcharts/12.1.0/themes/grid-light.js.br
- highcharts/12.1.0/themes/grid-light.js.gz
- highcharts/12.1.0/themes/grid-light.min.js.br
- highcharts/12.1.0/themes/grid-light.min.js.gz
- highcharts/12.1.0/themes/grid-light.src.js.br
- highcharts/12.1.0/themes/grid-light.src.js.gz
- highcharts/12.1.0/themes/grid-light.src.min.js.br
- highcharts/12.1.0/themes/grid-light.src.min.js.gz
- highcharts/12.1.0/themes/grid.js.br
- highcharts/12.1.0/themes/grid.js.gz
- highcharts/12.1.0/themes/grid.min.js.br
- highcharts/12.1.0/themes/grid.min.js.gz
- highcharts/12.1.0/themes/grid.src.js.br
- highcharts/12.1.0/themes/grid.src.js.gz
- highcharts/12.1.0/themes/grid.src.min.js.br
- highcharts/12.1.0/themes/grid.src.min.js.gz
- highcharts/12.1.0/themes/high-contrast-dark.js.br
- highcharts/12.1.0/themes/high-contrast-dark.js.gz
- highcharts/12.1.0/themes/high-contrast-dark.min.js.br
- highcharts/12.1.0/themes/high-contrast-dark.min.js.gz
- highcharts/12.1.0/themes/high-contrast-dark.src.js.br
- highcharts/12.1.0/themes/high-contrast-dark.src.js.gz
- highcharts/12.1.0/themes/high-contrast-dark.src.min.js.br
- highcharts/12.1.0/themes/high-contrast-dark.src.min.js.gz
- highcharts/12.1.0/themes/high-contrast-light.js.br
- highcharts/12.1.0/themes/high-contrast-light.js.gz
- highcharts/12.1.0/themes/high-contrast-light.min.js.br
- highcharts/12.1.0/themes/high-contrast-light.min.js.gz
- highcharts/12.1.0/themes/high-contrast-light.src.js.br
- highcharts/12.1.0/themes/high-contrast-light.src.js.gz
- highcharts/12.1.0/themes/high-contrast-light.src.min.js.br
- highcharts/12.1.0/themes/high-contrast-light.src.min.js.gz
- highcharts/12.1.0/themes/sand-signika.js.br
- highcharts/12.1.0/themes/sand-signika.js.gz
- highcharts/12.1.0/themes/sand-signika.min.js.br
- highcharts/12.1.0/themes/sand-signika.min.js.gz
- highcharts/12.1.0/themes/sand-signika.src.js.br
- highcharts/12.1.0/themes/sand-signika.src.js.gz
- highcharts/12.1.0/themes/sand-signika.src.min.js.br
- highcharts/12.1.0/themes/sand-signika.src.min.js.gz
- highcharts/12.1.0/themes/skies.js.br
- highcharts/12.1.0/themes/skies.js.gz
- highcharts/12.1.0/themes/skies.min.js.br
- highcharts/12.1.0/themes/skies.min.js.gz
- highcharts/12.1.0/themes/skies.src.js.br
- highcharts/12.1.0/themes/skies.src.js.gz
- highcharts/12.1.0/themes/skies.src.min.js.br
- highcharts/12.1.0/themes/skies.src.min.js.gz
- highcharts/12.1.0/themes/sunset.js.br
- highcharts/12.1.0/themes/sunset.js.gz
- highcharts/12.1.0/themes/sunset.min.js.br
- highcharts/12.1.0/themes/sunset.min.js.gz
- highcharts/12.1.0/themes/sunset.src.js.br
- highcharts/12.1.0/themes/sunset.src.js.gz
- highcharts/12.1.0/themes/sunset.src.min.js.br
- highcharts/12.1.0/themes/sunset.src.min.js.gz
SRIs:
- highcharts/12.1.0/indicators/stochastic.src.js: sha512-PYSsutUs+QMy7Y7ENjhb+BHoC9KMTx3zv+iqN7Bj3NjfCgumNldg9BYdOvUS842UD9AQoR9RGoXtwLsZJbiVZg==
- highcharts/12.1.0/themes/brand-light.src.min.js: sha512-ylofqF5MrJyNme9xkflh4w9BmevSyDOqRUtvsEqGK3RovsDYqYaxyhpcNxIsfp4921dwvm8vSBL7f2uHtdgdoA==
- highcharts/12.1.0/es-modules/Extensions/Boost/WGLShader.min.js: sha512-YVTkX5auUPS24IyNhBXzSsWs4RwR5Mgq+hwgxu4e+ATvnlvVRGTRSQnQt27rxrPKxY1T+hg4Lc41yVxvyvBmpg==
- highcharts/12.1.0/es-modules/Extensions/MarkerClusters/MarkerClusterScatter.js: sha512-bt+sOKloikbINqSM8mU2jdxY9YYsYmAcBa9n6YFaE56LL+NrKADFMJJwZJdLuD3FZUxsfcPtxn3OmE41/pgVTA==
- highcharts/12.1.0/es-modules/Series/Item/ItemSeries.js: sha512-lqMvw91dJP4g4v+cCLvwOcneZSM9MzSaVK4sivTMYweSYIXLIsInOd/LkSzkkHuK0xs/brkQ1wasWjSxoOnqqA==
- highcharts/12.1.0/es-modules/masters/modules/arrow-symbols.src.js: sha512-8Nmn7O/V9Mk9Q8zml4huQnQMUlvsuwFmoQ9wilBAPLvcUUNxp6jOLS3+VuzJnpEE+lnUHtU+1imxiRXqPskF1g==
- highcharts/12.1.0/es-modules/masters/indicators/ppo.src.js: sha512-y1xT/MpTzKUboVbVsBGogz6YeRzuHC49FbscKPrcA9ourecD47u163pMgCORsK5BQRYIfdhNpRlTKyD+D4gcrg==
- highcharts/12.1.0/es-modules/masters/modules/pictorial.src.min.js: sha512-eCFiypPM15yQ2d06GQHEpsV6EkyRRaVvoYqXg8o7SZGwxHK8Ly9b58b8ysaYC5/dUhqMHhGwnwuFS7LLN5BoFg==
- highcharts/12.1.0/indicators/williams-r.js: sha512-EU+3qCEoD5JyQ9KlgCf3gx9FKkSaTNhuKyEw7deoRnvfHB9TlZwPgloTIi2rXAPoEr8QmPaad4S5SJ7KKK3hNQ==
- highcharts/12.1.0/es-modules/Accessibility/Options/DeprecatedOptions.js: sha512-4jhN+xjpoNog2cxtTM1AO+rlYhI1HYB+8lyBcSQAE8vYewqxXQZnEvFzzRQaRQU+4+sobBQZH0asM4jmfN1PzA==
- highcharts/12.1.0/es-modules/Extensions/Annotations/Types/CrookedLine.js: sha512-xLQORSnOrheQwrxrL9FlaHHFJPFPNUWQcOFURFGHUoPCbO5ZWKGets/mTOaDEznCj65PrXOrzdqF18pxY0ti/g==
- highcharts/12.1.0/es-modules/Extensions/Boost/BoostChart.min.js: sha512-Hh25LDCfWdDZ+aIj/NA6zzz/neVxOBv3kWmpBsvR5Y89neM5UD/X5ixG6xExpCFoJ9kV+W5o+paDqXO5khpKhQ==
- highcharts/12.1.0/es-modules/Series/Sunburst/SunburstSeriesDefaults.js: sha512-QNI0OCP+nvw3dPBRX29Qltd2LvGBvtCl0F/yV0lglU/OERPmtKzKwhm3gtxCFLbctzSqHE1DoOefvMP9KbEoWA==
- highcharts/12.1.0/es-modules/Stock/Indicators/PivotPoints/PivotPointsIndicator.min.js: sha512-leDpNBYaWJvEhBfLaw76jnxRbP5a7i1wPckAhfjNmT1bTkIdj+tk0B6aMtlZjrMPmRTJ3+ND2b7XBXaS/9iZKA==
- highcharts/12.1.0/indicators/klinger.src.min.js: sha512-oo4V8vLu5h9r4i/fAfhGuScfg0bN0LOleoEkTtijSmIpPXGF29SVu+FCvOdgDrmV1b3IYrRAnfefMtDUKXFijA==
- highcharts/12.1.0/modules/xrange.src.js: sha512-7dEDcByFBlJaFhwPeubcI0If0HX0FMIhbABl/Js7U3NlD7BHbgMg0IWGGiykMw4z26CXMynqpBxZrIBgOBX88Q==
- highcharts/12.1.0/modules/pictorial.src.min.js: sha512-08PrtdurAY5Ed1H3J/+fmE7D+9aLAk+9/hr1XLyVWishnuVhyBEqienjyQ8re9B0G+VF1HOTTfz+xUrZp+NUoQ==
- highcharts/12.1.0/modules/pyramid3d.min.js: sha512-WmpBpNGGL2I4/2VY4yRT8oAmDTOxlw8hBd13tpFk7aZ/WkD+rqRjG+3iekmg15cgaXWDqxl3ryaA3UaHxPDF2Q==
- highcharts/12.1.0/highcharts.min.js: sha512-braCIM8whhs2utS9NT+fuI2rDhvZe//TySi+Lkmq2GsbPnCgBzEpsicjn0piWM/ou/03UARiJgpJrZpLeZB46Q==
- highcharts/12.1.0/indicators/ema.min.js: sha512-CEl9mUCrsPn+WCoyFUD7RFdsMpvyY3rnAKRBXqASJ1hq0zjWU24eOyYLve5wZQycg2X6PCkk2Rnac+V3+KU2Qw==
- highcharts/12.1.0/indicators/momentum.src.js: sha512-PEM7JqHtDHya/oiQ8i6D9fIVlZM4cIGbY1NmP2Fnjk6rqZymwap75VzYzyXFp4a9miAuUBeV/M7iZvNNmA9lTA==
- highcharts/12.1.0/modules/draggable-points.min.js: sha512-ot/u95Tj47E0c/vS/Xy8TBTRWMz9hEXS4hD9uEgwt0Jxl7+uuK0VhGIg9cGEF7LAqRdP5XDAKAne+FtdjjmiRg==
- highcharts/12.1.0/modules/funnel3d.src.min.js: sha512-yZ5S05Rt79j7cGHWVXtkifUboxjKZXUZ6SV79Y3GoNxumvsPn/5t6fqiP73c7Z0oMpst1GcJG/AA8pHBOzHrZg==
- highcharts/12.1.0/modules/windbarb.min.js: sha512-0w/kSM+JBEGjjoOrHyLByFiAGtRAv07oqE5bGqRvlxiV8PGsCdW8xePKpADsuQoJo6UNtPfCnrS+fczkVM81Jw==
- highcharts/12.1.0/es-modules/Core/Templating.js: sha512-2xKqEbPNmmKG671xNQsdfTk3p6nkFGGHXKUdp4uCZKDVDhmoN7qeEYC+5qgCGANcRmG5fwDRYHJ++q7/o/8qrg==
- highcharts/12.1.0/es-modules/Data/Formula/Functions/PRODUCT.js: sha512-RU6kTvVYUDyBlsHWAr6ySX4XSnyiUSKMgDe2vaVOvDdsFalPH8TerqOYLbZ5Wky2TL6uptI5R756HUSYKLIoMQ==
- highcharts/12.1.0/es-modules/Series/BoxPlot/BoxPlotSeries.min.js: sha512-PbBateQsk9YBdCElMYliD/QLnzENgX/3ynA945f++OXejGOtRK7AMi8Fmc+xLqkQOksD36VBflCF/cInnr23mg==
- highcharts/12.1.0/es-modules/Series/Windbarb/WindbarbPoint.min.js: sha512-qMqc36mUky8REy0wN94uRd8SOiWLqMykywhnlNjhDs5UCICASC7E8UJ3SfI57p2aCWIV6KxeemRB+5y/iigwFg==
- highcharts/12.1.0/es-modules/Core/Series/DataSeriesConverter.min.js: sha512-aKipIilr6o5gZVpvXj2UjtEFc6gHVoIEvwEL0EdM+eVnEdvJ2Bxg0bJ0eutiDzSiFy/VsjsYq0cy12N7FlTzTQ==
- highcharts/12.1.0/es-modules/masters/modules/map.src.js: sha512-fslOmatxugTIstEt4wy99Dam2fOZre8KONbLnnndHHx4ovqmUyXlZPDx5id1Ym4CtOGTWGvLo2BCUIqLVPUJzw==
- highcharts/12.1.0/modules/timeline.src.min.js: sha512-v6/jjrDAuK/G7A/iWoyhDJTNpcPrdWscf2CRSOQ2lnsRjIqqJ111ih9Z8ybJLG9Eq4CwpQ226q21ZDTnxnGdGQ==
- highcharts/12.1.0/es-modules/Stock/Indicators/LinearRegression/LinearRegressionIndicator.js: sha512-w6GUwBkUo+rjpw/9kiBGf6+QR2ipIgRzuNeVQ2sBBIy1FvwyMZoiupON3ZtbsvQT1A0gbJhYMFjty3agTmy2Ew==
- highcharts/12.1.0/modules/stock-tools.min.js: sha512-+cbVmc9BOLVuL5Cniwnd02uPj+J/QjLeE1s/ie2CvXhFOiyTVBOw2YMdymCoQLh7Z3QnsnfNUR7VTvP2XUvq4A==
- highcharts/12.1.0/es-modules/Series/Networkgraph/VerletIntegration.js: sha512-L3DSmR6WB7m68p0sBqTVUFzRF+sTGF/dxy0VWQIfa0oSAuaPDZzdH3qKIXKIxloabelUBr/iA26WJ8uyczWNZg==
- highcharts/12.1.0/es-modules/Series/Tilemap/TilemapSeries.js: sha512-pGlkoru6M4ruE12Vwywtc3nzKzP9Hk8SJJSF2eOgXEfwHsz2+99gKQABx8iE7vTi/MLbYQwfddD20X4/t0r6yQ==
- highcharts/12.1.0/es-modules/Series/Tilemap/TilemapShapes.js: sha512-+8gtbC48qkP0XuY7HvntoEICjfExUa41ykOhVGQpbk6myXvwwBf3sZky7GkU/v2BKQoWqD2YKA7wogerXc9oYg==
- highcharts/12.1.0/modules/cylinder.min.js: sha512-TybmG9EWo/ROhDsDFmlq9tbt0l7Ws0WHj38DeMziNJ4FNFjm4O+wnDyuZD3tEKcI6PxXfPAL+PsAtyPX4TeKHw==
- highcharts/12.1.0/modules/drilldown.src.js: sha512-iSvy9P5M3g3XNRTMXmI3IFcSDLBBH2qdKQIGN3o6+QobsU6boJwwzIsDj4bE7jp6T/Y3qcSiSDRvqGykAQX7Lg==
- highcharts/12.1.0/es-modules/Stock/Indicators/Chaikin/ChaikinIndicator.js: sha512-qqLkm/PiPMAyL8F4GwFPyrCJZk3LAgtiyiuDa5p7w8dVe9lZugL/uIrupg+YzeM/IMs6jn95kC4M92jaizf4fA==
- highcharts/12.1.0/es-modules/masters/themes/dark-unica.src.min.js: sha512-zBZvDk3SvB7K7f9EYSNsxERU5K4YVyN53xpHJ6R+FlP9j/znEIxOyx93vVX0jywko9mwkumbpyDuKco8Jyoxqg==
- highcharts/12.1.0/lib/jspdf.js: sha512-qZvrmS2ekKPF2mSznTQsxqPgnpkI4DNTlrdUmTzrDgektczlKNRRhy5X5AAOnx5S09ydFYWWNSfcEqDTTHgtNA==
- highcharts/12.1.0/modules/pyramid3d.src.js: sha512-MYFZ6QDkE4SIdluutTrSc15wZGg2ylqR2dh/Xl3wRfalqI2x0HZPkC5cTULunsJw5jM4wfINuvYZmg0xWp9EdQ==
- highcharts/12.1.0/modules/windbarb.js: sha512-aqwmrKIPnXPKIkp9v+S1n6VJUTeMefSnt92kS+T1KbwmP46Ba3yzI9yyl7HAO6VPTc3iHZm6UbHxw6bZlL3duw==
- highcharts/12.1.0/es-modules/Series/Cylinder/CylinderSeries.js: sha512-ej+Q+ETF5bSqwzvW9ApiK46hbqv95VvjqPyEaa5pHLdf9ywivfDQnf4bXWULxozmGfviN3bFUoDTPo0JxXbbsw==
- highcharts/12.1.0/es-modules/Series/Flags/FlagsSymbols.js: sha512-OKDBwgRb8Y1hl6BVwg1IdFBz2bVvA3EHH7HPhCl4Jf59Wcmw9dKVxuMcf52Nnb3IrX7os1vz+WRPtgrZPP6YTA==
- highcharts/12.1.0/es-modules/Stock/Indicators/VBP/VBPIndicator.min.js: sha512-932Jsh2kCr7cOBhtjlQ72SZOurX0hEkU3Rmimep/DvYytAMgVP/A19xSFuU5dLlhMmpvf1NyssGlwC2tOdjFdg==
- highcharts/12.1.0/es-modules/masters/modules/funnel3d.src.js: sha512-tLx7vZ55b7CofSPh0sSORQQu1iheVNhZnim0T1Q+3e+n4l9RoxioNG7J1GQd39thedRC9SOKdt037nQ3TWP2Mw==
- highcharts/12.1.0/es-modules/Extensions/CurrentDateIndication.js: sha512-5BbYzAe3G2p0i+6gRYcNG2/WZgQWWsSHtkIRaB9Tk5U0SGZPqQ2qqv0bnX4jt2+4OT8QCDIbnWmhJIaJe98PRw==
- highcharts/12.1.0/es-modules/Extensions/DataGrouping/DataGroupingAxisComposition.js: sha512-+EwnDqmKNvNyFiUe+7wlYjA/egHummyRv4v3LEcYJfeYFoloAxsCkmit0HYcA69lselpH30blf8IODpru6zS5A==
- highcharts/12.1.0/es-modules/Series/Histogram/HistogramSeries.js: sha512-y7TVeoYxABcPh4tqygLHQc0lNVrN1VO7Q1Kfz9wtQgTCmsAlrIIYh0EujaSE73FOxEfufZcSuZ4AMkp1y6j2pQ==
- highcharts/12.1.0/es-modules/Series/PolarComposition.js: sha512-U0IDosEqRDn1vPwaB85Xcy9CnSc6Bd8zNRAGwSqgt5PhPjil9fXWAvlTQUAfdIg2WaX5Z5SzD6Px6H/EB6zz9Q==
- highcharts/12.1.0/es-modules/masters/modules/offline-exporting.src.min.js: sha512-6Z4nCUQc7v+Ky5VXMdp3Fyu3pYAmJaMuwHKq4TctRrrjNVf62LQQWOL9oPbTp3T6iM97jMyOPR7ZPOXjyWJXWA==
- highcharts/12.1.0/es-modules/Core/Axis/SolidGaugeAxis.min.js: sha512-868olm6kolN3h9qG0bH7N2uQDOc1tVEPriewQBplNIMH5+MLRVtOfuCg7l9lAa3RJTp99IZZKFCDyD70eLR7eg==
- highcharts/12.1.0/es-modules/Series/Dumbbell/DumbbellSeriesDefaults.js: sha512-1CWCqZS5ggCApM6e1+sRCR2HZVAcNKykhO8tNMX8GiAj0iA53i7ZGTLEGRNyTGdx9fwZEUUycsuD9R9JDOUiyQ==
- highcharts/12.1.0/es-modules/Series/GraphLayoutComposition.min.js: sha512-3/SQWmeMBt4KXLIsCUwRN5/OaxPeq3KO3l13v7vMe0xY7iEMCDE0KLwEobSJtjAK+iz0eTUMbFFFadTubA3Hjw==
- highcharts/12.1.0/es-modules/Series/MapLine/MapLineSeriesDefaults.min.js: sha512-W6GM1gF2Kd9QI0EasXD0oRnOaidG5Ooy7fP2yHPK51fQibMsbycg12NFtO2mDdLhM58L4v3FG+W38l9nNpmpCg==
- highcharts/12.1.0/es-modules/Series/Bubble/BubbleLegendDefaults.js: sha512-JCWfb7n1Xht35FFIMEe6/PvvKnMhi7Pse9L/aZLLTYJTpl0wgc7b4gHBwJtts9YlRHgyktZoUH4c70k25MkB8A==
- highcharts/12.1.0/es-modules/masters/modules/variable-pie.src.js: sha512-ihA8YKOvjmlOeklqGiqnRphQaTvOCZ111zExmJIqW7oNZvoX04gBTFZLnLllo60e8JONkdkt7aWQ0uv0SCMLbg==
- highcharts/12.1.0/indicators/acceleration-bands.src.min.js: sha512-vpcqmH1XaVL/BZbPN5w6K6ZIrGYtlBcLgL2Cr39rDLVOh8bcbcLvBP5ab1IMoFPfCDtA7A2Fgsj6QxcSRr9pig==
- highcharts/12.1.0/es-modules/Data/Modifiers/InvertModifierOptions.js: sha512-UPmPXHBWrJILQ0uTJITczEBXPxPTRRQwLtFTZvngqiM2TMede/h+FJUU3TWqNruvb9vYiD574KxTREQjWuVpUw==
- highcharts/12.1.0/es-modules/masters/modules/data.src.min.js: sha512-lFoQSuYobMA5Y9u2MbkvRTfCSEzXC//1hy4IpkayJCpuG2H+Kj1A9UuNFlZJRgJYhoYqCWRkTQ3994JQ1R1Gqg==
- highcharts/12.1.0/themes/gray.src.js: sha512-ndxplC5N8RRH+9WvItss4aY25f7j/pg4VAi2rNdjw6imuuoO8yjTyspw6gDGodEsH6mf3xBTAM7KRv9/f+QShQ==
- highcharts/12.1.0/themes/skies.src.min.js: sha512-/VSJVIwNoSV3qROgNvxDNes2c8MdFxMEXzaP+WwpiephBDcC39wxPtgVCnOGOe1pD7c4tB1y81AVXmKw7H2Fsg==
- highcharts/12.1.0/modules/pathfinder.min.js: sha512-B8cDht+q4O83Ll2fja/5JoWsojEfAZPRoMsm9wziwyoQVnnbMIOCZX9m2Odw0tJUNWoH2KVJ3bo0dMaplH78vg==
- highcharts/12.1.0/es-modules/Core/Axis/Tick.js: sha512-XENuFCPi/6BFTCdG0VetdN/l4ETpoLohZ97m6kNTgJtJgLqTeZwp5pNWP/rs1YgTfP9bQw72mwbTm4l9T7VOwQ==
- highcharts/12.1.0/es-modules/Series/Cylinder/CylinderPoint.min.js: sha512-dB3/7XJC3wMaXHMsP/mUhxFulDrxas0SR1hT6bai7lIs4vLFewHtROofTSOGl6KHw+k69v9BowFrcLe12nL8rA==
- highcharts/12.1.0/indicators/klinger.src.js: sha512-XpSM3MxBzEoO+c6U0qkvwX3H7dNBN69wfraT3qnbgxSj2kawiqZif+CrYuEW8HUmx1U/LSVDu0knz7LuDIA0ZQ==
- highcharts/12.1.0/indicators/volume-by-price.js: sha512-+2YzemPNdLERm/mYsjwTSsffzCA+ubSaAkXtXwTdFxWmmYoGB+czPZq5UMXzM3RY5YVqoni2rvK1bANeYITNUA==
- highcharts/12.1.0/es-modules/Series/Candlestick/CandlestickSeries.js: sha512-+fjJzYPfs8c3VJ42/xB/C7Ay3hshza6t+lTi/2OLNnyNUYLMGrxhgHLKUOkKgxxF4LckqhZMz2IIrzgzQ727Dw==
- highcharts/12.1.0/es-modules/Series/Item/ItemSeriesDefaults.min.js: sha512-yKlhF6sOsLPYtn1Zw2Dv0wmfIAnvjs/tL4dWyU6UAze/+aZp/Onov5AEw+t9OMEITLP87fhLpkFiN1UGEAdXww==
- highcharts/12.1.0/es-modules/Series/Sankey/SankeySeriesDefaults.min.js: sha512-kbqGj9ytaEsjPsdTHtVhxgeZpeLDy2iXIr5aX8flncdVN3gIxfr3ZiGyO1qk3QrJLXyv8KLQ4FV8ckvn8QVIIg==
- highcharts/12.1.0/es-modules/Stock/Indicators/PSAR/PSARIndicator.js: sha512-1ZG7rNIpMzN8c64bOzwVkblEoLLvkA1GDKZnAild/dy4+JeadV7uoa+pscyMlYjD7N8umwGfz3LdWlOOXyNtdQ==
- highcharts/12.1.0/themes/grid-light.js: sha512-4X0PM2BPSdKV3IfaoVPNpmfW2gpyFVwTPolrQIVZIARocnAnE0+cQCsCcQPotZCZ9Zx/xW83hkDvf5cll75/3g==
- highcharts/12.1.0/es-modules/Core/Color/Color.js: sha512-GUx2Dyock78lIOMDW379+tc6VHSPNUIO4L/WJjgHO4mU+Ahd24kZfTpseMexFPKt8OWlr1fhK+2wmhPI5k5x1Q==
- highcharts/12.1.0/es-modules/Extensions/Annotations/Types/Measure.min.js: sha512-pbbL6J/8KkUtmDbqHjs0HSJainc1ma4WqX7B9nuAYK9o9Uoki9AHcZhJ8bClBtMQRa3y3hAwpqKzML4Kak9bRA==
- highcharts/12.1.0/es-modules/Series/MapBubble/MapBubbleSeries.min.js: sha512-HucIsqD7+WNugKstswIFkm2KQdxqddZ2HEW+Lqa6ak9Oe6jgbj2q14mPwyF6GK1RsFlyWIVjIK2dPuE/MfKa/g==
- highcharts/12.1.0/es-modules/masters/modules/geoheatmap.src.js: sha512-qYuwzoksLeSEq4KWDrG8YuoecaRCaw2TPoQb3g93PBYizfR7XlM15qmCdyZk8D5+q2q/+qqfMt5of43oCOx63Q==
- highcharts/12.1.0/es-modules/masters/themes/dark-green.src.js: sha512-r0fgfdBOC7m8u48eTnEbPAQCUSJBWCcfJHuxVL75zU32GocHVI1y76932HL0XSH4XT4AY9XEUiujHhQsIYGl5g==
- highcharts/12.1.0/indicators/apo.js: sha512-KKOqOM7TglFXOVDNY60mq69jXQF784v1Nw+INPjp6h7xWZ5v6DezUqYaVss5EaZlR4jp1i6XkoGDRJXfZdrhAA==
- highcharts/12.1.0/modules/sankey.src.min.js: sha512-caLgWFAuiFLLlViKiULHuUFEvGVgKDY51svqJMr4RAzf5RKddrBNvTGIJWUIC7qdjYkMeAPYDQf4Zbza9ZIIkQ==
- highcharts/12.1.0/modules/vector.js: sha512-uZvB4O9jwLFYMBxeLumwRAJHMZkFHk1mVxcx111TBoabCw7nDDxogCbYTYhVPhYhRizW4J1Zvk2Xg3Sww1SQcQ==
- highcharts/12.1.0/themes/sunset.src.js: sha512-aGXBIbQTp52lcBYyRvZfWiy+Xqn0wl7DDGNXRvSfubmsC/fF/naQzYD3QaRrSnoKwdEDQxE9h2+ft/0ntWBOwQ==
- highcharts/12.1.0/es-modules/masters/modules/stock-tools.src.min.js: sha512-PFMdybXdHmlt7FiBi32KU+jK1dxmzWHw3M2O7KfEPPWG1gLTXwU1HKjHI3npCQBw8Yhk4BkWEzrXHWGhXnaBBw==
- highcharts/12.1.0/es-modules/masters/themes/high-contrast-light.src.js: sha512-UB0g/mUtepCQBrALcbIAYptYq8SNnbiekCG76MsF0VDNSGRZAS8TszXYZu6FOCjPpBywm474VBKbJmNGkBiTHg==
- highcharts/12.1.0/indicators/pivot-points.src.js: sha512-hHGPRmkaG7YMn6cma97N2B+pTZ/DnX7GIq4JFDWwLOve63nJrMtVrEfCmg3Lsovsg60ZydmDUySu9PrLP38OeQ==
- highcharts/12.1.0/modules/current-date-indicator.min.js: sha512-KqXk3/cR4AvZGl5Y4PmiF5X7IdadE/qTAgDp9dFIdmX++m++huzHd9EuXMHqq/ACOqoSbSNJW9qJaPd8hz2fTA==
- highcharts/12.1.0/es-modules/Core/Geometry/CircleUtilities.min.js: sha512-Amkcp33Xe4s0WSMtkQN2+QmlN3nnwpnSY6nRLIxVj+jKXOnOTrbUWDp5DR+/9EB94rfNffzi4oJVDtf+rpsciA==
- highcharts/12.1.0/es-modules/Core/Series/Series3D.js: sha512-O6x0KpyBOIHOlzfSxz/6jisLwJklkOzjf6Bk4SPaKfeggO+PRgiBBQ5wBMw3+x2OFlaCMZCOwhcUVOtH442ItA==
- highcharts/12.1.0/es-modules/Extensions/BorderRadius.min.js: sha512-BBL+MmwOQZY7G3qTlVF8vojYMfzIjQA81R+5s3G/NNXYzcy6EBJ6kVSJI7nMqWZi5C2RcYwLkUXBPRm6XYsixg==
- highcharts/12.1.0/es-modules/Series/Treemap/TreemapAlgorithmGroup.js: sha512-AsYAzCcUbHzgNFAI9z3nUYbh5ryAP/rxEAkEyDaMCPR8SqC9AyI5cvynnQ902ejm5sMlEyriLFBOc1hqs4w+HA==
- highcharts/12.1.0/es-modules/Stock/Navigator/NavigatorDefaults.js: sha512-RngxiFYhlCW+dKMOqjnDpjY+PRjSrhMM3CUvX2CrHZIWJjwkSN8EeWUeu5X8ISZQjEbyW5EJt+R0htMROTJbTA==
- highcharts/12.1.0/es-modules/Core/Axis/DateTimeAxis.js: sha512-ToQqevgdgl46VO8ouLEK/M5jFvq3qBqqG5FMr65Q9uQQ/gZPmWcT0cM+NDmLZZWZrkpDY6r5ijYIOsX4QqHfpg==
- highcharts/12.1.0/indicators/psar.src.js: sha512-CZH+RVQrMvjRskeenOO+cJRjXgJ68miifnBndkLP//1vyytrGKm8uIHUfsBXHKH0mmxWKex5PNIlrMbm7lwkoA==
- highcharts/12.1.0/es-modules/masters/modules/dumbbell.src.min.js: sha512-a6YCNtspiwfzDso8Yb+mqNzvuAuIJfN4XUJb4E9eHj4nsJKC1VkwcJeJaYCpm0WahPDm8MJYJlWU3GvHfZ4fdA==
- highcharts/12.1.0/css/stocktools/gui.min.css: sha512-PAkD5+0XhoMzrmxZTHyQr8CXXhQLDW/Ps51xf46aYuVlJe0OEvc0Wt5b6QGf7U4EOrhMG1C/f4s60XMvDxBIkw==
- highcharts/12.1.0/es-modules/Data/Formula/Functions/MOD.js: sha512-uqBq9uGxZ3xVtGCHjoXAw2ay29kHUcpBwChr2vCV1tHtYTLD0p+5PPKVQOpoPlFkft/eFiuLfiIXTvE0MCDEyw==
- highcharts/12.1.0/es-modules/Data/Modifiers/MathModifierOptions.min.js: sha512-/AZ7408MIjE2MJyRKwjNVKkJ6t36t0RVWsWdf6XMOmzlrR5ZOcAAt+WAGJ6hNt1dyeuWH7DTKM3Q0RD06/MdkA==
- highcharts/12.1.0/es-modules/Series/PackedBubble/PackedBubbleSeriesDefaults.min.js: sha512-RINaGFWu5VnsXR5fxFFILSrgnrDDxUN3qNW7CMxh6ORZJkI5GvJOwWoDuc4vIVT31WCjHWgY9WyUW3FcI/miQA==
- highcharts/12.1.0/es-modules/Maps/GeoJSONComposition.js: sha512-mWzwXWm4OSBSHeu4XcoEeUyawHJ/lOcNnr0dLJpAebCN5q4W4gbZgON7zlRAFAmtueZgMYfr3B5p+wzJ9qjAIw==
- highcharts/12.1.0/es-modules/Series/Sunburst/SunburstNode.min.js: sha512-8/J1Lawme28G3o8qK5uLzO0e+Oo7v+mGHb7mCrX1L5mY5eRm1s9vYCyYG/n5Pfe1jiVjR76LvlnQ6sKpeXTT1Q==
- highcharts/12.1.0/es-modules/masters/modules/windbarb.src.js: sha512-E4lk+KQlWE27bYFmndT8XB1bCMrTNGYCehdU6+ONNS/ayLVmYq5cZ4ev6yUmRzs0RRsmifa/sdOGfdtAf1Hy3Q==
- highcharts/12.1.0/es-modules/Accessibility/Components/RangeSelectorComponent.min.js: sha512-KYiyvTdXGb0Ar7Gtd0oSaoQ1yc3XWKPiTTt0ZhJUBB/UzQ+T8RqpKR6Ntfi2cS0/8eXWrRmb57vJh6V6dDEsMw==
- highcharts/12.1.0/es-modules/Extensions/Boost/WGLDrawMode.js: sha512-FDmbDRMhCjPAbIrdKWlHZrncXKPYxclLMvh6rbZ9iWl5DUNnkXgm93BN45zP5Me9XKbbPgWPhIM1yDq9L9o6+Q==
- highcharts/12.1.0/modules/heatmap.src.js: sha512-9M8GrQQ6i8b02OoDO6onmOawrOFglovFsYDeBvKlSfEL4F6mOgsX2kBHf580I8CiXLMN4RGyNjfpRDzupddlxA==
- highcharts/12.1.0/es-modules/Series/Treemap/TreemapSeriesDefaults.min.js: sha512-cVoTcPpUQgwrFPMpPYWquenalQeVNFtXDBjfzaE/5H513Dy0nTSRrNSRq0gCqB4xfcNDnHxVv5W8XHDa8byxYw==
- highcharts/12.1.0/es-modules/Core/HttpUtilities.min.js: sha512-zWO3wZuXIshHBTUWcOkFHKIoJW3sbYdEoSox/y63Bc9Gvj+uSoh2f16fXYxopgox7yE8mmwW6PJ58yRmVK5ikg==
- highcharts/12.1.0/es-modules/Data/Formula/Functions/OR.min.js: sha512-qP4CmyMX0VtMH13ksMXBGn3CcO2sxJJtFYCQoCWE7NScs1VldmygSs9q3NeFPuQ4ThdIX3b5si0nHmuHmnLZkw==
- highcharts/12.1.0/es-modules/Extensions/DragPanes/AxisResizerDefaults.js: sha512-+DfUxpqdWFWvz1ZlgR/YGCmfmvmneT/2LXSpmrwTF2vn143NCyLVcm8zNXolUej2xQT/D9IYAPLVwZUTdW87ow==
- highcharts/12.1.0/es-modules/Extensions/Themes/DarkGreen.js: sha512-imu1bM7qGbdJzCxzMN+jE1oXemky5L/EANZb9iCACFDpJi/VJ3L67mkhqS6tLcgbtLW9tgK9tJhdQhkufzzQ9w==
- highcharts/12.1.0/es-modules/Stock/Indicators/ABands/ABandsIndicator.min.js: sha512-0XBjL76O3dEnzXdM6WOjBj0NBIc34pzQ1/9U/SY8OpWS2+vbsLUXBs1v0AA1z7TjUZOd8J0zAf5BI7p3oXUu3Q==
- highcharts/12.1.0/es-modules/Stock/Indicators/MFI/MFIIndicator.min.js: sha512-zJwUXIC0OpZPHIFN5P3OgNHu3nAQ/Y7lGtYnjdj11vv02PlRCkAOtzClz8P8pOdFYY6Cmn6nZt49sTk/zG1/fg==
- highcharts/12.1.0/es-modules/Accessibility/Components/InfoRegionsComponent.js: sha512-7TcJGN0Jf/k3ZApZBOv3CFetGgZtPgPd2PKOh0jQ10kppSF28lCSFKLjKtc7JbHnnBLXpxJ3RcvSKMRlRhwGWA==
- highcharts/12.1.0/es-modules/Core/Axis/BrokenAxis.js: sha512-3BDXm0ITYyCPFiDm2qR7olyuWMBGbkdUAlu+Nem264ACHMpD96L3fyb8PaOCUzSgT4segg7Q1KRysJvsTnI5eA==
- highcharts/12.1.0/es-modules/Extensions/SeriesLabel/SeriesLabelUtilities.min.js: sha512-Bv7X+1eelOWfyszAQBIFTzxR/l2wZ3dNZMBAMSm/7PLpp4tSbvx+E6Y7Eo+1HbMc9tWzEsrqL8kf+62zc4Iwag==
- highcharts/12.1.0/es-modules/Series/Variwide/VariwidePoint.js: sha512-er2TkGWzDWKpNcN6lrG+TiY/NQQYS1korxFIjEErJoglIMgRst7OsUxey9vwpX5cJz4l9S+av7/odvFnTRIfEg==
- highcharts/12.1.0/modules/heatmap.min.js: sha512-oScvU687P198UARsi0dd1PStNRoLnrK9QlL2H2H+NbeAnX9per1UJuMT31hR68UTryQt1vTUWd6U26sdhd+4oQ==
- highcharts/12.1.0/es-modules/Accessibility/Accessibility.js: sha512-MFvD6dKDVcN2uSOJl9YWMM5fT+Ul4H7Rgs4e4AO5LQEhPrJz8ocpw45mV4xPJQMHhSO4cOp3mA1TCU0i3wHaeg==
- highcharts/12.1.0/es-modules/Extensions/MouseWheelZoom/MouseWheelZoom.js: sha512-Ni2rj5JIgHT962NW32aE7g786O9b39uwimVIrP8ZqBHHg7E75OLKmQTsr9BcDNKplLyI29P/radvBVJzAB6ydA==
- highcharts/12.1.0/indicators/ao.js: sha512-wB7uDXBK0RrZ8nWetInqyEwQKmhvDJ6Yuoj80woU6+CIQ8CRqHGQkagP03fJtPV+p56jlZwOLHSC3F4wT47brg==
- highcharts/12.1.0/modules/annotations.min.js: sha512-qzguj9QFXeoOdQmiuBv5UsGTyQNjXdx7AHbXBb2O3dx1HRnjPQc4og40g8c1dS8pV8Rr5Ufcs/FF9ybUCXqiHA==
- highcharts/12.1.0/es-modules/Core/Foundation.js: sha512-2S8zvCSuHqqYrbrQhhzwQfLcz7+XTwhSMKSkxe1I7zHN7w2MfZ6Q3EoNvsPV+mJKixJNSfIwinQNOKtcUgJsCg==
- highcharts/12.1.0/es-modules/Data/Connectors/JSONConnector.js: sha512-LgdKznWtDPc+Dn3i1HO7bmaWC2VGLN4OBfclFAlFWrrSt5Rg35YMPRbGzu+MT8DnMV3OOoiUflDxSv4vIdNxiw==
- highcharts/12.1.0/es-modules/Series/FlowMap/FlowMapSeries.min.js: sha512-filbCs6/qMEEQq8Nw3bIjLCksHRpRMRhpXY6Oow0zYtevsExrRp02YEB3cCssz9gIY6+25c4PgVkWT446KxQ6w==
- highcharts/12.1.0/es-modules/Series/TiledWebMap/TiledWebMapSeriesDefaults.js: sha512-iEwCcH5YpfCOBR4H1IQOvVm64FwbcmReojnUSd3vYK0rWrzjErIUH5EOA22FlgolnlnmFpLy+s/nr7eFL/6cgg==
- highcharts/12.1.0/modules/tilemap.js: sha512-kgLz/6BsMCEzvzsXP7M45b1MJJaoO44lIQeqGpTUtlf5Xs0Z3mJbl/+MYXN+zjz2cBKjPgv9H+nr+arLf+gD2g==
- highcharts/12.1.0/es-modules/Stock/Navigator/Navigator.js: sha512-XRg2Bedl20Kw0wY2TW5RzYpmNAGSuDHzbBdaE9912TkPDFnWCXYnO7AX4CqTEp6XmB6wMh0ZZqdYNojaKzY8xg==
- highcharts/12.1.0/indicators/slow-stochastic.js: sha512-rA/Y43huC1N2CXtJdU3kJtDEiyICft1u5OthYHQTUERh4RGrg0LHjkcl4yLifp5e3ywRKUrBrnmrb3mMV/KLAQ==
- highcharts/12.1.0/es-modules/Accessibility/Components/SeriesComponent/SeriesComponent.min.js: sha512-Lc0FYtz++IhqslteKq+SviEHmqUOgIt2227WpEfG9puFXIdFxMSW9xURS1F1hpyZf8WqQiKMeN2/6l29xckQ2A==
- highcharts/12.1.0/es-modules/Extensions/DataGrouping/DataGroupingAxisComposition.min.js: sha512-bgCRBN5beEaGepz8pDdnR4UYFYVyo2UPiZorcT9Ss3JGXSo4hhr9FGSWNQ0Q56Yi8KDrb+KKV78PZaMpErjJ7w==
- highcharts/12.1.0/es-modules/Stock/Indicators/DEMA/DEMAIndicator.js: sha512-WLNjcLIHP0NsvWdxNn5gP09CiDAtN6aGCI1i5RjMZF5hEEEpadZEvnWjHjMXKxcc+uHea5xbLSXIngASPX9uZA==
- highcharts/12.1.0/es-modules/masters/modules/tilemap.src.js: sha512-dh7X4/lz7Pb42afyol+Yh1FVnGIpfw//08dgNWN+lYXc4stNr7QV4ls/gZPwqLlcAbsN1ZAvaKJDVE8XIR1Dow==
- highcharts/12.1.0/modules/geoheatmap.src.js: sha512-d9UDlfE5CDNaY52/t2Ci2jl8CWsK5uWy6v4gtXnuacZWZSE0RuIV8qI/1k8nmeGMeymHxS6irdewpRwVQQxvWQ==
- highcharts/12.1.0/modules/static-scale.js: sha512-tYcKUUfynkYlVYT9rcGQAX0Og0GKgKFBmElhcspdoUWjVDHf2IGqTxsRm8jlmOBwEtE6dg9sOVn5CIbAF2xUFw==
- highcharts/12.1.0/themes/high-contrast-dark.js: sha512-G7EXJauNLYSCUhGS3q6GgevzypjMwscOJ0ciKcsEit54VFSNh+bOisRkNh5Wt+WaCCMrPUZ/vIVGor6cUrjNgg==
- highcharts/12.1.0/es-modules/Accessibility/Components/NavigatorComponent.min.js: sha512-4mDlSKy8OPnBISwbCxdV/WEyxkhk1NtczBDUuN5qy1dOSsJQIn1M9NTi0Kd/iE+8aJuetsDY9bYuZdHoVybHnA==
- highcharts/12.1.0/es-modules/Core/Renderer/SVG/TextBuilder.js: sha512-msYXwYIgqxwG0J5dw4kqp4ByXab9Q+Y8zuBKGowiot9aUwOdFaaByvWaFFhfJhNyAm2oLY0Wd811BE6fZij8EQ==
- highcharts/12.1.0/es-modules/Series/Column3D/Column3DComposition.js: sha512-41A6EkePZET7gyUA+83AvzAiyrp9SXJnU4uZGPgP7dk5ezf7sedD5v30jAQAbwizLHM9pjnyh3TUuS1VHzfWaw==
- highcharts/12.1.0/es-modules/Stock/Indicators/TRIX/TRIXIndicator.min.js: sha512-C4HQ/SqiLA1xbu/hwAPq6Z0cQXi7SLWRbwxlF6FVkX6lvG6DN12vHQUHxWUxW8CNy39TOPYj6WZj+g6IV5OVuA==
- highcharts/12.1.0/es-modules/Core/Axis/Axis.min.js: sha512-VluGbghP4c13Zf4PukRQo7X6aRso6l53G5qj7KR33f7httKkfoSlB+fkRwLsD6XEjONNH0gXrXoi4HwfDq1a1Q==
- highcharts/12.1.0/es-modules/Series/Networkgraph/NetworkgraphSeriesDefaults.js: sha512-gEKX7Q389z6as1jUuDW3ZgbH7twrstdybGBDfZbHs5fXtLDqLNv6fymUm2Hb9NJaXNkZUXM0/1TxqkfSl0tkTQ==
- highcharts/12.1.0/es-modules/Stock/Indicators/PriceEnvelopes/PriceEnvelopesIndicator.min.js: sha512-S/5LLU1vj1yiZeIHASXQ6oMz0EqV/kwHm0L2EH9hyI8EDqqGVvp2hidOLHVbKHhrF3BtYVJMLecrWa2cbz+73g==
- highcharts/12.1.0/modules/geoheatmap.js: sha512-Fzy1aoQtRWDSqNUW+EuFMjaeGOAzryBV6Ow+P9u9qRPQQi67TNJk6shQUZMLOtYa8y6Pw77M6mxJX2It/VpgGQ==
- highcharts/12.1.0/es-modules/Stock/Navigator/StandaloneNavigator.js: sha512-3Z42tVwt22n+6CbKCA+dixf+pWvI5QNlfhEvgJ72E4oNwPlRudHXtoIZtOHUAvnn9gcXvt3h8+3qujXa6Oed4Q==
- highcharts/12.1.0/highcharts.js: sha512-m5Abp5HGu0ur86H1Kcbvy9Nm0r+/ugxZ1opmlSoM4YsAfM50PK1fLDe+ew/uyQzNoOXcvOrrVJZ6TxequqBNFw==
- highcharts/12.1.0/es-modules/Accessibility/Components/LegendComponent.min.js: sha512-vUU/BqE3likqtHWhWBXrg2UOey4rdp8tXAwBo+k/itDKy8WyCw6dCecVzEbIrJCFeZd/9E7+u0UqdEDE1QDkaA==
- highcharts/12.1.0/es-modules/Core/Axis/Axis3DDefaults.js: sha512-1JrU/aKe2qbam5PzdUr7OkRoloBz5q3NFot3GZN6V+Gpro1zBrX0QkWKjB7YivhaRc5T1dmMP1q52jPByGOdbw==
- highcharts/12.1.0/es-modules/Maps/Projections/Orthographic.min.js: sha512-auqhWVV/DeQbukcE0s6jy9aGJrqNXgkxL6X3Sw1++MOsE+E5vczbAJ0ZeNhQa70MewaNEUAS2hpbm/Wsj1+X1A==
- highcharts/12.1.0/es-modules/Series/Gauge/GaugePoint.js: sha512-aPLhVBbpj5BNGekUA6N1I9+x1iivlKAUlonqblkbkrmOfW6FriQilnumRxK5sgnXXU+BhoPnmFhgeAY8h+Dz7A==
- highcharts/12.1.0/es-modules/Extensions/Annotations/EventEmitter.js: sha512-EHMPLjep+j3PHRk3vZXleTTIIw/4q6urKTguQ485YakZYr91Sdo7R2nphWdbNSCUnI4WSE7WgwYvy0MuGsIUVQ==
- highcharts/12.1.0/es-modules/masters/themes/dark-blue.src.min.js: sha512-AipmXr9xmoflIGtfGVI4H68UDEOiJ0dQHJIh57+Dfrrm1uFFEMpEk/OUQgbZdicicP1P8c8FRnjQMfES4mbXWg==
- highcharts/12.1.0/modules/marker-clusters.js: sha512-ZV9c18W9dTzAM3/AeRqM20IPvPyB2hO3RwPD0wAWmY8Lb25ND/vW/nu9bNhNyDgR9/0oLrwma3XJfh0u0zG9nw==
- highcharts/12.1.0/modules/pointandfigure.src.min.js: sha512-VEp4W/b7MTdUoBqxpV+ewum0X2kymlSoUiupQc2cMh8Gglcx6OW2Q7sfQrs68f6qOiVwjjeYTf+VvRsGIM0KyA==
- highcharts/12.1.0/es-modules/masters/modules/solid-gauge.src.min.js: sha512-ogR/gGq1wdUh2qyl1YeD0gRh0vm12WKBVh6mSIk8y6N8O1WeDT2AU6cmAXe9HQdWKmii/XoWrr9Ec6Lpw5QLgQ==
- highcharts/12.1.0/highcharts-3d.min.js: sha512-PdmdNACATLLZzHvo6lS4eTQVwoGUXUohAE+hNyBy4ThviMTFR0qxzkElkfWB2X1z98IE05XI15Lq9pZPcyvqIg==
- highcharts/12.1.0/indicators/keltner-channels.js: sha512-6tHh16ePdpsr+7+yHKnEf0S8ORujpGn14v4vZx88Cn3Dwj0OGPYLUdVa8//R7Mw2RzD6qdr/yNBqg2IaN1UvGQ==
- highcharts/12.1.0/es-modules/Extensions/DragPanes/AxisResizer.min.js: sha512-KTluhWIvqqbs7jz/qjCd7OCBpkuWfGlj2JpCdikT15xwXObd3Aq89MQtLT9lkvWBzEMTm80HY+LeheUV4P4LRA==
- highcharts/12.1.0/es-modules/masters/indicators/regressions.src.min.js: sha512-VUBi2hzCGtvFRgnCCpJibddZKIrmOrlqPCWuyD7+ZPJ+cIZ7h7sScdt+gFHBXg3Kjp1mtcdn/SJ0LCzEAEfKeg==
- highcharts/12.1.0/es-modules/masters/modules/arc-diagram.src.js: sha512-HMhGhgu5FD38IoLBxGnagnt8doS2mnhtEnbJDwsbODul9Cov3C6BHVe6HSGbf5y4oXrUICPTerPzrUORiTF9Zg==
- highcharts/12.1.0/es-modules/masters/modules/coloraxis.src.js: sha512-Yx28BBWdYb7QRknRXjSjES1QwFvo7BqKJq2yWixsQNdqp0DfStgodWvOVCSZANX366ztpvZx3h9AWH9xs8DyYA==
- highcharts/12.1.0/es-modules/Data/Connectors/JSONConnector.min.js: sha512-J8/rAzUu9WbNHp3I6uQY12rwLdSYg46Gg8J7Op3p48SBu7XRP961Q7dsbmrK9vQYBS5yTXrp8xZXd6+z5j61TA==
- highcharts/12.1.0/es-modules/Extensions/Sonification/Sonification.js: sha512-koBYvdmjuBRZq3s36cRJFKhxum1lvRRPX6dEBmL0kCj40S7wtHHAb0A6P1VHIJIq2vLXRlr8kasTsUlpbMNtjA==
- highcharts/12.1.0/es-modules/Series/ArcDiagram/ArcDiagramSeries.js: sha512-GfZvGdPiTKxARjL5lTjZ0+Ub1TXPwM5h5rdUEj8/j6JeMYaZuyGt1jQxyr/PnJHapjvQBxHvJCJg7qUttA+bWQ==
- highcharts/12.1.0/es-modules/Series/Treemap/TreemapUtilities.js: sha512-8yvYh4VmpLExEGGM9d/9TPz7WWWCrnh8ROtJhDAnLwRYeIgOW9OdkZYddeDFwpQeqwxX8bGcG9yG+AGD/4/xIg==
- highcharts/12.1.0/es-modules/masters/modules/stock-tools.src.js: sha512-rBjL3qu5ZlyfmQAj6JmeXLTfsgoVYeVcBc5gGOoKGIdbTcIh4oe7+WjtNF0VDs/yUy3tjL2RfJcHCp8AIKQodw==
- highcharts/12.1.0/highstock.js: sha512-STD8nLaxGNk1pLo0A4WPMOMkkOoNgzfErhgE+p8rApQ2WGLOWLZ/1EFB2HHb3h5ZvIRh4IUQW6N20wDyPDlDuA==
- highcharts/12.1.0/es-modules/masters/modules/parallel-coordinates.src.js: sha512-tggCDTSBbeGMSDziVbysU8rhPp4eLOFeansgeaIRMBfP/S6OjtkajvhLIMH5fIvyeyoHZNmBYGk3HCy44fJFOA==
- highcharts/12.1.0/indicators/indicators-all.src.min.js: sha512-IYZR2qfbLmwTLBhNot8o8csxkbdtz8aCFUte2VUuV7EtoFON9RhhU1LD92tpaDnpWBvCeUgbpoAGNkpyC2mQGQ==
- highcharts/12.1.0/modules/organization.min.js: sha512-yf2MF8e5RlCxn2uqYZoyWi2YSpQlHZ0QlxmPU2DGso5kmA+zYcR8c993zIhttHra01nRlypi+J44+qBR0WGLKA==
- highcharts/12.1.0/modules/pattern-fill.src.js: sha512-QUkbnpgW2SRwVTE9oIkXmMb+s2fOQbuedsIfcnRQK4dbtLMujJhkcOiwvpNil1DpCzc3JFpNFO3fR7jFfy7OxQ==
- highcharts/12.1.0/es-modules/Accessibility/Components/MenuComponent.js: sha512-gnJi/Ply0uoRFGteHZ2or6xC2G1iSfTunXIHZCTPOBkaoSHGpBJNrcddI6paCiDGU13tJfqAUG7+bpnuDFpikg==
- highcharts/12.1.0/es-modules/Core/Renderer/SVG/Symbols.js: sha512-JrttjojFJ1tsLISMp5lIx9AnuDXV5jyqudWSEVatsbD81typsEaMM5akQQrGkpQerCTNXPpPYkHPzM4RxQWyqA==
- highcharts/12.1.0/es-modules/Extensions/Themes/Grid.js: sha512-5Sj9aCYz5LQcIbsQMpTl8e2Fqcwm65feu+NCqQ0msD/Rk8E/V6MhmF/W2BtPkeD0sDlItMHbS8EY49Perqf9hQ==
- highcharts/12.1.0/es-modules/Stock/Indicators/WMA/WMAIndicator.min.js: sha512-SoTJMyx+8SAWXyF7h3aEGnNyUe82HpUlJA1PCCy65jNKCOc5UItTE4IrY/imqmK4h3CWgB2kUKa8+G1fNtNQ9A==
- highcharts/12.1.0/themes/brand-light.src.js: sha512-5hz++H2ohW9Cwln6mJcQhV71ZZ9idO2J9vmAY5ZQGm8KuY+PFoPZRU81Eenhrw3pmtG43DiwQ4jsfcWYf3bW2w==
- highcharts/12.1.0/modules/boost.min.js: sha512-v1trOePl9CwhjKixv5ObFBFfudhf7JGEKJs6TSSuj2FYBt2VFo+jwCKhNJfiPE96M9vOYookZ22mTlx7xf9tpA==
- highcharts/12.1.0/es-modules/Core/Axis/WaterfallAxis.js: sha512-22Shzz2/5mQ3dkHf+MOlTA4pdMPPGo5lVEyT3Yo+lhfoZ4DuqCfmcO3sBhAyY86q3trsgaX9gNkrWDw2RmM/qQ==
- highcharts/12.1.0/es-modules/masters/highcharts-more.src.min.js: sha512-/xHz0O4iHK6EQgLwuiwxS4JsuRhUbwk48c3j67+XWnQTA1qf2K3B+YKyH5HDPXtsYStvQtufOmrR+h8XqOHO1A==
- highcharts/12.1.0/es-modules/masters/indicators/price-envelopes.src.min.js: sha512-7wm0Pg3Uz0Bd49VqMbZ6lfd4BOdyeV7tN1GWWnzNH6cXgTTXI2Uw6/ifIXY9Y8ZpWWIXG8rJcCIMJAvyLbq4nA==
- highcharts/12.1.0/es-modules/masters/modules/sunburst.src.js: sha512-9zNqnLSFBHH6Na/0CMiRgix3hYPY/kyZFQyhD+fkCKTvNhaTgIP+KTZ8TsnI+hhMOFmPtJXvpkTTKlviIDDuVg==
- highcharts/12.1.0/es-modules/Series/Renko/RenkoSeriesDefaults.js: sha512-0G2vcvLar+8VneWXlcbHTvnhYWHyMGggsQ+j2+d/MGPgqPcezVY0V48xBbjfgXR8t3ypRS6Z4jAvZfMSnC2SEQ==
- highcharts/12.1.0/es-modules/masters/modules/no-data-to-display.src.min.js: sha512-RoWTkHsPhwLytRBCjWsKSC2+Cw5egikHkI1PmV56G3WyE5eDriZ+ME7Lg0e1ms5hYuIi9PQsp29fAgoo27E2sQ==
- highcharts/12.1.0/es-modules/Data/DataTableCore.min.js: sha512-IvPWvbLw58mwKwQ/JYnCDINCOoJoTpvqsjZTUbxpDXdf3s5H/gJETMf+jSx+59nKt8Y9nfNxfca7pEU/SmhEBQ==
- highcharts/12.1.0/es-modules/Extensions/Boost/WGLRenderer.min.js: sha512-njwMyYUxXtNCR84gmrMvaYfNX+eAXvFxEbCkRI1gDRrni4w7DAiraKnOfB5v56yh6tOx/85U2sCsRiuSWUoDSQ==
- highcharts/12.1.0/es-modules/Maps/MapSymbols.min.js: sha512-QeQDAnLsqkADtl7kIg5OWHgKsVDZZrNiB6tE7yW0vTXlA/R7ZSORa2rvCS0e4e6UxdbUyjdmadTZqI3T7V1PsA==
- highcharts/12.1.0/es-modules/Series/Pictorial/PictorialPoint.min.js: sha512-C90rYjQhId3BZnqUR4iz4CAH+oFxtpiJIdbrkcCAvGRulWnvTTMLAa/Dv9fO1F5lipNuhGCWr50TfjkeegAdIw==
- highcharts/12.1.0/es-modules/Accessibility/KeyboardNavigationHandler.min.js: sha512-4S41H8CypF4WwUNwaX/Y7hkuudfT/vHGoWQnbssUANiCrx2ldfSSn8/fdPI+xtQ77TKDTEcy3ZF/KbhLa912xw==
- highcharts/12.1.0/es-modules/Series/Pyramid3D/Pyramid3DSeriesDefaults.min.js: sha512-nM9qRDD3sSyy4B62e04dnMRZ4ypZla/zVM/H4HmesQ3IbLRotPIqkFeVNIzWfnMMgMxD7dQMME0EW5b9inlr/w==
- highcharts/12.1.0/es-modules/Series/Vector/VectorSeriesDefaults.min.js: sha512-gjVnh7LzZUcorgCvYhQl4ebfvb9tLUdZ3VX898BWRJfCo4uoJO7GpjhWLeAsy3JHI9ahML9rMG+LjgcTWQCI8A==
- highcharts/12.1.0/modules/pictorial.src.js: sha512-C4ckrcBiB+HlegbKUKzyAj7mXrO5E1XFPStkh0uRZBbCaarKOyGN1YSUDEax+qSrjRf2Dviibsof3RcQmyM3yw==
- highcharts/12.1.0/modules/solid-gauge.js: sha512-IxsY/3N5N6s3dmZlROnQlD6MXEYhmL8xim2WPC+q7L3nKHe3hWwG2UZkc+uLkQxMrQEtVtqKhA3uR0wc1fe/Xw==
- highcharts/12.1.0/es-modules/Series/Tilemap/TilemapSeriesDefaults.js: sha512-nAHMPDkZ0E1QTtPNfYh0/q01Ay46XngaiAbIf1f3ggWIFyVh7DIq2tc12g4hSdXxg09a5346r0AC2nE2MYKzCA==
- highcharts/12.1.0/es-modules/Stock/Indicators/SlowStochastic/SlowStochasticIndicator.min.js: sha512-Sqe4NJOPU0X27Mckwhd/TZL1ztFKbU+rPdmnOHQukD9U8Pgir0fNPiW+SThyjxdFEAqSIOLWcLJ5BosEvVQwEg==
- highcharts/12.1.0/es-modules/masters/indicators/ichimoku-kinko-hyo.src.min.js: sha512-0aKvgrAqyA8Pk3XpgS34oSMkKEWQWavbjBmjxWKLXhNcvY570leFKDr0v7fB5od1OMnF6lewpx+X68uRlHawvA==
- highcharts/12.1.0/indicators/natr.min.js: sha512-U+218pOsrz5USqLHKsI737m76idLxfAsVlQU0y7XwAYrdUyxlyTnH8rneGZkn2p1kNx0ci7dL/lfy2iKuXZVnQ==
- highcharts/12.1.0/modules/arrow-symbols.src.min.js: sha512-PSMeS9T8w2zzBP/06TMPS0t5qDN5/uaXJ6Nou+xSIwJgJhQ3HkLLFWcfu9V6hrCm3ga2A1V5p9PqUJ6rjT/sVg==
- highcharts/12.1.0/es-modules/Core/Axis/ZAxis.js: sha512-a1flu9YGWZ31/JAJfZpbkl9qTbb49FfTMTdQRXF1QpihKIhwy8MnLNfsyJ8jG/XwLcTCpHTX1JAy0hrueZD4bg==
- highcharts/12.1.0/es-modules/Extensions/ArrowSymbols.js: sha512-LmdJoSiK4/NAcKohFPcYU9OBslt2GC4OjrALw9D4+4Uc3eQy2yHGfEt39eJUO7mIbq54AofjTn6ti3qxyM0+Hg==
- highcharts/12.1.0/highcharts-more.js: sha512-qFWIqD3608oxKf3K40zI+4XKHpO6jnUk+mUz/SfDK2V2SVsbRsvPsPRtZ80cOMzH/VChB2N54m6EFrILdi0vig==
- highcharts/12.1.0/highstock.src.js: sha512-Bo5Zd6gAqTOoViU0Efm03OdGsKqg193G+SNcG4ELBrzJd3uhRO+NBSHq/Py4m0AjSFuvZWCptmbR+E6XSYZTew==
- highcharts/12.1.0/indicators/bollinger-bands.min.js: sha512-W25+eBuHlQA7Nf5HExNFFFrNWoOXa2EJlUdwQPV8vulCljVWq7KWmUB5mgovl4Q4CC3zkNR9toaDZO9RTGM9XQ==
- highcharts/12.1.0/modules/boost-canvas.js: sha512-GiOgLURzaDIUuF32vfao+1I169ew94iXr9FNMN8zzcuLnkgTh9KWETXy+GasXQr6E46EvP/FzA42blVXpPy2kQ==
- highcharts/12.1.0/modules/pattern-fill.src.min.js: sha512-spt7oNxxM8Zvk8BD2oFlxbviyGwHK6iru4AGbm/fFbRLZIWLgjFYqiGdGXk1arAZ9RXX2BppDvNlf86AIMSqUA==
- highcharts/12.1.0/themes/high-contrast-dark.src.js: sha512-XJ+LvX8uncW7m+Na3uof8xLHpEGnBMHAWAHkhnpFgch/f2f3v8Gxz7fZJKmHuIKPzqpbguVmXkKtKHA3V4L2yA==
- highcharts/12.1.0/es-modules/masters/modules/treegraph.src.js: sha512-/SGVKFkUf9HR5bvD/4v9qEGQCXkFl95tz7ZjYU8Ei1cP8zBtKlUTlpDtKVMiPc2W2wM90epJAwOUmWS89pZVcg==
- highcharts/12.1.0/indicators/cmo.min.js: sha512-ayNdkQeMF65HL2Ci5mY0XrADyxAxO2vAwSU58p3IMD2d88R0ymFGNQQ4bQP3tf7H4P0OwqvNOlZ1y23VpOqMHg==
- highcharts/12.1.0/modules/full-screen.src.js: sha512-LbQgCAPpj28JnWwxvqhGid7xiPgGNHpHM4wcq2hLhH4A++eVlt2M2L3cYiuxfxozkBJu6faP6CeJHHN1xr4CmA==
- highcharts/12.1.0/es-modules/Extensions/ParallelCoordinates/ParallelSeries.js: sha512-3kXRiQJ4Gl7zt0MOJGbS2NGjzh4d0oVPRm/4l+QH2/1ZfS/J7Ku7t1xXzvGV5Zwzd05TFl/AS0oGXedVGAMFFg==
- highcharts/12.1.0/es-modules/Series/OHLC/OHLCSeries.js: sha512-mc7+ikDNxLyXreTjrx3S/tiwwe7/JzeOwdqAqpONRbTF308Pdp3W4Vj4dKbk5PfQIZho9jDSwhVHlE8Y1i2omA==
- highcharts/12.1.0/es-modules/Series/Pie/PieSeriesDefaults.js: sha512-Mc6r/PRSeln0WneyPBFy9h+5kyf+fE2YD61RJXH9caSijPfhle7Nui+aORR+jWcULyIZB01qbmUcx2LXgjcEmQ==
- highcharts/12.1.0/es-modules/masters/modules/tilemap.src.min.js: sha512-atQnu4n8iVCiSh0J259iArGRIOC1pwFYIzJDn3Ed65y7KHusCepViQ3sizcI9nFR7XIV3VyPMFq74f1re6gdyg==
- highcharts/12.1.0/standalone-navigator.src.js: sha512-8lMolSloPnqW1TBxuh+YoexR1R9n6mk2DysT6Z6tMO8ED3p+x/nbqR7gxEqpb4dRiXQoubNxQc8dsG1kL1qXLw==
- highcharts/12.1.0/es-modules/Core/Axis/DateTimeAxis.min.js: sha512-TYZHCYcMIzCa/sktXW2MT3FyuSIl6Apxw39fcgAD9tIt5vGbEsiQ4Oz4jscuPvdGuqlE873engHHFcX0+ykSzg==
- highcharts/12.1.0/es-modules/Series/ColumnPyramid/ColumnPyramidSeriesDefaults.min.js: sha512-8RTa1Dxygib/eVE1cI2YXI7rXoREWHAR5uusKQWPgQluM+YUAGaHkWmLyPbMkueNmy/7wwqvNYPixfg+FQBtJw==
- highcharts/12.1.0/es-modules/Stock/Utilities/StockUtilities.js: sha512-3PSerXhprlWneXogYYG6Beh4Z+ArBUFHumUJOGYiflwLCKyJBz3UQcpJBnUdwdigIfN/oiDtV4HiiAAutF8mKg==
- highcharts/12.1.0/modules/data-tools.js: sha512-g3FPNPvFB23LjQTzXDhGn9fre5PPWnJzCi20ZtTsCJpCx7XyzOoi9ULIH3uWK1PHm9+cifXkbEUqI/vf0A5WQA==
- highcharts/12.1.0/es-modules/Series/Candlestick/CandlestickSeriesDefaults.js: sha512-3MzshJqH77u+HUqpMdADABzz7XCfpbKZuXuNEDVcC9X/QBGl5urdcO4eu5pb8CW4rUGxUkSmzR/8a1XA74eeRA==
- highcharts/12.1.0/es-modules/Stock/Indicators/EMA/EMAIndicator.js: sha512-8ISAe49TCQW0SVw4H+tYmEiQxPVY7m4B9llZPKJ/3qORCsuYGo8BN+OZ+vQurAqItFe1sUvm4miz08LijHMK6Q==
- highcharts/12.1.0/es-modules/masters/indicators/rsi.src.js: sha512-Tr83TXhRJvzAunKhIO1WHIouX5WBphPIy4PTDZyjX3A9bV4V7bORxRTCpQiGwl6Tk+1QCm64VXymuthDieDC/Q==
- highcharts/12.1.0/es-modules/Maps/MapNavigationDefaults.js: sha512-9poY+Oa37Kbt/7sCcgczZNUMcHOgwRzVxhCAXeKLCh1jf86DmSOQUj2RokfTeyMJdPLaKWzc1F3Aqnn2+mXYIA==
- highcharts/12.1.0/es-modules/Series/Pie/PieSeries.min.js: sha512-PT05vd8UzJ2unhOEensQsB4ZRRDz4iWHfA2gNLHbJ9lT+O/aHkf1eYxTXouT9NjdT5bqD+7cwERlEj6Lm47T+A==
- highcharts/12.1.0/es-modules/masters/modules/boost.src.js: sha512-7Clg5QGpzZGiEZd0sZDI+xha1Oi6jyVP6KjFRW06NdOlMmbHUYOqDGinvHTxaA96X5teT4ABdD8Suy2KY5WPUA==
- highcharts/12.1.0/es-modules/Series/ArcDiagram/ArcDiagramPoint.min.js: sha512-8UkasawqA1qT6sljAmm1OAEmsHdIX8kPf3k4/nZKjvrwLxJLUyneZYrDMeTENgDTgmQFxXWxWJBigZohEO6EGA==
- highcharts/12.1.0/indicators/mfi.min.js: sha512-IZVKMCbXqnIWDkjPyDt98jnV2jEUFXsaoTAr5IZFyXptylJ0EZ+qvugYus7cYqhoqqDg8pIBrCLVj+JQpW1xWQ==
- highcharts/12.1.0/themes/high-contrast-light.src.min.js: sha512-lIi9tcsp+R05LO76/jkdpGCavLYcWNdsmJ70uyKMCJU6NFS/2Y4EgjHO1mtsA1ff4rb2WqgvCBx2G8pernf/jw==
- highcharts/12.1.0/es-modules/Data/Formula/Functions/MAX.js: sha512-8JJ02YryEtrV2hXbVRIgGMpBAUhwXahJUeecTA4ny9dZx3kV7byq3LmDb8PaZobK/qp15dEyio//RWZXNu1CqA==
- highcharts/12.1.0/es-modules/Stock/Scrollbar/Scrollbar.js: sha512-2sctSLzltuxHJzmaX1GiK1JHyKMTYkArE7M9edGp+3D9MyFTfmgY2PM/tXvMQ9/AykmKlqWL5p4bGKnrVRXwBQ==
- highcharts/12.1.0/indicators/aroon-oscillator.src.min.js: sha512-GyV6XKt/E11z6cLZ/PmYMWQ0WL9yMWkvqwH7rIgtwcUtuldJ+s+PZvZ+OO1kolJcLDm4QSwEaaFX1JNGX93hqw==
- highcharts/12.1.0/es-modules/Core/Renderer/RendererUtilities.js: sha512-Wp/5aeW6nfRgDcS5RudHcFI8cTfkeSZt2qlkGmrsUKkGQbeHyTTCpF6WSoeBfP+2M4g6IeqALcBkhQDsSG96LQ==
- highcharts/12.1.0/es-modules/Extensions/Sonification/TimelineChannel.min.js: sha512-2lBIeiF6R1itfuCFC7JummUDqCEF8VN1u89N9vnJ0lXiWYDXmnZNdx140QHOu4lEg5hhO9/IyAlGGqdj325yxQ==
- highcharts/12.1.0/es-modules/Series/PackedBubble/PackedBubbleIntegration.js: sha512-blMXXkG0yzdOW1vFI1frGlDu857aJD8S1TSPOzE3DAylXWo1+oJcZgeiJ6wMAjQ90E0oeB+7XrMtihaCb8tKnQ==
- highcharts/12.1.0/es-modules/masters/indicators/stochastic.src.js: sha512-JmSi9s1eOoW0T6dHRzGq1kTccw0ynP3RFROrWAWV4NTtK1Af1lN9zpkjhnrGS1vf5DNcQrlQIY/QfQCizwQ9Ow==
- highcharts/12.1.0/es-modules/Data/Modifiers/MathModifierOptions.js: sha512-v/apMd8dySQ9TzE/6gQK+2HMEG5jkvNDZT3Rx+OAjUtACfG+3bpH+aXETbc/DeNwCjc6IzVslsy0kp8ot5YFdQ==
- highcharts/12.1.0/es-modules/Extensions/Sonification/SonificationInstrument.min.js: sha512-ZT1BgHZiadAIYeAgaMLwdVx5RYsohciDWNlG7CpjUo+DA/uJcwYt/kFYVHwBO2fneOU0eFuamQxUOy5K60PB/w==
- highcharts/12.1.0/es-modules/Series/OnSeriesComposition.min.js: sha512-SBUfaVuyps9kElzvKmxRKz0l/mHnyk44BxpCs2a/molTgWRMLIq2nzB4iRIGVdybu+1jufwWZw5OrsPVp+58TA==
- highcharts/12.1.0/modules/price-indicator.src.min.js: sha512-okA+G4ZJJrrol/0+XDcL1P5cV4hWt6fn2/V84HJVRlw0/rpDsCo67Ue4ktucpJnQrt3YjcaepsK+ID4ZszRx9A==
- highcharts/12.1.0/es-modules/Data/DataPoolOptions.min.js: sha512-/AZ7408MIjE2MJyRKwjNVKkJ6t36t0RVWsWdf6XMOmzlrR5ZOcAAt+WAGJ6hNt1dyeuWH7DTKM3Q0RD06/MdkA==
- highcharts/12.1.0/es-modules/Extensions/DragPanes/AxisResizerDefaults.min.js: sha512-yAvvCfjh8tXBCBMSoqZp2rZiqu9gHxFiEOMmdeYTKjyY5luiRCYG8oxB4EAejwVvtSzwAIRLTK8aghpZV/nEpw==
- highcharts/12.1.0/es-modules/masters/modules/streamgraph.src.js: sha512-BzDVSIeir2fb4uDKZXdY26RYfhcT18lEqsWg3V8WBUak8vcx7dnh1Y+r/nfkFAhH9PLRrcpGs53jQCyXQghJgQ==
- highcharts/12.1.0/modules/networkgraph.js: sha512-yxPxEQ4mFQqLnltlJL2RGFk77FNf2SAIHi9jqVWoEAAAHmmZ3BelDU4qlNyo0KDKs3IlvH+FjUZW1whtO58rqQ==
- highcharts/12.1.0/modules/accessibility.src.js: sha512-J9eR6fdOykz/XD3qevAC2c9KafqM/ei1EJWhOTKhXc3ie/fLs9l2nW9XhjlWY7OV6T+M1uhHlmg5UMzylrV+/g==
- highcharts/12.1.0/es-modules/Extensions/ParallelCoordinates/ParallelAxis.js: sha512-DD5aSpBN17e0pYArZErPfIj+zU4eoKHxcJYJ7W6G2MyptSfdmVZuyHqjgHoSVRTyebWwPzqpTTrjG1TYUGpYjA==
- highcharts/12.1.0/es-modules/Maps/GeoJSONComposition.min.js: sha512-OCU6MvXv4R+EGZiDamyaT09oZMI/0vvT6MXldHjtEyI5Yn0SKfveRMtR2sgYssUrYIXi7iNI3dR44NA6MV3XiA==
- highcharts/12.1.0/es-modules/Series/DependencyWheel/DependencyWheelPoint.js: sha512-tU1KcfET5RJwJYARtkXIs3A8Ct8QCsnIUJmmJBwFwWjsgnsq6LgDnpa6hZ08l/MLvCqgPGdMuPhxo9SnywqFyg==
- highcharts/12.1.0/indicators/disparity-index.min.js: sha512-pvbWpgPJpdoLkGmFg+cTuo8KoCYfCs+B+NkPE4k5joE89WZiJeLt35rLseY7Bkd6xF7YciY6jdrcAbEmzKZyFQ==
- highcharts/12.1.0/modules/arrow-symbols.js: sha512-EnnV0wpIh/T8Cr4F2SsvYBsgHQuYdykmug3t09c4RmzYZwu0ho+E8uvTH3LHu3cvdhMjvsv7ufVfoHB8D72iHg==
- highcharts/12.1.0/modules/stock-tools.src.min.js: sha512-5hjISs1Iq5m73w6wSvU/oG+65KDA7Gib7TEXmjbrJKs43Q98bmBfx+oAQGG9V+FMCaNvJZWJAxG9YwIoNbRfGA==
- highcharts/12.1.0/modules/treemap.src.js: sha512-7m9KFvzwjSx3SjO7Bjfk5+MUefwg+uFzTfQvhHUmd0ZZYGAYXmE6zkqebxSb7191SQhPovr2PIEKuV5saDF2pA==
- highcharts/12.1.0/es-modules/Core/Axis/AxisDefaults.min.js: sha512-VElxiFbwNwI4rVGk7eg4hNYQCvkz8RczzQnwIBBPD9A19g/6qZBSGU49KR/f6fYiL53H8Es12DdGBCd1Hsq11w==
- highcharts/12.1.0/es-modules/Data/Modifiers/SortModifier.min.js: sha512-MliN2b7f8Y3G5VOM3XF4PQoPFwthPj4jFZ/m8q1J4BXkT+0BKGOjNBY6bt3zZ0PoOG8sp4coUgkVvsFenERNYg==
- highcharts/12.1.0/es-modules/Series/HeikinAshi/HeikinAshiSeries.min.js: sha512-1yxbGbrcSMTGCMY0AD9ZhgAZDkuNyThXY/1ZeekGchxml6L0irb7T3ghi5jbKS+sODOOdrQamTnUV1q+2BQ2GA==
- highcharts/12.1.0/modules/histogram-bellcurve.min.js: sha512-eFnAz+4roEN5LSAjzhlTMPH1HkBC7RSpLPA3UaMd2IuvsgMy10dqNwrFRWtrNbbPPirw39zdr6yHyxFOrSVPTg==
- highcharts/12.1.0/es-modules/Data/Modifiers/MathModifier.js: sha512-cMl5xutj07MnCZ2x30d+ms7OgQaANYfqeQt5Ag5UZQrnnZIEW9l14DLZdzOvs4ClOdJZu0W+99Fjg95TLuBlVw==
- highcharts/12.1.0/es-modules/Extensions/DraggablePoints/DragDropDefaults.js: sha512-gvyIasgNyOF5EoFjuihbMjYip8R266RaRqiRlewNpFv6Dqn5GMKMYx/oIdsL0RkkRvc2tUUdDjAolv40T3+2gw==
- highcharts/12.1.0/es-modules/masters/highcharts-gantt.src.js: sha512-ikliyrJWgIVH/5dKJv5YS9SdXNDo52OEX6/FkNXLYK7Ft3ZthapD96aOsh2lU2bhF6SBopQ5lOC1kFrIj+ZCuQ==
- highcharts/12.1.0/indicators/volume-by-price.src.js: sha512-W2kMasEZ9YKrCDd6KeCmFOCqfyPxGM2/ss78nVacJyaE6Yu6DMoiFUUO/ulbaTo5TApJIU8fdtc92Ygi5fzSAg==
- highcharts/12.1.0/es-modules/masters/highmaps.src.min.js: sha512-lEPhulJDEvg2M1gvmOjxZcOlSHkUcc59pdHAd7cKuz0zzZzZIMMXry53c484hBZCvws3QmO3i3Y0j/rZBvvDCA==
- highcharts/12.1.0/indicators/momentum.js: sha512-mlzMuCIXtGmdUNjF/S7BxAa8HjSQlXl48qdy/0goM2LEz/zPI+fBh1bdQkQVZi6bK8QjtqD7yqWStWM/t0q8Pg==
- highcharts/12.1.0/modules/no-data-to-display.src.min.js: sha512-SOe+tsCCRkvC2PZr556GUF5NJ25F2QwjYQ8GiEVgzUyuIKui5aQydKN/Wyob/1gaUKQ2IJ5ldgO9v3NJ0JZ4FA==
- highcharts/12.1.0/es-modules/Core/Axis/PlotLineOrBand/PlotLineOrBandAxis.min.js: sha512-KTVJWw3B4PFZaMxzuDXcuFrboP9hV3n7GyEFEB13YPfAvGUM3TWkWPxFgcFeaRb50SPOtgk1YICj0ee3n3utZA==
- highcharts/12.1.0/es-modules/Extensions/Sonification/Sonification.min.js: sha512-MS3RzNXnwtmObLhpI1RD29CDVGPqQfhT93XW3OA4fBPKoyIhgLA1Rp0WgOriXcMDzY3s4bOMppIbCyxE+gbXog==
- highcharts/12.1.0/es-modules/Series/ColorMapComposition.min.js: sha512-/FIoTJ7qQf1x639IRxbhXSo17mUILh/OyBFMKazujhocPkR5ps951vw2DQotTAUXszoBJfrr/W/zqgfF3ucV5g==
- highcharts/12.1.0/es-modules/Series/Networkgraph/NetworkgraphSeriesDefaults.min.js: sha512-xP6LoUpS0hZKr1vI2UXBsrFi05eDie8r/z4chSIDZLaitRhVi/5j/fbjb9WSk1ARMNTb8OhpZs+DhFqNL+UCcA==
- highcharts/12.1.0/es-modules/Accessibility/Components/NavigatorComponent.js: sha512-tcA3iMaCUvG5XI+mn5KHt05dLb3WKRNukYNN3kJXBWqoyrTkrJh8lkzSk83clh6kHsbKhsQIOH7PA1RdSS8E7A==
- highcharts/12.1.0/es-modules/Extensions/PatternFill.js: sha512-L4ZY3XnzzIkpAbDtUTtUxv5to8ZXnT4T0gEzCCgZYwApR5Ls+JNQItz9fpJIeanVo2+aWyNtLLLmZ17Hz8IcVw==
- highcharts/12.1.0/es-modules/Series/HLC/HLCSeriesDefaults.min.js: sha512-RWdtzVrfnOjwBkpWRE8+O4OXsHiSuJBrv+px+DYr5p90piRxmyBZ1zsgCS+RoqFIAUoSarM9qllK/1tiq0qpuQ==
- highcharts/12.1.0/indicators/trix.js: sha512-b2lKQHTbz6/nFXlxJwlx2fnHZFYrMJYkxtq6Wo0TRHoto1swa21I+OHWN1lFZ7kA/BaDnyS7193tvR9Hv/WoEQ==
- highcharts/12.1.0/es-modules/Data/Formula/Functions/AVERAGE.js: sha512-654Cn/lcvHdc+OJXRFi6F5g6uCClZC8kcTZMV0VOybaBcir8F34DSOS87FYbAqwy0u12LqTBpMSzzcSbxvumAw==
- highcharts/12.1.0/es-modules/Series/AreaRange/AreaRangeSeriesDefaults.js: sha512-YzeB1J4A40+7L/JT9Me9aEDBZHEFaN0G3xomJUW2SGtyzB5KNvDAAP+n3VPX+V9IkiH6wXAxaaNxhVYkn2O7aQ==
- highcharts/12.1.0/es-modules/masters/modules/timeline.src.min.js: sha512-cC9GxRfUi2mmqHQpZ07/Z5AyHvHnHWdFUU1ae4OwSyy7T+jnShutMMeGIi573ldk/pnvvYWv1bdUJDGb79Y/oQ==
- highcharts/12.1.0/indicators/mfi.js: sha512-wcNycXZ3GKFD7p3G+GpY25f161vP0zqzyPML1q4gRZE9Ydsw9sY4v9YZ0jgF6f2A93yr9o+1zL7EWtWcIFR+Aw==
- highcharts/12.1.0/es-modules/Series/Sankey/SankeySeriesDefaults.js: sha512-0A7BJX8or3uO1QOWpa9KmIFkGi9TrUR8xXsvuoTdT2DGjew8bgMRA5Ppb87OLQltsZQmP7vFLRJSybE9CFhm/w==
- highcharts/12.1.0/es-modules/masters/indicators/apo.src.min.js: sha512-2/pWE9Vr0A78vlkxygEMb/B0WOMholxI8o29B8rY0NRBhQ5qcyoJlhIyVO6tD/HTeV+c0pkcJaMv6ZP6U+bZdw==
- highcharts/12.1.0/indicators/natr.src.js: sha512-hl6Xxz/gt4Ql0+hI0mRgDRUeXGyngEW65iyq37QcHrLGrNSjM0yzwZVg1dPXUIQmtrr8XS12O8v7fuDT20wCGA==
- highcharts/12.1.0/modules/boost-canvas.src.js: sha512-GueAeIFqDx13NIf57UEhpcoAufAaH+i+o/cBy82OUeTdES6d/p1jpwfxn6UzJ6fGnVokFESvYsuWDNQUKFjRvg==
- highcharts/12.1.0/es-modules/Core/Axis/ZAxis.min.js: sha512-k2LWF1wB90AiEHhifNJNBNxS3IRQAsWPPwi5vkGUtu5u+b7m58K8ipwvkIKLjWJyM4nNw8ACuisvdv14lSEnBA==
- highcharts/12.1.0/es-modules/Stock/Indicators/Momentum/MomentumIndicator.js: sha512-x1WCCw4QGl6EZBCvqUCTEVBRu2ZXSp7ExE1c+iqGTX02u1L5ON6cLa7n9x+hfbGovJUUc7z5yHS8ZhV4k9B1RQ==
- highcharts/12.1.0/modules/arc-diagram.js: sha512-zt5HpZjtnnXsGuU6Jx3C8tKEY+3K/rMuUsRrAUXYDzBCXSAlJhxiP60EUlS+gBOjS+yuTOfPIPa/h/uqvOvLUQ==
- highcharts/12.1.0/modules/dotplot.src.js: sha512-EZ7u30t8kahC/H/WNg9IWhfE7SAfUwuvR0LOQCpaUtbK392UbUzZrve5i3htrs5BDfT3iHTdfsxa/13AgtFsHw==
- highcharts/12.1.0/es-modules/masters/modules/bullet.src.min.js: sha512-7HZm/nRoVuTzsboU8BHH64O2q5Ig+/miSe0jCC6Nmmg+FuXLmoqqRMQ//4wyOQCze4MnGbP98vvL1GDPcdLHLA==
- highcharts/12.1.0/modules/hollowcandlestick.src.min.js: sha512-Dno8kpCeGgDHpvDP2ZAkTnx3lGwqwllnFEkiLgx8nXdUWr0vuEwnL1gS+o027FE0gvDvdsu9hRyRb7E9g1d+bg==
- highcharts/12.1.0/modules/treegrid.js: sha512-sQK5JW/sRH2MOh72Pudgh8aZCsvHyMUSucR0xW1QdLB0b3CiXGYPRySDQ4eBOyZmIfrDVpdMsK/gk3Flzoco7A==
- highcharts/12.1.0/es-modules/Series/DependencyWheel/DependencyWheelSeriesDefaults.js: sha512-kCppJZfmJQWcaeZFYN2Q81pIPbGpPGhm1Tg2qF8Z7jtMbKfeZxmsoOOYylM+76EMiShjbI2TxKCHM4W4qXD8/A==
- highcharts/12.1.0/es-modules/Series/HLC/HLCPoint.min.js: sha512-MAw/7QSqn0b9m0HYNdAd9s53mLfZCLhD6Ve3k5Qx0Q4KcSHuY/Kdavfux14hmdAAE3CmA59nuKgV0MnWtJcSig==
- highcharts/12.1.0/modules/series-label.src.min.js: sha512-O+WxhDMDdQUR5MsWYD0OwLhvgWy87Kn88lQep3ZKDauSiqPJXcdxJ/+WwlmttMdHk03pZYULWDoXvRZ/eJMDNQ==
- highcharts/12.1.0/es-modules/Series/OHLC/OHLCPoint.js: sha512-CXfIAX80uofNdueTU8SP/ud+8BCrrGsPaMI2FoYMSLrjaSCExPmXIzy19rrTsYqUTftQoKFrazg0ik2sDVMuRA==
- highcharts/12.1.0/es-modules/Series/Tilemap/TilemapPoint.min.js: sha512-9ci+snM5oz3rHFjQqN6WnhtZW6Mr7FhoALayzJjRzExw5jT8pVPNJqJWgOlsMK8OGXDjMJ3j7BCo6tsk9B/ujg==
- highcharts/12.1.0/es-modules/Series/Treegraph/TreegraphLayout.js: sha512-GNYq8ieF12xIQzCppuS6DpBR6FJ4zIpIsUddJtW87nv7iCdFhgQNFcEcMg1blQFk5OqNB9h3M6+znVRVNrtLeQ==
- highcharts/12.1.0/modules/map.src.min.js: sha512-RoDRmlZkrxriJusye3KD8juxNy6um2RHg4+HTceX3/gMJHUpzqKwpYqYyFw6ObtJB/JggAJOYG++mDge5+UD3A==
- highcharts/12.1.0/es-modules/Data/DataTableOptions.min.js: sha512-/AZ7408MIjE2MJyRKwjNVKkJ6t36t0RVWsWdf6XMOmzlrR5ZOcAAt+WAGJ6hNt1dyeuWH7DTKM3Q0RD06/MdkA==
- highcharts/12.1.0/es-modules/Gantt/ConnectorsDefaults.js: sha512-W718wBouP2TSeXYSRdxXq268qh3A5VB+u4U638v+4sn+x6aBXWFIj0F+yVbtaNB5W0q2RHV4vWcePFoY3ySKog==
- highcharts/12.1.0/es-modules/Stock/Indicators/EMA/EMAIndicator.min.js: sha512-Ai80Vp8v2S8ZqA0A7o07u+G1ks/W2MgoZC4LJUCousF0JPmgq0jYKk+tvPVKe/XFbW/8n0emtNdn0pymraZ8NQ==
- highcharts/12.1.0/modules/annotations.src.min.js: sha512-awqYctJ5BFv+gvjCTWXREOQ2mPLJ21b7KDR7CDdKKiSh8immFP6i1ObJmTTEjRbvah8W0Op21yvcMF+PbLcU5w==
- highcharts/12.1.0/es-modules/Extensions/OfflineExporting/OfflineExporting.js: sha512-zMF7812GqGujytWsuiRQG8mjVB4FW0U9QnJcbOHEmtt8ZZyhnqjOJlsDpymTNV6JeArTykp/c6PylXPQqH+8OQ==
- highcharts/12.1.0/es-modules/Extensions/Pane/PaneComposition.js: sha512-yKzujLaH8tMbEA4taXgMIT36WGMSCJU02Prke0IkGNr+sKl+ZcFgHLqfDYB6r+TPulXBwHACAaUNd3swKjYqKg==
- highcharts/12.1.0/es-modules/Series/GeoHeatmap/GeoHeatmapSeriesOptions.js: sha512-oEkbWRJ1a+jVx0FdxrhGhexMxdAtm2ZXC0lmJ/ITcodjCZGSv1SvafOnHfOLsijLUo6fKpR2A0+vCvKshb7dZA==
- highcharts/12.1.0/es-modules/Series/Wordcloud/WordcloudSeries.js: sha512-gurMfoEzw5o1vXr0wlRE65r2xGn1pa+pxwoWLweu3knrcuFvTu0aaA3cO3NopJI2uN0l2tBS9BYP0SesU/lDtQ==
- highcharts/12.1.0/es-modules/Series/ErrorBar/ErrorBarSeriesDefaults.min.js: sha512-qcc3rZOq2FvrWjGIC+slgizTxaIPkRM/XdnrfzDH5518OFIW/wPNKokIQ/NnP7wjiIAAicxQitbzOU+Bc4mgQA==
- highcharts/12.1.0/es-modules/Accessibility/Components/InfoRegionsComponent.min.js: sha512-XYJ9+CKxFQPap78HOOn0zhdzWug0YUOfLrnnJKcPrtYxxMXDNGVKitOg/qnCToKe+nXolZ8tdLMcnqoAPucJNg==
- highcharts/12.1.0/es-modules/Data/Converters/JSONConverter.js: sha512-HTRwD+mIfR7RYAnz2st/5ERtq85j1ipph9c2I2Zovdh00/Ep4JrJTQiGkKNB3dYDIP2NfCbk1jd9mxMYBBgqmA==
- highcharts/12.1.0/es-modules/Data/Modifiers/RangeModifier.js: sha512-bFAFj6BcbXSc0Y/o+RdLCDkMAx3LFsT+yJHNT5glNBEPSU8b3dybsAFu/aoG72Ndx8ZtqhnXr0+5EU753k/0wg==
- highcharts/12.1.0/es-modules/Extensions/ExportData/ExportDataDefaults.min.js: sha512-Dzt+l276McbE7aS/lp+/SnbFqve+lvv+941cuS68g8Yeif9TaDAZQd6Kci0FwKARxqKuVz+8hORuhIsK9DhmVg==
- highcharts/12.1.0/es-modules/Series/PointAndFigure/PointAndFigureSeries.js: sha512-cYJe177tnf5pF13rn9BpTpb853J/tZkWxiRo6sjifxqcKwXsG9KQzZ3SpjQ/aTFID97lZjZ8clKQSFHBhyjFUg==
- highcharts/12.1.0/es-modules/Stock/Indicators/APO/APOIndicator.min.js: sha512-i8Z7Wr7Q94HqAZFmcUa61zC9yJteXoB/x1Qu/hogMLPn9e7w35eNRLpbhlwaoNOjBXHvXJS+jd+A3UdvM+RoTQ==
- highcharts/12.1.0/es-modules/masters/highcharts-gantt.src.min.js: sha512-Tln/vktG2vQU48bKhMxrDubHqtTopJUIApWWEM0Kgr2j334k0LurrXzoxTmUtyy12Zjnc/JTBDkdOZwGIf3EXw==
- highcharts/12.1.0/es-modules/masters/modules/overlapping-datalabels.src.min.js: sha512-JhJy3xkoGXu0f/BMnjxRrTJ4T+79a2X29yieArxyyL/IFEsePjlm0QDDH7Y6VTguf1t5Asfr6tWJTgnAjixICA==
- highcharts/12.1.0/es-modules/masters/modules/vector.src.min.js: sha512-F0cc4gz2tcUFHGZEufAsGV9L0LRP1G9EQHMzS0Vb3U2hfGGPrSlMV+qtfdZffkTy7KKIknPAdIhpYwzok0UPuQ==
- highcharts/12.1.0/themes/high-contrast-light.src.js: sha512-orJLju9TL6DXGGHLQNAMGarLY3IHoeDAoYCgDH2qFeHL8mJYNk4jAH+NkDgkx7SPSvHZHJ4OlNe91kL6KILV+Q==
- highcharts/12.1.0/es-modules/Accessibility/Components/SeriesComponent/SeriesKeyboardNavigation.js: sha512-N1rKyMuvv9BojYar2XT1sqZ1VHjomBzIfGkMhVQ2ncr58EoZuXOL5C18uHvrYcmiflRKQku7TIOIW8qsJcb0dw==
- highcharts/12.1.0/es-modules/Data/Formula/Functions/MIN.min.js: sha512-GdGXIwqyVpnksrxCU8I38gBQMr/ipGRtoFRxm2bks2GSBZ1YjASHC3YB1pJrhdZlsAlLFXdz7V1psGrCHOLYpA==
- highcharts/12.1.0/es-modules/Stock/Indicators/Zigzag/ZigzagIndicator.min.js: sha512-32apmTtnRGiF1/hyUluolQ9gKMoUoCgTCAE9YDHyNBmCux8ga297cW1SfuzK2/RdDPx9WXE5gzCorxZvn6jVmw==
- highcharts/12.1.0/es-modules/masters/indicators/atr.src.js: sha512-BNI0pz62f2D6dRTYyqeGM841E/BywPkBx9h15lfDj9liTWstzBhkRgK+D2Ai0WLBAfYJKbquLiECXZ/fvah3Yw==
- highcharts/12.1.0/es-modules/Extensions/Data.min.js: sha512-xG2z6Qby7jULNZFn3WOUKFQpjodMknd0SLbOpoCxMeThYnD7228pRtsUkYoQ0UNui0XnMAspoXpx8B9/da3Ocg==
- highcharts/12.1.0/es-modules/masters/modules/series-label.src.min.js: sha512-aBW2HyVkmzcvvUqmsy1Q0Lwe/x/rwoiCP96+/cjOLk8bkoiBxr4zQKpvpJnM+oTfrVNnIfa2c2vRPRE4yVVzKw==
- highcharts/12.1.0/es-modules/Extensions/DraggablePoints/DraggablePoints.js: sha512-vhdZBt4Gha3zrLX587NCZ/h7Ivp++SSL731/5BUqTnUByMmOooziMXy4vvHw3+PZce+uU4oqVYZDBEjKvZaLkA==
- highcharts/12.1.0/modules/variable-pie.js: sha512-fjRGH9Yw3cVzowU+JJ+ZeE9altqM4fJzdy2iEpGpAd6I1CaGlwN7ALEiVK8iLgJwwMlzre3x93b7AZs54UDFcg==
- highcharts/12.1.0/themes/dark-blue.src.min.js: sha512-clzIo9KWrYCl7u7vUcVJPCDoScDm18M/EfOhhnbPq2P3ssij7VhRUMYcmTTqMjdGNdwQt8IZUPU2jWvVM0T2Tg==
- highcharts/12.1.0/es-modules/Core/Series/SeriesDefaults.js: sha512-2qOEztGyYQ6Cjj9zPrJIY+u+nSKaZUmFqVTBTluxMIF/nMLoOC90mIi2d+RDk6K1v9LP4I9ASViiE4fbdCGZ+g==
- highcharts/12.1.0/es-modules/masters/indicators/wma.src.min.js: sha512-jr7BulMippYs2YPJOWyaf7OrdW4KL3/1gBDYsydWEXQRFiaIi6tJSqEFqSEe6cchLizjTlNP2KpNW+GFknKBjA==
- highcharts/12.1.0/es-modules/masters/modules/overlapping-datalabels.src.js: sha512-LOQfMnBZuVz01osF34QOGZK+hIgECMd8d0NuXXfLNl3x9XI1wKGsxlzb+EEeyveiBGUKQLqSzxnDubgtH2g2gg==
- highcharts/12.1.0/modules/broken-axis.src.js: sha512-OkwnVHtuFVOjT0ui4vCV7Uy7/0tbuUG18v7T55jex9JLUQqJSu6WGlv3C+qHpwHy2z3xgvOzvleUcaAlMlRuIQ==
- highcharts/12.1.0/es-modules/Data/Formula/Functions/XOR.js: sha512-ke1t/NLNuIHNAVTGX4jXK2W1EqqjbPVp6JG1b8PEC88FJFyO79n43tCYjXL2vnvrGEHuYr8rEkoZ7H7WDNKPaQ==
- highcharts/12.1.0/es-modules/Series/Heatmap/HeatmapSeries.min.js: sha512-vG5usudS+ptaNmznndC7QU1L55sFG5H5W1ElKGbB7bLpe3gOkXupsIzlLWJuC7fzpNkpf0pE/IcVZQcvjEv0fw==
- highcharts/12.1.0/es-modules/Stock/Navigator/NavigatorDefaults.min.js: sha512-6py35yDHhj2DpTcyUNyGnkjoi3U8aKt+w89HMFMqvlgEus5UgizSYwFI6GsMUBQQ/1jcNbvybVC9zePE3SS3SA==
- highcharts/12.1.0/es-modules/Core/Axis/TreeGrid/TreeGridAxis.js: sha512-aS8gmDaz2WbO3myZrOiTgOJZtcTDwHQL/b00IwWLyxfYsNwknp/JfEyqhgVWh8aV/FeSNKbCFj58XoKA79NXyg==
- highcharts/12.1.0/es-modules/Series/DerivedComposition.min.js: sha512-3Itqjlufu3XX24+1isZGCV/TGmHX6MlsPlRhxshoOu2wEm6b/kTZmtPrZCKW2Q5abcz2QpFBdxSesGJSnb3kzg==
- highcharts/12.1.0/lib/svg2pdf.min.js: sha512-6xDLpuLvI6uQ+MwqMYczZ2WG+MrHaBEUsKq639pI0mrhPUpM+CyZuj9GAfUSWuQJYtsBjaNfLZXrpbVNPQoBrA==
- highcharts/12.1.0/modules/accessibility.js: sha512-2g1XSKPALid/epzCheJ91x6hmENPEeRTkTn+778Vr2MwHcdySRCO8n8e1pL7KkaN8+WCGEVJOcsovlNJct2Pfw==
- highcharts/12.1.0/es-modules/Accessibility/Components/SeriesComponent/SeriesDescriber.js: sha512-O49bvNEXzD/EPNlgPIRq5ntwpAlzasT32yuxkvtxzHNcI2sZ4f+4QeY8LqaDcfR/JoEA4FD/RGvasB+5BzRNJA==
- highcharts/12.1.0/es-modules/Core/Geometry/GeometryUtilities.min.js: sha512-UEpThgKxm3AEkgtD0KKyoZKLSFUpH8lCNOZxHKAzQNsSg1fG32HZ8pAjEsyUlmw+YW6wG4PESQq27UvDBCkE8g==
- highcharts/12.1.0/es-modules/Extensions/Annotations/Types/FibonacciTimeZones.js: sha512-WstSqnCJIvRKFJ/dJan3Dccjpy6fDo8Ih0/Q+B+coecB7e5J2wql7PU9T3zOwiylFzowXXeReD8ykW/Wx3iYPA==
- highcharts/12.1.0/es-modules/Maps/MapNavigationDefaults.min.js: sha512-Zq31NV8Dld1zGnYUmEJbcpqOlfH435xr4rGteP3pIU8QbnDfHIjS/tXjjXjfn5/mwunZBxpeaYUJPRZCFk4O/Q==
- highcharts/12.1.0/indicators/bollinger-bands.js: sha512-MD6H99Lfc1o5K+Y//FUTTege5wpEpLjGJ123t42ZRIOGS1MM856Y663vTXvyQXGmCqXZAKphg6knD/LEED4EWg==
- highcharts/12.1.0/indicators/rsi.src.min.js: sha512-1KkpR4/+A49oq4s+XwRzwFTxkkRpT22ZzAxvO2todV5NFTsmuGKDeCW3mGtU68pXXUIwV7yINZSZJuAVpAJ6bw==
- highcharts/12.1.0/modules/full-screen.src.min.js: sha512-HZ6No2b2hiPQABkA0zIJYAkcxkwnbWtwTiYLRo1j5upxotbgKZV+UFSrDuqg0GwBwThNBsbRal3isjgETsrlmg==
- highcharts/12.1.0/es-modules/Series/Funnel/FunnelSeries.min.js: sha512-iuDY1CPgQ+ng2EwIbhbCXXEfMEhffw44osQN0Zb91bEsE8lXzsHu+Jto5IBs1vZSighbTtFNWTh7FHKzWDdwUA==
- highcharts/12.1.0/es-modules/Series/Gantt/GanttSeries.js: sha512-g/vhuuAK17Zsitf7ipfbpmkHEeBM9GHgx5UZd1BN2blxO7ghPezc297rpKOGP45B9vWN6waNgpddVcTpB8Awig==
- highcharts/12.1.0/es-modules/masters/modules/debugger.src.min.js: sha512-l8Oi6KvNCkOtz+q7UZGp+pe/6lWWFETxPHzUmxxSvEdyBqy08E1yWAdVsNLlHemVwiv0RLkGcR+TiFcpWm3svQ==
- highcharts/12.1.0/es-modules/masters/modules/pattern-fill.src.js: sha512-c7BcjgpOwdA5U9jWoRfYd77QdCEVH/Yh3R8C5r0x1xK3Sf4PueTr3N3gbUev7z/wtXkr82qgv2VIvhR7Fc5uCw==
- highcharts/12.1.0/es-modules/Series/Bubble/BubbleLegendComposition.js: sha512-elDzL1G2VikYG48nWk2a9e3IrzLa3DzVDsIFC2ERdh5bBqGkO9V2jYzQb6M2AWQx6qSXLSAwjOHlDWjvPQTXoQ==
- highcharts/12.1.0/es-modules/Series/Gauge/GaugePoint.min.js: sha512-oBHnfsaYJyJJhhdW53XAFTSsdUe9YnpYIGNIiilrCvnXUhFHUNj2GxLdJx66ZNwsWpYrmzX05Ltthqyd1EQX0Q==
- highcharts/12.1.0/modules/pareto.js: sha512-6RZj8BkseoAGvjKi96SOBJpNvPp+4feqSaEn+G5K/htRAFbLeJT0Qq3tCmohFJTkKVLStPKb3GcqG5fQwHLKkw==
- highcharts/12.1.0/modules/textpath.src.min.js: sha512-NfZrhE5GZvCpJ8mlYGuCeAt09vSSc1YjHuOss1xmiDjYaNhUJTMsmQopmprgO5SnE3Fqwk6cySymoIJJVaFAvw==
- highcharts/12.1.0/es-modules/Core/Chart/Chart.js: sha512-bFFDLQixcH8ugK+sE6FBoCh130ICP6NxLnTHdgn3zcC50l7EHiCJL/RPEVRGI1RpuiHAhFE23EIOV7NUB7FYYA==
- highcharts/12.1.0/es-modules/Data/Modifiers/ChainModifier.js: sha512-AtfE9xSAyQeeaNpRkD6RL7kUs3VY8JA91Rz9DFSZI8sW8OkVrFdoifrYhA4TJ8OkyvdUo+ahAKIsrim/92GNqA==
- highcharts/12.1.0/es-modules/Extensions/Annotations/Types/ElliottWave.js: sha512-lLBuz39K5Wgrg9VNAV1dd92m3ecKKFLfP/Nj5V9QOSloVEFk9jteCaytD3KkNUWRgW7Y9jm6XlvOdmjJNIDTYQ==
- highcharts/12.1.0/es-modules/Series/Area/AreaSeries.js: sha512-ZIhfOiwR72CFegVDfbwSJTh4pzSAr7peMWjxk+Ar8DOSkPlN8GvltFoAR1DhGf2CJX2wh3aPE8qGCWA6u+DUYg==
- highcharts/12.1.0/es-modules/Gantt/ConnectorsDefaults.min.js: sha512-XYRRxFoERPl54J5F9qc8fKxN6Fn0iifKFiFpyXHi9M2/kd93tXySjOdMWDfbULgne5bMkmFBf+Qg6I8mgdeIJQ==
- highcharts/12.1.0/es-modules/Series/Pyramid3D/Pyramid3DSeries.min.js: sha512-WChhRCEp7hG2ak53Vhaik5hyth6b3YLvBftryFMDVBwTRi5TrnBXaZh+DEFt7XkWSQkqOmfuBudzTLjz6ZEZSw==
- highcharts/12.1.0/es-modules/Stock/Indicators/CMO/CMOIndicator.js: sha512-PoQ9lYMKj+Ia1xUhRLMhZE6JQL8obO/yREHGsGYMzURJDgLqMq9e7mDE1Daklnac2RIN0rOLp08fGOs0a2n/jA==
- highcharts/12.1.0/indicators/chaikin.min.js: sha512-54y2kzXTr1a97ewCeEJNSx15fKZxRPTJY3deWdcklUz6RTkw/Sh0aXw0g8MV7wt7xWDu7UqnrltVGGOCHEq4Ow==
- highcharts/12.1.0/modules/parallel-coordinates.js: sha512-VAqbBXmkNXdYc1572QOrPKXdlg2sTtwG7PutZ3t0ZBhfOzYPnkUv3BwkZi/a+OJD6JfkSay2hKHYdfctyOvnmA==
- highcharts/12.1.0/es-modules/Extensions/DraggablePoints/DragDropProps.min.js: sha512-GxsTjsnFp8mQBTHiRo9zz0cV4EZB7OFQPtrUjPHk5ZuGkzp2XWUe9LZzSqhtXr9Wz/V3QBlJ0gj7QRnaMKzGAA==
- highcharts/12.1.0/es-modules/Extensions/Themes/DarkUnica.js: sha512-qmArQ9fJM/PEj1QljIE7+WymSsnnQs/3iIkl4AKOPS0RQnHkrAozzH7DG3gtrVK+2giCaUTvGrEBeleVmb9mhQ==
- highcharts/12.1.0/es-modules/Stock/StockTools/StockToolbar.js: sha512-MtOWMeZ6cP1k1w3gvwWygl/M4gglpheH2h25BWvvOkDSQxXw7YfUO5PXj1GeSTCf4vNOhQDlei4s7AXegB45Qw==
- highcharts/12.1.0/indicators/acceleration-bands.src.js: sha512-q2oS95SBqOxe8C5g2qiFQH6KVxPVUg0OcChc8JcR3HIh+3hM8X9zziMCKCysPF93Da2X/C0eojWDDGs4F/9jEw==
- highcharts/12.1.0/es-modules/Core/Color/Palettes.js: sha512-KLhEut1McfANs4mHxTUFOABL8iuiYkKvCQnfZkxV31cC2KJCRSJDk1ozuLGKNg49gez0UjY6/Uk3p5UrDstrgA==
- highcharts/12.1.0/highstock.src.min.js: sha512-A8U96H83xzvkwLu8JXUpci4x9SW4vsoHgE2r2SkVdL6edQPwbYR+l5eQefJ09Mt2IVEzBhJBJVOFgWyPXiDWZQ==
- highcharts/12.1.0/indicators/indicators.min.js: sha512-vGXdVvaRpcbLByK6xx7QXOyFNL4nay8VNrV6dpgR2cg4gs9vaB/FoEKNSHxoqwhKNHSgK/yB4wdLWGR4WluLKg==
- highcharts/12.1.0/modules/grid-axis.src.js: sha512-5RRJfKGbNmBrrd1kKDPlHqEDk3jKJKJS7FU2ds4aROSrPUasznzZohSTciy21N3NQKWACtsPp0iSPJNF2tpKWw==
- highcharts/12.1.0/es-modules/Extensions/Annotations/Popup/PopupTabs.js: sha512-4y/y6UX9sffLJZ8v+rhZ8YmJK/ilF2AH/ZXfKOBF4IJKZ6wV+KfTDnuB3QV1x+0UtG3v2BtY7kIgUml+O5u4YA==
- highcharts/12.1.0/es-modules/Extensions/Boost/Boostables.js: sha512-9DUa/KPg0LipUhTyGtcjFvxM4NGU+0SLrHnYJ311rNYj6yiz2sVvxMPbP8qgmES9TRZElupqStCyV4Mm5NEY4g==
- highcharts/12.1.0/es-modules/Extensions/DataGrouping/ApproximationRegistry.min.js: sha512-1nHZFhaXhTmGTtYbBeykSfncFTQtogM2Ncb/IzyA4vFppCaZmZkt+Ppx1/kcAH9HTBzAyZoXpdJhscmAJAfDGg==
- highcharts/12.1.0/es-modules/Series/Sankey/SankeySeries.min.js: sha512-gTtDXAH4/IV7WHfRJfC6fAMsJfzMXgfh/WTrk7lo4UzQTQuFVDSIdSzAOoKm/gSiXSYLBbyPqhAY3gNsPg7nXQ==
- highcharts/12.1.0/es-modules/Stock/StockTools/StockToolsUtilities.js: sha512-Ko1PJ8lFMo8is0X8FoNJoSakcOfgH1Pn38AhLAHxTljsYH+2gTQrIrRvNHPNaAyiAvA1FMo8xzAjbjg0PUA7aQ==
- highcharts/12.1.0/es-modules/Data/Modifiers/RangeModifierOptions.js: sha512-v/apMd8dySQ9TzE/6gQK+2HMEG5jkvNDZT3Rx+OAjUtACfG+3bpH+aXETbc/DeNwCjc6IzVslsy0kp8ot5YFdQ==
- highcharts/12.1.0/es-modules/masters/indicators/mfi.src.js: sha512-H3aqTU2zAkx4RAToSOxX3isrwHB8qz9Q8PJLhSM/9D6CbHCXCMarH0WdeQsTKWFbeRNVmCzp5xXZdBBhyXS6ag==
- highcharts/12.1.0/es-modules/Series/TiledWebMap/TiledWebMapSeries.min.js: sha512-1D+OfehSHc2QahYCnBkX4nd73SnquXYbA7sP9eYaiKv8uEeGr91tA7VusqKN3PF4NtXWOGGP8nDV1NbLEgjCJQ==
- highcharts/12.1.0/es-modules/Stock/Indicators/CMF/CMFIndicator.min.js: sha512-gnez7GZbTCAibLv8lQIbDFU7YN5JSm/K4XWtV3Eo5q4OzJTNbJZRQn/Uel7jvUDnzkHXK019vFFwxBn8/HrsrA==
- highcharts/12.1.0/modules/debugger.src.js: sha512-ZjFhd2qlLGT2MwfJUC0ut4ExcXqb+ePtka0kuano911vq9pPcivRp/yKcKaYEEr3eEE47GzVZ0ShK+D04tW+ug==
- highcharts/12.1.0/themes/gray.src.min.js: sha512-ny+3I5xrOO5gLX7q7eCTzFhk293H86ctOKza4Px0cFHbY/7dU+ihi4nI68RlQL2gUW0n9qYYIk+2BZIg0RmxaA==
- highcharts/12.1.0/es-modules/Gantt/Legacy.min.js: sha512-okzgy6tlSfx4JGeqNE7MFUo9W3/jqWWgnmsfKZAlotY0BL7HVdM/EbugtXDqve6ED9BP1Gdjh+6/xHcMg8cdHw==
- highcharts/12.1.0/es-modules/masters/indicators/aroon.src.js: sha512-aQVUOPDDErXp33Fr/P7GBT7/Vz+uIDwCRL4Wruz5kUIyO6Jn0BAmW4hnFoW5x6E3cDyP9Ivz/XnHbHrICELlew==
- highcharts/12.1.0/es-modules/masters/modules/organization.src.js: sha512-49167jYSjQoGP5ZSPweVzGgYp/EvNw4p8uQPdvbRZEMjU1m51ugv59KFVwIFL572V0IIhHGVWlmRW+cnCA1H6g==
- highcharts/12.1.0/es-modules/Core/Series/Series.js: sha512-ts/tUtDOFM5rCqH5j3HIrM/qfL7f72xnhYy/s6eIc/7na7FM5sb9ix+n++LX7QAZPSEk2KHRJtrLm17JzFdBJQ==
- highcharts/12.1.0/es-modules/Series/Bellcurve/BellcurveSeries.js: sha512-0PRF+KBs1Ssyndz5sQp1/gCwWVwDAWKmrrrw48hC9Bs+dACOnLYwkY0puMgTEONb5JPsw5Ka+l0I4eLCAjRk8w==
- highcharts/12.1.0/es-modules/Core/Axis/PlotLineOrBand/PlotLineOrBand.js: sha512-FdAB/wHGFAlKTfVRoOOmHWt3BoqV9XTumNeBPiGPTIieGNjuCl7DRPqtilKufhK6NzRBOYFZ1IH6VgsSsoPnJQ==
- highcharts/12.1.0/es-modules/Series/PointAndFigure/PointAndFigureSeriesDefaults.js: sha512-XmdZl7VlfTwoYp6cf9uxaYKN6+6bel2+w9vLraNBVqDOSEKWNx3oFXVCcBQFuge0BNlJedJ1qh9h4B21KSNTAg==
- highcharts/12.1.0/es-modules/masters/modules/navigator.src.js: sha512-FZBp9oh0ZfJOPUy4WSYu1cRiy5Oee5BSoAitkglpCtceL+Ltmv0wFMYxejHd1g2E+FIeYQ+2wPvyYgtryWVbpg==
- highcharts/12.1.0/modules/vector.min.js: sha512-bpxR/Ig/k9Wep+h1Gb7QQVRTJTMUxANDOhEO2rRQK5B2SRwL3rVVaWt1RHfnOB3GK2tLhpvG8NRudy9Uj/YJ2g==
- highcharts/12.1.0/es-modules/Accessibility/ProxyElement.min.js: sha512-c0Ku+4XUt8lFsLq6fFGYlCzHq6GA1Nxe7BHdlWtLvXd2wLUW6iwrtNDTz8JB9ZolbF5eTsfdsiAKO+bqVPqhKA==
- highcharts/12.1.0/es-modules/Extensions/ParallelCoordinates/ParallelCoordinatesDefaults.min.js: sha512-u5XJJddHiMfW4kU9QqY1B7UxaNQP6P5TOczSycPwsCalLVQ0VXf2SVoA1tE+H7juPYK0pAf7hJ3HdLOqBzrgjA==
- highcharts/12.1.0/es-modules/Extensions/SeriesLabel/SeriesLabel.min.js: sha512-zdcFvPom9awu3vYfabKt9LDZb/Tru1H9zl1Y0doIHt/idCEa2oVwOALUE5osgZURpNTbU2fV2f2vL3QtN8DHIw==
- highcharts/12.1.0/es-modules/Series/NodesComposition.min.js: sha512-+5R+MA3NQOlh5+xPB4iXlU6jmyXy+7iD+YU2xGBMk03GlcyY/SMO0cwe4a/1/Qgc72ImxEQ4cUfI19SE36ad5Q==
- highcharts/12.1.0/modules/bullet.src.js: sha512-WRM5JnRCZ721Hb1zsfWrcgpvAINMhHU+8LCiOU9fZj8xuQ/TUCyaoznOZ4H+VwqAP+MLOnLc/695aZDtTG77Fw==
- highcharts/12.1.0/es-modules/Accessibility/Utils/EventProvider.js: sha512-/NPOHM4R3m1x0sHct5yalhY0900GbzcOCzG+X/Gw5RnZ455p+Yi0zC6duwT2b8c0VmnKi1Jg1ryHsm7KKW0hYg==
- highcharts/12.1.0/es-modules/Series/PackedBubble/PackedBubbleLayout.min.js: sha512-cjhLq0xtKXK7mRZhiuXPk11SvhdasG1Yd/Jiremmxqcy18hWhCR9ucKVjfJxw269C45NAnGL+FIOAfauASglIQ==
- highcharts/12.1.0/es-modules/Series/Sunburst/SunburstPoint.js: sha512-eqm1ti/gSHLSn2hIG6DPh5ulRT2zyX1ikqKUltFyXUSDomKrSfU6AioVR6urD+UV1KKLSt/0bOIUQnTMUPijZw==
- highcharts/12.1.0/indicators/disparity-index.src.min.js: sha512-IyhxrrXdQZ1DcO8KpnDX5bOIR11VSQl3DGWkNdeAWng6+OH1XcNnH3tSw0AwZQwqDxYYyFpbIx6oZzJt0XnNNQ==
- highcharts/12.1.0/es-modules/masters/modules/current-date-indicator.src.js: sha512-Cyms9DJW6920k9lCjM7WqaO78kH/kgoToFaAjgxDy7AJnJ4V3FVoTPQZV5QpZ1NrNbWStD+bxlIKMNQJH3CH4w==
- highcharts/12.1.0/modules/current-date-indicator.js: sha512-uhCNwFHOwNNLtwkv988dIw3vEaiMIKjWLl3luMI/MUfrxT0QimxzO9tlhkAyzCah7ZkOxj2FlYnCEfNJz4H1Sw==
- highcharts/12.1.0/es-modules/Data/Formula/Functions/MODE.js: sha512-fqnfxCO1c6G4K1JOCOZauuwz9oT2jzMwRB2QQPA6JaUXKqZ9/odAZVu5xoiEOWF95oy+4lu6I6NESG17dRllwA==
- highcharts/12.1.0/es-modules/Series/HeikinAshi/HeikinAshiPoint.js: sha512-cnmgB3AQQd4+HVD+uRX5Rqw6lq0N5l7wLcyWiX9Hzf0hyQmiM79GaxuP6S8+xD6Gt4Wozk9Nwl+X34KX3SvbYg==
- highcharts/12.1.0/es-modules/masters/indicators/psar.src.min.js: sha512-r/mSBfdft8x8v+t/nCGBf8uG/xi5RZMK8UvxMk2IFZ3JCTD96FxJsPZnVpjRMA/NVp40A0PYl41bG+7jqL9yMA==
- highcharts/12.1.0/es-modules/masters/modules/accessibility.src.js: sha512-6qBxjwW90s2xrcfUSVkMPtaElK1sfP9tGy0hqcjt3jxNiYkGLa2z3asWHapEgy4XPJPTXy/WTAL/wBTJ6N4MDA==
- highcharts/12.1.0/es-modules/Series/Scatter3D/Scatter3DSeries.js: sha512-kxS1TN4yS5dTYmiYm1Eh/UVyXzXFYA6OeoGqOGgGCfM411CW2lOgyf3PFQfehqclYK1pnoVCku6m1DxFHw5jpA==
- highcharts/12.1.0/indicators/mfi.src.min.js: sha512-Sj/GSd6uhfW/jWKghYCmrABUD+44BvU8ChWFoFeErBU/0yl4Dg1QivVi4kIzJO1iuOB+zQJvLn48kRW6ZUGiBA==
- highcharts/12.1.0/modules/dumbbell.js: sha512-hjJF3LtTpQdbzDNLsorqS7yJCQA4719/lKl+y8XD15Fl321CC6v7vR8Y5FLwec3+qc7XY+5jQuElm6RuPdIXEw==
- highcharts/12.1.0/modules/exporting.js: sha512-uDmjjMUTyg+jrRCnxzU/pqGQZ489qcJi+9BEDKxQsAmVzA2vs30bJnx0VXv/2rF8t1y22gLiR6WQ1hnWj6n+gg==
- highcharts/12.1.0/es-modules/Data/Modifiers/InvertModifier.min.js: sha512-ULvbnP/+YwvqAjs2U2p3Od7QdQoAKDmGy0srHktMY+Z62yTptkKcQqoCl+CYQRNK2nYLMHRMuoFJSRuQsS//Mw==
- highcharts/12.1.0/es-modules/Extensions/Themes/GridLight.min.js: sha512-qs+TFgUZ/zJTF5O8hsepSs+Fi2dvMOIs0V5h7Gcrz9t2lKEHjYaBdnNp9sYoSFB+UaSVYpcu08EB9A2xgimNwA==
- highcharts/12.1.0/es-modules/Series/PointAndFigure/PointAndFigureSymbols.min.js: sha512-NOsQRG5Sr3OG8l2ZHEYjAuQ0gnVpRJFj4JdBATijeX6sqqqEjU69Q44ax7YKS6lr4TTEmdcVZUezVJzui4AN2g==
- highcharts/12.1.0/es-modules/Stock/Scrollbar/Scrollbar.min.js: sha512-2PEXdlJUptxsmHzvB/Rqgh/9ZfBE8x8ollwCwhZ6w1uF+bPl6SC/Zvq5t4DPVk4ODe94vDz44BEJkkr+IZ7BMg==
- highcharts/12.1.0/indicators/psar.js: sha512-PzTu6lE4c+4a2biG7m3wVY70OWpbJ37Eh9X+ocD4pQrP682Pjw/hDoOUPbYL5NZiA19qSWVYySCK9hu+bI/AwQ==
- highcharts/12.1.0/indicators/roc.min.js: sha512-bthv1Zv5Lo+zC9m7aDHNIFPe8nhvZPfwSMTr5pAxjqaJ46J6O8d8SAq+Z4alfx7Cj+n1frme/Rw3+Zm0J/eiAg==
- highcharts/12.1.0/es-modules/Maps/TilesProviders/Esri.js: sha512-WDhuIH6d+5bJVLHqXmKpqmpIwixVeSf14T3Ul2hgnu8C4PSXIIiRqVKwOrq/BTcudrN8vmqIOvopKx1XQ+EquA==
- highcharts/12.1.0/es-modules/Series/Wordcloud/WordcloudPoint.min.js: sha512-Vkt7Ci2BgLUkaq3zzJqrzwIVCLFBw4rgG9yTxJ+96QKdlgn4+JVu42rZnSNUELxmYhysBU+j7j4XHDB50EvSnA==
- highcharts/12.1.0/es-modules/masters/modules/full-screen.src.js: sha512-17XUx0Tkbl/8jvIvp2LOiR0s7osod8PeSDfptGQf/m9SnqQ5mZRA2iyWrOKDjb2kYADcj4bY/QDFSxdU7Cq3Qw==
- highcharts/12.1.0/es-modules/masters/modules/stock.src.js: sha512-1g1iXpneHMQhfsDrzbrvs4zYqAexRSuvXoNs1aUFdB9zmgjeLCsALLoh2U/J7c9WKGd/ybI2GEAuUzgpfaxH/A==
- highcharts/12.1.0/es-modules/Extensions/Drilldown/DrilldownSeries.min.js: sha512-7hPUJJBoh62De08zMQyQYJnjAGECswfcOVPY/cdqOlVqDAXmyOT11uZYhCOTlYl44ooGWrwbuFNT/fanpT+5DA==
- highcharts/12.1.0/es-modules/Stock/Indicators/RSI/RSIIndicator.js: sha512-zqPurI+M49ljeKCEwl6MjsB/NHcYiLjAAR6XgjPDUEH/WPhBazk6zXYPWfnSNBnMJIMPfjKqUpraar59MT53ng==
- highcharts/12.1.0/es-modules/masters/highcharts-3d.src.js: sha512-H0HetQdBSCZKvUzIwUleqitdavMnQII0XezPUXOcgvH9ulEwKfiXD4t0IF7eFLFl+QIFbqJe3FKcHOYxo5N4gA==
- highcharts/12.1.0/es-modules/Extensions/DataGrouping/ApproximationRegistry.js: sha512-E7gfhX3JXM1LHKDKSxC3bENk81vqDnK9e5JvKg6m6vLPxzU5fexF/qWY1njoHnZehfNkgnTvMdhBPn+g+SaItg==
- highcharts/12.1.0/es-modules/Maps/Projections/Miller.js: sha512-OA6kQQ7aevUPPjASphYiEXV/kZtpI0D1yiA3d7JG3XBwbd9/BeAf5xzabrdvlXk5pQhg7T15KKOe0B71FPjSDg==
- highcharts/12.1.0/es-modules/Series/Venn/VennSeriesDefaults.min.js: sha512-FW73/Z/5b9mnDg4eErLOIU6c5tjX6j3RFWPVA7mfxJiIMlFw23V1qbFGeDVP33S0awk+RYM95X+YHRML+ikoNA==
- highcharts/12.1.0/themes/dark-green.min.js: sha512-xkT1IoKWl03KV2+iLZnz7SIvJl/A0OwpzkIzSRyQOuZkruwhhNFn43ZkANcDhwDFUk1SzXU7Zfzbvz6EXoan7w==
- highcharts/12.1.0/es-modules/Accessibility/Components/SeriesComponent/ForcedMarkers.min.js: sha512-OfWFt3zVLnVf5wUOtdzH2LzHGhr3waxw0syQI/rTohNafafgyeGBmUQURYhvpx8zelNLy0d8YVrFlherus2PzQ==
- highcharts/12.1.0/es-modules/Series/Timeline/TimelineSeriesDefaults.min.js: sha512-nGCMv6e8giwpc9YOeKjv1ju6Ll7XdoSZQz+VqaLaR90QtVDRR8XrgSLebBzwUtZz3Nlax6puIM7yV6xUhbTxvw==
- highcharts/12.1.0/es-modules/Stock/StockTools/StockToolsUtilities.min.js: sha512-QIXjYe6EkERvcWvyX/aEIH2T2r4f6r1LlWVNaZ/IhVQ4ZkJjWhJXDVf0GibYS//5ORjRZE3ucaeilsGGb6HUKg==
- highcharts/12.1.0/modules/flowmap.min.js: sha512-hrCoIUq3kgu+Fv3cjLkzGNugzdc+r+8FPwKSQxWI5jaAV5FrDIvWfuKs3StctWjbbu91tO0GJuFqwXFqXkcR8Q==
- highcharts/12.1.0/es-modules/Extensions/Exporting/ExportingSymbols.js: sha512-dTMHLTV8+B3TvsH8yAM/omaezBXDxGZcvm1Dj1eQYB6jZHQpXc82JX5iK1LjwD+oFAasRT8vZQcYgypGXjrTOQ==
- highcharts/12.1.0/es-modules/Series/Funnel/FunnelSeries.js: sha512-PoNDY1IkaBNXxB2CfMCRCsstgMYI9AIeIdFiFQJuFw79H06C0ALR7INKSXEqfSY4JFx4sgjc0Ue7/zPC0nGicg==
- highcharts/12.1.0/es-modules/Series/Pyramid/PyramidSeries.js: sha512-0OBiaP9MkNjdujYLWK/7mekEUdXP+P77HcdMVhYCyvwAK2KTukgOmirHGBiPs8iWoWFMMieuSmwp7Xe1fcfVRQ==
- highcharts/12.1.0/es-modules/Series/Venn/VennPoint.min.js: sha512-0c34NNgpaz2DuK3L9KK0gg/rU5eqVvr7dkC+W2jqlWbAVbzgws9Bw7a2zYzKImDrlrkk9mZxJLqkRoB3oADNqA==
- highcharts/12.1.0/es-modules/Series/PackedBubble/PackedBubbleSeries.js: sha512-rgVYQ+MtLORV/dVn7DwFzRJ6X1jAfPKSBaowHYXL/botuipT+uRcMAxSaiNtiEKk4iPggCDUYuvG2WEC1MOIpw==
- highcharts/12.1.0/es-modules/masters/modules/windbarb.src.min.js: sha512-MMGLeCYMp1KL9pTVJ/5SAHGi+5QYP5sl4VGJP/UcTy95wVjLNWASI7YDVLC/F9q9D1C7JCTOQKFYNzPTVHlkgw==
- highcharts/12.1.0/es-modules/Core/Renderer/RendererRegistry.js: sha512-O0OfQ5r3KShCOkDiJo6zjG2GMq7l/fVDBDcCOdNJiLvUpIs8t4lzRnxYkWgIYAAI/xoUbWZmoDIwSr4yGixpBw==
- highcharts/12.1.0/es-modules/Data/Converters/CSVConverter.min.js: sha512-wSloQ/rBq8FnrzwL+H931fTI2/mgvrztRUZvhOhWawteei5U2QTfAwO1uisedGi1KO2AlC2O4IS/1uXGPG/HGg==
- highcharts/12.1.0/es-modules/Data/Converters/GoogleSheetsConverter.js: sha512-WPovDM8EilDuiiDDtHcLc+csKYVj7HltYO1uWw3OB84S/38MliXqF20YZZOu45+7OQvKD3InZtFkyB1fMwvCKQ==
- highcharts/12.1.0/es-modules/Extensions/Sonification/SonificationTimeline.js: sha512-8Am8ehDWoGN+Ho9xqvq6rrN4ZUObUZlKhvYSvnfrGX6h5tZGSztUxUg8Vx1I/so38VyAr7Fpw1AcvU9WS810cg==
- highcharts/12.1.0/es-modules/Extensions/Drilldown/DrilldownSeries.js: sha512-WdRDHppVn3UHaBUXkjhUFmvZeOIs2iYLEzGAmXBC/cPNTg8IuT7XMuXOHiK8i75K3T99mAkX0xUgaHpRwxJFCQ==
- highcharts/12.1.0/es-modules/Series/SeriesOnPointComposition.js: sha512-qvj2HaOAAUBhXH92mliOul/zdrZaM4snMrHKP/AeaDsAmfl0DJPMAL9aPqHRhcj5FChP5h66e6ma75I5fYmfNQ==
- highcharts/12.1.0/es-modules/Series/Variwide/VariwideSeriesDefaults.min.js: sha512-CidfpOBAIvFlwOrEJfKTbQShY/ogXLAe8If+sbADcKEx0j/dyuXywhXEsqu8RpDLXseGzbXP4qo4SlQk5tAuYA==
- highcharts/12.1.0/modules/mouse-wheel-zoom.js: sha512-bbkxEDt/waP7vuVswEit4AMlER2Vbiv5XZ3cmGSybrnef1xTg6kTAyHKV7gLGJAVTdYAGE7tUcWUHmAGDxqG2A==
- highcharts/12.1.0/es-modules/Series/Line/LineSeries.min.js: sha512-sjNzwesK3MCroXxuU3K2Kkx9i/TyWZ/KMnli6o4BsSDSPYhZQVEXU0inq0wQoqLEgG5SExs01nH969w3dQxXkw==
- highcharts/12.1.0/es-modules/masters/modules/flowmap.src.min.js: sha512-yz+oTApQ34bhJxhywujSGYP2cvtS0ju2C3Jd2uvLeKjRKzdcAsHQW4dgJrvX2MES/MIqPZ1+mi1vDf+4WiBY4w==
- highcharts/12.1.0/indicators/ema.src.js: sha512-iqWOFzcwrMgvZ7bckZ+vtFCE7lJMrvWQv1YNwkn0wgRlzNAfDmeXzN6U1aB+J+eiH4z/YCTyFYHbjWE5vgeeLw==
- highcharts/12.1.0/modules/drag-panes.min.js: sha512-FI+7p1wCyzcDKg29bPZ8ElEAeUvTMnGtHh8ZhIDXfltu78Es9t2jiq5/Ky55vUi/Smb77qkDYCVLAFWDA/uhaQ==
- highcharts/12.1.0/themes/sunset.js: sha512-kGgXWDGw9hbWyWLtsYTW07aa7qVlLALU7OjjugCzTaWUYDZL5O7ui+ZifDOdE4PYThRkoWXvWbipmI5ZGUkDzw==
- highcharts/12.1.0/es-modules/Series/HeikinAshi/HeikinAshiSeriesDefaults.js: sha512-omaXmR6b2YS8V1ciKj0LQPFoSqJc9GliBU24k4sx0bqA3O2rYGrCBooLBEExMgshuWnEONacqIOzncbRdCMePA==
- highcharts/12.1.0/es-modules/Series/PointAndFigure/PointAndFigureSymbols.js: sha512-VidlDh+AW/PEHdjJVEOkuqoAPeW3SBn/K7sU8ZbuSn/5UAjBk9f6Dt5CalsSHzTM6DvzmX5a0EWw1f9stPPl+Q==
- highcharts/12.1.0/es-modules/masters/modules/data-tools.src.js: sha512-FuMnxE4Flf/QFRXWpob1nASpWAG96/mKMom90PsoHsPRjRdDG+54SEWmhmcQdFtZdCIH88Cn431YXKGPIEaWwQ==
- highcharts/12.1.0/modules/debugger.src.min.js: sha512-w6V1iBI1zkdSPs0LxeXphPc8147algvrHj/yiLydO0G5wngglGTLNlbaKUqhT6d7Up+8FGISuKJUoC9SJ3yIdQ==
- highcharts/12.1.0/es-modules/Series/MapBubble/MapBubblePoint.js: sha512-Bj5bfcpBmuKE0KkS1tQJmWLnWSbNQPpnGibCtRMdaj8zjwU61xNFX5ZxcmnkE4KQSfvccnC30Flg8lri+XLfzw==
- highcharts/12.1.0/es-modules/Stock/Indicators/Aroon/AroonIndicator.js: sha512-piFK87B6ehA62/936Sch9p/a3vF5Kux/etAzbl2eF/2jjNo2ck+7RpGB+jZYNw6JS2WhZp5XRO+Fdvp1mHuBtA==
- highcharts/12.1.0/indicators/wma.js: sha512-ggeVQ/N/62zyo3fRZt1rygNTY3Ldnp+SWMJl6XpywUyXe6u2/IAtBtMorMg8z8tmiEUqUTEP+RIbOBV9NytRnQ==
- highcharts/12.1.0/es-modules/Data/Formula/Functions/ISNA.js: sha512-ZeHvYqOeiiHHU2hSI/uTXA+igEeXCvD5lZUktE7pzMedc4XmQcoFGE6H0ettYwL3zMSTRJOHnz85GoTB6EnlKw==
- highcharts/12.1.0/es-modules/Extensions/DraggablePoints/DragDropDefaults.min.js: sha512-YDupylVOtLttnypSTt99p2ztPY1HMTAkC03DJ5ttP+89C8zjUT7QPgx0ViVLhJAdStcFSh7c7FTcruuRjly0bg==
- highcharts/12.1.0/es-modules/Extensions/Exporting/ExportingSymbols.min.js: sha512-yjyVAyXrQ8NLuAtmWMTpcG8iaJouykijqj3Hr7eAQI0oUscoE/E586v1vxFqHzpzD522riI42sKQLgX/yQflOw==
- highcharts/12.1.0/es-modules/Series/DotPlot/DotPlotSeries.js: sha512-EWLzFzRAOxlKed8okwB2lACAR+67ftYE0Ilq1bhH8L0etbq50gvN+7hS8uruDqz5AdHsP9/nOO2IJNQgdafcbw==
- highcharts/12.1.0/es-modules/Data/Formula/FormulaParser.min.js: sha512-uwNOJ7wCEwuiHOyO7X77e3qJZRmiSa158GKzV/EhpJWp0+NEtzGSUlpoAaojNl6+c+yfclRI/LomeFVORyHdnw==
- highcharts/12.1.0/es-modules/masters/indicators/cci.src.js: sha512-eXdD3bU5Y4PhB/Pf9WqHAlqIDEsM1nhWZmhOD4HCDeAvcKDnCjal93r6zj6P3L8Ed2ijIvIC5WUX6ibn6JUDgA==
- highcharts/12.1.0/es-modules/masters/indicators/mfi.src.min.js: sha512-EEvIMHYO5UXG2IgIdYy7ohf6ffg00jR8gQSE7S77EcID3EAZMKi7mz5+pavHl+v7pMwt/xYpE0IO5N/ZYjMZjw==
- highcharts/12.1.0/lib/svg2pdf.src.js: sha512-E6hkLi75LeWIyOx3ynV7ZBaC/IbgrSS2TLATuOGTfDURFQ/NEjMfsciQDrQ4yV41w0LNZlaMXjiI8ZowXdfo0Q==
- highcharts/12.1.0/es-modules/Extensions/DraggablePoints/DraggablePoints.min.js: sha512-iOK1MOlUdXGBQktT95KfPBrH6fYRKGUC43CCOzmRoghsOmqzqOg5VQYgp60PCgL8BfHOYZ5y4mw6f7hfGNH6LA==
- highcharts/12.1.0/es-modules/Series/HollowCandlestick/HollowCandlestickSeries.js: sha512-w36jjWEvDZvNNkGOUPX4VKdfoFY7SSE/o3qPgRW8+9jzqHzSgCMypcYjn00D44Fo7c48OXQn4fwTIFu64Z4P7g==
- highcharts/12.1.0/es-modules/Series/XRange/XRangeSeries.min.js: sha512-107CdXk6WNvnPT+xWUhICPWAijEV9Vc16aPw/Xn8Htih6M3Jip4/7e0r6n81pmd/dbaBd3NXc8tjg8Y1nn97kw==
- highcharts/12.1.0/es-modules/Core/Templating.min.js: sha512-7ICtRACZYUbG4eSipb2Bb0ImGJoJxUjH3/oteG+gEzn85TeBV7sfLbrkLqtogkvQHVj7nbScQGPmdO1MCuYOfw==
- highcharts/12.1.0/es-modules/Series/ArcDiagram/ArcDiagramPoint.js: sha512-/6BPzoLZPMxWS0Tdsd7DoNeITxHbX9XBG9Pt+RaqRxqLv3FYr4rlmz2ceoycKwXOhj+CPULt7AAo83YuVWotQg==
- highcharts/12.1.0/modules/pathfinder.js: sha512-Pj7xUCnGeaPhuzj8a8XS6Y229/T4chxOBgoHC3INMH7mcb/BMpN7iMB3mel9KQFME0sZW/yWsNlQ5KO93ylmKg==
- highcharts/12.1.0/es-modules/Data/Converters/HTMLTableConverter.min.js: sha512-Jdd1yz8+oV0HaKtkUwNggoFSnfgpoIqlgywr4bBhKI+4iIjyZlyaSQtqR97gG+gXK/H3tBgsfx+AZmIhSOHiuA==
- highcharts/12.1.0/es-modules/masters/modules/heikinashi.src.js: sha512-cPkKnIfZLwuwbyXkuSGqZS/OPAvJKWhRZ7cZIS8VAqIYosgahZPg6dGL3OPanPI6m9rSSFZxz3dGf7zVh0cF8A==
- highcharts/12.1.0/modules/tiledwebmap.src.js: sha512-qLdkhRIhVH4I+FVwx56SwxdNJRmVOmReG6nsHxVccv6x/NoEccHGPWSu/HgHrj3/yE+4/GeE4X4TiIm9nPNueA==
- highcharts/12.1.0/modules/pictorial.js: sha512-aOmKVxDOh2i/S81Quu/u/FtQlWF6pmlpxul+nai4oAURig6uOeIvI7aE5i5CaZOIFSFCjv9uM2Rw8iPVTqMbAg==
- highcharts/12.1.0/es-modules/Extensions/Breadcrumbs/Breadcrumbs.js: sha512-+XxREG0093fuXHFS0TgCQj4PBsR1FIfy5y/XOVCuhNOzIBnB+/pNyNnDjrj4aBYqpCClJh3Io6xefSkXqyIBzQ==
- highcharts/12.1.0/es-modules/Series/Dumbbell/DumbbellPoint.min.js: sha512-rh2gAl8fXgCnhg2hulNbf+24X2b/zoTQ8dk7VMCJrEuCmU8HtejIIUd1RFCe7gGjUu2sgxQCZ0Klhd0zvLPsrA==
- highcharts/12.1.0/es-modules/masters/themes/dark-unica.src.js: sha512-8VPDDnnWFWY4lJqP/PwNjo9LEH2+rSp3gOcYtDFy46jGe2qVtfrA8RSuQikMcZk4/z/Cj07bCGxl+0afN2+Fsg==
- highcharts/12.1.0/indicators/stochastic.min.js: sha512-yW/ep33IphTCFp3C6bNveD9NJYpbGui2OA/efOnKoYRmmRsDf+o206jt5PxBdvTcTcf8YgnpKhRJ2JsJcD1WZw==
- highcharts/12.1.0/css/themes/dark-unica.css: sha512-5SY+lX2ZOPvC6hCv/PGLuJF6oJ0L+b0L8neRI0NOIAPrGcPSzdodfrSh+/uh7DNLv8J92VBGoHBb1Wdr32NQOQ==
- highcharts/12.1.0/es-modules/Extensions/Annotations/Types/Pitchfork.js: sha512-EXXhkFLRwIvx4ESjhCC8wf51mM0AUeOsZ3Ufb84WmP3FaD4Ed9A4URlkHsSKnj10Us5LuMQjxBiAOkNH/U3VPQ==
- highcharts/12.1.0/indicators/pivot-points.src.min.js: sha512-06/Oud1YnCW0+1HyUI9p2dThevq4TNYkMEZGpnCjaesB/11k0xGUuEW6gX9J5rZ1ccHx5Ux3KrlpMGMPcrUiQQ==
- highcharts/12.1.0/es-modules/masters/themes/high-contrast-dark.src.js: sha512-L4RNC5KHQiOM+qzs3BL6OhvAh42T8/keGrXXgrH6/26J9YXh8Vmqb75T3lJe22Njs/4yX/WrZUbOA3GjvoOHNw==
- highcharts/12.1.0/es-modules/Extensions/StaticScale.min.js: sha512-tNqsWEf+F1g2rO2dxT9goHvHfjZTTu43PL67sTEt8mBBnM8YYGn0SaIbQinNQ+0+ZHFkV72CzH43wIJrJJF2IQ==
- highcharts/12.1.0/es-modules/Series/Networkgraph/ReingoldFruchtermanLayout.js: sha512-+6WWTh4eUNJzENcmOSz8MH4PdVfcRW3v6gIqzvplE/lm80dIc8x1kiGo0UNHV3Jx/AaAPejv3aqyXdNrA+cIbw==
- highcharts/12.1.0/es-modules/Series/PathUtilities.js: sha512-YJP/RRhz0PMRMb5fdsN6f/Iju7nYKSfHPoApDHZUjbOSblFWkct5aDlyNATxW3wctCe2gzzIbu8lwQh6E0MBGw==
- highcharts/12.1.0/es-modules/Series/Treegraph/TreegraphSeriesDefaults.min.js: sha512-SKxM1TUdlmm0IAJuxIf17QKg9ub6w6/24hq2XK+fBkQrNI3D44Il7d+9RJWsjXoZpTfa2P+UMNR/torL4c/Irg==
- highcharts/12.1.0/es-modules/Core/Axis/ScrollbarAxis.js: sha512-7EUXPqQuCardpc7zmc/YPNzjNLYyEgcdRMjp2SYXukg1WMi8OMAkO7iXlnm5YYOPCL71TmjBe+Wo1WQ8WbSBFg==
- highcharts/12.1.0/modules/sunburst.js: sha512-mWukrn+Y1E2CHq+CMlvSYcpkO8H8nYhU+HAVs1RUE6JXed3gg9Nom/Eks819VEWbBO/4mFX9CXbT80aUfoW/PQ==
- highcharts/12.1.0/es-modules/Core/Chart/Chart3D.min.js: sha512-oqnUhCa0lPr95bQyrdO8VPlhZmgUUsZqA5Sf1rKQDBft9G0FzrxTrzBB+p2mhm3Z1JaHWBZIEw6KSQ5kpwEnEw==
- highcharts/12.1.0/es-modules/Series/DrawPointUtilities.min.js: sha512-wC3+qU7ulbV5QHGdq3spQ2lQC5ohflzwyBRyqKr0RDBtWoKFDoxULdgbaMYrylbhd2MA3C73gTY0xWZiXTcjrQ==
- highcharts/12.1.0/es-modules/masters/indicators/vwap.src.min.js: sha512-xskkBGAiJnW7ETgzpv+d5GX2GzN7J8oDwR6hwSS2H6U1Bk19efbdpegaAAvO41/KLgBWpGLy+mHl3J7FQikFBg==
- highcharts/12.1.0/modules/arc-diagram.min.js: sha512-JFB5TW3nS0izbwKupoSb34DBafqUAJzMbjkdOwHOaWfQzQQiwCj9HRVPpPE1um9oWAnsLGRFNzaHWG+K9bJJsg==
- highcharts/12.1.0/modules/series-on-point.src.js: sha512-2XJ5Exwft0gzNQ53F0aUfvbzrJAb+ZuTVZ/gnG97S71lb9mn0i9ReVZV1muCT1qUoGNakS2LcYg5aYFHeAIlog==
- highcharts/12.1.0/es-modules/Extensions/Annotations/NavigationBindingsDefaults.min.js: sha512-pYWw2FAsezj20wbZuwOyO7ZSIEtCvanjx/xN4pcvj9n7R8tRLg+WtmTm4aS/YiIZpR5m/Nk3uv30bep1JThRvw==
- highcharts/12.1.0/es-modules/masters/indicators/cmo.src.js: sha512-MhXH+zg8u+12jjQOn9dzcMIzWHO5zvtvc9P8AYlAthV2Ehw1AzJnRTlOpuWWSns6KnJhvz5d2dxGkiQhCmWs/w==
- highcharts/12.1.0/indicators/dpo.js: sha512-b4pprc3EKdBRkb9MAEQgZ/01709r+LNNZH2kppfuSIzaQsKSH7HruFRJySh2QV32a9PvCCxsSvagQ8583RC2Ew==
- highcharts/12.1.0/es-modules/Series/SolidGauge/SolidGaugeSeries.min.js: sha512-NVTpNNDfSPHtAcYcTNFzbjzAk9evfbjRHV1kE9FqiWnmn1X8qP8mg4JKip9d0mGehXOaqbY2mo1camVf0y4z0A==
- highcharts/12.1.0/es-modules/Shared/Types.js: sha512-cHyct1QYn7iuurvPDZUyQ23wS5YOMeTneHdbJe5+/y0HcDf6bc0fcrgIgo/rAdm7uFj/rQtE22CQ3Ehi9sUzJA==
- highcharts/12.1.0/es-modules/Stock/Indicators/LinearRegressionSlopes/LinearRegressionSlopesIndicator.js: sha512-Ztz7j6SPpcj9pIK7Pzdn8gzpBELfbGRbog//y+vuJ1nwadt/mkwwlxMfzk89mhF1KaW1ExbyDCa4GswOpnplwg==
- highcharts/12.1.0/es-modules/masters/modules/treemap.src.js: sha512-9QKDEwMLsuEfsumCuWFasSEinUNd5S3a/oeqVRf9k9IwuFdQNx9diTVqn4Vd54Spdg8iZAfb3/NMvbcGRpCqMg==
- highcharts/12.1.0/es-modules/Series/Dumbbell/DumbbellSeriesDefaults.min.js: sha512-wE/M6xjJ6LY6Zg2Cssmxs9GANuP2gJET3+g9JL+86oKeHKJ+GstRZfDJmyeF94O+cVWSqjHdlbXFdUJ5DnrOww==
- highcharts/12.1.0/es-modules/Series/Flags/FlagsPoint.js: sha512-g8u+jjIrij3BgAKbuVq1V3hHVgjt5ttl1FLuJxK+O5iwRSXZtySKu8dXXUcRtchz4XXHcP3/2FQC7vU28Qac6Q==
- highcharts/12.1.0/es-modules/Stock/Indicators/TrendLine/TrendLineIndicator.min.js: sha512-YyvgzH+8OeEo+6XlR0YU6IpQcccLNu7KfMVAJaOg/IOkA/orsZR0ibMANR1OECwev/LjXoOARXp5QhNsKkaucg==
- highcharts/12.1.0/es-modules/masters/highcharts.src.min.js: sha512-1ALv4bAb5fH5+6bUcf1bf6hNKqXGjy7tjmakmYJIGdREcW/n9vDAHf4Mhcjd4cTX7asvCup35rz5YZ7nZdRJ8w==
- highcharts/12.1.0/es-modules/Series/Sunburst/SunburstSeriesDefaults.min.js: sha512-TGVMLkloPW0lGfkKE3cHaJGD6slfzbuLu6eSkktvAAfYiqd8nHM0KH06oNsxkbz01sSh4aucLoiYBl0E1Yfryw==
- highcharts/12.1.0/es-modules/masters/modules/static-scale.src.min.js: sha512-dgc3GerTYsJVFqq31IMVZm7lPB64cwKIi3b5fyqLjJqV9lfnzK1CAzkKzfQu5OIC5EG9iJL1OGPuhhwhh7TCDg==
- highcharts/12.1.0/modules/coloraxis.src.js: sha512-BVfmSpQPLZmOVvOyJXALooNmlSeMr+kbsUHDxKQJpoIomBy2Hpx/DKlX52AXRTpPiATYt7MtMUOxAKSvBjiq6Q==
- highcharts/12.1.0/modules/flowmap.src.js: sha512-ki76bhc5KNgoBvVQKoITMNi2R9gNFHFxYhIyjhhu/rrexNVZW+PyceerJXcSKFWegQJw0M9BgHeEdNDHDux1MA==
- highcharts/12.1.0/es-modules/Data/Converters/JSONConverter.min.js: sha512-lXaL7otrNUtT56j07Da3CUGfs6ci6pC2s5fRBq3smiYfOMf7yLwMRpDZNq11tXgR1YY2z/+eXcUu7o8gZfHdCg==
- highcharts/12.1.0/es-modules/Extensions/Sonification/SynthPatch.js: sha512-EaSAnYOQOYVBT5WrjeloXqFl5MZMFLx8CYdt/vqEFRq+zu1qB6lE/Gr+iknEWWopaE7LGuTuCubMqaPZvtNVug==
- highcharts/12.1.0/es-modules/Series/Renko/RenkoSeries.min.js: sha512-wyfz03NK8y0KpyV278p5UemNRQ/SC+IMTK+1uS7XzOC3yYH4RX2rHDMCpr3p82pB4aZHlmEJHYvBWOZtbfFnOA==
- highcharts/12.1.0/es-modules/masters/indicators/trendline.src.min.js: sha512-BT1cHfYegKQxBsdaWAxZP/Z6ZLUAnUtmmZtNze5/w7A+Iuvj59aZYHNNSm+Y5plNI2U61bgk/5W++6bpT/QXdw==
- highcharts/12.1.0/es-modules/Series/ArcDiagram/ArcDiagramSeries.min.js: sha512-j8+YgO8RP9nn6EobCqyIvJQ6PT7q9vElBskylVJ3xMHVmbIbvnyVf9oQ7N0p+tSvlajAEiaxc1R5U9SaNppSMQ==
- highcharts/12.1.0/es-modules/Series/Funnel3D/SVGElement3DFunnel.min.js: sha512-gFbwpY9AOcOT0AfMQlG1zs/mAhiiSCwDHtlLLXtUe/zjSFgzKV8FC2MLeOltIMqipV0Q13c4M3zwVeCme5IjIw==
- highcharts/12.1.0/indicators/natr.js: sha512-nf82FjDJpEyuVoQh+u75JnbvC2FpbKY0GxGKRX/qcoPcDF/DEsLZl61W5SkzL9dNP4vikI089McNJ+PtlMRCkQ==
- highcharts/12.1.0/modules/boost-canvas.min.js: sha512-OikGYEDX0QJS5wtw+9KJVJo61gVmHnad1BZtofJ4eK7kPmvseY6EnFhvv1/G2EyjPCHT73q+YM8qoTzNyIsDhw==
- highcharts/12.1.0/es-modules/Gantt/PathfinderComposition.js: sha512-4az8mCVgYMV7oaYmx3yivLb6oYvszv1RkyOSKS0kea61ILtUNK7gJskMRPkeqXJEtq+CwG7s7+hBY/BwEEBoeg==
- highcharts/12.1.0/es-modules/masters/indicators/volume-by-price.src.js: sha512-WpF7SIEMsWiMiSzN8ppZg7Y7eUPycaxU50IuPE854ojapUGxMD09eRr+t5Hs/XEAnlI1Yec2K9hntXfPLqpplg==
- highcharts/12.1.0/es-modules/masters/modules/wordcloud.src.min.js: sha512-I4QhmtFLhkNvj6C4+NIkKwXgdIFmWReNtcpo70njrv/RHz5C+ywBsaN68AoRPKOM9MeeWSn0HrfgPmApaIwC7g==
- highcharts/12.1.0/modules/bullet.js: sha512-EiWZxnr85wgwIoA05NREIzURziJUJBRSYVm9CthCzXvH1GAemcAjWYBN/AxFhUpAL7VlzSQyeXBXi2n2MD2RcQ==
- highcharts/12.1.0/modules/exporting.min.js: sha512-slLnZxd0grucFzMCGEufCVQXJdLgxGAf265UbPu3FQVMOSlRK/XMqXytw15yM2B3/uX8EZrq8zJX8FjjXmNdBw==
- highcharts/12.1.0/modules/grid-axis.js: sha512-HT1zdtgRYbm5JN9jckAL3r48TSb8xPxfNX/Wap2JbwaPjLB1PVq1S18zH6ICBHCn1tkskH+jBjA+6zIVoJWzVQ==
- highcharts/12.1.0/es-modules/Core/Axis/OrdinalAxis.min.js: sha512-2S+Sn86t/BfSZTCiTHtUvqJtUYoro7THCTT3qZJcpYju8GUlgAnwj0LWh70Zf1mFF3Ra4jIJmyCS85kdaOdJdg==
- highcharts/12.1.0/es-modules/Series/Bellcurve/BellcurveSeriesDefaults.js: sha512-KMRQUPibp+MA1G9aoQ5+EDJSIdXXScLmv7HAmt7XlQrB8vrSMRAdDM+HAV1b+P0ykJ8c/KrN5w0rnS6ddgrHwg==
- highcharts/12.1.0/es-modules/Series/SimulationSeriesUtilities.min.js: sha512-FJvw0vkz9xvW2Zw4PJQu02JX4jbzJkIJeInFR7aAvViJr5yNcRnv+hVVXKGeBMqTilA+Y9hLrMybQYSEN4N4Bw==
- highcharts/12.1.0/es-modules/masters/modules/histogram-bellcurve.src.min.js: sha512-BAj+dSAZ7q+Q/zjMsmlV0l7HG8Cz1DzuFrMTCnv/+VFONVPLrXlD5V6T2vIDLBHVzopEK7CCFqRid2BzXFlPug==
- highcharts/12.1.0/modules/histogram-bellcurve.src.min.js: sha512-Dbxf8Kg2mAXLho7XKlxunbBY/PbciFivtBBDZe5+isEc5PMMnPqd4/xEKB6krulj/VwuPI2n4LELlL8+HtG+Xg==
- highcharts/12.1.0/themes/brand-dark.src.min.js: sha512-J3d3yQ4Cb9neaeb/u14x5b+2UyWr+LyoPcmyPpE09+yx4DwUwyzXR2hvRPv/c4QlY5ffInHN9vG3sYNObckn4g==
- highcharts/12.1.0/es-modules/Series/Bullet/BulletSeriesDefaults.js: sha512-upQWMyE3x+H8ns1CU1U8kl2RCi1lPGokKBwlqV4i8Z1/7IdwGnqvi7aWvL15DfCwtvC310w+r2ctoE/pnaPRpQ==
- highcharts/12.1.0/es-modules/Series/Venn/VennUtils.min.js: sha512-XSGFU0D8+hH1Lvb6N/qh9MmbOdRkgGtmzqk7vJG75fr8Gy4tO0AbUVbbZidEBRiP88l7FcmPZ1tUl2RlAkA2RA==
- highcharts/12.1.0/es-modules/Core/Renderer/SVG/SVGLabel.js: sha512-ShgwsDc/Gdylcq/MgpYszwLb7sSxPmos3yEpH1IZCPY3kJUmHjwrvKucsYVE5ieAxGPT7CRP6vBks8d7CRYM3w==
- highcharts/12.1.0/es-modules/Extensions/Annotations/MockPoint.js: sha512-rkLG5i6xrh5CCMFQflUOTgrcCHRhTKlVEhbs9TQpbMWNixOF4lCS/viJo737LBfrUW6FLE9qbBi2Ll37wOFaDQ==
- highcharts/12.1.0/es-modules/Extensions/Sonification/MIDI.js: sha512-+qnM2gnmzoNKYw1SJ0I9vV40bNRt+NNULlEmOSTU/ukwSZ9RPZwkJ9Jhp6XGDjIjFk2Bq1dvD/Sb5gOhOFtDaw==
- highcharts/12.1.0/es-modules/Maps/MapViewDefaults.min.js: sha512-2Wb1qxSNQ9SDDGkCVH4A0bDlb1vnPPvcaF9jMJIhRJe3YqaoILbbQXhl8P0CtBVXx01o7BvfBOTARVILGcGvhQ==
- highcharts/12.1.0/es-modules/Extensions/DraggablePoints/DraggableChart.js: sha512-k6IOUBqqhyFmFW1e0ndAUcOdH+Trr4zZbaUaDUgwbZDQV4JdIMKcTpIknQS0gJl0vFiSYaouLIW1yrKOkkPYLQ==
- highcharts/12.1.0/es-modules/Stock/Indicators/PivotPoints/PivotPointsPoint.min.js: sha512-bCXqTqMpI1uAB7kQmcQ8j/Go+CXRjJIc1fOmJDRE5GYLAu8W5OYozeICPxKicT2U7abS4OmoJNd3/DMKqijx6w==
- highcharts/12.1.0/modules/xrange.js: sha512-ds4bqjDPqM0wL59kLLSb9G3v/8sVCuGw0HYzJjkbI+2eeXixuoqhsPEZsYE0idzN8FY+O3bfoUgwBEoB89JYrg==
- highcharts/12.1.0/modules/drag-panes.js: sha512-ZNwhgX1mp0nui2jH9JvdzT6Y2+sHF3s8HmXgslTRFYmP5oxaeTPosLNzzgUEooGymOsP4LTJi2+3oOkjsWkbHw==
- highcharts/12.1.0/es-modules/Data/Modifiers/DataModifier.min.js: sha512-wCgdhZoUsch7/DR8V4ano/rYoq8lrXCaPjbZryveXqe0H9Lg+rEa8HR8vBrXzAQJ98kB1uH1lMYJJk/YdMzpoQ==
- highcharts/12.1.0/es-modules/Extensions/Themes/Skies.min.js: sha512-pqn71APzLmsgs9kydQHSiKRg8jafn4bZk8oQzhP9EL8sFtTUHI+tvOcw0Sqb2S0TcuLvAP0h6LudAG1G+yzVxQ==
- highcharts/12.1.0/es-modules/Maps/TilesProviders/TilesProviderRegistry.min.js: sha512-6MuRayJoWu+qZMMjAhz279CxdNCm/zKTOm02xLDFfmHbuR0gqj/5OsArYm14oGxJYN4/Iq0meq9IXJ/isASLBA==
- highcharts/12.1.0/es-modules/masters/modules/pictorial.src.js: sha512-5FXJ6DJAYZxqdS4Lwy+Cz3ZvpPglKXBn62WygNnnWsc/ABPcxPc+/UMvW3bH7MKDjRP7jjS+RWxXpDak0hRekw==
- highcharts/12.1.0/es-modules/masters/themes/brand-dark.src.js: sha512-UeIlYzB7cZAnopVbGeUEX1wJaInotkIBTtjb6R8rVJH12YIxur1deAgVtdmNMwyFYAiGkFUJmiCoMzptezcZSQ==
- highcharts/12.1.0/modules/sankey.js: sha512-zdIbRnvVZgCRgfgyrqZpyy4PnmK2kMvEwRo2cTcb5qkK6sfd0nMjsSCIA5Me9KcByu3H0nOEjXqTdLWfhWCUAg==
- highcharts/12.1.0/es-modules/Core/Utilities.js: sha512-2EXH/6crVEbol+HTDISGON2TnIl3UODhrw4PU4yU6dF3i4VDnUOTo4Tb2a1VRd4gxm6eST1CLWsuqjUumYJEeg==
- highcharts/12.1.0/es-modules/Extensions/MarkerClusters/MarkerClusterDebugging.js: sha512-Tke8LAEIo9vA5c3ySBT3vkITwtTXYXt5x4LGLb7q3Ko8C5QGTP/GFrKLBOrFtR+UFUxk1IodVUwSu/dIajU5Yw==
- highcharts/12.1.0/es-modules/masters/indicators/macd.src.min.js: sha512-G0LkKWffvad1xQl6qAtXIxvdYgQV6Wl3iI6Y/3HCCryt74B75xgEfLX2ze5ZObd7m/pcpogIDMurTqH2dK5hxQ==
- highcharts/12.1.0/es-modules/masters/modules/textpath.src.min.js: sha512-ZoaoDnvQm9cagJjxGyu49LdXj+dMuveqoC0KfNQkXtnKJY+WlHe3k91BjOM9++FWm7WZTf6/ooMvPgywxozugQ==
- highcharts/12.1.0/themes/sunset.min.js: sha512-4FiwIMuGp9GKp6G4Sod/dnNjbhMqevbDlG4d2OZjkZ/TlJZQmCOOW7iZqsZq+uBWZYEYTNqObGFR+iNxnx6lYg==
- highcharts/12.1.0/es-modules/Accessibility/Components/SeriesComponent/SeriesDescriber.min.js: sha512-7/eAsEcpSSoWVQVQiIMbDB3pHMVyRV2yKoDqQRpksfOW2Y4etXeNUTebMYh8yAksDWj6SBTqWykwtHjm/eEO5Q==
- highcharts/12.1.0/es-modules/Data/Formula/Functions/COUNT.js: sha512-BI7xOdd86AoCFWl6lJXCUxadNcF+ddUeXPAJ/8jQUPq9oGGWJ8pCJxeP6Qu+RJfe2hJKAuBEEI4VD9670kA4Rg==
- highcharts/12.1.0/es-modules/Extensions/Sonification/Options.js: sha512-oS4ou2LANkWtdXwW1EYfWkargJbZKJDnscJA8xbke/i/11x7jOAiuKMlGyrBxSbA/C9HiQ4NkmS23S5Vz5+cjA==
- highcharts/12.1.0/es-modules/masters/indicators/momentum.src.js: sha512-+GhS7tmhsHr1Yta8iGRej/k1JvcgkrrSeHXf/4za77vTWzwutUZ3dnw/0kF8TAezkRaxQ2U7Io7TH66nO6O9RQ==
- highcharts/12.1.0/modules/data.min.js: sha512-5QpKwN1wJdozKidapaEyXeP7nFjgxTTOQfF4G+ZUnn9zpoOl4Pai3NmoknN1LinyZkb1HS0K7W4GQ4jxZcPOxw==
- highcharts/12.1.0/modules/treemap.min.js: sha512-jcqV0K0WenWIBwA+dR7uu146X3NxpOPHmk8BnPLgXwxsV+GXbKonZB5Hm33XaVRCWmxj1DL4Cr0UpTUYH4sulg==
- highcharts/12.1.0/es-modules/Core/Defaults.js: sha512-MGmFcumd6RYB+OIkJcPh6h3g4OuRoDfcjWKwR81+NOi6NqBQlntMKjqO8P0Lso//a1+0acpHUxrwIrtCowf/XQ==
- highcharts/12.1.0/es-modules/Extensions/MarkerClusters/MarkerClusters.min.js: sha512-YYVQ8iwK83hLwG135S5CNWeb0sKnA0zt9SMEnX0Af8MG4YJh3TRt5NNU0XIPjnpqmKgu+5uWlxQrMLDzTluylw==
- highcharts/12.1.0/es-modules/masters/indicators/zigzag.src.js: sha512-wJ+mEeSVcG73ooR2KRIVszU9OZqsPTxH8X+2oKo3PHcUUqkGz1ikvsAslfY+mZXKrELqILOfa0bo/jGqvJLWHg==
- highcharts/12.1.0/indicators/ichimoku-kinko-hyo.js: sha512-phfOVn3eZRNB3ZfgmvHnayklLjPVIL0hRnmKAIdZ71+0Mhj8dncS8h5n9nPfpxrkI3YtYMmdWyNAmbBS9AZTEw==
- highcharts/12.1.0/es-modules/masters/modules/series-on-point.src.js: sha512-TL8ktkJS5YiKQ6Y6OvnSH5XagxMCTn33lZ7L3nHJr6IcXb8sh4G/Q6pf0f2WJhU9UvYzMtyJ4aVwtbA5MTaMkg==
- highcharts/12.1.0/indicators/momentum.src.min.js: sha512-RHutAYS4MwTJgkbhpCf//Uq9JEeVPmNQvlSFNhOC+hPyWJITOIbQ3moj4qcsiWArZsB/fwMu1Xn6FyE2gDyVBA==
- highcharts/12.1.0/css/themes/dark-unica.min.css: sha512-WRjknc3pgkJg2QKhS9GlMBGvG5l7T3WtsrbRWi+EeBI2hF0atBLH9eYf2fYKLTihYuzmJRLpXGEmYPkYfA5kAQ==
- highcharts/12.1.0/es-modules/Extensions/DataGrouping/ApproximationDefaults.min.js: sha512-5rz4bBVZgD3rouuvdpMDT/S74azkOoR0t9mIDykow+fifRwc+HvvgBsbhkAR2QVrvMryoXzyJB7xMvEWhTuyig==
- highcharts/12.1.0/es-modules/Maps/TilesProviders/OpenStreetMap.js: sha512-aQzhMMiTQy60aRk0eBTjsOSVDUOpvpFQvJpieFqvrrphcNytenGPg9T58pzobICagCZwVUEwEXZpfLeXsgZ14Q==
- highcharts/12.1.0/es-modules/Series/GeoHeatmap/GeoHeatmapPoint.js: sha512-dz7dRD9f5H+6dcCAk4FvC+QpGI+Y8jwxSreET5k0KNs3dhRbzngK4dD+ZB3VPmlKHmsyb3q2E4/V636gxFcwaA==
- highcharts/12.1.0/es-modules/Extensions/Debugger/ErrorMessages.min.js: sha512-ibSViU4tR2PoMopqKotXf+uOd5yqscjWRkJdR42lb2kmeyAhw5uhcgWB1QD+Ph+cgLxeOP8oRCDv715UJJUK7A==
- highcharts/12.1.0/es-modules/Series/DataModifyComposition.js: sha512-9RNGI5nPb+GSJQ4G7hOqF15yQstt6Hds9Rb2oY9S9R+3N6FB8KIg2DIUvEJlrTRt+xiUB/OZUrXCaSIUKQ2nfA==
- highcharts/12.1.0/es-modules/masters/modules/pointandfigure.src.min.js: sha512-bjFCOYiLWF/ecjZ3cgzHDKP/qleRf9uvAj6y3fhEXdY+t+Wsds+3rdycglYMhVXgzokgJ4/Hl4iA9lG/txmq9w==
- highcharts/12.1.0/indicators/volume-by-price.src.min.js: sha512-5o2bI4blF9aexrTSsDlE7fNHe3YPx7uYBgfxJTLtBfN02HxefQ/gNaKcmyMRkI414skgLkbxOo6P1gRnprMAKw==
- highcharts/12.1.0/es-modules/Series/Polygon/PolygonSeriesDefaults.js: sha512-G9RfNQIeY68+z5R7e02HE7aROee6620ZJAlS0OJyCa7ks2vvJk+NNgPg1939ej1tu4pPmIppgY2+5oa8/t6ghg==
- highcharts/12.1.0/modules/navigator.js: sha512-e/Q5jDhd8J7LXOkBE51pad9VUaiF7+iHPDUjAyAoG2UtCgKjvGT1DEUle/doPIILdKVDraNRoGRwoG1uBu/snw==
- highcharts/12.1.0/modules/no-data-to-display.min.js: sha512-HHYGF3/k1bqRlk/FHqOLSiQB+ziSwv/VHeto4vVrqF4I6tmDZqPN6q22DCUIs8DUx3JtM1XgjnHIRFTwX5jddw==
- highcharts/12.1.0/es-modules/Series/Waterfall/WaterfallSeries.js: sha512-rtTRidPwVRbxP1g+/qc47MC3si0b8k5O28jqivyAWTQia8+DEtsTVuem0VbIn7yftZ4Ex52GfUtdUzDmOCHm3A==
- highcharts/12.1.0/es-modules/Stock/Indicators/KeltnerChannels/KeltnerChannelsIndicator.min.js: sha512-ORtXbsnw7JY6YxlsU4acW1KC+7TbnP5EkxWWJvG44drfr1ywzSpoyMez7QXAMt/aplrbdpewmZjGRH3TAMQQNQ==
- highcharts/12.1.0/es-modules/masters/modules/data.src.js: sha512-bFydAuadzZlWkKudzsUthMIsEWEM1B2edZLJTCLYyzMHFQsJlsxkbLA34lPQOLfIK3BLJ/d4OQj5T7pEKUzFPw==
- highcharts/12.1.0/indicators/tema.src.js: sha512-ivNp6pLkqjPEWYss25TWr0FPRMa0dZ4V9i3ka916ZkdtG0//83sKxQxi+c6KkhUQRLFe1hIgRXYfb5ZVjuO1mg==
- highcharts/12.1.0/es-modules/Series/SolidGauge/SolidGaugeSeries.js: sha512-J4Uqp+ZZ5d7fr7UJ8X3sto/MMAOpS5DjHVEbRHgtUgdkdpS/xCwUVtXjFWucSZXtraUVnYzHm4Zm+okCK+cjTQ==
- highcharts/12.1.0/es-modules/masters/themes/skies.src.js: sha512-pzdkNpCSd+QLObO4C7oTxica+gDhUj30tFpskrnOgBCQCIIaacbnKyxI0G9peZlSatO46TVUxg7/G9nwE0iS0Q==
- highcharts/12.1.0/modules/flowmap.src.min.js: sha512-5xwQ5g5AjAPkSPWUHzhFAJCcWbAGZFNQteHtBfwpnI4i2w4PburgXDbP/XvbxMGhffkBpCnlbY2vMapXHPyf6Q==
- highcharts/12.1.0/css/annotations/popup.min.css: sha512-3qr6mt+RbkxZ/01SggTyhZkA9lC+5udcbA2CVoSrkvsQTRIoZmEanj3kciq8SRMkjN0iqdnqQ2ciX/Nd55Fg4w==
- highcharts/12.1.0/es-modules/Data/DataPool.js: sha512-74gRAheMiY4IYMhk8KMjtgYyR/KI/eDbWXLUZYQEfoOLEat4h9egGBhO7roDtskQ1Qd35z8ftRlaZVGvFVuhIQ==
- highcharts/12.1.0/es-modules/Extensions/ArrowSymbols.min.js: sha512-6BbCy6NdOFSMcd/pC8Ci31Ob9ieg8fYC6I7XcfOh6pKFMOSQHH3oGbS3PUIatLXLdhbkstcY/SV55ct9r7T/zQ==
- highcharts/12.1.0/es-modules/Extensions/DataGrouping/DataGrouping.js: sha512-8LUow5XdnMF/yFK42x1i2bPgmixz9C2uZW1bXB+9LrsEaVPsDwTaSDCokrlyfqynEryOuHBzF8Msi0f6pM4Tfw==
- highcharts/12.1.0/es-modules/Shared/BaseForm.js: sha512-c/MJx/LYjUXQL95G6YDm5+bh2Y9/EYCqhGDj77UClormL/8MU5r69nq3VLYGywUWhLeckoGfi9GpTB2hThKGdQ==
- highcharts/12.1.0/es-modules/masters/indicators/trix.src.min.js: sha512-2jSpkdSyWrv85u/6OcpdF50c6c/+atq/1wBj9Xg8S9H8SLSdfBYQnkX37pUqK6KTgwa2zouFDOVB32oKPVJgQg==
- highcharts/12.1.0/modules/bullet.min.js: sha512-z9koSXOKAadHAZi68OcWdUSkqnl3zjRHMF7SYpVISpF6TNza+yCWiELokvW7/h4uW8jwEXBo9lZ0b8lgclIsZg==
- highcharts/12.1.0/modules/organization.js: sha512-bqKS8LFkkd9naro379I84pEVoOkT5n/bwdQeNAH4O1BVuIhmAI+9H4pATTkIrs/C10aMwlOTC7S/R+zEugjrRQ==
- highcharts/12.1.0/es-modules/Data/Modifiers/InvertModifier.js: sha512-oaz+wsA6NRmHWAUdsGd4Xzcapgffak79o/ZZHZ3tQcUrC8TrUzannNrhQKxqb5I1evKO1vbjem5lSHvp9jyTbA==
- highcharts/12.1.0/es-modules/Extensions/Sonification/SynthPatch.min.js: sha512-UDCjz5p1TuXazaQR7q0yj4lcGRMpqoGbDdrYvDB/o6zICDL8TCxBS9Tjgi/lDbWDWGXx9l44K6Wv3q96iX5puw==
- highcharts/12.1.0/es-modules/Series/DragNodesComposition.js: sha512-9mxOEE7ezQsInEYXFZuSuZWl6mdlYC/Cx7pb2VFYED7YiyYt0PSsdDu5QnXkfjtJ73eRU4c0np+ikEqOmEF86w==
- highcharts/12.1.0/es-modules/Series/HeikinAshi/HeikinAshiSeries.js: sha512-TuGDB3f2xZxb3MKKOaaVP4KgjcmN8h3vCaB/cZp3dlG58qLahCszJiGNSHmuLPOi7QkRWfeeUwEbyBP6CNJtdw==
- highcharts/12.1.0/themes/sand-signika.min.js: sha512-tPWzgUhvPVH1DfFLG3SXOQR9ZsWADsrt/Owi7W+WDLt0o8yhX5OY5kBZYJlgHkQ4K1GRuG/nvdP0Sh1grPcM5g==
- highcharts/12.1.0/es-modules/Series/HollowCandlestick/HollowCandlestickSeries.min.js: sha512-cTyH2cCEuFnTwz5RIzT6ukExfIMPCQkdElhO+Ad8fhQg3Xh44iyjF6yV4IWMul+OtOLcEKOl2JRyyvjwhN75wA==
- highcharts/12.1.0/indicators/ao.src.min.js: sha512-u3TVWbunbT/52bkk6a2MJc4MHtta+sSJ/0ST6o8CnWW0CEAZEdp8DrewszAv9t9uOb8Qchl6VXQaVv5NiZ+8qQ==
- highcharts/12.1.0/modules/stock.js: sha512-9cg1yOnoJjLsqphqNkBiFuMizV/rw6cxC06JBZabA1+dKtU6F6i5yD1Jv2bL7A7pgazXwMAUt6r44MY231BNvg==
- highcharts/12.1.0/themes/high-contrast-dark.min.js: sha512-oyUmaw1qRV4vE4oEgtfwBR0zDinDi/s8JgYY7Qx656auzkxR6z/dlKp1lpHtd6rBeSOmjsIroGNFDNvAcuupYw==
- highcharts/12.1.0/es-modules/Series/Streamgraph/StreamgraphSeriesDefaults.min.js: sha512-jEmnbleYkx5rbRHYiDUBCFagouasDAP2jXE0dNqgDNYX9kG8qH4Plys01hrmvfl/07Zh99cxgcxo/SKRpyQyFQ==
- highcharts/12.1.0/modules/navigator.min.js: sha512-jQQPNBpDNhnqAaPmp+KUlWXQCtf0k4RdRvug6Sk3eeFZ3sdyD4WWBCWqI+60pZcl7DR9nBoNtZUIO2s2cm2sGA==
- highcharts/12.1.0/es-modules/masters/modules/drilldown.src.min.js: sha512-yt79QGaF//HVDkyscFI8ARFZ1oXQnq7/4g57+DujWH60bWubgQvOZMqz1gSTczR+5pF62+fmdxG5AZMJzSYWdw==
- highcharts/12.1.0/indicators/ao.min.js: sha512-M4yGfWxrmF9FSWqTmimK4COlT5oMJX7YetpwmPGrwRYiyZUwj0Deuy7nSMZE2DEFzJKEICSDzveYLhLXJ0WwhQ==
- highcharts/12.1.0/indicators/regressions.src.js: sha512-tpUfJCeUD7FVpLnZX+N+mGZIIRgqQSsAeLiAWDQb/0vtsVIlddKswVQaBwtDspz7CzQ6aZyz17hxUTvyMl/1MA==
- highcharts/12.1.0/modules/coloraxis.js: sha512-f7SJNa3rxb1rB7N+zkD+zVCATvIIh54X7bTIbKRE5N7KqyiDAfoCeu6b/zEgIK6mVrukZnArP3yT/m+nMdGJgQ==
- highcharts/12.1.0/es-modules/Accessibility/Components/SeriesComponent/NewDataAnnouncer.min.js: sha512-/2qg1334POH4Cclb8p/HTkfyDACmb2+rM/slT5Cpxm4Khk98wgTEMNVQl7Hjt9paFZVJzkpMe0rWiMtHvjy6xg==
- highcharts/12.1.0/es-modules/Extensions/Boost/NamedColors.js: sha512-PtQWt45e86j7Sv1ozRciCYbTd3jJ2Wv6qT4KM2UOfl/lI9hzlaZmwmwEfFpY7NrKI29MoCg2mqQ60lLkoAcgKQ==
- highcharts/12.1.0/es-modules/Series/ColumnPyramid/ColumnPyramidSeries.min.js: sha512-uuRa4ONuaWK6iC5fq/5Wh2Lrl3DjpeO5RjWpLdTeFhe1vL9f96eH5PzsAF+DQ8p/0Iuufn/zojV1dpt7mDnUhg==
- highcharts/12.1.0/es-modules/Series/Pie/PiePoint.js: sha512-WV9+/9e6VrI2TeWOIemAmr6px7qONgXGGPF/lzDgrlpzmVYAPHj5GepJP3EyGKImya84rYnYanDUGMpeGxFaCw==
- highcharts/12.1.0/themes/dark-unica.src.js: sha512-XdfS5f5aKLkOfoh7l6+0ohY+Oj/PDzUrPfSWTHQI4xMp6IO04T+2R9gB2ayAZx0sHYwyhAX/7vSrXs/M8fPRyQ==
- highcharts/12.1.0/modules/data-tools.src.js: sha512-FARFF1Cd60tlRo0EUeqwRQEl16ci0JNSxEzEFp+s1eeH23QJtHyj1M12aT/UAzv9ep7O/vpKCVTxvlf63Ua2jg==
- highcharts/12.1.0/es-modules/Data/Modifiers/ChainModifier.min.js: sha512-1IPHmFmnerLEpuHmaLLST8aORI4Rkvip2FL8IdjDG2VyAG6CSMfBhkAWm0hiDaGgxNTNdnPijN+m82/t0VJ4+g==
- highcharts/12.1.0/es-modules/Series/Sunburst/SunburstSeries.min.js: sha512-HVgWdpVQ8R5zSF3hUZR3El+O7id9D9/ayskHtDvezygurN6gB0rO+dV5bx7tiogJumPvVW1BY87aGZ8cT8g46w==
- highcharts/12.1.0/indicators/stochastic.js: sha512-vgFjEgznajdNFoDCR87duliX1wUlzDKCCxvKnjDLU0BlGMymapPE0+8x6VrF+XyOKI/XENPaIrCDXHR63lkiEw==
- highcharts/12.1.0/indicators/supertrend.min.js: sha512-7TNGC3gttad7Y383l6GRPE5OPWnEVjmeLrwTLbsZGhV6mPijlmHppnirMCMGZHgQGhlZ2HwTMW5aPAFi0LdWXw==
- highcharts/12.1.0/es-modules/Accessibility/ProxyElement.js: sha512-DV82HHXpOtgdGOnpBW8a6hr0Yz351LSXEfEQpTJUm8Wv3cjplufmMYwZA8LOf7zroQX8b9hJ1RAAUUgWSMFhSQ==
- highcharts/12.1.0/es-modules/masters/indicators/tema.src.js: sha512-FddF7B41TnnoE6iWx2M3z8X6b2C9PKmC41YgHmykCp46d0P9ciN/++CpEYSeXitIdrKHwZb1/dRxMLf1AQr8GA==
- highcharts/12.1.0/indicators/aroon-oscillator.js: sha512-5jNyhRmg8QuTlvq4iBHzL7sTBxlJT6y+Z7Z6htYKoJqTG67jtAY9xOVTC3+n9ZpDYAHfNc5z2TkmHG4MBXBJBg==
- highcharts/12.1.0/es-modules/Gantt/Connection.min.js: sha512-wl/ay3lQM2SLjAmoZTdrZdPibTpriPtJQ+l1idazRhrpfO1GmRUfdQgMvEK3zhb6UxyoXTed/00f4+RcAfervg==
- highcharts/12.1.0/es-modules/masters/indicators/indicators-all.src.js: sha512-+vU6oDp1vwvctHQ54zvyAJh61Dkyie+cR6iO3+8XmwgSWlNYqRyW7wgOlXZbPD4T43miupeybVZYOuoJ6COD0A==
- highcharts/12.1.0/indicators/dema.min.js: sha512-qKd9URke/q1w51DK02h4tbQnNNfiL+ftDvFCp/KLw+IkzKe/bRNAeTKqmxw6GbgVa6zJfrbF9+UYGr3brm5kaQ==
- highcharts/12.1.0/themes/sand-signika.js: sha512-MvDti5aatTC0s9hwOvWUudiLvpJNM/NtEpiLUq5/VCyjzED9frUxs36MnBCXf4pHPxSgeAMDbfShXJERxHMNsA==
- highcharts/12.1.0/es-modules/Series/DrawPointUtilities.js: sha512-pV/sNNH304cLnDzDXWAH6GMuDqPmoWaM4S75gW30+NInRULNrBOwtdEXIh9inv/IhG3ZMSO8h5HB3A/SdVNkzw==
- highcharts/12.1.0/modules/vector.src.js: sha512-N3H+CkUMj1AlwSGFHYPsP2A1xxiCvqbL4uvxPn2eo8mPaEYDWzeum83c8RDX72nKPfEykY/+tbvxFD3A12TpWA==
- highcharts/12.1.0/es-modules/Extensions/Annotations/Controllables/ControllableLabel.js: sha512-7ZKO7NIKqNc+A7RsMOGKXQ2nPIkL52ksPJNh9rCOIRCnu1FOyFXBOW8BkSscngQoxCeXoVqajnVKYx1w12WTIQ==
- highcharts/12.1.0/es-modules/Series/Bubble/BubblePoint.js: sha512-dB7Zks9M1S9Dl3MBTHWhp+I36XcI0ljjxDVFahQiIn2qv0jXCfuoivpeQsRUj6rjECsEeEWdq1fao4nN1DaRfA==
- highcharts/12.1.0/es-modules/masters/indicators/ema.src.js: sha512-ZxC9WwSbIiaPcqPHvbia0N0mOOYJ+W3OO5pZZkYpd7vxHXBktYNYEdV4jM9We826r+K9p+1hC0iwr9F6+Ka5NA==
- highcharts/12.1.0/modules/bullet.src.min.js: sha512-A1mGqP6tVw0QB+CKWTT+ewX0j1HnbEw5BgHJIZQeOAGOZsjqe9k25CGeRso5p6lWqf6amdRi993/zU4ZdoDBvQ==
- highcharts/12.1.0/standalone-navigator.src.min.js: sha512-Ys64qGM6NHh8wWQN2lpQhaVLMy3KX+5/dgywUHLT6sEQ61EKme7KesgzvZ0WNIqGXA43uqCdPKoLwlJa1ZJG7A==
- highcharts/12.1.0/es-modules/Stock/Indicators/ArrayUtilities.min.js: sha512-oOmu2ER3dRrjw3R+ciFICxMyZ117rP73sqcjTKhNJY/FUpiYUb8y+ayBuZ1Y233qCx8Qz8BLfk9wtwd0eGHnsQ==
- highcharts/12.1.0/es-modules/Stock/Navigator/StandaloneNavigatorDefaults.min.js: sha512-Jd7FyvxWhsC6mtEiSsKXS0IkNox+vtKJ7QqM7nlfU4BHXiUksi00pJmCFN0RwQsSOvG+s+90P2r6bOA3fmYNxQ==
- highcharts/12.1.0/es-modules/masters/indicators/keltner-channels.src.js: sha512-dU1JM7nppKCWAjldqcb3baiTVdITBpWZ/Z/Yjm4ZpZ62xrPoiRR3CYwI66s+E5Xgzf5kjPVIcY8fDVmPTBcQiQ==
- highcharts/12.1.0/lib/jspdf.min.js: sha512-ZeQruy36ycb/zQWU7+rPAmQnRs1gZdSl1T8p2hDRRmxhjAE7jDwYh4z793+UJl49f5giYZdh8maAwp/jrCdzCA==
- highcharts/12.1.0/es-modules/Stock/RangeSelector/RangeSelectorDefaults.min.js: sha512-UrOQhL1tY6CehZ6535Ky7iG906CPvLy9LWcM9Eufk8au9BXd/8rwzaaTc1G4ljS2gUm4xtpMxQI5YQ8d53Xi6g==
- highcharts/12.1.0/es-modules/masters/indicators/ao.src.js: sha512-ZKOQvUtjTmZisvmkWnPWD6J+2FmVXnMjiWFqy3qyIczbgIg0pzKadEzErHCOGjyMyswX6YCG/4tkf9v0ycJ3cQ==
- highcharts/12.1.0/lib/svg2pdf.src.min.js: sha512-eJ8PuezoCxThgJDHwHq/Vqdi/FqOJQVqj6R5J9yNJRM9FvJQUcjdaFhMZdl9xtwjlxg/ljLuKFFsPbH5IedGHg==
- highcharts/12.1.0/themes/dark-unica.min.js: sha512-s67g9ilQIdMnfzrufua7V88LnAAD1/Gm0LeNsVV+1zlpHlmgU/bYQSRckxeTURBs92JfETZP5OTFlc4kou+ikA==
- highcharts/12.1.0/es-modules/Extensions/Themes/HighContrastLight.js: sha512-oYj3SY5EJe6+Z7IULKyQ/B3z48ig2jGwyOKzNy+bMrQP0OaBCutm5KPMC8zUkMK7Xj9shd1tbGcux26M9aVH1Q==
- highcharts/12.1.0/es-modules/Extensions/Themes/SandSignika.js: sha512-72TVa7nWXZf+PwwfY2qiygGhCLlsituqKztmu41uzwyyz8KI6zj7IPZMh2vnnZ4echmpBlf2yRDGdLg88TPNbg==
- highcharts/12.1.0/es-modules/Series/Sankey/SankeyColumnComposition.min.js: sha512-J+nc11HrjAbjRtHqN90lmmU+UT4mQtYKzovqQW7LEqtjVwAaTWIQd/Tcq/69ta6QKcR6X46Soo6JPU/GOY6k8g==
- highcharts/12.1.0/es-modules/Series/Waterfall/WaterfallSeriesDefaults.js: sha512-lSRcc6ifd/D7r8LmtfS/g2kjox16T30HHKqJaHVuodvGlBgoDbdTC4QFIOcs1iFfYf7nEYgzz53zgkuxkdLDMg==
- highcharts/12.1.0/es-modules/Data/Formula/FormulaProcessor.js: sha512-SPgQD+N/Vkh3Wa6sbiQq2Ea2KS3u+AmJMrQ26uIKhR2FU7JrhEOXc+MKVLQBP/JHwyk6ZWgzakE87rCLOs0rcQ==
- highcharts/12.1.0/es-modules/Extensions/Sonification/TimelineChannel.js: sha512-BwqV27V8PPn9M66AjvCmp445AfBkmFvzF2DHe4O5YNzOriAUEymb+MLAfkiUeisJgqo51bgzE8F3MMNhYrc0Lg==
- highcharts/12.1.0/es-modules/masters/modules/funnel.src.min.js: sha512-M90HQHJSmU3WsKCZ9/0QHhiVwPJnGc34BScABC7RVCWTPwIyPMQRHdZno+CkrL5LxpcZqVcxCSXHoLytPRUACw==
- highcharts/12.1.0/themes/grid.js: sha512-913ofj0aU7hq7HFi5zZj39xWPWAah/8DDyIEakp8G6gHkh5rbDw31Bux4jF+Xfx+03p+ORpzdETZo84DnVsN+Q==
- highcharts/12.1.0/es-modules/Stock/Indicators/MACD/MACDIndicator.min.js: sha512-bVrG2xKd0ZbKmSecfGpsPmtt8FHrepk6lv4c55sdzTkgBkTYFinYrFOqQHrnedDAg03igCD861ZDsUFLYxwnqw==
- highcharts/12.1.0/es-modules/masters/modules/export-data.src.js: sha512-k10WJM36goztp8NyxAIOuMqSQ2rRzP/EHA3+3RYKWPIPmfzbR24Tjb9eKofbQ3BrCaIlInsuxp7e1xdBfK2+BQ==
- highcharts/12.1.0/es-modules/Core/Geometry/CircleUtilities.js: sha512-tWx3QKxxQ6cFmuU7/M6QJ2u89d8BfW3NSAcNBjLtTW9REEA5vEAEmvJht1hXt3YllXoMLfB99ye9Fky9a1Nqaw==
- highcharts/12.1.0/es-modules/Extensions/Themes/Avocado.min.js: sha512-gjDhTp0MwH/ztnY8l3e8vdDVIuucf5JKZ2HmA9/RdsoCzW62BxOIoAl0DxSt3uQpB1iQRhrLlVFQMrIGoKbePw==
- highcharts/12.1.0/es-modules/Series/GeoHeatmap/GeoHeatmapSeriesOptions.min.js: sha512-z4PhNX7vuL3xVChQ1m2AB9Yg5AULVxXcg/SpIdNs6c5H0NE8XYXysP+DGNKHfuwvY7kxvUdBeoGlODJ6+SfaPg==
- highcharts/12.1.0/es-modules/Series/Treemap/TreemapUtilities.min.js: sha512-9UHpR8WxNFI6rFsQU1+6rhf6qGpa9QiX3rRWSjWDApN4k1eIs1jEV/emrtL7qvHsHKMN2dFmvNrvNEroGmJTrQ==
- highcharts/12.1.0/es-modules/Core/Pointer.min.js: sha512-ZCWhnfTYCQ5T9VW24r5zWJ4Euq7zVFGPOnYeJJK/q3QurgOreNDIlN73MYbcmTlyxZf3qY90fO9KI7o7a9AZ4w==
- highcharts/12.1.0/es-modules/Series/Heatmap/HeatmapSeriesDefaults.js: sha512-Xl73RQptFJQT0RHWefp3PGAuCwIchcYyRYEVG3Pqf4LkDeHr12pM1AWKE96nrvHKJiuVW5sHvPWku6iEixyE3w==
- highcharts/12.1.0/highcharts-gantt.min.js: sha512-RDSwhVryGnGN3ghDxGsdUExZTgTsNJjGhbGARFqyVix5PFQigd1MVaYGQMu4bUVBKZy6TALHgVAnxlEt3EoUVA==
- highcharts/12.1.0/es-modules/Data/Formula/Functions/AVERAGEA.min.js: sha512-YwtyfphrE7sx2kAOVvjDUBL8dfPD3cZUfPS3deodVksonAtH80BowYB64JVAuW492rvXz5okPjSfru+2rVYrng==
- highcharts/12.1.0/es-modules/Stock/Indicators/VWAP/VWAPIndicator.min.js: sha512-pXjEM2zAICgke7xt8/u+aCI2gOCro6ry2+vUFckf0t2K8YBmwV4X7vXSnVaWKtBStcVfqzCIRt27Ygjh0q5URg==
- highcharts/12.1.0/es-modules/masters/indicators/accumulation-distribution.src.min.js: sha512-URSAlprQWvEOuHmoGEw+QdAFQ48/U7cI5gGWSppEbacxf+xXnoInGCjPqdEfB2yafQ34698u+MX7lRbW+OwUuA==
- highcharts/12.1.0/indicators/regressions.js: sha512-orPTecKeKIrRLbs6jKAkyt2CsiExNk21o2ofU2X8szD6LwwstmMxW0YMpvuzQnzrtjjAV97LGJZftELhzyTX0g==
- highcharts/12.1.0/es-modules/Extensions/SeriesLabel/SeriesLabelDefaults.js: sha512-Pv1CgUA31WZAP2P1ksIZ/UyNde6FIgSUeJyRxrlqzEHmg8erPEsSzul4WCl3hmvwL9Jjrtqnkyk2abgZSszL3A==
- highcharts/12.1.0/es-modules/Extensions/Themes/Grid.min.js: sha512-vqapQ8Ruhud+oADsL0wYo0O3N3CAq23KNBsvk/OUMp+2CX+nGwMEH77+Tz/TbHfMwFCfUSPa54hK24e2gz48lg==
- highcharts/12.1.0/modules/price-indicator.src.js: sha512-DopkCKbPvssIAPlpnuA5wdDg04yHI1q8e0IEbvFzMrl9DNuMaWpqZPutdyRVZqxsp8PwAw799S3H92kvb/3nxQ==
- highcharts/12.1.0/es-modules/Series/Map/MapPoint.js: sha512-TRF7CZDiXlWNlybt0wcaxg89KzQ1xt6HeePThZx9Uqt/v2i6nWjU0UJAlFQJ+I4aNnfU38Qgm8OYTEzjslCDMA==
- highcharts/12.1.0/es-modules/Series/Sankey/SankeySeries.js: sha512-eGtXGsx/zl+Ykf4ML5LDhfBru5bccXfGa/WFDX65vqmy3XI+aDW5HWXoZ9hVB9eoic7VyOjk6uSUOFVgHE0VjA==
- highcharts/12.1.0/es-modules/Stock/Indicators/DMI/DMIIndicator.js: sha512-FLtPlP07Lvowdhq2hmPNYT0mfX3wQKxcigtrI1NorhvXOhX7tF2BOdAQ+CEQtKKT8fPGKE/mDJPNOn75rb6OJA==
- highcharts/12.1.0/es-modules/masters/modules/drag-panes.src.js: sha512-biJiggT/8iuHVLXHbUFmu+FzY/XwwMNzOXnEhm0TkYZiMd0N7+w2YpQBYU4HhbnZXo4Wyza68ndFz9ALxQkaXw==
- highcharts/12.1.0/es-modules/Data/DataTableOptions.js: sha512-v/apMd8dySQ9TzE/6gQK+2HMEG5jkvNDZT3Rx+OAjUtACfG+3bpH+aXETbc/DeNwCjc6IzVslsy0kp8ot5YFdQ==
- highcharts/12.1.0/es-modules/Extensions/Annotations/NavigationBindingsUtilities.js: sha512-QZUIihFJ2L0fo7y8sQ7vA2flxHCDxGu62ZeGZnr/jBZr4NkNnKxeO9x4bu/OfrjjmkrYprMkpY/QOf000bdEHQ==
- highcharts/12.1.0/es-modules/masters/modules/treemap.src.min.js: sha512-8llRLH1E7O6+/0AkZtJRPVYjYyAZNqVJ4MRR7uMjaEXxgjh4GR/2VNsshOOeSuKFhZGBnyCyVC1q4szggSY2rw==
- highcharts/12.1.0/modules/boost.src.js: sha512-BhQjuGusPa6if/MmO602OHhJMxahzPKipzFeq376lOQDtv9AXnkMWP0BTPwixN98yjUL7A3A3AJbpOt4KmHGpg==
- highcharts/12.1.0/es-modules/Core/Series/DataSeriesComposition.js: sha512-l5oW1yR5zWclxcm/hFxFNh2cxhgP26mLGhAIVFV81aAsKTjudAA6xzrMb6JHKGOrzcEYptLOfgD4+xsGterbbw==
- highcharts/12.1.0/es-modules/Series/HLC/HLCSeries.js: sha512-mlxW9X7Y5RgLdesommSHuVHhFab7wvZm5DOXgQWos5cuuY6I9Dfl/9rS6YW2IvbExiZtppwpsnwuBV8BojZlhw==
- highcharts/12.1.0/es-modules/Stock/Indicators/Zigzag/ZigzagIndicator.js: sha512-VAJoFk09xAkRQrEb/NBWDhi9ZQVmWa+BRNweS7VRpV9JppJ05vcF2yMRRkzje0ONgVr6UAswtGt4wQSBMNl3rQ==
- highcharts/12.1.0/es-modules/Extensions/Debugger/ErrorMessages.js: sha512-JIRJ7pXQ2rK0smTqqg0qAQvTDUqaG99WmsQd9nS0FB9vZnAEOA1AHOz5B84Dw2vYO/SgFPL5xIR5zgJHW5VdvA==
- highcharts/12.1.0/es-modules/Series/Pie3D/Pie3DSeries.min.js: sha512-5CqpSfN2Pei7/KY86xnvNzHtKHnmYcOcDWaM+wvtwCmKlsI4wDfzHg4WqeWMa0dbGHhdV78QTo0pP9V08PDuvQ==
- highcharts/12.1.0/modules/heatmap.js: sha512-zgA9fkfbwTa9+NFi0gDfYPe3VVg1UX45iwZ9edpmByTsiw0gApY9BI29Tw0jQz0O3TbG567UWFtje8s9Kimu0Q==
- highcharts/12.1.0/indicators/dema.src.min.js: sha512-ffcHTV0lkF9esLOVNc79WntIALwjbCVOSq29+XzfvUA/fAVglpdLB2dz3r4hz65+tBkHmyg6KdRFTVtpZBEzNA==
- highcharts/12.1.0/modules/arc-diagram.src.js: sha512-Q1RE4UuTThyzu5qHPD+gg1DieHPNW1zuAVpGu6yeafA7OnNWpE+j4zlgnHemJovaTsUo6SK0EwN1Uk0ePQOD8A==
- highcharts/12.1.0/modules/venn.min.js: sha512-ze0OO17lHtLTiKfTuYvgqBSVkaZb9fVSq4nj2DYBEAxUQr4Pc70CARm4ihJIF1mcGTArci6YBjwTRz7U9bqUgQ==
- highcharts/12.1.0/es-modules/Extensions/MarkerClusters/MarkerClusterSymbols.js: sha512-+tart45gV5AA1852vF0OBepLIGYSs/4Ie+e2ogyvjJERdvmiR7b/LOZ+AN36g3XsJoDtKFhmmVl8VWgrU8CMVg==
- highcharts/12.1.0/es-modules/Series/Scatter/ScatterSeries.min.js: sha512-TgEXoH/NEEG91TEw+pljCFC81OhCNRz2v10KyzYHW6SEt26zZ60QBc+AyZ8r1fVQBH+Oy0NqKLotm/g4NxaTlw==
- highcharts/12.1.0/es-modules/Series/SolidGauge/SolidGaugeSeriesDefaults.js: sha512-v1jM9CVy3iFMCUkO8ebR+oO4YmTjV1oNmJsHeWN40sCovFvbAZq/vNmCYT6rmBLTXgNu+FLXeDpWzkFGrmidrw==
- highcharts/12.1.0/es-modules/Stock/Utilities/StockUtilities.min.js: sha512-dcc7vf5MiysadiQYhrOPb+4I+TO8Zvy3L/pekv3N90bJuoYvEcwz1hCXWw0btczP8yBAjoecFOczOyvsF/H67Q==
- highcharts/12.1.0/es-modules/masters/indicators/klinger.src.js: sha512-mmYYgUQKnhddnbka/vs4Cb9p07xdlB4MAR/ke9OzcoIhJ5gmdrtS2PYWpWoR2THcSj2KrxWbg42CAkao/sawyg==
- highcharts/12.1.0/es-modules/masters/modules/price-indicator.src.min.js: sha512-vp+qpzuKY8IBXQfUY1dUnBh1krEma6KqgJci8mVNqer35CcTRDKbpTA/7FDhEeTPw+b802mLpTgGg82OqrAMnQ==
- highcharts/12.1.0/es-modules/Extensions/Annotations/Controllables/ControllableCircle.min.js: sha512-3ymvda9N2Mx4HhnSfYucaye9uSXSB24oA5Ww1XSdWSw3EuvgA8Hup6IOCScZuDvt4ScSHJyRQVIjb31UzmX6lw==
- highcharts/12.1.0/es-modules/Series/HeikinAshi/HeikinAshiPoint.min.js: sha512-HYoMVt02APYmCvsgrF+UzBi1gvmkQKEYspbSs3glOcTz5Zwtfv31AL8ElViTS5OML3Ukg1IswkrUUtw7J3trSQ==
- highcharts/12.1.0/es-modules/Series/MapBubble/MapBubbleSeries.js: sha512-77AnZZhAuLWUK4WvYO6uhV3Sf/V3alAfho/ws6NtEdcrc5+wjGzjtfeBc2aUyP2YWnT3xZlisQnEPK++mn2sug==
- highcharts/12.1.0/es-modules/Series/OnSeriesComposition.js: sha512-BOrLnL/fwsk4TxF5kJt/kAM19hlU0x+i7b0XaFElRR+mB7ZE4er8yYGk/ew/Y7WmBvRShtye3GC5bReYs7FKjQ==
- highcharts/12.1.0/modules/pictorial.min.js: sha512-15cxyYc6xNmqwlt/3SF47xZ5hQ03ExV4QoVT3XO1p8EFMiq+eZ1Xe23M8QIZ4piWlVy6ZOPp60r7ravis0GnyQ==
- highcharts/12.1.0/modules/vector.src.min.js: sha512-QyXxaZ6FQE92mKUknKB7Vg4AWS+ijWkS/Ejpk+08Nf8Wur+YLO3DpIsoA1J0y2BgM6nssirQWUmm9gsrQsU4sQ==
- highcharts/12.1.0/css/highcharts.css: sha512-arkrDxIwaID+54I/Xd9IyLJqtNejEFDhesn3YA4TLBJsCQOESFlbO82j/3bQ8fIX3ZiolG4JaPDgOR07/2pf3Q==
- highcharts/12.1.0/es-modules/Series/HLC/HLCPoint.js: sha512-ZIKdgJtd2r+pfhhsp/BED5bMtQKPvbPxU889+7BrJSnJQaJjuVQl4pSJisONaJmPLb1dY2NlP3Y76TfVLS5tkA==
- highcharts/12.1.0/es-modules/masters/modules/hollowcandlestick.src.js: sha512-wGLs80dkt0+O5X+KobFa7gMN+/A5eLWlqtLfTrRoK/XKNd3j+oAKxmeIw5hCicQjjYhQmz999PmBya4BR3FGpA==
- highcharts/12.1.0/indicators/zigzag.min.js: sha512-/oaVT/nGX9LKnJSjfO46kutPNE+U42AmdVc4jApInSq/aZLzZOC9B02QLNnMXKMWOmIjxe05PZTVkiw8gd7kYA==
- highcharts/12.1.0/es-modules/Extensions/Annotations/EventEmitter.min.js: sha512-5W6vklXl6LjIjibYwaUM5ANv5gvZu3NjHJMScclyySUg11yko6k+IWs7+IksNy8thSBrly2MQ2UF527+0Gn1FA==
- highcharts/12.1.0/es-modules/Extensions/Annotations/Types/Pitchfork.min.js: sha512-SQLCTAo+Dm51YIkbNp0YrFK1caf7qz32aLYvvtYHFR75NGWoXDM7HEYRCuzpRdKbzHzAt9Bew2Ucjpwlk/WY0g==
- highcharts/12.1.0/indicators/slow-stochastic.src.min.js: sha512-/QnGGmxGuA2Q5Ji0H+XpmnNoezjBHd4dvGLT9U3yLERFAkAK1Mrqhc6smMkM+hCTjc/DWH5QjQNEXSKinJfGuw==
- highcharts/12.1.0/es-modules/Data/Formula/Functions/MOD.min.js: sha512-Rrzxa8EvuTp7eZILU4rgXd7kdqcCGhj9aEKm3AHHcAj3iTmvFgpqGgGGSLrLHFF1gwR6comj9aKQ1rPKBr/RMg==
- highcharts/12.1.0/es-modules/Extensions/Sonification/InstrumentPresets.js: sha512-32jE0UzlNFWg59J6whjnqze3ju34RLEv1wMtjP/x1u5G2Y2I02Ls4mJQX6jdglGTKjfDVUghKFvnB1vb5AjMrQ==
- highcharts/12.1.0/es-modules/masters/themes/brand-dark.src.min.js: sha512-s8csJ8nX1dzxuFMT+j7Z9bP8GJLoxQ7eQL4JXu4kCEnn4Hf/4//Mz7dT0lRa0rTg1BOOcM+u2rLvO1J28ei/Zw==
- highcharts/12.1.0/indicators/cci.src.min.js: sha512-cxK/FqIdVGbBLh1uHzny3Y6exaD7Ql6x5W21AAHUJNKpSebAsn49mRQoxS/crUsizI65EpC32dDqWZax45QL6w==
- highcharts/12.1.0/css/stocktools/gui.css: sha512-xLdnhnp7z2nyVQ61E/E/Frf9pUCrGVDrl5a+S+1F3elSeewP1oBOYthJ90skXVNdK1J0Dfw1Gzrym8kXrpCBbA==
- highcharts/12.1.0/es-modules/Core/Axis/Color/ColorAxisComposition.min.js: sha512-05BxoTh1t7KafHHW8z2Hz8XtNgM8AFZooCKqc5PhPpcb9goUJTMYkp2Nl6NitbIMr/XTao6hHHVMyjHWjUFIHw==
- highcharts/12.1.0/modules/overlapping-datalabels.js: sha512-9RCUvRkINeeR+Yt8RglpFSGiN+cZtxxUDKHX1v8dBuwo/hep6eUXz6npawOZAtbEl7DxTKVCpHPyceCAGTV3hA==
- highcharts/12.1.0/modules/series-label.min.js: sha512-FA3shicGh/JVtCo1Vutpf+FJylWRGGCXMotXfUh3kG0knEjRFcl9PrXOxfLQD+52tvd52f0yz/ywnvrDpaZfHg==
- highcharts/12.1.0/es-modules/Core/MSPointer.js: sha512-lgpdLwhDDdcGS1Mi7L5ZrwBL9ZSVPs7JDCDkT9XfeIvAwYaKOYEcM4DRWZYhCFRPPn1gqXTSkL8UG5r7u5F2Jw==
- highcharts/12.1.0/es-modules/Core/Series/DataSeriesComposition.min.js: sha512-HZ7nUOuv2c9UkyYMzSAWfHcGLNFGjnkKnAkC0C1TUnKWEQ32UXOQXu2sMiAXcx0t0P6OJA0wONtdf6axTMamew==
- highcharts/12.1.0/es-modules/Series/Lollipop/LollipopPoint.min.js: sha512-5phhwHkCSqaC8kkcjJZldFu4tp2pmrGCX7cRkKdFnXTEyqAN5OZpCqxsRZajn1q1HF6trbN2z3/g6pUrOaFS4Q==
- highcharts/12.1.0/es-modules/Series/Renko/RenkoSeriesDefaults.min.js: sha512-ewhj7hpg1JjS1GgehQhNXCjGKW3AahytoqrBeGz+mXf2MdA5H21R3LlUSmtI/CwqssyBnC3ae1hVfJrG4czbdg==
- highcharts/12.1.0/es-modules/Extensions/Annotations/Controllables/ControllableImage.js: sha512-wUXDunHsYzWZEBhz7XsshRdPG1f+q0pGq8CTLOi9LTMAi86rIeRULNGiZmLSk0mTFwvtqzcZN1LMOIvYtVYLIQ==
- highcharts/12.1.0/es-modules/Extensions/Exporting/Exporting.js: sha512-cvXDNJwqqq/vmEh0B7mGAdxdo2c170QIHre5xqKqy7CpoXcFRAHQo5NRujylsQtinjK/wz7Ct1DVmMp/VaIuYg==
- highcharts/12.1.0/es-modules/Series/Item/ItemPoint.min.js: sha512-98TWSCcWykWm5duDeHQXzfnaD6EgSRDHAaBCjondD3quBMOX3caumoDsUxI14lle3CpVQ3K+ZSO8U1yuLAFVPg==
- highcharts/12.1.0/es-modules/Data/DataTableCore.js: sha512-SKvjHtu4Q6gLwS4QeCF5w+7fgL7kOQalJ/1QmJk5RAV25SfBFykSQb993l1qwQK9iN1y0THshDrN/Fwz2Dx24Q==
- highcharts/12.1.0/es-modules/Extensions/Drilldown/DrilldownDefaults.js: sha512-qvlTos6lnWJIzZSpNPtCNFOSBBhIGf+X7YikQ3M4QuuCb8vbxR8ZD2xN2H4nalKECELP+Nn0PGuosMj7Eeou9w==
- highcharts/12.1.0/es-modules/masters/indicators/williams-r.src.min.js: sha512-lZOJ5vr3NWTT0Jcrrnnz1HoF7MyqYeHeuxPYzOq69aGkDUwp3YWHKOah09p/g/h6XKiw2P6/KYV5z2IkG2c2zg==
- highcharts/12.1.0/es-modules/Extensions/Drilldown/DrilldownDefaults.min.js: sha512-5b0APSy1xxrS0Epywhv5T2YZUsQ1sK9T6qNWwMU41PLmatfdDNhPvtF+7ZSG+CH4wnTC00T4nqJwG4cSMp7Xxw==
- highcharts/12.1.0/es-modules/Series/Pictorial/PictorialUtilities.min.js: sha512-QaodzUOP4OYcZ3eMSJh/fMRYssd159jcdgpsBNJP+ep9zbxXtEnmAOGoDC1rAKWRELHegst5KdE2pnwOSZG+eA==
- highcharts/12.1.0/es-modules/masters/indicators/cmo.src.min.js: sha512-aN/25dLA2emyf+vc0tCOA/+2qT4GHwRTyllzhI3bfDbXXb9G81pEP4kB/msNBX8j1goIrk8XdQMfBX96EAHCtA==
- highcharts/12.1.0/es-modules/Core/Axis/Stacking/StackItem.js: sha512-6kvITjb9/A59iuMwmrdaczqL4EzcLYS9/Q4C0qLtfJ+wq2SD9N4IBApXFjW9qMZK29ZcZDsJ2urTQRaMxREhJA==
- highcharts/12.1.0/es-modules/masters/modules/static-scale.src.js: sha512-qngrJxFaQYod42qe44LkwAT4v5D71xXy3+Iib3DbXu3Y6PI0v9FqeV+F6OZH/eJSxM+MwA/A78xzNl6HRb+iBA==
- highcharts/12.1.0/modules/networkgraph.src.min.js: sha512-LRj2ieIbaRKtipDNTB8zOY3+141QDKHRCQOcd94N2tiPEQ4naQVrUEOsZf7HOkUWCBrWDiPjcxnI4ICXeGT60Q==
- highcharts/12.1.0/indicators/klinger.min.js: sha512-Zr+9toWzq6Dm2MxyTWTwne0taxuUdwZB92CM14xfF5j49Pab0S7BN7ZkvmGm31TZXjsfOim3WyjFrLOPtVEO1Q==
- highcharts/12.1.0/es-modules/Accessibility/KeyboardNavigationHandler.js: sha512-dkwtaf4/rE6MGR+YTneHLrK9iuoYlCH4yFQFKHmZARzZaf6N33s7elASDBvn10+1S4y6aqiHkcJDXPa3zwFxrA==
- highcharts/12.1.0/es-modules/Data/Connectors/CSVConnector.js: sha512-br66mJjEMulb1MvLNtSyYWfJ0ZNoZZCmaYx5ObnTIOL0aqoyJ3IrPG/o3bw5UW0prI2z0hwT3c4rrXTk7fvD1A==
- highcharts/12.1.0/es-modules/masters/modules/boost-canvas.src.js: sha512-cZ/cjmvBE01sRK2QisXEGtcIPZdU9T81pHc66yMzA34DLBKZ5RBA1WRnyvXhlvBwIPmKCEZUX72dyVkkmrY/cw==
- highcharts/12.1.0/es-modules/masters/themes/avocado.src.min.js: sha512-UtF3ZBUqbOczSrSpLKsr5lu28AGbAcAHcrQcDt6SAG6d/KDk55vKg20VxbNqDpjMT8MHNl3TUbwjLLawUt+IjA==
- highcharts/12.1.0/es-modules/Stock/Indicators/LinearRegressionAngle/LinearRegressionAngleIndicator.min.js: sha512-YC468SJijJvNoD/78I5UwMs/BGgqSb2WKTU4t02MG8oFbvewSTL281TQBC6SvwrG8s3r4mV/e0RtXrXGI54qeQ==
- highcharts/12.1.0/es-modules/Extensions/Annotations/Popup/PopupIndicators.js: sha512-m0BAS3ybeQacKy4jSqvJegA6UFAkNVwd1aZ2S6ToxnhmYEgHdsaEwR58iPv8n1kPSq8lRJrdRYCmmVeQ3tSVyQ==
- highcharts/12.1.0/es-modules/Series/ColumnRange/ColumnRangePoint.min.js: sha512-uTqxOwnnd6vrhnW60d/ZgE65PW0d6bAJxh6WS0akQ0bukRxMBn27o6chpIEsQGsOI0kGtWmDu/i3PZgepTgjjg==
- highcharts/12.1.0/es-modules/Series/PointAndFigure/PointAndFigurePoint.min.js: sha512-3+Wqg73msNCproJ1ZQUX6oOtoraLDffmehJkUFHFs+Nt83u38HvxnP65IkLfuHShe3PYhrN+EmjfONmpUH1M5g==
- highcharts/12.1.0/es-modules/Series/PolarComposition.min.js: sha512-MP8ICrzN3Ffk/fAKOdmwlOsR4qksEiYlCJxm5y6mPkwkyuMc8Q3FDnELRU0jQQZxfDA0JDJFeK36THnT3VhPNQ==
- highcharts/12.1.0/es-modules/masters/modules/boost.src.min.js: sha512-uUSRtSc7YjUw11BgYcpFx0pW4UDsd8JE69HaZqk91k22ghfF21g59qTuIC4zayyrfMixdAs3pW69Qq7b58bBqw==
- highcharts/12.1.0/es-modules/masters/modules/funnel.src.js: sha512-Pekmb267zhVVMdR2Fxd5Js582xW8rKJ8mz4Qd7YwCth7I7cypNyAUrwcsfEhbqTYE2HiJsDy0MhtglFlmd2now==
- highcharts/12.1.0/indicators/wma.src.js: sha512-zrpBildrAsXur4iGVatJGR0H0U4q/caZoRRJHIlhuA5wtGaYCwcTC6vIKvZ0JC3TYvfAoBAq3e0vRKiUo7lJZg==
- highcharts/12.1.0/es-modules/Extensions/Annotations/Annotation.js: sha512-WTkd8OcJQ58UHj/Ud6aUhKLXHFHUrt3/hinmHyuuvEVBE+VWdM/ssSrAUyYVFrb/ZzrlRJhYVRfBaINkwFG3vw==
- highcharts/12.1.0/es-modules/Series/Area/AreaSeries.min.js: sha512-Ir19er7PruWlyanr13RVm2d9Y3mnrKvzRDPFjHfKNvP4Guq+1/cqxyh9aDRqTCMVOwkocXsQQO5iqOu0JKVgjg==
- highcharts/12.1.0/es-modules/Series/ParetoSeries/ParetoSeries.js: sha512-rfDXwMswZU0vrtAjT/Xc3Dcoi7PLIxeTTJDs9yWrZm4GZsSdQNDLz4Dsk0+4q8zNume7vTa6c1XCDLyBWaOSZw==
- highcharts/12.1.0/es-modules/Series/Timeline/TimelinePoint.min.js: sha512-o4q3spqjdg31N2mYZRN6xKpDlzZzYlkXNCWUx37iOuT9sJ9o9yBJrGcea6wIXALrYAqdeObcrFPAN2OMTOFJJg==
- highcharts/12.1.0/es-modules/Data/Formula/Functions/COUNTA.min.js: sha512-YTC+sK8X5rLUwEaIRKrE6SogVeR157b9zkuqGqQt0iYUe/0D0xVbXypOQcHUc3TmAYtdv7U6cqA1fXMGckM0xw==
- highcharts/12.1.0/modules/sonification.src.min.js: sha512-wVuJPR4Bkkbj6/j0LJDJYGdP/ZD/F/bzrw6J1BwKH+H6IGjDduEh3s6HSjMF1nX8MbDdvxMhgGeD5qtcdN9/cA==
- highcharts/12.1.0/es-modules/Series/Treemap/TreemapSeriesDefaults.js: sha512-s6Iyh587eyfiZ6vgb9KdQzNJNlODLUJn+0QrzovVzzYqrtaYdV1miSXdrMZ6PtU2BMOiFxwVGqII6wwd46LcAw==
- highcharts/12.1.0/es-modules/masters/modules/gantt.src.js: sha512-4iAMTI0p6jT7xA3KLy9ZvcGZJnpNpLVtfGbcc0iDr1z1Hp6nm/HrYaYq6koJyBq92WqVrtCJi/NXOfovpBJDow==
- highcharts/12.1.0/es-modules/Extensions/Themes/Gray.js: sha512-ejyEQht3ikyg2pFBYdhv/iAO1/9D0n9NsIq9advB4WYmUj6/DQANtvKF7lTa0khFiGBf2n8+YQQAxMdCEb1UWw==
- highcharts/12.1.0/es-modules/Series/Cylinder/SVGElement3DCylinder.js: sha512-l29IklvwaSlaEXDqqr81fmivRxGfqz8bIGe+kDuVCNn9iwL6hNMSP4drCrciOTzgwDWw6Nf8jteT0dvv9f8xoA==
- highcharts/12.1.0/es-modules/masters/modules/full-screen.src.min.js: sha512-4AV6Y8B2A5ZKFztmYChxLzqm5MlT7sezAIQekHJ10JEa8qnKb9zJbDXiyhCprgdBgwMxE+DNAaU5ZQvfiruWgA==
- highcharts/12.1.0/es-modules/masters/modules/offline-exporting.src.js: sha512-n6NBUOid+RodOLtJxNmAz3GJC8dRrnq+t+blD0mrF//RcxsqqpfhmZNeyhv6MeueOgYK91f2AkcwfiDpMyIkkw==
- highcharts/12.1.0/modules/data-tools.src.min.js: sha512-HO3x46rmVHeZirxKX1BFgORvNRuLh4sGIxu/7b1SVKiA6ThhnMHGRpip24QhT2PYTpG5B5dbD83+6wrpoFgbSQ==
- highcharts/12.1.0/modules/series-on-point.src.min.js: sha512-fPmz9KMmD1WwP5LZZjtFgJYZFfSiIObVHgBro7dPfCyUGCx24A2csutJX4jkf6TarP4kY5H9bhczoXpcI4DY4A==
- highcharts/12.1.0/es-modules/Maps/TilesProviders/USGS.min.js: sha512-pe4rrqA3MnVtHcYtr5t8v8xisiZthMpjvA1+eLnY78V92w+v45mcAsLpSQm9ljJT/DOmdjCsVWspiU1WpVWKqw==
- highcharts/12.1.0/es-modules/Series/Bubble/BubbleLegendItem.min.js: sha512-d7JS5mQ0tjqkJeBXt213fgL33wHtHCsenXjfkVIU/WgN/fp0WT242BLLfiUCEBcpRK8KvFEC8XX+4WT4aoszmw==
- highcharts/12.1.0/es-modules/Series/Map/MapSeriesDefaults.min.js: sha512-Oo2Jd3ciL4OjWCJwlO9I6Q7oSl7C2q2l7+q8VdjFRLm13y/Gh574iST3ij7iOl/SCK4ZZH9dL0J4H6z2uzwSxA==
- highcharts/12.1.0/es-modules/Stock/Indicators/IKH/IKHIndicator.js: sha512-UaylgUhMSvnNbx2BHf1f2JNe80UlSOCK5lIC5VoedA0nvFm9G/3RrAf6LqXFsqVH0eGpdqnoOlZI6x/uzSIoWQ==
- highcharts/12.1.0/indicators/macd.js: sha512-jm/z3kfSBe4hvAp2bkMwugApa6OipIzn0mCoJltkiChjcqKtrs31nlqBZYWG9wByiVA+jPWjfNwu+J17Tmhghg==
- highcharts/12.1.0/css/themes/sand-signika.css: sha512-6JJBDAphqS2dRyQ3YCn/kkNqdtZlvapyBH2zZt0zzXyO/tBwChdPCXLl+JFmHb/ILJHyxZW6xtMDvgd4PylQzQ==
- highcharts/12.1.0/es-modules/Core/Animation/AnimationUtilities.js: sha512-rcK4s3MnI99l2suVrLBk8TDB2RAgZVBxgkbDHMbCFnb7NB2pnCMacuGIlGKKWfKXzwl+BNMttV/T+VoqKDXtkQ==
- highcharts/12.1.0/es-modules/Series/Map/MapSeries.js: sha512-Ol6yq4SDbltP+xTMl63Fl4zlnsoW3ncrVhZLevudLlCkS46/ICqlkFcmzIfv3pmZFbqnNdfGQocQmGd7OtBOHA==
- highcharts/12.1.0/es-modules/Series/Variwide/VariwideComposition.min.js: sha512-64k3ndWmpqj5wq2rHO3P5L1lnRp0xVP+FOAVykqK0T24j7QvM+gfHUYsbiMjoF69mi4jNTWveQ2ajCQ3RIb0MA==
- highcharts/12.1.0/modules/datagrouping.src.js: sha512-aA95NlKcDb5nJmRj27yp1PDcm1jIsogVSol9cP+p2liqIBQ/QaHAgjvTUvC4kPP6DCUZ3OFF+u/GyhJEwU1zgQ==
- highcharts/12.1.0/modules/offline-exporting.src.min.js: sha512-QfVRbLwn2QC66Cobc7m43Tg904CqowuWCLbLQ6Tr3xy3cDwduY57fEStd15p8CCVBanLEVeWLXfn/Kygo38Nuw==
- highcharts/12.1.0/themes/sand-signika.src.min.js: sha512-TMIZSBsojlZPKquX964FRMDZYWHFUKuyMN/vWnhYvxoopBy3Gsp/o8XlsLM7bu/ZSHRP3cR25wUZ9WnDZy71lQ==
- highcharts/12.1.0/es-modules/Extensions/Themes/DarkBlue.js: sha512-5zexcVCvOG/+LY2ywMumPc6vvUelDz1BbLP62L5Pe7Po+IB+kLdfpjAwkGgbsR6sM/Skp12cZi5KJswP8I5CSA==
- highcharts/12.1.0/es-modules/Series/Cylinder/SVGElement3DCylinder.min.js: sha512-yN2woXEt5kslQEn7UwRTR06aPz+SMvrTHuWaNllfzUGOQjEh2fOkSMdcymY0XWyb7F8upGzTZIy0PNbv9YUJsg==
- highcharts/12.1.0/indicators/trix.src.js: sha512-7CihPPsOCu538uPpuRl5UOQjXbjiIW9xX/uLhLyBSrxrF8fCIyUC2YmGE9tXdclmIY5EnRXZeyBl3xiJKlvnPw==
- highcharts/12.1.0/modules/accessibility.min.js: sha512-474UQEJz7gryS6dQYbCdYVFyq00Eo/9ad36knYY9Weq+7CfIWnlItmYZzjhnZ/e45K2SepDcsBDsovpzHqTjZQ==
- highcharts/12.1.0/es-modules/Accessibility/AccessibilityComponent.js: sha512-UQ67FFN9E26ehEn7Ht74Yp4MthvZ1MalKSK/ONWTIZfMFQecrMS8XI/lDDl2x6JWLD6kozfUliO1nA5ZqPeUtg==
- highcharts/12.1.0/es-modules/masters/indicators/ema.src.min.js: sha512-WkKnIjtxC5gfRHg+z47XH4OdtZWFQyTljJ4pRs0FeJNywqpdVPHcWY1fc9Cgfz7DGoReRiGjzSGdyGG67oS/tw==
- highcharts/12.1.0/es-modules/masters/themes/sunset.src.js: sha512-FJ3x53prc3oNm9s8+lgC1wKHjEaMHsldl7st/K7A+OJEhBEPGaeAeFkOYdeZM/dse77UaxUIE+NHI40lTWSMBg==
- highcharts/12.1.0/indicators/rsi.src.js: sha512-dX++mfCVQTWRD2rDGPCTrb0CC2Mrv/FmhqZ0TNZSdi8IByoXYgz4rKziHv4jILjE8HBjGZhgYcbsFyGT5Y6ofQ==
- highcharts/12.1.0/es-modules/Series/Sankey/SankeyColumnComposition.js: sha512-REbO4IWHHWRbLzn83ByZrweksRqNiVYfrSBZWikN+Ts0yN7erEz1v0htHyn1Bt0a706NNJsVKdmgq/RBvpucuQ==
- highcharts/12.1.0/modules/variable-pie.min.js: sha512-qKhDNJcIGkSQCeAx7RjwKdlCZHc60uZue4zVHDus30eMUC7+RsLGJZKI1dK8+mRyUGlyS6lAW8aqicjMMr/xUw==
- highcharts/12.1.0/es-modules/Core/Renderer/SVG/SVGRenderer.min.js: sha512-71uRsAyJ6eywh6qNFj3VAhqB7DXghv0KJFV2TeUsBtMMCwZ7f6v8JVnPMN/tka8Yifl5KqG9/ZCFMGjSNl4ugA==
- highcharts/12.1.0/es-modules/Stock/Indicators/Stochastic/StochasticIndicator.min.js: sha512-V8cz3QQKgvFQ0gB/YETD5o2QPi5OI0bVlu3GhlMh4afxvX4VxgHRaCo/qG8x+02Svru4BLqmTf1ae6LjnIfp5g==
- highcharts/12.1.0/es-modules/Data/Connectors/DataConnector.js: sha512-K4Cu1jMxQLN9CcYpyGL3ARtstc+9R2rldvEyqqQqlQGhcFQnmUdJa06XgsOLIr9btzdkhLteH1atULXw4GhqGA==
- highcharts/12.1.0/indicators/cmf.src.js: sha512-XjUnLc0R6IEz8y5/f94mJYizH3pj/6AjppHz/lrMVazsj1kERuoTwHDvHItCNewVgsW1roVPV7IhixZhxTjaoQ==
- highcharts/12.1.0/modules/sonification.js: sha512-aNgC64g+DEVZ8GjN28ARD/hdxVmTQ8kTC3T4TrjxSf7eJ/fYMK1yiuOuySeiCApE+Inc+LMxI0zUru5ESk5pNw==
- highcharts/12.1.0/modules/treemap.src.min.js: sha512-+eGrkmcli1FoEp/XHtnzi05ufa1kTBZas9n+ynrIQp4VZEafQ0LuaI6+T5eR5McAaRbtLhyGi48hLwyaUmvb/w==
- highcharts/12.1.0/modules/variwide.js: sha512-B0wtpxy50gmoRdDHlxM2Lx4H+h9Jfs33flsLtVNa823iSMmmzqEF+25zNcWcc7/DH3btFuqKZBrnII7jX07GFg==
- highcharts/12.1.0/es-modules/Core/Legend/Legend.js: sha512-bUw33DPTO6SHpSNg5AnL58s3WzyVbqi+OkPRWmVALGYBBFn1I/IGS7JxykjeWv9mrEmBZQV1NhDYnoVNhWd+0Q==
- highcharts/12.1.0/es-modules/masters/modules/treegraph.src.min.js: sha512-+uINihsvoXSoVRBLa3qTuDPdPqOhKkDjX0iUlJVKm1JKkWAKb4Q6JkbWSxyxvF4rbtNl9iy5mM431w6vsY5UFA==
- highcharts/12.1.0/indicators/trendline.min.js: sha512-B/nHBKoQ7dgSV2YCEmL6pi3uBOIZrfGtksP5umCXeiEyksNXxCtEYzwH6RKUk7mGWXYhOcTADmarnQ6t/NdoNw==
- highcharts/12.1.0/modules/renko.js: sha512-ujYdsX4NsHC9Po/A/UHOgpPr3Pqrk2u1olI9mW0IchZA22SWp7rHyMeSJ+DwpU2WQNHY4SPhIlsUPjIcCtZSYw==
- highcharts/12.1.0/es-modules/Extensions/Annotations/Controllables/ControllableDefaults.js: sha512-igBxtgNQ9I58nD1+jZEJb3JC79N+VhHWtcpEPdIa9rnDa8P/TD1EoleLV5da/JlTvklLQAZ4lGMeSXrrCS8HbA==
- highcharts/12.1.0/es-modules/Extensions/Sonification/TimelineFromChart.min.js: sha512-iKQeIx+nQ6yWwy/dYjxXqM15IFqh+ewUo/NYGMFGdpI561rvQajk8daDbLOhV9TgaPJMxEvWAguqHmNVl/3QlA==
- highcharts/12.1.0/es-modules/masters/modules/bullet.src.js: sha512-WJ1Q/yzrjX7yeOSIU0mDFgtYM9B+A7dcQTyNhFIqNWVpOpUwj4jzJL8K9ED3OQKWxky1BeJTqhxhVxnUK2mVPw==
- highcharts/12.1.0/themes/avocado.min.js: sha512-u2CyxgR3x5MNzbb5bD8Gzj4MXazk3+KoR/bsYo/vPodBG7qVSA4K25SgEFqFagVCeruYTACODP0o1U1EipJmQw==
- highcharts/12.1.0/es-modules/Data/Modifiers/DataModifier.js: sha512-j2SNdS/JeL2Btz6flwUoiR9BMA5L+4wXt+3c+TxxP76DB0+23TRrNjEOOnNdMMiDbjzwZ4d0VQZUb2Vnsb8p+g==
- highcharts/12.1.0/es-modules/Extensions/SeriesLabel/SeriesLabelDefaults.min.js: sha512-rAk4in29Jg7NNcrdI+28PkX740FzE8WwrzOh+k1ymO/2LgHOfLRscbSCWGBNkcv8870d+g5dUEiqMWqeho6c2A==
- highcharts/12.1.0/es-modules/Series/DotPlot/DotPlotSeriesDefaults.min.js: sha512-a9nWMTJte/X32yMVf6x5EnxCBrKC3PIcbOTqDwiU1ubWaDUtbmCJatBpmbrvmAC7SNc9RZbsF8MPe0PyCi5TPQ==
- highcharts/12.1.0/es-modules/masters/modules/debugger.src.js: sha512-g0REMssN6h2Vy+8sXvcguVvKYwEXksWF+dFvYieVT/sRC0ntIoY6zvhDo25zxQ3Ok4W0uYHPd7IL+Gz4Y4A4xA==
- highcharts/12.1.0/indicators/macd.min.js: sha512-DnadxsZ03WCUlSWdSV2nP/qvSqGSRWcLvgU+iYGVjvUgXhuREb29R5i+gbsrYlc+Qchzm+VeaTj9XdP7nDuPqA==
- highcharts/12.1.0/es-modules/Core/Animation/Fx.min.js: sha512-hfkxvz23bRmKvIm6i6s1Kvv0qlMfdUJkI7Zqmphd/a72ULZQyq7V7J6haCVekg3uw9qrIQ5icpDh2Kwqvvs3XA==
- highcharts/12.1.0/es-modules/Maps/Projections/WebMercator.js: sha512-KCcmyosqU8LXoEBbhupnMcneXPihwuPCCVq3eFOfyYh/kZSVESYjpIYHlMAzItC3Bbos4sE2S9Ic8HIcAVrRZQ==
- highcharts/12.1.0/es-modules/Series/Tilemap/TilemapShapes.min.js: sha512-XIuFcHAsAG+Mf8d0UpE+Jss/nB3M3Xf1ehYDARL+jw2D5x9vJ5LqZNBfPjT2hFTAqLPZpiY5o/6Z3sJc30HUUA==
- highcharts/12.1.0/es-modules/masters/modules/pointandfigure.src.js: sha512-S+4whCEtLBNmEkrk3PYaO9IV7AdRN+8gs9SYblhdjrOlv7QiVrINQ1zFDMmWyjCnbcil2OSo4djjpKJOjxQCzQ==
- highcharts/12.1.0/indicators/atr.src.js: sha512-PjGErx9IbFTUEQiEvzAY8579x8H1/G7f4lr0Bilmp6RDeHjF31yO6POtc5s8Y30iCvI1+1wYy6OeExcBwqt7ow==
- highcharts/12.1.0/es-modules/Core/Axis/RadialAxis.js: sha512-t1N/MAxDmHSqnmN11Wa+COFodRLdbU5/fIYC3xGsPC5DO67Dw88jJU0bmdSUJxeSzD3Kei9/PX0onIDxT2mW3g==
- highcharts/12.1.0/es-modules/Core/Chart/StockChart.min.js: sha512-L6wRzvgEQcXicWHN78t6WXsiSc+BHdLwHKVrgtfwitN1LeaHcPXDJmfGY5EBEmC6f4/cN4/kJBNPAnPNXhw/Fw==
- highcharts/12.1.0/es-modules/Series/Bullet/BulletSeries.js: sha512-13PchPIIVAGJGsoJRXsBmydGfzBqH9vOx3oek0Qexg8GIxtNbI1Z0p3CL+cKiVr1Qhn6EguXp42DQ2dX24RiTw==
- highcharts/12.1.0/es-modules/Series/CenteredUtilities.js: sha512-oGuTylTpH7JEwINyqflGFndZhUQKoGqmKa+e9JP7kq8+5F4qtlqWN+wsxj0H74v9LgXPNzJXT4maacwwW6DX1w==
- highcharts/12.1.0/indicators/regressions.min.js: sha512-SVbG+z1RTjyVhzYAOwhSln4TgBwlyGE/a2rz0Q5Con+8XE3hZsblvXRWEIF9e1xSYl+sw5Ms9Dj9FUB9Rms4sw==
- highcharts/12.1.0/es-modules/Accessibility/HighContrastMode.min.js: sha512-cfZxZjL4jwz5Fuyb9e8pwfbeEFpivMQuWy6hy9E6GS4OhnraLExjPgFD2hSGOP6/D0L+OLc80B3knAqTy4B0Dw==
- highcharts/12.1.0/es-modules/Series/Streamgraph/StreamgraphSeries.js: sha512-fhfXP6GGPHiDQb5EOuB72QHv1/SZuk+qbgN/OwtucdKlSJNghOAe7jXT6GqNSKSgbDukG/obLCv156F58x9BMw==
- highcharts/12.1.0/es-modules/Series/XRange/XRangeSeries.js: sha512-48SEwmAa5j2kDbdQqvk3h+2O9p3r+VFlPoV0Blsttkjs0zx5xevWsWByVO98MxZwOSYAv6HBHOKe6SISF/xjqA==
- highcharts/12.1.0/es-modules/masters/indicators/dpo.src.js: sha512-S9oBxlyFNuP3cvvxHfmhcppq0pxhtMNqa+Wc2vo+XhbwGC+STLPFGgZwNXiqCdXkcGeeGoMOqIvCFBnor1goTQ==
- highcharts/12.1.0/es-modules/Extensions/Annotations/ControlTarget.min.js: sha512-OjiEGRRL7WCUXi/zDimYN9Bo3qU07/WVXULkYyl8nBkMbj00dfi31nEKsU/tA3JftYG7YHziVwzj6Cn3zIPYJA==
- highcharts/12.1.0/indicators/disparity-index.src.js: sha512-XVWVJ+qjL6cz+pdi4WlcCyNzOAj0nREpPPXUqEweD/0ouVajyYMXV2k+1KgIYxFsD8rI+HpX68Hgu3gaL7QJ2A==
- highcharts/12.1.0/indicators/bollinger-bands.src.js: sha512-Ngl0MIHT1gAYKK5iAYtoetc9mCfzyXLupG8NWVkavGTgwwiDKijtbBIlwu0L9qRP9l8Im0xACyyQz4ndWJ3sAA==
- highcharts/12.1.0/modules/funnel.min.js: sha512-+pYQkattpMAv3lR6k5nmIw5W1jQwDo2mbrDCCC2tUA+kmhnC87w2+2yyhCZucwEmIMgor8+sd5Qdt8n1vfam/g==
- highcharts/12.1.0/es-modules/masters/modules/dotplot.src.js: sha512-U/2NuMwSiAuV6cC1NPW1sFf4JBRqgBmyeOHc4ZG4CC2xwA0qB6qavOMQ2i/GdJNf2JZcgsbuGyTpQKW2/aZbGg==
- highcharts/12.1.0/es-modules/masters/modules/item-series.src.js: sha512-gmlMFzgYOCxVgaOPKNdEUzOblU67Ug8RNWJhjpVTiZEjaeoeW1kS26p9+sa7bvZBhfIfzWcPl1NHSzWJX3mSNA==
- highcharts/12.1.0/highcharts.src.min.js: sha512-9Zn2uqgtQ9+IWyAOMgp/w8LKgBxWgp+I2lpOY/paPoUj5ypFQIiSbvca10PbgknM0ydTodRGGFvoPb5NUy22MA==
- highcharts/12.1.0/es-modules/Extensions/Annotations/MockPoint.min.js: sha512-ct8ZNl0M5KXR3SeORdlk3VDYtRTT9Gn9Z4aQRGZ6iYYTAc88eUvUFk37lw9+AQYur+XtyFScXrFZrE4MDpJPIw==
- highcharts/12.1.0/es-modules/Series/HLC/HLCSeries.min.js: sha512-0fKINosjP3ykto0Ow0XvNsnFcJidsgNsB+8wCrHVoN2A1MMB2xP3w3FDcrOCLf5NmPT/JjzX9/LLDqNsfTViNQ==
- highcharts/12.1.0/es-modules/Series/ParetoSeries/ParetoSeriesDefaults.js: sha512-4JbJBL/KckuSslLh15Ml53ah+K5/OjKvTTLpptmWgEj1YF11DodtoKyNwROP+ti0RbU+1PL2i3Czp7ndXGdbNA==
- highcharts/12.1.0/es-modules/masters/indicators/klinger.src.min.js: sha512-VKmUBZ86vAyPcJHil/Ri2vi5M2mUl6W/D1XdBCkgZ5EOraAy5UcgSyg4qy4l1yuOO9XStvQe2gjG0Fi6vLRu2w==
- highcharts/12.1.0/es-modules/Accessibility/Utils/Announcer.js: sha512-z2Oq7OjvDiH4fosfsTbPww9pTK27/c+EV04DKoR7l1RRC/2EuqPYkYUJAQry4Wny8hrcT/V54Wo4VEQMorlLSQ==
- highcharts/12.1.0/es-modules/Extensions/RegexLimits.js: sha512-TuHIj4w/TkzTTLbAAzm/nW0Db/St469J6HHMiWa4THKdi3VJKsxkE8mmZKwApXlYIjrBPEIp2oxi6+alPk94Pw==
- highcharts/12.1.0/es-modules/Series/Renko/RenkoPoint.js: sha512-wWm3Tm4MJt8QwOWoItHU7jIaFN6jsoOuypVprktOtN5FCHYtQS7NE7kHN2W5CyXu5WwCHBFdY1GYfb883zkRxg==
- highcharts/12.1.0/es-modules/Stock/Indicators/VWAP/VWAPIndicator.js: sha512-C4w5mfe0N6D01Aw6DzD2TScXPmWOw2iLXsh3ExfmyV/iSIB3EpXfS780fnctWcLwhll68wgDMSZEdILKCcQu5A==
- highcharts/12.1.0/modules/stock-tools.js: sha512-q5f9qtCdGgv4DJTPKJh2XfaPvgSdd91MnXtHXmcsfsbeamK+4GE5dpyuvCv0KRUFNHhGuCvVvryAycTHjsIaWQ==
- highcharts/12.1.0/es-modules/Core/Axis/Color/ColorAxisLike.js: sha512-bwtfocnhUWI3562aV86I4s6z65dTKrpZ+MiS6QsnVdYCI9x4l75p5SP3doBhMhQwOSkl8aIitrJitatjpR4OJg==
- highcharts/12.1.0/es-modules/Maps/MapNavigation.min.js: sha512-VGt/gz7U0sr/iQi3i6dIHcNMou7ofbXRzg2hxc6uwmZ8b8NyQHdOxBYkInyDcsivX2sLbHF7Jz3t5fptFMLjFA==
- highcharts/12.1.0/es-modules/Series/MapBubble/MapBubblePoint.min.js: sha512-aNgdTBlZ3Yhx2ItEFcsgFxTpP4jfCenK/Sw5NIDVjbi0tE/QRYCmPhwdv62o/iZZASM7ZVD5g1/ei4eaPizk/w==
- highcharts/12.1.0/modules/parallel-coordinates.min.js: sha512-waRIARvh1DM7PenwHM4G4PNytsErqnAZP+YgAscEb+yIjbo/LHCdz3l7C+zBGX5pcc6IcrYBhAlOSmGwNRnFqw==
- highcharts/12.1.0/es-modules/Data/Formula/Functions/IF.min.js: sha512-5yiX+0elCEHLIoKOzfM5STcK+DVP0zACwn3++BaHjGCb97uA1SfPvErfO2PmHKiPSQp6ndUr24+WcDESxfKHtA==
- highcharts/12.1.0/modules/datagrouping.min.js: sha512-hDA4Prf/94RM0WuQ4dUtLZmdak2DGxjydt/u8OGrtOq81IzK+5aF0gMe8EhLrdoE/HFka3WnNpktt0hdMGP/Rg==
- highcharts/12.1.0/es-modules/Series/Polygon/PolygonSeries.js: sha512-bCf0+TusNuE1DTYVQa+HFs/D5dzdFiX5nKf+NC+XmLgPRTg6Az1m30ja3eslTAn5nnm7DnQPrnsOxo6dcTl4xg==
- highcharts/12.1.0/es-modules/Series/Renko/RenkoPoint.min.js: sha512-C/sVhMw0s7kVma9TQeVvjCUYWde09DZzAgIW8I65E0mcN079AX/oz31oRHQBl9j/zcXu+UlSWmOWSuzXB8Q2Kw==
- highcharts/12.1.0/es-modules/Stock/Indicators/DEMA/DEMAIndicator.min.js: sha512-h1YnX3jE2EiX5Jftw7SFEvhHR7QqbgPyYO0zxd9kWOncRl+UiHxyT0io4QvtjrVOCMrqtQs2FkvQKKPRbaxOsA==
- highcharts/12.1.0/es-modules/Series/ErrorBar/ErrorBarSeries.min.js: sha512-amyf0+HeL5dAYpMmJYdLhu+GYJOgkhcOOUF0b+VyPhrkfF44zVVQ/f7XorQpJRqMj0Vquw7bJ7TXsDp7xyexsA==
- highcharts/12.1.0/themes/skies.src.js: sha512-7qVFu0CxBSkHmJciIL4dqUW60QydDgLkTtiWMYxilf5+o+bff1olx6S++uy4scs14I1AOb8dNu780h3Oz1qH6Q==
- highcharts/12.1.0/es-modules/Accessibility/Utils/EventProvider.min.js: sha512-AsW5CcYeTBVrBWtTrt/4cuREaeOwuZHWAvRbRjYuAaqE8tlaBNHpr4J8ENlnVGSXHrCPdHFsXwO3QLAX1EVsCQ==
- highcharts/12.1.0/es-modules/Core/Axis/TreeGrid/TreeGridAxis.min.js: sha512-yR9FiKpoy+bZwoAZiBtLVCq0omNjXnPdHPjF7tUFatUnE3sYa7kCPW6e4iRX3ed5/opQtgGigfWSN4V4LEWnGA==
- highcharts/12.1.0/es-modules/Extensions/Annotations/Types/BasicAnnotation.min.js: sha512-4goRUukmK845v+UPANpQMevowVtftCjj1nRGUGTimkxZyqo5GonoK8Bo09xfYW5UdmEb+iKxi4fu0EVqNeEmhA==
- highcharts/12.1.0/es-modules/Extensions/NoDataToDisplay/NoDataDefaults.min.js: sha512-foA07ZesNYsGmi5TEXo3sZLn6vC4+MYl8R/wTIQcLy0IBNuFXQCnDD0DRPsID7smU6ebKQ7tC8SkaeCedViOVA==
- highcharts/12.1.0/es-modules/Series/Organization/OrganizationSeries.min.js: sha512-cZ6twIP3NYnMQUiPYOwQK0tDQhf5c1q91kkQM7V/iJZIZolBoTS9lSt5WnZsbbqn4NqfRnPaRzlGJRkn/WM47Q==
- highcharts/12.1.0/es-modules/Stock/Indicators/OBV/OBVIndicator.min.js: sha512-LglA9o6QJADKHky7Cpb0NQSisbTBVyIjQ/PGMRshNFCK8SFUWtMeBrN/Oc0rSNp2hrBPilawchT58Gh46BCUYg==
- highcharts/12.1.0/es-modules/masters/modules/coloraxis.src.min.js: sha512-vasyB//lw5KsqfyyHpgGq0EWmUoIdRIYpBsMXJUPZecLEbqs8pL4DxHr4NKt3X8zVyGqj41ZDm6s4aKWw8tXMw==
- highcharts/12.1.0/es-modules/Core/Axis/Stacking/StackingAxis.js: sha512-waKUdYf/EF1Q3WSxyD707vU78aPISPfvJ9OZn1mfA8Wa0SAqWAMHaYEam6+LjU9r4bMccF4CuO8g2zoNknitjg==
- highcharts/12.1.0/es-modules/Extensions/Annotations/Controllables/ControllableEllipse.js: sha512-LQ1jPn7BNrq3Swf/MA3ZjvJINzdEIfh+Ao4oUILWSvNbePvcO3NGsjc7r8HfOIaba/fkifeie+ycdj57rssVkA==
- highcharts/12.1.0/es-modules/Extensions/StaticScale.js: sha512-JCTl0kJJ+0H7daFUN2VU33zjUVI7kV+PnCaIqjMNWr1epfnmHwCu/D7m2t15ZVuRJmmAmh8SmGRRrWNsPaUDpg==
- highcharts/12.1.0/es-modules/Series/Cylinder/CylinderPoint.js: sha512-RA61+8he0lpHiGarryUObiXN+6/dxMFT0QSCI8W5nANH4IS8V+gGzmvZ6PLla3/nu6ju0hIR6ZcSAMwUG70Swg==
- highcharts/12.1.0/es-modules/Accessibility/Utils/ChartUtilities.min.js: sha512-YnDMyuW7y4lavzv6W8ibCFTJocgweIJJE5TjZIRVG77lhzXFqcXSx/cpq7YV/EoPJjUl8tGw3yri+J9Ujbj9SA==
- highcharts/12.1.0/es-modules/Stock/Indicators/MACD/MACDIndicator.js: sha512-85Fx+FHmMpg93Xi8mjF0y3Xzio57ilRRznbLrdRA2/usWmiOnOQc3tGFjSuazNPMbwwBlbF2XSuVu8cjXVK1DA==
- highcharts/12.1.0/modules/parallel-coordinates.src.js: sha512-IZG8ALGh7RsdzCkDSxZlB9gBxWzc+E5tdlUMt/bXFgJZDax7JdsJUGyMixeAupT0+IDBQ98ZlnktnK4lbGlevQ==
- highcharts/12.1.0/es-modules/Core/Geometry/GeometryUtilities.js: sha512-xm+OgO+W3ytfaip3lvN0q5lNCZuZdagxxWUF/7escKxLQPOA5Cpk845ZaJvfR5hniDxwzds1iuAjZzOvco7eaQ==
- highcharts/12.1.0/es-modules/Series/Dumbbell/DumbbellPoint.js: sha512-tdmDj/DFYO1Flen2MjSGCXooriAoO3Me5r0DFjRPf3Kg5BuL6ml6WIHxvcc8WyTzt35X/cZBesI+202UrZ2jHQ==
- highcharts/12.1.0/modules/hollowcandlestick.src.js: sha512-rI4vvZnK/Uqdn8GeHevHvnwXdDQ4El6f7/HHwFk5TH8dnR17ssY882KO2nXeH2T6sIQzC67wLo1vgpdeLvca6A==
- highcharts/12.1.0/modules/dotplot.src.min.js: sha512-LGmY3r2ZB6MNun80K8dU2PKvln2jGgycYNz+GCpSjDzOe/DMM0+yM45Lvpwvrmok5YuSh53sYZ5xeXXAqFhAzQ==
- highcharts/12.1.0/modules/stock.src.js: sha512-linZ1IAw2gqJpBrOnKdxy7J4tBfiv99+i+xFHwEGVqqW4Oes1uAKbBUaJ8rt16bNSqYGlzraHpD3yT2WPPIMoQ==
- highcharts/12.1.0/es-modules/Maps/Projections/Miller.min.js: sha512-PgqKFG7YRb7sdx7RpSNB3pA0gcdiuCrZDi8vqdZpI8XNw7vw3Sq5/7GU9aJM81/xT+U7GtfqOrx3JBgnvxK52Q==
- highcharts/12.1.0/es-modules/Maps/TilesProviders/TilesProviderRegistry.js: sha512-Kt7pzvmSIIFzslhHZvwdItproPEfiSQtIHIbVqkx6ItW8cRs0zRvmBAOI/XvBfr2xw7PuJ0Ly7TK/NmQwKmAGQ==
- highcharts/12.1.0/es-modules/Series/Flags/FlagsSeries.min.js: sha512-GjG6ZqDUOsJVGNhQcEGzsNAKXs0B36quJzMtCAHbT/G6QMlojP9q4Zb7IEMOpDeYwrTTxVtjZUjpYMY1itnZNQ==
- highcharts/12.1.0/es-modules/masters/modules/lollipop.src.min.js: sha512-pnhetyCh376OqdsQ0fVVsVVIq16vWGLmHUDUwgWv2eg0zVQHwmfoUK9M4PAj+FPJ6Ty9vfjASgnWV8qnUO4paw==
- highcharts/12.1.0/es-modules/Maps/MapView.min.js: sha512-cyiczfBQXwQ0tnkLL0uPP1smorVicC9BwWnavWMTWV5b5EAlTIs+8n4pCNKO6NxkMzuJOEn0/+02ZnZwIWDgcw==
- highcharts/12.1.0/es-modules/Stock/Indicators/NATR/NATRIndicator.js: sha512-rG1BORoX++iHZLxP+w1hmm50orRZ95sHSsB+8jULTS3Rr7h8TQszavixCmFs2y7F6b2zCS0/Plbopzox77lHhQ==
- highcharts/12.1.0/es-modules/Series/Cylinder/CylinderSeriesDefaults.min.js: sha512-Vp511secQVaA2FzDAxPbL+JLgIoY+kQZ1/NPxoRL9gKallfSv9wojSC4XOweneZy56wqgSCDFG7wTGcq3+IoMQ==
- highcharts/12.1.0/modules/datagrouping.src.min.js: sha512-L5eo/32KwBxXpz5BhmXXqOgrY3dVxtWgLFP/tbrayMYeajGF+OUIT3HtkMwtgb7Gu91ewlrgFC84Mu1ei/DkZQ==
- highcharts/12.1.0/modules/timeline.js: sha512-2cYbdq2msXCG3ba5TQ0LpwEKaY/CGHWgnip0GrFFRhxM1BXroFaYLPa782rHlauRzEOh8YoqoN8IG3fv8e6I2Q==
- highcharts/12.1.0/es-modules/Extensions/DataGrouping/DataGrouping.min.js: sha512-OMGliSAGNOv/zzcEfctx/IDUD8d9yahQcw/hM5W+Lq9Z/gK1+3mTZjxjW5hedMzAjbfkPY/TEsL40UAcuhkPZg==
- highcharts/12.1.0/modules/arrow-symbols.src.js: sha512-dlniaaOTvCOw6Q9iIdc2ybUzdPbPEEtLsW2n8z9EK31JXTCzCqZBsRTh4m8q2KGxanS9s34EqHoiZFfeXnbdnw==
- highcharts/12.1.0/modules/export-data.min.js: sha512-IioNQ8zfpZLGBiAtttzUiBmq1QP82TZHgRHyBwnuvLDTRebNEmahl6JcE7/6EMPQyZPhloh5t4pC9BK8FqrQMw==
- highcharts/12.1.0/modules/map.js: sha512-BhxbGpg+qK+1CnhSXf8D/XqX3BJNRGnSvZ7mXNAUSb039eJGJ14WiEk7Kk+ntz8Nh6iKa+ZwdGrSPhl8BZ/frg==
- highcharts/12.1.0/indicators/vwap.js: sha512-IuCTNxNluYSD4zjSJKV50lG0P0wfw/k5Ym4Bvfjl4Ovjkp1/wQlIO1oeU2ybs49WOkpXebZq9xrn6GSD+zVeAQ==
- highcharts/12.1.0/css/themes/grid-light.min.css: sha512-0hm8UmqA/m6ebqKP5XsuEhMy4nyXjiQGm71R7kEFX1qEUJueQ2Aze9rg2IqPMs1UBldVx6VG2tOIRP5RO4VGDg==
- highcharts/12.1.0/es-modules/Data/Connectors/HTMLTableConnector.js: sha512-Wkm9UvjW7GfapPvxoPlC2KGB8LNiNADTcy22jk7vdZBOE4iiIfsLWQY7FOMVccXiu6mmxNygm7dfvsSGVwoH+w==
- highcharts/12.1.0/es-modules/Stock/Indicators/AO/AOIndicator.min.js: sha512-l2JMSNTir6ZoV+NDecpuMmnQBQapf5gQMnYUGTImc6JXQkAJ+n9z6lRby9a5HoFGG4HPIoqPhgGAnq6jpTNBeA==
- highcharts/12.1.0/es-modules/masters/themes/avocado.src.js: sha512-IjaCK9mCYIvMPYD7vb+ASDxwZFNpjq1pCAicmekY8UpyQCcLUMDf8W9Kb0C6Or4sMrAw8igifoDTOaPimw/0GQ==
- highcharts/12.1.0/es-modules/masters/modules/dependency-wheel.src.min.js: sha512-LW5xjN403gHSyx0vmkVP+FQShv9ZY1N3TRSo0OIzkAIVJPIUUhI7jWg2TkIAnGa/+jCO964OeJnTxosLwafdlA==
- highcharts/12.1.0/themes/dark-unica.js: sha512-Sm5wdNzcVjifyj5hN7LQmyF6pJOrcFG7vp7q/Vfb/xBE3s7ap+3EfQZ85iSOPwjmy+G8/QEjPhAnV7G7FY/Wbw==
- highcharts/12.1.0/es-modules/Core/Axis/LogarithmicAxis.js: sha512-hVRIYfXeGnpfoN4q/1setwIde6huylDP+shlP2eYBaQFftISaCZujO0oeWhm/vRwq/k4I676ytFj+V2shRgjuw==
- highcharts/12.1.0/es-modules/Extensions/Boost/WGLRenderer.js: sha512-kvIceZoBNOjtQN7uKrf5cN8AyqMSHu1jRlZg76DIUIXDg7+ywEQekuc1xGp2OqAcp0C7ZsVh6c13PhffIxFmqA==
- highcharts/12.1.0/es-modules/Extensions/Sonification/Options.min.js: sha512-k0lkElfudAvCKJ+ONc6t5T9NP6v1gGDyA9oCA9bvHu39puIXUL2+3ibNdBNsVQOt2fGcRI29NIfCGtHy7W6YjQ==
- highcharts/12.1.0/es-modules/Series/Polygon/PolygonSeries.min.js: sha512-8QzIocjU3w6GZq6+++/LUNET1szVfEJZcZkTP5dYCvLodGUexcHYj8lkXI0xYapaZyIIfhHv1yP+4R03oXhcDQ==
- highcharts/12.1.0/es-modules/Series/MapPoint/MapPointPoint.min.js: sha512-hcHVBMTCVVR6JxN2U9umYCt527w51eCDwtiWygDsUUt+vuoNVTYFo7Ki/O+f7htRY7zKD/4m4OKjuCa3RBKwTg==
- highcharts/12.1.0/es-modules/Series/PointAndFigure/PointAndFigureSeries.min.js: sha512-HM3hKElFfRcawfwQvSK3f0dPLuJmuCZjIhMOeXYY7B0bd39VkLT/9CDWC4+9xrx+LQAVm1Hj9D8Dh6vH96ihOQ==
- highcharts/12.1.0/es-modules/Series/Pyramid/PyramidSeriesDefaults.js: sha512-sLjV7WR7CYQnyfBGboBnc69meQ055dsEHVwur9kXiC/ShD/U6sZ1/2i/GrbtKdRVp2ux5pG1+4VWIdsH6bwz4Q==
- highcharts/12.1.0/modules/item-series.min.js: sha512-tiWweMFzXjP22J7wsgpZT6jMsYBlnwMtiVDVioXrD2nvvZUnJcOfVJUpEtAYYMgNQZ90TsLNV5gjAdQqgnrHIQ==
- highcharts/12.1.0/es-modules/masters/modules/series-on-point.src.min.js: sha512-ffbX3UEgo8d9UPEDFKD5fWlnqOZb+NQGlI/SCNZrOnagJyYTCuqJbV94bxDTsPs9jmkGDS4wXjQCWktJa3cYSg==
- highcharts/12.1.0/es-modules/Core/Axis/TreeGrid/TreeGridTick.js: sha512-t+hZ+tRp/C2lq9k/TWX1JEyY+i95ju+LWKRGBTuTovo5h5/WS7dvu6EmErRu2rizPYCxsOuC2g6hf3sJ22Kc3g==
- highcharts/12.1.0/es-modules/Extensions/DataGrouping/ApproximationDefaults.js: sha512-vUEPY/KkU7+9/+xH1STC4WzXPRBlw+E0kCGulC6g7BHbRRzQ4sJB9plMUyHwBv4PzWh9vpwrypnh+EsjscxzUw==
- highcharts/12.1.0/es-modules/Series/Item/ItemSeries.min.js: sha512-fo4C7FxDxGBY72uv5NQEqLibvsgvgWcAxbllvgVKVajJYPFIVlPcJzw/LVp4q8dXMWjXzN4RtnCuNpHzKZNNrg==
- highcharts/12.1.0/es-modules/Series/SolidGauge/SolidGaugeSeriesDefaults.min.js: sha512-nrQwv+HCumMyfz63mwKm1m4/zGpsUUo5Cg+kbaniIqiPY/iQxa6SNDtTHr5XcieFbq1fE7OuBazZRY3Lt7xOrw==
- highcharts/12.1.0/indicators/stochastic.src.min.js: sha512-zs6NNyYgfKt3FWkQg2d6YJdJvx6TDyxS8ybxJZ9ZBVnTqebt7AulDIhmDIeQfhObROZaW8tLFIz2Lv4pxmy6HQ==
- highcharts/12.1.0/modules/cylinder.src.js: sha512-3PMp/hr/rGa9rz05aAqCMz9d4SiE1TsM81q2MTahhimnREb+xAUfrD0xnP99CVso6jsrfYBznddS5ygAQim6Cg==
- highcharts/12.1.0/modules/flowmap.js: sha512-ebd5MTEz+2OPeWbObBW5IQeNh5Xsga3Yu1ubJ0kTggo0HSyfatj8tHThSSFtJZsB7rZGT8x5lBIRsK+b9BMQcQ==
- highcharts/12.1.0/es-modules/Data/Converters/DataConverter.min.js: sha512-mweF9R2vCUAw/THdwQtljn98DGLZqvSs903XaPlHE+I1ecntLryFprAVYCXA5/vIXGMUsiatUFkkQiyDiC7PcA==
- highcharts/12.1.0/es-modules/Series/Wordcloud/WordcloudSeries.min.js: sha512-ziZdlZRMjOQgC4kyroVF5EWmv3YxMCXSGcj7h+VzOwesybYZLduWP/pmJIAMgRdCUYncqHD2ficIxj9qVUfAvw==
- highcharts/12.1.0/es-modules/masters/indicators/psar.src.js: sha512-a79IQgPcrWFt2ZtZWo3RNn9SYa6UHuPRsseBLcdp8fkKBSqnaLhThUOrcwTWb8lTtRyrhGjtl0gT5GIF+Z5gUg==
- highcharts/12.1.0/indicators/cci.src.js: sha512-LRWbaJdKrcYS1Z0B7cT7nV1BDDEEwRjjYhtGaVc//bSYT6eSBRyT0nL2xpeZw69cJFWDmsFrc00HIjBPpijLGQ==
- highcharts/12.1.0/themes/avocado.src.min.js: sha512-4CZZgGMEwnxVk5tf45PNX8eb6/zQYByi4+bWqbGJS/OSUDprtBYq+968RImfCsXvIz7WgYuSK0gewrT+oDZ3sQ==
- highcharts/12.1.0/es-modules/Core/Time.js: sha512-1S+iv/QztBYBRXEW/SLL4U6vR4xUQaV1wZ4rUB7OTrcsR7OdtHnYQ0bKNta7kE5qkkOFYVEUBhAu8cT0LZhSQA==
- highcharts/12.1.0/es-modules/Extensions/Data.js: sha512-u8rjF/Bt3d2fSY1MYPCMi9YaMbFUd+/o84XB+g/M04Ebm0W2dWw5ZZ0Xn2/u0JFprXDp+CiSbDCYEyxWf1xarQ==
- highcharts/12.1.0/indicators/wma.src.min.js: sha512-TjML8+eR9UsdKbO8bZ0F13D3r6rp6nZntWhyDmoed8o1O2bQT95x67G+gujvx6mWyY2/tABMJyKmlr0mzI/Daw==
- highcharts/12.1.0/modules/lollipop.src.min.js: sha512-9dadz+m1A+bg2Vy2MipJbanmT2gKR3fexSqeAWkBfyC+8ueiBPvhcJqU1PzDHAwdRpoTvAUbN+ZEHgbIq4dgXQ==
- highcharts/12.1.0/es-modules/Extensions/BoostCanvas.min.js: sha512-OjSZ0YlJ4f6LnvMvIIHNMO0sNzwN61CYpYM0+4tonKmlUKdl5zLBQk42EKrnqhGvlL/akGhWwrRQERQJ+15ccw==
- highcharts/12.1.0/es-modules/Stock/Indicators/KeltnerChannels/KeltnerChannelsIndicator.js: sha512-lEEmt2Q+jBQN9s+oodfQddmuvUnB+a7AbQWkm/bnlFCvBbouxPt0qe4hQmEF5GpoRgiBvmhfVy/NzrZUM7Hkeg==
- highcharts/12.1.0/modules/geoheatmap.src.min.js: sha512-Qe7wFxK3eyfUz7nLhcpO+U6N3KGstyXBvaHKihIdDpoI4Ro2Zky4I+K/MGFrEJtOUxx5NE+1pEK6PguE4Dpi7w==
- highcharts/12.1.0/es-modules/Series/Pictorial/PictorialSeries.js: sha512-ENwnN68Si6O60iH+DiAEejyRD+ujWsOFjmd68m2IqSV2aG7TCZmHpzKIh7k6UkK9Cwuc4YaYV7wqneGeHEBTqA==
- highcharts/12.1.0/es-modules/Series/Wordcloud/WordcloudUtils.min.js: sha512-s8ZkgdrouK3slMXU5ETDOh5Wp+MVXrOBh4kCpyYxPqtik7ZDhd2CzIsMuDdgA+ARStmk5+r4abqG1XnIYOzihA==
- highcharts/12.1.0/es-modules/Stock/Indicators/SlowStochastic/SlowStochasticIndicator.js: sha512-vdEpc3borRQ5+GDaFO6X3xUQFUV/kx5+5R/jqa1WwmBRoGOIppiVxWCM5/dk07kUc+WykO2rQTANKJAG+G9+1g==
- highcharts/12.1.0/es-modules/Stock/StockTools/StockToolsBindings.js: sha512-WnRgxQUmOJRZ2W/nKCmWFSUVD3bYoxqu7onIqDLJ6lbqCt0UkdABTRU/Ss2LhNIF8el9BIoOzp5ty/ncnxFdVw==
- highcharts/12.1.0/es-modules/Data/Formula/Functions/ABS.min.js: sha512-pOdtfjJe0HoPJmnItZGmwtwImv7iE2WA4bY+OuG6zawnOC5mWLvgPNMRb3fRlOCpoBBUJhAp7Fe/tUR6sPdTDw==
- highcharts/12.1.0/es-modules/Series/DataModifyComposition.min.js: sha512-ZalQ1sN/bBQofKivd9Q44g6AA5nnysnlhXWJkPJWyZjHu6dHb0EIe1XV+UkfQK3OL+XBga+rZDGiwmKzBX9nfg==
- highcharts/12.1.0/es-modules/Series/Funnel/FunnelSeriesDefaults.js: sha512-oysZQUaU7Ise2TTV4kfrxGWWIlre95pR+AI2K13VPTCz6Xjhf8ohintd6d3HC2arFhjfheQ7VcpWprQx+UOsIw==
- highcharts/12.1.0/es-modules/Series/ParetoSeries/ParetoSeries.min.js: sha512-mREAtUyomRJXUAbDncPwQRqHS8zBqLPBWFfanCuOMg6S4+GCgF6kNNvuVfvBtePMVP8On5/mzBWnWzQkND+cOg==
- highcharts/12.1.0/es-modules/masters/modules/mouse-wheel-zoom.src.js: sha512-CrnKb9eYex41jCK6NAwA10t632sGPN30yas2erAt90KF5dObMT/4txLl5AFJWLv1AoMXmXyoTAyRVQ2F6dTdTQ==
- highcharts/12.1.0/modules/navigator.src.js: sha512-5ZtKVYVjOsOlY9iE+1ye5y7Jn6ESMbuVO5osN3azkVCVoVsPA8Ps89zERCGo98dhmXcL4zQ2+HIwpC68CLTJYg==
- highcharts/12.1.0/indicators/williams-r.src.min.js: sha512-aJM8oi1Dg3OQ5dGzH2UTW2fPARI3NC27gJXcFmuHZ/NjBn4RK1+ZcKqGsdcTxtgFnF7MEj57cj5IgDvZ2sRwKA==
- highcharts/12.1.0/modules/coloraxis.min.js: sha512-BQcAtYTcN0p5vkiPxK2WMcojSWxRDs3czb45/F8I1emsvV2YXpJBDJHiqtgiFxnMH/HkTvvHPjqMq/kPw/PRFA==
- highcharts/12.1.0/modules/sunburst.min.js: sha512-+18aCuJdi4q/9aRkc0OziXaJwSIA2qqGSAOCqpirxThlAvvO0U6Av5usIJnaTV57N9djBayIZ1AELH1uZOmj2w==
- highcharts/12.1.0/modules/timeline.src.js: sha512-11nIWqC9sPbneJMJBpGe9FWzh2QhLvvp1T0YqGNo2t8bgKYun02DGCYyCVSMBPu3/N5fUr1E/5JowukVJeXGTQ==
- highcharts/12.1.0/es-modules/Stock/Indicators/SMA/SMAIndicator.min.js: sha512-Y/H2YETF6CWVfa+jp5i824ULIFcIIhuniiO4MRvC7Yj3lGYJZOUW7ux5n1OYuq0wMp1gZcUaTWVG/NqNgHzx+w==
- highcharts/12.1.0/es-modules/masters/modules/parallel-coordinates.src.min.js: sha512-HuIiuWrTS2tQZstpPRQeH2H+sQIH/EMhDIWChPS9ItyIkftOw6wCNRFBsDT6sbh75p9GPQ6rlaEUSb2KTTPLPA==
- highcharts/12.1.0/indicators/ichimoku-kinko-hyo.src.js: sha512-zeYhyQB8eVo9Ym1hbRbXoSNbwNURlBHbQAn0Lv82h/2kyZ2K51o4d/Lmenxd4o4tLoZZmSZDY/Xrnks3wDltPA==
- highcharts/12.1.0/es-modules/Core/Renderer/SVG/SVGRenderer.js: sha512-JohD5Ju9nKpKNs3WHoyk3jznT1bWDr7wNjpyHwV/HumE8GsDAfAcwHH/FRIA6pyQ0zjcWwZP27eoqvwIuFbzvA==
- highcharts/12.1.0/modules/debugger.js: sha512-/JVOYx7HRfmDDxkDM+TNi+7V0eSwlx0fCz/fJ2YfP6ox4w1IJkwbgX0zXr4N/YD2YRpeNi1ZaYGHG67uGO/Xew==
- highcharts/12.1.0/es-modules/Data/DataPoolOptions.js: sha512-v/apMd8dySQ9TzE/6gQK+2HMEG5jkvNDZT3Rx+OAjUtACfG+3bpH+aXETbc/DeNwCjc6IzVslsy0kp8ot5YFdQ==
- highcharts/12.1.0/es-modules/Extensions/SeriesLabel/SeriesLabel.js: sha512-xTiarwoXsye6t3LUaprtJBfARlmSM+xkQzaxqikNwhXmz0mXIBTFH0OMXDvzkvVJD1uE2+jYBhtHwHM/zEycEg==
- highcharts/12.1.0/es-modules/Stock/Indicators/ATR/ATRIndicator.js: sha512-l870fNLbvmpUdPVSQBLkUDvOHLhqxi1qDMiQKQos47tbgfLwGu5Wax2GqgWmB88G9+RvJQ7L78oteDEk4Ckbsg==
- highcharts/12.1.0/es-modules/masters/indicators/chaikin.src.js: sha512-aUHvm+xVBBA53BaQUboxCHrKrjUPQWcUnqnMSfzvj9LgArgVE5kknxC9azHaHkA+aEGV980SuuC1XXIxraUMHA==
- highcharts/12.1.0/es-modules/Maps/MapViewDefaults.js: sha512-VTukqhDOFIGhQ4PrrNSI+HyEJSXQRR7vH4PI/xwxutlqfary8URfhvNKu5B1Y5Guh013b9oRRelhQ4fwIT7o4A==
- highcharts/12.1.0/es-modules/Stock/Indicators/LinearRegressionSlopes/LinearRegressionSlopesIndicator.min.js: sha512-gguqX6pByQxOgYX02cLwb1WfblXZf23w0NfMtPWkS+6V2Q4D8BF5fa/u3GVmRg5JNoXTESFADLo8Wa+X0mJ/IQ==
- highcharts/12.1.0/es-modules/masters/indicators/macd.src.js: sha512-GFMioWjzg3bj3hlcuC5rH9PJJFgOT7p/IzNGC9veaHoLGanHlQw0q1YHgnyp/lZWIougS3Z237z05RJ8tk/ZOQ==
- highcharts/12.1.0/modules/datagrouping.js: sha512-Xvg29qhcQIrepzlOk36nqhpLFM1oJJmUhAKPJyPOjUZ2VcUssxH5PneDdDTkctMwAVAgj8lmQlpE/2Qq6C8m9w==
- highcharts/12.1.0/modules/debugger.min.js: sha512-SBwT7xhi9N1YMXW3jpV7XFYLNmFfl2+YnnW12S5+yezgV8jIkhrW801VdoraX1dYymnSQLNmXB7DWX7S5mYBIg==
- highcharts/12.1.0/es-modules/Core/Renderer/SVG/TextBuilder.min.js: sha512-ECWK58iM8tZsujnscLjWYrVkHE8uhSnsgJ5Rd7Ext0yUyzNt/usPeY7wuVGqSiGRJTjbCul8x8Nr1cEi6RuxvQ==
- highcharts/12.1.0/es-modules/Extensions/Sonification/SonificationSpeaker.js: sha512-cUwB8gLQuD3kKKM26Q+qBuZlj9RoGtr7nGQjc6C4frayCyzbv//UFE/Q8BRNwXtNuLF3bm8k4uaeB5lKEPEUvQ==
- highcharts/12.1.0/es-modules/masters/modules/draggable-points.src.js: sha512-zQCvNksMXV0XBmWjfPQ3t/wbk1zqVECq5WOnBr0HDSzrZorSL8wtK8PpnsRyyN0sf+cvdOOdWWN8/QDDPLrZRA==
- highcharts/12.1.0/es-modules/masters/modules/marker-clusters.src.js: sha512-HsRWLlHSgzvGAk/euUPr0TCQjl1peHrThST3K/VVcY2jAWZn1EjPx7VEchZoC7pKWW7g8tR1OEQpFXuaESucXQ==
- highcharts/12.1.0/highcharts-3d.js: sha512-W/b5+YByBsjTR62ZBZC+y7wQElTA+BmU/eXmn2bFAlnW08kxhx2zytKse+bDmlXOFKOAxEhfd5L3lZDPVpLVTg==
- highcharts/12.1.0/indicators/aroon.src.js: sha512-mu7iUyp6wl1iJ2hFMiCc7Ecohz+SRsgQgog4f4DOhiT+LdaScU2HctmY8Rjbj7ZsVeaa8O8VHpMYVLnxV5LL4w==
- highcharts/12.1.0/modules/pointandfigure.src.js: sha512-lBK1pqgGu3tgZKwte0ZhmXFaysUtOu5PCPxPTpAxMq1QTPvktbJUG4qmF8b55HtvpF4wb1z1hbFDuAvB8HepcA==
- highcharts/12.1.0/themes/gray.min.js: sha512-gZPaR57CFIvGyDSQmYK+Q3/+xYRalO9qkQ0tU1cZ0EQwKnK9ChTDsJWYEsHwzginCReea3GtNG7Jk/7r0j/HLA==
- highcharts/12.1.0/es-modules/Extensions/MarkerClusters/MarkerClusterDefaults.js: sha512-O4h4pwg1l10kvDGaotrw/BQ6LHn48ueHIG2xqkGxooeSHo2IG63jVwP8z1WRWVjLfX53Hugmcc3ERewBkOl8lQ==
- highcharts/12.1.0/es-modules/Extensions/Themes/HighContrastDark.min.js: sha512-Cr75Naj4D0sv+tGAd0sDV/ew6DtxWSBPUVTNkKgT95AwFj9Mv0qnHHSmM/jW6vXZeTqIL5apJ3LWWsTjvJowdA==
- highcharts/12.1.0/es-modules/Series/Treegraph/TreegraphPoint.js: sha512-pHkhTibfvxP+/RVp8jkv1Uf8ynK6mRYHRFXMVbNZPMOckDIY+YnouUMtJB6N3NWbOeXErCyyRk15VkBN4a3Egw==
- highcharts/12.1.0/es-modules/Series/Windbarb/WindbarbSeries.min.js: sha512-8bagE24ElP3mlepTKOlBAzBJh7b22u+64iwxlfdxurTD54G0JVfV+k0hu/qcsiWJxljTRVrQz0xDUhclv0cUAw==
- highcharts/12.1.0/es-modules/masters/modules/dotplot.src.min.js: sha512-LYFpcvFKNkmfy/mzZ92CvSZkxnqLDLfz79wuH5lk1KEZo8zkhrq8oz56Umu0VS8f1HCuhWRHUrxv0HTF9d4H7g==
- highcharts/12.1.0/modules/wordcloud.min.js: sha512-PyduUIN0rkcvMHxG59p+gzEthsVi2na4Rd6f9oScWujB7sRkDZXIBso0oy2raH4vxWIX1hFl7rtg1em+X8IXTQ==
- highcharts/12.1.0/es-modules/Series/MapLine/MapLineSeries.js: sha512-YdyO4s7KuiLeqy7DpBexP8lYnXAd1xVqY8aYvMLolaSXBduiKnWdpj5kNzqB6pL4A2Bd6s+yCJwOwLCuc1KMUw==
- highcharts/12.1.0/es-modules/Series/VariablePie/VariablePieSeriesDefaults.min.js: sha512-nmoSVPkHpqpKZnLT4LDlzRLqjh6gH6Yi9upwYpijCdUHfM/4+x0cnBs9yXdF6x+75nvYVECb/JxDeEkjc31iCQ==
- highcharts/12.1.0/es-modules/Data/Formula/Functions/AND.min.js: sha512-wMtd0DXViVS7fMl10V4xo33t+RQ1zGp0ubrJfBknZPGS8i56+ptb3J7g502lrs+xfL+vXSkBKBkz1og7/a7NHg==
- highcharts/12.1.0/es-modules/masters/indicators/slow-stochastic.src.min.js: sha512-YV8H5GatxjiB4GfwK1tEBwjpq2F0dx3bTUaYXAMCVxDJQNGEg3n/qhhEVYTL/STUIT4zvTFoQa3EeHUEsvHvhw==
- highcharts/12.1.0/es-modules/masters/modules/pyramid3d.src.min.js: sha512-sAE04F6h9LRhiE7lydGXzh8ZUzprRDt0b7D6cAEFxU2ZpfCGl/NGRU/rA535W44e8TtIQL6lCxEFpndUjxgmyQ==
- highcharts/12.1.0/themes/high-contrast-light.js: sha512-r7BkwjtfKJKmLTh6VWfNjSHr6z7U599TYqIZHSy3SByEB4mqAO3WBAiqmxLhndNVcUc4wg8/snP7ozl0sJOVNQ==
- highcharts/12.1.0/es-modules/Core/Geometry/PolygonClip.min.js: sha512-qXiJLXmLwrywiK5NgOIMQsOeK1EG5tckD6++yZ6u0rM4YAmqqH+NXQtRTo3o/fcSV9VLewk3L6ClVDFLNuXTqw==
- highcharts/12.1.0/es-modules/masters/indicators/atr.src.min.js: sha512-brXVwtu6qxWlvKy8dGa3MvJe+bObaducbtJZ2s94Rdxi4juodjXPJtoe0taJFgdUYTw+x2kc3lnYTNfURbYoVw==
- highcharts/12.1.0/indicators/cmf.js: sha512-eBvo9P3VkDWPzBR9zs0Ijul04i4kxpUo8OAEdq/GjwZ0TVJTMmVf9Fi4FgtOG8rQ35B4Hz5x3futuMcQ8xNBzA==
- highcharts/12.1.0/es-modules/Series/Column/ColumnSeriesDefaults.min.js: sha512-Hf/+Xtm2xwW0dZ38CwXxFOIMdcbdmcnLVFBWOqPzwXApdY0ZkNhUBaB/J1GtpaFnIYM7pXia63D1RtTY89xfWg==
- highcharts/12.1.0/es-modules/masters/modules/sankey.src.min.js: sha512-9VijbASduL3GHlE1YeccTF+6Y/Czwu/QdbirGyT4b4WgHKPLcr0Ak9jMFz5M/afCXG/V2Od8Vz+sL/wDPpvCJQ==
- highcharts/12.1.0/es-modules/Data/Formula/Functions/IF.js: sha512-RS4It7Hb20/bo5Ez+B8ScNH4nwd+EkG8z31KFIE7WHzDM/uUNtxP0lOM6YFHl//z+2U4mV/0h7zjTeI28lp/Zw==
- highcharts/12.1.0/es-modules/Extensions/Themes/HighContrastDark.js: sha512-AjevMMTuy+PlEb72QQlt+zwbNv0zkUk1AXZ0/2xjySBDmkXCkq9SQ5H2ah1La5G3MmQwdnamjVhspUbo6ZK0ww==
- highcharts/12.1.0/es-modules/Stock/Indicators/ROC/ROCIndicator.js: sha512-JtBqN4cCLRIpnlAmCTI18ys5mpukZwrO+btVyeH+t8TEfpF7iXHPqIg1VgVMGy52RZoXtT4SvkjghYp7xOOYVw==
- highcharts/12.1.0/indicators/aroon.js: sha512-MK5wLyrA9ifZqra/GPO7Wh5wLED8wMc4wssc3MrAIrJAd8SoBlAP/y9FEJHIvfazE6PW0kolUrFRUPnNIKsClw==
- highcharts/12.1.0/modules/mouse-wheel-zoom.src.js: sha512-N0O2IFyStMiBIft28EZwCOQzrlv4clWRildZ57oDfLyPNaHutbSL3yl4+E0WdQP9Lj+GZ8ZXt9/9tZCaAnlqRw==
- highcharts/12.1.0/es-modules/Accessibility/Utils/DOMElementProvider.min.js: sha512-vYGzHhI+sy3b3XUw9LV1nqYET9Uoti5UUgmGcwiNJwjMoo5vA8olf08ykaenU3EIJrD/jKwJ+LQ36MetqFGUkA==
- highcharts/12.1.0/es-modules/Series/Treegraph/TreegraphLayout.min.js: sha512-vFw0RiT0/7HqDmJj0GiUBllVH+RINS+06D6BetFJGHWXeFX2CVcyaU8/iic4cVM3UCPRU7MHW7HK11SNCNTvVw==
- highcharts/12.1.0/indicators/macd.src.min.js: sha512-JpAdPsibWmRSBfcL1fquZyVD2xcuXIisn5Qmf/uITI2MUwPwf/Od2qIFSbGwcsUosyvvmQGoTbwa8h3Gv+rQTQ==
- highcharts/12.1.0/indicators/wma.min.js: sha512-x7kl2f0VacAzYGt54XuIWiWPTLQWporPAhoObmPZg8BbR9nHsBZLQZKHcfoeW6ZF+WNP5IH4nAKcvWW+qn5BRw==
- highcharts/12.1.0/es-modules/masters/modules/geoheatmap.src.min.js: sha512-tguut1Jg74CbNFVgZwJ3RDUZnIFjFMjiwb9wkDUY5/dxwgCL33BLSgFO0ICR/p0MmmzcQyk4MqkYB0Tx58P5TA==
- highcharts/12.1.0/modules/treegraph.src.js: sha512-/CJu/AI2fSgokpwB9WSmjKcngfOpdB9v9ZQjDAH7NamcKVseEs+X7eLUmnU6fb/z31mnZ60p3KM5KzczdHKMfg==
- highcharts/12.1.0/es-modules/Extensions/OfflineExporting/OfflineExportingDefaults.js: sha512-V9WINke+BylPWHS+O048LWmCjI/Re1pmXCHceVpgCQJKVkh8cfHYEFmUu3rGu6+5sV3j+F9BVg86EM5gzrMvEg==
- highcharts/12.1.0/es-modules/Extensions/OfflineExporting/OfflineExportingDefaults.min.js: sha512-TZCs4rR0gIFydBa+ASuGXqrXFIK4KFnNwWvMUllzoUQOZhB81Y1iPfok36ia17K3+DlqzZ/md5mIb347wpLxxA==
- highcharts/12.1.0/es-modules/Gantt/Connection.js: sha512-+qfInlqEYn8u58yc6EitDK+6fOA7+yI7OEQYypzFQoxuuy2yE+dk1B4Th0yMDR9i/AEWk59nfz69/TXpR6mJ7g==
- highcharts/12.1.0/es-modules/Series/ArcDiagram/ArcDiagramSeriesDefaults.js: sha512-vWmOAZyo0FQqN5/pEqbq8bYSNNswEYf9Ui3DTwa0DD7Nmge1Fy23URmVblhZnvk3+QiQVMaGsK5JSm1pK2K9OQ==
- highcharts/12.1.0/es-modules/Series/Funnel3D/Funnel3DSeriesDefaults.min.js: sha512-TEIKeyjWVLyyAuFdR6vCqyvtOvCXq1LrWdual4w4wGtUzWJDyxs/+x2COEnu3Y2aS7zNRjOsld7s2llMmQ+hLg==
- highcharts/12.1.0/es-modules/Series/PackedBubble/PackedBubbleSeriesDefaults.js: sha512-qHBPBkDOhI8BzXc4lhhdL+mPmx3YDuEmnxLhaQwMhFTa1PUxfRCLMRM4RLMiiC2Ai+NxcR7pK44fA80sivPT4Q==
- highcharts/12.1.0/indicators/indicators.src.min.js: sha512-L5vBQs2euJQrkeQSjF9+QfpAd5lAdSL+6A/cWDFdXWNMliycYxwsdKEQl8G/OZvJCvHZy6cy4SjS2R9iskT2HQ==
- highcharts/12.1.0/themes/dark-blue.js: sha512-rSHgEeRWJAd8nwlh5+CLeQ/fi/B9kOD3UQqG+JA/VX4HTPGGKtk5tAZqDT5LqHwHuLdyYK7Kx4yORQRpsFSgDA==
- highcharts/12.1.0/es-modules/masters/themes/brand-light.src.js: sha512-bVFHAunQm6oMvgbe2kKlQO4cAPPiHhqGfV0aYC/fM4LXUj79aalnZ83jlKUFIOl3G01y6N0Msyd1djzBOu70Jw==
- highcharts/12.1.0/es-modules/Series/Area/AreaSeriesDefaults.js: sha512-EjH4LAWeOr/U4P5m1P5YdSAbDE+eNf8fSDyj/75aGZ0G1oee/8jD426ff9Ni5NR4/D9pDAT9Ubklg9qS6Ov/dg==
- highcharts/12.1.0/es-modules/Series/Funnel3D/Funnel3DPoint.min.js: sha512-S3t9IfdxYwpmnGoqEE72Pw1qJltwUXe1I1jHl2xnDXcOMHUanKYw2baIDVDi8Ofrxqincj1rCIAAqV9XcV7t/w==
- highcharts/12.1.0/es-modules/Stock/Indicators/LinearRegressionAngle/LinearRegressionAngleIndicator.js: sha512-uZCfBCsn4C6IEgVEy6lWV1sRh4faQbfpAw+mWE+jpHZ5bu44/pGBo8KxelwqesC5CDJoD47RsIwMDB+8qhS5JQ==
- highcharts/12.1.0/es-modules/masters/modules/stock.src.min.js: sha512-i2VV1H1Iw7zXrLuM4/u0V6EH/ydjc5UA3JadCIsTB9dhTh3y+pM1OKQYbOpuZIwM39FdIFKeLnFBAGgMj8fnkA==
- highcharts/12.1.0/indicators/williams-r.src.js: sha512-+CWc8IXE7ynBOaQVxVDAhNdAlmUo9MK348+z2IPivm535tG4h9mSZSVhMm9E0GtQT6LAY7cKt1cA7CPFu1RkIA==
- highcharts/12.1.0/modules/sunburst.src.min.js: sha512-+gWvyrOstMIYoB3erpTzLYIReYCm7cYadpish4+BXmL17O663Bjiip55boViA1pRJeDPjX7aRuunYnII7gcYSg==
- highcharts/12.1.0/es-modules/Core/Responsive.js: sha512-yZjZQvaUILPP49LLklAiaegy8m3S/765ga+ymPEqHBaMzZxhkGPSpey3AYMf/OPcfTYws9aAKbZSrkYn+2MwqA==
- highcharts/12.1.0/es-modules/Series/AreaRange/AreaRangePoint.min.js: sha512-fmCyw4FhD7SWhzyRjOBd+10OvC6GCoQMCtYgp3SKPmHC7/k2gFJuiL01q+bc44kyVj02hQZVWsyDQ183Z+AE3A==
- highcharts/12.1.0/modules/funnel.js: sha512-5EKSoHtd75Zs4pzpwrAYdnUUaqQCjBcuGXoTuh0PtjrhAEwEjmCBM9+3vOyA1JQxdZD+4aItLwo6XGXaWw5Xbw==
- highcharts/12.1.0/modules/series-label.js: sha512-tj14VLj6s8C3JYwm8ycqU4reOkk7AUWTSKHEhKJQk0dc4bYiG2joHlGCa2tE5r1OCwiL6OUc5I6JqdYesg2ULA==
- highcharts/12.1.0/es-modules/Extensions/SeriesLabel/SeriesLabelUtilities.js: sha512-lxlvJZZigvXCh71vHoE39aThCOuO05VCoXQyaSDhP5/ntWzy5ZpFgg1sRQ/9V+pqVqelOG0aN9mbPh/RMr1oCg==
- highcharts/12.1.0/es-modules/Series/DragNodesComposition.min.js: sha512-MBV8nvKz03zEqAjGXNkf3Hlz32XyohCbfOkNoCBf+QmMs62mRvrxWC1VFJDRMpR2jike4WerDOeRPjNw5nyU8Q==
- highcharts/12.1.0/es-modules/masters/indicators/price-channel.src.min.js: sha512-SmNQVXXn5ubXNguAwRmIp4VEc+9oA34Drn/nDMlkYLmd6CqQPdc2hKJXtpyrcwtnPAiuu3pUsjnZMOovyXDanQ==
- highcharts/12.1.0/es-modules/masters/modules/variwide.src.js: sha512-ZaYHAZacbYjEUWdeviL6sqNW0h0kSrHapoTTJBq9kLBLyj+wgD9Af3OAyE5cVJVU+0PwbLhxQNir0QIKKguGUQ==
- highcharts/12.1.0/es-modules/Extensions/Annotations/Types/ElliottWave.min.js: sha512-tYTicqLdpoHx6zdV2av8J6Q4ZVwQgGOfhKP3ZJXkt/rEU6dJ32VosAIC2m8fl6TgEeCH/Km5ZDNsIP92NAwMjw==
- highcharts/12.1.0/es-modules/Series/Pie/PieDataLabel.min.js: sha512-hU5iVLju++kzK1JcnOnOh23FYDND+IPwHt7t+Z/1jolaCas4jltxw4UyzHfG3SKX/gkga7kqQcRetK3aH7eZsA==
- highcharts/12.1.0/es-modules/Series/Variwide/VariwideComposition.js: sha512-fw1bVnp3x62Laj/pHyX/Y77l+Yy0brjoe34jrRfvshJvU0VuV+f5ROaIsdSb6ea5fQSi0ULK46iWw5g1YGK88g==
- highcharts/12.1.0/indicators/obv.src.min.js: sha512-WIHID8QqB3hFViGwLKNwEpOrMwv1NoG2J3zE8040wIA7uwuVacjMaeQWJN+j2NxXultJLbcoYRgFwvbQwOqfyw==
- highcharts/12.1.0/es-modules/Extensions/ParallelCoordinates/ParallelSeries.min.js: sha512-9SjtU+pqrMIl2+ipaFVb2wfbMgtSHYrW6R4+IV/5Wn3IMSEcD7dNELzAFppJbAUPM6+mHq4UJ/meyj82A/VPHg==
- highcharts/12.1.0/indicators/cmf.src.min.js: sha512-ONT47xtIFRfZBLW+YCkFGk/c82ckdVcz0XKAuZ1CHbUimGeQ1pp1tFGdXw4Ze4j+424ATRU7c89bhLLc+NaLEQ==
- highcharts/12.1.0/indicators/dmi.src.js: sha512-JtbHfs+fQDf4Oa5GGtpP4sU1lwDWzksjbfaaplBDDw5QACBj/u54vWO1rg+yxpPKGMzdKUFhlW+c82h4pL1BLQ==
- highcharts/12.1.0/indicators/indicators.js: sha512-Fx/ET9qEPnOfzt/JtBz/bIsB29y8LqJ2W7VAd6sYh7G2rcHhViKnJ0SF7awJo2wVPj0iSCIbVv1rBvQ8Ng+iSw==
- highcharts/12.1.0/indicators/dpo.src.min.js: sha512-bX5jezt7WpbqLW/fpOWWVVkfjHLaNx+/iC4AFGb8iygVKVNwdNq2DXXoqka+CL1oLjrqtp1kE+T/7T1V0SNdSQ==
- highcharts/12.1.0/es-modules/Series/Column/ColumnDataLabel.js: sha512-qHauUaBRdo9BdR8KelIkpt1SM601xWtmt7xkmxu9BFksRhBB4Ld0oi+UmhCkDVtbwsmBXV/xXTGXrSDzYXLHlQ==
- highcharts/12.1.0/es-modules/Series/TiledWebMap/TiledWebMapSeries.js: sha512-hUvGP1nKHuVl6o1NTL0+V47lF5WCDS6+KZGVWYHoGHZgtdm6Niiy9lSQ2IjEDJL6jBIVLzIsnJ7On/8jY1Xy8A==
- highcharts/12.1.0/es-modules/masters/indicators/slow-stochastic.src.js: sha512-Mx+6J6kb9DaDtttOtpSVfN5JRiUHrR8G364CjjPopvclkPYeRswmUSw4bxLhxx3QzHeNWgLfNc6CiK0OKqQ3qg==
- highcharts/12.1.0/es-modules/masters/modules/pareto.src.js: sha512-V552tpS9MWFRvBRA18VLnyJJThgCmxvRKax5ChL4m2MwfhuTKVQCrEeXkfv9qVcqoTVgpHFweOBFjVmfCma/WA==
- highcharts/12.1.0/es-modules/Stock/Indicators/AroonOscillator/AroonOscillatorIndicator.min.js: sha512-JXrOd2YJaEA+CWOSkk6yYtuZmnaUhwFe/nHRbCqJNvq/7eNReJ3hYmmz19zJ+R6aT7MMwNocftk939vOcK+TLw==
- highcharts/12.1.0/es-modules/Extensions/Annotations/Controllables/ControllableRect.js: sha512-4cWm7PQVNRuk2VJMufT1zmiT2mOG1en1paZUH8h5FAHfE6ucESbIP5hKgMKv00oVBp6GjQUNz5HP0bg3v7f3jA==
- highcharts/12.1.0/es-modules/Extensions/DataGrouping/DataGroupingDefaults.min.js: sha512-6gtTIQGLqK2xaqmBefWaOJLqJ49FEH93Cxs4l4n0zTwgbRZqOX7Le3MqYUasrLCmhMzaKelsqHR1vgq4SQbVoQ==
- highcharts/12.1.0/es-modules/Maps/MapView.js: sha512-7caAIyazbuE0UthMSMdiB2CX7XzcTz7EczUdovmX9ij6cthVINhOvJ3qHNgI5UffBb6lcnSFaraI58FentWM5A==
- highcharts/12.1.0/es-modules/Stock/Indicators/ATR/ATRIndicator.min.js: sha512-m3hp4C2R/QX6ps4HUad3mHkTGfvwOnGcEugeh1MA0MgVLcIc/Cx3cD4GFZkut8SyaILa3eEUok3Kk7iFNSbRwg==
- highcharts/12.1.0/es-modules/Series/ColumnPyramid/ColumnPyramidSeries.js: sha512-ggGB9YA93unUETAQN+zy44MoekPRejCziwwaQkknscyY101Ubed/X8TO6l2R42fqhYTWlgx4ZHzIN4ZORjXPJA==
- highcharts/12.1.0/es-modules/Stock/Indicators/CMF/CMFIndicator.js: sha512-JXgtNv69FNo1F2460X9gJVcE2XEEub+DwuPUEf7NCQqTO+aCsB63Z4Rwk/IYrh2nIBQuJwRNvaDstLY+F7rKbg==
- highcharts/12.1.0/es-modules/masters/indicators/acceleration-bands.src.js: sha512-KZNXsbSiEmDSqT5KDweYZ6KYPeitJvyLB2tiWtq9IOwhwRR+bbJNkfod1TAT6iiiT+7DP1GCxd8A+/LDLsUGQg==
- highcharts/12.1.0/es-modules/masters/modules/sunburst.src.min.js: sha512-lIkYs/4hv0rCDBZK8b5lGwtCUL/DaXNI9P3yT0W7OKTBU9gO+XfHYz3aVMgA6JQmrUJ1d95poBxH0ac/c6vRtQ==
- highcharts/12.1.0/es-modules/masters/indicators/pivot-points.src.js: sha512-QAe3RcC62q2MW5i2v4SowVbbmn8K4+tDaL6Ar0seU3hGQJlTAWOvwcU8pPPuBW694ILTTlJP+Qefsitp7d2zSw==
- highcharts/12.1.0/es-modules/masters/modules/lollipop.src.js: sha512-bg6fhKAhQM7AANFahYm4K8gB9cTcb8wEM4kbw1wyin409B8OtDxQiqIpTNQzc0P0rna67YZRZBfnyfPEibWi+w==
- highcharts/12.1.0/es-modules/Gantt/PathfinderAlgorithms.min.js: sha512-pXh9TUJ2qWI/gSG7vV6knaid14IsHGpIixXWE2x6BDOt0Z5Ntpv7mRi8z4wJCIk3un1p533/zlYe3H05iofgEg==
- highcharts/12.1.0/es-modules/Maps/MapSymbols.js: sha512-KecDXRwU9uHsw2hiJTbP6mKyJ/vFHgQZ4kMz21maigqu3KX+nGa449HFG4zgLo/Y1RGA3WtxlYkrOllfjg0qLw==
- highcharts/12.1.0/es-modules/Series/PathUtilities.min.js: sha512-8ttK2FjWV15pOlhZKYhVrcyZxYsj1AcHfmgfAzRdsQuk700ynTS+WMkvLv5yy7Nfn2G1AztetlevJIxGMG+xrg==
- highcharts/12.1.0/es-modules/Series/Pyramid/PyramidSeriesDefaults.min.js: sha512-YIOruMS06SBVLRYCYyvkDDXv2oDI5wUM5X/5wf9Rvl5w8qGqBvJZ3wqbwZGPQbHKIUGrKJsKheA1nJRBQtK1lg==
- highcharts/12.1.0/es-modules/Stock/Indicators/CCI/CCIIndicator.min.js: sha512-Ntj6gp6TC7Vj3+bgP0qJ4+x+zwbXgF4uu51w1+lnLuySd70rW7qqljX+tpTsbp+5NfG++LgeBkMbJcMCaW+Rbg==
- highcharts/12.1.0/es-modules/masters/modules/series-label.src.js: sha512-/LnFCMLSwAzYDa6eZZ4YGfl3BGxUnz6UnTx3YiOmnhxDS/0RmVhWoDi3mvPYqpHHOwawieBMbYXYgpMnCaOUoA==
- highcharts/12.1.0/modules/lollipop.min.js: sha512-JAAwtRu+17fpNVZEFPaTEgig7ewsSfzFlxodyaFZcYf9aWZ+cFOLOY57Y3jf55TnRBm+JgK8R8SE4BvdH/9vUQ==
- highcharts/12.1.0/es-modules/Extensions/Exporting/Fullscreen.js: sha512-/Kw8r+zlzwC50WN0862dWYuTd/F/MG7lVQKqHbU+Tk5NmDtyjqu9E1LFw/s3qDGbGQks1nyaEaWx5WrGsassnA==
- highcharts/12.1.0/es-modules/Series/OHLC/OHLCSeries.min.js: sha512-nh2l12bWs0/DRYhEkLqX5OB5dS3+CwitOiswNZH6HEe3w48Vuop6Tab6TkYLbfgatVvlt+csSbPs76emUAc6MQ==
- highcharts/12.1.0/es-modules/Series/SeriesOnPointComposition.min.js: sha512-UkDh/Oe6ra4Li7CXv1k+oxb+BFC9xvE1TE4OP7KJXYct/kj90zguaDLPrJanvNJmFaUDAiOy0A8/jzXEDX2XFQ==
- highcharts/12.1.0/es-modules/masters/modules/broken-axis.src.js: sha512-H5LpfpEacuRxf2bCqOMA8eUTRCwCjVGTCadEtPyCC4zTOFDg5JXjG72wQWSaVALdD43MM8c88Kt4Qd7/An5O6Q==
- highcharts/12.1.0/modules/dumbbell.src.js: sha512-JSF2hlFqjWIZP7CNPKwBIHx0gXtAcefJnF+F6hZUYFVegzNLJL2Ca9DQbz21pYqokimzHETSZqRlJ4S3DcpKyA==
- highcharts/12.1.0/es-modules/Core/Series/SeriesDefaults.min.js: sha512-JfUsWDSx+hG63Zxsjd9D7a4KLclmHUmcZW4aPHlxt00qHG2nO7S+On6hxmx7FcjeDeJeOveaFOUzUKXtTAtUUw==
- highcharts/12.1.0/es-modules/Extensions/Themes/BrandDark.min.js: sha512-Cd8NX4Wg4B6eARjDtQk9ccDyfQS9WykEDiYvNE7QiOa/9iZ1YT+p/TSxGQ82LZyG8Ibf5Dwgf+HX2Tx78SeI/g==
- highcharts/12.1.0/highmaps.js: sha512-zLXI/9/OZ7QDhy2sQ5Au9E7CY0GdsfV3g6xhQi8D9e7xLRnSvkF+k76K+Fl8uPBvBTOj0APbQtuRWOoxymzzyg==
- highcharts/12.1.0/indicators/price-channel.min.js: sha512-lGNHrwA4robXX9K/u+iYoJE2NS7hXNcpl79nRhDd/BMgW+rHaeKMm/YX5GIFvEtQVPCA5fPlAEbmGUrCKo0owQ==
- highcharts/12.1.0/es-modules/Accessibility/FocusBorder.min.js: sha512-IKzwRgMJ1QD4ORt1s1+5kbqVtuEHJ7aoE8HLBVFBOCetIg9DBrUccd3a9FbhcILXssfKsiX4fQ31wCn7Y+Ghtw==
- highcharts/12.1.0/es-modules/Series/Scatter3D/Scatter3DSeries.min.js: sha512-qR1GGcEmHd+z9MRyFurTla8IESKnNVXcmXNW/khSeNob7NB52FVPm33F6OaY20zEW10z2xmrzgOMJY06g/5S3g==
- highcharts/12.1.0/es-modules/Series/Wordcloud/WordcloudPoint.js: sha512-8Wp7TTJxWBLa635+WeWBDJBM2T9/qNfzS/80ZP7CCsVd+K8Up1l9uoK+V6aWkzjNin8jJSzvPwv+Api6I0ywHw==
- highcharts/12.1.0/indicators/keltner-channels.src.js: sha512-Q5+0b9KKknBNk+w3D8US6XT7FJM5Q7cS5mu+MA4+92U/b6+r1gyq6slZkpy98UVhYqe8k3nEkXVAFpdu69OITA==
- highcharts/12.1.0/indicators/keltner-channels.src.min.js: sha512-jK+w1wUH6pC19dJu46j0HuAx6JDkmzhIJSv7hjz8oPoh8aFeCwmu18pMaQspKq2+HvzoFlPJlmKkSwoPCw4FoQ==
- highcharts/12.1.0/es-modules/Core/Axis/PlotLineOrBand/PlotLineOrBandAxis.js: sha512-hArc2gbylBX7Mo+hm5SRRhg7pzi7yEEGbl/OaT34y0lLW3o4AVD7O8oEXzpv7HryuJPFufPBlAWjUwlCVdjoFw==
- highcharts/12.1.0/es-modules/Core/Series/SeriesRegistry.min.js: sha512-kPm0IXCGJL+fKDFXmMOQ7E964vKz5mKerjXK/qvAkekSNmZeMqDN2Wjro5zZA04HQU6fm+Wxw+RkhrhdJpE30A==
- highcharts/12.1.0/es-modules/Series/CenteredUtilities.min.js: sha512-GD1ZMWqEJpeQaI0GiWWIgyywThV+cm/zhHj/cCqk2L2NLZ84Tu7JyO0rSuR7uPniIbURc7I/JRMYIbt8Etpwww==
- highcharts/12.1.0/es-modules/Series/OHLC/OHLCPoint.min.js: sha512-EyqcEzKIAwt7r+YvM1HOv3aNmRKtfhzqo7iNB1RaokwPpEHakSiFIHs1yQPhTp1QrUgXVuZsXR6PyqTS0fPhGg==
- highcharts/12.1.0/es-modules/Maps/MapPointer.min.js: sha512-OGgpdyaiTNi3RALKmRAvt5BB8BswJmeQb7ucq9/BApSjv4gAWkJXtH84aztZOdVBE2RcPIrBaYQNrLG+s834pw==
- highcharts/12.1.0/es-modules/Series/Waterfall/WaterfallSeries.min.js: sha512-akjRwOpFshKxQ3F6HoY1atJTy3EqlI3FzccRCBfzvGG6M9Q8aFRpN+3TMRQa1tKYI3JbGuTr34WzxOOkU6XzBw==
- highcharts/12.1.0/es-modules/Stock/Indicators/RSI/RSIIndicator.min.js: sha512-bpbxiNCLf2+/u9eYjvKBSqBqJj9InUy7wr8ntYteHv2+4+zLXYT7Kgrmzdk8B9fiJhs0WqM6U1RCUHIo/l25lA==
- highcharts/12.1.0/indicators/psar.min.js: sha512-fn9tUEiKsCEMEuAZBRTvYD0++4RIl+CoCnPVkPfcFaXBkvMbtEiz/iaXRsAzrrsi+W0ps+tZ8T8vl00n8WrThQ==
- highcharts/12.1.0/indicators/supertrend.js: sha512-zP8aCpdxnbG5t8NS0qaV9KW02m8PbrdwoHiiCST3ygOhLfEmgfGdDp+gAIcHM+oRBFtUZUgA8BQUK+msZboWuw==
- highcharts/12.1.0/es-modules/Data/Formula/FormulaProcessor.min.js: sha512-xZT+Jgk3LGHBaUq3vESIdy3nrkqF2gC17KkEC9An6s0vftQWbtfLL8NUfdNhkKJsBteKO6oMZwlKhtZYO7VFsA==
- highcharts/12.1.0/es-modules/Series/Bullet/BulletPoint.min.js: sha512-e8wpKVwu2EPmWyyiplb7vMIt/qE6nHsCi6Mmq0aw0rRgPn7NXdDep5bggy8D2ZKRNz0ypsAuCMFV1igSfoYRwg==
- highcharts/12.1.0/es-modules/Series/GeoHeatmap/GeoHeatmapSeries.js: sha512-XqjXf/u0k+e+DfOPDw7XELL83JHkiDdsf7SUfRfsg2DbIR4uJPvh8GaGqqonassW98QQ5ohMv1pE4puYSi+JsA==
- highcharts/12.1.0/es-modules/Series/Lollipop/LollipopSeries.js: sha512-zocKu6tpLf7HN8kvATfSFQ027XaUh/22Vl5y7jKtGiTQToeQt1Ys9SRGZ93xkIHShD3XzzqJtTO72G0pDeaIDA==
- highcharts/12.1.0/es-modules/Core/Renderer/SVG/SVGLabel.min.js: sha512-rrn9CAxoRXcJdzI2G9t/U44OHXgJ3LoyfuykKWWso0RstLdZnM+EGDuRmZfmeipfE6rgc/XlZjY1/PC1skwrVQ==
- highcharts/12.1.0/es-modules/Stock/Indicators/SMA/SMAIndicator.js: sha512-C1I8O/oNReUSSSBveQ+voHuTSlwHnb2bhCKB/R/nWmPsg/mBRzC2JpmVp+wjBya02nrN+7+PNRYnbUQM3opfIA==
- highcharts/12.1.0/indicators/tema.min.js: sha512-S+0x6mh8B6AEYEf2K92gRIzTO/S8ANNa/A0Ha6/v1aA/k6LoGON9fr+pQTPZyqaFLUF3yHcLm+b7GnA1PDQkQg==
- highcharts/12.1.0/es-modules/masters/modules/variwide.src.min.js: sha512-QPTWi6mBtrgc/YkayOEFicPlVZ1hk794QvPI/i7HcpbmHB/tiYFu4NFFpLzH/Ak2AGPDkgkPrZD8OUiMaEzIfw==
- highcharts/12.1.0/modules/stock.src.min.js: sha512-UW2wlBPvWZebXttViPYOFRSGbS/EjmZygPX8C5Ub+YuWgzaJF3FKy1h4bIPeGe0WAqyAbD6E8uumikAvSWc/3w==
- highcharts/12.1.0/es-modules/Series/Bubble/BubbleSeries.js: sha512-mt5jXFN/l75EsYy07wqxJAfDPEuxd5yzABFwccRhKBipaGdZZsi2mX5b2b3y8nhzVN0wEWDb1j2pEsZA+tBc8A==
- highcharts/12.1.0/es-modules/Stock/Indicators/DisparityIndex/DisparityIndexIndicator.min.js: sha512-MNMhMAVtrr80c8mVm59rZ3tdcBjut4hV5HYBIrVQluqSb44l1glH7jXA0u1SP2E4i4UUML1InzIxtBciDWDYvg==
- highcharts/12.1.0/es-modules/Stock/Indicators/Stochastic/StochasticIndicator.js: sha512-ePMZgdU3X7aMLzwkCgEqThrDodrifPY6wkVtSfKfTO6j5Wn4uzQcIPzdxIPB5wAzZiy87lIWGfODJ/i6vJWfNQ==
- highcharts/12.1.0/es-modules/masters/modules/map.src.min.js: sha512-OL2KWZ8rP4KT2XFbNhBRauBd5alx7pfxWcgEvrNkiIeqxZq/GlQXbKcCM2p5DtN2UGN6dcAUNyibjC8BrLzuRw==
- highcharts/12.1.0/es-modules/Core/Chart/Chart.min.js: sha512-LoMFpuJ6tHSsweMF9zHOarGTRuWylum7uukG0571K4Fh4Ie+byodyQSuSq1C8KabvokLeyMxl0Oa01rmY0beLA==
- highcharts/12.1.0/es-modules/Extensions/Annotations/ControlPoint.js: sha512-TlgE49gotmQyKSJ2h8Ui70aRGoG9hQYQBngrLkiV+xZR5lBDgLs0cIXrqE71iyF0i3Ksz30l5iGkIYFE7XYHdQ==
- highcharts/12.1.0/es-modules/Extensions/Annotations/ControlPoint.min.js: sha512-Ezj/1GQnvw1xQ/AObyvO0t6dUsF7WSDn7AD+EB2BuiCKEqLLY7ruZDHwFzqRNwzn34tO748CD0yNhojn5j2HnA==
- highcharts/12.1.0/indicators/dema.js: sha512-NPohdXgr7YrU1sIksRlSczV8I3xjNcqMhP/5v781PMkLd8U6EweyWUd4jGxZgu43KCDMBf6J1M2L0ItM6AyLOQ==
- highcharts/12.1.0/es-modules/Stock/Indicators/IKH/IKHIndicator.min.js: sha512-HgOjySBk12ilfogq13YkzK/Ua+6rUvYom0mRt89nz0mqSXbVDYkNN3PTiLEz2UnQGN/wUyERzGaOix6JzuYUVQ==
- highcharts/12.1.0/highcharts-gantt.js: sha512-bV1sxDP3PJG9KHEh8BeoZBc0E4AqqmSziDcFVZBXn47irOefjIQgeOMLoPkDP6HRwUFVl5e3oXHCPb0a+UPl0g==
- highcharts/12.1.0/modules/streamgraph.src.js: sha512-XLSg/B7gVxglEoNjguxanLkN5JH/fRuSVLkej6ibCTDm67aoEpItU99qlaYqnAMBClaYFW6XCyWa9PcOMOehXg==
- highcharts/12.1.0/modules/venn.src.min.js: sha512-X3TAyaiZD7/wy+jxuleM8DzHfKFpJSMNW1mg+FGpdbnaoQOQB+iPt+0i1HDgkHaQ30yKJXdZWJOP3Q6FiZyQ/w==
- highcharts/12.1.0/es-modules/Core/Series/DataSeriesConverter.js: sha512-C1vihwitelhs9uzY8sdsVp2erFbCuDeTKwdgj5VIY3NlMgLaTdpCa5l8bQFmsIRMDKafxvKjm0Opi2NguqDBUQ==
- highcharts/12.1.0/es-modules/Extensions/Annotations/Types/TimeCycles.js: sha512-tFKCmebr8WT3LtgSapnPh0w+c9FY3CuZB4zwO8IrN+c+4WD1THMX9tjtg1c1um5EKGb0cUQZC6n9x4TiW2KLmQ==
- highcharts/12.1.0/es-modules/Series/Networkgraph/EulerIntegration.min.js: sha512-DrUOP16Q4VDmLcg/D+xEsPns/ticvkuke9OLb26u9uCD86jWRYoK+KMg8mmVLZYnxfSDhTrMZvFPFo0PhQ4Q2A==
- highcharts/12.1.0/es-modules/Series/Wordcloud/WordcloudUtils.js: sha512-BxzGAnJ8tOCKSKplOLaDdwDeu4HEHmMgaPJkKTIkJys2k25uaqqGFoQyoAjj0rDk1H+gIEu3JKZ3kJUFHiGYNQ==
- highcharts/12.1.0/modules/data.src.min.js: sha512-B2e8+JWsuLl+UHq1f+ZHHULJCiGr74V17cHzVUIwiA7RQrfQjivQZxbuY6v47OmZ1u0LIzxAowA35dH0GY0jfg==
- highcharts/12.1.0/modules/variwide.src.min.js: sha512-QUroFGLuZsyF9Fk0ANKQAOc6a/8t5cpKNcgOhgqcutPV1ge8Chc04+Hr5Rnbe7LulcMpv44O2EkYIaOQkE7Cow==
- highcharts/12.1.0/es-modules/Core/Renderer/HTML/HTMLElement.js: sha512-iNwvzhJgPWyfdLdJeRM81IVJ8UeeDnMt+WhL+W8g0IUYkK6EBM0zxsEHsGDdDbQRM5xG+vUyfrlrZ2SxH27hmA==
- highcharts/12.1.0/es-modules/Series/AreaRange/AreaRangePoint.js: sha512-808z6pPJSt3Mwo0jnCgDjU9fv21iYUsdks4x0N1ddM4oL3FP73T6HZ/ES+FbWqicdjUWFoc5+GHnjH9hIxPMMw==
- highcharts/12.1.0/indicators/atr.min.js: sha512-/7tCNH9qwc2fZaBbC/6AHzzk8kBDXQGb+jydVPi98jbnSu5j2KsoU1QSzTSCEb/GJoiGk/ozd8dWX7yyQuWS7Q==
- highcharts/12.1.0/modules/annotations-advanced.min.js: sha512-HBaQhrAe3DP3mnY6x6CjhFSobTsMpPDkQvb/5B1d8j/wHVYxIBNNp0MpX578Q/mJJPpjKAJUizPWoqblsVM8+Q==
- highcharts/12.1.0/es-modules/Stock/Indicators/Klinger/KlingerIndicator.min.js: sha512-k7XD0GulUq23fKn9R6Cgd3zi7DEPx/B7U8JCSBg+dL++YHjNrncAkVzCy2susJjlEg3pZoKKZ1naAzKEp4I+0w==
- highcharts/12.1.0/es-modules/masters/indicators/dema.src.js: sha512-x9MnDnhD+Fyn4JSdCfJj10USaJJLcp5omi07ugNapupspNruRhyogzN+Cq46rOzEQ5pe4sCAPxKByxAZnTdrYw==
- highcharts/12.1.0/modules/treegraph.src.min.js: sha512-vBToj6CuxSdqY0Hdkdj9+GLBnfR/N6F3s64227sr6f8s4aYhLJvBdr4KXdQdcLZzfs8Xfcdvv8Jw0nh8FAYr8w==
- highcharts/12.1.0/es-modules/Accessibility/Utils/Announcer.min.js: sha512-/UUysseGw9LNm0HYRIlR683yOkKeUiyQeM5re0ovpHoOCla0brVdHCAZYv4vLYE9jlsfbLe7DYmEFboQUmCzlg==
- highcharts/12.1.0/es-modules/Extensions/OfflineExporting/OfflineExporting.min.js: sha512-hCISeF18ejpQFSnLAu6NB5eBDVW4t8yExwTrOBbV54j4WJtIbOTyg2W3CQYLOunm0R9bMLxaL5mDPyXW7Z2pwQ==
- highcharts/12.1.0/lib/jspdf.src.js: sha512-Bw9Zj8x4giJb3OmlMiMaGbNrFr0ERD2f9jL3en5FmcTXLhkI+fKyXVeyGyxKMIl1RfgcCBDprJJt4JvlglEb3A==
- highcharts/12.1.0/es-modules/Maps/Projections/LambertConformalConic.js: sha512-vG14/NBQECtzEbia31vjR3MtXr92CML7jCd4gBrG1OnyezH9mzzkPA+k0maaxANZVH79d11RY3yTpHaOC/3Hgg==
- highcharts/12.1.0/es-modules/Series/MapPoint/MapPointSeries.min.js: sha512-A9e0dm07NhoSFV6hDL1D1OeIENUCldDzi2uCBaVQ3n17NGFcWeNT4J0jh5gqWQkDez5qN+2TIG4tLaIZVEh8rw==
- highcharts/12.1.0/es-modules/Series/Scatter/ScatterSeriesDefaults.js: sha512-iVb/nemeUUpSvGCt8OxiA1aEcSIixNP73FBFBDS8rSoJGV80PkQBXdstkT9nHvLE+MKZ22PuZtriv4e/pFXUEQ==
- highcharts/12.1.0/es-modules/Extensions/DraggablePoints/DragDropProps.js: sha512-8b6/qEhSukVpmFrllnn9ASJWd6CPl+t5svPdM794+ZozSSQKqK+s1G74xgIHnVE6utyAt5VZ3ft8fRc9fDOCpg==
- highcharts/12.1.0/es-modules/Stock/Indicators/CCI/CCIIndicator.js: sha512-FoM33Ol8HdB7lBmPI1kt+AnhkfdnVHL2SsG7cvRGW4fRhoab1QAvfwvFWSFfy93oYfgEVEgpWHU4rxCSdf5hlA==
- highcharts/12.1.0/modules/xrange.src.min.js: sha512-/C+kpnQzRJpJwhhygmY+hUjh2bLbI8zgKTTqFoRrYJWOTh8obEuXpwGCuu+7UTbMrxjCot7Nb1Opf9eaEvpSfQ==
- highcharts/12.1.0/es-modules/Core/Axis/SolidGaugeAxis.js: sha512-kR3++F6tLcCVvCHoqLNQE3JhsEPOJu6WvXBNWRWlClcWUg8P8rMCfiiweD8rl2wh4fmACx+4fynjxB/uUiALjg==
- highcharts/12.1.0/es-modules/Core/Renderer/SVG/SVGElement.min.js: sha512-qhAyqselxMvFFCwJb3pMM/RoQTfq0c1CTr4iQOo6b/RN5w6RmjXcvNVu2zAc9TSP01AzUo1P6lZ2v27nr/wl4A==
- highcharts/12.1.0/es-modules/Maps/TilesProviders/Stamen.min.js: sha512-ZHiBxlzyZulriluJ+5yk41k9EzW2jsZCPPqoFP9XqzrS5FDywbgxQjPKY8odb0A7ZAX8C0fuArr3bRVV3mLavA==
- highcharts/12.1.0/modules/static-scale.src.js: sha512-4dNgimu6CGjkLg8JSVtpVcBbQ06VQefjSLfSftmk3KutGm4tq9oYExErFhlMRUkkamw6E1rR95N18y0cENzDdQ==
- highcharts/12.1.0/es-modules/Accessibility/Utils/HTMLUtilities.min.js: sha512-/LegYbv4X8AikQP857eN4dqag1t7yfRgHNjB3MI88fX4bAXY/Xiy+aPI0lIJ570712IE87S4JcCAKP+RigmHAQ==
- highcharts/12.1.0/es-modules/Series/DependencyWheel/DependencyWheelSeriesDefaults.min.js: sha512-wxNPxDDz36k5akrQY/R3X96785HLhW1uGBO/gIQNB3b5bXOljsNJZ73sDifqUnuOSy8/fH+X/aqJLvWLeFwVTA==
- highcharts/12.1.0/es-modules/Series/Networkgraph/QuadTreeNode.js: sha512-iH4emM89Me2dypidF26edVvkOL2gTD5RlVFLMQbrEV2LE7XOzP0h0/BZZNvGyHrTlnyPAw8GEnWnlwjZ0R4ntA==
- highcharts/12.1.0/es-modules/Core/Axis/GridAxis.js: sha512-IJ1hGKs3WRIeB/TPwVDl+jTVDnrXQ5KJmyZxtT6t9E4jvQ9t1v+PEZxla68NAvDWCpTzhYlqUf9+42XwHoF7gg==
- highcharts/12.1.0/es-modules/Core/Axis/GridAxis.min.js: sha512-KM2H1840kE9qGpwjad8ncAccn0KBaYeG4CYAV9VCytLAgXv1SRoW4MDarFBNqvuy5AqZTHiJVmlZf4Kc+0gwxw==
- highcharts/12.1.0/indicators/chaikin.src.js: sha512-aO8Kn2atMng/4F0A4wIoTFQxKqYRK4WILufcwX223lBCPB6XSTLDrsT80bTbIuageNYaRjJdpO/CmkUhhGIvHQ==
- highcharts/12.1.0/es-modules/masters/modules/accessibility.src.min.js: sha512-iBTg4iBvvFN5v/sCHrSJh4vAcSa5a7ltNFsMvgJf3rsheFdGlmjoLExE80G5ozN/bHep65uXKnyTtxDdYL9E3Q==
- highcharts/12.1.0/modules/textpath.min.js: sha512-z2qQgrhYVd97+18Dnup1dffYmpvXbBL2zzlIwBnMAZXwBZRzl7dtT5Uf/Bk5XEzYpTEeG+OrgEwCJ4/FOVVNCA==
- highcharts/12.1.0/es-modules/Core/Axis/NavigatorAxisComposition.min.js: sha512-2TTYD6r9KVu9d3ZSIiNt6eOYOatbaHhxdGlEPM5RP6FsluNiI2MVF75vQYfL+QxdJq+q2Cke4S7agA3WDxOtWQ==
- highcharts/12.1.0/es-modules/Extensions/Pane/PaneDefaults.min.js: sha512-0LZfYS4oTCdjvXB8D7XKl6WkbH8HhouD5hwufHtZBfgaylHIZb4SZY9Bv1XCHOkGctZUpXzpApvDhjgetC+suA==
- highcharts/12.1.0/es-modules/Extensions/Breadcrumbs/Breadcrumbs.min.js: sha512-rJWUSFDOcmwjx/UjgoRcQ+ywnindtOXuCh0Kh6sj2s5BG/92LOWvv3kuBfiWDtAlTUykmS50+XQ06BC4ynmZGA==
- highcharts/12.1.0/es-modules/Gantt/Pathfinder.min.js: sha512-cjZI187Eut8EIkwJKB2CY208SkYf3e87VFR+6HPg5oYKOucg1AvsZ7ngPhHvoSSGiQUHk6pCqhASCu0EbDuq/w==
- highcharts/12.1.0/es-modules/Series/Heatmap/HeatmapSeries.js: sha512-ePs4X5PKYAMvlYnvu1pWasWImqqWnbLm2yCKP5H9ThCww17W2XKBJgLtC+9ndXoNLQyJKTdQmgILuWZFSMHwyA==
- highcharts/12.1.0/es-modules/Accessibility/A11yI18n.min.js: sha512-Ci4J0DmZm/vy1FAsVd2KFGq5mg8HNjznmeZiGudJQumRRrNX5YoGegztpaXu13W+zK/V/x798plxU1YXlqHgbA==
- highcharts/12.1.0/es-modules/Extensions/Annotations/NavigationBindingsDefaults.js: sha512-Pk7aS9HQ00NVTOARPsEvnZlmtErhXWHSGpk2Mt10ZOvf/Yq5btlpKzOQjxPe+vq6qkhwPZ/AFqAAwWfzxgFhUg==
- highcharts/12.1.0/es-modules/Series/Networkgraph/NetworkgraphPoint.js: sha512-Dba2yahyaWjIuk3lRZjJgOeYZxuxMqF/98YvBqhfGhllOGgcRgVSZTMInQvNEHTsuV4jDNxMtOhrGtaRquStZw==
- highcharts/12.1.0/indicators/cmo.js: sha512-3F0hlkrtYJNoT34yeqYszx3NwRKRrpvHynAYpUzf+KDxRqrKZQyr+G/p3/kPE4a5sfPjVUdTB7uD6NsE7DVONA==
- highcharts/12.1.0/indicators/price-envelopes.min.js: sha512-rzYe+3tij0YXst/UsWiSdO2+P4rylMcwdc2l/xrJwsMzLbDmx/rdeSmwg+Qc9Ta2KyRlsFcyfvnPLqea/35Wjg==
- highcharts/12.1.0/es-modules/Data/DataEvent.js: sha512-ylLgJ/ANyMlx6BGuVYIzMOUw+rghDu/WjN6bGi9nJptPZ2bvcbcVpDR8gC2mrltee7UiQQ56UxoN9FPQNQ2Dxw==
- highcharts/12.1.0/es-modules/Data/Formula/FormulaParser.js: sha512-1A9CYYcTDrEZzYqoaHh6CSqqJeE1q10/8t0bfVw7q2Ri2BDmzWjf5RaV0qO/ZFCdoHZaAa8qyHDZhK2y+Z9h3Q==
- highcharts/12.1.0/es-modules/Series/AreaSplineRange/AreaSplineRangeSeries.js: sha512-UwfVphAdqvmMqVxhPA56brwdRN+7Rjecx+DJiFdDbiPE82X3XS2vsZKLCYmO9gqWwV87WCrPKvWghfMJXMOE9Q==
- highcharts/12.1.0/es-modules/Stock/Indicators/Aroon/AroonIndicator.min.js: sha512-Tae0Upbdqts8y4O4mh569fwD2Q4Vx7N8qQMcxS4xY6snd5zNnaHb95iRiUXp3sVLTzu6HsSmrZXLzDRrBb+tXA==
- highcharts/12.1.0/es-modules/Series/Pie/PieSeries.js: sha512-p6uREKU7LDofh76/WzGb881iQna9upRZO0b7UIRJKxyJ05Wk1+uLDHAsLfvbd8pMqQzrrZ53AGk4GCiDIH1PvA==
- highcharts/12.1.0/es-modules/masters/highstock.src.min.js: sha512-xHbI9BWCAroTa1MgehFhv0I8jm+SaXxBi6NDQ8EE764QhcvqPHxyJhrSF57lfJ1agSMJnYvqKpkCD/QdJ2mHFw==
- highcharts/12.1.0/es-modules/masters/indicators/dema.src.min.js: sha512-VVcWBUde3n0spuFUZJppgSzgl1xeqFdnbtkiNadLCIx+FSGa0FBxHKW4wFzZcEBLef0esMhHQK6QRXioy+THuA==
- highcharts/12.1.0/es-modules/masters/indicators/vwap.src.js: sha512-k1oesPxIB2qFTpqCQrGVALQmmDTWWQuUBggiiudlQF6YDl+Ec8k0I/n/YoTTKgYKskBhdIBf1dqB/G/NUkcSVQ==
- highcharts/12.1.0/es-modules/Accessibility/Components/RangeSelectorComponent.js: sha512-cAfrcq1FEnp0vlIyW4JUXk0iS0wPOS8KsFccplUTQ//3JnEUzKNux2gc+eyRWSI1/OW+Yr8nEcrjYSJ+eBb3sw==
- highcharts/12.1.0/es-modules/Core/Chart/ChartNavigationComposition.js: sha512-16xglI6SBgi2Ryasx2QeqMSUqDaOOgBZFATPOc1lLtj9BkVKo1LLb4x/FF9VJxBDNxtt4GOIECR6fITKTdOEsg==
- highcharts/12.1.0/es-modules/Extensions/Annotations/Types/FibonacciTimeZones.min.js: sha512-nK8CRL6B9eKYZelPd2dQfzHq2cQfBaxGN4PKzMCak2HsH8QZ8hru9kQOC0M3+ozzEja6MvmEF/6hYLhMguTSHg==
- highcharts/12.1.0/es-modules/Extensions/Exporting/Fullscreen.min.js: sha512-tToPNYBEFYtiVYnLnNOq6+SJryYAlikb+OrevzknCLu0gssmpO46PVM7Pz1kxbNmJ7/wMbjTDXe5s+RnxVRhEw==
- highcharts/12.1.0/es-modules/masters/themes/gray.src.min.js: sha512-b1wRKEg81Rl8uBmFkWGztgRUZcWU2rKKZQ7/+vKh6TeQ9LTSaO5I2c1JsJlDj5qSw+cGP+itxLP6boIG/Q5Rlw==
- highcharts/12.1.0/css/annotations/popup.css: sha512-uaIWTRjpRCEGQ5dd4UapH/Pm19yETmNRlE2AcwIgGlbyl9LSojBJ1BJojO5J/hMTEXRPnF0YsAiQNSbBSMw10A==
- highcharts/12.1.0/es-modules/Data/Formula/Functions/AND.js: sha512-32D7qU81nIa1RcUWvhWicHATuc9m7ZlRiZPlWXADmfxkFJtfDapKiNNyZqIhbCRyAixrOJkf/u2/DoxNR0o9AA==
- highcharts/12.1.0/es-modules/Extensions/DraggablePoints/DragDropUtilities.js: sha512-+hnkHG0+bcmUuL0IcUca/m/GWd6hzkwJNMiU0WVVFrSgRy/qBuF+9ekzCt+wlkBCdlmjxuUCPPXPVAn3N4ZuLA==
- highcharts/12.1.0/indicators/price-envelopes.js: sha512-d4w7+XVa5tSz/2ywV/J6IVyOTr6xRkNu0dycV5lS6XOGbrX8wQJXB3/6h1P1P/54Sf7NSxS5GyTGXbonSxuv+g==
- highcharts/12.1.0/modules/sankey.min.js: sha512-v+Z97C8MAtdYyhCpoTScrl7CnQzlBkNWBLTqNAmBaXTAHDiP0PxOiaS7VJKnkvG6Mt5duVZfooUt/GsXsxSUwA==
- highcharts/12.1.0/modules/xrange.min.js: sha512-jB4IQJgvW41EiHt32KRUuUKYb3gHbc7kWgB700VSjKmNT27H3QKLwRMKQ+dbkwVlrGpT4dJRYT8pUWhoV/O+0Q==
- highcharts/12.1.0/es-modules/Data/DataPool.min.js: sha512-U0FpvPFXZI8oA6JOVR+kq6jsUoh92P73+CMxL46+YhYPXHs19/xD4pKg6OTSK0WE5hnEMottNzYOYotHYnpOiA==
- highcharts/12.1.0/es-modules/Extensions/Annotations/NavigationBindings.js: sha512-71zUfnC3Lo2coy6XrOlF/eDGCPxT07+ftv4SlZR+aJEGhdxIQ2EqB+IemF3vIlwIJnyBA0m00UZ3a7XjDYEeGw==
- highcharts/12.1.0/es-modules/Extensions/Annotations/Types/Tunnel.js: sha512-3N5pgg+O3s7aG9qMByRAGubMn906jQF9Ck6Ch6rsov1yaXOReoWAcw+btSj6F5pxbekxW39IP0cjBhAQ5qDRhw==
- highcharts/12.1.0/es-modules/Series/Timeline/TimelineSeries.js: sha512-GUIjatOVQ2UU87n7vcjdjzXsTFduwZdos4N8RiB60BPgdBbjTaQ76FZKriLd66/2Uv5ufRUF9kMBljLzAZBEiw==
- highcharts/12.1.0/es-modules/Series/Wordcloud/WordcloudSeriesDefaults.js: sha512-3Clq4poR4cvqOpmaEP12HiZDlfkhARnBFeEPSTEAbjcxyjCJcFBLVnxo4HlC4NhV9ZAd2Vc4M0Wj8H+WHL4pgQ==
- highcharts/12.1.0/es-modules/masters/highstock.src.js: sha512-zOBf3p/7QWvyQSyEf6M381bKeo2UGH8HbZIGrlkLGKkxG1DaYM+GiDJ1tbnqx/ZpUKBVN+BKoKnBCHcvy9kKNQ==
- highcharts/12.1.0/indicators/disparity-index.js: sha512-3/pIspyIEvZ6TT96wRxGY2TH4HWiTsAcbcrr7zoXQmL3ZRPW45c5s+ldophRg8FG5r4jztUiXRI4eWoJwHVugg==
- highcharts/12.1.0/modules/streamgraph.js: sha512-35J5IOhCQ8r+6zGEBrorLOFSe2zJcgDkLz5Rd/odPOgBYuBD5aAegOCZEdlT83H72LBljrRZQ9jJy7AHVURtxQ==
- highcharts/12.1.0/es-modules/Stock/Indicators/DisparityIndex/DisparityIndexIndicator.js: sha512-vVAkaE4x9CebbT/KYgV8si5lm1srTJT13+RpbE7A1tokBoHYb+6wzDXH1L+QoxeejeFiwriaufksqun7VKDuXw==
- highcharts/12.1.0/es-modules/masters/modules/broken-axis.src.min.js: sha512-NbKFSMzCCgSzZRKEjMdKIUwkGPvDXFucEd4hbY6q1kJSQ14R+LCkwM5X3YO+IUDnieee1LU1ezzW9DUR9lSwNA==
- highcharts/12.1.0/es-modules/masters/themes/sunset.src.min.js: sha512-H2B97oJYyE8QSfGdYBdpxDKMjeNk1hBZigGvI1GbyJ1/WZbNla5yl6O5bJZQuk2weErrchB1VGBLW9llLFH6jw==
- highcharts/12.1.0/es-modules/Accessibility/Options/A11yDefaults.js: sha512-vNIZ7k//aiZJn+AQs82SG0ZURcJ4ikUm9zjDrrUGBA5Of9pXumd6g0R7RK6FPD4uwdbtpAJThK6idTQhbjauUQ==
- highcharts/12.1.0/es-modules/Extensions/Annotations/Popup/PopupTabs.min.js: sha512-kgPkseuBMn1paCWeNcDZfGXSJqhkE2wQMwUNHhNzXDFeCPtxHKf7JjyQ7+EbUEnSVLb4bygGFZfK+3TDOAyuTQ==
- highcharts/12.1.0/es-modules/Extensions/Themes/Avocado.js: sha512-xNhyrn1T6QdRCupFfw0pjodAnjVUakaTk5At45KrPEdtd/MiDcVD4iazqVYVwg3DGvDAkoLgN6K4vp2IXAlaYA==
- highcharts/12.1.0/es-modules/Series/Scatter3D/Scatter3DPoint.min.js: sha512-+aaBolD6c2zP25apCE5Y9+6w9HQR7mCF6k1HZ1KbTaZr3fhVOpWYT1ugdDwpJLpVFqXFTDUmi3lLWr5WEF7PdQ==
- highcharts/12.1.0/es-modules/Core/Chart/GanttChart.js: sha512-f4R0yPSIFO/f+9kWTKHRT7CWI0M8ZzXl+gZ6zX6lhy5O9LqY1WIzfq3iiLaHrIWamJLjSVPV5a33QOG3dbGM+Q==
- highcharts/12.1.0/es-modules/Extensions/Annotations/Controllables/ControllableEllipse.min.js: sha512-4utcQ/odbkVBJDPrpy7zqp63NCVylRksT6eowzfGHQyKWHGRulutf9miPSKiK087mdUFrBXvEZfCqPqEdz/CFA==
- highcharts/12.1.0/es-modules/Series/AreaSpline/AreaSplineSeries.min.js: sha512-0YsH6STPpGzEwHbHgKWUrxdaUzUwAFa/VN+s1HBYlYEA5XP4Hw/o9WYoAUk1/fHyB1cbY24bQvrczxSDe0DR5w==
- highcharts/12.1.0/es-modules/Series/Timeline/TimelineSeriesDefaults.js: sha512-8u4iy0iSxvTUt4DyuyVwlzlhYkYE4AW89ARmYTAH6zPuf76wD0lgMPiC9fvvMnnxvZ2TlzjovAww/h+StLirNg==
- highcharts/12.1.0/es-modules/Accessibility/Options/A11yDefaults.min.js: sha512-0yvmzruLerkr+go8JCf3tfVmj4iFrByC1/D1eoxrKmB0j123bxdJWu/v1kLYQ9HItDY41KAcZV4tDnrzbdsS+g==
- highcharts/12.1.0/es-modules/Extensions/Annotations/AnnotationChart.js: sha512-TW5wsqLhc0nM4X9e6V5GmntBbYFeQB+F1in5XKHw6wOPxZMFrrmLVaU8Q4HfzrzknL9/LPHAH8+UhOMNhPBTXQ==
- highcharts/12.1.0/es-modules/Series/Column/ColumnSeriesDefaults.js: sha512-bn68dR3j/nIMaErTzEbO4Gk3RV4w7KZx2n3YwsGFW3jAYbrujEB/BqWsnSrGiVbiZGvfTQG6aZg0sHuOObELPQ==
- highcharts/12.1.0/es-modules/Series/Cylinder/CylinderComposition.min.js: sha512-mcCMx3tvwvO75g4qiGPvZ6XN+79XLQ/GacCtsTbMw1XmtHKgmKWuqU1iXfq4O6K+xOtgukWyTp7sxb3EK7v3nQ==
- highcharts/12.1.0/es-modules/masters/indicators/natr.src.min.js: sha512-967jvTVvO8x9ZvxShIQs62MM01S7W5niFVA0w+iMQMGOEYbQOosJZ1WWSq72sJLBwUGMpB6MUV8hlM45pnhRpw==
- highcharts/12.1.0/es-modules/masters/modules/annotations.src.js: sha512-aBhGt7Wn8LVcoVOWNqrF59RdYeUs5F/Tq3ZJ2J/Txh0aNRaoO4DqVe6XfR4j6sn5cCyc6tcLk7Uwf/ot2Lhn0Q==
- highcharts/12.1.0/indicators/accumulation-distribution.src.js: sha512-AWzCg+vNaToG5qbYYlm10wL9U/kVnczl+yXMOEDVIYWeWj8duWQTL+YSOtoXdZ6wSmK4r0ZMAekH+xpZ9nMQ2A==
- highcharts/12.1.0/indicators/ichimoku-kinko-hyo.src.min.js: sha512-JnqPEb3p7y8T8nrzlbsUrWMv/HBd3vIeqRjARtVu8HvqEEFSsBuEJ/bL5W9ueYymSAS0akwzly5MvXnUtZv/Pg==
- highcharts/12.1.0/es-modules/Series/Gauge/GaugeSeries.min.js: sha512-vuu7MxtExd091IHQbGsx90q2cgrBBiLZdS2bCJ12LU926lqUZdq8bsWx3tx23ZAXom2mtMUZ7veaiUESD3n13w==
- highcharts/12.1.0/es-modules/Series/Windbarb/WindbarbSeriesDefaults.js: sha512-K9a5VaG3mRB03xgRvlC04j0sMRgHVm7z4x4R/x7eJw8f2VD+ICOIf6tt0IqsayPcnUUR+YBmpLf1eNlYemID6Q==
- highcharts/12.1.0/modules/solid-gauge.min.js: sha512-qAarDiUSmOdZ22D2wch5gvUbJyPhzdsgBMy0rmzEfvnTHWJOgd6gnVFsTlPh8poQHLrycGzqrQSq/FKisJmNoA==
- highcharts/12.1.0/modules/wordcloud.src.min.js: sha512-wg5ZauY4wNChiNAGYO5/Po5XNwZ2POjpXUo8JWHhIWYl98robh0juupnAy2t2342o60iZYJ+g1g7wHqORYrbHA==
- highcharts/12.1.0/modules/export-data.src.js: sha512-b4tScnb2B2XZcE77Cgb3NCxeFKxFicatok1c3PTZPrgMpOGuxJ8pbtYRJS/aFTVav8YiNTjcofnHRL8mlNV2Lg==
- highcharts/12.1.0/es-modules/Series/Scatter3D/Scatter3DSeriesDefaults.min.js: sha512-3Qm1gTBf7aW9jN0qmhlQ9YSvVEMaU6ZDWyJF+ClMaItYP/XnJ9PcNs/6peGefQu2SmADh8us/LI2Tk+r4zK1KQ==
- highcharts/12.1.0/es-modules/Series/Vector/VectorSeries.js: sha512-sR1MgEXpNSOnvkQzHW5sNroWDPqZdzAV+OZoh6YIrRudsP6XZZTW8ioObrjyeXNvGes8OZJnaae5x7e4GJCMxA==
- highcharts/12.1.0/es-modules/Stock/Indicators/PSAR/PSARIndicator.min.js: sha512-h0vW20bjzEQ3BM32q+7BBiebsxusqBiD9i181gwQVHwjiuUr7Cr/t8DfnzwtW9IVkYWKS0+Et4FDZXfLlP0MKg==
- highcharts/12.1.0/es-modules/masters/standalone-navigator.src.min.js: sha512-BgjluCgS13+5QW24bw6wijvLvr5kiRI0l1oY+QV4fkAOhCLq8unDYhj1PaWSbpfTJChgYIDUl6+C+6lle9Nqag==
- highcharts/12.1.0/modules/dotplot.min.js: sha512-pV3OWnek0FfN17sedaxPSwIA2i3dRyxHg4xJBzNsyJsdY0jnS8eUSILt57wMB6CtUfE/zwIrHWE+sZuv4NSS5Q==
- highcharts/12.1.0/es-modules/Accessibility/Utils/HTMLUtilities.js: sha512-fHjL9TddNvXcsOfs5MCK0O1yoBI9eFeKtzOfQBjzRYJlrqs/+ERGoU9UoF16VUXNPwiH1UtzspRKegs+q9BC+Q==
- highcharts/12.1.0/es-modules/Extensions/Annotations/Types/Measure.js: sha512-eh+4iGR2o3bo+xq7874IuU1hsi2iJcS0PtEmQnyhKRJBeoEZHDO5hfMOvK0SskF/MqjuJGl7Plj1I/Y3atcQ0g==
- highcharts/12.1.0/indicators/cmo.src.min.js: sha512-hc+dLplKAbl+0dXAKRpUydLTIHYpDeFkO5ZTiaSqHlpGoNSseC/TCG/1qseYcp3erHu6t8G+I6QYtEFY/143RA==
- highcharts/12.1.0/modules/draggable-points.src.min.js: sha512-2/hEliPkXUSsRnhMMkjcUSLs2tI/EHTp+P81kZ4aSO6rBviwGI5p0asxhw4lhftnGLjR9+k5HRxFKM1aRm2E6Q==
- highcharts/12.1.0/es-modules/Extensions/OverlappingDataLabels.min.js: sha512-w++aATrfi9N+03LisaZWaEqps07DCpxTBYDHAMB51nF2p2ezuxd4vZg3UqYXaQAadO5mdh+/e66ZaMN0EBVmdg==
- highcharts/12.1.0/es-modules/Maps/Projections/EqualEarth.min.js: sha512-vfjmc5wcTyP5W5I2a4gp46O94YrgE2/LAgj5mfl3N/JYalmjJWVHcL1wxsCUDD4Gd29Xz2LtG+F0HRGsjYSnug==
- highcharts/12.1.0/modules/marker-clusters.src.min.js: sha512-FMBLpn5L2ZJURm96j25ujAtqzzfxuCFEjg6+uOd8rIXLQKZNCoADt/Bq6QklzD7N+2DlDsm0zTT2hHlAf7kgpg==
- highcharts/12.1.0/themes/brand-light.min.js: sha512-d3Uv+VwmsmZg/Q7fxpg6CF4GslLheQK97V8wP2R6oAwSJF6bRjFZaxUOWmIPwd3GqNr6o2rd8V79Bk8zoI+3IQ==
- highcharts/12.1.0/es-modules/Core/Chart/ChartNavigationComposition.min.js: sha512-S3PtM1vCB39L0nAKv0niQTk0+TEtcbh2TXNtH9hKzEkTApqPv90DDfug6mot6mut/wHxBFzjoZkE0TytRJHyHQ==
- highcharts/12.1.0/es-modules/Stock/Indicators/TEMA/TEMAIndicator.min.js: sha512-Lxi66Q3AUkPp3GDqKBjnharzF3YGBRQ+cL8aOAyqttSxyr4m+14A2kj+1wC+Gg7XrNnrxR8XrVK1ZO/Vv5kgHQ==
- highcharts/12.1.0/es-modules/masters/highcharts-3d.src.min.js: sha512-dWpgd5vnsugl3juYzDlEDXDIaWDWSJlrroSOiE+BOfrxXm5fT2Hj4H00D/o25s+NBpEdAGU9rMMweJiKFl5Wpg==
- highcharts/12.1.0/modules/pattern-fill.js: sha512-0cJ/TrvLnTgk+ofHJK+FtKMCLMsC1dSCfM5Sn3WVoMaRel5qg5anPAzX4NTLXTqHWnBHSswElZ7b9MNggptmOg==
- highcharts/12.1.0/indicators/supertrend.src.js: sha512-Lz/BLIWPrVyMfIa3L3HYbRtABS/xlOY/F6GjIXJ2SMGqr/ptvb59z/ML8s5Y5fgEUjNR7ERG6qjJpVEMN2V03w==
- highcharts/12.1.0/es-modules/Accessibility/KeyboardNavigation.js: sha512-gs9OaQAi0o8CCpcjCwtlMzgCdInNicxOz88LmqvTgBo3MD5PEHdZxuWGuSqQ22vX+HA5bN6gBKk+4TSkO1Vgiw==
- highcharts/12.1.0/es-modules/Core/Axis/Color/ColorAxisComposition.js: sha512-lu2VQtZ52+ccACD5LVQsOX4zTtmumf2VXty70RaDk3oQv8t02oVvzHJMzo2vI8kCIP1gaU0X39JUZuRyISNWAQ==
- highcharts/12.1.0/es-modules/Core/Axis/WaterfallAxis.min.js: sha512-wxpHZsc3eFW2bi4bHuwfAygZWnNFFaroc5CTBZNeweE0YSh6rpyG47lCxT/X2vGZVX5xPtEm+dAwXNvCR8aoUw==
- highcharts/12.1.0/es-modules/Data/Formula/Functions/MODE.min.js: sha512-lLzag4bl1eI/4QOnj9JDo3GXpzF5kRDo00hSds5HtNKLDYLtaW8zyjRukCX+iChuSQy7GJoftbP/0u9SpiqV4Q==
- highcharts/12.1.0/es-modules/Core/Chart/GanttChart.min.js: sha512-qKM14ZdzQCVY2nSOAQ2/B3Zs7Ku/tRuS2WkzFtJ5XO0nOz1MFi20/VWPmisiaUS8K6RBDBlNgPklz8Z3IehCWA==
- highcharts/12.1.0/es-modules/Extensions/ExportData/ExportDataDefaults.js: sha512-ijOuZ0512VjDFm5DRO29226iOnHKxp0ZczC4r2pWMjPWwfg4por74C1575MRfLr8KtzB3L1M+YH97l4UJRocYg==
- highcharts/12.1.0/indicators/trendline.src.js: sha512-1LJued7URPrFfIEtTxld1z+cpbcftsmP0AUF+Qymfyil7OuyhqdisspHiI87OiVQK10NjGfMSoGDcZUeKAWI4g==
- highcharts/12.1.0/modules/heikinashi.src.min.js: sha512-xVDl3K6JagtGwjWArqR0tuzrWk/ARoIucHUOrAU3jzwWiVKhQEYrJZxQx6+XR7ZV7ti4Y5fSK92ymHGGSpLuOA==
- highcharts/12.1.0/es-modules/Stock/Indicators/BB/BBIndicator.js: sha512-/HiCAJILJOfM/z6t6ZXW5yRRnox4HdG3jJXEzeakPAGnODXfuzsmILBuTOyr01qo60Dh4hbNPJfEdy2f0yWl1w==
- highcharts/12.1.0/es-modules/masters/modules/datagrouping.src.min.js: sha512-UvSvvaUp59r7ingYE+pXGcBbWgvELyt8uPc0zPyD+2RBIprBJsvrwDLSG1op1RmnFnh65iG5vFI63eEJIQX0aw==
- highcharts/12.1.0/es-modules/masters/themes/high-contrast-dark.src.min.js: sha512-on0PmKaxOOb80msMaGy5EXERvsquY8TZc5T3/rBtrI/drIF96ARJTdgR2c6oi11ozCSS8Vkv5jT+eQvWSobBOQ==
- highcharts/12.1.0/indicators/aroon.min.js: sha512-cpsX+TKuqDWKcZ0J1NiCUBdRcHYTHQ4r93CwLK2EAQpGd6jU0aq1cdRyGsPeYNNUEOdNfn2/iEX0TEp44zhpig==
- highcharts/12.1.0/indicators/rsi.js: sha512-WVGQ00p0ywLZwUASKMO63gFS+q2vxD1x0AZGDp/Au5Ats9ZfxnAtOLWYkfHz68PDiJ81awSfRSPsLvR2Ge8fNg==
- highcharts/12.1.0/indicators/supertrend.src.min.js: sha512-x3ufBugoREHDyHVXOWeoypjMeK4LelMEfgz7O3oxaP9sy5eTHBySZSh5YUQozH+oB21fM6qch05kjlqBnTdzyQ==
- highcharts/12.1.0/es-modules/Core/Color/Color.min.js: sha512-fTP4ePc8RQ0j+FIVY84hoTwGxvZKO1tdO35zkFUkhNLsWj1UVp1uQHeQTGQMxUyoj2Q5wQVzQCKpdeKRDPyoRA==
- highcharts/12.1.0/es-modules/Series/PointAndFigure/PointAndFigurePoint.js: sha512-XooM8BYu1kmgCd5wMEpVW0dID5viTMOOgEYPffoAssgiADJ4KtAh57J6G29LxAMFkawYF+ZmIsry4+PkqxlDgQ==
- highcharts/12.1.0/es-modules/Series/Treegraph/TreegraphNode.js: sha512-ezOOhW31DvPb2mEeBf1b/gbWlKS+qk5AXQAdJdFs+ZlbZxek8hBCrGU2K54IKiJpnFCJCT0zl79YenRji1hi6Q==
- highcharts/12.1.0/es-modules/Stock/Indicators/LinearRegressionIntercept/LinearRegressionInterceptIndicator.js: sha512-uddvwjD+piZfu7jZ62NBzpijNVquh6usItzcjyPL/u1CG9Ee4avsW356wDUVkuhn8glOm6ZrvxtH5Xmm/fXKGA==
- highcharts/12.1.0/indicators/ppo.min.js: sha512-iVh7IWzoa5Ci4QYHBWZFzfEcapyv/H9e50wdNuVRV59GYLiq5KcQ/fZ9H+nxHhCv7KhQ4uRLOmRCmbScdXN9Ug==
- highcharts/12.1.0/modules/sunburst.src.js: sha512-U7SHP2pAVd86lOQILT+4ir6h3Ek4kgVPwecluPoFNVR9q8Dy7QpDCbSlJT+2l0lR1SpYvJJO1c2JW61HVnhw7w==
- highcharts/12.1.0/modules/overlapping-datalabels.src.min.js: sha512-F+4WWOwTGXPZl1fa0JTP4djTvFMkdlRVu42YvDiwXhqkg2pvDVMpF0dnMs4JUB0qvYr0STpnA56CCgFkR8TAeQ==
- highcharts/12.1.0/es-modules/Core/Defaults.min.js: sha512-PPpBQ2YIdCJE3pNySd7Q965c1mVZ3+fFWviUNoJnH8bGxfi0gVcATEz0bs0IAlTfdKeKvaa2zwgTrq2fBdB/+g==
- highcharts/12.1.0/es-modules/Data/Formula/FormulaTypes.js: sha512-uRLlWzkKY2CwJ0CMRyw4H48ALhoWN6ILSQUHyggpAbzztLir9oZwZtPXzzM57qZi5aTIoexmitT6u54yMM9T6A==
- highcharts/12.1.0/es-modules/Extensions/Debugger/Debugger.js: sha512-jI+Xcz25rBVlK/KSSLK/sp/ijvR1HsLKHRXndN7SWTGl38fv8PrbsHnYHrlNZ2BPX2QeDzcyNVh9rgDSCnUj5g==
- highcharts/12.1.0/es-modules/Maps/TilesProviders/Thunderforest.js: sha512-MjxpssYpyn0RCjyoMZvR3qTcqtq1+yXROmQTvf0cALstAkqEJU8ZQE5mjkd8Yapa6RaKUOr1PSIVmtna/Y12rQ==
- highcharts/12.1.0/indicators/price-channel.js: sha512-KvOlnbAwxEhHjcIi9b+pwryx4Yf+pY0kjPDctz1tH+gloICWl/+EilWI9XrCspZVaCvtlmrzxW2gfLFMolLvhg==
- highcharts/12.1.0/es-modules/Data/Formula/Functions/MAX.min.js: sha512-z7U9gthKIUckN9pGAP5f9dhN1VgkltplQNDAzJZIqQKihwYaEWx2qv5bkkppZL60lg2AoAG+j+IEoGVgyNHyow==
- highcharts/12.1.0/es-modules/Extensions/Annotations/Controllables/Controllable.js: sha512-ZyO3XrwlZL6Ag0FTbn3tSUd0xLvdB2J2Bl+9ghUe+XEuq+jpVXH0EmxoepCss7YOf6AwbeIyY2ivu8CsVUSgGQ==
- highcharts/12.1.0/indicators/obv.src.js: sha512-A+f6tgg7ZjKPYI0c3aTJQ6NaZcUDIZVNtvPr+ACoZtyJoh9KJvU8u/tcveazIfsM3xHxuW+Vbyi/BmP4NlYoPQ==
- highcharts/12.1.0/modules/networkgraph.min.js: sha512-1BlQP9MO/g6vbjefZL7g4J8dAupiI/vKcph8Yeva+T18SCgRo22VAT3LkKWYcH5sz4uFOKJ6J8ey5yjWGIlFJA==
- highcharts/12.1.0/indicators/apo.src.js: sha512-bHTBD5FG+OvhgtDskZdc1wj1B/fWVHQx8EldW+Zb/PnYS3eDsu54otyTh8iOWsub3jwPleYFQvq1Qio2HqFeQg==
- highcharts/12.1.0/es-modules/Data/Formula/Functions/OR.js: sha512-4Q0m9PMNtQzyntjhbNr9+dL9Gj+zyiPpNdUzAUbmQbevEajwMGyucKRQzW/zKpsOOE2bVm18ktjhocbScrTDgA==
- highcharts/12.1.0/es-modules/Data/Modifiers/RangeModifier.min.js: sha512-/NSRR00jKJQpxxMlVQWMaO7BGqOeSIsCGij2tL1YAR7bjXvqNikhGMrA+XmliWuIlmCXV9wCTFHpKqJIjco2eg==
- highcharts/12.1.0/es-modules/Series/Sunburst/SunburstPoint.min.js: sha512-WDQikQ75DnrCu5bvswn+PDnLZItxjjh7w8BmjB5Ur6WjfsPWWdXspevsaty8hKwde21stMeYjDxbldzD2haz2w==
- highcharts/12.1.0/es-modules/Stock/Indicators/CMO/CMOIndicator.min.js: sha512-L4V0VNJd5WJIzDDN71G/NHJHYBalz8wWfhovPiJztkkWoGPc6R6oPY4aOFsLt5NrHqZJ9OjzCElv478uevPqsA==
- highcharts/12.1.0/es-modules/Series/MapLine/MapLineSeries.min.js: sha512-bcj9itgsemXv6CX+5k/1lzzuBGSDYOiiOslPfhl3XImv5HyyDKHxOlQFMImdVmM/tr1Sr0k73FdQE31yHYgO8Q==
- highcharts/12.1.0/es-modules/Stock/Indicators/LinearRegression/LinearRegressionIndicator.min.js: sha512-Cw7s3hQ5QUmnvsFAeQUsSuzGnpvUosGRu+HNzt86PXp2BHX/GLMu9+o8q8liHn5Vf2utLkuAEz4NqaWMLxV97Q==
- highcharts/12.1.0/themes/high-contrast-light.min.js: sha512-ggt6YC/AOSbtqvRo+oNL6pAn/JnXx1T6+iNik4IAY/D/4R7c6TvBUQtBinAdj0I5oztsuK3A2Z7kZydiEcZMkw==
- highcharts/12.1.0/es-modules/Accessibility/Options/LangDefaults.min.js: sha512-JBTHujZmWuS+UhvzthCP0DwjN1r4qaYGmb1Er/AhFlK3GNmPEent0Vi6Yah0Majw470TgKpBWwt44E4Sv4K2Pg==
- highcharts/12.1.0/es-modules/Maps/TilesProviders/LimaLabs.min.js: sha512-sxFLJXtsVXTeUM5BlrQtBujCirQtcfTYPD1lhrz6RU5lLK3uSTmH29Povtie25RsheA6TXsO92Bg0tUIX1uMRg==
- highcharts/12.1.0/es-modules/Series/NodesComposition.js: sha512-sV2QLU5jtskI/1LCc6vpuh7+AQAuWxh6P6iNp9shsLyQSW6RCbu4yF1GHwRWF4BJJUDnm6iHPXbm/QqN8vaNiQ==
- highcharts/12.1.0/modules/treegraph.min.js: sha512-UPumzh0HMwQXcSyDRo922ObmyBGbVLHTrOJ0QNpdjsQBDkaFAgkaV63CLGC6CtrxqbtFidz+mmqXT5zfo5h2TQ==
- highcharts/12.1.0/modules/broken-axis.js: sha512-eV9SZGLgP9Jk3uRtZ+RqvULjVhaR3iLKPuKPCR5hcIGXKQQW5vw+4aj96W4jqKoHVampMvm0ibwvx+E9algguw==
- highcharts/12.1.0/es-modules/Accessibility/Components/ZoomComponent.min.js: sha512-gvh1cX7ej/WIdGCbfYqH+azzrnOzrlBk61B16TM2kKm3xGJ4T3HtzCMHk+1DK+FiRneNQCBTAl80uV74qLn5CA==
- highcharts/12.1.0/es-modules/Maps/Projection.js: sha512-o7clkoEOzuggVU/J0czyunlEQr8v5H9zP0lzd5Scrp6YxuVmB2wFP25McGvNDaay8UCb2ZPYVx/rUfJLl6pkjQ==
- highcharts/12.1.0/es-modules/Series/PackedBubble/PackedBubbleSeries.min.js: sha512-sj9WuT/o3nyuNJgocynXyk6z28IcBPtApXRSNgqHZoA10Ugnl4PLhPs6uA8uhCc1U5I4bw1vUx8iNMeX/ZmJCg==
- highcharts/12.1.0/es-modules/masters/modules/tiledwebmap.src.min.js: sha512-UCc/rVSu6AcYbLfn9g4qBpBV7ITBXDGQnvgALSP5gu93R2bg/mWB5DXCdA4Cu2O0qlDTNGeey69slRiV5oP+XQ==
- highcharts/12.1.0/es-modules/Series/FlowMap/FlowMapSeries.js: sha512-E9rGV+u+Sadr6j0lpcXrIC5SP4gAqmeNIAASi384ACxRlOl4/p/60SKjbukLaE+hG8Gj/24W3/XXtiLnZDGJfw==
- highcharts/12.1.0/es-modules/masters/themes/skies.src.min.js: sha512-Ti3iKZRDdI9TGZGiGcvCnhz9SNW75+3wut4X9XHozm6G4fgFXs0yGaapFsS1yp9XFWvzZqZ0QcdEJ9LNoIzZ2Q==
- highcharts/12.1.0/indicators/accumulation-distribution.min.js: sha512-AB/CffNYDHlZHPxt6Ag+mkb0zpVFMe+g2whmsjhs1AJWi2lAoeqa6HTrIVXzAoeS1EnC8hDf2lOMDM1weHl6Ng==
- highcharts/12.1.0/modules/organization.src.js: sha512-kzd1uAQglkwjNshqXUWe6cGmUcPbcnpEVD3nPlw3rHQbZg1m/9SZEvyDNAZOd2juMiaLFRvpxtHQNzvAnM+nAw==
- highcharts/12.1.0/es-modules/Accessibility/Utils/ChartUtilities.js: sha512-SlBH+7gWTCu53J0rPvbS2pF76yMvnJIpNAEtwldnFljB5Bg6qfCPB9bxHic0bHhrEUAvtAeb7aPqMASVwjoq6Q==
- highcharts/12.1.0/es-modules/Extensions/BorderRadius.js: sha512-VSpbGCrIwSFVWUzPQ5K/rXABAT7zp6allnFfDt5Y5l9yTu48hF1Llbt5r6n4Vk/wnI+ymqFMFSRZRJi6vOKL5Q==
- highcharts/12.1.0/es-modules/Extensions/Sonification/InstrumentPresets.min.js: sha512-NAr3vdAqbF06TI3tIaXJ6Fg4kiOJTAYp6cMcLk2+dWluW3wpOefpfECadG69D6kl58o9Qqjo944kWP2DGnbdlw==
- highcharts/12.1.0/es-modules/Series/Candlestick/CandlestickSeries.min.js: sha512-P7GWmKjkMOHxbttdC6ZsXkPT7loUTvAZ8XrNij2TKgwSVKzZTrbRWUBN3FN7DI9xElulIxASgkib/kFle49TAg==
- highcharts/12.1.0/es-modules/Gantt/Tree.js: sha512-5j9lAerQ+koALmXGG8NSxJCshEtAUWe80RT/BB27E32Mb+eRI8LM7qwleSPAlc4fiOCDgIiX4lmvk4XISFI6HQ==
- highcharts/12.1.0/es-modules/Stock/StockTools/StockToolsGui.js: sha512-C7Q0WFeBPQtl3WA6brgcEjHHamJ1Rwm7ix48Qm2HPeLm56QhF3KnRvvDgOnUoBVVGC2zeLL+snu9b9HLArG00w==
- highcharts/12.1.0/es-modules/masters/indicators/volume-by-price.src.min.js: sha512-UKX5E/9qsHVbV8VCZ0J6W8EcKgNqE/Mp+cZ4RtDn8udqSuHKtNOJo0S3zEy4Se1SiYJeA0aNIyW3KFOeo8uBGA==
- highcharts/12.1.0/indicators/dpo.min.js: sha512-xLiR9xC+hXnbZZIGQieCSv+8yLybwNp+KzzgzgK6MpLAclBU/Fji+W3NPKIq+6h5Xe0flJsCz2VKGE3FK/Rwjg==
- highcharts/12.1.0/es-modules/Core/Chart/MapChart.js: sha512-igblvycUKF38SDiB3iXIpmaXGmtXGITJDnkyN/s4etO3r9OJN3DOfQt1RMlX96N4AYZseIVkvdhgHXNMqJaMxw==
- highcharts/12.1.0/es-modules/Series/ErrorBar/ErrorBarSeries.js: sha512-X6eDj4R4BApXcxPpXxFle5X2ax9+kkNs+jSjHBKX+d/Evc3o8znPNCLpZuwCX3ALh2ywte2q/Xo9RFBOJeuFUw==
- highcharts/12.1.0/es-modules/Series/InterpolationUtilities.js: sha512-NZ02jv0T8pXq3kX7LyIzhbIxcFnNo5oV9pNzczbRHeVnDgkUq5nnbkN1EFH+dv8j0P9OnDT7a+iBjXrE5Sz3Bw==
- highcharts/12.1.0/highcharts-gantt.src.min.js: sha512-bjwnWpdfkpt79DnWElkY0WtRAjVVtAb802jq7ZarB16WCF0ZU+7hhTk9cxBcsOIfVGGk0TL19h50h5WbWcZnAA==
- highcharts/12.1.0/indicators/slow-stochastic.src.js: sha512-GtNDHv7uelZ0BVrsrm6zQCnlL344wFcZzk72Y38P9N47pA7KOQ2Z7xysb/d2s7ucYBvOnCDY8dXFY7rPuB6cjA==
- highcharts/12.1.0/es-modules/Series/DependencyWheel/DependencyWheelPoint.min.js: sha512-yRLXgOnrUAqWuRn2jIExtChohpAlMGw51ag6YgmOPekGSaBFSZ/yRe2k6RlMBg+OI69SaV3iSJstebexx4ybXQ==
- highcharts/12.1.0/es-modules/Shared/BaseForm.min.js: sha512-k5sX3JQfvT+vdQBhQ8tniEYk03sOE/qbsrAf6NA7QQi3KWMAPp/jIBI/qScMygik2DInD18LFChO1mcgdLiAKg==
- highcharts/12.1.0/es-modules/masters/themes/gray.src.js: sha512-T/XOxMei7UY8zp896jKw63VQK0CMjlwlNeEEntYdzbWqL6nUE1cza6ElAKLKJ93LI7p0aoY5k9AGtgQvRP4AiQ==
- highcharts/12.1.0/indicators/dema.src.js: sha512-FIdLLs12zX77rJs6Xur1KAnhd26QrK+B9me/7jhqA8J5HK3OIv8WC9QAfuSPARp/5inXTBnxmG4T4RIyBb3+qQ==
- highcharts/12.1.0/es-modules/masters/indicators/pivot-points.src.min.js: sha512-2IUg9koxiJ2cHNKyz3GoGqS2rSKC8YgzI6wdzoWC2GtUt2w5HELu3/VJAOtY+iGEp6wEDHsil/xiyxP0S/cS9Q==
- highcharts/12.1.0/es-modules/masters/indicators/ppo.src.min.js: sha512-btLOIc2+svAIydXFu1u0W3fUZkBdiBnAGLLaXwC0o7WNRo9cBEJsTVbeOnXARQWZMvNfwk2c3YI0gRhYZHWhzg==
- highcharts/12.1.0/modules/no-data-to-display.js: sha512-OY/Hd93ZUN49AANQPK5QjE9V6NX6YZrt5MXp6ctJOVUL7DdQ3jisKhe365qV+JP7YGOj2BLiGo69GxYx+GJcUw==
- highcharts/12.1.0/themes/high-contrast-dark.src.min.js: sha512-D/vSDiLqr9SY1C+X8LwwOfsjaKvLgGdrw6bcyZCTyzL2gB77QrBw99PeaDIM7rzLw9tIVt6gr6H45I8tK57fGQ==
- highcharts/12.1.0/es-modules/Core/Renderer/RendererRegistry.min.js: sha512-R3zOEvdXa8FJNbhTIgQCZzejRyplw8AJxpTT+2P3G+yQHi5eTE7CjQtRQd1CEcTB7O4wPWZLU2Y8B8E5hYaTHQ==
- highcharts/12.1.0/es-modules/Maps/MapNavigation.js: sha512-iE4ZP6/nCG+VrX2pwkxvRnFYzaUywK4Y3+q6/W64ID7ykbJL8Jm0O3VIl37id4IJ8xqJ4uLys1g/e6f96/ymKQ==
- highcharts/12.1.0/es-modules/Series/Column3D/Column3DComposition.min.js: sha512-MXd/Ba5Jz/lIOinXjWGFrvmpkjG+GTw9JeGQTE0nCrzjNBXL4VnT+YyJ0pK8EmZWeAcSn8SBPOMlS1tY1w0orQ==
- highcharts/12.1.0/es-modules/Series/Treegraph/TreegraphLink.js: sha512-J8OVO3VizgmkCqUgABK5h/23peg+PKCau81NAW+b6Ol3/3qQ9j+9thyUEJ7hImzThCXwyx0GciA6/Uerr2dnNQ==
- highcharts/12.1.0/es-modules/Data/Connectors/GoogleSheetsConnector.js: sha512-8fGJuHFXbsMIqnqAtF0O2/mwUmA1ePMQZe/IQuceUuinS5CHkCS73djpmo6i94opPUG0oxeFPGsWmmrct7Atiw==
- highcharts/12.1.0/es-modules/Stock/Indicators/DPO/DPOIndicator.js: sha512-mG4nkLOWu3flt6bTWkW26UMBDFWLtOz4p6KbDqKc49OoXqbhO/z2K54qKjG6qGo6meWU0I1xayaYb/GXE2a0LQ==
- highcharts/12.1.0/es-modules/masters/indicators/disparity-index.src.min.js: sha512-+pBJM1IsBb4pqFU7oF42a4S8TPl2Oenb9leiv5I574fY1lvYEiS7dg4ILrpCVtFv3Fwg1+FExyY8vqwustqU6g==
- highcharts/12.1.0/es-modules/Stock/Indicators/AD/ADIndicator.min.js: sha512-fkko3uqFS4a+TzhszW7AN6RrxrpEPft3pyYq3gjyQcnNu1m7m/2yXcOcZDqwibuZGhNx2POIeXeMrdeerLgCMw==
- highcharts/12.1.0/es-modules/Extensions/NoDataToDisplay/NoDataDefaults.js: sha512-d6tG5ZMMRje1aIfXvS3ijk6z5FKOIq0q48RM1wBxacy3K7/YirPKvepDX9+yxkTbt3wNpTHdPkw2LM00ZZc6hg==
- highcharts/12.1.0/es-modules/Series/Streamgraph/StreamgraphSeriesDefaults.js: sha512-7BXpWBf2s1w2JdiPqX8F/3SILDyiKfB5vkZkFzTrTOlhdowBXuC5CnCXLpKbxesIqOX8aYIHLInqftZgoG6I3A==
- highcharts/12.1.0/modules/heikinashi.src.js: sha512-hHaTBMf2RRUL43tnCjog37zYXZlczfNpS5379JkIkeF7VJBHS2fhpbuisPhWf9DD5Nz82KmCIsAKJeEhrGc11g==
- highcharts/12.1.0/es-modules/Extensions/Annotations/Controllables/ControllableCircle.js: sha512-N3VXRpDGb7iHrr6zt0nFJC7f2cKXdKVpwpAaHrsmoI2sJBfCyiRy8vvYr1FHgGSJPk3HhAXnmQ0KBLKR7ekQkg==
- highcharts/12.1.0/es-modules/Series/Pie3D/Pie3DPoint.js: sha512-Z5IioC47I3vaRycHi2H6Q/cGFvj+ACAUfDlBn/wAty5+7I29VRhO+ODvJTw5SDxTXTVnsrz6AY9uiFWxrQo6nQ==
- highcharts/12.1.0/es-modules/Series/Timeline/TimelinePoint.js: sha512-qcV6MsLbVf/kA15ghGRemK21eBl34BGhYiwYPIvk2jH9N9YVgjhe07hdepxXKAGRYQZYF2t7MVjHein9FvINpA==
- highcharts/12.1.0/es-modules/masters/highcharts-more.src.js: sha512-XkMZSpVhamM5fvarqbot3+epFlcrgWJUnz86O5H7OmMV87FaIHhOmuJn2udhkRo5XZbCcINojTzcrN3jZE1GGg==
- highcharts/12.1.0/highstock.min.js: sha512-CxTCSmilWx5i+5wmzUB/0HRmNBeYpBnNMZr7F/gjFwQ//pP2h6gCQe1qwY5q8R2l8zsDetzcWzHpUl/0u3Gz/Q==
- highcharts/12.1.0/es-modules/Extensions/MarkerClusters/MarkerClusterScatter.min.js: sha512-qTM6c5GwVCydbQyngq9JIcSwTsMmIsmUFxD9PGDzbhhOpPzh9pmT+w4tz3vsehtnhll5IIxmhzk0ZOJoN88hSg==
- highcharts/12.1.0/es-modules/Extensions/Themes/DarkBlue.min.js: sha512-ZohezbMH0NUDxi3j29ufJ2Z39rIQs7eto3NlNDMZnVdn+UdBny6c2lx6iW2PDNjnqItSEgfGf80IrnoLOullZg==
- highcharts/12.1.0/es-modules/Extensions/Themes/Skies.js: sha512-OL1Mf6aw4NmHXKyk5y2sitY/PUF2l18ZS3gageWso1sWbEWJlcOrJWSH/kHXvRcSIvjqtoTerHj81fuS26STBQ==
- highcharts/12.1.0/es-modules/masters/indicators/bollinger-bands.src.min.js: sha512-o0wR8eoRHtzK04S9vMvaUiLmTEJqnVBMXk6CHQjU9GBsewl0HiB0Ab6dYFCbXi48U01guPGrWiid4s9ZeK9xDg==
- highcharts/12.1.0/es-modules/masters/modules/no-data-to-display.src.js: sha512-xC68mG+4EGmM7Rb2XWCPEwbDDvW7Oti7juoy4JiJR5fCxZf3xHygns+KB+2ayRNX64AG6WrnQfJ8amyGMgp8fg==
- highcharts/12.1.0/indicators/trendline.src.min.js: sha512-KuDhTwiRAcNviFRzH3kAuoTPcxBnrip+RoDZNHGKFW0aLE8RCMKTOcPc5NMdPLUkD3duNIq/jpoeuaVW4WlFKg==
- highcharts/12.1.0/themes/dark-blue.min.js: sha512-HrN4lhKTdxqXMjPtA7O42TGuYNIp25T4TEgZ4n7WTO9mPU9o9Vp6PxjtXW263DZ0HTIfotrMQwhcNyVh7QlQQg==
- highcharts/12.1.0/indicators/price-channel.src.js: sha512-jLI1EUyUESixtRPRUPBj1tRtD3uKruZ9JW5KDeecEGxX8VtQUOoYhP1b4P+QiSM0gYZi7cw5NDo7kEdKwFu1hw==
- highcharts/12.1.0/es-modules/Core/Axis/Color/ColorAxisLike.min.js: sha512-5IqcHVyfdWiOL6xmNba8UKR9vsU+c2kpHRbu6ZXSn5XkVhTmw9WD5IovUq8F78nx6xpHXi8MFTGX6VJ+WNZijw==
- highcharts/12.1.0/es-modules/Data/Connectors/CSVConnector.min.js: sha512-tVvzFBtI1dpTZPs/2sAf/qPS61uFFVBlkXJTpn8D9avNzmzS4tBEOfHGoKkYHcU8ciElS33kxSWiC8WgXBBWuQ==
- highcharts/12.1.0/es-modules/Series/Variwide/VariwideSeriesDefaults.js: sha512-3pqIRjbYYUYw4qCg7VizwuaIAo00dhdu4q8GVjh0+YvMiwCBisDfU8Tt9R9PXskVYGpA3Rr3d4GIO4wrCIU6ug==
- highcharts/12.1.0/es-modules/masters/modules/variable-pie.src.min.js: sha512-T56HMG3cZGXvTS/XG2HjuVf4aBs65Y07IR2A91dX3/95uYKNxcrJ4hZ+0RLSx5RWpJMM90RMwqOdrq6zRlubOg==
- highcharts/12.1.0/es-modules/Accessibility/Options/DeprecatedOptions.min.js: sha512-cZSZPQjaWiskfdqFP1qO6E88HbD9QbLe4lEMPz5mTVqP15SsrudrL6zQJVP0DXZ5n+zJMEjHCDu/BB1In+CcDg==
- highcharts/12.1.0/es-modules/Extensions/Themes/Sunset.min.js: sha512-134u5iqo0ddqMVp29KTIczEToorXZ88eO1J3rmKByWcfCTWnxqU6iqCUuL6iTArM+0Xf70M20fBKKWG1EmUfWQ==
- highcharts/12.1.0/es-modules/Series/Gantt/GanttPoint.min.js: sha512-FYb4kr2DKse24+ORLG1xgNPOFdPdQUxbvH5VZq4rS+EX+FS6vngN9JqJYwUbBouYB77UfR32PyXce9DRoNwSog==
- highcharts/12.1.0/es-modules/Series/Treegraph/TreegraphPoint.min.js: sha512-oj+UMBVqkt+WLIr58uuffILMtOikVR/NNBJz1dewXxYl0gxHXcjGgJxRUuEgOS/A1Tkfl5LbRhyNxn+xQUC30Q==
- highcharts/12.1.0/es-modules/masters/modules/data-tools.src.min.js: sha512-E4HUDQD4US1nR7hl+f7NwDdFt3bVeds/Za/WK8DGhiEU3xyoLyFOps0b2a2Yj8ix3e7y4zLceiZ3dfuxcgFX1A==
- highcharts/12.1.0/es-modules/Accessibility/ProxyProvider.min.js: sha512-yXMSmihCFNdks56uGM40En4BDwqHAtSWnqijV0dJH2MpDTzeW6Y9tcKLLSM2rMv2K3f5E966UPX3lZ6v96O9pg==
- highcharts/12.1.0/es-modules/Data/Connectors/GoogleSheetsConnector.min.js: sha512-kFjsa4EFWAHXyGjeHTwpJz6l3uLErYWPq1QCIm18c2IavTDjztdKmGC9D3U/tqW1QSR14PZgPG8BwQ4ShrFxSg==
- highcharts/12.1.0/es-modules/Data/Converters/GoogleSheetsConverter.min.js: sha512-We1wW4beAXH5oEsNKe5FDvD/ewIqIWHP6IMy75H2a6Dzhri+TzP6K5Abc9vszVWzeX3Es0w4CLPvuX/1pkG8CA==
- highcharts/12.1.0/es-modules/Extensions/Annotations/Types/Tunnel.min.js: sha512-eqakvJPU0a3/ZJrS+OYA5XPNjhMoXG0wVW1ZzHEtIMVXoxVx7icWvrM3jiGsSpmCjHi4TQUQFZx9lRGNCIID0A==
- highcharts/12.1.0/es-modules/Series/Bullet/BulletSeries.min.js: sha512-dus3J4s1RiETsETPYHzEpB+NLPwM/xayCRXwuFqjIuHQkAz2rtGR6jSuaDc7axrkiAqvRaTuH3mKFuV/CaEWKg==
- highcharts/12.1.0/es-modules/Accessibility/Utils/DOMElementProvider.js: sha512-RxG8pqto4P2qEy18D+04ktq+h1Svao7pR+0gm0nrJ0Vt0JTOi4ovSnEk1WaTZzHoh1qeH7ARAjEV2dWzCegh4g==
- highcharts/12.1.0/es-modules/Extensions/Annotations/Annotation.min.js: sha512-yirLzGIwZASM67pA0OJNWzHry7k+yhfYSp3V7YfaYJzMDetzG5C+kMVUn9R5vK1iBCl8y2QVL9HxN9Odb4m1RQ==
- highcharts/12.1.0/es-modules/Stock/Indicators/NATR/NATRIndicator.min.js: sha512-s9ZmBw3KFGYIUTazO2jvf6e+im61lzLhfV8m5AaaUV0mwIN5xkGiNxPjo7+RRPiMY7C3qUnMNyYn4uzo09e2tA==
- highcharts/12.1.0/modules/exporting.src.min.js: sha512-6U/qm2y523lW7yPZ304eze9o9JBk5BPT2ftRntuwQBqHSd7k1p9CLmcsm9vHNirbXB4wvI+8rOJp5tcpA/hCgA==
- highcharts/12.1.0/es-modules/Core/Pointer.js: sha512-X1nqbbVS1EIiim4E/vSJrHKPEoJae/aEBZC+dhEjz+WRGZkGXr+w0Rzg1pivqE0tsJNxOof8kfJf6Xi2CTzc8A==
- highcharts/12.1.0/es-modules/Series/BoxPlot/BoxPlotSeries.js: sha512-qSPCuPztRENKAukiy3bIYsP5qXFTzYymP4JEFjsbqJikwJzC9h9pGs6zDz3aoVVemGknPU7xCcmapRlei6DuVg==
- highcharts/12.1.0/es-modules/masters/indicators/cmf.src.min.js: sha512-+J8vLKe8xlyZmLn56knZOT8oGmdBHoQJ9aD4JuQozKs+pZDmsPf2UIFseKTikSwLjQb36kxfSj5BZ7eIYHpEgQ==
- highcharts/12.1.0/indicators/chaikin.src.min.js: sha512-XaHT6JcKVDh8HFQGWDTVyJ8kpPgNWWDiWLuZCrh7OvubZ1yNcuMZbyAGBLDIJYhfWGIffTKBfHIR27uPClS15Q==
- highcharts/12.1.0/indicators/zigzag.src.js: sha512-wGHHGRLdB00+AEpD+hn8xXWX75mC5jwDiXbUPC6Yg/gtuGBisPROz0A8QHqShrqCl8CMy9LjqTLWTQt9qCHeww==
- highcharts/12.1.0/themes/grid-light.min.js: sha512-zqBF9QCBosrCqYRTy8kdIHZ4RLTQPvc4f51OHyTCdK6Qui9s189S3JXdjdAOAtKY3syl/xGZX7+LC7qq0QhBGg==
- highcharts/12.1.0/es-modules/Core/Axis/Axis3DComposition.js: sha512-igRE7ArvqoFbQBBXmVStpQBOmFchxzKbzIeGqYX/m+AOU7Jyfgk2Z5wkJLGtsD1B2fmVWc7rVifuMrgRDno/fg==
- highcharts/12.1.0/es-modules/Series/Heatmap/HeatmapPoint.min.js: sha512-SsGwjr5EomhZXp4GLxKWtp6stCyFBKThhFnehWhSnrkPNmtg2YtjLqbZEmB5Ettbi41rMFfA0r0DHQG2X1+rxg==
- highcharts/12.1.0/es-modules/Series/Venn/VennSeries.js: sha512-beg21PoUeTC3mn/Cj7iu/IfM9hzoc4Qx3HsBWlgkoIRfZaSydXPOkw3ZskYTuB3TyxGxkHJmg4TWASVltVYBug==
- highcharts/12.1.0/es-modules/masters/indicators/aroon.src.min.js: sha512-kfJIcTkd6OsR1FjlrnVAwK6ObaiDt7JZyIOTmtTw6Xun46dmb7Arn8ekQcCcAOXZsGCxXQyB2dJDQwq0O7rxhg==
- highcharts/12.1.0/es-modules/Series/Flags/FlagsSeriesDefaults.js: sha512-WhB/0157+Xg26+vWV0VtW3+jQfhgNmSDOwANel0/QDFfAdqbFotNLZ1dxMoUZCI2ojvIFzTbtzRgsFObVD6/0g==
- highcharts/12.1.0/modules/sonification.src.js: sha512-oeLsC05m+1xQy9h/cOMv/O49G/mHgptD9um3LdmL55uKn0p0n98/mMpaBeG4GLGvw8nxQyzrbYkfhyAYqOJUaA==
- highcharts/12.1.0/es-modules/Core/Renderer/HTML/HTMLElement.min.js: sha512-CbvESMCoz88PAsmt80sLlGJqIkW/pCVBBFsG38BvV1CRK34Rghl514BILxMwD0HVHfE5UUO9wgpU+aj2LozAxw==
- highcharts/12.1.0/es-modules/Core/Series/Point.js: sha512-SDTr1vKnhdaaY967AMw5KKslspzifse+iOgKIEuOOF+LuQBdQmuV6I1GYrGmcljyWku0+Uhh/xQZEWYMSHCzbw==
- highcharts/12.1.0/es-modules/Extensions/Sonification/TimelineFromChart.js: sha512-QKVtTCLVa01Vw1DAnqYf3upqA3gzyFvMNTH9V437Ne9XSgShj5LBa4RjuzYsRS3DZiWl6V2d0lXRhzvrivxAHA==
- highcharts/12.1.0/es-modules/Maps/Projections/WebMercator.min.js: sha512-tSJMMSpet7UXl/LaxEjCpFX1xzGMiDMhGuqZDicYoXbB+RIGfcTPZQagHmQpBZLaZzPIwlVIJGrKey/A1C4kxA==
- highcharts/12.1.0/modules/offline-exporting.src.js: sha512-91HrfuYT6Dpo9nls49cJimvfJlwYpTc4enDLFPoVzTGUXfTSSVXSosb7LY+HbtU4Jx9V9UJd/evzUwx3QDcxsA==
- highcharts/12.1.0/es-modules/Series/ErrorBar/ErrorBarSeriesDefaults.js: sha512-fFr11EKH1q/8YtFeadTxFD9Y0HuVWkdLN60Slr8v7BPstFhlC8a19bZLi5WOuC+RnkkD73ua42hzPDwghhu1Xg==
- highcharts/12.1.0/es-modules/Series/Map/MapSeries.min.js: sha512-8CckXu46hyaWGR25ssI4naVS7MKr/eKNrSmGhjXQRTJDes7nwmzFliFKYFjrufAfN2PnMpGo7Jg/ib21xaI5XA==
- highcharts/12.1.0/es-modules/Stock/Navigator/NavigatorComposition.js: sha512-io4DbkfmVrcdYqoDOk1KcRcJGYG648CRAtvgS7FDZGhmZPQF1K7Iv2MHHE9SY+wqddl3EGoepXMdptbi7vUFng==
- highcharts/12.1.0/es-modules/Stock/Scrollbar/ScrollbarDefaults.js: sha512-la3UwL8xC78gSeCd1xsQeNzIiZ5b21XX6b8vDr+jufietoQAumTpAbg2/eQ6MjXYmG5ZMtvFFgsFysPrmnmwwA==
- highcharts/12.1.0/es-modules/Core/Series/DataLabel.min.js: sha512-AIXTmAbMl1lHy2nHJi2hXME15FoDoXCzq4IEcuhyizJQOq8sUOrkv5zMAcnIdqPsKswUfozSN0N9GTxsmyDiXQ==
- highcharts/12.1.0/es-modules/masters/indicators/keltner-channels.src.min.js: sha512-E6zhuAHkHzJ8XXAs2jKxGnPEYQKzFrC2Kz0CliHYmK/dq6VYmxoiN3EtizTaMxQQB8dWiQHowXLFMgg2BZmezg==
- highcharts/12.1.0/modules/drilldown.min.js: sha512-VU2DIP6MSTrzkaKe4GFdTDKW+P+mCbvhLyg2u4ZexS4uFEgQhRQ73ecFb0DUJlk2r5yQZmOFZzfZHucHFMJ63Q==
- highcharts/12.1.0/modules/histogram-bellcurve.src.js: sha512-krJCMgdxLuO+7aoUjDAmaNouQSgy9ZST12QlRYxWpC2kTE3cdQeojtJHOB0WNxwTUiWIglzquwqeihdb9L5wxA==
- highcharts/12.1.0/modules/pyramid3d.src.min.js: sha512-8cPJ3khFpiZ7A0Afd1fjAJ3Vh5FsGen65xblsGMMgQTrvyze+dEqdlSUVjDHU3HTbtTEFBBLHG3DsRrgkzyYTQ==
- highcharts/12.1.0/modules/series-on-point.min.js: sha512-6lONlp5VDOE6Ti2uEe8Bxq5ZJfxD+U+Er1ztRuiFCrnyAzX+Gf/4CxxYgS1PCmPnPg02ojOO8FnGbj4uTPcQMw==
- highcharts/12.1.0/es-modules/Core/Axis/ScrollbarAxis.min.js: sha512-bgF/pIg35oBdtNBuQqfjUeBvSwF1b9CsNOjhR1vvRULJEX/VLZqlBahWGZtn1fpu8FxOZPfHnSP8XwH6RmMbww==
- highcharts/12.1.0/es-modules/Extensions/Boost/BoostChart.js: sha512-q9Vjbb3NBTohwSmR8J7YRDeGsAOD0jKba2tjE5MUy1uSXSo6r1fvIEo69zuzYJtRSr2zGLTYtcAkNGzRk85qcQ==
- highcharts/12.1.0/es-modules/Extensions/NoDataToDisplay/NoDataToDisplay.min.js: sha512-RtznTtGlWO01juEeGR2B53tvqRgvR3RLMDSDR3LmwRVSJ7dC1iOYEwl1jis8LrBA1ThvlYh4yYd5JERiCGDOew==
- highcharts/12.1.0/es-modules/Series/Item/ItemPoint.js: sha512-9KjSZluqaNbAklPSBLjRclSveQWrI+plC6hs2yTtC6p/e1+F+pNZjSclm+e1Oo1FnP6qqIjLD1Visa1WUKOR6g==
- highcharts/12.1.0/es-modules/Data/Formula/Functions/COUNTA.js: sha512-TbxURHd6mzhyRa0vP1Tgp0mhjhjozftBeMtMgQpB9waPlpMgKdCaVtYidDhpSYwU3vcWBH0PUExAbHmSoEcpyA==
- highcharts/12.1.0/es-modules/Series/DotPlot/DotPlotSeries.min.js: sha512-95JnrlLaJW2f/pjQAGJk9vXd04nuG8TqWHDeUCtM4zq6ZunHtEP2FOEIf6qXTyh4NSjGPGgmGXL/cNSQ8IHY7w==
- highcharts/12.1.0/es-modules/masters/indicators/price-channel.src.js: sha512-UtpiLm07eracTPWD9L9ZESaV1GckcsIZzoW/FA1kOmFl3cthPuc8TW3ZZWp0ke1tfM02LCPW8R56sl2OMdZK+w==
- highcharts/12.1.0/es-modules/masters/modules/pathfinder.src.js: sha512-I9FK2g9RNCmFIEHHUg/cZt5R3ERVgjWK8BetVQ7CN2TZfK/MfARjqcCEt60fmGA8AWK9STAL7I52BiqgioTAxw==
- highcharts/12.1.0/es-modules/Series/Pictorial/PictorialUtilities.js: sha512-i57Fpdd9vN6x/j8CYEd9QF20tsnJxiv/K2zSdnU0eKpE2CQwdB6PKuvJOSuobRc2KKFeyZeWImUZwuVfcAPr6g==
- highcharts/12.1.0/es-modules/Stock/Navigator/StandaloneNavigatorDefaults.js: sha512-WQjAZOEz3fAxDsOR/DoX5lSrBncyLgScQ6Qs6noAXMv5TOniRe2s4rDqW9eo0iaMc//l3VHx/YoQ5aENoZnpRg==
- highcharts/12.1.0/es-modules/Accessibility/Components/AnnotationsA11y.js: sha512-7w7FuST6O5WDEyzL8WnuQZHtnKhcQCatnlJv3N/WSbYJu5l0yPfYohCO4d8dKbmT+3bmux1ZbVfQchq6l8KVzQ==
- highcharts/12.1.0/es-modules/Core/Axis/Stacking/StackingAxis.min.js: sha512-fpYimH0t3BMrvNpPAAKQ4CqWM+pJtdqQc6OShAYz9+cnsTw8MhkjfexZ53KXSLlAHquWDpN4KS3oluEeiT+XFw==
- highcharts/12.1.0/es-modules/Data/DataPoolDefaults.js: sha512-wNsZY1uLG55M7Jhzn2RP+Ja+SegD3+6wE87Lbldvi9Cwdm4MYi4oJnQ/FKdGxd31iGbKw+hZ2lzHDR9WIijSUA==
- highcharts/12.1.0/es-modules/Extensions/ParallelCoordinates/ParallelCoordinates.min.js: sha512-noem18BpZL5IRZ9W3fdVlBNxHSWFnHda+CdsB0rLtReaQ9jrL+V+lDJB7kVFmYAYZg2BJNvPSu7AlFyXb6DZQQ==
- highcharts/12.1.0/es-modules/Data/Connectors/DataConnector.min.js: sha512-xyJp1VkQ316kYvWQuusedzVeQIB4Nojqm77LP8/MJAREHDwRFC3bO1aTCjDoEQolrAOBI9z5qwtYblwxldmfGQ==
- highcharts/12.1.0/modules/hollowcandlestick.js: sha512-tj/BPbn/EW3U+77yJRUVqJpUxUg7IgfZqO5wpWGZC7iyjwIj3/O5CTJEj0ikP1h5fs8CNrb4rfXUMygo12sHsA==
- highcharts/12.1.0/modules/organization.src.min.js: sha512-/7fU+L0HfEJw0YtbTQsDeTn+Q9gmfJtKDSXMuYd94UZwqBGbzRUY34pEQpNXsXucJvqDxAoj4Ftov9Kg5rdV2w==
- highcharts/12.1.0/modules/price-indicator.js: sha512-lLeX6Q0Ln3UIz/RfrkDi9qBNpaeRkJkQQTlonRPeNrXEs7NtJzHtEUm46iAy8mfXG20Z6y2XTePwAktBHpOKTQ==
- highcharts/12.1.0/es-modules/Extensions/Annotations/AnnotationChart.min.js: sha512-oH3PYGKMVV0bAkoW5Qpd62WoICJRVKp7lCTrQoMQbri/2gOEp9M3piUH+ovsyprbGgiCkhdOQvGAf94nDFta3A==
- highcharts/12.1.0/es-modules/Series/Sankey/SankeyPoint.min.js: sha512-+B9zkDmhwI+QfdYO0sm0jeUMd4LvlbpzoDpr8JMB2eSG0CwruIic2rEkRpCNdRWrKpqis+D/E8HyhkhfNtcOmg==
- highcharts/12.1.0/modules/annotations.src.js: sha512-+y/tTQL02y0iWHcVo5VZcSyEBMKCZ/P0O+ljzbkwKS8DdlkdxITC2ijzIM3pEY87AGk9XumNks5o6hpamK5HEA==
- highcharts/12.1.0/modules/pareto.min.js: sha512-PTHc5rTiib9NLhjiLBMhVkJ/IRld0uXuU3bvdZOnmG0Fbnzk/FexakHTPW6LQxcB5iRn3kE0Iew8S/aLMteVKA==
- highcharts/12.1.0/indicators/bollinger-bands.src.min.js: sha512-e2yZg7iHBOEX0AXeq9LbDl/tszreM2+bupEoUGgZmtuhxlMSdK7l7t4zEWEl6ASA188nwbseTD8VznGNB3jPGQ==
- highcharts/12.1.0/es-modules/Core/Axis/Color/ColorAxisDefaults.min.js: sha512-VHen6Omj7kJCq0MC01QTSsbpdAPRiKNtHCM9JnIR9PTC0bdgeE7piaMfeiuG8h46PE7MX+hgjOeOE9UbPeDSdQ==
- highcharts/12.1.0/es-modules/masters/modules/boost-canvas.src.min.js: sha512-kq8AzZwXIej3GtRqHIuZnuMaN1ajI7mmNtefYGKLwqqnHnEcR0eoX16OHJf88ooOjXASCJ+zXHID9aLLDeV+rw==
- highcharts/12.1.0/es-modules/masters/modules/histogram-bellcurve.src.js: sha512-JSQw7Yoe3D4LSCACbacGdwCdBApV/Fj+WdDEkb4cOf5K9/7GS9iwcOYhpCAVgRtSmZmGe8W7ZYfR2OUOUm9E7g==
- highcharts/12.1.0/es-modules/masters/modules/pyramid3d.src.js: sha512-KeDbOReDP9JuphEK5hC3CFvWbNwUiFy9y1coJQ5HUU946JDzOdemE0q5DXn06QCC3ORy28eC87/vHXruPxbnHg==
- highcharts/12.1.0/es-modules/Extensions/Boost/Boost.js: sha512-YDdbqMjNw92CVoVZrxZnv2oHEuPWdFQlgMji3rJ3kw3cnTDIHNGeb9PmwKOAwnpZFooLIWOFwQ8YDCCw3iCiHw==
- highcharts/12.1.0/es-modules/Extensions/ExportData/ExportData.js: sha512-0P51tG04y3mLK9mp3MnOehW1pyV6ZL94ClQ7urdt2ukAzLw+OOf74KzrMnLPi2jHaT3hbnq2OKVdhWdkvNSyvA==
- highcharts/12.1.0/es-modules/masters/indicators/roc.src.js: sha512-9LMWL/4Dm9TpxUw2LDmyKwjoS+xIYetSnoemKiaZPZR+j+ISv5uTznDpM+kszc6Bza/QmqXD8DvqM1UWpmY2nA==
- highcharts/12.1.0/es-modules/masters/modules/sankey.src.js: sha512-R88yTk6kTIgAwoskqZUXrX+o7OmlwopF/WJe75DQ4g6hmGMWpEpmMbbwIg/cZO0oa41Gr0GUf+2d9KozC/ey3A==
- highcharts/12.1.0/es-modules/masters/modules/timeline.src.js: sha512-sx63xWbSbQSNjRyuLlnPElNm0r+UTTIRmWupINY4211tBGF8VGfOcAfwZ4YCI2OQanEkjMXFvz3AIZPgksFaOw==
- highcharts/12.1.0/es-modules/masters/themes/sand-signika.src.min.js: sha512-45Vj2tdzLXp49mVwRtvxQZtkPcYKlao0Sq0EgIxZkBVh6KTkf0kW7EoXf+19jLjeHPGWgImO4FfkUHgVHJPjPg==
- highcharts/12.1.0/themes/grid.src.js: sha512-T+UYWv7KP3gjO4f8TXBLh165QDsTpbcoHZ6LFNlokxgo/4zrqmhL7dllMYLiz1FBvETXJve+RCGF8edtWWKfCg==
- highcharts/12.1.0/modules/item-series.src.min.js: sha512-SJjTALo8uCCzaM2xoLn9u3ktHmR2a7X6X8dQstU+L7uK72RI2JgFFSPAoRBLCgn7Y5aUeumxP+CYiht1kcPpAw==
- highcharts/12.1.0/modules/series-on-point.js: sha512-962u2SyTxMJsTqgYxPbKXWcCZ9Czd9s/Hr/rEssNQ/NjIHmJQiVLziAlrVJ08O2KqI6Sgl6OmDymwYyrfBOusg==
- highcharts/12.1.0/es-modules/Series/FlowMap/FlowMapPoint.min.js: sha512-w/uYO/EmnGyLnlnrWyvSlNbWBZq/jql+dJOdpk8iJu4+EuBnSiYlzv1EAh4TImhAlZEAVl9lEF7rpmSNyCKJEw==
- highcharts/12.1.0/es-modules/Series/HeikinAshi/HeikinAshiSeriesDefaults.min.js: sha512-ksFCcsk4UpcjBgotYJHHWj8DIh2mJP2JqeUGJ2pr15fOv2O5tGavpWkGXCtGulvzGMT8NTSv3AwVfjTGQmlI5A==
- highcharts/12.1.0/highcharts-more.min.js: sha512-9qpw4wqMcLfwqaMcTaJR1fuTi5F18hVLqgcA/4xf3DpJZPPxtICXxGAap4lXGMe7jQlcwpqhYB+dBnVo4bxuxA==
- highcharts/12.1.0/modules/pareto.src.js: sha512-zKgd5IfgavrBiSlpYXjQVfTMskXNF8Hj2yvRITIKWD8XID59sK/HOYwIBqRAKJYJnKrMUX1+ax3NFOf023k5wA==
- highcharts/12.1.0/es-modules/Data/Modifiers/DataModifierOptions.min.js: sha512-/AZ7408MIjE2MJyRKwjNVKkJ6t36t0RVWsWdf6XMOmzlrR5ZOcAAt+WAGJ6hNt1dyeuWH7DTKM3Q0RD06/MdkA==
- highcharts/12.1.0/es-modules/Extensions/DraggablePoints/DragDropUtilities.min.js: sha512-AayPnVoNxghRqkIE3BtnJjrWaBPw1XPP060+9yHGIqJt3zHHEA58aNQ5rAIFOQx0ae0GGu30+pNibMFgJKAR+g==
- highcharts/12.1.0/es-modules/Series/Sunburst/SunburstUtilities.min.js: sha512-I9TLmk02rZUydIBlZLjrYgAI26hVcHOvDROTuFkatRg1LFx0C9ADEa2hl07QAmjIWRbQQaflzJi6OzmyG9g42A==
- highcharts/12.1.0/indicators/regressions.src.min.js: sha512-k03ViHATc3TyAaAeZiYMDA3bFXO+d2OudX6j1HHvdDeQ4Gb1j+z3q9rLmFGg08E/h+Ol0FAr13DnIsbW2yAEmg==
- highcharts/12.1.0/es-modules/Accessibility/KeyboardNavigation.min.js: sha512-3GOu2ezFYJnvAgmGedzgOvBgB4aor3jnlVXqI67TwEESZQjq8a5oXF4c47444AoHLMGswD0wEho7ZiaGMFvAmA==
- highcharts/12.1.0/es-modules/Core/Renderer/HTML/AST.js: sha512-Nw2sZLea6S9Blx+LOkJ2qp9MW9U0O9uVQ5a0vqqhgxKJ8KNdtU7uPY9qrgMrnOmdno5Gfe9xN8k6jDrs9pBGkA==
- highcharts/12.1.0/es-modules/Stock/Navigator/ChartNavigatorComposition.js: sha512-z/NuKOGsAQB/xN8YQQ43UDYZfIRk/atcAW2Rl+Kk93a26kMiODTKs7XA3hFcozphuRR+I7R7rwT1aKR1eCCxFw==
- highcharts/12.1.0/es-modules/Stock/StockTools/StockToolsGui.min.js: sha512-1SK+6ecacRYD2NflE05oKWr3hIvqD1e+CK1TAjNiGtCMxLYwBMBV5NOoZsccUqbxFmRrUJsAdSMXzKAUj37u6Q==
- highcharts/12.1.0/indicators/zigzag.js: sha512-lhpLqgP2nYmR1Rr3cKBhOgumUyqh/0zvOsXOeZODWLYrrm8TB2Z3ALTHqrIg86EcvWmULFsuqp09yDUrnizKJg==
- highcharts/12.1.0/es-modules/Series/Gantt/GanttSeriesDefaults.js: sha512-Op5ZwiWR2ZPkg3rhDaglHMtK70oBzHnwXpJRo37/zApLYWk3ryASrTWqd18lFNLskRdXOpixCeatPmLy1cjAXQ==
- highcharts/12.1.0/es-modules/Series/OHLC/OHLCSeriesDefaults.js: sha512-oX5JjVyMV2e/FrSILUag6EYekoe3QsnWWRLrmaq9hCEmJs1wjm1llAOh4WEQZHEr8hmS4hOOftyG4P2+5tyUXw==
- highcharts/12.1.0/es-modules/Series/PackedBubble/PackedBubbleLayout.js: sha512-HKE4S8vI30NZMquFeiO6p5IaT8ywyYlsLk8hRH7ce5D0geYaDpkBD0PqbqONDMvjhFrVTddW+Yb8RPW+ro9vbw==
- highcharts/12.1.0/indicators/keltner-channels.min.js: sha512-ENB9xbGNhGmq7DA7KEvULyCCm7U1c2ASu4ImU6tDFq/IEy+bPcfHKDRxMIz3RHeKM3u41hHxmYE1W5q3NB9OPw==
- highcharts/12.1.0/es-modules/masters/modules/xrange.src.js: sha512-BxEa5VsoT8RsGCJRJwgG/xVKWCyFAKMn2u7KyCtKquLtOrhpYnJB1ILoS3C9B5VnCuqmzLNyCeCYn4zOV4m2kw==
- highcharts/12.1.0/es-modules/Core/Axis/Tick3DComposition.min.js: sha512-s3bLvqzPhFzz/cQLsT5V2BqerX5hRAK6eyRsyEep2VBCCXSBbcfgiu4fkFgtfiDz1LJd+pWuhtYCzgQez5PWuw==
- highcharts/12.1.0/es-modules/Series/PackedBubble/PackedBubbleIntegration.min.js: sha512-2cLm2t3k9eNJ7oTV1UwfoAQETl08EfqJpR7A1hRTZt5MpJ1HV+lVZvZe74tuO7QkS7nvqIJXIXcFYdtkm2MWRQ==
- highcharts/12.1.0/modules/export-data.src.min.js: sha512-rnKhbaUpuTz7ix1PmoQ9q4WFNoSfnprCO9h819p8VFhAXBvUEug4Z/BzX2e+tArZj1ana/6Hvq/6+I3rzTvZOg==
- highcharts/12.1.0/modules/treegrid.src.min.js: sha512-1JDc8gwjH6B7cjhpY1xsgFsusi3dBo+PB00vcWa+DQI/WSgkvnrwPrXgx5SYFYFBd8xJV85UUMDinDjHxcBWHA==
- highcharts/12.1.0/es-modules/masters/modules/hollowcandlestick.src.min.js: sha512-GG35dYaQJvc1Uv/ST/VpMb812jL4+cSvrGKaM26UqUQ7eX0u81kYYdfyC/Ao/2RUrHFV2NehJwlM9sIZ5/qLUg==
- highcharts/12.1.0/modules/offline-exporting.js: sha512-7NSx+oHVcLGP7tS8TkZtIfj1bp7g3URaUU44NnTbHPBCEMn7Q1Dnuu+YGvhwi25XzQicAeT77DvFGKFuOWXBww==
- highcharts/12.1.0/es-modules/Core/Axis/Axis3DComposition.min.js: sha512-3jS/ts2tAVm6ZrKCFRJ6yt28OqcESmVQuGW7nFajFYMvtmogIC1f+pA9BJp3lGj+b4N2+WIOBZXi9uKEejdvWw==
- highcharts/12.1.0/es-modules/Data/DataTable.js: sha512-nBr3MFdVnA6SvZqKt7N/fKIgJr5JVj0+HOJYm2uMhk614AF21Ayl9KpTfQw+IEMn6Q8nDMzHxyqOJ0yRqwraOg==
- highcharts/12.1.0/es-modules/Series/Pyramid3D/Pyramid3DSeries.js: sha512-kvOG3g/JmpQLlj5QzNm7x92GYXYur+ikou3Lt9bj2spy2LV5I8WJSZLb+I7cM5sVxqE/lnAcUX14xSkfU4+1Vg==
- highcharts/12.1.0/es-modules/masters/indicators/ichimoku-kinko-hyo.src.js: sha512-sWIk1QO4VODYv2J9QfREJDLZLut06EAo+dlvwv0C24q+49hfnKTlI6hF9XYRPNzrsQZ0/YGZV2RpMKTb0vyzvQ==
- highcharts/12.1.0/es-modules/Extensions/Annotations/AnnotationDefaults.js: sha512-AodHtm+U79H1syl3IpbIoRacCrFAoVJXmUJRSioZ3/CRReCKyVwMC2GNShB+9LmUYzNpM48GLOmofSHoFD+wEQ==
- highcharts/12.1.0/es-modules/masters/modules/xrange.src.min.js: sha512-uEAqKVyc/wRxTnDmAHWOXz41baTmo350cSO2UwOjCOKHCsxOcEsvKo2XBtL9gbc7aQYCLE6eY28vHG2oTdaZDw==
- highcharts/12.1.0/es-modules/masters/themes/high-contrast-light.src.min.js: sha512-iRWY5tQOPiB7I6nx4V72XrWdN7XROZWyOihV48CMrpxxucC3JtfsH2yt0L8KcB80vAAS49/jKWCL3RtPEa+PXQ==
- highcharts/12.1.0/es-modules/Core/Geometry/PolygonClip.js: sha512-Mth+TQHSAmES2wISXM39uqEqhsyxt2igUMcpvkr/Hw5TzmtTJYkphdu1L9y2y2ZXE/Frh7QCkJrc/o1IUf59AQ==
- highcharts/12.1.0/es-modules/Extensions/Annotations/Controllables/ControllableLabel.min.js: sha512-b+a1//2T8hZPGNsPkObv3B0Q8IolE6jrasDBpek43dTDmGXsDJLtg//Jb4NEo4BZizsJb3MJ5wD/FVNa2Efq4w==
- highcharts/12.1.0/es-modules/masters/themes/grid-light.src.js: sha512-ri7CwSv/sbEpCK5EPjQ1QEV/EibKYl6hnYNEbtDWCK9hwhL7u71qT5eDyjecWV+kn8+Glp4Zr/ku4nusepLhTg==
- highcharts/12.1.0/themes/grid.min.js: sha512-0U0yW9T/IyRmb5HEnbY3C8G9TWEq7SQ91SFr/bjnQPEqA2JTj+DWD3/d8hOfn2t4H4MgLqYNm8VQxTevbFF9yw==
- highcharts/12.1.0/es-modules/Extensions/ScrollablePlotArea.min.js: sha512-Pl1N5LbYfOrbkHo72p4u4UGrg3T2P/0TR3MuU65C9iYvw1CGvAQ3brEPpHLYLWXn1Dsw42qUJ0AsNrcMqDwA2w==
- highcharts/12.1.0/es-modules/Series/ArcDiagram/ArcDiagramSeriesDefaults.min.js: sha512-xY8qtEf0t25bLsxeTJPLz76vl3GT3yZYPo+oY/HFIo6tyzHZpL8TlCk1fzIN0dkgIgyGDllW5Ggdf65oSPA6Ew==
- highcharts/12.1.0/es-modules/Series/Bubble/BubblePoint.min.js: sha512-bY/cinNYHmM64XV61cofh3jKyFz1JmmMA8DUTVbL0Sk+8FCikD7mlAqpc/TMfeqTs4ReZzuIgl5ko0vtsoqMvw==
- highcharts/12.1.0/es-modules/Series/Waterfall/WaterfallPoint.js: sha512-dj8agHE9l85G6P6y1b+cnJFxIPF6XMbdUzAvKIkrhRdG95pB8bn786DRWdU6HNghPuRjjE0klBWnbQv8RUqOGw==
- highcharts/12.1.0/es-modules/Extensions/ParallelCoordinates/ParallelCoordinatesDefaults.js: sha512-rukHKWXce/S9q2HokQCDn4qGUVxVKA7e3lEal3jC71JqquLX8aEWuXS3D9xigtPgbRrRm3NQZ0V+rIYDOa+q2Q==
- highcharts/12.1.0/es-modules/Series/Flags/FlagsSeriesDefaults.min.js: sha512-NHa769HbvZzscaDclnOX9Z6eg/nBVW41Dpwt1H9L8hm88Nr9z13jJG5VDYS1YCJGQpo4vcrCmhIspWgjD9/BHg==
- highcharts/12.1.0/indicators/indicators-all.js: sha512-Qb/KafRHKPVIhgsZZt4Ll0I/IqdYFRlQhC2G+NZ7URhPT7U4RPCGwyrqeKhU1Ywf6nm8pS0As1ccbrkx5IFl0w==
- highcharts/12.1.0/es-modules/masters/modules/wordcloud.src.js: sha512-SiPkxG5UNMMFJlUjvz0PB9UXpcV08Oek3YP7qF6+bNTDkYYMOhEQotkKj4jghoxr/aZiMUjrlVJfJtSEKm+/9Q==
- highcharts/12.1.0/indicators/vwap.min.js: sha512-/yBXzLpDRWW7GYVw9M6DKca/Zp1ws+wbhYa7qArMn63o0fCGx3hI5wam2kAll6fGZLWVdeAQShoJFaJlVtQb8g==
- highcharts/12.1.0/es-modules/masters/modules/pattern-fill.src.min.js: sha512-ZNd4NuJKzPAI2mk79kQlXshu/ttbw1FuWWpYnOhrUUy9Uy4bsAonMHiSoCKVH/Em77mM003eoncXDNckkgaTPw==
- highcharts/12.1.0/es-modules/Extensions/TextPath.min.js: sha512-M9gzGvRWIJsKIXjBwGTncBcGcOiMkVuOITzqHrkcMrKnIiW3p0b9uJSXrxg+ijHTCY/UNV12GaPIKloNNIFVgQ==
- highcharts/12.1.0/es-modules/Series/Flags/FlagsSeries.js: sha512-lVotNzV87oxmj22bufBJabPjGjBX1J7Ulr7FvovRl+enIZkCQBOGkbhleXfe3P/5USnZC8ceIe4sYxgGQiRzvQ==
- highcharts/12.1.0/es-modules/Stock/Scrollbar/ScrollbarDefaults.min.js: sha512-72l1FNUPJP2tU/MYLrzSGSzHsgohCOgNxdPWF6tKiLLt1DuHKWtHaEfqTrb6ymO+veEWcDEm9C/YHVhxxx4AJw==
- highcharts/12.1.0/es-modules/masters/modules/heatmap.src.min.js: sha512-nn/qfSev5T0WWKnha64IBOaNl0rlr/mmRsa34EbMem3CuFGkhQmDsG3QeXqCIwhC8b7nPYmDMRi+W24C7INNng==
- highcharts/12.1.0/es-modules/masters/standalone-navigator.src.js: sha512-PuYw85Mw/1ITxVPlZqnFpycfEecN9QoWTZJS6Nk4SfHRyfR3F7HWCwvUJAdJon+NBsByilqEN4lUdOFGn2hHMQ==
- highcharts/12.1.0/modules/exporting.src.js: sha512-dHg/K3PAKIcFdsUbt4a7aDrGN1voXHNL4u12mVESLUgys2P7yy5AgG0iUoi4xF46H8MjGLGuLyTBd14s+0rZKA==
- highcharts/12.1.0/modules/streamgraph.min.js: sha512-J967tzito3iTLjNl5P2waTHRgzEcTPBMbS+tJu5ABOxr391fdSFLLBkbQv9YjLoB53DVfku+y5DK6swvizIeYg==
- highcharts/12.1.0/es-modules/Core/Axis/LogarithmicAxis.min.js: sha512-RrNYUHAdi0iy27dpOvbAQvtot7wPJ/8IPbamf7ooCxc/Pq4tdRqlLeoo9OEYKW5frBYA8wI/Ie5kA1jkJg8DLQ==
- highcharts/12.1.0/es-modules/Data/Formula/Functions/MEDIAN.min.js: sha512-5Du8XegL3p/8hypq/NpeGaisYXhOPmiMy0ivhlznv4NVm4Jc57XuGnW7bbNVEzXsB4eNfK8SZ2s3X3B0VHZAaA==
- highcharts/12.1.0/es-modules/Extensions/Boost/WGLVertexBuffer.min.js: sha512-f5nFuxLKp4UlhRncYBPGa+wHcsDS1+upudnoWJlAkOGX6V2IM9ay/CkNB4B3OwRv77k7f6R3yLu8uXHPo+p8hQ==
- highcharts/12.1.0/es-modules/Stock/RangeSelector/RangeSelectorDefaults.js: sha512-i4Yb2hiLPo/hkDLOq+fKj1PkvgU1EtagzcvmC+NG24lU9Z/GDVXHK5VeVzRNItmMsk/22vZtf+2ouiOmYYQWdA==
- highcharts/12.1.0/indicators/ppo.js: sha512-89sQpfB6Pd4BS7PpJNU3OvNiB+rU93Cs/JiOLuUAKKQeUjRsY1rG35wj6RmAb3p+6jLOJ2xzQGHEg8Z+wVg8/A==
- highcharts/12.1.0/modules/boost.js: sha512-5/ieNtcjITavFWrlWtsVtbQ7VrB2os8kvExZ+6IQqaPut7gPUuTzPsp/Bk8uozKihhypY9Ep2/obHX2Ag51hIw==
- highcharts/12.1.0/es-modules/Accessibility/Components/MenuComponent.min.js: sha512-+pXumks2n2Q1pcBqjE+uH3c0Wbv50qI9f5ytPuIGIzEuEoo86OPJO4B2L61MoNqlXjREtOqyczDElZMIlnXxaA==
- highcharts/12.1.0/indicators/cci.js: sha512-DdXEbopu1+/C+KArhkd3r4xFBlzBGJeGgCMoeg2MUJ24jHECcf8f4yIgN+fayT2QaL2YzsHlmIEMbheV1I78cg==
- highcharts/12.1.0/indicators/williams-r.min.js: sha512-zg/zKw1GDWU2zTYqNaLvM1A/PEG949ufz/0YGB+VKvjB9GWx3eQ0HhrI2LmvcIwdS7M2c1eel+amf0OpqiXxvA==
- highcharts/12.1.0/modules/funnel.src.min.js: sha512-jQjE75aVbexmVfX65cTA7Q0dRoCgPR7wF0XxjAzzzs+fMfyOV1ljAhPj3GPNe7BvokMwFgk03Lg0XV66LBzRBQ==
- highcharts/12.1.0/es-modules/Maps/Projections/LambertConformalConic.min.js: sha512-RCmulykntyGNgeBc7saL1kWatN4s3geUqDDLKVmAPY6Pbew6Ny2hEMhKROeisoNgoaDtgU/QzNjbQUQE9Ng5Mw==
- highcharts/12.1.0/es-modules/masters/modules/streamgraph.src.min.js: sha512-kaEbnBIL5zSPQAP+Jlalhb/IoM6P2LUMYcrXTo2RdH0H7IqaC7SZ2ufAoPkrNRzzYWkbDpm7Em2lwDo0Y25EVQ==
- highcharts/12.1.0/css/themes/grid-light.css: sha512-IFdRbz77/IJNNeVllRqeRoy/tHjKyKJDjVoq9ReF7VS9ytk9FxxYdeL3FFxGiTVfe3ksMQGYZL5pY50S568P8w==
- highcharts/12.1.0/es-modules/Data/Modifiers/MathModifier.min.js: sha512-m+fLRyKVHrdR6qj4XW0DbVNgZ62FXzu10g+n4+FqHoS4cg009WU0ilh4BjC9jqdM5GQPRgAXpG7X0SNZmOIiKw==
- highcharts/12.1.0/es-modules/Extensions/Annotations/NavigationBindingsUtilities.min.js: sha512-zUt4ge/BbZIMuNMfxA5CtKuGpWFo2UlimU3t4JvCiE3/qX1oqZccyNtb+pEZDdd05JuVG2Tm03D2zWxJjRzqRw==
- highcharts/12.1.0/es-modules/Extensions/Sonification/MIDI.min.js: sha512-0+tmSsRVrTg6db3nLx5N4AbcO7Zrf1YU93R52MtsVrjlGqlsFvA4TIySw6jx8yGWmipVqXXpL+F83dkb/oitQg==
- highcharts/12.1.0/es-modules/Core/Globals.js: sha512-FDhBYU0yHz8jlk53vzU6kNRAThImF/A47B+1Bqe5cfBe0PaNOyqpjA6AN6DcuOEdfkPOURETV7TM8/Zu+mQm8g==
- highcharts/12.1.0/es-modules/Extensions/Annotations/Controllables/ControllableDefaults.min.js: sha512-yxzVjqMJPLGFQboUHIc2cLRhThWVyM0dUCkWx1i43ZSz2acijrzVCv5LRJ3d3/4JIboGc1mAri3Ytrcvf0sMcw==
- highcharts/12.1.0/es-modules/masters/modules/price-indicator.src.js: sha512-v44jXKqmpH/KIQ/apcQQe83pjcXhA6L34vWAsK5vWlooWo/2X2jrP3D2kIqX9RCQopitbK9b2SozrAXv6nHPuw==
- highcharts/12.1.0/es-modules/Extensions/PriceIndication.js: sha512-arBVYXKPx1n1NQzJAgjqx3h+Fyx8LDlNcqXMY/CJFHL3zlsCGVsWS9LsPzxqKKzSDAwPsc6sBtlLoBRJBlJJwg==
- highcharts/12.1.0/es-modules/Series/TreeUtilities.min.js: sha512-JiC/etkkGeUZ6dzFe/SPQxZ14te398whnQAY/C8PhQr9cf+kgJXN/2HuHTxic6CO5vNSOjLFlwNRmL1oR1CkOg==
- highcharts/12.1.0/indicators/indicators-all.src.js: sha512-3FBD2De/rdIaFFh4cr/IR9QLkEz0KApTv2fGQNbBQMIrkWkTwrJAVW7Gb4pKrJUXDVSYjYSI7ALZVvweNOtexA==
- highcharts/12.1.0/indicators/pivot-points.min.js: sha512-ULLNDCTDtNcMb65bQ6RvdP7DItCMFrJp8OcGW5DEY3WayZpwHkam104ZoXrNO0di5AaIj5lcnJizRbJBEUeeSA==
- highcharts/12.1.0/indicators/tema.src.min.js: sha512-pxhr3Gq1vN9yCGsQP387xQHdm6CM4T7t48j4enhRl4qCopd6X/9eqldc/ruVUuxw9/a9u7c2TuWUEbKG1Ilr3w==
- highcharts/12.1.0/modules/overlapping-datalabels.min.js: sha512-wTarFju2QCc5PMhED0iFeSvoi+RPDR2VF11zpOT0fce3pUQGzX0p1TrsVb196qeCiNWgTPikP47MwDYpOkuEVw==
- highcharts/12.1.0/es-modules/Accessibility/Components/ZoomComponent.js: sha512-dlT/l/7rDMc+qaf015PyQ0K99i0NqhMMq+OqwoeEsPZ+4EkBid7EMjrxJs+fMv6vEwTK16YZ95hJ/5fg2wLViA==
- highcharts/12.1.0/es-modules/Extensions/Annotations/Controllables/ControllableRect.min.js: sha512-fTfr2MaWHwYUK3UkiZpGCOuG7DvKEZp3VfsXybd3nHO2nfjQRvQZeZTpfw5zpP1qeZkli/3CWX1Fclx49jr29Q==
- highcharts/12.1.0/es-modules/Extensions/Boost/BoostableMap.js: sha512-lm4nrW/lBcn2RgJqGH2HnQY7GKJ9uo4XogDt1C0xICTUH/kLTlxhQrzChxqqDOxFh53gX3LCbvVCNehK7oL2fA==
- highcharts/12.1.0/es-modules/masters/modules/mouse-wheel-zoom.src.min.js: sha512-mgEaaKqXxshj3W7aBecq9f8dDiYkoSbxE+smvrMsADUI6i2raBomBfvjSHsqoUyIbM3z333CijWZEAEKBS4s3g==
- highcharts/12.1.0/modules/treegraph.js: sha512-JzGLkgmA6RPqoxfihP2+uM2cdo16W7G0lnJ7w2hjaYG8OEVlCVr9l66fP4kPsq7PFyAHevsINlWi19OGRD2ApA==
- highcharts/12.1.0/es-modules/Accessibility/Components/AnnotationsA11y.min.js: sha512-gqf5Z9nPD8eoYJ4WgCzzxQj/NizcZ5lZZ30dioJ6nczUZbf2sScXaJm4B8slGcjKJiiUhby6F+lpN0/daTMVEA==
- highcharts/12.1.0/es-modules/Extensions/Pane/PaneComposition.min.js: sha512-mvazmzJj0T/Y1wFeJizPMpFl4PHYVQPgtBQUxwKjyLn8UywWtPqQWwCsAt+u7E0tyMWiEeB71kOdDLLEFlNxrg==
- highcharts/12.1.0/es-modules/Series/Bar/BarSeries.min.js: sha512-QAMzzTq7IX9MxMVl1HCL5lKB+tX4qLVBnKwJ0/WlwXxFK/vHsPRlYshQ1k3bZ3aPxbxFgwiLn4IQzZP0NdCNyg==
- highcharts/12.1.0/es-modules/masters/modules/sonification.src.min.js: sha512-/fDquODC0KxHimNttUzynnVLyVXAOBV8e0lLwbOtdBxGTWVE2vk9VItfon63/iVK9xRSUaDdR5XoXFceDZ14oQ==
- highcharts/12.1.0/indicators/apo.src.min.js: sha512-MlL1kBhanqcwL/V2xhjOTuUcWNJNdiTCrfdx6HWDVPwKqsXhPevzJYMgZAiu8GFLH2Hhp2bjmpSThPivA3G4xw==
- highcharts/12.1.0/indicators/aroon-oscillator.min.js: sha512-CYwv7AqFZH/2ipJRbwTfKSImAeKjgVDkEHpG+/1o1PDdi1Hh07jAbaHP0tbREXcW/i8oE1TFvtyY9ydL7By5Pg==
- highcharts/12.1.0/modules/heikinashi.min.js: sha512-ISZRz0wWxHU7SYi3YuPVcBjpA8eC7yavSzgVlMpgSycKcb85UTAgxms1dL1ziSfnJhwn0BrInb0V7yjspimw/w==
- highcharts/12.1.0/es-modules/Core/Series/Series.min.js: sha512-ad8XGk/buaA3BrPck9eu61xPsGUUqikOrHipK8eFVCK/ZBBz7DL0ackN7RgotHkIraMpwSyqx3/bHXixH5X+wg==
- highcharts/12.1.0/es-modules/Extensions/Annotations/Controllables/Controllable.min.js: sha512-RK6L1vMZBW1lL7J0PwH4Rgb+iPD8ITM2iwW1okWED1E8rte2IB9e41QvKszZGxTgtuEguj+5aPF5zK02uh+mfw==
- highcharts/12.1.0/es-modules/Series/PackedBubble/PackedBubblePoint.js: sha512-MUuj3O3ZVO886NhxnK6q2Ys+POgnXQvECZZ9PlfyA0+MRiZkX9RdSuT5QNCNMAuUw1mBBXCd5lon+EPP0RC0YQ==
- highcharts/12.1.0/indicators/acceleration-bands.js: sha512-t2fh1mZ+1ksO59QfW5D8qt1CrnSbQjBTFySXwiEp8cJBwY9WGtofRb7GRgLOXL/x+gTPhIP7A7PAuadmONl/7A==
- highcharts/12.1.0/es-modules/Series/Area3D/Area3DSeries.min.js: sha512-aw9RQdyRpJDrYw9aO9z8RbIzJidEeRttch5nrz5g5lzgfPV2PzoXqY2gz0JsIh9LxZXuyPBx7rG/n8JFdM57Yg==
- highcharts/12.1.0/indicators/momentum.min.js: sha512-3hp8iBFSM0GMDU3roHGSfO2WpCpdyODBC34s++1XfgohHSoLMJgyxRzkxQ+dTjQpPEdhkfyyOPvhcwddOGAQJA==
- highcharts/12.1.0/es-modules/Accessibility/Components/SeriesComponent/SeriesKeyboardNavigation.min.js: sha512-YGOZh8/JVawZV7uRerrdYWky+i13T2FmGILNPykGP/8Z1pGuazoJ+qBnRW2CiBU4l7p5daerRIIUA2Trr9pXIA==
- highcharts/12.1.0/es-modules/Accessibility/FocusBorder.js: sha512-Rv7SRioJUxZ6fcBmoqCD7qQjTMnEuwoNiGBsKAc5arsBZ6im7SSNfiAxXMEvuvMne9yQTl8URbA9rlHlYubR6w==
- highcharts/12.1.0/es-modules/Data/Connectors/HTMLTableConnector.min.js: sha512-Idlz/eV3kiWHL2e5j+FPfhWYlB/DvklrGniqaoKQIsiuZHB4mdm1tqngLLrYf+TTtVaR/FX/24VkCQTJ8cxpag==
- highcharts/12.1.0/es-modules/Maps/Projections/Orthographic.js: sha512-BJZKg43a4j7wjqbV3FRp7ngvgbQphnducxZv7D3mw9pL7+7eVwqi83rJwnpEdBOLehgLWKKJY0L912aWWxqQXQ==
- highcharts/12.1.0/modules/parallel-coordinates.src.min.js: sha512-SUEYGOste0pcUVQStevEz14CHr0JDzn0RYus4e5ALUoeeGMpD/hCsxp05ON60VqhRUlm9SXvHkgODm5/R8iRNw==
- highcharts/12.1.0/es-modules/Extensions/TextPath.js: sha512-fRUXYjUb9i7HjvzwZ410ff4gqEvwQcarAN2acC5VFKV3HqQ1Kwu344zb1emxK/QdSrF3NEa7Y5VHBwpF7goa2w==
- highcharts/12.1.0/es-modules/Series/Scatter3D/Scatter3DSeriesDefaults.js: sha512-PiyX7ZtrZpBrSRst2WbqhN7488q3xjcTFgMUDT7g3zZxq3VFIM1603ub1zegsgwPkMgbMyvxCO4Ho4Rz9/28Lg==
- highcharts/12.1.0/es-modules/Series/Treegraph/TreegraphSeries.js: sha512-BeqL5Pd2B5WwF6TNdIKdkYNv35HUCLuzcCZL9/AaX2v1nzl55d0jrkR4MFKux386XOVD696X0nSVIh3iXZ1yLA==
- highcharts/12.1.0/es-modules/masters/indicators/indicators-all.src.min.js: sha512-1x2k99Q6srK6+Dk+Vg0T14r33OthumJDLhFaYAZi163I6L3ek4abaS5RyLcrRnPyI/AcHCXKosv2kiE7tnWThA==
- highcharts/12.1.0/es-modules/Core/Renderer/SVG/SVGRenderer3D.min.js: sha512-jG/fjOHFxsH3R69kZvA+eL+l5KLaF54iO3i6IN3kDm4wv8VAEqK+h3OVLNR48iMC8/Qpv4WIFKVJ/c8b6Pnvuw==
- highcharts/12.1.0/es-modules/Data/Formula/Formula.js: sha512-3UPYio2reqAmFQRg2uYOsRQs3PiPEGBi86tfzqagI/gaaLVL8IHfEI6aghfr9FGb0fTdv3HIiTgTHxXfXzhL4w==
- highcharts/12.1.0/es-modules/Extensions/MouseWheelZoom/MouseWheelZoom.min.js: sha512-J7wNsZcnettV0nzvqspR1DhWUAWglv1tKXpGICIqH1uXwXjWj/fnTBxPLcFtp+WW5vWbKXRB5kH48NXkTwQ1Tg==
- highcharts/12.1.0/themes/brand-dark.src.js: sha512-j0EjGQpLtO5OZbgrqO3MIrun5FEiNMnhrvkWGxQmBGozEjaJsNIt+GRXbFmeMs69xGiwxeRN8h3TvsV/SNOx9w==
- highcharts/12.1.0/es-modules/masters/modules/exporting.src.js: sha512-c979bDMqFDxiOz1nTzLvp4fpu6dGNDTHyU7k/88W+wjXSQcpns3c+AjXGaW3fshjVtAmsn3ulCn1jmQ1eziysw==
- highcharts/12.1.0/modules/treegrid.src.js: sha512-6mwLvfg9tpg86DlK3UMNefwIiB92hEVmhpK40WfIgH/lsCrBSQxzmKQmiRH7NbVZ1u0aXuteK4yJAz5bJJq+Lw==
- highcharts/12.1.0/modules/variwide.src.js: sha512-ok5ComPmVcnAcPWxaP9MFCYX9lb40ETRzoDTG1odPqplLSz5+CY/5G73YPZfz3PyeJaNZ/0N+QYsQJLqAaqwoA==
- highcharts/12.1.0/es-modules/Series/Bubble/BubbleLegendDefaults.min.js: sha512-JHjvM5PpodRojPNoMjv3w51C0LAwAe1MFgpze6TSITZp4IhVZnksjRAg+Now+0xfVZ+CJcIbeAbQ12qNW2TdwA==
- highcharts/12.1.0/es-modules/Stock/Indicators/ABands/ABandsIndicator.js: sha512-2DB2EHaavWwj7pbssbwib2Ap5Y3TytH85latJJ+DSFXhzVtK+2ZczcwSaSGhCA5x1w1JWMkDDMpdQgOqG8UEaw==
- highcharts/12.1.0/indicators/trendline.js: sha512-xuJf5+WHSOy+QGLxXX+ABTIFK1nyod3UXavnqjChTiXmB1vvR1APHzWPjG/r+fFH0DxshYHaBLSKDHMHE/1CPA==
- highcharts/12.1.0/modules/current-date-indicator.src.js: sha512-WFmC6aCYdsxRip88bkII1U3Mn+W06r80+8mTC9gKWMxZKcJtKLILsqLS78gblAWBSj+B7prMp8144vaCkejQjg==
- highcharts/12.1.0/themes/brand-dark.js: sha512-RCTJ3ehuA7D1BjNan8utn8TFKEDjWTsYN+JWO2aiX+fOkXJEkroQ7U7bSq9bSoBzsrlRg3xh0WK8auShoA+86g==
- highcharts/12.1.0/es-modules/Data/Converters/CSVConverter.js: sha512-mz4P4DRnmkFWJIgwq0AIfrCd2H5/06LGgG3o5Z+OLGO1lcqAA5IDBZkIbXgaaRrgxxnhgpkAsc7amyZxKd8UXg==
- highcharts/12.1.0/es-modules/Series/Networkgraph/ReingoldFruchtermanLayout.min.js: sha512-naHu+PTWPcPXd9TS0y/lkcidPJCLU60kMVAdQ4C/55MiiXbnLvNb532qsDhqUGjiYVQzkhyAdf3BZL0ksEtLmw==
- highcharts/12.1.0/es-modules/Stock/Indicators/Momentum/MomentumIndicator.min.js: sha512-Qw/JYtX0rkmmJc97Nl7Qu5OrJMimtihrfv4Rh7UMX+HKH4JrGtvBGJ7tuZAzU7ib7KFHavzP4N6jsJN9HL+VtA==
- highcharts/12.1.0/modules/draggable-points.js: sha512-Q5Gj5gSEqhqEROij4VorkOq7XWSRI/Kr9HtXKornfiTTQksBsPP07IydE4qIbuvtvvvC5f/TQzazSU8Yx36Uqw==
- highcharts/12.1.0/es-modules/Core/Axis/BrokenAxis.min.js: sha512-Q2srOjsve0k5n3JTmJO8MH3wzqXwCrbwZuE02lCgVcBnoyIKB55kbK+5FhE57wFUzZr9j86wMdzpZ+tolF71EA==
- highcharts/12.1.0/es-modules/Core/Renderer/RendererUtilities.min.js: sha512-y6Qc1kERvVhWZ/qcW/u+6BzPhE1rRc81Dk1RsWs3ReA97sDYlx15JkwMvEGFFo9gVhxZEg8Lhou45lOuUGZNbA==
- highcharts/12.1.0/es-modules/Data/Modifiers/RangeModifierOptions.min.js: sha512-/AZ7408MIjE2MJyRKwjNVKkJ6t36t0RVWsWdf6XMOmzlrR5ZOcAAt+WAGJ6hNt1dyeuWH7DTKM3Q0RD06/MdkA==
- highcharts/12.1.0/es-modules/Extensions/MarkerClusters/MarkerClusterDebugging.min.js: sha512-/AZ7408MIjE2MJyRKwjNVKkJ6t36t0RVWsWdf6XMOmzlrR5ZOcAAt+WAGJ6hNt1dyeuWH7DTKM3Q0RD06/MdkA==
- highcharts/12.1.0/es-modules/masters/modules/marker-clusters.src.min.js: sha512-XcwK6FI3h0hHbAgwXvYZMOsXR1c8r1Y0rACF1CiaRihSDJDgXFO2az/EIyjZyXawFppyBDJL6xxn3t4VO5sqsg==
- highcharts/12.1.0/es-modules/masters/modules/organization.src.min.js: sha512-HnkWpGN33jPH9aYMXs3tgr+VoyDwI3AA88MRkQNLzRxvPSHdB99FvbZpyMcTe4DJ/gcdD/Tuv5h2H0q6Z0AAkw==
- highcharts/12.1.0/indicators/natr.src.min.js: sha512-mqe+OzALDzgyzDQLpT26TcDiaC5WYc+pQmHBJRSyO9etPWOG9KPD+hbg6wq7QWcUKUOLYC7RZwEdX+XjTJSezQ==
- highcharts/12.1.0/es-modules/masters/indicators/apo.src.js: sha512-tvdD+ihq0oivFkZsygq3kw8J1prKeabVo1vjo92PtROdX7rNY8C+YRr/isYdaG8H3ux6bPlFmC4C+YwFWD3GRA==
- highcharts/12.1.0/modules/drag-panes.src.min.js: sha512-EXNXm4sY20G16ju+thyUUBxfYl3tRcORUPTyR8VeyElAYRgoonL3ZIq7gMBb2o/J+EwMcNvUTQPbz4PNSittwQ==
- highcharts/12.1.0/modules/sonification.min.js: sha512-W5F0qOs2r1MiHnqaRZOtdkz5affeWlSmuOyi04hBbwRk8BEDFEZVFNpl26ld4lp8QgrMJSoHNYHIHHTXG+S+Eg==
- highcharts/12.1.0/es-modules/Core/Chart/StockChart.js: sha512-vX5Vb53fPEWXy8L9+GcMMcoN8YsXadqE7LFvihHtw2b6eAdtuzkNF+NE1xCi635NxcNNieLqbBiEHUjtfyJ/3A==
- highcharts/12.1.0/es-modules/Core/Legend/LegendSymbol.min.js: sha512-uOcAsEW2yPfSWRBZf2iZv1UfPyOtqunzOpqZYMPF9Tms/U/h4VDdqNyxVkOAlgXpGycUNUfS2N/3ee2kg949yw==
- highcharts/12.1.0/es-modules/Extensions/Themes/BrandLight.min.js: sha512-zmrr6/qP27bzMemQEyUAA0oS0bjBvNVLrYp+BblHCNvWLTtzFxzifIXU2CTPt24zG31V90zw2roZ95kfSX+ykA==
- highcharts/12.1.0/es-modules/Gantt/PathfinderComposition.min.js: sha512-2i7CoiYLly65LOA2L32ddeVHaHdOXUnFxT3/Xo62LmP9saO/XKUzy9pJmT7uPtnLovt+C1+lOwl1bxxW3SxrRA==
- highcharts/12.1.0/es-modules/Core/Axis/Axis3DDefaults.min.js: sha512-JE9SwJxuBt/adeHprMdGUvgwnAt4QpRXRog2L+SIza8A6rAOQrVvHly2br70LaC416p2fSo/J6010W7q8RfbYg==
- highcharts/12.1.0/es-modules/Maps/TilesProviders/LimaLabs.js: sha512-CIKPOS5mAuGtA3HHtb7t6wgWxXMwCrpHR9JSncIbamZfTWldaMpJ23l+XmISEzUtgCH8HrpniX9/1OYSVzpVsA==
- highcharts/12.1.0/es-modules/Series/Pie3D/Pie3DPoint.min.js: sha512-S4sgXoPJHBG+gbTxCdKJpcdGp64222jpyvdKGxN5l6qDnku4oyAUjo8CfkJ/y2BZxwMqjAHubteqq7hYoksE/A==
- highcharts/12.1.0/es-modules/Stock/Indicators/AD/ADIndicator.js: sha512-bYyFc49LQC08dCYGuCY1lYgCEoftpww2mFIiQqReFZaF6iCCqlLNEgfl+0ktBaprRqR7QNvobSdA3XYgbACRnw==
- highcharts/12.1.0/es-modules/masters/highmaps.src.js: sha512-K+EjW2vMuY5mycgkvgA9Lfe600c90zZSPrNsDBX53Yb4aSvNyXutKs1IjjL6PdlguMheutx8rid9tw4UUGTfVA==
- highcharts/12.1.0/modules/mouse-wheel-zoom.min.js: sha512-ZA9Db7GJZmpL7qObjQ7o5ndaYG8LmjmmOD+7ipFA8HtZFLaMFSaCGEFAU8ftp23m0BGuf6+T5n54OhaELoOLBA==
- highcharts/12.1.0/es-modules/Core/HttpUtilities.js: sha512-CXpWqJougRlh8yK2Isu4hTVdFZAaOaBHhNbSMqBgsZdibHi3S8yo3HXpDAVbynUQg5v1OdSYrW2mFkYakud+dA==
- highcharts/12.1.0/es-modules/masters/indicators/rsi.src.min.js: sha512-YxJQjEV34ObLYzGuDFXKF8UztYOLIOgPNB+I5PC6cZR2ALmiDNmLbcNB2UWY4TrmOGIoSxLMMSbmGIEU2wOtlg==
- highcharts/12.1.0/indicators/price-channel.src.min.js: sha512-0X4+Kf8sGEjj5T6CKYh78CzpVlvuw2BHtzwiaF+/mxbvvys2g1j+UrUZwDAAxxaDXQD9yGS2HU/APL5Zls9hCA==
- highcharts/12.1.0/es-modules/Core/Renderer/SVG/SVGRenderer3D.js: sha512-iaHiK6HcU3Ke6TVDsAhGjseQnq4LSDoPd3+nuFO41phqHtM8HDPOekClXpk+IeYU1XhDeUNzRNGMvkTSs736pw==
- highcharts/12.1.0/es-modules/masters/modules/dependency-wheel.src.js: sha512-wcmrUBhbsdTAwRzGOIMZ+7qjgLFFdxuk4U87sqqaGGgoBRaQThbgBv0eyhfKOp7Z1x0jnV3jbJenEZLALiba0Q==
- highcharts/12.1.0/es-modules/masters/modules/grid-axis.src.js: sha512-9IOGwcnftzMFKgZetqSVNpU9L6E473vSCeZbJNYT6X6QvPPbe51ZkfDhRehdWjmy50ahmVnQPkd2PlIGIxENfg==
- highcharts/12.1.0/es-modules/Extensions/DragPanes/DragPanes.js: sha512-S6VCArxuNZcQ0rj2TEbXO5fgqgSDXSZCWGPglwDHfZtEGAhNQ3FQYJSIYVOvE7V9IGUaGuRxqZ8BOkygdwydNA==
- highcharts/12.1.0/es-modules/Extensions/NoDataToDisplay/NoDataToDisplay.js: sha512-QkKlV940PsvdCn5fAmNxVgPBX6C284UlQm7Rywssx5oGtg7yz2YWlsVtSqHAJ0rGL+dVG8T1LeN3SvnzICmjKQ==
- highcharts/12.1.0/es-modules/Series/HollowCandlestick/HollowCandlestickPoint.min.js: sha512-EsovmRUUCoscU9LvAb/7Lr6i1zkti7TIWBVnDgQ0B9eV1Az7q0HsKYJ8UHFQVP7k6aZOaGZbTki2BoRK1QqZ0w==
- highcharts/12.1.0/es-modules/masters/indicators/chaikin.src.min.js: sha512-cJArMaWAc03/L/fMKo+gm6p6wwTqhJgjfMvCp5mcVD41GFve9X/8/wHFNMleoIzS//4g5g7sGLudt4XqEdRL8g==
- highcharts/12.1.0/lib/jspdf.src.min.js: sha512-fG6LnUayHRi8UtKiuUasR8yXHsCiQVLHGzGkoWl+ZfmFgf6AU5f/njPlIVlMD5jOC6BGk2Besy0t3UmU5goujA==
- highcharts/12.1.0/es-modules/Extensions/Annotations/AnnotationDefaults.min.js: sha512-VcIxExKWs1vmcHDTyvI1Zq8K8Eh9pFwBNObzEIwrh5bMKw0EEMACEOKBIHy2Avr5lX1ELVRfNPJTvX206T1Uow==
- highcharts/12.1.0/es-modules/Series/Treemap/TreemapSeries.min.js: sha512-KRmAxVUU4FSbsFWx1DKE9OrMwHuQmajRLCgIwWWf4u3zBtxFQdUEOIG4+omQz1R4OfAC4glieLj2e+tLc7rKaQ==
- highcharts/12.1.0/es-modules/Series/Venn/VennPoint.js: sha512-NbQJ7j5enQZhPNey6zbgH4rD9bdUH7wqbXY1X/rEpe0WRTOQLIqJbLXweHg9tNVcBA4kyQBQKip5kY79Y5QGUA==
- highcharts/12.1.0/es-modules/Stock/Indicators/PC/PCIndicator.min.js: sha512-0w9m9iyZJKbf3JeRy84SCSf5+3eVu07P3m6sADpTQoWlhAkyeIYnfcFmnN+lBSEdftwthSf5GVuixNuC+nR6gQ==
- highcharts/12.1.0/modules/dumbbell.min.js: sha512-RwMkMhT/zvej6lBnef38x09M1Yjsk+VWdMwoehC4NQoQ6rNhujjKKjiL8DBRHGzYhHaZ+age1ARi5lAUNcjKaA==
- highcharts/12.1.0/es-modules/Series/Item/ItemSeriesDefaults.js: sha512-AppWi71hDPSjykiDNGOu3rGuMf7Flhti5gKbjNQ/KYAYAI9CJBOxoUNoHdm9cnfysJzpHhNnKXfhgdD61DmOrw==
- highcharts/12.1.0/es-modules/masters/indicators/aroon-oscillator.src.js: sha512-qZyPuoUH9+686NsyVoAGYCYA93pA0jmWXEtLD5LcR6WuVjbRgrEcD6CrUdiyUIDlnQ93uCFzAVWwVO2dwzAxRA==
- highcharts/12.1.0/es-modules/masters/modules/grid-axis.src.min.js: sha512-hZO7hFn2CEGAMVbZ6Y9eBllUAY9mvXCCutayq3jy2OQOAdEQ1PD/DOEWQmpwi6ANMOVG0ZhHuJYbHljS/uwDzw==
- highcharts/12.1.0/modules/broken-axis.src.min.js: sha512-epkmLxZDRHEpagInzLk890QAFh6i1eRuoFkUsk7DiO88spbbQYFxTFItmFpCNm/oKZYAxzfghjKYaNCZOUXgJw==
- highcharts/12.1.0/es-modules/masters/indicators/momentum.src.min.js: sha512-knUeYYxhXHeuPP6pig7fCV391Uq9mf/O8/gi/GJKpgrTBRaL2cfGt63CLfCw0JwEcySRuErzDDrdcrmBJ/2fYA==
- highcharts/12.1.0/es-modules/Accessibility/Components/SeriesComponent/SeriesComponent.js: sha512-n1dD4TYXuKjMbHmdAttzjPsH+XT2TUdI7nxhMyCD7LKWwPZOCu6zI9YhidOgUHNeTLT5HyrXXVnZmoYP6m5W2w==
- highcharts/12.1.0/es-modules/Core/Responsive.min.js: sha512-82Gb0rGW1uWI8Q2D5TF44uTWCSCRgAKefiYlzo+mIh5sfTDJLbmnBSvNOp5eDpz0vQ5JyOjJFaBH8qmh0TVOMw==
- highcharts/12.1.0/es-modules/Extensions/Themes/DarkUnica.min.js: sha512-ndOa4TXK4C1jzAel5YDK57S5KknWBr9lpDCKkolZ6/9NkBcSav1lDP5Aasa3pHACTaL2QhjEh9SKKTCyBaxOJA==
- highcharts/12.1.0/es-modules/Maps/Projection.min.js: sha512-ml0HTpTyrJSx2J13sfsZsnMMNINNqfRO7I1pma9butv68QRjPvjixXClI8t2hAVq0LLDYA7DSCaBgI90QW6thQ==
- highcharts/12.1.0/es-modules/Extensions/Pane/Pane.min.js: sha512-hxvB2PpltzYjxdKRlAA4NBy6PDB0IhlOuwdquW7Z+Bw0DPI/SV32EnE2yC/0GRGWVvz9utPHhkfvU7NGAn05Jg==
- highcharts/12.1.0/es-modules/Series/Organization/OrganizationPoint.min.js: sha512-m3taf+GKTSUbsVCF+EgcvsqP21hZeTZfo6QzBpoB+nv3uu9gRLLaa5++900+ZFUXjx4HbUaXXzDu0QbCc34uYQ==
- highcharts/12.1.0/es-modules/masters/modules/annotations-advanced.src.min.js: sha512-W4vtKb16YIJJzOnQYd48q6Jh2cbTm/PXEzSC00wkkZZFlV8yV1SgdwsmMm/3Ird7dqBnRAtiCLnxh/4f/rxO0Q==
- highcharts/12.1.0/highcharts.src.js: sha512-hXDafLnO/s5v+ykSgpgge0NFnzLc3KpgnmPVE1/9FirLU2Vurblg/eQg3O09RhgOJF9zfcTfnuXMe1D+1N9NUw==
- highcharts/12.1.0/es-modules/Extensions/Exporting/ExportingDefaults.min.js: sha512-C4uMLl0Sz8is36GqIcPHI9NngMTFNaJwEGRgaWdnIwNs5gHT/jil2M+F4LZR0NBGzgK8f7MYHVoct9KOy9etvw==
- highcharts/12.1.0/es-modules/Extensions/Pane/Pane.js: sha512-bVcFTXcLgrUi5xXwmt//2MV0ZexZmGyPgyB8pNO/ZWAlA5aMRnnaWvBzxNUESckrMjtTvLeVgLlovsu+mQpZ1g==
- highcharts/12.1.0/highcharts-more.src.min.js: sha512-DO3mrVfJBsBl+dYTQs2kToQjv5RLBhUaOIEZc7RAZBJ4vtxfPKUakzZcrwW1KJTKcK6YpHNwKykwdVty4c85Wg==
- highcharts/12.1.0/indicators/dmi.min.js: sha512-vjVccMUXI4pHarKvJoC0dF7qHlXBOtSim13muei/KYTlztaVjno76T1r8QxCTjBMYi16bKkMzp03d0GAlj5eyA==
- highcharts/12.1.0/modules/dependency-wheel.min.js: sha512-RFkPJogYwzxqsJq0q6EH5n2hWn++ZhR3iilG5U6o3NRWvVJMeg9HDMjJKwKpwu9yD5iXj7tBukc56D1/1QMi/A==
- highcharts/12.1.0/es-modules/Core/Math3D.js: sha512-xC3ZdD8Q62qeokGSk7HIyr46sXarzg2BuYsqauccVG7M83YgxgqwAZgxF2ddAqJvxH7Yxr+QV37yD5swuGULKg==
- highcharts/12.1.0/es-modules/Extensions/Annotations/Types/CrookedLine.min.js: sha512-ShRlLa3bjHCDbFVWvnHpRhpQ++F6lE4w5R0bNeHCPcbW2v4nBb7c5Zu4TdGMUQx66z+FQOmsTgSpNDS0Me/vnw==
- highcharts/12.1.0/es-modules/Extensions/Boost/NamedColors.min.js: sha512-wRpmkV+hObHFZZvey2p/plBk8jp29J7PyYy3Sa5V7xZ/YvmDrdnD+vFcDy+7QHgIOMACPhacbLsKCYEgh8LsLA==
- highcharts/12.1.0/es-modules/Stock/Indicators/OBV/OBVIndicator.js: sha512-G6m1IkoGwpl8yMb1zaAOZ9V3NhCCq8MfnEUYK+/S7zG/srhH2YBvdBV37pcf+uuXFCHR9jWWn2mOTg1sE2FydQ==
- highcharts/12.1.0/themes/dark-unica.src.min.js: sha512-9YIZNCfZkIDzm9z1B+/YStqjXGxjFVA+V52B4/NUONP50yGJBUx+Wj3Bj/vnXrQD5fRBu1izuDo9UYVsOhbv7A==
- highcharts/12.1.0/es-modules/Core/Axis/Color/ColorAxis.min.js: sha512-GIz35l+84Wv/f2Qm5zu95NnfKwLIrrbistWN1934SEDeSnnEQT4XTwQ9ZZgFORBmu09mbUEf8OkLGt0tEaZfyA==
- highcharts/12.1.0/es-modules/Series/Sunburst/SunburstSeries.js: sha512-XrJ9HSgpudyuTjor4ERqemxQ5TpHahFhQoCyOm26diXb2madwHDHZ65ULiAUILoLP4hgE4uWz/5zZ3zWHPGKLQ==
- highcharts/12.1.0/indicators/ema.src.min.js: sha512-m+TVrTXpuAXUe5n6rYWXk/QwrNjCpJOJ+INAOXP22E0qU9scS1jMpX6nTyCig4pwJ4yOBDutur1cBKc87hmISg==
- highcharts/12.1.0/modules/sankey.src.js: sha512-b6vFIrGS1ZjNN4064yllpdCM+4MtB2EK3lWax404etubdSPcYK54gDcEfWi/wLvJzUdmcb01x3kpGP296dHXIw==
- highcharts/12.1.0/es-modules/masters/themes/grid.src.min.js: sha512-iHdVfAUUVD8n2z7QU4fBoU2tM0BMVEnCeLY4jU7Baq/T+jgglZRHeBA0Vjai3JBDoW4I4BLOnYfSC2v6tR+NvQ==
- highcharts/12.1.0/indicators/macd.src.js: sha512-6kuF6csXyojS0eA8vYCLInouWJOP6IJ5Fwe2kKaFiPVeO5+fbVDTOVUIh6s/sGy4NFFK5ZMLjKzrEBdd36pgQw==
- highcharts/12.1.0/modules/textpath.src.js: sha512-C2Im1Y7yN9qgZfp5d/ObdsImy9IQfQEpLZtvxb4Mi4O/Hutz6D0ZB2f/k/qOkqlChGvlZKNxewIfnMSSq6pkLg==
- highcharts/12.1.0/es-modules/Extensions/Sonification/SonificationTimeline.min.js: sha512-MSMk/hMe7m7unlwl4TArbrN4AQ2JkBDHGr8EIprlsedj6VmirwZnIfv8CU5FPdbIJfseyKA1ks4IZ7Fz4CrxyA==
- highcharts/12.1.0/es-modules/Series/Bullet/BulletSeriesDefaults.min.js: sha512-+wEzkG/gGNT9b2Z7C+URqZgJQqs6MrReZFZQHZ/OylxXvb2tR0TiZOm9JSI7GZ2hQQuXAIeb/LpgVpydBvoJpQ==
- highcharts/12.1.0/es-modules/Stock/Indicators/DMI/DMIIndicator.min.js: sha512-qn8XVaZAR75WB1Qkl3Uzhv9ym9memYJ265JFOawRuGF9BUGzXNpXg1BLo4eukoecE65NKVWQh/xtjZ+xMNhS1Q==
- highcharts/12.1.0/es-modules/masters/indicators/williams-r.src.js: sha512-4fRwegP9raoKzPhv3nh78ROM4QDkQKO0NColMNjlAnesYxRFnemRojzavnMzPD2mlEsyhfcICyNhu6LPt41pdQ==
- highcharts/12.1.0/modules/arc-diagram.src.min.js: sha512-zhWx3pCS9OsJTsEBUkHQdoxv0xOEKBAwrii/JhHF3/Al/d87HtQBLtOQV2Pwd6sbs4EeR+qiaE4YeuJgK7IP5A==
- highcharts/12.1.0/modules/arrow-symbols.min.js: sha512-G/UnSXikQi5u2gJRlZci5ytbHQAjKiz1K07gYwfWagod1BTTC7Pz52u/2ey/vA5rf1NuUl+HFcasPG3A8WRIWQ==
- highcharts/12.1.0/modules/boost.src.min.js: sha512-taoTURQTkW99qZ49LsxS3/tom/YjASaRfekR0sZ2EUMY1CAPdjjPGaQGEICICWEGDsezlxk8/5S+cgckMB689w==
- highcharts/12.1.0/es-modules/Series/Networkgraph/QuadTreeNode.min.js: sha512-TaCN5UE8hKpyOMQ62xteIj+Au4/1EN+lUPZ5v4rZUOW/pIH/oN6FuguajPMwbwdRzfEWi4Hw5p+etFN6p4xKBQ==
- highcharts/12.1.0/es-modules/masters/indicators/bollinger-bands.src.js: sha512-2dDgfhJAlj9nd95joRHrSQB+YhQdaCCFqMy/5tB/nHWEZOPlllt9WunmXI4gASPp9sedSCd+5+kHKuLbY14REg==
- highcharts/12.1.0/modules/full-screen.min.js: sha512-q+8jgcCIFKTcbOiJEXVZQiRCb+9DMUAEEIJgWO+HX/hCbEqLsTargbQDRtobpiqY3ahO4Hy0WPb9sbmJ7NIJsw==
- highcharts/12.1.0/themes/skies.min.js: sha512-38Lywxz4eETt8DcgxnZWW+5r8odCu8pErquQ2/rTmqstHMq/KqB2o+VQoKQJpouxXHlc+CfYWb8pKRK/7PTmww==
- highcharts/12.1.0/es-modules/Extensions/Annotations/ControlTarget.js: sha512-xnqwRrrRwJ0Ep85TySFuMk7QwV1nMd/xQjQRvdw9t51udZ1/Ut8ZJw+se+6d4AmP3FPBY5f8T824QRiCLp+I5A==
- highcharts/12.1.0/es-modules/Series/Flags/FlagsSymbols.min.js: sha512-QY7SqWAJfaxAslsv8C/ZyCKlLd9L1cAYGD1N3BvlUF3ZwWcZEk8u5Oo1Dg/9xIhvrL9ST5CzUTFsrhPgv3VbaA==
- highcharts/12.1.0/es-modules/Series/Heatmap/HeatmapSeriesDefaults.min.js: sha512-O1I2dUs5zW2KwTdt1OSgaylBgVLuPxU4+RW8Tjr/oTUPncafo+mBSPE+Hk6f7re+zg6bFfLAZTPkyaqXqbniHA==
- highcharts/12.1.0/es-modules/Series/MapPoint/MapPointPoint.js: sha512-EuZrC7+LYTEv5nTgxNpzSew+x2jc5xIzrRTeb0PGX9pMwRF3fqxr+9V5NbPLbDuM73z5ARDwBGN+5hY8exajkA==
- highcharts/12.1.0/themes/sand-signika.src.js: sha512-aBi+SSwH1n2+LsFPaV5n8NS0S2QVyJbGImGoxH5byNqDWUSPCiiNk0XqqIKa055P2ezDIyr8GQBxshFe+eP6mw==
- highcharts/12.1.0/es-modules/Extensions/PatternFill.min.js: sha512-tvIQIPUDpQUQeRx6CBSBKdVfW1Yj7nZAuaMBTyi05M+2IGstibxuEpxmrWTwLfjH474ejILrafM7dS8rQejltg==
- highcharts/12.1.0/es-modules/Series/Scatter3D/Scatter3DPoint.js: sha512-bhvzx2K/lpYWADr6NZqq4kh/g/x/okz7VFwG9jJoKzg2a9fGEReB22VpnT0YWx0G7MIw8gRf6SQOkQO5Vx+eVQ==
- highcharts/12.1.0/es-modules/masters/indicators/cmf.src.js: sha512-OTOTVp/KpWZtPVQYGlcE/9M7UFZ1opU7+3TM38Yrv3vbjzeNvJmf7EF7YA2fwvmYlyB5yyiGprQp3yu9mR7gjg==
- highcharts/12.1.0/es-modules/masters/indicators/dmi.src.js: sha512-99WcuiWs79fQHjCSJE5zv2QhakhhBbapikylSyGiqQAsCsrG/BY9zOJE6R6qB+VLijZ8KHGS7JjyB5wsV/C9Pw==
- highcharts/12.1.0/es-modules/Series/Histogram/HistogramSeriesDefaults.min.js: sha512-M8DQndj4Bfj+tUSfdeJa53tUYXm+UUsW6+Ss29OnyTDJLx0+AWuIiaevathJf4E+WREW8edMYFlcnZi+BKbkDw==
- highcharts/12.1.0/es-modules/Shared/Types.min.js: sha512-/AZ7408MIjE2MJyRKwjNVKkJ6t36t0RVWsWdf6XMOmzlrR5ZOcAAt+WAGJ6hNt1dyeuWH7DTKM3Q0RD06/MdkA==
- highcharts/12.1.0/indicators/roc.src.js: sha512-9Qrm7yo/kq8nBm58BpG941C6uHYsTgsqHcMqBmCfdbFNE3xX3DLFsbQbHBQzllogNYiLP9FjyDbIA4R4AKGDKg==
- highcharts/12.1.0/themes/dark-blue.src.js: sha512-9FIc/FlLZqXwBV8vkhxm65eLweSlJAGVDFZH0uKLIN2wWcwzfxLMSW4DXF31mk7MQI4B3hokDnj+mtgs4fnKbw==
- highcharts/12.1.0/modules/annotations-advanced.src.min.js: sha512-813zIURMNQPw2jdMEXtY5o7r3LZxX9OEw16iNrDiX7MNVHTB/H0jS1Km93jE/kN4BogyWPSjtas7yalt/xIBMw==
- highcharts/12.1.0/es-modules/Data/Modifiers/InvertModifierOptions.min.js: sha512-/AZ7408MIjE2MJyRKwjNVKkJ6t36t0RVWsWdf6XMOmzlrR5ZOcAAt+WAGJ6hNt1dyeuWH7DTKM3Q0RD06/MdkA==
- highcharts/12.1.0/es-modules/Series/DotPlot/DotPlotSeriesDefaults.js: sha512-J+Fbij6jjXmAEU0+T/lm2KmZTp1OqeogEBStqQbrcAPdE285U7LC55WoQNtn6V8Ll4WbYgI11fpwqRYbiu/CAQ==
- highcharts/12.1.0/es-modules/masters/indicators/accumulation-distribution.src.js: sha512-6fXLbpwunpiFc9TNgQnMQlRG0NjSXcYVkRW6rlTObSf5HWOOMVesldnutEIetseW9X7nKCj8LUEknZfrgyOt+Q==
- highcharts/12.1.0/indicators/slow-stochastic.min.js: sha512-kk33ONCvc1TepFxlKLu0oXIwvGqplxzTilCqG6mKO7GXQWCKzqJbq4dOhgTv6DTWKVwcfhHNTvqeSQkIFbDx9g==
- highcharts/12.1.0/es-modules/Series/Spline/SplineSeries.js: sha512-jYlTclbRW+eTVUtN3c/Hf2qlcQBpc5U4RCCq0zahv5jB+ri9WN2iaXPH6oDNrDVO33KLVvt8P543xStB56A17w==
- highcharts/12.1.0/es-modules/masters/indicators/cci.src.min.js: sha512-Hvs1R1pdVfvsTPTrbAiX8z8yo6ojXcAfvofNUMg8Dxz44WlMCmobC1uAjb6n71mhzRxbAzPSEqRkT20yIildFQ==
- highcharts/12.1.0/es-modules/masters/indicators/regressions.src.js: sha512-k/SlZZmBIEbSSg5XkAcmPpEvrE8XuNMdXSQwNU8acqkbBRGtv/IgaSYtdbYD+CzAlWaA+E/c/1eOxYkT8qc4fQ==
- highcharts/12.1.0/highcharts-3d.src.js: sha512-J6SJDT9SnRstvIy1zml7WUdSgeA8en5NQplBySMjrUVcWfBKmwscn1wkiHspgKD1UfhoTwmqmx00f+DXV1nn+Q==
- highcharts/12.1.0/indicators/obv.min.js: sha512-7UcWeGm5WrHaI12BX2A1rdwZsIz6XGuC2gHF0NHGCxgZNJPa0DwuZBJZ62tYEPh3GeifN20KkfzAm2qAyDdtqA==
- highcharts/12.1.0/modules/wordcloud.src.js: sha512-/8AStNyeZY8qLKxEN+b68r/MJTuaROG/RR1e74wcxZzLcSwzUvrBfVBc0xl4Ggvm+/a7WT9YyYm4I9dNCJQyXA==
- highcharts/12.1.0/es-modules/Maps/TilesProviders/Esri.min.js: sha512-b80X/JduDDIRCks4CZPXYTiCzjkWAtDVPuE7+YKDnU/rjJQJfiuAzRJ1QIpNHBssEI7qH08JyQrUxT1QwQTIWg==
- highcharts/12.1.0/es-modules/Series/Timeline/TimelineSeries.min.js: sha512-k/8/NoJfBo3jUjAexqaXG+7/f0iqu1NlGN/DcbTColGBTx0LSjQpfls1lYmOwvtliS3gV/MMEZQQ1jAWnMAIvQ==
- highcharts/12.1.0/es-modules/Stock/Indicators/PivotPoints/PivotPointsPoint.js: sha512-akx5HMYqfJ5XN4zV8BdQj65aYYfHKw+Ku6iPmKX2rnFnFZhsEnJCA26FsiMEHIStqaCsIASOnu1rAUeyfw6mSg==
- highcharts/12.1.0/indicators/aroon-oscillator.src.js: sha512-+DARsS6mSdqdKPIftJG6wfjKkg68XLFvM/Kk3Dyn5PAHCPgeQ0Obas0YO8Uez2MVdW3xt10s70vpvGNFE41ZAQ==
- highcharts/12.1.0/es-modules/Accessibility/ProxyProvider.js: sha512-bHX/vLSQRzuZMwqCYDepHrnphXaLXriY8egX8gGOQOR7318nmDO5UWVEMMouC3Dr8nVg15cmHmZaVR0L4J5f4Q==
- highcharts/12.1.0/es-modules/Core/Color/Palettes.min.js: sha512-LR9R/U2luq/FEyS2kZ7WMRYag69NGOMORf7m53mQGyyFSJK4d8VJjSqYex3svddQ2TPkyaaODcrNE0Irmo7gEg==
- highcharts/12.1.0/es-modules/Gantt/Legacy.js: sha512-Bj2TXrOegUrjHz4arMLxBzg3m8SKBMKzleqdXY/jD/u17VQerTup/DsUipypr1HV1mzPpttB4cjeh5Zqc40/rQ==
- highcharts/12.1.0/themes/dark-green.src.min.js: sha512-bDYCAsNc3NFeQK73CkplIpeyBxuv8JbGQPvPio8o1fjgKERW2ckKXWbHkmMog42ACA6QC70wTYNQgN4fxgfSpw==
- highcharts/12.1.0/es-modules/Data/Formula/FormulaTypes.min.js: sha512-L3GBnyQvD2/8rBV0yd8mThua7xUkvC7Kzz4P8BU09p9zrH1FxdsZlxYyZKH536zlfhjGQAWH4jvKrfQdnZpjFQ==
- highcharts/12.1.0/es-modules/Series/DependencyWheel/DependencyWheelSeries.min.js: sha512-YftOwpTW33qtc4nrHMZ/l+vogHMoRoq1iSlg3qKFkKVoXXuFJ5HL4BLI+fPGBFUEQtpDNv70TXyEEfIoQtxZug==
- highcharts/12.1.0/es-modules/Series/GeoHeatmap/GeoHeatmapPoint.min.js: sha512-L0SBtSIV7JwZ1FWcdgXQk8PC7uSTKLcIPhE4xem/YFb7Ih8ZbP7lnkYejTFSzyrC7ah8XjJimNu4jFx52+nYvA==
- highcharts/12.1.0/es-modules/masters/modules/annotations-advanced.src.js: sha512-eyVaUJwbhAG7MMa9AvRDgLcfLoScGUIBZgPEsomNKBvLbdVwdyiEPQCThBaEj3zI0wBEdv28mg2QPvbiu6qRjg==
- highcharts/12.1.0/es-modules/Data/Formula/Functions/SUM.js: sha512-5CHv8CHeIKETETA5yHyk202QAZqCUqJyefq4MhD7n7Uiv9rzSWwnlfOX8BT+AP86i/qSiAGYogCbHsmV274rnQ==
- highcharts/12.1.0/es-modules/Extensions/DownloadURL.js: sha512-xHG2jGiOUjuEfOm0eA9vduhHJcbPkNWlANfb6e14+hZeo/atLENbYPp02l6mSIQR/KlNjHMqmBDd/H8E0jwUbg==
- highcharts/12.1.0/es-modules/Extensions/DownloadURL.min.js: sha512-nlNLfWiBlXorzUBx5yYMeNhyD//lMXVZE+yFiaGZZnZNfZUsHvTQPwY9i75OQsS5T7/dws5M+qws0YTED0+17A==
- highcharts/12.1.0/es-modules/Series/Line/LineSeries.js: sha512-b38giN8iGiE65UHG6ibb4tld7iFBDrQIHTvKr74TfO/3wPcoAIoME0YwVmKSVeivqN/oPDpZh0oojWXOO9UQ+w==
- highcharts/12.1.0/es-modules/Extensions/Boost/Boostables.min.js: sha512-Fv3YCOZXlilc59HKp2iHhW+Hjy5qy0LrTllenXl6wu3e1Of5XwQZTBhQ63tgQTWSck3LOdFexrzacg8gW1DnJQ==
- highcharts/12.1.0/es-modules/Series/Bar/BarSeries.js: sha512-YIA9kSJmCXcG1261oUC1G1CX4Kdg9IwynHHz4+hGYccOq3mV1ruEp4PPQlCQ/9LZgKNI5dM5FZlxTDxcUu6myw==
- highcharts/12.1.0/indicators/atr.src.min.js: sha512-+vhWw/pfw61NVUxiOYhpvQd2S3bFDtPwzprwxFhzRPP4bXGoZEkJpDHo5LYzMn5fKoJLsPuEYnMrOtXFBPdDIg==
- highcharts/12.1.0/modules/venn.js: sha512-VtUf2jxKh6gB7rqp/G1IRGUS5nvEq4zRSY0+J2UJN+Mr4OSw4nUAX+umdktXAYjHNOkZhCBauMReSn1CdcdhkQ==
- highcharts/12.1.0/es-modules/Core/Math3D.min.js: sha512-ko9qvMwXMFgreTvmc4W9VbjkhJhy4OQwJ0KCLwVYFXUSwnXTZ99QDMPSTeaYAfRciQ9wWn+RSuK/PdMuCjav8Q==
- highcharts/12.1.0/es-modules/Core/Series/Point.min.js: sha512-DPvcNIJMyuEfvHHsQsfs3Tzf/qbYmlU28ZCRIPy7VrVBMlA2itOUrBmBgVxGRiloSd26fSP36f/s47LSiE++og==
- highcharts/12.1.0/es-modules/masters/modules/vector.src.js: sha512-vEY++0z5uGkHhN7A/l4pYC3S/F9V5eifF05Kwzprx74tG7QJC61mwYHQfmg8LAyR3UvEGv7jcAAsqVKV6719hA==
- highcharts/12.1.0/modules/pattern-fill.min.js: sha512-GaiewomHmxN6a+leVGkv+5d/l6TEDFS/xKeZc9ucTPkazmznpmM39xLMDxk3NLXwCm7/odRNdzBWJ+NobAe8vQ==
- highcharts/12.1.0/modules/gantt.src.js: sha512-3FRjwJs/+caM8pjS6OQVHaR2guY0g3WwrLtxpVtyDw6JDo9/bmZLdeq8Xfvt2SKpboy8B1jtBA7WH6YaSOOXpQ==
- highcharts/12.1.0/modules/heikinashi.js: sha512-tq2DvCMZub7tomyLcebXWNUyapsdObSnrpCD8JK32mest7SDW+9eNaPfOJZinVtoL/Jtykv59xx+5kGUtriOjw==
- highcharts/12.1.0/es-modules/Series/HLC/HLCSeriesDefaults.js: sha512-u9hstaF5i24i1Cuq6h+qHS8TnKBczd/sTRnQ1VV6YHx3zmRJlVO0mExp0cof1UETUloNJyp8iTD/5umWE37Aig==
- highcharts/12.1.0/es-modules/masters/indicators/tema.src.min.js: sha512-WSr1PHRSB80lKKUCarjkilZgdMxYrhT/1nkCA38x0HGGrkE7OqkHZKUGxPF0fCndumXoRiODULlQu10ufRZg4w==
- highcharts/12.1.0/es-modules/masters/modules/funnel3d.src.min.js: sha512-JB6i85luDe5RkIbHYPlCKbLeZZYjoL2HQsbE0gJ2UyfMzc6dDIhxz/jUGavvypKfKPxetnI6z+QRSnJc5u5XPg==
- highcharts/12.1.0/modules/coloraxis.src.min.js: sha512-WkKLLGoNBIf2ldgm1YbJ/DuEOO3MbsriENGKCoxlznWmiFnA6fhGlC0ZViMDVCOZdxpKwsQ3KEbchyDsbQqThg==
- highcharts/12.1.0/modules/funnel3d.js: sha512-DmILlKOcdmvWFUyuK3uKexydPMUqvptWtK8JVS0wS+uF+mEgjrwS+MHph5/jYxn0wdxWPnLcGJJeYkWCTcVSjA==
- highcharts/12.1.0/es-modules/Accessibility/Components/ContainerComponent.js: sha512-RzjdUhoqZhN9S+am0pdAzIIi63YbYjqvjXMqMXnblxXEK3kAmwWXkkFIt3e3mMS3ePH6lXzik4nMC47PbXzL/A==
- highcharts/12.1.0/es-modules/Gantt/PathfinderAlgorithms.js: sha512-ZC+nn9vxpee0CsFFQxng5FyaWXpxPV+zJ4og3pcZhNTbjVEekwWAU1bgEN23+T0wvjkkkXqbtbTrLQVK518wsQ==
- highcharts/12.1.0/es-modules/Series/Pie/PieDataLabel.js: sha512-bWr6sucjR2x79aWzLUQL3G8GgXmSpT+IFtSqyC24VPUTsWyADyF1F+lqCnnziqEiHrOXn+iw8oXarmeur+3NWg==
- highcharts/12.1.0/es-modules/Stock/Indicators/PC/PCIndicator.js: sha512-kd3v1++Z0rULEeI/pxLUUAFRaU5FWoU3kiRH4zEZKy7T17VrJfz36jrz5dMqnzue48zWjp9knSl556LZZmsgMg==
- highcharts/12.1.0/indicators/ppo.src.min.js: sha512-FLzZkqUu/ndlI8dJhrx08tU9k/REcVAogqCWKRb4MNBdg4PWattFF/Vs90gPnUwdm4IfygwtFU8qerzECo3I/w==
- highcharts/12.1.0/es-modules/Extensions/Annotations/Types/VerticalLine.js: sha512-lTlAmTYyq6QEYKUzYLMUtFq3TEVaDjXoIOdcJz7d8tnpY52uTJiF32vrumOsxnQzKk8WKSHCadrlkd8QF8FvMg==
- highcharts/12.1.0/es-modules/Series/Bellcurve/BellcurveSeriesDefaults.min.js: sha512-/WhYhvM6UjNsn5YcPslKwQfrNbl+KJ1FuIa16/QQaCyX8ovNKGjo1soJroqXK9FrG3Y6ifMDqQG4rU8QfMaLcg==
- highcharts/12.1.0/es-modules/Series/GeoHeatmap/GeoHeatmapPointOptions.min.js: sha512-z4PhNX7vuL3xVChQ1m2AB9Yg5AULVxXcg/SpIdNs6c5H0NE8XYXysP+DGNKHfuwvY7kxvUdBeoGlODJ6+SfaPg==
- highcharts/12.1.0/es-modules/Series/Polygon/PolygonSeriesDefaults.min.js: sha512-bwKeumKe9K/zEWOstttrTVGiANN8nej1gnifMZwLbXE+lnB+Cicm3ne7i4usWSVx9sv5QPKnNlqtcCnFs/AH+A==
- highcharts/12.1.0/es-modules/Extensions/Annotations/Controllables/ControllablePath.min.js: sha512-6Lg9K8MFFLZZ9GISL8ekcQGBWOJrW5D+0ciOkWErK/IOK4w6aYNuXrKRsrK5iKE8nsFTj+xGjqU6zMku2dBwQg==
- highcharts/12.1.0/es-modules/Series/PointAndFigure/PointAndFigureSeriesDefaults.min.js: sha512-pATvZLd2BA+2f66prVnz6SRntCYO3oHaqwkZjwsiFqcp0emShTgCnBf3BZQOvFfUruRQuzfV4t4WVN0mQ5AbdQ==
- highcharts/12.1.0/es-modules/masters/modules/drag-panes.src.min.js: sha512-v8HYCHKdlhS+C/o21skPJbL4norAsHgdx7H6owJNM98UDeBMJ21a5YVxzITiQ2gTRIGLw7zVy8ExW6qvsLDRbA==
- highcharts/12.1.0/indicators/cmo.src.js: sha512-iqEXkPtyjAl5YZVLZDZYV8kjw3FL417jOMM+5BeWtuQMDB9Y5n3vZm7/lBQxclhVydHN3I9gOVOUKqF6Mm+hYw==
- highcharts/12.1.0/es-modules/Stock/Indicators/WMA/WMAIndicator.js: sha512-/ukMM06ALcyvshPKZSht2GUFCxOOVLXWikJHtnu/5T90wsHcydcNix7gGoqFN3/KAvODKM40+Bo7KM7dUM6mPA==
- highcharts/12.1.0/es-modules/Data/Modifiers/DataModifierEvent.js: sha512-JrOdOCBtlpyZjyCbHRvZ2kjPHRDk8z9lTrSoG661g/ygwkfiP7KNP3mKlJVixytoE86HQTIG2f34IywwN6w1pA==
- highcharts/12.1.0/es-modules/Maps/TilesProviders/USGS.js: sha512-t/5noqpSb0R2EA43UgCTGxuihZf7M3+cj/AaLZ/PJmcSOEfxKhGiZ72TEIC+jBx4Hl+C5EYkdDGQQODqu7qqcw==
- highcharts/12.1.0/es-modules/Series/DependencyWheel/DependencyWheelSeries.js: sha512-EgckdM8cEHugSlK3XzlUnwXKh5avjDndBeBw5WPU+ntROmvUK3FY6G2BHa8srXn7So5nU7OlSUv4GtIogchgzQ==
- highcharts/12.1.0/es-modules/Stock/Indicators/LinearRegressionIntercept/LinearRegressionInterceptIndicator.min.js: sha512-3nISjxnbYE02cbx9VGgX3HxqrJEW3MDQN3kYYmeMFix53Z9EcSJiAuK39kSvPIUSjn2zH7aFuYqD/PgAXUDJbA==
- highcharts/12.1.0/es-modules/Data/DataCursor.min.js: sha512-7OaWqEjZp6MoH2pBEOM9E7PC7B1JPGTSE9IsWjuQBrzK+5YuMeLisbMCYuubpQ8OCRHl3VDUudQ5QIgWUzaJsg==
- highcharts/12.1.0/es-modules/Series/Map/MapPoint.min.js: sha512-OMt0eUJxHbrZXqj+OTYrUACBc2N+FK4rjo66XRtXUri2Cx0JGpErRe89Ect76onwMCsGxZW6jyhofRQOTRuLLA==
- highcharts/12.1.0/es-modules/Stock/Indicators/VBP/VBPPoint.js: sha512-DBGW3w/ZuEz7erh40SiJ9n69IClW3HxB2uABwiIU+85653qjhDDfmzIvkFVdNkmbUwxDs8A2qS7uVB+w2qH0zA==
- highcharts/12.1.0/indicators/ao.src.js: sha512-lbg8XSRZxfnXEAVAci3CWzi3FudXKQABvZUgQxpNU2325XvKlqn8g3n6VcIjW6VJhahurcMd7NSi6MriUwXdeQ==
- highcharts/12.1.0/es-modules/Series/Pyramid/PyramidSeries.min.js: sha512-qkou0+HEIZCZ5j01jPRSF2X2Lf+Vk6wGPOLZafVn0k+d9j34Yr439+82vhDGD2s/KcSpqG+Cm2VMx0CAOg5Dig==
- highcharts/12.1.0/modules/data.js: sha512-j7RWvoUHf0OTtsX6+19HiCywiXKHCKtKSoS/OYXAuWh2J0qTMJwQ/VetIxUkp8yksws2Pl7SP2up3BKRMKGFfg==
- highcharts/12.1.0/modules/item-series.src.js: sha512-DriD1dhoiBa30P326DAfc/0I+/6YnZLo815bLMTuU3YWjbgtQk3D9XAxbV7JtLHHr/vfT7IvzVM5WVypk87lQg==
- highcharts/12.1.0/es-modules/masters/themes/brand-light.src.min.js: sha512-sJ4K2fI3KEJcLLEjIhNgBjYI51v46jAVHjfVnbRA8zmM8A59YzsAVy6tknAb1EIIKLdVoZ/M2MJ+7ndc9fwRBw==
- highcharts/12.1.0/modules/item-series.js: sha512-TbOZARceRVWaBQIqWGaq7kaFi959ecJAp+yb3izmur0IqoFnYkuNr888tkDv9T9P+uallyQjOjIXnbyftEzM/A==
- highcharts/12.1.0/es-modules/Data/Converters/DataConverter.js: sha512-kVPQgkLkYms5OPTgyacJRszuiOJeZ0cjtBtSvB1A0lnU2hYD8nfJLP60ooi36gAdXLMMbC4PEiQQgS32J2FQpQ==
- highcharts/12.1.0/es-modules/Data/Formula/Functions/AVERAGE.min.js: sha512-jglsQrkyMt3kciUakz4NKa4CU773/LeyiCtJKLNNYvbL//q2XJCbtPU0zjaRZg+Ys/r7JnTLOjqGCbLgyPYAiQ==
- highcharts/12.1.0/es-modules/Series/Column/ColumnDataLabel.min.js: sha512-cC5hlxANF1E99lkvgQ4R2h5gWGjicNrxFzwvoCyAFuA2SSucyZ0egMMIuDp8BZC6Yim06877sgzNeDfGcVES4g==
- highcharts/12.1.0/es-modules/masters/highcharts.src.js: sha512-LOt/QVwVNLKYT1kspbOPUiDPp808jgjNDuParsjt6SCYfxwcjVa9Xt6XPr0gQ2jnCGrFfaCMbsrby4rY8lx2BA==
- highcharts/12.1.0/es-modules/Core/Axis/Tick3DComposition.js: sha512-ve5R3hLcvy4IKIpfZQ1jGsDtULZS67zaEB5q54F2mHswkUez6wFgsrFkkd8F3NUJ7gHhdHJxvnQ66Bt5faw4rQ==
- highcharts/12.1.0/es-modules/masters/indicators/supertrend.src.min.js: sha512-8lr3XayjAdSzCghOFtpeafKFgag4Da5aDjUbtLGGwg2fzhXMmTNayv/etZYUwj9sMhGcG7Ihh0LfE7maNEihTg==
- highcharts/12.1.0/es-modules/masters/modules/heatmap.src.js: sha512-bNfa0ec1az/jCw5AZwFLzrGHSARP7nAFfCJSDnPgoENyeKm4qEQ1heNRk0aLd1EHfAi8japvaITmcj4hsUoYCw==
- highcharts/12.1.0/modules/draggable-points.src.js: sha512-rd1SysKVVXOoornVSf97MXwM6KCp0LeVk+f1UvLxXEty9qIuIG/FNp++UJ8CNoHb2crwpTyc0n6B7AHQrHA6+A==
- highcharts/12.1.0/modules/funnel3d.src.js: sha512-lcjqQemLTZL71aIwIIAeRcJWY8mzKG8xsjvO99CXh0qoljreaozd6YrfW/Gow9bpCfKZcYn/IlTe72UTuSaRoA==
- highcharts/12.1.0/es-modules/Extensions/Breadcrumbs/BreadcrumbsDefaults.js: sha512-gcv459dTcuWdZ0iHCc+UTlpBFS5BEjgLi6CttSZpINyaxsR+sYKwp5cki5WXHXuDC2iAsjBfwUNZhZQmAGUV7Q==
- highcharts/12.1.0/es-modules/Maps/MapUtilities.min.js: sha512-UYSGX9bsoQuw0sHiJ/yWUE88iA1o4NB5QEZmDGp5ZS7O9TdA7wETxDykQ12JZ7r8YxvIu3XbMBdBbOXmaaYlww==
- highcharts/12.1.0/es-modules/Stock/Indicators/MFI/MFIIndicator.js: sha512-2TrAw7Tmc/sEJJZh2rt6/oOQznTMWmrCjsvgNarCAcIujAF77oibYJYGrm1Th7wX9Hxeyp/U1isyYfrD8PWGLw==
- highcharts/12.1.0/es-modules/masters/modules/cylinder.src.js: sha512-37VGTfUceUksDExfu4TRg+M0AuhWED6CH8R11G0sZ4tbho8Ew9Dvxrxwd43tRv8GYEdkbr8Mplsf1dZ0rtTLeQ==
- highcharts/12.1.0/es-modules/masters/modules/export-data.src.min.js: sha512-XPiHop6Dw+V02FcXPRZqHIpaXQt8QJqA8GX+tzweJ23+YKngLxDmdZRjO9C/itHDktHlOnpT0+tvnuShitF+zA==
- highcharts/12.1.0/es-modules/Extensions/Annotations/Types/Fibonacci.js: sha512-OjzJ1dRi9dLanrhvzveSquxZCtYf2aIydIqaatyHWjduA7z62GUf9Bal9802PEm+0aREbtn2xBrCKFahdEbi+A==
- highcharts/12.1.0/es-modules/Extensions/Themes/BrandLight.js: sha512-HPronSziRYuyMFejgB+t1+THs56yBY80eK0yrCCpWNDTkh3obMprZNsQO1w+7uPjANvo8QvxschvcqwUzkdqjw==
- highcharts/12.1.0/es-modules/Series/Heatmap/HeatmapPoint.js: sha512-eYJCgj8U4BcaNhwZSmkpjqnSvHsB6K20/IPvfY/FiQhAxhD2njlNvyj7mDBL2xt4LPD8S15AwI2BxAmbinwrhQ==
- highcharts/12.1.0/es-modules/Series/XRange/XRangePoint.js: sha512-ndACrHmTjm5nKtS5js6vOSasaeL5/PnvfOCDQytfAwcF2UZpBHMSmmJyjIEyzOh/G6siw3MSZJUnCWBHdCjCqw==
- highcharts/12.1.0/es-modules/Extensions/ParallelCoordinates/ParallelCoordinates.js: sha512-VII6Aq4sa3ez2gDOnliaT+dQ7bS24vLDM66cvhmoM24o0kq2rb85AI+7z0cuTqTq/Jj1op70mHbDKBSQq32ySg==
- highcharts/12.1.0/es-modules/Series/Treegraph/TreegraphSeriesDefaults.js: sha512-MEJHlt1usTb0G0f6nsrZvMWAnMlshgrUkXay04r3GQ+YWNJmzn7MvbgjFQUt/2w4DSb4xZCc6hDWtUkOIfMx3A==
- highcharts/12.1.0/es-modules/masters/modules/item-series.src.min.js: sha512-eMLQhG6j6XjhxoCi8lBXIeAhCb3w8rbb9zxp1mprcMTA0/IHfhDaMd68VU1MXRrM3+dTN+9gIwrxr0Q4HX2kKQ==
- highcharts/12.1.0/es-modules/masters/modules/renko.src.js: sha512-tQzq1v5t6C27hVXaDRK7xVMSanB5LodOm8hfBJ+YOLt+EJEowMZYRBdiwE6uQ7FqYwgN6+YH4RXSSiZDxLyE/Q==
- highcharts/12.1.0/themes/brand-dark.min.js: sha512-ZuGE4T6P6RNwdoLP8LKy3uitIQzs9Wy0QaSIaGaxkRlSX1+Ug1nbrarykXIBVS7UjntBMB4U1tyCI0ohQ7sjpA==
- highcharts/12.1.0/es-modules/Extensions/Annotations/Controllables/ControllableImage.min.js: sha512-HA52wDrYOyc68XvHX479tkr0yrzmuxyyf4Lt00wWIGp8t8sbwb5efTEl/w9qeyRkUsNzh17A3P0O82/4gHc1fA==
- highcharts/12.1.0/es-modules/Stock/Indicators/ArrayUtilities.js: sha512-Bt/7mMWXimhoPqeFuSFr7OcZ61pHnxMpqfWZFApw+Tn1sDs/c2MEiUpswwt1+UfIlvIFdOYbBIyhJNsvDRpb8A==
- highcharts/12.1.0/es-modules/Stock/Indicators/ROC/ROCIndicator.min.js: sha512-lODVy78yhIWfxcJy2qf1FQMfgGut1AjInpHbN56OCocyM1wcpROXvygVCkR/9yVFQp44N0AXc91owlGoChZBUg==
- highcharts/12.1.0/highcharts-more.src.js: sha512-3DQCg7oMwH0S5n9CGFhYETjDW4pxdRDrAWcmCP3GNiMZgf1HXETezr33t6l8MW46NpxM8+5qysws2DAGMQ/7Dg==
- highcharts/12.1.0/modules/dependency-wheel.js: sha512-X/4My2otno+pxEzNgzCCF6iomnjXKF5OGafgRxzIjyCwfi61hH3pp8o5JlF5w33ygHrDU3IiI8LebZBITN2ewg==
- highcharts/12.1.0/modules/grid-axis.min.js: sha512-fXd30CSbuu9aaGnEjCtF6VW1O8zK0uFrbEMqjwCjUdkqfdZ4NgzKwC6fp5mXh9W89buy+fgq+slLamoKex58wg==
- highcharts/12.1.0/modules/treegrid.min.js: sha512-kALsVzxVTLHFms0IHnoB+Iiu9ZIcOLWHQRaJ4J6r73VuATZUtFGufg+xaGRs9CKnxBUJ6jRmVKqdtBNqvZhMcQ==
- highcharts/12.1.0/es-modules/Core/Axis/Tick.min.js: sha512-CkeWe6sEQIpIDCiRY5Wi2WfzqIN+dQOQBcKLRKDqu5/so+IvLfIFgBISaQ10poZuauYG8FI2WafjmGaSBVclOA==
- highcharts/12.1.0/es-modules/Extensions/Sonification/SonificationInstrument.js: sha512-jJG/byeah0F0EitpuXcIT4we2lI1AqeEMC3s09jlAL2O8zc5gk5Sp+cWVqSd4I4jOOTavjgCzMabTT+pQ8fs5A==
- highcharts/12.1.0/indicators/ppo.src.js: sha512-zFL74VAxak2qX8q5bRLyg3n+RT53MnKeiWghJ3ZzmYNp5C2OGSvO7AF5kt1axCY9uHZd8i6rbbdzFJLYNeoo6Q==
- highcharts/12.1.0/modules/dumbbell.src.min.js: sha512-qq6Xqq05X60tpw5EhC8dRe7CJrFaS9+A3df9mO5IuYkm4cy9IQ3w32TvxjIaJ0ArS3fSGHNQ759u002mMinSiw==
- highcharts/12.1.0/es-modules/Series/Pie/PieSeriesDefaults.min.js: sha512-Vj2GmavA0OjS1XTFaZ/TANET9CYWUDZYnZHXq+p8+xjGmuQ5NNS2+ad6xQoOGzjTJS6hoqzLU8q0CR9o3SK9NQ==
- highcharts/12.1.0/es-modules/Stock/Indicators/AO/AOIndicator.js: sha512-jb5/VMjQyz109rg0svR821r99iEshSujJHj9EGYDUTSVfwKX6TYje3B5Wc8MNNwQOKPvUePcaY1orANhsczoDQ==
- highcharts/12.1.0/es-modules/Stock/Indicators/MultipleLinesComposition.js: sha512-Pqoh/dOXhULVvchm62+q9m/JBx5dd9eOOSD3WK27yZhgRd4l3JjOhHueeE7EpFp58NXSaME0zUkSHxRZSEtthw==
- highcharts/12.1.0/modules/funnel3d.min.js: sha512-/QtAHC6bitBVOWlME+tC8lZe3eXft8eweXalxctaFdOlZKHK/G8pEVhpJ3eWa+fgisfONx4W8K6o+2r28VxlLQ==
- highcharts/12.1.0/es-modules/Core/Globals.min.js: sha512-2VLsQdCV8Cv0SlnQo+/FnqBWvzULZmKPgXxpVE5/rR1F2Y4/3Y/7SBqDmpHtukCNSnsmm44dwOsidNVewRl84A==
- highcharts/12.1.0/es-modules/Extensions/Sonification/Scales.min.js: sha512-F4VZyZSj3dYT7Ak9KSL5bEnPVRWTRcO+K2R7+PqwQDoKLos37ZUgnreOkQMS6HzukgAUM+tgBA6NgJGI3CLvAA==
- highcharts/12.1.0/es-modules/Series/AreaRange/AreaRangeSeriesDefaults.min.js: sha512-gqLLh+j+agwNBUGdInQ4wvZMiXQ00rIkl7n+dFSZNpJYCo1EPyXuYrQJPjzOaA85+iezc5xhpVoOl+CAUgUZJg==
- highcharts/12.1.0/es-modules/Series/Dumbbell/DumbbellSeries.min.js: sha512-iuoNngXAEe5o1cn6mQDGAvYGZl/v1hdl2c5dKUNbUjgoythmPCcIMrDSofEFP3M/a3IAJW8ZUpvrIxW+vVoNDA==
- highcharts/12.1.0/modules/renko.src.js: sha512-T8+yPWpUoReH91Zdotr8osAsAoqkZD+/nPNpvTSiznNwJ55ngzQk5lAmMB5Zp6mDvJs3Qyx/eeaKqMD8S4+Jlw==
- highcharts/12.1.0/es-modules/Core/Legend/Legend.min.js: sha512-C27QAoYv0AVKH9/ZK1qLo1kBshtMH3k7MrhhdmjlxzwJBo3BkY6UvyUH77vR/VH6z8diZICHoiN7+CualebCHQ==
- highcharts/12.1.0/es-modules/Data/Modifiers/SortModifierOptions.min.js: sha512-/AZ7408MIjE2MJyRKwjNVKkJ6t36t0RVWsWdf6XMOmzlrR5ZOcAAt+WAGJ6hNt1dyeuWH7DTKM3Q0RD06/MdkA==
- highcharts/12.1.0/es-modules/Stock/Indicators/PPO/PPOIndicator.js: sha512-rD1jOsJF0CwQa73zLYKE5yuybxrpZVE4BEFvmEwNYcIiIePXazeI5CU0oSmQHJ2nzvlej1VIwhQlbaVZWuRnGA==
- highcharts/12.1.0/es-modules/Series/XRange/XRangePoint.min.js: sha512-BuRawswrM3+6YmFBMBrxs5ZBB/IbP6P9cXIhLMmnORAeZdfyavhAN9MYTtfGPDWbUTblH38Jhlx9B5qI3OPgXA==
- highcharts/12.1.0/es-modules/masters/modules/dumbbell.src.js: sha512-ZGiP/ofoVOAtr/rwn8FdYkXM+HUKbLyVdMoEdq/9vAb4jodCGveM1OOayF3dtnpphRB7Qr2IyMwhiRu3mvwIMg==
- highcharts/12.1.0/indicators/chaikin.js: sha512-QN/FdA/gw6jV4aq+a4lR9Qnygjwn86OJbuIntlkctoWVNKnkXSbyg3p8LsRwyJ0rw07mhF6QUNCey2j/3Xr4aw==
- highcharts/12.1.0/modules/pointandfigure.js: sha512-WyUI/SxysWpX8SNTcAy4Zgcwfqqg7bO9Qjyxu+07BPbke8s/RMScVOm2D8HdqrIBwqgpcw5hcBGQ3U0wJSLLIw==
- highcharts/12.1.0/es-modules/Core/Axis/TreeGrid/TreeGridTick.min.js: sha512-UEWcdtUelrdOxcv5iyMdp2kpEXWeZwaxTbJxIPorTtkBQE3rhQgNQH8niIi+klTny0WPG4geK5bYnVH5tRkmnA==
- highcharts/12.1.0/es-modules/Data/Formula/Functions/AVERAGEA.js: sha512-VNIMGpOXQuaEcv8wIdNX/N3wgcGQgSBEw6ITo/6+nuzUgTVNafll91Jn/DAx5X8QRjcjspWxKebyHiec7i4N6A==
- highcharts/12.1.0/es-modules/Maps/TilesProviders/Thunderforest.min.js: sha512-kIOc0xIttI6ugNC3XF9UG/y6LMOkzPOm+w02cPfYaVm7JP7gk+swAXZszrd3rB6x9eChz2kkcBP3vPaZd8q6bQ==
- highcharts/12.1.0/es-modules/Series/Treegraph/TreegraphNode.min.js: sha512-UG/jhmSYMlW/ylrQWVWZ921Xw2LQRFsUD1ofA2F6iLB8VLnc3S3D2UZm1TIw9GaMXkXnePQBQkWDQQtR9oQKaQ==
- highcharts/12.1.0/themes/grid-light.src.min.js: sha512-peyop5q9ByaLh8o6KhZcl3YG5rpi6gVzSCQR4pm5ZcsrgYpEelNRtd/p2tbD4uqeLo0OoZWxNm0zerzD2WzJwQ==
- highcharts/12.1.0/es-modules/Stock/RangeSelector/RangeSelector.js: sha512-wYKAjIX7fA0UIp3WkW1uRk260c5acBPhzdnP3dcyV7PytPoJQaRRsdT8LMh0VdQUzUZBauaTJp24OC3VHuMiUg==
- highcharts/12.1.0/es-modules/masters/themes/dark-green.src.min.js: sha512-aMQlKyEcHETnRul/cgrl1qEr8Ec91FAGK0T/Qt1q3guF2uzeujXy0KGGbJePIrvZtW792ztAEpENSlxK/nI6Ig==
- highcharts/12.1.0/indicators/price-envelopes.src.min.js: sha512-4sP5MdXneQLPkWbx9WqM/IsIQOiv8lWei5QoAOLlW92IqPcpIpMjP7RnUbUPoOzqgy3o2CGPmssGLEIHmJXmkQ==
- highcharts/12.1.0/es-modules/Core/Axis/Color/ColorAxis.js: sha512-5/ITaeXubhiMd59YGgM2N8kwngZn2Uxd1tNFvrkUG9eVRsdsjfdlmShEyTRDrbLNtDpUugxRH6slyD7d7V8T9A==
- highcharts/12.1.0/es-modules/Core/Series/SeriesRegistry.js: sha512-tSkRV8k5Qyw2XYcZg6Uo2s0BID4K8OyxVq5Kg2h1+68dcm7FnNryqtOjq7a+nZW+tf54nLZsmWlRTVUmPmAEoA==
- highcharts/12.1.0/es-modules/Extensions/Breadcrumbs/BreadcrumbsDefaults.min.js: sha512-yqc1x8e/b6//LBZTC//Y3yph6Rn5/kTUMz4Wcdj+p6urat1xr7Tk6Us/wFG6Lz+Kiyslreu4wcmVsr4I14Ilzw==
- highcharts/12.1.0/es-modules/Series/Pie/PiePoint.min.js: sha512-y2OxNisKoq7wAxvyolO5GNnTUUQGvw+pfYqf+cJ43MtTv5q6FsGiiWagVggEQWcOBHVkAKvsXzQSn1PfPfWxGQ==
- highcharts/12.1.0/es-modules/Series/Pyramid3D/Pyramid3DSeriesDefaults.js: sha512-opYoAu28Sr0ot/oQEQyq7pRZaQDp44rdMDpJgamu+vtb1eaCCi/f+37oWK6rq+0kxNqkym4gv7QgTERXxSYctQ==
- highcharts/12.1.0/es-modules/masters/modules/solid-gauge.src.js: sha512-w1eQy0bbjkZ1v1C+nM4JDH4TM+5/5ZER1vFzriKdHJK4oFacuOHqFdm8D38JbmSww6B5uRHIFd0voq0YpQgNhw==
- highcharts/12.1.0/indicators/accumulation-distribution.js: sha512-qUDR/xs5U5eH4FElN3zGbRDuDiKUNB+9UNUSJG3wTFTJOhT2HE9vB5ZxVZbCmZr0jrk2fVequpw3JxjRQw2VmA==
- highcharts/12.1.0/modules/pathfinder.src.min.js: sha512-e9iStGFAb2P777uCqhiVasppImwhVgyTjKx/enC+BQYe5wej1lK0QdMoyC9sSS9uSGHIDeloQqVL+pQxiol2SQ==
- highcharts/12.1.0/es-modules/Extensions/Annotations/Popup/PopupIndicators.min.js: sha512-Ajtd7rS0ZZZ1BMh6VS0QeySNz+6dyaz9xoDjQCJ3Kuz81XzQ34vsEk1nS4Eq76h8ZGl3AGrPv+9Ro6kKeU27LQ==
- highcharts/12.1.0/es-modules/Extensions/MarkerClusters/MarkerClusters.js: sha512-LIqz8Qm16AypGEVObVNWLgAPtG/Prfj8ZtDhOxhADrLj+JwAwBZt1aquJ55503pKerVRz/j2U7Mo6clRyTQfeQ==
- highcharts/12.1.0/es-modules/Series/Funnel3D/Funnel3DSeries.min.js: sha512-CrSnPssnp4pGC5AhcGJEBZfy0t8h8gRRMPh1br5ONpT2DvPNUrvFRtuUM0wcQoesvm0uNw+JyS7buN5eVCFExQ==
- highcharts/12.1.0/es-modules/Series/Pictorial/PictorialSeries.min.js: sha512-sCgkfoLD0CtoXSkX+SnGZWPOOwPDZxJFibNv4sEoPu2idM/k3Ew0Nl1rOF30F9vngHT4GpfsZ8iEnFt8YJZ73Q==
- highcharts/12.1.0/es-modules/Accessibility/Options/LangDefaults.js: sha512-PD3zQK9mOEjgtweLJREIArV9vbNRWfEWYvhhbzBdjjsuhN0rjcYEbT8uME1U2kaGJfN+W2YxFthULtbckyVPJw==
- highcharts/12.1.0/modules/lollipop.js: sha512-D+FjDAicvHNzGU6ftvquWwjumFCJiXBYsJKpL8tpYAvCYbszEY3qrnoPR4lfyIHxt0KvbMlXinxLiTPlysJmSQ==
- highcharts/12.1.0/themes/avocado.js: sha512-Gq9re+uhZQ5+ON5OyVnTNulo1jgPGyQFSFQMGYnAtt7AYFboNTqtkxFZfSb1acmviqVi6ErZk8zDXpeGFYl4MQ==
- highcharts/12.1.0/themes/avocado.src.js: sha512-kdTwvDotBd2x12KugJEGeWrOxpldYi4nIeV9FNtcFZ9EsTgty3O2rVTQj26mbGP1T9XUh/lcCSCaJnIiQtg85A==
- highcharts/12.1.0/es-modules/Extensions/Boost/Boost.min.js: sha512-Uxz5kB96STDGGBMTXEjHNELZnu5maosPNDdNYiW1JS5UW4XhEw2syvIdEctK7tsULsvcT+/7fHAvTuOQ/bV9tA==
- highcharts/12.1.0/es-modules/Stock/Indicators/PPO/PPOIndicator.min.js: sha512-WusJa62ntdHWVtb+QMvJmsTcH+tS37rwcOv4xzIbYs//4+Kbn5uphz9zgyISaKLHWv0wQg1VwkNkSBxCJGlDyQ==
- highcharts/12.1.0/es-modules/masters/modules/venn.src.min.js: sha512-Cy7WP+NRug/8RWMY3ExA+PFS7UBAKI7Svfr/4ipUccksC6Uffb1Cv2tiEck9hqUcw0bYp93w3EaW9szhTUxs5A==
- highcharts/12.1.0/es-modules/Data/Formula/Functions/NOT.js: sha512-gbhLYY1ZOHwyJtWZEbj/eqxunMsz8OWxasO0meMXwfnLiEbKiPXLYt1Xvaxy9CJuWsfIRBsT8z6JiAfVscu2iA==
- highcharts/12.1.0/es-modules/Series/Column/ColumnSeries.min.js: sha512-c0bZUDgVCAzkBdDgCfEoVjE9W2g6ZciCAwFZHHKnFB1qzWmdGH6TIdKk/Uh2vqXZIenUJqbksMvAwCy3Yg4vZw==
- highcharts/12.1.0/es-modules/Series/Funnel3D/Funnel3DSeries.js: sha512-AUIyt2iNo5ut2YYNnNHEKVoIQ2MZZ40ByzHBEZuYgFUa464m1D6geWzXz7oGXSFuTIDA9VO3GYceyElDObU41g==
- highcharts/12.1.0/es-modules/masters/indicators/trendline.src.js: sha512-0WBPoJ0BUHwPp1PnZnQoeNyl1WhmDPXOERgDYY1pXSxDinmHVkM7Rcz9zr+XNvw/P1dfSdTqLPq9+KCvD4yx9A==
- highcharts/12.1.0/modules/drilldown.js: sha512-PYCeoNu+oLMuSvdKdcg86sU3aFfWUgYqnlbJByKLT13KXrUq+UHcBnKKdkCP5Di121/BAyT+W7mANV9wAIp9kg==
- highcharts/12.1.0/modules/full-screen.js: sha512-/gQ5JCS2u1Yze2vfG0n2eLmbGpcuRQU3YbibfH0/HGvr2KkVLzmyYuMy+onFk8bw89d2KYDXLCH3CnYDKcXuUA==
- highcharts/12.1.0/es-modules/Extensions/Sonification/Scales.js: sha512-4q2Ubxh9VCf+sQp0FAQ3YA+0t60enLQyJcmI+6jnbUwkxQBgJ8NiGb+43IjSYmfrhDxeqTKbct5zStdtLojM5Q==
- highcharts/12.1.0/es-modules/Maps/Projections/ProjectionRegistry.js: sha512-gSaESeEgLaLrbimp92AHDLPDneaeOkgO+U7KUlzs9YvKpmYmgQYj3SgTayWqzBVaIxEcAjxIKu9QBgb4gLDv7w==
- highcharts/12.1.0/es-modules/masters/themes/grid.src.js: sha512-Cxb1MKjgrW1DqFFBDnvK40MbNKPDYR4oSIqfMTd7Y7lWUdkSULTj/4TJpkeIaSByKLIUSgxewwrc/S43HTPbqQ==
- highcharts/12.1.0/highmaps.min.js: sha512-exSQWd/LjEeBWFt12xUbnx+ayi3F5IXA0BshfK7VhwrLCWoGWNAoKE8DCLQFd2S4SQ4fnBDXnb88wMpXG72d8A==
- highcharts/12.1.0/themes/grid-light.src.js: sha512-cWB2IlUJIPoIrQtzH4eyqLFz1sBhfqdvhITfFsla8K+xjeljzm4HuxZRuZnU535bC6emPmmtexz25Y1nXFDWaQ==
- highcharts/12.1.0/es-modules/Data/Converters/HTMLTableConverter.js: sha512-/JvqkXyLEnGax3ZXdBhhc4TfKO4tbD0kyaN42FimriXaYPDDSlXzYS4rqWGsLkCYX3muszd4ry0sptVHTTEXpA==
- highcharts/12.1.0/es-modules/Extensions/Debugger/Debugger.min.js: sha512-1OpwtweRhncACw8CtLoLJCXIAn2Mdhlf2XNHT0xNpGC8vraiMjJNh2np3YjBTTwIEdfrFJfAsF0l+eAEMBpCPw==
- highcharts/12.1.0/es-modules/masters/indicators/natr.src.js: sha512-5AKobrmTxQuIKwbfNtQ+K0Z+3ZUiksYE0cYToWbg7BNSJEvD2hH9gxhaBUKMH1dw2RGrqiCjVkDi6gIz+/gx3w==
- highcharts/12.1.0/es-modules/masters/modules/exporting.src.min.js: sha512-PcKSoJLxtKLNbLvWM5mzbhhJdpubnJFINz+A3i5mCUXy7EiOTXPVZeGwCGgKjY94ZLcjvzrFgHemEwo4MBtfWw==
- highcharts/12.1.0/es-modules/masters/modules/arrow-symbols.src.min.js: sha512-ZLi4fWjb/6agPuvqy4nK9ekYq6QBnIvk06QsrTcFGTgNjYEU0ERG4cJYb/DSjUzyaID1aLBGcsyDk2Tr/mIpcA==
- highcharts/12.1.0/es-modules/masters/modules/networkgraph.src.min.js: sha512-6tKXyui0dGZFeCG1p6is6CU1asWaMhjMA+0CbNKxpOeU0Po+0vVqLJEf+628ith+njpuIMc372joZ4gm29cYjQ==
- highcharts/12.1.0/es-modules/Extensions/Boost/WGLDrawMode.min.js: sha512-l2El3Yh2qfJXEAU8DzyaoyjE9QtfmF6/qyDeaw0zO3qyAJFHiSNenQvuAfYPXjdFgqN/sO36EzTzcj66kFe9Zg==
- highcharts/12.1.0/es-modules/Stock/StockTools/StockToolsDefaults.js: sha512-4u9S+NifsTrp4d9uBIOa0Vp14b8YFNNc1JZlX5a3gd7l/4AY4HAU/yAdGLh2CFGteaTDzevE2HQi1oV5Wc++ag==
- highcharts/12.1.0/es-modules/Stock/StockTools/StockToolsDefaults.min.js: sha512-cZkq0/TOccviWScZPKIK7AB/BeNJzvz3ZofwgLiKUignJyjmYZ6dum0iYiuoGRuVvelaV9/t0a1W65j2phFJ7Q==
- highcharts/12.1.0/es-modules/masters/indicators/stochastic.src.min.js: sha512-cBfX1gnEWY50cRIx74IOGxVM0qLJWcOrDZliue745u3zWEJae8Mb6z3ONJLzjR74L8FrM2HbeAuJ3AQvx6rv9w==
- highcharts/12.1.0/es-modules/Extensions/Sonification/SonificationSpeaker.min.js: sha512-ckmC59fw0IOZ+UFa5TVEnMr0CKqh/D7GrMyfRYrsjsY4awoee8vZ6KYD+ePHrpZbXdYnCY7IkLi0e+e+OTQRIw==
- highcharts/12.1.0/es-modules/masters/modules/datagrouping.src.js: sha512-+YkNzTWf6S/B+XSsxNIOrHNmwKKcap2pCUhlgl1Sy+PNwf+GJ2OLy0AGdeDOopi39ooVwkWWLXQtsuTNoS0GPA==
- highcharts/12.1.0/modules/tilemap.src.js: sha512-DVb4CI2i1Z06jnL+haUSO3yb+9xCwBOreqP+ZGmcus2x93YYpG+KuYxoE4rHqfOGuKtq+SVkvOAN79m8dSqxaw==
- highcharts/12.1.0/es-modules/Data/Formula/Functions/ABS.js: sha512-ZGamgWySvWtu+BQVVWlIJBwVT6H+CYjlrwhgGYoEyJy1PYMBpFk7mf4kQGl60BMErCIpRnOLDRyWfbaRLO+TkQ==
- highcharts/12.1.0/es-modules/Stock/Navigator/Navigator.min.js: sha512-9V7KnC+AHZRfz2dUj13l3EqkBCdKgh8H9A/HmJqGhr/kA4V0KHaU4e0Njy4MvCeyjgU0FeYyPV9+LEYCXvAc+g==
- highcharts/12.1.0/modules/wordcloud.js: sha512-zniMwTLSPWIl+LITr3HRKT2KRVU/KSO6ZLZ6OQCeD4Y+1G9zmJE8Aw7U2pzfw3ILLwMrK/Aud4GhsB/uGqvX1A==
- highcharts/12.1.0/es-modules/Core/Axis/RadialAxisDefaults.min.js: sha512-ssFc59yO9943V7Q1+3pcaCRFIpfia1j3DEn9QF7BhRJCWfv+l3i46Np3E7dYj3SnN5pMjh8AukmBKYKaJbVWuw==
- highcharts/12.1.0/es-modules/masters/modules/draggable-points.src.min.js: sha512-qOJT7KDMPfOohQGm6mIVqEVUMRS63TLWSQaJDs+/b4EDHgQhxJJezkXkI0d5Q5GJfh1EvaauHu2IYNyAuw0vYA==
- highcharts/12.1.0/css/themes/sand-signika.min.css: sha512-ZSduLeP0zZMl3whHSGc9+XIGbtRudZz4yRhVOHoR69ksLBnou/5TFZH4/nDQYaQM3sVdgA3RZZmVaXfQZvX6tA==
- highcharts/12.1.0/indicators/indicators.src.js: sha512-AS9I4jCpJym7eQQQc0OhXsEiBZeCI0t7/44SwLg9NF/jSOgh37A6H8g0pRPQEvQYnmMouOCcG61Crk48ril8Kw==
- highcharts/12.1.0/modules/heatmap.src.min.js: sha512-nuISzPJVL1qsBbg5BbBPVyRoVijM9Z9HtTEokJjVPVZ1wQHxW1ZYTnCqkVlFci1hjUqDA3/LEAVH9Rbac4COoQ==
- highcharts/12.1.0/es-modules/Series/GeoHeatmap/GeoHeatmapSeries.min.js: sha512-Ao5xNw4bc/DVAOY3XxxIK0uC0VWSaDTmYzqknfpObWH9Jvu5hq2YGXfSOj8fDSj7IF0uH21rsrT/+frQkW12kw==
- highcharts/12.1.0/indicators/indicators-all.min.js: sha512-pRyupCnJzN2Rk0aL1x/mxtbEEYQFu2EB7r9RzL4XuMLpC1u8GUz+2RwGtDV5EmcWrD4N2vJlT3R3zljortrFkQ==
- highcharts/12.1.0/es-modules/Stock/StockTools/StockToolbar.min.js: sha512-k4e6xaQJ/JlYHv66gW8twjVFbsYwOvGvGt+09mRZ7KIF7KNeuzK9jCnfZ0t6jIzKwAs+0t1O4NozwCjjuHWZfw==
- highcharts/12.1.0/modules/marker-clusters.src.js: sha512-I4IGSrH+j2qRj+Vdw56fn6Oms8eBRCgJP2HHdJAEUYVOgeQZ5GOmNFbhCzvvtwkd6PgVwV08fs/bZEst8D7I1w==
- highcharts/12.1.0/modules/treemap.js: sha512-dWRjIwOumAHQNJzLaLnLRF5I0peXLt0FS4g5GmVsM0sV3e0OaYgimW047jd91ymAfLmjB+2ori5+RmxQaJGJyQ==
- highcharts/12.1.0/es-modules/Series/Networkgraph/QuadTree.js: sha512-V3Ic2yUcZD1WISjAS1gs5slq9jbZ5I2RrnMNweNd4g8Rvv8UXJOwliimr6asXtb+JgXofmDkW7aRKYlxgRuBLg==
- highcharts/12.1.0/es-modules/masters/indicators/zigzag.src.min.js: sha512-p9yjuDKwNOtd8Ohfz2xn+xDGhBMPsJGfUGrlPK/HIyFP6hoYmqq8umsZmedBB8mtQGhCqR3WnbWxD8s05tynJg==
- highcharts/12.1.0/es-modules/masters/modules/sonification.src.js: sha512-Y/YVOmY4hbSPGOiAsGr6qFfWTXQqPDW6ewE/t4nNcGSJMcmxSbE67/c/9qYdkIiFJGDsFieemVoF47d1JIU6yw==
- highcharts/12.1.0/modules/hollowcandlestick.min.js: sha512-9OoXnwjUVGUA7azUDR1sDQMPghDVjYaBxJ8IJNIYUvFUea+xbpGBou67DA21TAhzrFT3Zwz7pJWqDxcfiJK0Ug==
- highcharts/12.1.0/modules/dependency-wheel.src.min.js: sha512-448WwFC+b462EYqjcRzEBRcZZYiLY/Lad0RArtp/9hcrVwfue3NT+9pelOdZ/i7Tsb9Y5ILnZAvQYGRgOpWcwg==
- highcharts/12.1.0/es-modules/Data/Formula/Functions/COUNT.min.js: sha512-D/d5lfMDY7djf0URU7ZJdIX4Y5hL3HUnfOxSwNXb2+Bv80HsvdzK01UjjiB8JpN6kKjY+dMSuXDkr1bgPzZCiQ==
- highcharts/12.1.0/es-modules/Series/Candlestick/CandlestickSeriesDefaults.min.js: sha512-cpc8NxbBr/KQEkdZmBqv2ncQFP4RNwBxKF6vuYPg1/8NeeqUvoLKyRRLy65I2rskBMnapyd/phRSMk8zWPBRvQ==
- highcharts/12.1.0/es-modules/masters/indicators/obv.src.min.js: sha512-oLADJFepecU10/8EGlwhMUX8O9lLcItW4I7kJ0a9lrlEGTGI4zaxP0sBD9/5gKP18x5IFPraAZgJ571dYUYPyw==
- highcharts/12.1.0/es-modules/masters/indicators/roc.src.min.js: sha512-2Fh0dYDfG0Yn8PS42sXMwsTBGIIrxuldw/jV2G1MiXwBycb/7IHJm1bJyQzAjn2jQ7+bVmlo4CLbehqHodvy9Q==
- highcharts/12.1.0/modules/map.min.js: sha512-7SiUKhLAUxhiEnyQ3fT56+6cJPZ1tgw7QtfztvNZBMWoDPBbbK92DHBAV2UFhaL189VDnMrYIHnLcLrMkz5FMQ==
- highcharts/12.1.0/es-modules/Series/ColorMapComposition.js: sha512-fN5jgiMczFNtkdfo4ltYkxvJ0rDsS1rEex2umrSP6XlCwiI+m4HAbGn2lQQejyOA9XpTOMOeLGToULXpv9XIyg==
- highcharts/12.1.0/es-modules/Series/Networkgraph/NetworkgraphSeries.min.js: sha512-ssFUeTZUMlNnlMgez+EGzcrV6b0k4U1/5WkR2LLpchDVLdOK8HAVn3KOhM06pJ/n1ThxBCXVKh0zBAibbwihcw==
- highcharts/12.1.0/es-modules/masters/modules/cylinder.src.min.js: sha512-3ZoTt7aC+r+ZUwS5gTWUBre85DR/xlYskDNjFkbV+OZRynnqBF9RPS9aOEm4Z7TfStPU0Px63+yxlsQtA48UQQ==
- highcharts/12.1.0/indicators/accumulation-distribution.src.min.js: sha512-c7S51amile9VnylLIPegr3jDGflVwLcSQnreyYXP8YjLNph5lHVSV1Y3DXvz639zdCDOhH+DPc6Vm9TzYvCbTw==
- highcharts/12.1.0/modules/pareto.src.min.js: sha512-+/+hpQPByHYUrZxB4tb7hoA4F2rdB30WDCqCAzAvwqRFDrPtn31k3X1Njs0Jf7sY1L5qhE7t7m4QGefHP7LIXA==
- highcharts/12.1.0/es-modules/Core/Chart/ChartDefaults.min.js: sha512-DrdHyfYaEU0U/KOxWkpQn/90qwGI3+9S/U8bjcigN2YZEpPNBCiOwvIQk10XhCFqgp5s0Cj2rZa/6AO3xGm1oA==
- highcharts/12.1.0/es-modules/Extensions/Annotations/Types/BasicAnnotation.js: sha512-mInq6Be1nEN6TIV5asWLXI4E5pQfkBH9DEk7QN7Yp+CsmmLg+JcVcrFze/nPrecmCWSfDk++LKzDirDdevYNkA==
- highcharts/12.1.0/es-modules/Gantt/Tree.min.js: sha512-YK7Jlw1eqnVBcIUMgVtHVvXUjBI+BUG5+l3RU6FhP7GoE/RGLkrE5xw7FyRtms3LnnVi79WDwl/JMu7xWG+bmg==
- highcharts/12.1.0/es-modules/masters/modules/gantt.src.min.js: sha512-eaIfueAaQzva3igm0aQxNOjKfz9HJDa6LSttJQtaUqp1YCAnyXWiZFVMZ/iL2wOEhJTvUaBJhLO9luQGJMVtMA==
- highcharts/12.1.0/modules/map.src.js: sha512-uhJN2repx9LL+ADdlLq0nX3YtznvIrxyocpa91IuPWXxuSB1oYMWHKbfGaiUBT7qCwoA9vVauNGu0oE87xpNNw==
- highcharts/12.1.0/es-modules/Extensions/DataGrouping/DataGroupingSeriesComposition.js: sha512-kYYvBXlp8vYgq1EoSGIsX4TZYiQV3HHSloV6c70H/D0dW3jNLo9azyvInKdHN1s37yZILD25DF1wzBTvOHhtyg==
- highcharts/12.1.0/es-modules/Maps/TilesProviders/Stamen.js: sha512-q2qylsd8ceZ5NPvmUohhS7rvh/IAV/v578AjqUW2u6eR04d1BiRBKaJQak1QEO5uZP6meCTPb/4nj1xYnAMqVg==
- highcharts/12.1.0/es-modules/Series/Waterfall/WaterfallSeriesDefaults.min.js: sha512-+DAgD2zD3AVUj59lsgX/wg6LWAN707FtWb8Qk9DtPrXYQR909u2TIWm6IisEnIMgLeZmPIqGUInbm9VKrAMAjA==
- highcharts/12.1.0/es-modules/Stock/RangeSelector/RangeSelector.min.js: sha512-Mqfs4P8lKZvI+XmZGA0t+0bKXuQIjSDjC3TrOe1pFlrk5i6/U+ZgwOh7Cg59ilWSXRABD8h4k7RKrym+EROTGQ==
- highcharts/12.1.0/indicators/klinger.js: sha512-jUAEJpQedKyfI3npAV5ejTuJGauelk78Eka7vL3trTeuiLVOhr9kiErlU1QGr4dAXinoykvCNTUhZ+nW8FTs+g==
- highcharts/12.1.0/indicators/mfi.src.js: sha512-6XAJrlF1LmnJYvUzHnUpRsdonV4WxTpDGUQkFpPw/kbP1IYbVPKbcx8e4+CH+1DPZp7pE667m2OodXR2x9Rmbw==
- highcharts/12.1.0/es-modules/Extensions/Themes/Gray.min.js: sha512-MlmgCuSyStwo579k4kOzpMP3FMAilvuxvqZF0uQj7VOGf2zQdCbAyBOvvgVRdsg8QIofX/FP6Ulr1Q6xemSVNA==
- highcharts/12.1.0/es-modules/Series/Dumbbell/DumbbellSeries.js: sha512-yoCtRvfL6LijC9aDj310ctAOFIs8ogqHU/FlIBYIMBJUi8/FVkVB5b2qG7VOd2MM+BjtpyLBMkfKC8f1/SoW/w==
- highcharts/12.1.0/es-modules/Series/MapPoint/MapPointSeries.js: sha512-U+bbWZU9OmuUaPn32z68EKzh8E7RTvRmkERrPvCuXfxfKBFZ+aYv7hdCda4RJzFHOGd8ELtYsfMREg5Cqc7S5Q==
- highcharts/12.1.0/es-modules/Series/Sankey/SankeyPoint.js: sha512-OxDarykUQVO8TxdpIylVdRl310dOlRyErzoBZqgA9g5CPhZuREnYyS8sosa9ovPs2YiqL0arc0kaw3o86j/dGg==
- highcharts/12.1.0/es-modules/Series/DerivedComposition.js: sha512-phhrolbeiUDJpx3rSE4gXvjIoEdLRRjefd08oyydftwmtaS7W5WzXKakyQZaQLmWLXV1XjcJ16fK6Ympe2pP0w==
- highcharts/12.1.0/es-modules/Series/Venn/VennSeries.min.js: sha512-zLMFZC4hae1PPFUzjmB3R6KDIQ/oMAPzSsYtGm/ZK0bvPaGtYmBy0+nxbSBmheP3qlV51xe1RKh4cP3CJIrxnQ==
- highcharts/12.1.0/modules/annotations.js: sha512-Fea/MyhIYj+uSGchTZmq+6xHGYx/jTGjYmWYc7HbeTS2fKQRmiUYzFH1cVZdxF4KJGOMDD0y7wzXTlfcou2BpQ==
- highcharts/12.1.0/modules/cylinder.js: sha512-aAeOF+Zsz1Vd5as0g3CM7DTdbtX5NUGRmJBarPKQZaZt0UuxkC32A3rcFDGsnzPpIxmkTlQYDRAZC+oVfLPgzw==
- highcharts/12.1.0/es-modules/Core/Axis/RadialAxis.min.js: sha512-k1XSqYQBEO70nbzolt1eIX+L/Kv8eI8tWjh3Xp1MUqSSi4GDyODf0bdCfRp8NZIpANdhI1NPJ2slM8DLYDG6wg==
- highcharts/12.1.0/es-modules/Data/Formula/Functions/MIN.js: sha512-O2/XDQD+9fMhzF2QE26sOybOXTQa3gUixvmuAx5djWzkU9jpLKO/quIYpCUOjT1KTUMPhThON4p1Ok7hOFdQHA==
- highcharts/12.1.0/es-modules/Extensions/Annotations/Popup/PopupAnnotations.min.js: sha512-9f9NcT4GAuXtaeqZinyGNIHxZ12LP+4WBgQos27JX0MnoyRtBMlax19fiM0CU+nf4ykSgkhsx6qyFIUf5+P+eA==
- highcharts/12.1.0/es-modules/Series/AreaRange/AreaRangeSeries.min.js: sha512-4Dd2ktMlysffeE2WAqPM4qtcPo4+kT1ciKLsTdWyKnnfnKnDgCoUbpjvUzyg7phDhr84+y/5V5Wx8YXCuMngEw==
- highcharts/12.1.0/modules/networkgraph.src.js: sha512-elOPlvwXVUwOAjpyW0AEGs1E4hUBEUZdv+a+4jZKTy2VJTKxVZosHB/jzvt5Zmps7I9L0DZfbGmkae35U3PioA==
- highcharts/12.1.0/modules/stock.min.js: sha512-ZAPmomzsM4x/cTxJm+cO5vHXPbjJ10oxKuFjoqCknQNqv4qFs6/dr2OTrNNHCz0BKMWOZOrv/nu8XKxjKYbpZA==
- highcharts/12.1.0/es-modules/Extensions/Annotations/Types/TimeCycles.min.js: sha512-zrlELUOr0dILeBpjHacErzylT6oThWca6V09MMHamR2SjNFCTxC3AbEcB1PhqTWiauT1DvDTwCLCu28rw1CUwQ==
- highcharts/12.1.0/es-modules/Extensions/Themes/Sunset.js: sha512-IfTdm9j8wKIwG0/yMahAAQSDsNTKeUG4AgkBmmFUAQQvuLUYkQM8aiSk0oC0s0eTny71zHDGW24f4trUlrDAQA==
- highcharts/12.1.0/es-modules/Series/MapLine/MapLineSeriesDefaults.js: sha512-IZBypHbfBnVIMZ5u0pPqaibgpofO+9h3QSCAftiScN8wGaF+HFuniFaH29gjqBy3u0a49l+4LKoEsxkja1L5QQ==
- highcharts/12.1.0/modules/navigator.src.min.js: sha512-cB0BmnnItHtbWlh2egFK0U3rjkTS/wDUS0ehO6xc55HCoU25MWvIn3r+ZaI5jTT8P/SwPTR7e/zo5/TSXHyCyA==
- highcharts/12.1.0/es-modules/Extensions/Annotations/Popup/PopupComposition.js: sha512-iXKOby7t4hLMbioWEXMpibCn2ehpZV890i2q8+QclOXhACG4gCYXLhtAoRKDYcdeYJGUoZ7FAbdx9o8UUu2psg==
- highcharts/12.1.0/indicators/ichimoku-kinko-hyo.min.js: sha512-I7mGxVV7X+tpvtBOVBjAxJMD7QrWVzw10rykwrYQ31sOGfTByD23HbKTcKdnQHkuQF2v29YvFDnWHnz4ef7QNQ==
- highcharts/12.1.0/modules/tiledwebmap.js: sha512-qa3ht3LYIK15EvLksUW7cFz3zbUPVU9dTD7sLYlfFbI4jbOoQ6ASFcXkJsMPs7Cn9B5bL5XSbc75xobuyZaedA==
- highcharts/12.1.0/es-modules/Series/Organization/OrganizationSeriesDefaults.js: sha512-XgjAaG+UDfAsAZ4c0EdHIzU07eDuA54AD0DhSO+8dNdoSobxa0KgSeKZnaHt52l+tL2ETB5xn3t1y7e826+xyA==
- highcharts/12.1.0/es-modules/Series/Pictorial/PictorialPoint.js: sha512-t9S4qwmsFljlu38jDO3SkUTzhDc/upmf0yLeishANYEH3sdELd3ApUusNh1adz5rRawVv3sZApJA4F5XopGnEg==
- highcharts/12.1.0/es-modules/Series/Scatter/ScatterSeriesDefaults.min.js: sha512-THk4ViqDAYVz+X9D0rBEF2/DydHWV4AyFCdgq3jRltY5aAInfqKAb26outlBQvroICgI6rZg46Za1RL4elJ6mQ==
- highcharts/12.1.0/indicators/tema.js: sha512-rH97SjkwGRaL5fmI5nFRa4wMRAWvzLRDZAmWPtZCQojXgmvRpH3krieDoB/rFusHwewWvJcYcXnGMlGXrQPjYA==
- highcharts/12.1.0/indicators/dmi.src.min.js: sha512-WIKJzmbso9hvoPI6m/Z+OIBFIGlqU4NL8WQfyDk+f40ItO1BA2YHwZD0ej2efoO8sC/EYt0g9/D2guy/F6veSQ==
- highcharts/12.1.0/es-modules/Core/Tooltip.js: sha512-idvFNt+kPKyXScatI3q471Ff0d2fUAQsRPBNToHQIOMwXG363lfZXMHjBUF2bgcFqcz9MWQacdRhd9FBCPWxxg==
- highcharts/12.1.0/es-modules/Data/Modifiers/ChainModifierOptions.min.js: sha512-/AZ7408MIjE2MJyRKwjNVKkJ6t36t0RVWsWdf6XMOmzlrR5ZOcAAt+WAGJ6hNt1dyeuWH7DTKM3Q0RD06/MdkA==
- highcharts/12.1.0/es-modules/Extensions/Boost/BoostSeries.js: sha512-ic1NwR/FpLuKF7O2AiJ4QXx5W+k60yzPODQqBIOgRwtUqnp7FHV7U8FcKOtXPbJVzDPSJxc34LCr9KQRv8YR8w==
- highcharts/12.1.0/es-modules/Series/Cylinder/CylinderSeries.min.js: sha512-FAj/sPLCYmdzjvoCnLAt/e6DhCH209ocZghzZuC9IdzzJ/Cz4EefekVUxkcQPKi4bNaGcE4k3pzzouTd1Roztw==
- highcharts/12.1.0/es-modules/Extensions/Pane/PaneDefaults.js: sha512-2gxwwiAA3RIkWTCcnpf3wB+B9srQgFNsi2fob+FgQXASrCyLN4o0xKsiNZyXkQ1rNKcEA4uAy4FUj3ximt/ZKQ==
- highcharts/12.1.0/es-modules/Stock/Indicators/VBP/VBPIndicator.js: sha512-OAfT3IKUoMmlG1MqHYI2yT5zA1BipeWcHfbN9cjdHUnf4gJx4X8fTQerWccLznqrjd7tDAKeITjGjox+gOsyew==
- highcharts/12.1.0/indicators/trix.min.js: sha512-TqNCzcC4kW0zP8HT5zyG6iHQaFMNEJGykUcATM5j5FrcsJin5i61RdsD4/Ai4q4AcshuiN23W6g5XFk6dZ5vuw==
- highcharts/12.1.0/es-modules/Series/Organization/OrganizationSeriesDefaults.min.js: sha512-7ES4f9kHEudhdXqCKP/8pnO3ufW/0q1lGliiDsAiaqoopJ3JPIblCGY4rG50La2EK1cgsBNosNid3rrOn0DCtA==
- highcharts/12.1.0/modules/histogram-bellcurve.js: sha512-5yIBANbPO4kPDRMIHrUJtksjsKcWxvJBbh6ZejGaV8ACVpD6sQAbz99v28fBDPk3ZWaazYzFU7NuiF+5NrhSVQ==
- highcharts/12.1.0/es-modules/Extensions/DragPanes/AxisResizer.js: sha512-MOlxJBYLxZkT/jyQ2nj+3F0FyocT3cRdoSt6cNtltZo0bzZ4X3oNPNA1bRkCjTlavaIiofeN/0OBf/CMOyFCgw==
- highcharts/12.1.0/es-modules/Stock/Indicators/Chaikin/ChaikinIndicator.min.js: sha512-OBHWqvTjUqh7H1JINUWyCyWQjWouL+vK58wo8OUE4uem+l7EsT2dXnG6e+N547yWijGunZ/pZGOGjOCRm/2x9w==
- highcharts/12.1.0/es-modules/masters/modules/heikinashi.src.min.js: sha512-weA4eGhOUh5s/IrSnNkbgej0swBXhReQZl7sicPOCKVrk4PB7InOzfOieh0euCwsuJdapnRaVXihp6jrvy55LA==
- highcharts/12.1.0/indicators/obv.js: sha512-qy3Wzjb9vz2EYemKl1IlnItir06DMlP0VG1hQM+iff2okGdiob6VJetN8rNXyvwXy0do+NQwTGrtBOptTEybZg==
- highcharts/12.1.0/modules/drilldown.src.min.js: sha512-nRNeDsumSuw5G965imsnTlSjVmuqXmZw+vpbp+pvEZQVu2tUbVHmSIJyZ4ouRbdeVDkOvZtv4q9QJ6PUo1GdLg==
- highcharts/12.1.0/themes/sunset.src.min.js: sha512-bBpGtVjfbGZviNvVyyh6oRfOdeFdEWMVqAJ8vQJfJUuAzAtCY8nXPgGvlzZmxoXE2Ui2XrfC/fgPgYL/I5afxQ==
- highcharts/12.1.0/es-modules/Series/Spline/SplineSeries.min.js: sha512-69v2aAQR9De62MvmJ0HLm5brkGokfOHZdocsDPedv0J5eYBDliGsSNEOl4IZRJKMd4oG8XdDNG8NWnu55/NOlA==
- highcharts/12.1.0/es-modules/Stock/Indicators/AroonOscillator/AroonOscillatorIndicator.js: sha512-c0DJ2Q2NvD5iQWuQj7CLOkQsfyUNlEltyPLDO1dIcc2ErIOojG5GOXfPm6IlN7dnNtS0eS3HRYB81pfS74piUg==
- highcharts/12.1.0/es-modules/masters/modules/textpath.src.js: sha512-0cr5J3Mjplsm6dlsYClsvUR0HjiK6knoaQ9PHYrvkvllcvpkszLdppKcfg37f46N4Pd8xSKiVWIPQTyBcCOHVQ==
- highcharts/12.1.0/highcharts-3d.src.min.js: sha512-8EPuXbDTG9Yy5w/MkdTpvWjaXNot0U79BIPe5lwW10z6jRIB75X547FYlU5X2sdFZTZWWQCzu0AYwkuR/z0IXQ==
- highcharts/12.1.0/es-modules/Stock/Indicators/BB/BBIndicator.min.js: sha512-f7VPEMp9bF8PtPCD8DDpcitFPEStveQnWkuHAbLMjrFfsywz5RotUKvJKu8idu9F4lfs/ekW5i98V0VD7bCFrQ==
- highcharts/12.1.0/es-modules/masters/modules/treegrid.src.js: sha512-PpHWZqLxSlSfQzvlJPZmfgyRQkA/OQIzAkJyRzecDGc2T4dC+xV3pkXieNIAMrvTfWiVlaPKKhDMBoHQSBQ4bw==
- highcharts/12.1.0/es-modules/Accessibility/Components/LegendComponent.js: sha512-I/fONPp4mIODf/TArOuj7+xqbav5uyA3NOCV0sXeNGQZZrENQXuunNOufYTrwjODqkIar+0VnSfQoLIl7lMdew==
- highcharts/12.1.0/es-modules/Core/Chart/ChartDefaults.js: sha512-kyqePkF6sRIhCHKuKkpNK2vYtKJ4Lfk28fiDvzByE57HNpkhK29Vln0fow4aqkO1ah4xdAG/0bil93pL7nUCdA==
- highcharts/12.1.0/es-modules/Extensions/PriceIndication.min.js: sha512-8katFqi/qJe3Mn9wqH9cPixuf9r6qmpVqoNFHdrtg+hYDrX1bsDhUJmgRL1y9T83v430kTgxCzFURmMtqon1yQ==
- highcharts/12.1.0/es-modules/Series/Networkgraph/VerletIntegration.min.js: sha512-nlb7ab1qdU448CxTD2JSB1Eg6fP4nklRuJ+9tReUrSFQL2BmnFF40UDhwYIFo0X/f4VqZn5FSBza5mWksvGsMg==
- highcharts/12.1.0/es-modules/Extensions/Annotations/NavigationBindings.min.js: sha512-8sjt4Rx5tij1UB4jzQidAXOfp7Exc/Jxb+vqdC5cnadZHUj+rHGpgkuO9bYdoa0KeOPFzwaznJyKicX+TcKNvQ==
- highcharts/12.1.0/es-modules/Series/Treemap/TreemapPoint.js: sha512-HJ8dEfVdj4tMsoWrNrWooz/NWt+K6dr+6iY9RIwQpzXfKepL+rAnfMkgaO0cgLLc6Aar0vwyLyiGXcs7aNmwSg==
- highcharts/12.1.0/es-modules/Extensions/Themes/BrandDark.js: sha512-U8Xd+2dgpUBRj6zvw+gv52hmZlq6R5X9bsZKrqkfJ8Fuf++pksGWfxREucgttEwgGXDceB6WbroTdjK1TAKVsA==
- highcharts/12.1.0/es-modules/Series/Histogram/HistogramSeriesDefaults.js: sha512-0oWq1htJcI5HCMuKJ8cZPDZQNbUOKcfgcbZU39QcsujVoYhKlPaMdCZhXGaQu6kLVT3L2YBVfkCKpuWzWrkfGg==
- highcharts/12.1.0/indicators/price-envelopes.src.js: sha512-f2f8jZP93TmOVgWh9+h72r+3MeQVvdrsoyFaETySsUlt3dt5OeojStxR8VTPcFSXpRY9AG6uc+6WxIjZfXaXOw==
- highcharts/12.1.0/modules/export-data.js: sha512-doAgi11Py7fnObD/Yo3e1xZQrTrH4g8+19wlCbRC1TROMgHh78o1o3FpQxc1w0/vVGp8E2AJEK+cZ6YdZwhPAw==
- highcharts/12.1.0/standalone-navigator.min.js: sha512-kxAuRtFbhKMpGmmNsEYgF9EQkrH6Yj+tjo8I6oPb3i6JD0tL83YY9qN7iG32T4BzehSXdqLue8D/ZIqK4A6Byw==
- highcharts/12.1.0/es-modules/Extensions/Boost/BoostSeries.min.js: sha512-DJtr1OIjyDJOzhgGSUstVGXokNlpduoIjwfQmD5ZLqK96O7Qs0AphdtZR4qxsNId+X9A+te80VCBXU/92tqEKQ==
- highcharts/12.1.0/es-modules/Series/Bellcurve/BellcurveSeries.min.js: sha512-YOeHeXzicstqxvmz8ToJXr3SZ5BiHvS1pd6MjM4KaXa6kHMlCP7Bhj25yKmx+Wi9VSJLplwO5c7b7q6dDhHhDw==
- highcharts/12.1.0/es-modules/Stock/Indicators/PriceEnvelopes/PriceEnvelopesIndicator.js: sha512-AxVDQvEBxYmm04Yl6Nss4y6uPUe9XZKztji2BA/IEgK467+wWuVZJH8cnPeFOrd8W7cvg0NhI/mw0HB6dDvxuw==
- highcharts/12.1.0/indicators/atr.js: sha512-i4BhrjNzzAfsyfwWSRGcSa5+5IieoReucl0bHsnCunOd3FTxvK5VmMBgKSB26O+MN0JL0T/PsqGOLsMIBaMPwQ==
- highcharts/12.1.0/indicators/dpo.src.js: sha512-XGUgiDxFZt50wU2/NyiZhhORYlUF1hCw/Ub+k3KFtAQ7ssGPOcesznneVYnACVwBt0H6cOrtzDxyIpx8qDPWFg==
- highcharts/12.1.0/indicators/vwap.src.js: sha512-zqBbwbuS7kk7tgWblKP9IL2USjSxv4w0sXd3igs6ZCUZy8TBWi0B0vZnXYT20BMEQg1tSTy8tq4JveZxUurVFg==
- highcharts/12.1.0/modules/lollipop.src.js: sha512-dNoug381lxLxr94WJoirUDUHAcnekl43VDR2YyMzdts9ehxT7hjTvnLRSp2WSRls5nSWXOUvhM448n0HKPOtAw==
- highcharts/12.1.0/es-modules/Extensions/Themes/SandSignika.min.js: sha512-pEA0DP+2ovT0RNv9OzxfKOml826d9UNmK4hp/h5lnJ6vV0nlDWHpYXLbqsLd5ifBJ9Jtyz81pC91O8IdHmzKaQ==
- highcharts/12.1.0/es-modules/Series/ColumnRange/ColumnRangeSeries.js: sha512-7bW034teQxSWH3jsiFPI4mo3pLNdtqehK//qWyEDm3wWiURhMe+ElWcEJuZDr8CI7yNNp53TS9tNQxYJD6+lZw==
- highcharts/12.1.0/es-modules/Series/SimulationSeriesUtilities.js: sha512-yDE2ZH+/z0ZltT1pgPkhVv69MN5D98LJC3a8oPop2Xm+cjmJhvrA70KixGB2vphLqBOhzjGcsLdvSHF4L9tTvg==
- highcharts/12.1.0/es-modules/masters/indicators/ao.src.min.js: sha512-xim6bOsWit38SyOsXr8C/UrsGX6p5wubu8naU5Di6nQB65DkcaVcmD64zp8VXyG87Ni0kIpg0EvZOIGN4+eWtA==
- highcharts/12.1.0/es-modules/Series/Treemap/TreemapSeries.js: sha512-mmo0hIm5ohVGWHp6Nnz3TUfThE9yafjhCzMlYYSZcfwdqprSWD/PKiDufD8JNgej3/HGTrzFvnX8TSP4YwUn9w==
- highcharts/12.1.0/modules/pyramid3d.js: sha512-EpBY9sNdCVo71li/pZzrEftzX6Ugqhb7pKHcLazcaLTcG3ebChJnC5dLYhT88qJdKgK/Nfo+8jVRqgbWrJLcSg==
- highcharts/12.1.0/es-modules/Core/Axis/Color/ColorAxisDefaults.js: sha512-DRVsVJXPzFp4tW+YQaAyG3W+RHRhp2QjJnjbUQ+y1tHVhP97H7pc48cMrOMjTK8Yw2MTQ6srpi1dR0koCFX3VQ==
- highcharts/12.1.0/highmaps.src.min.js: sha512-sOe6PX3WcCsUIogImI67gRn4+QTeQnWN6QNYT3/SCePqCy5iKxYWrQkfTexcy0YJhr7XpvTOMFB3KDk0RCRaMw==
- highcharts/12.1.0/indicators/apo.min.js: sha512-t2ETEz1iwANNokEskyTBEIq1LHDetfx7nCPMJYKhqmzr0bSeWEce84iEAjLqZQENTs50J8pst/tIIfj5FD+zpA==
- highcharts/12.1.0/modules/no-data-to-display.src.js: sha512-DI6EPuVrz9w9Pu9H4cJas2I/GLJh0wcUhTNlWpg+cXmiuel3e4WKTrIhHNZTZaUOa4eENeGFHrh3sCoZY8w5BQ==
- highcharts/12.1.0/es-modules/Core/Legend/LegendSymbol.js: sha512-OOha0QZ3r8Eb2Ip0033NwWSTzR8/DnNNbwfJU2U8tgvlthRufNoKoZq3gN5CJvR9mKwMeu8fhSvhcQNNgsJu0Q==
- highcharts/12.1.0/es-modules/Series/Histogram/HistogramSeries.min.js: sha512-jW9gNgdbIpRfJZsDlPnPlLItpyOnk++Bas2PIj148+3bAJEHtpWgOH6ZoOOVwx3S42rU/WczwdhvvAgxqBsn9w==
- highcharts/12.1.0/es-modules/Stock/Navigator/NavigatorSymbols.min.js: sha512-ZJX7cflHx8Vg/RiBxwZlNZGW+9I5BDQYJyqSx8HyPq/eIBRpBrYmXE8lHkuNhgvT0xQ/sZbGrFHNnPwcoPwIbw==
- highcharts/12.1.0/es-modules/masters/indicators/trix.src.js: sha512-wEp0FUwnmKxkR8XI5XFsoBa80zcuYYgG8iLOalHXwS4Kf9mgShMP0JHQ/lWL9RjfOvtPoD+OuV6+KVJn/pFUBw==
- highcharts/12.1.0/modules/annotations-advanced.src.js: sha512-UNVt7OKx2fngeI0KX90emSA1qIyPtq5r7cBzInTRCfLyvkHjWcHxLERkXgdz0U7Ct74kQiiaZm3w4FW1WvUzCg==
- highcharts/12.1.0/modules/solid-gauge.src.js: sha512-PwApNTKzjDJC1gbFRzbRut6+6djIYLhbQYlVuSsUlFSqJAUjG1c+QbsmJbmVaHrkJ6kGVO1flbrWQOaVcuJuUA==
- highcharts/12.1.0/es-modules/Extensions/Boost/WGLVertexBuffer.js: sha512-NLUS+n6PdFjKqv+y0+7vMJUJUFrhtPenz5nFI7awghnG3k+nfDNCnnJ7Rl3uWoHK6XBIZxI+9V2irCc8Ozf8DQ==
- highcharts/12.1.0/es-modules/Series/Funnel3D/Funnel3DPoint.js: sha512-0p/9RvPJTlS/4TgE1gBbe0Of2LDZw3EYUdor2BFfbNEskutgqPkqKvgNlbyZX5UtCjqdtlB0SbvuV2wL29rGNQ==
- highcharts/12.1.0/indicators/cci.min.js: sha512-dgx7OxXNQA1fTzKzB1HVqxChSRTEXz/NBjFglFUA2kJpSLnizIOqGiM3DP38426F9Qv3mNertSUHLGjlp3pJag==
- highcharts/12.1.0/indicators/roc.js: sha512-4O2Ler6uu9jvOMw9Ef+VbEE1ptRo0IVD7hsU9CJFH1EX9BvdZunOdmttaX4t9T6OtdJ8NlujRkCrvftCl43r9g==
- highcharts/12.1.0/modules/tilemap.src.min.js: sha512-71PjYzu+jhVCjKqgYx3QWFBq0MhfeR9wnzgjxkDDsSLtGf1saflWsGg2/dXPVDJqz5/YQbl03UwaIuTRaOURfQ==
- highcharts/12.1.0/es-modules/Extensions/Exporting/ExportingDefaults.js: sha512-d9DPvKB35XyT9RPkzTbiGd3l/DN9JPHxxK5UjSWnkK4jKh3vCpiCRUhM17lEESJPy3/Seksz5lX8+/IqNpfSeQ==
- highcharts/12.1.0/es-modules/Series/Funnel3D/SVGElement3DFunnel.js: sha512-vCVtJCAkI7S2qGuTUROJtH2rZw1P5MHa8V61Q8537Gt92LzhcdZ8hZ6HANXXQiHtyAgDV4qOcp4A99f5aN8i4Q==
- highcharts/12.1.0/es-modules/Series/Lollipop/LollipopSeries.min.js: sha512-j5LC+3bc7vGdU//IJcs3RV4ZB2iSOD1IlE/RHwDifGZ0axhvqNokQMMbQvHgRZy++6Yui+ZhacBfXERa6JTZHA==
- highcharts/12.1.0/es-modules/masters/indicators/indicators.src.js: sha512-MeTBUTQg0Pywi0dPJ2atOdxEFpUgNU56w70H2mSEMl8SIgYxvGPDipXPkkAzXqOIkmOfLChiJLJx4Pxd4ddwnQ==
- highcharts/12.1.0/es-modules/Data/Formula/Functions/NOT.min.js: sha512-2Doh0xFo33L2r0mfA9/ejqXjj7av9YXcEx8RIbhL3uCyS2jovrcL+/OOwlWG1dCj7qgh0O3b5A8oDpiie2WA/A==
- highcharts/12.1.0/es-modules/Extensions/Annotations/Popup/Popup.js: sha512-O+1PayDzIsTK+M8K1wvVIWgLvOz4kA6dlG5j0SGHnFo6t5gOTP5p4aqy5y9PVnrfuabqJS0DkXrBifrdjZZO7A==
- highcharts/12.1.0/es-modules/Series/VariablePie/VariablePieSeriesDefaults.js: sha512-OvEqjDooacX0tmhOndSQ6aI/9eqYzBqopDMLeDPJ6YopqMRFPtT0Omf5W/xmnVHBrNu4g9gtV7rbfw+XhgZs9A==
- highcharts/12.1.0/es-modules/masters/indicators/disparity-index.src.js: sha512-RgsZFsT49+6U0S5DxfdtPxyHHmuB6ukaVahIjlZq8PTTIIl9eNCuQGczRp0YFG8+SwQ0L9/Qih0iiaGDCnHe7w==
- highcharts/12.1.0/modules/gantt.min.js: sha512-XKdpo804pTFsibwiy6K8QD7x0Oz0ABTudBDwtuXlw7ng9KCa1UlBQJ3EvGlsPtoW5mO/qmTz73TViOvmMb5MRA==
- highcharts/12.1.0/modules/series-label.src.js: sha512-NrBZwJuMx/hKlPotBfpzuOptN4nhrj7klaNEDxuoSJugCxAmUuGz5+eDkiz+YV61QpPbQ/kUZkts9AmiwCNd+w==
- highcharts/12.1.0/es-modules/Data/Formula/Functions/SUM.min.js: sha512-kUvt55VtbhXvxXMVRyb+HpILg+a+tWQdmL0+AD1YRsZFvFSAz58R44qEdbkSGw6I0rUefRo49qqqFzoZxw8pBQ==
- highcharts/12.1.0/es-modules/Extensions/Themes/DarkGreen.min.js: sha512-njzHRJrl2WiwcKaqhMfEKUKXWak/XHAGzaBAtsNJIBTwAohueWERF6aVhq7yXa7LLh01gqoWrRWMcJmo+pcGcw==
- highcharts/12.1.0/es-modules/Series/Wordcloud/WordcloudSeriesDefaults.min.js: sha512-SNAjakuqXgh/9qMm3QUFO214iDOtVO6PdZxudTV6LZ6XZGmdIN+dx+1wI7Iz4bOoyX5sCIZL/avQY06mrZo/JQ==
- highcharts/12.1.0/modules/dotplot.js: sha512-3dcD+qXklR/kcgtDYhgt48pMxEp3bRDenwiQuXjqvXecWoSKw7DmAlMtBpFF1QoqLsyctftmL/tVnTDYMa4Oxg==
- highcharts/12.1.0/es-modules/Series/Cylinder/CylinderSeriesDefaults.js: sha512-Naf8CEGRgjEGMz6QZLV2gmjImlEFxg968fIWhzFLJyksERbr+ly4SviXl92ZL6xQMtVYjhmrCIFOfzP0+J1GQQ==
- highcharts/12.1.0/es-modules/Core/Series/Series3D.min.js: sha512-fToUXC6f9V2iaZZ96KG5UGkrRoAknQpDXP2rts2d8Weh6ut0ImGTM/GK1tv+7E+QzWq/4ehx9FVdr5utMXqu1g==
- highcharts/12.1.0/es-modules/Extensions/DataGrouping/DataGroupingSeriesComposition.min.js: sha512-KM3bB9h9UZ7YH/b0jVFOOs/AGHFdzLQphzOwqBsGEnmN7CJGAJTYumvS1AwGJqkC+a4rvJsMxrWyBhlJas4k9Q==
- highcharts/12.1.0/es-modules/Series/AreaSpline/AreaSplineSeries.js: sha512-2D8nl5TBUpQE5FqLi1PgDRdjs3TCKYfc9k7fusK9XnbXYJeoa8mqcT8nf9vHa3qvy86WIXGByK9dor4E3wxQnw==
- highcharts/12.1.0/es-modules/Series/Cylinder/CylinderComposition.js: sha512-MZWOfE1IDz5CMf7vY3xboxlfy8RGJupv8fCyPahHhvqB7MbFACnmJ5+0QVAFNffPqOcx4rTRKF5ed/q6iJC9rA==
- highcharts/12.1.0/es-modules/Series/Treemap/TreemapPoint.min.js: sha512-EvYNB/K+1ALilM4vCTVeUYIEM7qhGm1/cSaIXnODAm8fi3MNpkatt6v4YQiwhilpoLv4GtTVvxdz8AaDh6TjXg==
- highcharts/12.1.0/es-modules/masters/modules/flowmap.src.js: sha512-h4eE70ArYA7XpsD0RM6z32f49C/fmyTluuQFf1CyLMNqQN6U0Ysjr70aqTmbm91Pyk/Vl2MfuUzzVc9WUDSj8g==
- highcharts/12.1.0/es-modules/Extensions/Boost/BoostableMap.min.js: sha512-SweZISa9EpkjKEczZEmDEdDjcAp1EnFH4Z51jC0dR2F/LyNHgRZKygfu8Q56J3w7D8EReqJ7BdowImzou+GSbA==
- highcharts/12.1.0/es-modules/Extensions/ExportData/ExportData.min.js: sha512-fKuSyl+BjN32dauY6nR57x2TZF/NIPYg6uIvUB+4/AYhaA4HGQlOtaEn1dzVkeYFzc+a4pxpPBvNN/4QvQdP+w==
- highcharts/12.1.0/es-modules/Extensions/ParallelCoordinates/ParallelAxis.min.js: sha512-/rjserL6V5VjeZ9PIBgamS2Pg3FDCZgNzfVr7fbv4GsY5xvcNGQWK0yD9Ek6XGz0gVne5A4Fv6SROGctWuyszg==
- highcharts/12.1.0/es-modules/Series/Map/MapSeriesDefaults.js: sha512-swaxzxBSaDFKb2jOhLcL1AxIZvPi4KM9dOZ9rK93EnZK8U0ZEmXO8VJOdlYW4afMZ9AWXCDeRb0oWiK8DuQlMw==
- highcharts/12.1.0/es-modules/Extensions/RegexLimits.min.js: sha512-z4PhNX7vuL3xVChQ1m2AB9Yg5AULVxXcg/SpIdNs6c5H0NE8XYXysP+DGNKHfuwvY7kxvUdBeoGlODJ6+SfaPg==
- highcharts/12.1.0/es-modules/Series/Treemap/TreemapNode.min.js: sha512-gdMr5VwU+aZVAwLI+uUhEM8Co1hsRrmM6vs0DmdPipik+Horh0ESfFRf7Y2sv5SDITDD7RhE7O5WAIlVf9gr5w==
- highcharts/12.1.0/modules/funnel.src.js: sha512-ofOxRIcwLiT4MFU05egyYkej9gl0jPAIBZX+oml2o/eeyPJ1M3xZBo8u7IzVbeOkX/PojFYtCMzateCvrOnkIg==
- highcharts/12.1.0/es-modules/Core/Axis/NavigatorAxisComposition.js: sha512-dY/xLdrSk4sA+OwzgU6GHbUOREdnkFwwagDP79UpXSqn3N0eHhaE1hXvMXePKKer4dQp5348kD7kj1ENHA0LqQ==
- highcharts/12.1.0/es-modules/Series/Gantt/GanttSeriesDefaults.min.js: sha512-2WvOpDRk8DULTDCcQupwTyv9nvMZIK7FNos3HlqCXmDUdigjuLYI1LfOrV2hAWBJH3qAiMs+ZQMq0k4y2nNAbg==
- highcharts/12.1.0/es-modules/Series/Networkgraph/QuadTree.min.js: sha512-T7ykW4JyE/64wdwHXKxze7vycDd2t1QALgwGTqCG2LqwujxSEvuy7aEhd2n+qLK/b94oge4UIlne3d1eXEH++w==
- highcharts/12.1.0/es-modules/Series/Renko/RenkoSeries.js: sha512-OD7AnFvLsAqQVv4McU8/1uBLxYmaTYJD5sb5qdAXoXiiYsZWIq++/Hy2jkwLUjoJorfUOEp1IgaJ3VLiffInaw==
- highcharts/12.1.0/es-modules/masters/modules/drilldown.src.js: sha512-LVOxPqxlNWNdBs02RxhPHssDvan5guh5wSsrnUEvTl09fJnjcCG0lRaP9yORTC4XaB9BQ00NZoQrus1JGgIegA==
- highcharts/12.1.0/indicators/psar.src.min.js: sha512-dz0uKv5uzy4mbNlm3PypOTnZUvWKZJQ3FDWddAg8g474d7L5bYLKYVnoejEnNgiV2yfY6OqASMPs1t19NCVLgA==
- highcharts/12.1.0/modules/gantt.js: sha512-Uj6hGHsJBVI2NxIB7DFpZeeVOYEfLZY7cD6uCzADP33cwjj6Uf3lWfCd5/Eergy6k5xLarJaxjbE5HKYqg/Nbg==
- highcharts/12.1.0/es-modules/Data/Formula/Functions/PRODUCT.min.js: sha512-/s91aX0ATqu85pBzE4aFYMyARkZClIsOQxqt7rSkZtloSjy4qtcY9seZfbSuHaItLimgSkO2YUGp4U9dXbV17A==
- highcharts/12.1.0/es-modules/Series/AreaRange/AreaRangeSeries.js: sha512-48F+AL6GPK8K8j5pjZK4u9amY+vRieoG9Iw9eehyr+YdARX2Jvhd50hE1fpQHlvkc8RUh1QHK3h5x5DPG6OZUw==
- highcharts/12.1.0/es-modules/Series/VariablePie/VariablePieSeries.min.js: sha512-k8/hkTBdC84HtqCj5DMC4U8wA8dAevtB9+YagsHbOqh9tmB/sgE+xrwYLYhSN8/9R846VzLtscPaRFoUc0hQUQ==
- highcharts/12.1.0/es-modules/Stock/Indicators/DPO/DPOIndicator.min.js: sha512-9ossHuk9PFH/O76uzPuguTIdeYyGaqe1Me/JIBFFejd+t9hz0VvebGApr8tuaL5D6sVLvMNazBHX1a85Nk3/xA==
- highcharts/12.1.0/modules/textpath.js: sha512-4vzdgTKXGynMhetdFxz2xASZOeVxnUasPC0aYyeqAd9yV4/L1op/WFVBD9NsqCRl+oTpxQ+JJKvD8q/pxy5cjg==
- highcharts/12.1.0/es-modules/Extensions/OverlappingDataLabels.js: sha512-+gtt/nDvv7T2hOBubHtKQTNEw4VpnZrqgscR7S3JUWFcW/Po2H/iD4a5wpsB+VJ6sndla3REtlhI1sWEh37Pqw==
- highcharts/12.1.0/es-modules/masters/themes/dark-blue.src.js: sha512-LxcGE7sBeLTLrGPeLDUNOd5nbTPcMAwTdxr4wrqn0THQkCz3W52Y9dAkTa4m7xkIjQiK2e9QRZK0/tEdb1MICw==
- highcharts/12.1.0/indicators/rsi.min.js: sha512-uzk90rcxB6jKUQq7wNzrDPRzWCh+/6q2uGbM9FNxZw8oxUS5Y2Zt7VygXYzMoivLF3snJT/1H/eftYclEGHTxg==
- highcharts/12.1.0/lib/svg2pdf.js: sha512-FeI4nOAjlplO5ugQ+LsCb4jMxkuFkE4VEwT2hHn0BCVnE5/pcXosTCyGLRfort8gV0nmpqFePnYmd6DFoMQ5NA==
- highcharts/12.1.0/es-modules/Extensions/Boost/WGLShader.js: sha512-42RRpkIdysf57afxwDKQJExEPqDlqjoK9HpQl+RKnu25EBLzECQOHyaJvD8Jw9H6kMVe35YeuRwg+ELQoOw+Cw==
- highcharts/12.1.0/es-modules/Series/Gauge/GaugeSeries.js: sha512-nTB2p7mfCxhAnJPCkp25On3OWvtmSuqt2JvMpiGY9pePbbiAMhq5TKbu/VBp9KBscVrFYe5z4gWwAsV+Z/bqlw==
- highcharts/12.1.0/themes/brand-light.js: sha512-MkxHqlhTrOwQRMd8aK0E+0olhRlHoq5ootW+BJEcDbtI3J1mIYXTdUwTWv/2WCLEeIa1mxqIpRyGRTQHb1Wf9Q==
- highcharts/12.1.0/es-modules/Core/Axis/Stacking/StackItem.min.js: sha512-QmH7IPQs11uihw/lTeRsj+vGz1YXs29Np+47BZlKPR9EjoKSq88lbC2d5sATNKUk/bc5XJOE7R8WMiLi0zPyvw==
- highcharts/12.1.0/es-modules/Stock/Indicators/TrendLine/TrendLineIndicator.js: sha512-yFtGUduOEjis9Tbb0Q1AVaZGkyI51uHthc4VsiniT9g6G9JztMYuDXwBNuyZJR1Qvlns22paA9sWIa3bk0txeA==
- highcharts/12.1.0/standalone-navigator.js: sha512-+dijmmmnp3+YOUfJ+Pn+8+J9FBDNLMt/6y2987eYgSl9YRsfenQsdQtbb0vKa3Jp15urCe5OeFbGEZfsFLDKOg==
- highcharts/12.1.0/themes/skies.js: sha512-y/0+kGVG5eZqtcayiDSf40IcVCZYYWt5JFojee5X3CprlNcw9I7BhYJI5ieh4kcDfqUMMnop8vf14bVGmDq0RQ==
- highcharts/12.1.0/es-modules/Core/Axis/AxisDefaults.js: sha512-wlYio+aUTCJc4rx/r97SV/5nc7miZXkDnsPfLmF84iN4PV6JA0Z48+gAogHrqdq5xXx1l81VvKnnyQMxBI+3Ig==
- highcharts/12.1.0/es-modules/Series/Variwide/VariwideSeries.js: sha512-xbMwzhDmv9BGDwpgIrvwOMBE6Vj29KxWvkqVvYmknS8O3sR3IwBB+ZNvlJnfimMfW7uUP+wwzyv8q8C4/YyoBQ==
- highcharts/12.1.0/es-modules/Series/XRange/XRangeSeriesDefaults.js: sha512-KgRgzDX9tGBiKrX2w3BRTb6TJyUf7ASaMtItYaihJxrHHCTKE1aXt2y9ClNVt2r0ewjdI9FFyCkr4rFFs/TL8Q==
- highcharts/12.1.0/es-modules/Stock/Indicators/VBP/VBPPoint.min.js: sha512-sdgKECeKTQqtpl/efo2vfiBfqzWobSK+CF9PAHRoLO1ybegoZ8IXJPCHnka1kKIzzlNNVSPRU1I20t7fAaTxFA==
- highcharts/12.1.0/es-modules/masters/themes/sand-signika.src.js: sha512-dWPwgoahwnXQX9LJPJxdCmhO112xp2ASXzO9sAzUBhQz0tHBfzsmUkPLEYwnAC89k3aMhc25pUDkE3l+j0ldLg==
- highcharts/12.1.0/modules/windbarb.src.js: sha512-ZY91BPjQdu5gp6t7AI+Ms/BxUD/+Y8s2KcfvKLDfbhm9CdChiyZ9HKjqkr9oPOM+qlsPVXH1MjLbskp/TA7ohA==
- highcharts/12.1.0/es-modules/Series/PackedBubble/PackedBubblePoint.min.js: sha512-1FQx+y8h5TuaRW/n/7uaHCq2Z6BFtMm/NMrudqz4iwFxwgrbEjKsp7CUAHBLYh0KrKRjj7PVLfToQ4y9QA2xwA==
- highcharts/12.1.0/es-modules/Series/Treemap/TreemapAlgorithmGroup.min.js: sha512-B4/ANdogF93xqi+K1Yl0is9HchQuzFNJSF/fdI5jxcxhh0pQEq4YWL0038h6r/l5tkC9kjvEqt9S48/RAJsUIA==
- highcharts/12.1.0/es-modules/Stock/Indicators/APO/APOIndicator.js: sha512-rCX3Jksto0BEXyeUupG3XJtisjsVBZ7iiN4qzGHWXlgDQj5/rdM9/t5ODcRc/F8bbwlnOJWQ4TXgz5mtdXruxA==
- highcharts/12.1.0/es-modules/masters/modules/networkgraph.src.js: sha512-uStDtHY+ev+XlPS4Pq6swUzHW9oBt+fisT2sfamGQlq7xhJxEmUrNtvSSqaJUg2qi6bPdaiR9tNbbugHrfxkjw==
- highcharts/12.1.0/es-modules/Extensions/Annotations/Types/InfinityLine.js: sha512-dFM9w5gekwOnJczUF6Wq5WYBbX1steh/EFFcRcJY8MjEV/85aFOqUsNyNeK0oYd4kwp8i++yHl/QyHlUYGJP8A==
- highcharts/12.1.0/es-modules/Series/ParetoSeries/ParetoSeriesDefaults.min.js: sha512-IoAJfRDEv8LyKdLuIZ5enJ0oFKWDwz3/lec0q8SlnReryGEdtRmnFfQQveO8P0ziwuzHJ7nbucvCIjVVtK+z7w==
- highcharts/12.1.0/es-modules/masters/modules/tiledwebmap.src.js: sha512-xxkfH/tDvr2N9N3AE5NZI8Y0JECYIIZxRGxt6VWadtsLkgMqkQKgulHp7qDEBxhiGGBuSJ09yPh+5d4c0q9Ghw==
- highcharts/12.1.0/es-modules/Series/Bubble/BubbleLegendComposition.min.js: sha512-xCTUp5zmqtE2gfaf2BAi9gmKvrch0JKd8nIM227lnMTUeozBGdxx+UkujVZ74D4IhcM4cykNcJMq9PO9fp7f4A==
- highcharts/12.1.0/es-modules/Series/Organization/OrganizationSeries.js: sha512-I4xK3pRwvkdu14d+JcBz41LCHkvtTwT9kEh2vdeIoZrsHJhqzpJXUjtzUOWjkA026AqQubJxLF8RVaqzMCEOHA==
- highcharts/12.1.0/indicators/roc.src.min.js: sha512-sd7rJpsYyggncBemT+SIn6qD1YAt/hFxvF6rE5MN7tSkSkmC9ZUFkr1BpQX/CV+6iNNh+j+OCXdOOTinctFrUg==
- highcharts/12.1.0/es-modules/Core/Series/DataLabel.js: sha512-SWMJ5/Vda9a/9THhnt8RQnR6ZFyfipRRwLRsnHkFVXuBrFkl+rMwY/vLyJqI3XQ+E6JO0zJAqHSWm0KPhH+KHg==
- highcharts/12.1.0/es-modules/Extensions/Exporting/Exporting.min.js: sha512-IMEHVoi3mCbLnRetLBzI4l59U1cLHFRR4Vk/C80WeVmlZM6ng6xhGFh1fIA7p6KuPbGdGCefxsoLyD8WZ7aodg==
- highcharts/12.1.0/es-modules/Series/Variwide/VariwideSeries.min.js: sha512-DLlo55gPc9IFlly5DbLnqnSzc20arUurbLxr2w/bufrj5QTgd8sqAbkGQjIYy/cPK1lq2Uzxdwwln7dlqLkJdw==
- highcharts/12.1.0/modules/pointandfigure.min.js: sha512-tozTmGfhPPfILdYQHGfrEO83KtWWTh6Dj7vvCqPLpwd9cSTVTfVcKjcXkiJraA1cq9qFS1UG4HPxe0VCnRUBuQ==
- highcharts/12.1.0/es-modules/masters/modules/renko.src.min.js: sha512-wEMTuhBhfMNa2rv4dueOlafRCnxpJhhmK8uHPKLNXcBTogOqvMl4EoyX46CMWsZ42E8Eq14DZwjtuPfSd4QoZw==
- highcharts/12.1.0/es-modules/Accessibility/HighContrastTheme.js: sha512-nXo0DpF/EPKmTtY5CcCHxx4Zr5QGK9/E6ndV67lVlYblu5m6qVrM5s6AEiSY+nZXZqrCI7kLBeWy4pJDl0Qzqw==
- highcharts/12.1.0/es-modules/Extensions/ScrollablePlotArea.js: sha512-WKMX9WJY+C9oe6lTkB3p/3wHj4oh/yItzPq3rSOR6RLtMIO/iAA1VaEtK42/QSMlDe2fOVYDf2k+sqnAwPOi5Q==
- highcharts/12.1.0/es-modules/Series/GeoHeatmap/GeoHeatmapPointOptions.js: sha512-oEkbWRJ1a+jVx0FdxrhGhexMxdAtm2ZXC0lmJ/ITcodjCZGSv1SvafOnHfOLsijLUo6fKpR2A0+vCvKshb7dZA==
- highcharts/12.1.0/es-modules/Series/Sunburst/SunburstUtilities.js: sha512-quGr0wClGKeZej1n5ANC9Km9nDFm2zyOCfj3X//qA51mJFC4Di/Z8uUx+txb54zV0TWQnn7KSEzoc5eSzdXqZA==
- highcharts/12.1.0/es-modules/Accessibility/Components/SeriesComponent/NewDataAnnouncer.js: sha512-CPiJTPWSiQdc/6s4Nq1LGGcAbB1iVuudx6nGnMpQfEzqRM1VMB4y3hJPzY3wJoVvQ97j4buvH0nP7judAANfnQ==
- highcharts/12.1.0/es-modules/Core/Axis/Axis.js: sha512-NSMN7kyu6kpAOjYKZI2MaeoiL3vcSK2XR5UdpyQJHKEctVb2etWBzEKh4dx8M3ULulp+uAaxlcsc+w9biMb9VQ==
- highcharts/12.1.0/es-modules/Series/Bubble/BubbleLegendItem.js: sha512-ybJSKiypy3O06XB+MQZdstDo+PtbA240Ab/ZPXHdc0PX51jw/R3xL9xo/rhbIIWew70VXDg0XyQG9y8Nyu7zuw==
- highcharts/12.1.0/modules/current-date-indicator.src.min.js: sha512-crS9k1FM70pqKSy4+MJfVV/Y75+uFNfxuse45AHpSd7+glowVjqrOL5I+GAu5onKvkdGjUTAMeqRP0cnR3L4Sg==
- highcharts/12.1.0/modules/data.src.js: sha512-Eo/nScRkyMincnkYXAul3Ce2oOyvRtZuVLOfytQMGMCHvQGnJrObPIYj+OQkeUDwznleklUgaYJBYeN6e6J3rA==
- highcharts/12.1.0/es-modules/Data/DataEvent.min.js: sha512-z4PhNX7vuL3xVChQ1m2AB9Yg5AULVxXcg/SpIdNs6c5H0NE8XYXysP+DGNKHfuwvY7kxvUdBeoGlODJ6+SfaPg==
- highcharts/12.1.0/es-modules/Data/DataTable.min.js: sha512-kTglOi9grmI3ybCKkU/v9W1fyshJK7jETvGfhAevTt3jx1EMDcj8QsTtpvRgSxu4xCfPJ9ScDh1l74MUC/5uJQ==
- highcharts/12.1.0/es-modules/Extensions/Annotations/Types/Fibonacci.min.js: sha512-MSuL+AG6qby27Mo6aMT52zRqQC7gVfl6BRi8lrO4e9nsG0cl98rOR3spSO1ycqxyUycXbBmXsWV9mLitER+Oqw==
- highcharts/12.1.0/es-modules/Stock/Indicators/WilliamsR/WilliamsRIndicator.js: sha512-l5zf55ByT9nkYh4nNGVYyAHzWOvG+yFUSTP7qe7Ov7tK0yS44AcMdl4Ba29hpX4BXTzRZOHTHb/mehQfjl60lA==
- highcharts/12.1.0/es-modules/Series/Flags/FlagsPoint.min.js: sha512-458ToFM3Fwocbh1iN5qFU9LFV+/RW4QIFwIWrZTTD5XY8rZXee5TTk0Nb4jJB5F1JEFFnOEs5r0u6HISbZTyIw==
- highcharts/12.1.0/modules/variable-pie.src.min.js: sha512-TLM4XHppE0ChgqVQUXyVdsJqEsMen7tjSKhtPV1kTKxp4TpTi7INx1bp0vsDF2ePAvXycrhbdM/a2Tsm8fUrJQ==
- highcharts/12.1.0/es-modules/Series/Column/ColumnSeries.js: sha512-5N4aC7woYOO/0SUfi1gqFELaV33ULpiZ4IAGGuYl1IKC3egpgWZU0hcQRf2IPp3tEIoND8vn0Bp13CmP/XI+6Q==
- highcharts/12.1.0/es-modules/Series/MapPoint/MapPointSeriesDefaults.js: sha512-M3EWYrgswzZSXLUujkRKfHDTbuCUeheev9oX3YXykI/U1/uWEGuNxS4WSxJzqC8kkzJo0WabTqSjtBxYEcDBZw==
- highcharts/12.1.0/modules/pathfinder.src.js: sha512-AqBcv0PN4JFf5InMA1TAkd0r+nF0Jgn+D/LT+uqrxrv2e88XySrsWvs6v8sB6hxabSJSd9lYZs6gd6IGSoYe3Q==
- highcharts/12.1.0/modules/static-scale.src.min.js: sha512-IrrVQsSO7JAB3g5hTZS1aBam96mQK5ztVJKW4rObzsneBE223U6fad5uKEJXQOWXg+npukXuGpPTIUNtChdOmA==
- highcharts/12.1.0/es-modules/Data/DataPoolDefaults.min.js: sha512-KFN9xh30zUpZqEA2e0jIfZCWAeWRlk8s+CvieCet6D+brrk/aAoM/x+wRLvmWP8JMunvceleN9STcOdnCPXHpA==
- highcharts/12.1.0/es-modules/Series/Organization/OrganizationPoint.js: sha512-Hp8/TaL4zH8K7pgw2d8eNWzEabHl0nZUkqFZGt8ALTr7/KN95z64wMPsgB96HHggy5F+aq32hj2jnjbRJgJQjA==
- highcharts/12.1.0/es-modules/Series/Windbarb/WindbarbSeriesDefaults.min.js: sha512-LWPG/+f7htuwnlaob3m31mQXMa3Y3REeP+U+wX4KM47qRiwRodrKvNoMjLxe25noQFWFYBQnXRlMUOrh3PLmeQ==
- highcharts/12.1.0/es-modules/Stock/Indicators/PivotPoints/PivotPointsIndicator.js: sha512-F9VcKsUU96W+3QjLG7xRo+Dic4jscBSuJ6SwqYbDbnwFryXm6KhiLz5g/MoFMfkWgz3iaTkis8RDSNtZkp7uog==
- highcharts/12.1.0/es-modules/Maps/MapPointer.js: sha512-sH4VtjhtFCez3o0d1s9YFjLHZTWJs2pzMTMCVHgOZLzVYqX2Mw6hKuzYb94WOUjd3+BQWkQoB/8nUdk3CsNnGA==
- highcharts/12.1.0/es-modules/Series/ColumnPyramid/ColumnPyramidSeriesDefaults.js: sha512-S5l1bhdOdPfkH21JYXBerUmb4xkCgqFaJcsv7D1u/Tkp7E8FyabCqScindnRpVxf185+SDHcSf2CXqX3Cw0g5g==
- highcharts/12.1.0/es-modules/Stock/StockTools/StockTools.js: sha512-b2MWuv/+kpJPG+LrOvXQkjCCsXEcfA0XWjkgMsKPFgEJRcox68sjuL4/qyN6F3iQEhdhHz0prWMfFzwoPZsp5Q==
- highcharts/12.1.0/es-modules/Series/GraphLayoutComposition.js: sha512-RcwsSP/GuDc65orgvencQ6bbgtCgAW4fcficgxqHiqic9HGd8BU9IuQw2lX7GPMhrk1TZbqlPCF8TJ2x4ysTzA==
- highcharts/12.1.0/modules/broken-axis.min.js: sha512-3oc0DGCbQwPdSqMO7dmcKeDrMQ/RAzhBgCn1UGVsWDXTrY6Ow0pIx2V0RRy1c+sZUxRYZm5bUoVANT1uaOB8xg==
- highcharts/12.1.0/modules/offline-exporting.min.js: sha512-Lf9TgpxDw9FQ2DS95ehXHam8azULpm1gbn2aFfAQLiJOiaKr2yODEJyiz8YP4QO8skLrgpXLfqoJITECpnp7TA==
- highcharts/12.1.0/modules/renko.src.min.js: sha512-eLmT5j5N7H46JRVFkqlWMLLuydYgbZeOYCupqbgIayHFqaJIqL/fb1khGYb46GNnfkhnu8DkihLZVD7+lHOTWw==
- highcharts/12.1.0/modules/venn.src.js: sha512-OQXUg6G3mvWc+MOCAN+IJ6BF4a2RDJGZJb197h8lp4tLSfDw3P+O+PdnWIxTdezT2C5kS3JivHqv8Ju5w9yN0Q==
- highcharts/12.1.0/es-modules/Series/FlowMap/FlowMapPoint.js: sha512-7/u2C/WqANK9wyXn4M4boXofrhfa/AEKUFqip/A2x/uigFot8kIaTiHBDto5q0qR0+diZ5WkIWWuXZTJuGaN+Q==
- highcharts/12.1.0/es-modules/Series/VariablePie/VariablePieSeries.js: sha512-/gYxQd/MTuBcUWvngBjEj46HBZkksXhCGYnVFyWNQgo7fSaPX76yIF7aSSnpgROoL0VnLGXMS/lPh9yEWZx8XA==
- highcharts/12.1.0/es-modules/masters/modules/annotations.src.min.js: sha512-my1nPqkm+ynPOIHgbrW4L2tFzGlnOGtkwOh8Uf2RjuoXVCfIOyi3pfwc19Urcl702dAfoi2Aa/r2Ely+yALMwg==
- highcharts/12.1.0/modules/static-scale.min.js: sha512-OwgahdNgLc+AYaEh3dp4uPEY//Yk28jCfvu/CVJ5iMoBDkm5bgzh0FSeLQcRXgLEOzgQ9eb7bsVORzJwMnLloA==
- highcharts/12.1.0/es-modules/Data/Formula/Functions/ISNA.min.js: sha512-PmrZLeyf5c0DkFLNKrNPvBNszmyAdpAnbKGpVVyp0eVMaZqVBO3R4NWFDAB7b3DQTi6CdDFrjsGY1A7C+SMweQ==
- highcharts/12.1.0/es-modules/Extensions/BoostCanvas.js: sha512-ThkcWbef/LwFgEJb//gNBF9+RnxJwUL9OZ2LJZzPWLpkvYxPICNeeprFZ6SDr8PVFGXpaGCq/JoalP5LrqkiBA==
- highcharts/12.1.0/themes/grid.src.min.js: sha512-rMifx0JiUUuIigPy7FMRgynFW7NjQIVbM2IJKzcaPmv0/K+hXCjGKwvbyA7XcoeWws1letI481bEj6ajBW9b5w==
- highcharts/12.1.0/es-modules/Core/Renderer/SVG/SVGElement3D.min.js: sha512-OcgECG+0tW72MJqDa2SH/ZEGN14BLcIrzY5Uia4q9GKk8dhbNyJforLgNX+cwXsclGaiLWwrtcxVLBmuHw0uQw==
- highcharts/12.1.0/es-modules/Core/Tooltip.min.js: sha512-kz1DCop1a9P1Z4O08dowv/FzFFAKfRDS+5yPj+sieGDsv/ZG9LIHHDRcHo4+DFqOn2ik5lK32A2smBzhwy6yug==
- highcharts/12.1.0/es-modules/Extensions/Themes/GridLight.js: sha512-gvuWBqbXzkXZr2Ldnx21a/v6ous1Q791PMVGbX127zKNhqinRhPXTmRnVJPUIZYAsEKsWc+WSIRZP7ceuV/uZw==
- highcharts/12.1.0/es-modules/Series/Vector/VectorSeriesDefaults.js: sha512-Cj57MCStJ3OnZ+JFwqy6rldqMQ/DrA9jEAirHwvO9Ai9xKfng4uN1GXQsc42+8krVF6Y1EwgpnTmAsDd2LjA+w==
- highcharts/12.1.0/es-modules/Extensions/Themes/HighContrastLight.min.js: sha512-tJyzWOGK7/XQ45M3DUQt58SdjvY3bseR3QAkaU5fYNJOCL8gUE6iQFwZq7wdhYHMwd6bLFLuSATZJNlqSEOMXg==
- highcharts/12.1.0/modules/price-indicator.min.js: sha512-A2YtziUlfVamBBq3/NPB9NpqZ6c8b1sxcvVNqcMhwmvi1LEfFr2sjNhQXF2YHoDFRih3B+ho6qemxRXMv3pSpw==
- highcharts/12.1.0/modules/renko.min.js: sha512-x/Y9T9g1Kr/bC2jyVTXOsQXfwkpKeEBWH+VyrLl4wYbtLtqv9WA799a/VVFSb97Bg+M0o2k9Usv3Ff1CZPJh+g==
- highcharts/12.1.0/es-modules/Accessibility/HighContrastTheme.min.js: sha512-tBlmkMxNfWJmJ7lMLex0lH+p2LkoLQJDVVt6vyeJLhWOU1IH6kMHMevHUvZNjVlyr20V7IKm3BuzK1rUk5sgVg==
- highcharts/12.1.0/es-modules/Core/Axis/OrdinalAxis.js: sha512-179wjjbddCUFXtxtxVWCxxRCraTiNUZ3gxyqxugzBv3UR7u3a3WKOu57wFmu9Q1vqPVkyGzycrgn0EdEPenpJQ==
- highcharts/12.1.0/es-modules/Core/Renderer/HTML/AST.min.js: sha512-RMw/0o/MlK/I+et+qUG3KBpbMV5F1C1uLBkcjp5SHa9psPtc8iHuMDvJe53QUdNG+Ly9mVoXOfTJNRWs3DYdDw==
- highcharts/12.1.0/es-modules/Data/Formula/Functions/XOR.min.js: sha512-qEK7t02/p7N21bvEJkbv/upAYFNEtijajNz0yzDlEAuk8N0vg2V/WZ77yMfxVfS0RqfaupehiXWim/Qf8HOKMQ==
- highcharts/12.1.0/es-modules/Extensions/CurrentDateIndication.min.js: sha512-QsXk2+R+Sx8KwIiGZUp2GFmL0opVds8PikRJ2ZisFqg4BsmWNuZepwxVJgz3jAfSFDDXnAmU+eUuDROQZqanlA==
- highcharts/12.1.0/es-modules/Series/Bubble/BubbleSeries.min.js: sha512-igvpTSm8s9tpxNfjA4OzbwKwaVi5GAP28zxPbcgH2HrPmt45JaqHCnwI4hr2Gdj1lA5PlGY2DHnPgKJps5xRAw==
- highcharts/12.1.0/es-modules/Series/Funnel3D/Funnel3DSeriesDefaults.js: sha512-RTe5W3Q89iQ3V+dOlqnf0LIkdpMvsLjZQYLQGjggOK3YEjKlsuXhKPMuQ6qjrpeR1SsO9VP6BGfEaUiiDYsuTw==
- highcharts/12.1.0/es-modules/masters/modules/pareto.src.min.js: sha512-EsSyR+2zeLnZCGQLOqTVZ8KoeJZqixMtgKsWNPHKwWzt1TwF9AwaXEldHSvA71iZv6XvRJk+Fl/kvikVYXN16g==
- highcharts/12.1.0/es-modules/Series/Vector/VectorSeries.min.js: sha512-akCv3W5MtTMWB/+S8taStHNEhwbQ2HuLnQf4z3kxKZN7XqGpGCIN9NmpdLPE3afdoXDs+SWtddgxQcbMpexKGg==
- highcharts/12.1.0/es-modules/Series/XRange/XRangeSeriesDefaults.min.js: sha512-DePWJHHbZf/I9xuzHySLNW+lpXVQO25vo1juzwNWFJ8HoLo+YH/VwAcbkIBbnxquoJufkXwmPYzYzkkHqLCxYA==
- highcharts/12.1.0/es-modules/Stock/StockTools/StockTools.min.js: sha512-MsVq+0iqi7v3SidVktgmEbjPBtnJvZlZ8pS7OBAyEY/GM06QEdDmHlRw9oJlSG2By1cc9Ho6wZpfxo9Pmr5Evg==
- highcharts/12.1.0/es-modules/masters/indicators/obv.src.js: sha512-xZoVhDENkeEHVqvQgOcP29p80AhTt1tzZuhuW98//Q4vie7dJ8LfYS1A9pxi3Cc84lRhCk8avxffMKsfblQtYA==
- highcharts/12.1.0/es-modules/Extensions/Annotations/Popup/PopupAnnotations.js: sha512-/d4kWaF8n4ar45QrtQxjdCUa3164L0DUXx5o7wrm5LgWDFYHBeG+iTOWXlsGMH0zGPBI3JiRh4VLoHpg+4/dKw==
- highcharts/12.1.0/es-modules/Extensions/DataGrouping/DataGroupingDefaults.js: sha512-p8reSPjEeLLVS9knb35/t3Zg8y/wSlHojy5naQae7BPK/QM9Buhwdn++CP17PdgV/4TGqhvKMjqHCuvRkCldHw==
- highcharts/12.1.0/es-modules/Extensions/Drilldown/Drilldown.min.js: sha512-+2XLn5RyeTPCUt3C8Ycjm0TCsR1hHcUyIu2/W4O5jz0CgqgDjnkUinN8RAlf2u/06qZqXkjLdbx3DNAPpYEPEQ==
- highcharts/12.1.0/es-modules/Series/Area3D/Area3DSeries.js: sha512-199L85nnE6ITE9IIWtUsDOcJAibf3LMYdXrU/UBW8YbiwL0M4kKM0YjSlwhQJeL7mMHSz9zPuGPSpKZch+KgdQ==
- highcharts/12.1.0/es-modules/Stock/Indicators/TRIX/TRIXIndicator.js: sha512-UNEtdtjTGk2h6fzVpuyvg1VwhCi4pN51u77iSGyDgFaZUz4s2Dpn+UbXRUT75HwZ/UQxWcDmwuDM/tBw3losyg==
- highcharts/12.1.0/indicators/zigzag.src.min.js: sha512-qqyzWndEuGjyS9jHhWAg5V63mO2trdxSh3v0VQU87ThUaDRIkJpcAMGphN16iM/0xiY1TLaSeLz4L+ouD8vLLQ==
- highcharts/12.1.0/themes/dark-green.js: sha512-w9JXowXwag3h/k38R/FjMEdfYr+C+BSFjmu9GBE+s1iPp59bFmxWBOjWsMw6Vlego2yCoqYtOukMBVJOD4NMqQ==
- highcharts/12.1.0/es-modules/Core/Chart/Chart3D.js: sha512-imB4vUu0m205puFn0uKaGO507+QRoyOX6aHtHViNBym58VYwXEh95uNxlTRb7aJJivKreRPSk9COC6bPkh9diQ==
- highcharts/12.1.0/es-modules/Core/MSPointer.min.js: sha512-VCbQ7GC2GdK5N/1kA5RSx6RnEYvG5W1egZ4qlUuwttFZZVTg5T0HRunoyLFzZFJzZBQnI4WvlNeYuiFvAnXTmg==
- highcharts/12.1.0/es-modules/Series/Variwide/VariwidePoint.min.js: sha512-kwr5Nnsnm2Z8cha1jKOBliJWLJ9V3rd0GOSQjxvrcZ0Fw9wjooInhfKJJ8sXayLrAkM9nGVk5bOEQFdF8qE7Ww==
- highcharts/12.1.0/es-modules/Stock/Indicators/TEMA/TEMAIndicator.js: sha512-wsCPmXov58Vg+SMp2fs/bnoK5npwoF7dfEBGDmhj6sWU0vp0Z+4XyxTb/0540FplfTonz4WXznE8pYZv9Mhxzg==
- highcharts/12.1.0/es-modules/Accessibility/Components/SeriesComponent/ForcedMarkers.js: sha512-NEi8HsxT5G+1tvDz5GqfnVxsXrMuLuN9o/9/dBDh3OUhfn8p8+pC/nYiyClHp4wZZd0IZQnk72tBa02JVGQWKw==
- highcharts/12.1.0/es-modules/Maps/MapUtilities.js: sha512-gm60+Xd3hvGqorhASsL1hRqn6+gDaxbK5ZY/qAabRTzazsBHLW/L71uV8gIEquyAD1Iy4q2tmtU/63dvcYtWOA==
- highcharts/12.1.0/es-modules/Series/HollowCandlestick/HollowCandlestickPoint.js: sha512-WHUYoLavT33r8moyI7pO8E3m/lRpmTuxt6VUo2YkG+DfLasedIwtN17LweG0PvsiWpzJ+VPPDHtf5XiE6pC4EA==
- highcharts/12.1.0/es-modules/Stock/Indicators/MultipleLinesComposition.min.js: sha512-RsmqFuV6SkrpE/iKNvBs5KkKL955fFYfFzxvepz2MXDlktYALS/0LQheaNqnZJjSKevtM/UdN2gETl4vfpmbfQ==
- highcharts/12.1.0/es-modules/masters/modules/venn.src.js: sha512-aCTJIvJ3CUPlvdI+rJdDrgK90eIE7w+CegD29uq6Sq7ZPS24OmNc1iHNO8mLPFcaxO0M0twXp0XT3uhGfV3eyA==
- highcharts/12.1.0/es-modules/Data/Modifiers/DataModifierEvent.min.js: sha512-/AZ7408MIjE2MJyRKwjNVKkJ6t36t0RVWsWdf6XMOmzlrR5ZOcAAt+WAGJ6hNt1dyeuWH7DTKM3Q0RD06/MdkA==
- highcharts/12.1.0/es-modules/Extensions/Annotations/Types/InfinityLine.min.js: sha512-diZrhehj7Cc6kdrVaGH+3Kzn/TR8BodCcgqdO/7JYC4bS3axzFzfNZwGuSdsVxLJxGmszyCt0hL/jThOUJXgeQ==
- highcharts/12.1.0/es-modules/Series/Waterfall/WaterfallPoint.min.js: sha512-/C2IEySMmllhOdFU/9rtob35UqiauVUhbVURxDEd6O3GMQdL1rpniBQH9vKndFEI4y4pJCnSe7i/bbv5MXaXNQ==
- highcharts/12.1.0/es-modules/Stock/RangeSelector/RangeSelectorComposition.js: sha512-xaV/+ZOo3TylXtWx2E1Z2vhbgxVNQK86fYFC0PBz1vi568wnuLE1K17kzXT94RCRb1X5byFFMTuFKIzPUADKrg==
- highcharts/12.1.0/modules/gantt.src.min.js: sha512-FLPDuCe/ByttrbOcNzgWoDdxpDwZUgtwLbTIbQHwzmUfRU1qdBkua4p4L4TsSfFa+xDmkLLpXo26Kj0WN2cbgw==
- highcharts/12.1.0/es-modules/Series/Area/AreaSeriesDefaults.min.js: sha512-Bahm8+llOh0vLefVieXe7aUmz1GkpRVcge7bjTywdjyykbbitPdr0SRKuN7QupGqLH9oW1RuECYfmaSgevkrww==
- highcharts/12.1.0/es-modules/Series/Bullet/BulletPoint.js: sha512-PBPZIwSwwMqHYvVg4p0omH4lK0viCo1KCH8koODNoNYodDkh0b6S+6iLMzuYZSazXTFXmdL74MCmVYfU29/p4w==
- highcharts/12.1.0/es-modules/Series/Treemap/TreemapNode.js: sha512-/+YkBP867Pfrx88y2aVbl6BzBiGoY8dANs6yj7Ecc6YgL3uYMoH9UOyD0izx1pSNw9jRXxYbhVUVHP7JJ4TISw==
- highcharts/12.1.0/es-modules/masters/modules/navigator.src.min.js: sha512-e4mmd9JbkWHO9j8259R9p7ejGgjs+vZ1lkohZTbnE6MLnsJoaVFJg6J6ckQeiQl2FPcDgNPRpbIJg1qBYrBDyA==
- highcharts/12.1.0/es-modules/Stock/Navigator/NavigatorComposition.min.js: sha512-WttjdYFpOkaFr1uqrSRcP09i7qkA4mIo4HVRtR1DWCJt5xpSnKu8WvSAFnmM6urwF/HtaAO0dufv3YQWOm8lfw==
- highcharts/12.1.0/es-modules/Data/DataCursor.js: sha512-E1j1RTAPzJq8DWtFHxwgHJ4xidceNqz36cgW/ydj95iysL/MNXTGFbzrUMZvr/7x7lt6F07+0ZlRRnG91zZVaQ==
- highcharts/12.1.0/es-modules/Extensions/Annotations/Popup/Popup.min.js: sha512-w0vz0Dx/nLQ0eQqA6UDhp/ZUm36mG5868iNiUlevG3jM2XgaLTD9u9fOOTmmsNX3LmaRkg8vPq47u2wP26shGw==
- highcharts/12.1.0/es-modules/Series/Gantt/GanttSeries.min.js: sha512-DafWKCRXqPE4kAbYwTVJZfsctkO6Um2DNG961IqNrQj8losp8vDEVVeT8z2ZmEgF9HIE9BCqmKggjkVyuB7jeA==
- highcharts/12.1.0/es-modules/Series/Tilemap/TilemapSeriesDefaults.min.js: sha512-EwT7PDX1YQ1MorlLXkxdMu6sfRIpqozY2314A1Q0qXlyXZinOPPopU/KwSMBGImuv2xDEN0xm0LUUti19hzRBA==
- highcharts/12.1.0/modules/geoheatmap.min.js: sha512-we+rXx/pjXE58X8TMLC9YD60Eui6/HjcgQIo1YQ7ii2qi/YaYsSg108RUhdKGL78eGv2KUCW4FAz/rBXCUaCCQ==
- highcharts/12.1.0/modules/solid-gauge.src.min.js: sha512-zYps5BPpYZGAdG+vAfA0n4eyDoyrT7DujGf1ocKmQGnDB9oHNBGKKZPNBhExcpWg4hAXDGQhKO9KdKUyOYb/zA==
- highcharts/12.1.0/modules/tilemap.min.js: sha512-6wrzDpLwet13WU+NvGPlm+gIsyDkzIPzk51CkrJ3w1waNFUZ8u5XQw+EgM/cx1X3xRT5jQn2olJkQIl/cy/9lQ==
- highcharts/12.1.0/es-modules/Extensions/Annotations/Controllables/ControllablePath.js: sha512-7tZf+ctEha/+c2kSVxVpviuYvssMWrLCabps3owN0k7HlPP1tZtiDlEcasrwdhi5jPEfbQ0CF7iL7Nk1J+uymg==
- highcharts/12.1.0/es-modules/masters/themes/grid-light.src.min.js: sha512-lLO/zKot760t8c8D+dyzGH/VD+unSRvasxsrUCiV5UuNVkYpzD6YNNNV8vRcF01wTEZkJPSPdFmBTrXmfgp+4A==
- highcharts/12.1.0/modules/accessibility.src.min.js: sha512-oG6apnMa9Gh9rpXE4KoCVC3X7958bsqDCm71ldj1YFOzLBqpiL/EqhHvPp9vlhPn0Drar7PRBWKhSTA+bekD5g==
- highcharts/12.1.0/modules/dependency-wheel.src.js: sha512-QGfOjqDD27BUPMTmVmDZqyVzGDf//FaqIg3+UOeIDkJ+qqrv7WK0jP1xaDXrsdMe/WvhpNZDcjLW4k8ty13gjw==
- highcharts/12.1.0/es-modules/Maps/Projections/ProjectionRegistry.min.js: sha512-CwvZIks8AEFtecM19KqGJUF0u+UBWWxApSEWdB7suvpBw4UgLM96d9AbM64/3yuHSH80IcExinZvHlz5M7tvsA==
- highcharts/12.1.0/es-modules/Series/TreeUtilities.js: sha512-6YR7MThCsXYrcL4X+4dXncN872IWbRE916vr1frgozPOTz/cuQXLw3vlsam0PHoynoY9fmmGEnsniMA1kQXvBQ==
- highcharts/12.1.0/es-modules/Accessibility/A11yI18n.js: sha512-UyMcSa4pZ7FxHJ8v3hsXnH84QmRMDotkrqk1vJgWM0zdaZLtYRO7H2ARGBNMXojSbZrE9DXfrG7whGh89Mcvxw==
- highcharts/12.1.0/indicators/cmf.min.js: sha512-/8UnOPvkA6pdrlhPGnRDZ5dXMrvQ9Iblaj2aWd7MXNPSQ6mxbOb3uVLaDaiA+KGJ74fWCN+slhauTzNhP4MYvw==
- highcharts/12.1.0/modules/cylinder.src.min.js: sha512-+bO5aN4hIfiBn4oN13omLV5S0ZFinQPeew0ITnSSstHS+0NoqCeheUJDWKsDui/2r973aFGeuXrlgdBYFTAPlQ==
- highcharts/12.1.0/modules/overlapping-datalabels.src.js: sha512-CifltA5DwtDyQd1Th8+GM3q0nr6JBSkjersMehbnyTJvrzAzQ2k5HkelKSrs9Jf+bKxeSSJBF/iFtnW23TGCyA==
- highcharts/12.1.0/indicators/trix.src.min.js: sha512-GYJwLmzOq5aD9mpEvyltjOEMKSQtTqV+zuZ9k0o4AJtVBoO4pGsmTjNMRzMENSkSfa0D8TlZw34GHMSGPJmpVw==
- highcharts/12.1.0/themes/dark-green.src.js: sha512-+DTT7zOpv+hcgm78NLs4uhx/pk06n/2B6P7/qqJtDUGKMOweQUKwqZx5kcoW8m5IeikB3e75mRUIncN70W6R5Q==
- highcharts/12.1.0/es-modules/Data/Modifiers/ChainModifierOptions.js: sha512-v/apMd8dySQ9TzE/6gQK+2HMEG5jkvNDZT3Rx+OAjUtACfG+3bpH+aXETbc/DeNwCjc6IzVslsy0kp8ot5YFdQ==
- highcharts/12.1.0/es-modules/Extensions/DraggablePoints/DraggableChart.min.js: sha512-MaNpDCHnCwZqOIEsyJQ1mLQY98WjJc8sT1BL5VuoH75/3pyGS3nIT4abHisiJi3xf+vlJ86C+zDd2pVEfJmG4A==
- highcharts/12.1.0/es-modules/Series/Windbarb/WindbarbSeries.js: sha512-exRptqyET793z392dWGb6p4jm4Io0Urcye9a4CudLpzvJHFVMXGHi3Dq2Wxmm5qIrvRatJWl5QstHxi/4Y0jrg==
- highcharts/12.1.0/es-modules/Stock/StockTools/StockToolsBindings.min.js: sha512-rbiOmVT+CyQdyYauQDU68p+3q5lkjDTIEftLT7L1MrJGJKlpEeVoQAP4ltMUSYdCJrrkEtBOOk40UKDUvnkq6Q==
- highcharts/12.1.0/es-modules/Series/Networkgraph/EulerIntegration.js: sha512-gXmRS4q/WnlFWp/jGABRNTCuRLUUJmNkOhv8w91sZNMTmlQGwhF80iJ/8IPUctkIOnKn/yLpS39p9C4RK4kUwg==
- highcharts/12.1.0/es-modules/Stock/Indicators/Klinger/KlingerIndicator.js: sha512-r/297kxVoiH6VlPnfYp6yzUsy0puP6DPP8jtKy/blJ1Nz9rEU2bz5DKxjTtlWDdgCOJgq9uAOcXWZ9gI1a7dGg==
- highcharts/12.1.0/indicators/acceleration-bands.min.js: sha512-LEChNSPzK7CwMxccejgmEg7ZkRuaaDZLND0a9Vb1eVMdIJfbSnDT0KMXHePe6ABRgjUVPUXsabDtXUPzV3dNUQ==
- highcharts/12.1.0/es-modules/Core/Axis/PlotLineOrBand/PlotLineOrBand.min.js: sha512-8XTIrq72dHSA7zfa5YVqGnEVyWErukPWFH6S691JdylO/nHBrxnYN/mFLCJGFY0G4wD9ABb+sU9/TKQkbnyRfw==
- highcharts/12.1.0/es-modules/Data/Formula/Functions/MEDIAN.js: sha512-BjKk1y1yJpY4Ji4HEGt9xkZHhCps1/W/2lF45qQAI6+IFESIZNnNvsmEk5cOd13rORBFxD13SSgwbJsWr+fFEA==
- highcharts/12.1.0/es-modules/Series/TiledWebMap/TiledWebMapSeriesDefaults.min.js: sha512-iEy0b0It9GoxmI2s8NjBO+AMCfpBdc1aY3s1QGdLiWmD0eATAqF5rWpXsKm29/DUigPMhUn38U4CCRMqLAgQvw==
- highcharts/12.1.0/modules/tiledwebmap.src.min.js: sha512-K7ChnaXVg2Olog0ba6W0hpWKh9rYri5rpmv2o9bq/sVbDJxT4+yo+7OyYCDFuqFL09Yxi7ZXADKAlA98tbqTYw==
- highcharts/12.1.0/es-modules/Series/Venn/VennUtils.js: sha512-O3w5QhPKnaFrc2eqKxy5QBKfPVCO3ZWwGayUVjjT4oi1fd4RE90dhiZOsx5DLYfvp939VGUdoMn09Vna+WAl0w==
- highcharts/12.1.0/es-modules/Stock/Navigator/ChartNavigatorComposition.min.js: sha512-Ls9dokSlxzd0z6sDxs4RrRwDTKiFSPlg+09ITnnW2lAvlbX2pTJR9KY0Lj56cZZcvzH/vgVjJDU1idLa2HlUXA==
- highcharts/12.1.0/es-modules/masters/indicators/acceleration-bands.src.min.js: sha512-JAZdqsZIGmn1ULKWKj2E/l7eXpKOSbcNH0oFX69dDZl0jYLDMcR9oPXUrlEqA6bBu8DHa/EQgpwi3g7OAEGxGA==
- highcharts/12.1.0/highmaps.src.js: sha512-iodrYVLUVWOsYpM9kTHRA8FHEzhJlZKxoNbjTRYiB/Wk29JIBJqHEoJAJHk13He9jxR0oQ0HUtLoRnN1EOQ51w==
- highcharts/12.1.0/es-modules/masters/modules/pathfinder.src.min.js: sha512-1FPD5XSMJ9xdU6Yp/ADvYs38wj+LAFOSEdGV3DfJoC8zg19aLOY4Z/aUaaKenmqftBQiTjnzdpfnunk1lUvf7w==
- highcharts/12.1.0/modules/drag-panes.src.js: sha512-zrGJnVLY6pLRvlgy250ZG4f2mbZiJYPzpxtf5E+h9S+PwUQSw8i0kkNx5F1LWr/+T77VS5/OZVVELNsiH4W+cw==
- highcharts/12.1.0/es-modules/Accessibility/Accessibility.min.js: sha512-/akx2mvOkTtSZu2iCF2Y/StovRBwrrxd9CCx40NP8v9VBTucj66R7EzGyHAo/thTZu82QLaIF6BuxvcwFE832g==
- highcharts/12.1.0/es-modules/Core/Renderer/SVG/SVGElement.js: sha512-5o5WB0Pq7zT1srxWoFFBoSwWl/djmAJ5vO+1rchS3nipmyuFGQJ9OJILdZZJWvAShWC5vBEV6oxC3O5fZa9RQg==
- highcharts/12.1.0/es-modules/Core/Renderer/SVG/Symbols.min.js: sha512-FdTfEbN/QPSdVKI/ZvTqeCFRAycBLMHI4bqYQTTsgrU5X3/FJ/P+FZ9KUbQJLxVmIPyeYXxgIh+yI+osiJF2dg==
- highcharts/12.1.0/es-modules/Series/Scatter/ScatterSeries.js: sha512-LDEbsl9Wg2LoVDC/S9YZPP3us2UgVpP9YLvgqMWj/wLx4cAlWbVo86N10TOQfm/A6X+nzVuGAaSv4M2z4lyHXA==
- highcharts/12.1.0/modules/annotations-advanced.js: sha512-bNGgDL5TsfQGk+XBkAGTN8LYOzpre3sCfWiNRr2U1rkwu/LfoOhfjGHbjcqd2GGDc2WsDBYxp/sZ7UHRmGW1Cw==
- highcharts/12.1.0/modules/grid-axis.src.min.js: sha512-ee6R0ItKwdnx+kp6Ig7jnx0IB6jmtxTvgQgucTK+IwRCiaAme2fc42F5Gz3uk/QTryyUf53WRXMXPzkVrcwPkQ==
- highcharts/12.1.0/es-modules/Series/Sunburst/SunburstNode.js: sha512-eCS5yejSrzPmoS3Cz84vlKSbBnDT/TC0wYbSKsxuFCnkNP7qKxk64MOvN9uC9VyCdCkVhN4OucubFWxghyfiEQ==
- highcharts/12.1.0/es-modules/masters/indicators/wma.src.js: sha512-Eb1KbCrfsD4+FNuGcEfzqYMQ1H8aUDLOOHkhVgUaJtLqzvkUBOVziCJ4bXKWKhLaQosCRLhpiHl7SsGG1CoP9Q==
- highcharts/12.1.0/indicators/volume-by-price.min.js: sha512-F2FNW8Aix1GF+I7Sf9KWYN/bW8ieGYIFCWaTdtcojkEaFUzhSHnfC42cNGDTVa82MJjd0uAqDDLZzLRObWWqUw==
- highcharts/12.1.0/css/highcharts.min.css: sha512-E7OW6cVoaC6yt40ga3PcBIgL/LPy03B4tVWw4+po0QTPTw8XD7vsQ0LC9NSqu/iE1QFgeBF04ybD4nw8HFzkUw==
- highcharts/12.1.0/es-modules/Data/Modifiers/SortModifierOptions.js: sha512-v/apMd8dySQ9TzE/6gQK+2HMEG5jkvNDZT3Rx+OAjUtACfG+3bpH+aXETbc/DeNwCjc6IzVslsy0kp8ot5YFdQ==
- highcharts/12.1.0/es-modules/Series/BoxPlot/BoxPlotSeriesDefaults.js: sha512-SNQzE2FW/wp9lahhGaRxqaORvMgTwhHeA/m6aapUeDU5QH19Gw0xX9sU47X+QWttUQxtQKGHtuxEyi3yO+Ztlg==
- highcharts/12.1.0/es-modules/Series/ColumnRange/ColumnRangeSeries.min.js: sha512-ZjJDf0ikBlbnDhMap+GF6fS51mCmpAo4KZyl074gc/fULKRL15Wlewt0CnjGf/v3nMcLWio6ltnVMirMfmPNzg==
- highcharts/12.1.0/es-modules/masters/modules/current-date-indicator.src.min.js: sha512-LxFJDmYC013RvqOZAIignzEag5iVLPHuEbiiRojmik+n9SRpv533Y761IqEvl7rb3I2gWVDGV3LY8LmdohxZ0Q==
- highcharts/12.1.0/modules/mouse-wheel-zoom.src.min.js: sha512-Qsp8K8q6TG0a0EpuZLVoAkW6WeHnM3hSMUYXAEA+rBtCIxw61aC3O1IRfCtNwLxw3Nl3HlYZwyIfzmsI89BptA==
- highcharts/12.1.0/modules/stock-tools.src.js: sha512-IrMa8h/PjAMpEZt+MPc543brpRtKCUBDmqtzu3CvYzgPbnEKjX8Fr08+V0523CHSIqDGiSpxhBOgdmp54vQ5AA==
- highcharts/12.1.0/themes/gray.js: sha512-gRqKrNb9QWM+mSKywhvht2YYAEJNyWTQc1JoZF7EpKBr/vuXAx89/mvr9eS5DbzleCqE4OxrXe+PgvsCHFVbiw==
- highcharts/12.1.0/es-modules/Maps/Projections/EqualEarth.js: sha512-bdNTchrPIax1atCwnhaLi9utjA4YkXNeW8wlFYeDn8x4azmGYd8Fnmm4yo5Vl/JOHhJDe6pDQB8mabiT/LZQkA==
- highcharts/12.1.0/es-modules/Series/Streamgraph/StreamgraphSeries.min.js: sha512-iraSXD4yx/wGIHZ9O9ImIHLQ3lzKe7I193aIL3ZSbXUrnj2xFrFALqQmVEDPeceQuDRlaGdW3fRCIXZLtTITMA==
- highcharts/12.1.0/es-modules/Stock/RangeSelector/RangeSelectorComposition.min.js: sha512-Tx4pnGYA43nd0WDkNnj+Y+OTA7KPGyFqRI1v3VwstoSxIUcOB+4dIwgw2WY3NhqjmRB/vDnQDA1XJ4fKgj9ONw==
- highcharts/12.1.0/es-modules/masters/indicators/aroon-oscillator.src.min.js: sha512-Mplk5ayuoDhmizS44w+rbGTJRLcsfyWwSVAMDu0jKPV+na4Etf5MSv7cZuW4k1Hp6/E+JzCF5DUuHPDnbtC+Ig==
- highcharts/12.1.0/indicators/dmi.js: sha512-u2LOst1HjS6/xjeyZssebk6qsQZ8d3pW6rSV6uoWOthzlKFHad67NK5K7yLCjax5oLDcdp4wY3QnIoy6C1sxxQ==
- highcharts/12.1.0/es-modules/Extensions/MarkerClusters/MarkerClusterDefaults.min.js: sha512-n7GFbWtJnaW16epObt89qwz7H+6xRk1nZkYAycLnRRNUFmXnSHJZa7t8IcNox+iWVMJ41Gj4vReSXF+s7iXUkw==
- highcharts/12.1.0/es-modules/Series/ColumnRange/ColumnRangePoint.js: sha512-KiKXkwTp8pog9JiDvIHvgK1RG1dlU9IcqNVdaSlcFX8+rPrtb5r11PLkLIlic6ALejh5dP3v33+iEyhuTV6/eg==
- highcharts/12.1.0/es-modules/Series/Tilemap/TilemapPoint.js: sha512-ayiRCEwT3QbF4qFtufEE8ZlvQO0Ai8IlCRXlkyRBsCp9xWpjZ/D6aIV02RXFwx6zIfmJlhfFfcFcmIjEIDs7Ng==
- highcharts/12.1.0/es-modules/masters/modules/treegrid.src.min.js: sha512-uOYz6p61u0xd+BHDi1htZrZAjHunElblRkDmgXQ1i4GgAg5vZNfbzz3nBrm3DXzxbh8mH4k9j8EPbPnQRrlXxw==
- highcharts/12.1.0/es-modules/Accessibility/HighContrastMode.js: sha512-fHlQOC1rKs/1tOYybpbWvYw/hTwyy4OG5i73p+V4aht7cgmZxI4JCVSQBSOSuFCEl/Zlra4SY9aAUTGwvMfChA==
- highcharts/12.1.0/es-modules/Series/MapPoint/MapPointSeriesDefaults.min.js: sha512-8ipMGQTiX7gl6nnTHYjz16rvS9/fdjHWXTfnzOxGFWuwY40IM1JWVKAAEAMMsZn+HzHj/bXEkx/CLfI/9MGaBQ==
- highcharts/12.1.0/es-modules/masters/indicators/supertrend.src.js: sha512-tm2j4dlEYuJDu1LvtKHpSGqMzXFXjVsMInmnDHowjHeBeSfvC0MD7m2VpN49dT6kq40te7g4hXsTAxuBAN5WVw==
- highcharts/12.1.0/modules/boost-canvas.src.min.js: sha512-56AAOHxZgeuAeTrBuwPzaJl0xlxfVkV3SdCMblWaj4PnbAC+TVsT4xYs3xrfTBg950UEHq/sTSRPrmHrsflQJg==
- highcharts/12.1.0/modules/streamgraph.src.min.js: sha512-DytF1xgcrxLJE0W8VXFjRJrCq6/Lrk4au6bW5M2YkYzYH6G2zLXvJpOZa2Ts1gjdHiuXlu0Oxmxu24pRhjeHWQ==
- highcharts/12.1.0/modules/tiledwebmap.min.js: sha512-lQgrhD43P8rRygtyytHbq9L5mk+AgmlOMk83xfJgE+ds4ysRXrZfnP60hjC2oLVJ8EY6zeU55nZIsFecjfnjmA==
- highcharts/12.1.0/es-modules/Core/Renderer/SVG/SVGElement3D.js: sha512-ah9HJqxMs/+7JbuEWnEgmo5nKCSWXUrDCYeNBhlVDAqlU0iPE/0aZQNTDlg2+in4topLhuVxl5ggXUi1LVkUhg==
- highcharts/12.1.0/es-modules/Core/Utilities.min.js: sha512-89CPiGTuUm+O4fy/VmiuaFVb7MKtSziclxwWBpRQA5moFQ4ioeFFz8TRrCct4oQUHz7ScMasuIenOb7lG9DdRA==
- highcharts/12.1.0/es-modules/Series/Venn/VennSeriesDefaults.js: sha512-sLBYHh4ExjV1hwA68p6hiofgPW3A9eDDo/3Yst14YOU7SGVThQETCP4w7aj/pWq9ySxCahZXTuXIRX1hxPZuFw==
- highcharts/12.1.0/es-modules/masters/indicators/indicators.src.min.js: sha512-GKkhNJffzACK/cRki9YP2eyiV710ZAE8/etOyc4iiuDTmCYQavp69n+i3mPis3n6iTSb+VfYEs36d0EhNETwzg==
- highcharts/12.1.0/es-modules/Core/Foundation.min.js: sha512-zkIFtL638vVHRM/F2Kl5Ul4ciqylqg8gZo5/GH+QTqmZQHn5Hh5Vbb/s4E8e0yRG1/K3i7KCfjRcbKzHXfDMTg==
- highcharts/12.1.0/es-modules/Data/Modifiers/DataModifierOptions.js: sha512-JrOdOCBtlpyZjyCbHRvZ2kjPHRDk8z9lTrSoG661g/ygwkfiP7KNP3mKlJVixytoE86HQTIG2f34IywwN6w1pA==
- highcharts/12.1.0/es-modules/Extensions/MarkerClusters/MarkerClusterSymbols.min.js: sha512-4I10LJZrtHcxY2E7dgy4noqT/QLHjwXaJQ6s9/JU50FZ39fwyMQ4pHkYsIXDhUjMlVDj0mDreKgZK8+aV5VQ9Q==
- highcharts/12.1.0/es-modules/masters/indicators/dpo.src.min.js: sha512-9Agl5EvRqR8eQSNrqgA5upftu9QxUIk1SspRiOJug4YJyMsCnA8pmVnkOOnDre9mK3eGBWiWiMHgV7ZMG7cPvw==
- highcharts/12.1.0/highcharts-gantt.src.js: sha512-jBnbR5ikzF6rOfCoVYXTBnAx/Cf5rJsfemsDDxn2z8piVkh7bkwViMOVCBHpocoaNRh/TjW2YAf3RmeOHdEbmw==
- highcharts/12.1.0/indicators/vwap.src.min.js: sha512-loVlbcPnC5IZR9m1oOQtFTw3la8HdTViEBGV6VM0yGdxoi0EvBCSe3EhLKSb8tppUEtq46YkdWaQeWVUESMDzw==
- highcharts/12.1.0/modules/timeline.min.js: sha512-JFXoYhjVj2CIvR5e51GPMebixFo5IjxZf8pUNXkyYCyvh14LwK6Hk+d9+WPmPxnEAEbm3I8rOkZKXWnCb4QqkQ==
- highcharts/12.1.0/es-modules/Core/Time.min.js: sha512-b45MtxfRoz6JxtOKrMMH9QDMsRQTNzCKsqURWUYWBFzu9pgUHDdmJK5ECGpv9w+U8sWyF3XqIWWcdjKaW+ZtKw==
- highcharts/12.1.0/es-modules/Series/Funnel3D/Funnel3DComposition.min.js: sha512-DjtHMwBVFCdwwTHwOhN4mr2Be1iDPgN5FWvKvGCatqwjyroS9xROjStNO5FjeMH3XzTUC6bo+4qFav18MKOjsA==
- highcharts/12.1.0/es-modules/Series/Networkgraph/NetworkgraphSeries.js: sha512-+pEL/9DoMGfL6RNfi6W+f8Uw47VoSXmRvPPBt+OZLffVL0CuybeyJioXQdHoCuLmx2D+jUoFt5zQ+J8DE/UxAA==
- highcharts/12.1.0/es-modules/Series/OHLC/OHLCSeriesDefaults.min.js: sha512-T50m60yFIkluHeReGFDkw+xG82alqEaWow7iVJy9I/e3HmIMsyhmiY221jWMvqumtBNes8cY9Js3AVvpbCl54A==
- highcharts/12.1.0/modules/marker-clusters.min.js: sha512-34VHl22Y/yDOfxXHXtQ+plzJpkUcXHXKk1T4GzLqlU7ZFjTZSO8lCws4m6pmplX7xivCGaQOwX3cc4uQqZI+EA==
- highcharts/12.1.0/modules/variwide.min.js: sha512-TmdF8PeeLSu9Ga+EX0DfIDoKVl0hUsJONb8UpkvLb75x/+P0pTvuOMXF2fO6WsYBoLG1Q0p3BeGenvBmLzhqNA==
- highcharts/12.1.0/modules/windbarb.src.min.js: sha512-Dri18fLqYY/gxsg1geb8KKzHUV03ctPRg2ZWFfAl2p/IdXbAnyfPeFyGDKE6Z1iUU5bwtuTvs+ddeLFFpYA7xQ==
- highcharts/12.1.0/es-modules/Series/AreaSplineRange/AreaSplineRangeSeries.min.js: sha512-9NUAh8eaz3RzP5D2CXsG6wx20v+zbs+nGNAoP9h7ZvlpJhT6NUwe2Nw9yIAvvRniibodfklDxIdjnLcHMUabig==
- highcharts/12.1.0/es-modules/Series/Funnel/FunnelSeriesDefaults.min.js: sha512-DMucvJi+aVlW2zx4mWxMBEipXQHJjgJzj89g8z+KZWqMaI364QQvsZM9s9dZc4SuJiznnxV2sdm+0mt3G/7CWw==
- highcharts/12.1.0/es-modules/Series/Treegraph/TreegraphSeries.min.js: sha512-IrNqU6Fwrala2rAlN/kN3FanBarj4aeeD7+UwMkwQR6Gsr5lbRFvI3oiTu1yj8UAoqrzoOpZQx/DW5bs0O4qSA==
- highcharts/12.1.0/modules/data-tools.min.js: sha512-Aa9KloE2ELm30RZnkFT963OZEGpZE1miBcVg0NwQDUsVpRCuviGRil9mpSSeoeqCPA0sElxuE4MOhE9jfHcNhw==
- highcharts/12.1.0/es-modules/Series/Lollipop/LollipopPoint.js: sha512-XwJ3iULoJ/emc0LnW+1AONJJ1i8dNypjPget/DHilus4TXZJFTzuhfemlL+NUqnpOznAL5jJ14z3QTygnK45JQ==
- highcharts/12.1.0/es-modules/Stock/Indicators/WilliamsR/WilliamsRIndicator.min.js: sha512-VeEZ1zdPt2zr/pW2vVXEX0xpHr/5VsoQzqkUu2A/JL/AJwVtDKsxDjKgLyJ2tDXcbBq2hab2uz2gyVryhkxJCw==
- highcharts/12.1.0/es-modules/masters/indicators/price-envelopes.src.js: sha512-On92PMtQgr914VxScskl+XoUNMug7OxvQargnxq53oaRjXbfXFZN/tkLsqenUbrWLx4eT27yZ3TtRiG4kY6QQQ==
- highcharts/12.1.0/modules/variable-pie.src.js: sha512-tOy5/9v9j7z44xsyDW5VATNwBZpKpEgMWrpR2SWVPiiqyBf/aMONMwcvC80zIsUyGW9ArALPa6j4hPg2KFT7bg==
- highcharts/12.1.0/es-modules/Core/Axis/RadialAxisDefaults.js: sha512-umcsDXKk4AlNjdfuthl+mJw+MfcYPGJlA6TSbdWw/ZotGmzniFdyGh0bLpV9oAOXbb/OPh1C4GtVC6U1NJitSw==
- highcharts/12.1.0/es-modules/Extensions/Drilldown/Drilldown.js: sha512-2/cBL5VoC4oWZWUmjsmVLETP0YDbVNbGGvS8U4g+kB935cCfiAJzTNRSniJsl4Q7hghhj9FhiZlJdZ4yiezxFQ==
- highcharts/12.1.0/es-modules/Series/Treegraph/TreegraphLink.min.js: sha512-fTAQzqCyAIU8xKeM7zLmuu7Phs2ZQygAaMFkijdZZYa+NcGV9XywyY1PEkqm324DjS0lS9Y2CMVailLV3RF1dQ==
- highcharts/12.1.0/es-modules/Series/Windbarb/WindbarbPoint.js: sha512-UKpYBm7UMWgKXdI5rTGk4WRWzcJXq07X94J/xoeEQPBstcwGzsbFRFC0YHnU178Ko1kjZTptOy6kDv4vMSV1cw==
- highcharts/12.1.0/es-modules/masters/modules/arc-diagram.src.min.js: sha512-KzkHw7oNmMZ+8nTT/We2S846T+17Kse4xS7ANIjJMA1Zg4p1/ZEbReYjOtdsq7ALg8lvA6RKyzxn3YmEi0HEIw==
- highcharts/12.1.0/indicators/pivot-points.js: sha512-M+IcolsVzhVq0R0YJuD3BJA3fZu4vKClw6O5nt+Gfw7SHsjiZ+mZqvIEfn5UNbpKCU44jFt6OiPAgJsGV6dj5A==
- highcharts/12.1.0/es-modules/Data/Formula/Formula.min.js: sha512-fcFHQiT2Y35PcraeD7cddzhEdP29ioprn/pklt+Wfw/pOWsqVvfIIbPFSDOVoGeXqOywqaEH/NLRrmXqkCEhxQ==
- highcharts/12.1.0/es-modules/Series/BoxPlot/BoxPlotSeriesDefaults.min.js: sha512-vNRh3ZZIacvp7StZjbSU8IyHDhQPNYesYJnONmw7Myy0J9IL5ivq6WTSIUdBUb2FPyE3wXiAMIFtzFn/3la6aA==
- highcharts/12.1.0/es-modules/Series/Gantt/GanttPoint.js: sha512-z2HjD2e+J1sVk08IYkzqo5GO/RAXq//qb5HFhsY9BN2wbdjkfvEtAUrjjSAWlbfm2RsFQ5T4TDQq9Len/f4wrg==
- highcharts/12.1.0/es-modules/Series/InterpolationUtilities.min.js: sha512-EJSE9e0lgALdTPcmnLXHL7lNHs4JPf9QOusPah3NCUPPPUTuGxjjSULhBIeCKQTWbJj1o8fes984sMMCEk9dJw==
- highcharts/12.1.0/es-modules/Accessibility/Components/ContainerComponent.min.js: sha512-2TWN6qeY0RE8fjj4zJyZNvqY3nuL1co1TuT1FgSGz2cosaaoI1RMA90arGSRMvFYo+duYfaX74Vt5xrZlZGk5A==
- highcharts/12.1.0/es-modules/Stock/Navigator/NavigatorSymbols.js: sha512-554aqEXZihfosMTbWvm1J00Esi9A/q/ZPt0U9+wEsudWr1tmEa4PG/c6/CNfc4Eb0nu5n9KxU36C39lQMfsbUg==
- highcharts/12.1.0/es-modules/masters/indicators/dmi.src.min.js: sha512-1+hLnPMMF+nwo11pGQId9WIcaItm76wD0HGoCFA8rOelLLSTTQOaLmyXTsA4lBGrdrevHVUm/bEwEJo1LoVNog==
- highcharts/12.1.0/es-modules/Accessibility/AccessibilityComponent.min.js: sha512-7KQkU+JtMtntRNGAwyi67sjjEphEFdIbE7oRD6lJallcIbh16BRHDtmzIBx2hZGXF7dXOovRffPVjJeV7Y5kVA==
- highcharts/12.1.0/es-modules/Extensions/Annotations/Popup/PopupComposition.min.js: sha512-vPEgIBVwga7iznSzsUY8yovzdd5qgPCXyTTXqPMNEFX/5XPDJsk2iGS5lJ3hXkSqz+SgFWJ5yAyztiPz2zLVFA==
- highcharts/12.1.0/es-modules/Series/Networkgraph/NetworkgraphPoint.min.js: sha512-GTiEJXAALotTOhuVb5w79iWvfkKHEj7U3pq8IPc7gmHkdNkt0cJco5/tgRZy7UlNUGtBC06wwv8tLajX8omPpw==
- highcharts/12.1.0/es-modules/Stock/Navigator/StandaloneNavigator.min.js: sha512-bKLTx3CBI9xYMQ2jtiBWsIAHL9INuYT+YThe9KI/7+O9c4LwXtnKeXYyXloyM1MSRyPe6qFTXKtoinc+tbcIug==
- highcharts/12.1.0/es-modules/Series/Pie3D/Pie3DSeries.js: sha512-9mzIxj4pyI2qUX74NfinvAKPf0qsnkRnnm8K6JmJZjkwCCMbWoMBmbB6XB9rdkfc1OgBztmzmy+2CCa4Zm/5sA==
- highcharts/12.1.0/es-modules/Stock/Indicators/Supertrend/SupertrendIndicator.min.js: sha512-G0KIw0bPPh/XdTV66lby46hsIU9cAOsuxwczi8vlhNpqsiLUrr+/9Cbd+JYl+xd7jd/oUM6mClPRN6GGWUKLeg==
- highcharts/12.1.0/es-modules/Core/Chart/MapChart.min.js: sha512-BlBru3MoWc1BBIQ1vaYlmB+8EoUEjtnntE5fBQWfmfL2oubPPxkS8PJNG1Zp1NGiQAeyRfbGlviXUj/eM14POg==
- highcharts/12.1.0/es-modules/Extensions/Annotations/Types/VerticalLine.min.js: sha512-wlJKnqNzelu+bLnRgowu7qguXLDWV7QURGSwNXMwS/4NeRhXeZwxXnpj/P9ObgD1owcYEYQ9DGNlXuDon0qBtQ==
- highcharts/12.1.0/es-modules/Extensions/DragPanes/DragPanes.min.js: sha512-xUV7ClVeGqHuIzomuS4guYR2MASLJNw06mi4ZmI3vxVPmd0CLV8ipRaVw4660tQcG5oPk/w7twzwb5V7UVK3Jw==
- highcharts/12.1.0/es-modules/Gantt/Pathfinder.js: sha512-KF/qwSpDcySbhVi2rjZGj6stkJQ0BZhdD2Min6JJjL+p0GJgBXXG8mjdW2TwzvPzutAndNtLIxNI3uAMxe3n8g==
- highcharts/12.1.0/es-modules/Core/Animation/AnimationUtilities.min.js: sha512-FyYgtKUwC58dCXIklyMstC28dczdxrGJTvnpb1zJ06UBMMojX0RivNAs6fCW/FJshL/G0z78X3scNE4j7FALLw==
- highcharts/12.1.0/es-modules/Maps/TilesProviders/OpenStreetMap.min.js: sha512-46FydGli1fOBko5fOyZXJ5jKJ2ktefw+BbgKa2TEVe4HQWBH4fnuyzPMC2wvdIIx+igfuLL1CzIW5QFM1efy0g==
- highcharts/12.1.0/indicators/aroon.src.min.js: sha512-4T+dm0IHUVP51K1aYVLW3CK1tfCi8VdKgCx2KT+Evw5yT/G5t3ZVf+Q+OaTFAapVLyJhNEnniqVMpxzTmm9Bqg==
- highcharts/12.1.0/indicators/ema.js: sha512-+ZCTsKyHpT0khkVsxmRJbsBYVmYhkjcSV0ZqOQdcvsAmCnWixU0/TH/tvRg7NPGC407/v0GSIdBtzmWFNBvpKw==
- highcharts/12.1.0/es-modules/Core/Animation/Fx.js: sha512-YPTh4x6zwWvxZAD24+olcioRgurP+/7zr8+5kBZOlyZhHDLrHn+ZKPL/X6h4ETCY79SZpI1Onmt09PXCtfuWDg==
- highcharts/12.1.0/es-modules/Series/Tilemap/TilemapSeries.min.js: sha512-HoIQlC0YoTABY6+7hxl4cZAvxpIi7iERnl0sdQmOUEWpMmHbn9a4/W11pStODjMNhG4fvSyZl17LBL3dr9flhw==
- highcharts/12.1.0/es-modules/Stock/Indicators/Supertrend/SupertrendIndicator.js: sha512-idyz2ZBiZTdYRun8IO0bgynYeAXFhg0ygJVMYrnAnUGr94QienzXltFxQJwqPtHRp4rwWD7I9pXefcQ9Nz0GsA==
- highcharts/12.1.0/es-modules/Data/Modifiers/SortModifier.js: sha512-FPgcuAWZ6bEU0hmuf1pM4lVr4u60f+6zy0hfB3HsJOBzdzrcj5Svrf1dy6Y12aw6FueeS9CVMup0zNsFXQHW3g==
- highcharts/12.1.0/es-modules/Series/Funnel3D/Funnel3DComposition.js: sha512-j/Tn3HI29KxE2Fq7oZjywg/fItm2ETzUVmNQ72Hc9x/Pq4qDEUvGCVPoYbVqyq3tu2wxwlw0nqJ1KMA4Bep6gg==
