Files:
- clerk-js/5.77.0-snapshot.v20250724212518/192_clerk.browser_56174c_5.77.0-snapshot.v20250724212518.js.br
- clerk-js/5.77.0-snapshot.v20250724212518/192_clerk.browser_56174c_5.77.0-snapshot.v20250724212518.js.gz
- clerk-js/5.77.0-snapshot.v20250724212518/192_clerk.browser_56174c_5.77.0-snapshot.v20250724212518.js.sri
- clerk-js/5.77.0-snapshot.v20250724212518/192_clerk.browser_56174c_5.77.0-snapshot.v20250724212518.min.js.br
- clerk-js/5.77.0-snapshot.v20250724212518/192_clerk.browser_56174c_5.77.0-snapshot.v20250724212518.min.js.gz
- clerk-js/5.77.0-snapshot.v20250724212518/192_clerk.browser_56174c_5.77.0-snapshot.v20250724212518.min.js.sri
- clerk-js/5.77.0-snapshot.v20250724212518/192_clerk.chips.browser_74a0b3_5.77.0-snapshot.v20250724212518.js.br
- clerk-js/5.77.0-snapshot.v20250724212518/192_clerk.chips.browser_74a0b3_5.77.0-snapshot.v20250724212518.js.gz
- clerk-js/5.77.0-snapshot.v20250724212518/192_clerk.chips.browser_74a0b3_5.77.0-snapshot.v20250724212518.js.sri
- clerk-js/5.77.0-snapshot.v20250724212518/192_clerk.chips.browser_74a0b3_5.77.0-snapshot.v20250724212518.min.js.br
- clerk-js/5.77.0-snapshot.v20250724212518/192_clerk.chips.browser_74a0b3_5.77.0-snapshot.v20250724212518.min.js.gz
- clerk-js/5.77.0-snapshot.v20250724212518/192_clerk.chips.browser_74a0b3_5.77.0-snapshot.v20250724212518.min.js.sri
- clerk-js/5.77.0-snapshot.v20250724212518/192_clerk.legacy.browser_107e47_5.77.0-snapshot.v20250724212518.js.br
- clerk-js/5.77.0-snapshot.v20250724212518/192_clerk.legacy.browser_107e47_5.77.0-snapshot.v20250724212518.js.gz
- clerk-js/5.77.0-snapshot.v20250724212518/192_clerk.legacy.browser_107e47_5.77.0-snapshot.v20250724212518.js.sri
- clerk-js/5.77.0-snapshot.v20250724212518/192_clerk.legacy.browser_107e47_5.77.0-snapshot.v20250724212518.min.js.br
- clerk-js/5.77.0-snapshot.v20250724212518/192_clerk.legacy.browser_107e47_5.77.0-snapshot.v20250724212518.min.js.gz
- clerk-js/5.77.0-snapshot.v20250724212518/192_clerk.legacy.browser_107e47_5.77.0-snapshot.v20250724212518.min.js.sri
- clerk-js/5.77.0-snapshot.v20250724212518/294_clerk.browser_56174c_5.77.0-snapshot.v20250724212518.js.br
- clerk-js/5.77.0-snapshot.v20250724212518/294_clerk.browser_56174c_5.77.0-snapshot.v20250724212518.js.gz
- clerk-js/5.77.0-snapshot.v20250724212518/294_clerk.browser_56174c_5.77.0-snapshot.v20250724212518.js.sri
- clerk-js/5.77.0-snapshot.v20250724212518/294_clerk.browser_56174c_5.77.0-snapshot.v20250724212518.min.js.br
- clerk-js/5.77.0-snapshot.v20250724212518/294_clerk.browser_56174c_5.77.0-snapshot.v20250724212518.min.js.gz
- clerk-js/5.77.0-snapshot.v20250724212518/294_clerk.browser_56174c_5.77.0-snapshot.v20250724212518.min.js.sri
- clerk-js/5.77.0-snapshot.v20250724212518/294_clerk.chips.browser_74a0b3_5.77.0-snapshot.v20250724212518.js.br
- clerk-js/5.77.0-snapshot.v20250724212518/294_clerk.chips.browser_74a0b3_5.77.0-snapshot.v20250724212518.js.gz
- clerk-js/5.77.0-snapshot.v20250724212518/294_clerk.chips.browser_74a0b3_5.77.0-snapshot.v20250724212518.js.sri
- clerk-js/5.77.0-snapshot.v20250724212518/294_clerk.chips.browser_74a0b3_5.77.0-snapshot.v20250724212518.min.js.br
- clerk-js/5.77.0-snapshot.v20250724212518/294_clerk.chips.browser_74a0b3_5.77.0-snapshot.v20250724212518.min.js.gz
- clerk-js/5.77.0-snapshot.v20250724212518/294_clerk.chips.browser_74a0b3_5.77.0-snapshot.v20250724212518.min.js.sri
- clerk-js/5.77.0-snapshot.v20250724212518/294_clerk.legacy.browser_107e47_5.77.0-snapshot.v20250724212518.js.br
- clerk-js/5.77.0-snapshot.v20250724212518/294_clerk.legacy.browser_107e47_5.77.0-snapshot.v20250724212518.js.gz
- clerk-js/5.77.0-snapshot.v20250724212518/294_clerk.legacy.browser_107e47_5.77.0-snapshot.v20250724212518.js.sri
- clerk-js/5.77.0-snapshot.v20250724212518/294_clerk.legacy.browser_107e47_5.77.0-snapshot.v20250724212518.min.js.br
- clerk-js/5.77.0-snapshot.v20250724212518/294_clerk.legacy.browser_107e47_5.77.0-snapshot.v20250724212518.min.js.gz
- clerk-js/5.77.0-snapshot.v20250724212518/294_clerk.legacy.browser_107e47_5.77.0-snapshot.v20250724212518.min.js.sri
- clerk-js/5.77.0-snapshot.v20250724212518/377_clerk.headless_a3255d_5.77.0-snapshot.v20250724212518.js.br
- clerk-js/5.77.0-snapshot.v20250724212518/377_clerk.headless_a3255d_5.77.0-snapshot.v20250724212518.js.gz
- clerk-js/5.77.0-snapshot.v20250724212518/377_clerk.headless_a3255d_5.77.0-snapshot.v20250724212518.js.sri
- clerk-js/5.77.0-snapshot.v20250724212518/377_clerk.headless_a3255d_5.77.0-snapshot.v20250724212518.min.js.br
- clerk-js/5.77.0-snapshot.v20250724212518/377_clerk.headless_a3255d_5.77.0-snapshot.v20250724212518.min.js.gz
- clerk-js/5.77.0-snapshot.v20250724212518/377_clerk.headless_a3255d_5.77.0-snapshot.v20250724212518.min.js.sri
- clerk-js/5.77.0-snapshot.v20250724212518/553_clerk.headless_a3255d_5.77.0-snapshot.v20250724212518.js.br
- clerk-js/5.77.0-snapshot.v20250724212518/553_clerk.headless_a3255d_5.77.0-snapshot.v20250724212518.js.gz
- clerk-js/5.77.0-snapshot.v20250724212518/553_clerk.headless_a3255d_5.77.0-snapshot.v20250724212518.js.sri
- clerk-js/5.77.0-snapshot.v20250724212518/553_clerk.headless_a3255d_5.77.0-snapshot.v20250724212518.min.js.br
- clerk-js/5.77.0-snapshot.v20250724212518/553_clerk.headless_a3255d_5.77.0-snapshot.v20250724212518.min.js.gz
- clerk-js/5.77.0-snapshot.v20250724212518/553_clerk.headless_a3255d_5.77.0-snapshot.v20250724212518.min.js.sri
- clerk-js/5.77.0-snapshot.v20250724212518/645_clerk.browser_56174c_5.77.0-snapshot.v20250724212518.js.br
- clerk-js/5.77.0-snapshot.v20250724212518/645_clerk.browser_56174c_5.77.0-snapshot.v20250724212518.js.gz
- clerk-js/5.77.0-snapshot.v20250724212518/645_clerk.browser_56174c_5.77.0-snapshot.v20250724212518.js.sri
- clerk-js/5.77.0-snapshot.v20250724212518/645_clerk.browser_56174c_5.77.0-snapshot.v20250724212518.min.js.br
- clerk-js/5.77.0-snapshot.v20250724212518/645_clerk.browser_56174c_5.77.0-snapshot.v20250724212518.min.js.gz
- clerk-js/5.77.0-snapshot.v20250724212518/645_clerk.browser_56174c_5.77.0-snapshot.v20250724212518.min.js.sri
- clerk-js/5.77.0-snapshot.v20250724212518/645_clerk.chips.browser_74a0b3_5.77.0-snapshot.v20250724212518.js.br
- clerk-js/5.77.0-snapshot.v20250724212518/645_clerk.chips.browser_74a0b3_5.77.0-snapshot.v20250724212518.js.gz
- clerk-js/5.77.0-snapshot.v20250724212518/645_clerk.chips.browser_74a0b3_5.77.0-snapshot.v20250724212518.js.sri
- clerk-js/5.77.0-snapshot.v20250724212518/645_clerk.chips.browser_74a0b3_5.77.0-snapshot.v20250724212518.min.js.br
- clerk-js/5.77.0-snapshot.v20250724212518/645_clerk.chips.browser_74a0b3_5.77.0-snapshot.v20250724212518.min.js.gz
- clerk-js/5.77.0-snapshot.v20250724212518/645_clerk.chips.browser_74a0b3_5.77.0-snapshot.v20250724212518.min.js.sri
- clerk-js/5.77.0-snapshot.v20250724212518/645_clerk.legacy.browser_107e47_5.77.0-snapshot.v20250724212518.js.br
- clerk-js/5.77.0-snapshot.v20250724212518/645_clerk.legacy.browser_107e47_5.77.0-snapshot.v20250724212518.js.gz
- clerk-js/5.77.0-snapshot.v20250724212518/645_clerk.legacy.browser_107e47_5.77.0-snapshot.v20250724212518.js.sri
- clerk-js/5.77.0-snapshot.v20250724212518/645_clerk.legacy.browser_107e47_5.77.0-snapshot.v20250724212518.min.js.br
- clerk-js/5.77.0-snapshot.v20250724212518/645_clerk.legacy.browser_107e47_5.77.0-snapshot.v20250724212518.min.js.gz
- clerk-js/5.77.0-snapshot.v20250724212518/645_clerk.legacy.browser_107e47_5.77.0-snapshot.v20250724212518.min.js.sri
- clerk-js/5.77.0-snapshot.v20250724212518/66_clerk.browser_56174c_5.77.0-snapshot.v20250724212518.js.br
- clerk-js/5.77.0-snapshot.v20250724212518/66_clerk.browser_56174c_5.77.0-snapshot.v20250724212518.js.gz
- clerk-js/5.77.0-snapshot.v20250724212518/66_clerk.browser_56174c_5.77.0-snapshot.v20250724212518.js.sri
- clerk-js/5.77.0-snapshot.v20250724212518/66_clerk.browser_56174c_5.77.0-snapshot.v20250724212518.min.js.br
- clerk-js/5.77.0-snapshot.v20250724212518/66_clerk.browser_56174c_5.77.0-snapshot.v20250724212518.min.js.gz
- clerk-js/5.77.0-snapshot.v20250724212518/66_clerk.browser_56174c_5.77.0-snapshot.v20250724212518.min.js.sri
- clerk-js/5.77.0-snapshot.v20250724212518/66_clerk.chips.browser_74a0b3_5.77.0-snapshot.v20250724212518.js.br
- clerk-js/5.77.0-snapshot.v20250724212518/66_clerk.chips.browser_74a0b3_5.77.0-snapshot.v20250724212518.js.gz
- clerk-js/5.77.0-snapshot.v20250724212518/66_clerk.chips.browser_74a0b3_5.77.0-snapshot.v20250724212518.js.sri
- clerk-js/5.77.0-snapshot.v20250724212518/66_clerk.chips.browser_74a0b3_5.77.0-snapshot.v20250724212518.min.js.br
- clerk-js/5.77.0-snapshot.v20250724212518/66_clerk.chips.browser_74a0b3_5.77.0-snapshot.v20250724212518.min.js.gz
- clerk-js/5.77.0-snapshot.v20250724212518/66_clerk.chips.browser_74a0b3_5.77.0-snapshot.v20250724212518.min.js.sri
- clerk-js/5.77.0-snapshot.v20250724212518/66_clerk.legacy.browser_107e47_5.77.0-snapshot.v20250724212518.js.br
- clerk-js/5.77.0-snapshot.v20250724212518/66_clerk.legacy.browser_107e47_5.77.0-snapshot.v20250724212518.js.gz
- clerk-js/5.77.0-snapshot.v20250724212518/66_clerk.legacy.browser_107e47_5.77.0-snapshot.v20250724212518.js.sri
- clerk-js/5.77.0-snapshot.v20250724212518/66_clerk.legacy.browser_107e47_5.77.0-snapshot.v20250724212518.min.js.br
- clerk-js/5.77.0-snapshot.v20250724212518/66_clerk.legacy.browser_107e47_5.77.0-snapshot.v20250724212518.min.js.gz
- clerk-js/5.77.0-snapshot.v20250724212518/66_clerk.legacy.browser_107e47_5.77.0-snapshot.v20250724212518.min.js.sri
- clerk-js/5.77.0-snapshot.v20250724212518/890_clerk.headless_a3255d_5.77.0-snapshot.v20250724212518.js.br
- clerk-js/5.77.0-snapshot.v20250724212518/890_clerk.headless_a3255d_5.77.0-snapshot.v20250724212518.js.gz
- clerk-js/5.77.0-snapshot.v20250724212518/890_clerk.headless_a3255d_5.77.0-snapshot.v20250724212518.js.sri
- clerk-js/5.77.0-snapshot.v20250724212518/890_clerk.headless_a3255d_5.77.0-snapshot.v20250724212518.min.js.br
- clerk-js/5.77.0-snapshot.v20250724212518/890_clerk.headless_a3255d_5.77.0-snapshot.v20250724212518.min.js.gz
- clerk-js/5.77.0-snapshot.v20250724212518/890_clerk.headless_a3255d_5.77.0-snapshot.v20250724212518.min.js.sri
- clerk-js/5.77.0-snapshot.v20250724212518/965_clerk.headless_a3255d_5.77.0-snapshot.v20250724212518.js.br
- clerk-js/5.77.0-snapshot.v20250724212518/965_clerk.headless_a3255d_5.77.0-snapshot.v20250724212518.js.gz
- clerk-js/5.77.0-snapshot.v20250724212518/965_clerk.headless_a3255d_5.77.0-snapshot.v20250724212518.js.sri
- clerk-js/5.77.0-snapshot.v20250724212518/965_clerk.headless_a3255d_5.77.0-snapshot.v20250724212518.min.js.br
- clerk-js/5.77.0-snapshot.v20250724212518/965_clerk.headless_a3255d_5.77.0-snapshot.v20250724212518.min.js.gz
- clerk-js/5.77.0-snapshot.v20250724212518/965_clerk.headless_a3255d_5.77.0-snapshot.v20250724212518.min.js.sri
- clerk-js/5.77.0-snapshot.v20250724212518/apiKeys_clerk.browser_56174c_5.77.0-snapshot.v20250724212518.js.br
- clerk-js/5.77.0-snapshot.v20250724212518/apiKeys_clerk.browser_56174c_5.77.0-snapshot.v20250724212518.js.gz
- clerk-js/5.77.0-snapshot.v20250724212518/apiKeys_clerk.browser_56174c_5.77.0-snapshot.v20250724212518.js.sri
- clerk-js/5.77.0-snapshot.v20250724212518/apiKeys_clerk.browser_56174c_5.77.0-snapshot.v20250724212518.min.js.br
- clerk-js/5.77.0-snapshot.v20250724212518/apiKeys_clerk.browser_56174c_5.77.0-snapshot.v20250724212518.min.js.gz
- clerk-js/5.77.0-snapshot.v20250724212518/apiKeys_clerk.browser_56174c_5.77.0-snapshot.v20250724212518.min.js.sri
- clerk-js/5.77.0-snapshot.v20250724212518/apiKeys_clerk.chips.browser_74a0b3_5.77.0-snapshot.v20250724212518.js.br
- clerk-js/5.77.0-snapshot.v20250724212518/apiKeys_clerk.chips.browser_74a0b3_5.77.0-snapshot.v20250724212518.js.gz
- clerk-js/5.77.0-snapshot.v20250724212518/apiKeys_clerk.chips.browser_74a0b3_5.77.0-snapshot.v20250724212518.js.sri
- clerk-js/5.77.0-snapshot.v20250724212518/apiKeys_clerk.chips.browser_74a0b3_5.77.0-snapshot.v20250724212518.min.js.br
- clerk-js/5.77.0-snapshot.v20250724212518/apiKeys_clerk.chips.browser_74a0b3_5.77.0-snapshot.v20250724212518.min.js.gz
- clerk-js/5.77.0-snapshot.v20250724212518/apiKeys_clerk.chips.browser_74a0b3_5.77.0-snapshot.v20250724212518.min.js.sri
- clerk-js/5.77.0-snapshot.v20250724212518/apiKeys_clerk.legacy.browser_107e47_5.77.0-snapshot.v20250724212518.js.br
- clerk-js/5.77.0-snapshot.v20250724212518/apiKeys_clerk.legacy.browser_107e47_5.77.0-snapshot.v20250724212518.js.gz
- clerk-js/5.77.0-snapshot.v20250724212518/apiKeys_clerk.legacy.browser_107e47_5.77.0-snapshot.v20250724212518.js.sri
- clerk-js/5.77.0-snapshot.v20250724212518/apiKeys_clerk.legacy.browser_107e47_5.77.0-snapshot.v20250724212518.min.js.br
- clerk-js/5.77.0-snapshot.v20250724212518/apiKeys_clerk.legacy.browser_107e47_5.77.0-snapshot.v20250724212518.min.js.gz
- clerk-js/5.77.0-snapshot.v20250724212518/apiKeys_clerk.legacy.browser_107e47_5.77.0-snapshot.v20250724212518.min.js.sri
- clerk-js/5.77.0-snapshot.v20250724212518/blankcaptcha_clerk.browser_56174c_5.77.0-snapshot.v20250724212518.js.br
- clerk-js/5.77.0-snapshot.v20250724212518/blankcaptcha_clerk.browser_56174c_5.77.0-snapshot.v20250724212518.js.gz
- clerk-js/5.77.0-snapshot.v20250724212518/blankcaptcha_clerk.browser_56174c_5.77.0-snapshot.v20250724212518.js.sri
- clerk-js/5.77.0-snapshot.v20250724212518/blankcaptcha_clerk.browser_56174c_5.77.0-snapshot.v20250724212518.min.js.br
- clerk-js/5.77.0-snapshot.v20250724212518/blankcaptcha_clerk.browser_56174c_5.77.0-snapshot.v20250724212518.min.js.gz
- clerk-js/5.77.0-snapshot.v20250724212518/blankcaptcha_clerk.browser_56174c_5.77.0-snapshot.v20250724212518.min.js.sri
- clerk-js/5.77.0-snapshot.v20250724212518/blankcaptcha_clerk.chips.browser_74a0b3_5.77.0-snapshot.v20250724212518.js.br
- clerk-js/5.77.0-snapshot.v20250724212518/blankcaptcha_clerk.chips.browser_74a0b3_5.77.0-snapshot.v20250724212518.js.gz
- clerk-js/5.77.0-snapshot.v20250724212518/blankcaptcha_clerk.chips.browser_74a0b3_5.77.0-snapshot.v20250724212518.js.sri
- clerk-js/5.77.0-snapshot.v20250724212518/blankcaptcha_clerk.chips.browser_74a0b3_5.77.0-snapshot.v20250724212518.min.js.br
- clerk-js/5.77.0-snapshot.v20250724212518/blankcaptcha_clerk.chips.browser_74a0b3_5.77.0-snapshot.v20250724212518.min.js.gz
- clerk-js/5.77.0-snapshot.v20250724212518/blankcaptcha_clerk.chips.browser_74a0b3_5.77.0-snapshot.v20250724212518.min.js.sri
- clerk-js/5.77.0-snapshot.v20250724212518/blankcaptcha_clerk.legacy.browser_107e47_5.77.0-snapshot.v20250724212518.js.br
- clerk-js/5.77.0-snapshot.v20250724212518/blankcaptcha_clerk.legacy.browser_107e47_5.77.0-snapshot.v20250724212518.js.gz
- clerk-js/5.77.0-snapshot.v20250724212518/blankcaptcha_clerk.legacy.browser_107e47_5.77.0-snapshot.v20250724212518.js.sri
- clerk-js/5.77.0-snapshot.v20250724212518/blankcaptcha_clerk.legacy.browser_107e47_5.77.0-snapshot.v20250724212518.min.js.br
- clerk-js/5.77.0-snapshot.v20250724212518/blankcaptcha_clerk.legacy.browser_107e47_5.77.0-snapshot.v20250724212518.min.js.gz
- clerk-js/5.77.0-snapshot.v20250724212518/blankcaptcha_clerk.legacy.browser_107e47_5.77.0-snapshot.v20250724212518.min.js.sri
- clerk-js/5.77.0-snapshot.v20250724212518/checkout_clerk.browser_56174c_5.77.0-snapshot.v20250724212518.js.br
- clerk-js/5.77.0-snapshot.v20250724212518/checkout_clerk.browser_56174c_5.77.0-snapshot.v20250724212518.js.gz
- clerk-js/5.77.0-snapshot.v20250724212518/checkout_clerk.browser_56174c_5.77.0-snapshot.v20250724212518.js.sri
- clerk-js/5.77.0-snapshot.v20250724212518/checkout_clerk.browser_56174c_5.77.0-snapshot.v20250724212518.min.js.br
- clerk-js/5.77.0-snapshot.v20250724212518/checkout_clerk.browser_56174c_5.77.0-snapshot.v20250724212518.min.js.gz
- clerk-js/5.77.0-snapshot.v20250724212518/checkout_clerk.browser_56174c_5.77.0-snapshot.v20250724212518.min.js.sri
- clerk-js/5.77.0-snapshot.v20250724212518/checkout_clerk.chips.browser_74a0b3_5.77.0-snapshot.v20250724212518.js.br
- clerk-js/5.77.0-snapshot.v20250724212518/checkout_clerk.chips.browser_74a0b3_5.77.0-snapshot.v20250724212518.js.gz
- clerk-js/5.77.0-snapshot.v20250724212518/checkout_clerk.chips.browser_74a0b3_5.77.0-snapshot.v20250724212518.js.sri
- clerk-js/5.77.0-snapshot.v20250724212518/checkout_clerk.chips.browser_74a0b3_5.77.0-snapshot.v20250724212518.min.js.br
- clerk-js/5.77.0-snapshot.v20250724212518/checkout_clerk.chips.browser_74a0b3_5.77.0-snapshot.v20250724212518.min.js.gz
- clerk-js/5.77.0-snapshot.v20250724212518/checkout_clerk.chips.browser_74a0b3_5.77.0-snapshot.v20250724212518.min.js.sri
- clerk-js/5.77.0-snapshot.v20250724212518/checkout_clerk.legacy.browser_107e47_5.77.0-snapshot.v20250724212518.js.br
- clerk-js/5.77.0-snapshot.v20250724212518/checkout_clerk.legacy.browser_107e47_5.77.0-snapshot.v20250724212518.js.gz
- clerk-js/5.77.0-snapshot.v20250724212518/checkout_clerk.legacy.browser_107e47_5.77.0-snapshot.v20250724212518.js.sri
- clerk-js/5.77.0-snapshot.v20250724212518/checkout_clerk.legacy.browser_107e47_5.77.0-snapshot.v20250724212518.min.js.br
- clerk-js/5.77.0-snapshot.v20250724212518/checkout_clerk.legacy.browser_107e47_5.77.0-snapshot.v20250724212518.min.js.gz
- clerk-js/5.77.0-snapshot.v20250724212518/checkout_clerk.legacy.browser_107e47_5.77.0-snapshot.v20250724212518.min.js.sri
- clerk-js/5.77.0-snapshot.v20250724212518/clerk.browser.js.br
- clerk-js/5.77.0-snapshot.v20250724212518/clerk.browser.js.gz
- clerk-js/5.77.0-snapshot.v20250724212518/clerk.browser.js.sri
- clerk-js/5.77.0-snapshot.v20250724212518/clerk.browser.min.js.br
- clerk-js/5.77.0-snapshot.v20250724212518/clerk.browser.min.js.gz
- clerk-js/5.77.0-snapshot.v20250724212518/clerk.browser.min.js.sri
- clerk-js/5.77.0-snapshot.v20250724212518/clerk.chips.browser.js.br
- clerk-js/5.77.0-snapshot.v20250724212518/clerk.chips.browser.js.gz
- clerk-js/5.77.0-snapshot.v20250724212518/clerk.chips.browser.js.sri
- clerk-js/5.77.0-snapshot.v20250724212518/clerk.chips.browser.min.js.br
- clerk-js/5.77.0-snapshot.v20250724212518/clerk.chips.browser.min.js.gz
- clerk-js/5.77.0-snapshot.v20250724212518/clerk.chips.browser.min.js.sri
- clerk-js/5.77.0-snapshot.v20250724212518/clerk.headless.browser.js.br
- clerk-js/5.77.0-snapshot.v20250724212518/clerk.headless.browser.js.gz
- clerk-js/5.77.0-snapshot.v20250724212518/clerk.headless.browser.js.sri
- clerk-js/5.77.0-snapshot.v20250724212518/clerk.headless.browser.min.js.br
- clerk-js/5.77.0-snapshot.v20250724212518/clerk.headless.browser.min.js.gz
- clerk-js/5.77.0-snapshot.v20250724212518/clerk.headless.browser.min.js.sri
- clerk-js/5.77.0-snapshot.v20250724212518/clerk.headless.js.br
- clerk-js/5.77.0-snapshot.v20250724212518/clerk.headless.js.gz
- clerk-js/5.77.0-snapshot.v20250724212518/clerk.headless.js.sri
- clerk-js/5.77.0-snapshot.v20250724212518/clerk.headless.min.js.br
- clerk-js/5.77.0-snapshot.v20250724212518/clerk.headless.min.js.gz
- clerk-js/5.77.0-snapshot.v20250724212518/clerk.headless.min.js.sri
- clerk-js/5.77.0-snapshot.v20250724212518/clerk.js.br
- clerk-js/5.77.0-snapshot.v20250724212518/clerk.js.gz
- clerk-js/5.77.0-snapshot.v20250724212518/clerk.js.sri
- clerk-js/5.77.0-snapshot.v20250724212518/clerk.legacy.browser.js.br
- clerk-js/5.77.0-snapshot.v20250724212518/clerk.legacy.browser.js.gz
- clerk-js/5.77.0-snapshot.v20250724212518/clerk.legacy.browser.js.sri
- clerk-js/5.77.0-snapshot.v20250724212518/clerk.legacy.browser.min.js.br
- clerk-js/5.77.0-snapshot.v20250724212518/clerk.legacy.browser.min.js.gz
- clerk-js/5.77.0-snapshot.v20250724212518/clerk.legacy.browser.min.js.sri
- clerk-js/5.77.0-snapshot.v20250724212518/clerk.min.js.br
- clerk-js/5.77.0-snapshot.v20250724212518/clerk.min.js.gz
- clerk-js/5.77.0-snapshot.v20250724212518/clerk.min.js.sri
- clerk-js/5.77.0-snapshot.v20250724212518/clerk.mjs.br
- clerk-js/5.77.0-snapshot.v20250724212518/clerk.mjs.gz
- clerk-js/5.77.0-snapshot.v20250724212518/clerk.no-rhc.js.br
- clerk-js/5.77.0-snapshot.v20250724212518/clerk.no-rhc.js.gz
- clerk-js/5.77.0-snapshot.v20250724212518/clerk.no-rhc.js.sri
- clerk-js/5.77.0-snapshot.v20250724212518/clerk.no-rhc.min.js.br
- clerk-js/5.77.0-snapshot.v20250724212518/clerk.no-rhc.min.js.gz
- clerk-js/5.77.0-snapshot.v20250724212518/clerk.no-rhc.min.js.sri
- clerk-js/5.77.0-snapshot.v20250724212518/clerk.no-rhc.mjs.br
- clerk-js/5.77.0-snapshot.v20250724212518/clerk.no-rhc.mjs.gz
- clerk-js/5.77.0-snapshot.v20250724212518/coinbase-wallet-sdk_clerk.browser_56174c_5.77.0-snapshot.v20250724212518.js.br
- clerk-js/5.77.0-snapshot.v20250724212518/coinbase-wallet-sdk_clerk.browser_56174c_5.77.0-snapshot.v20250724212518.js.gz
- clerk-js/5.77.0-snapshot.v20250724212518/coinbase-wallet-sdk_clerk.browser_56174c_5.77.0-snapshot.v20250724212518.js.sri
- clerk-js/5.77.0-snapshot.v20250724212518/coinbase-wallet-sdk_clerk.browser_56174c_5.77.0-snapshot.v20250724212518.min.js.br
- clerk-js/5.77.0-snapshot.v20250724212518/coinbase-wallet-sdk_clerk.browser_56174c_5.77.0-snapshot.v20250724212518.min.js.gz
- clerk-js/5.77.0-snapshot.v20250724212518/coinbase-wallet-sdk_clerk.browser_56174c_5.77.0-snapshot.v20250724212518.min.js.sri
- clerk-js/5.77.0-snapshot.v20250724212518/coinbase-wallet-sdk_clerk.chips.browser_74a0b3_5.77.0-snapshot.v20250724212518.js.br
- clerk-js/5.77.0-snapshot.v20250724212518/coinbase-wallet-sdk_clerk.chips.browser_74a0b3_5.77.0-snapshot.v20250724212518.js.gz
- clerk-js/5.77.0-snapshot.v20250724212518/coinbase-wallet-sdk_clerk.chips.browser_74a0b3_5.77.0-snapshot.v20250724212518.js.sri
- clerk-js/5.77.0-snapshot.v20250724212518/coinbase-wallet-sdk_clerk.chips.browser_74a0b3_5.77.0-snapshot.v20250724212518.min.js.br
- clerk-js/5.77.0-snapshot.v20250724212518/coinbase-wallet-sdk_clerk.chips.browser_74a0b3_5.77.0-snapshot.v20250724212518.min.js.gz
- clerk-js/5.77.0-snapshot.v20250724212518/coinbase-wallet-sdk_clerk.chips.browser_74a0b3_5.77.0-snapshot.v20250724212518.min.js.sri
- clerk-js/5.77.0-snapshot.v20250724212518/coinbase-wallet-sdk_clerk.headless.browser_efe34a_5.77.0-snapshot.v20250724212518.js.br
- clerk-js/5.77.0-snapshot.v20250724212518/coinbase-wallet-sdk_clerk.headless.browser_efe34a_5.77.0-snapshot.v20250724212518.js.gz
- clerk-js/5.77.0-snapshot.v20250724212518/coinbase-wallet-sdk_clerk.headless.browser_efe34a_5.77.0-snapshot.v20250724212518.js.sri
- clerk-js/5.77.0-snapshot.v20250724212518/coinbase-wallet-sdk_clerk.headless.browser_efe34a_5.77.0-snapshot.v20250724212518.min.js.br
- clerk-js/5.77.0-snapshot.v20250724212518/coinbase-wallet-sdk_clerk.headless.browser_efe34a_5.77.0-snapshot.v20250724212518.min.js.gz
- clerk-js/5.77.0-snapshot.v20250724212518/coinbase-wallet-sdk_clerk.headless.browser_efe34a_5.77.0-snapshot.v20250724212518.min.js.sri
- clerk-js/5.77.0-snapshot.v20250724212518/coinbase-wallet-sdk_clerk.legacy.browser_107e47_5.77.0-snapshot.v20250724212518.js.br
- clerk-js/5.77.0-snapshot.v20250724212518/coinbase-wallet-sdk_clerk.legacy.browser_107e47_5.77.0-snapshot.v20250724212518.js.gz
- clerk-js/5.77.0-snapshot.v20250724212518/coinbase-wallet-sdk_clerk.legacy.browser_107e47_5.77.0-snapshot.v20250724212518.js.sri
- clerk-js/5.77.0-snapshot.v20250724212518/coinbase-wallet-sdk_clerk.legacy.browser_107e47_5.77.0-snapshot.v20250724212518.min.js.br
- clerk-js/5.77.0-snapshot.v20250724212518/coinbase-wallet-sdk_clerk.legacy.browser_107e47_5.77.0-snapshot.v20250724212518.min.js.gz
- clerk-js/5.77.0-snapshot.v20250724212518/coinbase-wallet-sdk_clerk.legacy.browser_107e47_5.77.0-snapshot.v20250724212518.min.js.sri
- clerk-js/5.77.0-snapshot.v20250724212518/cookieSuffix_clerk.browser_56174c_5.77.0-snapshot.v20250724212518.js.br
- clerk-js/5.77.0-snapshot.v20250724212518/cookieSuffix_clerk.browser_56174c_5.77.0-snapshot.v20250724212518.js.gz
- clerk-js/5.77.0-snapshot.v20250724212518/cookieSuffix_clerk.browser_56174c_5.77.0-snapshot.v20250724212518.js.sri
- clerk-js/5.77.0-snapshot.v20250724212518/cookieSuffix_clerk.browser_56174c_5.77.0-snapshot.v20250724212518.min.js.br
- clerk-js/5.77.0-snapshot.v20250724212518/cookieSuffix_clerk.browser_56174c_5.77.0-snapshot.v20250724212518.min.js.gz
- clerk-js/5.77.0-snapshot.v20250724212518/cookieSuffix_clerk.browser_56174c_5.77.0-snapshot.v20250724212518.min.js.sri
- clerk-js/5.77.0-snapshot.v20250724212518/cookieSuffix_clerk.chips.browser_74a0b3_5.77.0-snapshot.v20250724212518.js.br
- clerk-js/5.77.0-snapshot.v20250724212518/cookieSuffix_clerk.chips.browser_74a0b3_5.77.0-snapshot.v20250724212518.js.gz
- clerk-js/5.77.0-snapshot.v20250724212518/cookieSuffix_clerk.chips.browser_74a0b3_5.77.0-snapshot.v20250724212518.js.sri
- clerk-js/5.77.0-snapshot.v20250724212518/cookieSuffix_clerk.chips.browser_74a0b3_5.77.0-snapshot.v20250724212518.min.js.br
- clerk-js/5.77.0-snapshot.v20250724212518/cookieSuffix_clerk.chips.browser_74a0b3_5.77.0-snapshot.v20250724212518.min.js.gz
- clerk-js/5.77.0-snapshot.v20250724212518/cookieSuffix_clerk.chips.browser_74a0b3_5.77.0-snapshot.v20250724212518.min.js.sri
- clerk-js/5.77.0-snapshot.v20250724212518/cookieSuffix_clerk.headless.browser_efe34a_5.77.0-snapshot.v20250724212518.js.br
- clerk-js/5.77.0-snapshot.v20250724212518/cookieSuffix_clerk.headless.browser_efe34a_5.77.0-snapshot.v20250724212518.js.gz
- clerk-js/5.77.0-snapshot.v20250724212518/cookieSuffix_clerk.headless.browser_efe34a_5.77.0-snapshot.v20250724212518.js.sri
- clerk-js/5.77.0-snapshot.v20250724212518/cookieSuffix_clerk.headless.browser_efe34a_5.77.0-snapshot.v20250724212518.min.js.br
- clerk-js/5.77.0-snapshot.v20250724212518/cookieSuffix_clerk.headless.browser_efe34a_5.77.0-snapshot.v20250724212518.min.js.gz
- clerk-js/5.77.0-snapshot.v20250724212518/cookieSuffix_clerk.headless.browser_efe34a_5.77.0-snapshot.v20250724212518.min.js.sri
- clerk-js/5.77.0-snapshot.v20250724212518/cookieSuffix_clerk.headless_a3255d_5.77.0-snapshot.v20250724212518.js.br
- clerk-js/5.77.0-snapshot.v20250724212518/cookieSuffix_clerk.headless_a3255d_5.77.0-snapshot.v20250724212518.js.gz
- clerk-js/5.77.0-snapshot.v20250724212518/cookieSuffix_clerk.headless_a3255d_5.77.0-snapshot.v20250724212518.js.sri
- clerk-js/5.77.0-snapshot.v20250724212518/cookieSuffix_clerk.headless_a3255d_5.77.0-snapshot.v20250724212518.min.js.br
- clerk-js/5.77.0-snapshot.v20250724212518/cookieSuffix_clerk.headless_a3255d_5.77.0-snapshot.v20250724212518.min.js.gz
- clerk-js/5.77.0-snapshot.v20250724212518/cookieSuffix_clerk.headless_a3255d_5.77.0-snapshot.v20250724212518.min.js.sri
- clerk-js/5.77.0-snapshot.v20250724212518/cookieSuffix_clerk.legacy.browser_107e47_5.77.0-snapshot.v20250724212518.js.br
- clerk-js/5.77.0-snapshot.v20250724212518/cookieSuffix_clerk.legacy.browser_107e47_5.77.0-snapshot.v20250724212518.js.gz
- clerk-js/5.77.0-snapshot.v20250724212518/cookieSuffix_clerk.legacy.browser_107e47_5.77.0-snapshot.v20250724212518.js.sri
- clerk-js/5.77.0-snapshot.v20250724212518/cookieSuffix_clerk.legacy.browser_107e47_5.77.0-snapshot.v20250724212518.min.js.br
- clerk-js/5.77.0-snapshot.v20250724212518/cookieSuffix_clerk.legacy.browser_107e47_5.77.0-snapshot.v20250724212518.min.js.gz
- clerk-js/5.77.0-snapshot.v20250724212518/cookieSuffix_clerk.legacy.browser_107e47_5.77.0-snapshot.v20250724212518.min.js.sri
- clerk-js/5.77.0-snapshot.v20250724212518/createorganization_clerk.browser_56174c_5.77.0-snapshot.v20250724212518.js.br
- clerk-js/5.77.0-snapshot.v20250724212518/createorganization_clerk.browser_56174c_5.77.0-snapshot.v20250724212518.js.gz
- clerk-js/5.77.0-snapshot.v20250724212518/createorganization_clerk.browser_56174c_5.77.0-snapshot.v20250724212518.js.sri
- clerk-js/5.77.0-snapshot.v20250724212518/createorganization_clerk.browser_56174c_5.77.0-snapshot.v20250724212518.min.js.br
- clerk-js/5.77.0-snapshot.v20250724212518/createorganization_clerk.browser_56174c_5.77.0-snapshot.v20250724212518.min.js.gz
- clerk-js/5.77.0-snapshot.v20250724212518/createorganization_clerk.browser_56174c_5.77.0-snapshot.v20250724212518.min.js.sri
- clerk-js/5.77.0-snapshot.v20250724212518/createorganization_clerk.chips.browser_74a0b3_5.77.0-snapshot.v20250724212518.js.br
- clerk-js/5.77.0-snapshot.v20250724212518/createorganization_clerk.chips.browser_74a0b3_5.77.0-snapshot.v20250724212518.js.gz
- clerk-js/5.77.0-snapshot.v20250724212518/createorganization_clerk.chips.browser_74a0b3_5.77.0-snapshot.v20250724212518.js.sri
- clerk-js/5.77.0-snapshot.v20250724212518/createorganization_clerk.chips.browser_74a0b3_5.77.0-snapshot.v20250724212518.min.js.br
- clerk-js/5.77.0-snapshot.v20250724212518/createorganization_clerk.chips.browser_74a0b3_5.77.0-snapshot.v20250724212518.min.js.gz
- clerk-js/5.77.0-snapshot.v20250724212518/createorganization_clerk.chips.browser_74a0b3_5.77.0-snapshot.v20250724212518.min.js.sri
- clerk-js/5.77.0-snapshot.v20250724212518/createorganization_clerk.legacy.browser_107e47_5.77.0-snapshot.v20250724212518.js.br
- clerk-js/5.77.0-snapshot.v20250724212518/createorganization_clerk.legacy.browser_107e47_5.77.0-snapshot.v20250724212518.js.gz
- clerk-js/5.77.0-snapshot.v20250724212518/createorganization_clerk.legacy.browser_107e47_5.77.0-snapshot.v20250724212518.js.sri
- clerk-js/5.77.0-snapshot.v20250724212518/createorganization_clerk.legacy.browser_107e47_5.77.0-snapshot.v20250724212518.min.js.br
- clerk-js/5.77.0-snapshot.v20250724212518/createorganization_clerk.legacy.browser_107e47_5.77.0-snapshot.v20250724212518.min.js.gz
- clerk-js/5.77.0-snapshot.v20250724212518/createorganization_clerk.legacy.browser_107e47_5.77.0-snapshot.v20250724212518.min.js.sri
- clerk-js/5.77.0-snapshot.v20250724212518/framework_clerk.browser_56174c_5.77.0-snapshot.v20250724212518.js.br
- clerk-js/5.77.0-snapshot.v20250724212518/framework_clerk.browser_56174c_5.77.0-snapshot.v20250724212518.js.gz
- clerk-js/5.77.0-snapshot.v20250724212518/framework_clerk.browser_56174c_5.77.0-snapshot.v20250724212518.js.sri
- clerk-js/5.77.0-snapshot.v20250724212518/framework_clerk.browser_56174c_5.77.0-snapshot.v20250724212518.min.js.br
- clerk-js/5.77.0-snapshot.v20250724212518/framework_clerk.browser_56174c_5.77.0-snapshot.v20250724212518.min.js.gz
- clerk-js/5.77.0-snapshot.v20250724212518/framework_clerk.browser_56174c_5.77.0-snapshot.v20250724212518.min.js.sri
- clerk-js/5.77.0-snapshot.v20250724212518/framework_clerk.chips.browser_74a0b3_5.77.0-snapshot.v20250724212518.js.br
- clerk-js/5.77.0-snapshot.v20250724212518/framework_clerk.chips.browser_74a0b3_5.77.0-snapshot.v20250724212518.js.gz
- clerk-js/5.77.0-snapshot.v20250724212518/framework_clerk.chips.browser_74a0b3_5.77.0-snapshot.v20250724212518.js.sri
- clerk-js/5.77.0-snapshot.v20250724212518/framework_clerk.chips.browser_74a0b3_5.77.0-snapshot.v20250724212518.min.js.br
- clerk-js/5.77.0-snapshot.v20250724212518/framework_clerk.chips.browser_74a0b3_5.77.0-snapshot.v20250724212518.min.js.gz
- clerk-js/5.77.0-snapshot.v20250724212518/framework_clerk.chips.browser_74a0b3_5.77.0-snapshot.v20250724212518.min.js.sri
- clerk-js/5.77.0-snapshot.v20250724212518/framework_clerk.legacy.browser_107e47_5.77.0-snapshot.v20250724212518.js.br
- clerk-js/5.77.0-snapshot.v20250724212518/framework_clerk.legacy.browser_107e47_5.77.0-snapshot.v20250724212518.js.gz
- clerk-js/5.77.0-snapshot.v20250724212518/framework_clerk.legacy.browser_107e47_5.77.0-snapshot.v20250724212518.js.sri
- clerk-js/5.77.0-snapshot.v20250724212518/framework_clerk.legacy.browser_107e47_5.77.0-snapshot.v20250724212518.min.js.br
- clerk-js/5.77.0-snapshot.v20250724212518/framework_clerk.legacy.browser_107e47_5.77.0-snapshot.v20250724212518.min.js.gz
- clerk-js/5.77.0-snapshot.v20250724212518/framework_clerk.legacy.browser_107e47_5.77.0-snapshot.v20250724212518.min.js.sri
- clerk-js/5.77.0-snapshot.v20250724212518/impersonationfab_clerk.browser_56174c_5.77.0-snapshot.v20250724212518.js.br
- clerk-js/5.77.0-snapshot.v20250724212518/impersonationfab_clerk.browser_56174c_5.77.0-snapshot.v20250724212518.js.gz
- clerk-js/5.77.0-snapshot.v20250724212518/impersonationfab_clerk.browser_56174c_5.77.0-snapshot.v20250724212518.js.sri
- clerk-js/5.77.0-snapshot.v20250724212518/impersonationfab_clerk.browser_56174c_5.77.0-snapshot.v20250724212518.min.js.br
- clerk-js/5.77.0-snapshot.v20250724212518/impersonationfab_clerk.browser_56174c_5.77.0-snapshot.v20250724212518.min.js.gz
- clerk-js/5.77.0-snapshot.v20250724212518/impersonationfab_clerk.browser_56174c_5.77.0-snapshot.v20250724212518.min.js.sri
- clerk-js/5.77.0-snapshot.v20250724212518/impersonationfab_clerk.chips.browser_74a0b3_5.77.0-snapshot.v20250724212518.js.br
- clerk-js/5.77.0-snapshot.v20250724212518/impersonationfab_clerk.chips.browser_74a0b3_5.77.0-snapshot.v20250724212518.js.gz
- clerk-js/5.77.0-snapshot.v20250724212518/impersonationfab_clerk.chips.browser_74a0b3_5.77.0-snapshot.v20250724212518.js.sri
- clerk-js/5.77.0-snapshot.v20250724212518/impersonationfab_clerk.chips.browser_74a0b3_5.77.0-snapshot.v20250724212518.min.js.br
- clerk-js/5.77.0-snapshot.v20250724212518/impersonationfab_clerk.chips.browser_74a0b3_5.77.0-snapshot.v20250724212518.min.js.gz
- clerk-js/5.77.0-snapshot.v20250724212518/impersonationfab_clerk.chips.browser_74a0b3_5.77.0-snapshot.v20250724212518.min.js.sri
- clerk-js/5.77.0-snapshot.v20250724212518/impersonationfab_clerk.legacy.browser_107e47_5.77.0-snapshot.v20250724212518.js.br
- clerk-js/5.77.0-snapshot.v20250724212518/impersonationfab_clerk.legacy.browser_107e47_5.77.0-snapshot.v20250724212518.js.gz
- clerk-js/5.77.0-snapshot.v20250724212518/impersonationfab_clerk.legacy.browser_107e47_5.77.0-snapshot.v20250724212518.js.sri
- clerk-js/5.77.0-snapshot.v20250724212518/impersonationfab_clerk.legacy.browser_107e47_5.77.0-snapshot.v20250724212518.min.js.br
- clerk-js/5.77.0-snapshot.v20250724212518/impersonationfab_clerk.legacy.browser_107e47_5.77.0-snapshot.v20250724212518.min.js.gz
- clerk-js/5.77.0-snapshot.v20250724212518/impersonationfab_clerk.legacy.browser_107e47_5.77.0-snapshot.v20250724212518.min.js.sri
- clerk-js/5.77.0-snapshot.v20250724212518/keylessPrompt_clerk.browser_56174c_5.77.0-snapshot.v20250724212518.js.br
- clerk-js/5.77.0-snapshot.v20250724212518/keylessPrompt_clerk.browser_56174c_5.77.0-snapshot.v20250724212518.js.gz
- clerk-js/5.77.0-snapshot.v20250724212518/keylessPrompt_clerk.browser_56174c_5.77.0-snapshot.v20250724212518.js.sri
- clerk-js/5.77.0-snapshot.v20250724212518/keylessPrompt_clerk.browser_56174c_5.77.0-snapshot.v20250724212518.min.js.br
- clerk-js/5.77.0-snapshot.v20250724212518/keylessPrompt_clerk.browser_56174c_5.77.0-snapshot.v20250724212518.min.js.gz
- clerk-js/5.77.0-snapshot.v20250724212518/keylessPrompt_clerk.browser_56174c_5.77.0-snapshot.v20250724212518.min.js.sri
- clerk-js/5.77.0-snapshot.v20250724212518/keylessPrompt_clerk.chips.browser_74a0b3_5.77.0-snapshot.v20250724212518.js.br
- clerk-js/5.77.0-snapshot.v20250724212518/keylessPrompt_clerk.chips.browser_74a0b3_5.77.0-snapshot.v20250724212518.js.gz
- clerk-js/5.77.0-snapshot.v20250724212518/keylessPrompt_clerk.chips.browser_74a0b3_5.77.0-snapshot.v20250724212518.js.sri
- clerk-js/5.77.0-snapshot.v20250724212518/keylessPrompt_clerk.chips.browser_74a0b3_5.77.0-snapshot.v20250724212518.min.js.br
- clerk-js/5.77.0-snapshot.v20250724212518/keylessPrompt_clerk.chips.browser_74a0b3_5.77.0-snapshot.v20250724212518.min.js.gz
- clerk-js/5.77.0-snapshot.v20250724212518/keylessPrompt_clerk.chips.browser_74a0b3_5.77.0-snapshot.v20250724212518.min.js.sri
- clerk-js/5.77.0-snapshot.v20250724212518/keylessPrompt_clerk.legacy.browser_107e47_5.77.0-snapshot.v20250724212518.js.br
- clerk-js/5.77.0-snapshot.v20250724212518/keylessPrompt_clerk.legacy.browser_107e47_5.77.0-snapshot.v20250724212518.js.gz
- clerk-js/5.77.0-snapshot.v20250724212518/keylessPrompt_clerk.legacy.browser_107e47_5.77.0-snapshot.v20250724212518.js.sri
- clerk-js/5.77.0-snapshot.v20250724212518/keylessPrompt_clerk.legacy.browser_107e47_5.77.0-snapshot.v20250724212518.min.js.br
- clerk-js/5.77.0-snapshot.v20250724212518/keylessPrompt_clerk.legacy.browser_107e47_5.77.0-snapshot.v20250724212518.min.js.gz
- clerk-js/5.77.0-snapshot.v20250724212518/keylessPrompt_clerk.legacy.browser_107e47_5.77.0-snapshot.v20250724212518.min.js.sri
- clerk-js/5.77.0-snapshot.v20250724212518/oauthConsent_clerk.browser_56174c_5.77.0-snapshot.v20250724212518.js.br
- clerk-js/5.77.0-snapshot.v20250724212518/oauthConsent_clerk.browser_56174c_5.77.0-snapshot.v20250724212518.js.gz
- clerk-js/5.77.0-snapshot.v20250724212518/oauthConsent_clerk.browser_56174c_5.77.0-snapshot.v20250724212518.js.sri
- clerk-js/5.77.0-snapshot.v20250724212518/oauthConsent_clerk.browser_56174c_5.77.0-snapshot.v20250724212518.min.js.br
- clerk-js/5.77.0-snapshot.v20250724212518/oauthConsent_clerk.browser_56174c_5.77.0-snapshot.v20250724212518.min.js.gz
- clerk-js/5.77.0-snapshot.v20250724212518/oauthConsent_clerk.browser_56174c_5.77.0-snapshot.v20250724212518.min.js.sri
- clerk-js/5.77.0-snapshot.v20250724212518/oauthConsent_clerk.chips.browser_74a0b3_5.77.0-snapshot.v20250724212518.js.br
- clerk-js/5.77.0-snapshot.v20250724212518/oauthConsent_clerk.chips.browser_74a0b3_5.77.0-snapshot.v20250724212518.js.gz
- clerk-js/5.77.0-snapshot.v20250724212518/oauthConsent_clerk.chips.browser_74a0b3_5.77.0-snapshot.v20250724212518.js.sri
- clerk-js/5.77.0-snapshot.v20250724212518/oauthConsent_clerk.chips.browser_74a0b3_5.77.0-snapshot.v20250724212518.min.js.br
- clerk-js/5.77.0-snapshot.v20250724212518/oauthConsent_clerk.chips.browser_74a0b3_5.77.0-snapshot.v20250724212518.min.js.gz
- clerk-js/5.77.0-snapshot.v20250724212518/oauthConsent_clerk.chips.browser_74a0b3_5.77.0-snapshot.v20250724212518.min.js.sri
- clerk-js/5.77.0-snapshot.v20250724212518/oauthConsent_clerk.legacy.browser_107e47_5.77.0-snapshot.v20250724212518.js.br
- clerk-js/5.77.0-snapshot.v20250724212518/oauthConsent_clerk.legacy.browser_107e47_5.77.0-snapshot.v20250724212518.js.gz
- clerk-js/5.77.0-snapshot.v20250724212518/oauthConsent_clerk.legacy.browser_107e47_5.77.0-snapshot.v20250724212518.js.sri
- clerk-js/5.77.0-snapshot.v20250724212518/oauthConsent_clerk.legacy.browser_107e47_5.77.0-snapshot.v20250724212518.min.js.br
- clerk-js/5.77.0-snapshot.v20250724212518/oauthConsent_clerk.legacy.browser_107e47_5.77.0-snapshot.v20250724212518.min.js.gz
- clerk-js/5.77.0-snapshot.v20250724212518/oauthConsent_clerk.legacy.browser_107e47_5.77.0-snapshot.v20250724212518.min.js.sri
- clerk-js/5.77.0-snapshot.v20250724212518/onetap_clerk.browser_56174c_5.77.0-snapshot.v20250724212518.js.br
- clerk-js/5.77.0-snapshot.v20250724212518/onetap_clerk.browser_56174c_5.77.0-snapshot.v20250724212518.js.gz
- clerk-js/5.77.0-snapshot.v20250724212518/onetap_clerk.browser_56174c_5.77.0-snapshot.v20250724212518.js.sri
- clerk-js/5.77.0-snapshot.v20250724212518/onetap_clerk.browser_56174c_5.77.0-snapshot.v20250724212518.min.js.br
- clerk-js/5.77.0-snapshot.v20250724212518/onetap_clerk.browser_56174c_5.77.0-snapshot.v20250724212518.min.js.gz
- clerk-js/5.77.0-snapshot.v20250724212518/onetap_clerk.browser_56174c_5.77.0-snapshot.v20250724212518.min.js.sri
- clerk-js/5.77.0-snapshot.v20250724212518/onetap_clerk.chips.browser_74a0b3_5.77.0-snapshot.v20250724212518.js.br
- clerk-js/5.77.0-snapshot.v20250724212518/onetap_clerk.chips.browser_74a0b3_5.77.0-snapshot.v20250724212518.js.gz
- clerk-js/5.77.0-snapshot.v20250724212518/onetap_clerk.chips.browser_74a0b3_5.77.0-snapshot.v20250724212518.js.sri
- clerk-js/5.77.0-snapshot.v20250724212518/onetap_clerk.chips.browser_74a0b3_5.77.0-snapshot.v20250724212518.min.js.br
- clerk-js/5.77.0-snapshot.v20250724212518/onetap_clerk.chips.browser_74a0b3_5.77.0-snapshot.v20250724212518.min.js.gz
- clerk-js/5.77.0-snapshot.v20250724212518/onetap_clerk.chips.browser_74a0b3_5.77.0-snapshot.v20250724212518.min.js.sri
- clerk-js/5.77.0-snapshot.v20250724212518/onetap_clerk.legacy.browser_107e47_5.77.0-snapshot.v20250724212518.js.br
- clerk-js/5.77.0-snapshot.v20250724212518/onetap_clerk.legacy.browser_107e47_5.77.0-snapshot.v20250724212518.js.gz
- clerk-js/5.77.0-snapshot.v20250724212518/onetap_clerk.legacy.browser_107e47_5.77.0-snapshot.v20250724212518.js.sri
- clerk-js/5.77.0-snapshot.v20250724212518/onetap_clerk.legacy.browser_107e47_5.77.0-snapshot.v20250724212518.min.js.br
- clerk-js/5.77.0-snapshot.v20250724212518/onetap_clerk.legacy.browser_107e47_5.77.0-snapshot.v20250724212518.min.js.gz
- clerk-js/5.77.0-snapshot.v20250724212518/onetap_clerk.legacy.browser_107e47_5.77.0-snapshot.v20250724212518.min.js.sri
- clerk-js/5.77.0-snapshot.v20250724212518/op-api-keys-page_clerk.browser_56174c_5.77.0-snapshot.v20250724212518.js.br
- clerk-js/5.77.0-snapshot.v20250724212518/op-api-keys-page_clerk.browser_56174c_5.77.0-snapshot.v20250724212518.js.gz
- clerk-js/5.77.0-snapshot.v20250724212518/op-api-keys-page_clerk.browser_56174c_5.77.0-snapshot.v20250724212518.js.sri
- clerk-js/5.77.0-snapshot.v20250724212518/op-api-keys-page_clerk.browser_56174c_5.77.0-snapshot.v20250724212518.min.js.br
- clerk-js/5.77.0-snapshot.v20250724212518/op-api-keys-page_clerk.browser_56174c_5.77.0-snapshot.v20250724212518.min.js.gz
- clerk-js/5.77.0-snapshot.v20250724212518/op-api-keys-page_clerk.browser_56174c_5.77.0-snapshot.v20250724212518.min.js.sri
- clerk-js/5.77.0-snapshot.v20250724212518/op-api-keys-page_clerk.chips.browser_74a0b3_5.77.0-snapshot.v20250724212518.js.br
- clerk-js/5.77.0-snapshot.v20250724212518/op-api-keys-page_clerk.chips.browser_74a0b3_5.77.0-snapshot.v20250724212518.js.gz
- clerk-js/5.77.0-snapshot.v20250724212518/op-api-keys-page_clerk.chips.browser_74a0b3_5.77.0-snapshot.v20250724212518.js.sri
- clerk-js/5.77.0-snapshot.v20250724212518/op-api-keys-page_clerk.chips.browser_74a0b3_5.77.0-snapshot.v20250724212518.min.js.br
- clerk-js/5.77.0-snapshot.v20250724212518/op-api-keys-page_clerk.chips.browser_74a0b3_5.77.0-snapshot.v20250724212518.min.js.gz
- clerk-js/5.77.0-snapshot.v20250724212518/op-api-keys-page_clerk.chips.browser_74a0b3_5.77.0-snapshot.v20250724212518.min.js.sri
- clerk-js/5.77.0-snapshot.v20250724212518/op-api-keys-page_clerk.legacy.browser_107e47_5.77.0-snapshot.v20250724212518.js.br
- clerk-js/5.77.0-snapshot.v20250724212518/op-api-keys-page_clerk.legacy.browser_107e47_5.77.0-snapshot.v20250724212518.js.gz
- clerk-js/5.77.0-snapshot.v20250724212518/op-api-keys-page_clerk.legacy.browser_107e47_5.77.0-snapshot.v20250724212518.js.sri
- clerk-js/5.77.0-snapshot.v20250724212518/op-api-keys-page_clerk.legacy.browser_107e47_5.77.0-snapshot.v20250724212518.min.js.br
- clerk-js/5.77.0-snapshot.v20250724212518/op-api-keys-page_clerk.legacy.browser_107e47_5.77.0-snapshot.v20250724212518.min.js.gz
- clerk-js/5.77.0-snapshot.v20250724212518/op-api-keys-page_clerk.legacy.browser_107e47_5.77.0-snapshot.v20250724212518.min.js.sri
- clerk-js/5.77.0-snapshot.v20250724212518/op-billing-page_clerk.browser_56174c_5.77.0-snapshot.v20250724212518.js.br
- clerk-js/5.77.0-snapshot.v20250724212518/op-billing-page_clerk.browser_56174c_5.77.0-snapshot.v20250724212518.js.gz
- clerk-js/5.77.0-snapshot.v20250724212518/op-billing-page_clerk.browser_56174c_5.77.0-snapshot.v20250724212518.js.sri
- clerk-js/5.77.0-snapshot.v20250724212518/op-billing-page_clerk.browser_56174c_5.77.0-snapshot.v20250724212518.min.js.br
- clerk-js/5.77.0-snapshot.v20250724212518/op-billing-page_clerk.browser_56174c_5.77.0-snapshot.v20250724212518.min.js.gz
- clerk-js/5.77.0-snapshot.v20250724212518/op-billing-page_clerk.browser_56174c_5.77.0-snapshot.v20250724212518.min.js.sri
- clerk-js/5.77.0-snapshot.v20250724212518/op-billing-page_clerk.chips.browser_74a0b3_5.77.0-snapshot.v20250724212518.js.br
- clerk-js/5.77.0-snapshot.v20250724212518/op-billing-page_clerk.chips.browser_74a0b3_5.77.0-snapshot.v20250724212518.js.gz
- clerk-js/5.77.0-snapshot.v20250724212518/op-billing-page_clerk.chips.browser_74a0b3_5.77.0-snapshot.v20250724212518.js.sri
- clerk-js/5.77.0-snapshot.v20250724212518/op-billing-page_clerk.chips.browser_74a0b3_5.77.0-snapshot.v20250724212518.min.js.br
- clerk-js/5.77.0-snapshot.v20250724212518/op-billing-page_clerk.chips.browser_74a0b3_5.77.0-snapshot.v20250724212518.min.js.gz
- clerk-js/5.77.0-snapshot.v20250724212518/op-billing-page_clerk.chips.browser_74a0b3_5.77.0-snapshot.v20250724212518.min.js.sri
- clerk-js/5.77.0-snapshot.v20250724212518/op-billing-page_clerk.legacy.browser_107e47_5.77.0-snapshot.v20250724212518.js.br
- clerk-js/5.77.0-snapshot.v20250724212518/op-billing-page_clerk.legacy.browser_107e47_5.77.0-snapshot.v20250724212518.js.gz
- clerk-js/5.77.0-snapshot.v20250724212518/op-billing-page_clerk.legacy.browser_107e47_5.77.0-snapshot.v20250724212518.js.sri
- clerk-js/5.77.0-snapshot.v20250724212518/op-billing-page_clerk.legacy.browser_107e47_5.77.0-snapshot.v20250724212518.min.js.br
- clerk-js/5.77.0-snapshot.v20250724212518/op-billing-page_clerk.legacy.browser_107e47_5.77.0-snapshot.v20250724212518.min.js.gz
- clerk-js/5.77.0-snapshot.v20250724212518/op-billing-page_clerk.legacy.browser_107e47_5.77.0-snapshot.v20250724212518.min.js.sri
- clerk-js/5.77.0-snapshot.v20250724212518/op-plans-page_clerk.browser_56174c_5.77.0-snapshot.v20250724212518.js.br
- clerk-js/5.77.0-snapshot.v20250724212518/op-plans-page_clerk.browser_56174c_5.77.0-snapshot.v20250724212518.js.gz
- clerk-js/5.77.0-snapshot.v20250724212518/op-plans-page_clerk.browser_56174c_5.77.0-snapshot.v20250724212518.js.sri
- clerk-js/5.77.0-snapshot.v20250724212518/op-plans-page_clerk.browser_56174c_5.77.0-snapshot.v20250724212518.min.js.br
- clerk-js/5.77.0-snapshot.v20250724212518/op-plans-page_clerk.browser_56174c_5.77.0-snapshot.v20250724212518.min.js.gz
- clerk-js/5.77.0-snapshot.v20250724212518/op-plans-page_clerk.browser_56174c_5.77.0-snapshot.v20250724212518.min.js.sri
- clerk-js/5.77.0-snapshot.v20250724212518/op-plans-page_clerk.chips.browser_74a0b3_5.77.0-snapshot.v20250724212518.js.br
- clerk-js/5.77.0-snapshot.v20250724212518/op-plans-page_clerk.chips.browser_74a0b3_5.77.0-snapshot.v20250724212518.js.gz
- clerk-js/5.77.0-snapshot.v20250724212518/op-plans-page_clerk.chips.browser_74a0b3_5.77.0-snapshot.v20250724212518.js.sri
- clerk-js/5.77.0-snapshot.v20250724212518/op-plans-page_clerk.chips.browser_74a0b3_5.77.0-snapshot.v20250724212518.min.js.br
- clerk-js/5.77.0-snapshot.v20250724212518/op-plans-page_clerk.chips.browser_74a0b3_5.77.0-snapshot.v20250724212518.min.js.gz
- clerk-js/5.77.0-snapshot.v20250724212518/op-plans-page_clerk.chips.browser_74a0b3_5.77.0-snapshot.v20250724212518.min.js.sri
- clerk-js/5.77.0-snapshot.v20250724212518/op-plans-page_clerk.legacy.browser_107e47_5.77.0-snapshot.v20250724212518.js.br
- clerk-js/5.77.0-snapshot.v20250724212518/op-plans-page_clerk.legacy.browser_107e47_5.77.0-snapshot.v20250724212518.js.gz
- clerk-js/5.77.0-snapshot.v20250724212518/op-plans-page_clerk.legacy.browser_107e47_5.77.0-snapshot.v20250724212518.js.sri
- clerk-js/5.77.0-snapshot.v20250724212518/op-plans-page_clerk.legacy.browser_107e47_5.77.0-snapshot.v20250724212518.min.js.br
- clerk-js/5.77.0-snapshot.v20250724212518/op-plans-page_clerk.legacy.browser_107e47_5.77.0-snapshot.v20250724212518.min.js.gz
- clerk-js/5.77.0-snapshot.v20250724212518/op-plans-page_clerk.legacy.browser_107e47_5.77.0-snapshot.v20250724212518.min.js.sri
- clerk-js/5.77.0-snapshot.v20250724212518/organizationlist_clerk.browser_56174c_5.77.0-snapshot.v20250724212518.js.br
- clerk-js/5.77.0-snapshot.v20250724212518/organizationlist_clerk.browser_56174c_5.77.0-snapshot.v20250724212518.js.gz
- clerk-js/5.77.0-snapshot.v20250724212518/organizationlist_clerk.browser_56174c_5.77.0-snapshot.v20250724212518.js.sri
- clerk-js/5.77.0-snapshot.v20250724212518/organizationlist_clerk.browser_56174c_5.77.0-snapshot.v20250724212518.min.js.br
- clerk-js/5.77.0-snapshot.v20250724212518/organizationlist_clerk.browser_56174c_5.77.0-snapshot.v20250724212518.min.js.gz
- clerk-js/5.77.0-snapshot.v20250724212518/organizationlist_clerk.browser_56174c_5.77.0-snapshot.v20250724212518.min.js.sri
- clerk-js/5.77.0-snapshot.v20250724212518/organizationlist_clerk.chips.browser_74a0b3_5.77.0-snapshot.v20250724212518.js.br
- clerk-js/5.77.0-snapshot.v20250724212518/organizationlist_clerk.chips.browser_74a0b3_5.77.0-snapshot.v20250724212518.js.gz
- clerk-js/5.77.0-snapshot.v20250724212518/organizationlist_clerk.chips.browser_74a0b3_5.77.0-snapshot.v20250724212518.js.sri
- clerk-js/5.77.0-snapshot.v20250724212518/organizationlist_clerk.chips.browser_74a0b3_5.77.0-snapshot.v20250724212518.min.js.br
- clerk-js/5.77.0-snapshot.v20250724212518/organizationlist_clerk.chips.browser_74a0b3_5.77.0-snapshot.v20250724212518.min.js.gz
- clerk-js/5.77.0-snapshot.v20250724212518/organizationlist_clerk.chips.browser_74a0b3_5.77.0-snapshot.v20250724212518.min.js.sri
- clerk-js/5.77.0-snapshot.v20250724212518/organizationlist_clerk.legacy.browser_107e47_5.77.0-snapshot.v20250724212518.js.br
- clerk-js/5.77.0-snapshot.v20250724212518/organizationlist_clerk.legacy.browser_107e47_5.77.0-snapshot.v20250724212518.js.gz
- clerk-js/5.77.0-snapshot.v20250724212518/organizationlist_clerk.legacy.browser_107e47_5.77.0-snapshot.v20250724212518.js.sri
- clerk-js/5.77.0-snapshot.v20250724212518/organizationlist_clerk.legacy.browser_107e47_5.77.0-snapshot.v20250724212518.min.js.br
- clerk-js/5.77.0-snapshot.v20250724212518/organizationlist_clerk.legacy.browser_107e47_5.77.0-snapshot.v20250724212518.min.js.gz
- clerk-js/5.77.0-snapshot.v20250724212518/organizationlist_clerk.legacy.browser_107e47_5.77.0-snapshot.v20250724212518.min.js.sri
- clerk-js/5.77.0-snapshot.v20250724212518/organizationprofile_clerk.browser_56174c_5.77.0-snapshot.v20250724212518.js.br
- clerk-js/5.77.0-snapshot.v20250724212518/organizationprofile_clerk.browser_56174c_5.77.0-snapshot.v20250724212518.js.gz
- clerk-js/5.77.0-snapshot.v20250724212518/organizationprofile_clerk.browser_56174c_5.77.0-snapshot.v20250724212518.js.sri
- clerk-js/5.77.0-snapshot.v20250724212518/organizationprofile_clerk.browser_56174c_5.77.0-snapshot.v20250724212518.min.js.br
- clerk-js/5.77.0-snapshot.v20250724212518/organizationprofile_clerk.browser_56174c_5.77.0-snapshot.v20250724212518.min.js.gz
- clerk-js/5.77.0-snapshot.v20250724212518/organizationprofile_clerk.browser_56174c_5.77.0-snapshot.v20250724212518.min.js.sri
- clerk-js/5.77.0-snapshot.v20250724212518/organizationprofile_clerk.chips.browser_74a0b3_5.77.0-snapshot.v20250724212518.js.br
- clerk-js/5.77.0-snapshot.v20250724212518/organizationprofile_clerk.chips.browser_74a0b3_5.77.0-snapshot.v20250724212518.js.gz
- clerk-js/5.77.0-snapshot.v20250724212518/organizationprofile_clerk.chips.browser_74a0b3_5.77.0-snapshot.v20250724212518.js.sri
- clerk-js/5.77.0-snapshot.v20250724212518/organizationprofile_clerk.chips.browser_74a0b3_5.77.0-snapshot.v20250724212518.min.js.br
- clerk-js/5.77.0-snapshot.v20250724212518/organizationprofile_clerk.chips.browser_74a0b3_5.77.0-snapshot.v20250724212518.min.js.gz
- clerk-js/5.77.0-snapshot.v20250724212518/organizationprofile_clerk.chips.browser_74a0b3_5.77.0-snapshot.v20250724212518.min.js.sri
- clerk-js/5.77.0-snapshot.v20250724212518/organizationprofile_clerk.legacy.browser_107e47_5.77.0-snapshot.v20250724212518.js.br
- clerk-js/5.77.0-snapshot.v20250724212518/organizationprofile_clerk.legacy.browser_107e47_5.77.0-snapshot.v20250724212518.js.gz
- clerk-js/5.77.0-snapshot.v20250724212518/organizationprofile_clerk.legacy.browser_107e47_5.77.0-snapshot.v20250724212518.js.sri
- clerk-js/5.77.0-snapshot.v20250724212518/organizationprofile_clerk.legacy.browser_107e47_5.77.0-snapshot.v20250724212518.min.js.br
- clerk-js/5.77.0-snapshot.v20250724212518/organizationprofile_clerk.legacy.browser_107e47_5.77.0-snapshot.v20250724212518.min.js.gz
- clerk-js/5.77.0-snapshot.v20250724212518/organizationprofile_clerk.legacy.browser_107e47_5.77.0-snapshot.v20250724212518.min.js.sri
- clerk-js/5.77.0-snapshot.v20250724212518/organizationswitcher_clerk.browser_56174c_5.77.0-snapshot.v20250724212518.js.br
- clerk-js/5.77.0-snapshot.v20250724212518/organizationswitcher_clerk.browser_56174c_5.77.0-snapshot.v20250724212518.js.gz
- clerk-js/5.77.0-snapshot.v20250724212518/organizationswitcher_clerk.browser_56174c_5.77.0-snapshot.v20250724212518.js.sri
- clerk-js/5.77.0-snapshot.v20250724212518/organizationswitcher_clerk.browser_56174c_5.77.0-snapshot.v20250724212518.min.js.br
- clerk-js/5.77.0-snapshot.v20250724212518/organizationswitcher_clerk.browser_56174c_5.77.0-snapshot.v20250724212518.min.js.gz
- clerk-js/5.77.0-snapshot.v20250724212518/organizationswitcher_clerk.browser_56174c_5.77.0-snapshot.v20250724212518.min.js.sri
- clerk-js/5.77.0-snapshot.v20250724212518/organizationswitcher_clerk.chips.browser_74a0b3_5.77.0-snapshot.v20250724212518.js.br
- clerk-js/5.77.0-snapshot.v20250724212518/organizationswitcher_clerk.chips.browser_74a0b3_5.77.0-snapshot.v20250724212518.js.gz
- clerk-js/5.77.0-snapshot.v20250724212518/organizationswitcher_clerk.chips.browser_74a0b3_5.77.0-snapshot.v20250724212518.js.sri
- clerk-js/5.77.0-snapshot.v20250724212518/organizationswitcher_clerk.chips.browser_74a0b3_5.77.0-snapshot.v20250724212518.min.js.br
- clerk-js/5.77.0-snapshot.v20250724212518/organizationswitcher_clerk.chips.browser_74a0b3_5.77.0-snapshot.v20250724212518.min.js.gz
- clerk-js/5.77.0-snapshot.v20250724212518/organizationswitcher_clerk.chips.browser_74a0b3_5.77.0-snapshot.v20250724212518.min.js.sri
- clerk-js/5.77.0-snapshot.v20250724212518/organizationswitcher_clerk.legacy.browser_107e47_5.77.0-snapshot.v20250724212518.js.br
- clerk-js/5.77.0-snapshot.v20250724212518/organizationswitcher_clerk.legacy.browser_107e47_5.77.0-snapshot.v20250724212518.js.gz
- clerk-js/5.77.0-snapshot.v20250724212518/organizationswitcher_clerk.legacy.browser_107e47_5.77.0-snapshot.v20250724212518.js.sri
- clerk-js/5.77.0-snapshot.v20250724212518/organizationswitcher_clerk.legacy.browser_107e47_5.77.0-snapshot.v20250724212518.min.js.br
- clerk-js/5.77.0-snapshot.v20250724212518/organizationswitcher_clerk.legacy.browser_107e47_5.77.0-snapshot.v20250724212518.min.js.gz
- clerk-js/5.77.0-snapshot.v20250724212518/organizationswitcher_clerk.legacy.browser_107e47_5.77.0-snapshot.v20250724212518.min.js.sri
- clerk-js/5.77.0-snapshot.v20250724212518/payment-attempt-page_clerk.browser_56174c_5.77.0-snapshot.v20250724212518.js.br
- clerk-js/5.77.0-snapshot.v20250724212518/payment-attempt-page_clerk.browser_56174c_5.77.0-snapshot.v20250724212518.js.gz
- clerk-js/5.77.0-snapshot.v20250724212518/payment-attempt-page_clerk.browser_56174c_5.77.0-snapshot.v20250724212518.js.sri
- clerk-js/5.77.0-snapshot.v20250724212518/payment-attempt-page_clerk.browser_56174c_5.77.0-snapshot.v20250724212518.min.js.br
- clerk-js/5.77.0-snapshot.v20250724212518/payment-attempt-page_clerk.browser_56174c_5.77.0-snapshot.v20250724212518.min.js.gz
- clerk-js/5.77.0-snapshot.v20250724212518/payment-attempt-page_clerk.browser_56174c_5.77.0-snapshot.v20250724212518.min.js.sri
- clerk-js/5.77.0-snapshot.v20250724212518/payment-attempt-page_clerk.chips.browser_74a0b3_5.77.0-snapshot.v20250724212518.js.br
- clerk-js/5.77.0-snapshot.v20250724212518/payment-attempt-page_clerk.chips.browser_74a0b3_5.77.0-snapshot.v20250724212518.js.gz
- clerk-js/5.77.0-snapshot.v20250724212518/payment-attempt-page_clerk.chips.browser_74a0b3_5.77.0-snapshot.v20250724212518.js.sri
- clerk-js/5.77.0-snapshot.v20250724212518/payment-attempt-page_clerk.chips.browser_74a0b3_5.77.0-snapshot.v20250724212518.min.js.br
- clerk-js/5.77.0-snapshot.v20250724212518/payment-attempt-page_clerk.chips.browser_74a0b3_5.77.0-snapshot.v20250724212518.min.js.gz
- clerk-js/5.77.0-snapshot.v20250724212518/payment-attempt-page_clerk.chips.browser_74a0b3_5.77.0-snapshot.v20250724212518.min.js.sri
- clerk-js/5.77.0-snapshot.v20250724212518/payment-attempt-page_clerk.legacy.browser_107e47_5.77.0-snapshot.v20250724212518.js.br
- clerk-js/5.77.0-snapshot.v20250724212518/payment-attempt-page_clerk.legacy.browser_107e47_5.77.0-snapshot.v20250724212518.js.gz
- clerk-js/5.77.0-snapshot.v20250724212518/payment-attempt-page_clerk.legacy.browser_107e47_5.77.0-snapshot.v20250724212518.js.sri
- clerk-js/5.77.0-snapshot.v20250724212518/payment-attempt-page_clerk.legacy.browser_107e47_5.77.0-snapshot.v20250724212518.min.js.br
- clerk-js/5.77.0-snapshot.v20250724212518/payment-attempt-page_clerk.legacy.browser_107e47_5.77.0-snapshot.v20250724212518.min.js.gz
- clerk-js/5.77.0-snapshot.v20250724212518/payment-attempt-page_clerk.legacy.browser_107e47_5.77.0-snapshot.v20250724212518.min.js.sri
- clerk-js/5.77.0-snapshot.v20250724212518/planDetails_clerk.browser_56174c_5.77.0-snapshot.v20250724212518.js.br
- clerk-js/5.77.0-snapshot.v20250724212518/planDetails_clerk.browser_56174c_5.77.0-snapshot.v20250724212518.js.gz
- clerk-js/5.77.0-snapshot.v20250724212518/planDetails_clerk.browser_56174c_5.77.0-snapshot.v20250724212518.js.sri
- clerk-js/5.77.0-snapshot.v20250724212518/planDetails_clerk.browser_56174c_5.77.0-snapshot.v20250724212518.min.js.br
- clerk-js/5.77.0-snapshot.v20250724212518/planDetails_clerk.browser_56174c_5.77.0-snapshot.v20250724212518.min.js.gz
- clerk-js/5.77.0-snapshot.v20250724212518/planDetails_clerk.browser_56174c_5.77.0-snapshot.v20250724212518.min.js.sri
- clerk-js/5.77.0-snapshot.v20250724212518/planDetails_clerk.chips.browser_74a0b3_5.77.0-snapshot.v20250724212518.js.br
- clerk-js/5.77.0-snapshot.v20250724212518/planDetails_clerk.chips.browser_74a0b3_5.77.0-snapshot.v20250724212518.js.gz
- clerk-js/5.77.0-snapshot.v20250724212518/planDetails_clerk.chips.browser_74a0b3_5.77.0-snapshot.v20250724212518.js.sri
- clerk-js/5.77.0-snapshot.v20250724212518/planDetails_clerk.chips.browser_74a0b3_5.77.0-snapshot.v20250724212518.min.js.br
- clerk-js/5.77.0-snapshot.v20250724212518/planDetails_clerk.chips.browser_74a0b3_5.77.0-snapshot.v20250724212518.min.js.gz
- clerk-js/5.77.0-snapshot.v20250724212518/planDetails_clerk.chips.browser_74a0b3_5.77.0-snapshot.v20250724212518.min.js.sri
- clerk-js/5.77.0-snapshot.v20250724212518/planDetails_clerk.legacy.browser_107e47_5.77.0-snapshot.v20250724212518.js.br
- clerk-js/5.77.0-snapshot.v20250724212518/planDetails_clerk.legacy.browser_107e47_5.77.0-snapshot.v20250724212518.js.gz
- clerk-js/5.77.0-snapshot.v20250724212518/planDetails_clerk.legacy.browser_107e47_5.77.0-snapshot.v20250724212518.js.sri
- clerk-js/5.77.0-snapshot.v20250724212518/planDetails_clerk.legacy.browser_107e47_5.77.0-snapshot.v20250724212518.min.js.br
- clerk-js/5.77.0-snapshot.v20250724212518/planDetails_clerk.legacy.browser_107e47_5.77.0-snapshot.v20250724212518.min.js.gz
- clerk-js/5.77.0-snapshot.v20250724212518/planDetails_clerk.legacy.browser_107e47_5.77.0-snapshot.v20250724212518.min.js.sri
- clerk-js/5.77.0-snapshot.v20250724212518/prefetchorganizationlist_clerk.browser_56174c_5.77.0-snapshot.v20250724212518.js.br
- clerk-js/5.77.0-snapshot.v20250724212518/prefetchorganizationlist_clerk.browser_56174c_5.77.0-snapshot.v20250724212518.js.gz
- clerk-js/5.77.0-snapshot.v20250724212518/prefetchorganizationlist_clerk.browser_56174c_5.77.0-snapshot.v20250724212518.js.sri
- clerk-js/5.77.0-snapshot.v20250724212518/prefetchorganizationlist_clerk.browser_56174c_5.77.0-snapshot.v20250724212518.min.js.br
- clerk-js/5.77.0-snapshot.v20250724212518/prefetchorganizationlist_clerk.browser_56174c_5.77.0-snapshot.v20250724212518.min.js.gz
- clerk-js/5.77.0-snapshot.v20250724212518/prefetchorganizationlist_clerk.browser_56174c_5.77.0-snapshot.v20250724212518.min.js.sri
- clerk-js/5.77.0-snapshot.v20250724212518/prefetchorganizationlist_clerk.chips.browser_74a0b3_5.77.0-snapshot.v20250724212518.js.br
- clerk-js/5.77.0-snapshot.v20250724212518/prefetchorganizationlist_clerk.chips.browser_74a0b3_5.77.0-snapshot.v20250724212518.js.gz
- clerk-js/5.77.0-snapshot.v20250724212518/prefetchorganizationlist_clerk.chips.browser_74a0b3_5.77.0-snapshot.v20250724212518.js.sri
- clerk-js/5.77.0-snapshot.v20250724212518/prefetchorganizationlist_clerk.chips.browser_74a0b3_5.77.0-snapshot.v20250724212518.min.js.br
- clerk-js/5.77.0-snapshot.v20250724212518/prefetchorganizationlist_clerk.chips.browser_74a0b3_5.77.0-snapshot.v20250724212518.min.js.gz
- clerk-js/5.77.0-snapshot.v20250724212518/prefetchorganizationlist_clerk.chips.browser_74a0b3_5.77.0-snapshot.v20250724212518.min.js.sri
- clerk-js/5.77.0-snapshot.v20250724212518/prefetchorganizationlist_clerk.legacy.browser_107e47_5.77.0-snapshot.v20250724212518.js.br
- clerk-js/5.77.0-snapshot.v20250724212518/prefetchorganizationlist_clerk.legacy.browser_107e47_5.77.0-snapshot.v20250724212518.js.gz
- clerk-js/5.77.0-snapshot.v20250724212518/prefetchorganizationlist_clerk.legacy.browser_107e47_5.77.0-snapshot.v20250724212518.js.sri
- clerk-js/5.77.0-snapshot.v20250724212518/prefetchorganizationlist_clerk.legacy.browser_107e47_5.77.0-snapshot.v20250724212518.min.js.br
- clerk-js/5.77.0-snapshot.v20250724212518/prefetchorganizationlist_clerk.legacy.browser_107e47_5.77.0-snapshot.v20250724212518.min.js.gz
- clerk-js/5.77.0-snapshot.v20250724212518/prefetchorganizationlist_clerk.legacy.browser_107e47_5.77.0-snapshot.v20250724212518.min.js.sri
- clerk-js/5.77.0-snapshot.v20250724212518/pricingTable_clerk.browser_56174c_5.77.0-snapshot.v20250724212518.js.br
- clerk-js/5.77.0-snapshot.v20250724212518/pricingTable_clerk.browser_56174c_5.77.0-snapshot.v20250724212518.js.gz
- clerk-js/5.77.0-snapshot.v20250724212518/pricingTable_clerk.browser_56174c_5.77.0-snapshot.v20250724212518.js.sri
- clerk-js/5.77.0-snapshot.v20250724212518/pricingTable_clerk.browser_56174c_5.77.0-snapshot.v20250724212518.min.js.br
- clerk-js/5.77.0-snapshot.v20250724212518/pricingTable_clerk.browser_56174c_5.77.0-snapshot.v20250724212518.min.js.gz
- clerk-js/5.77.0-snapshot.v20250724212518/pricingTable_clerk.browser_56174c_5.77.0-snapshot.v20250724212518.min.js.sri
- clerk-js/5.77.0-snapshot.v20250724212518/pricingTable_clerk.chips.browser_74a0b3_5.77.0-snapshot.v20250724212518.js.br
- clerk-js/5.77.0-snapshot.v20250724212518/pricingTable_clerk.chips.browser_74a0b3_5.77.0-snapshot.v20250724212518.js.gz
- clerk-js/5.77.0-snapshot.v20250724212518/pricingTable_clerk.chips.browser_74a0b3_5.77.0-snapshot.v20250724212518.js.sri
- clerk-js/5.77.0-snapshot.v20250724212518/pricingTable_clerk.chips.browser_74a0b3_5.77.0-snapshot.v20250724212518.min.js.br
- clerk-js/5.77.0-snapshot.v20250724212518/pricingTable_clerk.chips.browser_74a0b3_5.77.0-snapshot.v20250724212518.min.js.gz
- clerk-js/5.77.0-snapshot.v20250724212518/pricingTable_clerk.chips.browser_74a0b3_5.77.0-snapshot.v20250724212518.min.js.sri
- clerk-js/5.77.0-snapshot.v20250724212518/pricingTable_clerk.legacy.browser_107e47_5.77.0-snapshot.v20250724212518.js.br
- clerk-js/5.77.0-snapshot.v20250724212518/pricingTable_clerk.legacy.browser_107e47_5.77.0-snapshot.v20250724212518.js.gz
- clerk-js/5.77.0-snapshot.v20250724212518/pricingTable_clerk.legacy.browser_107e47_5.77.0-snapshot.v20250724212518.js.sri
- clerk-js/5.77.0-snapshot.v20250724212518/pricingTable_clerk.legacy.browser_107e47_5.77.0-snapshot.v20250724212518.min.js.br
- clerk-js/5.77.0-snapshot.v20250724212518/pricingTable_clerk.legacy.browser_107e47_5.77.0-snapshot.v20250724212518.min.js.gz
- clerk-js/5.77.0-snapshot.v20250724212518/pricingTable_clerk.legacy.browser_107e47_5.77.0-snapshot.v20250724212518.min.js.sri
- clerk-js/5.77.0-snapshot.v20250724212518/revoke-api-key-modal_clerk.browser_56174c_5.77.0-snapshot.v20250724212518.js.br
- clerk-js/5.77.0-snapshot.v20250724212518/revoke-api-key-modal_clerk.browser_56174c_5.77.0-snapshot.v20250724212518.js.gz
- clerk-js/5.77.0-snapshot.v20250724212518/revoke-api-key-modal_clerk.browser_56174c_5.77.0-snapshot.v20250724212518.js.sri
- clerk-js/5.77.0-snapshot.v20250724212518/revoke-api-key-modal_clerk.browser_56174c_5.77.0-snapshot.v20250724212518.min.js.br
- clerk-js/5.77.0-snapshot.v20250724212518/revoke-api-key-modal_clerk.browser_56174c_5.77.0-snapshot.v20250724212518.min.js.gz
- clerk-js/5.77.0-snapshot.v20250724212518/revoke-api-key-modal_clerk.browser_56174c_5.77.0-snapshot.v20250724212518.min.js.sri
- clerk-js/5.77.0-snapshot.v20250724212518/revoke-api-key-modal_clerk.chips.browser_74a0b3_5.77.0-snapshot.v20250724212518.js.br
- clerk-js/5.77.0-snapshot.v20250724212518/revoke-api-key-modal_clerk.chips.browser_74a0b3_5.77.0-snapshot.v20250724212518.js.gz
- clerk-js/5.77.0-snapshot.v20250724212518/revoke-api-key-modal_clerk.chips.browser_74a0b3_5.77.0-snapshot.v20250724212518.js.sri
- clerk-js/5.77.0-snapshot.v20250724212518/revoke-api-key-modal_clerk.chips.browser_74a0b3_5.77.0-snapshot.v20250724212518.min.js.br
- clerk-js/5.77.0-snapshot.v20250724212518/revoke-api-key-modal_clerk.chips.browser_74a0b3_5.77.0-snapshot.v20250724212518.min.js.gz
- clerk-js/5.77.0-snapshot.v20250724212518/revoke-api-key-modal_clerk.chips.browser_74a0b3_5.77.0-snapshot.v20250724212518.min.js.sri
- clerk-js/5.77.0-snapshot.v20250724212518/revoke-api-key-modal_clerk.legacy.browser_107e47_5.77.0-snapshot.v20250724212518.js.br
- clerk-js/5.77.0-snapshot.v20250724212518/revoke-api-key-modal_clerk.legacy.browser_107e47_5.77.0-snapshot.v20250724212518.js.gz
- clerk-js/5.77.0-snapshot.v20250724212518/revoke-api-key-modal_clerk.legacy.browser_107e47_5.77.0-snapshot.v20250724212518.js.sri
- clerk-js/5.77.0-snapshot.v20250724212518/revoke-api-key-modal_clerk.legacy.browser_107e47_5.77.0-snapshot.v20250724212518.min.js.br
- clerk-js/5.77.0-snapshot.v20250724212518/revoke-api-key-modal_clerk.legacy.browser_107e47_5.77.0-snapshot.v20250724212518.min.js.gz
- clerk-js/5.77.0-snapshot.v20250724212518/revoke-api-key-modal_clerk.legacy.browser_107e47_5.77.0-snapshot.v20250724212518.min.js.sri
- clerk-js/5.77.0-snapshot.v20250724212518/sessionTasks_clerk.browser_56174c_5.77.0-snapshot.v20250724212518.js.br
- clerk-js/5.77.0-snapshot.v20250724212518/sessionTasks_clerk.browser_56174c_5.77.0-snapshot.v20250724212518.js.gz
- clerk-js/5.77.0-snapshot.v20250724212518/sessionTasks_clerk.browser_56174c_5.77.0-snapshot.v20250724212518.js.sri
- clerk-js/5.77.0-snapshot.v20250724212518/sessionTasks_clerk.browser_56174c_5.77.0-snapshot.v20250724212518.min.js.br
- clerk-js/5.77.0-snapshot.v20250724212518/sessionTasks_clerk.browser_56174c_5.77.0-snapshot.v20250724212518.min.js.gz
- clerk-js/5.77.0-snapshot.v20250724212518/sessionTasks_clerk.browser_56174c_5.77.0-snapshot.v20250724212518.min.js.sri
- clerk-js/5.77.0-snapshot.v20250724212518/sessionTasks_clerk.chips.browser_74a0b3_5.77.0-snapshot.v20250724212518.js.br
- clerk-js/5.77.0-snapshot.v20250724212518/sessionTasks_clerk.chips.browser_74a0b3_5.77.0-snapshot.v20250724212518.js.gz
- clerk-js/5.77.0-snapshot.v20250724212518/sessionTasks_clerk.chips.browser_74a0b3_5.77.0-snapshot.v20250724212518.js.sri
- clerk-js/5.77.0-snapshot.v20250724212518/sessionTasks_clerk.chips.browser_74a0b3_5.77.0-snapshot.v20250724212518.min.js.br
- clerk-js/5.77.0-snapshot.v20250724212518/sessionTasks_clerk.chips.browser_74a0b3_5.77.0-snapshot.v20250724212518.min.js.gz
- clerk-js/5.77.0-snapshot.v20250724212518/sessionTasks_clerk.chips.browser_74a0b3_5.77.0-snapshot.v20250724212518.min.js.sri
- clerk-js/5.77.0-snapshot.v20250724212518/sessionTasks_clerk.legacy.browser_107e47_5.77.0-snapshot.v20250724212518.js.br
- clerk-js/5.77.0-snapshot.v20250724212518/sessionTasks_clerk.legacy.browser_107e47_5.77.0-snapshot.v20250724212518.js.gz
- clerk-js/5.77.0-snapshot.v20250724212518/sessionTasks_clerk.legacy.browser_107e47_5.77.0-snapshot.v20250724212518.js.sri
- clerk-js/5.77.0-snapshot.v20250724212518/sessionTasks_clerk.legacy.browser_107e47_5.77.0-snapshot.v20250724212518.min.js.br
- clerk-js/5.77.0-snapshot.v20250724212518/sessionTasks_clerk.legacy.browser_107e47_5.77.0-snapshot.v20250724212518.min.js.gz
- clerk-js/5.77.0-snapshot.v20250724212518/sessionTasks_clerk.legacy.browser_107e47_5.77.0-snapshot.v20250724212518.min.js.sri
- clerk-js/5.77.0-snapshot.v20250724212518/signin_clerk.browser_56174c_5.77.0-snapshot.v20250724212518.js.br
- clerk-js/5.77.0-snapshot.v20250724212518/signin_clerk.browser_56174c_5.77.0-snapshot.v20250724212518.js.gz
- clerk-js/5.77.0-snapshot.v20250724212518/signin_clerk.browser_56174c_5.77.0-snapshot.v20250724212518.js.sri
- clerk-js/5.77.0-snapshot.v20250724212518/signin_clerk.browser_56174c_5.77.0-snapshot.v20250724212518.min.js.br
- clerk-js/5.77.0-snapshot.v20250724212518/signin_clerk.browser_56174c_5.77.0-snapshot.v20250724212518.min.js.gz
- clerk-js/5.77.0-snapshot.v20250724212518/signin_clerk.browser_56174c_5.77.0-snapshot.v20250724212518.min.js.sri
- clerk-js/5.77.0-snapshot.v20250724212518/signin_clerk.chips.browser_74a0b3_5.77.0-snapshot.v20250724212518.js.br
- clerk-js/5.77.0-snapshot.v20250724212518/signin_clerk.chips.browser_74a0b3_5.77.0-snapshot.v20250724212518.js.gz
- clerk-js/5.77.0-snapshot.v20250724212518/signin_clerk.chips.browser_74a0b3_5.77.0-snapshot.v20250724212518.js.sri
- clerk-js/5.77.0-snapshot.v20250724212518/signin_clerk.chips.browser_74a0b3_5.77.0-snapshot.v20250724212518.min.js.br
- clerk-js/5.77.0-snapshot.v20250724212518/signin_clerk.chips.browser_74a0b3_5.77.0-snapshot.v20250724212518.min.js.gz
- clerk-js/5.77.0-snapshot.v20250724212518/signin_clerk.chips.browser_74a0b3_5.77.0-snapshot.v20250724212518.min.js.sri
- clerk-js/5.77.0-snapshot.v20250724212518/signin_clerk.legacy.browser_107e47_5.77.0-snapshot.v20250724212518.js.br
- clerk-js/5.77.0-snapshot.v20250724212518/signin_clerk.legacy.browser_107e47_5.77.0-snapshot.v20250724212518.js.gz
- clerk-js/5.77.0-snapshot.v20250724212518/signin_clerk.legacy.browser_107e47_5.77.0-snapshot.v20250724212518.js.sri
- clerk-js/5.77.0-snapshot.v20250724212518/signin_clerk.legacy.browser_107e47_5.77.0-snapshot.v20250724212518.min.js.br
- clerk-js/5.77.0-snapshot.v20250724212518/signin_clerk.legacy.browser_107e47_5.77.0-snapshot.v20250724212518.min.js.gz
- clerk-js/5.77.0-snapshot.v20250724212518/signin_clerk.legacy.browser_107e47_5.77.0-snapshot.v20250724212518.min.js.sri
- clerk-js/5.77.0-snapshot.v20250724212518/signup_clerk.browser_56174c_5.77.0-snapshot.v20250724212518.js.br
- clerk-js/5.77.0-snapshot.v20250724212518/signup_clerk.browser_56174c_5.77.0-snapshot.v20250724212518.js.gz
- clerk-js/5.77.0-snapshot.v20250724212518/signup_clerk.browser_56174c_5.77.0-snapshot.v20250724212518.js.sri
- clerk-js/5.77.0-snapshot.v20250724212518/signup_clerk.browser_56174c_5.77.0-snapshot.v20250724212518.min.js.br
- clerk-js/5.77.0-snapshot.v20250724212518/signup_clerk.browser_56174c_5.77.0-snapshot.v20250724212518.min.js.gz
- clerk-js/5.77.0-snapshot.v20250724212518/signup_clerk.browser_56174c_5.77.0-snapshot.v20250724212518.min.js.sri
- clerk-js/5.77.0-snapshot.v20250724212518/signup_clerk.chips.browser_74a0b3_5.77.0-snapshot.v20250724212518.js.br
- clerk-js/5.77.0-snapshot.v20250724212518/signup_clerk.chips.browser_74a0b3_5.77.0-snapshot.v20250724212518.js.gz
- clerk-js/5.77.0-snapshot.v20250724212518/signup_clerk.chips.browser_74a0b3_5.77.0-snapshot.v20250724212518.js.sri
- clerk-js/5.77.0-snapshot.v20250724212518/signup_clerk.chips.browser_74a0b3_5.77.0-snapshot.v20250724212518.min.js.br
- clerk-js/5.77.0-snapshot.v20250724212518/signup_clerk.chips.browser_74a0b3_5.77.0-snapshot.v20250724212518.min.js.gz
- clerk-js/5.77.0-snapshot.v20250724212518/signup_clerk.chips.browser_74a0b3_5.77.0-snapshot.v20250724212518.min.js.sri
- clerk-js/5.77.0-snapshot.v20250724212518/signup_clerk.legacy.browser_107e47_5.77.0-snapshot.v20250724212518.js.br
- clerk-js/5.77.0-snapshot.v20250724212518/signup_clerk.legacy.browser_107e47_5.77.0-snapshot.v20250724212518.js.gz
- clerk-js/5.77.0-snapshot.v20250724212518/signup_clerk.legacy.browser_107e47_5.77.0-snapshot.v20250724212518.js.sri
- clerk-js/5.77.0-snapshot.v20250724212518/signup_clerk.legacy.browser_107e47_5.77.0-snapshot.v20250724212518.min.js.br
- clerk-js/5.77.0-snapshot.v20250724212518/signup_clerk.legacy.browser_107e47_5.77.0-snapshot.v20250724212518.min.js.gz
- clerk-js/5.77.0-snapshot.v20250724212518/signup_clerk.legacy.browser_107e47_5.77.0-snapshot.v20250724212518.min.js.sri
- clerk-js/5.77.0-snapshot.v20250724212518/statement-page_clerk.browser_56174c_5.77.0-snapshot.v20250724212518.js.br
- clerk-js/5.77.0-snapshot.v20250724212518/statement-page_clerk.browser_56174c_5.77.0-snapshot.v20250724212518.js.gz
- clerk-js/5.77.0-snapshot.v20250724212518/statement-page_clerk.browser_56174c_5.77.0-snapshot.v20250724212518.js.sri
- clerk-js/5.77.0-snapshot.v20250724212518/statement-page_clerk.browser_56174c_5.77.0-snapshot.v20250724212518.min.js.br
- clerk-js/5.77.0-snapshot.v20250724212518/statement-page_clerk.browser_56174c_5.77.0-snapshot.v20250724212518.min.js.gz
- clerk-js/5.77.0-snapshot.v20250724212518/statement-page_clerk.browser_56174c_5.77.0-snapshot.v20250724212518.min.js.sri
- clerk-js/5.77.0-snapshot.v20250724212518/statement-page_clerk.chips.browser_74a0b3_5.77.0-snapshot.v20250724212518.js.br
- clerk-js/5.77.0-snapshot.v20250724212518/statement-page_clerk.chips.browser_74a0b3_5.77.0-snapshot.v20250724212518.js.gz
- clerk-js/5.77.0-snapshot.v20250724212518/statement-page_clerk.chips.browser_74a0b3_5.77.0-snapshot.v20250724212518.js.sri
- clerk-js/5.77.0-snapshot.v20250724212518/statement-page_clerk.chips.browser_74a0b3_5.77.0-snapshot.v20250724212518.min.js.br
- clerk-js/5.77.0-snapshot.v20250724212518/statement-page_clerk.chips.browser_74a0b3_5.77.0-snapshot.v20250724212518.min.js.gz
- clerk-js/5.77.0-snapshot.v20250724212518/statement-page_clerk.chips.browser_74a0b3_5.77.0-snapshot.v20250724212518.min.js.sri
- clerk-js/5.77.0-snapshot.v20250724212518/statement-page_clerk.legacy.browser_107e47_5.77.0-snapshot.v20250724212518.js.br
- clerk-js/5.77.0-snapshot.v20250724212518/statement-page_clerk.legacy.browser_107e47_5.77.0-snapshot.v20250724212518.js.gz
- clerk-js/5.77.0-snapshot.v20250724212518/statement-page_clerk.legacy.browser_107e47_5.77.0-snapshot.v20250724212518.js.sri
- clerk-js/5.77.0-snapshot.v20250724212518/statement-page_clerk.legacy.browser_107e47_5.77.0-snapshot.v20250724212518.min.js.br
- clerk-js/5.77.0-snapshot.v20250724212518/statement-page_clerk.legacy.browser_107e47_5.77.0-snapshot.v20250724212518.min.js.gz
- clerk-js/5.77.0-snapshot.v20250724212518/statement-page_clerk.legacy.browser_107e47_5.77.0-snapshot.v20250724212518.min.js.sri
- clerk-js/5.77.0-snapshot.v20250724212518/stripe-vendors_clerk.browser_56174c_5.77.0-snapshot.v20250724212518.js.br
- clerk-js/5.77.0-snapshot.v20250724212518/stripe-vendors_clerk.browser_56174c_5.77.0-snapshot.v20250724212518.js.gz
- clerk-js/5.77.0-snapshot.v20250724212518/stripe-vendors_clerk.browser_56174c_5.77.0-snapshot.v20250724212518.js.sri
- clerk-js/5.77.0-snapshot.v20250724212518/stripe-vendors_clerk.browser_56174c_5.77.0-snapshot.v20250724212518.min.js.br
- clerk-js/5.77.0-snapshot.v20250724212518/stripe-vendors_clerk.browser_56174c_5.77.0-snapshot.v20250724212518.min.js.gz
- clerk-js/5.77.0-snapshot.v20250724212518/stripe-vendors_clerk.browser_56174c_5.77.0-snapshot.v20250724212518.min.js.sri
- clerk-js/5.77.0-snapshot.v20250724212518/stripe-vendors_clerk.chips.browser_74a0b3_5.77.0-snapshot.v20250724212518.js.br
- clerk-js/5.77.0-snapshot.v20250724212518/stripe-vendors_clerk.chips.browser_74a0b3_5.77.0-snapshot.v20250724212518.js.gz
- clerk-js/5.77.0-snapshot.v20250724212518/stripe-vendors_clerk.chips.browser_74a0b3_5.77.0-snapshot.v20250724212518.js.sri
- clerk-js/5.77.0-snapshot.v20250724212518/stripe-vendors_clerk.chips.browser_74a0b3_5.77.0-snapshot.v20250724212518.min.js.br
- clerk-js/5.77.0-snapshot.v20250724212518/stripe-vendors_clerk.chips.browser_74a0b3_5.77.0-snapshot.v20250724212518.min.js.gz
- clerk-js/5.77.0-snapshot.v20250724212518/stripe-vendors_clerk.chips.browser_74a0b3_5.77.0-snapshot.v20250724212518.min.js.sri
- clerk-js/5.77.0-snapshot.v20250724212518/stripe-vendors_clerk.headless.browser_efe34a_5.77.0-snapshot.v20250724212518.js.br
- clerk-js/5.77.0-snapshot.v20250724212518/stripe-vendors_clerk.headless.browser_efe34a_5.77.0-snapshot.v20250724212518.js.gz
- clerk-js/5.77.0-snapshot.v20250724212518/stripe-vendors_clerk.headless.browser_efe34a_5.77.0-snapshot.v20250724212518.js.sri
- clerk-js/5.77.0-snapshot.v20250724212518/stripe-vendors_clerk.headless.browser_efe34a_5.77.0-snapshot.v20250724212518.min.js.br
- clerk-js/5.77.0-snapshot.v20250724212518/stripe-vendors_clerk.headless.browser_efe34a_5.77.0-snapshot.v20250724212518.min.js.gz
- clerk-js/5.77.0-snapshot.v20250724212518/stripe-vendors_clerk.headless.browser_efe34a_5.77.0-snapshot.v20250724212518.min.js.sri
- clerk-js/5.77.0-snapshot.v20250724212518/stripe-vendors_clerk.legacy.browser_107e47_5.77.0-snapshot.v20250724212518.js.br
- clerk-js/5.77.0-snapshot.v20250724212518/stripe-vendors_clerk.legacy.browser_107e47_5.77.0-snapshot.v20250724212518.js.gz
- clerk-js/5.77.0-snapshot.v20250724212518/stripe-vendors_clerk.legacy.browser_107e47_5.77.0-snapshot.v20250724212518.js.sri
- clerk-js/5.77.0-snapshot.v20250724212518/stripe-vendors_clerk.legacy.browser_107e47_5.77.0-snapshot.v20250724212518.min.js.br
- clerk-js/5.77.0-snapshot.v20250724212518/stripe-vendors_clerk.legacy.browser_107e47_5.77.0-snapshot.v20250724212518.min.js.gz
- clerk-js/5.77.0-snapshot.v20250724212518/stripe-vendors_clerk.legacy.browser_107e47_5.77.0-snapshot.v20250724212518.min.js.sri
- clerk-js/5.77.0-snapshot.v20250724212518/subscriptionDetails_clerk.browser_56174c_5.77.0-snapshot.v20250724212518.js.br
- clerk-js/5.77.0-snapshot.v20250724212518/subscriptionDetails_clerk.browser_56174c_5.77.0-snapshot.v20250724212518.js.gz
- clerk-js/5.77.0-snapshot.v20250724212518/subscriptionDetails_clerk.browser_56174c_5.77.0-snapshot.v20250724212518.js.sri
- clerk-js/5.77.0-snapshot.v20250724212518/subscriptionDetails_clerk.browser_56174c_5.77.0-snapshot.v20250724212518.min.js.br
- clerk-js/5.77.0-snapshot.v20250724212518/subscriptionDetails_clerk.browser_56174c_5.77.0-snapshot.v20250724212518.min.js.gz
- clerk-js/5.77.0-snapshot.v20250724212518/subscriptionDetails_clerk.browser_56174c_5.77.0-snapshot.v20250724212518.min.js.sri
- clerk-js/5.77.0-snapshot.v20250724212518/subscriptionDetails_clerk.chips.browser_74a0b3_5.77.0-snapshot.v20250724212518.js.br
- clerk-js/5.77.0-snapshot.v20250724212518/subscriptionDetails_clerk.chips.browser_74a0b3_5.77.0-snapshot.v20250724212518.js.gz
- clerk-js/5.77.0-snapshot.v20250724212518/subscriptionDetails_clerk.chips.browser_74a0b3_5.77.0-snapshot.v20250724212518.js.sri
- clerk-js/5.77.0-snapshot.v20250724212518/subscriptionDetails_clerk.chips.browser_74a0b3_5.77.0-snapshot.v20250724212518.min.js.br
- clerk-js/5.77.0-snapshot.v20250724212518/subscriptionDetails_clerk.chips.browser_74a0b3_5.77.0-snapshot.v20250724212518.min.js.gz
- clerk-js/5.77.0-snapshot.v20250724212518/subscriptionDetails_clerk.chips.browser_74a0b3_5.77.0-snapshot.v20250724212518.min.js.sri
- clerk-js/5.77.0-snapshot.v20250724212518/subscriptionDetails_clerk.legacy.browser_107e47_5.77.0-snapshot.v20250724212518.js.br
- clerk-js/5.77.0-snapshot.v20250724212518/subscriptionDetails_clerk.legacy.browser_107e47_5.77.0-snapshot.v20250724212518.js.gz
- clerk-js/5.77.0-snapshot.v20250724212518/subscriptionDetails_clerk.legacy.browser_107e47_5.77.0-snapshot.v20250724212518.js.sri
- clerk-js/5.77.0-snapshot.v20250724212518/subscriptionDetails_clerk.legacy.browser_107e47_5.77.0-snapshot.v20250724212518.min.js.br
- clerk-js/5.77.0-snapshot.v20250724212518/subscriptionDetails_clerk.legacy.browser_107e47_5.77.0-snapshot.v20250724212518.min.js.gz
- clerk-js/5.77.0-snapshot.v20250724212518/subscriptionDetails_clerk.legacy.browser_107e47_5.77.0-snapshot.v20250724212518.min.js.sri
- clerk-js/5.77.0-snapshot.v20250724212518/taskSelectOrganization_clerk.browser_56174c_5.77.0-snapshot.v20250724212518.js.br
- clerk-js/5.77.0-snapshot.v20250724212518/taskSelectOrganization_clerk.browser_56174c_5.77.0-snapshot.v20250724212518.js.gz
- clerk-js/5.77.0-snapshot.v20250724212518/taskSelectOrganization_clerk.browser_56174c_5.77.0-snapshot.v20250724212518.js.sri
- clerk-js/5.77.0-snapshot.v20250724212518/taskSelectOrganization_clerk.browser_56174c_5.77.0-snapshot.v20250724212518.min.js.br
- clerk-js/5.77.0-snapshot.v20250724212518/taskSelectOrganization_clerk.browser_56174c_5.77.0-snapshot.v20250724212518.min.js.gz
- clerk-js/5.77.0-snapshot.v20250724212518/taskSelectOrganization_clerk.browser_56174c_5.77.0-snapshot.v20250724212518.min.js.sri
- clerk-js/5.77.0-snapshot.v20250724212518/taskSelectOrganization_clerk.chips.browser_74a0b3_5.77.0-snapshot.v20250724212518.js.br
- clerk-js/5.77.0-snapshot.v20250724212518/taskSelectOrganization_clerk.chips.browser_74a0b3_5.77.0-snapshot.v20250724212518.js.gz
- clerk-js/5.77.0-snapshot.v20250724212518/taskSelectOrganization_clerk.chips.browser_74a0b3_5.77.0-snapshot.v20250724212518.js.sri
- clerk-js/5.77.0-snapshot.v20250724212518/taskSelectOrganization_clerk.chips.browser_74a0b3_5.77.0-snapshot.v20250724212518.min.js.br
- clerk-js/5.77.0-snapshot.v20250724212518/taskSelectOrganization_clerk.chips.browser_74a0b3_5.77.0-snapshot.v20250724212518.min.js.gz
- clerk-js/5.77.0-snapshot.v20250724212518/taskSelectOrganization_clerk.chips.browser_74a0b3_5.77.0-snapshot.v20250724212518.min.js.sri
- clerk-js/5.77.0-snapshot.v20250724212518/taskSelectOrganization_clerk.legacy.browser_107e47_5.77.0-snapshot.v20250724212518.js.br
- clerk-js/5.77.0-snapshot.v20250724212518/taskSelectOrganization_clerk.legacy.browser_107e47_5.77.0-snapshot.v20250724212518.js.gz
- clerk-js/5.77.0-snapshot.v20250724212518/taskSelectOrganization_clerk.legacy.browser_107e47_5.77.0-snapshot.v20250724212518.js.sri
- clerk-js/5.77.0-snapshot.v20250724212518/taskSelectOrganization_clerk.legacy.browser_107e47_5.77.0-snapshot.v20250724212518.min.js.br
- clerk-js/5.77.0-snapshot.v20250724212518/taskSelectOrganization_clerk.legacy.browser_107e47_5.77.0-snapshot.v20250724212518.min.js.gz
- clerk-js/5.77.0-snapshot.v20250724212518/taskSelectOrganization_clerk.legacy.browser_107e47_5.77.0-snapshot.v20250724212518.min.js.sri
- clerk-js/5.77.0-snapshot.v20250724212518/ui-common_clerk.browser_56174c_5.77.0-snapshot.v20250724212518.js.br
- clerk-js/5.77.0-snapshot.v20250724212518/ui-common_clerk.browser_56174c_5.77.0-snapshot.v20250724212518.js.gz
- clerk-js/5.77.0-snapshot.v20250724212518/ui-common_clerk.browser_56174c_5.77.0-snapshot.v20250724212518.js.sri
- clerk-js/5.77.0-snapshot.v20250724212518/ui-common_clerk.browser_56174c_5.77.0-snapshot.v20250724212518.min.js.br
- clerk-js/5.77.0-snapshot.v20250724212518/ui-common_clerk.browser_56174c_5.77.0-snapshot.v20250724212518.min.js.gz
- clerk-js/5.77.0-snapshot.v20250724212518/ui-common_clerk.browser_56174c_5.77.0-snapshot.v20250724212518.min.js.sri
- clerk-js/5.77.0-snapshot.v20250724212518/ui-common_clerk.chips.browser_74a0b3_5.77.0-snapshot.v20250724212518.js.br
- clerk-js/5.77.0-snapshot.v20250724212518/ui-common_clerk.chips.browser_74a0b3_5.77.0-snapshot.v20250724212518.js.gz
- clerk-js/5.77.0-snapshot.v20250724212518/ui-common_clerk.chips.browser_74a0b3_5.77.0-snapshot.v20250724212518.js.sri
- clerk-js/5.77.0-snapshot.v20250724212518/ui-common_clerk.chips.browser_74a0b3_5.77.0-snapshot.v20250724212518.min.js.br
- clerk-js/5.77.0-snapshot.v20250724212518/ui-common_clerk.chips.browser_74a0b3_5.77.0-snapshot.v20250724212518.min.js.gz
- clerk-js/5.77.0-snapshot.v20250724212518/ui-common_clerk.chips.browser_74a0b3_5.77.0-snapshot.v20250724212518.min.js.sri
- clerk-js/5.77.0-snapshot.v20250724212518/ui-common_clerk.legacy.browser_107e47_5.77.0-snapshot.v20250724212518.js.br
- clerk-js/5.77.0-snapshot.v20250724212518/ui-common_clerk.legacy.browser_107e47_5.77.0-snapshot.v20250724212518.js.gz
- clerk-js/5.77.0-snapshot.v20250724212518/ui-common_clerk.legacy.browser_107e47_5.77.0-snapshot.v20250724212518.js.sri
- clerk-js/5.77.0-snapshot.v20250724212518/ui-common_clerk.legacy.browser_107e47_5.77.0-snapshot.v20250724212518.min.js.br
- clerk-js/5.77.0-snapshot.v20250724212518/ui-common_clerk.legacy.browser_107e47_5.77.0-snapshot.v20250724212518.min.js.gz
- clerk-js/5.77.0-snapshot.v20250724212518/ui-common_clerk.legacy.browser_107e47_5.77.0-snapshot.v20250724212518.min.js.sri
- clerk-js/5.77.0-snapshot.v20250724212518/up-api-keys-page_clerk.browser_56174c_5.77.0-snapshot.v20250724212518.js.br
- clerk-js/5.77.0-snapshot.v20250724212518/up-api-keys-page_clerk.browser_56174c_5.77.0-snapshot.v20250724212518.js.gz
- clerk-js/5.77.0-snapshot.v20250724212518/up-api-keys-page_clerk.browser_56174c_5.77.0-snapshot.v20250724212518.js.sri
- clerk-js/5.77.0-snapshot.v20250724212518/up-api-keys-page_clerk.browser_56174c_5.77.0-snapshot.v20250724212518.min.js.br
- clerk-js/5.77.0-snapshot.v20250724212518/up-api-keys-page_clerk.browser_56174c_5.77.0-snapshot.v20250724212518.min.js.gz
- clerk-js/5.77.0-snapshot.v20250724212518/up-api-keys-page_clerk.browser_56174c_5.77.0-snapshot.v20250724212518.min.js.sri
- clerk-js/5.77.0-snapshot.v20250724212518/up-api-keys-page_clerk.chips.browser_74a0b3_5.77.0-snapshot.v20250724212518.js.br
- clerk-js/5.77.0-snapshot.v20250724212518/up-api-keys-page_clerk.chips.browser_74a0b3_5.77.0-snapshot.v20250724212518.js.gz
- clerk-js/5.77.0-snapshot.v20250724212518/up-api-keys-page_clerk.chips.browser_74a0b3_5.77.0-snapshot.v20250724212518.js.sri
- clerk-js/5.77.0-snapshot.v20250724212518/up-api-keys-page_clerk.chips.browser_74a0b3_5.77.0-snapshot.v20250724212518.min.js.br
- clerk-js/5.77.0-snapshot.v20250724212518/up-api-keys-page_clerk.chips.browser_74a0b3_5.77.0-snapshot.v20250724212518.min.js.gz
- clerk-js/5.77.0-snapshot.v20250724212518/up-api-keys-page_clerk.chips.browser_74a0b3_5.77.0-snapshot.v20250724212518.min.js.sri
- clerk-js/5.77.0-snapshot.v20250724212518/up-api-keys-page_clerk.legacy.browser_107e47_5.77.0-snapshot.v20250724212518.js.br
- clerk-js/5.77.0-snapshot.v20250724212518/up-api-keys-page_clerk.legacy.browser_107e47_5.77.0-snapshot.v20250724212518.js.gz
- clerk-js/5.77.0-snapshot.v20250724212518/up-api-keys-page_clerk.legacy.browser_107e47_5.77.0-snapshot.v20250724212518.js.sri
- clerk-js/5.77.0-snapshot.v20250724212518/up-api-keys-page_clerk.legacy.browser_107e47_5.77.0-snapshot.v20250724212518.min.js.br
- clerk-js/5.77.0-snapshot.v20250724212518/up-api-keys-page_clerk.legacy.browser_107e47_5.77.0-snapshot.v20250724212518.min.js.gz
- clerk-js/5.77.0-snapshot.v20250724212518/up-api-keys-page_clerk.legacy.browser_107e47_5.77.0-snapshot.v20250724212518.min.js.sri
- clerk-js/5.77.0-snapshot.v20250724212518/up-billing-page_clerk.browser_56174c_5.77.0-snapshot.v20250724212518.js.br
- clerk-js/5.77.0-snapshot.v20250724212518/up-billing-page_clerk.browser_56174c_5.77.0-snapshot.v20250724212518.js.gz
- clerk-js/5.77.0-snapshot.v20250724212518/up-billing-page_clerk.browser_56174c_5.77.0-snapshot.v20250724212518.js.sri
- clerk-js/5.77.0-snapshot.v20250724212518/up-billing-page_clerk.browser_56174c_5.77.0-snapshot.v20250724212518.min.js.br
- clerk-js/5.77.0-snapshot.v20250724212518/up-billing-page_clerk.browser_56174c_5.77.0-snapshot.v20250724212518.min.js.gz
- clerk-js/5.77.0-snapshot.v20250724212518/up-billing-page_clerk.browser_56174c_5.77.0-snapshot.v20250724212518.min.js.sri
- clerk-js/5.77.0-snapshot.v20250724212518/up-billing-page_clerk.chips.browser_74a0b3_5.77.0-snapshot.v20250724212518.js.br
- clerk-js/5.77.0-snapshot.v20250724212518/up-billing-page_clerk.chips.browser_74a0b3_5.77.0-snapshot.v20250724212518.js.gz
- clerk-js/5.77.0-snapshot.v20250724212518/up-billing-page_clerk.chips.browser_74a0b3_5.77.0-snapshot.v20250724212518.js.sri
- clerk-js/5.77.0-snapshot.v20250724212518/up-billing-page_clerk.chips.browser_74a0b3_5.77.0-snapshot.v20250724212518.min.js.br
- clerk-js/5.77.0-snapshot.v20250724212518/up-billing-page_clerk.chips.browser_74a0b3_5.77.0-snapshot.v20250724212518.min.js.gz
- clerk-js/5.77.0-snapshot.v20250724212518/up-billing-page_clerk.chips.browser_74a0b3_5.77.0-snapshot.v20250724212518.min.js.sri
- clerk-js/5.77.0-snapshot.v20250724212518/up-billing-page_clerk.legacy.browser_107e47_5.77.0-snapshot.v20250724212518.js.br
- clerk-js/5.77.0-snapshot.v20250724212518/up-billing-page_clerk.legacy.browser_107e47_5.77.0-snapshot.v20250724212518.js.gz
- clerk-js/5.77.0-snapshot.v20250724212518/up-billing-page_clerk.legacy.browser_107e47_5.77.0-snapshot.v20250724212518.js.sri
- clerk-js/5.77.0-snapshot.v20250724212518/up-billing-page_clerk.legacy.browser_107e47_5.77.0-snapshot.v20250724212518.min.js.br
- clerk-js/5.77.0-snapshot.v20250724212518/up-billing-page_clerk.legacy.browser_107e47_5.77.0-snapshot.v20250724212518.min.js.gz
- clerk-js/5.77.0-snapshot.v20250724212518/up-billing-page_clerk.legacy.browser_107e47_5.77.0-snapshot.v20250724212518.min.js.sri
- clerk-js/5.77.0-snapshot.v20250724212518/up-plans-page_clerk.browser_56174c_5.77.0-snapshot.v20250724212518.js.br
- clerk-js/5.77.0-snapshot.v20250724212518/up-plans-page_clerk.browser_56174c_5.77.0-snapshot.v20250724212518.js.gz
- clerk-js/5.77.0-snapshot.v20250724212518/up-plans-page_clerk.browser_56174c_5.77.0-snapshot.v20250724212518.js.sri
- clerk-js/5.77.0-snapshot.v20250724212518/up-plans-page_clerk.browser_56174c_5.77.0-snapshot.v20250724212518.min.js.br
- clerk-js/5.77.0-snapshot.v20250724212518/up-plans-page_clerk.browser_56174c_5.77.0-snapshot.v20250724212518.min.js.gz
- clerk-js/5.77.0-snapshot.v20250724212518/up-plans-page_clerk.browser_56174c_5.77.0-snapshot.v20250724212518.min.js.sri
- clerk-js/5.77.0-snapshot.v20250724212518/up-plans-page_clerk.chips.browser_74a0b3_5.77.0-snapshot.v20250724212518.js.br
- clerk-js/5.77.0-snapshot.v20250724212518/up-plans-page_clerk.chips.browser_74a0b3_5.77.0-snapshot.v20250724212518.js.gz
- clerk-js/5.77.0-snapshot.v20250724212518/up-plans-page_clerk.chips.browser_74a0b3_5.77.0-snapshot.v20250724212518.js.sri
- clerk-js/5.77.0-snapshot.v20250724212518/up-plans-page_clerk.chips.browser_74a0b3_5.77.0-snapshot.v20250724212518.min.js.br
- clerk-js/5.77.0-snapshot.v20250724212518/up-plans-page_clerk.chips.browser_74a0b3_5.77.0-snapshot.v20250724212518.min.js.gz
- clerk-js/5.77.0-snapshot.v20250724212518/up-plans-page_clerk.chips.browser_74a0b3_5.77.0-snapshot.v20250724212518.min.js.sri
- clerk-js/5.77.0-snapshot.v20250724212518/up-plans-page_clerk.legacy.browser_107e47_5.77.0-snapshot.v20250724212518.js.br
- clerk-js/5.77.0-snapshot.v20250724212518/up-plans-page_clerk.legacy.browser_107e47_5.77.0-snapshot.v20250724212518.js.gz
- clerk-js/5.77.0-snapshot.v20250724212518/up-plans-page_clerk.legacy.browser_107e47_5.77.0-snapshot.v20250724212518.js.sri
- clerk-js/5.77.0-snapshot.v20250724212518/up-plans-page_clerk.legacy.browser_107e47_5.77.0-snapshot.v20250724212518.min.js.br
- clerk-js/5.77.0-snapshot.v20250724212518/up-plans-page_clerk.legacy.browser_107e47_5.77.0-snapshot.v20250724212518.min.js.gz
- clerk-js/5.77.0-snapshot.v20250724212518/up-plans-page_clerk.legacy.browser_107e47_5.77.0-snapshot.v20250724212518.min.js.sri
- clerk-js/5.77.0-snapshot.v20250724212518/userbutton_clerk.browser_56174c_5.77.0-snapshot.v20250724212518.js.br
- clerk-js/5.77.0-snapshot.v20250724212518/userbutton_clerk.browser_56174c_5.77.0-snapshot.v20250724212518.js.gz
- clerk-js/5.77.0-snapshot.v20250724212518/userbutton_clerk.browser_56174c_5.77.0-snapshot.v20250724212518.js.sri
- clerk-js/5.77.0-snapshot.v20250724212518/userbutton_clerk.browser_56174c_5.77.0-snapshot.v20250724212518.min.js.br
- clerk-js/5.77.0-snapshot.v20250724212518/userbutton_clerk.browser_56174c_5.77.0-snapshot.v20250724212518.min.js.gz
- clerk-js/5.77.0-snapshot.v20250724212518/userbutton_clerk.browser_56174c_5.77.0-snapshot.v20250724212518.min.js.sri
- clerk-js/5.77.0-snapshot.v20250724212518/userbutton_clerk.chips.browser_74a0b3_5.77.0-snapshot.v20250724212518.js.br
- clerk-js/5.77.0-snapshot.v20250724212518/userbutton_clerk.chips.browser_74a0b3_5.77.0-snapshot.v20250724212518.js.gz
- clerk-js/5.77.0-snapshot.v20250724212518/userbutton_clerk.chips.browser_74a0b3_5.77.0-snapshot.v20250724212518.js.sri
- clerk-js/5.77.0-snapshot.v20250724212518/userbutton_clerk.chips.browser_74a0b3_5.77.0-snapshot.v20250724212518.min.js.br
- clerk-js/5.77.0-snapshot.v20250724212518/userbutton_clerk.chips.browser_74a0b3_5.77.0-snapshot.v20250724212518.min.js.gz
- clerk-js/5.77.0-snapshot.v20250724212518/userbutton_clerk.chips.browser_74a0b3_5.77.0-snapshot.v20250724212518.min.js.sri
- clerk-js/5.77.0-snapshot.v20250724212518/userbutton_clerk.legacy.browser_107e47_5.77.0-snapshot.v20250724212518.js.br
- clerk-js/5.77.0-snapshot.v20250724212518/userbutton_clerk.legacy.browser_107e47_5.77.0-snapshot.v20250724212518.js.gz
- clerk-js/5.77.0-snapshot.v20250724212518/userbutton_clerk.legacy.browser_107e47_5.77.0-snapshot.v20250724212518.js.sri
- clerk-js/5.77.0-snapshot.v20250724212518/userbutton_clerk.legacy.browser_107e47_5.77.0-snapshot.v20250724212518.min.js.br
- clerk-js/5.77.0-snapshot.v20250724212518/userbutton_clerk.legacy.browser_107e47_5.77.0-snapshot.v20250724212518.min.js.gz
- clerk-js/5.77.0-snapshot.v20250724212518/userbutton_clerk.legacy.browser_107e47_5.77.0-snapshot.v20250724212518.min.js.sri
- clerk-js/5.77.0-snapshot.v20250724212518/userprofile_clerk.browser_56174c_5.77.0-snapshot.v20250724212518.js.br
- clerk-js/5.77.0-snapshot.v20250724212518/userprofile_clerk.browser_56174c_5.77.0-snapshot.v20250724212518.js.gz
- clerk-js/5.77.0-snapshot.v20250724212518/userprofile_clerk.browser_56174c_5.77.0-snapshot.v20250724212518.js.sri
- clerk-js/5.77.0-snapshot.v20250724212518/userprofile_clerk.browser_56174c_5.77.0-snapshot.v20250724212518.min.js.br
- clerk-js/5.77.0-snapshot.v20250724212518/userprofile_clerk.browser_56174c_5.77.0-snapshot.v20250724212518.min.js.gz
- clerk-js/5.77.0-snapshot.v20250724212518/userprofile_clerk.browser_56174c_5.77.0-snapshot.v20250724212518.min.js.sri
- clerk-js/5.77.0-snapshot.v20250724212518/userprofile_clerk.chips.browser_74a0b3_5.77.0-snapshot.v20250724212518.js.br
- clerk-js/5.77.0-snapshot.v20250724212518/userprofile_clerk.chips.browser_74a0b3_5.77.0-snapshot.v20250724212518.js.gz
- clerk-js/5.77.0-snapshot.v20250724212518/userprofile_clerk.chips.browser_74a0b3_5.77.0-snapshot.v20250724212518.js.sri
- clerk-js/5.77.0-snapshot.v20250724212518/userprofile_clerk.chips.browser_74a0b3_5.77.0-snapshot.v20250724212518.min.js.br
- clerk-js/5.77.0-snapshot.v20250724212518/userprofile_clerk.chips.browser_74a0b3_5.77.0-snapshot.v20250724212518.min.js.gz
- clerk-js/5.77.0-snapshot.v20250724212518/userprofile_clerk.chips.browser_74a0b3_5.77.0-snapshot.v20250724212518.min.js.sri
- clerk-js/5.77.0-snapshot.v20250724212518/userprofile_clerk.legacy.browser_107e47_5.77.0-snapshot.v20250724212518.js.br
- clerk-js/5.77.0-snapshot.v20250724212518/userprofile_clerk.legacy.browser_107e47_5.77.0-snapshot.v20250724212518.js.gz
- clerk-js/5.77.0-snapshot.v20250724212518/userprofile_clerk.legacy.browser_107e47_5.77.0-snapshot.v20250724212518.js.sri
- clerk-js/5.77.0-snapshot.v20250724212518/userprofile_clerk.legacy.browser_107e47_5.77.0-snapshot.v20250724212518.min.js.br
- clerk-js/5.77.0-snapshot.v20250724212518/userprofile_clerk.legacy.browser_107e47_5.77.0-snapshot.v20250724212518.min.js.gz
- clerk-js/5.77.0-snapshot.v20250724212518/userprofile_clerk.legacy.browser_107e47_5.77.0-snapshot.v20250724212518.min.js.sri
- clerk-js/5.77.0-snapshot.v20250724212518/userverification_clerk.browser_56174c_5.77.0-snapshot.v20250724212518.js.br
- clerk-js/5.77.0-snapshot.v20250724212518/userverification_clerk.browser_56174c_5.77.0-snapshot.v20250724212518.js.gz
- clerk-js/5.77.0-snapshot.v20250724212518/userverification_clerk.browser_56174c_5.77.0-snapshot.v20250724212518.js.sri
- clerk-js/5.77.0-snapshot.v20250724212518/userverification_clerk.browser_56174c_5.77.0-snapshot.v20250724212518.min.js.br
- clerk-js/5.77.0-snapshot.v20250724212518/userverification_clerk.browser_56174c_5.77.0-snapshot.v20250724212518.min.js.gz
- clerk-js/5.77.0-snapshot.v20250724212518/userverification_clerk.browser_56174c_5.77.0-snapshot.v20250724212518.min.js.sri
- clerk-js/5.77.0-snapshot.v20250724212518/userverification_clerk.chips.browser_74a0b3_5.77.0-snapshot.v20250724212518.js.br
- clerk-js/5.77.0-snapshot.v20250724212518/userverification_clerk.chips.browser_74a0b3_5.77.0-snapshot.v20250724212518.js.gz
- clerk-js/5.77.0-snapshot.v20250724212518/userverification_clerk.chips.browser_74a0b3_5.77.0-snapshot.v20250724212518.js.sri
- clerk-js/5.77.0-snapshot.v20250724212518/userverification_clerk.chips.browser_74a0b3_5.77.0-snapshot.v20250724212518.min.js.br
- clerk-js/5.77.0-snapshot.v20250724212518/userverification_clerk.chips.browser_74a0b3_5.77.0-snapshot.v20250724212518.min.js.gz
- clerk-js/5.77.0-snapshot.v20250724212518/userverification_clerk.chips.browser_74a0b3_5.77.0-snapshot.v20250724212518.min.js.sri
- clerk-js/5.77.0-snapshot.v20250724212518/userverification_clerk.legacy.browser_107e47_5.77.0-snapshot.v20250724212518.js.br
- clerk-js/5.77.0-snapshot.v20250724212518/userverification_clerk.legacy.browser_107e47_5.77.0-snapshot.v20250724212518.js.gz
- clerk-js/5.77.0-snapshot.v20250724212518/userverification_clerk.legacy.browser_107e47_5.77.0-snapshot.v20250724212518.js.sri
- clerk-js/5.77.0-snapshot.v20250724212518/userverification_clerk.legacy.browser_107e47_5.77.0-snapshot.v20250724212518.min.js.br
- clerk-js/5.77.0-snapshot.v20250724212518/userverification_clerk.legacy.browser_107e47_5.77.0-snapshot.v20250724212518.min.js.gz
- clerk-js/5.77.0-snapshot.v20250724212518/userverification_clerk.legacy.browser_107e47_5.77.0-snapshot.v20250724212518.min.js.sri
- clerk-js/5.77.0-snapshot.v20250724212518/vendors_clerk.browser_56174c_5.77.0-snapshot.v20250724212518.js.br
- clerk-js/5.77.0-snapshot.v20250724212518/vendors_clerk.browser_56174c_5.77.0-snapshot.v20250724212518.js.gz
- clerk-js/5.77.0-snapshot.v20250724212518/vendors_clerk.browser_56174c_5.77.0-snapshot.v20250724212518.js.sri
- clerk-js/5.77.0-snapshot.v20250724212518/vendors_clerk.browser_56174c_5.77.0-snapshot.v20250724212518.min.js.br
- clerk-js/5.77.0-snapshot.v20250724212518/vendors_clerk.browser_56174c_5.77.0-snapshot.v20250724212518.min.js.gz
- clerk-js/5.77.0-snapshot.v20250724212518/vendors_clerk.browser_56174c_5.77.0-snapshot.v20250724212518.min.js.sri
- clerk-js/5.77.0-snapshot.v20250724212518/vendors_clerk.chips.browser_74a0b3_5.77.0-snapshot.v20250724212518.js.br
- clerk-js/5.77.0-snapshot.v20250724212518/vendors_clerk.chips.browser_74a0b3_5.77.0-snapshot.v20250724212518.js.gz
- clerk-js/5.77.0-snapshot.v20250724212518/vendors_clerk.chips.browser_74a0b3_5.77.0-snapshot.v20250724212518.js.sri
- clerk-js/5.77.0-snapshot.v20250724212518/vendors_clerk.chips.browser_74a0b3_5.77.0-snapshot.v20250724212518.min.js.br
- clerk-js/5.77.0-snapshot.v20250724212518/vendors_clerk.chips.browser_74a0b3_5.77.0-snapshot.v20250724212518.min.js.gz
- clerk-js/5.77.0-snapshot.v20250724212518/vendors_clerk.chips.browser_74a0b3_5.77.0-snapshot.v20250724212518.min.js.sri
- clerk-js/5.77.0-snapshot.v20250724212518/vendors_clerk.headless.browser_efe34a_5.77.0-snapshot.v20250724212518.js.br
- clerk-js/5.77.0-snapshot.v20250724212518/vendors_clerk.headless.browser_efe34a_5.77.0-snapshot.v20250724212518.js.gz
- clerk-js/5.77.0-snapshot.v20250724212518/vendors_clerk.headless.browser_efe34a_5.77.0-snapshot.v20250724212518.js.sri
- clerk-js/5.77.0-snapshot.v20250724212518/vendors_clerk.headless.browser_efe34a_5.77.0-snapshot.v20250724212518.min.js.br
- clerk-js/5.77.0-snapshot.v20250724212518/vendors_clerk.headless.browser_efe34a_5.77.0-snapshot.v20250724212518.min.js.gz
- clerk-js/5.77.0-snapshot.v20250724212518/vendors_clerk.headless.browser_efe34a_5.77.0-snapshot.v20250724212518.min.js.sri
- clerk-js/5.77.0-snapshot.v20250724212518/vendors_clerk.legacy.browser_107e47_5.77.0-snapshot.v20250724212518.js.br
- clerk-js/5.77.0-snapshot.v20250724212518/vendors_clerk.legacy.browser_107e47_5.77.0-snapshot.v20250724212518.js.gz
- clerk-js/5.77.0-snapshot.v20250724212518/vendors_clerk.legacy.browser_107e47_5.77.0-snapshot.v20250724212518.js.sri
- clerk-js/5.77.0-snapshot.v20250724212518/vendors_clerk.legacy.browser_107e47_5.77.0-snapshot.v20250724212518.min.js.br
- clerk-js/5.77.0-snapshot.v20250724212518/vendors_clerk.legacy.browser_107e47_5.77.0-snapshot.v20250724212518.min.js.gz
- clerk-js/5.77.0-snapshot.v20250724212518/vendors_clerk.legacy.browser_107e47_5.77.0-snapshot.v20250724212518.min.js.sri
- clerk-js/5.77.0-snapshot.v20250724212518/waitlist_clerk.browser_56174c_5.77.0-snapshot.v20250724212518.js.br
- clerk-js/5.77.0-snapshot.v20250724212518/waitlist_clerk.browser_56174c_5.77.0-snapshot.v20250724212518.js.gz
- clerk-js/5.77.0-snapshot.v20250724212518/waitlist_clerk.browser_56174c_5.77.0-snapshot.v20250724212518.js.sri
- clerk-js/5.77.0-snapshot.v20250724212518/waitlist_clerk.browser_56174c_5.77.0-snapshot.v20250724212518.min.js.br
- clerk-js/5.77.0-snapshot.v20250724212518/waitlist_clerk.browser_56174c_5.77.0-snapshot.v20250724212518.min.js.gz
- clerk-js/5.77.0-snapshot.v20250724212518/waitlist_clerk.browser_56174c_5.77.0-snapshot.v20250724212518.min.js.sri
- clerk-js/5.77.0-snapshot.v20250724212518/waitlist_clerk.chips.browser_74a0b3_5.77.0-snapshot.v20250724212518.js.br
- clerk-js/5.77.0-snapshot.v20250724212518/waitlist_clerk.chips.browser_74a0b3_5.77.0-snapshot.v20250724212518.js.gz
- clerk-js/5.77.0-snapshot.v20250724212518/waitlist_clerk.chips.browser_74a0b3_5.77.0-snapshot.v20250724212518.js.sri
- clerk-js/5.77.0-snapshot.v20250724212518/waitlist_clerk.chips.browser_74a0b3_5.77.0-snapshot.v20250724212518.min.js.br
- clerk-js/5.77.0-snapshot.v20250724212518/waitlist_clerk.chips.browser_74a0b3_5.77.0-snapshot.v20250724212518.min.js.gz
- clerk-js/5.77.0-snapshot.v20250724212518/waitlist_clerk.chips.browser_74a0b3_5.77.0-snapshot.v20250724212518.min.js.sri
- clerk-js/5.77.0-snapshot.v20250724212518/waitlist_clerk.legacy.browser_107e47_5.77.0-snapshot.v20250724212518.js.br
- clerk-js/5.77.0-snapshot.v20250724212518/waitlist_clerk.legacy.browser_107e47_5.77.0-snapshot.v20250724212518.js.gz
- clerk-js/5.77.0-snapshot.v20250724212518/waitlist_clerk.legacy.browser_107e47_5.77.0-snapshot.v20250724212518.js.sri
- clerk-js/5.77.0-snapshot.v20250724212518/waitlist_clerk.legacy.browser_107e47_5.77.0-snapshot.v20250724212518.min.js.br
- clerk-js/5.77.0-snapshot.v20250724212518/waitlist_clerk.legacy.browser_107e47_5.77.0-snapshot.v20250724212518.min.js.gz
- clerk-js/5.77.0-snapshot.v20250724212518/waitlist_clerk.legacy.browser_107e47_5.77.0-snapshot.v20250724212518.min.js.sri
- clerk-js/5.77.0-snapshot.v20250724212518/zxcvbn-common_clerk.browser_56174c_5.77.0-snapshot.v20250724212518.js.br
- clerk-js/5.77.0-snapshot.v20250724212518/zxcvbn-common_clerk.browser_56174c_5.77.0-snapshot.v20250724212518.js.gz
- clerk-js/5.77.0-snapshot.v20250724212518/zxcvbn-common_clerk.browser_56174c_5.77.0-snapshot.v20250724212518.js.sri
- clerk-js/5.77.0-snapshot.v20250724212518/zxcvbn-common_clerk.browser_56174c_5.77.0-snapshot.v20250724212518.min.js.br
- clerk-js/5.77.0-snapshot.v20250724212518/zxcvbn-common_clerk.browser_56174c_5.77.0-snapshot.v20250724212518.min.js.gz
- clerk-js/5.77.0-snapshot.v20250724212518/zxcvbn-common_clerk.browser_56174c_5.77.0-snapshot.v20250724212518.min.js.sri
- clerk-js/5.77.0-snapshot.v20250724212518/zxcvbn-common_clerk.chips.browser_74a0b3_5.77.0-snapshot.v20250724212518.js.br
- clerk-js/5.77.0-snapshot.v20250724212518/zxcvbn-common_clerk.chips.browser_74a0b3_5.77.0-snapshot.v20250724212518.js.gz
- clerk-js/5.77.0-snapshot.v20250724212518/zxcvbn-common_clerk.chips.browser_74a0b3_5.77.0-snapshot.v20250724212518.js.sri
- clerk-js/5.77.0-snapshot.v20250724212518/zxcvbn-common_clerk.chips.browser_74a0b3_5.77.0-snapshot.v20250724212518.min.js.br
- clerk-js/5.77.0-snapshot.v20250724212518/zxcvbn-common_clerk.chips.browser_74a0b3_5.77.0-snapshot.v20250724212518.min.js.gz
- clerk-js/5.77.0-snapshot.v20250724212518/zxcvbn-common_clerk.chips.browser_74a0b3_5.77.0-snapshot.v20250724212518.min.js.sri
- clerk-js/5.77.0-snapshot.v20250724212518/zxcvbn-common_clerk.headless.browser_efe34a_5.77.0-snapshot.v20250724212518.js.br
- clerk-js/5.77.0-snapshot.v20250724212518/zxcvbn-common_clerk.headless.browser_efe34a_5.77.0-snapshot.v20250724212518.js.gz
- clerk-js/5.77.0-snapshot.v20250724212518/zxcvbn-common_clerk.headless.browser_efe34a_5.77.0-snapshot.v20250724212518.js.sri
- clerk-js/5.77.0-snapshot.v20250724212518/zxcvbn-common_clerk.headless.browser_efe34a_5.77.0-snapshot.v20250724212518.min.js.br
- clerk-js/5.77.0-snapshot.v20250724212518/zxcvbn-common_clerk.headless.browser_efe34a_5.77.0-snapshot.v20250724212518.min.js.gz
- clerk-js/5.77.0-snapshot.v20250724212518/zxcvbn-common_clerk.headless.browser_efe34a_5.77.0-snapshot.v20250724212518.min.js.sri
- clerk-js/5.77.0-snapshot.v20250724212518/zxcvbn-common_clerk.legacy.browser_107e47_5.77.0-snapshot.v20250724212518.js.br
- clerk-js/5.77.0-snapshot.v20250724212518/zxcvbn-common_clerk.legacy.browser_107e47_5.77.0-snapshot.v20250724212518.js.gz
- clerk-js/5.77.0-snapshot.v20250724212518/zxcvbn-common_clerk.legacy.browser_107e47_5.77.0-snapshot.v20250724212518.js.sri
- clerk-js/5.77.0-snapshot.v20250724212518/zxcvbn-common_clerk.legacy.browser_107e47_5.77.0-snapshot.v20250724212518.min.js.br
- clerk-js/5.77.0-snapshot.v20250724212518/zxcvbn-common_clerk.legacy.browser_107e47_5.77.0-snapshot.v20250724212518.min.js.gz
- clerk-js/5.77.0-snapshot.v20250724212518/zxcvbn-common_clerk.legacy.browser_107e47_5.77.0-snapshot.v20250724212518.min.js.sri
- clerk-js/5.77.0-snapshot.v20250724212518/zxcvbn-ts-core_clerk.browser_56174c_5.77.0-snapshot.v20250724212518.js.br
- clerk-js/5.77.0-snapshot.v20250724212518/zxcvbn-ts-core_clerk.browser_56174c_5.77.0-snapshot.v20250724212518.js.gz
- clerk-js/5.77.0-snapshot.v20250724212518/zxcvbn-ts-core_clerk.browser_56174c_5.77.0-snapshot.v20250724212518.js.sri
- clerk-js/5.77.0-snapshot.v20250724212518/zxcvbn-ts-core_clerk.browser_56174c_5.77.0-snapshot.v20250724212518.min.js.br
- clerk-js/5.77.0-snapshot.v20250724212518/zxcvbn-ts-core_clerk.browser_56174c_5.77.0-snapshot.v20250724212518.min.js.gz
- clerk-js/5.77.0-snapshot.v20250724212518/zxcvbn-ts-core_clerk.browser_56174c_5.77.0-snapshot.v20250724212518.min.js.sri
- clerk-js/5.77.0-snapshot.v20250724212518/zxcvbn-ts-core_clerk.chips.browser_74a0b3_5.77.0-snapshot.v20250724212518.js.br
- clerk-js/5.77.0-snapshot.v20250724212518/zxcvbn-ts-core_clerk.chips.browser_74a0b3_5.77.0-snapshot.v20250724212518.js.gz
- clerk-js/5.77.0-snapshot.v20250724212518/zxcvbn-ts-core_clerk.chips.browser_74a0b3_5.77.0-snapshot.v20250724212518.js.sri
- clerk-js/5.77.0-snapshot.v20250724212518/zxcvbn-ts-core_clerk.chips.browser_74a0b3_5.77.0-snapshot.v20250724212518.min.js.br
- clerk-js/5.77.0-snapshot.v20250724212518/zxcvbn-ts-core_clerk.chips.browser_74a0b3_5.77.0-snapshot.v20250724212518.min.js.gz
- clerk-js/5.77.0-snapshot.v20250724212518/zxcvbn-ts-core_clerk.chips.browser_74a0b3_5.77.0-snapshot.v20250724212518.min.js.sri
- clerk-js/5.77.0-snapshot.v20250724212518/zxcvbn-ts-core_clerk.headless.browser_efe34a_5.77.0-snapshot.v20250724212518.js.br
- clerk-js/5.77.0-snapshot.v20250724212518/zxcvbn-ts-core_clerk.headless.browser_efe34a_5.77.0-snapshot.v20250724212518.js.gz
- clerk-js/5.77.0-snapshot.v20250724212518/zxcvbn-ts-core_clerk.headless.browser_efe34a_5.77.0-snapshot.v20250724212518.js.sri
- clerk-js/5.77.0-snapshot.v20250724212518/zxcvbn-ts-core_clerk.headless.browser_efe34a_5.77.0-snapshot.v20250724212518.min.js.br
- clerk-js/5.77.0-snapshot.v20250724212518/zxcvbn-ts-core_clerk.headless.browser_efe34a_5.77.0-snapshot.v20250724212518.min.js.gz
- clerk-js/5.77.0-snapshot.v20250724212518/zxcvbn-ts-core_clerk.headless.browser_efe34a_5.77.0-snapshot.v20250724212518.min.js.sri
- clerk-js/5.77.0-snapshot.v20250724212518/zxcvbn-ts-core_clerk.legacy.browser_107e47_5.77.0-snapshot.v20250724212518.js.br
- clerk-js/5.77.0-snapshot.v20250724212518/zxcvbn-ts-core_clerk.legacy.browser_107e47_5.77.0-snapshot.v20250724212518.js.gz
- clerk-js/5.77.0-snapshot.v20250724212518/zxcvbn-ts-core_clerk.legacy.browser_107e47_5.77.0-snapshot.v20250724212518.js.sri
- clerk-js/5.77.0-snapshot.v20250724212518/zxcvbn-ts-core_clerk.legacy.browser_107e47_5.77.0-snapshot.v20250724212518.min.js.br
- clerk-js/5.77.0-snapshot.v20250724212518/zxcvbn-ts-core_clerk.legacy.browser_107e47_5.77.0-snapshot.v20250724212518.min.js.gz
- clerk-js/5.77.0-snapshot.v20250724212518/zxcvbn-ts-core_clerk.legacy.browser_107e47_5.77.0-snapshot.v20250724212518.min.js.sri
