config: {"authors":[{"name":"Clerk"}],"autoupdate":{"source":"npm","target":"@clerk/clerk-js","fileMap":[{"basePath":"dist","files":["*.@(js|cjs|mjs)"]}]},"description":"Clerk JS library","filename":"clerk.min.js","homepage":"https://clerk.com/","keywords":["clerk","auth","authentication","passwordless","session","jwt"],"license":"MIT","name":"clerk-js","repository":{"type":"git","url":"https://github.com/clerk/javascript/tree/main/packages/clerk-js"},"author":"Clerk"}
KV keys:
- clerk-js/5.67.0-snapshot.v20250515162250/192_clerk.browser_74d456_5.67.0-snapshot.v20250515162250.js.br
- clerk-js/5.67.0-snapshot.v20250515162250/192_clerk.browser_74d456_5.67.0-snapshot.v20250515162250.js.gz
- clerk-js/5.67.0-snapshot.v20250515162250/192_clerk.browser_74d456_5.67.0-snapshot.v20250515162250.min.js.br
- clerk-js/5.67.0-snapshot.v20250515162250/192_clerk.browser_74d456_5.67.0-snapshot.v20250515162250.min.js.gz
- clerk-js/5.67.0-snapshot.v20250515162250/192_clerk.chips.browser_427d1c_5.67.0-snapshot.v20250515162250.js.br
- clerk-js/5.67.0-snapshot.v20250515162250/192_clerk.chips.browser_427d1c_5.67.0-snapshot.v20250515162250.js.gz
- clerk-js/5.67.0-snapshot.v20250515162250/192_clerk.chips.browser_427d1c_5.67.0-snapshot.v20250515162250.min.js.br
- clerk-js/5.67.0-snapshot.v20250515162250/192_clerk.chips.browser_427d1c_5.67.0-snapshot.v20250515162250.min.js.gz
- clerk-js/5.67.0-snapshot.v20250515162250/192_clerk.legacy.browser_ddff36_5.67.0-snapshot.v20250515162250.js.br
- clerk-js/5.67.0-snapshot.v20250515162250/192_clerk.legacy.browser_ddff36_5.67.0-snapshot.v20250515162250.js.gz
- clerk-js/5.67.0-snapshot.v20250515162250/192_clerk.legacy.browser_ddff36_5.67.0-snapshot.v20250515162250.min.js.br
- clerk-js/5.67.0-snapshot.v20250515162250/192_clerk.legacy.browser_ddff36_5.67.0-snapshot.v20250515162250.min.js.gz
- clerk-js/5.67.0-snapshot.v20250515162250/377_clerk.headless_c1d71f_5.67.0-snapshot.v20250515162250.js.br
- clerk-js/5.67.0-snapshot.v20250515162250/377_clerk.headless_c1d71f_5.67.0-snapshot.v20250515162250.js.gz
- clerk-js/5.67.0-snapshot.v20250515162250/377_clerk.headless_c1d71f_5.67.0-snapshot.v20250515162250.min.js.br
- clerk-js/5.67.0-snapshot.v20250515162250/377_clerk.headless_c1d71f_5.67.0-snapshot.v20250515162250.min.js.gz
- clerk-js/5.67.0-snapshot.v20250515162250/645_clerk.browser_74d456_5.67.0-snapshot.v20250515162250.js.br
- clerk-js/5.67.0-snapshot.v20250515162250/645_clerk.browser_74d456_5.67.0-snapshot.v20250515162250.js.gz
- clerk-js/5.67.0-snapshot.v20250515162250/645_clerk.browser_74d456_5.67.0-snapshot.v20250515162250.min.js.br
- clerk-js/5.67.0-snapshot.v20250515162250/645_clerk.browser_74d456_5.67.0-snapshot.v20250515162250.min.js.gz
- clerk-js/5.67.0-snapshot.v20250515162250/645_clerk.chips.browser_427d1c_5.67.0-snapshot.v20250515162250.js.br
- clerk-js/5.67.0-snapshot.v20250515162250/645_clerk.chips.browser_427d1c_5.67.0-snapshot.v20250515162250.js.gz
- clerk-js/5.67.0-snapshot.v20250515162250/645_clerk.chips.browser_427d1c_5.67.0-snapshot.v20250515162250.min.js.br
- clerk-js/5.67.0-snapshot.v20250515162250/645_clerk.chips.browser_427d1c_5.67.0-snapshot.v20250515162250.min.js.gz
- clerk-js/5.67.0-snapshot.v20250515162250/645_clerk.legacy.browser_ddff36_5.67.0-snapshot.v20250515162250.js.br
- clerk-js/5.67.0-snapshot.v20250515162250/645_clerk.legacy.browser_ddff36_5.67.0-snapshot.v20250515162250.js.gz
- clerk-js/5.67.0-snapshot.v20250515162250/645_clerk.legacy.browser_ddff36_5.67.0-snapshot.v20250515162250.min.js.br
- clerk-js/5.67.0-snapshot.v20250515162250/645_clerk.legacy.browser_ddff36_5.67.0-snapshot.v20250515162250.min.js.gz
- clerk-js/5.67.0-snapshot.v20250515162250/66_clerk.browser_74d456_5.67.0-snapshot.v20250515162250.js.br
- clerk-js/5.67.0-snapshot.v20250515162250/66_clerk.browser_74d456_5.67.0-snapshot.v20250515162250.js.gz
- clerk-js/5.67.0-snapshot.v20250515162250/66_clerk.browser_74d456_5.67.0-snapshot.v20250515162250.min.js.br
- clerk-js/5.67.0-snapshot.v20250515162250/66_clerk.browser_74d456_5.67.0-snapshot.v20250515162250.min.js.gz
- clerk-js/5.67.0-snapshot.v20250515162250/66_clerk.chips.browser_427d1c_5.67.0-snapshot.v20250515162250.js.br
- clerk-js/5.67.0-snapshot.v20250515162250/66_clerk.chips.browser_427d1c_5.67.0-snapshot.v20250515162250.js.gz
- clerk-js/5.67.0-snapshot.v20250515162250/66_clerk.chips.browser_427d1c_5.67.0-snapshot.v20250515162250.min.js.br
- clerk-js/5.67.0-snapshot.v20250515162250/66_clerk.chips.browser_427d1c_5.67.0-snapshot.v20250515162250.min.js.gz
- clerk-js/5.67.0-snapshot.v20250515162250/66_clerk.legacy.browser_ddff36_5.67.0-snapshot.v20250515162250.js.br
- clerk-js/5.67.0-snapshot.v20250515162250/66_clerk.legacy.browser_ddff36_5.67.0-snapshot.v20250515162250.js.gz
- clerk-js/5.67.0-snapshot.v20250515162250/66_clerk.legacy.browser_ddff36_5.67.0-snapshot.v20250515162250.min.js.br
- clerk-js/5.67.0-snapshot.v20250515162250/66_clerk.legacy.browser_ddff36_5.67.0-snapshot.v20250515162250.min.js.gz
- clerk-js/5.67.0-snapshot.v20250515162250/890_clerk.headless_c1d71f_5.67.0-snapshot.v20250515162250.js.br
- clerk-js/5.67.0-snapshot.v20250515162250/890_clerk.headless_c1d71f_5.67.0-snapshot.v20250515162250.js.gz
- clerk-js/5.67.0-snapshot.v20250515162250/890_clerk.headless_c1d71f_5.67.0-snapshot.v20250515162250.min.js.br
- clerk-js/5.67.0-snapshot.v20250515162250/890_clerk.headless_c1d71f_5.67.0-snapshot.v20250515162250.min.js.gz
- clerk-js/5.67.0-snapshot.v20250515162250/965_clerk.headless_c1d71f_5.67.0-snapshot.v20250515162250.js.br
- clerk-js/5.67.0-snapshot.v20250515162250/965_clerk.headless_c1d71f_5.67.0-snapshot.v20250515162250.js.gz
- clerk-js/5.67.0-snapshot.v20250515162250/965_clerk.headless_c1d71f_5.67.0-snapshot.v20250515162250.min.js.br
- clerk-js/5.67.0-snapshot.v20250515162250/965_clerk.headless_c1d71f_5.67.0-snapshot.v20250515162250.min.js.gz
- clerk-js/5.67.0-snapshot.v20250515162250/blankcaptcha_clerk.browser_74d456_5.67.0-snapshot.v20250515162250.js.br
- clerk-js/5.67.0-snapshot.v20250515162250/blankcaptcha_clerk.browser_74d456_5.67.0-snapshot.v20250515162250.js.gz
- clerk-js/5.67.0-snapshot.v20250515162250/blankcaptcha_clerk.browser_74d456_5.67.0-snapshot.v20250515162250.min.js.br
- clerk-js/5.67.0-snapshot.v20250515162250/blankcaptcha_clerk.browser_74d456_5.67.0-snapshot.v20250515162250.min.js.gz
- clerk-js/5.67.0-snapshot.v20250515162250/blankcaptcha_clerk.chips.browser_427d1c_5.67.0-snapshot.v20250515162250.js.br
- clerk-js/5.67.0-snapshot.v20250515162250/blankcaptcha_clerk.chips.browser_427d1c_5.67.0-snapshot.v20250515162250.js.gz
- clerk-js/5.67.0-snapshot.v20250515162250/blankcaptcha_clerk.chips.browser_427d1c_5.67.0-snapshot.v20250515162250.min.js.br
- clerk-js/5.67.0-snapshot.v20250515162250/blankcaptcha_clerk.chips.browser_427d1c_5.67.0-snapshot.v20250515162250.min.js.gz
- clerk-js/5.67.0-snapshot.v20250515162250/blankcaptcha_clerk.legacy.browser_ddff36_5.67.0-snapshot.v20250515162250.js.br
- clerk-js/5.67.0-snapshot.v20250515162250/blankcaptcha_clerk.legacy.browser_ddff36_5.67.0-snapshot.v20250515162250.js.gz
- clerk-js/5.67.0-snapshot.v20250515162250/blankcaptcha_clerk.legacy.browser_ddff36_5.67.0-snapshot.v20250515162250.min.js.br
- clerk-js/5.67.0-snapshot.v20250515162250/blankcaptcha_clerk.legacy.browser_ddff36_5.67.0-snapshot.v20250515162250.min.js.gz
- clerk-js/5.67.0-snapshot.v20250515162250/checkout_clerk.browser_74d456_5.67.0-snapshot.v20250515162250.js.br
- clerk-js/5.67.0-snapshot.v20250515162250/checkout_clerk.browser_74d456_5.67.0-snapshot.v20250515162250.js.gz
- clerk-js/5.67.0-snapshot.v20250515162250/checkout_clerk.browser_74d456_5.67.0-snapshot.v20250515162250.min.js.br
- clerk-js/5.67.0-snapshot.v20250515162250/checkout_clerk.browser_74d456_5.67.0-snapshot.v20250515162250.min.js.gz
- clerk-js/5.67.0-snapshot.v20250515162250/checkout_clerk.chips.browser_427d1c_5.67.0-snapshot.v20250515162250.js.br
- clerk-js/5.67.0-snapshot.v20250515162250/checkout_clerk.chips.browser_427d1c_5.67.0-snapshot.v20250515162250.js.gz
- clerk-js/5.67.0-snapshot.v20250515162250/checkout_clerk.chips.browser_427d1c_5.67.0-snapshot.v20250515162250.min.js.br
- clerk-js/5.67.0-snapshot.v20250515162250/checkout_clerk.chips.browser_427d1c_5.67.0-snapshot.v20250515162250.min.js.gz
- clerk-js/5.67.0-snapshot.v20250515162250/checkout_clerk.legacy.browser_ddff36_5.67.0-snapshot.v20250515162250.js.br
- clerk-js/5.67.0-snapshot.v20250515162250/checkout_clerk.legacy.browser_ddff36_5.67.0-snapshot.v20250515162250.js.gz
- clerk-js/5.67.0-snapshot.v20250515162250/checkout_clerk.legacy.browser_ddff36_5.67.0-snapshot.v20250515162250.min.js.br
- clerk-js/5.67.0-snapshot.v20250515162250/checkout_clerk.legacy.browser_ddff36_5.67.0-snapshot.v20250515162250.min.js.gz
- clerk-js/5.67.0-snapshot.v20250515162250/clerk.browser.js.br
- clerk-js/5.67.0-snapshot.v20250515162250/clerk.browser.js.gz
- clerk-js/5.67.0-snapshot.v20250515162250/clerk.browser.min.js.br
- clerk-js/5.67.0-snapshot.v20250515162250/clerk.browser.min.js.gz
- clerk-js/5.67.0-snapshot.v20250515162250/clerk.chips.browser.js.br
- clerk-js/5.67.0-snapshot.v20250515162250/clerk.chips.browser.js.gz
- clerk-js/5.67.0-snapshot.v20250515162250/clerk.chips.browser.min.js.br
- clerk-js/5.67.0-snapshot.v20250515162250/clerk.chips.browser.min.js.gz
- clerk-js/5.67.0-snapshot.v20250515162250/clerk.headless.browser.js.br
- clerk-js/5.67.0-snapshot.v20250515162250/clerk.headless.browser.js.gz
- clerk-js/5.67.0-snapshot.v20250515162250/clerk.headless.browser.min.js.br
- clerk-js/5.67.0-snapshot.v20250515162250/clerk.headless.browser.min.js.gz
- clerk-js/5.67.0-snapshot.v20250515162250/clerk.headless.js.br
- clerk-js/5.67.0-snapshot.v20250515162250/clerk.headless.js.gz
- clerk-js/5.67.0-snapshot.v20250515162250/clerk.headless.min.js.br
- clerk-js/5.67.0-snapshot.v20250515162250/clerk.headless.min.js.gz
- clerk-js/5.67.0-snapshot.v20250515162250/clerk.js.br
- clerk-js/5.67.0-snapshot.v20250515162250/clerk.js.gz
- clerk-js/5.67.0-snapshot.v20250515162250/clerk.legacy.browser.js.br
- clerk-js/5.67.0-snapshot.v20250515162250/clerk.legacy.browser.js.gz
- clerk-js/5.67.0-snapshot.v20250515162250/clerk.legacy.browser.min.js.br
- clerk-js/5.67.0-snapshot.v20250515162250/clerk.legacy.browser.min.js.gz
- clerk-js/5.67.0-snapshot.v20250515162250/clerk.min.js.br
- clerk-js/5.67.0-snapshot.v20250515162250/clerk.min.js.gz
- clerk-js/5.67.0-snapshot.v20250515162250/clerk.mjs.br
- clerk-js/5.67.0-snapshot.v20250515162250/clerk.mjs.gz
- clerk-js/5.67.0-snapshot.v20250515162250/clerk.no-rhc.js.br
- clerk-js/5.67.0-snapshot.v20250515162250/clerk.no-rhc.js.gz
- clerk-js/5.67.0-snapshot.v20250515162250/clerk.no-rhc.min.js.br
- clerk-js/5.67.0-snapshot.v20250515162250/clerk.no-rhc.min.js.gz
- clerk-js/5.67.0-snapshot.v20250515162250/clerk.no-rhc.mjs.br
- clerk-js/5.67.0-snapshot.v20250515162250/clerk.no-rhc.mjs.gz
- clerk-js/5.67.0-snapshot.v20250515162250/coinbase-wallet-sdk_clerk.browser_74d456_5.67.0-snapshot.v20250515162250.js.br
- clerk-js/5.67.0-snapshot.v20250515162250/coinbase-wallet-sdk_clerk.browser_74d456_5.67.0-snapshot.v20250515162250.js.gz
- clerk-js/5.67.0-snapshot.v20250515162250/coinbase-wallet-sdk_clerk.browser_74d456_5.67.0-snapshot.v20250515162250.min.js.br
- clerk-js/5.67.0-snapshot.v20250515162250/coinbase-wallet-sdk_clerk.browser_74d456_5.67.0-snapshot.v20250515162250.min.js.gz
- clerk-js/5.67.0-snapshot.v20250515162250/coinbase-wallet-sdk_clerk.chips.browser_427d1c_5.67.0-snapshot.v20250515162250.js.br
- clerk-js/5.67.0-snapshot.v20250515162250/coinbase-wallet-sdk_clerk.chips.browser_427d1c_5.67.0-snapshot.v20250515162250.js.gz
- clerk-js/5.67.0-snapshot.v20250515162250/coinbase-wallet-sdk_clerk.chips.browser_427d1c_5.67.0-snapshot.v20250515162250.min.js.br
- clerk-js/5.67.0-snapshot.v20250515162250/coinbase-wallet-sdk_clerk.chips.browser_427d1c_5.67.0-snapshot.v20250515162250.min.js.gz
- clerk-js/5.67.0-snapshot.v20250515162250/coinbase-wallet-sdk_clerk.headless.browser_304c99_5.67.0-snapshot.v20250515162250.js.br
- clerk-js/5.67.0-snapshot.v20250515162250/coinbase-wallet-sdk_clerk.headless.browser_304c99_5.67.0-snapshot.v20250515162250.js.gz
- clerk-js/5.67.0-snapshot.v20250515162250/coinbase-wallet-sdk_clerk.headless.browser_304c99_5.67.0-snapshot.v20250515162250.min.js.br
- clerk-js/5.67.0-snapshot.v20250515162250/coinbase-wallet-sdk_clerk.headless.browser_304c99_5.67.0-snapshot.v20250515162250.min.js.gz
- clerk-js/5.67.0-snapshot.v20250515162250/coinbase-wallet-sdk_clerk.legacy.browser_ddff36_5.67.0-snapshot.v20250515162250.js.br
- clerk-js/5.67.0-snapshot.v20250515162250/coinbase-wallet-sdk_clerk.legacy.browser_ddff36_5.67.0-snapshot.v20250515162250.js.gz
- clerk-js/5.67.0-snapshot.v20250515162250/coinbase-wallet-sdk_clerk.legacy.browser_ddff36_5.67.0-snapshot.v20250515162250.min.js.br
- clerk-js/5.67.0-snapshot.v20250515162250/coinbase-wallet-sdk_clerk.legacy.browser_ddff36_5.67.0-snapshot.v20250515162250.min.js.gz
- clerk-js/5.67.0-snapshot.v20250515162250/cookieSuffix_clerk.browser_74d456_5.67.0-snapshot.v20250515162250.js.br
- clerk-js/5.67.0-snapshot.v20250515162250/cookieSuffix_clerk.browser_74d456_5.67.0-snapshot.v20250515162250.js.gz
- clerk-js/5.67.0-snapshot.v20250515162250/cookieSuffix_clerk.browser_74d456_5.67.0-snapshot.v20250515162250.min.js.br
- clerk-js/5.67.0-snapshot.v20250515162250/cookieSuffix_clerk.browser_74d456_5.67.0-snapshot.v20250515162250.min.js.gz
- clerk-js/5.67.0-snapshot.v20250515162250/cookieSuffix_clerk.chips.browser_427d1c_5.67.0-snapshot.v20250515162250.js.br
- clerk-js/5.67.0-snapshot.v20250515162250/cookieSuffix_clerk.chips.browser_427d1c_5.67.0-snapshot.v20250515162250.js.gz
- clerk-js/5.67.0-snapshot.v20250515162250/cookieSuffix_clerk.chips.browser_427d1c_5.67.0-snapshot.v20250515162250.min.js.br
- clerk-js/5.67.0-snapshot.v20250515162250/cookieSuffix_clerk.chips.browser_427d1c_5.67.0-snapshot.v20250515162250.min.js.gz
- clerk-js/5.67.0-snapshot.v20250515162250/cookieSuffix_clerk.headless.browser_304c99_5.67.0-snapshot.v20250515162250.js.br
- clerk-js/5.67.0-snapshot.v20250515162250/cookieSuffix_clerk.headless.browser_304c99_5.67.0-snapshot.v20250515162250.js.gz
- clerk-js/5.67.0-snapshot.v20250515162250/cookieSuffix_clerk.headless.browser_304c99_5.67.0-snapshot.v20250515162250.min.js.br
- clerk-js/5.67.0-snapshot.v20250515162250/cookieSuffix_clerk.headless.browser_304c99_5.67.0-snapshot.v20250515162250.min.js.gz
- clerk-js/5.67.0-snapshot.v20250515162250/cookieSuffix_clerk.headless_c1d71f_5.67.0-snapshot.v20250515162250.js.br
- clerk-js/5.67.0-snapshot.v20250515162250/cookieSuffix_clerk.headless_c1d71f_5.67.0-snapshot.v20250515162250.js.gz
- clerk-js/5.67.0-snapshot.v20250515162250/cookieSuffix_clerk.headless_c1d71f_5.67.0-snapshot.v20250515162250.min.js.br
- clerk-js/5.67.0-snapshot.v20250515162250/cookieSuffix_clerk.headless_c1d71f_5.67.0-snapshot.v20250515162250.min.js.gz
- clerk-js/5.67.0-snapshot.v20250515162250/cookieSuffix_clerk.legacy.browser_ddff36_5.67.0-snapshot.v20250515162250.js.br
- clerk-js/5.67.0-snapshot.v20250515162250/cookieSuffix_clerk.legacy.browser_ddff36_5.67.0-snapshot.v20250515162250.js.gz
- clerk-js/5.67.0-snapshot.v20250515162250/cookieSuffix_clerk.legacy.browser_ddff36_5.67.0-snapshot.v20250515162250.min.js.br
- clerk-js/5.67.0-snapshot.v20250515162250/cookieSuffix_clerk.legacy.browser_ddff36_5.67.0-snapshot.v20250515162250.min.js.gz
- clerk-js/5.67.0-snapshot.v20250515162250/createorganization_clerk.browser_74d456_5.67.0-snapshot.v20250515162250.js.br
- clerk-js/5.67.0-snapshot.v20250515162250/createorganization_clerk.browser_74d456_5.67.0-snapshot.v20250515162250.js.gz
- clerk-js/5.67.0-snapshot.v20250515162250/createorganization_clerk.browser_74d456_5.67.0-snapshot.v20250515162250.min.js.br
- clerk-js/5.67.0-snapshot.v20250515162250/createorganization_clerk.browser_74d456_5.67.0-snapshot.v20250515162250.min.js.gz
- clerk-js/5.67.0-snapshot.v20250515162250/createorganization_clerk.chips.browser_427d1c_5.67.0-snapshot.v20250515162250.js.br
- clerk-js/5.67.0-snapshot.v20250515162250/createorganization_clerk.chips.browser_427d1c_5.67.0-snapshot.v20250515162250.js.gz
- clerk-js/5.67.0-snapshot.v20250515162250/createorganization_clerk.chips.browser_427d1c_5.67.0-snapshot.v20250515162250.min.js.br
- clerk-js/5.67.0-snapshot.v20250515162250/createorganization_clerk.chips.browser_427d1c_5.67.0-snapshot.v20250515162250.min.js.gz
- clerk-js/5.67.0-snapshot.v20250515162250/createorganization_clerk.legacy.browser_ddff36_5.67.0-snapshot.v20250515162250.js.br
- clerk-js/5.67.0-snapshot.v20250515162250/createorganization_clerk.legacy.browser_ddff36_5.67.0-snapshot.v20250515162250.js.gz
- clerk-js/5.67.0-snapshot.v20250515162250/createorganization_clerk.legacy.browser_ddff36_5.67.0-snapshot.v20250515162250.min.js.br
- clerk-js/5.67.0-snapshot.v20250515162250/createorganization_clerk.legacy.browser_ddff36_5.67.0-snapshot.v20250515162250.min.js.gz
- clerk-js/5.67.0-snapshot.v20250515162250/framework_clerk.browser_74d456_5.67.0-snapshot.v20250515162250.js.br
- clerk-js/5.67.0-snapshot.v20250515162250/framework_clerk.browser_74d456_5.67.0-snapshot.v20250515162250.js.gz
- clerk-js/5.67.0-snapshot.v20250515162250/framework_clerk.browser_74d456_5.67.0-snapshot.v20250515162250.min.js.br
- clerk-js/5.67.0-snapshot.v20250515162250/framework_clerk.browser_74d456_5.67.0-snapshot.v20250515162250.min.js.gz
- clerk-js/5.67.0-snapshot.v20250515162250/framework_clerk.chips.browser_427d1c_5.67.0-snapshot.v20250515162250.js.br
- clerk-js/5.67.0-snapshot.v20250515162250/framework_clerk.chips.browser_427d1c_5.67.0-snapshot.v20250515162250.js.gz
- clerk-js/5.67.0-snapshot.v20250515162250/framework_clerk.chips.browser_427d1c_5.67.0-snapshot.v20250515162250.min.js.br
- clerk-js/5.67.0-snapshot.v20250515162250/framework_clerk.chips.browser_427d1c_5.67.0-snapshot.v20250515162250.min.js.gz
- clerk-js/5.67.0-snapshot.v20250515162250/framework_clerk.legacy.browser_ddff36_5.67.0-snapshot.v20250515162250.js.br
- clerk-js/5.67.0-snapshot.v20250515162250/framework_clerk.legacy.browser_ddff36_5.67.0-snapshot.v20250515162250.js.gz
- clerk-js/5.67.0-snapshot.v20250515162250/framework_clerk.legacy.browser_ddff36_5.67.0-snapshot.v20250515162250.min.js.br
- clerk-js/5.67.0-snapshot.v20250515162250/framework_clerk.legacy.browser_ddff36_5.67.0-snapshot.v20250515162250.min.js.gz
- clerk-js/5.67.0-snapshot.v20250515162250/impersonationfab_clerk.browser_74d456_5.67.0-snapshot.v20250515162250.js.br
- clerk-js/5.67.0-snapshot.v20250515162250/impersonationfab_clerk.browser_74d456_5.67.0-snapshot.v20250515162250.js.gz
- clerk-js/5.67.0-snapshot.v20250515162250/impersonationfab_clerk.browser_74d456_5.67.0-snapshot.v20250515162250.min.js.br
- clerk-js/5.67.0-snapshot.v20250515162250/impersonationfab_clerk.browser_74d456_5.67.0-snapshot.v20250515162250.min.js.gz
- clerk-js/5.67.0-snapshot.v20250515162250/impersonationfab_clerk.chips.browser_427d1c_5.67.0-snapshot.v20250515162250.js.br
- clerk-js/5.67.0-snapshot.v20250515162250/impersonationfab_clerk.chips.browser_427d1c_5.67.0-snapshot.v20250515162250.js.gz
- clerk-js/5.67.0-snapshot.v20250515162250/impersonationfab_clerk.chips.browser_427d1c_5.67.0-snapshot.v20250515162250.min.js.br
- clerk-js/5.67.0-snapshot.v20250515162250/impersonationfab_clerk.chips.browser_427d1c_5.67.0-snapshot.v20250515162250.min.js.gz
- clerk-js/5.67.0-snapshot.v20250515162250/impersonationfab_clerk.legacy.browser_ddff36_5.67.0-snapshot.v20250515162250.js.br
- clerk-js/5.67.0-snapshot.v20250515162250/impersonationfab_clerk.legacy.browser_ddff36_5.67.0-snapshot.v20250515162250.js.gz
- clerk-js/5.67.0-snapshot.v20250515162250/impersonationfab_clerk.legacy.browser_ddff36_5.67.0-snapshot.v20250515162250.min.js.br
- clerk-js/5.67.0-snapshot.v20250515162250/impersonationfab_clerk.legacy.browser_ddff36_5.67.0-snapshot.v20250515162250.min.js.gz
- clerk-js/5.67.0-snapshot.v20250515162250/keylessPrompt_clerk.browser_74d456_5.67.0-snapshot.v20250515162250.js.br
- clerk-js/5.67.0-snapshot.v20250515162250/keylessPrompt_clerk.browser_74d456_5.67.0-snapshot.v20250515162250.js.gz
- clerk-js/5.67.0-snapshot.v20250515162250/keylessPrompt_clerk.browser_74d456_5.67.0-snapshot.v20250515162250.min.js.br
- clerk-js/5.67.0-snapshot.v20250515162250/keylessPrompt_clerk.browser_74d456_5.67.0-snapshot.v20250515162250.min.js.gz
- clerk-js/5.67.0-snapshot.v20250515162250/keylessPrompt_clerk.chips.browser_427d1c_5.67.0-snapshot.v20250515162250.js.br
- clerk-js/5.67.0-snapshot.v20250515162250/keylessPrompt_clerk.chips.browser_427d1c_5.67.0-snapshot.v20250515162250.js.gz
- clerk-js/5.67.0-snapshot.v20250515162250/keylessPrompt_clerk.chips.browser_427d1c_5.67.0-snapshot.v20250515162250.min.js.br
- clerk-js/5.67.0-snapshot.v20250515162250/keylessPrompt_clerk.chips.browser_427d1c_5.67.0-snapshot.v20250515162250.min.js.gz
- clerk-js/5.67.0-snapshot.v20250515162250/keylessPrompt_clerk.legacy.browser_ddff36_5.67.0-snapshot.v20250515162250.js.br
- clerk-js/5.67.0-snapshot.v20250515162250/keylessPrompt_clerk.legacy.browser_ddff36_5.67.0-snapshot.v20250515162250.js.gz
- clerk-js/5.67.0-snapshot.v20250515162250/keylessPrompt_clerk.legacy.browser_ddff36_5.67.0-snapshot.v20250515162250.min.js.br
- clerk-js/5.67.0-snapshot.v20250515162250/keylessPrompt_clerk.legacy.browser_ddff36_5.67.0-snapshot.v20250515162250.min.js.gz
- clerk-js/5.67.0-snapshot.v20250515162250/onetap_clerk.browser_74d456_5.67.0-snapshot.v20250515162250.js.br
- clerk-js/5.67.0-snapshot.v20250515162250/onetap_clerk.browser_74d456_5.67.0-snapshot.v20250515162250.js.gz
- clerk-js/5.67.0-snapshot.v20250515162250/onetap_clerk.browser_74d456_5.67.0-snapshot.v20250515162250.min.js.br
- clerk-js/5.67.0-snapshot.v20250515162250/onetap_clerk.browser_74d456_5.67.0-snapshot.v20250515162250.min.js.gz
- clerk-js/5.67.0-snapshot.v20250515162250/onetap_clerk.chips.browser_427d1c_5.67.0-snapshot.v20250515162250.js.br
- clerk-js/5.67.0-snapshot.v20250515162250/onetap_clerk.chips.browser_427d1c_5.67.0-snapshot.v20250515162250.js.gz
- clerk-js/5.67.0-snapshot.v20250515162250/onetap_clerk.chips.browser_427d1c_5.67.0-snapshot.v20250515162250.min.js.br
- clerk-js/5.67.0-snapshot.v20250515162250/onetap_clerk.chips.browser_427d1c_5.67.0-snapshot.v20250515162250.min.js.gz
- clerk-js/5.67.0-snapshot.v20250515162250/onetap_clerk.legacy.browser_ddff36_5.67.0-snapshot.v20250515162250.js.br
- clerk-js/5.67.0-snapshot.v20250515162250/onetap_clerk.legacy.browser_ddff36_5.67.0-snapshot.v20250515162250.js.gz
- clerk-js/5.67.0-snapshot.v20250515162250/onetap_clerk.legacy.browser_ddff36_5.67.0-snapshot.v20250515162250.min.js.br
- clerk-js/5.67.0-snapshot.v20250515162250/onetap_clerk.legacy.browser_ddff36_5.67.0-snapshot.v20250515162250.min.js.gz
- clerk-js/5.67.0-snapshot.v20250515162250/op-billing-page_clerk.browser_74d456_5.67.0-snapshot.v20250515162250.js.br
- clerk-js/5.67.0-snapshot.v20250515162250/op-billing-page_clerk.browser_74d456_5.67.0-snapshot.v20250515162250.js.gz
- clerk-js/5.67.0-snapshot.v20250515162250/op-billing-page_clerk.browser_74d456_5.67.0-snapshot.v20250515162250.min.js.br
- clerk-js/5.67.0-snapshot.v20250515162250/op-billing-page_clerk.browser_74d456_5.67.0-snapshot.v20250515162250.min.js.gz
- clerk-js/5.67.0-snapshot.v20250515162250/op-billing-page_clerk.chips.browser_427d1c_5.67.0-snapshot.v20250515162250.js.br
- clerk-js/5.67.0-snapshot.v20250515162250/op-billing-page_clerk.chips.browser_427d1c_5.67.0-snapshot.v20250515162250.js.gz
- clerk-js/5.67.0-snapshot.v20250515162250/op-billing-page_clerk.chips.browser_427d1c_5.67.0-snapshot.v20250515162250.min.js.br
- clerk-js/5.67.0-snapshot.v20250515162250/op-billing-page_clerk.chips.browser_427d1c_5.67.0-snapshot.v20250515162250.min.js.gz
- clerk-js/5.67.0-snapshot.v20250515162250/op-billing-page_clerk.legacy.browser_ddff36_5.67.0-snapshot.v20250515162250.js.br
- clerk-js/5.67.0-snapshot.v20250515162250/op-billing-page_clerk.legacy.browser_ddff36_5.67.0-snapshot.v20250515162250.js.gz
- clerk-js/5.67.0-snapshot.v20250515162250/op-billing-page_clerk.legacy.browser_ddff36_5.67.0-snapshot.v20250515162250.min.js.br
- clerk-js/5.67.0-snapshot.v20250515162250/op-billing-page_clerk.legacy.browser_ddff36_5.67.0-snapshot.v20250515162250.min.js.gz
- clerk-js/5.67.0-snapshot.v20250515162250/organizationlist_clerk.browser_74d456_5.67.0-snapshot.v20250515162250.js.br
- clerk-js/5.67.0-snapshot.v20250515162250/organizationlist_clerk.browser_74d456_5.67.0-snapshot.v20250515162250.js.gz
- clerk-js/5.67.0-snapshot.v20250515162250/organizationlist_clerk.browser_74d456_5.67.0-snapshot.v20250515162250.min.js.br
- clerk-js/5.67.0-snapshot.v20250515162250/organizationlist_clerk.browser_74d456_5.67.0-snapshot.v20250515162250.min.js.gz
- clerk-js/5.67.0-snapshot.v20250515162250/organizationlist_clerk.chips.browser_427d1c_5.67.0-snapshot.v20250515162250.js.br
- clerk-js/5.67.0-snapshot.v20250515162250/organizationlist_clerk.chips.browser_427d1c_5.67.0-snapshot.v20250515162250.js.gz
- clerk-js/5.67.0-snapshot.v20250515162250/organizationlist_clerk.chips.browser_427d1c_5.67.0-snapshot.v20250515162250.min.js.br
- clerk-js/5.67.0-snapshot.v20250515162250/organizationlist_clerk.chips.browser_427d1c_5.67.0-snapshot.v20250515162250.min.js.gz
- clerk-js/5.67.0-snapshot.v20250515162250/organizationlist_clerk.legacy.browser_ddff36_5.67.0-snapshot.v20250515162250.js.br
- clerk-js/5.67.0-snapshot.v20250515162250/organizationlist_clerk.legacy.browser_ddff36_5.67.0-snapshot.v20250515162250.js.gz
- clerk-js/5.67.0-snapshot.v20250515162250/organizationlist_clerk.legacy.browser_ddff36_5.67.0-snapshot.v20250515162250.min.js.br
- clerk-js/5.67.0-snapshot.v20250515162250/organizationlist_clerk.legacy.browser_ddff36_5.67.0-snapshot.v20250515162250.min.js.gz
- clerk-js/5.67.0-snapshot.v20250515162250/organizationprofile_clerk.browser_74d456_5.67.0-snapshot.v20250515162250.js.br
- clerk-js/5.67.0-snapshot.v20250515162250/organizationprofile_clerk.browser_74d456_5.67.0-snapshot.v20250515162250.js.gz
- clerk-js/5.67.0-snapshot.v20250515162250/organizationprofile_clerk.browser_74d456_5.67.0-snapshot.v20250515162250.min.js.br
- clerk-js/5.67.0-snapshot.v20250515162250/organizationprofile_clerk.browser_74d456_5.67.0-snapshot.v20250515162250.min.js.gz
- clerk-js/5.67.0-snapshot.v20250515162250/organizationprofile_clerk.chips.browser_427d1c_5.67.0-snapshot.v20250515162250.js.br
- clerk-js/5.67.0-snapshot.v20250515162250/organizationprofile_clerk.chips.browser_427d1c_5.67.0-snapshot.v20250515162250.js.gz
- clerk-js/5.67.0-snapshot.v20250515162250/organizationprofile_clerk.chips.browser_427d1c_5.67.0-snapshot.v20250515162250.min.js.br
- clerk-js/5.67.0-snapshot.v20250515162250/organizationprofile_clerk.chips.browser_427d1c_5.67.0-snapshot.v20250515162250.min.js.gz
- clerk-js/5.67.0-snapshot.v20250515162250/organizationprofile_clerk.legacy.browser_ddff36_5.67.0-snapshot.v20250515162250.js.br
- clerk-js/5.67.0-snapshot.v20250515162250/organizationprofile_clerk.legacy.browser_ddff36_5.67.0-snapshot.v20250515162250.js.gz
- clerk-js/5.67.0-snapshot.v20250515162250/organizationprofile_clerk.legacy.browser_ddff36_5.67.0-snapshot.v20250515162250.min.js.br
- clerk-js/5.67.0-snapshot.v20250515162250/organizationprofile_clerk.legacy.browser_ddff36_5.67.0-snapshot.v20250515162250.min.js.gz
- clerk-js/5.67.0-snapshot.v20250515162250/organizationswitcher_clerk.browser_74d456_5.67.0-snapshot.v20250515162250.js.br
- clerk-js/5.67.0-snapshot.v20250515162250/organizationswitcher_clerk.browser_74d456_5.67.0-snapshot.v20250515162250.js.gz
- clerk-js/5.67.0-snapshot.v20250515162250/organizationswitcher_clerk.browser_74d456_5.67.0-snapshot.v20250515162250.min.js.br
- clerk-js/5.67.0-snapshot.v20250515162250/organizationswitcher_clerk.browser_74d456_5.67.0-snapshot.v20250515162250.min.js.gz
- clerk-js/5.67.0-snapshot.v20250515162250/organizationswitcher_clerk.chips.browser_427d1c_5.67.0-snapshot.v20250515162250.js.br
- clerk-js/5.67.0-snapshot.v20250515162250/organizationswitcher_clerk.chips.browser_427d1c_5.67.0-snapshot.v20250515162250.js.gz
- clerk-js/5.67.0-snapshot.v20250515162250/organizationswitcher_clerk.chips.browser_427d1c_5.67.0-snapshot.v20250515162250.min.js.br
- clerk-js/5.67.0-snapshot.v20250515162250/organizationswitcher_clerk.chips.browser_427d1c_5.67.0-snapshot.v20250515162250.min.js.gz
- clerk-js/5.67.0-snapshot.v20250515162250/organizationswitcher_clerk.legacy.browser_ddff36_5.67.0-snapshot.v20250515162250.js.br
- clerk-js/5.67.0-snapshot.v20250515162250/organizationswitcher_clerk.legacy.browser_ddff36_5.67.0-snapshot.v20250515162250.js.gz
- clerk-js/5.67.0-snapshot.v20250515162250/organizationswitcher_clerk.legacy.browser_ddff36_5.67.0-snapshot.v20250515162250.min.js.br
- clerk-js/5.67.0-snapshot.v20250515162250/organizationswitcher_clerk.legacy.browser_ddff36_5.67.0-snapshot.v20250515162250.min.js.gz
- clerk-js/5.67.0-snapshot.v20250515162250/paymentSources_clerk.browser_74d456_5.67.0-snapshot.v20250515162250.js.br
- clerk-js/5.67.0-snapshot.v20250515162250/paymentSources_clerk.browser_74d456_5.67.0-snapshot.v20250515162250.js.gz
- clerk-js/5.67.0-snapshot.v20250515162250/paymentSources_clerk.browser_74d456_5.67.0-snapshot.v20250515162250.min.js.br
- clerk-js/5.67.0-snapshot.v20250515162250/paymentSources_clerk.browser_74d456_5.67.0-snapshot.v20250515162250.min.js.gz
- clerk-js/5.67.0-snapshot.v20250515162250/paymentSources_clerk.chips.browser_427d1c_5.67.0-snapshot.v20250515162250.js.br
- clerk-js/5.67.0-snapshot.v20250515162250/paymentSources_clerk.chips.browser_427d1c_5.67.0-snapshot.v20250515162250.js.gz
- clerk-js/5.67.0-snapshot.v20250515162250/paymentSources_clerk.chips.browser_427d1c_5.67.0-snapshot.v20250515162250.min.js.br
- clerk-js/5.67.0-snapshot.v20250515162250/paymentSources_clerk.chips.browser_427d1c_5.67.0-snapshot.v20250515162250.min.js.gz
- clerk-js/5.67.0-snapshot.v20250515162250/paymentSources_clerk.legacy.browser_ddff36_5.67.0-snapshot.v20250515162250.js.br
- clerk-js/5.67.0-snapshot.v20250515162250/paymentSources_clerk.legacy.browser_ddff36_5.67.0-snapshot.v20250515162250.js.gz
- clerk-js/5.67.0-snapshot.v20250515162250/paymentSources_clerk.legacy.browser_ddff36_5.67.0-snapshot.v20250515162250.min.js.br
- clerk-js/5.67.0-snapshot.v20250515162250/paymentSources_clerk.legacy.browser_ddff36_5.67.0-snapshot.v20250515162250.min.js.gz
- clerk-js/5.67.0-snapshot.v20250515162250/planDetails_clerk.browser_74d456_5.67.0-snapshot.v20250515162250.js.br
- clerk-js/5.67.0-snapshot.v20250515162250/planDetails_clerk.browser_74d456_5.67.0-snapshot.v20250515162250.js.gz
- clerk-js/5.67.0-snapshot.v20250515162250/planDetails_clerk.browser_74d456_5.67.0-snapshot.v20250515162250.min.js.br
- clerk-js/5.67.0-snapshot.v20250515162250/planDetails_clerk.browser_74d456_5.67.0-snapshot.v20250515162250.min.js.gz
- clerk-js/5.67.0-snapshot.v20250515162250/planDetails_clerk.chips.browser_427d1c_5.67.0-snapshot.v20250515162250.js.br
- clerk-js/5.67.0-snapshot.v20250515162250/planDetails_clerk.chips.browser_427d1c_5.67.0-snapshot.v20250515162250.js.gz
- clerk-js/5.67.0-snapshot.v20250515162250/planDetails_clerk.chips.browser_427d1c_5.67.0-snapshot.v20250515162250.min.js.br
- clerk-js/5.67.0-snapshot.v20250515162250/planDetails_clerk.chips.browser_427d1c_5.67.0-snapshot.v20250515162250.min.js.gz
- clerk-js/5.67.0-snapshot.v20250515162250/planDetails_clerk.legacy.browser_ddff36_5.67.0-snapshot.v20250515162250.js.br
- clerk-js/5.67.0-snapshot.v20250515162250/planDetails_clerk.legacy.browser_ddff36_5.67.0-snapshot.v20250515162250.js.gz
- clerk-js/5.67.0-snapshot.v20250515162250/planDetails_clerk.legacy.browser_ddff36_5.67.0-snapshot.v20250515162250.min.js.br
- clerk-js/5.67.0-snapshot.v20250515162250/planDetails_clerk.legacy.browser_ddff36_5.67.0-snapshot.v20250515162250.min.js.gz
- clerk-js/5.67.0-snapshot.v20250515162250/prefetchorganizationlist_clerk.browser_74d456_5.67.0-snapshot.v20250515162250.js.br
- clerk-js/5.67.0-snapshot.v20250515162250/prefetchorganizationlist_clerk.browser_74d456_5.67.0-snapshot.v20250515162250.js.gz
- clerk-js/5.67.0-snapshot.v20250515162250/prefetchorganizationlist_clerk.browser_74d456_5.67.0-snapshot.v20250515162250.min.js.br
- clerk-js/5.67.0-snapshot.v20250515162250/prefetchorganizationlist_clerk.browser_74d456_5.67.0-snapshot.v20250515162250.min.js.gz
- clerk-js/5.67.0-snapshot.v20250515162250/prefetchorganizationlist_clerk.chips.browser_427d1c_5.67.0-snapshot.v20250515162250.js.br
- clerk-js/5.67.0-snapshot.v20250515162250/prefetchorganizationlist_clerk.chips.browser_427d1c_5.67.0-snapshot.v20250515162250.js.gz
- clerk-js/5.67.0-snapshot.v20250515162250/prefetchorganizationlist_clerk.chips.browser_427d1c_5.67.0-snapshot.v20250515162250.min.js.br
- clerk-js/5.67.0-snapshot.v20250515162250/prefetchorganizationlist_clerk.chips.browser_427d1c_5.67.0-snapshot.v20250515162250.min.js.gz
- clerk-js/5.67.0-snapshot.v20250515162250/prefetchorganizationlist_clerk.legacy.browser_ddff36_5.67.0-snapshot.v20250515162250.js.br
- clerk-js/5.67.0-snapshot.v20250515162250/prefetchorganizationlist_clerk.legacy.browser_ddff36_5.67.0-snapshot.v20250515162250.js.gz
- clerk-js/5.67.0-snapshot.v20250515162250/prefetchorganizationlist_clerk.legacy.browser_ddff36_5.67.0-snapshot.v20250515162250.min.js.br
- clerk-js/5.67.0-snapshot.v20250515162250/prefetchorganizationlist_clerk.legacy.browser_ddff36_5.67.0-snapshot.v20250515162250.min.js.gz
- clerk-js/5.67.0-snapshot.v20250515162250/pricingTable_clerk.browser_74d456_5.67.0-snapshot.v20250515162250.js.br
- clerk-js/5.67.0-snapshot.v20250515162250/pricingTable_clerk.browser_74d456_5.67.0-snapshot.v20250515162250.js.gz
- clerk-js/5.67.0-snapshot.v20250515162250/pricingTable_clerk.browser_74d456_5.67.0-snapshot.v20250515162250.min.js.br
- clerk-js/5.67.0-snapshot.v20250515162250/pricingTable_clerk.browser_74d456_5.67.0-snapshot.v20250515162250.min.js.gz
- clerk-js/5.67.0-snapshot.v20250515162250/pricingTable_clerk.chips.browser_427d1c_5.67.0-snapshot.v20250515162250.js.br
- clerk-js/5.67.0-snapshot.v20250515162250/pricingTable_clerk.chips.browser_427d1c_5.67.0-snapshot.v20250515162250.js.gz
- clerk-js/5.67.0-snapshot.v20250515162250/pricingTable_clerk.chips.browser_427d1c_5.67.0-snapshot.v20250515162250.min.js.br
- clerk-js/5.67.0-snapshot.v20250515162250/pricingTable_clerk.chips.browser_427d1c_5.67.0-snapshot.v20250515162250.min.js.gz
- clerk-js/5.67.0-snapshot.v20250515162250/pricingTable_clerk.legacy.browser_ddff36_5.67.0-snapshot.v20250515162250.js.br
- clerk-js/5.67.0-snapshot.v20250515162250/pricingTable_clerk.legacy.browser_ddff36_5.67.0-snapshot.v20250515162250.js.gz
- clerk-js/5.67.0-snapshot.v20250515162250/pricingTable_clerk.legacy.browser_ddff36_5.67.0-snapshot.v20250515162250.min.js.br
- clerk-js/5.67.0-snapshot.v20250515162250/pricingTable_clerk.legacy.browser_ddff36_5.67.0-snapshot.v20250515162250.min.js.gz
- clerk-js/5.67.0-snapshot.v20250515162250/sessionTasks_clerk.browser_74d456_5.67.0-snapshot.v20250515162250.js.br
- clerk-js/5.67.0-snapshot.v20250515162250/sessionTasks_clerk.browser_74d456_5.67.0-snapshot.v20250515162250.js.gz
- clerk-js/5.67.0-snapshot.v20250515162250/sessionTasks_clerk.browser_74d456_5.67.0-snapshot.v20250515162250.min.js.br
- clerk-js/5.67.0-snapshot.v20250515162250/sessionTasks_clerk.browser_74d456_5.67.0-snapshot.v20250515162250.min.js.gz
- clerk-js/5.67.0-snapshot.v20250515162250/sessionTasks_clerk.chips.browser_427d1c_5.67.0-snapshot.v20250515162250.js.br
- clerk-js/5.67.0-snapshot.v20250515162250/sessionTasks_clerk.chips.browser_427d1c_5.67.0-snapshot.v20250515162250.js.gz
- clerk-js/5.67.0-snapshot.v20250515162250/sessionTasks_clerk.chips.browser_427d1c_5.67.0-snapshot.v20250515162250.min.js.br
- clerk-js/5.67.0-snapshot.v20250515162250/sessionTasks_clerk.chips.browser_427d1c_5.67.0-snapshot.v20250515162250.min.js.gz
- clerk-js/5.67.0-snapshot.v20250515162250/sessionTasks_clerk.legacy.browser_ddff36_5.67.0-snapshot.v20250515162250.js.br
- clerk-js/5.67.0-snapshot.v20250515162250/sessionTasks_clerk.legacy.browser_ddff36_5.67.0-snapshot.v20250515162250.js.gz
- clerk-js/5.67.0-snapshot.v20250515162250/sessionTasks_clerk.legacy.browser_ddff36_5.67.0-snapshot.v20250515162250.min.js.br
- clerk-js/5.67.0-snapshot.v20250515162250/sessionTasks_clerk.legacy.browser_ddff36_5.67.0-snapshot.v20250515162250.min.js.gz
- clerk-js/5.67.0-snapshot.v20250515162250/signin_clerk.browser_74d456_5.67.0-snapshot.v20250515162250.js.br
- clerk-js/5.67.0-snapshot.v20250515162250/signin_clerk.browser_74d456_5.67.0-snapshot.v20250515162250.js.gz
- clerk-js/5.67.0-snapshot.v20250515162250/signin_clerk.browser_74d456_5.67.0-snapshot.v20250515162250.min.js.br
- clerk-js/5.67.0-snapshot.v20250515162250/signin_clerk.browser_74d456_5.67.0-snapshot.v20250515162250.min.js.gz
- clerk-js/5.67.0-snapshot.v20250515162250/signin_clerk.chips.browser_427d1c_5.67.0-snapshot.v20250515162250.js.br
- clerk-js/5.67.0-snapshot.v20250515162250/signin_clerk.chips.browser_427d1c_5.67.0-snapshot.v20250515162250.js.gz
- clerk-js/5.67.0-snapshot.v20250515162250/signin_clerk.chips.browser_427d1c_5.67.0-snapshot.v20250515162250.min.js.br
- clerk-js/5.67.0-snapshot.v20250515162250/signin_clerk.chips.browser_427d1c_5.67.0-snapshot.v20250515162250.min.js.gz
- clerk-js/5.67.0-snapshot.v20250515162250/signin_clerk.legacy.browser_ddff36_5.67.0-snapshot.v20250515162250.js.br
- clerk-js/5.67.0-snapshot.v20250515162250/signin_clerk.legacy.browser_ddff36_5.67.0-snapshot.v20250515162250.js.gz
- clerk-js/5.67.0-snapshot.v20250515162250/signin_clerk.legacy.browser_ddff36_5.67.0-snapshot.v20250515162250.min.js.br
- clerk-js/5.67.0-snapshot.v20250515162250/signin_clerk.legacy.browser_ddff36_5.67.0-snapshot.v20250515162250.min.js.gz
- clerk-js/5.67.0-snapshot.v20250515162250/signup_clerk.browser_74d456_5.67.0-snapshot.v20250515162250.js.br
- clerk-js/5.67.0-snapshot.v20250515162250/signup_clerk.browser_74d456_5.67.0-snapshot.v20250515162250.js.gz
- clerk-js/5.67.0-snapshot.v20250515162250/signup_clerk.browser_74d456_5.67.0-snapshot.v20250515162250.min.js.br
- clerk-js/5.67.0-snapshot.v20250515162250/signup_clerk.browser_74d456_5.67.0-snapshot.v20250515162250.min.js.gz
- clerk-js/5.67.0-snapshot.v20250515162250/signup_clerk.chips.browser_427d1c_5.67.0-snapshot.v20250515162250.js.br
- clerk-js/5.67.0-snapshot.v20250515162250/signup_clerk.chips.browser_427d1c_5.67.0-snapshot.v20250515162250.js.gz
- clerk-js/5.67.0-snapshot.v20250515162250/signup_clerk.chips.browser_427d1c_5.67.0-snapshot.v20250515162250.min.js.br
- clerk-js/5.67.0-snapshot.v20250515162250/signup_clerk.chips.browser_427d1c_5.67.0-snapshot.v20250515162250.min.js.gz
- clerk-js/5.67.0-snapshot.v20250515162250/signup_clerk.legacy.browser_ddff36_5.67.0-snapshot.v20250515162250.js.br
- clerk-js/5.67.0-snapshot.v20250515162250/signup_clerk.legacy.browser_ddff36_5.67.0-snapshot.v20250515162250.js.gz
- clerk-js/5.67.0-snapshot.v20250515162250/signup_clerk.legacy.browser_ddff36_5.67.0-snapshot.v20250515162250.min.js.br
- clerk-js/5.67.0-snapshot.v20250515162250/signup_clerk.legacy.browser_ddff36_5.67.0-snapshot.v20250515162250.min.js.gz
- clerk-js/5.67.0-snapshot.v20250515162250/ui-common_clerk.browser_74d456_5.67.0-snapshot.v20250515162250.js.br
- clerk-js/5.67.0-snapshot.v20250515162250/ui-common_clerk.browser_74d456_5.67.0-snapshot.v20250515162250.js.gz
- clerk-js/5.67.0-snapshot.v20250515162250/ui-common_clerk.browser_74d456_5.67.0-snapshot.v20250515162250.min.js.br
- clerk-js/5.67.0-snapshot.v20250515162250/ui-common_clerk.browser_74d456_5.67.0-snapshot.v20250515162250.min.js.gz
- clerk-js/5.67.0-snapshot.v20250515162250/ui-common_clerk.chips.browser_427d1c_5.67.0-snapshot.v20250515162250.js.br
- clerk-js/5.67.0-snapshot.v20250515162250/ui-common_clerk.chips.browser_427d1c_5.67.0-snapshot.v20250515162250.js.gz
- clerk-js/5.67.0-snapshot.v20250515162250/ui-common_clerk.chips.browser_427d1c_5.67.0-snapshot.v20250515162250.min.js.br
- clerk-js/5.67.0-snapshot.v20250515162250/ui-common_clerk.chips.browser_427d1c_5.67.0-snapshot.v20250515162250.min.js.gz
- clerk-js/5.67.0-snapshot.v20250515162250/ui-common_clerk.legacy.browser_ddff36_5.67.0-snapshot.v20250515162250.js.br
- clerk-js/5.67.0-snapshot.v20250515162250/ui-common_clerk.legacy.browser_ddff36_5.67.0-snapshot.v20250515162250.js.gz
- clerk-js/5.67.0-snapshot.v20250515162250/ui-common_clerk.legacy.browser_ddff36_5.67.0-snapshot.v20250515162250.min.js.br
- clerk-js/5.67.0-snapshot.v20250515162250/ui-common_clerk.legacy.browser_ddff36_5.67.0-snapshot.v20250515162250.min.js.gz
- clerk-js/5.67.0-snapshot.v20250515162250/up-billing-page_clerk.browser_74d456_5.67.0-snapshot.v20250515162250.js.br
- clerk-js/5.67.0-snapshot.v20250515162250/up-billing-page_clerk.browser_74d456_5.67.0-snapshot.v20250515162250.js.gz
- clerk-js/5.67.0-snapshot.v20250515162250/up-billing-page_clerk.browser_74d456_5.67.0-snapshot.v20250515162250.min.js.br
- clerk-js/5.67.0-snapshot.v20250515162250/up-billing-page_clerk.browser_74d456_5.67.0-snapshot.v20250515162250.min.js.gz
- clerk-js/5.67.0-snapshot.v20250515162250/up-billing-page_clerk.chips.browser_427d1c_5.67.0-snapshot.v20250515162250.js.br
- clerk-js/5.67.0-snapshot.v20250515162250/up-billing-page_clerk.chips.browser_427d1c_5.67.0-snapshot.v20250515162250.js.gz
- clerk-js/5.67.0-snapshot.v20250515162250/up-billing-page_clerk.chips.browser_427d1c_5.67.0-snapshot.v20250515162250.min.js.br
- clerk-js/5.67.0-snapshot.v20250515162250/up-billing-page_clerk.chips.browser_427d1c_5.67.0-snapshot.v20250515162250.min.js.gz
- clerk-js/5.67.0-snapshot.v20250515162250/up-billing-page_clerk.legacy.browser_ddff36_5.67.0-snapshot.v20250515162250.js.br
- clerk-js/5.67.0-snapshot.v20250515162250/up-billing-page_clerk.legacy.browser_ddff36_5.67.0-snapshot.v20250515162250.js.gz
- clerk-js/5.67.0-snapshot.v20250515162250/up-billing-page_clerk.legacy.browser_ddff36_5.67.0-snapshot.v20250515162250.min.js.br
- clerk-js/5.67.0-snapshot.v20250515162250/up-billing-page_clerk.legacy.browser_ddff36_5.67.0-snapshot.v20250515162250.min.js.gz
- clerk-js/5.67.0-snapshot.v20250515162250/userbutton_clerk.browser_74d456_5.67.0-snapshot.v20250515162250.js.br
- clerk-js/5.67.0-snapshot.v20250515162250/userbutton_clerk.browser_74d456_5.67.0-snapshot.v20250515162250.js.gz
- clerk-js/5.67.0-snapshot.v20250515162250/userbutton_clerk.browser_74d456_5.67.0-snapshot.v20250515162250.min.js.br
- clerk-js/5.67.0-snapshot.v20250515162250/userbutton_clerk.browser_74d456_5.67.0-snapshot.v20250515162250.min.js.gz
- clerk-js/5.67.0-snapshot.v20250515162250/userbutton_clerk.chips.browser_427d1c_5.67.0-snapshot.v20250515162250.js.br
- clerk-js/5.67.0-snapshot.v20250515162250/userbutton_clerk.chips.browser_427d1c_5.67.0-snapshot.v20250515162250.js.gz
- clerk-js/5.67.0-snapshot.v20250515162250/userbutton_clerk.chips.browser_427d1c_5.67.0-snapshot.v20250515162250.min.js.br
- clerk-js/5.67.0-snapshot.v20250515162250/userbutton_clerk.chips.browser_427d1c_5.67.0-snapshot.v20250515162250.min.js.gz
- clerk-js/5.67.0-snapshot.v20250515162250/userbutton_clerk.legacy.browser_ddff36_5.67.0-snapshot.v20250515162250.js.br
- clerk-js/5.67.0-snapshot.v20250515162250/userbutton_clerk.legacy.browser_ddff36_5.67.0-snapshot.v20250515162250.js.gz
- clerk-js/5.67.0-snapshot.v20250515162250/userbutton_clerk.legacy.browser_ddff36_5.67.0-snapshot.v20250515162250.min.js.br
- clerk-js/5.67.0-snapshot.v20250515162250/userbutton_clerk.legacy.browser_ddff36_5.67.0-snapshot.v20250515162250.min.js.gz
- clerk-js/5.67.0-snapshot.v20250515162250/userprofile_clerk.browser_74d456_5.67.0-snapshot.v20250515162250.js.br
- clerk-js/5.67.0-snapshot.v20250515162250/userprofile_clerk.browser_74d456_5.67.0-snapshot.v20250515162250.js.gz
- clerk-js/5.67.0-snapshot.v20250515162250/userprofile_clerk.browser_74d456_5.67.0-snapshot.v20250515162250.min.js.br
- clerk-js/5.67.0-snapshot.v20250515162250/userprofile_clerk.browser_74d456_5.67.0-snapshot.v20250515162250.min.js.gz
- clerk-js/5.67.0-snapshot.v20250515162250/userprofile_clerk.chips.browser_427d1c_5.67.0-snapshot.v20250515162250.js.br
- clerk-js/5.67.0-snapshot.v20250515162250/userprofile_clerk.chips.browser_427d1c_5.67.0-snapshot.v20250515162250.js.gz
- clerk-js/5.67.0-snapshot.v20250515162250/userprofile_clerk.chips.browser_427d1c_5.67.0-snapshot.v20250515162250.min.js.br
- clerk-js/5.67.0-snapshot.v20250515162250/userprofile_clerk.chips.browser_427d1c_5.67.0-snapshot.v20250515162250.min.js.gz
- clerk-js/5.67.0-snapshot.v20250515162250/userprofile_clerk.legacy.browser_ddff36_5.67.0-snapshot.v20250515162250.js.br
- clerk-js/5.67.0-snapshot.v20250515162250/userprofile_clerk.legacy.browser_ddff36_5.67.0-snapshot.v20250515162250.js.gz
- clerk-js/5.67.0-snapshot.v20250515162250/userprofile_clerk.legacy.browser_ddff36_5.67.0-snapshot.v20250515162250.min.js.br
- clerk-js/5.67.0-snapshot.v20250515162250/userprofile_clerk.legacy.browser_ddff36_5.67.0-snapshot.v20250515162250.min.js.gz
- clerk-js/5.67.0-snapshot.v20250515162250/userverification_clerk.browser_74d456_5.67.0-snapshot.v20250515162250.js.br
- clerk-js/5.67.0-snapshot.v20250515162250/userverification_clerk.browser_74d456_5.67.0-snapshot.v20250515162250.js.gz
- clerk-js/5.67.0-snapshot.v20250515162250/userverification_clerk.browser_74d456_5.67.0-snapshot.v20250515162250.min.js.br
- clerk-js/5.67.0-snapshot.v20250515162250/userverification_clerk.browser_74d456_5.67.0-snapshot.v20250515162250.min.js.gz
- clerk-js/5.67.0-snapshot.v20250515162250/userverification_clerk.chips.browser_427d1c_5.67.0-snapshot.v20250515162250.js.br
- clerk-js/5.67.0-snapshot.v20250515162250/userverification_clerk.chips.browser_427d1c_5.67.0-snapshot.v20250515162250.js.gz
- clerk-js/5.67.0-snapshot.v20250515162250/userverification_clerk.chips.browser_427d1c_5.67.0-snapshot.v20250515162250.min.js.br
- clerk-js/5.67.0-snapshot.v20250515162250/userverification_clerk.chips.browser_427d1c_5.67.0-snapshot.v20250515162250.min.js.gz
- clerk-js/5.67.0-snapshot.v20250515162250/userverification_clerk.legacy.browser_ddff36_5.67.0-snapshot.v20250515162250.js.br
- clerk-js/5.67.0-snapshot.v20250515162250/userverification_clerk.legacy.browser_ddff36_5.67.0-snapshot.v20250515162250.js.gz
- clerk-js/5.67.0-snapshot.v20250515162250/userverification_clerk.legacy.browser_ddff36_5.67.0-snapshot.v20250515162250.min.js.br
- clerk-js/5.67.0-snapshot.v20250515162250/userverification_clerk.legacy.browser_ddff36_5.67.0-snapshot.v20250515162250.min.js.gz
- clerk-js/5.67.0-snapshot.v20250515162250/vendors_clerk.browser_74d456_5.67.0-snapshot.v20250515162250.js.br
- clerk-js/5.67.0-snapshot.v20250515162250/vendors_clerk.browser_74d456_5.67.0-snapshot.v20250515162250.js.gz
- clerk-js/5.67.0-snapshot.v20250515162250/vendors_clerk.browser_74d456_5.67.0-snapshot.v20250515162250.min.js.br
- clerk-js/5.67.0-snapshot.v20250515162250/vendors_clerk.browser_74d456_5.67.0-snapshot.v20250515162250.min.js.gz
- clerk-js/5.67.0-snapshot.v20250515162250/vendors_clerk.chips.browser_427d1c_5.67.0-snapshot.v20250515162250.js.br
- clerk-js/5.67.0-snapshot.v20250515162250/vendors_clerk.chips.browser_427d1c_5.67.0-snapshot.v20250515162250.js.gz
- clerk-js/5.67.0-snapshot.v20250515162250/vendors_clerk.chips.browser_427d1c_5.67.0-snapshot.v20250515162250.min.js.br
- clerk-js/5.67.0-snapshot.v20250515162250/vendors_clerk.chips.browser_427d1c_5.67.0-snapshot.v20250515162250.min.js.gz
- clerk-js/5.67.0-snapshot.v20250515162250/vendors_clerk.headless.browser_304c99_5.67.0-snapshot.v20250515162250.js.br
- clerk-js/5.67.0-snapshot.v20250515162250/vendors_clerk.headless.browser_304c99_5.67.0-snapshot.v20250515162250.js.gz
- clerk-js/5.67.0-snapshot.v20250515162250/vendors_clerk.headless.browser_304c99_5.67.0-snapshot.v20250515162250.min.js.br
- clerk-js/5.67.0-snapshot.v20250515162250/vendors_clerk.headless.browser_304c99_5.67.0-snapshot.v20250515162250.min.js.gz
- clerk-js/5.67.0-snapshot.v20250515162250/vendors_clerk.legacy.browser_ddff36_5.67.0-snapshot.v20250515162250.js.br
- clerk-js/5.67.0-snapshot.v20250515162250/vendors_clerk.legacy.browser_ddff36_5.67.0-snapshot.v20250515162250.js.gz
- clerk-js/5.67.0-snapshot.v20250515162250/vendors_clerk.legacy.browser_ddff36_5.67.0-snapshot.v20250515162250.min.js.br
- clerk-js/5.67.0-snapshot.v20250515162250/vendors_clerk.legacy.browser_ddff36_5.67.0-snapshot.v20250515162250.min.js.gz
- clerk-js/5.67.0-snapshot.v20250515162250/waitlist_clerk.browser_74d456_5.67.0-snapshot.v20250515162250.js.br
- clerk-js/5.67.0-snapshot.v20250515162250/waitlist_clerk.browser_74d456_5.67.0-snapshot.v20250515162250.js.gz
- clerk-js/5.67.0-snapshot.v20250515162250/waitlist_clerk.browser_74d456_5.67.0-snapshot.v20250515162250.min.js.br
- clerk-js/5.67.0-snapshot.v20250515162250/waitlist_clerk.browser_74d456_5.67.0-snapshot.v20250515162250.min.js.gz
- clerk-js/5.67.0-snapshot.v20250515162250/waitlist_clerk.chips.browser_427d1c_5.67.0-snapshot.v20250515162250.js.br
- clerk-js/5.67.0-snapshot.v20250515162250/waitlist_clerk.chips.browser_427d1c_5.67.0-snapshot.v20250515162250.js.gz
- clerk-js/5.67.0-snapshot.v20250515162250/waitlist_clerk.chips.browser_427d1c_5.67.0-snapshot.v20250515162250.min.js.br
- clerk-js/5.67.0-snapshot.v20250515162250/waitlist_clerk.chips.browser_427d1c_5.67.0-snapshot.v20250515162250.min.js.gz
- clerk-js/5.67.0-snapshot.v20250515162250/waitlist_clerk.legacy.browser_ddff36_5.67.0-snapshot.v20250515162250.js.br
- clerk-js/5.67.0-snapshot.v20250515162250/waitlist_clerk.legacy.browser_ddff36_5.67.0-snapshot.v20250515162250.js.gz
- clerk-js/5.67.0-snapshot.v20250515162250/waitlist_clerk.legacy.browser_ddff36_5.67.0-snapshot.v20250515162250.min.js.br
- clerk-js/5.67.0-snapshot.v20250515162250/waitlist_clerk.legacy.browser_ddff36_5.67.0-snapshot.v20250515162250.min.js.gz
- clerk-js/5.67.0-snapshot.v20250515162250/zxcvbn-common_clerk.browser_74d456_5.67.0-snapshot.v20250515162250.js.br
- clerk-js/5.67.0-snapshot.v20250515162250/zxcvbn-common_clerk.browser_74d456_5.67.0-snapshot.v20250515162250.js.gz
- clerk-js/5.67.0-snapshot.v20250515162250/zxcvbn-common_clerk.browser_74d456_5.67.0-snapshot.v20250515162250.min.js.br
- clerk-js/5.67.0-snapshot.v20250515162250/zxcvbn-common_clerk.browser_74d456_5.67.0-snapshot.v20250515162250.min.js.gz
- clerk-js/5.67.0-snapshot.v20250515162250/zxcvbn-common_clerk.chips.browser_427d1c_5.67.0-snapshot.v20250515162250.js.br
- clerk-js/5.67.0-snapshot.v20250515162250/zxcvbn-common_clerk.chips.browser_427d1c_5.67.0-snapshot.v20250515162250.js.gz
- clerk-js/5.67.0-snapshot.v20250515162250/zxcvbn-common_clerk.chips.browser_427d1c_5.67.0-snapshot.v20250515162250.min.js.br
- clerk-js/5.67.0-snapshot.v20250515162250/zxcvbn-common_clerk.chips.browser_427d1c_5.67.0-snapshot.v20250515162250.min.js.gz
- clerk-js/5.67.0-snapshot.v20250515162250/zxcvbn-common_clerk.headless.browser_304c99_5.67.0-snapshot.v20250515162250.js.br
- clerk-js/5.67.0-snapshot.v20250515162250/zxcvbn-common_clerk.headless.browser_304c99_5.67.0-snapshot.v20250515162250.js.gz
- clerk-js/5.67.0-snapshot.v20250515162250/zxcvbn-common_clerk.headless.browser_304c99_5.67.0-snapshot.v20250515162250.min.js.br
- clerk-js/5.67.0-snapshot.v20250515162250/zxcvbn-common_clerk.headless.browser_304c99_5.67.0-snapshot.v20250515162250.min.js.gz
- clerk-js/5.67.0-snapshot.v20250515162250/zxcvbn-common_clerk.legacy.browser_ddff36_5.67.0-snapshot.v20250515162250.js.br
- clerk-js/5.67.0-snapshot.v20250515162250/zxcvbn-common_clerk.legacy.browser_ddff36_5.67.0-snapshot.v20250515162250.js.gz
- clerk-js/5.67.0-snapshot.v20250515162250/zxcvbn-common_clerk.legacy.browser_ddff36_5.67.0-snapshot.v20250515162250.min.js.br
- clerk-js/5.67.0-snapshot.v20250515162250/zxcvbn-common_clerk.legacy.browser_ddff36_5.67.0-snapshot.v20250515162250.min.js.gz
- clerk-js/5.67.0-snapshot.v20250515162250/zxcvbn-ts-core_clerk.browser_74d456_5.67.0-snapshot.v20250515162250.js.br
- clerk-js/5.67.0-snapshot.v20250515162250/zxcvbn-ts-core_clerk.browser_74d456_5.67.0-snapshot.v20250515162250.js.gz
- clerk-js/5.67.0-snapshot.v20250515162250/zxcvbn-ts-core_clerk.browser_74d456_5.67.0-snapshot.v20250515162250.min.js.br
- clerk-js/5.67.0-snapshot.v20250515162250/zxcvbn-ts-core_clerk.browser_74d456_5.67.0-snapshot.v20250515162250.min.js.gz
- clerk-js/5.67.0-snapshot.v20250515162250/zxcvbn-ts-core_clerk.chips.browser_427d1c_5.67.0-snapshot.v20250515162250.js.br
- clerk-js/5.67.0-snapshot.v20250515162250/zxcvbn-ts-core_clerk.chips.browser_427d1c_5.67.0-snapshot.v20250515162250.js.gz
- clerk-js/5.67.0-snapshot.v20250515162250/zxcvbn-ts-core_clerk.chips.browser_427d1c_5.67.0-snapshot.v20250515162250.min.js.br
- clerk-js/5.67.0-snapshot.v20250515162250/zxcvbn-ts-core_clerk.chips.browser_427d1c_5.67.0-snapshot.v20250515162250.min.js.gz
- clerk-js/5.67.0-snapshot.v20250515162250/zxcvbn-ts-core_clerk.headless.browser_304c99_5.67.0-snapshot.v20250515162250.js.br
- clerk-js/5.67.0-snapshot.v20250515162250/zxcvbn-ts-core_clerk.headless.browser_304c99_5.67.0-snapshot.v20250515162250.js.gz
- clerk-js/5.67.0-snapshot.v20250515162250/zxcvbn-ts-core_clerk.headless.browser_304c99_5.67.0-snapshot.v20250515162250.min.js.br
- clerk-js/5.67.0-snapshot.v20250515162250/zxcvbn-ts-core_clerk.headless.browser_304c99_5.67.0-snapshot.v20250515162250.min.js.gz
- clerk-js/5.67.0-snapshot.v20250515162250/zxcvbn-ts-core_clerk.legacy.browser_ddff36_5.67.0-snapshot.v20250515162250.js.br
- clerk-js/5.67.0-snapshot.v20250515162250/zxcvbn-ts-core_clerk.legacy.browser_ddff36_5.67.0-snapshot.v20250515162250.js.gz
- clerk-js/5.67.0-snapshot.v20250515162250/zxcvbn-ts-core_clerk.legacy.browser_ddff36_5.67.0-snapshot.v20250515162250.min.js.br
- clerk-js/5.67.0-snapshot.v20250515162250/zxcvbn-ts-core_clerk.legacy.browser_ddff36_5.67.0-snapshot.v20250515162250.min.js.gz
SRIs:
- clerk-js/5.67.0-snapshot.v20250515162250/zxcvbn-common_clerk.headless.browser_304c99_5.67.0-snapshot.v20250515162250.min.js: sha512-y9gRF5Ka0unhVB2xoG/Bj2bzMBaPmpTTA9TH7eV8uiBXGRYf00rNezp5SflLdYFXtbsBj8le/1j/wf0t9ArKog==
- clerk-js/5.67.0-snapshot.v20250515162250/192_clerk.chips.browser_427d1c_5.67.0-snapshot.v20250515162250.js: sha512-0io+ZrTRFdyTHSBXhsN+iBzcnjX83qSmDseydYJOnf0o6FBmGqQz6TS2CsnoDFVgg4pRsODffQr4U+NJKNH9oQ==
- clerk-js/5.67.0-snapshot.v20250515162250/192_clerk.chips.browser_427d1c_5.67.0-snapshot.v20250515162250.min.js: sha512-q7UWixj4PH5/s1Mp9vhbtnS2x1Jao7COGzY4GVyjaqMbqbjv/+1E80V26yZF0RMzOK5xSVgcMZlNhGnw2IZzYA==
- clerk-js/5.67.0-snapshot.v20250515162250/coinbase-wallet-sdk_clerk.chips.browser_427d1c_5.67.0-snapshot.v20250515162250.js: sha512-1VZ8M8NSDi4jX74XEfN1WF+NkxcxechB4UL4LK/4RHQOA6CgKgKEYS4SgvX6kpnSoGTcnxLi4ciKd9bpQYZ2pQ==
- clerk-js/5.67.0-snapshot.v20250515162250/ui-common_clerk.browser_74d456_5.67.0-snapshot.v20250515162250.min.js: sha512-J5qTSrmZe0osZNs/xvK3pa8OE1x06WVbuiCQo3RuEM0i+VJCoofrj4xd4AWoEB8pNPhenQHWf8lmogLcUdKWpQ==
- clerk-js/5.67.0-snapshot.v20250515162250/userprofile_clerk.legacy.browser_ddff36_5.67.0-snapshot.v20250515162250.js: sha512-/qF+gdx45Zn1e9q/zBIgiy9m/zZEA/RLl4SicJ3cVxnpPOQ4NgInsSwgLh5Si7ERWIcwFij56vUeo4Dq4Wk3YA==
- clerk-js/5.67.0-snapshot.v20250515162250/userverification_clerk.browser_74d456_5.67.0-snapshot.v20250515162250.min.js: sha512-hN08xzW8/avCh1t0liuRM1deLtR0XqGOX+jGff7CvaB3sI9DjuUyiqXupkFxNwRyigypqqUbDXg0C9uckdbuqQ==
- clerk-js/5.67.0-snapshot.v20250515162250/vendors_clerk.headless.browser_304c99_5.67.0-snapshot.v20250515162250.min.js: sha512-g4RuY+I+s/H0OIi8AxCaJozKGXjtlbcAAqVi+gXahsnCWx34mPL8NnuwatR1VV0s1VEalcS2zUG2iF8tjFP8+A==
- clerk-js/5.67.0-snapshot.v20250515162250/66_clerk.browser_74d456_5.67.0-snapshot.v20250515162250.min.js: sha512-JuIP+50HIEVdkfRIehGVnXNTqi+biVlK2yD0W2kNoROGMl9usaOmK4x6PUSMt3Vu0Q9BFEoHV7dap4hGQANlYw==
- clerk-js/5.67.0-snapshot.v20250515162250/blankcaptcha_clerk.browser_74d456_5.67.0-snapshot.v20250515162250.js: sha512-poPPeaZ8bFkzXr6ZMge1yes3JhhCB36dI9UGyn73zcRUrY+cOowMKElKndht1fE1ry1+eCelXRouuFAKk+ppJg==
- clerk-js/5.67.0-snapshot.v20250515162250/organizationlist_clerk.browser_74d456_5.67.0-snapshot.v20250515162250.js: sha512-yc2QAPNdKa8UHnjWvGTWQI7X21FbovslUKwYsNC0ZaDDDnX5j0+saV5c1flZhAvZ6UXnZJW+Du36KaJWjxVOiA==
- clerk-js/5.67.0-snapshot.v20250515162250/zxcvbn-common_clerk.chips.browser_427d1c_5.67.0-snapshot.v20250515162250.js: sha512-gwix3ZNtw1TFm23lywvPd2Ibw3+NOUxGSfpWkDhBtznjqXZw9sYOylp0NmN8iwaLQ6vc+D0Srw/hORbGdD3sPA==
- clerk-js/5.67.0-snapshot.v20250515162250/coinbase-wallet-sdk_clerk.headless.browser_304c99_5.67.0-snapshot.v20250515162250.js: sha512-4qQ5zwyFsllh2ttko3C+cA3sGKMQgHMqJrj6fGnllPjcjM7mHsQohCb549bi15b6QcPNPC9Ea+DH0TXcAOClqw==
- clerk-js/5.67.0-snapshot.v20250515162250/impersonationfab_clerk.browser_74d456_5.67.0-snapshot.v20250515162250.min.js: sha512-DLjR5Afe2W7p4iF04WibQXPIOqKYzdmx2WbtfZVccNjnqoNrJ2MJ+IPEZs+yFPug8j6QWtsc/oV6RhOTTl2QhA==
- clerk-js/5.67.0-snapshot.v20250515162250/impersonationfab_clerk.legacy.browser_ddff36_5.67.0-snapshot.v20250515162250.js: sha512-mSKXscXmmXyuVplM4zZz9V1bTqsFhkkOXNne/0dI4nhyYvRQbyhZ1P6SFFcmmhj6BCYd3JfdfIljwex/tfe1PQ==
- clerk-js/5.67.0-snapshot.v20250515162250/paymentSources_clerk.browser_74d456_5.67.0-snapshot.v20250515162250.min.js: sha512-Cuc6u8hTPHPkMFy4+/3UQ0tChJFiDqEaCOsF56GwbQvm4PN2QsPQDIOA8PFbltFT7qIAdRd5CQXzlQgQd1io1g==
- clerk-js/5.67.0-snapshot.v20250515162250/waitlist_clerk.browser_74d456_5.67.0-snapshot.v20250515162250.min.js: sha512-oRm55+ayubVCmDlOZkPKMvVIjQdxeAYn9u7LHTcIPgkizk/wZDBt/UqoW9hw+tw2wpsAgil0kRCfhPtZFfgtGg==
- clerk-js/5.67.0-snapshot.v20250515162250/createorganization_clerk.legacy.browser_ddff36_5.67.0-snapshot.v20250515162250.js: sha512-++drnHWIrTwUG/gwYMp+vVCeOlw+OqhlBG5ZHBM9wJB8OxEocTsrOJka/3/tzCH5VsSc4h9ku6gHbSPsQdrv4A==
- clerk-js/5.67.0-snapshot.v20250515162250/organizationswitcher_clerk.browser_74d456_5.67.0-snapshot.v20250515162250.min.js: sha512-N8uV95ZEsii+vNChfLh7A8ch3lXkd55D/eKRsBRczDplLS5GeAArU5VoeJkuo3gIXQ57v7yfQriCr1aGo8sKYg==
- clerk-js/5.67.0-snapshot.v20250515162250/signin_clerk.chips.browser_427d1c_5.67.0-snapshot.v20250515162250.js: sha512-hq801fYZ8OKhXE5PygW/bq7U6ViINieKOwxWMljalLaOMTYtNc9RsNkWh9pAjzzrxvdSVib6YFiWzeRPBYE6tA==
- clerk-js/5.67.0-snapshot.v20250515162250/userbutton_clerk.legacy.browser_ddff36_5.67.0-snapshot.v20250515162250.js: sha512-reC8wlFs5idhFt8GoeMdeOgvjbvx0ZgsbZXRBTnmQobS/lLckx3EA0rswyAWqaQlxGGvyQUFOAJx/a5ydDTr9A==
- clerk-js/5.67.0-snapshot.v20250515162250/waitlist_clerk.legacy.browser_ddff36_5.67.0-snapshot.v20250515162250.min.js: sha512-NPOnkWq9rPXvaVsv2ofENJoEHvHxWH+iteU+WE3TK1LS+dzlpDLKyM3NNMejjw3Et6Ll5SMUmYZ74Rbiej8ODw==
- clerk-js/5.67.0-snapshot.v20250515162250/impersonationfab_clerk.legacy.browser_ddff36_5.67.0-snapshot.v20250515162250.min.js: sha512-vU57cLeVY9ZFwHFSNAl6DWN8NpIHxVK7NcxPrkvHKV5d2YDBsvWJV9sAj+siqqQdTCoK22CBLdF1uc3npTSRLg==
- clerk-js/5.67.0-snapshot.v20250515162250/organizationswitcher_clerk.chips.browser_427d1c_5.67.0-snapshot.v20250515162250.min.js: sha512-N8uV95ZEsii+vNChfLh7A8ch3lXkd55D/eKRsBRczDplLS5GeAArU5VoeJkuo3gIXQ57v7yfQriCr1aGo8sKYg==
- clerk-js/5.67.0-snapshot.v20250515162250/zxcvbn-common_clerk.browser_74d456_5.67.0-snapshot.v20250515162250.js: sha512-gwix3ZNtw1TFm23lywvPd2Ibw3+NOUxGSfpWkDhBtznjqXZw9sYOylp0NmN8iwaLQ6vc+D0Srw/hORbGdD3sPA==
- clerk-js/5.67.0-snapshot.v20250515162250/zxcvbn-common_clerk.legacy.browser_ddff36_5.67.0-snapshot.v20250515162250.js: sha512-5knNTx0uZuPVKY1g0pu82Rs/62bo0jwqJ7lYlf8XYLbOdMeNnY+JTv3kafFrYTXymJqXtZ5RJh5iH3N0Ahl/HA==
- clerk-js/5.67.0-snapshot.v20250515162250/keylessPrompt_clerk.chips.browser_427d1c_5.67.0-snapshot.v20250515162250.min.js: sha512-xO2YaeScv9YDb/A7ngn76Bcyc+V2/lc6/irH+IVPhKahasCPK3br5wBDxMWSFNm5hrhR+flwqMHdCw6BSF1arw==
- clerk-js/5.67.0-snapshot.v20250515162250/prefetchorganizationlist_clerk.chips.browser_427d1c_5.67.0-snapshot.v20250515162250.min.js: sha512-/eZNGvNNwf91txAg7uQf3TCXVoVdPol70k7+6+2CMRfQg39darwQtnpWxoc0MD260b9g6ofFK0MNtiZUel0SxQ==
- clerk-js/5.67.0-snapshot.v20250515162250/ui-common_clerk.browser_74d456_5.67.0-snapshot.v20250515162250.js: sha512-u5hMH8+Pc95d0z/TsXXKdWXsuipZmIRp+7luSvP7EPPqunudImqBHeUQNpyyl01JSbSxZZQqSnW+I+O8kVDKlA==
- clerk-js/5.67.0-snapshot.v20250515162250/userbutton_clerk.chips.browser_427d1c_5.67.0-snapshot.v20250515162250.min.js: sha512-SMDvAHL9hJ8x1aTT9akt96zTHIavD+PTVjgSAFAtCQAa7Asruvdw/hu/JuNnDn92QBdIwKbDFCe6YlHgMckQrg==
- clerk-js/5.67.0-snapshot.v20250515162250/checkout_clerk.legacy.browser_ddff36_5.67.0-snapshot.v20250515162250.min.js: sha512-hpSgpWL9Dkz133E3wbLRLFvVdG95QxK1jRS1n1GO3KDuz5AhMc5xRDkslDRdo8VmYVUwqmeGtZGAbozobChNdQ==
- clerk-js/5.67.0-snapshot.v20250515162250/clerk.no-rhc.min.js: sha512-kxhRy9RV0H/GcVE7TEFfDUP8OBVbn4jXMo89/dJPfioHuGLjZmHNDlMutO6CcorRdazyyA1r39GS/agRbId90g==
- clerk-js/5.67.0-snapshot.v20250515162250/clerk.chips.browser.js: sha512-FUVUzrUPK/PaXX3UAKTmIRp4nYah+PG5TDxpkMMF8Mb7jYI26s+MLns1uX2Sd6FIfxN9JRPh40qLfgUlRT70vg==
- clerk-js/5.67.0-snapshot.v20250515162250/framework_clerk.chips.browser_427d1c_5.67.0-snapshot.v20250515162250.js: sha512-tzb6+xSCXoHW1A/3MvW/WzBy3nMxuZEp/FmtWopEUDBhpxur1MmgmFPyLowrAEXTntykggo2DAQQxBxeFDT5ug==
- clerk-js/5.67.0-snapshot.v20250515162250/userverification_clerk.chips.browser_427d1c_5.67.0-snapshot.v20250515162250.js: sha512-//oTbeVUeaw/NJqHbyn/AiB/UvAZhvrslAeQXnCR5z5ErdEE8h3RGwL/C00uJNjKPzeirZOLdqMkhIldJHNDYA==
- clerk-js/5.67.0-snapshot.v20250515162250/zxcvbn-ts-core_clerk.browser_74d456_5.67.0-snapshot.v20250515162250.min.js: sha512-xTpQZt/XJFLwCgh6g7h4et+3y8HcluxLiZLaDW9OjGMKNzMekFilKt/8CmnpywBmHZU78Og7GEeV4Kg5EOKsxA==
- clerk-js/5.67.0-snapshot.v20250515162250/impersonationfab_clerk.chips.browser_427d1c_5.67.0-snapshot.v20250515162250.js: sha512-1N9+xEgsE00rn4aRMUxsOqBundXyoM0L3bfK3y3stxtShm0CUqBWz5buMFWu85u5HBBYWq5Y2ckzBFFiIohHFA==
- clerk-js/5.67.0-snapshot.v20250515162250/organizationlist_clerk.chips.browser_427d1c_5.67.0-snapshot.v20250515162250.min.js: sha512-HjGvd9rymyyA3H9VpVlDYNo6RJ4Dfn0H5Aj2vP6IJXQ7AMnJNLXTKf7aN6QVOd6XxbfhmZBQIB42vgYkFGzqsA==
- clerk-js/5.67.0-snapshot.v20250515162250/op-billing-page_clerk.legacy.browser_ddff36_5.67.0-snapshot.v20250515162250.min.js: sha512-gQC1k1YV+Z/uZJ0TdjpSMWckiZRQq/4ibTp1wW7TpIlytQx4IrpOeE+SpuPjgIDPxedUsUfV6xe/L46vhfJefA==
- clerk-js/5.67.0-snapshot.v20250515162250/userprofile_clerk.legacy.browser_ddff36_5.67.0-snapshot.v20250515162250.min.js: sha512-ZybgPx6pTeIkZIgEhmKQM0X6GAk+28bRqPd8/Eb81z/uZ5MGWjtNLMUlUfGzuKhQgl3+wTKu7O/CQxuJhQsuJg==
- clerk-js/5.67.0-snapshot.v20250515162250/userverification_clerk.browser_74d456_5.67.0-snapshot.v20250515162250.js: sha512-//oTbeVUeaw/NJqHbyn/AiB/UvAZhvrslAeQXnCR5z5ErdEE8h3RGwL/C00uJNjKPzeirZOLdqMkhIldJHNDYA==
- clerk-js/5.67.0-snapshot.v20250515162250/coinbase-wallet-sdk_clerk.legacy.browser_ddff36_5.67.0-snapshot.v20250515162250.min.js: sha512-2WS4PW80Tjac6hc6EoaJgLzuZWgRjQ+z21GeD+ralgni6rPwafQL5WxqYFXo92ob6P6hvLOQ1AaBVyPXGEMB8Q==
- clerk-js/5.67.0-snapshot.v20250515162250/signup_clerk.legacy.browser_ddff36_5.67.0-snapshot.v20250515162250.js: sha512-J14w0VQOxBn6axJf6NBDQnLRvZX84CxfaWhw19lmx9Q4bsXRF1o1q68AykIEh68OfKu0PC+wcFnCG+adt42pBQ==
- clerk-js/5.67.0-snapshot.v20250515162250/192_clerk.legacy.browser_ddff36_5.67.0-snapshot.v20250515162250.js: sha512-AvoEfMzhm85vFv6+diMmjpoZVCPr4Y1UX8e7jXeygtsx1R9Sp25Nh8wgpMNzj5uVvv6Kb7gl0Rc2vlYZSful/g==
- clerk-js/5.67.0-snapshot.v20250515162250/createorganization_clerk.chips.browser_427d1c_5.67.0-snapshot.v20250515162250.js: sha512-CR9z6Vd/+f91zQ3odBhGxhJ52ytHK0L0sU0SYiyDUInU6eYYnweCQFD2vhW4p2k8Jz4W/AmPzgTzsdktSKiTEw==
- clerk-js/5.67.0-snapshot.v20250515162250/organizationprofile_clerk.chips.browser_427d1c_5.67.0-snapshot.v20250515162250.js: sha512-oZM3y1S3zy5zv/IuiVv0DY0viwY4K+mbFMVB5pD5zgTa3kh6WwCHQbyuXuYi47OlH0syGD/rm1+3PpMX33asGA==
- clerk-js/5.67.0-snapshot.v20250515162250/organizationswitcher_clerk.browser_74d456_5.67.0-snapshot.v20250515162250.js: sha512-bUVw3NH08WyoZxZiE510PazwaJKllKwNKCjxedeV8HjvWcCfYNxBXcBpXUiWdd4V45rFvsiPOsiKEhBDULZLnQ==
- clerk-js/5.67.0-snapshot.v20250515162250/prefetchorganizationlist_clerk.browser_74d456_5.67.0-snapshot.v20250515162250.js: sha512-Vw2gbvRvRdDrU8qMA0554MTu2lRVveEsEJkq3lTHelR6pz+rIDrCk3bKOwIVTRVJfFsSjFosuYiY9+kd9A+Cgg==
- clerk-js/5.67.0-snapshot.v20250515162250/signup_clerk.chips.browser_427d1c_5.67.0-snapshot.v20250515162250.js: sha512-F999Q9GmnCmCh1Gy7B/PT20TH0Xph6mdxZcCowmZZhoTOc9+Lj4jukBNIuRU8wmEGECDWwXUYrjCvmndG95XSg==
- clerk-js/5.67.0-snapshot.v20250515162250/organizationlist_clerk.legacy.browser_ddff36_5.67.0-snapshot.v20250515162250.js: sha512-FuRGTgHk9LuSFm+h0ZcMHuB+Au3AKGSk4SHrirm9cxXt7AIYYqd5QuX/3lNVr8erdHUzdFGUOeOmu7/QQwq+og==
- clerk-js/5.67.0-snapshot.v20250515162250/userbutton_clerk.browser_74d456_5.67.0-snapshot.v20250515162250.js: sha512-wkuGIMhbWvxRjxbgAu5LFqD2OXpyQ9mm1hMu8iyyEkYVYm1QOk9qzRCUBIPJxI/Z+/uZSbR42QLpjT0RQx/buA==
- clerk-js/5.67.0-snapshot.v20250515162250/clerk.browser.min.js: sha512-kddavUo+2T4f+g7F3NyXHfj27sCan7nNJiTNYpsim9qt+MklRvlWxx9vaBOqdrFUMr7t0sO2rE4DtjnFu8yLnA==
- clerk-js/5.67.0-snapshot.v20250515162250/pricingTable_clerk.browser_74d456_5.67.0-snapshot.v20250515162250.min.js: sha512-O5Hhi1iqAeNHE7cB0qA7AyyUaGINBGMJBAnnOph9x63cb81H41xAbW9s5RmBjVeJy0fUT7nZzKJUzoqcei2/RA==
- clerk-js/5.67.0-snapshot.v20250515162250/192_clerk.browser_74d456_5.67.0-snapshot.v20250515162250.min.js: sha512-q7UWixj4PH5/s1Mp9vhbtnS2x1Jao7COGzY4GVyjaqMbqbjv/+1E80V26yZF0RMzOK5xSVgcMZlNhGnw2IZzYA==
- clerk-js/5.67.0-snapshot.v20250515162250/645_clerk.browser_74d456_5.67.0-snapshot.v20250515162250.min.js: sha512-KYaUtUeA1M53DkO8FDvhuKmLLqL1stq7uMHpwL8DapRPRKM4j0g2KKe5AuhoJQP09YAwxX5NgC87JowrmKTxXg==
- clerk-js/5.67.0-snapshot.v20250515162250/coinbase-wallet-sdk_clerk.chips.browser_427d1c_5.67.0-snapshot.v20250515162250.min.js: sha512-N24hF+HeOHDAwQgxwr3blSCCT/s572gCq0UhHCWFX2oJV5FCmCRmw1mnzzilcrOwO2GFNqEN8dK0yiZtPqqK2g==
- clerk-js/5.67.0-snapshot.v20250515162250/waitlist_clerk.browser_74d456_5.67.0-snapshot.v20250515162250.js: sha512-EPkjh8L7kwOxQakWLv845BMPjnK2Chc+R6QQ32N8L8FoIYWp0p9A3Tg1Hpt8olhsuSQ8enim52PgdiWrru+jmA==
- clerk-js/5.67.0-snapshot.v20250515162250/ui-common_clerk.chips.browser_427d1c_5.67.0-snapshot.v20250515162250.min.js: sha512-J5qTSrmZe0osZNs/xvK3pa8OE1x06WVbuiCQo3RuEM0i+VJCoofrj4xd4AWoEB8pNPhenQHWf8lmogLcUdKWpQ==
- clerk-js/5.67.0-snapshot.v20250515162250/coinbase-wallet-sdk_clerk.browser_74d456_5.67.0-snapshot.v20250515162250.js: sha512-1VZ8M8NSDi4jX74XEfN1WF+NkxcxechB4UL4LK/4RHQOA6CgKgKEYS4SgvX6kpnSoGTcnxLi4ciKd9bpQYZ2pQ==
- clerk-js/5.67.0-snapshot.v20250515162250/createorganization_clerk.browser_74d456_5.67.0-snapshot.v20250515162250.min.js: sha512-DNb/fnNYQGGLYJs5/VmGzA1ZevEvzyynhMb7/fU0QxeLTaaqqjctQujmIVXTJjQkLbbAw9xHUBQ/A/jKer4hFw==
- clerk-js/5.67.0-snapshot.v20250515162250/prefetchorganizationlist_clerk.legacy.browser_ddff36_5.67.0-snapshot.v20250515162250.min.js: sha512-ak4i8YZPqqfEsCrAu6i3BQIFw0DV8QrwqHF568lzHW0X0hEdc2tW4Rd6AADNVUrnf3KIBhkzXwgGpc3MaWh+tg==
- clerk-js/5.67.0-snapshot.v20250515162250/sessionTasks_clerk.legacy.browser_ddff36_5.67.0-snapshot.v20250515162250.js: sha512-TsmxOOVTMGq49AtWx9H1Cv1+out8bpNZfcU/wRuFS8hOONWn6+D3xR8diXxYR3886oJCNYoCCA+YAyFt/LL7ng==
- clerk-js/5.67.0-snapshot.v20250515162250/userprofile_clerk.chips.browser_427d1c_5.67.0-snapshot.v20250515162250.min.js: sha512-EcbMkeo0GiUrZmhzf6g1j4LxI775do/GL5GRwveoOLqp/DtwNcxPn8bORXj0ksebbjt+LvWdU3SON7TBAB2X8A==
- clerk-js/5.67.0-snapshot.v20250515162250/377_clerk.headless_c1d71f_5.67.0-snapshot.v20250515162250.min.js: sha512-F6coj+HeCu/LQQe+SxnItti0GzOGI0YQuh4qx7obTnNRIPOEqdjguZZr+5XGt0IWnPYy0g3HAaw5wz05SJViWQ==
- clerk-js/5.67.0-snapshot.v20250515162250/coinbase-wallet-sdk_clerk.browser_74d456_5.67.0-snapshot.v20250515162250.min.js: sha512-N24hF+HeOHDAwQgxwr3blSCCT/s572gCq0UhHCWFX2oJV5FCmCRmw1mnzzilcrOwO2GFNqEN8dK0yiZtPqqK2g==
- clerk-js/5.67.0-snapshot.v20250515162250/paymentSources_clerk.browser_74d456_5.67.0-snapshot.v20250515162250.js: sha512-jGOsfrkeuS1iNr6XXZVFpxa1fGZd+T64i18p5i26Q7ks7TSuRJLTb4Ivnh3zakYFz2s1iEf5K0lLPlzUMS14xQ==
- clerk-js/5.67.0-snapshot.v20250515162250/zxcvbn-ts-core_clerk.legacy.browser_ddff36_5.67.0-snapshot.v20250515162250.min.js: sha512-EK+qIFmB4Y04GkQZ1zZF8XphZn2JFM7/lY8bLCYDMYhMMX0zexExpaTLk4aYaP/34NZTKI/JnyWuzu+j3Q8fsA==
- clerk-js/5.67.0-snapshot.v20250515162250/coinbase-wallet-sdk_clerk.legacy.browser_ddff36_5.67.0-snapshot.v20250515162250.js: sha512-jlTc3SByfliU/ADtpkOIHB1EAk5jIxCMWMy/a86ZTnjkqnR+Ar5zTlDESK8VMmsZLfQOcWQyM+FR+dO9gPA7pw==
- clerk-js/5.67.0-snapshot.v20250515162250/createorganization_clerk.browser_74d456_5.67.0-snapshot.v20250515162250.js: sha512-CR9z6Vd/+f91zQ3odBhGxhJ52ytHK0L0sU0SYiyDUInU6eYYnweCQFD2vhW4p2k8Jz4W/AmPzgTzsdktSKiTEw==
- clerk-js/5.67.0-snapshot.v20250515162250/organizationprofile_clerk.chips.browser_427d1c_5.67.0-snapshot.v20250515162250.min.js: sha512-iMQjBO0YYA2f3L/4V/UkBOs0pz606wI3rzLWyjD5yCl8B6sAD2hLae1owmpykQDw/cXWUc3aIAISNavRT4HiPQ==
- clerk-js/5.67.0-snapshot.v20250515162250/ui-common_clerk.legacy.browser_ddff36_5.67.0-snapshot.v20250515162250.js: sha512-WZslxudOhJ5pnAesW54wtwmLGd4y94FmBct8z9BmxumBX0nfgv5FFngnPP9PAg2cBhSL2/afHWYxWhfVdW0YIQ==
- clerk-js/5.67.0-snapshot.v20250515162250/checkout_clerk.legacy.browser_ddff36_5.67.0-snapshot.v20250515162250.js: sha512-+uqTLdE/pBQ1NWz3us+Gj5wpbZYO/zSg6lm6F3djVbtbEwCNEFUf1XPmJhlvPlR4yYiOwQOMDq4EX2pYXruQZw==
- clerk-js/5.67.0-snapshot.v20250515162250/clerk.min.js: sha512-pQwNB3il2nsJG9Qbg7YurErzhL5Vb/HiyQZq7Xr/MNvhaOgS6hGmO3gPNFOnxLZAZZD1HP9HZkmTABnIdcwFbw==
- clerk-js/5.67.0-snapshot.v20250515162250/framework_clerk.legacy.browser_ddff36_5.67.0-snapshot.v20250515162250.js: sha512-tWnuBNJ/Z1n2go010KMl1MuVV1qjaoci7KaUrQ/1GCQTR2e7y2PXLGZsrDNWuUpYlAxRdcISVqu/QLJNtN+U5w==
- clerk-js/5.67.0-snapshot.v20250515162250/organizationswitcher_clerk.chips.browser_427d1c_5.67.0-snapshot.v20250515162250.js: sha512-bUVw3NH08WyoZxZiE510PazwaJKllKwNKCjxedeV8HjvWcCfYNxBXcBpXUiWdd4V45rFvsiPOsiKEhBDULZLnQ==
- clerk-js/5.67.0-snapshot.v20250515162250/paymentSources_clerk.chips.browser_427d1c_5.67.0-snapshot.v20250515162250.js: sha512-jGOsfrkeuS1iNr6XXZVFpxa1fGZd+T64i18p5i26Q7ks7TSuRJLTb4Ivnh3zakYFz2s1iEf5K0lLPlzUMS14xQ==
- clerk-js/5.67.0-snapshot.v20250515162250/sessionTasks_clerk.browser_74d456_5.67.0-snapshot.v20250515162250.min.js: sha512-TK8WkX3tyX8AB4H8E5hJPlxXX8CKVN3dM0ZCq/M2mydtd9hPnsMqLxBWC8Io8BbSRkfJbBleyEBHUAQjY9LNzQ==
- clerk-js/5.67.0-snapshot.v20250515162250/userbutton_clerk.chips.browser_427d1c_5.67.0-snapshot.v20250515162250.js: sha512-wkuGIMhbWvxRjxbgAu5LFqD2OXpyQ9mm1hMu8iyyEkYVYm1QOk9qzRCUBIPJxI/Z+/uZSbR42QLpjT0RQx/buA==
- clerk-js/5.67.0-snapshot.v20250515162250/keylessPrompt_clerk.browser_74d456_5.67.0-snapshot.v20250515162250.js: sha512-AJFOPXnkFartIibrvHPVSNcBSsWiU/8/y2f6uIvPFmAfAQUM2bziIsyijQrJLzIOjSyQ9++VeaqywetjtD506w==
- clerk-js/5.67.0-snapshot.v20250515162250/op-billing-page_clerk.chips.browser_427d1c_5.67.0-snapshot.v20250515162250.min.js: sha512-OQp6oYY9QszlZS8Aw23zf2gfvdQIln/ShwnWKDxpsrci4zxmhAxE658IdgUz1Z5UpdHttbd1WvqNPMECwVGuvQ==
- clerk-js/5.67.0-snapshot.v20250515162250/userverification_clerk.chips.browser_427d1c_5.67.0-snapshot.v20250515162250.min.js: sha512-hN08xzW8/avCh1t0liuRM1deLtR0XqGOX+jGff7CvaB3sI9DjuUyiqXupkFxNwRyigypqqUbDXg0C9uckdbuqQ==
- clerk-js/5.67.0-snapshot.v20250515162250/coinbase-wallet-sdk_clerk.headless.browser_304c99_5.67.0-snapshot.v20250515162250.min.js: sha512-6EEEk0HJ+jGG2FrkcD1G2zl7Qx3z3Iy+DzMXpV1HqpqonCw25KGb3V5IGYw8c0MKAiFavJVXh7MqMJDjK0Iwfw==
- clerk-js/5.67.0-snapshot.v20250515162250/op-billing-page_clerk.browser_74d456_5.67.0-snapshot.v20250515162250.js: sha512-9/MH0aqzHh7LHCi8Qy52JujpqsMVB2/omV2PAdq+CEczH32Xz6JaHRrsdm0hJtAf3NUFHjBauv+RFDVyTlqo2g==
- clerk-js/5.67.0-snapshot.v20250515162250/organizationlist_clerk.browser_74d456_5.67.0-snapshot.v20250515162250.min.js: sha512-HjGvd9rymyyA3H9VpVlDYNo6RJ4Dfn0H5Aj2vP6IJXQ7AMnJNLXTKf7aN6QVOd6XxbfhmZBQIB42vgYkFGzqsA==
- clerk-js/5.67.0-snapshot.v20250515162250/planDetails_clerk.chips.browser_427d1c_5.67.0-snapshot.v20250515162250.min.js: sha512-2qFV53gGbvMb5AybR738EvWkeOcPy5lYBfZ/uraewJJ5Jz+BPxhr67zB4my8npsRqeKRXRwpFU94ESpuC/SvEQ==
- clerk-js/5.67.0-snapshot.v20250515162250/pricingTable_clerk.legacy.browser_ddff36_5.67.0-snapshot.v20250515162250.min.js: sha512-5QYHlk0y3i/RZOAtGEIuCsztCPoWXUhkXQGLJWfzCq3K3zO/0rSpJSnyQf3cBA19UP2H3GPvPccKqOugl1PwVA==
- clerk-js/5.67.0-snapshot.v20250515162250/blankcaptcha_clerk.legacy.browser_ddff36_5.67.0-snapshot.v20250515162250.js: sha512-nHykmv5sMx2fmw7bCe2MtisVNLSq5CzTaggazzksIrqXHmfVpDzv2UCC8oIawA/s1jRHzoP+21nIZL1zK83CaQ==
- clerk-js/5.67.0-snapshot.v20250515162250/blankcaptcha_clerk.legacy.browser_ddff36_5.67.0-snapshot.v20250515162250.min.js: sha512-qljCa+X8xsjaKFCRWW1lEq9ayeSVWOqGs5Q9n5u9EAbL+UoQhtCscHa4B51xYU4chn4vFsZigcX6QAcB4/YxbA==
- clerk-js/5.67.0-snapshot.v20250515162250/clerk.legacy.browser.js: sha512-BZVGsIx1VIeYogaZDzREf0gEuuW7H8ka8AukiSPx3fP2wrNvigYCY6owEZ/IPIs3IassPUEZ3VdkXCstISDHfw==
- clerk-js/5.67.0-snapshot.v20250515162250/890_clerk.headless_c1d71f_5.67.0-snapshot.v20250515162250.js: sha512-qaKuwEtPi+VATum0zoEbwdQy3ByWKSaSDQpReqXytOKDPfYiNcrbWhatDwecv5eufi3D0B50DBgJ+8Gp24mf4Q==
- clerk-js/5.67.0-snapshot.v20250515162250/checkout_clerk.chips.browser_427d1c_5.67.0-snapshot.v20250515162250.min.js: sha512-JcGde+8li7iZA25xU/tjUAwRmXbqHzBhU54/CM//ynUpMdalH9KsMyUaF3O5/xclYj6DR4Le+w+j9RZg8Dr/eQ==
- clerk-js/5.67.0-snapshot.v20250515162250/clerk.headless.min.js: sha512-YY+7P0JKt7xIrjo6Mrl5clHwijOo4oEBcAVYrwFLz4/wVSL2pihudmhZPyLuTDDeUCPp7WuslQi7KuLqhRlUfw==
- clerk-js/5.67.0-snapshot.v20250515162250/ui-common_clerk.legacy.browser_ddff36_5.67.0-snapshot.v20250515162250.min.js: sha512-s7HTZqiIOqhs2r5/0Jgm08fnQPiUINc9cnkinWTkK4k/GsG7fvYX0+AoI6swgIaZeYib9+PmS+WzeslWZilbgA==
- clerk-js/5.67.0-snapshot.v20250515162250/up-billing-page_clerk.browser_74d456_5.67.0-snapshot.v20250515162250.js: sha512-xGnMCnh2XgdL1EIRdUHwr44eKD9sVBlUsg7Laswl0Lx4vHSAp2PxyTdDyftlFWOdl3F6pQ3Pu0qEsAhlCvhjsw==
- clerk-js/5.67.0-snapshot.v20250515162250/vendors_clerk.chips.browser_427d1c_5.67.0-snapshot.v20250515162250.js: sha512-bdYcFH3BycXZv0WURMWoIqos2HTAQVdhd3yv1P2EzWnfX2VBRx3BoXyHZYktm/qPLgaL8sUnzT4AsK2/8MDXfw==
- clerk-js/5.67.0-snapshot.v20250515162250/192_clerk.browser_74d456_5.67.0-snapshot.v20250515162250.js: sha512-0io+ZrTRFdyTHSBXhsN+iBzcnjX83qSmDseydYJOnf0o6FBmGqQz6TS2CsnoDFVgg4pRsODffQr4U+NJKNH9oQ==
- clerk-js/5.67.0-snapshot.v20250515162250/965_clerk.headless_c1d71f_5.67.0-snapshot.v20250515162250.min.js: sha512-JbPtaiqa5UyrqdMAs97Zi5v67B6iaCTw0r3tU0CF4O6mOTZxsc7pzyolBpV8qhnYaVs2HIwvWMktEekp9QTCCQ==
- clerk-js/5.67.0-snapshot.v20250515162250/checkout_clerk.browser_74d456_5.67.0-snapshot.v20250515162250.js: sha512-ZFen68ASbOfw3i6SNIjMeFQ2NiLpUMs777HmvP1LuFpK0l7voZDev5f1k9gQjRCne4fFyLNuM3iHGcv1gGn65A==
- clerk-js/5.67.0-snapshot.v20250515162250/paymentSources_clerk.legacy.browser_ddff36_5.67.0-snapshot.v20250515162250.min.js: sha512-zyYT+97Rb0WkduJsA77vI+kVs+w7AYcodlp3HDWX5PIbWEq3i9d78zyqf+uaugXWyyNVuEBTn4+Kh9QXWPWW/w==
- clerk-js/5.67.0-snapshot.v20250515162250/pricingTable_clerk.legacy.browser_ddff36_5.67.0-snapshot.v20250515162250.js: sha512-5QYHlk0y3i/RZOAtGEIuCsztCPoWXUhkXQGLJWfzCq3K3zO/0rSpJSnyQf3cBA19UP2H3GPvPccKqOugl1PwVA==
- clerk-js/5.67.0-snapshot.v20250515162250/sessionTasks_clerk.browser_74d456_5.67.0-snapshot.v20250515162250.js: sha512-zhpw5T8vgV/ff9+2/Y5HYcRMAfk2nZwXcmjOagv17OviHvnBgQyYZMtG1SU0ONOIO9yoWqIgNbzVtmX49AHKRw==
- clerk-js/5.67.0-snapshot.v20250515162250/signup_clerk.browser_74d456_5.67.0-snapshot.v20250515162250.min.js: sha512-jIEtYy5M7TrgYVZ0wBwMKrJQhYMQWettMSlemQD+CiCrWirD1ZXII+eGPug5lNBWkAtYKV+k1xmbw8sAX0rxuQ==
- clerk-js/5.67.0-snapshot.v20250515162250/signup_clerk.browser_74d456_5.67.0-snapshot.v20250515162250.js: sha512-F999Q9GmnCmCh1Gy7B/PT20TH0Xph6mdxZcCowmZZhoTOc9+Lj4jukBNIuRU8wmEGECDWwXUYrjCvmndG95XSg==
- clerk-js/5.67.0-snapshot.v20250515162250/checkout_clerk.browser_74d456_5.67.0-snapshot.v20250515162250.min.js: sha512-JcGde+8li7iZA25xU/tjUAwRmXbqHzBhU54/CM//ynUpMdalH9KsMyUaF3O5/xclYj6DR4Le+w+j9RZg8Dr/eQ==
- clerk-js/5.67.0-snapshot.v20250515162250/onetap_clerk.chips.browser_427d1c_5.67.0-snapshot.v20250515162250.js: sha512-89555Pd3U3qDXTSvR0zMyMfTrxq4zaDBJQ86Fy/WNwb+tOQ5FC9hXaZy7wg/6Z4iAnQzWZDeDe49ByCvTGnvQw==
- clerk-js/5.67.0-snapshot.v20250515162250/up-billing-page_clerk.legacy.browser_ddff36_5.67.0-snapshot.v20250515162250.js: sha512-wInkdeOEsJ1vzRAbSY2eeLrYYc9/hHhyVOvKVqXcayTsj8JJR17YPuy7urZqJ0tdb532C+Wx7SrhCW53xFHiYw==
- clerk-js/5.67.0-snapshot.v20250515162250/645_clerk.legacy.browser_ddff36_5.67.0-snapshot.v20250515162250.min.js: sha512-3ccH58N+1KUENF0el+IgmiEGHgZmhsJJXKS0+zhehx4SKNg/+CG2nwrRgqB1R88YrqQIVlWP5NSZlgiK3ilDCQ==
- clerk-js/5.67.0-snapshot.v20250515162250/clerk.headless.js: sha512-4WcnH5dy8dSv2V3gEmKsTDcHopE0A4Z7wZ0Zi56QCZSb9MtTYV7cnJyApwgKykP+un2r2gl14zztEK0un/3Dyw==
- clerk-js/5.67.0-snapshot.v20250515162250/pricingTable_clerk.chips.browser_427d1c_5.67.0-snapshot.v20250515162250.js: sha512-O5Hhi1iqAeNHE7cB0qA7AyyUaGINBGMJBAnnOph9x63cb81H41xAbW9s5RmBjVeJy0fUT7nZzKJUzoqcei2/RA==
- clerk-js/5.67.0-snapshot.v20250515162250/vendors_clerk.browser_74d456_5.67.0-snapshot.v20250515162250.js: sha512-bdYcFH3BycXZv0WURMWoIqos2HTAQVdhd3yv1P2EzWnfX2VBRx3BoXyHZYktm/qPLgaL8sUnzT4AsK2/8MDXfw==
- clerk-js/5.67.0-snapshot.v20250515162250/checkout_clerk.chips.browser_427d1c_5.67.0-snapshot.v20250515162250.js: sha512-ZFen68ASbOfw3i6SNIjMeFQ2NiLpUMs777HmvP1LuFpK0l7voZDev5f1k9gQjRCne4fFyLNuM3iHGcv1gGn65A==
- clerk-js/5.67.0-snapshot.v20250515162250/keylessPrompt_clerk.chips.browser_427d1c_5.67.0-snapshot.v20250515162250.js: sha512-AJFOPXnkFartIibrvHPVSNcBSsWiU/8/y2f6uIvPFmAfAQUM2bziIsyijQrJLzIOjSyQ9++VeaqywetjtD506w==
- clerk-js/5.67.0-snapshot.v20250515162250/organizationprofile_clerk.browser_74d456_5.67.0-snapshot.v20250515162250.js: sha512-oZM3y1S3zy5zv/IuiVv0DY0viwY4K+mbFMVB5pD5zgTa3kh6WwCHQbyuXuYi47OlH0syGD/rm1+3PpMX33asGA==
- clerk-js/5.67.0-snapshot.v20250515162250/signup_clerk.chips.browser_427d1c_5.67.0-snapshot.v20250515162250.min.js: sha512-jIEtYy5M7TrgYVZ0wBwMKrJQhYMQWettMSlemQD+CiCrWirD1ZXII+eGPug5lNBWkAtYKV+k1xmbw8sAX0rxuQ==
- clerk-js/5.67.0-snapshot.v20250515162250/cookieSuffix_clerk.chips.browser_427d1c_5.67.0-snapshot.v20250515162250.js: sha512-vg9W90KEqH+vc1JFRH1saEVXiUZnoB4PjRAUIK93ot8dTBNFw5s4bdxfDujpqxfPLF9nfaOTDTwxPkEGE9X40g==
- clerk-js/5.67.0-snapshot.v20250515162250/framework_clerk.browser_74d456_5.67.0-snapshot.v20250515162250.js: sha512-tzb6+xSCXoHW1A/3MvW/WzBy3nMxuZEp/FmtWopEUDBhpxur1MmgmFPyLowrAEXTntykggo2DAQQxBxeFDT5ug==
- clerk-js/5.67.0-snapshot.v20250515162250/ui-common_clerk.chips.browser_427d1c_5.67.0-snapshot.v20250515162250.js: sha512-u5hMH8+Pc95d0z/TsXXKdWXsuipZmIRp+7luSvP7EPPqunudImqBHeUQNpyyl01JSbSxZZQqSnW+I+O8kVDKlA==
- clerk-js/5.67.0-snapshot.v20250515162250/vendors_clerk.browser_74d456_5.67.0-snapshot.v20250515162250.min.js: sha512-OiXnsiFCrYJQxsAO2pu6XNWJx2Us69LLXJubLjFNqrocMF30C2uCkuJSl4eOW2oZJYpIFqT7Mkcys+ELyXwQqg==
- clerk-js/5.67.0-snapshot.v20250515162250/zxcvbn-common_clerk.legacy.browser_ddff36_5.67.0-snapshot.v20250515162250.min.js: sha512-7gdlrRVpOjbz9ULgyl3H96aeUxLCj8nCxS4fwFT6GGjgHBa3E+KAooycszJdAgfUJ5IT3kWE7eGCEleUE9+PtA==
- clerk-js/5.67.0-snapshot.v20250515162250/zxcvbn-ts-core_clerk.chips.browser_427d1c_5.67.0-snapshot.v20250515162250.min.js: sha512-xTpQZt/XJFLwCgh6g7h4et+3y8HcluxLiZLaDW9OjGMKNzMekFilKt/8CmnpywBmHZU78Og7GEeV4Kg5EOKsxA==
- clerk-js/5.67.0-snapshot.v20250515162250/66_clerk.legacy.browser_ddff36_5.67.0-snapshot.v20250515162250.min.js: sha512-ySx0akOPOxy3VIelFnKWqpVMvWx1+ws2kMOOziHkZp1i8y5E4EHMJKTkqhd4EDno8jiWieTXal9EBjOV4CmqjQ==
- clerk-js/5.67.0-snapshot.v20250515162250/clerk.chips.browser.min.js: sha512-73P7iBqab/x4res/JFrnuThbfM1c+4IYXDwNRpxaQBewRb0au3fhF1N3KAM66mikhtxnaSAEl7lEWdUVOKwrrg==
- clerk-js/5.67.0-snapshot.v20250515162250/pricingTable_clerk.browser_74d456_5.67.0-snapshot.v20250515162250.js: sha512-O5Hhi1iqAeNHE7cB0qA7AyyUaGINBGMJBAnnOph9x63cb81H41xAbW9s5RmBjVeJy0fUT7nZzKJUzoqcei2/RA==
- clerk-js/5.67.0-snapshot.v20250515162250/zxcvbn-ts-core_clerk.legacy.browser_ddff36_5.67.0-snapshot.v20250515162250.js: sha512-rLDv+t3xn7VD5u0fN+9Ksg2anuyFYlLlwSx/AzkgM0/sTPEWgWzH7ZNS7+yZtbN1rguOp8odLTl144idSzMnmg==
- clerk-js/5.67.0-snapshot.v20250515162250/zxcvbn-ts-core_clerk.headless.browser_304c99_5.67.0-snapshot.v20250515162250.min.js: sha512-xTpQZt/XJFLwCgh6g7h4et+3y8HcluxLiZLaDW9OjGMKNzMekFilKt/8CmnpywBmHZU78Og7GEeV4Kg5EOKsxA==
- clerk-js/5.67.0-snapshot.v20250515162250/blankcaptcha_clerk.chips.browser_427d1c_5.67.0-snapshot.v20250515162250.js: sha512-poPPeaZ8bFkzXr6ZMge1yes3JhhCB36dI9UGyn73zcRUrY+cOowMKElKndht1fE1ry1+eCelXRouuFAKk+ppJg==
- clerk-js/5.67.0-snapshot.v20250515162250/cookieSuffix_clerk.headless_c1d71f_5.67.0-snapshot.v20250515162250.js: sha512-DbbncaS2EQBxFJTxSV84ifuy40zRRwOUsx11FPksOP6nbyXhy+a+lxx5qT7zo6kSuMbAeHP0IBvdKuLx+5wlsA==
- clerk-js/5.67.0-snapshot.v20250515162250/createorganization_clerk.legacy.browser_ddff36_5.67.0-snapshot.v20250515162250.min.js: sha512-jJZgEBNI5cb8P52+6TamNAhKApZXcLuZOVOjKW9I3J7coLHzDU7kwABuXrGrlTEXmsmdCozxa2mNwk64nhs32Q==
- clerk-js/5.67.0-snapshot.v20250515162250/onetap_clerk.browser_74d456_5.67.0-snapshot.v20250515162250.min.js: sha512-jjSNrFZmA1zZfQd+GPwxBFKYFPslz1HyzRxCyO6/lPDIqj0OWTDiX55bTuPVF3j3GmLxBpIV0yUC2cwicQg9VQ==
- clerk-js/5.67.0-snapshot.v20250515162250/planDetails_clerk.browser_74d456_5.67.0-snapshot.v20250515162250.js: sha512-XvwLDdpXwXj3W82bq0cgMw6D+gBLY/6f6NLtFni71WoWVzxYs9dZ+yGVkQlhCj19p8PJOj7K3hqbxgpzO3bvDw==
- clerk-js/5.67.0-snapshot.v20250515162250/signin_clerk.browser_74d456_5.67.0-snapshot.v20250515162250.min.js: sha512-ytJo46hB1A9CC27/tZB+ntI/TVFuKcvhpcjnv/GJ1OxyCLLkiDXew0X0XhNBHhFry6b4K0lclwTWTyUPJLNOig==
- clerk-js/5.67.0-snapshot.v20250515162250/up-billing-page_clerk.legacy.browser_ddff36_5.67.0-snapshot.v20250515162250.min.js: sha512-hl8yTDXtjBokUX5oOmmxfHhqADub+BFX9CKxCGOas3aR9d+0IqsxrHYm+xdy0Tn8TTeAkU2I+KSfZY8naCmisg==
- clerk-js/5.67.0-snapshot.v20250515162250/645_clerk.browser_74d456_5.67.0-snapshot.v20250515162250.js: sha512-2vNu8g2n4KQNZ8Wqqo5EcenP+j57mZzemNPNfTcoIGiRXOxkL7m5zrgyoSItZqDGdDLOHfJXC/loim4y1HrD7w==
- clerk-js/5.67.0-snapshot.v20250515162250/66_clerk.legacy.browser_ddff36_5.67.0-snapshot.v20250515162250.js: sha512-HBFJa297Sw5RP9Lk7aagHVP0gqDI5QdohKCIex1ndexb7Hr+YfAM+AunThSwimveauDALN3Nc9u+YtvcqqV3Gg==
- clerk-js/5.67.0-snapshot.v20250515162250/clerk.legacy.browser.min.js: sha512-3Wb19PORSM3usAUWgT0RXUwlnU8gB7t3lmDmkZCFxQg02BCkv7kZu6Dj8QifxKjgHTv+Syb60dg70fbdTiru0A==
- clerk-js/5.67.0-snapshot.v20250515162250/cookieSuffix_clerk.browser_74d456_5.67.0-snapshot.v20250515162250.min.js: sha512-vg9W90KEqH+vc1JFRH1saEVXiUZnoB4PjRAUIK93ot8dTBNFw5s4bdxfDujpqxfPLF9nfaOTDTwxPkEGE9X40g==
- clerk-js/5.67.0-snapshot.v20250515162250/signin_clerk.legacy.browser_ddff36_5.67.0-snapshot.v20250515162250.js: sha512-rn4UMxYJZ+o4OWIMpG1g4Uzu5WL9PYHJQmJEaMUo/L+FoR/xT+skjCNoa+N9b8fFJS1CIvFndwh289fVsws0zg==
- clerk-js/5.67.0-snapshot.v20250515162250/paymentSources_clerk.chips.browser_427d1c_5.67.0-snapshot.v20250515162250.min.js: sha512-Cuc6u8hTPHPkMFy4+/3UQ0tChJFiDqEaCOsF56GwbQvm4PN2QsPQDIOA8PFbltFT7qIAdRd5CQXzlQgQd1io1g==
- clerk-js/5.67.0-snapshot.v20250515162250/organizationprofile_clerk.legacy.browser_ddff36_5.67.0-snapshot.v20250515162250.js: sha512-FFcyNkQL5FfIK+OB04u6lcasGGK9YtQxI/JRvWVPtm7m06osJwqqsTJAf6/27M1ruDNXKdi4EFEsfaJDwSHPjQ==
- clerk-js/5.67.0-snapshot.v20250515162250/zxcvbn-ts-core_clerk.chips.browser_427d1c_5.67.0-snapshot.v20250515162250.js: sha512-T5Mt+UVEb2tiTHrqR6sQ6t82Ex3xQPJymyialUQcwFvlaCBddm1n2Eiy65SelOvGbzEXk38aoRZUva6VwYxeVA==
- clerk-js/5.67.0-snapshot.v20250515162250/impersonationfab_clerk.browser_74d456_5.67.0-snapshot.v20250515162250.js: sha512-1N9+xEgsE00rn4aRMUxsOqBundXyoM0L3bfK3y3stxtShm0CUqBWz5buMFWu85u5HBBYWq5Y2ckzBFFiIohHFA==
- clerk-js/5.67.0-snapshot.v20250515162250/up-billing-page_clerk.browser_74d456_5.67.0-snapshot.v20250515162250.min.js: sha512-zpzF8QTaVwibq0Z+A08xWeCcL1Dg1vkvvL/slSLgPH/N1/vBfGbIHAUhtMyFw+a7O3jl/xwaBrBGzr7HUbHM5A==
- clerk-js/5.67.0-snapshot.v20250515162250/up-billing-page_clerk.chips.browser_427d1c_5.67.0-snapshot.v20250515162250.min.js: sha512-zpzF8QTaVwibq0Z+A08xWeCcL1Dg1vkvvL/slSLgPH/N1/vBfGbIHAUhtMyFw+a7O3jl/xwaBrBGzr7HUbHM5A==
- clerk-js/5.67.0-snapshot.v20250515162250/op-billing-page_clerk.browser_74d456_5.67.0-snapshot.v20250515162250.min.js: sha512-OQp6oYY9QszlZS8Aw23zf2gfvdQIln/ShwnWKDxpsrci4zxmhAxE658IdgUz1Z5UpdHttbd1WvqNPMECwVGuvQ==
- clerk-js/5.67.0-snapshot.v20250515162250/zxcvbn-common_clerk.browser_74d456_5.67.0-snapshot.v20250515162250.min.js: sha512-aCh2ygfnro5vZf81EzHC+a/0h3M9TnJ00IBt7iXKLjzLgyI3auAtH1LiZ+RWZSr6GgzVCxn+vp4qecJpbYQxzQ==
- clerk-js/5.67.0-snapshot.v20250515162250/impersonationfab_clerk.chips.browser_427d1c_5.67.0-snapshot.v20250515162250.min.js: sha512-DLjR5Afe2W7p4iF04WibQXPIOqKYzdmx2WbtfZVccNjnqoNrJ2MJ+IPEZs+yFPug8j6QWtsc/oV6RhOTTl2QhA==
- clerk-js/5.67.0-snapshot.v20250515162250/organizationlist_clerk.chips.browser_427d1c_5.67.0-snapshot.v20250515162250.js: sha512-yc2QAPNdKa8UHnjWvGTWQI7X21FbovslUKwYsNC0ZaDDDnX5j0+saV5c1flZhAvZ6UXnZJW+Du36KaJWjxVOiA==
- clerk-js/5.67.0-snapshot.v20250515162250/signin_clerk.chips.browser_427d1c_5.67.0-snapshot.v20250515162250.min.js: sha512-ytJo46hB1A9CC27/tZB+ntI/TVFuKcvhpcjnv/GJ1OxyCLLkiDXew0X0XhNBHhFry6b4K0lclwTWTyUPJLNOig==
- clerk-js/5.67.0-snapshot.v20250515162250/userbutton_clerk.legacy.browser_ddff36_5.67.0-snapshot.v20250515162250.min.js: sha512-jJD6Azc69MeCk0XA5ieVhza2+ibNKmtFmQ57diniFgCCcCsTanI83DocaHn1GP98A8kDJ4rZIPc4VZwZfUKgBA==
- clerk-js/5.67.0-snapshot.v20250515162250/645_clerk.legacy.browser_ddff36_5.67.0-snapshot.v20250515162250.js: sha512-UURrfLs/SuGOj2WSiplLkCet/6f1KB2d5YXfXK6C1DfpJz0kZDeUUuEppUdll5NxCY5moxFvram5Vu1etLvkzg==
- clerk-js/5.67.0-snapshot.v20250515162250/clerk.js: sha512-YHI5A7ViVCe/e6vIVmnfoY4XS93RdfQhrQRYbg7f2tF1/a1D/66pO7SjKel/twWDXEf5+tg3nQP6NMmIzX13MQ==
- clerk-js/5.67.0-snapshot.v20250515162250/keylessPrompt_clerk.legacy.browser_ddff36_5.67.0-snapshot.v20250515162250.js: sha512-2I2D5nksR1zA1v/KUS3CKhh7re2p0pfVRhRSifX/eiHUGDpENDFPOFe8wzCS2jIbWBzYjfT9+m4v1BelVvPZQQ==
- clerk-js/5.67.0-snapshot.v20250515162250/66_clerk.browser_74d456_5.67.0-snapshot.v20250515162250.js: sha512-Vv5N9GNUSHTKGKzwV66dCce/6C05JSPERdzS08ROgAU6eLddO5gHaY25m2UW5UAqs5LFMO3y2C+H5ys1eZ7CGg==
- clerk-js/5.67.0-snapshot.v20250515162250/onetap_clerk.legacy.browser_ddff36_5.67.0-snapshot.v20250515162250.js: sha512-saui7btk3VDiV195j8VbGvHdX7kymta7vX/e+3zvKq0VUrkuTaCcSvQRaObfk2rDVnjYFM32HUIt4r8BOS3hbg==
- clerk-js/5.67.0-snapshot.v20250515162250/userverification_clerk.legacy.browser_ddff36_5.67.0-snapshot.v20250515162250.js: sha512-RAXyYAbBhQ45rqntu3vBqu0MroYhnJ8+VbR6hap5428jVguXUnkDImy7xX74mzR/ZImuWU95ZzQA+gtKBy/WFw==
- clerk-js/5.67.0-snapshot.v20250515162250/zxcvbn-ts-core_clerk.headless.browser_304c99_5.67.0-snapshot.v20250515162250.js: sha512-T5Mt+UVEb2tiTHrqR6sQ6t82Ex3xQPJymyialUQcwFvlaCBddm1n2Eiy65SelOvGbzEXk38aoRZUva6VwYxeVA==
- clerk-js/5.67.0-snapshot.v20250515162250/192_clerk.legacy.browser_ddff36_5.67.0-snapshot.v20250515162250.min.js: sha512-Fuy3Fb8rKImh/femPs/XlL1sjTzy74/lgB62Z7O3xz2U8qCWW8aXElfzAQWW7oEZXpBlYlcqjB6uZzi2Rh9RGQ==
- clerk-js/5.67.0-snapshot.v20250515162250/66_clerk.chips.browser_427d1c_5.67.0-snapshot.v20250515162250.js: sha512-Vv5N9GNUSHTKGKzwV66dCce/6C05JSPERdzS08ROgAU6eLddO5gHaY25m2UW5UAqs5LFMO3y2C+H5ys1eZ7CGg==
- clerk-js/5.67.0-snapshot.v20250515162250/organizationswitcher_clerk.legacy.browser_ddff36_5.67.0-snapshot.v20250515162250.js: sha512-TuIvnf9ZeimlfeT8gpBptT6KBOZFozt+3cfoBgB45ZNvXPUeJLwObjrY2eZhUTjyD5qJbEQCKfkHVH6cG9YU8Q==
- clerk-js/5.67.0-snapshot.v20250515162250/prefetchorganizationlist_clerk.browser_74d456_5.67.0-snapshot.v20250515162250.min.js: sha512-/eZNGvNNwf91txAg7uQf3TCXVoVdPol70k7+6+2CMRfQg39darwQtnpWxoc0MD260b9g6ofFK0MNtiZUel0SxQ==
- clerk-js/5.67.0-snapshot.v20250515162250/sessionTasks_clerk.chips.browser_427d1c_5.67.0-snapshot.v20250515162250.js: sha512-zhpw5T8vgV/ff9+2/Y5HYcRMAfk2nZwXcmjOagv17OviHvnBgQyYZMtG1SU0ONOIO9yoWqIgNbzVtmX49AHKRw==
- clerk-js/5.67.0-snapshot.v20250515162250/signin_clerk.browser_74d456_5.67.0-snapshot.v20250515162250.js: sha512-hq801fYZ8OKhXE5PygW/bq7U6ViINieKOwxWMljalLaOMTYtNc9RsNkWh9pAjzzrxvdSVib6YFiWzeRPBYE6tA==
- clerk-js/5.67.0-snapshot.v20250515162250/signup_clerk.legacy.browser_ddff36_5.67.0-snapshot.v20250515162250.min.js: sha512-vjig1kvma1oj2iky3Xqh+6H8kRMbVcq4/6qvqRNh5p4VlqWLKv+ns2wK6zhNdg9z2k7sM/PDEAdubkb6xkUFjA==
- clerk-js/5.67.0-snapshot.v20250515162250/framework_clerk.browser_74d456_5.67.0-snapshot.v20250515162250.min.js: sha512-HEOozu01OzUjoYEygMb4koxRRbaZrW0jTd4dTD5wkUajtxCXFhGEN036JGc0rCcfARtYiWh4ptj65vIovYgydg==
- clerk-js/5.67.0-snapshot.v20250515162250/planDetails_clerk.chips.browser_427d1c_5.67.0-snapshot.v20250515162250.js: sha512-XvwLDdpXwXj3W82bq0cgMw6D+gBLY/6f6NLtFni71WoWVzxYs9dZ+yGVkQlhCj19p8PJOj7K3hqbxgpzO3bvDw==
- clerk-js/5.67.0-snapshot.v20250515162250/userprofile_clerk.browser_74d456_5.67.0-snapshot.v20250515162250.min.js: sha512-EcbMkeo0GiUrZmhzf6g1j4LxI775do/GL5GRwveoOLqp/DtwNcxPn8bORXj0ksebbjt+LvWdU3SON7TBAB2X8A==
- clerk-js/5.67.0-snapshot.v20250515162250/zxcvbn-common_clerk.headless.browser_304c99_5.67.0-snapshot.v20250515162250.js: sha512-boX5uXNRQZQYN/W2CHlD1c+GxJz/eIvxQEB/NHUf35Kqhj/LVz3BNsbzlnJ//KfJNGLq2kp2aOx1pEYCA2ZJ1g==
- clerk-js/5.67.0-snapshot.v20250515162250/645_clerk.chips.browser_427d1c_5.67.0-snapshot.v20250515162250.js: sha512-2vNu8g2n4KQNZ8Wqqo5EcenP+j57mZzemNPNfTcoIGiRXOxkL7m5zrgyoSItZqDGdDLOHfJXC/loim4y1HrD7w==
- clerk-js/5.67.0-snapshot.v20250515162250/clerk.headless.browser.min.js: sha512-8ioI5PjbdIPYJunr80H+BW4vg2LurHeKd7Sq6JgyhfRcsylxgsEyeDiAbRL89qS1jViQh64QJaDv/RqY0UwbcA==
- clerk-js/5.67.0-snapshot.v20250515162250/cookieSuffix_clerk.headless.browser_304c99_5.67.0-snapshot.v20250515162250.js: sha512-IJE0CiJEmdq03APLKkIPgq2PbtP14FrxDhSgsZ2Y9XfYD9CxRjUvXffvbzdaio5H6aCgWKbQ2k/1+J+EsNDvew==
- clerk-js/5.67.0-snapshot.v20250515162250/framework_clerk.legacy.browser_ddff36_5.67.0-snapshot.v20250515162250.min.js: sha512-nmaxBWscUiK6EVkHDM0Zs5rSwnBVSynLBQ+LVXs8e0Vfkm8/0VNk0EdJbpES1QhLWsMkQ8n+4dxO/d7n3iKDWQ==
- clerk-js/5.67.0-snapshot.v20250515162250/onetap_clerk.legacy.browser_ddff36_5.67.0-snapshot.v20250515162250.min.js: sha512-iony7AwQ21D9s4M0kNM6Vj+HOp7LziUipczJGT7JURpgM7RgTlZv9e8oZRQg4bRi4CpL7QmjslUsw4kV602arA==
- clerk-js/5.67.0-snapshot.v20250515162250/pricingTable_clerk.chips.browser_427d1c_5.67.0-snapshot.v20250515162250.min.js: sha512-O5Hhi1iqAeNHE7cB0qA7AyyUaGINBGMJBAnnOph9x63cb81H41xAbW9s5RmBjVeJy0fUT7nZzKJUzoqcei2/RA==
- clerk-js/5.67.0-snapshot.v20250515162250/zxcvbn-ts-core_clerk.browser_74d456_5.67.0-snapshot.v20250515162250.js: sha512-T5Mt+UVEb2tiTHrqR6sQ6t82Ex3xQPJymyialUQcwFvlaCBddm1n2Eiy65SelOvGbzEXk38aoRZUva6VwYxeVA==
- clerk-js/5.67.0-snapshot.v20250515162250/377_clerk.headless_c1d71f_5.67.0-snapshot.v20250515162250.js: sha512-zc8F3yZk25QQjJrOShqLpeNBhA8ix9HZTcTIrQiPU60F0OKzyPgSPRi+CPwhDzAP7iSnJme4ws73O3/7Qicq0w==
- clerk-js/5.67.0-snapshot.v20250515162250/clerk.browser.js: sha512-VXy3F8aSGR0tXWCb+FE/PvpEJPpcw+zZeT0fVMmf1qytyJ73UelrbhGFXJ7Bgrb/841urpqy5efl4b+wQHSQFQ==
- clerk-js/5.67.0-snapshot.v20250515162250/cookieSuffix_clerk.chips.browser_427d1c_5.67.0-snapshot.v20250515162250.min.js: sha512-vg9W90KEqH+vc1JFRH1saEVXiUZnoB4PjRAUIK93ot8dTBNFw5s4bdxfDujpqxfPLF9nfaOTDTwxPkEGE9X40g==
- clerk-js/5.67.0-snapshot.v20250515162250/cookieSuffix_clerk.headless_c1d71f_5.67.0-snapshot.v20250515162250.min.js: sha512-4EUpSUHonBKrBJLqwevyDFCyTVJz/+Wr7b2xKgHYgjZt1NZtxiTd/kVMpRKuzrZTgnG5XlpPer2sG76Xz14NSQ==
- clerk-js/5.67.0-snapshot.v20250515162250/cookieSuffix_clerk.legacy.browser_ddff36_5.67.0-snapshot.v20250515162250.min.js: sha512-/FBGhrXPh6VUoHLatKfoN2qdWPykJQ91zFnsqMf5yVPPrqV8PAUMYjWk67BU/spCbi4P2F6jLekbeZYX9seKhg==
- clerk-js/5.67.0-snapshot.v20250515162250/framework_clerk.chips.browser_427d1c_5.67.0-snapshot.v20250515162250.min.js: sha512-HEOozu01OzUjoYEygMb4koxRRbaZrW0jTd4dTD5wkUajtxCXFhGEN036JGc0rCcfARtYiWh4ptj65vIovYgydg==
- clerk-js/5.67.0-snapshot.v20250515162250/planDetails_clerk.legacy.browser_ddff36_5.67.0-snapshot.v20250515162250.js: sha512-GjrH3QJbeI3Htefg3IhYeaB43qjzPpLQxbRSTBFNOd2yPLYf076TDi2Nu5VsiSq/ULJaGFvrgeGUkIDb8bFkVQ==
- clerk-js/5.67.0-snapshot.v20250515162250/onetap_clerk.browser_74d456_5.67.0-snapshot.v20250515162250.js: sha512-89555Pd3U3qDXTSvR0zMyMfTrxq4zaDBJQ86Fy/WNwb+tOQ5FC9hXaZy7wg/6Z4iAnQzWZDeDe49ByCvTGnvQw==
- clerk-js/5.67.0-snapshot.v20250515162250/op-billing-page_clerk.legacy.browser_ddff36_5.67.0-snapshot.v20250515162250.js: sha512-5AjX1JXpVJ6VNUC8OhEOVX0dagRKQGkC6Y+tJGBfQEdnpFfqsbSbiX5/gxcO/G2+z14SeQU/HOkvp9r5jnQ0JA==
- clerk-js/5.67.0-snapshot.v20250515162250/vendors_clerk.legacy.browser_ddff36_5.67.0-snapshot.v20250515162250.min.js: sha512-p9SoHU4fkxLQ/Ba1HNczdYS9an1bwKSZoif8/EGCOGfcSY7YGh3+DiqPCcD2HvHVN9Q+BxlG7kqiFw/BzPd1hw==
- clerk-js/5.67.0-snapshot.v20250515162250/cookieSuffix_clerk.legacy.browser_ddff36_5.67.0-snapshot.v20250515162250.js: sha512-/FBGhrXPh6VUoHLatKfoN2qdWPykJQ91zFnsqMf5yVPPrqV8PAUMYjWk67BU/spCbi4P2F6jLekbeZYX9seKhg==
- clerk-js/5.67.0-snapshot.v20250515162250/createorganization_clerk.chips.browser_427d1c_5.67.0-snapshot.v20250515162250.min.js: sha512-DNb/fnNYQGGLYJs5/VmGzA1ZevEvzyynhMb7/fU0QxeLTaaqqjctQujmIVXTJjQkLbbAw9xHUBQ/A/jKer4hFw==
- clerk-js/5.67.0-snapshot.v20250515162250/vendors_clerk.chips.browser_427d1c_5.67.0-snapshot.v20250515162250.min.js: sha512-OiXnsiFCrYJQxsAO2pu6XNWJx2Us69LLXJubLjFNqrocMF30C2uCkuJSl4eOW2oZJYpIFqT7Mkcys+ELyXwQqg==
- clerk-js/5.67.0-snapshot.v20250515162250/cookieSuffix_clerk.headless.browser_304c99_5.67.0-snapshot.v20250515162250.min.js: sha512-IJE0CiJEmdq03APLKkIPgq2PbtP14FrxDhSgsZ2Y9XfYD9CxRjUvXffvbzdaio5H6aCgWKbQ2k/1+J+EsNDvew==
- clerk-js/5.67.0-snapshot.v20250515162250/keylessPrompt_clerk.browser_74d456_5.67.0-snapshot.v20250515162250.min.js: sha512-xO2YaeScv9YDb/A7ngn76Bcyc+V2/lc6/irH+IVPhKahasCPK3br5wBDxMWSFNm5hrhR+flwqMHdCw6BSF1arw==
- clerk-js/5.67.0-snapshot.v20250515162250/userverification_clerk.legacy.browser_ddff36_5.67.0-snapshot.v20250515162250.min.js: sha512-9r2VulICYmWOroYkwZbPoWI6O8Yp/obZ0UK8tn7PsKNl19egwMLtupn5jdWtmOCn9I0+jKcYHFEhsESfPJTYXw==
- clerk-js/5.67.0-snapshot.v20250515162250/onetap_clerk.chips.browser_427d1c_5.67.0-snapshot.v20250515162250.min.js: sha512-jjSNrFZmA1zZfQd+GPwxBFKYFPslz1HyzRxCyO6/lPDIqj0OWTDiX55bTuPVF3j3GmLxBpIV0yUC2cwicQg9VQ==
- clerk-js/5.67.0-snapshot.v20250515162250/op-billing-page_clerk.chips.browser_427d1c_5.67.0-snapshot.v20250515162250.js: sha512-9/MH0aqzHh7LHCi8Qy52JujpqsMVB2/omV2PAdq+CEczH32Xz6JaHRrsdm0hJtAf3NUFHjBauv+RFDVyTlqo2g==
- clerk-js/5.67.0-snapshot.v20250515162250/prefetchorganizationlist_clerk.chips.browser_427d1c_5.67.0-snapshot.v20250515162250.js: sha512-Vw2gbvRvRdDrU8qMA0554MTu2lRVveEsEJkq3lTHelR6pz+rIDrCk3bKOwIVTRVJfFsSjFosuYiY9+kd9A+Cgg==
- clerk-js/5.67.0-snapshot.v20250515162250/waitlist_clerk.chips.browser_427d1c_5.67.0-snapshot.v20250515162250.js: sha512-EPkjh8L7kwOxQakWLv845BMPjnK2Chc+R6QQ32N8L8FoIYWp0p9A3Tg1Hpt8olhsuSQ8enim52PgdiWrru+jmA==
- clerk-js/5.67.0-snapshot.v20250515162250/waitlist_clerk.legacy.browser_ddff36_5.67.0-snapshot.v20250515162250.js: sha512-zWw8sQwq9grH8bIHjqVSS6QrmLL+eLizDq5R07tMMfgH7EysCq106kjDRs+SWBlu73id3aCJEdz3+U9EL5Al8g==
- clerk-js/5.67.0-snapshot.v20250515162250/organizationlist_clerk.legacy.browser_ddff36_5.67.0-snapshot.v20250515162250.min.js: sha512-N0JKeRPbH+9Fx/zXE9k4z+kOWx9TNA4dIC+7/8A1VU1v3Rx8gOWNmN9J+kJhFYHtXCmzUu5JdtMcw8Ha47oQlg==
- clerk-js/5.67.0-snapshot.v20250515162250/645_clerk.chips.browser_427d1c_5.67.0-snapshot.v20250515162250.min.js: sha512-KYaUtUeA1M53DkO8FDvhuKmLLqL1stq7uMHpwL8DapRPRKM4j0g2KKe5AuhoJQP09YAwxX5NgC87JowrmKTxXg==
- clerk-js/5.67.0-snapshot.v20250515162250/965_clerk.headless_c1d71f_5.67.0-snapshot.v20250515162250.js: sha512-DrgUjZBWdCm3RPVW7cC422f+b3ID4ijTOOGKnYmdtF5t3Ww1/opOanHEBW5VlX3k0ayVFUYR4J0Kyc/y+a9MdQ==
- clerk-js/5.67.0-snapshot.v20250515162250/cookieSuffix_clerk.browser_74d456_5.67.0-snapshot.v20250515162250.js: sha512-vg9W90KEqH+vc1JFRH1saEVXiUZnoB4PjRAUIK93ot8dTBNFw5s4bdxfDujpqxfPLF9nfaOTDTwxPkEGE9X40g==
- clerk-js/5.67.0-snapshot.v20250515162250/organizationprofile_clerk.browser_74d456_5.67.0-snapshot.v20250515162250.min.js: sha512-iMQjBO0YYA2f3L/4V/UkBOs0pz606wI3rzLWyjD5yCl8B6sAD2hLae1owmpykQDw/cXWUc3aIAISNavRT4HiPQ==
- clerk-js/5.67.0-snapshot.v20250515162250/planDetails_clerk.browser_74d456_5.67.0-snapshot.v20250515162250.min.js: sha512-2qFV53gGbvMb5AybR738EvWkeOcPy5lYBfZ/uraewJJ5Jz+BPxhr67zB4my8npsRqeKRXRwpFU94ESpuC/SvEQ==
- clerk-js/5.67.0-snapshot.v20250515162250/zxcvbn-common_clerk.chips.browser_427d1c_5.67.0-snapshot.v20250515162250.min.js: sha512-aCh2ygfnro5vZf81EzHC+a/0h3M9TnJ00IBt7iXKLjzLgyI3auAtH1LiZ+RWZSr6GgzVCxn+vp4qecJpbYQxzQ==
- clerk-js/5.67.0-snapshot.v20250515162250/blankcaptcha_clerk.browser_74d456_5.67.0-snapshot.v20250515162250.min.js: sha512-mZIjRqymdkXk4PYHW87WW1SP+IHh7QE96ZCAdR5ArCcT+++ftuv+AcU9OEZ6QaX4LmnI8ivxe8GnHNhw5DmYpg==
- clerk-js/5.67.0-snapshot.v20250515162250/paymentSources_clerk.legacy.browser_ddff36_5.67.0-snapshot.v20250515162250.js: sha512-unH7DFAORJ/za5uvPKBywu5O2AGf+6viZxoYp2W0B9GpgE5UZv6A2Kivczk2FOyGYzyWWFviozmgZUgAffRL3Q==
- clerk-js/5.67.0-snapshot.v20250515162250/planDetails_clerk.legacy.browser_ddff36_5.67.0-snapshot.v20250515162250.min.js: sha512-oY+ExcfLH/aAkVb3KFbh9e8nkciVtTj3tutPmjBXGTUsVmd42XSuCGlG27+fvXhfsppD/JsaO8m4iPm6bwwyxg==
- clerk-js/5.67.0-snapshot.v20250515162250/userprofile_clerk.browser_74d456_5.67.0-snapshot.v20250515162250.js: sha512-GVogS8qKNNZc5vu5OcXoF237YUpCQbXeA57pqIEZovBO4UiwtHWzdN9JVP/TJQfW1Zzoj1NJX/93T6wTZAuadg==
- clerk-js/5.67.0-snapshot.v20250515162250/waitlist_clerk.chips.browser_427d1c_5.67.0-snapshot.v20250515162250.min.js: sha512-oRm55+ayubVCmDlOZkPKMvVIjQdxeAYn9u7LHTcIPgkizk/wZDBt/UqoW9hw+tw2wpsAgil0kRCfhPtZFfgtGg==
- clerk-js/5.67.0-snapshot.v20250515162250/clerk.no-rhc.js: sha512-2JlVWWCJbtA1aJqnaODc8Th17vYNyPOTARkun4aUczEIMBCxbjbw8uSgBlxvP063MqhGFwhMx3YDRfpqvmJPag==
- clerk-js/5.67.0-snapshot.v20250515162250/sessionTasks_clerk.chips.browser_427d1c_5.67.0-snapshot.v20250515162250.min.js: sha512-TK8WkX3tyX8AB4H8E5hJPlxXX8CKVN3dM0ZCq/M2mydtd9hPnsMqLxBWC8Io8BbSRkfJbBleyEBHUAQjY9LNzQ==
- clerk-js/5.67.0-snapshot.v20250515162250/vendors_clerk.headless.browser_304c99_5.67.0-snapshot.v20250515162250.js: sha512-uQG8M2yNSlwoHm6Sg6JdCvPDoQ7qaIkO8iF3eO2ldvyd5Gr97Maa1xjlFve1lrqXqxyFOtOtzRH6YvV4SYgWQA==
- clerk-js/5.67.0-snapshot.v20250515162250/890_clerk.headless_c1d71f_5.67.0-snapshot.v20250515162250.min.js: sha512-Ke7tcqpvu8UTAQm4VG5N31JoBrE1iq+XJ8shpe2z6N6VZuQDQ2y87/vhynGX0IidHuQOoWcgHQv9LzVp2mEPng==
- clerk-js/5.67.0-snapshot.v20250515162250/up-billing-page_clerk.chips.browser_427d1c_5.67.0-snapshot.v20250515162250.js: sha512-xGnMCnh2XgdL1EIRdUHwr44eKD9sVBlUsg7Laswl0Lx4vHSAp2PxyTdDyftlFWOdl3F6pQ3Pu0qEsAhlCvhjsw==
- clerk-js/5.67.0-snapshot.v20250515162250/userprofile_clerk.chips.browser_427d1c_5.67.0-snapshot.v20250515162250.js: sha512-GVogS8qKNNZc5vu5OcXoF237YUpCQbXeA57pqIEZovBO4UiwtHWzdN9JVP/TJQfW1Zzoj1NJX/93T6wTZAuadg==
- clerk-js/5.67.0-snapshot.v20250515162250/clerk.headless.browser.js: sha512-hTOxwNZMREhyg9cDk7L9QDT3dDWJLb8UBBYKkjGLpNxi05xDQ+MFjGWE73WCHoAU4OLoknYCpW5mT2ZZY/4smQ==
- clerk-js/5.67.0-snapshot.v20250515162250/organizationswitcher_clerk.legacy.browser_ddff36_5.67.0-snapshot.v20250515162250.min.js: sha512-8EOVEgIDgR6vpi8vf5uxgNPJg1zGodS6F95Cn+k+ecLTsieDoJhiZxs4KTjpqLiS+FdabBT44GSXBZAFcZHI6Q==
- clerk-js/5.67.0-snapshot.v20250515162250/prefetchorganizationlist_clerk.legacy.browser_ddff36_5.67.0-snapshot.v20250515162250.js: sha512-eq+WC3rLj7YOsL0UDBKrSwv48hNidqUXvIOXn1my2y+wNlZrHA5iZGbST3feB4NHb0MYJU9wXAUn4lTP4nZFVg==
- clerk-js/5.67.0-snapshot.v20250515162250/signin_clerk.legacy.browser_ddff36_5.67.0-snapshot.v20250515162250.min.js: sha512-BVwG+ZZqZNTvlYT3iQMvl+Rzykt+d69Z7qN7jlrRXnvxPVlvtxZVmH3siGO2vFEUnXIwxZ9X0d9d8pbEpQHCHA==
- clerk-js/5.67.0-snapshot.v20250515162250/66_clerk.chips.browser_427d1c_5.67.0-snapshot.v20250515162250.min.js: sha512-JuIP+50HIEVdkfRIehGVnXNTqi+biVlK2yD0W2kNoROGMl9usaOmK4x6PUSMt3Vu0Q9BFEoHV7dap4hGQANlYw==
- clerk-js/5.67.0-snapshot.v20250515162250/keylessPrompt_clerk.legacy.browser_ddff36_5.67.0-snapshot.v20250515162250.min.js: sha512-7PyP9qPg/YQLj5U3Pfzmz+toKxIwk/r3BnQlkTfygW4chAP6vdI33iYJMJfAc68UL5BcDzWHr72Qw9/Fjc7p2Q==
- clerk-js/5.67.0-snapshot.v20250515162250/blankcaptcha_clerk.chips.browser_427d1c_5.67.0-snapshot.v20250515162250.min.js: sha512-mZIjRqymdkXk4PYHW87WW1SP+IHh7QE96ZCAdR5ArCcT+++ftuv+AcU9OEZ6QaX4LmnI8ivxe8GnHNhw5DmYpg==
- clerk-js/5.67.0-snapshot.v20250515162250/userbutton_clerk.browser_74d456_5.67.0-snapshot.v20250515162250.min.js: sha512-SMDvAHL9hJ8x1aTT9akt96zTHIavD+PTVjgSAFAtCQAa7Asruvdw/hu/JuNnDn92QBdIwKbDFCe6YlHgMckQrg==
- clerk-js/5.67.0-snapshot.v20250515162250/vendors_clerk.legacy.browser_ddff36_5.67.0-snapshot.v20250515162250.js: sha512-h2bd2FpGcGvO9ZUiq89FkwBs3TaC7WxCBkwV1Byix/d5WdWgbewg74Uv4AFVTmXclRCQUo9gDBB8lvR8Qf5tWQ==
- clerk-js/5.67.0-snapshot.v20250515162250/organizationprofile_clerk.legacy.browser_ddff36_5.67.0-snapshot.v20250515162250.min.js: sha512-XGnWA70mPZx6skdhRMR9lvXIDQZvhzgB3YIs8DOlzeCJcK/yTelf61pYifrfQ89UwRTHlRUhVuu+k8BwTg6iow==
- clerk-js/5.67.0-snapshot.v20250515162250/sessionTasks_clerk.legacy.browser_ddff36_5.67.0-snapshot.v20250515162250.min.js: sha512-lujwk0rJ6C8/T/JsyrWSwpp5iSqiSjFKtGAqLYXWWcTHrqveMjRdRWSilk7uAAC5RyKbxB4rBTu/WcRh5X4pNA==
