2025/06/29 13:30:26 optimizing files (Js true, Css true, Png true, Jpg true)
2025/06/29 13:30:26 compress: run /node_modules/uglify-js/bin/uglifyjs (3.15.4) [--mangle --compress if_return=true -o /tmp/work/dist/192_clerk.chips.browser_1fe980_5.63.5-snapshot.v20250502111227.min.js /tmp/work/dist/192_clerk.chips.browser_1fe980_5.63.5-snapshot.v20250502111227.js]
2025/06/29 13:30:26 compress: run /node_modules/uglify-js/bin/uglifyjs (3.15.4) [--mangle --compress if_return=true -o /tmp/work/dist/66_clerk.chips.browser_1fe980_5.63.5-snapshot.v20250502111227.min.js /tmp/work/dist/66_clerk.chips.browser_1fe980_5.63.5-snapshot.v20250502111227.js]
2025/06/29 13:30:26 compress: run /node_modules/uglify-js/bin/uglifyjs (3.15.4) [--mangle --compress if_return=true -o /tmp/work/dist/192_clerk.browser_e26c71_5.63.5-snapshot.v20250502111227.min.js /tmp/work/dist/192_clerk.browser_e26c71_5.63.5-snapshot.v20250502111227.js]
2025/06/29 13:30:26 compress: run /node_modules/uglify-js/bin/uglifyjs (3.15.4) [--mangle --compress if_return=true -o /tmp/work/dist/890_clerk.headless_ad39b1_5.63.5-snapshot.v20250502111227.min.js /tmp/work/dist/890_clerk.headless_ad39b1_5.63.5-snapshot.v20250502111227.js]
2025/06/29 13:30:26 compress: run /node_modules/uglify-js/bin/uglifyjs (3.15.4) [--mangle --compress if_return=true -o /tmp/work/dist/192_clerk.legacy.browser_2f30cc_5.63.5-snapshot.v20250502111227.min.js /tmp/work/dist/192_clerk.legacy.browser_2f30cc_5.63.5-snapshot.v20250502111227.js]
2025/06/29 13:30:26 compress: run /node_modules/uglify-js/bin/uglifyjs (3.15.4) [--mangle --compress if_return=true -o /tmp/work/dist/377_clerk.headless_ad39b1_5.63.5-snapshot.v20250502111227.min.js /tmp/work/dist/377_clerk.headless_ad39b1_5.63.5-snapshot.v20250502111227.js]
2025/06/29 13:30:26 compress: run /node_modules/uglify-js/bin/uglifyjs (3.15.4) [--mangle --compress if_return=true -o /tmp/work/dist/66_clerk.browser_e26c71_5.63.5-snapshot.v20250502111227.min.js /tmp/work/dist/66_clerk.browser_e26c71_5.63.5-snapshot.v20250502111227.js]
2025/06/29 13:30:26 compress: run /node_modules/uglify-js/bin/uglifyjs (3.15.4) [--mangle --compress if_return=true -o /tmp/work/dist/66_clerk.legacy.browser_2f30cc_5.63.5-snapshot.v20250502111227.min.js /tmp/work/dist/66_clerk.legacy.browser_2f30cc_5.63.5-snapshot.v20250502111227.js]
2025/06/29 13:30:26 sri /tmp/work/dist/192_clerk.chips.browser_1fe980_5.63.5-snapshot.v20250502111227.min.js -> /output/192_clerk.chips.browser_1fe980_5.63.5-snapshot.v20250502111227.min.js.sri
2025/06/29 13:30:26 sri /tmp/work/dist/192_clerk.browser_e26c71_5.63.5-snapshot.v20250502111227.min.js -> /output/192_clerk.browser_e26c71_5.63.5-snapshot.v20250502111227.min.js.sri
2025/06/29 13:30:26 algorithm: run /usr/bin/brotli --quality=11 --output=/output/192_clerk.browser_e26c71_5.63.5-snapshot.v20250502111227.min.js.br /tmp/work/dist/192_clerk.browser_e26c71_5.63.5-snapshot.v20250502111227.min.js
2025/06/29 13:30:26 algorithm: run /usr/bin/brotli --quality=11 --output=/output/192_clerk.chips.browser_1fe980_5.63.5-snapshot.v20250502111227.min.js.br /tmp/work/dist/192_clerk.chips.browser_1fe980_5.63.5-snapshot.v20250502111227.min.js
2025/06/29 13:30:26 br /tmp/work/dist/192_clerk.browser_e26c71_5.63.5-snapshot.v20250502111227.min.js -> /output/192_clerk.browser_e26c71_5.63.5-snapshot.v20250502111227.min.js.br
2025/06/29 13:30:26 gz /tmp/work/dist/192_clerk.browser_e26c71_5.63.5-snapshot.v20250502111227.min.js -> /output/192_clerk.browser_e26c71_5.63.5-snapshot.v20250502111227.min.js.gz
2025/06/29 13:30:26 sri /tmp/work/dist/192_clerk.browser_e26c71_5.63.5-snapshot.v20250502111227.js -> /output/192_clerk.browser_e26c71_5.63.5-snapshot.v20250502111227.js.sri
2025/06/29 13:30:26 algorithm: run /usr/bin/brotli --quality=11 --output=/output/192_clerk.browser_e26c71_5.63.5-snapshot.v20250502111227.js.br /tmp/work/dist/192_clerk.browser_e26c71_5.63.5-snapshot.v20250502111227.js
2025/06/29 13:30:26 br /tmp/work/dist/192_clerk.chips.browser_1fe980_5.63.5-snapshot.v20250502111227.min.js -> /output/192_clerk.chips.browser_1fe980_5.63.5-snapshot.v20250502111227.min.js.br
2025/06/29 13:30:26 gz /tmp/work/dist/192_clerk.chips.browser_1fe980_5.63.5-snapshot.v20250502111227.min.js -> /output/192_clerk.chips.browser_1fe980_5.63.5-snapshot.v20250502111227.min.js.gz
2025/06/29 13:30:26 sri /tmp/work/dist/192_clerk.chips.browser_1fe980_5.63.5-snapshot.v20250502111227.js -> /output/192_clerk.chips.browser_1fe980_5.63.5-snapshot.v20250502111227.js.sri
2025/06/29 13:30:26 algorithm: run /usr/bin/brotli --quality=11 --output=/output/192_clerk.chips.browser_1fe980_5.63.5-snapshot.v20250502111227.js.br /tmp/work/dist/192_clerk.chips.browser_1fe980_5.63.5-snapshot.v20250502111227.js
2025/06/29 13:30:26 sri /tmp/work/dist/192_clerk.legacy.browser_2f30cc_5.63.5-snapshot.v20250502111227.min.js -> /output/192_clerk.legacy.browser_2f30cc_5.63.5-snapshot.v20250502111227.min.js.sri
2025/06/29 13:30:26 algorithm: run /usr/bin/brotli --quality=11 --output=/output/192_clerk.legacy.browser_2f30cc_5.63.5-snapshot.v20250502111227.min.js.br /tmp/work/dist/192_clerk.legacy.browser_2f30cc_5.63.5-snapshot.v20250502111227.min.js
2025/06/29 13:30:26 br /tmp/work/dist/192_clerk.browser_e26c71_5.63.5-snapshot.v20250502111227.js -> /output/192_clerk.browser_e26c71_5.63.5-snapshot.v20250502111227.js.br
2025/06/29 13:30:26 gz /tmp/work/dist/192_clerk.browser_e26c71_5.63.5-snapshot.v20250502111227.js -> /output/192_clerk.browser_e26c71_5.63.5-snapshot.v20250502111227.js.gz
2025/06/29 13:30:26 compress: run /node_modules/uglify-js/bin/uglifyjs (3.15.4) [--mangle --compress if_return=true -o /tmp/work/dist/965_clerk.headless_ad39b1_5.63.5-snapshot.v20250502111227.min.js /tmp/work/dist/965_clerk.headless_ad39b1_5.63.5-snapshot.v20250502111227.js]
2025/06/29 13:30:26 br /tmp/work/dist/192_clerk.legacy.browser_2f30cc_5.63.5-snapshot.v20250502111227.min.js -> /output/192_clerk.legacy.browser_2f30cc_5.63.5-snapshot.v20250502111227.min.js.br
2025/06/29 13:30:26 gz /tmp/work/dist/192_clerk.legacy.browser_2f30cc_5.63.5-snapshot.v20250502111227.min.js -> /output/192_clerk.legacy.browser_2f30cc_5.63.5-snapshot.v20250502111227.min.js.gz
2025/06/29 13:30:26 sri /tmp/work/dist/192_clerk.legacy.browser_2f30cc_5.63.5-snapshot.v20250502111227.js -> /output/192_clerk.legacy.browser_2f30cc_5.63.5-snapshot.v20250502111227.js.sri
2025/06/29 13:30:26 algorithm: run /usr/bin/brotli --quality=11 --output=/output/192_clerk.legacy.browser_2f30cc_5.63.5-snapshot.v20250502111227.js.br /tmp/work/dist/192_clerk.legacy.browser_2f30cc_5.63.5-snapshot.v20250502111227.js
2025/06/29 13:30:26 br /tmp/work/dist/192_clerk.chips.browser_1fe980_5.63.5-snapshot.v20250502111227.js -> /output/192_clerk.chips.browser_1fe980_5.63.5-snapshot.v20250502111227.js.br
2025/06/29 13:30:26 gz /tmp/work/dist/192_clerk.chips.browser_1fe980_5.63.5-snapshot.v20250502111227.js -> /output/192_clerk.chips.browser_1fe980_5.63.5-snapshot.v20250502111227.js.gz
2025/06/29 13:30:26 compress: run /node_modules/uglify-js/bin/uglifyjs (3.15.4) [--mangle --compress if_return=true -o /tmp/work/dist/blankcaptcha_clerk.browser_e26c71_5.63.5-snapshot.v20250502111227.min.js /tmp/work/dist/blankcaptcha_clerk.browser_e26c71_5.63.5-snapshot.v20250502111227.js]
2025/06/29 13:30:26 br /tmp/work/dist/192_clerk.legacy.browser_2f30cc_5.63.5-snapshot.v20250502111227.js -> /output/192_clerk.legacy.browser_2f30cc_5.63.5-snapshot.v20250502111227.js.br
2025/06/29 13:30:26 gz /tmp/work/dist/192_clerk.legacy.browser_2f30cc_5.63.5-snapshot.v20250502111227.js -> /output/192_clerk.legacy.browser_2f30cc_5.63.5-snapshot.v20250502111227.js.gz
2025/06/29 13:30:26 compress: run /node_modules/uglify-js/bin/uglifyjs (3.15.4) [--mangle --compress if_return=true -o /tmp/work/dist/blankcaptcha_clerk.chips.browser_1fe980_5.63.5-snapshot.v20250502111227.min.js /tmp/work/dist/blankcaptcha_clerk.chips.browser_1fe980_5.63.5-snapshot.v20250502111227.js]
2025/06/29 13:30:26 sri /tmp/work/dist/66_clerk.legacy.browser_2f30cc_5.63.5-snapshot.v20250502111227.min.js -> /output/66_clerk.legacy.browser_2f30cc_5.63.5-snapshot.v20250502111227.min.js.sri
2025/06/29 13:30:26 algorithm: run /usr/bin/brotli --quality=11 --output=/output/66_clerk.legacy.browser_2f30cc_5.63.5-snapshot.v20250502111227.min.js.br /tmp/work/dist/66_clerk.legacy.browser_2f30cc_5.63.5-snapshot.v20250502111227.min.js
2025/06/29 13:30:26 br /tmp/work/dist/66_clerk.legacy.browser_2f30cc_5.63.5-snapshot.v20250502111227.min.js -> /output/66_clerk.legacy.browser_2f30cc_5.63.5-snapshot.v20250502111227.min.js.br
2025/06/29 13:30:26 sri /tmp/work/dist/377_clerk.headless_ad39b1_5.63.5-snapshot.v20250502111227.min.js -> /output/377_clerk.headless_ad39b1_5.63.5-snapshot.v20250502111227.min.js.sri
2025/06/29 13:30:26 gz /tmp/work/dist/66_clerk.legacy.browser_2f30cc_5.63.5-snapshot.v20250502111227.min.js -> /output/66_clerk.legacy.browser_2f30cc_5.63.5-snapshot.v20250502111227.min.js.gz
2025/06/29 13:30:26 sri /tmp/work/dist/66_clerk.legacy.browser_2f30cc_5.63.5-snapshot.v20250502111227.js -> /output/66_clerk.legacy.browser_2f30cc_5.63.5-snapshot.v20250502111227.js.sri
2025/06/29 13:30:26 algorithm: run /usr/bin/brotli --quality=11 --output=/output/66_clerk.legacy.browser_2f30cc_5.63.5-snapshot.v20250502111227.js.br /tmp/work/dist/66_clerk.legacy.browser_2f30cc_5.63.5-snapshot.v20250502111227.js
2025/06/29 13:30:26 algorithm: run /usr/bin/brotli --quality=11 --output=/output/377_clerk.headless_ad39b1_5.63.5-snapshot.v20250502111227.min.js.br /tmp/work/dist/377_clerk.headless_ad39b1_5.63.5-snapshot.v20250502111227.min.js
2025/06/29 13:30:26 sri /tmp/work/dist/66_clerk.browser_e26c71_5.63.5-snapshot.v20250502111227.min.js -> /output/66_clerk.browser_e26c71_5.63.5-snapshot.v20250502111227.min.js.sri
2025/06/29 13:30:26 algorithm: run /usr/bin/brotli --quality=11 --output=/output/66_clerk.browser_e26c71_5.63.5-snapshot.v20250502111227.min.js.br /tmp/work/dist/66_clerk.browser_e26c71_5.63.5-snapshot.v20250502111227.min.js
2025/06/29 13:30:26 sri /tmp/work/dist/66_clerk.chips.browser_1fe980_5.63.5-snapshot.v20250502111227.min.js -> /output/66_clerk.chips.browser_1fe980_5.63.5-snapshot.v20250502111227.min.js.sri
2025/06/29 13:30:26 algorithm: run /usr/bin/brotli --quality=11 --output=/output/66_clerk.chips.browser_1fe980_5.63.5-snapshot.v20250502111227.min.js.br /tmp/work/dist/66_clerk.chips.browser_1fe980_5.63.5-snapshot.v20250502111227.min.js
2025/06/29 13:30:26 br /tmp/work/dist/66_clerk.legacy.browser_2f30cc_5.63.5-snapshot.v20250502111227.js -> /output/66_clerk.legacy.browser_2f30cc_5.63.5-snapshot.v20250502111227.js.br
2025/06/29 13:30:26 gz /tmp/work/dist/66_clerk.legacy.browser_2f30cc_5.63.5-snapshot.v20250502111227.js -> /output/66_clerk.legacy.browser_2f30cc_5.63.5-snapshot.v20250502111227.js.gz
2025/06/29 13:30:26 compress: run /node_modules/uglify-js/bin/uglifyjs (3.15.4) [--mangle --compress if_return=true -o /tmp/work/dist/blankcaptcha_clerk.legacy.browser_2f30cc_5.63.5-snapshot.v20250502111227.min.js /tmp/work/dist/blankcaptcha_clerk.legacy.browser_2f30cc_5.63.5-snapshot.v20250502111227.js]
2025/06/29 13:30:26 br /tmp/work/dist/66_clerk.browser_e26c71_5.63.5-snapshot.v20250502111227.min.js -> /output/66_clerk.browser_e26c71_5.63.5-snapshot.v20250502111227.min.js.br
2025/06/29 13:30:26 gz /tmp/work/dist/66_clerk.browser_e26c71_5.63.5-snapshot.v20250502111227.min.js -> /output/66_clerk.browser_e26c71_5.63.5-snapshot.v20250502111227.min.js.gz
2025/06/29 13:30:26 sri /tmp/work/dist/66_clerk.browser_e26c71_5.63.5-snapshot.v20250502111227.js -> /output/66_clerk.browser_e26c71_5.63.5-snapshot.v20250502111227.js.sri
2025/06/29 13:30:26 algorithm: run /usr/bin/brotli --quality=11 --output=/output/66_clerk.browser_e26c71_5.63.5-snapshot.v20250502111227.js.br /tmp/work/dist/66_clerk.browser_e26c71_5.63.5-snapshot.v20250502111227.js
2025/06/29 13:30:26 br /tmp/work/dist/66_clerk.chips.browser_1fe980_5.63.5-snapshot.v20250502111227.min.js -> /output/66_clerk.chips.browser_1fe980_5.63.5-snapshot.v20250502111227.min.js.br
2025/06/29 13:30:26 gz /tmp/work/dist/66_clerk.chips.browser_1fe980_5.63.5-snapshot.v20250502111227.min.js -> /output/66_clerk.chips.browser_1fe980_5.63.5-snapshot.v20250502111227.min.js.gz
2025/06/29 13:30:26 sri /tmp/work/dist/66_clerk.chips.browser_1fe980_5.63.5-snapshot.v20250502111227.js -> /output/66_clerk.chips.browser_1fe980_5.63.5-snapshot.v20250502111227.js.sri
2025/06/29 13:30:26 algorithm: run /usr/bin/brotli --quality=11 --output=/output/66_clerk.chips.browser_1fe980_5.63.5-snapshot.v20250502111227.js.br /tmp/work/dist/66_clerk.chips.browser_1fe980_5.63.5-snapshot.v20250502111227.js
2025/06/29 13:30:26 br /tmp/work/dist/66_clerk.browser_e26c71_5.63.5-snapshot.v20250502111227.js -> /output/66_clerk.browser_e26c71_5.63.5-snapshot.v20250502111227.js.br
2025/06/29 13:30:26 gz /tmp/work/dist/66_clerk.browser_e26c71_5.63.5-snapshot.v20250502111227.js -> /output/66_clerk.browser_e26c71_5.63.5-snapshot.v20250502111227.js.gz
2025/06/29 13:30:26 compress: run /node_modules/uglify-js/bin/uglifyjs (3.15.4) [--mangle --compress if_return=true -o /tmp/work/dist/checkout_clerk.browser_e26c71_5.63.5-snapshot.v20250502111227.min.js /tmp/work/dist/checkout_clerk.browser_e26c71_5.63.5-snapshot.v20250502111227.js]
2025/06/29 13:30:26 br /tmp/work/dist/66_clerk.chips.browser_1fe980_5.63.5-snapshot.v20250502111227.js -> /output/66_clerk.chips.browser_1fe980_5.63.5-snapshot.v20250502111227.js.br
2025/06/29 13:30:26 gz /tmp/work/dist/66_clerk.chips.browser_1fe980_5.63.5-snapshot.v20250502111227.js -> /output/66_clerk.chips.browser_1fe980_5.63.5-snapshot.v20250502111227.js.gz
2025/06/29 13:30:26 compress: run /node_modules/uglify-js/bin/uglifyjs (3.15.4) [--mangle --compress if_return=true -o /tmp/work/dist/checkout_clerk.chips.browser_1fe980_5.63.5-snapshot.v20250502111227.min.js /tmp/work/dist/checkout_clerk.chips.browser_1fe980_5.63.5-snapshot.v20250502111227.js]
2025/06/29 13:30:27 sri /tmp/work/dist/blankcaptcha_clerk.chips.browser_1fe980_5.63.5-snapshot.v20250502111227.min.js -> /output/blankcaptcha_clerk.chips.browser_1fe980_5.63.5-snapshot.v20250502111227.min.js.sri
2025/06/29 13:30:27 algorithm: run /usr/bin/brotli --quality=11 --output=/output/blankcaptcha_clerk.chips.browser_1fe980_5.63.5-snapshot.v20250502111227.min.js.br /tmp/work/dist/blankcaptcha_clerk.chips.browser_1fe980_5.63.5-snapshot.v20250502111227.min.js
2025/06/29 13:30:27 sri /tmp/work/dist/blankcaptcha_clerk.browser_e26c71_5.63.5-snapshot.v20250502111227.min.js -> /output/blankcaptcha_clerk.browser_e26c71_5.63.5-snapshot.v20250502111227.min.js.sri
2025/06/29 13:30:27 algorithm: run /usr/bin/brotli --quality=11 --output=/output/blankcaptcha_clerk.browser_e26c71_5.63.5-snapshot.v20250502111227.min.js.br /tmp/work/dist/blankcaptcha_clerk.browser_e26c71_5.63.5-snapshot.v20250502111227.min.js
2025/06/29 13:30:27 br /tmp/work/dist/blankcaptcha_clerk.browser_e26c71_5.63.5-snapshot.v20250502111227.min.js -> /output/blankcaptcha_clerk.browser_e26c71_5.63.5-snapshot.v20250502111227.min.js.br
2025/06/29 13:30:27 gz /tmp/work/dist/blankcaptcha_clerk.browser_e26c71_5.63.5-snapshot.v20250502111227.min.js -> /output/blankcaptcha_clerk.browser_e26c71_5.63.5-snapshot.v20250502111227.min.js.gz
2025/06/29 13:30:27 sri /tmp/work/dist/blankcaptcha_clerk.browser_e26c71_5.63.5-snapshot.v20250502111227.js -> /output/blankcaptcha_clerk.browser_e26c71_5.63.5-snapshot.v20250502111227.js.sri
2025/06/29 13:30:27 algorithm: run /usr/bin/brotli --quality=11 --output=/output/blankcaptcha_clerk.browser_e26c71_5.63.5-snapshot.v20250502111227.js.br /tmp/work/dist/blankcaptcha_clerk.browser_e26c71_5.63.5-snapshot.v20250502111227.js
2025/06/29 13:30:27 br /tmp/work/dist/blankcaptcha_clerk.chips.browser_1fe980_5.63.5-snapshot.v20250502111227.min.js -> /output/blankcaptcha_clerk.chips.browser_1fe980_5.63.5-snapshot.v20250502111227.min.js.br
2025/06/29 13:30:27 gz /tmp/work/dist/blankcaptcha_clerk.chips.browser_1fe980_5.63.5-snapshot.v20250502111227.min.js -> /output/blankcaptcha_clerk.chips.browser_1fe980_5.63.5-snapshot.v20250502111227.min.js.gz
2025/06/29 13:30:27 sri /tmp/work/dist/blankcaptcha_clerk.chips.browser_1fe980_5.63.5-snapshot.v20250502111227.js -> /output/blankcaptcha_clerk.chips.browser_1fe980_5.63.5-snapshot.v20250502111227.js.sri
2025/06/29 13:30:27 algorithm: run /usr/bin/brotli --quality=11 --output=/output/blankcaptcha_clerk.chips.browser_1fe980_5.63.5-snapshot.v20250502111227.js.br /tmp/work/dist/blankcaptcha_clerk.chips.browser_1fe980_5.63.5-snapshot.v20250502111227.js
2025/06/29 13:30:27 br /tmp/work/dist/blankcaptcha_clerk.browser_e26c71_5.63.5-snapshot.v20250502111227.js -> /output/blankcaptcha_clerk.browser_e26c71_5.63.5-snapshot.v20250502111227.js.br
2025/06/29 13:30:27 gz /tmp/work/dist/blankcaptcha_clerk.browser_e26c71_5.63.5-snapshot.v20250502111227.js -> /output/blankcaptcha_clerk.browser_e26c71_5.63.5-snapshot.v20250502111227.js.gz
2025/06/29 13:30:27 compress: run /node_modules/uglify-js/bin/uglifyjs (3.15.4) [--mangle --compress if_return=true -o /tmp/work/dist/checkout_clerk.legacy.browser_2f30cc_5.63.5-snapshot.v20250502111227.min.js /tmp/work/dist/checkout_clerk.legacy.browser_2f30cc_5.63.5-snapshot.v20250502111227.js]
2025/06/29 13:30:27 br /tmp/work/dist/blankcaptcha_clerk.chips.browser_1fe980_5.63.5-snapshot.v20250502111227.js -> /output/blankcaptcha_clerk.chips.browser_1fe980_5.63.5-snapshot.v20250502111227.js.br
2025/06/29 13:30:27 gz /tmp/work/dist/blankcaptcha_clerk.chips.browser_1fe980_5.63.5-snapshot.v20250502111227.js -> /output/blankcaptcha_clerk.chips.browser_1fe980_5.63.5-snapshot.v20250502111227.js.gz
2025/06/29 13:30:27 compress: run /node_modules/uglify-js/bin/uglifyjs (3.15.4) [--mangle --compress if_return=true -o /tmp/work/dist/clerk.browser.min.js /tmp/work/dist/clerk.browser.js]
2025/06/29 13:30:27 sri /tmp/work/dist/blankcaptcha_clerk.legacy.browser_2f30cc_5.63.5-snapshot.v20250502111227.min.js -> /output/blankcaptcha_clerk.legacy.browser_2f30cc_5.63.5-snapshot.v20250502111227.min.js.sri
2025/06/29 13:30:27 algorithm: run /usr/bin/brotli --quality=11 --output=/output/blankcaptcha_clerk.legacy.browser_2f30cc_5.63.5-snapshot.v20250502111227.min.js.br /tmp/work/dist/blankcaptcha_clerk.legacy.browser_2f30cc_5.63.5-snapshot.v20250502111227.min.js
2025/06/29 13:30:27 br /tmp/work/dist/blankcaptcha_clerk.legacy.browser_2f30cc_5.63.5-snapshot.v20250502111227.min.js -> /output/blankcaptcha_clerk.legacy.browser_2f30cc_5.63.5-snapshot.v20250502111227.min.js.br
2025/06/29 13:30:27 gz /tmp/work/dist/blankcaptcha_clerk.legacy.browser_2f30cc_5.63.5-snapshot.v20250502111227.min.js -> /output/blankcaptcha_clerk.legacy.browser_2f30cc_5.63.5-snapshot.v20250502111227.min.js.gz
2025/06/29 13:30:27 sri /tmp/work/dist/blankcaptcha_clerk.legacy.browser_2f30cc_5.63.5-snapshot.v20250502111227.js -> /output/blankcaptcha_clerk.legacy.browser_2f30cc_5.63.5-snapshot.v20250502111227.js.sri
2025/06/29 13:30:27 algorithm: run /usr/bin/brotli --quality=11 --output=/output/blankcaptcha_clerk.legacy.browser_2f30cc_5.63.5-snapshot.v20250502111227.js.br /tmp/work/dist/blankcaptcha_clerk.legacy.browser_2f30cc_5.63.5-snapshot.v20250502111227.js
2025/06/29 13:30:27 br /tmp/work/dist/blankcaptcha_clerk.legacy.browser_2f30cc_5.63.5-snapshot.v20250502111227.js -> /output/blankcaptcha_clerk.legacy.browser_2f30cc_5.63.5-snapshot.v20250502111227.js.br
2025/06/29 13:30:27 gz /tmp/work/dist/blankcaptcha_clerk.legacy.browser_2f30cc_5.63.5-snapshot.v20250502111227.js -> /output/blankcaptcha_clerk.legacy.browser_2f30cc_5.63.5-snapshot.v20250502111227.js.gz
2025/06/29 13:30:27 compress: run /node_modules/uglify-js/bin/uglifyjs (3.15.4) [--mangle --compress if_return=true -o /tmp/work/dist/clerk.chips.browser.min.js /tmp/work/dist/clerk.chips.browser.js]
2025/06/29 13:30:27 sri /tmp/work/dist/890_clerk.headless_ad39b1_5.63.5-snapshot.v20250502111227.min.js -> /output/890_clerk.headless_ad39b1_5.63.5-snapshot.v20250502111227.min.js.sri
2025/06/29 13:30:27 algorithm: run /usr/bin/brotli --quality=11 --output=/output/890_clerk.headless_ad39b1_5.63.5-snapshot.v20250502111227.min.js.br /tmp/work/dist/890_clerk.headless_ad39b1_5.63.5-snapshot.v20250502111227.min.js
2025/06/29 13:30:27 br /tmp/work/dist/890_clerk.headless_ad39b1_5.63.5-snapshot.v20250502111227.min.js -> /output/890_clerk.headless_ad39b1_5.63.5-snapshot.v20250502111227.min.js.br
2025/06/29 13:30:27 gz /tmp/work/dist/890_clerk.headless_ad39b1_5.63.5-snapshot.v20250502111227.min.js -> /output/890_clerk.headless_ad39b1_5.63.5-snapshot.v20250502111227.min.js.gz
2025/06/29 13:30:27 sri /tmp/work/dist/890_clerk.headless_ad39b1_5.63.5-snapshot.v20250502111227.js -> /output/890_clerk.headless_ad39b1_5.63.5-snapshot.v20250502111227.js.sri
2025/06/29 13:30:27 algorithm: run /usr/bin/brotli --quality=11 --output=/output/890_clerk.headless_ad39b1_5.63.5-snapshot.v20250502111227.js.br /tmp/work/dist/890_clerk.headless_ad39b1_5.63.5-snapshot.v20250502111227.js
2025/06/29 13:30:27 sri /tmp/work/dist/checkout_clerk.browser_e26c71_5.63.5-snapshot.v20250502111227.min.js -> /output/checkout_clerk.browser_e26c71_5.63.5-snapshot.v20250502111227.min.js.sri
2025/06/29 13:30:27 algorithm: run /usr/bin/brotli --quality=11 --output=/output/checkout_clerk.browser_e26c71_5.63.5-snapshot.v20250502111227.min.js.br /tmp/work/dist/checkout_clerk.browser_e26c71_5.63.5-snapshot.v20250502111227.min.js
2025/06/29 13:30:27 br /tmp/work/dist/checkout_clerk.browser_e26c71_5.63.5-snapshot.v20250502111227.min.js -> /output/checkout_clerk.browser_e26c71_5.63.5-snapshot.v20250502111227.min.js.br
2025/06/29 13:30:27 gz /tmp/work/dist/checkout_clerk.browser_e26c71_5.63.5-snapshot.v20250502111227.min.js -> /output/checkout_clerk.browser_e26c71_5.63.5-snapshot.v20250502111227.min.js.gz
2025/06/29 13:30:27 sri /tmp/work/dist/checkout_clerk.browser_e26c71_5.63.5-snapshot.v20250502111227.js -> /output/checkout_clerk.browser_e26c71_5.63.5-snapshot.v20250502111227.js.sri
2025/06/29 13:30:27 algorithm: run /usr/bin/brotli --quality=11 --output=/output/checkout_clerk.browser_e26c71_5.63.5-snapshot.v20250502111227.js.br /tmp/work/dist/checkout_clerk.browser_e26c71_5.63.5-snapshot.v20250502111227.js
2025/06/29 13:30:27 br /tmp/work/dist/890_clerk.headless_ad39b1_5.63.5-snapshot.v20250502111227.js -> /output/890_clerk.headless_ad39b1_5.63.5-snapshot.v20250502111227.js.br
2025/06/29 13:30:27 br /tmp/work/dist/checkout_clerk.browser_e26c71_5.63.5-snapshot.v20250502111227.js -> /output/checkout_clerk.browser_e26c71_5.63.5-snapshot.v20250502111227.js.br
2025/06/29 13:30:27 gz /tmp/work/dist/890_clerk.headless_ad39b1_5.63.5-snapshot.v20250502111227.js -> /output/890_clerk.headless_ad39b1_5.63.5-snapshot.v20250502111227.js.gz
2025/06/29 13:30:27 compress: run /node_modules/uglify-js/bin/uglifyjs (3.15.4) [--mangle --compress if_return=true -o /tmp/work/dist/clerk.headless.browser.min.js /tmp/work/dist/clerk.headless.browser.js]
2025/06/29 13:30:27 gz /tmp/work/dist/checkout_clerk.browser_e26c71_5.63.5-snapshot.v20250502111227.js -> /output/checkout_clerk.browser_e26c71_5.63.5-snapshot.v20250502111227.js.gz
2025/06/29 13:30:27 compress: run /node_modules/uglify-js/bin/uglifyjs (3.15.4) [--mangle --compress if_return=true -o /tmp/work/dist/clerk.headless.min.js /tmp/work/dist/clerk.headless.js]
2025/06/29 13:30:27 sri /tmp/work/dist/checkout_clerk.chips.browser_1fe980_5.63.5-snapshot.v20250502111227.min.js -> /output/checkout_clerk.chips.browser_1fe980_5.63.5-snapshot.v20250502111227.min.js.sri
2025/06/29 13:30:27 algorithm: run /usr/bin/brotli --quality=11 --output=/output/checkout_clerk.chips.browser_1fe980_5.63.5-snapshot.v20250502111227.min.js.br /tmp/work/dist/checkout_clerk.chips.browser_1fe980_5.63.5-snapshot.v20250502111227.min.js
2025/06/29 13:30:27 br /tmp/work/dist/checkout_clerk.chips.browser_1fe980_5.63.5-snapshot.v20250502111227.min.js -> /output/checkout_clerk.chips.browser_1fe980_5.63.5-snapshot.v20250502111227.min.js.br
2025/06/29 13:30:27 gz /tmp/work/dist/checkout_clerk.chips.browser_1fe980_5.63.5-snapshot.v20250502111227.min.js -> /output/checkout_clerk.chips.browser_1fe980_5.63.5-snapshot.v20250502111227.min.js.gz
2025/06/29 13:30:27 sri /tmp/work/dist/checkout_clerk.chips.browser_1fe980_5.63.5-snapshot.v20250502111227.js -> /output/checkout_clerk.chips.browser_1fe980_5.63.5-snapshot.v20250502111227.js.sri
2025/06/29 13:30:27 algorithm: run /usr/bin/brotli --quality=11 --output=/output/checkout_clerk.chips.browser_1fe980_5.63.5-snapshot.v20250502111227.js.br /tmp/work/dist/checkout_clerk.chips.browser_1fe980_5.63.5-snapshot.v20250502111227.js
2025/06/29 13:30:27 sri /tmp/work/dist/checkout_clerk.legacy.browser_2f30cc_5.63.5-snapshot.v20250502111227.min.js -> /output/checkout_clerk.legacy.browser_2f30cc_5.63.5-snapshot.v20250502111227.min.js.sri
2025/06/29 13:30:27 algorithm: run /usr/bin/brotli --quality=11 --output=/output/checkout_clerk.legacy.browser_2f30cc_5.63.5-snapshot.v20250502111227.min.js.br /tmp/work/dist/checkout_clerk.legacy.browser_2f30cc_5.63.5-snapshot.v20250502111227.min.js
2025/06/29 13:30:27 br /tmp/work/dist/checkout_clerk.chips.browser_1fe980_5.63.5-snapshot.v20250502111227.js -> /output/checkout_clerk.chips.browser_1fe980_5.63.5-snapshot.v20250502111227.js.br
2025/06/29 13:30:27 gz /tmp/work/dist/checkout_clerk.chips.browser_1fe980_5.63.5-snapshot.v20250502111227.js -> /output/checkout_clerk.chips.browser_1fe980_5.63.5-snapshot.v20250502111227.js.gz
2025/06/29 13:30:27 compress: run /node_modules/uglify-js/bin/uglifyjs (3.15.4) [--mangle --compress if_return=true -o /tmp/work/dist/clerk.min.js /tmp/work/dist/clerk.js]
2025/06/29 13:30:27 br /tmp/work/dist/checkout_clerk.legacy.browser_2f30cc_5.63.5-snapshot.v20250502111227.min.js -> /output/checkout_clerk.legacy.browser_2f30cc_5.63.5-snapshot.v20250502111227.min.js.br
2025/06/29 13:30:27 gz /tmp/work/dist/checkout_clerk.legacy.browser_2f30cc_5.63.5-snapshot.v20250502111227.min.js -> /output/checkout_clerk.legacy.browser_2f30cc_5.63.5-snapshot.v20250502111227.min.js.gz
2025/06/29 13:30:27 sri /tmp/work/dist/checkout_clerk.legacy.browser_2f30cc_5.63.5-snapshot.v20250502111227.js -> /output/checkout_clerk.legacy.browser_2f30cc_5.63.5-snapshot.v20250502111227.js.sri
2025/06/29 13:30:27 algorithm: run /usr/bin/brotli --quality=11 --output=/output/checkout_clerk.legacy.browser_2f30cc_5.63.5-snapshot.v20250502111227.js.br /tmp/work/dist/checkout_clerk.legacy.browser_2f30cc_5.63.5-snapshot.v20250502111227.js
2025/06/29 13:30:28 br /tmp/work/dist/checkout_clerk.legacy.browser_2f30cc_5.63.5-snapshot.v20250502111227.js -> /output/checkout_clerk.legacy.browser_2f30cc_5.63.5-snapshot.v20250502111227.js.br
2025/06/29 13:30:28 gz /tmp/work/dist/checkout_clerk.legacy.browser_2f30cc_5.63.5-snapshot.v20250502111227.js -> /output/checkout_clerk.legacy.browser_2f30cc_5.63.5-snapshot.v20250502111227.js.gz
2025/06/29 13:30:28 compress: run /node_modules/uglify-js/bin/uglifyjs (3.15.4) [--mangle --compress if_return=true -o /tmp/work/dist/clerk.legacy.browser.min.js /tmp/work/dist/clerk.legacy.browser.js]
2025/06/29 13:30:28 br /tmp/work/dist/377_clerk.headless_ad39b1_5.63.5-snapshot.v20250502111227.min.js -> /output/377_clerk.headless_ad39b1_5.63.5-snapshot.v20250502111227.min.js.br
2025/06/29 13:30:28 gz /tmp/work/dist/377_clerk.headless_ad39b1_5.63.5-snapshot.v20250502111227.min.js -> /output/377_clerk.headless_ad39b1_5.63.5-snapshot.v20250502111227.min.js.gz
2025/06/29 13:30:28 sri /tmp/work/dist/377_clerk.headless_ad39b1_5.63.5-snapshot.v20250502111227.js -> /output/377_clerk.headless_ad39b1_5.63.5-snapshot.v20250502111227.js.sri
2025/06/29 13:30:28 algorithm: run /usr/bin/brotli --quality=11 --output=/output/377_clerk.headless_ad39b1_5.63.5-snapshot.v20250502111227.js.br /tmp/work/dist/377_clerk.headless_ad39b1_5.63.5-snapshot.v20250502111227.js
2025/06/29 13:30:30 br /tmp/work/dist/377_clerk.headless_ad39b1_5.63.5-snapshot.v20250502111227.js -> /output/377_clerk.headless_ad39b1_5.63.5-snapshot.v20250502111227.js.br
2025/06/29 13:30:30 gz /tmp/work/dist/377_clerk.headless_ad39b1_5.63.5-snapshot.v20250502111227.js -> /output/377_clerk.headless_ad39b1_5.63.5-snapshot.v20250502111227.js.gz
2025/06/29 13:30:30 algorithm: run /usr/bin/brotli --quality=11 --output=/output/clerk.mjs.br /tmp/work/dist/clerk.mjs
2025/06/29 13:30:30 sri /tmp/work/dist/965_clerk.headless_ad39b1_5.63.5-snapshot.v20250502111227.min.js -> /output/965_clerk.headless_ad39b1_5.63.5-snapshot.v20250502111227.min.js.sri
2025/06/29 13:30:30 algorithm: run /usr/bin/brotli --quality=11 --output=/output/965_clerk.headless_ad39b1_5.63.5-snapshot.v20250502111227.min.js.br /tmp/work/dist/965_clerk.headless_ad39b1_5.63.5-snapshot.v20250502111227.min.js
2025/06/29 13:30:30 br /tmp/work/dist/965_clerk.headless_ad39b1_5.63.5-snapshot.v20250502111227.min.js -> /output/965_clerk.headless_ad39b1_5.63.5-snapshot.v20250502111227.min.js.br
2025/06/29 13:30:30 gz /tmp/work/dist/965_clerk.headless_ad39b1_5.63.5-snapshot.v20250502111227.min.js -> /output/965_clerk.headless_ad39b1_5.63.5-snapshot.v20250502111227.min.js.gz
2025/06/29 13:30:30 sri /tmp/work/dist/965_clerk.headless_ad39b1_5.63.5-snapshot.v20250502111227.js -> /output/965_clerk.headless_ad39b1_5.63.5-snapshot.v20250502111227.js.sri
2025/06/29 13:30:30 algorithm: run /usr/bin/brotli --quality=11 --output=/output/965_clerk.headless_ad39b1_5.63.5-snapshot.v20250502111227.js.br /tmp/work/dist/965_clerk.headless_ad39b1_5.63.5-snapshot.v20250502111227.js
2025/06/29 13:30:31 br /tmp/work/dist/965_clerk.headless_ad39b1_5.63.5-snapshot.v20250502111227.js -> /output/965_clerk.headless_ad39b1_5.63.5-snapshot.v20250502111227.js.br
2025/06/29 13:30:31 gz /tmp/work/dist/965_clerk.headless_ad39b1_5.63.5-snapshot.v20250502111227.js -> /output/965_clerk.headless_ad39b1_5.63.5-snapshot.v20250502111227.js.gz
2025/06/29 13:30:31 compress: run /node_modules/uglify-js/bin/uglifyjs (3.15.4) [--mangle --compress if_return=true -o /tmp/work/dist/clerk.no-rhc.min.js /tmp/work/dist/clerk.no-rhc.js]
2025/06/29 13:30:33 sri /tmp/work/dist/clerk.headless.min.js -> /output/clerk.headless.min.js.sri
2025/06/29 13:30:33 algorithm: run /usr/bin/brotli --quality=11 --output=/output/clerk.headless.min.js.br /tmp/work/dist/clerk.headless.min.js
2025/06/29 13:30:33 sri /tmp/work/dist/clerk.headless.browser.min.js -> /output/clerk.headless.browser.min.js.sri
2025/06/29 13:30:33 algorithm: run /usr/bin/brotli --quality=11 --output=/output/clerk.headless.browser.min.js.br /tmp/work/dist/clerk.headless.browser.min.js
2025/06/29 13:30:34 br /tmp/work/dist/clerk.headless.min.js -> /output/clerk.headless.min.js.br
2025/06/29 13:30:34 gz /tmp/work/dist/clerk.headless.min.js -> /output/clerk.headless.min.js.gz
2025/06/29 13:30:34 sri /tmp/work/dist/clerk.headless.js -> /output/clerk.headless.js.sri
2025/06/29 13:30:34 algorithm: run /usr/bin/brotli --quality=11 --output=/output/clerk.headless.js.br /tmp/work/dist/clerk.headless.js
2025/06/29 13:30:34 br /tmp/work/dist/clerk.headless.browser.min.js -> /output/clerk.headless.browser.min.js.br
2025/06/29 13:30:34 gz /tmp/work/dist/clerk.headless.browser.min.js -> /output/clerk.headless.browser.min.js.gz
2025/06/29 13:30:34 sri /tmp/work/dist/clerk.headless.browser.js -> /output/clerk.headless.browser.js.sri
2025/06/29 13:30:34 algorithm: run /usr/bin/brotli --quality=11 --output=/output/clerk.headless.browser.js.br /tmp/work/dist/clerk.headless.browser.js
2025/06/29 13:30:34 sri /tmp/work/dist/clerk.browser.min.js -> /output/clerk.browser.min.js.sri
2025/06/29 13:30:34 algorithm: run /usr/bin/brotli --quality=11 --output=/output/clerk.browser.min.js.br /tmp/work/dist/clerk.browser.min.js
2025/06/29 13:30:35 sri /tmp/work/dist/clerk.chips.browser.min.js -> /output/clerk.chips.browser.min.js.sri
2025/06/29 13:30:35 algorithm: run /usr/bin/brotli --quality=11 --output=/output/clerk.chips.browser.min.js.br /tmp/work/dist/clerk.chips.browser.min.js
2025/06/29 13:30:35 br /tmp/work/dist/clerk.headless.js -> /output/clerk.headless.js.br
2025/06/29 13:30:35 br /tmp/work/dist/clerk.headless.browser.js -> /output/clerk.headless.browser.js.br
2025/06/29 13:30:35 gz /tmp/work/dist/clerk.headless.browser.js -> /output/clerk.headless.browser.js.gz
2025/06/29 13:30:35 algorithm: run /usr/bin/brotli --quality=11 --output=/output/clerk.no-rhc.mjs.br /tmp/work/dist/clerk.no-rhc.mjs
2025/06/29 13:30:35 gz /tmp/work/dist/clerk.headless.js -> /output/clerk.headless.js.gz
2025/06/29 13:30:35 compress: run /node_modules/uglify-js/bin/uglifyjs (3.15.4) [--mangle --compress if_return=true -o /tmp/work/dist/coinbase-wallet-sdk_clerk.browser_e26c71_5.63.5-snapshot.v20250502111227.min.js /tmp/work/dist/coinbase-wallet-sdk_clerk.browser_e26c71_5.63.5-snapshot.v20250502111227.js]
2025/06/29 13:30:35 br /tmp/work/dist/clerk.browser.min.js -> /output/clerk.browser.min.js.br
2025/06/29 13:30:35 gz /tmp/work/dist/clerk.browser.min.js -> /output/clerk.browser.min.js.gz
2025/06/29 13:30:35 sri /tmp/work/dist/clerk.browser.js -> /output/clerk.browser.js.sri
2025/06/29 13:30:35 algorithm: run /usr/bin/brotli --quality=11 --output=/output/clerk.browser.js.br /tmp/work/dist/clerk.browser.js
2025/06/29 13:30:35 br /tmp/work/dist/clerk.chips.browser.min.js -> /output/clerk.chips.browser.min.js.br
2025/06/29 13:30:35 gz /tmp/work/dist/clerk.chips.browser.min.js -> /output/clerk.chips.browser.min.js.gz
2025/06/29 13:30:35 sri /tmp/work/dist/clerk.chips.browser.js -> /output/clerk.chips.browser.js.sri
2025/06/29 13:30:35 algorithm: run /usr/bin/brotli --quality=11 --output=/output/clerk.chips.browser.js.br /tmp/work/dist/clerk.chips.browser.js
2025/06/29 13:30:36 br /tmp/work/dist/clerk.browser.js -> /output/clerk.browser.js.br
2025/06/29 13:30:36 gz /tmp/work/dist/clerk.browser.js -> /output/clerk.browser.js.gz
2025/06/29 13:30:36 compress: run /node_modules/uglify-js/bin/uglifyjs (3.15.4) [--mangle --compress if_return=true -o /tmp/work/dist/coinbase-wallet-sdk_clerk.chips.browser_1fe980_5.63.5-snapshot.v20250502111227.min.js /tmp/work/dist/coinbase-wallet-sdk_clerk.chips.browser_1fe980_5.63.5-snapshot.v20250502111227.js]
2025/06/29 13:30:36 br /tmp/work/dist/clerk.chips.browser.js -> /output/clerk.chips.browser.js.br
2025/06/29 13:30:36 gz /tmp/work/dist/clerk.chips.browser.js -> /output/clerk.chips.browser.js.gz
2025/06/29 13:30:36 compress: run /node_modules/uglify-js/bin/uglifyjs (3.15.4) [--mangle --compress if_return=true -o /tmp/work/dist/coinbase-wallet-sdk_clerk.headless.browser_3402d1_5.63.5-snapshot.v20250502111227.min.js /tmp/work/dist/coinbase-wallet-sdk_clerk.headless.browser_3402d1_5.63.5-snapshot.v20250502111227.js]
2025/06/29 13:30:37 br /tmp/work/dist/clerk.mjs -> /output/clerk.mjs.br
2025/06/29 13:30:37 gz /tmp/work/dist/clerk.mjs -> /output/clerk.mjs.gz
2025/06/29 13:30:37 compress: run /node_modules/uglify-js/bin/uglifyjs (3.15.4) [--mangle --compress if_return=true -o /tmp/work/dist/coinbase-wallet-sdk_clerk.legacy.browser_2f30cc_5.63.5-snapshot.v20250502111227.min.js /tmp/work/dist/coinbase-wallet-sdk_clerk.legacy.browser_2f30cc_5.63.5-snapshot.v20250502111227.js]
2025/06/29 13:30:38 sri /tmp/work/dist/coinbase-wallet-sdk_clerk.browser_e26c71_5.63.5-snapshot.v20250502111227.min.js -> /output/coinbase-wallet-sdk_clerk.browser_e26c71_5.63.5-snapshot.v20250502111227.min.js.sri
2025/06/29 13:30:38 algorithm: run /usr/bin/brotli --quality=11 --output=/output/coinbase-wallet-sdk_clerk.browser_e26c71_5.63.5-snapshot.v20250502111227.min.js.br /tmp/work/dist/coinbase-wallet-sdk_clerk.browser_e26c71_5.63.5-snapshot.v20250502111227.min.js
2025/06/29 13:30:39 br /tmp/work/dist/coinbase-wallet-sdk_clerk.browser_e26c71_5.63.5-snapshot.v20250502111227.min.js -> /output/coinbase-wallet-sdk_clerk.browser_e26c71_5.63.5-snapshot.v20250502111227.min.js.br
2025/06/29 13:30:39 gz /tmp/work/dist/coinbase-wallet-sdk_clerk.browser_e26c71_5.63.5-snapshot.v20250502111227.min.js -> /output/coinbase-wallet-sdk_clerk.browser_e26c71_5.63.5-snapshot.v20250502111227.min.js.gz
2025/06/29 13:30:39 sri /tmp/work/dist/coinbase-wallet-sdk_clerk.browser_e26c71_5.63.5-snapshot.v20250502111227.js -> /output/coinbase-wallet-sdk_clerk.browser_e26c71_5.63.5-snapshot.v20250502111227.js.sri
2025/06/29 13:30:39 algorithm: run /usr/bin/brotli --quality=11 --output=/output/coinbase-wallet-sdk_clerk.browser_e26c71_5.63.5-snapshot.v20250502111227.js.br /tmp/work/dist/coinbase-wallet-sdk_clerk.browser_e26c71_5.63.5-snapshot.v20250502111227.js
2025/06/29 13:30:39 br /tmp/work/dist/coinbase-wallet-sdk_clerk.browser_e26c71_5.63.5-snapshot.v20250502111227.js -> /output/coinbase-wallet-sdk_clerk.browser_e26c71_5.63.5-snapshot.v20250502111227.js.br
2025/06/29 13:30:39 gz /tmp/work/dist/coinbase-wallet-sdk_clerk.browser_e26c71_5.63.5-snapshot.v20250502111227.js -> /output/coinbase-wallet-sdk_clerk.browser_e26c71_5.63.5-snapshot.v20250502111227.js.gz
2025/06/29 13:30:39 compress: run /node_modules/uglify-js/bin/uglifyjs (3.15.4) [--mangle --compress if_return=true -o /tmp/work/dist/cookieSuffix_clerk.browser_e26c71_5.63.5-snapshot.v20250502111227.min.js /tmp/work/dist/cookieSuffix_clerk.browser_e26c71_5.63.5-snapshot.v20250502111227.js]
2025/06/29 13:30:39 sri /tmp/work/dist/cookieSuffix_clerk.browser_e26c71_5.63.5-snapshot.v20250502111227.min.js -> /output/cookieSuffix_clerk.browser_e26c71_5.63.5-snapshot.v20250502111227.min.js.sri
2025/06/29 13:30:39 algorithm: run /usr/bin/brotli --quality=11 --output=/output/cookieSuffix_clerk.browser_e26c71_5.63.5-snapshot.v20250502111227.min.js.br /tmp/work/dist/cookieSuffix_clerk.browser_e26c71_5.63.5-snapshot.v20250502111227.min.js
2025/06/29 13:30:39 br /tmp/work/dist/cookieSuffix_clerk.browser_e26c71_5.63.5-snapshot.v20250502111227.min.js -> /output/cookieSuffix_clerk.browser_e26c71_5.63.5-snapshot.v20250502111227.min.js.br
2025/06/29 13:30:39 gz /tmp/work/dist/cookieSuffix_clerk.browser_e26c71_5.63.5-snapshot.v20250502111227.min.js -> /output/cookieSuffix_clerk.browser_e26c71_5.63.5-snapshot.v20250502111227.min.js.gz
2025/06/29 13:30:39 sri /tmp/work/dist/cookieSuffix_clerk.browser_e26c71_5.63.5-snapshot.v20250502111227.js -> /output/cookieSuffix_clerk.browser_e26c71_5.63.5-snapshot.v20250502111227.js.sri
2025/06/29 13:30:39 algorithm: run /usr/bin/brotli --quality=11 --output=/output/cookieSuffix_clerk.browser_e26c71_5.63.5-snapshot.v20250502111227.js.br /tmp/work/dist/cookieSuffix_clerk.browser_e26c71_5.63.5-snapshot.v20250502111227.js
2025/06/29 13:30:39 br /tmp/work/dist/cookieSuffix_clerk.browser_e26c71_5.63.5-snapshot.v20250502111227.js -> /output/cookieSuffix_clerk.browser_e26c71_5.63.5-snapshot.v20250502111227.js.br
2025/06/29 13:30:39 gz /tmp/work/dist/cookieSuffix_clerk.browser_e26c71_5.63.5-snapshot.v20250502111227.js -> /output/cookieSuffix_clerk.browser_e26c71_5.63.5-snapshot.v20250502111227.js.gz
2025/06/29 13:30:39 compress: run /node_modules/uglify-js/bin/uglifyjs (3.15.4) [--mangle --compress if_return=true -o /tmp/work/dist/cookieSuffix_clerk.chips.browser_1fe980_5.63.5-snapshot.v20250502111227.min.js /tmp/work/dist/cookieSuffix_clerk.chips.browser_1fe980_5.63.5-snapshot.v20250502111227.js]
2025/06/29 13:30:39 sri /tmp/work/dist/cookieSuffix_clerk.chips.browser_1fe980_5.63.5-snapshot.v20250502111227.min.js -> /output/cookieSuffix_clerk.chips.browser_1fe980_5.63.5-snapshot.v20250502111227.min.js.sri
2025/06/29 13:30:39 algorithm: run /usr/bin/brotli --quality=11 --output=/output/cookieSuffix_clerk.chips.browser_1fe980_5.63.5-snapshot.v20250502111227.min.js.br /tmp/work/dist/cookieSuffix_clerk.chips.browser_1fe980_5.63.5-snapshot.v20250502111227.min.js
2025/06/29 13:30:39 br /tmp/work/dist/cookieSuffix_clerk.chips.browser_1fe980_5.63.5-snapshot.v20250502111227.min.js -> /output/cookieSuffix_clerk.chips.browser_1fe980_5.63.5-snapshot.v20250502111227.min.js.br
2025/06/29 13:30:39 gz /tmp/work/dist/cookieSuffix_clerk.chips.browser_1fe980_5.63.5-snapshot.v20250502111227.min.js -> /output/cookieSuffix_clerk.chips.browser_1fe980_5.63.5-snapshot.v20250502111227.min.js.gz
2025/06/29 13:30:39 sri /tmp/work/dist/cookieSuffix_clerk.chips.browser_1fe980_5.63.5-snapshot.v20250502111227.js -> /output/cookieSuffix_clerk.chips.browser_1fe980_5.63.5-snapshot.v20250502111227.js.sri
2025/06/29 13:30:39 algorithm: run /usr/bin/brotli --quality=11 --output=/output/cookieSuffix_clerk.chips.browser_1fe980_5.63.5-snapshot.v20250502111227.js.br /tmp/work/dist/cookieSuffix_clerk.chips.browser_1fe980_5.63.5-snapshot.v20250502111227.js
2025/06/29 13:30:39 br /tmp/work/dist/cookieSuffix_clerk.chips.browser_1fe980_5.63.5-snapshot.v20250502111227.js -> /output/cookieSuffix_clerk.chips.browser_1fe980_5.63.5-snapshot.v20250502111227.js.br
2025/06/29 13:30:39 gz /tmp/work/dist/cookieSuffix_clerk.chips.browser_1fe980_5.63.5-snapshot.v20250502111227.js -> /output/cookieSuffix_clerk.chips.browser_1fe980_5.63.5-snapshot.v20250502111227.js.gz
2025/06/29 13:30:39 compress: run /node_modules/uglify-js/bin/uglifyjs (3.15.4) [--mangle --compress if_return=true -o /tmp/work/dist/cookieSuffix_clerk.headless_ad39b1_5.63.5-snapshot.v20250502111227.min.js /tmp/work/dist/cookieSuffix_clerk.headless_ad39b1_5.63.5-snapshot.v20250502111227.js]
2025/06/29 13:30:39 sri /tmp/work/dist/coinbase-wallet-sdk_clerk.chips.browser_1fe980_5.63.5-snapshot.v20250502111227.min.js -> /output/coinbase-wallet-sdk_clerk.chips.browser_1fe980_5.63.5-snapshot.v20250502111227.min.js.sri
2025/06/29 13:30:39 algorithm: run /usr/bin/brotli --quality=11 --output=/output/coinbase-wallet-sdk_clerk.chips.browser_1fe980_5.63.5-snapshot.v20250502111227.min.js.br /tmp/work/dist/coinbase-wallet-sdk_clerk.chips.browser_1fe980_5.63.5-snapshot.v20250502111227.min.js
2025/06/29 13:30:40 sri /tmp/work/dist/clerk.legacy.browser.min.js -> /output/clerk.legacy.browser.min.js.sri
2025/06/29 13:30:40 algorithm: run /usr/bin/brotli --quality=11 --output=/output/clerk.legacy.browser.min.js.br /tmp/work/dist/clerk.legacy.browser.min.js
2025/06/29 13:30:40 br /tmp/work/dist/coinbase-wallet-sdk_clerk.chips.browser_1fe980_5.63.5-snapshot.v20250502111227.min.js -> /output/coinbase-wallet-sdk_clerk.chips.browser_1fe980_5.63.5-snapshot.v20250502111227.min.js.br
2025/06/29 13:30:40 gz /tmp/work/dist/coinbase-wallet-sdk_clerk.chips.browser_1fe980_5.63.5-snapshot.v20250502111227.min.js -> /output/coinbase-wallet-sdk_clerk.chips.browser_1fe980_5.63.5-snapshot.v20250502111227.min.js.gz
2025/06/29 13:30:40 sri /tmp/work/dist/coinbase-wallet-sdk_clerk.chips.browser_1fe980_5.63.5-snapshot.v20250502111227.js -> /output/coinbase-wallet-sdk_clerk.chips.browser_1fe980_5.63.5-snapshot.v20250502111227.js.sri
2025/06/29 13:30:40 algorithm: run /usr/bin/brotli --quality=11 --output=/output/coinbase-wallet-sdk_clerk.chips.browser_1fe980_5.63.5-snapshot.v20250502111227.js.br /tmp/work/dist/coinbase-wallet-sdk_clerk.chips.browser_1fe980_5.63.5-snapshot.v20250502111227.js
2025/06/29 13:30:40 br /tmp/work/dist/coinbase-wallet-sdk_clerk.chips.browser_1fe980_5.63.5-snapshot.v20250502111227.js -> /output/coinbase-wallet-sdk_clerk.chips.browser_1fe980_5.63.5-snapshot.v20250502111227.js.br
2025/06/29 13:30:40 gz /tmp/work/dist/coinbase-wallet-sdk_clerk.chips.browser_1fe980_5.63.5-snapshot.v20250502111227.js -> /output/coinbase-wallet-sdk_clerk.chips.browser_1fe980_5.63.5-snapshot.v20250502111227.js.gz
2025/06/29 13:30:40 compress: run /node_modules/uglify-js/bin/uglifyjs (3.15.4) [--mangle --compress if_return=true -o /tmp/work/dist/cookieSuffix_clerk.headless.browser_3402d1_5.63.5-snapshot.v20250502111227.min.js /tmp/work/dist/cookieSuffix_clerk.headless.browser_3402d1_5.63.5-snapshot.v20250502111227.js]
2025/06/29 13:30:40 sri /tmp/work/dist/cookieSuffix_clerk.headless_ad39b1_5.63.5-snapshot.v20250502111227.min.js -> /output/cookieSuffix_clerk.headless_ad39b1_5.63.5-snapshot.v20250502111227.min.js.sri
2025/06/29 13:30:40 algorithm: run /usr/bin/brotli --quality=11 --output=/output/cookieSuffix_clerk.headless_ad39b1_5.63.5-snapshot.v20250502111227.min.js.br /tmp/work/dist/cookieSuffix_clerk.headless_ad39b1_5.63.5-snapshot.v20250502111227.min.js
2025/06/29 13:30:40 br /tmp/work/dist/cookieSuffix_clerk.headless_ad39b1_5.63.5-snapshot.v20250502111227.min.js -> /output/cookieSuffix_clerk.headless_ad39b1_5.63.5-snapshot.v20250502111227.min.js.br
2025/06/29 13:30:40 gz /tmp/work/dist/cookieSuffix_clerk.headless_ad39b1_5.63.5-snapshot.v20250502111227.min.js -> /output/cookieSuffix_clerk.headless_ad39b1_5.63.5-snapshot.v20250502111227.min.js.gz
2025/06/29 13:30:40 sri /tmp/work/dist/cookieSuffix_clerk.headless_ad39b1_5.63.5-snapshot.v20250502111227.js -> /output/cookieSuffix_clerk.headless_ad39b1_5.63.5-snapshot.v20250502111227.js.sri
2025/06/29 13:30:40 algorithm: run /usr/bin/brotli --quality=11 --output=/output/cookieSuffix_clerk.headless_ad39b1_5.63.5-snapshot.v20250502111227.js.br /tmp/work/dist/cookieSuffix_clerk.headless_ad39b1_5.63.5-snapshot.v20250502111227.js
2025/06/29 13:30:40 br /tmp/work/dist/cookieSuffix_clerk.headless_ad39b1_5.63.5-snapshot.v20250502111227.js -> /output/cookieSuffix_clerk.headless_ad39b1_5.63.5-snapshot.v20250502111227.js.br
2025/06/29 13:30:40 gz /tmp/work/dist/cookieSuffix_clerk.headless_ad39b1_5.63.5-snapshot.v20250502111227.js -> /output/cookieSuffix_clerk.headless_ad39b1_5.63.5-snapshot.v20250502111227.js.gz
2025/06/29 13:30:40 compress: run /node_modules/uglify-js/bin/uglifyjs (3.15.4) [--mangle --compress if_return=true -o /tmp/work/dist/cookieSuffix_clerk.legacy.browser_2f30cc_5.63.5-snapshot.v20250502111227.min.js /tmp/work/dist/cookieSuffix_clerk.legacy.browser_2f30cc_5.63.5-snapshot.v20250502111227.js]
2025/06/29 13:30:40 sri /tmp/work/dist/coinbase-wallet-sdk_clerk.headless.browser_3402d1_5.63.5-snapshot.v20250502111227.min.js -> /output/coinbase-wallet-sdk_clerk.headless.browser_3402d1_5.63.5-snapshot.v20250502111227.min.js.sri
2025/06/29 13:30:40 algorithm: run /usr/bin/brotli --quality=11 --output=/output/coinbase-wallet-sdk_clerk.headless.browser_3402d1_5.63.5-snapshot.v20250502111227.min.js.br /tmp/work/dist/coinbase-wallet-sdk_clerk.headless.browser_3402d1_5.63.5-snapshot.v20250502111227.min.js
2025/06/29 13:30:40 sri /tmp/work/dist/cookieSuffix_clerk.headless.browser_3402d1_5.63.5-snapshot.v20250502111227.min.js -> /output/cookieSuffix_clerk.headless.browser_3402d1_5.63.5-snapshot.v20250502111227.min.js.sri
2025/06/29 13:30:40 algorithm: run /usr/bin/brotli --quality=11 --output=/output/cookieSuffix_clerk.headless.browser_3402d1_5.63.5-snapshot.v20250502111227.min.js.br /tmp/work/dist/cookieSuffix_clerk.headless.browser_3402d1_5.63.5-snapshot.v20250502111227.min.js
2025/06/29 13:30:40 br /tmp/work/dist/cookieSuffix_clerk.headless.browser_3402d1_5.63.5-snapshot.v20250502111227.min.js -> /output/cookieSuffix_clerk.headless.browser_3402d1_5.63.5-snapshot.v20250502111227.min.js.br
2025/06/29 13:30:40 gz /tmp/work/dist/cookieSuffix_clerk.headless.browser_3402d1_5.63.5-snapshot.v20250502111227.min.js -> /output/cookieSuffix_clerk.headless.browser_3402d1_5.63.5-snapshot.v20250502111227.min.js.gz
2025/06/29 13:30:40 sri /tmp/work/dist/cookieSuffix_clerk.headless.browser_3402d1_5.63.5-snapshot.v20250502111227.js -> /output/cookieSuffix_clerk.headless.browser_3402d1_5.63.5-snapshot.v20250502111227.js.sri
2025/06/29 13:30:40 algorithm: run /usr/bin/brotli --quality=11 --output=/output/cookieSuffix_clerk.headless.browser_3402d1_5.63.5-snapshot.v20250502111227.js.br /tmp/work/dist/cookieSuffix_clerk.headless.browser_3402d1_5.63.5-snapshot.v20250502111227.js
2025/06/29 13:30:40 br /tmp/work/dist/cookieSuffix_clerk.headless.browser_3402d1_5.63.5-snapshot.v20250502111227.js -> /output/cookieSuffix_clerk.headless.browser_3402d1_5.63.5-snapshot.v20250502111227.js.br
2025/06/29 13:30:40 gz /tmp/work/dist/cookieSuffix_clerk.headless.browser_3402d1_5.63.5-snapshot.v20250502111227.js -> /output/cookieSuffix_clerk.headless.browser_3402d1_5.63.5-snapshot.v20250502111227.js.gz
2025/06/29 13:30:40 compress: run /node_modules/uglify-js/bin/uglifyjs (3.15.4) [--mangle --compress if_return=true -o /tmp/work/dist/createorganization_clerk.browser_e26c71_5.63.5-snapshot.v20250502111227.min.js /tmp/work/dist/createorganization_clerk.browser_e26c71_5.63.5-snapshot.v20250502111227.js]
2025/06/29 13:30:40 sri /tmp/work/dist/cookieSuffix_clerk.legacy.browser_2f30cc_5.63.5-snapshot.v20250502111227.min.js -> /output/cookieSuffix_clerk.legacy.browser_2f30cc_5.63.5-snapshot.v20250502111227.min.js.sri
2025/06/29 13:30:40 algorithm: run /usr/bin/brotli --quality=11 --output=/output/cookieSuffix_clerk.legacy.browser_2f30cc_5.63.5-snapshot.v20250502111227.min.js.br /tmp/work/dist/cookieSuffix_clerk.legacy.browser_2f30cc_5.63.5-snapshot.v20250502111227.min.js
2025/06/29 13:30:40 br /tmp/work/dist/cookieSuffix_clerk.legacy.browser_2f30cc_5.63.5-snapshot.v20250502111227.min.js -> /output/cookieSuffix_clerk.legacy.browser_2f30cc_5.63.5-snapshot.v20250502111227.min.js.br
2025/06/29 13:30:40 gz /tmp/work/dist/cookieSuffix_clerk.legacy.browser_2f30cc_5.63.5-snapshot.v20250502111227.min.js -> /output/cookieSuffix_clerk.legacy.browser_2f30cc_5.63.5-snapshot.v20250502111227.min.js.gz
2025/06/29 13:30:40 sri /tmp/work/dist/cookieSuffix_clerk.legacy.browser_2f30cc_5.63.5-snapshot.v20250502111227.js -> /output/cookieSuffix_clerk.legacy.browser_2f30cc_5.63.5-snapshot.v20250502111227.js.sri
2025/06/29 13:30:40 algorithm: run /usr/bin/brotli --quality=11 --output=/output/cookieSuffix_clerk.legacy.browser_2f30cc_5.63.5-snapshot.v20250502111227.js.br /tmp/work/dist/cookieSuffix_clerk.legacy.browser_2f30cc_5.63.5-snapshot.v20250502111227.js
2025/06/29 13:30:40 br /tmp/work/dist/cookieSuffix_clerk.legacy.browser_2f30cc_5.63.5-snapshot.v20250502111227.js -> /output/cookieSuffix_clerk.legacy.browser_2f30cc_5.63.5-snapshot.v20250502111227.js.br
2025/06/29 13:30:40 gz /tmp/work/dist/cookieSuffix_clerk.legacy.browser_2f30cc_5.63.5-snapshot.v20250502111227.js -> /output/cookieSuffix_clerk.legacy.browser_2f30cc_5.63.5-snapshot.v20250502111227.js.gz
2025/06/29 13:30:40 compress: run /node_modules/uglify-js/bin/uglifyjs (3.15.4) [--mangle --compress if_return=true -o /tmp/work/dist/createorganization_clerk.chips.browser_1fe980_5.63.5-snapshot.v20250502111227.min.js /tmp/work/dist/createorganization_clerk.chips.browser_1fe980_5.63.5-snapshot.v20250502111227.js]
2025/06/29 13:30:40 br /tmp/work/dist/coinbase-wallet-sdk_clerk.headless.browser_3402d1_5.63.5-snapshot.v20250502111227.min.js -> /output/coinbase-wallet-sdk_clerk.headless.browser_3402d1_5.63.5-snapshot.v20250502111227.min.js.br
2025/06/29 13:30:40 gz /tmp/work/dist/coinbase-wallet-sdk_clerk.headless.browser_3402d1_5.63.5-snapshot.v20250502111227.min.js -> /output/coinbase-wallet-sdk_clerk.headless.browser_3402d1_5.63.5-snapshot.v20250502111227.min.js.gz
2025/06/29 13:30:40 sri /tmp/work/dist/coinbase-wallet-sdk_clerk.headless.browser_3402d1_5.63.5-snapshot.v20250502111227.js -> /output/coinbase-wallet-sdk_clerk.headless.browser_3402d1_5.63.5-snapshot.v20250502111227.js.sri
2025/06/29 13:30:40 algorithm: run /usr/bin/brotli --quality=11 --output=/output/coinbase-wallet-sdk_clerk.headless.browser_3402d1_5.63.5-snapshot.v20250502111227.js.br /tmp/work/dist/coinbase-wallet-sdk_clerk.headless.browser_3402d1_5.63.5-snapshot.v20250502111227.js
2025/06/29 13:30:41 sri /tmp/work/dist/createorganization_clerk.browser_e26c71_5.63.5-snapshot.v20250502111227.min.js -> /output/createorganization_clerk.browser_e26c71_5.63.5-snapshot.v20250502111227.min.js.sri
2025/06/29 13:30:41 algorithm: run /usr/bin/brotli --quality=11 --output=/output/createorganization_clerk.browser_e26c71_5.63.5-snapshot.v20250502111227.min.js.br /tmp/work/dist/createorganization_clerk.browser_e26c71_5.63.5-snapshot.v20250502111227.min.js
2025/06/29 13:30:41 br /tmp/work/dist/createorganization_clerk.browser_e26c71_5.63.5-snapshot.v20250502111227.min.js -> /output/createorganization_clerk.browser_e26c71_5.63.5-snapshot.v20250502111227.min.js.br
2025/06/29 13:30:41 gz /tmp/work/dist/createorganization_clerk.browser_e26c71_5.63.5-snapshot.v20250502111227.min.js -> /output/createorganization_clerk.browser_e26c71_5.63.5-snapshot.v20250502111227.min.js.gz
2025/06/29 13:30:41 sri /tmp/work/dist/createorganization_clerk.browser_e26c71_5.63.5-snapshot.v20250502111227.js -> /output/createorganization_clerk.browser_e26c71_5.63.5-snapshot.v20250502111227.js.sri
2025/06/29 13:30:41 algorithm: run /usr/bin/brotli --quality=11 --output=/output/createorganization_clerk.browser_e26c71_5.63.5-snapshot.v20250502111227.js.br /tmp/work/dist/createorganization_clerk.browser_e26c71_5.63.5-snapshot.v20250502111227.js
2025/06/29 13:30:41 br /tmp/work/dist/createorganization_clerk.browser_e26c71_5.63.5-snapshot.v20250502111227.js -> /output/createorganization_clerk.browser_e26c71_5.63.5-snapshot.v20250502111227.js.br
2025/06/29 13:30:41 gz /tmp/work/dist/createorganization_clerk.browser_e26c71_5.63.5-snapshot.v20250502111227.js -> /output/createorganization_clerk.browser_e26c71_5.63.5-snapshot.v20250502111227.js.gz
2025/06/29 13:30:41 compress: run /node_modules/uglify-js/bin/uglifyjs (3.15.4) [--mangle --compress if_return=true -o /tmp/work/dist/createorganization_clerk.legacy.browser_2f30cc_5.63.5-snapshot.v20250502111227.min.js /tmp/work/dist/createorganization_clerk.legacy.browser_2f30cc_5.63.5-snapshot.v20250502111227.js]
2025/06/29 13:30:41 sri /tmp/work/dist/createorganization_clerk.chips.browser_1fe980_5.63.5-snapshot.v20250502111227.min.js -> /output/createorganization_clerk.chips.browser_1fe980_5.63.5-snapshot.v20250502111227.min.js.sri
2025/06/29 13:30:41 algorithm: run /usr/bin/brotli --quality=11 --output=/output/createorganization_clerk.chips.browser_1fe980_5.63.5-snapshot.v20250502111227.min.js.br /tmp/work/dist/createorganization_clerk.chips.browser_1fe980_5.63.5-snapshot.v20250502111227.min.js
2025/06/29 13:30:41 sri /tmp/work/dist/coinbase-wallet-sdk_clerk.legacy.browser_2f30cc_5.63.5-snapshot.v20250502111227.min.js -> /output/coinbase-wallet-sdk_clerk.legacy.browser_2f30cc_5.63.5-snapshot.v20250502111227.min.js.sri
2025/06/29 13:30:41 algorithm: run /usr/bin/brotli --quality=11 --output=/output/coinbase-wallet-sdk_clerk.legacy.browser_2f30cc_5.63.5-snapshot.v20250502111227.min.js.br /tmp/work/dist/coinbase-wallet-sdk_clerk.legacy.browser_2f30cc_5.63.5-snapshot.v20250502111227.min.js
2025/06/29 13:30:41 br /tmp/work/dist/coinbase-wallet-sdk_clerk.headless.browser_3402d1_5.63.5-snapshot.v20250502111227.js -> /output/coinbase-wallet-sdk_clerk.headless.browser_3402d1_5.63.5-snapshot.v20250502111227.js.br
2025/06/29 13:30:41 br /tmp/work/dist/createorganization_clerk.chips.browser_1fe980_5.63.5-snapshot.v20250502111227.min.js -> /output/createorganization_clerk.chips.browser_1fe980_5.63.5-snapshot.v20250502111227.min.js.br
2025/06/29 13:30:41 gz /tmp/work/dist/coinbase-wallet-sdk_clerk.headless.browser_3402d1_5.63.5-snapshot.v20250502111227.js -> /output/coinbase-wallet-sdk_clerk.headless.browser_3402d1_5.63.5-snapshot.v20250502111227.js.gz
2025/06/29 13:30:41 compress: run /node_modules/uglify-js/bin/uglifyjs (3.15.4) [--mangle --compress if_return=true -o /tmp/work/dist/framework_clerk.browser_e26c71_5.63.5-snapshot.v20250502111227.min.js /tmp/work/dist/framework_clerk.browser_e26c71_5.63.5-snapshot.v20250502111227.js]
2025/06/29 13:30:41 gz /tmp/work/dist/createorganization_clerk.chips.browser_1fe980_5.63.5-snapshot.v20250502111227.min.js -> /output/createorganization_clerk.chips.browser_1fe980_5.63.5-snapshot.v20250502111227.min.js.gz
2025/06/29 13:30:41 sri /tmp/work/dist/createorganization_clerk.chips.browser_1fe980_5.63.5-snapshot.v20250502111227.js -> /output/createorganization_clerk.chips.browser_1fe980_5.63.5-snapshot.v20250502111227.js.sri
2025/06/29 13:30:41 algorithm: run /usr/bin/brotli --quality=11 --output=/output/createorganization_clerk.chips.browser_1fe980_5.63.5-snapshot.v20250502111227.js.br /tmp/work/dist/createorganization_clerk.chips.browser_1fe980_5.63.5-snapshot.v20250502111227.js
2025/06/29 13:30:41 br /tmp/work/dist/createorganization_clerk.chips.browser_1fe980_5.63.5-snapshot.v20250502111227.js -> /output/createorganization_clerk.chips.browser_1fe980_5.63.5-snapshot.v20250502111227.js.br
2025/06/29 13:30:41 gz /tmp/work/dist/createorganization_clerk.chips.browser_1fe980_5.63.5-snapshot.v20250502111227.js -> /output/createorganization_clerk.chips.browser_1fe980_5.63.5-snapshot.v20250502111227.js.gz
2025/06/29 13:30:41 compress: run /node_modules/uglify-js/bin/uglifyjs (3.15.4) [--mangle --compress if_return=true -o /tmp/work/dist/framework_clerk.chips.browser_1fe980_5.63.5-snapshot.v20250502111227.min.js /tmp/work/dist/framework_clerk.chips.browser_1fe980_5.63.5-snapshot.v20250502111227.js]
2025/06/29 13:30:41 br /tmp/work/dist/clerk.no-rhc.mjs -> /output/clerk.no-rhc.mjs.br
2025/06/29 13:30:41 br /tmp/work/dist/clerk.legacy.browser.min.js -> /output/clerk.legacy.browser.min.js.br
2025/06/29 13:30:41 gz /tmp/work/dist/clerk.no-rhc.mjs -> /output/clerk.no-rhc.mjs.gz
2025/06/29 13:30:41 compress: run /node_modules/uglify-js/bin/uglifyjs (3.15.4) [--mangle --compress if_return=true -o /tmp/work/dist/framework_clerk.legacy.browser_2f30cc_5.63.5-snapshot.v20250502111227.min.js /tmp/work/dist/framework_clerk.legacy.browser_2f30cc_5.63.5-snapshot.v20250502111227.js]
2025/06/29 13:30:41 gz /tmp/work/dist/clerk.legacy.browser.min.js -> /output/clerk.legacy.browser.min.js.gz
2025/06/29 13:30:41 sri /tmp/work/dist/clerk.legacy.browser.js -> /output/clerk.legacy.browser.js.sri
2025/06/29 13:30:41 algorithm: run /usr/bin/brotli --quality=11 --output=/output/clerk.legacy.browser.js.br /tmp/work/dist/clerk.legacy.browser.js
2025/06/29 13:30:41 br /tmp/work/dist/coinbase-wallet-sdk_clerk.legacy.browser_2f30cc_5.63.5-snapshot.v20250502111227.min.js -> /output/coinbase-wallet-sdk_clerk.legacy.browser_2f30cc_5.63.5-snapshot.v20250502111227.min.js.br
2025/06/29 13:30:41 gz /tmp/work/dist/coinbase-wallet-sdk_clerk.legacy.browser_2f30cc_5.63.5-snapshot.v20250502111227.min.js -> /output/coinbase-wallet-sdk_clerk.legacy.browser_2f30cc_5.63.5-snapshot.v20250502111227.min.js.gz
2025/06/29 13:30:41 sri /tmp/work/dist/coinbase-wallet-sdk_clerk.legacy.browser_2f30cc_5.63.5-snapshot.v20250502111227.js -> /output/coinbase-wallet-sdk_clerk.legacy.browser_2f30cc_5.63.5-snapshot.v20250502111227.js.sri
2025/06/29 13:30:41 algorithm: run /usr/bin/brotli --quality=11 --output=/output/coinbase-wallet-sdk_clerk.legacy.browser_2f30cc_5.63.5-snapshot.v20250502111227.js.br /tmp/work/dist/coinbase-wallet-sdk_clerk.legacy.browser_2f30cc_5.63.5-snapshot.v20250502111227.js
2025/06/29 13:30:41 sri /tmp/work/dist/createorganization_clerk.legacy.browser_2f30cc_5.63.5-snapshot.v20250502111227.min.js -> /output/createorganization_clerk.legacy.browser_2f30cc_5.63.5-snapshot.v20250502111227.min.js.sri
2025/06/29 13:30:41 algorithm: run /usr/bin/brotli --quality=11 --output=/output/createorganization_clerk.legacy.browser_2f30cc_5.63.5-snapshot.v20250502111227.min.js.br /tmp/work/dist/createorganization_clerk.legacy.browser_2f30cc_5.63.5-snapshot.v20250502111227.min.js
2025/06/29 13:30:41 br /tmp/work/dist/createorganization_clerk.legacy.browser_2f30cc_5.63.5-snapshot.v20250502111227.min.js -> /output/createorganization_clerk.legacy.browser_2f30cc_5.63.5-snapshot.v20250502111227.min.js.br
2025/06/29 13:30:41 gz /tmp/work/dist/createorganization_clerk.legacy.browser_2f30cc_5.63.5-snapshot.v20250502111227.min.js -> /output/createorganization_clerk.legacy.browser_2f30cc_5.63.5-snapshot.v20250502111227.min.js.gz
2025/06/29 13:30:41 sri /tmp/work/dist/createorganization_clerk.legacy.browser_2f30cc_5.63.5-snapshot.v20250502111227.js -> /output/createorganization_clerk.legacy.browser_2f30cc_5.63.5-snapshot.v20250502111227.js.sri
2025/06/29 13:30:41 algorithm: run /usr/bin/brotli --quality=11 --output=/output/createorganization_clerk.legacy.browser_2f30cc_5.63.5-snapshot.v20250502111227.js.br /tmp/work/dist/createorganization_clerk.legacy.browser_2f30cc_5.63.5-snapshot.v20250502111227.js
2025/06/29 13:30:41 br /tmp/work/dist/createorganization_clerk.legacy.browser_2f30cc_5.63.5-snapshot.v20250502111227.js -> /output/createorganization_clerk.legacy.browser_2f30cc_5.63.5-snapshot.v20250502111227.js.br
2025/06/29 13:30:41 gz /tmp/work/dist/createorganization_clerk.legacy.browser_2f30cc_5.63.5-snapshot.v20250502111227.js -> /output/createorganization_clerk.legacy.browser_2f30cc_5.63.5-snapshot.v20250502111227.js.gz
2025/06/29 13:30:41 compress: run /node_modules/uglify-js/bin/uglifyjs (3.15.4) [--mangle --compress if_return=true -o /tmp/work/dist/impersonationfab_clerk.browser_e26c71_5.63.5-snapshot.v20250502111227.min.js /tmp/work/dist/impersonationfab_clerk.browser_e26c71_5.63.5-snapshot.v20250502111227.js]
2025/06/29 13:30:41 br /tmp/work/dist/coinbase-wallet-sdk_clerk.legacy.browser_2f30cc_5.63.5-snapshot.v20250502111227.js -> /output/coinbase-wallet-sdk_clerk.legacy.browser_2f30cc_5.63.5-snapshot.v20250502111227.js.br
2025/06/29 13:30:41 gz /tmp/work/dist/coinbase-wallet-sdk_clerk.legacy.browser_2f30cc_5.63.5-snapshot.v20250502111227.js -> /output/coinbase-wallet-sdk_clerk.legacy.browser_2f30cc_5.63.5-snapshot.v20250502111227.js.gz
2025/06/29 13:30:41 compress: run /node_modules/uglify-js/bin/uglifyjs (3.15.4) [--mangle --compress if_return=true -o /tmp/work/dist/impersonationfab_clerk.chips.browser_1fe980_5.63.5-snapshot.v20250502111227.min.js /tmp/work/dist/impersonationfab_clerk.chips.browser_1fe980_5.63.5-snapshot.v20250502111227.js]
2025/06/29 13:30:42 sri /tmp/work/dist/impersonationfab_clerk.chips.browser_1fe980_5.63.5-snapshot.v20250502111227.min.js -> /output/impersonationfab_clerk.chips.browser_1fe980_5.63.5-snapshot.v20250502111227.min.js.sri
2025/06/29 13:30:42 algorithm: run /usr/bin/brotli --quality=11 --output=/output/impersonationfab_clerk.chips.browser_1fe980_5.63.5-snapshot.v20250502111227.min.js.br /tmp/work/dist/impersonationfab_clerk.chips.browser_1fe980_5.63.5-snapshot.v20250502111227.min.js
2025/06/29 13:30:42 sri /tmp/work/dist/impersonationfab_clerk.browser_e26c71_5.63.5-snapshot.v20250502111227.min.js -> /output/impersonationfab_clerk.browser_e26c71_5.63.5-snapshot.v20250502111227.min.js.sri
2025/06/29 13:30:42 algorithm: run /usr/bin/brotli --quality=11 --output=/output/impersonationfab_clerk.browser_e26c71_5.63.5-snapshot.v20250502111227.min.js.br /tmp/work/dist/impersonationfab_clerk.browser_e26c71_5.63.5-snapshot.v20250502111227.min.js
2025/06/29 13:30:42 br /tmp/work/dist/impersonationfab_clerk.chips.browser_1fe980_5.63.5-snapshot.v20250502111227.min.js -> /output/impersonationfab_clerk.chips.browser_1fe980_5.63.5-snapshot.v20250502111227.min.js.br
2025/06/29 13:30:42 gz /tmp/work/dist/impersonationfab_clerk.chips.browser_1fe980_5.63.5-snapshot.v20250502111227.min.js -> /output/impersonationfab_clerk.chips.browser_1fe980_5.63.5-snapshot.v20250502111227.min.js.gz
2025/06/29 13:30:42 sri /tmp/work/dist/impersonationfab_clerk.chips.browser_1fe980_5.63.5-snapshot.v20250502111227.js -> /output/impersonationfab_clerk.chips.browser_1fe980_5.63.5-snapshot.v20250502111227.js.sri
2025/06/29 13:30:42 algorithm: run /usr/bin/brotli --quality=11 --output=/output/impersonationfab_clerk.chips.browser_1fe980_5.63.5-snapshot.v20250502111227.js.br /tmp/work/dist/impersonationfab_clerk.chips.browser_1fe980_5.63.5-snapshot.v20250502111227.js
2025/06/29 13:30:42 br /tmp/work/dist/impersonationfab_clerk.browser_e26c71_5.63.5-snapshot.v20250502111227.min.js -> /output/impersonationfab_clerk.browser_e26c71_5.63.5-snapshot.v20250502111227.min.js.br
2025/06/29 13:30:42 gz /tmp/work/dist/impersonationfab_clerk.browser_e26c71_5.63.5-snapshot.v20250502111227.min.js -> /output/impersonationfab_clerk.browser_e26c71_5.63.5-snapshot.v20250502111227.min.js.gz
2025/06/29 13:30:42 sri /tmp/work/dist/impersonationfab_clerk.browser_e26c71_5.63.5-snapshot.v20250502111227.js -> /output/impersonationfab_clerk.browser_e26c71_5.63.5-snapshot.v20250502111227.js.sri
2025/06/29 13:30:42 algorithm: run /usr/bin/brotli --quality=11 --output=/output/impersonationfab_clerk.browser_e26c71_5.63.5-snapshot.v20250502111227.js.br /tmp/work/dist/impersonationfab_clerk.browser_e26c71_5.63.5-snapshot.v20250502111227.js
2025/06/29 13:30:42 br /tmp/work/dist/impersonationfab_clerk.chips.browser_1fe980_5.63.5-snapshot.v20250502111227.js -> /output/impersonationfab_clerk.chips.browser_1fe980_5.63.5-snapshot.v20250502111227.js.br
2025/06/29 13:30:42 gz /tmp/work/dist/impersonationfab_clerk.chips.browser_1fe980_5.63.5-snapshot.v20250502111227.js -> /output/impersonationfab_clerk.chips.browser_1fe980_5.63.5-snapshot.v20250502111227.js.gz
2025/06/29 13:30:42 compress: run /node_modules/uglify-js/bin/uglifyjs (3.15.4) [--mangle --compress if_return=true -o /tmp/work/dist/impersonationfab_clerk.legacy.browser_2f30cc_5.63.5-snapshot.v20250502111227.min.js /tmp/work/dist/impersonationfab_clerk.legacy.browser_2f30cc_5.63.5-snapshot.v20250502111227.js]
2025/06/29 13:30:42 br /tmp/work/dist/impersonationfab_clerk.browser_e26c71_5.63.5-snapshot.v20250502111227.js -> /output/impersonationfab_clerk.browser_e26c71_5.63.5-snapshot.v20250502111227.js.br
2025/06/29 13:30:42 gz /tmp/work/dist/impersonationfab_clerk.browser_e26c71_5.63.5-snapshot.v20250502111227.js -> /output/impersonationfab_clerk.browser_e26c71_5.63.5-snapshot.v20250502111227.js.gz
2025/06/29 13:30:42 compress: run /node_modules/uglify-js/bin/uglifyjs (3.15.4) [--mangle --compress if_return=true -o /tmp/work/dist/keylessPrompt_clerk.browser_e26c71_5.63.5-snapshot.v20250502111227.min.js /tmp/work/dist/keylessPrompt_clerk.browser_e26c71_5.63.5-snapshot.v20250502111227.js]
2025/06/29 13:30:42 sri /tmp/work/dist/impersonationfab_clerk.legacy.browser_2f30cc_5.63.5-snapshot.v20250502111227.min.js -> /output/impersonationfab_clerk.legacy.browser_2f30cc_5.63.5-snapshot.v20250502111227.min.js.sri
2025/06/29 13:30:42 algorithm: run /usr/bin/brotli --quality=11 --output=/output/impersonationfab_clerk.legacy.browser_2f30cc_5.63.5-snapshot.v20250502111227.min.js.br /tmp/work/dist/impersonationfab_clerk.legacy.browser_2f30cc_5.63.5-snapshot.v20250502111227.min.js
2025/06/29 13:30:42 br /tmp/work/dist/impersonationfab_clerk.legacy.browser_2f30cc_5.63.5-snapshot.v20250502111227.min.js -> /output/impersonationfab_clerk.legacy.browser_2f30cc_5.63.5-snapshot.v20250502111227.min.js.br
2025/06/29 13:30:42 gz /tmp/work/dist/impersonationfab_clerk.legacy.browser_2f30cc_5.63.5-snapshot.v20250502111227.min.js -> /output/impersonationfab_clerk.legacy.browser_2f30cc_5.63.5-snapshot.v20250502111227.min.js.gz
2025/06/29 13:30:42 sri /tmp/work/dist/impersonationfab_clerk.legacy.browser_2f30cc_5.63.5-snapshot.v20250502111227.js -> /output/impersonationfab_clerk.legacy.browser_2f30cc_5.63.5-snapshot.v20250502111227.js.sri
2025/06/29 13:30:42 algorithm: run /usr/bin/brotli --quality=11 --output=/output/impersonationfab_clerk.legacy.browser_2f30cc_5.63.5-snapshot.v20250502111227.js.br /tmp/work/dist/impersonationfab_clerk.legacy.browser_2f30cc_5.63.5-snapshot.v20250502111227.js
2025/06/29 13:30:42 br /tmp/work/dist/impersonationfab_clerk.legacy.browser_2f30cc_5.63.5-snapshot.v20250502111227.js -> /output/impersonationfab_clerk.legacy.browser_2f30cc_5.63.5-snapshot.v20250502111227.js.br
2025/06/29 13:30:42 gz /tmp/work/dist/impersonationfab_clerk.legacy.browser_2f30cc_5.63.5-snapshot.v20250502111227.js -> /output/impersonationfab_clerk.legacy.browser_2f30cc_5.63.5-snapshot.v20250502111227.js.gz
2025/06/29 13:30:42 compress: run /node_modules/uglify-js/bin/uglifyjs (3.15.4) [--mangle --compress if_return=true -o /tmp/work/dist/keylessPrompt_clerk.chips.browser_1fe980_5.63.5-snapshot.v20250502111227.min.js /tmp/work/dist/keylessPrompt_clerk.chips.browser_1fe980_5.63.5-snapshot.v20250502111227.js]
2025/06/29 13:30:42 sri /tmp/work/dist/keylessPrompt_clerk.browser_e26c71_5.63.5-snapshot.v20250502111227.min.js -> /output/keylessPrompt_clerk.browser_e26c71_5.63.5-snapshot.v20250502111227.min.js.sri
2025/06/29 13:30:42 algorithm: run /usr/bin/brotli --quality=11 --output=/output/keylessPrompt_clerk.browser_e26c71_5.63.5-snapshot.v20250502111227.min.js.br /tmp/work/dist/keylessPrompt_clerk.browser_e26c71_5.63.5-snapshot.v20250502111227.min.js
2025/06/29 13:30:42 br /tmp/work/dist/clerk.legacy.browser.js -> /output/clerk.legacy.browser.js.br
2025/06/29 13:30:42 br /tmp/work/dist/keylessPrompt_clerk.browser_e26c71_5.63.5-snapshot.v20250502111227.min.js -> /output/keylessPrompt_clerk.browser_e26c71_5.63.5-snapshot.v20250502111227.min.js.br
2025/06/29 13:30:42 gz /tmp/work/dist/keylessPrompt_clerk.browser_e26c71_5.63.5-snapshot.v20250502111227.min.js -> /output/keylessPrompt_clerk.browser_e26c71_5.63.5-snapshot.v20250502111227.min.js.gz
2025/06/29 13:30:42 sri /tmp/work/dist/keylessPrompt_clerk.browser_e26c71_5.63.5-snapshot.v20250502111227.js -> /output/keylessPrompt_clerk.browser_e26c71_5.63.5-snapshot.v20250502111227.js.sri
2025/06/29 13:30:42 algorithm: run /usr/bin/brotli --quality=11 --output=/output/keylessPrompt_clerk.browser_e26c71_5.63.5-snapshot.v20250502111227.js.br /tmp/work/dist/keylessPrompt_clerk.browser_e26c71_5.63.5-snapshot.v20250502111227.js
2025/06/29 13:30:42 gz /tmp/work/dist/clerk.legacy.browser.js -> /output/clerk.legacy.browser.js.gz
2025/06/29 13:30:42 compress: run /node_modules/uglify-js/bin/uglifyjs (3.15.4) [--mangle --compress if_return=true -o /tmp/work/dist/keylessPrompt_clerk.legacy.browser_2f30cc_5.63.5-snapshot.v20250502111227.min.js /tmp/work/dist/keylessPrompt_clerk.legacy.browser_2f30cc_5.63.5-snapshot.v20250502111227.js]
2025/06/29 13:30:43 br /tmp/work/dist/keylessPrompt_clerk.browser_e26c71_5.63.5-snapshot.v20250502111227.js -> /output/keylessPrompt_clerk.browser_e26c71_5.63.5-snapshot.v20250502111227.js.br
2025/06/29 13:30:43 gz /tmp/work/dist/keylessPrompt_clerk.browser_e26c71_5.63.5-snapshot.v20250502111227.js -> /output/keylessPrompt_clerk.browser_e26c71_5.63.5-snapshot.v20250502111227.js.gz
2025/06/29 13:30:43 compress: run /node_modules/uglify-js/bin/uglifyjs (3.15.4) [--mangle --compress if_return=true -o /tmp/work/dist/onetap_clerk.browser_e26c71_5.63.5-snapshot.v20250502111227.min.js /tmp/work/dist/onetap_clerk.browser_e26c71_5.63.5-snapshot.v20250502111227.js]
2025/06/29 13:30:43 sri /tmp/work/dist/keylessPrompt_clerk.chips.browser_1fe980_5.63.5-snapshot.v20250502111227.min.js -> /output/keylessPrompt_clerk.chips.browser_1fe980_5.63.5-snapshot.v20250502111227.min.js.sri
2025/06/29 13:30:43 algorithm: run /usr/bin/brotli --quality=11 --output=/output/keylessPrompt_clerk.chips.browser_1fe980_5.63.5-snapshot.v20250502111227.min.js.br /tmp/work/dist/keylessPrompt_clerk.chips.browser_1fe980_5.63.5-snapshot.v20250502111227.min.js
2025/06/29 13:30:43 br /tmp/work/dist/keylessPrompt_clerk.chips.browser_1fe980_5.63.5-snapshot.v20250502111227.min.js -> /output/keylessPrompt_clerk.chips.browser_1fe980_5.63.5-snapshot.v20250502111227.min.js.br
2025/06/29 13:30:43 gz /tmp/work/dist/keylessPrompt_clerk.chips.browser_1fe980_5.63.5-snapshot.v20250502111227.min.js -> /output/keylessPrompt_clerk.chips.browser_1fe980_5.63.5-snapshot.v20250502111227.min.js.gz
2025/06/29 13:30:43 sri /tmp/work/dist/keylessPrompt_clerk.chips.browser_1fe980_5.63.5-snapshot.v20250502111227.js -> /output/keylessPrompt_clerk.chips.browser_1fe980_5.63.5-snapshot.v20250502111227.js.sri
2025/06/29 13:30:43 algorithm: run /usr/bin/brotli --quality=11 --output=/output/keylessPrompt_clerk.chips.browser_1fe980_5.63.5-snapshot.v20250502111227.js.br /tmp/work/dist/keylessPrompt_clerk.chips.browser_1fe980_5.63.5-snapshot.v20250502111227.js
2025/06/29 13:30:43 sri /tmp/work/dist/onetap_clerk.browser_e26c71_5.63.5-snapshot.v20250502111227.min.js -> /output/onetap_clerk.browser_e26c71_5.63.5-snapshot.v20250502111227.min.js.sri
2025/06/29 13:30:43 algorithm: run /usr/bin/brotli --quality=11 --output=/output/onetap_clerk.browser_e26c71_5.63.5-snapshot.v20250502111227.min.js.br /tmp/work/dist/onetap_clerk.browser_e26c71_5.63.5-snapshot.v20250502111227.min.js
2025/06/29 13:30:43 br /tmp/work/dist/onetap_clerk.browser_e26c71_5.63.5-snapshot.v20250502111227.min.js -> /output/onetap_clerk.browser_e26c71_5.63.5-snapshot.v20250502111227.min.js.br
2025/06/29 13:30:43 gz /tmp/work/dist/onetap_clerk.browser_e26c71_5.63.5-snapshot.v20250502111227.min.js -> /output/onetap_clerk.browser_e26c71_5.63.5-snapshot.v20250502111227.min.js.gz
2025/06/29 13:30:43 sri /tmp/work/dist/onetap_clerk.browser_e26c71_5.63.5-snapshot.v20250502111227.js -> /output/onetap_clerk.browser_e26c71_5.63.5-snapshot.v20250502111227.js.sri
2025/06/29 13:30:43 algorithm: run /usr/bin/brotli --quality=11 --output=/output/onetap_clerk.browser_e26c71_5.63.5-snapshot.v20250502111227.js.br /tmp/work/dist/onetap_clerk.browser_e26c71_5.63.5-snapshot.v20250502111227.js
2025/06/29 13:30:43 br /tmp/work/dist/onetap_clerk.browser_e26c71_5.63.5-snapshot.v20250502111227.js -> /output/onetap_clerk.browser_e26c71_5.63.5-snapshot.v20250502111227.js.br
2025/06/29 13:30:43 gz /tmp/work/dist/onetap_clerk.browser_e26c71_5.63.5-snapshot.v20250502111227.js -> /output/onetap_clerk.browser_e26c71_5.63.5-snapshot.v20250502111227.js.gz
2025/06/29 13:30:43 compress: run /node_modules/uglify-js/bin/uglifyjs (3.15.4) [--mangle --compress if_return=true -o /tmp/work/dist/onetap_clerk.chips.browser_1fe980_5.63.5-snapshot.v20250502111227.min.js /tmp/work/dist/onetap_clerk.chips.browser_1fe980_5.63.5-snapshot.v20250502111227.js]
2025/06/29 13:30:43 br /tmp/work/dist/keylessPrompt_clerk.chips.browser_1fe980_5.63.5-snapshot.v20250502111227.js -> /output/keylessPrompt_clerk.chips.browser_1fe980_5.63.5-snapshot.v20250502111227.js.br
2025/06/29 13:30:43 gz /tmp/work/dist/keylessPrompt_clerk.chips.browser_1fe980_5.63.5-snapshot.v20250502111227.js -> /output/keylessPrompt_clerk.chips.browser_1fe980_5.63.5-snapshot.v20250502111227.js.gz
2025/06/29 13:30:43 compress: run /node_modules/uglify-js/bin/uglifyjs (3.15.4) [--mangle --compress if_return=true -o /tmp/work/dist/onetap_clerk.legacy.browser_2f30cc_5.63.5-snapshot.v20250502111227.min.js /tmp/work/dist/onetap_clerk.legacy.browser_2f30cc_5.63.5-snapshot.v20250502111227.js]
2025/06/29 13:30:43 sri /tmp/work/dist/keylessPrompt_clerk.legacy.browser_2f30cc_5.63.5-snapshot.v20250502111227.min.js -> /output/keylessPrompt_clerk.legacy.browser_2f30cc_5.63.5-snapshot.v20250502111227.min.js.sri
2025/06/29 13:30:43 algorithm: run /usr/bin/brotli --quality=11 --output=/output/keylessPrompt_clerk.legacy.browser_2f30cc_5.63.5-snapshot.v20250502111227.min.js.br /tmp/work/dist/keylessPrompt_clerk.legacy.browser_2f30cc_5.63.5-snapshot.v20250502111227.min.js
2025/06/29 13:30:43 br /tmp/work/dist/keylessPrompt_clerk.legacy.browser_2f30cc_5.63.5-snapshot.v20250502111227.min.js -> /output/keylessPrompt_clerk.legacy.browser_2f30cc_5.63.5-snapshot.v20250502111227.min.js.br
2025/06/29 13:30:43 gz /tmp/work/dist/keylessPrompt_clerk.legacy.browser_2f30cc_5.63.5-snapshot.v20250502111227.min.js -> /output/keylessPrompt_clerk.legacy.browser_2f30cc_5.63.5-snapshot.v20250502111227.min.js.gz
2025/06/29 13:30:43 sri /tmp/work/dist/keylessPrompt_clerk.legacy.browser_2f30cc_5.63.5-snapshot.v20250502111227.js -> /output/keylessPrompt_clerk.legacy.browser_2f30cc_5.63.5-snapshot.v20250502111227.js.sri
2025/06/29 13:30:43 algorithm: run /usr/bin/brotli --quality=11 --output=/output/keylessPrompt_clerk.legacy.browser_2f30cc_5.63.5-snapshot.v20250502111227.js.br /tmp/work/dist/keylessPrompt_clerk.legacy.browser_2f30cc_5.63.5-snapshot.v20250502111227.js
2025/06/29 13:30:43 sri /tmp/work/dist/onetap_clerk.legacy.browser_2f30cc_5.63.5-snapshot.v20250502111227.min.js -> /output/onetap_clerk.legacy.browser_2f30cc_5.63.5-snapshot.v20250502111227.min.js.sri
2025/06/29 13:30:43 algorithm: run /usr/bin/brotli --quality=11 --output=/output/onetap_clerk.legacy.browser_2f30cc_5.63.5-snapshot.v20250502111227.min.js.br /tmp/work/dist/onetap_clerk.legacy.browser_2f30cc_5.63.5-snapshot.v20250502111227.min.js
2025/06/29 13:30:43 br /tmp/work/dist/keylessPrompt_clerk.legacy.browser_2f30cc_5.63.5-snapshot.v20250502111227.js -> /output/keylessPrompt_clerk.legacy.browser_2f30cc_5.63.5-snapshot.v20250502111227.js.br
2025/06/29 13:30:43 gz /tmp/work/dist/keylessPrompt_clerk.legacy.browser_2f30cc_5.63.5-snapshot.v20250502111227.js -> /output/keylessPrompt_clerk.legacy.browser_2f30cc_5.63.5-snapshot.v20250502111227.js.gz
2025/06/29 13:30:43 compress: run /node_modules/uglify-js/bin/uglifyjs (3.15.4) [--mangle --compress if_return=true -o /tmp/work/dist/op-billing-page_clerk.browser_e26c71_5.63.5-snapshot.v20250502111227.min.js /tmp/work/dist/op-billing-page_clerk.browser_e26c71_5.63.5-snapshot.v20250502111227.js]
2025/06/29 13:30:43 br /tmp/work/dist/onetap_clerk.legacy.browser_2f30cc_5.63.5-snapshot.v20250502111227.min.js -> /output/onetap_clerk.legacy.browser_2f30cc_5.63.5-snapshot.v20250502111227.min.js.br
2025/06/29 13:30:43 gz /tmp/work/dist/onetap_clerk.legacy.browser_2f30cc_5.63.5-snapshot.v20250502111227.min.js -> /output/onetap_clerk.legacy.browser_2f30cc_5.63.5-snapshot.v20250502111227.min.js.gz
2025/06/29 13:30:43 sri /tmp/work/dist/onetap_clerk.legacy.browser_2f30cc_5.63.5-snapshot.v20250502111227.js -> /output/onetap_clerk.legacy.browser_2f30cc_5.63.5-snapshot.v20250502111227.js.sri
2025/06/29 13:30:43 algorithm: run /usr/bin/brotli --quality=11 --output=/output/onetap_clerk.legacy.browser_2f30cc_5.63.5-snapshot.v20250502111227.js.br /tmp/work/dist/onetap_clerk.legacy.browser_2f30cc_5.63.5-snapshot.v20250502111227.js
2025/06/29 13:30:43 br /tmp/work/dist/onetap_clerk.legacy.browser_2f30cc_5.63.5-snapshot.v20250502111227.js -> /output/onetap_clerk.legacy.browser_2f30cc_5.63.5-snapshot.v20250502111227.js.br
2025/06/29 13:30:43 gz /tmp/work/dist/onetap_clerk.legacy.browser_2f30cc_5.63.5-snapshot.v20250502111227.js -> /output/onetap_clerk.legacy.browser_2f30cc_5.63.5-snapshot.v20250502111227.js.gz
2025/06/29 13:30:43 compress: run /node_modules/uglify-js/bin/uglifyjs (3.15.4) [--mangle --compress if_return=true -o /tmp/work/dist/op-billing-page_clerk.chips.browser_1fe980_5.63.5-snapshot.v20250502111227.min.js /tmp/work/dist/op-billing-page_clerk.chips.browser_1fe980_5.63.5-snapshot.v20250502111227.js]
2025/06/29 13:30:43 sri /tmp/work/dist/onetap_clerk.chips.browser_1fe980_5.63.5-snapshot.v20250502111227.min.js -> /output/onetap_clerk.chips.browser_1fe980_5.63.5-snapshot.v20250502111227.min.js.sri
2025/06/29 13:30:43 algorithm: run /usr/bin/brotli --quality=11 --output=/output/onetap_clerk.chips.browser_1fe980_5.63.5-snapshot.v20250502111227.min.js.br /tmp/work/dist/onetap_clerk.chips.browser_1fe980_5.63.5-snapshot.v20250502111227.min.js
2025/06/29 13:30:43 br /tmp/work/dist/onetap_clerk.chips.browser_1fe980_5.63.5-snapshot.v20250502111227.min.js -> /output/onetap_clerk.chips.browser_1fe980_5.63.5-snapshot.v20250502111227.min.js.br
2025/06/29 13:30:43 gz /tmp/work/dist/onetap_clerk.chips.browser_1fe980_5.63.5-snapshot.v20250502111227.min.js -> /output/onetap_clerk.chips.browser_1fe980_5.63.5-snapshot.v20250502111227.min.js.gz
2025/06/29 13:30:43 sri /tmp/work/dist/onetap_clerk.chips.browser_1fe980_5.63.5-snapshot.v20250502111227.js -> /output/onetap_clerk.chips.browser_1fe980_5.63.5-snapshot.v20250502111227.js.sri
2025/06/29 13:30:43 algorithm: run /usr/bin/brotli --quality=11 --output=/output/onetap_clerk.chips.browser_1fe980_5.63.5-snapshot.v20250502111227.js.br /tmp/work/dist/onetap_clerk.chips.browser_1fe980_5.63.5-snapshot.v20250502111227.js
2025/06/29 13:30:43 br /tmp/work/dist/onetap_clerk.chips.browser_1fe980_5.63.5-snapshot.v20250502111227.js -> /output/onetap_clerk.chips.browser_1fe980_5.63.5-snapshot.v20250502111227.js.br
2025/06/29 13:30:43 gz /tmp/work/dist/onetap_clerk.chips.browser_1fe980_5.63.5-snapshot.v20250502111227.js -> /output/onetap_clerk.chips.browser_1fe980_5.63.5-snapshot.v20250502111227.js.gz
2025/06/29 13:30:43 compress: run /node_modules/uglify-js/bin/uglifyjs (3.15.4) [--mangle --compress if_return=true -o /tmp/work/dist/op-billing-page_clerk.legacy.browser_2f30cc_5.63.5-snapshot.v20250502111227.min.js /tmp/work/dist/op-billing-page_clerk.legacy.browser_2f30cc_5.63.5-snapshot.v20250502111227.js]
2025/06/29 13:30:44 sri /tmp/work/dist/op-billing-page_clerk.browser_e26c71_5.63.5-snapshot.v20250502111227.min.js -> /output/op-billing-page_clerk.browser_e26c71_5.63.5-snapshot.v20250502111227.min.js.sri
2025/06/29 13:30:44 algorithm: run /usr/bin/brotli --quality=11 --output=/output/op-billing-page_clerk.browser_e26c71_5.63.5-snapshot.v20250502111227.min.js.br /tmp/work/dist/op-billing-page_clerk.browser_e26c71_5.63.5-snapshot.v20250502111227.min.js
2025/06/29 13:30:44 br /tmp/work/dist/op-billing-page_clerk.browser_e26c71_5.63.5-snapshot.v20250502111227.min.js -> /output/op-billing-page_clerk.browser_e26c71_5.63.5-snapshot.v20250502111227.min.js.br
2025/06/29 13:30:44 gz /tmp/work/dist/op-billing-page_clerk.browser_e26c71_5.63.5-snapshot.v20250502111227.min.js -> /output/op-billing-page_clerk.browser_e26c71_5.63.5-snapshot.v20250502111227.min.js.gz
2025/06/29 13:30:44 sri /tmp/work/dist/op-billing-page_clerk.browser_e26c71_5.63.5-snapshot.v20250502111227.js -> /output/op-billing-page_clerk.browser_e26c71_5.63.5-snapshot.v20250502111227.js.sri
2025/06/29 13:30:44 algorithm: run /usr/bin/brotli --quality=11 --output=/output/op-billing-page_clerk.browser_e26c71_5.63.5-snapshot.v20250502111227.js.br /tmp/work/dist/op-billing-page_clerk.browser_e26c71_5.63.5-snapshot.v20250502111227.js
2025/06/29 13:30:44 br /tmp/work/dist/op-billing-page_clerk.browser_e26c71_5.63.5-snapshot.v20250502111227.js -> /output/op-billing-page_clerk.browser_e26c71_5.63.5-snapshot.v20250502111227.js.br
2025/06/29 13:30:44 gz /tmp/work/dist/op-billing-page_clerk.browser_e26c71_5.63.5-snapshot.v20250502111227.js -> /output/op-billing-page_clerk.browser_e26c71_5.63.5-snapshot.v20250502111227.js.gz
2025/06/29 13:30:44 compress: run /node_modules/uglify-js/bin/uglifyjs (3.15.4) [--mangle --compress if_return=true -o /tmp/work/dist/organizationlist_clerk.browser_e26c71_5.63.5-snapshot.v20250502111227.min.js /tmp/work/dist/organizationlist_clerk.browser_e26c71_5.63.5-snapshot.v20250502111227.js]
2025/06/29 13:30:44 sri /tmp/work/dist/op-billing-page_clerk.chips.browser_1fe980_5.63.5-snapshot.v20250502111227.min.js -> /output/op-billing-page_clerk.chips.browser_1fe980_5.63.5-snapshot.v20250502111227.min.js.sri
2025/06/29 13:30:44 algorithm: run /usr/bin/brotli --quality=11 --output=/output/op-billing-page_clerk.chips.browser_1fe980_5.63.5-snapshot.v20250502111227.min.js.br /tmp/work/dist/op-billing-page_clerk.chips.browser_1fe980_5.63.5-snapshot.v20250502111227.min.js
2025/06/29 13:30:44 br /tmp/work/dist/op-billing-page_clerk.chips.browser_1fe980_5.63.5-snapshot.v20250502111227.min.js -> /output/op-billing-page_clerk.chips.browser_1fe980_5.63.5-snapshot.v20250502111227.min.js.br
2025/06/29 13:30:44 gz /tmp/work/dist/op-billing-page_clerk.chips.browser_1fe980_5.63.5-snapshot.v20250502111227.min.js -> /output/op-billing-page_clerk.chips.browser_1fe980_5.63.5-snapshot.v20250502111227.min.js.gz
2025/06/29 13:30:44 sri /tmp/work/dist/op-billing-page_clerk.chips.browser_1fe980_5.63.5-snapshot.v20250502111227.js -> /output/op-billing-page_clerk.chips.browser_1fe980_5.63.5-snapshot.v20250502111227.js.sri
2025/06/29 13:30:44 algorithm: run /usr/bin/brotli --quality=11 --output=/output/op-billing-page_clerk.chips.browser_1fe980_5.63.5-snapshot.v20250502111227.js.br /tmp/work/dist/op-billing-page_clerk.chips.browser_1fe980_5.63.5-snapshot.v20250502111227.js
2025/06/29 13:30:44 br /tmp/work/dist/op-billing-page_clerk.chips.browser_1fe980_5.63.5-snapshot.v20250502111227.js -> /output/op-billing-page_clerk.chips.browser_1fe980_5.63.5-snapshot.v20250502111227.js.br
2025/06/29 13:30:44 gz /tmp/work/dist/op-billing-page_clerk.chips.browser_1fe980_5.63.5-snapshot.v20250502111227.js -> /output/op-billing-page_clerk.chips.browser_1fe980_5.63.5-snapshot.v20250502111227.js.gz
2025/06/29 13:30:44 compress: run /node_modules/uglify-js/bin/uglifyjs (3.15.4) [--mangle --compress if_return=true -o /tmp/work/dist/organizationlist_clerk.chips.browser_1fe980_5.63.5-snapshot.v20250502111227.min.js /tmp/work/dist/organizationlist_clerk.chips.browser_1fe980_5.63.5-snapshot.v20250502111227.js]
2025/06/29 13:30:44 sri /tmp/work/dist/op-billing-page_clerk.legacy.browser_2f30cc_5.63.5-snapshot.v20250502111227.min.js -> /output/op-billing-page_clerk.legacy.browser_2f30cc_5.63.5-snapshot.v20250502111227.min.js.sri
2025/06/29 13:30:44 algorithm: run /usr/bin/brotli --quality=11 --output=/output/op-billing-page_clerk.legacy.browser_2f30cc_5.63.5-snapshot.v20250502111227.min.js.br /tmp/work/dist/op-billing-page_clerk.legacy.browser_2f30cc_5.63.5-snapshot.v20250502111227.min.js
2025/06/29 13:30:44 br /tmp/work/dist/op-billing-page_clerk.legacy.browser_2f30cc_5.63.5-snapshot.v20250502111227.min.js -> /output/op-billing-page_clerk.legacy.browser_2f30cc_5.63.5-snapshot.v20250502111227.min.js.br
2025/06/29 13:30:44 gz /tmp/work/dist/op-billing-page_clerk.legacy.browser_2f30cc_5.63.5-snapshot.v20250502111227.min.js -> /output/op-billing-page_clerk.legacy.browser_2f30cc_5.63.5-snapshot.v20250502111227.min.js.gz
2025/06/29 13:30:44 sri /tmp/work/dist/op-billing-page_clerk.legacy.browser_2f30cc_5.63.5-snapshot.v20250502111227.js -> /output/op-billing-page_clerk.legacy.browser_2f30cc_5.63.5-snapshot.v20250502111227.js.sri
2025/06/29 13:30:44 algorithm: run /usr/bin/brotli --quality=11 --output=/output/op-billing-page_clerk.legacy.browser_2f30cc_5.63.5-snapshot.v20250502111227.js.br /tmp/work/dist/op-billing-page_clerk.legacy.browser_2f30cc_5.63.5-snapshot.v20250502111227.js
2025/06/29 13:30:44 br /tmp/work/dist/op-billing-page_clerk.legacy.browser_2f30cc_5.63.5-snapshot.v20250502111227.js -> /output/op-billing-page_clerk.legacy.browser_2f30cc_5.63.5-snapshot.v20250502111227.js.br
2025/06/29 13:30:44 gz /tmp/work/dist/op-billing-page_clerk.legacy.browser_2f30cc_5.63.5-snapshot.v20250502111227.js -> /output/op-billing-page_clerk.legacy.browser_2f30cc_5.63.5-snapshot.v20250502111227.js.gz
2025/06/29 13:30:44 compress: run /node_modules/uglify-js/bin/uglifyjs (3.15.4) [--mangle --compress if_return=true -o /tmp/work/dist/organizationlist_clerk.legacy.browser_2f30cc_5.63.5-snapshot.v20250502111227.min.js /tmp/work/dist/organizationlist_clerk.legacy.browser_2f30cc_5.63.5-snapshot.v20250502111227.js]
2025/06/29 13:30:44 sri /tmp/work/dist/organizationlist_clerk.browser_e26c71_5.63.5-snapshot.v20250502111227.min.js -> /output/organizationlist_clerk.browser_e26c71_5.63.5-snapshot.v20250502111227.min.js.sri
2025/06/29 13:30:44 algorithm: run /usr/bin/brotli --quality=11 --output=/output/organizationlist_clerk.browser_e26c71_5.63.5-snapshot.v20250502111227.min.js.br /tmp/work/dist/organizationlist_clerk.browser_e26c71_5.63.5-snapshot.v20250502111227.min.js
2025/06/29 13:30:45 br /tmp/work/dist/organizationlist_clerk.browser_e26c71_5.63.5-snapshot.v20250502111227.min.js -> /output/organizationlist_clerk.browser_e26c71_5.63.5-snapshot.v20250502111227.min.js.br
2025/06/29 13:30:45 gz /tmp/work/dist/organizationlist_clerk.browser_e26c71_5.63.5-snapshot.v20250502111227.min.js -> /output/organizationlist_clerk.browser_e26c71_5.63.5-snapshot.v20250502111227.min.js.gz
2025/06/29 13:30:45 sri /tmp/work/dist/organizationlist_clerk.browser_e26c71_5.63.5-snapshot.v20250502111227.js -> /output/organizationlist_clerk.browser_e26c71_5.63.5-snapshot.v20250502111227.js.sri
2025/06/29 13:30:45 algorithm: run /usr/bin/brotli --quality=11 --output=/output/organizationlist_clerk.browser_e26c71_5.63.5-snapshot.v20250502111227.js.br /tmp/work/dist/organizationlist_clerk.browser_e26c71_5.63.5-snapshot.v20250502111227.js
2025/06/29 13:30:45 br /tmp/work/dist/organizationlist_clerk.browser_e26c71_5.63.5-snapshot.v20250502111227.js -> /output/organizationlist_clerk.browser_e26c71_5.63.5-snapshot.v20250502111227.js.br
2025/06/29 13:30:45 gz /tmp/work/dist/organizationlist_clerk.browser_e26c71_5.63.5-snapshot.v20250502111227.js -> /output/organizationlist_clerk.browser_e26c71_5.63.5-snapshot.v20250502111227.js.gz
2025/06/29 13:30:45 compress: run /node_modules/uglify-js/bin/uglifyjs (3.15.4) [--mangle --compress if_return=true -o /tmp/work/dist/organizationprofile_clerk.browser_e26c71_5.63.5-snapshot.v20250502111227.min.js /tmp/work/dist/organizationprofile_clerk.browser_e26c71_5.63.5-snapshot.v20250502111227.js]
2025/06/29 13:30:45 sri /tmp/work/dist/organizationlist_clerk.legacy.browser_2f30cc_5.63.5-snapshot.v20250502111227.min.js -> /output/organizationlist_clerk.legacy.browser_2f30cc_5.63.5-snapshot.v20250502111227.min.js.sri
2025/06/29 13:30:45 algorithm: run /usr/bin/brotli --quality=11 --output=/output/organizationlist_clerk.legacy.browser_2f30cc_5.63.5-snapshot.v20250502111227.min.js.br /tmp/work/dist/organizationlist_clerk.legacy.browser_2f30cc_5.63.5-snapshot.v20250502111227.min.js
2025/06/29 13:30:45 sri /tmp/work/dist/organizationlist_clerk.chips.browser_1fe980_5.63.5-snapshot.v20250502111227.min.js -> /output/organizationlist_clerk.chips.browser_1fe980_5.63.5-snapshot.v20250502111227.min.js.sri
2025/06/29 13:30:45 algorithm: run /usr/bin/brotli --quality=11 --output=/output/organizationlist_clerk.chips.browser_1fe980_5.63.5-snapshot.v20250502111227.min.js.br /tmp/work/dist/organizationlist_clerk.chips.browser_1fe980_5.63.5-snapshot.v20250502111227.min.js
2025/06/29 13:30:45 br /tmp/work/dist/organizationlist_clerk.legacy.browser_2f30cc_5.63.5-snapshot.v20250502111227.min.js -> /output/organizationlist_clerk.legacy.browser_2f30cc_5.63.5-snapshot.v20250502111227.min.js.br
2025/06/29 13:30:45 gz /tmp/work/dist/organizationlist_clerk.legacy.browser_2f30cc_5.63.5-snapshot.v20250502111227.min.js -> /output/organizationlist_clerk.legacy.browser_2f30cc_5.63.5-snapshot.v20250502111227.min.js.gz
2025/06/29 13:30:45 sri /tmp/work/dist/organizationlist_clerk.legacy.browser_2f30cc_5.63.5-snapshot.v20250502111227.js -> /output/organizationlist_clerk.legacy.browser_2f30cc_5.63.5-snapshot.v20250502111227.js.sri
2025/06/29 13:30:45 algorithm: run /usr/bin/brotli --quality=11 --output=/output/organizationlist_clerk.legacy.browser_2f30cc_5.63.5-snapshot.v20250502111227.js.br /tmp/work/dist/organizationlist_clerk.legacy.browser_2f30cc_5.63.5-snapshot.v20250502111227.js
2025/06/29 13:30:45 br /tmp/work/dist/organizationlist_clerk.chips.browser_1fe980_5.63.5-snapshot.v20250502111227.min.js -> /output/organizationlist_clerk.chips.browser_1fe980_5.63.5-snapshot.v20250502111227.min.js.br
2025/06/29 13:30:45 gz /tmp/work/dist/organizationlist_clerk.chips.browser_1fe980_5.63.5-snapshot.v20250502111227.min.js -> /output/organizationlist_clerk.chips.browser_1fe980_5.63.5-snapshot.v20250502111227.min.js.gz
2025/06/29 13:30:45 sri /tmp/work/dist/organizationlist_clerk.chips.browser_1fe980_5.63.5-snapshot.v20250502111227.js -> /output/organizationlist_clerk.chips.browser_1fe980_5.63.5-snapshot.v20250502111227.js.sri
2025/06/29 13:30:45 algorithm: run /usr/bin/brotli --quality=11 --output=/output/organizationlist_clerk.chips.browser_1fe980_5.63.5-snapshot.v20250502111227.js.br /tmp/work/dist/organizationlist_clerk.chips.browser_1fe980_5.63.5-snapshot.v20250502111227.js
2025/06/29 13:30:45 br /tmp/work/dist/organizationlist_clerk.legacy.browser_2f30cc_5.63.5-snapshot.v20250502111227.js -> /output/organizationlist_clerk.legacy.browser_2f30cc_5.63.5-snapshot.v20250502111227.js.br
2025/06/29 13:30:45 gz /tmp/work/dist/organizationlist_clerk.legacy.browser_2f30cc_5.63.5-snapshot.v20250502111227.js -> /output/organizationlist_clerk.legacy.browser_2f30cc_5.63.5-snapshot.v20250502111227.js.gz
2025/06/29 13:30:45 compress: run /node_modules/uglify-js/bin/uglifyjs (3.15.4) [--mangle --compress if_return=true -o /tmp/work/dist/organizationprofile_clerk.chips.browser_1fe980_5.63.5-snapshot.v20250502111227.min.js /tmp/work/dist/organizationprofile_clerk.chips.browser_1fe980_5.63.5-snapshot.v20250502111227.js]
2025/06/29 13:30:45 br /tmp/work/dist/organizationlist_clerk.chips.browser_1fe980_5.63.5-snapshot.v20250502111227.js -> /output/organizationlist_clerk.chips.browser_1fe980_5.63.5-snapshot.v20250502111227.js.br
2025/06/29 13:30:45 gz /tmp/work/dist/organizationlist_clerk.chips.browser_1fe980_5.63.5-snapshot.v20250502111227.js -> /output/organizationlist_clerk.chips.browser_1fe980_5.63.5-snapshot.v20250502111227.js.gz
2025/06/29 13:30:45 compress: run /node_modules/uglify-js/bin/uglifyjs (3.15.4) [--mangle --compress if_return=true -o /tmp/work/dist/organizationprofile_clerk.legacy.browser_2f30cc_5.63.5-snapshot.v20250502111227.min.js /tmp/work/dist/organizationprofile_clerk.legacy.browser_2f30cc_5.63.5-snapshot.v20250502111227.js]
2025/06/29 13:30:47 sri /tmp/work/dist/framework_clerk.browser_e26c71_5.63.5-snapshot.v20250502111227.min.js -> /output/framework_clerk.browser_e26c71_5.63.5-snapshot.v20250502111227.min.js.sri
2025/06/29 13:30:47 algorithm: run /usr/bin/brotli --quality=11 --output=/output/framework_clerk.browser_e26c71_5.63.5-snapshot.v20250502111227.min.js.br /tmp/work/dist/framework_clerk.browser_e26c71_5.63.5-snapshot.v20250502111227.min.js
2025/06/29 13:30:47 sri /tmp/work/dist/organizationprofile_clerk.chips.browser_1fe980_5.63.5-snapshot.v20250502111227.min.js -> /output/organizationprofile_clerk.chips.browser_1fe980_5.63.5-snapshot.v20250502111227.min.js.sri
2025/06/29 13:30:47 algorithm: run /usr/bin/brotli --quality=11 --output=/output/organizationprofile_clerk.chips.browser_1fe980_5.63.5-snapshot.v20250502111227.min.js.br /tmp/work/dist/organizationprofile_clerk.chips.browser_1fe980_5.63.5-snapshot.v20250502111227.min.js
2025/06/29 13:30:47 sri /tmp/work/dist/organizationprofile_clerk.browser_e26c71_5.63.5-snapshot.v20250502111227.min.js -> /output/organizationprofile_clerk.browser_e26c71_5.63.5-snapshot.v20250502111227.min.js.sri
2025/06/29 13:30:47 algorithm: run /usr/bin/brotli --quality=11 --output=/output/organizationprofile_clerk.browser_e26c71_5.63.5-snapshot.v20250502111227.min.js.br /tmp/work/dist/organizationprofile_clerk.browser_e26c71_5.63.5-snapshot.v20250502111227.min.js
2025/06/29 13:30:47 sri /tmp/work/dist/organizationprofile_clerk.legacy.browser_2f30cc_5.63.5-snapshot.v20250502111227.min.js -> /output/organizationprofile_clerk.legacy.browser_2f30cc_5.63.5-snapshot.v20250502111227.min.js.sri
2025/06/29 13:30:47 algorithm: run /usr/bin/brotli --quality=11 --output=/output/organizationprofile_clerk.legacy.browser_2f30cc_5.63.5-snapshot.v20250502111227.min.js.br /tmp/work/dist/organizationprofile_clerk.legacy.browser_2f30cc_5.63.5-snapshot.v20250502111227.min.js
2025/06/29 13:30:47 br /tmp/work/dist/organizationprofile_clerk.chips.browser_1fe980_5.63.5-snapshot.v20250502111227.min.js -> /output/organizationprofile_clerk.chips.browser_1fe980_5.63.5-snapshot.v20250502111227.min.js.br
2025/06/29 13:30:47 gz /tmp/work/dist/organizationprofile_clerk.chips.browser_1fe980_5.63.5-snapshot.v20250502111227.min.js -> /output/organizationprofile_clerk.chips.browser_1fe980_5.63.5-snapshot.v20250502111227.min.js.gz
2025/06/29 13:30:47 sri /tmp/work/dist/organizationprofile_clerk.chips.browser_1fe980_5.63.5-snapshot.v20250502111227.js -> /output/organizationprofile_clerk.chips.browser_1fe980_5.63.5-snapshot.v20250502111227.js.sri
2025/06/29 13:30:47 algorithm: run /usr/bin/brotli --quality=11 --output=/output/organizationprofile_clerk.chips.browser_1fe980_5.63.5-snapshot.v20250502111227.js.br /tmp/work/dist/organizationprofile_clerk.chips.browser_1fe980_5.63.5-snapshot.v20250502111227.js
2025/06/29 13:30:47 br /tmp/work/dist/organizationprofile_clerk.legacy.browser_2f30cc_5.63.5-snapshot.v20250502111227.min.js -> /output/organizationprofile_clerk.legacy.browser_2f30cc_5.63.5-snapshot.v20250502111227.min.js.br
2025/06/29 13:30:47 sri /tmp/work/dist/framework_clerk.chips.browser_1fe980_5.63.5-snapshot.v20250502111227.min.js -> /output/framework_clerk.chips.browser_1fe980_5.63.5-snapshot.v20250502111227.min.js.sri
2025/06/29 13:30:47 algorithm: run /usr/bin/brotli --quality=11 --output=/output/framework_clerk.chips.browser_1fe980_5.63.5-snapshot.v20250502111227.min.js.br /tmp/work/dist/framework_clerk.chips.browser_1fe980_5.63.5-snapshot.v20250502111227.min.js
2025/06/29 13:30:47 gz /tmp/work/dist/organizationprofile_clerk.legacy.browser_2f30cc_5.63.5-snapshot.v20250502111227.min.js -> /output/organizationprofile_clerk.legacy.browser_2f30cc_5.63.5-snapshot.v20250502111227.min.js.gz
2025/06/29 13:30:47 sri /tmp/work/dist/organizationprofile_clerk.legacy.browser_2f30cc_5.63.5-snapshot.v20250502111227.js -> /output/organizationprofile_clerk.legacy.browser_2f30cc_5.63.5-snapshot.v20250502111227.js.sri
2025/06/29 13:30:47 algorithm: run /usr/bin/brotli --quality=11 --output=/output/organizationprofile_clerk.legacy.browser_2f30cc_5.63.5-snapshot.v20250502111227.js.br /tmp/work/dist/organizationprofile_clerk.legacy.browser_2f30cc_5.63.5-snapshot.v20250502111227.js
2025/06/29 13:30:47 br /tmp/work/dist/organizationprofile_clerk.browser_e26c71_5.63.5-snapshot.v20250502111227.min.js -> /output/organizationprofile_clerk.browser_e26c71_5.63.5-snapshot.v20250502111227.min.js.br
2025/06/29 13:30:47 gz /tmp/work/dist/organizationprofile_clerk.browser_e26c71_5.63.5-snapshot.v20250502111227.min.js -> /output/organizationprofile_clerk.browser_e26c71_5.63.5-snapshot.v20250502111227.min.js.gz
2025/06/29 13:30:47 sri /tmp/work/dist/organizationprofile_clerk.browser_e26c71_5.63.5-snapshot.v20250502111227.js -> /output/organizationprofile_clerk.browser_e26c71_5.63.5-snapshot.v20250502111227.js.sri
2025/06/29 13:30:47 algorithm: run /usr/bin/brotli --quality=11 --output=/output/organizationprofile_clerk.browser_e26c71_5.63.5-snapshot.v20250502111227.js.br /tmp/work/dist/organizationprofile_clerk.browser_e26c71_5.63.5-snapshot.v20250502111227.js
2025/06/29 13:30:47 br /tmp/work/dist/organizationprofile_clerk.chips.browser_1fe980_5.63.5-snapshot.v20250502111227.js -> /output/organizationprofile_clerk.chips.browser_1fe980_5.63.5-snapshot.v20250502111227.js.br
2025/06/29 13:30:47 gz /tmp/work/dist/organizationprofile_clerk.chips.browser_1fe980_5.63.5-snapshot.v20250502111227.js -> /output/organizationprofile_clerk.chips.browser_1fe980_5.63.5-snapshot.v20250502111227.js.gz
2025/06/29 13:30:47 compress: run /node_modules/uglify-js/bin/uglifyjs (3.15.4) [--mangle --compress if_return=true -o /tmp/work/dist/organizationswitcher_clerk.browser_e26c71_5.63.5-snapshot.v20250502111227.min.js /tmp/work/dist/organizationswitcher_clerk.browser_e26c71_5.63.5-snapshot.v20250502111227.js]
2025/06/29 13:30:47 br /tmp/work/dist/organizationprofile_clerk.browser_e26c71_5.63.5-snapshot.v20250502111227.js -> /output/organizationprofile_clerk.browser_e26c71_5.63.5-snapshot.v20250502111227.js.br
2025/06/29 13:30:47 gz /tmp/work/dist/organizationprofile_clerk.browser_e26c71_5.63.5-snapshot.v20250502111227.js -> /output/organizationprofile_clerk.browser_e26c71_5.63.5-snapshot.v20250502111227.js.gz
2025/06/29 13:30:47 compress: run /node_modules/uglify-js/bin/uglifyjs (3.15.4) [--mangle --compress if_return=true -o /tmp/work/dist/organizationswitcher_clerk.chips.browser_1fe980_5.63.5-snapshot.v20250502111227.min.js /tmp/work/dist/organizationswitcher_clerk.chips.browser_1fe980_5.63.5-snapshot.v20250502111227.js]
2025/06/29 13:30:47 br /tmp/work/dist/framework_clerk.browser_e26c71_5.63.5-snapshot.v20250502111227.min.js -> /output/framework_clerk.browser_e26c71_5.63.5-snapshot.v20250502111227.min.js.br
2025/06/29 13:30:47 br /tmp/work/dist/organizationprofile_clerk.legacy.browser_2f30cc_5.63.5-snapshot.v20250502111227.js -> /output/organizationprofile_clerk.legacy.browser_2f30cc_5.63.5-snapshot.v20250502111227.js.br
2025/06/29 13:30:47 gz /tmp/work/dist/framework_clerk.browser_e26c71_5.63.5-snapshot.v20250502111227.min.js -> /output/framework_clerk.browser_e26c71_5.63.5-snapshot.v20250502111227.min.js.gz
2025/06/29 13:30:47 gz /tmp/work/dist/organizationprofile_clerk.legacy.browser_2f30cc_5.63.5-snapshot.v20250502111227.js -> /output/organizationprofile_clerk.legacy.browser_2f30cc_5.63.5-snapshot.v20250502111227.js.gz
2025/06/29 13:30:47 compress: run /node_modules/uglify-js/bin/uglifyjs (3.15.4) [--mangle --compress if_return=true -o /tmp/work/dist/organizationswitcher_clerk.legacy.browser_2f30cc_5.63.5-snapshot.v20250502111227.min.js /tmp/work/dist/organizationswitcher_clerk.legacy.browser_2f30cc_5.63.5-snapshot.v20250502111227.js]
2025/06/29 13:30:47 sri /tmp/work/dist/framework_clerk.browser_e26c71_5.63.5-snapshot.v20250502111227.js -> /output/framework_clerk.browser_e26c71_5.63.5-snapshot.v20250502111227.js.sri
2025/06/29 13:30:47 algorithm: run /usr/bin/brotli --quality=11 --output=/output/framework_clerk.browser_e26c71_5.63.5-snapshot.v20250502111227.js.br /tmp/work/dist/framework_clerk.browser_e26c71_5.63.5-snapshot.v20250502111227.js
2025/06/29 13:30:47 sri /tmp/work/dist/framework_clerk.legacy.browser_2f30cc_5.63.5-snapshot.v20250502111227.min.js -> /output/framework_clerk.legacy.browser_2f30cc_5.63.5-snapshot.v20250502111227.min.js.sri
2025/06/29 13:30:47 algorithm: run /usr/bin/brotli --quality=11 --output=/output/framework_clerk.legacy.browser_2f30cc_5.63.5-snapshot.v20250502111227.min.js.br /tmp/work/dist/framework_clerk.legacy.browser_2f30cc_5.63.5-snapshot.v20250502111227.min.js
2025/06/29 13:30:47 br /tmp/work/dist/framework_clerk.chips.browser_1fe980_5.63.5-snapshot.v20250502111227.min.js -> /output/framework_clerk.chips.browser_1fe980_5.63.5-snapshot.v20250502111227.min.js.br
2025/06/29 13:30:47 gz /tmp/work/dist/framework_clerk.chips.browser_1fe980_5.63.5-snapshot.v20250502111227.min.js -> /output/framework_clerk.chips.browser_1fe980_5.63.5-snapshot.v20250502111227.min.js.gz
2025/06/29 13:30:47 sri /tmp/work/dist/framework_clerk.chips.browser_1fe980_5.63.5-snapshot.v20250502111227.js -> /output/framework_clerk.chips.browser_1fe980_5.63.5-snapshot.v20250502111227.js.sri
2025/06/29 13:30:47 algorithm: run /usr/bin/brotli --quality=11 --output=/output/framework_clerk.chips.browser_1fe980_5.63.5-snapshot.v20250502111227.js.br /tmp/work/dist/framework_clerk.chips.browser_1fe980_5.63.5-snapshot.v20250502111227.js
2025/06/29 13:30:47 br /tmp/work/dist/framework_clerk.browser_e26c71_5.63.5-snapshot.v20250502111227.js -> /output/framework_clerk.browser_e26c71_5.63.5-snapshot.v20250502111227.js.br
2025/06/29 13:30:47 gz /tmp/work/dist/framework_clerk.browser_e26c71_5.63.5-snapshot.v20250502111227.js -> /output/framework_clerk.browser_e26c71_5.63.5-snapshot.v20250502111227.js.gz
2025/06/29 13:30:47 compress: run /node_modules/uglify-js/bin/uglifyjs (3.15.4) [--mangle --compress if_return=true -o /tmp/work/dist/paymentSources_clerk.browser_e26c71_5.63.5-snapshot.v20250502111227.min.js /tmp/work/dist/paymentSources_clerk.browser_e26c71_5.63.5-snapshot.v20250502111227.js]
2025/06/29 13:30:48 br /tmp/work/dist/framework_clerk.legacy.browser_2f30cc_5.63.5-snapshot.v20250502111227.min.js -> /output/framework_clerk.legacy.browser_2f30cc_5.63.5-snapshot.v20250502111227.min.js.br
2025/06/29 13:30:48 gz /tmp/work/dist/framework_clerk.legacy.browser_2f30cc_5.63.5-snapshot.v20250502111227.min.js -> /output/framework_clerk.legacy.browser_2f30cc_5.63.5-snapshot.v20250502111227.min.js.gz
2025/06/29 13:30:48 sri /tmp/work/dist/framework_clerk.legacy.browser_2f30cc_5.63.5-snapshot.v20250502111227.js -> /output/framework_clerk.legacy.browser_2f30cc_5.63.5-snapshot.v20250502111227.js.sri
2025/06/29 13:30:48 algorithm: run /usr/bin/brotli --quality=11 --output=/output/framework_clerk.legacy.browser_2f30cc_5.63.5-snapshot.v20250502111227.js.br /tmp/work/dist/framework_clerk.legacy.browser_2f30cc_5.63.5-snapshot.v20250502111227.js
2025/06/29 13:30:48 sri /tmp/work/dist/organizationswitcher_clerk.browser_e26c71_5.63.5-snapshot.v20250502111227.min.js -> /output/organizationswitcher_clerk.browser_e26c71_5.63.5-snapshot.v20250502111227.min.js.sri
2025/06/29 13:30:48 algorithm: run /usr/bin/brotli --quality=11 --output=/output/organizationswitcher_clerk.browser_e26c71_5.63.5-snapshot.v20250502111227.min.js.br /tmp/work/dist/organizationswitcher_clerk.browser_e26c71_5.63.5-snapshot.v20250502111227.min.js
2025/06/29 13:30:48 br /tmp/work/dist/organizationswitcher_clerk.browser_e26c71_5.63.5-snapshot.v20250502111227.min.js -> /output/organizationswitcher_clerk.browser_e26c71_5.63.5-snapshot.v20250502111227.min.js.br
2025/06/29 13:30:48 gz /tmp/work/dist/organizationswitcher_clerk.browser_e26c71_5.63.5-snapshot.v20250502111227.min.js -> /output/organizationswitcher_clerk.browser_e26c71_5.63.5-snapshot.v20250502111227.min.js.gz
2025/06/29 13:30:48 sri /tmp/work/dist/organizationswitcher_clerk.browser_e26c71_5.63.5-snapshot.v20250502111227.js -> /output/organizationswitcher_clerk.browser_e26c71_5.63.5-snapshot.v20250502111227.js.sri
2025/06/29 13:30:48 algorithm: run /usr/bin/brotli --quality=11 --output=/output/organizationswitcher_clerk.browser_e26c71_5.63.5-snapshot.v20250502111227.js.br /tmp/work/dist/organizationswitcher_clerk.browser_e26c71_5.63.5-snapshot.v20250502111227.js
2025/06/29 13:30:48 br /tmp/work/dist/organizationswitcher_clerk.browser_e26c71_5.63.5-snapshot.v20250502111227.js -> /output/organizationswitcher_clerk.browser_e26c71_5.63.5-snapshot.v20250502111227.js.br
2025/06/29 13:30:48 gz /tmp/work/dist/organizationswitcher_clerk.browser_e26c71_5.63.5-snapshot.v20250502111227.js -> /output/organizationswitcher_clerk.browser_e26c71_5.63.5-snapshot.v20250502111227.js.gz
2025/06/29 13:30:48 compress: run /node_modules/uglify-js/bin/uglifyjs (3.15.4) [--mangle --compress if_return=true -o /tmp/work/dist/paymentSources_clerk.chips.browser_1fe980_5.63.5-snapshot.v20250502111227.min.js /tmp/work/dist/paymentSources_clerk.chips.browser_1fe980_5.63.5-snapshot.v20250502111227.js]
2025/06/29 13:30:48 br /tmp/work/dist/framework_clerk.chips.browser_1fe980_5.63.5-snapshot.v20250502111227.js -> /output/framework_clerk.chips.browser_1fe980_5.63.5-snapshot.v20250502111227.js.br
2025/06/29 13:30:48 gz /tmp/work/dist/framework_clerk.chips.browser_1fe980_5.63.5-snapshot.v20250502111227.js -> /output/framework_clerk.chips.browser_1fe980_5.63.5-snapshot.v20250502111227.js.gz
2025/06/29 13:30:48 compress: run /node_modules/uglify-js/bin/uglifyjs (3.15.4) [--mangle --compress if_return=true -o /tmp/work/dist/paymentSources_clerk.legacy.browser_2f30cc_5.63.5-snapshot.v20250502111227.min.js /tmp/work/dist/paymentSources_clerk.legacy.browser_2f30cc_5.63.5-snapshot.v20250502111227.js]
2025/06/29 13:30:48 sri /tmp/work/dist/organizationswitcher_clerk.chips.browser_1fe980_5.63.5-snapshot.v20250502111227.min.js -> /output/organizationswitcher_clerk.chips.browser_1fe980_5.63.5-snapshot.v20250502111227.min.js.sri
2025/06/29 13:30:48 algorithm: run /usr/bin/brotli --quality=11 --output=/output/organizationswitcher_clerk.chips.browser_1fe980_5.63.5-snapshot.v20250502111227.min.js.br /tmp/work/dist/organizationswitcher_clerk.chips.browser_1fe980_5.63.5-snapshot.v20250502111227.min.js
2025/06/29 13:30:48 br /tmp/work/dist/organizationswitcher_clerk.chips.browser_1fe980_5.63.5-snapshot.v20250502111227.min.js -> /output/organizationswitcher_clerk.chips.browser_1fe980_5.63.5-snapshot.v20250502111227.min.js.br
2025/06/29 13:30:48 gz /tmp/work/dist/organizationswitcher_clerk.chips.browser_1fe980_5.63.5-snapshot.v20250502111227.min.js -> /output/organizationswitcher_clerk.chips.browser_1fe980_5.63.5-snapshot.v20250502111227.min.js.gz
2025/06/29 13:30:48 sri /tmp/work/dist/organizationswitcher_clerk.chips.browser_1fe980_5.63.5-snapshot.v20250502111227.js -> /output/organizationswitcher_clerk.chips.browser_1fe980_5.63.5-snapshot.v20250502111227.js.sri
2025/06/29 13:30:48 algorithm: run /usr/bin/brotli --quality=11 --output=/output/organizationswitcher_clerk.chips.browser_1fe980_5.63.5-snapshot.v20250502111227.js.br /tmp/work/dist/organizationswitcher_clerk.chips.browser_1fe980_5.63.5-snapshot.v20250502111227.js
2025/06/29 13:30:48 br /tmp/work/dist/organizationswitcher_clerk.chips.browser_1fe980_5.63.5-snapshot.v20250502111227.js -> /output/organizationswitcher_clerk.chips.browser_1fe980_5.63.5-snapshot.v20250502111227.js.br
2025/06/29 13:30:48 gz /tmp/work/dist/organizationswitcher_clerk.chips.browser_1fe980_5.63.5-snapshot.v20250502111227.js -> /output/organizationswitcher_clerk.chips.browser_1fe980_5.63.5-snapshot.v20250502111227.js.gz
2025/06/29 13:30:48 compress: run /node_modules/uglify-js/bin/uglifyjs (3.15.4) [--mangle --compress if_return=true -o /tmp/work/dist/planDetails_clerk.browser_e26c71_5.63.5-snapshot.v20250502111227.min.js /tmp/work/dist/planDetails_clerk.browser_e26c71_5.63.5-snapshot.v20250502111227.js]
2025/06/29 13:30:48 sri /tmp/work/dist/organizationswitcher_clerk.legacy.browser_2f30cc_5.63.5-snapshot.v20250502111227.min.js -> /output/organizationswitcher_clerk.legacy.browser_2f30cc_5.63.5-snapshot.v20250502111227.min.js.sri
2025/06/29 13:30:48 algorithm: run /usr/bin/brotli --quality=11 --output=/output/organizationswitcher_clerk.legacy.browser_2f30cc_5.63.5-snapshot.v20250502111227.min.js.br /tmp/work/dist/organizationswitcher_clerk.legacy.browser_2f30cc_5.63.5-snapshot.v20250502111227.min.js
2025/06/29 13:30:48 br /tmp/work/dist/organizationswitcher_clerk.legacy.browser_2f30cc_5.63.5-snapshot.v20250502111227.min.js -> /output/organizationswitcher_clerk.legacy.browser_2f30cc_5.63.5-snapshot.v20250502111227.min.js.br
2025/06/29 13:30:48 gz /tmp/work/dist/organizationswitcher_clerk.legacy.browser_2f30cc_5.63.5-snapshot.v20250502111227.min.js -> /output/organizationswitcher_clerk.legacy.browser_2f30cc_5.63.5-snapshot.v20250502111227.min.js.gz
2025/06/29 13:30:48 sri /tmp/work/dist/organizationswitcher_clerk.legacy.browser_2f30cc_5.63.5-snapshot.v20250502111227.js -> /output/organizationswitcher_clerk.legacy.browser_2f30cc_5.63.5-snapshot.v20250502111227.js.sri
2025/06/29 13:30:48 algorithm: run /usr/bin/brotli --quality=11 --output=/output/organizationswitcher_clerk.legacy.browser_2f30cc_5.63.5-snapshot.v20250502111227.js.br /tmp/work/dist/organizationswitcher_clerk.legacy.browser_2f30cc_5.63.5-snapshot.v20250502111227.js
2025/06/29 13:30:48 br /tmp/work/dist/organizationswitcher_clerk.legacy.browser_2f30cc_5.63.5-snapshot.v20250502111227.js -> /output/organizationswitcher_clerk.legacy.browser_2f30cc_5.63.5-snapshot.v20250502111227.js.br
2025/06/29 13:30:48 gz /tmp/work/dist/organizationswitcher_clerk.legacy.browser_2f30cc_5.63.5-snapshot.v20250502111227.js -> /output/organizationswitcher_clerk.legacy.browser_2f30cc_5.63.5-snapshot.v20250502111227.js.gz
2025/06/29 13:30:48 compress: run /node_modules/uglify-js/bin/uglifyjs (3.15.4) [--mangle --compress if_return=true -o /tmp/work/dist/planDetails_clerk.chips.browser_1fe980_5.63.5-snapshot.v20250502111227.min.js /tmp/work/dist/planDetails_clerk.chips.browser_1fe980_5.63.5-snapshot.v20250502111227.js]
2025/06/29 13:30:48 br /tmp/work/dist/framework_clerk.legacy.browser_2f30cc_5.63.5-snapshot.v20250502111227.js -> /output/framework_clerk.legacy.browser_2f30cc_5.63.5-snapshot.v20250502111227.js.br
2025/06/29 13:30:48 gz /tmp/work/dist/framework_clerk.legacy.browser_2f30cc_5.63.5-snapshot.v20250502111227.js -> /output/framework_clerk.legacy.browser_2f30cc_5.63.5-snapshot.v20250502111227.js.gz
2025/06/29 13:30:48 compress: run /node_modules/uglify-js/bin/uglifyjs (3.15.4) [--mangle --compress if_return=true -o /tmp/work/dist/planDetails_clerk.legacy.browser_2f30cc_5.63.5-snapshot.v20250502111227.min.js /tmp/work/dist/planDetails_clerk.legacy.browser_2f30cc_5.63.5-snapshot.v20250502111227.js]
2025/06/29 13:30:48 sri /tmp/work/dist/planDetails_clerk.browser_e26c71_5.63.5-snapshot.v20250502111227.min.js -> /output/planDetails_clerk.browser_e26c71_5.63.5-snapshot.v20250502111227.min.js.sri
2025/06/29 13:30:48 algorithm: run /usr/bin/brotli --quality=11 --output=/output/planDetails_clerk.browser_e26c71_5.63.5-snapshot.v20250502111227.min.js.br /tmp/work/dist/planDetails_clerk.browser_e26c71_5.63.5-snapshot.v20250502111227.min.js
2025/06/29 13:30:48 br /tmp/work/dist/planDetails_clerk.browser_e26c71_5.63.5-snapshot.v20250502111227.min.js -> /output/planDetails_clerk.browser_e26c71_5.63.5-snapshot.v20250502111227.min.js.br
2025/06/29 13:30:48 gz /tmp/work/dist/planDetails_clerk.browser_e26c71_5.63.5-snapshot.v20250502111227.min.js -> /output/planDetails_clerk.browser_e26c71_5.63.5-snapshot.v20250502111227.min.js.gz
2025/06/29 13:30:48 sri /tmp/work/dist/planDetails_clerk.browser_e26c71_5.63.5-snapshot.v20250502111227.js -> /output/planDetails_clerk.browser_e26c71_5.63.5-snapshot.v20250502111227.js.sri
2025/06/29 13:30:48 algorithm: run /usr/bin/brotli --quality=11 --output=/output/planDetails_clerk.browser_e26c71_5.63.5-snapshot.v20250502111227.js.br /tmp/work/dist/planDetails_clerk.browser_e26c71_5.63.5-snapshot.v20250502111227.js
2025/06/29 13:30:48 br /tmp/work/dist/planDetails_clerk.browser_e26c71_5.63.5-snapshot.v20250502111227.js -> /output/planDetails_clerk.browser_e26c71_5.63.5-snapshot.v20250502111227.js.br
2025/06/29 13:30:48 gz /tmp/work/dist/planDetails_clerk.browser_e26c71_5.63.5-snapshot.v20250502111227.js -> /output/planDetails_clerk.browser_e26c71_5.63.5-snapshot.v20250502111227.js.gz
2025/06/29 13:30:48 compress: run /node_modules/uglify-js/bin/uglifyjs (3.15.4) [--mangle --compress if_return=true -o /tmp/work/dist/prefetchorganizationlist_clerk.browser_e26c71_5.63.5-snapshot.v20250502111227.min.js /tmp/work/dist/prefetchorganizationlist_clerk.browser_e26c71_5.63.5-snapshot.v20250502111227.js]
2025/06/29 13:30:49 sri /tmp/work/dist/planDetails_clerk.chips.browser_1fe980_5.63.5-snapshot.v20250502111227.min.js -> /output/planDetails_clerk.chips.browser_1fe980_5.63.5-snapshot.v20250502111227.min.js.sri
2025/06/29 13:30:49 algorithm: run /usr/bin/brotli --quality=11 --output=/output/planDetails_clerk.chips.browser_1fe980_5.63.5-snapshot.v20250502111227.min.js.br /tmp/work/dist/planDetails_clerk.chips.browser_1fe980_5.63.5-snapshot.v20250502111227.min.js
2025/06/29 13:30:49 br /tmp/work/dist/planDetails_clerk.chips.browser_1fe980_5.63.5-snapshot.v20250502111227.min.js -> /output/planDetails_clerk.chips.browser_1fe980_5.63.5-snapshot.v20250502111227.min.js.br
2025/06/29 13:30:49 gz /tmp/work/dist/planDetails_clerk.chips.browser_1fe980_5.63.5-snapshot.v20250502111227.min.js -> /output/planDetails_clerk.chips.browser_1fe980_5.63.5-snapshot.v20250502111227.min.js.gz
2025/06/29 13:30:49 sri /tmp/work/dist/planDetails_clerk.chips.browser_1fe980_5.63.5-snapshot.v20250502111227.js -> /output/planDetails_clerk.chips.browser_1fe980_5.63.5-snapshot.v20250502111227.js.sri
2025/06/29 13:30:49 algorithm: run /usr/bin/brotli --quality=11 --output=/output/planDetails_clerk.chips.browser_1fe980_5.63.5-snapshot.v20250502111227.js.br /tmp/work/dist/planDetails_clerk.chips.browser_1fe980_5.63.5-snapshot.v20250502111227.js
2025/06/29 13:30:49 br /tmp/work/dist/planDetails_clerk.chips.browser_1fe980_5.63.5-snapshot.v20250502111227.js -> /output/planDetails_clerk.chips.browser_1fe980_5.63.5-snapshot.v20250502111227.js.br
2025/06/29 13:30:49 gz /tmp/work/dist/planDetails_clerk.chips.browser_1fe980_5.63.5-snapshot.v20250502111227.js -> /output/planDetails_clerk.chips.browser_1fe980_5.63.5-snapshot.v20250502111227.js.gz
2025/06/29 13:30:49 compress: run /node_modules/uglify-js/bin/uglifyjs (3.15.4) [--mangle --compress if_return=true -o /tmp/work/dist/prefetchorganizationlist_clerk.chips.browser_1fe980_5.63.5-snapshot.v20250502111227.min.js /tmp/work/dist/prefetchorganizationlist_clerk.chips.browser_1fe980_5.63.5-snapshot.v20250502111227.js]
2025/06/29 13:30:49 sri /tmp/work/dist/planDetails_clerk.legacy.browser_2f30cc_5.63.5-snapshot.v20250502111227.min.js -> /output/planDetails_clerk.legacy.browser_2f30cc_5.63.5-snapshot.v20250502111227.min.js.sri
2025/06/29 13:30:49 algorithm: run /usr/bin/brotli --quality=11 --output=/output/planDetails_clerk.legacy.browser_2f30cc_5.63.5-snapshot.v20250502111227.min.js.br /tmp/work/dist/planDetails_clerk.legacy.browser_2f30cc_5.63.5-snapshot.v20250502111227.min.js
2025/06/29 13:30:49 br /tmp/work/dist/planDetails_clerk.legacy.browser_2f30cc_5.63.5-snapshot.v20250502111227.min.js -> /output/planDetails_clerk.legacy.browser_2f30cc_5.63.5-snapshot.v20250502111227.min.js.br
2025/06/29 13:30:49 gz /tmp/work/dist/planDetails_clerk.legacy.browser_2f30cc_5.63.5-snapshot.v20250502111227.min.js -> /output/planDetails_clerk.legacy.browser_2f30cc_5.63.5-snapshot.v20250502111227.min.js.gz
2025/06/29 13:30:49 sri /tmp/work/dist/planDetails_clerk.legacy.browser_2f30cc_5.63.5-snapshot.v20250502111227.js -> /output/planDetails_clerk.legacy.browser_2f30cc_5.63.5-snapshot.v20250502111227.js.sri
2025/06/29 13:30:49 algorithm: run /usr/bin/brotli --quality=11 --output=/output/planDetails_clerk.legacy.browser_2f30cc_5.63.5-snapshot.v20250502111227.js.br /tmp/work/dist/planDetails_clerk.legacy.browser_2f30cc_5.63.5-snapshot.v20250502111227.js
2025/06/29 13:30:49 sri /tmp/work/dist/prefetchorganizationlist_clerk.browser_e26c71_5.63.5-snapshot.v20250502111227.min.js -> /output/prefetchorganizationlist_clerk.browser_e26c71_5.63.5-snapshot.v20250502111227.min.js.sri
2025/06/29 13:30:49 algorithm: run /usr/bin/brotli --quality=11 --output=/output/prefetchorganizationlist_clerk.browser_e26c71_5.63.5-snapshot.v20250502111227.min.js.br /tmp/work/dist/prefetchorganizationlist_clerk.browser_e26c71_5.63.5-snapshot.v20250502111227.min.js
2025/06/29 13:30:49 br /tmp/work/dist/prefetchorganizationlist_clerk.browser_e26c71_5.63.5-snapshot.v20250502111227.min.js -> /output/prefetchorganizationlist_clerk.browser_e26c71_5.63.5-snapshot.v20250502111227.min.js.br
2025/06/29 13:30:49 gz /tmp/work/dist/prefetchorganizationlist_clerk.browser_e26c71_5.63.5-snapshot.v20250502111227.min.js -> /output/prefetchorganizationlist_clerk.browser_e26c71_5.63.5-snapshot.v20250502111227.min.js.gz
2025/06/29 13:30:49 sri /tmp/work/dist/prefetchorganizationlist_clerk.browser_e26c71_5.63.5-snapshot.v20250502111227.js -> /output/prefetchorganizationlist_clerk.browser_e26c71_5.63.5-snapshot.v20250502111227.js.sri
2025/06/29 13:30:49 algorithm: run /usr/bin/brotli --quality=11 --output=/output/prefetchorganizationlist_clerk.browser_e26c71_5.63.5-snapshot.v20250502111227.js.br /tmp/work/dist/prefetchorganizationlist_clerk.browser_e26c71_5.63.5-snapshot.v20250502111227.js
2025/06/29 13:30:49 br /tmp/work/dist/prefetchorganizationlist_clerk.browser_e26c71_5.63.5-snapshot.v20250502111227.js -> /output/prefetchorganizationlist_clerk.browser_e26c71_5.63.5-snapshot.v20250502111227.js.br
2025/06/29 13:30:49 gz /tmp/work/dist/prefetchorganizationlist_clerk.browser_e26c71_5.63.5-snapshot.v20250502111227.js -> /output/prefetchorganizationlist_clerk.browser_e26c71_5.63.5-snapshot.v20250502111227.js.gz
2025/06/29 13:30:49 compress: run /node_modules/uglify-js/bin/uglifyjs (3.15.4) [--mangle --compress if_return=true -o /tmp/work/dist/prefetchorganizationlist_clerk.legacy.browser_2f30cc_5.63.5-snapshot.v20250502111227.min.js /tmp/work/dist/prefetchorganizationlist_clerk.legacy.browser_2f30cc_5.63.5-snapshot.v20250502111227.js]
2025/06/29 13:30:49 br /tmp/work/dist/planDetails_clerk.legacy.browser_2f30cc_5.63.5-snapshot.v20250502111227.js -> /output/planDetails_clerk.legacy.browser_2f30cc_5.63.5-snapshot.v20250502111227.js.br
2025/06/29 13:30:49 gz /tmp/work/dist/planDetails_clerk.legacy.browser_2f30cc_5.63.5-snapshot.v20250502111227.js -> /output/planDetails_clerk.legacy.browser_2f30cc_5.63.5-snapshot.v20250502111227.js.gz
2025/06/29 13:30:49 compress: run /node_modules/uglify-js/bin/uglifyjs (3.15.4) [--mangle --compress if_return=true -o /tmp/work/dist/pricingTable_clerk.browser_e26c71_5.63.5-snapshot.v20250502111227.min.js /tmp/work/dist/pricingTable_clerk.browser_e26c71_5.63.5-snapshot.v20250502111227.js]
2025/06/29 13:30:49 sri /tmp/work/dist/prefetchorganizationlist_clerk.chips.browser_1fe980_5.63.5-snapshot.v20250502111227.min.js -> /output/prefetchorganizationlist_clerk.chips.browser_1fe980_5.63.5-snapshot.v20250502111227.min.js.sri
2025/06/29 13:30:49 algorithm: run /usr/bin/brotli --quality=11 --output=/output/prefetchorganizationlist_clerk.chips.browser_1fe980_5.63.5-snapshot.v20250502111227.min.js.br /tmp/work/dist/prefetchorganizationlist_clerk.chips.browser_1fe980_5.63.5-snapshot.v20250502111227.min.js
2025/06/29 13:30:49 br /tmp/work/dist/prefetchorganizationlist_clerk.chips.browser_1fe980_5.63.5-snapshot.v20250502111227.min.js -> /output/prefetchorganizationlist_clerk.chips.browser_1fe980_5.63.5-snapshot.v20250502111227.min.js.br
2025/06/29 13:30:49 gz /tmp/work/dist/prefetchorganizationlist_clerk.chips.browser_1fe980_5.63.5-snapshot.v20250502111227.min.js -> /output/prefetchorganizationlist_clerk.chips.browser_1fe980_5.63.5-snapshot.v20250502111227.min.js.gz
2025/06/29 13:30:49 sri /tmp/work/dist/prefetchorganizationlist_clerk.chips.browser_1fe980_5.63.5-snapshot.v20250502111227.js -> /output/prefetchorganizationlist_clerk.chips.browser_1fe980_5.63.5-snapshot.v20250502111227.js.sri
2025/06/29 13:30:49 algorithm: run /usr/bin/brotli --quality=11 --output=/output/prefetchorganizationlist_clerk.chips.browser_1fe980_5.63.5-snapshot.v20250502111227.js.br /tmp/work/dist/prefetchorganizationlist_clerk.chips.browser_1fe980_5.63.5-snapshot.v20250502111227.js
2025/06/29 13:30:49 br /tmp/work/dist/prefetchorganizationlist_clerk.chips.browser_1fe980_5.63.5-snapshot.v20250502111227.js -> /output/prefetchorganizationlist_clerk.chips.browser_1fe980_5.63.5-snapshot.v20250502111227.js.br
2025/06/29 13:30:49 gz /tmp/work/dist/prefetchorganizationlist_clerk.chips.browser_1fe980_5.63.5-snapshot.v20250502111227.js -> /output/prefetchorganizationlist_clerk.chips.browser_1fe980_5.63.5-snapshot.v20250502111227.js.gz
2025/06/29 13:30:49 compress: run /node_modules/uglify-js/bin/uglifyjs (3.15.4) [--mangle --compress if_return=true -o /tmp/work/dist/pricingTable_clerk.chips.browser_1fe980_5.63.5-snapshot.v20250502111227.min.js /tmp/work/dist/pricingTable_clerk.chips.browser_1fe980_5.63.5-snapshot.v20250502111227.js]
2025/06/29 13:30:49 sri /tmp/work/dist/pricingTable_clerk.browser_e26c71_5.63.5-snapshot.v20250502111227.min.js -> /output/pricingTable_clerk.browser_e26c71_5.63.5-snapshot.v20250502111227.min.js.sri
2025/06/29 13:30:49 algorithm: run /usr/bin/brotli --quality=11 --output=/output/pricingTable_clerk.browser_e26c71_5.63.5-snapshot.v20250502111227.min.js.br /tmp/work/dist/pricingTable_clerk.browser_e26c71_5.63.5-snapshot.v20250502111227.min.js
2025/06/29 13:30:49 br /tmp/work/dist/pricingTable_clerk.browser_e26c71_5.63.5-snapshot.v20250502111227.min.js -> /output/pricingTable_clerk.browser_e26c71_5.63.5-snapshot.v20250502111227.min.js.br
2025/06/29 13:30:49 gz /tmp/work/dist/pricingTable_clerk.browser_e26c71_5.63.5-snapshot.v20250502111227.min.js -> /output/pricingTable_clerk.browser_e26c71_5.63.5-snapshot.v20250502111227.min.js.gz
2025/06/29 13:30:49 sri /tmp/work/dist/pricingTable_clerk.browser_e26c71_5.63.5-snapshot.v20250502111227.js -> /output/pricingTable_clerk.browser_e26c71_5.63.5-snapshot.v20250502111227.js.sri
2025/06/29 13:30:49 algorithm: run /usr/bin/brotli --quality=11 --output=/output/pricingTable_clerk.browser_e26c71_5.63.5-snapshot.v20250502111227.js.br /tmp/work/dist/pricingTable_clerk.browser_e26c71_5.63.5-snapshot.v20250502111227.js
2025/06/29 13:30:49 br /tmp/work/dist/pricingTable_clerk.browser_e26c71_5.63.5-snapshot.v20250502111227.js -> /output/pricingTable_clerk.browser_e26c71_5.63.5-snapshot.v20250502111227.js.br
2025/06/29 13:30:49 gz /tmp/work/dist/pricingTable_clerk.browser_e26c71_5.63.5-snapshot.v20250502111227.js -> /output/pricingTable_clerk.browser_e26c71_5.63.5-snapshot.v20250502111227.js.gz
2025/06/29 13:30:49 compress: run /node_modules/uglify-js/bin/uglifyjs (3.15.4) [--mangle --compress if_return=true -o /tmp/work/dist/pricingTable_clerk.legacy.browser_2f30cc_5.63.5-snapshot.v20250502111227.min.js /tmp/work/dist/pricingTable_clerk.legacy.browser_2f30cc_5.63.5-snapshot.v20250502111227.js]
2025/06/29 13:30:49 sri /tmp/work/dist/paymentSources_clerk.browser_e26c71_5.63.5-snapshot.v20250502111227.min.js -> /output/paymentSources_clerk.browser_e26c71_5.63.5-snapshot.v20250502111227.min.js.sri
2025/06/29 13:30:49 algorithm: run /usr/bin/brotli --quality=11 --output=/output/paymentSources_clerk.browser_e26c71_5.63.5-snapshot.v20250502111227.min.js.br /tmp/work/dist/paymentSources_clerk.browser_e26c71_5.63.5-snapshot.v20250502111227.min.js
2025/06/29 13:30:49 sri /tmp/work/dist/prefetchorganizationlist_clerk.legacy.browser_2f30cc_5.63.5-snapshot.v20250502111227.min.js -> /output/prefetchorganizationlist_clerk.legacy.browser_2f30cc_5.63.5-snapshot.v20250502111227.min.js.sri
2025/06/29 13:30:49 algorithm: run /usr/bin/brotli --quality=11 --output=/output/prefetchorganizationlist_clerk.legacy.browser_2f30cc_5.63.5-snapshot.v20250502111227.min.js.br /tmp/work/dist/prefetchorganizationlist_clerk.legacy.browser_2f30cc_5.63.5-snapshot.v20250502111227.min.js
2025/06/29 13:30:49 br /tmp/work/dist/prefetchorganizationlist_clerk.legacy.browser_2f30cc_5.63.5-snapshot.v20250502111227.min.js -> /output/prefetchorganizationlist_clerk.legacy.browser_2f30cc_5.63.5-snapshot.v20250502111227.min.js.br
2025/06/29 13:30:49 gz /tmp/work/dist/prefetchorganizationlist_clerk.legacy.browser_2f30cc_5.63.5-snapshot.v20250502111227.min.js -> /output/prefetchorganizationlist_clerk.legacy.browser_2f30cc_5.63.5-snapshot.v20250502111227.min.js.gz
2025/06/29 13:30:49 sri /tmp/work/dist/prefetchorganizationlist_clerk.legacy.browser_2f30cc_5.63.5-snapshot.v20250502111227.js -> /output/prefetchorganizationlist_clerk.legacy.browser_2f30cc_5.63.5-snapshot.v20250502111227.js.sri
2025/06/29 13:30:49 algorithm: run /usr/bin/brotli --quality=11 --output=/output/prefetchorganizationlist_clerk.legacy.browser_2f30cc_5.63.5-snapshot.v20250502111227.js.br /tmp/work/dist/prefetchorganizationlist_clerk.legacy.browser_2f30cc_5.63.5-snapshot.v20250502111227.js
2025/06/29 13:30:49 br /tmp/work/dist/prefetchorganizationlist_clerk.legacy.browser_2f30cc_5.63.5-snapshot.v20250502111227.js -> /output/prefetchorganizationlist_clerk.legacy.browser_2f30cc_5.63.5-snapshot.v20250502111227.js.br
2025/06/29 13:30:49 gz /tmp/work/dist/prefetchorganizationlist_clerk.legacy.browser_2f30cc_5.63.5-snapshot.v20250502111227.js -> /output/prefetchorganizationlist_clerk.legacy.browser_2f30cc_5.63.5-snapshot.v20250502111227.js.gz
2025/06/29 13:30:49 compress: run /node_modules/uglify-js/bin/uglifyjs (3.15.4) [--mangle --compress if_return=true -o /tmp/work/dist/sessionTasks_clerk.browser_e26c71_5.63.5-snapshot.v20250502111227.min.js /tmp/work/dist/sessionTasks_clerk.browser_e26c71_5.63.5-snapshot.v20250502111227.js]
2025/06/29 13:30:49 br /tmp/work/dist/paymentSources_clerk.browser_e26c71_5.63.5-snapshot.v20250502111227.min.js -> /output/paymentSources_clerk.browser_e26c71_5.63.5-snapshot.v20250502111227.min.js.br
2025/06/29 13:30:49 gz /tmp/work/dist/paymentSources_clerk.browser_e26c71_5.63.5-snapshot.v20250502111227.min.js -> /output/paymentSources_clerk.browser_e26c71_5.63.5-snapshot.v20250502111227.min.js.gz
2025/06/29 13:30:49 sri /tmp/work/dist/paymentSources_clerk.browser_e26c71_5.63.5-snapshot.v20250502111227.js -> /output/paymentSources_clerk.browser_e26c71_5.63.5-snapshot.v20250502111227.js.sri
2025/06/29 13:30:49 algorithm: run /usr/bin/brotli --quality=11 --output=/output/paymentSources_clerk.browser_e26c71_5.63.5-snapshot.v20250502111227.js.br /tmp/work/dist/paymentSources_clerk.browser_e26c71_5.63.5-snapshot.v20250502111227.js
2025/06/29 13:30:49 sri /tmp/work/dist/pricingTable_clerk.chips.browser_1fe980_5.63.5-snapshot.v20250502111227.min.js -> /output/pricingTable_clerk.chips.browser_1fe980_5.63.5-snapshot.v20250502111227.min.js.sri
2025/06/29 13:30:49 algorithm: run /usr/bin/brotli --quality=11 --output=/output/pricingTable_clerk.chips.browser_1fe980_5.63.5-snapshot.v20250502111227.min.js.br /tmp/work/dist/pricingTable_clerk.chips.browser_1fe980_5.63.5-snapshot.v20250502111227.min.js
2025/06/29 13:30:49 br /tmp/work/dist/pricingTable_clerk.chips.browser_1fe980_5.63.5-snapshot.v20250502111227.min.js -> /output/pricingTable_clerk.chips.browser_1fe980_5.63.5-snapshot.v20250502111227.min.js.br
2025/06/29 13:30:49 gz /tmp/work/dist/pricingTable_clerk.chips.browser_1fe980_5.63.5-snapshot.v20250502111227.min.js -> /output/pricingTable_clerk.chips.browser_1fe980_5.63.5-snapshot.v20250502111227.min.js.gz
2025/06/29 13:30:49 sri /tmp/work/dist/pricingTable_clerk.chips.browser_1fe980_5.63.5-snapshot.v20250502111227.js -> /output/pricingTable_clerk.chips.browser_1fe980_5.63.5-snapshot.v20250502111227.js.sri
2025/06/29 13:30:49 algorithm: run /usr/bin/brotli --quality=11 --output=/output/pricingTable_clerk.chips.browser_1fe980_5.63.5-snapshot.v20250502111227.js.br /tmp/work/dist/pricingTable_clerk.chips.browser_1fe980_5.63.5-snapshot.v20250502111227.js
2025/06/29 13:30:49 br /tmp/work/dist/pricingTable_clerk.chips.browser_1fe980_5.63.5-snapshot.v20250502111227.js -> /output/pricingTable_clerk.chips.browser_1fe980_5.63.5-snapshot.v20250502111227.js.br
2025/06/29 13:30:49 sri /tmp/work/dist/paymentSources_clerk.legacy.browser_2f30cc_5.63.5-snapshot.v20250502111227.min.js -> /output/paymentSources_clerk.legacy.browser_2f30cc_5.63.5-snapshot.v20250502111227.min.js.sri
2025/06/29 13:30:49 algorithm: run /usr/bin/brotli --quality=11 --output=/output/paymentSources_clerk.legacy.browser_2f30cc_5.63.5-snapshot.v20250502111227.min.js.br /tmp/work/dist/paymentSources_clerk.legacy.browser_2f30cc_5.63.5-snapshot.v20250502111227.min.js
2025/06/29 13:30:49 gz /tmp/work/dist/pricingTable_clerk.chips.browser_1fe980_5.63.5-snapshot.v20250502111227.js -> /output/pricingTable_clerk.chips.browser_1fe980_5.63.5-snapshot.v20250502111227.js.gz
2025/06/29 13:30:49 compress: run /node_modules/uglify-js/bin/uglifyjs (3.15.4) [--mangle --compress if_return=true -o /tmp/work/dist/sessionTasks_clerk.chips.browser_1fe980_5.63.5-snapshot.v20250502111227.min.js /tmp/work/dist/sessionTasks_clerk.chips.browser_1fe980_5.63.5-snapshot.v20250502111227.js]
2025/06/29 13:30:49 br /tmp/work/dist/paymentSources_clerk.browser_e26c71_5.63.5-snapshot.v20250502111227.js -> /output/paymentSources_clerk.browser_e26c71_5.63.5-snapshot.v20250502111227.js.br
2025/06/29 13:30:49 gz /tmp/work/dist/paymentSources_clerk.browser_e26c71_5.63.5-snapshot.v20250502111227.js -> /output/paymentSources_clerk.browser_e26c71_5.63.5-snapshot.v20250502111227.js.gz
2025/06/29 13:30:49 compress: run /node_modules/uglify-js/bin/uglifyjs (3.15.4) [--mangle --compress if_return=true -o /tmp/work/dist/sessionTasks_clerk.legacy.browser_2f30cc_5.63.5-snapshot.v20250502111227.min.js /tmp/work/dist/sessionTasks_clerk.legacy.browser_2f30cc_5.63.5-snapshot.v20250502111227.js]
2025/06/29 13:30:49 sri /tmp/work/dist/paymentSources_clerk.chips.browser_1fe980_5.63.5-snapshot.v20250502111227.min.js -> /output/paymentSources_clerk.chips.browser_1fe980_5.63.5-snapshot.v20250502111227.min.js.sri
2025/06/29 13:30:49 algorithm: run /usr/bin/brotli --quality=11 --output=/output/paymentSources_clerk.chips.browser_1fe980_5.63.5-snapshot.v20250502111227.min.js.br /tmp/work/dist/paymentSources_clerk.chips.browser_1fe980_5.63.5-snapshot.v20250502111227.min.js
2025/06/29 13:30:49 sri /tmp/work/dist/pricingTable_clerk.legacy.browser_2f30cc_5.63.5-snapshot.v20250502111227.min.js -> /output/pricingTable_clerk.legacy.browser_2f30cc_5.63.5-snapshot.v20250502111227.min.js.sri
2025/06/29 13:30:49 algorithm: run /usr/bin/brotli --quality=11 --output=/output/pricingTable_clerk.legacy.browser_2f30cc_5.63.5-snapshot.v20250502111227.min.js.br /tmp/work/dist/pricingTable_clerk.legacy.browser_2f30cc_5.63.5-snapshot.v20250502111227.min.js
2025/06/29 13:30:49 br /tmp/work/dist/pricingTable_clerk.legacy.browser_2f30cc_5.63.5-snapshot.v20250502111227.min.js -> /output/pricingTable_clerk.legacy.browser_2f30cc_5.63.5-snapshot.v20250502111227.min.js.br
2025/06/29 13:30:49 gz /tmp/work/dist/pricingTable_clerk.legacy.browser_2f30cc_5.63.5-snapshot.v20250502111227.min.js -> /output/pricingTable_clerk.legacy.browser_2f30cc_5.63.5-snapshot.v20250502111227.min.js.gz
2025/06/29 13:30:49 sri /tmp/work/dist/pricingTable_clerk.legacy.browser_2f30cc_5.63.5-snapshot.v20250502111227.js -> /output/pricingTable_clerk.legacy.browser_2f30cc_5.63.5-snapshot.v20250502111227.js.sri
2025/06/29 13:30:49 algorithm: run /usr/bin/brotli --quality=11 --output=/output/pricingTable_clerk.legacy.browser_2f30cc_5.63.5-snapshot.v20250502111227.js.br /tmp/work/dist/pricingTable_clerk.legacy.browser_2f30cc_5.63.5-snapshot.v20250502111227.js
2025/06/29 13:30:49 br /tmp/work/dist/pricingTable_clerk.legacy.browser_2f30cc_5.63.5-snapshot.v20250502111227.js -> /output/pricingTable_clerk.legacy.browser_2f30cc_5.63.5-snapshot.v20250502111227.js.br
2025/06/29 13:30:49 gz /tmp/work/dist/pricingTable_clerk.legacy.browser_2f30cc_5.63.5-snapshot.v20250502111227.js -> /output/pricingTable_clerk.legacy.browser_2f30cc_5.63.5-snapshot.v20250502111227.js.gz
2025/06/29 13:30:49 compress: run /node_modules/uglify-js/bin/uglifyjs (3.15.4) [--mangle --compress if_return=true -o /tmp/work/dist/signin_clerk.browser_e26c71_5.63.5-snapshot.v20250502111227.min.js /tmp/work/dist/signin_clerk.browser_e26c71_5.63.5-snapshot.v20250502111227.js]
2025/06/29 13:30:49 br /tmp/work/dist/paymentSources_clerk.legacy.browser_2f30cc_5.63.5-snapshot.v20250502111227.min.js -> /output/paymentSources_clerk.legacy.browser_2f30cc_5.63.5-snapshot.v20250502111227.min.js.br
2025/06/29 13:30:49 gz /tmp/work/dist/paymentSources_clerk.legacy.browser_2f30cc_5.63.5-snapshot.v20250502111227.min.js -> /output/paymentSources_clerk.legacy.browser_2f30cc_5.63.5-snapshot.v20250502111227.min.js.gz
2025/06/29 13:30:49 sri /tmp/work/dist/paymentSources_clerk.legacy.browser_2f30cc_5.63.5-snapshot.v20250502111227.js -> /output/paymentSources_clerk.legacy.browser_2f30cc_5.63.5-snapshot.v20250502111227.js.sri
2025/06/29 13:30:49 algorithm: run /usr/bin/brotli --quality=11 --output=/output/paymentSources_clerk.legacy.browser_2f30cc_5.63.5-snapshot.v20250502111227.js.br /tmp/work/dist/paymentSources_clerk.legacy.browser_2f30cc_5.63.5-snapshot.v20250502111227.js
2025/06/29 13:30:49 br /tmp/work/dist/paymentSources_clerk.chips.browser_1fe980_5.63.5-snapshot.v20250502111227.min.js -> /output/paymentSources_clerk.chips.browser_1fe980_5.63.5-snapshot.v20250502111227.min.js.br
2025/06/29 13:30:49 gz /tmp/work/dist/paymentSources_clerk.chips.browser_1fe980_5.63.5-snapshot.v20250502111227.min.js -> /output/paymentSources_clerk.chips.browser_1fe980_5.63.5-snapshot.v20250502111227.min.js.gz
2025/06/29 13:30:49 sri /tmp/work/dist/paymentSources_clerk.chips.browser_1fe980_5.63.5-snapshot.v20250502111227.js -> /output/paymentSources_clerk.chips.browser_1fe980_5.63.5-snapshot.v20250502111227.js.sri
2025/06/29 13:30:49 algorithm: run /usr/bin/brotli --quality=11 --output=/output/paymentSources_clerk.chips.browser_1fe980_5.63.5-snapshot.v20250502111227.js.br /tmp/work/dist/paymentSources_clerk.chips.browser_1fe980_5.63.5-snapshot.v20250502111227.js
2025/06/29 13:30:49 br /tmp/work/dist/paymentSources_clerk.legacy.browser_2f30cc_5.63.5-snapshot.v20250502111227.js -> /output/paymentSources_clerk.legacy.browser_2f30cc_5.63.5-snapshot.v20250502111227.js.br
2025/06/29 13:30:49 gz /tmp/work/dist/paymentSources_clerk.legacy.browser_2f30cc_5.63.5-snapshot.v20250502111227.js -> /output/paymentSources_clerk.legacy.browser_2f30cc_5.63.5-snapshot.v20250502111227.js.gz
2025/06/29 13:30:49 compress: run /node_modules/uglify-js/bin/uglifyjs (3.15.4) [--mangle --compress if_return=true -o /tmp/work/dist/signin_clerk.chips.browser_1fe980_5.63.5-snapshot.v20250502111227.min.js /tmp/work/dist/signin_clerk.chips.browser_1fe980_5.63.5-snapshot.v20250502111227.js]
2025/06/29 13:30:49 br /tmp/work/dist/paymentSources_clerk.chips.browser_1fe980_5.63.5-snapshot.v20250502111227.js -> /output/paymentSources_clerk.chips.browser_1fe980_5.63.5-snapshot.v20250502111227.js.br
2025/06/29 13:30:49 gz /tmp/work/dist/paymentSources_clerk.chips.browser_1fe980_5.63.5-snapshot.v20250502111227.js -> /output/paymentSources_clerk.chips.browser_1fe980_5.63.5-snapshot.v20250502111227.js.gz
2025/06/29 13:30:49 compress: run /node_modules/uglify-js/bin/uglifyjs (3.15.4) [--mangle --compress if_return=true -o /tmp/work/dist/signin_clerk.legacy.browser_2f30cc_5.63.5-snapshot.v20250502111227.min.js /tmp/work/dist/signin_clerk.legacy.browser_2f30cc_5.63.5-snapshot.v20250502111227.js]
2025/06/29 13:30:49 sri /tmp/work/dist/sessionTasks_clerk.browser_e26c71_5.63.5-snapshot.v20250502111227.min.js -> /output/sessionTasks_clerk.browser_e26c71_5.63.5-snapshot.v20250502111227.min.js.sri
2025/06/29 13:30:49 algorithm: run /usr/bin/brotli --quality=11 --output=/output/sessionTasks_clerk.browser_e26c71_5.63.5-snapshot.v20250502111227.min.js.br /tmp/work/dist/sessionTasks_clerk.browser_e26c71_5.63.5-snapshot.v20250502111227.min.js
2025/06/29 13:30:49 br /tmp/work/dist/sessionTasks_clerk.browser_e26c71_5.63.5-snapshot.v20250502111227.min.js -> /output/sessionTasks_clerk.browser_e26c71_5.63.5-snapshot.v20250502111227.min.js.br
2025/06/29 13:30:49 gz /tmp/work/dist/sessionTasks_clerk.browser_e26c71_5.63.5-snapshot.v20250502111227.min.js -> /output/sessionTasks_clerk.browser_e26c71_5.63.5-snapshot.v20250502111227.min.js.gz
2025/06/29 13:30:49 sri /tmp/work/dist/sessionTasks_clerk.browser_e26c71_5.63.5-snapshot.v20250502111227.js -> /output/sessionTasks_clerk.browser_e26c71_5.63.5-snapshot.v20250502111227.js.sri
2025/06/29 13:30:49 algorithm: run /usr/bin/brotli --quality=11 --output=/output/sessionTasks_clerk.browser_e26c71_5.63.5-snapshot.v20250502111227.js.br /tmp/work/dist/sessionTasks_clerk.browser_e26c71_5.63.5-snapshot.v20250502111227.js
2025/06/29 13:30:49 br /tmp/work/dist/sessionTasks_clerk.browser_e26c71_5.63.5-snapshot.v20250502111227.js -> /output/sessionTasks_clerk.browser_e26c71_5.63.5-snapshot.v20250502111227.js.br
2025/06/29 13:30:49 gz /tmp/work/dist/sessionTasks_clerk.browser_e26c71_5.63.5-snapshot.v20250502111227.js -> /output/sessionTasks_clerk.browser_e26c71_5.63.5-snapshot.v20250502111227.js.gz
2025/06/29 13:30:49 compress: run /node_modules/uglify-js/bin/uglifyjs (3.15.4) [--mangle --compress if_return=true -o /tmp/work/dist/signup_clerk.browser_e26c71_5.63.5-snapshot.v20250502111227.min.js /tmp/work/dist/signup_clerk.browser_e26c71_5.63.5-snapshot.v20250502111227.js]
2025/06/29 13:30:49 sri /tmp/work/dist/sessionTasks_clerk.chips.browser_1fe980_5.63.5-snapshot.v20250502111227.min.js -> /output/sessionTasks_clerk.chips.browser_1fe980_5.63.5-snapshot.v20250502111227.min.js.sri
2025/06/29 13:30:49 algorithm: run /usr/bin/brotli --quality=11 --output=/output/sessionTasks_clerk.chips.browser_1fe980_5.63.5-snapshot.v20250502111227.min.js.br /tmp/work/dist/sessionTasks_clerk.chips.browser_1fe980_5.63.5-snapshot.v20250502111227.min.js
2025/06/29 13:30:49 br /tmp/work/dist/sessionTasks_clerk.chips.browser_1fe980_5.63.5-snapshot.v20250502111227.min.js -> /output/sessionTasks_clerk.chips.browser_1fe980_5.63.5-snapshot.v20250502111227.min.js.br
2025/06/29 13:30:49 gz /tmp/work/dist/sessionTasks_clerk.chips.browser_1fe980_5.63.5-snapshot.v20250502111227.min.js -> /output/sessionTasks_clerk.chips.browser_1fe980_5.63.5-snapshot.v20250502111227.min.js.gz
2025/06/29 13:30:49 sri /tmp/work/dist/sessionTasks_clerk.chips.browser_1fe980_5.63.5-snapshot.v20250502111227.js -> /output/sessionTasks_clerk.chips.browser_1fe980_5.63.5-snapshot.v20250502111227.js.sri
2025/06/29 13:30:49 algorithm: run /usr/bin/brotli --quality=11 --output=/output/sessionTasks_clerk.chips.browser_1fe980_5.63.5-snapshot.v20250502111227.js.br /tmp/work/dist/sessionTasks_clerk.chips.browser_1fe980_5.63.5-snapshot.v20250502111227.js
2025/06/29 13:30:49 br /tmp/work/dist/sessionTasks_clerk.chips.browser_1fe980_5.63.5-snapshot.v20250502111227.js -> /output/sessionTasks_clerk.chips.browser_1fe980_5.63.5-snapshot.v20250502111227.js.br
2025/06/29 13:30:49 gz /tmp/work/dist/sessionTasks_clerk.chips.browser_1fe980_5.63.5-snapshot.v20250502111227.js -> /output/sessionTasks_clerk.chips.browser_1fe980_5.63.5-snapshot.v20250502111227.js.gz
2025/06/29 13:30:49 compress: run /node_modules/uglify-js/bin/uglifyjs (3.15.4) [--mangle --compress if_return=true -o /tmp/work/dist/signup_clerk.chips.browser_1fe980_5.63.5-snapshot.v20250502111227.min.js /tmp/work/dist/signup_clerk.chips.browser_1fe980_5.63.5-snapshot.v20250502111227.js]
2025/06/29 13:30:49 sri /tmp/work/dist/sessionTasks_clerk.legacy.browser_2f30cc_5.63.5-snapshot.v20250502111227.min.js -> /output/sessionTasks_clerk.legacy.browser_2f30cc_5.63.5-snapshot.v20250502111227.min.js.sri
2025/06/29 13:30:49 algorithm: run /usr/bin/brotli --quality=11 --output=/output/sessionTasks_clerk.legacy.browser_2f30cc_5.63.5-snapshot.v20250502111227.min.js.br /tmp/work/dist/sessionTasks_clerk.legacy.browser_2f30cc_5.63.5-snapshot.v20250502111227.min.js
2025/06/29 13:30:49 br /tmp/work/dist/sessionTasks_clerk.legacy.browser_2f30cc_5.63.5-snapshot.v20250502111227.min.js -> /output/sessionTasks_clerk.legacy.browser_2f30cc_5.63.5-snapshot.v20250502111227.min.js.br
2025/06/29 13:30:49 gz /tmp/work/dist/sessionTasks_clerk.legacy.browser_2f30cc_5.63.5-snapshot.v20250502111227.min.js -> /output/sessionTasks_clerk.legacy.browser_2f30cc_5.63.5-snapshot.v20250502111227.min.js.gz
2025/06/29 13:30:49 sri /tmp/work/dist/sessionTasks_clerk.legacy.browser_2f30cc_5.63.5-snapshot.v20250502111227.js -> /output/sessionTasks_clerk.legacy.browser_2f30cc_5.63.5-snapshot.v20250502111227.js.sri
2025/06/29 13:30:49 algorithm: run /usr/bin/brotli --quality=11 --output=/output/sessionTasks_clerk.legacy.browser_2f30cc_5.63.5-snapshot.v20250502111227.js.br /tmp/work/dist/sessionTasks_clerk.legacy.browser_2f30cc_5.63.5-snapshot.v20250502111227.js
2025/06/29 13:30:49 br /tmp/work/dist/sessionTasks_clerk.legacy.browser_2f30cc_5.63.5-snapshot.v20250502111227.js -> /output/sessionTasks_clerk.legacy.browser_2f30cc_5.63.5-snapshot.v20250502111227.js.br
2025/06/29 13:30:49 gz /tmp/work/dist/sessionTasks_clerk.legacy.browser_2f30cc_5.63.5-snapshot.v20250502111227.js -> /output/sessionTasks_clerk.legacy.browser_2f30cc_5.63.5-snapshot.v20250502111227.js.gz
2025/06/29 13:30:49 compress: run /node_modules/uglify-js/bin/uglifyjs (3.15.4) [--mangle --compress if_return=true -o /tmp/work/dist/signup_clerk.legacy.browser_2f30cc_5.63.5-snapshot.v20250502111227.min.js /tmp/work/dist/signup_clerk.legacy.browser_2f30cc_5.63.5-snapshot.v20250502111227.js]
2025/06/29 13:30:51 sri /tmp/work/dist/signup_clerk.browser_e26c71_5.63.5-snapshot.v20250502111227.min.js -> /output/signup_clerk.browser_e26c71_5.63.5-snapshot.v20250502111227.min.js.sri
2025/06/29 13:30:51 algorithm: run /usr/bin/brotli --quality=11 --output=/output/signup_clerk.browser_e26c71_5.63.5-snapshot.v20250502111227.min.js.br /tmp/work/dist/signup_clerk.browser_e26c71_5.63.5-snapshot.v20250502111227.min.js
2025/06/29 13:30:51 br /tmp/work/dist/signup_clerk.browser_e26c71_5.63.5-snapshot.v20250502111227.min.js -> /output/signup_clerk.browser_e26c71_5.63.5-snapshot.v20250502111227.min.js.br
2025/06/29 13:30:51 gz /tmp/work/dist/signup_clerk.browser_e26c71_5.63.5-snapshot.v20250502111227.min.js -> /output/signup_clerk.browser_e26c71_5.63.5-snapshot.v20250502111227.min.js.gz
2025/06/29 13:30:51 sri /tmp/work/dist/signup_clerk.browser_e26c71_5.63.5-snapshot.v20250502111227.js -> /output/signup_clerk.browser_e26c71_5.63.5-snapshot.v20250502111227.js.sri
2025/06/29 13:30:51 algorithm: run /usr/bin/brotli --quality=11 --output=/output/signup_clerk.browser_e26c71_5.63.5-snapshot.v20250502111227.js.br /tmp/work/dist/signup_clerk.browser_e26c71_5.63.5-snapshot.v20250502111227.js
2025/06/29 13:30:51 sri /tmp/work/dist/signup_clerk.chips.browser_1fe980_5.63.5-snapshot.v20250502111227.min.js -> /output/signup_clerk.chips.browser_1fe980_5.63.5-snapshot.v20250502111227.min.js.sri
2025/06/29 13:30:51 algorithm: run /usr/bin/brotli --quality=11 --output=/output/signup_clerk.chips.browser_1fe980_5.63.5-snapshot.v20250502111227.min.js.br /tmp/work/dist/signup_clerk.chips.browser_1fe980_5.63.5-snapshot.v20250502111227.min.js
2025/06/29 13:30:51 br /tmp/work/dist/signup_clerk.browser_e26c71_5.63.5-snapshot.v20250502111227.js -> /output/signup_clerk.browser_e26c71_5.63.5-snapshot.v20250502111227.js.br
2025/06/29 13:30:51 gz /tmp/work/dist/signup_clerk.browser_e26c71_5.63.5-snapshot.v20250502111227.js -> /output/signup_clerk.browser_e26c71_5.63.5-snapshot.v20250502111227.js.gz
2025/06/29 13:30:51 compress: run /node_modules/uglify-js/bin/uglifyjs (3.15.4) [--mangle --compress if_return=true -o /tmp/work/dist/ui-common_clerk.browser_e26c71_5.63.5-snapshot.v20250502111227.min.js /tmp/work/dist/ui-common_clerk.browser_e26c71_5.63.5-snapshot.v20250502111227.js]
2025/06/29 13:30:51 br /tmp/work/dist/signup_clerk.chips.browser_1fe980_5.63.5-snapshot.v20250502111227.min.js -> /output/signup_clerk.chips.browser_1fe980_5.63.5-snapshot.v20250502111227.min.js.br
2025/06/29 13:30:51 gz /tmp/work/dist/signup_clerk.chips.browser_1fe980_5.63.5-snapshot.v20250502111227.min.js -> /output/signup_clerk.chips.browser_1fe980_5.63.5-snapshot.v20250502111227.min.js.gz
2025/06/29 13:30:51 sri /tmp/work/dist/signup_clerk.chips.browser_1fe980_5.63.5-snapshot.v20250502111227.js -> /output/signup_clerk.chips.browser_1fe980_5.63.5-snapshot.v20250502111227.js.sri
2025/06/29 13:30:51 algorithm: run /usr/bin/brotli --quality=11 --output=/output/signup_clerk.chips.browser_1fe980_5.63.5-snapshot.v20250502111227.js.br /tmp/work/dist/signup_clerk.chips.browser_1fe980_5.63.5-snapshot.v20250502111227.js
2025/06/29 13:30:51 br /tmp/work/dist/signup_clerk.chips.browser_1fe980_5.63.5-snapshot.v20250502111227.js -> /output/signup_clerk.chips.browser_1fe980_5.63.5-snapshot.v20250502111227.js.br
2025/06/29 13:30:51 gz /tmp/work/dist/signup_clerk.chips.browser_1fe980_5.63.5-snapshot.v20250502111227.js -> /output/signup_clerk.chips.browser_1fe980_5.63.5-snapshot.v20250502111227.js.gz
2025/06/29 13:30:51 compress: run /node_modules/uglify-js/bin/uglifyjs (3.15.4) [--mangle --compress if_return=true -o /tmp/work/dist/ui-common_clerk.chips.browser_1fe980_5.63.5-snapshot.v20250502111227.min.js /tmp/work/dist/ui-common_clerk.chips.browser_1fe980_5.63.5-snapshot.v20250502111227.js]
2025/06/29 13:30:51 sri /tmp/work/dist/signup_clerk.legacy.browser_2f30cc_5.63.5-snapshot.v20250502111227.min.js -> /output/signup_clerk.legacy.browser_2f30cc_5.63.5-snapshot.v20250502111227.min.js.sri
2025/06/29 13:30:51 algorithm: run /usr/bin/brotli --quality=11 --output=/output/signup_clerk.legacy.browser_2f30cc_5.63.5-snapshot.v20250502111227.min.js.br /tmp/work/dist/signup_clerk.legacy.browser_2f30cc_5.63.5-snapshot.v20250502111227.min.js
2025/06/29 13:30:51 br /tmp/work/dist/signup_clerk.legacy.browser_2f30cc_5.63.5-snapshot.v20250502111227.min.js -> /output/signup_clerk.legacy.browser_2f30cc_5.63.5-snapshot.v20250502111227.min.js.br
2025/06/29 13:30:51 gz /tmp/work/dist/signup_clerk.legacy.browser_2f30cc_5.63.5-snapshot.v20250502111227.min.js -> /output/signup_clerk.legacy.browser_2f30cc_5.63.5-snapshot.v20250502111227.min.js.gz
2025/06/29 13:30:51 sri /tmp/work/dist/signup_clerk.legacy.browser_2f30cc_5.63.5-snapshot.v20250502111227.js -> /output/signup_clerk.legacy.browser_2f30cc_5.63.5-snapshot.v20250502111227.js.sri
2025/06/29 13:30:51 algorithm: run /usr/bin/brotli --quality=11 --output=/output/signup_clerk.legacy.browser_2f30cc_5.63.5-snapshot.v20250502111227.js.br /tmp/work/dist/signup_clerk.legacy.browser_2f30cc_5.63.5-snapshot.v20250502111227.js
2025/06/29 13:30:51 sri /tmp/work/dist/signin_clerk.browser_e26c71_5.63.5-snapshot.v20250502111227.min.js -> /output/signin_clerk.browser_e26c71_5.63.5-snapshot.v20250502111227.min.js.sri
2025/06/29 13:30:51 algorithm: run /usr/bin/brotli --quality=11 --output=/output/signin_clerk.browser_e26c71_5.63.5-snapshot.v20250502111227.min.js.br /tmp/work/dist/signin_clerk.browser_e26c71_5.63.5-snapshot.v20250502111227.min.js
2025/06/29 13:30:51 br /tmp/work/dist/signup_clerk.legacy.browser_2f30cc_5.63.5-snapshot.v20250502111227.js -> /output/signup_clerk.legacy.browser_2f30cc_5.63.5-snapshot.v20250502111227.js.br
2025/06/29 13:30:51 gz /tmp/work/dist/signup_clerk.legacy.browser_2f30cc_5.63.5-snapshot.v20250502111227.js -> /output/signup_clerk.legacy.browser_2f30cc_5.63.5-snapshot.v20250502111227.js.gz
2025/06/29 13:30:51 compress: run /node_modules/uglify-js/bin/uglifyjs (3.15.4) [--mangle --compress if_return=true -o /tmp/work/dist/ui-common_clerk.legacy.browser_2f30cc_5.63.5-snapshot.v20250502111227.min.js /tmp/work/dist/ui-common_clerk.legacy.browser_2f30cc_5.63.5-snapshot.v20250502111227.js]
2025/06/29 13:30:51 sri /tmp/work/dist/signin_clerk.chips.browser_1fe980_5.63.5-snapshot.v20250502111227.min.js -> /output/signin_clerk.chips.browser_1fe980_5.63.5-snapshot.v20250502111227.min.js.sri
2025/06/29 13:30:51 algorithm: run /usr/bin/brotli --quality=11 --output=/output/signin_clerk.chips.browser_1fe980_5.63.5-snapshot.v20250502111227.min.js.br /tmp/work/dist/signin_clerk.chips.browser_1fe980_5.63.5-snapshot.v20250502111227.min.js
2025/06/29 13:30:51 br /tmp/work/dist/signin_clerk.browser_e26c71_5.63.5-snapshot.v20250502111227.min.js -> /output/signin_clerk.browser_e26c71_5.63.5-snapshot.v20250502111227.min.js.br
2025/06/29 13:30:51 gz /tmp/work/dist/signin_clerk.browser_e26c71_5.63.5-snapshot.v20250502111227.min.js -> /output/signin_clerk.browser_e26c71_5.63.5-snapshot.v20250502111227.min.js.gz
2025/06/29 13:30:51 sri /tmp/work/dist/signin_clerk.browser_e26c71_5.63.5-snapshot.v20250502111227.js -> /output/signin_clerk.browser_e26c71_5.63.5-snapshot.v20250502111227.js.sri
2025/06/29 13:30:51 algorithm: run /usr/bin/brotli --quality=11 --output=/output/signin_clerk.browser_e26c71_5.63.5-snapshot.v20250502111227.js.br /tmp/work/dist/signin_clerk.browser_e26c71_5.63.5-snapshot.v20250502111227.js
2025/06/29 13:30:51 sri /tmp/work/dist/signin_clerk.legacy.browser_2f30cc_5.63.5-snapshot.v20250502111227.min.js -> /output/signin_clerk.legacy.browser_2f30cc_5.63.5-snapshot.v20250502111227.min.js.sri
2025/06/29 13:30:51 algorithm: run /usr/bin/brotli --quality=11 --output=/output/signin_clerk.legacy.browser_2f30cc_5.63.5-snapshot.v20250502111227.min.js.br /tmp/work/dist/signin_clerk.legacy.browser_2f30cc_5.63.5-snapshot.v20250502111227.min.js
2025/06/29 13:30:51 br /tmp/work/dist/signin_clerk.chips.browser_1fe980_5.63.5-snapshot.v20250502111227.min.js -> /output/signin_clerk.chips.browser_1fe980_5.63.5-snapshot.v20250502111227.min.js.br
2025/06/29 13:30:51 gz /tmp/work/dist/signin_clerk.chips.browser_1fe980_5.63.5-snapshot.v20250502111227.min.js -> /output/signin_clerk.chips.browser_1fe980_5.63.5-snapshot.v20250502111227.min.js.gz
2025/06/29 13:30:51 sri /tmp/work/dist/signin_clerk.chips.browser_1fe980_5.63.5-snapshot.v20250502111227.js -> /output/signin_clerk.chips.browser_1fe980_5.63.5-snapshot.v20250502111227.js.sri
2025/06/29 13:30:51 algorithm: run /usr/bin/brotli --quality=11 --output=/output/signin_clerk.chips.browser_1fe980_5.63.5-snapshot.v20250502111227.js.br /tmp/work/dist/signin_clerk.chips.browser_1fe980_5.63.5-snapshot.v20250502111227.js
2025/06/29 13:30:51 br /tmp/work/dist/signin_clerk.browser_e26c71_5.63.5-snapshot.v20250502111227.js -> /output/signin_clerk.browser_e26c71_5.63.5-snapshot.v20250502111227.js.br
2025/06/29 13:30:51 gz /tmp/work/dist/signin_clerk.browser_e26c71_5.63.5-snapshot.v20250502111227.js -> /output/signin_clerk.browser_e26c71_5.63.5-snapshot.v20250502111227.js.gz
2025/06/29 13:30:51 compress: run /node_modules/uglify-js/bin/uglifyjs (3.15.4) [--mangle --compress if_return=true -o /tmp/work/dist/up-billing-page_clerk.browser_e26c71_5.63.5-snapshot.v20250502111227.min.js /tmp/work/dist/up-billing-page_clerk.browser_e26c71_5.63.5-snapshot.v20250502111227.js]
2025/06/29 13:30:51 br /tmp/work/dist/signin_clerk.legacy.browser_2f30cc_5.63.5-snapshot.v20250502111227.min.js -> /output/signin_clerk.legacy.browser_2f30cc_5.63.5-snapshot.v20250502111227.min.js.br
2025/06/29 13:30:51 gz /tmp/work/dist/signin_clerk.legacy.browser_2f30cc_5.63.5-snapshot.v20250502111227.min.js -> /output/signin_clerk.legacy.browser_2f30cc_5.63.5-snapshot.v20250502111227.min.js.gz
2025/06/29 13:30:51 sri /tmp/work/dist/signin_clerk.legacy.browser_2f30cc_5.63.5-snapshot.v20250502111227.js -> /output/signin_clerk.legacy.browser_2f30cc_5.63.5-snapshot.v20250502111227.js.sri
2025/06/29 13:30:51 algorithm: run /usr/bin/brotli --quality=11 --output=/output/signin_clerk.legacy.browser_2f30cc_5.63.5-snapshot.v20250502111227.js.br /tmp/work/dist/signin_clerk.legacy.browser_2f30cc_5.63.5-snapshot.v20250502111227.js
2025/06/29 13:30:51 br /tmp/work/dist/signin_clerk.chips.browser_1fe980_5.63.5-snapshot.v20250502111227.js -> /output/signin_clerk.chips.browser_1fe980_5.63.5-snapshot.v20250502111227.js.br
2025/06/29 13:30:51 gz /tmp/work/dist/signin_clerk.chips.browser_1fe980_5.63.5-snapshot.v20250502111227.js -> /output/signin_clerk.chips.browser_1fe980_5.63.5-snapshot.v20250502111227.js.gz
2025/06/29 13:30:51 compress: run /node_modules/uglify-js/bin/uglifyjs (3.15.4) [--mangle --compress if_return=true -o /tmp/work/dist/up-billing-page_clerk.chips.browser_1fe980_5.63.5-snapshot.v20250502111227.min.js /tmp/work/dist/up-billing-page_clerk.chips.browser_1fe980_5.63.5-snapshot.v20250502111227.js]
2025/06/29 13:30:52 br /tmp/work/dist/signin_clerk.legacy.browser_2f30cc_5.63.5-snapshot.v20250502111227.js -> /output/signin_clerk.legacy.browser_2f30cc_5.63.5-snapshot.v20250502111227.js.br
2025/06/29 13:30:52 gz /tmp/work/dist/signin_clerk.legacy.browser_2f30cc_5.63.5-snapshot.v20250502111227.js -> /output/signin_clerk.legacy.browser_2f30cc_5.63.5-snapshot.v20250502111227.js.gz
2025/06/29 13:30:52 compress: run /node_modules/uglify-js/bin/uglifyjs (3.15.4) [--mangle --compress if_return=true -o /tmp/work/dist/up-billing-page_clerk.legacy.browser_2f30cc_5.63.5-snapshot.v20250502111227.min.js /tmp/work/dist/up-billing-page_clerk.legacy.browser_2f30cc_5.63.5-snapshot.v20250502111227.js]
2025/06/29 13:30:52 sri /tmp/work/dist/up-billing-page_clerk.browser_e26c71_5.63.5-snapshot.v20250502111227.min.js -> /output/up-billing-page_clerk.browser_e26c71_5.63.5-snapshot.v20250502111227.min.js.sri
2025/06/29 13:30:52 algorithm: run /usr/bin/brotli --quality=11 --output=/output/up-billing-page_clerk.browser_e26c71_5.63.5-snapshot.v20250502111227.min.js.br /tmp/work/dist/up-billing-page_clerk.browser_e26c71_5.63.5-snapshot.v20250502111227.min.js
2025/06/29 13:30:52 sri /tmp/work/dist/up-billing-page_clerk.chips.browser_1fe980_5.63.5-snapshot.v20250502111227.min.js -> /output/up-billing-page_clerk.chips.browser_1fe980_5.63.5-snapshot.v20250502111227.min.js.sri
2025/06/29 13:30:52 algorithm: run /usr/bin/brotli --quality=11 --output=/output/up-billing-page_clerk.chips.browser_1fe980_5.63.5-snapshot.v20250502111227.min.js.br /tmp/work/dist/up-billing-page_clerk.chips.browser_1fe980_5.63.5-snapshot.v20250502111227.min.js
2025/06/29 13:30:52 br /tmp/work/dist/up-billing-page_clerk.browser_e26c71_5.63.5-snapshot.v20250502111227.min.js -> /output/up-billing-page_clerk.browser_e26c71_5.63.5-snapshot.v20250502111227.min.js.br
2025/06/29 13:30:52 gz /tmp/work/dist/up-billing-page_clerk.browser_e26c71_5.63.5-snapshot.v20250502111227.min.js -> /output/up-billing-page_clerk.browser_e26c71_5.63.5-snapshot.v20250502111227.min.js.gz
2025/06/29 13:30:52 sri /tmp/work/dist/up-billing-page_clerk.browser_e26c71_5.63.5-snapshot.v20250502111227.js -> /output/up-billing-page_clerk.browser_e26c71_5.63.5-snapshot.v20250502111227.js.sri
2025/06/29 13:30:52 algorithm: run /usr/bin/brotli --quality=11 --output=/output/up-billing-page_clerk.browser_e26c71_5.63.5-snapshot.v20250502111227.js.br /tmp/work/dist/up-billing-page_clerk.browser_e26c71_5.63.5-snapshot.v20250502111227.js
2025/06/29 13:30:52 br /tmp/work/dist/up-billing-page_clerk.chips.browser_1fe980_5.63.5-snapshot.v20250502111227.min.js -> /output/up-billing-page_clerk.chips.browser_1fe980_5.63.5-snapshot.v20250502111227.min.js.br
2025/06/29 13:30:52 gz /tmp/work/dist/up-billing-page_clerk.chips.browser_1fe980_5.63.5-snapshot.v20250502111227.min.js -> /output/up-billing-page_clerk.chips.browser_1fe980_5.63.5-snapshot.v20250502111227.min.js.gz
2025/06/29 13:30:52 sri /tmp/work/dist/up-billing-page_clerk.chips.browser_1fe980_5.63.5-snapshot.v20250502111227.js -> /output/up-billing-page_clerk.chips.browser_1fe980_5.63.5-snapshot.v20250502111227.js.sri
2025/06/29 13:30:52 algorithm: run /usr/bin/brotli --quality=11 --output=/output/up-billing-page_clerk.chips.browser_1fe980_5.63.5-snapshot.v20250502111227.js.br /tmp/work/dist/up-billing-page_clerk.chips.browser_1fe980_5.63.5-snapshot.v20250502111227.js
2025/06/29 13:30:52 br /tmp/work/dist/up-billing-page_clerk.browser_e26c71_5.63.5-snapshot.v20250502111227.js -> /output/up-billing-page_clerk.browser_e26c71_5.63.5-snapshot.v20250502111227.js.br
2025/06/29 13:30:52 gz /tmp/work/dist/up-billing-page_clerk.browser_e26c71_5.63.5-snapshot.v20250502111227.js -> /output/up-billing-page_clerk.browser_e26c71_5.63.5-snapshot.v20250502111227.js.gz
2025/06/29 13:30:52 compress: run /node_modules/uglify-js/bin/uglifyjs (3.15.4) [--mangle --compress if_return=true -o /tmp/work/dist/userbutton_clerk.browser_e26c71_5.63.5-snapshot.v20250502111227.min.js /tmp/work/dist/userbutton_clerk.browser_e26c71_5.63.5-snapshot.v20250502111227.js]
2025/06/29 13:30:52 br /tmp/work/dist/up-billing-page_clerk.chips.browser_1fe980_5.63.5-snapshot.v20250502111227.js -> /output/up-billing-page_clerk.chips.browser_1fe980_5.63.5-snapshot.v20250502111227.js.br
2025/06/29 13:30:52 gz /tmp/work/dist/up-billing-page_clerk.chips.browser_1fe980_5.63.5-snapshot.v20250502111227.js -> /output/up-billing-page_clerk.chips.browser_1fe980_5.63.5-snapshot.v20250502111227.js.gz
2025/06/29 13:30:52 compress: run /node_modules/uglify-js/bin/uglifyjs (3.15.4) [--mangle --compress if_return=true -o /tmp/work/dist/userbutton_clerk.chips.browser_1fe980_5.63.5-snapshot.v20250502111227.min.js /tmp/work/dist/userbutton_clerk.chips.browser_1fe980_5.63.5-snapshot.v20250502111227.js]
2025/06/29 13:30:52 sri /tmp/work/dist/up-billing-page_clerk.legacy.browser_2f30cc_5.63.5-snapshot.v20250502111227.min.js -> /output/up-billing-page_clerk.legacy.browser_2f30cc_5.63.5-snapshot.v20250502111227.min.js.sri
2025/06/29 13:30:52 algorithm: run /usr/bin/brotli --quality=11 --output=/output/up-billing-page_clerk.legacy.browser_2f30cc_5.63.5-snapshot.v20250502111227.min.js.br /tmp/work/dist/up-billing-page_clerk.legacy.browser_2f30cc_5.63.5-snapshot.v20250502111227.min.js
2025/06/29 13:30:52 br /tmp/work/dist/up-billing-page_clerk.legacy.browser_2f30cc_5.63.5-snapshot.v20250502111227.min.js -> /output/up-billing-page_clerk.legacy.browser_2f30cc_5.63.5-snapshot.v20250502111227.min.js.br
2025/06/29 13:30:52 gz /tmp/work/dist/up-billing-page_clerk.legacy.browser_2f30cc_5.63.5-snapshot.v20250502111227.min.js -> /output/up-billing-page_clerk.legacy.browser_2f30cc_5.63.5-snapshot.v20250502111227.min.js.gz
2025/06/29 13:30:52 sri /tmp/work/dist/up-billing-page_clerk.legacy.browser_2f30cc_5.63.5-snapshot.v20250502111227.js -> /output/up-billing-page_clerk.legacy.browser_2f30cc_5.63.5-snapshot.v20250502111227.js.sri
2025/06/29 13:30:52 algorithm: run /usr/bin/brotli --quality=11 --output=/output/up-billing-page_clerk.legacy.browser_2f30cc_5.63.5-snapshot.v20250502111227.js.br /tmp/work/dist/up-billing-page_clerk.legacy.browser_2f30cc_5.63.5-snapshot.v20250502111227.js
2025/06/29 13:30:52 br /tmp/work/dist/up-billing-page_clerk.legacy.browser_2f30cc_5.63.5-snapshot.v20250502111227.js -> /output/up-billing-page_clerk.legacy.browser_2f30cc_5.63.5-snapshot.v20250502111227.js.br
2025/06/29 13:30:52 gz /tmp/work/dist/up-billing-page_clerk.legacy.browser_2f30cc_5.63.5-snapshot.v20250502111227.js -> /output/up-billing-page_clerk.legacy.browser_2f30cc_5.63.5-snapshot.v20250502111227.js.gz
2025/06/29 13:30:52 compress: run /node_modules/uglify-js/bin/uglifyjs (3.15.4) [--mangle --compress if_return=true -o /tmp/work/dist/userbutton_clerk.legacy.browser_2f30cc_5.63.5-snapshot.v20250502111227.min.js /tmp/work/dist/userbutton_clerk.legacy.browser_2f30cc_5.63.5-snapshot.v20250502111227.js]
2025/06/29 13:30:52 sri /tmp/work/dist/clerk.min.js -> /output/clerk.min.js.sri
2025/06/29 13:30:52 algorithm: run /usr/bin/brotli --quality=11 --output=/output/clerk.min.js.br /tmp/work/dist/clerk.min.js
2025/06/29 13:30:53 sri /tmp/work/dist/userbutton_clerk.browser_e26c71_5.63.5-snapshot.v20250502111227.min.js -> /output/userbutton_clerk.browser_e26c71_5.63.5-snapshot.v20250502111227.min.js.sri
2025/06/29 13:30:53 algorithm: run /usr/bin/brotli --quality=11 --output=/output/userbutton_clerk.browser_e26c71_5.63.5-snapshot.v20250502111227.min.js.br /tmp/work/dist/userbutton_clerk.browser_e26c71_5.63.5-snapshot.v20250502111227.min.js
2025/06/29 13:30:53 sri /tmp/work/dist/userbutton_clerk.chips.browser_1fe980_5.63.5-snapshot.v20250502111227.min.js -> /output/userbutton_clerk.chips.browser_1fe980_5.63.5-snapshot.v20250502111227.min.js.sri
2025/06/29 13:30:53 algorithm: run /usr/bin/brotli --quality=11 --output=/output/userbutton_clerk.chips.browser_1fe980_5.63.5-snapshot.v20250502111227.min.js.br /tmp/work/dist/userbutton_clerk.chips.browser_1fe980_5.63.5-snapshot.v20250502111227.min.js
2025/06/29 13:30:53 br /tmp/work/dist/userbutton_clerk.browser_e26c71_5.63.5-snapshot.v20250502111227.min.js -> /output/userbutton_clerk.browser_e26c71_5.63.5-snapshot.v20250502111227.min.js.br
2025/06/29 13:30:53 gz /tmp/work/dist/userbutton_clerk.browser_e26c71_5.63.5-snapshot.v20250502111227.min.js -> /output/userbutton_clerk.browser_e26c71_5.63.5-snapshot.v20250502111227.min.js.gz
2025/06/29 13:30:53 sri /tmp/work/dist/userbutton_clerk.browser_e26c71_5.63.5-snapshot.v20250502111227.js -> /output/userbutton_clerk.browser_e26c71_5.63.5-snapshot.v20250502111227.js.sri
2025/06/29 13:30:53 algorithm: run /usr/bin/brotli --quality=11 --output=/output/userbutton_clerk.browser_e26c71_5.63.5-snapshot.v20250502111227.js.br /tmp/work/dist/userbutton_clerk.browser_e26c71_5.63.5-snapshot.v20250502111227.js
2025/06/29 13:30:53 br /tmp/work/dist/userbutton_clerk.chips.browser_1fe980_5.63.5-snapshot.v20250502111227.min.js -> /output/userbutton_clerk.chips.browser_1fe980_5.63.5-snapshot.v20250502111227.min.js.br
2025/06/29 13:30:53 gz /tmp/work/dist/userbutton_clerk.chips.browser_1fe980_5.63.5-snapshot.v20250502111227.min.js -> /output/userbutton_clerk.chips.browser_1fe980_5.63.5-snapshot.v20250502111227.min.js.gz
2025/06/29 13:30:53 sri /tmp/work/dist/userbutton_clerk.chips.browser_1fe980_5.63.5-snapshot.v20250502111227.js -> /output/userbutton_clerk.chips.browser_1fe980_5.63.5-snapshot.v20250502111227.js.sri
2025/06/29 13:30:53 algorithm: run /usr/bin/brotli --quality=11 --output=/output/userbutton_clerk.chips.browser_1fe980_5.63.5-snapshot.v20250502111227.js.br /tmp/work/dist/userbutton_clerk.chips.browser_1fe980_5.63.5-snapshot.v20250502111227.js
2025/06/29 13:30:53 br /tmp/work/dist/userbutton_clerk.browser_e26c71_5.63.5-snapshot.v20250502111227.js -> /output/userbutton_clerk.browser_e26c71_5.63.5-snapshot.v20250502111227.js.br
2025/06/29 13:30:53 gz /tmp/work/dist/userbutton_clerk.browser_e26c71_5.63.5-snapshot.v20250502111227.js -> /output/userbutton_clerk.browser_e26c71_5.63.5-snapshot.v20250502111227.js.gz
2025/06/29 13:30:53 compress: run /node_modules/uglify-js/bin/uglifyjs (3.15.4) [--mangle --compress if_return=true -o /tmp/work/dist/userprofile_clerk.browser_e26c71_5.63.5-snapshot.v20250502111227.min.js /tmp/work/dist/userprofile_clerk.browser_e26c71_5.63.5-snapshot.v20250502111227.js]
2025/06/29 13:30:53 br /tmp/work/dist/userbutton_clerk.chips.browser_1fe980_5.63.5-snapshot.v20250502111227.js -> /output/userbutton_clerk.chips.browser_1fe980_5.63.5-snapshot.v20250502111227.js.br
2025/06/29 13:30:53 gz /tmp/work/dist/userbutton_clerk.chips.browser_1fe980_5.63.5-snapshot.v20250502111227.js -> /output/userbutton_clerk.chips.browser_1fe980_5.63.5-snapshot.v20250502111227.js.gz
2025/06/29 13:30:53 compress: run /node_modules/uglify-js/bin/uglifyjs (3.15.4) [--mangle --compress if_return=true -o /tmp/work/dist/userprofile_clerk.chips.browser_1fe980_5.63.5-snapshot.v20250502111227.min.js /tmp/work/dist/userprofile_clerk.chips.browser_1fe980_5.63.5-snapshot.v20250502111227.js]
2025/06/29 13:30:53 sri /tmp/work/dist/userbutton_clerk.legacy.browser_2f30cc_5.63.5-snapshot.v20250502111227.min.js -> /output/userbutton_clerk.legacy.browser_2f30cc_5.63.5-snapshot.v20250502111227.min.js.sri
2025/06/29 13:30:53 algorithm: run /usr/bin/brotli --quality=11 --output=/output/userbutton_clerk.legacy.browser_2f30cc_5.63.5-snapshot.v20250502111227.min.js.br /tmp/work/dist/userbutton_clerk.legacy.browser_2f30cc_5.63.5-snapshot.v20250502111227.min.js
2025/06/29 13:30:53 br /tmp/work/dist/userbutton_clerk.legacy.browser_2f30cc_5.63.5-snapshot.v20250502111227.min.js -> /output/userbutton_clerk.legacy.browser_2f30cc_5.63.5-snapshot.v20250502111227.min.js.br
2025/06/29 13:30:53 gz /tmp/work/dist/userbutton_clerk.legacy.browser_2f30cc_5.63.5-snapshot.v20250502111227.min.js -> /output/userbutton_clerk.legacy.browser_2f30cc_5.63.5-snapshot.v20250502111227.min.js.gz
2025/06/29 13:30:53 sri /tmp/work/dist/userbutton_clerk.legacy.browser_2f30cc_5.63.5-snapshot.v20250502111227.js -> /output/userbutton_clerk.legacy.browser_2f30cc_5.63.5-snapshot.v20250502111227.js.sri
2025/06/29 13:30:53 algorithm: run /usr/bin/brotli --quality=11 --output=/output/userbutton_clerk.legacy.browser_2f30cc_5.63.5-snapshot.v20250502111227.js.br /tmp/work/dist/userbutton_clerk.legacy.browser_2f30cc_5.63.5-snapshot.v20250502111227.js
2025/06/29 13:30:53 br /tmp/work/dist/userbutton_clerk.legacy.browser_2f30cc_5.63.5-snapshot.v20250502111227.js -> /output/userbutton_clerk.legacy.browser_2f30cc_5.63.5-snapshot.v20250502111227.js.br
2025/06/29 13:30:53 gz /tmp/work/dist/userbutton_clerk.legacy.browser_2f30cc_5.63.5-snapshot.v20250502111227.js -> /output/userbutton_clerk.legacy.browser_2f30cc_5.63.5-snapshot.v20250502111227.js.gz
2025/06/29 13:30:53 compress: run /node_modules/uglify-js/bin/uglifyjs (3.15.4) [--mangle --compress if_return=true -o /tmp/work/dist/userprofile_clerk.legacy.browser_2f30cc_5.63.5-snapshot.v20250502111227.min.js /tmp/work/dist/userprofile_clerk.legacy.browser_2f30cc_5.63.5-snapshot.v20250502111227.js]
2025/06/29 13:30:55 sri /tmp/work/dist/userprofile_clerk.browser_e26c71_5.63.5-snapshot.v20250502111227.min.js -> /output/userprofile_clerk.browser_e26c71_5.63.5-snapshot.v20250502111227.min.js.sri
2025/06/29 13:30:55 algorithm: run /usr/bin/brotli --quality=11 --output=/output/userprofile_clerk.browser_e26c71_5.63.5-snapshot.v20250502111227.min.js.br /tmp/work/dist/userprofile_clerk.browser_e26c71_5.63.5-snapshot.v20250502111227.min.js
2025/06/29 13:30:55 sri /tmp/work/dist/userprofile_clerk.chips.browser_1fe980_5.63.5-snapshot.v20250502111227.min.js -> /output/userprofile_clerk.chips.browser_1fe980_5.63.5-snapshot.v20250502111227.min.js.sri
2025/06/29 13:30:55 algorithm: run /usr/bin/brotli --quality=11 --output=/output/userprofile_clerk.chips.browser_1fe980_5.63.5-snapshot.v20250502111227.min.js.br /tmp/work/dist/userprofile_clerk.chips.browser_1fe980_5.63.5-snapshot.v20250502111227.min.js
2025/06/29 13:30:55 br /tmp/work/dist/userprofile_clerk.browser_e26c71_5.63.5-snapshot.v20250502111227.min.js -> /output/userprofile_clerk.browser_e26c71_5.63.5-snapshot.v20250502111227.min.js.br
2025/06/29 13:30:55 gz /tmp/work/dist/userprofile_clerk.browser_e26c71_5.63.5-snapshot.v20250502111227.min.js -> /output/userprofile_clerk.browser_e26c71_5.63.5-snapshot.v20250502111227.min.js.gz
2025/06/29 13:30:55 sri /tmp/work/dist/userprofile_clerk.browser_e26c71_5.63.5-snapshot.v20250502111227.js -> /output/userprofile_clerk.browser_e26c71_5.63.5-snapshot.v20250502111227.js.sri
2025/06/29 13:30:55 algorithm: run /usr/bin/brotli --quality=11 --output=/output/userprofile_clerk.browser_e26c71_5.63.5-snapshot.v20250502111227.js.br /tmp/work/dist/userprofile_clerk.browser_e26c71_5.63.5-snapshot.v20250502111227.js
2025/06/29 13:30:56 br /tmp/work/dist/userprofile_clerk.browser_e26c71_5.63.5-snapshot.v20250502111227.js -> /output/userprofile_clerk.browser_e26c71_5.63.5-snapshot.v20250502111227.js.br
2025/06/29 13:30:56 br /tmp/work/dist/userprofile_clerk.chips.browser_1fe980_5.63.5-snapshot.v20250502111227.min.js -> /output/userprofile_clerk.chips.browser_1fe980_5.63.5-snapshot.v20250502111227.min.js.br
2025/06/29 13:30:56 gz /tmp/work/dist/userprofile_clerk.browser_e26c71_5.63.5-snapshot.v20250502111227.js -> /output/userprofile_clerk.browser_e26c71_5.63.5-snapshot.v20250502111227.js.gz
2025/06/29 13:30:56 compress: run /node_modules/uglify-js/bin/uglifyjs (3.15.4) [--mangle --compress if_return=true -o /tmp/work/dist/userverification_clerk.browser_e26c71_5.63.5-snapshot.v20250502111227.min.js /tmp/work/dist/userverification_clerk.browser_e26c71_5.63.5-snapshot.v20250502111227.js]
2025/06/29 13:30:56 gz /tmp/work/dist/userprofile_clerk.chips.browser_1fe980_5.63.5-snapshot.v20250502111227.min.js -> /output/userprofile_clerk.chips.browser_1fe980_5.63.5-snapshot.v20250502111227.min.js.gz
2025/06/29 13:30:56 sri /tmp/work/dist/userprofile_clerk.chips.browser_1fe980_5.63.5-snapshot.v20250502111227.js -> /output/userprofile_clerk.chips.browser_1fe980_5.63.5-snapshot.v20250502111227.js.sri
2025/06/29 13:30:56 algorithm: run /usr/bin/brotli --quality=11 --output=/output/userprofile_clerk.chips.browser_1fe980_5.63.5-snapshot.v20250502111227.js.br /tmp/work/dist/userprofile_clerk.chips.browser_1fe980_5.63.5-snapshot.v20250502111227.js
2025/06/29 13:30:56 sri /tmp/work/dist/userprofile_clerk.legacy.browser_2f30cc_5.63.5-snapshot.v20250502111227.min.js -> /output/userprofile_clerk.legacy.browser_2f30cc_5.63.5-snapshot.v20250502111227.min.js.sri
2025/06/29 13:30:56 algorithm: run /usr/bin/brotli --quality=11 --output=/output/userprofile_clerk.legacy.browser_2f30cc_5.63.5-snapshot.v20250502111227.min.js.br /tmp/work/dist/userprofile_clerk.legacy.browser_2f30cc_5.63.5-snapshot.v20250502111227.min.js
2025/06/29 13:30:56 br /tmp/work/dist/userprofile_clerk.chips.browser_1fe980_5.63.5-snapshot.v20250502111227.js -> /output/userprofile_clerk.chips.browser_1fe980_5.63.5-snapshot.v20250502111227.js.br
2025/06/29 13:30:56 gz /tmp/work/dist/userprofile_clerk.chips.browser_1fe980_5.63.5-snapshot.v20250502111227.js -> /output/userprofile_clerk.chips.browser_1fe980_5.63.5-snapshot.v20250502111227.js.gz
2025/06/29 13:30:56 compress: run /node_modules/uglify-js/bin/uglifyjs (3.15.4) [--mangle --compress if_return=true -o /tmp/work/dist/userverification_clerk.chips.browser_1fe980_5.63.5-snapshot.v20250502111227.min.js /tmp/work/dist/userverification_clerk.chips.browser_1fe980_5.63.5-snapshot.v20250502111227.js]
2025/06/29 13:30:56 br /tmp/work/dist/userprofile_clerk.legacy.browser_2f30cc_5.63.5-snapshot.v20250502111227.min.js -> /output/userprofile_clerk.legacy.browser_2f30cc_5.63.5-snapshot.v20250502111227.min.js.br
2025/06/29 13:30:56 gz /tmp/work/dist/userprofile_clerk.legacy.browser_2f30cc_5.63.5-snapshot.v20250502111227.min.js -> /output/userprofile_clerk.legacy.browser_2f30cc_5.63.5-snapshot.v20250502111227.min.js.gz
2025/06/29 13:30:56 sri /tmp/work/dist/userprofile_clerk.legacy.browser_2f30cc_5.63.5-snapshot.v20250502111227.js -> /output/userprofile_clerk.legacy.browser_2f30cc_5.63.5-snapshot.v20250502111227.js.sri
2025/06/29 13:30:56 algorithm: run /usr/bin/brotli --quality=11 --output=/output/userprofile_clerk.legacy.browser_2f30cc_5.63.5-snapshot.v20250502111227.js.br /tmp/work/dist/userprofile_clerk.legacy.browser_2f30cc_5.63.5-snapshot.v20250502111227.js
2025/06/29 13:30:56 sri /tmp/work/dist/clerk.no-rhc.min.js -> /output/clerk.no-rhc.min.js.sri
2025/06/29 13:30:56 algorithm: run /usr/bin/brotli --quality=11 --output=/output/clerk.no-rhc.min.js.br /tmp/work/dist/clerk.no-rhc.min.js
2025/06/29 13:30:56 br /tmp/work/dist/userprofile_clerk.legacy.browser_2f30cc_5.63.5-snapshot.v20250502111227.js -> /output/userprofile_clerk.legacy.browser_2f30cc_5.63.5-snapshot.v20250502111227.js.br
2025/06/29 13:30:56 gz /tmp/work/dist/userprofile_clerk.legacy.browser_2f30cc_5.63.5-snapshot.v20250502111227.js -> /output/userprofile_clerk.legacy.browser_2f30cc_5.63.5-snapshot.v20250502111227.js.gz
2025/06/29 13:30:56 compress: run /node_modules/uglify-js/bin/uglifyjs (3.15.4) [--mangle --compress if_return=true -o /tmp/work/dist/userverification_clerk.legacy.browser_2f30cc_5.63.5-snapshot.v20250502111227.min.js /tmp/work/dist/userverification_clerk.legacy.browser_2f30cc_5.63.5-snapshot.v20250502111227.js]
2025/06/29 13:30:57 sri /tmp/work/dist/userverification_clerk.browser_e26c71_5.63.5-snapshot.v20250502111227.min.js -> /output/userverification_clerk.browser_e26c71_5.63.5-snapshot.v20250502111227.min.js.sri
2025/06/29 13:30:57 algorithm: run /usr/bin/brotli --quality=11 --output=/output/userverification_clerk.browser_e26c71_5.63.5-snapshot.v20250502111227.min.js.br /tmp/work/dist/userverification_clerk.browser_e26c71_5.63.5-snapshot.v20250502111227.min.js
2025/06/29 13:30:57 br /tmp/work/dist/userverification_clerk.browser_e26c71_5.63.5-snapshot.v20250502111227.min.js -> /output/userverification_clerk.browser_e26c71_5.63.5-snapshot.v20250502111227.min.js.br
2025/06/29 13:30:57 gz /tmp/work/dist/userverification_clerk.browser_e26c71_5.63.5-snapshot.v20250502111227.min.js -> /output/userverification_clerk.browser_e26c71_5.63.5-snapshot.v20250502111227.min.js.gz
2025/06/29 13:30:57 sri /tmp/work/dist/userverification_clerk.browser_e26c71_5.63.5-snapshot.v20250502111227.js -> /output/userverification_clerk.browser_e26c71_5.63.5-snapshot.v20250502111227.js.sri
2025/06/29 13:30:57 algorithm: run /usr/bin/brotli --quality=11 --output=/output/userverification_clerk.browser_e26c71_5.63.5-snapshot.v20250502111227.js.br /tmp/work/dist/userverification_clerk.browser_e26c71_5.63.5-snapshot.v20250502111227.js
2025/06/29 13:30:57 br /tmp/work/dist/userverification_clerk.browser_e26c71_5.63.5-snapshot.v20250502111227.js -> /output/userverification_clerk.browser_e26c71_5.63.5-snapshot.v20250502111227.js.br
2025/06/29 13:30:57 gz /tmp/work/dist/userverification_clerk.browser_e26c71_5.63.5-snapshot.v20250502111227.js -> /output/userverification_clerk.browser_e26c71_5.63.5-snapshot.v20250502111227.js.gz
2025/06/29 13:30:57 compress: run /node_modules/uglify-js/bin/uglifyjs (3.15.4) [--mangle --compress if_return=true -o /tmp/work/dist/vendors_clerk.browser_e26c71_5.63.5-snapshot.v20250502111227.min.js /tmp/work/dist/vendors_clerk.browser_e26c71_5.63.5-snapshot.v20250502111227.js]
2025/06/29 13:30:57 sri /tmp/work/dist/userverification_clerk.chips.browser_1fe980_5.63.5-snapshot.v20250502111227.min.js -> /output/userverification_clerk.chips.browser_1fe980_5.63.5-snapshot.v20250502111227.min.js.sri
2025/06/29 13:30:57 algorithm: run /usr/bin/brotli --quality=11 --output=/output/userverification_clerk.chips.browser_1fe980_5.63.5-snapshot.v20250502111227.min.js.br /tmp/work/dist/userverification_clerk.chips.browser_1fe980_5.63.5-snapshot.v20250502111227.min.js
2025/06/29 13:30:57 br /tmp/work/dist/userverification_clerk.chips.browser_1fe980_5.63.5-snapshot.v20250502111227.min.js -> /output/userverification_clerk.chips.browser_1fe980_5.63.5-snapshot.v20250502111227.min.js.br
2025/06/29 13:30:57 gz /tmp/work/dist/userverification_clerk.chips.browser_1fe980_5.63.5-snapshot.v20250502111227.min.js -> /output/userverification_clerk.chips.browser_1fe980_5.63.5-snapshot.v20250502111227.min.js.gz
2025/06/29 13:30:57 sri /tmp/work/dist/userverification_clerk.chips.browser_1fe980_5.63.5-snapshot.v20250502111227.js -> /output/userverification_clerk.chips.browser_1fe980_5.63.5-snapshot.v20250502111227.js.sri
2025/06/29 13:30:57 algorithm: run /usr/bin/brotli --quality=11 --output=/output/userverification_clerk.chips.browser_1fe980_5.63.5-snapshot.v20250502111227.js.br /tmp/work/dist/userverification_clerk.chips.browser_1fe980_5.63.5-snapshot.v20250502111227.js
2025/06/29 13:30:57 br /tmp/work/dist/userverification_clerk.chips.browser_1fe980_5.63.5-snapshot.v20250502111227.js -> /output/userverification_clerk.chips.browser_1fe980_5.63.5-snapshot.v20250502111227.js.br
2025/06/29 13:30:57 gz /tmp/work/dist/userverification_clerk.chips.browser_1fe980_5.63.5-snapshot.v20250502111227.js -> /output/userverification_clerk.chips.browser_1fe980_5.63.5-snapshot.v20250502111227.js.gz
2025/06/29 13:30:57 compress: run /node_modules/uglify-js/bin/uglifyjs (3.15.4) [--mangle --compress if_return=true -o /tmp/work/dist/vendors_clerk.chips.browser_1fe980_5.63.5-snapshot.v20250502111227.min.js /tmp/work/dist/vendors_clerk.chips.browser_1fe980_5.63.5-snapshot.v20250502111227.js]
2025/06/29 13:30:57 sri /tmp/work/dist/userverification_clerk.legacy.browser_2f30cc_5.63.5-snapshot.v20250502111227.min.js -> /output/userverification_clerk.legacy.browser_2f30cc_5.63.5-snapshot.v20250502111227.min.js.sri
2025/06/29 13:30:57 algorithm: run /usr/bin/brotli --quality=11 --output=/output/userverification_clerk.legacy.browser_2f30cc_5.63.5-snapshot.v20250502111227.min.js.br /tmp/work/dist/userverification_clerk.legacy.browser_2f30cc_5.63.5-snapshot.v20250502111227.min.js
2025/06/29 13:30:57 br /tmp/work/dist/userverification_clerk.legacy.browser_2f30cc_5.63.5-snapshot.v20250502111227.min.js -> /output/userverification_clerk.legacy.browser_2f30cc_5.63.5-snapshot.v20250502111227.min.js.br
2025/06/29 13:30:57 gz /tmp/work/dist/userverification_clerk.legacy.browser_2f30cc_5.63.5-snapshot.v20250502111227.min.js -> /output/userverification_clerk.legacy.browser_2f30cc_5.63.5-snapshot.v20250502111227.min.js.gz
2025/06/29 13:30:57 sri /tmp/work/dist/userverification_clerk.legacy.browser_2f30cc_5.63.5-snapshot.v20250502111227.js -> /output/userverification_clerk.legacy.browser_2f30cc_5.63.5-snapshot.v20250502111227.js.sri
2025/06/29 13:30:57 algorithm: run /usr/bin/brotli --quality=11 --output=/output/userverification_clerk.legacy.browser_2f30cc_5.63.5-snapshot.v20250502111227.js.br /tmp/work/dist/userverification_clerk.legacy.browser_2f30cc_5.63.5-snapshot.v20250502111227.js
2025/06/29 13:30:57 br /tmp/work/dist/userverification_clerk.legacy.browser_2f30cc_5.63.5-snapshot.v20250502111227.js -> /output/userverification_clerk.legacy.browser_2f30cc_5.63.5-snapshot.v20250502111227.js.br
2025/06/29 13:30:57 gz /tmp/work/dist/userverification_clerk.legacy.browser_2f30cc_5.63.5-snapshot.v20250502111227.js -> /output/userverification_clerk.legacy.browser_2f30cc_5.63.5-snapshot.v20250502111227.js.gz
2025/06/29 13:30:57 compress: run /node_modules/uglify-js/bin/uglifyjs (3.15.4) [--mangle --compress if_return=true -o /tmp/work/dist/vendors_clerk.headless.browser_3402d1_5.63.5-snapshot.v20250502111227.min.js /tmp/work/dist/vendors_clerk.headless.browser_3402d1_5.63.5-snapshot.v20250502111227.js]
2025/06/29 13:30:58 sri /tmp/work/dist/ui-common_clerk.browser_e26c71_5.63.5-snapshot.v20250502111227.min.js -> /output/ui-common_clerk.browser_e26c71_5.63.5-snapshot.v20250502111227.min.js.sri
2025/06/29 13:30:58 algorithm: run /usr/bin/brotli --quality=11 --output=/output/ui-common_clerk.browser_e26c71_5.63.5-snapshot.v20250502111227.min.js.br /tmp/work/dist/ui-common_clerk.browser_e26c71_5.63.5-snapshot.v20250502111227.min.js
2025/06/29 13:30:58 sri /tmp/work/dist/ui-common_clerk.chips.browser_1fe980_5.63.5-snapshot.v20250502111227.min.js -> /output/ui-common_clerk.chips.browser_1fe980_5.63.5-snapshot.v20250502111227.min.js.sri
2025/06/29 13:30:58 algorithm: run /usr/bin/brotli --quality=11 --output=/output/ui-common_clerk.chips.browser_1fe980_5.63.5-snapshot.v20250502111227.min.js.br /tmp/work/dist/ui-common_clerk.chips.browser_1fe980_5.63.5-snapshot.v20250502111227.min.js
2025/06/29 13:30:58 sri /tmp/work/dist/vendors_clerk.headless.browser_3402d1_5.63.5-snapshot.v20250502111227.min.js -> /output/vendors_clerk.headless.browser_3402d1_5.63.5-snapshot.v20250502111227.min.js.sri
2025/06/29 13:30:58 algorithm: run /usr/bin/brotli --quality=11 --output=/output/vendors_clerk.headless.browser_3402d1_5.63.5-snapshot.v20250502111227.min.js.br /tmp/work/dist/vendors_clerk.headless.browser_3402d1_5.63.5-snapshot.v20250502111227.min.js
2025/06/29 13:30:58 br /tmp/work/dist/vendors_clerk.headless.browser_3402d1_5.63.5-snapshot.v20250502111227.min.js -> /output/vendors_clerk.headless.browser_3402d1_5.63.5-snapshot.v20250502111227.min.js.br
2025/06/29 13:30:58 gz /tmp/work/dist/vendors_clerk.headless.browser_3402d1_5.63.5-snapshot.v20250502111227.min.js -> /output/vendors_clerk.headless.browser_3402d1_5.63.5-snapshot.v20250502111227.min.js.gz
2025/06/29 13:30:58 sri /tmp/work/dist/vendors_clerk.headless.browser_3402d1_5.63.5-snapshot.v20250502111227.js -> /output/vendors_clerk.headless.browser_3402d1_5.63.5-snapshot.v20250502111227.js.sri
2025/06/29 13:30:58 algorithm: run /usr/bin/brotli --quality=11 --output=/output/vendors_clerk.headless.browser_3402d1_5.63.5-snapshot.v20250502111227.js.br /tmp/work/dist/vendors_clerk.headless.browser_3402d1_5.63.5-snapshot.v20250502111227.js
2025/06/29 13:30:58 br /tmp/work/dist/vendors_clerk.headless.browser_3402d1_5.63.5-snapshot.v20250502111227.js -> /output/vendors_clerk.headless.browser_3402d1_5.63.5-snapshot.v20250502111227.js.br
2025/06/29 13:30:58 gz /tmp/work/dist/vendors_clerk.headless.browser_3402d1_5.63.5-snapshot.v20250502111227.js -> /output/vendors_clerk.headless.browser_3402d1_5.63.5-snapshot.v20250502111227.js.gz
2025/06/29 13:30:58 compress: run /node_modules/uglify-js/bin/uglifyjs (3.15.4) [--mangle --compress if_return=true -o /tmp/work/dist/vendors_clerk.legacy.browser_2f30cc_5.63.5-snapshot.v20250502111227.min.js /tmp/work/dist/vendors_clerk.legacy.browser_2f30cc_5.63.5-snapshot.v20250502111227.js]
2025/06/29 13:30:58 sri /tmp/work/dist/ui-common_clerk.legacy.browser_2f30cc_5.63.5-snapshot.v20250502111227.min.js -> /output/ui-common_clerk.legacy.browser_2f30cc_5.63.5-snapshot.v20250502111227.min.js.sri
2025/06/29 13:30:58 algorithm: run /usr/bin/brotli --quality=11 --output=/output/ui-common_clerk.legacy.browser_2f30cc_5.63.5-snapshot.v20250502111227.min.js.br /tmp/work/dist/ui-common_clerk.legacy.browser_2f30cc_5.63.5-snapshot.v20250502111227.min.js
2025/06/29 13:30:59 br /tmp/work/dist/ui-common_clerk.browser_e26c71_5.63.5-snapshot.v20250502111227.min.js -> /output/ui-common_clerk.browser_e26c71_5.63.5-snapshot.v20250502111227.min.js.br
2025/06/29 13:30:59 gz /tmp/work/dist/ui-common_clerk.browser_e26c71_5.63.5-snapshot.v20250502111227.min.js -> /output/ui-common_clerk.browser_e26c71_5.63.5-snapshot.v20250502111227.min.js.gz
2025/06/29 13:30:59 sri /tmp/work/dist/ui-common_clerk.browser_e26c71_5.63.5-snapshot.v20250502111227.js -> /output/ui-common_clerk.browser_e26c71_5.63.5-snapshot.v20250502111227.js.sri
2025/06/29 13:30:59 algorithm: run /usr/bin/brotli --quality=11 --output=/output/ui-common_clerk.browser_e26c71_5.63.5-snapshot.v20250502111227.js.br /tmp/work/dist/ui-common_clerk.browser_e26c71_5.63.5-snapshot.v20250502111227.js
2025/06/29 13:30:59 br /tmp/work/dist/clerk.min.js -> /output/clerk.min.js.br
2025/06/29 13:30:59 br /tmp/work/dist/ui-common_clerk.chips.browser_1fe980_5.63.5-snapshot.v20250502111227.min.js -> /output/ui-common_clerk.chips.browser_1fe980_5.63.5-snapshot.v20250502111227.min.js.br
2025/06/29 13:30:59 gz /tmp/work/dist/ui-common_clerk.chips.browser_1fe980_5.63.5-snapshot.v20250502111227.min.js -> /output/ui-common_clerk.chips.browser_1fe980_5.63.5-snapshot.v20250502111227.min.js.gz
2025/06/29 13:30:59 sri /tmp/work/dist/ui-common_clerk.chips.browser_1fe980_5.63.5-snapshot.v20250502111227.js -> /output/ui-common_clerk.chips.browser_1fe980_5.63.5-snapshot.v20250502111227.js.sri
2025/06/29 13:30:59 algorithm: run /usr/bin/brotli --quality=11 --output=/output/ui-common_clerk.chips.browser_1fe980_5.63.5-snapshot.v20250502111227.js.br /tmp/work/dist/ui-common_clerk.chips.browser_1fe980_5.63.5-snapshot.v20250502111227.js
2025/06/29 13:30:59 gz /tmp/work/dist/clerk.min.js -> /output/clerk.min.js.gz
2025/06/29 13:30:59 sri /tmp/work/dist/clerk.js -> /output/clerk.js.sri
2025/06/29 13:30:59 algorithm: run /usr/bin/brotli --quality=11 --output=/output/clerk.js.br /tmp/work/dist/clerk.js
2025/06/29 13:30:59 br /tmp/work/dist/ui-common_clerk.legacy.browser_2f30cc_5.63.5-snapshot.v20250502111227.min.js -> /output/ui-common_clerk.legacy.browser_2f30cc_5.63.5-snapshot.v20250502111227.min.js.br
2025/06/29 13:30:59 gz /tmp/work/dist/ui-common_clerk.legacy.browser_2f30cc_5.63.5-snapshot.v20250502111227.min.js -> /output/ui-common_clerk.legacy.browser_2f30cc_5.63.5-snapshot.v20250502111227.min.js.gz
2025/06/29 13:30:59 sri /tmp/work/dist/ui-common_clerk.legacy.browser_2f30cc_5.63.5-snapshot.v20250502111227.js -> /output/ui-common_clerk.legacy.browser_2f30cc_5.63.5-snapshot.v20250502111227.js.sri
2025/06/29 13:30:59 algorithm: run /usr/bin/brotli --quality=11 --output=/output/ui-common_clerk.legacy.browser_2f30cc_5.63.5-snapshot.v20250502111227.js.br /tmp/work/dist/ui-common_clerk.legacy.browser_2f30cc_5.63.5-snapshot.v20250502111227.js
2025/06/29 13:31:00 br /tmp/work/dist/ui-common_clerk.chips.browser_1fe980_5.63.5-snapshot.v20250502111227.js -> /output/ui-common_clerk.chips.browser_1fe980_5.63.5-snapshot.v20250502111227.js.br
2025/06/29 13:31:00 gz /tmp/work/dist/ui-common_clerk.chips.browser_1fe980_5.63.5-snapshot.v20250502111227.js -> /output/ui-common_clerk.chips.browser_1fe980_5.63.5-snapshot.v20250502111227.js.gz
2025/06/29 13:31:00 compress: run /node_modules/uglify-js/bin/uglifyjs (3.15.4) [--mangle --compress if_return=true -o /tmp/work/dist/waitlist_clerk.browser_e26c71_5.63.5-snapshot.v20250502111227.min.js /tmp/work/dist/waitlist_clerk.browser_e26c71_5.63.5-snapshot.v20250502111227.js]
2025/06/29 13:31:00 br /tmp/work/dist/ui-common_clerk.browser_e26c71_5.63.5-snapshot.v20250502111227.js -> /output/ui-common_clerk.browser_e26c71_5.63.5-snapshot.v20250502111227.js.br
2025/06/29 13:31:00 gz /tmp/work/dist/ui-common_clerk.browser_e26c71_5.63.5-snapshot.v20250502111227.js -> /output/ui-common_clerk.browser_e26c71_5.63.5-snapshot.v20250502111227.js.gz
2025/06/29 13:31:00 compress: run /node_modules/uglify-js/bin/uglifyjs (3.15.4) [--mangle --compress if_return=true -o /tmp/work/dist/waitlist_clerk.chips.browser_1fe980_5.63.5-snapshot.v20250502111227.min.js /tmp/work/dist/waitlist_clerk.chips.browser_1fe980_5.63.5-snapshot.v20250502111227.js]
2025/06/29 13:31:00 sri /tmp/work/dist/waitlist_clerk.browser_e26c71_5.63.5-snapshot.v20250502111227.min.js -> /output/waitlist_clerk.browser_e26c71_5.63.5-snapshot.v20250502111227.min.js.sri
2025/06/29 13:31:00 algorithm: run /usr/bin/brotli --quality=11 --output=/output/waitlist_clerk.browser_e26c71_5.63.5-snapshot.v20250502111227.min.js.br /tmp/work/dist/waitlist_clerk.browser_e26c71_5.63.5-snapshot.v20250502111227.min.js
2025/06/29 13:31:01 br /tmp/work/dist/waitlist_clerk.browser_e26c71_5.63.5-snapshot.v20250502111227.min.js -> /output/waitlist_clerk.browser_e26c71_5.63.5-snapshot.v20250502111227.min.js.br
2025/06/29 13:31:01 gz /tmp/work/dist/waitlist_clerk.browser_e26c71_5.63.5-snapshot.v20250502111227.min.js -> /output/waitlist_clerk.browser_e26c71_5.63.5-snapshot.v20250502111227.min.js.gz
2025/06/29 13:31:01 sri /tmp/work/dist/waitlist_clerk.browser_e26c71_5.63.5-snapshot.v20250502111227.js -> /output/waitlist_clerk.browser_e26c71_5.63.5-snapshot.v20250502111227.js.sri
2025/06/29 13:31:01 algorithm: run /usr/bin/brotli --quality=11 --output=/output/waitlist_clerk.browser_e26c71_5.63.5-snapshot.v20250502111227.js.br /tmp/work/dist/waitlist_clerk.browser_e26c71_5.63.5-snapshot.v20250502111227.js
2025/06/29 13:31:01 br /tmp/work/dist/waitlist_clerk.browser_e26c71_5.63.5-snapshot.v20250502111227.js -> /output/waitlist_clerk.browser_e26c71_5.63.5-snapshot.v20250502111227.js.br
2025/06/29 13:31:01 gz /tmp/work/dist/waitlist_clerk.browser_e26c71_5.63.5-snapshot.v20250502111227.js -> /output/waitlist_clerk.browser_e26c71_5.63.5-snapshot.v20250502111227.js.gz
2025/06/29 13:31:01 compress: run /node_modules/uglify-js/bin/uglifyjs (3.15.4) [--mangle --compress if_return=true -o /tmp/work/dist/waitlist_clerk.legacy.browser_2f30cc_5.63.5-snapshot.v20250502111227.min.js /tmp/work/dist/waitlist_clerk.legacy.browser_2f30cc_5.63.5-snapshot.v20250502111227.js]
2025/06/29 13:31:01 sri /tmp/work/dist/waitlist_clerk.chips.browser_1fe980_5.63.5-snapshot.v20250502111227.min.js -> /output/waitlist_clerk.chips.browser_1fe980_5.63.5-snapshot.v20250502111227.min.js.sri
2025/06/29 13:31:01 algorithm: run /usr/bin/brotli --quality=11 --output=/output/waitlist_clerk.chips.browser_1fe980_5.63.5-snapshot.v20250502111227.min.js.br /tmp/work/dist/waitlist_clerk.chips.browser_1fe980_5.63.5-snapshot.v20250502111227.min.js
2025/06/29 13:31:01 br /tmp/work/dist/waitlist_clerk.chips.browser_1fe980_5.63.5-snapshot.v20250502111227.min.js -> /output/waitlist_clerk.chips.browser_1fe980_5.63.5-snapshot.v20250502111227.min.js.br
2025/06/29 13:31:01 gz /tmp/work/dist/waitlist_clerk.chips.browser_1fe980_5.63.5-snapshot.v20250502111227.min.js -> /output/waitlist_clerk.chips.browser_1fe980_5.63.5-snapshot.v20250502111227.min.js.gz
2025/06/29 13:31:01 sri /tmp/work/dist/waitlist_clerk.chips.browser_1fe980_5.63.5-snapshot.v20250502111227.js -> /output/waitlist_clerk.chips.browser_1fe980_5.63.5-snapshot.v20250502111227.js.sri
2025/06/29 13:31:01 algorithm: run /usr/bin/brotli --quality=11 --output=/output/waitlist_clerk.chips.browser_1fe980_5.63.5-snapshot.v20250502111227.js.br /tmp/work/dist/waitlist_clerk.chips.browser_1fe980_5.63.5-snapshot.v20250502111227.js
2025/06/29 13:31:01 br /tmp/work/dist/waitlist_clerk.chips.browser_1fe980_5.63.5-snapshot.v20250502111227.js -> /output/waitlist_clerk.chips.browser_1fe980_5.63.5-snapshot.v20250502111227.js.br
2025/06/29 13:31:01 gz /tmp/work/dist/waitlist_clerk.chips.browser_1fe980_5.63.5-snapshot.v20250502111227.js -> /output/waitlist_clerk.chips.browser_1fe980_5.63.5-snapshot.v20250502111227.js.gz
2025/06/29 13:31:01 compress: run /node_modules/uglify-js/bin/uglifyjs (3.15.4) [--mangle --compress if_return=true -o /tmp/work/dist/zxcvbn-common_clerk.browser_e26c71_5.63.5-snapshot.v20250502111227.min.js /tmp/work/dist/zxcvbn-common_clerk.browser_e26c71_5.63.5-snapshot.v20250502111227.js]
2025/06/29 13:31:01 br /tmp/work/dist/ui-common_clerk.legacy.browser_2f30cc_5.63.5-snapshot.v20250502111227.js -> /output/ui-common_clerk.legacy.browser_2f30cc_5.63.5-snapshot.v20250502111227.js.br
2025/06/29 13:31:01 gz /tmp/work/dist/ui-common_clerk.legacy.browser_2f30cc_5.63.5-snapshot.v20250502111227.js -> /output/ui-common_clerk.legacy.browser_2f30cc_5.63.5-snapshot.v20250502111227.js.gz
2025/06/29 13:31:01 compress: run /node_modules/uglify-js/bin/uglifyjs (3.15.4) [--mangle --compress if_return=true -o /tmp/work/dist/zxcvbn-common_clerk.chips.browser_1fe980_5.63.5-snapshot.v20250502111227.min.js /tmp/work/dist/zxcvbn-common_clerk.chips.browser_1fe980_5.63.5-snapshot.v20250502111227.js]
2025/06/29 13:31:01 sri /tmp/work/dist/waitlist_clerk.legacy.browser_2f30cc_5.63.5-snapshot.v20250502111227.min.js -> /output/waitlist_clerk.legacy.browser_2f30cc_5.63.5-snapshot.v20250502111227.min.js.sri
2025/06/29 13:31:01 algorithm: run /usr/bin/brotli --quality=11 --output=/output/waitlist_clerk.legacy.browser_2f30cc_5.63.5-snapshot.v20250502111227.min.js.br /tmp/work/dist/waitlist_clerk.legacy.browser_2f30cc_5.63.5-snapshot.v20250502111227.min.js
2025/06/29 13:31:01 br /tmp/work/dist/waitlist_clerk.legacy.browser_2f30cc_5.63.5-snapshot.v20250502111227.min.js -> /output/waitlist_clerk.legacy.browser_2f30cc_5.63.5-snapshot.v20250502111227.min.js.br
2025/06/29 13:31:01 gz /tmp/work/dist/waitlist_clerk.legacy.browser_2f30cc_5.63.5-snapshot.v20250502111227.min.js -> /output/waitlist_clerk.legacy.browser_2f30cc_5.63.5-snapshot.v20250502111227.min.js.gz
2025/06/29 13:31:01 sri /tmp/work/dist/waitlist_clerk.legacy.browser_2f30cc_5.63.5-snapshot.v20250502111227.js -> /output/waitlist_clerk.legacy.browser_2f30cc_5.63.5-snapshot.v20250502111227.js.sri
2025/06/29 13:31:01 algorithm: run /usr/bin/brotli --quality=11 --output=/output/waitlist_clerk.legacy.browser_2f30cc_5.63.5-snapshot.v20250502111227.js.br /tmp/work/dist/waitlist_clerk.legacy.browser_2f30cc_5.63.5-snapshot.v20250502111227.js
2025/06/29 13:31:01 br /tmp/work/dist/waitlist_clerk.legacy.browser_2f30cc_5.63.5-snapshot.v20250502111227.js -> /output/waitlist_clerk.legacy.browser_2f30cc_5.63.5-snapshot.v20250502111227.js.br
2025/06/29 13:31:01 gz /tmp/work/dist/waitlist_clerk.legacy.browser_2f30cc_5.63.5-snapshot.v20250502111227.js -> /output/waitlist_clerk.legacy.browser_2f30cc_5.63.5-snapshot.v20250502111227.js.gz
2025/06/29 13:31:01 compress: run /node_modules/uglify-js/bin/uglifyjs (3.15.4) [--mangle --compress if_return=true -o /tmp/work/dist/zxcvbn-common_clerk.headless.browser_3402d1_5.63.5-snapshot.v20250502111227.min.js /tmp/work/dist/zxcvbn-common_clerk.headless.browser_3402d1_5.63.5-snapshot.v20250502111227.js]
2025/06/29 13:31:01 sri /tmp/work/dist/vendors_clerk.chips.browser_1fe980_5.63.5-snapshot.v20250502111227.min.js -> /output/vendors_clerk.chips.browser_1fe980_5.63.5-snapshot.v20250502111227.min.js.sri
2025/06/29 13:31:01 algorithm: run /usr/bin/brotli --quality=11 --output=/output/vendors_clerk.chips.browser_1fe980_5.63.5-snapshot.v20250502111227.min.js.br /tmp/work/dist/vendors_clerk.chips.browser_1fe980_5.63.5-snapshot.v20250502111227.min.js
2025/06/29 13:31:01 sri /tmp/work/dist/vendors_clerk.browser_e26c71_5.63.5-snapshot.v20250502111227.min.js -> /output/vendors_clerk.browser_e26c71_5.63.5-snapshot.v20250502111227.min.js.sri
2025/06/29 13:31:01 algorithm: run /usr/bin/brotli --quality=11 --output=/output/vendors_clerk.browser_e26c71_5.63.5-snapshot.v20250502111227.min.js.br /tmp/work/dist/vendors_clerk.browser_e26c71_5.63.5-snapshot.v20250502111227.min.js
2025/06/29 13:31:01 sri /tmp/work/dist/zxcvbn-common_clerk.browser_e26c71_5.63.5-snapshot.v20250502111227.min.js -> /output/zxcvbn-common_clerk.browser_e26c71_5.63.5-snapshot.v20250502111227.min.js.sri
2025/06/29 13:31:01 algorithm: run /usr/bin/brotli --quality=11 --output=/output/zxcvbn-common_clerk.browser_e26c71_5.63.5-snapshot.v20250502111227.min.js.br /tmp/work/dist/zxcvbn-common_clerk.browser_e26c71_5.63.5-snapshot.v20250502111227.min.js
2025/06/29 13:31:01 br /tmp/work/dist/vendors_clerk.chips.browser_1fe980_5.63.5-snapshot.v20250502111227.min.js -> /output/vendors_clerk.chips.browser_1fe980_5.63.5-snapshot.v20250502111227.min.js.br
2025/06/29 13:31:01 gz /tmp/work/dist/vendors_clerk.chips.browser_1fe980_5.63.5-snapshot.v20250502111227.min.js -> /output/vendors_clerk.chips.browser_1fe980_5.63.5-snapshot.v20250502111227.min.js.gz
2025/06/29 13:31:01 sri /tmp/work/dist/vendors_clerk.chips.browser_1fe980_5.63.5-snapshot.v20250502111227.js -> /output/vendors_clerk.chips.browser_1fe980_5.63.5-snapshot.v20250502111227.js.sri
2025/06/29 13:31:02 algorithm: run /usr/bin/brotli --quality=11 --output=/output/vendors_clerk.chips.browser_1fe980_5.63.5-snapshot.v20250502111227.js.br /tmp/work/dist/vendors_clerk.chips.browser_1fe980_5.63.5-snapshot.v20250502111227.js
2025/06/29 13:31:02 br /tmp/work/dist/vendors_clerk.browser_e26c71_5.63.5-snapshot.v20250502111227.min.js -> /output/vendors_clerk.browser_e26c71_5.63.5-snapshot.v20250502111227.min.js.br
2025/06/29 13:31:02 gz /tmp/work/dist/vendors_clerk.browser_e26c71_5.63.5-snapshot.v20250502111227.min.js -> /output/vendors_clerk.browser_e26c71_5.63.5-snapshot.v20250502111227.min.js.gz
2025/06/29 13:31:02 sri /tmp/work/dist/vendors_clerk.browser_e26c71_5.63.5-snapshot.v20250502111227.js -> /output/vendors_clerk.browser_e26c71_5.63.5-snapshot.v20250502111227.js.sri
2025/06/29 13:31:02 algorithm: run /usr/bin/brotli --quality=11 --output=/output/vendors_clerk.browser_e26c71_5.63.5-snapshot.v20250502111227.js.br /tmp/work/dist/vendors_clerk.browser_e26c71_5.63.5-snapshot.v20250502111227.js
2025/06/29 13:31:02 sri /tmp/work/dist/zxcvbn-common_clerk.chips.browser_1fe980_5.63.5-snapshot.v20250502111227.min.js -> /output/zxcvbn-common_clerk.chips.browser_1fe980_5.63.5-snapshot.v20250502111227.min.js.sri
2025/06/29 13:31:02 algorithm: run /usr/bin/brotli --quality=11 --output=/output/zxcvbn-common_clerk.chips.browser_1fe980_5.63.5-snapshot.v20250502111227.min.js.br /tmp/work/dist/zxcvbn-common_clerk.chips.browser_1fe980_5.63.5-snapshot.v20250502111227.min.js
2025/06/29 13:31:02 br /tmp/work/dist/vendors_clerk.chips.browser_1fe980_5.63.5-snapshot.v20250502111227.js -> /output/vendors_clerk.chips.browser_1fe980_5.63.5-snapshot.v20250502111227.js.br
2025/06/29 13:31:02 gz /tmp/work/dist/vendors_clerk.chips.browser_1fe980_5.63.5-snapshot.v20250502111227.js -> /output/vendors_clerk.chips.browser_1fe980_5.63.5-snapshot.v20250502111227.js.gz
2025/06/29 13:31:02 compress: run /node_modules/uglify-js/bin/uglifyjs (3.15.4) [--mangle --compress if_return=true -o /tmp/work/dist/zxcvbn-common_clerk.legacy.browser_2f30cc_5.63.5-snapshot.v20250502111227.min.js /tmp/work/dist/zxcvbn-common_clerk.legacy.browser_2f30cc_5.63.5-snapshot.v20250502111227.js]
2025/06/29 13:31:02 br /tmp/work/dist/vendors_clerk.browser_e26c71_5.63.5-snapshot.v20250502111227.js -> /output/vendors_clerk.browser_e26c71_5.63.5-snapshot.v20250502111227.js.br
2025/06/29 13:31:02 br /tmp/work/dist/clerk.no-rhc.min.js -> /output/clerk.no-rhc.min.js.br
2025/06/29 13:31:02 gz /tmp/work/dist/vendors_clerk.browser_e26c71_5.63.5-snapshot.v20250502111227.js -> /output/vendors_clerk.browser_e26c71_5.63.5-snapshot.v20250502111227.js.gz
2025/06/29 13:31:02 compress: run /node_modules/uglify-js/bin/uglifyjs (3.15.4) [--mangle --compress if_return=true -o /tmp/work/dist/zxcvbn-ts-core_clerk.browser_e26c71_5.63.5-snapshot.v20250502111227.min.js /tmp/work/dist/zxcvbn-ts-core_clerk.browser_e26c71_5.63.5-snapshot.v20250502111227.js]
2025/06/29 13:31:02 sri /tmp/work/dist/zxcvbn-common_clerk.headless.browser_3402d1_5.63.5-snapshot.v20250502111227.min.js -> /output/zxcvbn-common_clerk.headless.browser_3402d1_5.63.5-snapshot.v20250502111227.min.js.sri
2025/06/29 13:31:02 algorithm: run /usr/bin/brotli --quality=11 --output=/output/zxcvbn-common_clerk.headless.browser_3402d1_5.63.5-snapshot.v20250502111227.min.js.br /tmp/work/dist/zxcvbn-common_clerk.headless.browser_3402d1_5.63.5-snapshot.v20250502111227.min.js
2025/06/29 13:31:02 gz /tmp/work/dist/clerk.no-rhc.min.js -> /output/clerk.no-rhc.min.js.gz
2025/06/29 13:31:02 sri /tmp/work/dist/clerk.no-rhc.js -> /output/clerk.no-rhc.js.sri
2025/06/29 13:31:02 algorithm: run /usr/bin/brotli --quality=11 --output=/output/clerk.no-rhc.js.br /tmp/work/dist/clerk.no-rhc.js
2025/06/29 13:31:02 sri /tmp/work/dist/zxcvbn-common_clerk.legacy.browser_2f30cc_5.63.5-snapshot.v20250502111227.min.js -> /output/zxcvbn-common_clerk.legacy.browser_2f30cc_5.63.5-snapshot.v20250502111227.min.js.sri
2025/06/29 13:31:02 algorithm: run /usr/bin/brotli --quality=11 --output=/output/zxcvbn-common_clerk.legacy.browser_2f30cc_5.63.5-snapshot.v20250502111227.min.js.br /tmp/work/dist/zxcvbn-common_clerk.legacy.browser_2f30cc_5.63.5-snapshot.v20250502111227.min.js
2025/06/29 13:31:03 sri /tmp/work/dist/vendors_clerk.legacy.browser_2f30cc_5.63.5-snapshot.v20250502111227.min.js -> /output/vendors_clerk.legacy.browser_2f30cc_5.63.5-snapshot.v20250502111227.min.js.sri
2025/06/29 13:31:03 algorithm: run /usr/bin/brotli --quality=11 --output=/output/vendors_clerk.legacy.browser_2f30cc_5.63.5-snapshot.v20250502111227.min.js.br /tmp/work/dist/vendors_clerk.legacy.browser_2f30cc_5.63.5-snapshot.v20250502111227.min.js
2025/06/29 13:31:03 br /tmp/work/dist/zxcvbn-common_clerk.browser_e26c71_5.63.5-snapshot.v20250502111227.min.js -> /output/zxcvbn-common_clerk.browser_e26c71_5.63.5-snapshot.v20250502111227.min.js.br
2025/06/29 13:31:03 gz /tmp/work/dist/zxcvbn-common_clerk.browser_e26c71_5.63.5-snapshot.v20250502111227.min.js -> /output/zxcvbn-common_clerk.browser_e26c71_5.63.5-snapshot.v20250502111227.min.js.gz
2025/06/29 13:31:03 sri /tmp/work/dist/zxcvbn-common_clerk.browser_e26c71_5.63.5-snapshot.v20250502111227.js -> /output/zxcvbn-common_clerk.browser_e26c71_5.63.5-snapshot.v20250502111227.js.sri
2025/06/29 13:31:03 algorithm: run /usr/bin/brotli --quality=11 --output=/output/zxcvbn-common_clerk.browser_e26c71_5.63.5-snapshot.v20250502111227.js.br /tmp/work/dist/zxcvbn-common_clerk.browser_e26c71_5.63.5-snapshot.v20250502111227.js
2025/06/29 13:31:03 br /tmp/work/dist/zxcvbn-common_clerk.chips.browser_1fe980_5.63.5-snapshot.v20250502111227.min.js -> /output/zxcvbn-common_clerk.chips.browser_1fe980_5.63.5-snapshot.v20250502111227.min.js.br
2025/06/29 13:31:03 sri /tmp/work/dist/zxcvbn-ts-core_clerk.browser_e26c71_5.63.5-snapshot.v20250502111227.min.js -> /output/zxcvbn-ts-core_clerk.browser_e26c71_5.63.5-snapshot.v20250502111227.min.js.sri
2025/06/29 13:31:03 algorithm: run /usr/bin/brotli --quality=11 --output=/output/zxcvbn-ts-core_clerk.browser_e26c71_5.63.5-snapshot.v20250502111227.min.js.br /tmp/work/dist/zxcvbn-ts-core_clerk.browser_e26c71_5.63.5-snapshot.v20250502111227.min.js
2025/06/29 13:31:03 gz /tmp/work/dist/zxcvbn-common_clerk.chips.browser_1fe980_5.63.5-snapshot.v20250502111227.min.js -> /output/zxcvbn-common_clerk.chips.browser_1fe980_5.63.5-snapshot.v20250502111227.min.js.gz
2025/06/29 13:31:03 sri /tmp/work/dist/zxcvbn-common_clerk.chips.browser_1fe980_5.63.5-snapshot.v20250502111227.js -> /output/zxcvbn-common_clerk.chips.browser_1fe980_5.63.5-snapshot.v20250502111227.js.sri
2025/06/29 13:31:03 algorithm: run /usr/bin/brotli --quality=11 --output=/output/zxcvbn-common_clerk.chips.browser_1fe980_5.63.5-snapshot.v20250502111227.js.br /tmp/work/dist/zxcvbn-common_clerk.chips.browser_1fe980_5.63.5-snapshot.v20250502111227.js
2025/06/29 13:31:03 br /tmp/work/dist/vendors_clerk.legacy.browser_2f30cc_5.63.5-snapshot.v20250502111227.min.js -> /output/vendors_clerk.legacy.browser_2f30cc_5.63.5-snapshot.v20250502111227.min.js.br
2025/06/29 13:31:03 gz /tmp/work/dist/vendors_clerk.legacy.browser_2f30cc_5.63.5-snapshot.v20250502111227.min.js -> /output/vendors_clerk.legacy.browser_2f30cc_5.63.5-snapshot.v20250502111227.min.js.gz
2025/06/29 13:31:03 sri /tmp/work/dist/vendors_clerk.legacy.browser_2f30cc_5.63.5-snapshot.v20250502111227.js -> /output/vendors_clerk.legacy.browser_2f30cc_5.63.5-snapshot.v20250502111227.js.sri
2025/06/29 13:31:03 algorithm: run /usr/bin/brotli --quality=11 --output=/output/vendors_clerk.legacy.browser_2f30cc_5.63.5-snapshot.v20250502111227.js.br /tmp/work/dist/vendors_clerk.legacy.browser_2f30cc_5.63.5-snapshot.v20250502111227.js
2025/06/29 13:31:03 br /tmp/work/dist/zxcvbn-ts-core_clerk.browser_e26c71_5.63.5-snapshot.v20250502111227.min.js -> /output/zxcvbn-ts-core_clerk.browser_e26c71_5.63.5-snapshot.v20250502111227.min.js.br
2025/06/29 13:31:03 gz /tmp/work/dist/zxcvbn-ts-core_clerk.browser_e26c71_5.63.5-snapshot.v20250502111227.min.js -> /output/zxcvbn-ts-core_clerk.browser_e26c71_5.63.5-snapshot.v20250502111227.min.js.gz
2025/06/29 13:31:03 sri /tmp/work/dist/zxcvbn-ts-core_clerk.browser_e26c71_5.63.5-snapshot.v20250502111227.js -> /output/zxcvbn-ts-core_clerk.browser_e26c71_5.63.5-snapshot.v20250502111227.js.sri
2025/06/29 13:31:03 algorithm: run /usr/bin/brotli --quality=11 --output=/output/zxcvbn-ts-core_clerk.browser_e26c71_5.63.5-snapshot.v20250502111227.js.br /tmp/work/dist/zxcvbn-ts-core_clerk.browser_e26c71_5.63.5-snapshot.v20250502111227.js
2025/06/29 13:31:03 br /tmp/work/dist/zxcvbn-ts-core_clerk.browser_e26c71_5.63.5-snapshot.v20250502111227.js -> /output/zxcvbn-ts-core_clerk.browser_e26c71_5.63.5-snapshot.v20250502111227.js.br
2025/06/29 13:31:03 gz /tmp/work/dist/zxcvbn-ts-core_clerk.browser_e26c71_5.63.5-snapshot.v20250502111227.js -> /output/zxcvbn-ts-core_clerk.browser_e26c71_5.63.5-snapshot.v20250502111227.js.gz
2025/06/29 13:31:03 compress: run /node_modules/uglify-js/bin/uglifyjs (3.15.4) [--mangle --compress if_return=true -o /tmp/work/dist/zxcvbn-ts-core_clerk.chips.browser_1fe980_5.63.5-snapshot.v20250502111227.min.js /tmp/work/dist/zxcvbn-ts-core_clerk.chips.browser_1fe980_5.63.5-snapshot.v20250502111227.js]
2025/06/29 13:31:03 br /tmp/work/dist/zxcvbn-common_clerk.headless.browser_3402d1_5.63.5-snapshot.v20250502111227.min.js -> /output/zxcvbn-common_clerk.headless.browser_3402d1_5.63.5-snapshot.v20250502111227.min.js.br
2025/06/29 13:31:03 gz /tmp/work/dist/zxcvbn-common_clerk.headless.browser_3402d1_5.63.5-snapshot.v20250502111227.min.js -> /output/zxcvbn-common_clerk.headless.browser_3402d1_5.63.5-snapshot.v20250502111227.min.js.gz
2025/06/29 13:31:03 sri /tmp/work/dist/zxcvbn-common_clerk.headless.browser_3402d1_5.63.5-snapshot.v20250502111227.js -> /output/zxcvbn-common_clerk.headless.browser_3402d1_5.63.5-snapshot.v20250502111227.js.sri
2025/06/29 13:31:03 algorithm: run /usr/bin/brotli --quality=11 --output=/output/zxcvbn-common_clerk.headless.browser_3402d1_5.63.5-snapshot.v20250502111227.js.br /tmp/work/dist/zxcvbn-common_clerk.headless.browser_3402d1_5.63.5-snapshot.v20250502111227.js
2025/06/29 13:31:03 br /tmp/work/dist/vendors_clerk.legacy.browser_2f30cc_5.63.5-snapshot.v20250502111227.js -> /output/vendors_clerk.legacy.browser_2f30cc_5.63.5-snapshot.v20250502111227.js.br
2025/06/29 13:31:03 gz /tmp/work/dist/vendors_clerk.legacy.browser_2f30cc_5.63.5-snapshot.v20250502111227.js -> /output/vendors_clerk.legacy.browser_2f30cc_5.63.5-snapshot.v20250502111227.js.gz
2025/06/29 13:31:03 compress: run /node_modules/uglify-js/bin/uglifyjs (3.15.4) [--mangle --compress if_return=true -o /tmp/work/dist/zxcvbn-ts-core_clerk.headless.browser_3402d1_5.63.5-snapshot.v20250502111227.min.js /tmp/work/dist/zxcvbn-ts-core_clerk.headless.browser_3402d1_5.63.5-snapshot.v20250502111227.js]
2025/06/29 13:31:04 br /tmp/work/dist/zxcvbn-common_clerk.legacy.browser_2f30cc_5.63.5-snapshot.v20250502111227.min.js -> /output/zxcvbn-common_clerk.legacy.browser_2f30cc_5.63.5-snapshot.v20250502111227.min.js.br
2025/06/29 13:31:04 gz /tmp/work/dist/zxcvbn-common_clerk.legacy.browser_2f30cc_5.63.5-snapshot.v20250502111227.min.js -> /output/zxcvbn-common_clerk.legacy.browser_2f30cc_5.63.5-snapshot.v20250502111227.min.js.gz
2025/06/29 13:31:04 sri /tmp/work/dist/zxcvbn-common_clerk.legacy.browser_2f30cc_5.63.5-snapshot.v20250502111227.js -> /output/zxcvbn-common_clerk.legacy.browser_2f30cc_5.63.5-snapshot.v20250502111227.js.sri
2025/06/29 13:31:04 algorithm: run /usr/bin/brotli --quality=11 --output=/output/zxcvbn-common_clerk.legacy.browser_2f30cc_5.63.5-snapshot.v20250502111227.js.br /tmp/work/dist/zxcvbn-common_clerk.legacy.browser_2f30cc_5.63.5-snapshot.v20250502111227.js
2025/06/29 13:31:04 br /tmp/work/dist/zxcvbn-common_clerk.browser_e26c71_5.63.5-snapshot.v20250502111227.js -> /output/zxcvbn-common_clerk.browser_e26c71_5.63.5-snapshot.v20250502111227.js.br
2025/06/29 13:31:04 gz /tmp/work/dist/zxcvbn-common_clerk.browser_e26c71_5.63.5-snapshot.v20250502111227.js -> /output/zxcvbn-common_clerk.browser_e26c71_5.63.5-snapshot.v20250502111227.js.gz
2025/06/29 13:31:04 compress: run /node_modules/uglify-js/bin/uglifyjs (3.15.4) [--mangle --compress if_return=true -o /tmp/work/dist/zxcvbn-ts-core_clerk.legacy.browser_2f30cc_5.63.5-snapshot.v20250502111227.min.js /tmp/work/dist/zxcvbn-ts-core_clerk.legacy.browser_2f30cc_5.63.5-snapshot.v20250502111227.js]
2025/06/29 13:31:04 br /tmp/work/dist/zxcvbn-common_clerk.chips.browser_1fe980_5.63.5-snapshot.v20250502111227.js -> /output/zxcvbn-common_clerk.chips.browser_1fe980_5.63.5-snapshot.v20250502111227.js.br
2025/06/29 13:31:05 sri /tmp/work/dist/zxcvbn-ts-core_clerk.chips.browser_1fe980_5.63.5-snapshot.v20250502111227.min.js -> /output/zxcvbn-ts-core_clerk.chips.browser_1fe980_5.63.5-snapshot.v20250502111227.min.js.sri
2025/06/29 13:31:05 algorithm: run /usr/bin/brotli --quality=11 --output=/output/zxcvbn-ts-core_clerk.chips.browser_1fe980_5.63.5-snapshot.v20250502111227.min.js.br /tmp/work/dist/zxcvbn-ts-core_clerk.chips.browser_1fe980_5.63.5-snapshot.v20250502111227.min.js
2025/06/29 13:31:05 br /tmp/work/dist/clerk.js -> /output/clerk.js.br
2025/06/29 13:31:05 gz /tmp/work/dist/zxcvbn-common_clerk.chips.browser_1fe980_5.63.5-snapshot.v20250502111227.js -> /output/zxcvbn-common_clerk.chips.browser_1fe980_5.63.5-snapshot.v20250502111227.js.gz
2025/06/29 13:31:05 br /tmp/work/dist/zxcvbn-ts-core_clerk.chips.browser_1fe980_5.63.5-snapshot.v20250502111227.min.js -> /output/zxcvbn-ts-core_clerk.chips.browser_1fe980_5.63.5-snapshot.v20250502111227.min.js.br
2025/06/29 13:31:05 gz /tmp/work/dist/zxcvbn-ts-core_clerk.chips.browser_1fe980_5.63.5-snapshot.v20250502111227.min.js -> /output/zxcvbn-ts-core_clerk.chips.browser_1fe980_5.63.5-snapshot.v20250502111227.min.js.gz
2025/06/29 13:31:05 sri /tmp/work/dist/zxcvbn-ts-core_clerk.chips.browser_1fe980_5.63.5-snapshot.v20250502111227.js -> /output/zxcvbn-ts-core_clerk.chips.browser_1fe980_5.63.5-snapshot.v20250502111227.js.sri
2025/06/29 13:31:05 algorithm: run /usr/bin/brotli --quality=11 --output=/output/zxcvbn-ts-core_clerk.chips.browser_1fe980_5.63.5-snapshot.v20250502111227.js.br /tmp/work/dist/zxcvbn-ts-core_clerk.chips.browser_1fe980_5.63.5-snapshot.v20250502111227.js
2025/06/29 13:31:05 br /tmp/work/dist/zxcvbn-common_clerk.headless.browser_3402d1_5.63.5-snapshot.v20250502111227.js -> /output/zxcvbn-common_clerk.headless.browser_3402d1_5.63.5-snapshot.v20250502111227.js.br
2025/06/29 13:31:05 gz /tmp/work/dist/clerk.js -> /output/clerk.js.gz
2025/06/29 13:31:05 br /tmp/work/dist/zxcvbn-ts-core_clerk.chips.browser_1fe980_5.63.5-snapshot.v20250502111227.js -> /output/zxcvbn-ts-core_clerk.chips.browser_1fe980_5.63.5-snapshot.v20250502111227.js.br
2025/06/29 13:31:05 gz /tmp/work/dist/zxcvbn-ts-core_clerk.chips.browser_1fe980_5.63.5-snapshot.v20250502111227.js -> /output/zxcvbn-ts-core_clerk.chips.browser_1fe980_5.63.5-snapshot.v20250502111227.js.gz
2025/06/29 13:31:05 gz /tmp/work/dist/zxcvbn-common_clerk.headless.browser_3402d1_5.63.5-snapshot.v20250502111227.js -> /output/zxcvbn-common_clerk.headless.browser_3402d1_5.63.5-snapshot.v20250502111227.js.gz
2025/06/29 13:31:05 sri /tmp/work/dist/zxcvbn-ts-core_clerk.headless.browser_3402d1_5.63.5-snapshot.v20250502111227.min.js -> /output/zxcvbn-ts-core_clerk.headless.browser_3402d1_5.63.5-snapshot.v20250502111227.min.js.sri
2025/06/29 13:31:05 algorithm: run /usr/bin/brotli --quality=11 --output=/output/zxcvbn-ts-core_clerk.headless.browser_3402d1_5.63.5-snapshot.v20250502111227.min.js.br /tmp/work/dist/zxcvbn-ts-core_clerk.headless.browser_3402d1_5.63.5-snapshot.v20250502111227.min.js
2025/06/29 13:31:05 br /tmp/work/dist/zxcvbn-ts-core_clerk.headless.browser_3402d1_5.63.5-snapshot.v20250502111227.min.js -> /output/zxcvbn-ts-core_clerk.headless.browser_3402d1_5.63.5-snapshot.v20250502111227.min.js.br
2025/06/29 13:31:05 gz /tmp/work/dist/zxcvbn-ts-core_clerk.headless.browser_3402d1_5.63.5-snapshot.v20250502111227.min.js -> /output/zxcvbn-ts-core_clerk.headless.browser_3402d1_5.63.5-snapshot.v20250502111227.min.js.gz
2025/06/29 13:31:05 sri /tmp/work/dist/zxcvbn-ts-core_clerk.headless.browser_3402d1_5.63.5-snapshot.v20250502111227.js -> /output/zxcvbn-ts-core_clerk.headless.browser_3402d1_5.63.5-snapshot.v20250502111227.js.sri
2025/06/29 13:31:05 algorithm: run /usr/bin/brotli --quality=11 --output=/output/zxcvbn-ts-core_clerk.headless.browser_3402d1_5.63.5-snapshot.v20250502111227.js.br /tmp/work/dist/zxcvbn-ts-core_clerk.headless.browser_3402d1_5.63.5-snapshot.v20250502111227.js
2025/06/29 13:31:05 br /tmp/work/dist/zxcvbn-ts-core_clerk.headless.browser_3402d1_5.63.5-snapshot.v20250502111227.js -> /output/zxcvbn-ts-core_clerk.headless.browser_3402d1_5.63.5-snapshot.v20250502111227.js.br
2025/06/29 13:31:05 gz /tmp/work/dist/zxcvbn-ts-core_clerk.headless.browser_3402d1_5.63.5-snapshot.v20250502111227.js -> /output/zxcvbn-ts-core_clerk.headless.browser_3402d1_5.63.5-snapshot.v20250502111227.js.gz
2025/06/29 13:31:05 br /tmp/work/dist/zxcvbn-common_clerk.legacy.browser_2f30cc_5.63.5-snapshot.v20250502111227.js -> /output/zxcvbn-common_clerk.legacy.browser_2f30cc_5.63.5-snapshot.v20250502111227.js.br
2025/06/29 13:31:05 sri /tmp/work/dist/zxcvbn-ts-core_clerk.legacy.browser_2f30cc_5.63.5-snapshot.v20250502111227.min.js -> /output/zxcvbn-ts-core_clerk.legacy.browser_2f30cc_5.63.5-snapshot.v20250502111227.min.js.sri
2025/06/29 13:31:05 algorithm: run /usr/bin/brotli --quality=11 --output=/output/zxcvbn-ts-core_clerk.legacy.browser_2f30cc_5.63.5-snapshot.v20250502111227.min.js.br /tmp/work/dist/zxcvbn-ts-core_clerk.legacy.browser_2f30cc_5.63.5-snapshot.v20250502111227.min.js
2025/06/29 13:31:05 gz /tmp/work/dist/zxcvbn-common_clerk.legacy.browser_2f30cc_5.63.5-snapshot.v20250502111227.js -> /output/zxcvbn-common_clerk.legacy.browser_2f30cc_5.63.5-snapshot.v20250502111227.js.gz
2025/06/29 13:31:05 br /tmp/work/dist/zxcvbn-ts-core_clerk.legacy.browser_2f30cc_5.63.5-snapshot.v20250502111227.min.js -> /output/zxcvbn-ts-core_clerk.legacy.browser_2f30cc_5.63.5-snapshot.v20250502111227.min.js.br
2025/06/29 13:31:05 gz /tmp/work/dist/zxcvbn-ts-core_clerk.legacy.browser_2f30cc_5.63.5-snapshot.v20250502111227.min.js -> /output/zxcvbn-ts-core_clerk.legacy.browser_2f30cc_5.63.5-snapshot.v20250502111227.min.js.gz
2025/06/29 13:31:05 sri /tmp/work/dist/zxcvbn-ts-core_clerk.legacy.browser_2f30cc_5.63.5-snapshot.v20250502111227.js -> /output/zxcvbn-ts-core_clerk.legacy.browser_2f30cc_5.63.5-snapshot.v20250502111227.js.sri
2025/06/29 13:31:05 algorithm: run /usr/bin/brotli --quality=11 --output=/output/zxcvbn-ts-core_clerk.legacy.browser_2f30cc_5.63.5-snapshot.v20250502111227.js.br /tmp/work/dist/zxcvbn-ts-core_clerk.legacy.browser_2f30cc_5.63.5-snapshot.v20250502111227.js
2025/06/29 13:31:05 br /tmp/work/dist/zxcvbn-ts-core_clerk.legacy.browser_2f30cc_5.63.5-snapshot.v20250502111227.js -> /output/zxcvbn-ts-core_clerk.legacy.browser_2f30cc_5.63.5-snapshot.v20250502111227.js.br
2025/06/29 13:31:05 gz /tmp/work/dist/zxcvbn-ts-core_clerk.legacy.browser_2f30cc_5.63.5-snapshot.v20250502111227.js -> /output/zxcvbn-ts-core_clerk.legacy.browser_2f30cc_5.63.5-snapshot.v20250502111227.js.gz
2025/06/29 13:31:06 br /tmp/work/dist/clerk.no-rhc.js -> /output/clerk.no-rhc.js.br
2025/06/29 13:31:06 gz /tmp/work/dist/clerk.no-rhc.js -> /output/clerk.no-rhc.js.gz
2025/06/29 13:31:06 processed clerk-js
