2025/06/17 07:19:58 optimizing files (Js true, Css true, Png true, Jpg true)
2025/06/17 07:19:58 compress: run /node_modules/uglify-js/bin/uglifyjs (3.15.4) [--mangle --compress if_return=true -o /tmp/work/dist/zonos-elements/index.esm.min.js /tmp/work/dist/zonos-elements/index.esm.js]
2025/06/17 07:19:58 compress: run /node_modules/uglify-js/bin/uglifyjs (3.15.4) [--mangle --compress if_return=true -o /tmp/work/dist/zonos-elements/p-11063d30.system.entry.min.js /tmp/work/dist/zonos-elements/p-11063d30.system.entry.js]
2025/06/17 07:19:58 compress: run /node_modules/uglify-js/bin/uglifyjs (3.15.4) [--mangle --compress if_return=true -o /tmp/work/dist/zonos-elements/p-12546668.system.min.js /tmp/work/dist/zonos-elements/p-12546668.system.js]
2025/06/17 07:19:58 compress: run /node_modules/uglify-js/bin/uglifyjs (3.15.4) [--mangle --compress if_return=true -o /tmp/work/dist/zonos-elements/p-04e53a0f.entry.min.js /tmp/work/dist/zonos-elements/p-04e53a0f.entry.js]
2025/06/17 07:19:58 compress: run /node_modules/uglify-js/bin/uglifyjs (3.15.4) [--mangle --compress if_return=true -o /tmp/work/dist/zonos-elements/p-08e7107d.min.js /tmp/work/dist/zonos-elements/p-08e7107d.js]
2025/06/17 07:19:58 compress: run /node_modules/uglify-js/bin/uglifyjs (3.15.4) [--mangle --compress if_return=true -o /tmp/work/dist/zonos-elements/p-0028d158.entry.min.js /tmp/work/dist/zonos-elements/p-0028d158.entry.js]
2025/06/17 07:19:58 compress: run /node_modules/uglify-js/bin/uglifyjs (3.15.4) [--mangle --compress if_return=true -o /tmp/work/dist/zonos-elements/p-05013308.entry.min.js /tmp/work/dist/zonos-elements/p-05013308.entry.js]
2025/06/17 07:19:58 compress: run /node_modules/uglify-js/bin/uglifyjs (3.15.4) [--mangle --compress if_return=true -o /tmp/work/dist/zonos-elements/p-0c64dbbb.min.js /tmp/work/dist/zonos-elements/p-0c64dbbb.js]
2025/06/17 07:19:59 sri /tmp/work/dist/zonos-elements/p-08e7107d.min.js -> /output/dist/zonos-elements/p-08e7107d.min.js.sri
2025/06/17 07:19:59 algorithm: run /usr/bin/brotli --quality=11 --output=/output/dist/zonos-elements/p-08e7107d.min.js.br /tmp/work/dist/zonos-elements/p-08e7107d.min.js
2025/06/17 07:19:59 br /tmp/work/dist/zonos-elements/p-08e7107d.min.js -> /output/dist/zonos-elements/p-08e7107d.min.js.br
2025/06/17 07:19:59 gz /tmp/work/dist/zonos-elements/p-08e7107d.min.js -> /output/dist/zonos-elements/p-08e7107d.min.js.gz
2025/06/17 07:19:59 sri /tmp/work/dist/zonos-elements/p-08e7107d.js -> /output/dist/zonos-elements/p-08e7107d.js.sri
2025/06/17 07:19:59 algorithm: run /usr/bin/brotli --quality=11 --output=/output/dist/zonos-elements/p-08e7107d.js.br /tmp/work/dist/zonos-elements/p-08e7107d.js
2025/06/17 07:19:59 br /tmp/work/dist/zonos-elements/p-08e7107d.js -> /output/dist/zonos-elements/p-08e7107d.js.br
2025/06/17 07:19:59 gz /tmp/work/dist/zonos-elements/p-08e7107d.js -> /output/dist/zonos-elements/p-08e7107d.js.gz
2025/06/17 07:19:59 compress: run /node_modules/uglify-js/bin/uglifyjs (3.15.4) [--mangle --compress if_return=true -o /tmp/work/dist/zonos-elements/p-12a6b7bd.system.min.js /tmp/work/dist/zonos-elements/p-12a6b7bd.system.js]
2025/06/17 07:19:59 sri /tmp/work/dist/zonos-elements/p-0c64dbbb.min.js -> /output/dist/zonos-elements/p-0c64dbbb.min.js.sri
2025/06/17 07:19:59 algorithm: run /usr/bin/brotli --quality=11 --output=/output/dist/zonos-elements/p-0c64dbbb.min.js.br /tmp/work/dist/zonos-elements/p-0c64dbbb.min.js
2025/06/17 07:19:59 sri /tmp/work/dist/zonos-elements/p-05013308.entry.min.js -> /output/dist/zonos-elements/p-05013308.entry.min.js.sri
2025/06/17 07:19:59 algorithm: run /usr/bin/brotli --quality=11 --output=/output/dist/zonos-elements/p-05013308.entry.min.js.br /tmp/work/dist/zonos-elements/p-05013308.entry.min.js
2025/06/17 07:19:59 br /tmp/work/dist/zonos-elements/p-0c64dbbb.min.js -> /output/dist/zonos-elements/p-0c64dbbb.min.js.br
2025/06/17 07:19:59 gz /tmp/work/dist/zonos-elements/p-0c64dbbb.min.js -> /output/dist/zonos-elements/p-0c64dbbb.min.js.gz
2025/06/17 07:19:59 sri /tmp/work/dist/zonos-elements/p-0c64dbbb.js -> /output/dist/zonos-elements/p-0c64dbbb.js.sri
2025/06/17 07:19:59 algorithm: run /usr/bin/brotli --quality=11 --output=/output/dist/zonos-elements/p-0c64dbbb.js.br /tmp/work/dist/zonos-elements/p-0c64dbbb.js
2025/06/17 07:19:59 br /tmp/work/dist/zonos-elements/p-05013308.entry.min.js -> /output/dist/zonos-elements/p-05013308.entry.min.js.br
2025/06/17 07:19:59 gz /tmp/work/dist/zonos-elements/p-05013308.entry.min.js -> /output/dist/zonos-elements/p-05013308.entry.min.js.gz
2025/06/17 07:19:59 br /tmp/work/dist/zonos-elements/p-0c64dbbb.js -> /output/dist/zonos-elements/p-0c64dbbb.js.br
2025/06/17 07:19:59 sri /tmp/work/dist/zonos-elements/p-05013308.entry.js -> /output/dist/zonos-elements/p-05013308.entry.js.sri
2025/06/17 07:19:59 algorithm: run /usr/bin/brotli --quality=11 --output=/output/dist/zonos-elements/p-05013308.entry.js.br /tmp/work/dist/zonos-elements/p-05013308.entry.js
2025/06/17 07:19:59 gz /tmp/work/dist/zonos-elements/p-0c64dbbb.js -> /output/dist/zonos-elements/p-0c64dbbb.js.gz
2025/06/17 07:19:59 compress: run /node_modules/uglify-js/bin/uglifyjs (3.15.4) [--mangle --compress if_return=true -o /tmp/work/dist/zonos-elements/p-18e5b741.system.min.js /tmp/work/dist/zonos-elements/p-18e5b741.system.js]
2025/06/17 07:19:59 br /tmp/work/dist/zonos-elements/p-05013308.entry.js -> /output/dist/zonos-elements/p-05013308.entry.js.br
2025/06/17 07:19:59 gz /tmp/work/dist/zonos-elements/p-05013308.entry.js -> /output/dist/zonos-elements/p-05013308.entry.js.gz
2025/06/17 07:19:59 compress: run /node_modules/uglify-js/bin/uglifyjs (3.15.4) [--mangle --compress if_return=true -o /tmp/work/dist/zonos-elements/p-1aa93d1e.system.min.js /tmp/work/dist/zonos-elements/p-1aa93d1e.system.js]
2025/06/17 07:19:59 sri /tmp/work/dist/zonos-elements/p-0028d158.entry.min.js -> /output/dist/zonos-elements/p-0028d158.entry.min.js.sri
2025/06/17 07:19:59 algorithm: run /usr/bin/brotli --quality=11 --output=/output/dist/zonos-elements/p-0028d158.entry.min.js.br /tmp/work/dist/zonos-elements/p-0028d158.entry.min.js
2025/06/17 07:19:59 br /tmp/work/dist/zonos-elements/p-0028d158.entry.min.js -> /output/dist/zonos-elements/p-0028d158.entry.min.js.br
2025/06/17 07:19:59 gz /tmp/work/dist/zonos-elements/p-0028d158.entry.min.js -> /output/dist/zonos-elements/p-0028d158.entry.min.js.gz
2025/06/17 07:19:59 sri /tmp/work/dist/zonos-elements/p-0028d158.entry.js -> /output/dist/zonos-elements/p-0028d158.entry.js.sri
2025/06/17 07:19:59 algorithm: run /usr/bin/brotli --quality=11 --output=/output/dist/zonos-elements/p-0028d158.entry.js.br /tmp/work/dist/zonos-elements/p-0028d158.entry.js
2025/06/17 07:19:59 br /tmp/work/dist/zonos-elements/p-0028d158.entry.js -> /output/dist/zonos-elements/p-0028d158.entry.js.br
2025/06/17 07:19:59 gz /tmp/work/dist/zonos-elements/p-0028d158.entry.js -> /output/dist/zonos-elements/p-0028d158.entry.js.gz
2025/06/17 07:19:59 compress: run /node_modules/uglify-js/bin/uglifyjs (3.15.4) [--mangle --compress if_return=true -o /tmp/work/dist/zonos-elements/p-23e7c655.system.min.js /tmp/work/dist/zonos-elements/p-23e7c655.system.js]
2025/06/17 07:19:59 sri /tmp/work/dist/zonos-elements/p-12a6b7bd.system.min.js -> /output/dist/zonos-elements/p-12a6b7bd.system.min.js.sri
2025/06/17 07:19:59 algorithm: run /usr/bin/brotli --quality=11 --output=/output/dist/zonos-elements/p-12a6b7bd.system.min.js.br /tmp/work/dist/zonos-elements/p-12a6b7bd.system.min.js
2025/06/17 07:19:59 br /tmp/work/dist/zonos-elements/p-12a6b7bd.system.min.js -> /output/dist/zonos-elements/p-12a6b7bd.system.min.js.br
2025/06/17 07:19:59 gz /tmp/work/dist/zonos-elements/p-12a6b7bd.system.min.js -> /output/dist/zonos-elements/p-12a6b7bd.system.min.js.gz
2025/06/17 07:19:59 sri /tmp/work/dist/zonos-elements/p-12a6b7bd.system.js -> /output/dist/zonos-elements/p-12a6b7bd.system.js.sri
2025/06/17 07:19:59 algorithm: run /usr/bin/brotli --quality=11 --output=/output/dist/zonos-elements/p-12a6b7bd.system.js.br /tmp/work/dist/zonos-elements/p-12a6b7bd.system.js
2025/06/17 07:19:59 br /tmp/work/dist/zonos-elements/p-12a6b7bd.system.js -> /output/dist/zonos-elements/p-12a6b7bd.system.js.br
2025/06/17 07:19:59 gz /tmp/work/dist/zonos-elements/p-12a6b7bd.system.js -> /output/dist/zonos-elements/p-12a6b7bd.system.js.gz
2025/06/17 07:19:59 compress: run /node_modules/uglify-js/bin/uglifyjs (3.15.4) [--mangle --compress if_return=true -o /tmp/work/dist/zonos-elements/p-2670438c.system.min.js /tmp/work/dist/zonos-elements/p-2670438c.system.js]
2025/06/17 07:19:59 sri /tmp/work/dist/zonos-elements/index.esm.min.js -> /output/dist/zonos-elements/index.esm.min.js.sri
2025/06/17 07:19:59 algorithm: run /usr/bin/brotli --quality=11 --output=/output/dist/zonos-elements/index.esm.min.js.br /tmp/work/dist/zonos-elements/index.esm.min.js
2025/06/17 07:19:59 br /tmp/work/dist/zonos-elements/index.esm.min.js -> /output/dist/zonos-elements/index.esm.min.js.br
2025/06/17 07:19:59 gz /tmp/work/dist/zonos-elements/index.esm.min.js -> /output/dist/zonos-elements/index.esm.min.js.gz
2025/06/17 07:19:59 sri /tmp/work/dist/zonos-elements/index.esm.js -> /output/dist/zonos-elements/index.esm.js.sri
2025/06/17 07:19:59 algorithm: run /usr/bin/brotli --quality=11 --output=/output/dist/zonos-elements/index.esm.js.br /tmp/work/dist/zonos-elements/index.esm.js
2025/06/17 07:19:59 sri /tmp/work/dist/zonos-elements/p-1aa93d1e.system.min.js -> /output/dist/zonos-elements/p-1aa93d1e.system.min.js.sri
2025/06/17 07:19:59 algorithm: run /usr/bin/brotli --quality=11 --output=/output/dist/zonos-elements/p-1aa93d1e.system.min.js.br /tmp/work/dist/zonos-elements/p-1aa93d1e.system.min.js
2025/06/17 07:19:59 br /tmp/work/dist/zonos-elements/p-1aa93d1e.system.min.js -> /output/dist/zonos-elements/p-1aa93d1e.system.min.js.br
2025/06/17 07:19:59 gz /tmp/work/dist/zonos-elements/p-1aa93d1e.system.min.js -> /output/dist/zonos-elements/p-1aa93d1e.system.min.js.gz
2025/06/17 07:19:59 sri /tmp/work/dist/zonos-elements/p-1aa93d1e.system.js -> /output/dist/zonos-elements/p-1aa93d1e.system.js.sri
2025/06/17 07:19:59 algorithm: run /usr/bin/brotli --quality=11 --output=/output/dist/zonos-elements/p-1aa93d1e.system.js.br /tmp/work/dist/zonos-elements/p-1aa93d1e.system.js
2025/06/17 07:19:59 br /tmp/work/dist/zonos-elements/p-1aa93d1e.system.js -> /output/dist/zonos-elements/p-1aa93d1e.system.js.br
2025/06/17 07:19:59 gz /tmp/work/dist/zonos-elements/p-1aa93d1e.system.js -> /output/dist/zonos-elements/p-1aa93d1e.system.js.gz
2025/06/17 07:19:59 compress: run /node_modules/uglify-js/bin/uglifyjs (3.15.4) [--mangle --compress if_return=true -o /tmp/work/dist/zonos-elements/p-2770ba48.system.min.js /tmp/work/dist/zonos-elements/p-2770ba48.system.js]
2025/06/17 07:19:59 br /tmp/work/dist/zonos-elements/index.esm.js -> /output/dist/zonos-elements/index.esm.js.br
2025/06/17 07:19:59 gz /tmp/work/dist/zonos-elements/index.esm.js -> /output/dist/zonos-elements/index.esm.js.gz
2025/06/17 07:19:59 compress: run /node_modules/uglify-js/bin/uglifyjs (3.15.4) [--mangle --compress if_return=true -o /tmp/work/dist/zonos-elements/p-28a516f8.system.min.js /tmp/work/dist/zonos-elements/p-28a516f8.system.js]
2025/06/17 07:19:59 sri /tmp/work/dist/zonos-elements/p-23e7c655.system.min.js -> /output/dist/zonos-elements/p-23e7c655.system.min.js.sri
2025/06/17 07:19:59 algorithm: run /usr/bin/brotli --quality=11 --output=/output/dist/zonos-elements/p-23e7c655.system.min.js.br /tmp/work/dist/zonos-elements/p-23e7c655.system.min.js
2025/06/17 07:19:59 br /tmp/work/dist/zonos-elements/p-23e7c655.system.min.js -> /output/dist/zonos-elements/p-23e7c655.system.min.js.br
2025/06/17 07:19:59 gz /tmp/work/dist/zonos-elements/p-23e7c655.system.min.js -> /output/dist/zonos-elements/p-23e7c655.system.min.js.gz
2025/06/17 07:19:59 sri /tmp/work/dist/zonos-elements/p-23e7c655.system.js -> /output/dist/zonos-elements/p-23e7c655.system.js.sri
2025/06/17 07:19:59 algorithm: run /usr/bin/brotli --quality=11 --output=/output/dist/zonos-elements/p-23e7c655.system.js.br /tmp/work/dist/zonos-elements/p-23e7c655.system.js
2025/06/17 07:19:59 br /tmp/work/dist/zonos-elements/p-23e7c655.system.js -> /output/dist/zonos-elements/p-23e7c655.system.js.br
2025/06/17 07:19:59 gz /tmp/work/dist/zonos-elements/p-23e7c655.system.js -> /output/dist/zonos-elements/p-23e7c655.system.js.gz
2025/06/17 07:19:59 compress: run /node_modules/uglify-js/bin/uglifyjs (3.15.4) [--mangle --compress if_return=true -o /tmp/work/dist/zonos-elements/p-2d6557ee.system.min.js /tmp/work/dist/zonos-elements/p-2d6557ee.system.js]
2025/06/17 07:19:59 sri /tmp/work/dist/zonos-elements/p-04e53a0f.entry.min.js -> /output/dist/zonos-elements/p-04e53a0f.entry.min.js.sri
2025/06/17 07:19:59 algorithm: run /usr/bin/brotli --quality=11 --output=/output/dist/zonos-elements/p-04e53a0f.entry.min.js.br /tmp/work/dist/zonos-elements/p-04e53a0f.entry.min.js
2025/06/17 07:19:59 br /tmp/work/dist/zonos-elements/p-04e53a0f.entry.min.js -> /output/dist/zonos-elements/p-04e53a0f.entry.min.js.br
2025/06/17 07:19:59 gz /tmp/work/dist/zonos-elements/p-04e53a0f.entry.min.js -> /output/dist/zonos-elements/p-04e53a0f.entry.min.js.gz
2025/06/17 07:19:59 sri /tmp/work/dist/zonos-elements/p-04e53a0f.entry.js -> /output/dist/zonos-elements/p-04e53a0f.entry.js.sri
2025/06/17 07:19:59 algorithm: run /usr/bin/brotli --quality=11 --output=/output/dist/zonos-elements/p-04e53a0f.entry.js.br /tmp/work/dist/zonos-elements/p-04e53a0f.entry.js
2025/06/17 07:19:59 br /tmp/work/dist/zonos-elements/p-04e53a0f.entry.js -> /output/dist/zonos-elements/p-04e53a0f.entry.js.br
2025/06/17 07:19:59 gz /tmp/work/dist/zonos-elements/p-04e53a0f.entry.js -> /output/dist/zonos-elements/p-04e53a0f.entry.js.gz
2025/06/17 07:19:59 compress: run /node_modules/uglify-js/bin/uglifyjs (3.15.4) [--mangle --compress if_return=true -o /tmp/work/dist/zonos-elements/p-32912caf.system.min.js /tmp/work/dist/zonos-elements/p-32912caf.system.js]
2025/06/17 07:19:59 sri /tmp/work/dist/zonos-elements/p-2670438c.system.min.js -> /output/dist/zonos-elements/p-2670438c.system.min.js.sri
2025/06/17 07:19:59 algorithm: run /usr/bin/brotli --quality=11 --output=/output/dist/zonos-elements/p-2670438c.system.min.js.br /tmp/work/dist/zonos-elements/p-2670438c.system.min.js
2025/06/17 07:19:59 br /tmp/work/dist/zonos-elements/p-2670438c.system.min.js -> /output/dist/zonos-elements/p-2670438c.system.min.js.br
2025/06/17 07:19:59 gz /tmp/work/dist/zonos-elements/p-2670438c.system.min.js -> /output/dist/zonos-elements/p-2670438c.system.min.js.gz
2025/06/17 07:19:59 sri /tmp/work/dist/zonos-elements/p-2670438c.system.js -> /output/dist/zonos-elements/p-2670438c.system.js.sri
2025/06/17 07:19:59 algorithm: run /usr/bin/brotli --quality=11 --output=/output/dist/zonos-elements/p-2670438c.system.js.br /tmp/work/dist/zonos-elements/p-2670438c.system.js
2025/06/17 07:19:59 br /tmp/work/dist/zonos-elements/p-2670438c.system.js -> /output/dist/zonos-elements/p-2670438c.system.js.br
2025/06/17 07:19:59 gz /tmp/work/dist/zonos-elements/p-2670438c.system.js -> /output/dist/zonos-elements/p-2670438c.system.js.gz
2025/06/17 07:19:59 compress: run /node_modules/uglify-js/bin/uglifyjs (3.15.4) [--mangle --compress if_return=true -o /tmp/work/dist/zonos-elements/p-36f97fd9.entry.min.js /tmp/work/dist/zonos-elements/p-36f97fd9.entry.js]
2025/06/17 07:19:59 sri /tmp/work/dist/zonos-elements/p-2770ba48.system.min.js -> /output/dist/zonos-elements/p-2770ba48.system.min.js.sri
2025/06/17 07:19:59 algorithm: run /usr/bin/brotli --quality=11 --output=/output/dist/zonos-elements/p-2770ba48.system.min.js.br /tmp/work/dist/zonos-elements/p-2770ba48.system.min.js
2025/06/17 07:19:59 br /tmp/work/dist/zonos-elements/p-2770ba48.system.min.js -> /output/dist/zonos-elements/p-2770ba48.system.min.js.br
2025/06/17 07:19:59 gz /tmp/work/dist/zonos-elements/p-2770ba48.system.min.js -> /output/dist/zonos-elements/p-2770ba48.system.min.js.gz
2025/06/17 07:19:59 sri /tmp/work/dist/zonos-elements/p-2770ba48.system.js -> /output/dist/zonos-elements/p-2770ba48.system.js.sri
2025/06/17 07:19:59 algorithm: run /usr/bin/brotli --quality=11 --output=/output/dist/zonos-elements/p-2770ba48.system.js.br /tmp/work/dist/zonos-elements/p-2770ba48.system.js
2025/06/17 07:19:59 br /tmp/work/dist/zonos-elements/p-2770ba48.system.js -> /output/dist/zonos-elements/p-2770ba48.system.js.br
2025/06/17 07:19:59 gz /tmp/work/dist/zonos-elements/p-2770ba48.system.js -> /output/dist/zonos-elements/p-2770ba48.system.js.gz
2025/06/17 07:19:59 compress: run /node_modules/uglify-js/bin/uglifyjs (3.15.4) [--mangle --compress if_return=true -o /tmp/work/dist/zonos-elements/p-3a213429.system.entry.min.js /tmp/work/dist/zonos-elements/p-3a213429.system.entry.js]
2025/06/17 07:20:00 sri /tmp/work/dist/zonos-elements/p-2d6557ee.system.min.js -> /output/dist/zonos-elements/p-2d6557ee.system.min.js.sri
2025/06/17 07:20:00 algorithm: run /usr/bin/brotli --quality=11 --output=/output/dist/zonos-elements/p-2d6557ee.system.min.js.br /tmp/work/dist/zonos-elements/p-2d6557ee.system.min.js
2025/06/17 07:20:00 br /tmp/work/dist/zonos-elements/p-2d6557ee.system.min.js -> /output/dist/zonos-elements/p-2d6557ee.system.min.js.br
2025/06/17 07:20:00 gz /tmp/work/dist/zonos-elements/p-2d6557ee.system.min.js -> /output/dist/zonos-elements/p-2d6557ee.system.min.js.gz
2025/06/17 07:20:00 sri /tmp/work/dist/zonos-elements/p-2d6557ee.system.js -> /output/dist/zonos-elements/p-2d6557ee.system.js.sri
2025/06/17 07:20:00 algorithm: run /usr/bin/brotli --quality=11 --output=/output/dist/zonos-elements/p-2d6557ee.system.js.br /tmp/work/dist/zonos-elements/p-2d6557ee.system.js
2025/06/17 07:20:00 br /tmp/work/dist/zonos-elements/p-2d6557ee.system.js -> /output/dist/zonos-elements/p-2d6557ee.system.js.br
2025/06/17 07:20:00 gz /tmp/work/dist/zonos-elements/p-2d6557ee.system.js -> /output/dist/zonos-elements/p-2d6557ee.system.js.gz
2025/06/17 07:20:00 compress: run /node_modules/uglify-js/bin/uglifyjs (3.15.4) [--mangle --compress if_return=true -o /tmp/work/dist/zonos-elements/p-3aa4841a.system.entry.min.js /tmp/work/dist/zonos-elements/p-3aa4841a.system.entry.js]
2025/06/17 07:20:00 sri /tmp/work/dist/zonos-elements/p-36f97fd9.entry.min.js -> /output/dist/zonos-elements/p-36f97fd9.entry.min.js.sri
2025/06/17 07:20:00 algorithm: run /usr/bin/brotli --quality=11 --output=/output/dist/zonos-elements/p-36f97fd9.entry.min.js.br /tmp/work/dist/zonos-elements/p-36f97fd9.entry.min.js
2025/06/17 07:20:00 br /tmp/work/dist/zonos-elements/p-36f97fd9.entry.min.js -> /output/dist/zonos-elements/p-36f97fd9.entry.min.js.br
2025/06/17 07:20:00 gz /tmp/work/dist/zonos-elements/p-36f97fd9.entry.min.js -> /output/dist/zonos-elements/p-36f97fd9.entry.min.js.gz
2025/06/17 07:20:00 sri /tmp/work/dist/zonos-elements/p-36f97fd9.entry.js -> /output/dist/zonos-elements/p-36f97fd9.entry.js.sri
2025/06/17 07:20:00 algorithm: run /usr/bin/brotli --quality=11 --output=/output/dist/zonos-elements/p-36f97fd9.entry.js.br /tmp/work/dist/zonos-elements/p-36f97fd9.entry.js
2025/06/17 07:20:00 br /tmp/work/dist/zonos-elements/p-36f97fd9.entry.js -> /output/dist/zonos-elements/p-36f97fd9.entry.js.br
2025/06/17 07:20:00 gz /tmp/work/dist/zonos-elements/p-36f97fd9.entry.js -> /output/dist/zonos-elements/p-36f97fd9.entry.js.gz
2025/06/17 07:20:00 compress: run /node_modules/uglify-js/bin/uglifyjs (3.15.4) [--mangle --compress if_return=true -o /tmp/work/dist/zonos-elements/p-3d221556.system.entry.min.js /tmp/work/dist/zonos-elements/p-3d221556.system.entry.js]
2025/06/17 07:20:00 sri /tmp/work/dist/zonos-elements/p-18e5b741.system.min.js -> /output/dist/zonos-elements/p-18e5b741.system.min.js.sri
2025/06/17 07:20:00 algorithm: run /usr/bin/brotli --quality=11 --output=/output/dist/zonos-elements/p-18e5b741.system.min.js.br /tmp/work/dist/zonos-elements/p-18e5b741.system.min.js
2025/06/17 07:20:00 br /tmp/work/dist/zonos-elements/p-18e5b741.system.min.js -> /output/dist/zonos-elements/p-18e5b741.system.min.js.br
2025/06/17 07:20:00 gz /tmp/work/dist/zonos-elements/p-18e5b741.system.min.js -> /output/dist/zonos-elements/p-18e5b741.system.min.js.gz
2025/06/17 07:20:00 sri /tmp/work/dist/zonos-elements/p-18e5b741.system.js -> /output/dist/zonos-elements/p-18e5b741.system.js.sri
2025/06/17 07:20:00 algorithm: run /usr/bin/brotli --quality=11 --output=/output/dist/zonos-elements/p-18e5b741.system.js.br /tmp/work/dist/zonos-elements/p-18e5b741.system.js
2025/06/17 07:20:00 sri /tmp/work/dist/zonos-elements/p-3a213429.system.entry.min.js -> /output/dist/zonos-elements/p-3a213429.system.entry.min.js.sri
2025/06/17 07:20:00 algorithm: run /usr/bin/brotli --quality=11 --output=/output/dist/zonos-elements/p-3a213429.system.entry.min.js.br /tmp/work/dist/zonos-elements/p-3a213429.system.entry.min.js
2025/06/17 07:20:00 sri /tmp/work/dist/zonos-elements/p-11063d30.system.entry.min.js -> /output/dist/zonos-elements/p-11063d30.system.entry.min.js.sri
2025/06/17 07:20:00 algorithm: run /usr/bin/brotli --quality=11 --output=/output/dist/zonos-elements/p-11063d30.system.entry.min.js.br /tmp/work/dist/zonos-elements/p-11063d30.system.entry.min.js
2025/06/17 07:20:00 br /tmp/work/dist/zonos-elements/p-3a213429.system.entry.min.js -> /output/dist/zonos-elements/p-3a213429.system.entry.min.js.br
2025/06/17 07:20:00 gz /tmp/work/dist/zonos-elements/p-3a213429.system.entry.min.js -> /output/dist/zonos-elements/p-3a213429.system.entry.min.js.gz
2025/06/17 07:20:00 sri /tmp/work/dist/zonos-elements/p-3a213429.system.entry.js -> /output/dist/zonos-elements/p-3a213429.system.entry.js.sri
2025/06/17 07:20:00 algorithm: run /usr/bin/brotli --quality=11 --output=/output/dist/zonos-elements/p-3a213429.system.entry.js.br /tmp/work/dist/zonos-elements/p-3a213429.system.entry.js
2025/06/17 07:20:00 br /tmp/work/dist/zonos-elements/p-3a213429.system.entry.js -> /output/dist/zonos-elements/p-3a213429.system.entry.js.br
2025/06/17 07:20:00 gz /tmp/work/dist/zonos-elements/p-3a213429.system.entry.js -> /output/dist/zonos-elements/p-3a213429.system.entry.js.gz
2025/06/17 07:20:00 compress: run /node_modules/uglify-js/bin/uglifyjs (3.15.4) [--mangle --compress if_return=true -o /tmp/work/dist/zonos-elements/p-3e20fb8f.entry.min.js /tmp/work/dist/zonos-elements/p-3e20fb8f.entry.js]
2025/06/17 07:20:00 br /tmp/work/dist/zonos-elements/p-18e5b741.system.js -> /output/dist/zonos-elements/p-18e5b741.system.js.br
2025/06/17 07:20:00 gz /tmp/work/dist/zonos-elements/p-18e5b741.system.js -> /output/dist/zonos-elements/p-18e5b741.system.js.gz
2025/06/17 07:20:00 compress: run /node_modules/uglify-js/bin/uglifyjs (3.15.4) [--mangle --compress if_return=true -o /tmp/work/dist/zonos-elements/p-3e3e7800.entry.min.js /tmp/work/dist/zonos-elements/p-3e3e7800.entry.js]
2025/06/17 07:20:00 sri /tmp/work/dist/zonos-elements/p-3aa4841a.system.entry.min.js -> /output/dist/zonos-elements/p-3aa4841a.system.entry.min.js.sri
2025/06/17 07:20:00 algorithm: run /usr/bin/brotli --quality=11 --output=/output/dist/zonos-elements/p-3aa4841a.system.entry.min.js.br /tmp/work/dist/zonos-elements/p-3aa4841a.system.entry.min.js
2025/06/17 07:20:00 br /tmp/work/dist/zonos-elements/p-3aa4841a.system.entry.min.js -> /output/dist/zonos-elements/p-3aa4841a.system.entry.min.js.br
2025/06/17 07:20:00 gz /tmp/work/dist/zonos-elements/p-3aa4841a.system.entry.min.js -> /output/dist/zonos-elements/p-3aa4841a.system.entry.min.js.gz
2025/06/17 07:20:00 sri /tmp/work/dist/zonos-elements/p-3aa4841a.system.entry.js -> /output/dist/zonos-elements/p-3aa4841a.system.entry.js.sri
2025/06/17 07:20:00 algorithm: run /usr/bin/brotli --quality=11 --output=/output/dist/zonos-elements/p-3aa4841a.system.entry.js.br /tmp/work/dist/zonos-elements/p-3aa4841a.system.entry.js
2025/06/17 07:20:00 br /tmp/work/dist/zonos-elements/p-3aa4841a.system.entry.js -> /output/dist/zonos-elements/p-3aa4841a.system.entry.js.br
2025/06/17 07:20:00 gz /tmp/work/dist/zonos-elements/p-3aa4841a.system.entry.js -> /output/dist/zonos-elements/p-3aa4841a.system.entry.js.gz
2025/06/17 07:20:00 compress: run /node_modules/uglify-js/bin/uglifyjs (3.15.4) [--mangle --compress if_return=true -o /tmp/work/dist/zonos-elements/p-3ea350e8.entry.min.js /tmp/work/dist/zonos-elements/p-3ea350e8.entry.js]
2025/06/17 07:20:00 sri /tmp/work/dist/zonos-elements/p-12546668.system.min.js -> /output/dist/zonos-elements/p-12546668.system.min.js.sri
2025/06/17 07:20:00 algorithm: run /usr/bin/brotli --quality=11 --output=/output/dist/zonos-elements/p-12546668.system.min.js.br /tmp/work/dist/zonos-elements/p-12546668.system.min.js
2025/06/17 07:20:00 br /tmp/work/dist/zonos-elements/p-11063d30.system.entry.min.js -> /output/dist/zonos-elements/p-11063d30.system.entry.min.js.br
2025/06/17 07:20:00 gz /tmp/work/dist/zonos-elements/p-11063d30.system.entry.min.js -> /output/dist/zonos-elements/p-11063d30.system.entry.min.js.gz
2025/06/17 07:20:00 sri /tmp/work/dist/zonos-elements/p-11063d30.system.entry.js -> /output/dist/zonos-elements/p-11063d30.system.entry.js.sri
2025/06/17 07:20:00 algorithm: run /usr/bin/brotli --quality=11 --output=/output/dist/zonos-elements/p-11063d30.system.entry.js.br /tmp/work/dist/zonos-elements/p-11063d30.system.entry.js
2025/06/17 07:20:00 br /tmp/work/dist/zonos-elements/p-12546668.system.min.js -> /output/dist/zonos-elements/p-12546668.system.min.js.br
2025/06/17 07:20:00 gz /tmp/work/dist/zonos-elements/p-12546668.system.min.js -> /output/dist/zonos-elements/p-12546668.system.min.js.gz
2025/06/17 07:20:00 sri /tmp/work/dist/zonos-elements/p-12546668.system.js -> /output/dist/zonos-elements/p-12546668.system.js.sri
2025/06/17 07:20:00 algorithm: run /usr/bin/brotli --quality=11 --output=/output/dist/zonos-elements/p-12546668.system.js.br /tmp/work/dist/zonos-elements/p-12546668.system.js
2025/06/17 07:20:00 sri /tmp/work/dist/zonos-elements/p-3d221556.system.entry.min.js -> /output/dist/zonos-elements/p-3d221556.system.entry.min.js.sri
2025/06/17 07:20:00 algorithm: run /usr/bin/brotli --quality=11 --output=/output/dist/zonos-elements/p-3d221556.system.entry.min.js.br /tmp/work/dist/zonos-elements/p-3d221556.system.entry.min.js
2025/06/17 07:20:00 br /tmp/work/dist/zonos-elements/p-3d221556.system.entry.min.js -> /output/dist/zonos-elements/p-3d221556.system.entry.min.js.br
2025/06/17 07:20:00 gz /tmp/work/dist/zonos-elements/p-3d221556.system.entry.min.js -> /output/dist/zonos-elements/p-3d221556.system.entry.min.js.gz
2025/06/17 07:20:00 sri /tmp/work/dist/zonos-elements/p-3d221556.system.entry.js -> /output/dist/zonos-elements/p-3d221556.system.entry.js.sri
2025/06/17 07:20:00 algorithm: run /usr/bin/brotli --quality=11 --output=/output/dist/zonos-elements/p-3d221556.system.entry.js.br /tmp/work/dist/zonos-elements/p-3d221556.system.entry.js
2025/06/17 07:20:00 br /tmp/work/dist/zonos-elements/p-3d221556.system.entry.js -> /output/dist/zonos-elements/p-3d221556.system.entry.js.br
2025/06/17 07:20:00 gz /tmp/work/dist/zonos-elements/p-3d221556.system.entry.js -> /output/dist/zonos-elements/p-3d221556.system.entry.js.gz
2025/06/17 07:20:00 compress: run /node_modules/uglify-js/bin/uglifyjs (3.15.4) [--mangle --compress if_return=true -o /tmp/work/dist/zonos-elements/p-41e26cc4.system.entry.min.js /tmp/work/dist/zonos-elements/p-41e26cc4.system.entry.js]
2025/06/17 07:20:00 br /tmp/work/dist/zonos-elements/p-12546668.system.js -> /output/dist/zonos-elements/p-12546668.system.js.br
2025/06/17 07:20:00 gz /tmp/work/dist/zonos-elements/p-12546668.system.js -> /output/dist/zonos-elements/p-12546668.system.js.gz
2025/06/17 07:20:00 compress: run /node_modules/uglify-js/bin/uglifyjs (3.15.4) [--mangle --compress if_return=true -o /tmp/work/dist/zonos-elements/p-46f6e5e9.system.min.js /tmp/work/dist/zonos-elements/p-46f6e5e9.system.js]
2025/06/17 07:20:00 br /tmp/work/dist/zonos-elements/p-11063d30.system.entry.js -> /output/dist/zonos-elements/p-11063d30.system.entry.js.br
2025/06/17 07:20:00 gz /tmp/work/dist/zonos-elements/p-11063d30.system.entry.js -> /output/dist/zonos-elements/p-11063d30.system.entry.js.gz
2025/06/17 07:20:00 compress: run /node_modules/uglify-js/bin/uglifyjs (3.15.4) [--mangle --compress if_return=true -o /tmp/work/dist/zonos-elements/p-4caffd96.system.min.js /tmp/work/dist/zonos-elements/p-4caffd96.system.js]
2025/06/17 07:20:00 sri /tmp/work/dist/zonos-elements/p-28a516f8.system.min.js -> /output/dist/zonos-elements/p-28a516f8.system.min.js.sri
2025/06/17 07:20:00 algorithm: run /usr/bin/brotli --quality=11 --output=/output/dist/zonos-elements/p-28a516f8.system.min.js.br /tmp/work/dist/zonos-elements/p-28a516f8.system.min.js
2025/06/17 07:20:00 br /tmp/work/dist/zonos-elements/p-28a516f8.system.min.js -> /output/dist/zonos-elements/p-28a516f8.system.min.js.br
2025/06/17 07:20:00 gz /tmp/work/dist/zonos-elements/p-28a516f8.system.min.js -> /output/dist/zonos-elements/p-28a516f8.system.min.js.gz
2025/06/17 07:20:00 sri /tmp/work/dist/zonos-elements/p-28a516f8.system.js -> /output/dist/zonos-elements/p-28a516f8.system.js.sri
2025/06/17 07:20:00 algorithm: run /usr/bin/brotli --quality=11 --output=/output/dist/zonos-elements/p-28a516f8.system.js.br /tmp/work/dist/zonos-elements/p-28a516f8.system.js
2025/06/17 07:20:00 br /tmp/work/dist/zonos-elements/p-28a516f8.system.js -> /output/dist/zonos-elements/p-28a516f8.system.js.br
2025/06/17 07:20:00 gz /tmp/work/dist/zonos-elements/p-28a516f8.system.js -> /output/dist/zonos-elements/p-28a516f8.system.js.gz
2025/06/17 07:20:00 compress: run /node_modules/uglify-js/bin/uglifyjs (3.15.4) [--mangle --compress if_return=true -o /tmp/work/dist/zonos-elements/p-56ba5cbf.system.min.js /tmp/work/dist/zonos-elements/p-56ba5cbf.system.js]
2025/06/17 07:20:00 sri /tmp/work/dist/zonos-elements/p-3e20fb8f.entry.min.js -> /output/dist/zonos-elements/p-3e20fb8f.entry.min.js.sri
2025/06/17 07:20:00 algorithm: run /usr/bin/brotli --quality=11 --output=/output/dist/zonos-elements/p-3e20fb8f.entry.min.js.br /tmp/work/dist/zonos-elements/p-3e20fb8f.entry.min.js
2025/06/17 07:20:00 sri /tmp/work/dist/zonos-elements/p-41e26cc4.system.entry.min.js -> /output/dist/zonos-elements/p-41e26cc4.system.entry.min.js.sri
2025/06/17 07:20:00 algorithm: run /usr/bin/brotli --quality=11 --output=/output/dist/zonos-elements/p-41e26cc4.system.entry.min.js.br /tmp/work/dist/zonos-elements/p-41e26cc4.system.entry.min.js
2025/06/17 07:20:01 br /tmp/work/dist/zonos-elements/p-41e26cc4.system.entry.min.js -> /output/dist/zonos-elements/p-41e26cc4.system.entry.min.js.br
2025/06/17 07:20:01 gz /tmp/work/dist/zonos-elements/p-41e26cc4.system.entry.min.js -> /output/dist/zonos-elements/p-41e26cc4.system.entry.min.js.gz
2025/06/17 07:20:01 sri /tmp/work/dist/zonos-elements/p-41e26cc4.system.entry.js -> /output/dist/zonos-elements/p-41e26cc4.system.entry.js.sri
2025/06/17 07:20:01 algorithm: run /usr/bin/brotli --quality=11 --output=/output/dist/zonos-elements/p-41e26cc4.system.entry.js.br /tmp/work/dist/zonos-elements/p-41e26cc4.system.entry.js
2025/06/17 07:20:01 br /tmp/work/dist/zonos-elements/p-3e20fb8f.entry.min.js -> /output/dist/zonos-elements/p-3e20fb8f.entry.min.js.br
2025/06/17 07:20:01 gz /tmp/work/dist/zonos-elements/p-3e20fb8f.entry.min.js -> /output/dist/zonos-elements/p-3e20fb8f.entry.min.js.gz
2025/06/17 07:20:01 sri /tmp/work/dist/zonos-elements/p-3e20fb8f.entry.js -> /output/dist/zonos-elements/p-3e20fb8f.entry.js.sri
2025/06/17 07:20:01 algorithm: run /usr/bin/brotli --quality=11 --output=/output/dist/zonos-elements/p-3e20fb8f.entry.js.br /tmp/work/dist/zonos-elements/p-3e20fb8f.entry.js
2025/06/17 07:20:01 br /tmp/work/dist/zonos-elements/p-41e26cc4.system.entry.js -> /output/dist/zonos-elements/p-41e26cc4.system.entry.js.br
2025/06/17 07:20:01 gz /tmp/work/dist/zonos-elements/p-41e26cc4.system.entry.js -> /output/dist/zonos-elements/p-41e26cc4.system.entry.js.gz
2025/06/17 07:20:01 compress: run /node_modules/uglify-js/bin/uglifyjs (3.15.4) [--mangle --compress if_return=true -o /tmp/work/dist/zonos-elements/p-5784a0fc.system.entry.min.js /tmp/work/dist/zonos-elements/p-5784a0fc.system.entry.js]
2025/06/17 07:20:01 sri /tmp/work/dist/zonos-elements/p-56ba5cbf.system.min.js -> /output/dist/zonos-elements/p-56ba5cbf.system.min.js.sri
2025/06/17 07:20:01 algorithm: run /usr/bin/brotli --quality=11 --output=/output/dist/zonos-elements/p-56ba5cbf.system.min.js.br /tmp/work/dist/zonos-elements/p-56ba5cbf.system.min.js
2025/06/17 07:20:01 br /tmp/work/dist/zonos-elements/p-56ba5cbf.system.min.js -> /output/dist/zonos-elements/p-56ba5cbf.system.min.js.br
2025/06/17 07:20:01 gz /tmp/work/dist/zonos-elements/p-56ba5cbf.system.min.js -> /output/dist/zonos-elements/p-56ba5cbf.system.min.js.gz
2025/06/17 07:20:01 sri /tmp/work/dist/zonos-elements/p-56ba5cbf.system.js -> /output/dist/zonos-elements/p-56ba5cbf.system.js.sri
2025/06/17 07:20:01 algorithm: run /usr/bin/brotli --quality=11 --output=/output/dist/zonos-elements/p-56ba5cbf.system.js.br /tmp/work/dist/zonos-elements/p-56ba5cbf.system.js
2025/06/17 07:20:01 br /tmp/work/dist/zonos-elements/p-56ba5cbf.system.js -> /output/dist/zonos-elements/p-56ba5cbf.system.js.br
2025/06/17 07:20:01 gz /tmp/work/dist/zonos-elements/p-56ba5cbf.system.js -> /output/dist/zonos-elements/p-56ba5cbf.system.js.gz
2025/06/17 07:20:01 compress: run /node_modules/uglify-js/bin/uglifyjs (3.15.4) [--mangle --compress if_return=true -o /tmp/work/dist/zonos-elements/p-57d31762.system.entry.min.js /tmp/work/dist/zonos-elements/p-57d31762.system.entry.js]
2025/06/17 07:20:01 br /tmp/work/dist/zonos-elements/p-3e20fb8f.entry.js -> /output/dist/zonos-elements/p-3e20fb8f.entry.js.br
2025/06/17 07:20:01 gz /tmp/work/dist/zonos-elements/p-3e20fb8f.entry.js -> /output/dist/zonos-elements/p-3e20fb8f.entry.js.gz
2025/06/17 07:20:01 compress: run /node_modules/uglify-js/bin/uglifyjs (3.15.4) [--mangle --compress if_return=true -o /tmp/work/dist/zonos-elements/p-5883217a.min.js /tmp/work/dist/zonos-elements/p-5883217a.js]
2025/06/17 07:20:01 sri /tmp/work/dist/zonos-elements/p-46f6e5e9.system.min.js -> /output/dist/zonos-elements/p-46f6e5e9.system.min.js.sri
2025/06/17 07:20:01 algorithm: run /usr/bin/brotli --quality=11 --output=/output/dist/zonos-elements/p-46f6e5e9.system.min.js.br /tmp/work/dist/zonos-elements/p-46f6e5e9.system.min.js
2025/06/17 07:20:01 br /tmp/work/dist/zonos-elements/p-46f6e5e9.system.min.js -> /output/dist/zonos-elements/p-46f6e5e9.system.min.js.br
2025/06/17 07:20:01 gz /tmp/work/dist/zonos-elements/p-46f6e5e9.system.min.js -> /output/dist/zonos-elements/p-46f6e5e9.system.min.js.gz
2025/06/17 07:20:01 sri /tmp/work/dist/zonos-elements/p-46f6e5e9.system.js -> /output/dist/zonos-elements/p-46f6e5e9.system.js.sri
2025/06/17 07:20:01 algorithm: run /usr/bin/brotli --quality=11 --output=/output/dist/zonos-elements/p-46f6e5e9.system.js.br /tmp/work/dist/zonos-elements/p-46f6e5e9.system.js
2025/06/17 07:20:01 br /tmp/work/dist/zonos-elements/p-46f6e5e9.system.js -> /output/dist/zonos-elements/p-46f6e5e9.system.js.br
2025/06/17 07:20:01 gz /tmp/work/dist/zonos-elements/p-46f6e5e9.system.js -> /output/dist/zonos-elements/p-46f6e5e9.system.js.gz
2025/06/17 07:20:01 compress: run /node_modules/uglify-js/bin/uglifyjs (3.15.4) [--mangle --compress if_return=true -o /tmp/work/dist/zonos-elements/p-595f5dd2.min.js /tmp/work/dist/zonos-elements/p-595f5dd2.js]
2025/06/17 07:20:01 sri /tmp/work/dist/zonos-elements/p-3ea350e8.entry.min.js -> /output/dist/zonos-elements/p-3ea350e8.entry.min.js.sri
2025/06/17 07:20:01 algorithm: run /usr/bin/brotli --quality=11 --output=/output/dist/zonos-elements/p-3ea350e8.entry.min.js.br /tmp/work/dist/zonos-elements/p-3ea350e8.entry.min.js
2025/06/17 07:20:01 br /tmp/work/dist/zonos-elements/p-3ea350e8.entry.min.js -> /output/dist/zonos-elements/p-3ea350e8.entry.min.js.br
2025/06/17 07:20:01 gz /tmp/work/dist/zonos-elements/p-3ea350e8.entry.min.js -> /output/dist/zonos-elements/p-3ea350e8.entry.min.js.gz
2025/06/17 07:20:01 sri /tmp/work/dist/zonos-elements/p-3ea350e8.entry.js -> /output/dist/zonos-elements/p-3ea350e8.entry.js.sri
2025/06/17 07:20:01 algorithm: run /usr/bin/brotli --quality=11 --output=/output/dist/zonos-elements/p-3ea350e8.entry.js.br /tmp/work/dist/zonos-elements/p-3ea350e8.entry.js
2025/06/17 07:20:01 sri /tmp/work/dist/zonos-elements/p-5883217a.min.js -> /output/dist/zonos-elements/p-5883217a.min.js.sri
2025/06/17 07:20:01 algorithm: run /usr/bin/brotli --quality=11 --output=/output/dist/zonos-elements/p-5883217a.min.js.br /tmp/work/dist/zonos-elements/p-5883217a.min.js
2025/06/17 07:20:01 br /tmp/work/dist/zonos-elements/p-5883217a.min.js -> /output/dist/zonos-elements/p-5883217a.min.js.br
2025/06/17 07:20:01 br /tmp/work/dist/zonos-elements/p-3ea350e8.entry.js -> /output/dist/zonos-elements/p-3ea350e8.entry.js.br
2025/06/17 07:20:01 gz /tmp/work/dist/zonos-elements/p-3ea350e8.entry.js -> /output/dist/zonos-elements/p-3ea350e8.entry.js.gz
2025/06/17 07:20:01 compress: run /node_modules/uglify-js/bin/uglifyjs (3.15.4) [--mangle --compress if_return=true -o /tmp/work/dist/zonos-elements/p-5bd927f2.min.js /tmp/work/dist/zonos-elements/p-5bd927f2.js]
2025/06/17 07:20:01 gz /tmp/work/dist/zonos-elements/p-5883217a.min.js -> /output/dist/zonos-elements/p-5883217a.min.js.gz
2025/06/17 07:20:01 sri /tmp/work/dist/zonos-elements/p-5883217a.js -> /output/dist/zonos-elements/p-5883217a.js.sri
2025/06/17 07:20:01 algorithm: run /usr/bin/brotli --quality=11 --output=/output/dist/zonos-elements/p-5883217a.js.br /tmp/work/dist/zonos-elements/p-5883217a.js
2025/06/17 07:20:01 br /tmp/work/dist/zonos-elements/p-5883217a.js -> /output/dist/zonos-elements/p-5883217a.js.br
2025/06/17 07:20:01 gz /tmp/work/dist/zonos-elements/p-5883217a.js -> /output/dist/zonos-elements/p-5883217a.js.gz
2025/06/17 07:20:01 compress: run /node_modules/uglify-js/bin/uglifyjs (3.15.4) [--mangle --compress if_return=true -o /tmp/work/dist/zonos-elements/p-5d9c5413.entry.min.js /tmp/work/dist/zonos-elements/p-5d9c5413.entry.js]
2025/06/17 07:20:01 sri /tmp/work/dist/zonos-elements/p-595f5dd2.min.js -> /output/dist/zonos-elements/p-595f5dd2.min.js.sri
2025/06/17 07:20:01 algorithm: run /usr/bin/brotli --quality=11 --output=/output/dist/zonos-elements/p-595f5dd2.min.js.br /tmp/work/dist/zonos-elements/p-595f5dd2.min.js
2025/06/17 07:20:01 br /tmp/work/dist/zonos-elements/p-595f5dd2.min.js -> /output/dist/zonos-elements/p-595f5dd2.min.js.br
2025/06/17 07:20:01 gz /tmp/work/dist/zonos-elements/p-595f5dd2.min.js -> /output/dist/zonos-elements/p-595f5dd2.min.js.gz
2025/06/17 07:20:01 sri /tmp/work/dist/zonos-elements/p-595f5dd2.js -> /output/dist/zonos-elements/p-595f5dd2.js.sri
2025/06/17 07:20:01 algorithm: run /usr/bin/brotli --quality=11 --output=/output/dist/zonos-elements/p-595f5dd2.js.br /tmp/work/dist/zonos-elements/p-595f5dd2.js
2025/06/17 07:20:01 br /tmp/work/dist/zonos-elements/p-595f5dd2.js -> /output/dist/zonos-elements/p-595f5dd2.js.br
2025/06/17 07:20:01 gz /tmp/work/dist/zonos-elements/p-595f5dd2.js -> /output/dist/zonos-elements/p-595f5dd2.js.gz
2025/06/17 07:20:01 compress: run /node_modules/uglify-js/bin/uglifyjs (3.15.4) [--mangle --compress if_return=true -o /tmp/work/dist/zonos-elements/p-619c07c6.system.entry.min.js /tmp/work/dist/zonos-elements/p-619c07c6.system.entry.js]
2025/06/17 07:20:01 sri /tmp/work/dist/zonos-elements/p-5bd927f2.min.js -> /output/dist/zonos-elements/p-5bd927f2.min.js.sri
2025/06/17 07:20:01 algorithm: run /usr/bin/brotli --quality=11 --output=/output/dist/zonos-elements/p-5bd927f2.min.js.br /tmp/work/dist/zonos-elements/p-5bd927f2.min.js
2025/06/17 07:20:01 br /tmp/work/dist/zonos-elements/p-5bd927f2.min.js -> /output/dist/zonos-elements/p-5bd927f2.min.js.br
2025/06/17 07:20:01 gz /tmp/work/dist/zonos-elements/p-5bd927f2.min.js -> /output/dist/zonos-elements/p-5bd927f2.min.js.gz
2025/06/17 07:20:01 sri /tmp/work/dist/zonos-elements/p-5bd927f2.js -> /output/dist/zonos-elements/p-5bd927f2.js.sri
2025/06/17 07:20:01 algorithm: run /usr/bin/brotli --quality=11 --output=/output/dist/zonos-elements/p-5bd927f2.js.br /tmp/work/dist/zonos-elements/p-5bd927f2.js
2025/06/17 07:20:01 br /tmp/work/dist/zonos-elements/p-5bd927f2.js -> /output/dist/zonos-elements/p-5bd927f2.js.br
2025/06/17 07:20:01 gz /tmp/work/dist/zonos-elements/p-5bd927f2.js -> /output/dist/zonos-elements/p-5bd927f2.js.gz
2025/06/17 07:20:01 compress: run /node_modules/uglify-js/bin/uglifyjs (3.15.4) [--mangle --compress if_return=true -o /tmp/work/dist/zonos-elements/p-65dda2b5.system.entry.min.js /tmp/work/dist/zonos-elements/p-65dda2b5.system.entry.js]
2025/06/17 07:20:01 sri /tmp/work/dist/zonos-elements/p-32912caf.system.min.js -> /output/dist/zonos-elements/p-32912caf.system.min.js.sri
2025/06/17 07:20:01 algorithm: run /usr/bin/brotli --quality=11 --output=/output/dist/zonos-elements/p-32912caf.system.min.js.br /tmp/work/dist/zonos-elements/p-32912caf.system.min.js
2025/06/17 07:20:02 br /tmp/work/dist/zonos-elements/p-32912caf.system.min.js -> /output/dist/zonos-elements/p-32912caf.system.min.js.br
2025/06/17 07:20:02 gz /tmp/work/dist/zonos-elements/p-32912caf.system.min.js -> /output/dist/zonos-elements/p-32912caf.system.min.js.gz
2025/06/17 07:20:02 sri /tmp/work/dist/zonos-elements/p-32912caf.system.js -> /output/dist/zonos-elements/p-32912caf.system.js.sri
2025/06/17 07:20:02 algorithm: run /usr/bin/brotli --quality=11 --output=/output/dist/zonos-elements/p-32912caf.system.js.br /tmp/work/dist/zonos-elements/p-32912caf.system.js
2025/06/17 07:20:02 br /tmp/work/dist/zonos-elements/p-32912caf.system.js -> /output/dist/zonos-elements/p-32912caf.system.js.br
2025/06/17 07:20:02 gz /tmp/work/dist/zonos-elements/p-32912caf.system.js -> /output/dist/zonos-elements/p-32912caf.system.js.gz
2025/06/17 07:20:02 compress: run /node_modules/uglify-js/bin/uglifyjs (3.15.4) [--mangle --compress if_return=true -o /tmp/work/dist/zonos-elements/p-69f84611.entry.min.js /tmp/work/dist/zonos-elements/p-69f84611.entry.js]
2025/06/17 07:20:02 sri /tmp/work/dist/zonos-elements/p-57d31762.system.entry.min.js -> /output/dist/zonos-elements/p-57d31762.system.entry.min.js.sri
2025/06/17 07:20:02 algorithm: run /usr/bin/brotli --quality=11 --output=/output/dist/zonos-elements/p-57d31762.system.entry.min.js.br /tmp/work/dist/zonos-elements/p-57d31762.system.entry.min.js
2025/06/17 07:20:02 sri /tmp/work/dist/zonos-elements/p-619c07c6.system.entry.min.js -> /output/dist/zonos-elements/p-619c07c6.system.entry.min.js.sri
2025/06/17 07:20:02 algorithm: run /usr/bin/brotli --quality=11 --output=/output/dist/zonos-elements/p-619c07c6.system.entry.min.js.br /tmp/work/dist/zonos-elements/p-619c07c6.system.entry.min.js
2025/06/17 07:20:02 br /tmp/work/dist/zonos-elements/p-619c07c6.system.entry.min.js -> /output/dist/zonos-elements/p-619c07c6.system.entry.min.js.br
2025/06/17 07:20:02 gz /tmp/work/dist/zonos-elements/p-619c07c6.system.entry.min.js -> /output/dist/zonos-elements/p-619c07c6.system.entry.min.js.gz
2025/06/17 07:20:02 sri /tmp/work/dist/zonos-elements/p-619c07c6.system.entry.js -> /output/dist/zonos-elements/p-619c07c6.system.entry.js.sri
2025/06/17 07:20:02 algorithm: run /usr/bin/brotli --quality=11 --output=/output/dist/zonos-elements/p-619c07c6.system.entry.js.br /tmp/work/dist/zonos-elements/p-619c07c6.system.entry.js
2025/06/17 07:20:02 br /tmp/work/dist/zonos-elements/p-57d31762.system.entry.min.js -> /output/dist/zonos-elements/p-57d31762.system.entry.min.js.br
2025/06/17 07:20:02 gz /tmp/work/dist/zonos-elements/p-57d31762.system.entry.min.js -> /output/dist/zonos-elements/p-57d31762.system.entry.min.js.gz
2025/06/17 07:20:02 sri /tmp/work/dist/zonos-elements/p-57d31762.system.entry.js -> /output/dist/zonos-elements/p-57d31762.system.entry.js.sri
2025/06/17 07:20:02 algorithm: run /usr/bin/brotli --quality=11 --output=/output/dist/zonos-elements/p-57d31762.system.entry.js.br /tmp/work/dist/zonos-elements/p-57d31762.system.entry.js
2025/06/17 07:20:02 br /tmp/work/dist/zonos-elements/p-619c07c6.system.entry.js -> /output/dist/zonos-elements/p-619c07c6.system.entry.js.br
2025/06/17 07:20:02 gz /tmp/work/dist/zonos-elements/p-619c07c6.system.entry.js -> /output/dist/zonos-elements/p-619c07c6.system.entry.js.gz
2025/06/17 07:20:02 compress: run /node_modules/uglify-js/bin/uglifyjs (3.15.4) [--mangle --compress if_return=true -o /tmp/work/dist/zonos-elements/p-6c578d26.min.js /tmp/work/dist/zonos-elements/p-6c578d26.js]
2025/06/17 07:20:02 sri /tmp/work/dist/zonos-elements/p-69f84611.entry.min.js -> /output/dist/zonos-elements/p-69f84611.entry.min.js.sri
2025/06/17 07:20:02 algorithm: run /usr/bin/brotli --quality=11 --output=/output/dist/zonos-elements/p-69f84611.entry.min.js.br /tmp/work/dist/zonos-elements/p-69f84611.entry.min.js
2025/06/17 07:20:02 br /tmp/work/dist/zonos-elements/p-69f84611.entry.min.js -> /output/dist/zonos-elements/p-69f84611.entry.min.js.br
2025/06/17 07:20:02 gz /tmp/work/dist/zonos-elements/p-69f84611.entry.min.js -> /output/dist/zonos-elements/p-69f84611.entry.min.js.gz
2025/06/17 07:20:02 sri /tmp/work/dist/zonos-elements/p-69f84611.entry.js -> /output/dist/zonos-elements/p-69f84611.entry.js.sri
2025/06/17 07:20:02 algorithm: run /usr/bin/brotli --quality=11 --output=/output/dist/zonos-elements/p-69f84611.entry.js.br /tmp/work/dist/zonos-elements/p-69f84611.entry.js
2025/06/17 07:20:02 br /tmp/work/dist/zonos-elements/p-69f84611.entry.js -> /output/dist/zonos-elements/p-69f84611.entry.js.br
2025/06/17 07:20:02 gz /tmp/work/dist/zonos-elements/p-69f84611.entry.js -> /output/dist/zonos-elements/p-69f84611.entry.js.gz
2025/06/17 07:20:02 compress: run /node_modules/uglify-js/bin/uglifyjs (3.15.4) [--mangle --compress if_return=true -o /tmp/work/dist/zonos-elements/p-709c7e9e.entry.min.js /tmp/work/dist/zonos-elements/p-709c7e9e.entry.js]
2025/06/17 07:20:03 br /tmp/work/dist/zonos-elements/p-57d31762.system.entry.js -> /output/dist/zonos-elements/p-57d31762.system.entry.js.br
2025/06/17 07:20:03 gz /tmp/work/dist/zonos-elements/p-57d31762.system.entry.js -> /output/dist/zonos-elements/p-57d31762.system.entry.js.gz
2025/06/17 07:20:03 compress: run /node_modules/uglify-js/bin/uglifyjs (3.15.4) [--mangle --compress if_return=true -o /tmp/work/dist/zonos-elements/p-7140439f.system.entry.min.js /tmp/work/dist/zonos-elements/p-7140439f.system.entry.js]
2025/06/17 07:20:03 sri /tmp/work/dist/zonos-elements/p-3e3e7800.entry.min.js -> /output/dist/zonos-elements/p-3e3e7800.entry.min.js.sri
2025/06/17 07:20:03 algorithm: run /usr/bin/brotli --quality=11 --output=/output/dist/zonos-elements/p-3e3e7800.entry.min.js.br /tmp/work/dist/zonos-elements/p-3e3e7800.entry.min.js
2025/06/17 07:20:03 sri /tmp/work/dist/zonos-elements/p-65dda2b5.system.entry.min.js -> /output/dist/zonos-elements/p-65dda2b5.system.entry.min.js.sri
2025/06/17 07:20:03 algorithm: run /usr/bin/brotli --quality=11 --output=/output/dist/zonos-elements/p-65dda2b5.system.entry.min.js.br /tmp/work/dist/zonos-elements/p-65dda2b5.system.entry.min.js
2025/06/17 07:20:03 br /tmp/work/dist/zonos-elements/p-65dda2b5.system.entry.min.js -> /output/dist/zonos-elements/p-65dda2b5.system.entry.min.js.br
2025/06/17 07:20:03 gz /tmp/work/dist/zonos-elements/p-65dda2b5.system.entry.min.js -> /output/dist/zonos-elements/p-65dda2b5.system.entry.min.js.gz
2025/06/17 07:20:03 sri /tmp/work/dist/zonos-elements/p-65dda2b5.system.entry.js -> /output/dist/zonos-elements/p-65dda2b5.system.entry.js.sri
2025/06/17 07:20:03 algorithm: run /usr/bin/brotli --quality=11 --output=/output/dist/zonos-elements/p-65dda2b5.system.entry.js.br /tmp/work/dist/zonos-elements/p-65dda2b5.system.entry.js
2025/06/17 07:20:03 sri /tmp/work/dist/zonos-elements/p-7140439f.system.entry.min.js -> /output/dist/zonos-elements/p-7140439f.system.entry.min.js.sri
2025/06/17 07:20:03 algorithm: run /usr/bin/brotli --quality=11 --output=/output/dist/zonos-elements/p-7140439f.system.entry.min.js.br /tmp/work/dist/zonos-elements/p-7140439f.system.entry.min.js
2025/06/17 07:20:03 br /tmp/work/dist/zonos-elements/p-7140439f.system.entry.min.js -> /output/dist/zonos-elements/p-7140439f.system.entry.min.js.br
2025/06/17 07:20:03 gz /tmp/work/dist/zonos-elements/p-7140439f.system.entry.min.js -> /output/dist/zonos-elements/p-7140439f.system.entry.min.js.gz
2025/06/17 07:20:03 sri /tmp/work/dist/zonos-elements/p-7140439f.system.entry.js -> /output/dist/zonos-elements/p-7140439f.system.entry.js.sri
2025/06/17 07:20:03 algorithm: run /usr/bin/brotli --quality=11 --output=/output/dist/zonos-elements/p-7140439f.system.entry.js.br /tmp/work/dist/zonos-elements/p-7140439f.system.entry.js
2025/06/17 07:20:04 br /tmp/work/dist/zonos-elements/p-7140439f.system.entry.js -> /output/dist/zonos-elements/p-7140439f.system.entry.js.br
2025/06/17 07:20:04 gz /tmp/work/dist/zonos-elements/p-7140439f.system.entry.js -> /output/dist/zonos-elements/p-7140439f.system.entry.js.gz
2025/06/17 07:20:04 compress: run /node_modules/uglify-js/bin/uglifyjs (3.15.4) [--mangle --compress if_return=true -o /tmp/work/dist/zonos-elements/p-73a3e5bb.system.min.js /tmp/work/dist/zonos-elements/p-73a3e5bb.system.js]
2025/06/17 07:20:04 br /tmp/work/dist/zonos-elements/p-3e3e7800.entry.min.js -> /output/dist/zonos-elements/p-3e3e7800.entry.min.js.br
2025/06/17 07:20:04 gz /tmp/work/dist/zonos-elements/p-3e3e7800.entry.min.js -> /output/dist/zonos-elements/p-3e3e7800.entry.min.js.gz
2025/06/17 07:20:04 sri /tmp/work/dist/zonos-elements/p-3e3e7800.entry.js -> /output/dist/zonos-elements/p-3e3e7800.entry.js.sri
2025/06/17 07:20:04 algorithm: run /usr/bin/brotli --quality=11 --output=/output/dist/zonos-elements/p-3e3e7800.entry.js.br /tmp/work/dist/zonos-elements/p-3e3e7800.entry.js
2025/06/17 07:20:04 sri /tmp/work/dist/zonos-elements/p-5d9c5413.entry.min.js -> /output/dist/zonos-elements/p-5d9c5413.entry.min.js.sri
2025/06/17 07:20:04 algorithm: run /usr/bin/brotli --quality=11 --output=/output/dist/zonos-elements/p-5d9c5413.entry.min.js.br /tmp/work/dist/zonos-elements/p-5d9c5413.entry.min.js
2025/06/17 07:20:04 br /tmp/work/dist/zonos-elements/p-65dda2b5.system.entry.js -> /output/dist/zonos-elements/p-65dda2b5.system.entry.js.br
2025/06/17 07:20:04 gz /tmp/work/dist/zonos-elements/p-65dda2b5.system.entry.js -> /output/dist/zonos-elements/p-65dda2b5.system.entry.js.gz
2025/06/17 07:20:04 compress: run /node_modules/uglify-js/bin/uglifyjs (3.15.4) [--mangle --compress if_return=true -o /tmp/work/dist/zonos-elements/p-764e5c78.entry.min.js /tmp/work/dist/zonos-elements/p-764e5c78.entry.js]
2025/06/17 07:20:04 sri /tmp/work/dist/zonos-elements/p-4caffd96.system.min.js -> /output/dist/zonos-elements/p-4caffd96.system.min.js.sri
2025/06/17 07:20:04 algorithm: run /usr/bin/brotli --quality=11 --output=/output/dist/zonos-elements/p-4caffd96.system.min.js.br /tmp/work/dist/zonos-elements/p-4caffd96.system.min.js
2025/06/17 07:20:04 br /tmp/work/dist/zonos-elements/p-4caffd96.system.min.js -> /output/dist/zonos-elements/p-4caffd96.system.min.js.br
2025/06/17 07:20:04 gz /tmp/work/dist/zonos-elements/p-4caffd96.system.min.js -> /output/dist/zonos-elements/p-4caffd96.system.min.js.gz
2025/06/17 07:20:04 sri /tmp/work/dist/zonos-elements/p-4caffd96.system.js -> /output/dist/zonos-elements/p-4caffd96.system.js.sri
2025/06/17 07:20:04 algorithm: run /usr/bin/brotli --quality=11 --output=/output/dist/zonos-elements/p-4caffd96.system.js.br /tmp/work/dist/zonos-elements/p-4caffd96.system.js
2025/06/17 07:20:04 br /tmp/work/dist/zonos-elements/p-5d9c5413.entry.min.js -> /output/dist/zonos-elements/p-5d9c5413.entry.min.js.br
2025/06/17 07:20:04 gz /tmp/work/dist/zonos-elements/p-5d9c5413.entry.min.js -> /output/dist/zonos-elements/p-5d9c5413.entry.min.js.gz
2025/06/17 07:20:04 sri /tmp/work/dist/zonos-elements/p-5d9c5413.entry.js -> /output/dist/zonos-elements/p-5d9c5413.entry.js.sri
2025/06/17 07:20:04 algorithm: run /usr/bin/brotli --quality=11 --output=/output/dist/zonos-elements/p-5d9c5413.entry.js.br /tmp/work/dist/zonos-elements/p-5d9c5413.entry.js
2025/06/17 07:20:04 sri /tmp/work/dist/zonos-elements/p-709c7e9e.entry.min.js -> /output/dist/zonos-elements/p-709c7e9e.entry.min.js.sri
2025/06/17 07:20:04 algorithm: run /usr/bin/brotli --quality=11 --output=/output/dist/zonos-elements/p-709c7e9e.entry.min.js.br /tmp/work/dist/zonos-elements/p-709c7e9e.entry.min.js
2025/06/17 07:20:04 br /tmp/work/dist/zonos-elements/p-4caffd96.system.js -> /output/dist/zonos-elements/p-4caffd96.system.js.br
2025/06/17 07:20:04 gz /tmp/work/dist/zonos-elements/p-4caffd96.system.js -> /output/dist/zonos-elements/p-4caffd96.system.js.gz
2025/06/17 07:20:04 compress: run /node_modules/uglify-js/bin/uglifyjs (3.15.4) [--mangle --compress if_return=true -o /tmp/work/dist/zonos-elements/p-7c7f0c32.entry.min.js /tmp/work/dist/zonos-elements/p-7c7f0c32.entry.js]
2025/06/17 07:20:04 br /tmp/work/dist/zonos-elements/p-709c7e9e.entry.min.js -> /output/dist/zonos-elements/p-709c7e9e.entry.min.js.br
2025/06/17 07:20:04 gz /tmp/work/dist/zonos-elements/p-709c7e9e.entry.min.js -> /output/dist/zonos-elements/p-709c7e9e.entry.min.js.gz
2025/06/17 07:20:04 sri /tmp/work/dist/zonos-elements/p-709c7e9e.entry.js -> /output/dist/zonos-elements/p-709c7e9e.entry.js.sri
2025/06/17 07:20:04 algorithm: run /usr/bin/brotli --quality=11 --output=/output/dist/zonos-elements/p-709c7e9e.entry.js.br /tmp/work/dist/zonos-elements/p-709c7e9e.entry.js
2025/06/17 07:20:04 br /tmp/work/dist/zonos-elements/p-709c7e9e.entry.js -> /output/dist/zonos-elements/p-709c7e9e.entry.js.br
2025/06/17 07:20:04 gz /tmp/work/dist/zonos-elements/p-709c7e9e.entry.js -> /output/dist/zonos-elements/p-709c7e9e.entry.js.gz
2025/06/17 07:20:04 compress: run /node_modules/uglify-js/bin/uglifyjs (3.15.4) [--mangle --compress if_return=true -o /tmp/work/dist/zonos-elements/p-7f288336.entry.min.js /tmp/work/dist/zonos-elements/p-7f288336.entry.js]
2025/06/17 07:20:04 br /tmp/work/dist/zonos-elements/p-5d9c5413.entry.js -> /output/dist/zonos-elements/p-5d9c5413.entry.js.br
2025/06/17 07:20:04 gz /tmp/work/dist/zonos-elements/p-5d9c5413.entry.js -> /output/dist/zonos-elements/p-5d9c5413.entry.js.gz
2025/06/17 07:20:04 compress: run /node_modules/uglify-js/bin/uglifyjs (3.15.4) [--mangle --compress if_return=true -o /tmp/work/dist/zonos-elements/p-81084be5.system.entry.min.js /tmp/work/dist/zonos-elements/p-81084be5.system.entry.js]
2025/06/17 07:20:04 br /tmp/work/dist/zonos-elements/p-3e3e7800.entry.js -> /output/dist/zonos-elements/p-3e3e7800.entry.js.br
2025/06/17 07:20:04 gz /tmp/work/dist/zonos-elements/p-3e3e7800.entry.js -> /output/dist/zonos-elements/p-3e3e7800.entry.js.gz
2025/06/17 07:20:04 compress: run /node_modules/uglify-js/bin/uglifyjs (3.15.4) [--mangle --compress if_return=true -o /tmp/work/dist/zonos-elements/p-81a54668.min.js /tmp/work/dist/zonos-elements/p-81a54668.js]
2025/06/17 07:20:04 sri /tmp/work/dist/zonos-elements/p-7c7f0c32.entry.min.js -> /output/dist/zonos-elements/p-7c7f0c32.entry.min.js.sri
2025/06/17 07:20:04 algorithm: run /usr/bin/brotli --quality=11 --output=/output/dist/zonos-elements/p-7c7f0c32.entry.min.js.br /tmp/work/dist/zonos-elements/p-7c7f0c32.entry.min.js
2025/06/17 07:20:04 br /tmp/work/dist/zonos-elements/p-7c7f0c32.entry.min.js -> /output/dist/zonos-elements/p-7c7f0c32.entry.min.js.br
2025/06/17 07:20:04 gz /tmp/work/dist/zonos-elements/p-7c7f0c32.entry.min.js -> /output/dist/zonos-elements/p-7c7f0c32.entry.min.js.gz
2025/06/17 07:20:04 sri /tmp/work/dist/zonos-elements/p-7c7f0c32.entry.js -> /output/dist/zonos-elements/p-7c7f0c32.entry.js.sri
2025/06/17 07:20:04 algorithm: run /usr/bin/brotli --quality=11 --output=/output/dist/zonos-elements/p-7c7f0c32.entry.js.br /tmp/work/dist/zonos-elements/p-7c7f0c32.entry.js
2025/06/17 07:20:04 br /tmp/work/dist/zonos-elements/p-7c7f0c32.entry.js -> /output/dist/zonos-elements/p-7c7f0c32.entry.js.br
2025/06/17 07:20:04 gz /tmp/work/dist/zonos-elements/p-7c7f0c32.entry.js -> /output/dist/zonos-elements/p-7c7f0c32.entry.js.gz
2025/06/17 07:20:04 compress: run /node_modules/uglify-js/bin/uglifyjs (3.15.4) [--mangle --compress if_return=true -o /tmp/work/dist/zonos-elements/p-86e825f0.system.entry.min.js /tmp/work/dist/zonos-elements/p-86e825f0.system.entry.js]
2025/06/17 07:20:05 sri /tmp/work/dist/zonos-elements/p-81a54668.min.js -> /output/dist/zonos-elements/p-81a54668.min.js.sri
2025/06/17 07:20:05 algorithm: run /usr/bin/brotli --quality=11 --output=/output/dist/zonos-elements/p-81a54668.min.js.br /tmp/work/dist/zonos-elements/p-81a54668.min.js
2025/06/17 07:20:05 br /tmp/work/dist/zonos-elements/p-81a54668.min.js -> /output/dist/zonos-elements/p-81a54668.min.js.br
2025/06/17 07:20:05 gz /tmp/work/dist/zonos-elements/p-81a54668.min.js -> /output/dist/zonos-elements/p-81a54668.min.js.gz
2025/06/17 07:20:05 sri /tmp/work/dist/zonos-elements/p-81a54668.js -> /output/dist/zonos-elements/p-81a54668.js.sri
2025/06/17 07:20:05 algorithm: run /usr/bin/brotli --quality=11 --output=/output/dist/zonos-elements/p-81a54668.js.br /tmp/work/dist/zonos-elements/p-81a54668.js
2025/06/17 07:20:05 br /tmp/work/dist/zonos-elements/p-81a54668.js -> /output/dist/zonos-elements/p-81a54668.js.br
2025/06/17 07:20:05 gz /tmp/work/dist/zonos-elements/p-81a54668.js -> /output/dist/zonos-elements/p-81a54668.js.gz
2025/06/17 07:20:05 compress: run /node_modules/uglify-js/bin/uglifyjs (3.15.4) [--mangle --compress if_return=true -o /tmp/work/dist/zonos-elements/p-8a4c6a42.min.js /tmp/work/dist/zonos-elements/p-8a4c6a42.js]
2025/06/17 07:20:05 sri /tmp/work/dist/zonos-elements/p-7f288336.entry.min.js -> /output/dist/zonos-elements/p-7f288336.entry.min.js.sri
2025/06/17 07:20:05 algorithm: run /usr/bin/brotli --quality=11 --output=/output/dist/zonos-elements/p-7f288336.entry.min.js.br /tmp/work/dist/zonos-elements/p-7f288336.entry.min.js
2025/06/17 07:20:05 sri /tmp/work/dist/zonos-elements/p-81084be5.system.entry.min.js -> /output/dist/zonos-elements/p-81084be5.system.entry.min.js.sri
2025/06/17 07:20:05 algorithm: run /usr/bin/brotli --quality=11 --output=/output/dist/zonos-elements/p-81084be5.system.entry.min.js.br /tmp/work/dist/zonos-elements/p-81084be5.system.entry.min.js
2025/06/17 07:20:05 br /tmp/work/dist/zonos-elements/p-7f288336.entry.min.js -> /output/dist/zonos-elements/p-7f288336.entry.min.js.br
2025/06/17 07:20:05 gz /tmp/work/dist/zonos-elements/p-7f288336.entry.min.js -> /output/dist/zonos-elements/p-7f288336.entry.min.js.gz
2025/06/17 07:20:05 sri /tmp/work/dist/zonos-elements/p-7f288336.entry.js -> /output/dist/zonos-elements/p-7f288336.entry.js.sri
2025/06/17 07:20:05 algorithm: run /usr/bin/brotli --quality=11 --output=/output/dist/zonos-elements/p-7f288336.entry.js.br /tmp/work/dist/zonos-elements/p-7f288336.entry.js
2025/06/17 07:20:05 br /tmp/work/dist/zonos-elements/p-81084be5.system.entry.min.js -> /output/dist/zonos-elements/p-81084be5.system.entry.min.js.br
2025/06/17 07:20:05 gz /tmp/work/dist/zonos-elements/p-81084be5.system.entry.min.js -> /output/dist/zonos-elements/p-81084be5.system.entry.min.js.gz
2025/06/17 07:20:05 sri /tmp/work/dist/zonos-elements/p-81084be5.system.entry.js -> /output/dist/zonos-elements/p-81084be5.system.entry.js.sri
2025/06/17 07:20:05 algorithm: run /usr/bin/brotli --quality=11 --output=/output/dist/zonos-elements/p-81084be5.system.entry.js.br /tmp/work/dist/zonos-elements/p-81084be5.system.entry.js
2025/06/17 07:20:05 br /tmp/work/dist/zonos-elements/p-81084be5.system.entry.js -> /output/dist/zonos-elements/p-81084be5.system.entry.js.br
2025/06/17 07:20:05 gz /tmp/work/dist/zonos-elements/p-81084be5.system.entry.js -> /output/dist/zonos-elements/p-81084be5.system.entry.js.gz
2025/06/17 07:20:05 compress: run /node_modules/uglify-js/bin/uglifyjs (3.15.4) [--mangle --compress if_return=true -o /tmp/work/dist/zonos-elements/p-8cb90d9e.entry.min.js /tmp/work/dist/zonos-elements/p-8cb90d9e.entry.js]
2025/06/17 07:20:05 br /tmp/work/dist/zonos-elements/p-7f288336.entry.js -> /output/dist/zonos-elements/p-7f288336.entry.js.br
2025/06/17 07:20:05 gz /tmp/work/dist/zonos-elements/p-7f288336.entry.js -> /output/dist/zonos-elements/p-7f288336.entry.js.gz
2025/06/17 07:20:05 compress: run /node_modules/uglify-js/bin/uglifyjs (3.15.4) [--mangle --compress if_return=true -o /tmp/work/dist/zonos-elements/p-8fe71612.system.entry.min.js /tmp/work/dist/zonos-elements/p-8fe71612.system.entry.js]
2025/06/17 07:20:05 sri /tmp/work/dist/zonos-elements/p-73a3e5bb.system.min.js -> /output/dist/zonos-elements/p-73a3e5bb.system.min.js.sri
2025/06/17 07:20:05 algorithm: run /usr/bin/brotli --quality=11 --output=/output/dist/zonos-elements/p-73a3e5bb.system.min.js.br /tmp/work/dist/zonos-elements/p-73a3e5bb.system.min.js
2025/06/17 07:20:05 br /tmp/work/dist/zonos-elements/p-73a3e5bb.system.min.js -> /output/dist/zonos-elements/p-73a3e5bb.system.min.js.br
2025/06/17 07:20:05 gz /tmp/work/dist/zonos-elements/p-73a3e5bb.system.min.js -> /output/dist/zonos-elements/p-73a3e5bb.system.min.js.gz
2025/06/17 07:20:05 sri /tmp/work/dist/zonos-elements/p-73a3e5bb.system.js -> /output/dist/zonos-elements/p-73a3e5bb.system.js.sri
2025/06/17 07:20:05 algorithm: run /usr/bin/brotli --quality=11 --output=/output/dist/zonos-elements/p-73a3e5bb.system.js.br /tmp/work/dist/zonos-elements/p-73a3e5bb.system.js
2025/06/17 07:20:05 br /tmp/work/dist/zonos-elements/p-73a3e5bb.system.js -> /output/dist/zonos-elements/p-73a3e5bb.system.js.br
2025/06/17 07:20:05 gz /tmp/work/dist/zonos-elements/p-73a3e5bb.system.js -> /output/dist/zonos-elements/p-73a3e5bb.system.js.gz
2025/06/17 07:20:05 compress: run /node_modules/uglify-js/bin/uglifyjs (3.15.4) [--mangle --compress if_return=true -o /tmp/work/dist/zonos-elements/p-91fc6c24.system.entry.min.js /tmp/work/dist/zonos-elements/p-91fc6c24.system.entry.js]
2025/06/17 07:20:05 sri /tmp/work/dist/zonos-elements/p-8cb90d9e.entry.min.js -> /output/dist/zonos-elements/p-8cb90d9e.entry.min.js.sri
2025/06/17 07:20:05 algorithm: run /usr/bin/brotli --quality=11 --output=/output/dist/zonos-elements/p-8cb90d9e.entry.min.js.br /tmp/work/dist/zonos-elements/p-8cb90d9e.entry.min.js
2025/06/17 07:20:05 br /tmp/work/dist/zonos-elements/p-8cb90d9e.entry.min.js -> /output/dist/zonos-elements/p-8cb90d9e.entry.min.js.br
2025/06/17 07:20:05 gz /tmp/work/dist/zonos-elements/p-8cb90d9e.entry.min.js -> /output/dist/zonos-elements/p-8cb90d9e.entry.min.js.gz
2025/06/17 07:20:05 sri /tmp/work/dist/zonos-elements/p-8cb90d9e.entry.js -> /output/dist/zonos-elements/p-8cb90d9e.entry.js.sri
2025/06/17 07:20:05 algorithm: run /usr/bin/brotli --quality=11 --output=/output/dist/zonos-elements/p-8cb90d9e.entry.js.br /tmp/work/dist/zonos-elements/p-8cb90d9e.entry.js
2025/06/17 07:20:05 br /tmp/work/dist/zonos-elements/p-8cb90d9e.entry.js -> /output/dist/zonos-elements/p-8cb90d9e.entry.js.br
2025/06/17 07:20:05 gz /tmp/work/dist/zonos-elements/p-8cb90d9e.entry.js -> /output/dist/zonos-elements/p-8cb90d9e.entry.js.gz
2025/06/17 07:20:05 compress: run /node_modules/uglify-js/bin/uglifyjs (3.15.4) [--mangle --compress if_return=true -o /tmp/work/dist/zonos-elements/p-92c36f24.system.min.js /tmp/work/dist/zonos-elements/p-92c36f24.system.js]
2025/06/17 07:20:05 sri /tmp/work/dist/zonos-elements/p-6c578d26.min.js -> /output/dist/zonos-elements/p-6c578d26.min.js.sri
2025/06/17 07:20:05 algorithm: run /usr/bin/brotli --quality=11 --output=/output/dist/zonos-elements/p-6c578d26.min.js.br /tmp/work/dist/zonos-elements/p-6c578d26.min.js
2025/06/17 07:20:05 sri /tmp/work/dist/zonos-elements/p-5784a0fc.system.entry.min.js -> /output/dist/zonos-elements/p-5784a0fc.system.entry.min.js.sri
2025/06/17 07:20:05 algorithm: run /usr/bin/brotli --quality=11 --output=/output/dist/zonos-elements/p-5784a0fc.system.entry.min.js.br /tmp/work/dist/zonos-elements/p-5784a0fc.system.entry.min.js
2025/06/17 07:20:06 sri /tmp/work/dist/zonos-elements/p-86e825f0.system.entry.min.js -> /output/dist/zonos-elements/p-86e825f0.system.entry.min.js.sri
2025/06/17 07:20:06 algorithm: run /usr/bin/brotli --quality=11 --output=/output/dist/zonos-elements/p-86e825f0.system.entry.min.js.br /tmp/work/dist/zonos-elements/p-86e825f0.system.entry.min.js
2025/06/17 07:20:06 br /tmp/work/dist/zonos-elements/p-6c578d26.min.js -> /output/dist/zonos-elements/p-6c578d26.min.js.br
2025/06/17 07:20:06 gz /tmp/work/dist/zonos-elements/p-6c578d26.min.js -> /output/dist/zonos-elements/p-6c578d26.min.js.gz
2025/06/17 07:20:06 sri /tmp/work/dist/zonos-elements/p-6c578d26.js -> /output/dist/zonos-elements/p-6c578d26.js.sri
2025/06/17 07:20:06 algorithm: run /usr/bin/brotli --quality=11 --output=/output/dist/zonos-elements/p-6c578d26.js.br /tmp/work/dist/zonos-elements/p-6c578d26.js
2025/06/17 07:20:06 br /tmp/work/dist/zonos-elements/p-86e825f0.system.entry.min.js -> /output/dist/zonos-elements/p-86e825f0.system.entry.min.js.br
2025/06/17 07:20:06 gz /tmp/work/dist/zonos-elements/p-86e825f0.system.entry.min.js -> /output/dist/zonos-elements/p-86e825f0.system.entry.min.js.gz
2025/06/17 07:20:06 sri /tmp/work/dist/zonos-elements/p-86e825f0.system.entry.js -> /output/dist/zonos-elements/p-86e825f0.system.entry.js.sri
2025/06/17 07:20:06 algorithm: run /usr/bin/brotli --quality=11 --output=/output/dist/zonos-elements/p-86e825f0.system.entry.js.br /tmp/work/dist/zonos-elements/p-86e825f0.system.entry.js
2025/06/17 07:20:06 br /tmp/work/dist/zonos-elements/p-6c578d26.js -> /output/dist/zonos-elements/p-6c578d26.js.br
2025/06/17 07:20:06 gz /tmp/work/dist/zonos-elements/p-6c578d26.js -> /output/dist/zonos-elements/p-6c578d26.js.gz
2025/06/17 07:20:06 compress: run /node_modules/uglify-js/bin/uglifyjs (3.15.4) [--mangle --compress if_return=true -o /tmp/work/dist/zonos-elements/p-949f1418.system.entry.min.js /tmp/work/dist/zonos-elements/p-949f1418.system.entry.js]
2025/06/17 07:20:06 br /tmp/work/dist/zonos-elements/p-86e825f0.system.entry.js -> /output/dist/zonos-elements/p-86e825f0.system.entry.js.br
2025/06/17 07:20:06 gz /tmp/work/dist/zonos-elements/p-86e825f0.system.entry.js -> /output/dist/zonos-elements/p-86e825f0.system.entry.js.gz
2025/06/17 07:20:06 compress: run /node_modules/uglify-js/bin/uglifyjs (3.15.4) [--mangle --compress if_return=true -o /tmp/work/dist/zonos-elements/p-96d77739.min.js /tmp/work/dist/zonos-elements/p-96d77739.js]
2025/06/17 07:20:06 sri /tmp/work/dist/zonos-elements/p-764e5c78.entry.min.js -> /output/dist/zonos-elements/p-764e5c78.entry.min.js.sri
2025/06/17 07:20:06 algorithm: run /usr/bin/brotli --quality=11 --output=/output/dist/zonos-elements/p-764e5c78.entry.min.js.br /tmp/work/dist/zonos-elements/p-764e5c78.entry.min.js
2025/06/17 07:20:06 sri /tmp/work/dist/zonos-elements/p-8fe71612.system.entry.min.js -> /output/dist/zonos-elements/p-8fe71612.system.entry.min.js.sri
2025/06/17 07:20:06 algorithm: run /usr/bin/brotli --quality=11 --output=/output/dist/zonos-elements/p-8fe71612.system.entry.min.js.br /tmp/work/dist/zonos-elements/p-8fe71612.system.entry.min.js
2025/06/17 07:20:06 br /tmp/work/dist/zonos-elements/p-8fe71612.system.entry.min.js -> /output/dist/zonos-elements/p-8fe71612.system.entry.min.js.br
2025/06/17 07:20:06 gz /tmp/work/dist/zonos-elements/p-8fe71612.system.entry.min.js -> /output/dist/zonos-elements/p-8fe71612.system.entry.min.js.gz
2025/06/17 07:20:06 sri /tmp/work/dist/zonos-elements/p-8fe71612.system.entry.js -> /output/dist/zonos-elements/p-8fe71612.system.entry.js.sri
2025/06/17 07:20:06 algorithm: run /usr/bin/brotli --quality=11 --output=/output/dist/zonos-elements/p-8fe71612.system.entry.js.br /tmp/work/dist/zonos-elements/p-8fe71612.system.entry.js
2025/06/17 07:20:06 br /tmp/work/dist/zonos-elements/p-8fe71612.system.entry.js -> /output/dist/zonos-elements/p-8fe71612.system.entry.js.br
2025/06/17 07:20:06 gz /tmp/work/dist/zonos-elements/p-8fe71612.system.entry.js -> /output/dist/zonos-elements/p-8fe71612.system.entry.js.gz
2025/06/17 07:20:06 compress: run /node_modules/uglify-js/bin/uglifyjs (3.15.4) [--mangle --compress if_return=true -o /tmp/work/dist/zonos-elements/p-97aceb11.min.js /tmp/work/dist/zonos-elements/p-97aceb11.js]
2025/06/17 07:20:06 sri /tmp/work/dist/zonos-elements/p-91fc6c24.system.entry.min.js -> /output/dist/zonos-elements/p-91fc6c24.system.entry.min.js.sri
2025/06/17 07:20:06 algorithm: run /usr/bin/brotli --quality=11 --output=/output/dist/zonos-elements/p-91fc6c24.system.entry.min.js.br /tmp/work/dist/zonos-elements/p-91fc6c24.system.entry.min.js
2025/06/17 07:20:06 br /tmp/work/dist/zonos-elements/p-91fc6c24.system.entry.min.js -> /output/dist/zonos-elements/p-91fc6c24.system.entry.min.js.br
2025/06/17 07:20:06 gz /tmp/work/dist/zonos-elements/p-91fc6c24.system.entry.min.js -> /output/dist/zonos-elements/p-91fc6c24.system.entry.min.js.gz
2025/06/17 07:20:06 sri /tmp/work/dist/zonos-elements/p-91fc6c24.system.entry.js -> /output/dist/zonos-elements/p-91fc6c24.system.entry.js.sri
2025/06/17 07:20:06 algorithm: run /usr/bin/brotli --quality=11 --output=/output/dist/zonos-elements/p-91fc6c24.system.entry.js.br /tmp/work/dist/zonos-elements/p-91fc6c24.system.entry.js
2025/06/17 07:20:07 br /tmp/work/dist/zonos-elements/p-91fc6c24.system.entry.js -> /output/dist/zonos-elements/p-91fc6c24.system.entry.js.br
2025/06/17 07:20:07 gz /tmp/work/dist/zonos-elements/p-91fc6c24.system.entry.js -> /output/dist/zonos-elements/p-91fc6c24.system.entry.js.gz
2025/06/17 07:20:07 compress: run /node_modules/uglify-js/bin/uglifyjs (3.15.4) [--mangle --compress if_return=true -o /tmp/work/dist/zonos-elements/p-9cf018c8.system.entry.min.js /tmp/work/dist/zonos-elements/p-9cf018c8.system.entry.js]
2025/06/17 07:20:07 br /tmp/work/dist/zonos-elements/p-764e5c78.entry.min.js -> /output/dist/zonos-elements/p-764e5c78.entry.min.js.br
2025/06/17 07:20:07 gz /tmp/work/dist/zonos-elements/p-764e5c78.entry.min.js -> /output/dist/zonos-elements/p-764e5c78.entry.min.js.gz
2025/06/17 07:20:07 sri /tmp/work/dist/zonos-elements/p-764e5c78.entry.js -> /output/dist/zonos-elements/p-764e5c78.entry.js.sri
2025/06/17 07:20:07 algorithm: run /usr/bin/brotli --quality=11 --output=/output/dist/zonos-elements/p-764e5c78.entry.js.br /tmp/work/dist/zonos-elements/p-764e5c78.entry.js
2025/06/17 07:20:07 br /tmp/work/dist/zonos-elements/p-5784a0fc.system.entry.min.js -> /output/dist/zonos-elements/p-5784a0fc.system.entry.min.js.br
2025/06/17 07:20:07 gz /tmp/work/dist/zonos-elements/p-5784a0fc.system.entry.min.js -> /output/dist/zonos-elements/p-5784a0fc.system.entry.min.js.gz
2025/06/17 07:20:07 sri /tmp/work/dist/zonos-elements/p-5784a0fc.system.entry.js -> /output/dist/zonos-elements/p-5784a0fc.system.entry.js.sri
2025/06/17 07:20:07 algorithm: run /usr/bin/brotli --quality=11 --output=/output/dist/zonos-elements/p-5784a0fc.system.entry.js.br /tmp/work/dist/zonos-elements/p-5784a0fc.system.entry.js
2025/06/17 07:20:07 br /tmp/work/dist/zonos-elements/p-764e5c78.entry.js -> /output/dist/zonos-elements/p-764e5c78.entry.js.br
2025/06/17 07:20:07 gz /tmp/work/dist/zonos-elements/p-764e5c78.entry.js -> /output/dist/zonos-elements/p-764e5c78.entry.js.gz
2025/06/17 07:20:07 compress: run /node_modules/uglify-js/bin/uglifyjs (3.15.4) [--mangle --compress if_return=true -o /tmp/work/dist/zonos-elements/p-a87561b8.min.js /tmp/work/dist/zonos-elements/p-a87561b8.js]
2025/06/17 07:20:07 sri /tmp/work/dist/zonos-elements/p-96d77739.min.js -> /output/dist/zonos-elements/p-96d77739.min.js.sri
2025/06/17 07:20:07 algorithm: run /usr/bin/brotli --quality=11 --output=/output/dist/zonos-elements/p-96d77739.min.js.br /tmp/work/dist/zonos-elements/p-96d77739.min.js
2025/06/17 07:20:07 br /tmp/work/dist/zonos-elements/p-96d77739.min.js -> /output/dist/zonos-elements/p-96d77739.min.js.br
2025/06/17 07:20:07 gz /tmp/work/dist/zonos-elements/p-96d77739.min.js -> /output/dist/zonos-elements/p-96d77739.min.js.gz
2025/06/17 07:20:07 sri /tmp/work/dist/zonos-elements/p-96d77739.js -> /output/dist/zonos-elements/p-96d77739.js.sri
2025/06/17 07:20:07 algorithm: run /usr/bin/brotli --quality=11 --output=/output/dist/zonos-elements/p-96d77739.js.br /tmp/work/dist/zonos-elements/p-96d77739.js
2025/06/17 07:20:07 br /tmp/work/dist/zonos-elements/p-96d77739.js -> /output/dist/zonos-elements/p-96d77739.js.br
2025/06/17 07:20:07 gz /tmp/work/dist/zonos-elements/p-96d77739.js -> /output/dist/zonos-elements/p-96d77739.js.gz
2025/06/17 07:20:07 compress: run /node_modules/uglify-js/bin/uglifyjs (3.15.4) [--mangle --compress if_return=true -o /tmp/work/dist/zonos-elements/p-aaecde60.system.entry.min.js /tmp/work/dist/zonos-elements/p-aaecde60.system.entry.js]
2025/06/17 07:20:07 sri /tmp/work/dist/zonos-elements/p-97aceb11.min.js -> /output/dist/zonos-elements/p-97aceb11.min.js.sri
2025/06/17 07:20:07 algorithm: run /usr/bin/brotli --quality=11 --output=/output/dist/zonos-elements/p-97aceb11.min.js.br /tmp/work/dist/zonos-elements/p-97aceb11.min.js
2025/06/17 07:20:07 br /tmp/work/dist/zonos-elements/p-97aceb11.min.js -> /output/dist/zonos-elements/p-97aceb11.min.js.br
2025/06/17 07:20:07 gz /tmp/work/dist/zonos-elements/p-97aceb11.min.js -> /output/dist/zonos-elements/p-97aceb11.min.js.gz
2025/06/17 07:20:07 sri /tmp/work/dist/zonos-elements/p-97aceb11.js -> /output/dist/zonos-elements/p-97aceb11.js.sri
2025/06/17 07:20:07 algorithm: run /usr/bin/brotli --quality=11 --output=/output/dist/zonos-elements/p-97aceb11.js.br /tmp/work/dist/zonos-elements/p-97aceb11.js
2025/06/17 07:20:07 br /tmp/work/dist/zonos-elements/p-97aceb11.js -> /output/dist/zonos-elements/p-97aceb11.js.br
2025/06/17 07:20:07 gz /tmp/work/dist/zonos-elements/p-97aceb11.js -> /output/dist/zonos-elements/p-97aceb11.js.gz
2025/06/17 07:20:07 compress: run /node_modules/uglify-js/bin/uglifyjs (3.15.4) [--mangle --compress if_return=true -o /tmp/work/dist/zonos-elements/p-ab68ad11.min.js /tmp/work/dist/zonos-elements/p-ab68ad11.js]
2025/06/17 07:20:08 sri /tmp/work/dist/zonos-elements/p-92c36f24.system.min.js -> /output/dist/zonos-elements/p-92c36f24.system.min.js.sri
2025/06/17 07:20:08 algorithm: run /usr/bin/brotli --quality=11 --output=/output/dist/zonos-elements/p-92c36f24.system.min.js.br /tmp/work/dist/zonos-elements/p-92c36f24.system.min.js
2025/06/17 07:20:08 br /tmp/work/dist/zonos-elements/p-92c36f24.system.min.js -> /output/dist/zonos-elements/p-92c36f24.system.min.js.br
2025/06/17 07:20:08 gz /tmp/work/dist/zonos-elements/p-92c36f24.system.min.js -> /output/dist/zonos-elements/p-92c36f24.system.min.js.gz
2025/06/17 07:20:08 sri /tmp/work/dist/zonos-elements/p-92c36f24.system.js -> /output/dist/zonos-elements/p-92c36f24.system.js.sri
2025/06/17 07:20:08 algorithm: run /usr/bin/brotli --quality=11 --output=/output/dist/zonos-elements/p-92c36f24.system.js.br /tmp/work/dist/zonos-elements/p-92c36f24.system.js
2025/06/17 07:20:08 br /tmp/work/dist/zonos-elements/p-5784a0fc.system.entry.js -> /output/dist/zonos-elements/p-5784a0fc.system.entry.js.br
2025/06/17 07:20:08 gz /tmp/work/dist/zonos-elements/p-5784a0fc.system.entry.js -> /output/dist/zonos-elements/p-5784a0fc.system.entry.js.gz
2025/06/17 07:20:08 compress: run /node_modules/uglify-js/bin/uglifyjs (3.15.4) [--mangle --compress if_return=true -o /tmp/work/dist/zonos-elements/p-ae393255.min.js /tmp/work/dist/zonos-elements/p-ae393255.js]
2025/06/17 07:20:08 sri /tmp/work/dist/zonos-elements/p-9cf018c8.system.entry.min.js -> /output/dist/zonos-elements/p-9cf018c8.system.entry.min.js.sri
2025/06/17 07:20:08 algorithm: run /usr/bin/brotli --quality=11 --output=/output/dist/zonos-elements/p-9cf018c8.system.entry.min.js.br /tmp/work/dist/zonos-elements/p-9cf018c8.system.entry.min.js
2025/06/17 07:20:08 br /tmp/work/dist/zonos-elements/p-92c36f24.system.js -> /output/dist/zonos-elements/p-92c36f24.system.js.br
2025/06/17 07:20:08 gz /tmp/work/dist/zonos-elements/p-92c36f24.system.js -> /output/dist/zonos-elements/p-92c36f24.system.js.gz
2025/06/17 07:20:08 compress: run /node_modules/uglify-js/bin/uglifyjs (3.15.4) [--mangle --compress if_return=true -o /tmp/work/dist/zonos-elements/p-aed0098c.system.min.js /tmp/work/dist/zonos-elements/p-aed0098c.system.js]
2025/06/17 07:20:08 br /tmp/work/dist/zonos-elements/p-9cf018c8.system.entry.min.js -> /output/dist/zonos-elements/p-9cf018c8.system.entry.min.js.br
2025/06/17 07:20:08 gz /tmp/work/dist/zonos-elements/p-9cf018c8.system.entry.min.js -> /output/dist/zonos-elements/p-9cf018c8.system.entry.min.js.gz
2025/06/17 07:20:08 sri /tmp/work/dist/zonos-elements/p-9cf018c8.system.entry.js -> /output/dist/zonos-elements/p-9cf018c8.system.entry.js.sri
2025/06/17 07:20:08 algorithm: run /usr/bin/brotli --quality=11 --output=/output/dist/zonos-elements/p-9cf018c8.system.entry.js.br /tmp/work/dist/zonos-elements/p-9cf018c8.system.entry.js
2025/06/17 07:20:08 sri /tmp/work/dist/zonos-elements/p-a87561b8.min.js -> /output/dist/zonos-elements/p-a87561b8.min.js.sri
2025/06/17 07:20:08 algorithm: run /usr/bin/brotli --quality=11 --output=/output/dist/zonos-elements/p-a87561b8.min.js.br /tmp/work/dist/zonos-elements/p-a87561b8.min.js
2025/06/17 07:20:08 br /tmp/work/dist/zonos-elements/p-a87561b8.min.js -> /output/dist/zonos-elements/p-a87561b8.min.js.br
2025/06/17 07:20:08 gz /tmp/work/dist/zonos-elements/p-a87561b8.min.js -> /output/dist/zonos-elements/p-a87561b8.min.js.gz
2025/06/17 07:20:08 sri /tmp/work/dist/zonos-elements/p-a87561b8.js -> /output/dist/zonos-elements/p-a87561b8.js.sri
2025/06/17 07:20:08 algorithm: run /usr/bin/brotli --quality=11 --output=/output/dist/zonos-elements/p-a87561b8.js.br /tmp/work/dist/zonos-elements/p-a87561b8.js
2025/06/17 07:20:08 br /tmp/work/dist/zonos-elements/p-a87561b8.js -> /output/dist/zonos-elements/p-a87561b8.js.br
2025/06/17 07:20:08 gz /tmp/work/dist/zonos-elements/p-a87561b8.js -> /output/dist/zonos-elements/p-a87561b8.js.gz
2025/06/17 07:20:08 compress: run /node_modules/uglify-js/bin/uglifyjs (3.15.4) [--mangle --compress if_return=true -o /tmp/work/dist/zonos-elements/p-b0616716.min.js /tmp/work/dist/zonos-elements/p-b0616716.js]
2025/06/17 07:20:08 br /tmp/work/dist/zonos-elements/p-9cf018c8.system.entry.js -> /output/dist/zonos-elements/p-9cf018c8.system.entry.js.br
2025/06/17 07:20:08 gz /tmp/work/dist/zonos-elements/p-9cf018c8.system.entry.js -> /output/dist/zonos-elements/p-9cf018c8.system.entry.js.gz
2025/06/17 07:20:08 compress: run /node_modules/uglify-js/bin/uglifyjs (3.15.4) [--mangle --compress if_return=true -o /tmp/work/dist/zonos-elements/p-b12fbc07.entry.min.js /tmp/work/dist/zonos-elements/p-b12fbc07.entry.js]
2025/06/17 07:20:09 sri /tmp/work/dist/zonos-elements/p-aed0098c.system.min.js -> /output/dist/zonos-elements/p-aed0098c.system.min.js.sri
2025/06/17 07:20:09 algorithm: run /usr/bin/brotli --quality=11 --output=/output/dist/zonos-elements/p-aed0098c.system.min.js.br /tmp/work/dist/zonos-elements/p-aed0098c.system.min.js
2025/06/17 07:20:09 br /tmp/work/dist/zonos-elements/p-aed0098c.system.min.js -> /output/dist/zonos-elements/p-aed0098c.system.min.js.br
2025/06/17 07:20:09 gz /tmp/work/dist/zonos-elements/p-aed0098c.system.min.js -> /output/dist/zonos-elements/p-aed0098c.system.min.js.gz
2025/06/17 07:20:09 sri /tmp/work/dist/zonos-elements/p-aed0098c.system.js -> /output/dist/zonos-elements/p-aed0098c.system.js.sri
2025/06/17 07:20:09 algorithm: run /usr/bin/brotli --quality=11 --output=/output/dist/zonos-elements/p-aed0098c.system.js.br /tmp/work/dist/zonos-elements/p-aed0098c.system.js
2025/06/17 07:20:09 br /tmp/work/dist/zonos-elements/p-aed0098c.system.js -> /output/dist/zonos-elements/p-aed0098c.system.js.br
2025/06/17 07:20:09 gz /tmp/work/dist/zonos-elements/p-aed0098c.system.js -> /output/dist/zonos-elements/p-aed0098c.system.js.gz
2025/06/17 07:20:09 compress: run /node_modules/uglify-js/bin/uglifyjs (3.15.4) [--mangle --compress if_return=true -o /tmp/work/dist/zonos-elements/p-b1d2f586.system.entry.min.js /tmp/work/dist/zonos-elements/p-b1d2f586.system.entry.js]
2025/06/17 07:20:09 sri /tmp/work/dist/zonos-elements/p-aaecde60.system.entry.min.js -> /output/dist/zonos-elements/p-aaecde60.system.entry.min.js.sri
2025/06/17 07:20:09 algorithm: run /usr/bin/brotli --quality=11 --output=/output/dist/zonos-elements/p-aaecde60.system.entry.min.js.br /tmp/work/dist/zonos-elements/p-aaecde60.system.entry.min.js
2025/06/17 07:20:09 br /tmp/work/dist/zonos-elements/p-aaecde60.system.entry.min.js -> /output/dist/zonos-elements/p-aaecde60.system.entry.min.js.br
2025/06/17 07:20:09 gz /tmp/work/dist/zonos-elements/p-aaecde60.system.entry.min.js -> /output/dist/zonos-elements/p-aaecde60.system.entry.min.js.gz
2025/06/17 07:20:09 sri /tmp/work/dist/zonos-elements/p-aaecde60.system.entry.js -> /output/dist/zonos-elements/p-aaecde60.system.entry.js.sri
2025/06/17 07:20:09 algorithm: run /usr/bin/brotli --quality=11 --output=/output/dist/zonos-elements/p-aaecde60.system.entry.js.br /tmp/work/dist/zonos-elements/p-aaecde60.system.entry.js
2025/06/17 07:20:09 sri /tmp/work/dist/zonos-elements/p-ae393255.min.js -> /output/dist/zonos-elements/p-ae393255.min.js.sri
2025/06/17 07:20:09 algorithm: run /usr/bin/brotli --quality=11 --output=/output/dist/zonos-elements/p-ae393255.min.js.br /tmp/work/dist/zonos-elements/p-ae393255.min.js
2025/06/17 07:20:09 br /tmp/work/dist/zonos-elements/p-ae393255.min.js -> /output/dist/zonos-elements/p-ae393255.min.js.br
2025/06/17 07:20:09 gz /tmp/work/dist/zonos-elements/p-ae393255.min.js -> /output/dist/zonos-elements/p-ae393255.min.js.gz
2025/06/17 07:20:09 sri /tmp/work/dist/zonos-elements/p-ae393255.js -> /output/dist/zonos-elements/p-ae393255.js.sri
2025/06/17 07:20:09 algorithm: run /usr/bin/brotli --quality=11 --output=/output/dist/zonos-elements/p-ae393255.js.br /tmp/work/dist/zonos-elements/p-ae393255.js
2025/06/17 07:20:09 br /tmp/work/dist/zonos-elements/p-ae393255.js -> /output/dist/zonos-elements/p-ae393255.js.br
2025/06/17 07:20:09 gz /tmp/work/dist/zonos-elements/p-ae393255.js -> /output/dist/zonos-elements/p-ae393255.js.gz
2025/06/17 07:20:09 compress: run /node_modules/uglify-js/bin/uglifyjs (3.15.4) [--mangle --compress if_return=true -o /tmp/work/dist/zonos-elements/p-b2292b70.system.entry.min.js /tmp/work/dist/zonos-elements/p-b2292b70.system.entry.js]
2025/06/17 07:20:09 sri /tmp/work/dist/zonos-elements/p-949f1418.system.entry.min.js -> /output/dist/zonos-elements/p-949f1418.system.entry.min.js.sri
2025/06/17 07:20:09 algorithm: run /usr/bin/brotli --quality=11 --output=/output/dist/zonos-elements/p-949f1418.system.entry.min.js.br /tmp/work/dist/zonos-elements/p-949f1418.system.entry.min.js
2025/06/17 07:20:09 br /tmp/work/dist/zonos-elements/p-949f1418.system.entry.min.js -> /output/dist/zonos-elements/p-949f1418.system.entry.min.js.br
2025/06/17 07:20:09 gz /tmp/work/dist/zonos-elements/p-949f1418.system.entry.min.js -> /output/dist/zonos-elements/p-949f1418.system.entry.min.js.gz
2025/06/17 07:20:09 sri /tmp/work/dist/zonos-elements/p-949f1418.system.entry.js -> /output/dist/zonos-elements/p-949f1418.system.entry.js.sri
2025/06/17 07:20:09 algorithm: run /usr/bin/brotli --quality=11 --output=/output/dist/zonos-elements/p-949f1418.system.entry.js.br /tmp/work/dist/zonos-elements/p-949f1418.system.entry.js
2025/06/17 07:20:09 br /tmp/work/dist/zonos-elements/p-949f1418.system.entry.js -> /output/dist/zonos-elements/p-949f1418.system.entry.js.br
2025/06/17 07:20:09 gz /tmp/work/dist/zonos-elements/p-949f1418.system.entry.js -> /output/dist/zonos-elements/p-949f1418.system.entry.js.gz
2025/06/17 07:20:09 compress: run /node_modules/uglify-js/bin/uglifyjs (3.15.4) [--mangle --compress if_return=true -o /tmp/work/dist/zonos-elements/p-b288c2ed.entry.min.js /tmp/work/dist/zonos-elements/p-b288c2ed.entry.js]
2025/06/17 07:20:09 br /tmp/work/dist/zonos-elements/p-aaecde60.system.entry.js -> /output/dist/zonos-elements/p-aaecde60.system.entry.js.br
2025/06/17 07:20:09 gz /tmp/work/dist/zonos-elements/p-aaecde60.system.entry.js -> /output/dist/zonos-elements/p-aaecde60.system.entry.js.gz
2025/06/17 07:20:09 compress: run /node_modules/uglify-js/bin/uglifyjs (3.15.4) [--mangle --compress if_return=true -o /tmp/work/dist/zonos-elements/p-b4b7f705.min.js /tmp/work/dist/zonos-elements/p-b4b7f705.js]
2025/06/17 07:20:10 sri /tmp/work/dist/zonos-elements/p-b12fbc07.entry.min.js -> /output/dist/zonos-elements/p-b12fbc07.entry.min.js.sri
2025/06/17 07:20:10 algorithm: run /usr/bin/brotli --quality=11 --output=/output/dist/zonos-elements/p-b12fbc07.entry.min.js.br /tmp/work/dist/zonos-elements/p-b12fbc07.entry.min.js
2025/06/17 07:20:10 br /tmp/work/dist/zonos-elements/p-b12fbc07.entry.min.js -> /output/dist/zonos-elements/p-b12fbc07.entry.min.js.br
2025/06/17 07:20:10 gz /tmp/work/dist/zonos-elements/p-b12fbc07.entry.min.js -> /output/dist/zonos-elements/p-b12fbc07.entry.min.js.gz
2025/06/17 07:20:10 sri /tmp/work/dist/zonos-elements/p-b12fbc07.entry.js -> /output/dist/zonos-elements/p-b12fbc07.entry.js.sri
2025/06/17 07:20:10 algorithm: run /usr/bin/brotli --quality=11 --output=/output/dist/zonos-elements/p-b12fbc07.entry.js.br /tmp/work/dist/zonos-elements/p-b12fbc07.entry.js
2025/06/17 07:20:10 sri /tmp/work/dist/zonos-elements/p-b4b7f705.min.js -> /output/dist/zonos-elements/p-b4b7f705.min.js.sri
2025/06/17 07:20:10 algorithm: run /usr/bin/brotli --quality=11 --output=/output/dist/zonos-elements/p-b4b7f705.min.js.br /tmp/work/dist/zonos-elements/p-b4b7f705.min.js
2025/06/17 07:20:10 br /tmp/work/dist/zonos-elements/p-b4b7f705.min.js -> /output/dist/zonos-elements/p-b4b7f705.min.js.br
2025/06/17 07:20:10 gz /tmp/work/dist/zonos-elements/p-b4b7f705.min.js -> /output/dist/zonos-elements/p-b4b7f705.min.js.gz
2025/06/17 07:20:10 sri /tmp/work/dist/zonos-elements/p-b4b7f705.js -> /output/dist/zonos-elements/p-b4b7f705.js.sri
2025/06/17 07:20:10 algorithm: run /usr/bin/brotli --quality=11 --output=/output/dist/zonos-elements/p-b4b7f705.js.br /tmp/work/dist/zonos-elements/p-b4b7f705.js
2025/06/17 07:20:10 br /tmp/work/dist/zonos-elements/p-b4b7f705.js -> /output/dist/zonos-elements/p-b4b7f705.js.br
2025/06/17 07:20:10 gz /tmp/work/dist/zonos-elements/p-b4b7f705.js -> /output/dist/zonos-elements/p-b4b7f705.js.gz
2025/06/17 07:20:10 compress: run /node_modules/uglify-js/bin/uglifyjs (3.15.4) [--mangle --compress if_return=true -o /tmp/work/dist/zonos-elements/p-b5c360af.entry.min.js /tmp/work/dist/zonos-elements/p-b5c360af.entry.js]
2025/06/17 07:20:10 br /tmp/work/dist/zonos-elements/p-b12fbc07.entry.js -> /output/dist/zonos-elements/p-b12fbc07.entry.js.br
2025/06/17 07:20:10 gz /tmp/work/dist/zonos-elements/p-b12fbc07.entry.js -> /output/dist/zonos-elements/p-b12fbc07.entry.js.gz
2025/06/17 07:20:10 compress: run /node_modules/uglify-js/bin/uglifyjs (3.15.4) [--mangle --compress if_return=true -o /tmp/work/dist/zonos-elements/p-b6bbdb59.system.entry.min.js /tmp/work/dist/zonos-elements/p-b6bbdb59.system.entry.js]
2025/06/17 07:20:10 sri /tmp/work/dist/zonos-elements/p-b2292b70.system.entry.min.js -> /output/dist/zonos-elements/p-b2292b70.system.entry.min.js.sri
2025/06/17 07:20:10 algorithm: run /usr/bin/brotli --quality=11 --output=/output/dist/zonos-elements/p-b2292b70.system.entry.min.js.br /tmp/work/dist/zonos-elements/p-b2292b70.system.entry.min.js
2025/06/17 07:20:11 br /tmp/work/dist/zonos-elements/p-b2292b70.system.entry.min.js -> /output/dist/zonos-elements/p-b2292b70.system.entry.min.js.br
2025/06/17 07:20:11 gz /tmp/work/dist/zonos-elements/p-b2292b70.system.entry.min.js -> /output/dist/zonos-elements/p-b2292b70.system.entry.min.js.gz
2025/06/17 07:20:11 sri /tmp/work/dist/zonos-elements/p-b2292b70.system.entry.js -> /output/dist/zonos-elements/p-b2292b70.system.entry.js.sri
2025/06/17 07:20:11 algorithm: run /usr/bin/brotli --quality=11 --output=/output/dist/zonos-elements/p-b2292b70.system.entry.js.br /tmp/work/dist/zonos-elements/p-b2292b70.system.entry.js
2025/06/17 07:20:11 sri /tmp/work/dist/zonos-elements/p-b288c2ed.entry.min.js -> /output/dist/zonos-elements/p-b288c2ed.entry.min.js.sri
2025/06/17 07:20:11 algorithm: run /usr/bin/brotli --quality=11 --output=/output/dist/zonos-elements/p-b288c2ed.entry.min.js.br /tmp/work/dist/zonos-elements/p-b288c2ed.entry.min.js
2025/06/17 07:20:11 br /tmp/work/dist/zonos-elements/p-b2292b70.system.entry.js -> /output/dist/zonos-elements/p-b2292b70.system.entry.js.br
2025/06/17 07:20:11 gz /tmp/work/dist/zonos-elements/p-b2292b70.system.entry.js -> /output/dist/zonos-elements/p-b2292b70.system.entry.js.gz
2025/06/17 07:20:11 compress: run /node_modules/uglify-js/bin/uglifyjs (3.15.4) [--mangle --compress if_return=true -o /tmp/work/dist/zonos-elements/p-bc7bf53e.system.min.js /tmp/work/dist/zonos-elements/p-bc7bf53e.system.js]
2025/06/17 07:20:11 br /tmp/work/dist/zonos-elements/p-b288c2ed.entry.min.js -> /output/dist/zonos-elements/p-b288c2ed.entry.min.js.br
2025/06/17 07:20:11 gz /tmp/work/dist/zonos-elements/p-b288c2ed.entry.min.js -> /output/dist/zonos-elements/p-b288c2ed.entry.min.js.gz
2025/06/17 07:20:11 sri /tmp/work/dist/zonos-elements/p-b288c2ed.entry.js -> /output/dist/zonos-elements/p-b288c2ed.entry.js.sri
2025/06/17 07:20:11 algorithm: run /usr/bin/brotli --quality=11 --output=/output/dist/zonos-elements/p-b288c2ed.entry.js.br /tmp/work/dist/zonos-elements/p-b288c2ed.entry.js
2025/06/17 07:20:11 br /tmp/work/dist/zonos-elements/p-b288c2ed.entry.js -> /output/dist/zonos-elements/p-b288c2ed.entry.js.br
2025/06/17 07:20:11 gz /tmp/work/dist/zonos-elements/p-b288c2ed.entry.js -> /output/dist/zonos-elements/p-b288c2ed.entry.js.gz
2025/06/17 07:20:11 compress: run /node_modules/uglify-js/bin/uglifyjs (3.15.4) [--mangle --compress if_return=true -o /tmp/work/dist/zonos-elements/p-bf37ccc7.system.min.js /tmp/work/dist/zonos-elements/p-bf37ccc7.system.js]
2025/06/17 07:20:11 sri /tmp/work/dist/zonos-elements/p-8a4c6a42.min.js -> /output/dist/zonos-elements/p-8a4c6a42.min.js.sri
2025/06/17 07:20:11 algorithm: run /usr/bin/brotli --quality=11 --output=/output/dist/zonos-elements/p-8a4c6a42.min.js.br /tmp/work/dist/zonos-elements/p-8a4c6a42.min.js
2025/06/17 07:20:11 sri /tmp/work/dist/zonos-elements/p-b5c360af.entry.min.js -> /output/dist/zonos-elements/p-b5c360af.entry.min.js.sri
2025/06/17 07:20:11 algorithm: run /usr/bin/brotli --quality=11 --output=/output/dist/zonos-elements/p-b5c360af.entry.min.js.br /tmp/work/dist/zonos-elements/p-b5c360af.entry.min.js
2025/06/17 07:20:11 br /tmp/work/dist/zonos-elements/p-b5c360af.entry.min.js -> /output/dist/zonos-elements/p-b5c360af.entry.min.js.br
2025/06/17 07:20:11 gz /tmp/work/dist/zonos-elements/p-b5c360af.entry.min.js -> /output/dist/zonos-elements/p-b5c360af.entry.min.js.gz
2025/06/17 07:20:11 sri /tmp/work/dist/zonos-elements/p-b5c360af.entry.js -> /output/dist/zonos-elements/p-b5c360af.entry.js.sri
2025/06/17 07:20:11 algorithm: run /usr/bin/brotli --quality=11 --output=/output/dist/zonos-elements/p-b5c360af.entry.js.br /tmp/work/dist/zonos-elements/p-b5c360af.entry.js
2025/06/17 07:20:11 br /tmp/work/dist/zonos-elements/p-b5c360af.entry.js -> /output/dist/zonos-elements/p-b5c360af.entry.js.br
2025/06/17 07:20:11 gz /tmp/work/dist/zonos-elements/p-b5c360af.entry.js -> /output/dist/zonos-elements/p-b5c360af.entry.js.gz
2025/06/17 07:20:11 compress: run /node_modules/uglify-js/bin/uglifyjs (3.15.4) [--mangle --compress if_return=true -o /tmp/work/dist/zonos-elements/p-c015be06.system.min.js /tmp/work/dist/zonos-elements/p-c015be06.system.js]
2025/06/17 07:20:12 sri /tmp/work/dist/zonos-elements/p-bc7bf53e.system.min.js -> /output/dist/zonos-elements/p-bc7bf53e.system.min.js.sri
2025/06/17 07:20:12 algorithm: run /usr/bin/brotli --quality=11 --output=/output/dist/zonos-elements/p-bc7bf53e.system.min.js.br /tmp/work/dist/zonos-elements/p-bc7bf53e.system.min.js
2025/06/17 07:20:12 br /tmp/work/dist/zonos-elements/p-bc7bf53e.system.min.js -> /output/dist/zonos-elements/p-bc7bf53e.system.min.js.br
2025/06/17 07:20:12 gz /tmp/work/dist/zonos-elements/p-bc7bf53e.system.min.js -> /output/dist/zonos-elements/p-bc7bf53e.system.min.js.gz
2025/06/17 07:20:12 sri /tmp/work/dist/zonos-elements/p-bc7bf53e.system.js -> /output/dist/zonos-elements/p-bc7bf53e.system.js.sri
2025/06/17 07:20:12 algorithm: run /usr/bin/brotli --quality=11 --output=/output/dist/zonos-elements/p-bc7bf53e.system.js.br /tmp/work/dist/zonos-elements/p-bc7bf53e.system.js
2025/06/17 07:20:12 br /tmp/work/dist/zonos-elements/p-bc7bf53e.system.js -> /output/dist/zonos-elements/p-bc7bf53e.system.js.br
2025/06/17 07:20:12 gz /tmp/work/dist/zonos-elements/p-bc7bf53e.system.js -> /output/dist/zonos-elements/p-bc7bf53e.system.js.gz
2025/06/17 07:20:12 compress: run /node_modules/uglify-js/bin/uglifyjs (3.15.4) [--mangle --compress if_return=true -o /tmp/work/dist/zonos-elements/p-c36f823b.min.js /tmp/work/dist/zonos-elements/p-c36f823b.js]
2025/06/17 07:20:12 sri /tmp/work/dist/zonos-elements/p-bf37ccc7.system.min.js -> /output/dist/zonos-elements/p-bf37ccc7.system.min.js.sri
2025/06/17 07:20:12 algorithm: run /usr/bin/brotli --quality=11 --output=/output/dist/zonos-elements/p-bf37ccc7.system.min.js.br /tmp/work/dist/zonos-elements/p-bf37ccc7.system.min.js
2025/06/17 07:20:12 br /tmp/work/dist/zonos-elements/p-bf37ccc7.system.min.js -> /output/dist/zonos-elements/p-bf37ccc7.system.min.js.br
2025/06/17 07:20:12 gz /tmp/work/dist/zonos-elements/p-bf37ccc7.system.min.js -> /output/dist/zonos-elements/p-bf37ccc7.system.min.js.gz
2025/06/17 07:20:12 sri /tmp/work/dist/zonos-elements/p-bf37ccc7.system.js -> /output/dist/zonos-elements/p-bf37ccc7.system.js.sri
2025/06/17 07:20:12 algorithm: run /usr/bin/brotli --quality=11 --output=/output/dist/zonos-elements/p-bf37ccc7.system.js.br /tmp/work/dist/zonos-elements/p-bf37ccc7.system.js
2025/06/17 07:20:12 sri /tmp/work/dist/zonos-elements/p-b6bbdb59.system.entry.min.js -> /output/dist/zonos-elements/p-b6bbdb59.system.entry.min.js.sri
2025/06/17 07:20:12 algorithm: run /usr/bin/brotli --quality=11 --output=/output/dist/zonos-elements/p-b6bbdb59.system.entry.min.js.br /tmp/work/dist/zonos-elements/p-b6bbdb59.system.entry.min.js
2025/06/17 07:20:12 br /tmp/work/dist/zonos-elements/p-bf37ccc7.system.js -> /output/dist/zonos-elements/p-bf37ccc7.system.js.br
2025/06/17 07:20:12 gz /tmp/work/dist/zonos-elements/p-bf37ccc7.system.js -> /output/dist/zonos-elements/p-bf37ccc7.system.js.gz
2025/06/17 07:20:12 compress: run /node_modules/uglify-js/bin/uglifyjs (3.15.4) [--mangle --compress if_return=true -o /tmp/work/dist/zonos-elements/p-c5d1217f.system.min.js /tmp/work/dist/zonos-elements/p-c5d1217f.system.js]
2025/06/17 07:20:12 br /tmp/work/dist/zonos-elements/p-b6bbdb59.system.entry.min.js -> /output/dist/zonos-elements/p-b6bbdb59.system.entry.min.js.br
2025/06/17 07:20:12 gz /tmp/work/dist/zonos-elements/p-b6bbdb59.system.entry.min.js -> /output/dist/zonos-elements/p-b6bbdb59.system.entry.min.js.gz
2025/06/17 07:20:12 sri /tmp/work/dist/zonos-elements/p-b6bbdb59.system.entry.js -> /output/dist/zonos-elements/p-b6bbdb59.system.entry.js.sri
2025/06/17 07:20:12 algorithm: run /usr/bin/brotli --quality=11 --output=/output/dist/zonos-elements/p-b6bbdb59.system.entry.js.br /tmp/work/dist/zonos-elements/p-b6bbdb59.system.entry.js
2025/06/17 07:20:12 br /tmp/work/dist/zonos-elements/p-b6bbdb59.system.entry.js -> /output/dist/zonos-elements/p-b6bbdb59.system.entry.js.br
2025/06/17 07:20:12 gz /tmp/work/dist/zonos-elements/p-b6bbdb59.system.entry.js -> /output/dist/zonos-elements/p-b6bbdb59.system.entry.js.gz
2025/06/17 07:20:12 compress: run /node_modules/uglify-js/bin/uglifyjs (3.15.4) [--mangle --compress if_return=true -o /tmp/work/dist/zonos-elements/p-c9035262.min.js /tmp/work/dist/zonos-elements/p-c9035262.js]
2025/06/17 07:20:12 sri /tmp/work/dist/zonos-elements/p-b0616716.min.js -> /output/dist/zonos-elements/p-b0616716.min.js.sri
2025/06/17 07:20:12 algorithm: run /usr/bin/brotli --quality=11 --output=/output/dist/zonos-elements/p-b0616716.min.js.br /tmp/work/dist/zonos-elements/p-b0616716.min.js
2025/06/17 07:20:12 sri /tmp/work/dist/zonos-elements/p-ab68ad11.min.js -> /output/dist/zonos-elements/p-ab68ad11.min.js.sri
2025/06/17 07:20:12 algorithm: run /usr/bin/brotli --quality=11 --output=/output/dist/zonos-elements/p-ab68ad11.min.js.br /tmp/work/dist/zonos-elements/p-ab68ad11.min.js
2025/06/17 07:20:12 br /tmp/work/dist/zonos-elements/p-ab68ad11.min.js -> /output/dist/zonos-elements/p-ab68ad11.min.js.br
2025/06/17 07:20:12 gz /tmp/work/dist/zonos-elements/p-ab68ad11.min.js -> /output/dist/zonos-elements/p-ab68ad11.min.js.gz
2025/06/17 07:20:12 sri /tmp/work/dist/zonos-elements/p-ab68ad11.js -> /output/dist/zonos-elements/p-ab68ad11.js.sri
2025/06/17 07:20:12 algorithm: run /usr/bin/brotli --quality=11 --output=/output/dist/zonos-elements/p-ab68ad11.js.br /tmp/work/dist/zonos-elements/p-ab68ad11.js
2025/06/17 07:20:12 sri /tmp/work/dist/zonos-elements/p-c015be06.system.min.js -> /output/dist/zonos-elements/p-c015be06.system.min.js.sri
2025/06/17 07:20:12 algorithm: run /usr/bin/brotli --quality=11 --output=/output/dist/zonos-elements/p-c015be06.system.min.js.br /tmp/work/dist/zonos-elements/p-c015be06.system.min.js
2025/06/17 07:20:12 br /tmp/work/dist/zonos-elements/p-c015be06.system.min.js -> /output/dist/zonos-elements/p-c015be06.system.min.js.br
2025/06/17 07:20:12 gz /tmp/work/dist/zonos-elements/p-c015be06.system.min.js -> /output/dist/zonos-elements/p-c015be06.system.min.js.gz
2025/06/17 07:20:12 sri /tmp/work/dist/zonos-elements/p-c015be06.system.js -> /output/dist/zonos-elements/p-c015be06.system.js.sri
2025/06/17 07:20:12 algorithm: run /usr/bin/brotli --quality=11 --output=/output/dist/zonos-elements/p-c015be06.system.js.br /tmp/work/dist/zonos-elements/p-c015be06.system.js
2025/06/17 07:20:12 br /tmp/work/dist/zonos-elements/p-c015be06.system.js -> /output/dist/zonos-elements/p-c015be06.system.js.br
2025/06/17 07:20:12 gz /tmp/work/dist/zonos-elements/p-c015be06.system.js -> /output/dist/zonos-elements/p-c015be06.system.js.gz
2025/06/17 07:20:12 compress: run /node_modules/uglify-js/bin/uglifyjs (3.15.4) [--mangle --compress if_return=true -o /tmp/work/dist/zonos-elements/p-c94d82fb.entry.min.js /tmp/work/dist/zonos-elements/p-c94d82fb.entry.js]
2025/06/17 07:20:12 br /tmp/work/dist/zonos-elements/p-b0616716.min.js -> /output/dist/zonos-elements/p-b0616716.min.js.br
2025/06/17 07:20:12 gz /tmp/work/dist/zonos-elements/p-b0616716.min.js -> /output/dist/zonos-elements/p-b0616716.min.js.gz
2025/06/17 07:20:12 sri /tmp/work/dist/zonos-elements/p-b0616716.js -> /output/dist/zonos-elements/p-b0616716.js.sri
2025/06/17 07:20:12 algorithm: run /usr/bin/brotli --quality=11 --output=/output/dist/zonos-elements/p-b0616716.js.br /tmp/work/dist/zonos-elements/p-b0616716.js
2025/06/17 07:20:12 br /tmp/work/dist/zonos-elements/p-b0616716.js -> /output/dist/zonos-elements/p-b0616716.js.br
2025/06/17 07:20:12 gz /tmp/work/dist/zonos-elements/p-b0616716.js -> /output/dist/zonos-elements/p-b0616716.js.gz
2025/06/17 07:20:12 compress: run /node_modules/uglify-js/bin/uglifyjs (3.15.4) [--mangle --compress if_return=true -o /tmp/work/dist/zonos-elements/p-c9e433c0.system.min.js /tmp/work/dist/zonos-elements/p-c9e433c0.system.js]
2025/06/17 07:20:12 br /tmp/work/dist/zonos-elements/p-ab68ad11.js -> /output/dist/zonos-elements/p-ab68ad11.js.br
2025/06/17 07:20:12 gz /tmp/work/dist/zonos-elements/p-ab68ad11.js -> /output/dist/zonos-elements/p-ab68ad11.js.gz
2025/06/17 07:20:12 compress: run /node_modules/uglify-js/bin/uglifyjs (3.15.4) [--mangle --compress if_return=true -o /tmp/work/dist/zonos-elements/p-cbd5d932.entry.min.js /tmp/work/dist/zonos-elements/p-cbd5d932.entry.js]
2025/06/17 07:20:12 sri /tmp/work/dist/zonos-elements/p-c5d1217f.system.min.js -> /output/dist/zonos-elements/p-c5d1217f.system.min.js.sri
2025/06/17 07:20:12 algorithm: run /usr/bin/brotli --quality=11 --output=/output/dist/zonos-elements/p-c5d1217f.system.min.js.br /tmp/work/dist/zonos-elements/p-c5d1217f.system.min.js
2025/06/17 07:20:12 br /tmp/work/dist/zonos-elements/p-c5d1217f.system.min.js -> /output/dist/zonos-elements/p-c5d1217f.system.min.js.br
2025/06/17 07:20:12 gz /tmp/work/dist/zonos-elements/p-c5d1217f.system.min.js -> /output/dist/zonos-elements/p-c5d1217f.system.min.js.gz
2025/06/17 07:20:12 sri /tmp/work/dist/zonos-elements/p-c5d1217f.system.js -> /output/dist/zonos-elements/p-c5d1217f.system.js.sri
2025/06/17 07:20:12 algorithm: run /usr/bin/brotli --quality=11 --output=/output/dist/zonos-elements/p-c5d1217f.system.js.br /tmp/work/dist/zonos-elements/p-c5d1217f.system.js
2025/06/17 07:20:12 br /tmp/work/dist/zonos-elements/p-c5d1217f.system.js -> /output/dist/zonos-elements/p-c5d1217f.system.js.br
2025/06/17 07:20:12 gz /tmp/work/dist/zonos-elements/p-c5d1217f.system.js -> /output/dist/zonos-elements/p-c5d1217f.system.js.gz
2025/06/17 07:20:12 compress: run /node_modules/uglify-js/bin/uglifyjs (3.15.4) [--mangle --compress if_return=true -o /tmp/work/dist/zonos-elements/p-cdfca133.entry.min.js /tmp/work/dist/zonos-elements/p-cdfca133.entry.js]
2025/06/17 07:20:13 sri /tmp/work/dist/zonos-elements/p-c9e433c0.system.min.js -> /output/dist/zonos-elements/p-c9e433c0.system.min.js.sri
2025/06/17 07:20:13 algorithm: run /usr/bin/brotli --quality=11 --output=/output/dist/zonos-elements/p-c9e433c0.system.min.js.br /tmp/work/dist/zonos-elements/p-c9e433c0.system.min.js
2025/06/17 07:20:13 br /tmp/work/dist/zonos-elements/p-c9e433c0.system.min.js -> /output/dist/zonos-elements/p-c9e433c0.system.min.js.br
2025/06/17 07:20:13 gz /tmp/work/dist/zonos-elements/p-c9e433c0.system.min.js -> /output/dist/zonos-elements/p-c9e433c0.system.min.js.gz
2025/06/17 07:20:13 sri /tmp/work/dist/zonos-elements/p-c9e433c0.system.js -> /output/dist/zonos-elements/p-c9e433c0.system.js.sri
2025/06/17 07:20:13 algorithm: run /usr/bin/brotli --quality=11 --output=/output/dist/zonos-elements/p-c9e433c0.system.js.br /tmp/work/dist/zonos-elements/p-c9e433c0.system.js
2025/06/17 07:20:13 sri /tmp/work/dist/zonos-elements/p-cbd5d932.entry.min.js -> /output/dist/zonos-elements/p-cbd5d932.entry.min.js.sri
2025/06/17 07:20:13 algorithm: run /usr/bin/brotli --quality=11 --output=/output/dist/zonos-elements/p-cbd5d932.entry.min.js.br /tmp/work/dist/zonos-elements/p-cbd5d932.entry.min.js
2025/06/17 07:20:13 br /tmp/work/dist/zonos-elements/p-c9e433c0.system.js -> /output/dist/zonos-elements/p-c9e433c0.system.js.br
2025/06/17 07:20:13 gz /tmp/work/dist/zonos-elements/p-c9e433c0.system.js -> /output/dist/zonos-elements/p-c9e433c0.system.js.gz
2025/06/17 07:20:13 compress: run /node_modules/uglify-js/bin/uglifyjs (3.15.4) [--mangle --compress if_return=true -o /tmp/work/dist/zonos-elements/p-d2f2c685.entry.min.js /tmp/work/dist/zonos-elements/p-d2f2c685.entry.js]
2025/06/17 07:20:13 br /tmp/work/dist/zonos-elements/p-cbd5d932.entry.min.js -> /output/dist/zonos-elements/p-cbd5d932.entry.min.js.br
2025/06/17 07:20:13 gz /tmp/work/dist/zonos-elements/p-cbd5d932.entry.min.js -> /output/dist/zonos-elements/p-cbd5d932.entry.min.js.gz
2025/06/17 07:20:13 sri /tmp/work/dist/zonos-elements/p-cbd5d932.entry.js -> /output/dist/zonos-elements/p-cbd5d932.entry.js.sri
2025/06/17 07:20:13 algorithm: run /usr/bin/brotli --quality=11 --output=/output/dist/zonos-elements/p-cbd5d932.entry.js.br /tmp/work/dist/zonos-elements/p-cbd5d932.entry.js
2025/06/17 07:20:13 sri /tmp/work/dist/zonos-elements/p-cdfca133.entry.min.js -> /output/dist/zonos-elements/p-cdfca133.entry.min.js.sri
2025/06/17 07:20:13 algorithm: run /usr/bin/brotli --quality=11 --output=/output/dist/zonos-elements/p-cdfca133.entry.min.js.br /tmp/work/dist/zonos-elements/p-cdfca133.entry.min.js
2025/06/17 07:20:13 br /tmp/work/dist/zonos-elements/p-cbd5d932.entry.js -> /output/dist/zonos-elements/p-cbd5d932.entry.js.br
2025/06/17 07:20:13 gz /tmp/work/dist/zonos-elements/p-cbd5d932.entry.js -> /output/dist/zonos-elements/p-cbd5d932.entry.js.gz
2025/06/17 07:20:13 compress: run /node_modules/uglify-js/bin/uglifyjs (3.15.4) [--mangle --compress if_return=true -o /tmp/work/dist/zonos-elements/p-d642f149.system.entry.min.js /tmp/work/dist/zonos-elements/p-d642f149.system.entry.js]
2025/06/17 07:20:13 br /tmp/work/dist/zonos-elements/p-cdfca133.entry.min.js -> /output/dist/zonos-elements/p-cdfca133.entry.min.js.br
2025/06/17 07:20:13 gz /tmp/work/dist/zonos-elements/p-cdfca133.entry.min.js -> /output/dist/zonos-elements/p-cdfca133.entry.min.js.gz
2025/06/17 07:20:13 sri /tmp/work/dist/zonos-elements/p-cdfca133.entry.js -> /output/dist/zonos-elements/p-cdfca133.entry.js.sri
2025/06/17 07:20:13 algorithm: run /usr/bin/brotli --quality=11 --output=/output/dist/zonos-elements/p-cdfca133.entry.js.br /tmp/work/dist/zonos-elements/p-cdfca133.entry.js
2025/06/17 07:20:13 br /tmp/work/dist/zonos-elements/p-cdfca133.entry.js -> /output/dist/zonos-elements/p-cdfca133.entry.js.br
2025/06/17 07:20:13 gz /tmp/work/dist/zonos-elements/p-cdfca133.entry.js -> /output/dist/zonos-elements/p-cdfca133.entry.js.gz
2025/06/17 07:20:13 compress: run /node_modules/uglify-js/bin/uglifyjs (3.15.4) [--mangle --compress if_return=true -o /tmp/work/dist/zonos-elements/p-db3f381d.entry.min.js /tmp/work/dist/zonos-elements/p-db3f381d.entry.js]
2025/06/17 07:20:13 sri /tmp/work/dist/zonos-elements/p-c36f823b.min.js -> /output/dist/zonos-elements/p-c36f823b.min.js.sri
2025/06/17 07:20:13 algorithm: run /usr/bin/brotli --quality=11 --output=/output/dist/zonos-elements/p-c36f823b.min.js.br /tmp/work/dist/zonos-elements/p-c36f823b.min.js
2025/06/17 07:20:13 br /tmp/work/dist/zonos-elements/p-c36f823b.min.js -> /output/dist/zonos-elements/p-c36f823b.min.js.br
2025/06/17 07:20:13 sri /tmp/work/dist/zonos-elements/p-c9035262.min.js -> /output/dist/zonos-elements/p-c9035262.min.js.sri
2025/06/17 07:20:13 algorithm: run /usr/bin/brotli --quality=11 --output=/output/dist/zonos-elements/p-c9035262.min.js.br /tmp/work/dist/zonos-elements/p-c9035262.min.js
2025/06/17 07:20:13 gz /tmp/work/dist/zonos-elements/p-c36f823b.min.js -> /output/dist/zonos-elements/p-c36f823b.min.js.gz
2025/06/17 07:20:13 sri /tmp/work/dist/zonos-elements/p-c36f823b.js -> /output/dist/zonos-elements/p-c36f823b.js.sri
2025/06/17 07:20:13 algorithm: run /usr/bin/brotli --quality=11 --output=/output/dist/zonos-elements/p-c36f823b.js.br /tmp/work/dist/zonos-elements/p-c36f823b.js
2025/06/17 07:20:13 br /tmp/work/dist/zonos-elements/p-c9035262.min.js -> /output/dist/zonos-elements/p-c9035262.min.js.br
2025/06/17 07:20:13 gz /tmp/work/dist/zonos-elements/p-c9035262.min.js -> /output/dist/zonos-elements/p-c9035262.min.js.gz
2025/06/17 07:20:13 sri /tmp/work/dist/zonos-elements/p-c9035262.js -> /output/dist/zonos-elements/p-c9035262.js.sri
2025/06/17 07:20:13 algorithm: run /usr/bin/brotli --quality=11 --output=/output/dist/zonos-elements/p-c9035262.js.br /tmp/work/dist/zonos-elements/p-c9035262.js
2025/06/17 07:20:13 br /tmp/work/dist/zonos-elements/p-c36f823b.js -> /output/dist/zonos-elements/p-c36f823b.js.br
2025/06/17 07:20:13 gz /tmp/work/dist/zonos-elements/p-c36f823b.js -> /output/dist/zonos-elements/p-c36f823b.js.gz
2025/06/17 07:20:13 compress: run /node_modules/uglify-js/bin/uglifyjs (3.15.4) [--mangle --compress if_return=true -o /tmp/work/dist/zonos-elements/p-de221545.entry.min.js /tmp/work/dist/zonos-elements/p-de221545.entry.js]
2025/06/17 07:20:13 br /tmp/work/dist/zonos-elements/p-c9035262.js -> /output/dist/zonos-elements/p-c9035262.js.br
2025/06/17 07:20:13 gz /tmp/work/dist/zonos-elements/p-c9035262.js -> /output/dist/zonos-elements/p-c9035262.js.gz
2025/06/17 07:20:13 compress: run /node_modules/uglify-js/bin/uglifyjs (3.15.4) [--mangle --compress if_return=true -o /tmp/work/dist/zonos-elements/p-dec30fa4.entry.min.js /tmp/work/dist/zonos-elements/p-dec30fa4.entry.js]
2025/06/17 07:20:13 sri /tmp/work/dist/zonos-elements/p-c94d82fb.entry.min.js -> /output/dist/zonos-elements/p-c94d82fb.entry.min.js.sri
2025/06/17 07:20:13 algorithm: run /usr/bin/brotli --quality=11 --output=/output/dist/zonos-elements/p-c94d82fb.entry.min.js.br /tmp/work/dist/zonos-elements/p-c94d82fb.entry.min.js
2025/06/17 07:20:13 sri /tmp/work/dist/zonos-elements/p-db3f381d.entry.min.js -> /output/dist/zonos-elements/p-db3f381d.entry.min.js.sri
2025/06/17 07:20:13 algorithm: run /usr/bin/brotli --quality=11 --output=/output/dist/zonos-elements/p-db3f381d.entry.min.js.br /tmp/work/dist/zonos-elements/p-db3f381d.entry.min.js
2025/06/17 07:20:13 br /tmp/work/dist/zonos-elements/p-db3f381d.entry.min.js -> /output/dist/zonos-elements/p-db3f381d.entry.min.js.br
2025/06/17 07:20:13 gz /tmp/work/dist/zonos-elements/p-db3f381d.entry.min.js -> /output/dist/zonos-elements/p-db3f381d.entry.min.js.gz
2025/06/17 07:20:13 sri /tmp/work/dist/zonos-elements/p-db3f381d.entry.js -> /output/dist/zonos-elements/p-db3f381d.entry.js.sri
2025/06/17 07:20:13 algorithm: run /usr/bin/brotli --quality=11 --output=/output/dist/zonos-elements/p-db3f381d.entry.js.br /tmp/work/dist/zonos-elements/p-db3f381d.entry.js
2025/06/17 07:20:13 br /tmp/work/dist/zonos-elements/p-db3f381d.entry.js -> /output/dist/zonos-elements/p-db3f381d.entry.js.br
2025/06/17 07:20:13 gz /tmp/work/dist/zonos-elements/p-db3f381d.entry.js -> /output/dist/zonos-elements/p-db3f381d.entry.js.gz
2025/06/17 07:20:13 compress: run /node_modules/uglify-js/bin/uglifyjs (3.15.4) [--mangle --compress if_return=true -o /tmp/work/dist/zonos-elements/p-e02fd9ae.min.js /tmp/work/dist/zonos-elements/p-e02fd9ae.js]
2025/06/17 07:20:13 br /tmp/work/dist/zonos-elements/p-c94d82fb.entry.min.js -> /output/dist/zonos-elements/p-c94d82fb.entry.min.js.br
2025/06/17 07:20:13 gz /tmp/work/dist/zonos-elements/p-c94d82fb.entry.min.js -> /output/dist/zonos-elements/p-c94d82fb.entry.min.js.gz
2025/06/17 07:20:13 sri /tmp/work/dist/zonos-elements/p-c94d82fb.entry.js -> /output/dist/zonos-elements/p-c94d82fb.entry.js.sri
2025/06/17 07:20:13 algorithm: run /usr/bin/brotli --quality=11 --output=/output/dist/zonos-elements/p-c94d82fb.entry.js.br /tmp/work/dist/zonos-elements/p-c94d82fb.entry.js
2025/06/17 07:20:13 br /tmp/work/dist/zonos-elements/p-8a4c6a42.min.js -> /output/dist/zonos-elements/p-8a4c6a42.min.js.br
2025/06/17 07:20:13 sri /tmp/work/dist/zonos-elements/p-d642f149.system.entry.min.js -> /output/dist/zonos-elements/p-d642f149.system.entry.min.js.sri
2025/06/17 07:20:13 algorithm: run /usr/bin/brotli --quality=11 --output=/output/dist/zonos-elements/p-d642f149.system.entry.min.js.br /tmp/work/dist/zonos-elements/p-d642f149.system.entry.min.js
2025/06/17 07:20:13 gz /tmp/work/dist/zonos-elements/p-8a4c6a42.min.js -> /output/dist/zonos-elements/p-8a4c6a42.min.js.gz
2025/06/17 07:20:13 sri /tmp/work/dist/zonos-elements/p-8a4c6a42.js -> /output/dist/zonos-elements/p-8a4c6a42.js.sri
2025/06/17 07:20:13 algorithm: run /usr/bin/brotli --quality=11 --output=/output/dist/zonos-elements/p-8a4c6a42.js.br /tmp/work/dist/zonos-elements/p-8a4c6a42.js
2025/06/17 07:20:13 br /tmp/work/dist/zonos-elements/p-d642f149.system.entry.min.js -> /output/dist/zonos-elements/p-d642f149.system.entry.min.js.br
2025/06/17 07:20:13 gz /tmp/work/dist/zonos-elements/p-d642f149.system.entry.min.js -> /output/dist/zonos-elements/p-d642f149.system.entry.min.js.gz
2025/06/17 07:20:13 sri /tmp/work/dist/zonos-elements/p-d642f149.system.entry.js -> /output/dist/zonos-elements/p-d642f149.system.entry.js.sri
2025/06/17 07:20:13 algorithm: run /usr/bin/brotli --quality=11 --output=/output/dist/zonos-elements/p-d642f149.system.entry.js.br /tmp/work/dist/zonos-elements/p-d642f149.system.entry.js
2025/06/17 07:20:13 br /tmp/work/dist/zonos-elements/p-c94d82fb.entry.js -> /output/dist/zonos-elements/p-c94d82fb.entry.js.br
2025/06/17 07:20:13 gz /tmp/work/dist/zonos-elements/p-c94d82fb.entry.js -> /output/dist/zonos-elements/p-c94d82fb.entry.js.gz
2025/06/17 07:20:13 compress: run /node_modules/uglify-js/bin/uglifyjs (3.15.4) [--mangle --compress if_return=true -o /tmp/work/dist/zonos-elements/p-e1255160.min.js /tmp/work/dist/zonos-elements/p-e1255160.js]
2025/06/17 07:20:13 br /tmp/work/dist/zonos-elements/p-d642f149.system.entry.js -> /output/dist/zonos-elements/p-d642f149.system.entry.js.br
2025/06/17 07:20:13 gz /tmp/work/dist/zonos-elements/p-d642f149.system.entry.js -> /output/dist/zonos-elements/p-d642f149.system.entry.js.gz
2025/06/17 07:20:13 compress: run /node_modules/uglify-js/bin/uglifyjs (3.15.4) [--mangle --compress if_return=true -o /tmp/work/dist/zonos-elements/p-e8c70c7d.system.entry.min.js /tmp/work/dist/zonos-elements/p-e8c70c7d.system.entry.js]
2025/06/17 07:20:13 sri /tmp/work/dist/zonos-elements/p-d2f2c685.entry.min.js -> /output/dist/zonos-elements/p-d2f2c685.entry.min.js.sri
2025/06/17 07:20:13 algorithm: run /usr/bin/brotli --quality=11 --output=/output/dist/zonos-elements/p-d2f2c685.entry.min.js.br /tmp/work/dist/zonos-elements/p-d2f2c685.entry.min.js
2025/06/17 07:20:13 sri /tmp/work/dist/zonos-elements/p-b1d2f586.system.entry.min.js -> /output/dist/zonos-elements/p-b1d2f586.system.entry.min.js.sri
2025/06/17 07:20:13 algorithm: run /usr/bin/brotli --quality=11 --output=/output/dist/zonos-elements/p-b1d2f586.system.entry.min.js.br /tmp/work/dist/zonos-elements/p-b1d2f586.system.entry.min.js
2025/06/17 07:20:14 br /tmp/work/dist/zonos-elements/p-d2f2c685.entry.min.js -> /output/dist/zonos-elements/p-d2f2c685.entry.min.js.br
2025/06/17 07:20:14 gz /tmp/work/dist/zonos-elements/p-d2f2c685.entry.min.js -> /output/dist/zonos-elements/p-d2f2c685.entry.min.js.gz
2025/06/17 07:20:14 sri /tmp/work/dist/zonos-elements/p-d2f2c685.entry.js -> /output/dist/zonos-elements/p-d2f2c685.entry.js.sri
2025/06/17 07:20:14 algorithm: run /usr/bin/brotli --quality=11 --output=/output/dist/zonos-elements/p-d2f2c685.entry.js.br /tmp/work/dist/zonos-elements/p-d2f2c685.entry.js
2025/06/17 07:20:14 br /tmp/work/dist/zonos-elements/p-d2f2c685.entry.js -> /output/dist/zonos-elements/p-d2f2c685.entry.js.br
2025/06/17 07:20:14 gz /tmp/work/dist/zonos-elements/p-d2f2c685.entry.js -> /output/dist/zonos-elements/p-d2f2c685.entry.js.gz
2025/06/17 07:20:14 compress: run /node_modules/uglify-js/bin/uglifyjs (3.15.4) [--mangle --compress if_return=true -o /tmp/work/dist/zonos-elements/p-eb192fa3.system.min.js /tmp/work/dist/zonos-elements/p-eb192fa3.system.js]
2025/06/17 07:20:14 sri /tmp/work/dist/zonos-elements/p-de221545.entry.min.js -> /output/dist/zonos-elements/p-de221545.entry.min.js.sri
2025/06/17 07:20:14 algorithm: run /usr/bin/brotli --quality=11 --output=/output/dist/zonos-elements/p-de221545.entry.min.js.br /tmp/work/dist/zonos-elements/p-de221545.entry.min.js
2025/06/17 07:20:14 br /tmp/work/dist/zonos-elements/p-de221545.entry.min.js -> /output/dist/zonos-elements/p-de221545.entry.min.js.br
2025/06/17 07:20:14 gz /tmp/work/dist/zonos-elements/p-de221545.entry.min.js -> /output/dist/zonos-elements/p-de221545.entry.min.js.gz
2025/06/17 07:20:14 sri /tmp/work/dist/zonos-elements/p-de221545.entry.js -> /output/dist/zonos-elements/p-de221545.entry.js.sri
2025/06/17 07:20:14 algorithm: run /usr/bin/brotli --quality=11 --output=/output/dist/zonos-elements/p-de221545.entry.js.br /tmp/work/dist/zonos-elements/p-de221545.entry.js
2025/06/17 07:20:14 br /tmp/work/dist/zonos-elements/p-b1d2f586.system.entry.min.js -> /output/dist/zonos-elements/p-b1d2f586.system.entry.min.js.br
2025/06/17 07:20:14 gz /tmp/work/dist/zonos-elements/p-b1d2f586.system.entry.min.js -> /output/dist/zonos-elements/p-b1d2f586.system.entry.min.js.gz
2025/06/17 07:20:14 sri /tmp/work/dist/zonos-elements/p-b1d2f586.system.entry.js -> /output/dist/zonos-elements/p-b1d2f586.system.entry.js.sri
2025/06/17 07:20:14 algorithm: run /usr/bin/brotli --quality=11 --output=/output/dist/zonos-elements/p-b1d2f586.system.entry.js.br /tmp/work/dist/zonos-elements/p-b1d2f586.system.entry.js
2025/06/17 07:20:14 br /tmp/work/dist/zonos-elements/p-de221545.entry.js -> /output/dist/zonos-elements/p-de221545.entry.js.br
2025/06/17 07:20:14 gz /tmp/work/dist/zonos-elements/p-de221545.entry.js -> /output/dist/zonos-elements/p-de221545.entry.js.gz
2025/06/17 07:20:14 compress: run /node_modules/uglify-js/bin/uglifyjs (3.15.4) [--mangle --compress if_return=true -o /tmp/work/dist/zonos-elements/p-ee871492.system.entry.min.js /tmp/work/dist/zonos-elements/p-ee871492.system.entry.js]
2025/06/17 07:20:14 sri /tmp/work/dist/zonos-elements/p-e02fd9ae.min.js -> /output/dist/zonos-elements/p-e02fd9ae.min.js.sri
2025/06/17 07:20:14 algorithm: run /usr/bin/brotli --quality=11 --output=/output/dist/zonos-elements/p-e02fd9ae.min.js.br /tmp/work/dist/zonos-elements/p-e02fd9ae.min.js
2025/06/17 07:20:14 br /tmp/work/dist/zonos-elements/p-e02fd9ae.min.js -> /output/dist/zonos-elements/p-e02fd9ae.min.js.br
2025/06/17 07:20:14 gz /tmp/work/dist/zonos-elements/p-e02fd9ae.min.js -> /output/dist/zonos-elements/p-e02fd9ae.min.js.gz
2025/06/17 07:20:14 sri /tmp/work/dist/zonos-elements/p-e02fd9ae.js -> /output/dist/zonos-elements/p-e02fd9ae.js.sri
2025/06/17 07:20:14 algorithm: run /usr/bin/brotli --quality=11 --output=/output/dist/zonos-elements/p-e02fd9ae.js.br /tmp/work/dist/zonos-elements/p-e02fd9ae.js
2025/06/17 07:20:14 br /tmp/work/dist/zonos-elements/p-e02fd9ae.js -> /output/dist/zonos-elements/p-e02fd9ae.js.br
2025/06/17 07:20:14 gz /tmp/work/dist/zonos-elements/p-e02fd9ae.js -> /output/dist/zonos-elements/p-e02fd9ae.js.gz
2025/06/17 07:20:14 compress: run /node_modules/uglify-js/bin/uglifyjs (3.15.4) [--mangle --compress if_return=true -o /tmp/work/dist/zonos-elements/p-f0c8150e.min.js /tmp/work/dist/zonos-elements/p-f0c8150e.js]
2025/06/17 07:20:14 br /tmp/work/dist/zonos-elements/p-b1d2f586.system.entry.js -> /output/dist/zonos-elements/p-b1d2f586.system.entry.js.br
2025/06/17 07:20:14 gz /tmp/work/dist/zonos-elements/p-b1d2f586.system.entry.js -> /output/dist/zonos-elements/p-b1d2f586.system.entry.js.gz
2025/06/17 07:20:14 compress: run /node_modules/uglify-js/bin/uglifyjs (3.15.4) [--mangle --compress if_return=true -o /tmp/work/dist/zonos-elements/p-fc4ebe6b.system.entry.min.js /tmp/work/dist/zonos-elements/p-fc4ebe6b.system.entry.js]
2025/06/17 07:20:14 sri /tmp/work/dist/zonos-elements/p-e1255160.min.js -> /output/dist/zonos-elements/p-e1255160.min.js.sri
2025/06/17 07:20:14 algorithm: run /usr/bin/brotli --quality=11 --output=/output/dist/zonos-elements/p-e1255160.min.js.br /tmp/work/dist/zonos-elements/p-e1255160.min.js
2025/06/17 07:20:14 br /tmp/work/dist/zonos-elements/p-e1255160.min.js -> /output/dist/zonos-elements/p-e1255160.min.js.br
2025/06/17 07:20:14 gz /tmp/work/dist/zonos-elements/p-e1255160.min.js -> /output/dist/zonos-elements/p-e1255160.min.js.gz
2025/06/17 07:20:14 sri /tmp/work/dist/zonos-elements/p-e1255160.js -> /output/dist/zonos-elements/p-e1255160.js.sri
2025/06/17 07:20:14 algorithm: run /usr/bin/brotli --quality=11 --output=/output/dist/zonos-elements/p-e1255160.js.br /tmp/work/dist/zonos-elements/p-e1255160.js
2025/06/17 07:20:14 br /tmp/work/dist/zonos-elements/p-e1255160.js -> /output/dist/zonos-elements/p-e1255160.js.br
2025/06/17 07:20:14 gz /tmp/work/dist/zonos-elements/p-e1255160.js -> /output/dist/zonos-elements/p-e1255160.js.gz
2025/06/17 07:20:14 compress: run /node_modules/clean-css-cli/bin/cleancss (3.3.10) [--compatibility --s0 -o /tmp/work/dist/zonos-elements/zonos-elements.min.css /tmp/work/dist/zonos-elements/zonos-elements.css]
2025/06/17 07:20:14 sri /tmp/work/dist/zonos-elements/p-e8c70c7d.system.entry.min.js -> /output/dist/zonos-elements/p-e8c70c7d.system.entry.min.js.sri
2025/06/17 07:20:14 algorithm: run /usr/bin/brotli --quality=11 --output=/output/dist/zonos-elements/p-e8c70c7d.system.entry.min.js.br /tmp/work/dist/zonos-elements/p-e8c70c7d.system.entry.min.js
2025/06/17 07:20:14 br /tmp/work/dist/zonos-elements/p-e8c70c7d.system.entry.min.js -> /output/dist/zonos-elements/p-e8c70c7d.system.entry.min.js.br
2025/06/17 07:20:14 gz /tmp/work/dist/zonos-elements/p-e8c70c7d.system.entry.min.js -> /output/dist/zonos-elements/p-e8c70c7d.system.entry.min.js.gz
2025/06/17 07:20:14 sri /tmp/work/dist/zonos-elements/p-e8c70c7d.system.entry.js -> /output/dist/zonos-elements/p-e8c70c7d.system.entry.js.sri
2025/06/17 07:20:14 algorithm: run /usr/bin/brotli --quality=11 --output=/output/dist/zonos-elements/p-e8c70c7d.system.entry.js.br /tmp/work/dist/zonos-elements/p-e8c70c7d.system.entry.js
2025/06/17 07:20:14 br /tmp/work/dist/zonos-elements/p-e8c70c7d.system.entry.js -> /output/dist/zonos-elements/p-e8c70c7d.system.entry.js.br
2025/06/17 07:20:14 gz /tmp/work/dist/zonos-elements/p-e8c70c7d.system.entry.js -> /output/dist/zonos-elements/p-e8c70c7d.system.entry.js.gz
2025/06/17 07:20:14 compress: run /node_modules/uglify-js/bin/uglifyjs (3.15.4) [--mangle --compress if_return=true -o /tmp/work/dist/zonos-elements/zonos-elements.esm.min.js /tmp/work/dist/zonos-elements/zonos-elements.esm.js]
2025/06/17 07:20:14 sri /tmp/work/dist/zonos-elements/p-fc4ebe6b.system.entry.min.js -> /output/dist/zonos-elements/p-fc4ebe6b.system.entry.min.js.sri
2025/06/17 07:20:14 algorithm: run /usr/bin/brotli --quality=11 --output=/output/dist/zonos-elements/p-fc4ebe6b.system.entry.min.js.br /tmp/work/dist/zonos-elements/p-fc4ebe6b.system.entry.min.js
2025/06/17 07:20:14 br /tmp/work/dist/zonos-elements/p-fc4ebe6b.system.entry.min.js -> /output/dist/zonos-elements/p-fc4ebe6b.system.entry.min.js.br
2025/06/17 07:20:14 gz /tmp/work/dist/zonos-elements/p-fc4ebe6b.system.entry.min.js -> /output/dist/zonos-elements/p-fc4ebe6b.system.entry.min.js.gz
2025/06/17 07:20:14 sri /tmp/work/dist/zonos-elements/p-fc4ebe6b.system.entry.js -> /output/dist/zonos-elements/p-fc4ebe6b.system.entry.js.sri
2025/06/17 07:20:14 algorithm: run /usr/bin/brotli --quality=11 --output=/output/dist/zonos-elements/p-fc4ebe6b.system.entry.js.br /tmp/work/dist/zonos-elements/p-fc4ebe6b.system.entry.js
2025/06/17 07:20:14 br /tmp/work/dist/zonos-elements/p-fc4ebe6b.system.entry.js -> /output/dist/zonos-elements/p-fc4ebe6b.system.entry.js.br
2025/06/17 07:20:14 gz /tmp/work/dist/zonos-elements/p-fc4ebe6b.system.entry.js -> /output/dist/zonos-elements/p-fc4ebe6b.system.entry.js.gz
2025/06/17 07:20:14 compress: run /node_modules/uglify-js/bin/uglifyjs (3.15.4) [--mangle --compress if_return=true -o /tmp/work/dist/zonos-elements/zonos-elements.min.js /tmp/work/dist/zonos-elements/zonos-elements.js]
2025/06/17 07:20:14 sri /tmp/work/dist/zonos-elements/zonos-elements.min.css -> /output/dist/zonos-elements/zonos-elements.min.css.sri
2025/06/17 07:20:14 algorithm: run /usr/bin/brotli --quality=11 --output=/output/dist/zonos-elements/zonos-elements.min.css.br /tmp/work/dist/zonos-elements/zonos-elements.min.css
2025/06/17 07:20:14 br /tmp/work/dist/zonos-elements/zonos-elements.min.css -> /output/dist/zonos-elements/zonos-elements.min.css.br
2025/06/17 07:20:14 gz /tmp/work/dist/zonos-elements/zonos-elements.min.css -> /output/dist/zonos-elements/zonos-elements.min.css.gz
2025/06/17 07:20:14 sri /tmp/work/dist/zonos-elements/zonos-elements.css -> /output/dist/zonos-elements/zonos-elements.css.sri
2025/06/17 07:20:14 algorithm: run /usr/bin/brotli --quality=11 --output=/output/dist/zonos-elements/zonos-elements.css.br /tmp/work/dist/zonos-elements/zonos-elements.css
2025/06/17 07:20:14 br /tmp/work/dist/zonos-elements/zonos-elements.css -> /output/dist/zonos-elements/zonos-elements.css.br
2025/06/17 07:20:14 gz /tmp/work/dist/zonos-elements/zonos-elements.css -> /output/dist/zonos-elements/zonos-elements.css.gz
2025/06/17 07:20:14 algorithm: run /usr/bin/brotli --quality=11 --output=/output/dist/zonos-elements/assets/bagIcon.svg.br /tmp/work/dist/zonos-elements/assets/bagIcon.svg
2025/06/17 07:20:14 br /tmp/work/dist/zonos-elements/assets/bagIcon.svg -> /output/dist/zonos-elements/assets/bagIcon.svg.br
2025/06/17 07:20:14 gz /tmp/work/dist/zonos-elements/assets/bagIcon.svg -> /output/dist/zonos-elements/assets/bagIcon.svg.gz
2025/06/17 07:20:14 compress: run /usr/bin/zopflipng --iterations=60 --keepchunks=iCCP --lossy_transparent --splitting=3 -my /tmp/work/dist/zonos-elements/assets/Boxes.png /tmp/work/dist/zonos-elements/assets/Boxes.png
2025/06/17 07:20:15 sri /tmp/work/dist/zonos-elements/zonos-elements.esm.min.js -> /output/dist/zonos-elements/zonos-elements.esm.min.js.sri
2025/06/17 07:20:15 algorithm: run /usr/bin/brotli --quality=11 --output=/output/dist/zonos-elements/zonos-elements.esm.min.js.br /tmp/work/dist/zonos-elements/zonos-elements.esm.min.js
2025/06/17 07:20:15 sri /tmp/work/dist/zonos-elements/p-dec30fa4.entry.min.js -> /output/dist/zonos-elements/p-dec30fa4.entry.min.js.sri
2025/06/17 07:20:15 algorithm: run /usr/bin/brotli --quality=11 --output=/output/dist/zonos-elements/p-dec30fa4.entry.min.js.br /tmp/work/dist/zonos-elements/p-dec30fa4.entry.min.js
2025/06/17 07:20:15 sri /tmp/work/dist/zonos-elements/p-f0c8150e.min.js -> /output/dist/zonos-elements/p-f0c8150e.min.js.sri
2025/06/17 07:20:15 algorithm: run /usr/bin/brotli --quality=11 --output=/output/dist/zonos-elements/p-f0c8150e.min.js.br /tmp/work/dist/zonos-elements/p-f0c8150e.min.js
2025/06/17 07:20:15 br /tmp/work/dist/zonos-elements/p-f0c8150e.min.js -> /output/dist/zonos-elements/p-f0c8150e.min.js.br
2025/06/17 07:20:15 gz /tmp/work/dist/zonos-elements/p-f0c8150e.min.js -> /output/dist/zonos-elements/p-f0c8150e.min.js.gz
2025/06/17 07:20:15 sri /tmp/work/dist/zonos-elements/p-f0c8150e.js -> /output/dist/zonos-elements/p-f0c8150e.js.sri
2025/06/17 07:20:15 algorithm: run /usr/bin/brotli --quality=11 --output=/output/dist/zonos-elements/p-f0c8150e.js.br /tmp/work/dist/zonos-elements/p-f0c8150e.js
2025/06/17 07:20:15 br /tmp/work/dist/zonos-elements/zonos-elements.esm.min.js -> /output/dist/zonos-elements/zonos-elements.esm.min.js.br
2025/06/17 07:20:15 gz /tmp/work/dist/zonos-elements/zonos-elements.esm.min.js -> /output/dist/zonos-elements/zonos-elements.esm.min.js.gz
2025/06/17 07:20:15 sri /tmp/work/dist/zonos-elements/zonos-elements.esm.js -> /output/dist/zonos-elements/zonos-elements.esm.js.sri
2025/06/17 07:20:15 algorithm: run /usr/bin/brotli --quality=11 --output=/output/dist/zonos-elements/zonos-elements.esm.js.br /tmp/work/dist/zonos-elements/zonos-elements.esm.js
2025/06/17 07:20:15 br /tmp/work/dist/zonos-elements/p-f0c8150e.js -> /output/dist/zonos-elements/p-f0c8150e.js.br
2025/06/17 07:20:15 gz /tmp/work/dist/zonos-elements/p-f0c8150e.js -> /output/dist/zonos-elements/p-f0c8150e.js.gz
2025/06/17 07:20:15 algorithm: run /usr/bin/brotli --quality=11 --output=/output/dist/zonos-elements/assets/ChevronDownIcon.svg.br /tmp/work/dist/zonos-elements/assets/ChevronDownIcon.svg
2025/06/17 07:20:15 br /tmp/work/dist/zonos-elements/assets/ChevronDownIcon.svg -> /output/dist/zonos-elements/assets/ChevronDownIcon.svg.br
2025/06/17 07:20:15 gz /tmp/work/dist/zonos-elements/assets/ChevronDownIcon.svg -> /output/dist/zonos-elements/assets/ChevronDownIcon.svg.gz
2025/06/17 07:20:15 algorithm: run /usr/bin/brotli --quality=11 --output=/output/dist/zonos-elements/assets/ChevronUpIcon.svg.br /tmp/work/dist/zonos-elements/assets/ChevronUpIcon.svg
2025/06/17 07:20:15 br /tmp/work/dist/zonos-elements/assets/ChevronUpIcon.svg -> /output/dist/zonos-elements/assets/ChevronUpIcon.svg.br
2025/06/17 07:20:15 gz /tmp/work/dist/zonos-elements/assets/ChevronUpIcon.svg -> /output/dist/zonos-elements/assets/ChevronUpIcon.svg.gz
2025/06/17 07:20:15 compress: run /usr/bin/zopflipng --iterations=60 --keepchunks=iCCP --lossy_transparent --splitting=3 -my /tmp/work/dist/zonos-elements/assets/Earth.png /tmp/work/dist/zonos-elements/assets/Earth.png
2025/06/17 07:20:15 br /tmp/work/dist/zonos-elements/zonos-elements.esm.js -> /output/dist/zonos-elements/zonos-elements.esm.js.br
2025/06/17 07:20:15 gz /tmp/work/dist/zonos-elements/zonos-elements.esm.js -> /output/dist/zonos-elements/zonos-elements.esm.js.gz
2025/06/17 07:20:15 compress: run /usr/bin/jpegoptim /tmp/work/dist/zonos-elements/assets/empty-item.jpeg
2025/06/17 07:20:15 /tmp/work/dist/zonos-elements/assets/empty-item.jpeg 49x48 24bit N  [OK] 569 --> 569 bytes (0.00%), skipped.

2025/06/17 07:20:15 algorithm: run /usr/bin/brotli --quality=11 --output=/output/dist/zonos-elements/assets/empty-item.jpeg.br /tmp/work/dist/zonos-elements/assets/empty-item.jpeg
2025/06/17 07:20:15 br /tmp/work/dist/zonos-elements/assets/empty-item.jpeg -> /output/dist/zonos-elements/assets/empty-item.jpeg.br
2025/06/17 07:20:15 gz /tmp/work/dist/zonos-elements/assets/empty-item.jpeg -> /output/dist/zonos-elements/assets/empty-item.jpeg.gz
2025/06/17 07:20:15 compress: run /usr/bin/zopflipng --iterations=60 --keepchunks=iCCP --lossy_transparent --splitting=3 -my /tmp/work/dist/zonos-elements/assets/EmptyBox.png /tmp/work/dist/zonos-elements/assets/EmptyBox.png
2025/06/17 07:20:15 br /tmp/work/dist/zonos-elements/p-dec30fa4.entry.min.js -> /output/dist/zonos-elements/p-dec30fa4.entry.min.js.br
2025/06/17 07:20:15 gz /tmp/work/dist/zonos-elements/p-dec30fa4.entry.min.js -> /output/dist/zonos-elements/p-dec30fa4.entry.min.js.gz
2025/06/17 07:20:15 sri /tmp/work/dist/zonos-elements/p-dec30fa4.entry.js -> /output/dist/zonos-elements/p-dec30fa4.entry.js.sri
2025/06/17 07:20:15 algorithm: run /usr/bin/brotli --quality=11 --output=/output/dist/zonos-elements/p-dec30fa4.entry.js.br /tmp/work/dist/zonos-elements/p-dec30fa4.entry.js
2025/06/17 07:20:15 br /tmp/work/dist/zonos-elements/p-dec30fa4.entry.js -> /output/dist/zonos-elements/p-dec30fa4.entry.js.br
2025/06/17 07:20:15 gz /tmp/work/dist/zonos-elements/p-dec30fa4.entry.js -> /output/dist/zonos-elements/p-dec30fa4.entry.js.gz
2025/06/17 07:20:15 algorithm: run /usr/bin/brotli --quality=11 --output=/output/dist/zonos-elements/assets/ExclamationMarkDuotoneIcon.svg.br /tmp/work/dist/zonos-elements/assets/ExclamationMarkDuotoneIcon.svg
2025/06/17 07:20:15 br /tmp/work/dist/zonos-elements/assets/ExclamationMarkDuotoneIcon.svg -> /output/dist/zonos-elements/assets/ExclamationMarkDuotoneIcon.svg.br
2025/06/17 07:20:15 gz /tmp/work/dist/zonos-elements/assets/ExclamationMarkDuotoneIcon.svg -> /output/dist/zonos-elements/assets/ExclamationMarkDuotoneIcon.svg.gz
2025/06/17 07:20:15 algorithm: run /usr/bin/brotli --quality=11 --output=/output/dist/zonos-elements/assets/HelpDuotoneIcon.svg.br /tmp/work/dist/zonos-elements/assets/HelpDuotoneIcon.svg
2025/06/17 07:20:15 br /tmp/work/dist/zonos-elements/assets/HelpDuotoneIcon.svg -> /output/dist/zonos-elements/assets/HelpDuotoneIcon.svg.br
2025/06/17 07:20:15 gz /tmp/work/dist/zonos-elements/assets/HelpDuotoneIcon.svg -> /output/dist/zonos-elements/assets/HelpDuotoneIcon.svg.gz
2025/06/17 07:20:15 algorithm: run /usr/bin/brotli --quality=11 --output=/output/dist/zonos-elements/assets/importIcon.svg.br /tmp/work/dist/zonos-elements/assets/importIcon.svg
2025/06/17 07:20:15 br /tmp/work/dist/zonos-elements/assets/importIcon.svg -> /output/dist/zonos-elements/assets/importIcon.svg.br
2025/06/17 07:20:15 gz /tmp/work/dist/zonos-elements/assets/importIcon.svg -> /output/dist/zonos-elements/assets/importIcon.svg.gz
2025/06/17 07:20:15 algorithm: run /usr/bin/brotli --quality=11 --output=/output/dist/zonos-elements/assets/inclusivePricingIcon.svg.br /tmp/work/dist/zonos-elements/assets/inclusivePricingIcon.svg
2025/06/17 07:20:15 br /tmp/work/dist/zonos-elements/assets/inclusivePricingIcon.svg -> /output/dist/zonos-elements/assets/inclusivePricingIcon.svg.br
2025/06/17 07:20:15 gz /tmp/work/dist/zonos-elements/assets/inclusivePricingIcon.svg -> /output/dist/zonos-elements/assets/inclusivePricingIcon.svg.gz
2025/06/17 07:20:15 algorithm: run /usr/bin/brotli --quality=11 --output=/output/dist/zonos-elements/assets/InfoIcon.svg.br /tmp/work/dist/zonos-elements/assets/InfoIcon.svg
2025/06/17 07:20:15 br /tmp/work/dist/zonos-elements/assets/InfoIcon.svg -> /output/dist/zonos-elements/assets/InfoIcon.svg.br
2025/06/17 07:20:15 gz /tmp/work/dist/zonos-elements/assets/InfoIcon.svg -> /output/dist/zonos-elements/assets/InfoIcon.svg.gz
2025/06/17 07:20:15 algorithm: run /usr/bin/brotli --quality=11 --output=/output/dist/zonos-elements/assets/LeftArrow.svg.br /tmp/work/dist/zonos-elements/assets/LeftArrow.svg
2025/06/17 07:20:15 br /tmp/work/dist/zonos-elements/assets/LeftArrow.svg -> /output/dist/zonos-elements/assets/LeftArrow.svg.br
2025/06/17 07:20:15 gz /tmp/work/dist/zonos-elements/assets/LeftArrow.svg -> /output/dist/zonos-elements/assets/LeftArrow.svg.gz
2025/06/17 07:20:15 compress: run /usr/bin/zopflipng --iterations=60 --keepchunks=iCCP --lossy_transparent --splitting=3 -my /tmp/work/dist/zonos-elements/assets/Lock.png /tmp/work/dist/zonos-elements/assets/Lock.png
2025/06/17 07:20:15 br /tmp/work/dist/zonos-elements/p-8a4c6a42.js -> /output/dist/zonos-elements/p-8a4c6a42.js.br
2025/06/17 07:20:15 gz /tmp/work/dist/zonos-elements/p-8a4c6a42.js -> /output/dist/zonos-elements/p-8a4c6a42.js.gz
2025/06/17 07:20:15 algorithm: run /usr/bin/brotli --quality=11 --output=/output/dist/zonos-elements/assets/messageIcon.svg.br /tmp/work/dist/zonos-elements/assets/messageIcon.svg
2025/06/17 07:20:15 br /tmp/work/dist/zonos-elements/assets/messageIcon.svg -> /output/dist/zonos-elements/assets/messageIcon.svg.br
2025/06/17 07:20:15 gz /tmp/work/dist/zonos-elements/assets/messageIcon.svg -> /output/dist/zonos-elements/assets/messageIcon.svg.gz
2025/06/17 07:20:15 algorithm: run /usr/bin/brotli --quality=11 --output=/output/dist/zonos-elements/assets/MessageIcon.svg.br /tmp/work/dist/zonos-elements/assets/MessageIcon.svg
2025/06/17 07:20:15 br /tmp/work/dist/zonos-elements/assets/MessageIcon.svg -> /output/dist/zonos-elements/assets/MessageIcon.svg.br
2025/06/17 07:20:15 gz /tmp/work/dist/zonos-elements/assets/MessageIcon.svg -> /output/dist/zonos-elements/assets/MessageIcon.svg.gz
2025/06/17 07:20:15 algorithm: run /usr/bin/brotli --quality=11 --output=/output/dist/zonos-elements/assets/moneyIcon.svg.br /tmp/work/dist/zonos-elements/assets/moneyIcon.svg
2025/06/17 07:20:15 br /tmp/work/dist/zonos-elements/assets/moneyIcon.svg -> /output/dist/zonos-elements/assets/moneyIcon.svg.br
2025/06/17 07:20:15 gz /tmp/work/dist/zonos-elements/assets/moneyIcon.svg -> /output/dist/zonos-elements/assets/moneyIcon.svg.gz
2025/06/17 07:20:15 compress: run /usr/bin/zopflipng --iterations=60 --keepchunks=iCCP --lossy_transparent --splitting=3 -my /tmp/work/dist/zonos-elements/assets/PigBank.png /tmp/work/dist/zonos-elements/assets/PigBank.png
2025/06/17 07:20:16 sri /tmp/work/dist/zonos-elements/p-ee871492.system.entry.min.js -> /output/dist/zonos-elements/p-ee871492.system.entry.min.js.sri
2025/06/17 07:20:16 algorithm: run /usr/bin/brotli --quality=11 --output=/output/dist/zonos-elements/p-ee871492.system.entry.min.js.br /tmp/work/dist/zonos-elements/p-ee871492.system.entry.min.js
2025/06/17 07:20:16 br /tmp/work/dist/zonos-elements/p-ee871492.system.entry.min.js -> /output/dist/zonos-elements/p-ee871492.system.entry.min.js.br
2025/06/17 07:20:16 gz /tmp/work/dist/zonos-elements/p-ee871492.system.entry.min.js -> /output/dist/zonos-elements/p-ee871492.system.entry.min.js.gz
2025/06/17 07:20:16 sri /tmp/work/dist/zonos-elements/p-ee871492.system.entry.js -> /output/dist/zonos-elements/p-ee871492.system.entry.js.sri
2025/06/17 07:20:16 algorithm: run /usr/bin/brotli --quality=11 --output=/output/dist/zonos-elements/p-ee871492.system.entry.js.br /tmp/work/dist/zonos-elements/p-ee871492.system.entry.js
2025/06/17 07:20:17 br /tmp/work/dist/zonos-elements/p-ee871492.system.entry.js -> /output/dist/zonos-elements/p-ee871492.system.entry.js.br
2025/06/17 07:20:17 gz /tmp/work/dist/zonos-elements/p-ee871492.system.entry.js -> /output/dist/zonos-elements/p-ee871492.system.entry.js.gz
2025/06/17 07:20:17 algorithm: run /usr/bin/brotli --quality=11 --output=/output/dist/zonos-elements/assets/removeIcon.svg.br /tmp/work/dist/zonos-elements/assets/removeIcon.svg
2025/06/17 07:20:17 br /tmp/work/dist/zonos-elements/assets/removeIcon.svg -> /output/dist/zonos-elements/assets/removeIcon.svg.br
2025/06/17 07:20:17 gz /tmp/work/dist/zonos-elements/assets/removeIcon.svg -> /output/dist/zonos-elements/assets/removeIcon.svg.gz
2025/06/17 07:20:17 algorithm: run /usr/bin/brotli --quality=11 --output=/output/dist/zonos-elements/assets/RemoveIcon.svg.br /tmp/work/dist/zonos-elements/assets/RemoveIcon.svg
2025/06/17 07:20:17 br /tmp/work/dist/zonos-elements/assets/RemoveIcon.svg -> /output/dist/zonos-elements/assets/RemoveIcon.svg.br
2025/06/17 07:20:17 gz /tmp/work/dist/zonos-elements/assets/RemoveIcon.svg -> /output/dist/zonos-elements/assets/RemoveIcon.svg.gz
2025/06/17 07:20:17 compress: run /usr/bin/zopflipng --iterations=60 --keepchunks=iCCP --lossy_transparent --splitting=3 -my /tmp/work/dist/zonos-elements/assets/Scribble.png /tmp/work/dist/zonos-elements/assets/Scribble.png
2025/06/17 07:20:18 sri /tmp/work/dist/zonos-elements/p-eb192fa3.system.min.js -> /output/dist/zonos-elements/p-eb192fa3.system.min.js.sri
2025/06/17 07:20:18 algorithm: run /usr/bin/brotli --quality=11 --output=/output/dist/zonos-elements/p-eb192fa3.system.min.js.br /tmp/work/dist/zonos-elements/p-eb192fa3.system.min.js
2025/06/17 07:20:19 br /tmp/work/dist/zonos-elements/p-eb192fa3.system.min.js -> /output/dist/zonos-elements/p-eb192fa3.system.min.js.br
2025/06/17 07:20:20 gz /tmp/work/dist/zonos-elements/p-eb192fa3.system.min.js -> /output/dist/zonos-elements/p-eb192fa3.system.min.js.gz
2025/06/17 07:20:20 sri /tmp/work/dist/zonos-elements/p-eb192fa3.system.js -> /output/dist/zonos-elements/p-eb192fa3.system.js.sri
2025/06/17 07:20:20 algorithm: run /usr/bin/brotli --quality=11 --output=/output/dist/zonos-elements/p-eb192fa3.system.js.br /tmp/work/dist/zonos-elements/p-eb192fa3.system.js
2025/06/17 07:20:21 br /tmp/work/dist/zonos-elements/p-eb192fa3.system.js -> /output/dist/zonos-elements/p-eb192fa3.system.js.br
2025/06/17 07:20:21 gz /tmp/work/dist/zonos-elements/p-eb192fa3.system.js -> /output/dist/zonos-elements/p-eb192fa3.system.js.gz
2025/06/17 07:20:21 compress: run /usr/bin/zopflipng --iterations=60 --keepchunks=iCCP --lossy_transparent --splitting=3 -my /tmp/work/dist/zonos-elements/assets/Search.png /tmp/work/dist/zonos-elements/assets/Search.png
2025/06/17 07:20:22 sri /tmp/work/dist/zonos-elements/zonos-elements.min.js -> /output/dist/zonos-elements/zonos-elements.min.js.sri
2025/06/17 07:20:22 algorithm: run /usr/bin/brotli --quality=11 --output=/output/dist/zonos-elements/zonos-elements.min.js.br /tmp/work/dist/zonos-elements/zonos-elements.min.js
2025/06/17 07:20:22 br /tmp/work/dist/zonos-elements/zonos-elements.min.js -> /output/dist/zonos-elements/zonos-elements.min.js.br
2025/06/17 07:20:22 gz /tmp/work/dist/zonos-elements/zonos-elements.min.js -> /output/dist/zonos-elements/zonos-elements.min.js.gz
2025/06/17 07:20:22 sri /tmp/work/dist/zonos-elements/zonos-elements.js -> /output/dist/zonos-elements/zonos-elements.js.sri
2025/06/17 07:20:22 algorithm: run /usr/bin/brotli --quality=11 --output=/output/dist/zonos-elements/zonos-elements.js.br /tmp/work/dist/zonos-elements/zonos-elements.js
2025/06/17 07:20:23 br /tmp/work/dist/zonos-elements/zonos-elements.js -> /output/dist/zonos-elements/zonos-elements.js.br
2025/06/17 07:20:23 gz /tmp/work/dist/zonos-elements/zonos-elements.js -> /output/dist/zonos-elements/zonos-elements.js.gz
2025/06/17 07:20:23 compress: run /usr/bin/zopflipng --iterations=60 --keepchunks=iCCP --lossy_transparent --splitting=3 -my /tmp/work/dist/zonos-elements/assets/Settings.png /tmp/work/dist/zonos-elements/assets/Settings.png
2025/06/17 07:20:39 Optimizing /tmp/work/dist/zonos-elements/assets/Earth.png
Input size: 44264 (43K)
Result size: 41513 (40K). Percentage of original: 93.785%
Result is smaller


2025/06/17 07:20:39 algorithm: run /usr/bin/brotli --quality=11 --output=/output/dist/zonos-elements/assets/Earth.png.br /tmp/work/dist/zonos-elements/assets/Earth.png
2025/06/17 07:20:40 br /tmp/work/dist/zonos-elements/assets/Earth.png -> /output/dist/zonos-elements/assets/Earth.png.br
2025/06/17 07:20:40 gz /tmp/work/dist/zonos-elements/assets/Earth.png -> /output/dist/zonos-elements/assets/Earth.png.gz
2025/06/17 07:20:40 compress: run /usr/bin/zopflipng --iterations=60 --keepchunks=iCCP --lossy_transparent --splitting=3 -my /tmp/work/dist/zonos-elements/assets/ShoppingCart.png /tmp/work/dist/zonos-elements/assets/ShoppingCart.png
2025/06/17 07:20:42 Optimizing /tmp/work/dist/zonos-elements/assets/Boxes.png
Input size: 42194 (41K)
Result size: 39221 (38K). Percentage of original: 92.954%
Result is smaller


2025/06/17 07:20:42 algorithm: run /usr/bin/brotli --quality=11 --output=/output/dist/zonos-elements/assets/Boxes.png.br /tmp/work/dist/zonos-elements/assets/Boxes.png
2025/06/17 07:20:42 br /tmp/work/dist/zonos-elements/assets/Boxes.png -> /output/dist/zonos-elements/assets/Boxes.png.br
2025/06/17 07:20:42 gz /tmp/work/dist/zonos-elements/assets/Boxes.png -> /output/dist/zonos-elements/assets/Boxes.png.gz
2025/06/17 07:20:42 compress: run /usr/bin/zopflipng --iterations=60 --keepchunks=iCCP --lossy_transparent --splitting=3 -my /tmp/work/dist/zonos-elements/assets/SpilledCup.png /tmp/work/dist/zonos-elements/assets/SpilledCup.png
2025/06/17 07:20:43 Optimizing /tmp/work/dist/zonos-elements/assets/PigBank.png
Input size: 38260 (37K)
Result size: 35431 (34K). Percentage of original: 92.606%
Result is smaller


2025/06/17 07:20:43 algorithm: run /usr/bin/brotli --quality=11 --output=/output/dist/zonos-elements/assets/PigBank.png.br /tmp/work/dist/zonos-elements/assets/PigBank.png
2025/06/17 07:20:43 br /tmp/work/dist/zonos-elements/assets/PigBank.png -> /output/dist/zonos-elements/assets/PigBank.png.br
2025/06/17 07:20:43 gz /tmp/work/dist/zonos-elements/assets/PigBank.png -> /output/dist/zonos-elements/assets/PigBank.png.gz
2025/06/17 07:20:43 algorithm: run /usr/bin/brotli --quality=11 --output=/output/dist/zonos-elements/assets/SuccessIcon.svg.br /tmp/work/dist/zonos-elements/assets/SuccessIcon.svg
2025/06/17 07:20:43 br /tmp/work/dist/zonos-elements/assets/SuccessIcon.svg -> /output/dist/zonos-elements/assets/SuccessIcon.svg.br
2025/06/17 07:20:43 gz /tmp/work/dist/zonos-elements/assets/SuccessIcon.svg -> /output/dist/zonos-elements/assets/SuccessIcon.svg.gz
2025/06/17 07:20:43 compress: run /usr/bin/zopflipng --iterations=60 --keepchunks=iCCP --lossy_transparent --splitting=3 -my /tmp/work/dist/zonos-elements/assets/Switch.png /tmp/work/dist/zonos-elements/assets/Switch.png
2025/06/17 07:20:44 Optimizing /tmp/work/dist/zonos-elements/assets/EmptyBox.png
Input size: 49403 (48K)
Result size: 45567 (44K). Percentage of original: 92.235%
Result is smaller


2025/06/17 07:20:44 algorithm: run /usr/bin/brotli --quality=11 --output=/output/dist/zonos-elements/assets/EmptyBox.png.br /tmp/work/dist/zonos-elements/assets/EmptyBox.png
2025/06/17 07:20:44 br /tmp/work/dist/zonos-elements/assets/EmptyBox.png -> /output/dist/zonos-elements/assets/EmptyBox.png.br
2025/06/17 07:20:44 gz /tmp/work/dist/zonos-elements/assets/EmptyBox.png -> /output/dist/zonos-elements/assets/EmptyBox.png.gz
2025/06/17 07:20:44 algorithm: run /usr/bin/brotli --quality=11 --output=/output/dist/zonos-elements/assets/TabCheckmark.svg.br /tmp/work/dist/zonos-elements/assets/TabCheckmark.svg
2025/06/17 07:20:44 br /tmp/work/dist/zonos-elements/assets/TabCheckmark.svg -> /output/dist/zonos-elements/assets/TabCheckmark.svg.br
2025/06/17 07:20:44 gz /tmp/work/dist/zonos-elements/assets/TabCheckmark.svg -> /output/dist/zonos-elements/assets/TabCheckmark.svg.gz
2025/06/17 07:20:44 compress: run /usr/bin/zopflipng --iterations=60 --keepchunks=iCCP --lossy_transparent --splitting=3 -my /tmp/work/dist/zonos-elements/assets/TaxId.png /tmp/work/dist/zonos-elements/assets/TaxId.png
2025/06/17 07:20:45 Optimizing /tmp/work/dist/zonos-elements/assets/Scribble.png
Input size: 44668 (43K)
Result size: 41662 (40K). Percentage of original: 93.270%
Result is smaller


2025/06/17 07:20:45 algorithm: run /usr/bin/brotli --quality=11 --output=/output/dist/zonos-elements/assets/Scribble.png.br /tmp/work/dist/zonos-elements/assets/Scribble.png
2025/06/17 07:20:45 br /tmp/work/dist/zonos-elements/assets/Scribble.png -> /output/dist/zonos-elements/assets/Scribble.png.br
2025/06/17 07:20:45 gz /tmp/work/dist/zonos-elements/assets/Scribble.png -> /output/dist/zonos-elements/assets/Scribble.png.gz
2025/06/17 07:20:45 compress: run /usr/bin/zopflipng --iterations=60 --keepchunks=iCCP --lossy_transparent --splitting=3 -my /tmp/work/dist/zonos-elements/assets/Truck.png /tmp/work/dist/zonos-elements/assets/Truck.png
2025/06/17 07:20:48 Optimizing /tmp/work/dist/zonos-elements/assets/Lock.png
Input size: 26265 (25K)
Result size: 24678 (24K). Percentage of original: 93.958%
Result is smaller


2025/06/17 07:20:48 algorithm: run /usr/bin/brotli --quality=11 --output=/output/dist/zonos-elements/assets/Lock.png.br /tmp/work/dist/zonos-elements/assets/Lock.png
2025/06/17 07:20:48 Optimizing /tmp/work/dist/zonos-elements/assets/Settings.png
Input size: 40084 (39K)
Result size: 37503 (36K). Percentage of original: 93.561%
Result is smaller


2025/06/17 07:20:48 algorithm: run /usr/bin/brotli --quality=11 --output=/output/dist/zonos-elements/assets/Settings.png.br /tmp/work/dist/zonos-elements/assets/Settings.png
2025/06/17 07:20:48 br /tmp/work/dist/zonos-elements/assets/Lock.png -> /output/dist/zonos-elements/assets/Lock.png.br
2025/06/17 07:20:48 gz /tmp/work/dist/zonos-elements/assets/Lock.png -> /output/dist/zonos-elements/assets/Lock.png.gz
2025/06/17 07:20:48 compress: run /usr/bin/zopflipng --iterations=60 --keepchunks=iCCP --lossy_transparent --splitting=3 -my /tmp/work/dist/zonos-elements/assets/Warning.png /tmp/work/dist/zonos-elements/assets/Warning.png
2025/06/17 07:20:48 br /tmp/work/dist/zonos-elements/assets/Settings.png -> /output/dist/zonos-elements/assets/Settings.png.br
2025/06/17 07:20:48 gz /tmp/work/dist/zonos-elements/assets/Settings.png -> /output/dist/zonos-elements/assets/Settings.png.gz
2025/06/17 07:20:48 algorithm: run /usr/bin/brotli --quality=11 --output=/output/dist/zonos-elements/assets/WarningDuotoneIcon.svg.br /tmp/work/dist/zonos-elements/assets/WarningDuotoneIcon.svg
2025/06/17 07:20:48 br /tmp/work/dist/zonos-elements/assets/WarningDuotoneIcon.svg -> /output/dist/zonos-elements/assets/WarningDuotoneIcon.svg.br
2025/06/17 07:20:48 gz /tmp/work/dist/zonos-elements/assets/WarningDuotoneIcon.svg -> /output/dist/zonos-elements/assets/WarningDuotoneIcon.svg.gz
2025/06/17 07:20:48 compress: run /usr/bin/zopflipng --iterations=60 --keepchunks=iCCP --lossy_transparent --splitting=3 -my /tmp/work/dist/zonos-elements/assets/ZonosLogo.png /tmp/work/dist/zonos-elements/assets/ZonosLogo.png
2025/06/17 07:20:49 Optimizing /tmp/work/dist/zonos-elements/assets/Search.png
Input size: 40079 (39K)
Result size: 37444 (36K). Percentage of original: 93.425%
Result is smaller


2025/06/17 07:20:49 algorithm: run /usr/bin/brotli --quality=11 --output=/output/dist/zonos-elements/assets/Search.png.br /tmp/work/dist/zonos-elements/assets/Search.png
2025/06/17 07:20:49 br /tmp/work/dist/zonos-elements/assets/Search.png -> /output/dist/zonos-elements/assets/Search.png.br
2025/06/17 07:20:49 gz /tmp/work/dist/zonos-elements/assets/Search.png -> /output/dist/zonos-elements/assets/Search.png.gz
2025/06/17 07:20:49 compress: run /node_modules/uglify-js/bin/uglifyjs (3.15.4) [--mangle --compress if_return=true -o /tmp/work/dist/scripts/index.min.js /tmp/work/dist/scripts/index.js]
2025/06/17 07:20:50 sri /tmp/work/dist/scripts/index.min.js -> /output/dist/scripts/index.min.js.sri
2025/06/17 07:20:50 algorithm: run /usr/bin/brotli --quality=11 --output=/output/dist/scripts/index.min.js.br /tmp/work/dist/scripts/index.min.js
2025/06/17 07:20:50 br /tmp/work/dist/scripts/index.min.js -> /output/dist/scripts/index.min.js.br
2025/06/17 07:20:50 gz /tmp/work/dist/scripts/index.min.js -> /output/dist/scripts/index.min.js.gz
2025/06/17 07:20:50 sri /tmp/work/dist/scripts/index.js -> /output/dist/scripts/index.js.sri
2025/06/17 07:20:50 algorithm: run /usr/bin/brotli --quality=11 --output=/output/dist/scripts/index.js.br /tmp/work/dist/scripts/index.js
2025/06/17 07:20:50 br /tmp/work/dist/scripts/index.js -> /output/dist/scripts/index.js.br
2025/06/17 07:20:50 gz /tmp/work/dist/scripts/index.js -> /output/dist/scripts/index.js.gz
2025/06/17 07:20:50 compress: run /node_modules/uglify-js/bin/uglifyjs (3.15.4) [--mangle --compress if_return=true -o /tmp/work/dist/scripts/loadZonos.min.js /tmp/work/dist/scripts/loadZonos.js]
2025/06/17 07:20:51 sri /tmp/work/dist/scripts/loadZonos.min.js -> /output/dist/scripts/loadZonos.min.js.sri
2025/06/17 07:20:51 algorithm: run /usr/bin/brotli --quality=11 --output=/output/dist/scripts/loadZonos.min.js.br /tmp/work/dist/scripts/loadZonos.min.js
2025/06/17 07:20:51 br /tmp/work/dist/scripts/loadZonos.min.js -> /output/dist/scripts/loadZonos.min.js.br
2025/06/17 07:20:51 gz /tmp/work/dist/scripts/loadZonos.min.js -> /output/dist/scripts/loadZonos.min.js.gz
2025/06/17 07:20:51 sri /tmp/work/dist/scripts/loadZonos.js -> /output/dist/scripts/loadZonos.js.sri
2025/06/17 07:20:51 algorithm: run /usr/bin/brotli --quality=11 --output=/output/dist/scripts/loadZonos.js.br /tmp/work/dist/scripts/loadZonos.js
2025/06/17 07:20:51 br /tmp/work/dist/scripts/loadZonos.js -> /output/dist/scripts/loadZonos.js.br
2025/06/17 07:20:51 gz /tmp/work/dist/scripts/loadZonos.js -> /output/dist/scripts/loadZonos.js.gz
2025/06/17 07:20:51 compress: run /node_modules/uglify-js/bin/uglifyjs (3.15.4) [--mangle --compress if_return=true -o /tmp/work/dist/scripts/zonos.min.js /tmp/work/dist/scripts/zonos.js]
2025/06/17 07:20:52 Optimizing /tmp/work/dist/zonos-elements/assets/ZonosLogo.png
Input size: 1969 (1K)
Result size: 868 (0K). Percentage of original: 44.083%
Result is smaller


2025/06/17 07:20:52 algorithm: run /usr/bin/brotli --quality=11 --output=/output/dist/zonos-elements/assets/ZonosLogo.png.br /tmp/work/dist/zonos-elements/assets/ZonosLogo.png
2025/06/17 07:20:52 br /tmp/work/dist/zonos-elements/assets/ZonosLogo.png -> /output/dist/zonos-elements/assets/ZonosLogo.png.br
2025/06/17 07:20:52 gz /tmp/work/dist/zonos-elements/assets/ZonosLogo.png -> /output/dist/zonos-elements/assets/ZonosLogo.png.gz
2025/06/17 07:20:52 sri /tmp/work/dist/scripts/zonos.min.js -> /output/dist/scripts/zonos.min.js.sri
2025/06/17 07:20:52 algorithm: run /usr/bin/brotli --quality=11 --output=/output/dist/scripts/zonos.min.js.br /tmp/work/dist/scripts/zonos.min.js
2025/06/17 07:20:53 br /tmp/work/dist/scripts/zonos.min.js -> /output/dist/scripts/zonos.min.js.br
2025/06/17 07:20:53 gz /tmp/work/dist/scripts/zonos.min.js -> /output/dist/scripts/zonos.min.js.gz
2025/06/17 07:20:53 sri /tmp/work/dist/scripts/zonos.js -> /output/dist/scripts/zonos.js.sri
2025/06/17 07:20:53 algorithm: run /usr/bin/brotli --quality=11 --output=/output/dist/scripts/zonos.js.br /tmp/work/dist/scripts/zonos.js
2025/06/17 07:20:53 br /tmp/work/dist/scripts/zonos.js -> /output/dist/scripts/zonos.js.br
2025/06/17 07:20:53 gz /tmp/work/dist/scripts/zonos.js -> /output/dist/scripts/zonos.js.gz
2025/06/17 07:21:00 Optimizing /tmp/work/dist/zonos-elements/assets/SpilledCup.png
Input size: 35444 (34K)
Result size: 32994 (32K). Percentage of original: 93.088%
Result is smaller


2025/06/17 07:21:00 algorithm: run /usr/bin/brotli --quality=11 --output=/output/dist/zonos-elements/assets/SpilledCup.png.br /tmp/work/dist/zonos-elements/assets/SpilledCup.png
2025/06/17 07:21:00 Optimizing /tmp/work/dist/zonos-elements/assets/ShoppingCart.png
Input size: 26324 (25K)
Result size: 24853 (24K). Percentage of original: 94.412%
Result is smaller


2025/06/17 07:21:00 algorithm: run /usr/bin/brotli --quality=11 --output=/output/dist/zonos-elements/assets/ShoppingCart.png.br /tmp/work/dist/zonos-elements/assets/ShoppingCart.png
2025/06/17 07:21:00 br /tmp/work/dist/zonos-elements/assets/SpilledCup.png -> /output/dist/zonos-elements/assets/SpilledCup.png.br
2025/06/17 07:21:00 gz /tmp/work/dist/zonos-elements/assets/SpilledCup.png -> /output/dist/zonos-elements/assets/SpilledCup.png.gz
2025/06/17 07:21:00 br /tmp/work/dist/zonos-elements/assets/ShoppingCart.png -> /output/dist/zonos-elements/assets/ShoppingCart.png.br
2025/06/17 07:21:00 gz /tmp/work/dist/zonos-elements/assets/ShoppingCart.png -> /output/dist/zonos-elements/assets/ShoppingCart.png.gz
2025/06/17 07:21:03 Optimizing /tmp/work/dist/zonos-elements/assets/TaxId.png
Input size: 30177 (29K)
Result size: 28115 (27K). Percentage of original: 93.167%
Result is smaller


2025/06/17 07:21:03 algorithm: run /usr/bin/brotli --quality=11 --output=/output/dist/zonos-elements/assets/TaxId.png.br /tmp/work/dist/zonos-elements/assets/TaxId.png
2025/06/17 07:21:03 br /tmp/work/dist/zonos-elements/assets/TaxId.png -> /output/dist/zonos-elements/assets/TaxId.png.br
2025/06/17 07:21:03 gz /tmp/work/dist/zonos-elements/assets/TaxId.png -> /output/dist/zonos-elements/assets/TaxId.png.gz
2025/06/17 07:21:03 Optimizing /tmp/work/dist/zonos-elements/assets/Truck.png
Input size: 29661 (28K)
Result size: 27690 (27K). Percentage of original: 93.355%
Result is smaller


2025/06/17 07:21:03 algorithm: run /usr/bin/brotli --quality=11 --output=/output/dist/zonos-elements/assets/Truck.png.br /tmp/work/dist/zonos-elements/assets/Truck.png
2025/06/17 07:21:03 br /tmp/work/dist/zonos-elements/assets/Truck.png -> /output/dist/zonos-elements/assets/Truck.png.br
2025/06/17 07:21:03 gz /tmp/work/dist/zonos-elements/assets/Truck.png -> /output/dist/zonos-elements/assets/Truck.png.gz
2025/06/17 07:21:07 Optimizing /tmp/work/dist/zonos-elements/assets/Warning.png
Input size: 33593 (32K)
Result size: 31256 (30K). Percentage of original: 93.043%
Result is smaller


2025/06/17 07:21:07 algorithm: run /usr/bin/brotli --quality=11 --output=/output/dist/zonos-elements/assets/Warning.png.br /tmp/work/dist/zonos-elements/assets/Warning.png
2025/06/17 07:21:07 br /tmp/work/dist/zonos-elements/assets/Warning.png -> /output/dist/zonos-elements/assets/Warning.png.br
2025/06/17 07:21:07 gz /tmp/work/dist/zonos-elements/assets/Warning.png -> /output/dist/zonos-elements/assets/Warning.png.gz
2025/06/17 07:21:07 Optimizing /tmp/work/dist/zonos-elements/assets/Switch.png
Input size: 24515 (23K)
Result size: 22614 (22K). Percentage of original: 92.246%
Result is smaller


2025/06/17 07:21:07 algorithm: run /usr/bin/brotli --quality=11 --output=/output/dist/zonos-elements/assets/Switch.png.br /tmp/work/dist/zonos-elements/assets/Switch.png
2025/06/17 07:21:07 br /tmp/work/dist/zonos-elements/assets/Switch.png -> /output/dist/zonos-elements/assets/Switch.png.br
2025/06/17 07:21:07 gz /tmp/work/dist/zonos-elements/assets/Switch.png -> /output/dist/zonos-elements/assets/Switch.png.gz
2025/06/17 07:21:07 processed zonos-elements
