Files:
- clerk-js/5.73.0-canary.v20250715190057/192_clerk.browser_f3c59e_5.73.0-canary.v20250715190057.js.br
- clerk-js/5.73.0-canary.v20250715190057/192_clerk.browser_f3c59e_5.73.0-canary.v20250715190057.js.gz
- clerk-js/5.73.0-canary.v20250715190057/192_clerk.browser_f3c59e_5.73.0-canary.v20250715190057.js.sri
- clerk-js/5.73.0-canary.v20250715190057/192_clerk.browser_f3c59e_5.73.0-canary.v20250715190057.min.js.br
- clerk-js/5.73.0-canary.v20250715190057/192_clerk.browser_f3c59e_5.73.0-canary.v20250715190057.min.js.gz
- clerk-js/5.73.0-canary.v20250715190057/192_clerk.browser_f3c59e_5.73.0-canary.v20250715190057.min.js.sri
- clerk-js/5.73.0-canary.v20250715190057/192_clerk.chips.browser_5550bf_5.73.0-canary.v20250715190057.js.br
- clerk-js/5.73.0-canary.v20250715190057/192_clerk.chips.browser_5550bf_5.73.0-canary.v20250715190057.js.gz
- clerk-js/5.73.0-canary.v20250715190057/192_clerk.chips.browser_5550bf_5.73.0-canary.v20250715190057.js.sri
- clerk-js/5.73.0-canary.v20250715190057/192_clerk.chips.browser_5550bf_5.73.0-canary.v20250715190057.min.js.br
- clerk-js/5.73.0-canary.v20250715190057/192_clerk.chips.browser_5550bf_5.73.0-canary.v20250715190057.min.js.gz
- clerk-js/5.73.0-canary.v20250715190057/192_clerk.chips.browser_5550bf_5.73.0-canary.v20250715190057.min.js.sri
- clerk-js/5.73.0-canary.v20250715190057/192_clerk.legacy.browser_91e720_5.73.0-canary.v20250715190057.js.br
- clerk-js/5.73.0-canary.v20250715190057/192_clerk.legacy.browser_91e720_5.73.0-canary.v20250715190057.js.gz
- clerk-js/5.73.0-canary.v20250715190057/192_clerk.legacy.browser_91e720_5.73.0-canary.v20250715190057.js.sri
- clerk-js/5.73.0-canary.v20250715190057/192_clerk.legacy.browser_91e720_5.73.0-canary.v20250715190057.min.js.br
- clerk-js/5.73.0-canary.v20250715190057/192_clerk.legacy.browser_91e720_5.73.0-canary.v20250715190057.min.js.gz
- clerk-js/5.73.0-canary.v20250715190057/192_clerk.legacy.browser_91e720_5.73.0-canary.v20250715190057.min.js.sri
- clerk-js/5.73.0-canary.v20250715190057/294_clerk.browser_f3c59e_5.73.0-canary.v20250715190057.js.br
- clerk-js/5.73.0-canary.v20250715190057/294_clerk.browser_f3c59e_5.73.0-canary.v20250715190057.js.gz
- clerk-js/5.73.0-canary.v20250715190057/294_clerk.browser_f3c59e_5.73.0-canary.v20250715190057.js.sri
- clerk-js/5.73.0-canary.v20250715190057/294_clerk.browser_f3c59e_5.73.0-canary.v20250715190057.min.js.br
- clerk-js/5.73.0-canary.v20250715190057/294_clerk.browser_f3c59e_5.73.0-canary.v20250715190057.min.js.gz
- clerk-js/5.73.0-canary.v20250715190057/294_clerk.browser_f3c59e_5.73.0-canary.v20250715190057.min.js.sri
- clerk-js/5.73.0-canary.v20250715190057/294_clerk.chips.browser_5550bf_5.73.0-canary.v20250715190057.js.br
- clerk-js/5.73.0-canary.v20250715190057/294_clerk.chips.browser_5550bf_5.73.0-canary.v20250715190057.js.gz
- clerk-js/5.73.0-canary.v20250715190057/294_clerk.chips.browser_5550bf_5.73.0-canary.v20250715190057.js.sri
- clerk-js/5.73.0-canary.v20250715190057/294_clerk.chips.browser_5550bf_5.73.0-canary.v20250715190057.min.js.br
- clerk-js/5.73.0-canary.v20250715190057/294_clerk.chips.browser_5550bf_5.73.0-canary.v20250715190057.min.js.gz
- clerk-js/5.73.0-canary.v20250715190057/294_clerk.chips.browser_5550bf_5.73.0-canary.v20250715190057.min.js.sri
- clerk-js/5.73.0-canary.v20250715190057/294_clerk.legacy.browser_91e720_5.73.0-canary.v20250715190057.js.br
- clerk-js/5.73.0-canary.v20250715190057/294_clerk.legacy.browser_91e720_5.73.0-canary.v20250715190057.js.gz
- clerk-js/5.73.0-canary.v20250715190057/294_clerk.legacy.browser_91e720_5.73.0-canary.v20250715190057.js.sri
- clerk-js/5.73.0-canary.v20250715190057/294_clerk.legacy.browser_91e720_5.73.0-canary.v20250715190057.min.js.br
- clerk-js/5.73.0-canary.v20250715190057/294_clerk.legacy.browser_91e720_5.73.0-canary.v20250715190057.min.js.gz
- clerk-js/5.73.0-canary.v20250715190057/294_clerk.legacy.browser_91e720_5.73.0-canary.v20250715190057.min.js.sri
- clerk-js/5.73.0-canary.v20250715190057/377_clerk.headless_90bda1_5.73.0-canary.v20250715190057.js.br
- clerk-js/5.73.0-canary.v20250715190057/377_clerk.headless_90bda1_5.73.0-canary.v20250715190057.js.gz
- clerk-js/5.73.0-canary.v20250715190057/377_clerk.headless_90bda1_5.73.0-canary.v20250715190057.js.sri
- clerk-js/5.73.0-canary.v20250715190057/377_clerk.headless_90bda1_5.73.0-canary.v20250715190057.min.js.br
- clerk-js/5.73.0-canary.v20250715190057/377_clerk.headless_90bda1_5.73.0-canary.v20250715190057.min.js.gz
- clerk-js/5.73.0-canary.v20250715190057/377_clerk.headless_90bda1_5.73.0-canary.v20250715190057.min.js.sri
- clerk-js/5.73.0-canary.v20250715190057/544_clerk.browser_f3c59e_5.73.0-canary.v20250715190057.js.br
- clerk-js/5.73.0-canary.v20250715190057/544_clerk.browser_f3c59e_5.73.0-canary.v20250715190057.js.gz
- clerk-js/5.73.0-canary.v20250715190057/544_clerk.browser_f3c59e_5.73.0-canary.v20250715190057.js.sri
- clerk-js/5.73.0-canary.v20250715190057/544_clerk.browser_f3c59e_5.73.0-canary.v20250715190057.min.js.br
- clerk-js/5.73.0-canary.v20250715190057/544_clerk.browser_f3c59e_5.73.0-canary.v20250715190057.min.js.gz
- clerk-js/5.73.0-canary.v20250715190057/544_clerk.browser_f3c59e_5.73.0-canary.v20250715190057.min.js.sri
- clerk-js/5.73.0-canary.v20250715190057/544_clerk.chips.browser_5550bf_5.73.0-canary.v20250715190057.js.br
- clerk-js/5.73.0-canary.v20250715190057/544_clerk.chips.browser_5550bf_5.73.0-canary.v20250715190057.js.gz
- clerk-js/5.73.0-canary.v20250715190057/544_clerk.chips.browser_5550bf_5.73.0-canary.v20250715190057.js.sri
- clerk-js/5.73.0-canary.v20250715190057/544_clerk.chips.browser_5550bf_5.73.0-canary.v20250715190057.min.js.br
- clerk-js/5.73.0-canary.v20250715190057/544_clerk.chips.browser_5550bf_5.73.0-canary.v20250715190057.min.js.gz
- clerk-js/5.73.0-canary.v20250715190057/544_clerk.chips.browser_5550bf_5.73.0-canary.v20250715190057.min.js.sri
- clerk-js/5.73.0-canary.v20250715190057/544_clerk.legacy.browser_91e720_5.73.0-canary.v20250715190057.js.br
- clerk-js/5.73.0-canary.v20250715190057/544_clerk.legacy.browser_91e720_5.73.0-canary.v20250715190057.js.gz
- clerk-js/5.73.0-canary.v20250715190057/544_clerk.legacy.browser_91e720_5.73.0-canary.v20250715190057.js.sri
- clerk-js/5.73.0-canary.v20250715190057/544_clerk.legacy.browser_91e720_5.73.0-canary.v20250715190057.min.js.br
- clerk-js/5.73.0-canary.v20250715190057/544_clerk.legacy.browser_91e720_5.73.0-canary.v20250715190057.min.js.gz
- clerk-js/5.73.0-canary.v20250715190057/544_clerk.legacy.browser_91e720_5.73.0-canary.v20250715190057.min.js.sri
- clerk-js/5.73.0-canary.v20250715190057/553_clerk.headless_90bda1_5.73.0-canary.v20250715190057.js.br
- clerk-js/5.73.0-canary.v20250715190057/553_clerk.headless_90bda1_5.73.0-canary.v20250715190057.js.gz
- clerk-js/5.73.0-canary.v20250715190057/553_clerk.headless_90bda1_5.73.0-canary.v20250715190057.js.sri
- clerk-js/5.73.0-canary.v20250715190057/553_clerk.headless_90bda1_5.73.0-canary.v20250715190057.min.js.br
- clerk-js/5.73.0-canary.v20250715190057/553_clerk.headless_90bda1_5.73.0-canary.v20250715190057.min.js.gz
- clerk-js/5.73.0-canary.v20250715190057/553_clerk.headless_90bda1_5.73.0-canary.v20250715190057.min.js.sri
- clerk-js/5.73.0-canary.v20250715190057/645_clerk.browser_f3c59e_5.73.0-canary.v20250715190057.js.br
- clerk-js/5.73.0-canary.v20250715190057/645_clerk.browser_f3c59e_5.73.0-canary.v20250715190057.js.gz
- clerk-js/5.73.0-canary.v20250715190057/645_clerk.browser_f3c59e_5.73.0-canary.v20250715190057.js.sri
- clerk-js/5.73.0-canary.v20250715190057/645_clerk.browser_f3c59e_5.73.0-canary.v20250715190057.min.js.br
- clerk-js/5.73.0-canary.v20250715190057/645_clerk.browser_f3c59e_5.73.0-canary.v20250715190057.min.js.gz
- clerk-js/5.73.0-canary.v20250715190057/645_clerk.browser_f3c59e_5.73.0-canary.v20250715190057.min.js.sri
- clerk-js/5.73.0-canary.v20250715190057/645_clerk.chips.browser_5550bf_5.73.0-canary.v20250715190057.js.br
- clerk-js/5.73.0-canary.v20250715190057/645_clerk.chips.browser_5550bf_5.73.0-canary.v20250715190057.js.gz
- clerk-js/5.73.0-canary.v20250715190057/645_clerk.chips.browser_5550bf_5.73.0-canary.v20250715190057.js.sri
- clerk-js/5.73.0-canary.v20250715190057/645_clerk.chips.browser_5550bf_5.73.0-canary.v20250715190057.min.js.br
- clerk-js/5.73.0-canary.v20250715190057/645_clerk.chips.browser_5550bf_5.73.0-canary.v20250715190057.min.js.gz
- clerk-js/5.73.0-canary.v20250715190057/645_clerk.chips.browser_5550bf_5.73.0-canary.v20250715190057.min.js.sri
- clerk-js/5.73.0-canary.v20250715190057/645_clerk.legacy.browser_91e720_5.73.0-canary.v20250715190057.js.br
- clerk-js/5.73.0-canary.v20250715190057/645_clerk.legacy.browser_91e720_5.73.0-canary.v20250715190057.js.gz
- clerk-js/5.73.0-canary.v20250715190057/645_clerk.legacy.browser_91e720_5.73.0-canary.v20250715190057.js.sri
- clerk-js/5.73.0-canary.v20250715190057/645_clerk.legacy.browser_91e720_5.73.0-canary.v20250715190057.min.js.br
- clerk-js/5.73.0-canary.v20250715190057/645_clerk.legacy.browser_91e720_5.73.0-canary.v20250715190057.min.js.gz
- clerk-js/5.73.0-canary.v20250715190057/645_clerk.legacy.browser_91e720_5.73.0-canary.v20250715190057.min.js.sri
- clerk-js/5.73.0-canary.v20250715190057/66_clerk.browser_f3c59e_5.73.0-canary.v20250715190057.js.br
- clerk-js/5.73.0-canary.v20250715190057/66_clerk.browser_f3c59e_5.73.0-canary.v20250715190057.js.gz
- clerk-js/5.73.0-canary.v20250715190057/66_clerk.browser_f3c59e_5.73.0-canary.v20250715190057.js.sri
- clerk-js/5.73.0-canary.v20250715190057/66_clerk.browser_f3c59e_5.73.0-canary.v20250715190057.min.js.br
- clerk-js/5.73.0-canary.v20250715190057/66_clerk.browser_f3c59e_5.73.0-canary.v20250715190057.min.js.gz
- clerk-js/5.73.0-canary.v20250715190057/66_clerk.browser_f3c59e_5.73.0-canary.v20250715190057.min.js.sri
- clerk-js/5.73.0-canary.v20250715190057/66_clerk.chips.browser_5550bf_5.73.0-canary.v20250715190057.js.br
- clerk-js/5.73.0-canary.v20250715190057/66_clerk.chips.browser_5550bf_5.73.0-canary.v20250715190057.js.gz
- clerk-js/5.73.0-canary.v20250715190057/66_clerk.chips.browser_5550bf_5.73.0-canary.v20250715190057.js.sri
- clerk-js/5.73.0-canary.v20250715190057/66_clerk.chips.browser_5550bf_5.73.0-canary.v20250715190057.min.js.br
- clerk-js/5.73.0-canary.v20250715190057/66_clerk.chips.browser_5550bf_5.73.0-canary.v20250715190057.min.js.gz
- clerk-js/5.73.0-canary.v20250715190057/66_clerk.chips.browser_5550bf_5.73.0-canary.v20250715190057.min.js.sri
- clerk-js/5.73.0-canary.v20250715190057/66_clerk.legacy.browser_91e720_5.73.0-canary.v20250715190057.js.br
- clerk-js/5.73.0-canary.v20250715190057/66_clerk.legacy.browser_91e720_5.73.0-canary.v20250715190057.js.gz
- clerk-js/5.73.0-canary.v20250715190057/66_clerk.legacy.browser_91e720_5.73.0-canary.v20250715190057.js.sri
- clerk-js/5.73.0-canary.v20250715190057/66_clerk.legacy.browser_91e720_5.73.0-canary.v20250715190057.min.js.br
- clerk-js/5.73.0-canary.v20250715190057/66_clerk.legacy.browser_91e720_5.73.0-canary.v20250715190057.min.js.gz
- clerk-js/5.73.0-canary.v20250715190057/66_clerk.legacy.browser_91e720_5.73.0-canary.v20250715190057.min.js.sri
- clerk-js/5.73.0-canary.v20250715190057/890_clerk.headless_90bda1_5.73.0-canary.v20250715190057.js.br
- clerk-js/5.73.0-canary.v20250715190057/890_clerk.headless_90bda1_5.73.0-canary.v20250715190057.js.gz
- clerk-js/5.73.0-canary.v20250715190057/890_clerk.headless_90bda1_5.73.0-canary.v20250715190057.js.sri
- clerk-js/5.73.0-canary.v20250715190057/890_clerk.headless_90bda1_5.73.0-canary.v20250715190057.min.js.br
- clerk-js/5.73.0-canary.v20250715190057/890_clerk.headless_90bda1_5.73.0-canary.v20250715190057.min.js.gz
- clerk-js/5.73.0-canary.v20250715190057/890_clerk.headless_90bda1_5.73.0-canary.v20250715190057.min.js.sri
- clerk-js/5.73.0-canary.v20250715190057/965_clerk.headless_90bda1_5.73.0-canary.v20250715190057.js.br
- clerk-js/5.73.0-canary.v20250715190057/965_clerk.headless_90bda1_5.73.0-canary.v20250715190057.js.gz
- clerk-js/5.73.0-canary.v20250715190057/965_clerk.headless_90bda1_5.73.0-canary.v20250715190057.js.sri
- clerk-js/5.73.0-canary.v20250715190057/965_clerk.headless_90bda1_5.73.0-canary.v20250715190057.min.js.br
- clerk-js/5.73.0-canary.v20250715190057/965_clerk.headless_90bda1_5.73.0-canary.v20250715190057.min.js.gz
- clerk-js/5.73.0-canary.v20250715190057/965_clerk.headless_90bda1_5.73.0-canary.v20250715190057.min.js.sri
- clerk-js/5.73.0-canary.v20250715190057/apiKeys_clerk.browser_f3c59e_5.73.0-canary.v20250715190057.js.br
- clerk-js/5.73.0-canary.v20250715190057/apiKeys_clerk.browser_f3c59e_5.73.0-canary.v20250715190057.js.gz
- clerk-js/5.73.0-canary.v20250715190057/apiKeys_clerk.browser_f3c59e_5.73.0-canary.v20250715190057.js.sri
- clerk-js/5.73.0-canary.v20250715190057/apiKeys_clerk.browser_f3c59e_5.73.0-canary.v20250715190057.min.js.br
- clerk-js/5.73.0-canary.v20250715190057/apiKeys_clerk.browser_f3c59e_5.73.0-canary.v20250715190057.min.js.gz
- clerk-js/5.73.0-canary.v20250715190057/apiKeys_clerk.browser_f3c59e_5.73.0-canary.v20250715190057.min.js.sri
- clerk-js/5.73.0-canary.v20250715190057/apiKeys_clerk.chips.browser_5550bf_5.73.0-canary.v20250715190057.js.br
- clerk-js/5.73.0-canary.v20250715190057/apiKeys_clerk.chips.browser_5550bf_5.73.0-canary.v20250715190057.js.gz
- clerk-js/5.73.0-canary.v20250715190057/apiKeys_clerk.chips.browser_5550bf_5.73.0-canary.v20250715190057.js.sri
- clerk-js/5.73.0-canary.v20250715190057/apiKeys_clerk.chips.browser_5550bf_5.73.0-canary.v20250715190057.min.js.br
- clerk-js/5.73.0-canary.v20250715190057/apiKeys_clerk.chips.browser_5550bf_5.73.0-canary.v20250715190057.min.js.gz
- clerk-js/5.73.0-canary.v20250715190057/apiKeys_clerk.chips.browser_5550bf_5.73.0-canary.v20250715190057.min.js.sri
- clerk-js/5.73.0-canary.v20250715190057/apiKeys_clerk.legacy.browser_91e720_5.73.0-canary.v20250715190057.js.br
- clerk-js/5.73.0-canary.v20250715190057/apiKeys_clerk.legacy.browser_91e720_5.73.0-canary.v20250715190057.js.gz
- clerk-js/5.73.0-canary.v20250715190057/apiKeys_clerk.legacy.browser_91e720_5.73.0-canary.v20250715190057.js.sri
- clerk-js/5.73.0-canary.v20250715190057/apiKeys_clerk.legacy.browser_91e720_5.73.0-canary.v20250715190057.min.js.br
- clerk-js/5.73.0-canary.v20250715190057/apiKeys_clerk.legacy.browser_91e720_5.73.0-canary.v20250715190057.min.js.gz
- clerk-js/5.73.0-canary.v20250715190057/apiKeys_clerk.legacy.browser_91e720_5.73.0-canary.v20250715190057.min.js.sri
- clerk-js/5.73.0-canary.v20250715190057/blankcaptcha_clerk.browser_f3c59e_5.73.0-canary.v20250715190057.js.br
- clerk-js/5.73.0-canary.v20250715190057/blankcaptcha_clerk.browser_f3c59e_5.73.0-canary.v20250715190057.js.gz
- clerk-js/5.73.0-canary.v20250715190057/blankcaptcha_clerk.browser_f3c59e_5.73.0-canary.v20250715190057.js.sri
- clerk-js/5.73.0-canary.v20250715190057/blankcaptcha_clerk.browser_f3c59e_5.73.0-canary.v20250715190057.min.js.br
- clerk-js/5.73.0-canary.v20250715190057/blankcaptcha_clerk.browser_f3c59e_5.73.0-canary.v20250715190057.min.js.gz
- clerk-js/5.73.0-canary.v20250715190057/blankcaptcha_clerk.browser_f3c59e_5.73.0-canary.v20250715190057.min.js.sri
- clerk-js/5.73.0-canary.v20250715190057/blankcaptcha_clerk.chips.browser_5550bf_5.73.0-canary.v20250715190057.js.br
- clerk-js/5.73.0-canary.v20250715190057/blankcaptcha_clerk.chips.browser_5550bf_5.73.0-canary.v20250715190057.js.gz
- clerk-js/5.73.0-canary.v20250715190057/blankcaptcha_clerk.chips.browser_5550bf_5.73.0-canary.v20250715190057.js.sri
- clerk-js/5.73.0-canary.v20250715190057/blankcaptcha_clerk.chips.browser_5550bf_5.73.0-canary.v20250715190057.min.js.br
- clerk-js/5.73.0-canary.v20250715190057/blankcaptcha_clerk.chips.browser_5550bf_5.73.0-canary.v20250715190057.min.js.gz
- clerk-js/5.73.0-canary.v20250715190057/blankcaptcha_clerk.chips.browser_5550bf_5.73.0-canary.v20250715190057.min.js.sri
- clerk-js/5.73.0-canary.v20250715190057/blankcaptcha_clerk.legacy.browser_91e720_5.73.0-canary.v20250715190057.js.br
- clerk-js/5.73.0-canary.v20250715190057/blankcaptcha_clerk.legacy.browser_91e720_5.73.0-canary.v20250715190057.js.gz
- clerk-js/5.73.0-canary.v20250715190057/blankcaptcha_clerk.legacy.browser_91e720_5.73.0-canary.v20250715190057.js.sri
- clerk-js/5.73.0-canary.v20250715190057/blankcaptcha_clerk.legacy.browser_91e720_5.73.0-canary.v20250715190057.min.js.br
- clerk-js/5.73.0-canary.v20250715190057/blankcaptcha_clerk.legacy.browser_91e720_5.73.0-canary.v20250715190057.min.js.gz
- clerk-js/5.73.0-canary.v20250715190057/blankcaptcha_clerk.legacy.browser_91e720_5.73.0-canary.v20250715190057.min.js.sri
- clerk-js/5.73.0-canary.v20250715190057/checkout_clerk.browser_f3c59e_5.73.0-canary.v20250715190057.js.br
- clerk-js/5.73.0-canary.v20250715190057/checkout_clerk.browser_f3c59e_5.73.0-canary.v20250715190057.js.gz
- clerk-js/5.73.0-canary.v20250715190057/checkout_clerk.browser_f3c59e_5.73.0-canary.v20250715190057.js.sri
- clerk-js/5.73.0-canary.v20250715190057/checkout_clerk.browser_f3c59e_5.73.0-canary.v20250715190057.min.js.br
- clerk-js/5.73.0-canary.v20250715190057/checkout_clerk.browser_f3c59e_5.73.0-canary.v20250715190057.min.js.gz
- clerk-js/5.73.0-canary.v20250715190057/checkout_clerk.browser_f3c59e_5.73.0-canary.v20250715190057.min.js.sri
- clerk-js/5.73.0-canary.v20250715190057/checkout_clerk.chips.browser_5550bf_5.73.0-canary.v20250715190057.js.br
- clerk-js/5.73.0-canary.v20250715190057/checkout_clerk.chips.browser_5550bf_5.73.0-canary.v20250715190057.js.gz
- clerk-js/5.73.0-canary.v20250715190057/checkout_clerk.chips.browser_5550bf_5.73.0-canary.v20250715190057.js.sri
- clerk-js/5.73.0-canary.v20250715190057/checkout_clerk.chips.browser_5550bf_5.73.0-canary.v20250715190057.min.js.br
- clerk-js/5.73.0-canary.v20250715190057/checkout_clerk.chips.browser_5550bf_5.73.0-canary.v20250715190057.min.js.gz
- clerk-js/5.73.0-canary.v20250715190057/checkout_clerk.chips.browser_5550bf_5.73.0-canary.v20250715190057.min.js.sri
- clerk-js/5.73.0-canary.v20250715190057/checkout_clerk.legacy.browser_91e720_5.73.0-canary.v20250715190057.js.br
- clerk-js/5.73.0-canary.v20250715190057/checkout_clerk.legacy.browser_91e720_5.73.0-canary.v20250715190057.js.gz
- clerk-js/5.73.0-canary.v20250715190057/checkout_clerk.legacy.browser_91e720_5.73.0-canary.v20250715190057.js.sri
- clerk-js/5.73.0-canary.v20250715190057/checkout_clerk.legacy.browser_91e720_5.73.0-canary.v20250715190057.min.js.br
- clerk-js/5.73.0-canary.v20250715190057/checkout_clerk.legacy.browser_91e720_5.73.0-canary.v20250715190057.min.js.gz
- clerk-js/5.73.0-canary.v20250715190057/checkout_clerk.legacy.browser_91e720_5.73.0-canary.v20250715190057.min.js.sri
- clerk-js/5.73.0-canary.v20250715190057/clerk.browser.js.br
- clerk-js/5.73.0-canary.v20250715190057/clerk.browser.js.gz
- clerk-js/5.73.0-canary.v20250715190057/clerk.browser.js.sri
- clerk-js/5.73.0-canary.v20250715190057/clerk.browser.min.js.br
- clerk-js/5.73.0-canary.v20250715190057/clerk.browser.min.js.gz
- clerk-js/5.73.0-canary.v20250715190057/clerk.browser.min.js.sri
- clerk-js/5.73.0-canary.v20250715190057/clerk.chips.browser.js.br
- clerk-js/5.73.0-canary.v20250715190057/clerk.chips.browser.js.gz
- clerk-js/5.73.0-canary.v20250715190057/clerk.chips.browser.js.sri
- clerk-js/5.73.0-canary.v20250715190057/clerk.chips.browser.min.js.br
- clerk-js/5.73.0-canary.v20250715190057/clerk.chips.browser.min.js.gz
- clerk-js/5.73.0-canary.v20250715190057/clerk.chips.browser.min.js.sri
- clerk-js/5.73.0-canary.v20250715190057/clerk.headless.browser.js.br
- clerk-js/5.73.0-canary.v20250715190057/clerk.headless.browser.js.gz
- clerk-js/5.73.0-canary.v20250715190057/clerk.headless.browser.js.sri
- clerk-js/5.73.0-canary.v20250715190057/clerk.headless.browser.min.js.br
- clerk-js/5.73.0-canary.v20250715190057/clerk.headless.browser.min.js.gz
- clerk-js/5.73.0-canary.v20250715190057/clerk.headless.browser.min.js.sri
- clerk-js/5.73.0-canary.v20250715190057/clerk.headless.js.br
- clerk-js/5.73.0-canary.v20250715190057/clerk.headless.js.gz
- clerk-js/5.73.0-canary.v20250715190057/clerk.headless.js.sri
- clerk-js/5.73.0-canary.v20250715190057/clerk.headless.min.js.br
- clerk-js/5.73.0-canary.v20250715190057/clerk.headless.min.js.gz
- clerk-js/5.73.0-canary.v20250715190057/clerk.headless.min.js.sri
- clerk-js/5.73.0-canary.v20250715190057/clerk.js.br
- clerk-js/5.73.0-canary.v20250715190057/clerk.js.gz
- clerk-js/5.73.0-canary.v20250715190057/clerk.js.sri
- clerk-js/5.73.0-canary.v20250715190057/clerk.legacy.browser.js.br
- clerk-js/5.73.0-canary.v20250715190057/clerk.legacy.browser.js.gz
- clerk-js/5.73.0-canary.v20250715190057/clerk.legacy.browser.js.sri
- clerk-js/5.73.0-canary.v20250715190057/clerk.legacy.browser.min.js.br
- clerk-js/5.73.0-canary.v20250715190057/clerk.legacy.browser.min.js.gz
- clerk-js/5.73.0-canary.v20250715190057/clerk.legacy.browser.min.js.sri
- clerk-js/5.73.0-canary.v20250715190057/clerk.min.js.br
- clerk-js/5.73.0-canary.v20250715190057/clerk.min.js.gz
- clerk-js/5.73.0-canary.v20250715190057/clerk.min.js.sri
- clerk-js/5.73.0-canary.v20250715190057/clerk.mjs.br
- clerk-js/5.73.0-canary.v20250715190057/clerk.mjs.gz
- clerk-js/5.73.0-canary.v20250715190057/clerk.no-rhc.js.br
- clerk-js/5.73.0-canary.v20250715190057/clerk.no-rhc.js.gz
- clerk-js/5.73.0-canary.v20250715190057/clerk.no-rhc.js.sri
- clerk-js/5.73.0-canary.v20250715190057/clerk.no-rhc.min.js.br
- clerk-js/5.73.0-canary.v20250715190057/clerk.no-rhc.min.js.gz
- clerk-js/5.73.0-canary.v20250715190057/clerk.no-rhc.min.js.sri
- clerk-js/5.73.0-canary.v20250715190057/clerk.no-rhc.mjs.br
- clerk-js/5.73.0-canary.v20250715190057/clerk.no-rhc.mjs.gz
- clerk-js/5.73.0-canary.v20250715190057/coinbase-wallet-sdk_clerk.browser_f3c59e_5.73.0-canary.v20250715190057.js.br
- clerk-js/5.73.0-canary.v20250715190057/coinbase-wallet-sdk_clerk.browser_f3c59e_5.73.0-canary.v20250715190057.js.gz
- clerk-js/5.73.0-canary.v20250715190057/coinbase-wallet-sdk_clerk.browser_f3c59e_5.73.0-canary.v20250715190057.js.sri
- clerk-js/5.73.0-canary.v20250715190057/coinbase-wallet-sdk_clerk.browser_f3c59e_5.73.0-canary.v20250715190057.min.js.br
- clerk-js/5.73.0-canary.v20250715190057/coinbase-wallet-sdk_clerk.browser_f3c59e_5.73.0-canary.v20250715190057.min.js.gz
- clerk-js/5.73.0-canary.v20250715190057/coinbase-wallet-sdk_clerk.browser_f3c59e_5.73.0-canary.v20250715190057.min.js.sri
- clerk-js/5.73.0-canary.v20250715190057/coinbase-wallet-sdk_clerk.chips.browser_5550bf_5.73.0-canary.v20250715190057.js.br
- clerk-js/5.73.0-canary.v20250715190057/coinbase-wallet-sdk_clerk.chips.browser_5550bf_5.73.0-canary.v20250715190057.js.gz
- clerk-js/5.73.0-canary.v20250715190057/coinbase-wallet-sdk_clerk.chips.browser_5550bf_5.73.0-canary.v20250715190057.js.sri
- clerk-js/5.73.0-canary.v20250715190057/coinbase-wallet-sdk_clerk.chips.browser_5550bf_5.73.0-canary.v20250715190057.min.js.br
- clerk-js/5.73.0-canary.v20250715190057/coinbase-wallet-sdk_clerk.chips.browser_5550bf_5.73.0-canary.v20250715190057.min.js.gz
- clerk-js/5.73.0-canary.v20250715190057/coinbase-wallet-sdk_clerk.chips.browser_5550bf_5.73.0-canary.v20250715190057.min.js.sri
- clerk-js/5.73.0-canary.v20250715190057/coinbase-wallet-sdk_clerk.headless.browser_f55fde_5.73.0-canary.v20250715190057.js.br
- clerk-js/5.73.0-canary.v20250715190057/coinbase-wallet-sdk_clerk.headless.browser_f55fde_5.73.0-canary.v20250715190057.js.gz
- clerk-js/5.73.0-canary.v20250715190057/coinbase-wallet-sdk_clerk.headless.browser_f55fde_5.73.0-canary.v20250715190057.js.sri
- clerk-js/5.73.0-canary.v20250715190057/coinbase-wallet-sdk_clerk.headless.browser_f55fde_5.73.0-canary.v20250715190057.min.js.br
- clerk-js/5.73.0-canary.v20250715190057/coinbase-wallet-sdk_clerk.headless.browser_f55fde_5.73.0-canary.v20250715190057.min.js.gz
- clerk-js/5.73.0-canary.v20250715190057/coinbase-wallet-sdk_clerk.headless.browser_f55fde_5.73.0-canary.v20250715190057.min.js.sri
- clerk-js/5.73.0-canary.v20250715190057/coinbase-wallet-sdk_clerk.legacy.browser_91e720_5.73.0-canary.v20250715190057.js.br
- clerk-js/5.73.0-canary.v20250715190057/coinbase-wallet-sdk_clerk.legacy.browser_91e720_5.73.0-canary.v20250715190057.js.gz
- clerk-js/5.73.0-canary.v20250715190057/coinbase-wallet-sdk_clerk.legacy.browser_91e720_5.73.0-canary.v20250715190057.js.sri
- clerk-js/5.73.0-canary.v20250715190057/coinbase-wallet-sdk_clerk.legacy.browser_91e720_5.73.0-canary.v20250715190057.min.js.br
- clerk-js/5.73.0-canary.v20250715190057/coinbase-wallet-sdk_clerk.legacy.browser_91e720_5.73.0-canary.v20250715190057.min.js.gz
- clerk-js/5.73.0-canary.v20250715190057/coinbase-wallet-sdk_clerk.legacy.browser_91e720_5.73.0-canary.v20250715190057.min.js.sri
- clerk-js/5.73.0-canary.v20250715190057/cookieSuffix_clerk.browser_f3c59e_5.73.0-canary.v20250715190057.js.br
- clerk-js/5.73.0-canary.v20250715190057/cookieSuffix_clerk.browser_f3c59e_5.73.0-canary.v20250715190057.js.gz
- clerk-js/5.73.0-canary.v20250715190057/cookieSuffix_clerk.browser_f3c59e_5.73.0-canary.v20250715190057.js.sri
- clerk-js/5.73.0-canary.v20250715190057/cookieSuffix_clerk.browser_f3c59e_5.73.0-canary.v20250715190057.min.js.br
- clerk-js/5.73.0-canary.v20250715190057/cookieSuffix_clerk.browser_f3c59e_5.73.0-canary.v20250715190057.min.js.gz
- clerk-js/5.73.0-canary.v20250715190057/cookieSuffix_clerk.browser_f3c59e_5.73.0-canary.v20250715190057.min.js.sri
- clerk-js/5.73.0-canary.v20250715190057/cookieSuffix_clerk.chips.browser_5550bf_5.73.0-canary.v20250715190057.js.br
- clerk-js/5.73.0-canary.v20250715190057/cookieSuffix_clerk.chips.browser_5550bf_5.73.0-canary.v20250715190057.js.gz
- clerk-js/5.73.0-canary.v20250715190057/cookieSuffix_clerk.chips.browser_5550bf_5.73.0-canary.v20250715190057.js.sri
- clerk-js/5.73.0-canary.v20250715190057/cookieSuffix_clerk.chips.browser_5550bf_5.73.0-canary.v20250715190057.min.js.br
- clerk-js/5.73.0-canary.v20250715190057/cookieSuffix_clerk.chips.browser_5550bf_5.73.0-canary.v20250715190057.min.js.gz
- clerk-js/5.73.0-canary.v20250715190057/cookieSuffix_clerk.chips.browser_5550bf_5.73.0-canary.v20250715190057.min.js.sri
- clerk-js/5.73.0-canary.v20250715190057/cookieSuffix_clerk.headless.browser_f55fde_5.73.0-canary.v20250715190057.js.br
- clerk-js/5.73.0-canary.v20250715190057/cookieSuffix_clerk.headless.browser_f55fde_5.73.0-canary.v20250715190057.js.gz
- clerk-js/5.73.0-canary.v20250715190057/cookieSuffix_clerk.headless.browser_f55fde_5.73.0-canary.v20250715190057.js.sri
- clerk-js/5.73.0-canary.v20250715190057/cookieSuffix_clerk.headless.browser_f55fde_5.73.0-canary.v20250715190057.min.js.br
- clerk-js/5.73.0-canary.v20250715190057/cookieSuffix_clerk.headless.browser_f55fde_5.73.0-canary.v20250715190057.min.js.gz
- clerk-js/5.73.0-canary.v20250715190057/cookieSuffix_clerk.headless.browser_f55fde_5.73.0-canary.v20250715190057.min.js.sri
- clerk-js/5.73.0-canary.v20250715190057/cookieSuffix_clerk.headless_90bda1_5.73.0-canary.v20250715190057.js.br
- clerk-js/5.73.0-canary.v20250715190057/cookieSuffix_clerk.headless_90bda1_5.73.0-canary.v20250715190057.js.gz
- clerk-js/5.73.0-canary.v20250715190057/cookieSuffix_clerk.headless_90bda1_5.73.0-canary.v20250715190057.js.sri
- clerk-js/5.73.0-canary.v20250715190057/cookieSuffix_clerk.headless_90bda1_5.73.0-canary.v20250715190057.min.js.br
- clerk-js/5.73.0-canary.v20250715190057/cookieSuffix_clerk.headless_90bda1_5.73.0-canary.v20250715190057.min.js.gz
- clerk-js/5.73.0-canary.v20250715190057/cookieSuffix_clerk.headless_90bda1_5.73.0-canary.v20250715190057.min.js.sri
- clerk-js/5.73.0-canary.v20250715190057/cookieSuffix_clerk.legacy.browser_91e720_5.73.0-canary.v20250715190057.js.br
- clerk-js/5.73.0-canary.v20250715190057/cookieSuffix_clerk.legacy.browser_91e720_5.73.0-canary.v20250715190057.js.gz
- clerk-js/5.73.0-canary.v20250715190057/cookieSuffix_clerk.legacy.browser_91e720_5.73.0-canary.v20250715190057.js.sri
- clerk-js/5.73.0-canary.v20250715190057/cookieSuffix_clerk.legacy.browser_91e720_5.73.0-canary.v20250715190057.min.js.br
- clerk-js/5.73.0-canary.v20250715190057/cookieSuffix_clerk.legacy.browser_91e720_5.73.0-canary.v20250715190057.min.js.gz
- clerk-js/5.73.0-canary.v20250715190057/cookieSuffix_clerk.legacy.browser_91e720_5.73.0-canary.v20250715190057.min.js.sri
- clerk-js/5.73.0-canary.v20250715190057/createorganization_clerk.browser_f3c59e_5.73.0-canary.v20250715190057.js.br
- clerk-js/5.73.0-canary.v20250715190057/createorganization_clerk.browser_f3c59e_5.73.0-canary.v20250715190057.js.gz
- clerk-js/5.73.0-canary.v20250715190057/createorganization_clerk.browser_f3c59e_5.73.0-canary.v20250715190057.js.sri
- clerk-js/5.73.0-canary.v20250715190057/createorganization_clerk.browser_f3c59e_5.73.0-canary.v20250715190057.min.js.br
- clerk-js/5.73.0-canary.v20250715190057/createorganization_clerk.browser_f3c59e_5.73.0-canary.v20250715190057.min.js.gz
- clerk-js/5.73.0-canary.v20250715190057/createorganization_clerk.browser_f3c59e_5.73.0-canary.v20250715190057.min.js.sri
- clerk-js/5.73.0-canary.v20250715190057/createorganization_clerk.chips.browser_5550bf_5.73.0-canary.v20250715190057.js.br
- clerk-js/5.73.0-canary.v20250715190057/createorganization_clerk.chips.browser_5550bf_5.73.0-canary.v20250715190057.js.gz
- clerk-js/5.73.0-canary.v20250715190057/createorganization_clerk.chips.browser_5550bf_5.73.0-canary.v20250715190057.js.sri
- clerk-js/5.73.0-canary.v20250715190057/createorganization_clerk.chips.browser_5550bf_5.73.0-canary.v20250715190057.min.js.br
- clerk-js/5.73.0-canary.v20250715190057/createorganization_clerk.chips.browser_5550bf_5.73.0-canary.v20250715190057.min.js.gz
- clerk-js/5.73.0-canary.v20250715190057/createorganization_clerk.chips.browser_5550bf_5.73.0-canary.v20250715190057.min.js.sri
- clerk-js/5.73.0-canary.v20250715190057/createorganization_clerk.legacy.browser_91e720_5.73.0-canary.v20250715190057.js.br
- clerk-js/5.73.0-canary.v20250715190057/createorganization_clerk.legacy.browser_91e720_5.73.0-canary.v20250715190057.js.gz
- clerk-js/5.73.0-canary.v20250715190057/createorganization_clerk.legacy.browser_91e720_5.73.0-canary.v20250715190057.js.sri
- clerk-js/5.73.0-canary.v20250715190057/createorganization_clerk.legacy.browser_91e720_5.73.0-canary.v20250715190057.min.js.br
- clerk-js/5.73.0-canary.v20250715190057/createorganization_clerk.legacy.browser_91e720_5.73.0-canary.v20250715190057.min.js.gz
- clerk-js/5.73.0-canary.v20250715190057/createorganization_clerk.legacy.browser_91e720_5.73.0-canary.v20250715190057.min.js.sri
- clerk-js/5.73.0-canary.v20250715190057/framework_clerk.browser_f3c59e_5.73.0-canary.v20250715190057.js.br
- clerk-js/5.73.0-canary.v20250715190057/framework_clerk.browser_f3c59e_5.73.0-canary.v20250715190057.js.gz
- clerk-js/5.73.0-canary.v20250715190057/framework_clerk.browser_f3c59e_5.73.0-canary.v20250715190057.js.sri
- clerk-js/5.73.0-canary.v20250715190057/framework_clerk.browser_f3c59e_5.73.0-canary.v20250715190057.min.js.br
- clerk-js/5.73.0-canary.v20250715190057/framework_clerk.browser_f3c59e_5.73.0-canary.v20250715190057.min.js.gz
- clerk-js/5.73.0-canary.v20250715190057/framework_clerk.browser_f3c59e_5.73.0-canary.v20250715190057.min.js.sri
- clerk-js/5.73.0-canary.v20250715190057/framework_clerk.chips.browser_5550bf_5.73.0-canary.v20250715190057.js.br
- clerk-js/5.73.0-canary.v20250715190057/framework_clerk.chips.browser_5550bf_5.73.0-canary.v20250715190057.js.gz
- clerk-js/5.73.0-canary.v20250715190057/framework_clerk.chips.browser_5550bf_5.73.0-canary.v20250715190057.js.sri
- clerk-js/5.73.0-canary.v20250715190057/framework_clerk.chips.browser_5550bf_5.73.0-canary.v20250715190057.min.js.br
- clerk-js/5.73.0-canary.v20250715190057/framework_clerk.chips.browser_5550bf_5.73.0-canary.v20250715190057.min.js.gz
- clerk-js/5.73.0-canary.v20250715190057/framework_clerk.chips.browser_5550bf_5.73.0-canary.v20250715190057.min.js.sri
- clerk-js/5.73.0-canary.v20250715190057/framework_clerk.legacy.browser_91e720_5.73.0-canary.v20250715190057.js.br
- clerk-js/5.73.0-canary.v20250715190057/framework_clerk.legacy.browser_91e720_5.73.0-canary.v20250715190057.js.gz
- clerk-js/5.73.0-canary.v20250715190057/framework_clerk.legacy.browser_91e720_5.73.0-canary.v20250715190057.js.sri
- clerk-js/5.73.0-canary.v20250715190057/framework_clerk.legacy.browser_91e720_5.73.0-canary.v20250715190057.min.js.br
- clerk-js/5.73.0-canary.v20250715190057/framework_clerk.legacy.browser_91e720_5.73.0-canary.v20250715190057.min.js.gz
- clerk-js/5.73.0-canary.v20250715190057/framework_clerk.legacy.browser_91e720_5.73.0-canary.v20250715190057.min.js.sri
- clerk-js/5.73.0-canary.v20250715190057/impersonationfab_clerk.browser_f3c59e_5.73.0-canary.v20250715190057.js.br
- clerk-js/5.73.0-canary.v20250715190057/impersonationfab_clerk.browser_f3c59e_5.73.0-canary.v20250715190057.js.gz
- clerk-js/5.73.0-canary.v20250715190057/impersonationfab_clerk.browser_f3c59e_5.73.0-canary.v20250715190057.js.sri
- clerk-js/5.73.0-canary.v20250715190057/impersonationfab_clerk.browser_f3c59e_5.73.0-canary.v20250715190057.min.js.br
- clerk-js/5.73.0-canary.v20250715190057/impersonationfab_clerk.browser_f3c59e_5.73.0-canary.v20250715190057.min.js.gz
- clerk-js/5.73.0-canary.v20250715190057/impersonationfab_clerk.browser_f3c59e_5.73.0-canary.v20250715190057.min.js.sri
- clerk-js/5.73.0-canary.v20250715190057/impersonationfab_clerk.chips.browser_5550bf_5.73.0-canary.v20250715190057.js.br
- clerk-js/5.73.0-canary.v20250715190057/impersonationfab_clerk.chips.browser_5550bf_5.73.0-canary.v20250715190057.js.gz
- clerk-js/5.73.0-canary.v20250715190057/impersonationfab_clerk.chips.browser_5550bf_5.73.0-canary.v20250715190057.js.sri
- clerk-js/5.73.0-canary.v20250715190057/impersonationfab_clerk.chips.browser_5550bf_5.73.0-canary.v20250715190057.min.js.br
- clerk-js/5.73.0-canary.v20250715190057/impersonationfab_clerk.chips.browser_5550bf_5.73.0-canary.v20250715190057.min.js.gz
- clerk-js/5.73.0-canary.v20250715190057/impersonationfab_clerk.chips.browser_5550bf_5.73.0-canary.v20250715190057.min.js.sri
- clerk-js/5.73.0-canary.v20250715190057/impersonationfab_clerk.legacy.browser_91e720_5.73.0-canary.v20250715190057.js.br
- clerk-js/5.73.0-canary.v20250715190057/impersonationfab_clerk.legacy.browser_91e720_5.73.0-canary.v20250715190057.js.gz
- clerk-js/5.73.0-canary.v20250715190057/impersonationfab_clerk.legacy.browser_91e720_5.73.0-canary.v20250715190057.js.sri
- clerk-js/5.73.0-canary.v20250715190057/impersonationfab_clerk.legacy.browser_91e720_5.73.0-canary.v20250715190057.min.js.br
- clerk-js/5.73.0-canary.v20250715190057/impersonationfab_clerk.legacy.browser_91e720_5.73.0-canary.v20250715190057.min.js.gz
- clerk-js/5.73.0-canary.v20250715190057/impersonationfab_clerk.legacy.browser_91e720_5.73.0-canary.v20250715190057.min.js.sri
- clerk-js/5.73.0-canary.v20250715190057/keylessPrompt_clerk.browser_f3c59e_5.73.0-canary.v20250715190057.js.br
- clerk-js/5.73.0-canary.v20250715190057/keylessPrompt_clerk.browser_f3c59e_5.73.0-canary.v20250715190057.js.gz
- clerk-js/5.73.0-canary.v20250715190057/keylessPrompt_clerk.browser_f3c59e_5.73.0-canary.v20250715190057.js.sri
- clerk-js/5.73.0-canary.v20250715190057/keylessPrompt_clerk.browser_f3c59e_5.73.0-canary.v20250715190057.min.js.br
- clerk-js/5.73.0-canary.v20250715190057/keylessPrompt_clerk.browser_f3c59e_5.73.0-canary.v20250715190057.min.js.gz
- clerk-js/5.73.0-canary.v20250715190057/keylessPrompt_clerk.browser_f3c59e_5.73.0-canary.v20250715190057.min.js.sri
- clerk-js/5.73.0-canary.v20250715190057/keylessPrompt_clerk.chips.browser_5550bf_5.73.0-canary.v20250715190057.js.br
- clerk-js/5.73.0-canary.v20250715190057/keylessPrompt_clerk.chips.browser_5550bf_5.73.0-canary.v20250715190057.js.gz
- clerk-js/5.73.0-canary.v20250715190057/keylessPrompt_clerk.chips.browser_5550bf_5.73.0-canary.v20250715190057.js.sri
- clerk-js/5.73.0-canary.v20250715190057/keylessPrompt_clerk.chips.browser_5550bf_5.73.0-canary.v20250715190057.min.js.br
- clerk-js/5.73.0-canary.v20250715190057/keylessPrompt_clerk.chips.browser_5550bf_5.73.0-canary.v20250715190057.min.js.gz
- clerk-js/5.73.0-canary.v20250715190057/keylessPrompt_clerk.chips.browser_5550bf_5.73.0-canary.v20250715190057.min.js.sri
- clerk-js/5.73.0-canary.v20250715190057/keylessPrompt_clerk.legacy.browser_91e720_5.73.0-canary.v20250715190057.js.br
- clerk-js/5.73.0-canary.v20250715190057/keylessPrompt_clerk.legacy.browser_91e720_5.73.0-canary.v20250715190057.js.gz
- clerk-js/5.73.0-canary.v20250715190057/keylessPrompt_clerk.legacy.browser_91e720_5.73.0-canary.v20250715190057.js.sri
- clerk-js/5.73.0-canary.v20250715190057/keylessPrompt_clerk.legacy.browser_91e720_5.73.0-canary.v20250715190057.min.js.br
- clerk-js/5.73.0-canary.v20250715190057/keylessPrompt_clerk.legacy.browser_91e720_5.73.0-canary.v20250715190057.min.js.gz
- clerk-js/5.73.0-canary.v20250715190057/keylessPrompt_clerk.legacy.browser_91e720_5.73.0-canary.v20250715190057.min.js.sri
- clerk-js/5.73.0-canary.v20250715190057/oauthConsent_clerk.browser_f3c59e_5.73.0-canary.v20250715190057.js.br
- clerk-js/5.73.0-canary.v20250715190057/oauthConsent_clerk.browser_f3c59e_5.73.0-canary.v20250715190057.js.gz
- clerk-js/5.73.0-canary.v20250715190057/oauthConsent_clerk.browser_f3c59e_5.73.0-canary.v20250715190057.js.sri
- clerk-js/5.73.0-canary.v20250715190057/oauthConsent_clerk.browser_f3c59e_5.73.0-canary.v20250715190057.min.js.br
- clerk-js/5.73.0-canary.v20250715190057/oauthConsent_clerk.browser_f3c59e_5.73.0-canary.v20250715190057.min.js.gz
- clerk-js/5.73.0-canary.v20250715190057/oauthConsent_clerk.browser_f3c59e_5.73.0-canary.v20250715190057.min.js.sri
- clerk-js/5.73.0-canary.v20250715190057/oauthConsent_clerk.chips.browser_5550bf_5.73.0-canary.v20250715190057.js.br
- clerk-js/5.73.0-canary.v20250715190057/oauthConsent_clerk.chips.browser_5550bf_5.73.0-canary.v20250715190057.js.gz
- clerk-js/5.73.0-canary.v20250715190057/oauthConsent_clerk.chips.browser_5550bf_5.73.0-canary.v20250715190057.js.sri
- clerk-js/5.73.0-canary.v20250715190057/oauthConsent_clerk.chips.browser_5550bf_5.73.0-canary.v20250715190057.min.js.br
- clerk-js/5.73.0-canary.v20250715190057/oauthConsent_clerk.chips.browser_5550bf_5.73.0-canary.v20250715190057.min.js.gz
- clerk-js/5.73.0-canary.v20250715190057/oauthConsent_clerk.chips.browser_5550bf_5.73.0-canary.v20250715190057.min.js.sri
- clerk-js/5.73.0-canary.v20250715190057/oauthConsent_clerk.legacy.browser_91e720_5.73.0-canary.v20250715190057.js.br
- clerk-js/5.73.0-canary.v20250715190057/oauthConsent_clerk.legacy.browser_91e720_5.73.0-canary.v20250715190057.js.gz
- clerk-js/5.73.0-canary.v20250715190057/oauthConsent_clerk.legacy.browser_91e720_5.73.0-canary.v20250715190057.js.sri
- clerk-js/5.73.0-canary.v20250715190057/oauthConsent_clerk.legacy.browser_91e720_5.73.0-canary.v20250715190057.min.js.br
- clerk-js/5.73.0-canary.v20250715190057/oauthConsent_clerk.legacy.browser_91e720_5.73.0-canary.v20250715190057.min.js.gz
- clerk-js/5.73.0-canary.v20250715190057/oauthConsent_clerk.legacy.browser_91e720_5.73.0-canary.v20250715190057.min.js.sri
- clerk-js/5.73.0-canary.v20250715190057/onetap_clerk.browser_f3c59e_5.73.0-canary.v20250715190057.js.br
- clerk-js/5.73.0-canary.v20250715190057/onetap_clerk.browser_f3c59e_5.73.0-canary.v20250715190057.js.gz
- clerk-js/5.73.0-canary.v20250715190057/onetap_clerk.browser_f3c59e_5.73.0-canary.v20250715190057.js.sri
- clerk-js/5.73.0-canary.v20250715190057/onetap_clerk.browser_f3c59e_5.73.0-canary.v20250715190057.min.js.br
- clerk-js/5.73.0-canary.v20250715190057/onetap_clerk.browser_f3c59e_5.73.0-canary.v20250715190057.min.js.gz
- clerk-js/5.73.0-canary.v20250715190057/onetap_clerk.browser_f3c59e_5.73.0-canary.v20250715190057.min.js.sri
- clerk-js/5.73.0-canary.v20250715190057/onetap_clerk.chips.browser_5550bf_5.73.0-canary.v20250715190057.js.br
- clerk-js/5.73.0-canary.v20250715190057/onetap_clerk.chips.browser_5550bf_5.73.0-canary.v20250715190057.js.gz
- clerk-js/5.73.0-canary.v20250715190057/onetap_clerk.chips.browser_5550bf_5.73.0-canary.v20250715190057.js.sri
- clerk-js/5.73.0-canary.v20250715190057/onetap_clerk.chips.browser_5550bf_5.73.0-canary.v20250715190057.min.js.br
- clerk-js/5.73.0-canary.v20250715190057/onetap_clerk.chips.browser_5550bf_5.73.0-canary.v20250715190057.min.js.gz
- clerk-js/5.73.0-canary.v20250715190057/onetap_clerk.chips.browser_5550bf_5.73.0-canary.v20250715190057.min.js.sri
- clerk-js/5.73.0-canary.v20250715190057/onetap_clerk.legacy.browser_91e720_5.73.0-canary.v20250715190057.js.br
- clerk-js/5.73.0-canary.v20250715190057/onetap_clerk.legacy.browser_91e720_5.73.0-canary.v20250715190057.js.gz
- clerk-js/5.73.0-canary.v20250715190057/onetap_clerk.legacy.browser_91e720_5.73.0-canary.v20250715190057.js.sri
- clerk-js/5.73.0-canary.v20250715190057/onetap_clerk.legacy.browser_91e720_5.73.0-canary.v20250715190057.min.js.br
- clerk-js/5.73.0-canary.v20250715190057/onetap_clerk.legacy.browser_91e720_5.73.0-canary.v20250715190057.min.js.gz
- clerk-js/5.73.0-canary.v20250715190057/onetap_clerk.legacy.browser_91e720_5.73.0-canary.v20250715190057.min.js.sri
- clerk-js/5.73.0-canary.v20250715190057/op-api-keys-page_clerk.browser_f3c59e_5.73.0-canary.v20250715190057.js.br
- clerk-js/5.73.0-canary.v20250715190057/op-api-keys-page_clerk.browser_f3c59e_5.73.0-canary.v20250715190057.js.gz
- clerk-js/5.73.0-canary.v20250715190057/op-api-keys-page_clerk.browser_f3c59e_5.73.0-canary.v20250715190057.js.sri
- clerk-js/5.73.0-canary.v20250715190057/op-api-keys-page_clerk.browser_f3c59e_5.73.0-canary.v20250715190057.min.js.br
- clerk-js/5.73.0-canary.v20250715190057/op-api-keys-page_clerk.browser_f3c59e_5.73.0-canary.v20250715190057.min.js.gz
- clerk-js/5.73.0-canary.v20250715190057/op-api-keys-page_clerk.browser_f3c59e_5.73.0-canary.v20250715190057.min.js.sri
- clerk-js/5.73.0-canary.v20250715190057/op-api-keys-page_clerk.chips.browser_5550bf_5.73.0-canary.v20250715190057.js.br
- clerk-js/5.73.0-canary.v20250715190057/op-api-keys-page_clerk.chips.browser_5550bf_5.73.0-canary.v20250715190057.js.gz
- clerk-js/5.73.0-canary.v20250715190057/op-api-keys-page_clerk.chips.browser_5550bf_5.73.0-canary.v20250715190057.js.sri
- clerk-js/5.73.0-canary.v20250715190057/op-api-keys-page_clerk.chips.browser_5550bf_5.73.0-canary.v20250715190057.min.js.br
- clerk-js/5.73.0-canary.v20250715190057/op-api-keys-page_clerk.chips.browser_5550bf_5.73.0-canary.v20250715190057.min.js.gz
- clerk-js/5.73.0-canary.v20250715190057/op-api-keys-page_clerk.chips.browser_5550bf_5.73.0-canary.v20250715190057.min.js.sri
- clerk-js/5.73.0-canary.v20250715190057/op-api-keys-page_clerk.legacy.browser_91e720_5.73.0-canary.v20250715190057.js.br
- clerk-js/5.73.0-canary.v20250715190057/op-api-keys-page_clerk.legacy.browser_91e720_5.73.0-canary.v20250715190057.js.gz
- clerk-js/5.73.0-canary.v20250715190057/op-api-keys-page_clerk.legacy.browser_91e720_5.73.0-canary.v20250715190057.js.sri
- clerk-js/5.73.0-canary.v20250715190057/op-api-keys-page_clerk.legacy.browser_91e720_5.73.0-canary.v20250715190057.min.js.br
- clerk-js/5.73.0-canary.v20250715190057/op-api-keys-page_clerk.legacy.browser_91e720_5.73.0-canary.v20250715190057.min.js.gz
- clerk-js/5.73.0-canary.v20250715190057/op-api-keys-page_clerk.legacy.browser_91e720_5.73.0-canary.v20250715190057.min.js.sri
- clerk-js/5.73.0-canary.v20250715190057/op-billing-page_clerk.browser_f3c59e_5.73.0-canary.v20250715190057.js.br
- clerk-js/5.73.0-canary.v20250715190057/op-billing-page_clerk.browser_f3c59e_5.73.0-canary.v20250715190057.js.gz
- clerk-js/5.73.0-canary.v20250715190057/op-billing-page_clerk.browser_f3c59e_5.73.0-canary.v20250715190057.js.sri
- clerk-js/5.73.0-canary.v20250715190057/op-billing-page_clerk.browser_f3c59e_5.73.0-canary.v20250715190057.min.js.br
- clerk-js/5.73.0-canary.v20250715190057/op-billing-page_clerk.browser_f3c59e_5.73.0-canary.v20250715190057.min.js.gz
- clerk-js/5.73.0-canary.v20250715190057/op-billing-page_clerk.browser_f3c59e_5.73.0-canary.v20250715190057.min.js.sri
- clerk-js/5.73.0-canary.v20250715190057/op-billing-page_clerk.chips.browser_5550bf_5.73.0-canary.v20250715190057.js.br
- clerk-js/5.73.0-canary.v20250715190057/op-billing-page_clerk.chips.browser_5550bf_5.73.0-canary.v20250715190057.js.gz
- clerk-js/5.73.0-canary.v20250715190057/op-billing-page_clerk.chips.browser_5550bf_5.73.0-canary.v20250715190057.js.sri
- clerk-js/5.73.0-canary.v20250715190057/op-billing-page_clerk.chips.browser_5550bf_5.73.0-canary.v20250715190057.min.js.br
- clerk-js/5.73.0-canary.v20250715190057/op-billing-page_clerk.chips.browser_5550bf_5.73.0-canary.v20250715190057.min.js.gz
- clerk-js/5.73.0-canary.v20250715190057/op-billing-page_clerk.chips.browser_5550bf_5.73.0-canary.v20250715190057.min.js.sri
- clerk-js/5.73.0-canary.v20250715190057/op-billing-page_clerk.legacy.browser_91e720_5.73.0-canary.v20250715190057.js.br
- clerk-js/5.73.0-canary.v20250715190057/op-billing-page_clerk.legacy.browser_91e720_5.73.0-canary.v20250715190057.js.gz
- clerk-js/5.73.0-canary.v20250715190057/op-billing-page_clerk.legacy.browser_91e720_5.73.0-canary.v20250715190057.js.sri
- clerk-js/5.73.0-canary.v20250715190057/op-billing-page_clerk.legacy.browser_91e720_5.73.0-canary.v20250715190057.min.js.br
- clerk-js/5.73.0-canary.v20250715190057/op-billing-page_clerk.legacy.browser_91e720_5.73.0-canary.v20250715190057.min.js.gz
- clerk-js/5.73.0-canary.v20250715190057/op-billing-page_clerk.legacy.browser_91e720_5.73.0-canary.v20250715190057.min.js.sri
- clerk-js/5.73.0-canary.v20250715190057/op-plans-page_clerk.browser_f3c59e_5.73.0-canary.v20250715190057.js.br
- clerk-js/5.73.0-canary.v20250715190057/op-plans-page_clerk.browser_f3c59e_5.73.0-canary.v20250715190057.js.gz
- clerk-js/5.73.0-canary.v20250715190057/op-plans-page_clerk.browser_f3c59e_5.73.0-canary.v20250715190057.js.sri
- clerk-js/5.73.0-canary.v20250715190057/op-plans-page_clerk.browser_f3c59e_5.73.0-canary.v20250715190057.min.js.br
- clerk-js/5.73.0-canary.v20250715190057/op-plans-page_clerk.browser_f3c59e_5.73.0-canary.v20250715190057.min.js.gz
- clerk-js/5.73.0-canary.v20250715190057/op-plans-page_clerk.browser_f3c59e_5.73.0-canary.v20250715190057.min.js.sri
- clerk-js/5.73.0-canary.v20250715190057/op-plans-page_clerk.chips.browser_5550bf_5.73.0-canary.v20250715190057.js.br
- clerk-js/5.73.0-canary.v20250715190057/op-plans-page_clerk.chips.browser_5550bf_5.73.0-canary.v20250715190057.js.gz
- clerk-js/5.73.0-canary.v20250715190057/op-plans-page_clerk.chips.browser_5550bf_5.73.0-canary.v20250715190057.js.sri
- clerk-js/5.73.0-canary.v20250715190057/op-plans-page_clerk.chips.browser_5550bf_5.73.0-canary.v20250715190057.min.js.br
- clerk-js/5.73.0-canary.v20250715190057/op-plans-page_clerk.chips.browser_5550bf_5.73.0-canary.v20250715190057.min.js.gz
- clerk-js/5.73.0-canary.v20250715190057/op-plans-page_clerk.chips.browser_5550bf_5.73.0-canary.v20250715190057.min.js.sri
- clerk-js/5.73.0-canary.v20250715190057/op-plans-page_clerk.legacy.browser_91e720_5.73.0-canary.v20250715190057.js.br
- clerk-js/5.73.0-canary.v20250715190057/op-plans-page_clerk.legacy.browser_91e720_5.73.0-canary.v20250715190057.js.gz
- clerk-js/5.73.0-canary.v20250715190057/op-plans-page_clerk.legacy.browser_91e720_5.73.0-canary.v20250715190057.js.sri
- clerk-js/5.73.0-canary.v20250715190057/op-plans-page_clerk.legacy.browser_91e720_5.73.0-canary.v20250715190057.min.js.br
- clerk-js/5.73.0-canary.v20250715190057/op-plans-page_clerk.legacy.browser_91e720_5.73.0-canary.v20250715190057.min.js.gz
- clerk-js/5.73.0-canary.v20250715190057/op-plans-page_clerk.legacy.browser_91e720_5.73.0-canary.v20250715190057.min.js.sri
- clerk-js/5.73.0-canary.v20250715190057/organizationlist_clerk.browser_f3c59e_5.73.0-canary.v20250715190057.js.br
- clerk-js/5.73.0-canary.v20250715190057/organizationlist_clerk.browser_f3c59e_5.73.0-canary.v20250715190057.js.gz
- clerk-js/5.73.0-canary.v20250715190057/organizationlist_clerk.browser_f3c59e_5.73.0-canary.v20250715190057.js.sri
- clerk-js/5.73.0-canary.v20250715190057/organizationlist_clerk.browser_f3c59e_5.73.0-canary.v20250715190057.min.js.br
- clerk-js/5.73.0-canary.v20250715190057/organizationlist_clerk.browser_f3c59e_5.73.0-canary.v20250715190057.min.js.gz
- clerk-js/5.73.0-canary.v20250715190057/organizationlist_clerk.browser_f3c59e_5.73.0-canary.v20250715190057.min.js.sri
- clerk-js/5.73.0-canary.v20250715190057/organizationlist_clerk.chips.browser_5550bf_5.73.0-canary.v20250715190057.js.br
- clerk-js/5.73.0-canary.v20250715190057/organizationlist_clerk.chips.browser_5550bf_5.73.0-canary.v20250715190057.js.gz
- clerk-js/5.73.0-canary.v20250715190057/organizationlist_clerk.chips.browser_5550bf_5.73.0-canary.v20250715190057.js.sri
- clerk-js/5.73.0-canary.v20250715190057/organizationlist_clerk.chips.browser_5550bf_5.73.0-canary.v20250715190057.min.js.br
- clerk-js/5.73.0-canary.v20250715190057/organizationlist_clerk.chips.browser_5550bf_5.73.0-canary.v20250715190057.min.js.gz
- clerk-js/5.73.0-canary.v20250715190057/organizationlist_clerk.chips.browser_5550bf_5.73.0-canary.v20250715190057.min.js.sri
- clerk-js/5.73.0-canary.v20250715190057/organizationlist_clerk.legacy.browser_91e720_5.73.0-canary.v20250715190057.js.br
- clerk-js/5.73.0-canary.v20250715190057/organizationlist_clerk.legacy.browser_91e720_5.73.0-canary.v20250715190057.js.gz
- clerk-js/5.73.0-canary.v20250715190057/organizationlist_clerk.legacy.browser_91e720_5.73.0-canary.v20250715190057.js.sri
- clerk-js/5.73.0-canary.v20250715190057/organizationlist_clerk.legacy.browser_91e720_5.73.0-canary.v20250715190057.min.js.br
- clerk-js/5.73.0-canary.v20250715190057/organizationlist_clerk.legacy.browser_91e720_5.73.0-canary.v20250715190057.min.js.gz
- clerk-js/5.73.0-canary.v20250715190057/organizationlist_clerk.legacy.browser_91e720_5.73.0-canary.v20250715190057.min.js.sri
- clerk-js/5.73.0-canary.v20250715190057/organizationprofile_clerk.browser_f3c59e_5.73.0-canary.v20250715190057.js.br
- clerk-js/5.73.0-canary.v20250715190057/organizationprofile_clerk.browser_f3c59e_5.73.0-canary.v20250715190057.js.gz
- clerk-js/5.73.0-canary.v20250715190057/organizationprofile_clerk.browser_f3c59e_5.73.0-canary.v20250715190057.js.sri
- clerk-js/5.73.0-canary.v20250715190057/organizationprofile_clerk.browser_f3c59e_5.73.0-canary.v20250715190057.min.js.br
- clerk-js/5.73.0-canary.v20250715190057/organizationprofile_clerk.browser_f3c59e_5.73.0-canary.v20250715190057.min.js.gz
- clerk-js/5.73.0-canary.v20250715190057/organizationprofile_clerk.browser_f3c59e_5.73.0-canary.v20250715190057.min.js.sri
- clerk-js/5.73.0-canary.v20250715190057/organizationprofile_clerk.chips.browser_5550bf_5.73.0-canary.v20250715190057.js.br
- clerk-js/5.73.0-canary.v20250715190057/organizationprofile_clerk.chips.browser_5550bf_5.73.0-canary.v20250715190057.js.gz
- clerk-js/5.73.0-canary.v20250715190057/organizationprofile_clerk.chips.browser_5550bf_5.73.0-canary.v20250715190057.js.sri
- clerk-js/5.73.0-canary.v20250715190057/organizationprofile_clerk.chips.browser_5550bf_5.73.0-canary.v20250715190057.min.js.br
- clerk-js/5.73.0-canary.v20250715190057/organizationprofile_clerk.chips.browser_5550bf_5.73.0-canary.v20250715190057.min.js.gz
- clerk-js/5.73.0-canary.v20250715190057/organizationprofile_clerk.chips.browser_5550bf_5.73.0-canary.v20250715190057.min.js.sri
- clerk-js/5.73.0-canary.v20250715190057/organizationprofile_clerk.legacy.browser_91e720_5.73.0-canary.v20250715190057.js.br
- clerk-js/5.73.0-canary.v20250715190057/organizationprofile_clerk.legacy.browser_91e720_5.73.0-canary.v20250715190057.js.gz
- clerk-js/5.73.0-canary.v20250715190057/organizationprofile_clerk.legacy.browser_91e720_5.73.0-canary.v20250715190057.js.sri
- clerk-js/5.73.0-canary.v20250715190057/organizationprofile_clerk.legacy.browser_91e720_5.73.0-canary.v20250715190057.min.js.br
- clerk-js/5.73.0-canary.v20250715190057/organizationprofile_clerk.legacy.browser_91e720_5.73.0-canary.v20250715190057.min.js.gz
- clerk-js/5.73.0-canary.v20250715190057/organizationprofile_clerk.legacy.browser_91e720_5.73.0-canary.v20250715190057.min.js.sri
- clerk-js/5.73.0-canary.v20250715190057/organizationswitcher_clerk.browser_f3c59e_5.73.0-canary.v20250715190057.js.br
- clerk-js/5.73.0-canary.v20250715190057/organizationswitcher_clerk.browser_f3c59e_5.73.0-canary.v20250715190057.js.gz
- clerk-js/5.73.0-canary.v20250715190057/organizationswitcher_clerk.browser_f3c59e_5.73.0-canary.v20250715190057.js.sri
- clerk-js/5.73.0-canary.v20250715190057/organizationswitcher_clerk.browser_f3c59e_5.73.0-canary.v20250715190057.min.js.br
- clerk-js/5.73.0-canary.v20250715190057/organizationswitcher_clerk.browser_f3c59e_5.73.0-canary.v20250715190057.min.js.gz
- clerk-js/5.73.0-canary.v20250715190057/organizationswitcher_clerk.browser_f3c59e_5.73.0-canary.v20250715190057.min.js.sri
- clerk-js/5.73.0-canary.v20250715190057/organizationswitcher_clerk.chips.browser_5550bf_5.73.0-canary.v20250715190057.js.br
- clerk-js/5.73.0-canary.v20250715190057/organizationswitcher_clerk.chips.browser_5550bf_5.73.0-canary.v20250715190057.js.gz
- clerk-js/5.73.0-canary.v20250715190057/organizationswitcher_clerk.chips.browser_5550bf_5.73.0-canary.v20250715190057.js.sri
- clerk-js/5.73.0-canary.v20250715190057/organizationswitcher_clerk.chips.browser_5550bf_5.73.0-canary.v20250715190057.min.js.br
- clerk-js/5.73.0-canary.v20250715190057/organizationswitcher_clerk.chips.browser_5550bf_5.73.0-canary.v20250715190057.min.js.gz
- clerk-js/5.73.0-canary.v20250715190057/organizationswitcher_clerk.chips.browser_5550bf_5.73.0-canary.v20250715190057.min.js.sri
- clerk-js/5.73.0-canary.v20250715190057/organizationswitcher_clerk.legacy.browser_91e720_5.73.0-canary.v20250715190057.js.br
- clerk-js/5.73.0-canary.v20250715190057/organizationswitcher_clerk.legacy.browser_91e720_5.73.0-canary.v20250715190057.js.gz
- clerk-js/5.73.0-canary.v20250715190057/organizationswitcher_clerk.legacy.browser_91e720_5.73.0-canary.v20250715190057.js.sri
- clerk-js/5.73.0-canary.v20250715190057/organizationswitcher_clerk.legacy.browser_91e720_5.73.0-canary.v20250715190057.min.js.br
- clerk-js/5.73.0-canary.v20250715190057/organizationswitcher_clerk.legacy.browser_91e720_5.73.0-canary.v20250715190057.min.js.gz
- clerk-js/5.73.0-canary.v20250715190057/organizationswitcher_clerk.legacy.browser_91e720_5.73.0-canary.v20250715190057.min.js.sri
- clerk-js/5.73.0-canary.v20250715190057/payment-attempt-page_clerk.browser_f3c59e_5.73.0-canary.v20250715190057.js.br
- clerk-js/5.73.0-canary.v20250715190057/payment-attempt-page_clerk.browser_f3c59e_5.73.0-canary.v20250715190057.js.gz
- clerk-js/5.73.0-canary.v20250715190057/payment-attempt-page_clerk.browser_f3c59e_5.73.0-canary.v20250715190057.js.sri
- clerk-js/5.73.0-canary.v20250715190057/payment-attempt-page_clerk.browser_f3c59e_5.73.0-canary.v20250715190057.min.js.br
- clerk-js/5.73.0-canary.v20250715190057/payment-attempt-page_clerk.browser_f3c59e_5.73.0-canary.v20250715190057.min.js.gz
- clerk-js/5.73.0-canary.v20250715190057/payment-attempt-page_clerk.browser_f3c59e_5.73.0-canary.v20250715190057.min.js.sri
- clerk-js/5.73.0-canary.v20250715190057/payment-attempt-page_clerk.chips.browser_5550bf_5.73.0-canary.v20250715190057.js.br
- clerk-js/5.73.0-canary.v20250715190057/payment-attempt-page_clerk.chips.browser_5550bf_5.73.0-canary.v20250715190057.js.gz
- clerk-js/5.73.0-canary.v20250715190057/payment-attempt-page_clerk.chips.browser_5550bf_5.73.0-canary.v20250715190057.js.sri
- clerk-js/5.73.0-canary.v20250715190057/payment-attempt-page_clerk.chips.browser_5550bf_5.73.0-canary.v20250715190057.min.js.br
- clerk-js/5.73.0-canary.v20250715190057/payment-attempt-page_clerk.chips.browser_5550bf_5.73.0-canary.v20250715190057.min.js.gz
- clerk-js/5.73.0-canary.v20250715190057/payment-attempt-page_clerk.chips.browser_5550bf_5.73.0-canary.v20250715190057.min.js.sri
- clerk-js/5.73.0-canary.v20250715190057/payment-attempt-page_clerk.legacy.browser_91e720_5.73.0-canary.v20250715190057.js.br
- clerk-js/5.73.0-canary.v20250715190057/payment-attempt-page_clerk.legacy.browser_91e720_5.73.0-canary.v20250715190057.js.gz
- clerk-js/5.73.0-canary.v20250715190057/payment-attempt-page_clerk.legacy.browser_91e720_5.73.0-canary.v20250715190057.js.sri
- clerk-js/5.73.0-canary.v20250715190057/payment-attempt-page_clerk.legacy.browser_91e720_5.73.0-canary.v20250715190057.min.js.br
- clerk-js/5.73.0-canary.v20250715190057/payment-attempt-page_clerk.legacy.browser_91e720_5.73.0-canary.v20250715190057.min.js.gz
- clerk-js/5.73.0-canary.v20250715190057/payment-attempt-page_clerk.legacy.browser_91e720_5.73.0-canary.v20250715190057.min.js.sri
- clerk-js/5.73.0-canary.v20250715190057/planDetails_clerk.browser_f3c59e_5.73.0-canary.v20250715190057.js.br
- clerk-js/5.73.0-canary.v20250715190057/planDetails_clerk.browser_f3c59e_5.73.0-canary.v20250715190057.js.gz
- clerk-js/5.73.0-canary.v20250715190057/planDetails_clerk.browser_f3c59e_5.73.0-canary.v20250715190057.js.sri
- clerk-js/5.73.0-canary.v20250715190057/planDetails_clerk.browser_f3c59e_5.73.0-canary.v20250715190057.min.js.br
- clerk-js/5.73.0-canary.v20250715190057/planDetails_clerk.browser_f3c59e_5.73.0-canary.v20250715190057.min.js.gz
- clerk-js/5.73.0-canary.v20250715190057/planDetails_clerk.browser_f3c59e_5.73.0-canary.v20250715190057.min.js.sri
- clerk-js/5.73.0-canary.v20250715190057/planDetails_clerk.chips.browser_5550bf_5.73.0-canary.v20250715190057.js.br
- clerk-js/5.73.0-canary.v20250715190057/planDetails_clerk.chips.browser_5550bf_5.73.0-canary.v20250715190057.js.gz
- clerk-js/5.73.0-canary.v20250715190057/planDetails_clerk.chips.browser_5550bf_5.73.0-canary.v20250715190057.js.sri
- clerk-js/5.73.0-canary.v20250715190057/planDetails_clerk.chips.browser_5550bf_5.73.0-canary.v20250715190057.min.js.br
- clerk-js/5.73.0-canary.v20250715190057/planDetails_clerk.chips.browser_5550bf_5.73.0-canary.v20250715190057.min.js.gz
- clerk-js/5.73.0-canary.v20250715190057/planDetails_clerk.chips.browser_5550bf_5.73.0-canary.v20250715190057.min.js.sri
- clerk-js/5.73.0-canary.v20250715190057/planDetails_clerk.legacy.browser_91e720_5.73.0-canary.v20250715190057.js.br
- clerk-js/5.73.0-canary.v20250715190057/planDetails_clerk.legacy.browser_91e720_5.73.0-canary.v20250715190057.js.gz
- clerk-js/5.73.0-canary.v20250715190057/planDetails_clerk.legacy.browser_91e720_5.73.0-canary.v20250715190057.js.sri
- clerk-js/5.73.0-canary.v20250715190057/planDetails_clerk.legacy.browser_91e720_5.73.0-canary.v20250715190057.min.js.br
- clerk-js/5.73.0-canary.v20250715190057/planDetails_clerk.legacy.browser_91e720_5.73.0-canary.v20250715190057.min.js.gz
- clerk-js/5.73.0-canary.v20250715190057/planDetails_clerk.legacy.browser_91e720_5.73.0-canary.v20250715190057.min.js.sri
- clerk-js/5.73.0-canary.v20250715190057/prefetchorganizationlist_clerk.browser_f3c59e_5.73.0-canary.v20250715190057.js.br
- clerk-js/5.73.0-canary.v20250715190057/prefetchorganizationlist_clerk.browser_f3c59e_5.73.0-canary.v20250715190057.js.gz
- clerk-js/5.73.0-canary.v20250715190057/prefetchorganizationlist_clerk.browser_f3c59e_5.73.0-canary.v20250715190057.js.sri
- clerk-js/5.73.0-canary.v20250715190057/prefetchorganizationlist_clerk.browser_f3c59e_5.73.0-canary.v20250715190057.min.js.br
- clerk-js/5.73.0-canary.v20250715190057/prefetchorganizationlist_clerk.browser_f3c59e_5.73.0-canary.v20250715190057.min.js.gz
- clerk-js/5.73.0-canary.v20250715190057/prefetchorganizationlist_clerk.browser_f3c59e_5.73.0-canary.v20250715190057.min.js.sri
- clerk-js/5.73.0-canary.v20250715190057/prefetchorganizationlist_clerk.chips.browser_5550bf_5.73.0-canary.v20250715190057.js.br
- clerk-js/5.73.0-canary.v20250715190057/prefetchorganizationlist_clerk.chips.browser_5550bf_5.73.0-canary.v20250715190057.js.gz
- clerk-js/5.73.0-canary.v20250715190057/prefetchorganizationlist_clerk.chips.browser_5550bf_5.73.0-canary.v20250715190057.js.sri
- clerk-js/5.73.0-canary.v20250715190057/prefetchorganizationlist_clerk.chips.browser_5550bf_5.73.0-canary.v20250715190057.min.js.br
- clerk-js/5.73.0-canary.v20250715190057/prefetchorganizationlist_clerk.chips.browser_5550bf_5.73.0-canary.v20250715190057.min.js.gz
- clerk-js/5.73.0-canary.v20250715190057/prefetchorganizationlist_clerk.chips.browser_5550bf_5.73.0-canary.v20250715190057.min.js.sri
- clerk-js/5.73.0-canary.v20250715190057/prefetchorganizationlist_clerk.legacy.browser_91e720_5.73.0-canary.v20250715190057.js.br
- clerk-js/5.73.0-canary.v20250715190057/prefetchorganizationlist_clerk.legacy.browser_91e720_5.73.0-canary.v20250715190057.js.gz
- clerk-js/5.73.0-canary.v20250715190057/prefetchorganizationlist_clerk.legacy.browser_91e720_5.73.0-canary.v20250715190057.js.sri
- clerk-js/5.73.0-canary.v20250715190057/prefetchorganizationlist_clerk.legacy.browser_91e720_5.73.0-canary.v20250715190057.min.js.br
- clerk-js/5.73.0-canary.v20250715190057/prefetchorganizationlist_clerk.legacy.browser_91e720_5.73.0-canary.v20250715190057.min.js.gz
- clerk-js/5.73.0-canary.v20250715190057/prefetchorganizationlist_clerk.legacy.browser_91e720_5.73.0-canary.v20250715190057.min.js.sri
- clerk-js/5.73.0-canary.v20250715190057/pricingTable_clerk.browser_f3c59e_5.73.0-canary.v20250715190057.js.br
- clerk-js/5.73.0-canary.v20250715190057/pricingTable_clerk.browser_f3c59e_5.73.0-canary.v20250715190057.js.gz
- clerk-js/5.73.0-canary.v20250715190057/pricingTable_clerk.browser_f3c59e_5.73.0-canary.v20250715190057.js.sri
- clerk-js/5.73.0-canary.v20250715190057/pricingTable_clerk.browser_f3c59e_5.73.0-canary.v20250715190057.min.js.br
- clerk-js/5.73.0-canary.v20250715190057/pricingTable_clerk.browser_f3c59e_5.73.0-canary.v20250715190057.min.js.gz
- clerk-js/5.73.0-canary.v20250715190057/pricingTable_clerk.browser_f3c59e_5.73.0-canary.v20250715190057.min.js.sri
- clerk-js/5.73.0-canary.v20250715190057/pricingTable_clerk.chips.browser_5550bf_5.73.0-canary.v20250715190057.js.br
- clerk-js/5.73.0-canary.v20250715190057/pricingTable_clerk.chips.browser_5550bf_5.73.0-canary.v20250715190057.js.gz
- clerk-js/5.73.0-canary.v20250715190057/pricingTable_clerk.chips.browser_5550bf_5.73.0-canary.v20250715190057.js.sri
- clerk-js/5.73.0-canary.v20250715190057/pricingTable_clerk.chips.browser_5550bf_5.73.0-canary.v20250715190057.min.js.br
- clerk-js/5.73.0-canary.v20250715190057/pricingTable_clerk.chips.browser_5550bf_5.73.0-canary.v20250715190057.min.js.gz
- clerk-js/5.73.0-canary.v20250715190057/pricingTable_clerk.chips.browser_5550bf_5.73.0-canary.v20250715190057.min.js.sri
- clerk-js/5.73.0-canary.v20250715190057/pricingTable_clerk.legacy.browser_91e720_5.73.0-canary.v20250715190057.js.br
- clerk-js/5.73.0-canary.v20250715190057/pricingTable_clerk.legacy.browser_91e720_5.73.0-canary.v20250715190057.js.gz
- clerk-js/5.73.0-canary.v20250715190057/pricingTable_clerk.legacy.browser_91e720_5.73.0-canary.v20250715190057.js.sri
- clerk-js/5.73.0-canary.v20250715190057/pricingTable_clerk.legacy.browser_91e720_5.73.0-canary.v20250715190057.min.js.br
- clerk-js/5.73.0-canary.v20250715190057/pricingTable_clerk.legacy.browser_91e720_5.73.0-canary.v20250715190057.min.js.gz
- clerk-js/5.73.0-canary.v20250715190057/pricingTable_clerk.legacy.browser_91e720_5.73.0-canary.v20250715190057.min.js.sri
- clerk-js/5.73.0-canary.v20250715190057/revoke-api-key-modal_clerk.browser_f3c59e_5.73.0-canary.v20250715190057.js.br
- clerk-js/5.73.0-canary.v20250715190057/revoke-api-key-modal_clerk.browser_f3c59e_5.73.0-canary.v20250715190057.js.gz
- clerk-js/5.73.0-canary.v20250715190057/revoke-api-key-modal_clerk.browser_f3c59e_5.73.0-canary.v20250715190057.js.sri
- clerk-js/5.73.0-canary.v20250715190057/revoke-api-key-modal_clerk.browser_f3c59e_5.73.0-canary.v20250715190057.min.js.br
- clerk-js/5.73.0-canary.v20250715190057/revoke-api-key-modal_clerk.browser_f3c59e_5.73.0-canary.v20250715190057.min.js.gz
- clerk-js/5.73.0-canary.v20250715190057/revoke-api-key-modal_clerk.browser_f3c59e_5.73.0-canary.v20250715190057.min.js.sri
- clerk-js/5.73.0-canary.v20250715190057/revoke-api-key-modal_clerk.chips.browser_5550bf_5.73.0-canary.v20250715190057.js.br
- clerk-js/5.73.0-canary.v20250715190057/revoke-api-key-modal_clerk.chips.browser_5550bf_5.73.0-canary.v20250715190057.js.gz
- clerk-js/5.73.0-canary.v20250715190057/revoke-api-key-modal_clerk.chips.browser_5550bf_5.73.0-canary.v20250715190057.js.sri
- clerk-js/5.73.0-canary.v20250715190057/revoke-api-key-modal_clerk.chips.browser_5550bf_5.73.0-canary.v20250715190057.min.js.br
- clerk-js/5.73.0-canary.v20250715190057/revoke-api-key-modal_clerk.chips.browser_5550bf_5.73.0-canary.v20250715190057.min.js.gz
- clerk-js/5.73.0-canary.v20250715190057/revoke-api-key-modal_clerk.chips.browser_5550bf_5.73.0-canary.v20250715190057.min.js.sri
- clerk-js/5.73.0-canary.v20250715190057/revoke-api-key-modal_clerk.legacy.browser_91e720_5.73.0-canary.v20250715190057.js.br
- clerk-js/5.73.0-canary.v20250715190057/revoke-api-key-modal_clerk.legacy.browser_91e720_5.73.0-canary.v20250715190057.js.gz
- clerk-js/5.73.0-canary.v20250715190057/revoke-api-key-modal_clerk.legacy.browser_91e720_5.73.0-canary.v20250715190057.js.sri
- clerk-js/5.73.0-canary.v20250715190057/revoke-api-key-modal_clerk.legacy.browser_91e720_5.73.0-canary.v20250715190057.min.js.br
- clerk-js/5.73.0-canary.v20250715190057/revoke-api-key-modal_clerk.legacy.browser_91e720_5.73.0-canary.v20250715190057.min.js.gz
- clerk-js/5.73.0-canary.v20250715190057/revoke-api-key-modal_clerk.legacy.browser_91e720_5.73.0-canary.v20250715190057.min.js.sri
- clerk-js/5.73.0-canary.v20250715190057/sessionTasks_clerk.browser_f3c59e_5.73.0-canary.v20250715190057.js.br
- clerk-js/5.73.0-canary.v20250715190057/sessionTasks_clerk.browser_f3c59e_5.73.0-canary.v20250715190057.js.gz
- clerk-js/5.73.0-canary.v20250715190057/sessionTasks_clerk.browser_f3c59e_5.73.0-canary.v20250715190057.js.sri
- clerk-js/5.73.0-canary.v20250715190057/sessionTasks_clerk.browser_f3c59e_5.73.0-canary.v20250715190057.min.js.br
- clerk-js/5.73.0-canary.v20250715190057/sessionTasks_clerk.browser_f3c59e_5.73.0-canary.v20250715190057.min.js.gz
- clerk-js/5.73.0-canary.v20250715190057/sessionTasks_clerk.browser_f3c59e_5.73.0-canary.v20250715190057.min.js.sri
- clerk-js/5.73.0-canary.v20250715190057/sessionTasks_clerk.chips.browser_5550bf_5.73.0-canary.v20250715190057.js.br
- clerk-js/5.73.0-canary.v20250715190057/sessionTasks_clerk.chips.browser_5550bf_5.73.0-canary.v20250715190057.js.gz
- clerk-js/5.73.0-canary.v20250715190057/sessionTasks_clerk.chips.browser_5550bf_5.73.0-canary.v20250715190057.js.sri
- clerk-js/5.73.0-canary.v20250715190057/sessionTasks_clerk.chips.browser_5550bf_5.73.0-canary.v20250715190057.min.js.br
- clerk-js/5.73.0-canary.v20250715190057/sessionTasks_clerk.chips.browser_5550bf_5.73.0-canary.v20250715190057.min.js.gz
- clerk-js/5.73.0-canary.v20250715190057/sessionTasks_clerk.chips.browser_5550bf_5.73.0-canary.v20250715190057.min.js.sri
- clerk-js/5.73.0-canary.v20250715190057/sessionTasks_clerk.legacy.browser_91e720_5.73.0-canary.v20250715190057.js.br
- clerk-js/5.73.0-canary.v20250715190057/sessionTasks_clerk.legacy.browser_91e720_5.73.0-canary.v20250715190057.js.gz
- clerk-js/5.73.0-canary.v20250715190057/sessionTasks_clerk.legacy.browser_91e720_5.73.0-canary.v20250715190057.js.sri
- clerk-js/5.73.0-canary.v20250715190057/sessionTasks_clerk.legacy.browser_91e720_5.73.0-canary.v20250715190057.min.js.br
- clerk-js/5.73.0-canary.v20250715190057/sessionTasks_clerk.legacy.browser_91e720_5.73.0-canary.v20250715190057.min.js.gz
- clerk-js/5.73.0-canary.v20250715190057/sessionTasks_clerk.legacy.browser_91e720_5.73.0-canary.v20250715190057.min.js.sri
- clerk-js/5.73.0-canary.v20250715190057/signin_clerk.browser_f3c59e_5.73.0-canary.v20250715190057.js.br
- clerk-js/5.73.0-canary.v20250715190057/signin_clerk.browser_f3c59e_5.73.0-canary.v20250715190057.js.gz
- clerk-js/5.73.0-canary.v20250715190057/signin_clerk.browser_f3c59e_5.73.0-canary.v20250715190057.js.sri
- clerk-js/5.73.0-canary.v20250715190057/signin_clerk.browser_f3c59e_5.73.0-canary.v20250715190057.min.js.br
- clerk-js/5.73.0-canary.v20250715190057/signin_clerk.browser_f3c59e_5.73.0-canary.v20250715190057.min.js.gz
- clerk-js/5.73.0-canary.v20250715190057/signin_clerk.browser_f3c59e_5.73.0-canary.v20250715190057.min.js.sri
- clerk-js/5.73.0-canary.v20250715190057/signin_clerk.chips.browser_5550bf_5.73.0-canary.v20250715190057.js.br
- clerk-js/5.73.0-canary.v20250715190057/signin_clerk.chips.browser_5550bf_5.73.0-canary.v20250715190057.js.gz
- clerk-js/5.73.0-canary.v20250715190057/signin_clerk.chips.browser_5550bf_5.73.0-canary.v20250715190057.js.sri
- clerk-js/5.73.0-canary.v20250715190057/signin_clerk.chips.browser_5550bf_5.73.0-canary.v20250715190057.min.js.br
- clerk-js/5.73.0-canary.v20250715190057/signin_clerk.chips.browser_5550bf_5.73.0-canary.v20250715190057.min.js.gz
- clerk-js/5.73.0-canary.v20250715190057/signin_clerk.chips.browser_5550bf_5.73.0-canary.v20250715190057.min.js.sri
- clerk-js/5.73.0-canary.v20250715190057/signin_clerk.legacy.browser_91e720_5.73.0-canary.v20250715190057.js.br
- clerk-js/5.73.0-canary.v20250715190057/signin_clerk.legacy.browser_91e720_5.73.0-canary.v20250715190057.js.gz
- clerk-js/5.73.0-canary.v20250715190057/signin_clerk.legacy.browser_91e720_5.73.0-canary.v20250715190057.js.sri
- clerk-js/5.73.0-canary.v20250715190057/signin_clerk.legacy.browser_91e720_5.73.0-canary.v20250715190057.min.js.br
- clerk-js/5.73.0-canary.v20250715190057/signin_clerk.legacy.browser_91e720_5.73.0-canary.v20250715190057.min.js.gz
- clerk-js/5.73.0-canary.v20250715190057/signin_clerk.legacy.browser_91e720_5.73.0-canary.v20250715190057.min.js.sri
- clerk-js/5.73.0-canary.v20250715190057/signup_clerk.browser_f3c59e_5.73.0-canary.v20250715190057.js.br
- clerk-js/5.73.0-canary.v20250715190057/signup_clerk.browser_f3c59e_5.73.0-canary.v20250715190057.js.gz
- clerk-js/5.73.0-canary.v20250715190057/signup_clerk.browser_f3c59e_5.73.0-canary.v20250715190057.js.sri
- clerk-js/5.73.0-canary.v20250715190057/signup_clerk.browser_f3c59e_5.73.0-canary.v20250715190057.min.js.br
- clerk-js/5.73.0-canary.v20250715190057/signup_clerk.browser_f3c59e_5.73.0-canary.v20250715190057.min.js.gz
- clerk-js/5.73.0-canary.v20250715190057/signup_clerk.browser_f3c59e_5.73.0-canary.v20250715190057.min.js.sri
- clerk-js/5.73.0-canary.v20250715190057/signup_clerk.chips.browser_5550bf_5.73.0-canary.v20250715190057.js.br
- clerk-js/5.73.0-canary.v20250715190057/signup_clerk.chips.browser_5550bf_5.73.0-canary.v20250715190057.js.gz
- clerk-js/5.73.0-canary.v20250715190057/signup_clerk.chips.browser_5550bf_5.73.0-canary.v20250715190057.js.sri
- clerk-js/5.73.0-canary.v20250715190057/signup_clerk.chips.browser_5550bf_5.73.0-canary.v20250715190057.min.js.br
- clerk-js/5.73.0-canary.v20250715190057/signup_clerk.chips.browser_5550bf_5.73.0-canary.v20250715190057.min.js.gz
- clerk-js/5.73.0-canary.v20250715190057/signup_clerk.chips.browser_5550bf_5.73.0-canary.v20250715190057.min.js.sri
- clerk-js/5.73.0-canary.v20250715190057/signup_clerk.legacy.browser_91e720_5.73.0-canary.v20250715190057.js.br
- clerk-js/5.73.0-canary.v20250715190057/signup_clerk.legacy.browser_91e720_5.73.0-canary.v20250715190057.js.gz
- clerk-js/5.73.0-canary.v20250715190057/signup_clerk.legacy.browser_91e720_5.73.0-canary.v20250715190057.js.sri
- clerk-js/5.73.0-canary.v20250715190057/signup_clerk.legacy.browser_91e720_5.73.0-canary.v20250715190057.min.js.br
- clerk-js/5.73.0-canary.v20250715190057/signup_clerk.legacy.browser_91e720_5.73.0-canary.v20250715190057.min.js.gz
- clerk-js/5.73.0-canary.v20250715190057/signup_clerk.legacy.browser_91e720_5.73.0-canary.v20250715190057.min.js.sri
- clerk-js/5.73.0-canary.v20250715190057/statement-page_clerk.browser_f3c59e_5.73.0-canary.v20250715190057.js.br
- clerk-js/5.73.0-canary.v20250715190057/statement-page_clerk.browser_f3c59e_5.73.0-canary.v20250715190057.js.gz
- clerk-js/5.73.0-canary.v20250715190057/statement-page_clerk.browser_f3c59e_5.73.0-canary.v20250715190057.js.sri
- clerk-js/5.73.0-canary.v20250715190057/statement-page_clerk.browser_f3c59e_5.73.0-canary.v20250715190057.min.js.br
- clerk-js/5.73.0-canary.v20250715190057/statement-page_clerk.browser_f3c59e_5.73.0-canary.v20250715190057.min.js.gz
- clerk-js/5.73.0-canary.v20250715190057/statement-page_clerk.browser_f3c59e_5.73.0-canary.v20250715190057.min.js.sri
- clerk-js/5.73.0-canary.v20250715190057/statement-page_clerk.chips.browser_5550bf_5.73.0-canary.v20250715190057.js.br
- clerk-js/5.73.0-canary.v20250715190057/statement-page_clerk.chips.browser_5550bf_5.73.0-canary.v20250715190057.js.gz
- clerk-js/5.73.0-canary.v20250715190057/statement-page_clerk.chips.browser_5550bf_5.73.0-canary.v20250715190057.js.sri
- clerk-js/5.73.0-canary.v20250715190057/statement-page_clerk.chips.browser_5550bf_5.73.0-canary.v20250715190057.min.js.br
- clerk-js/5.73.0-canary.v20250715190057/statement-page_clerk.chips.browser_5550bf_5.73.0-canary.v20250715190057.min.js.gz
- clerk-js/5.73.0-canary.v20250715190057/statement-page_clerk.chips.browser_5550bf_5.73.0-canary.v20250715190057.min.js.sri
- clerk-js/5.73.0-canary.v20250715190057/statement-page_clerk.legacy.browser_91e720_5.73.0-canary.v20250715190057.js.br
- clerk-js/5.73.0-canary.v20250715190057/statement-page_clerk.legacy.browser_91e720_5.73.0-canary.v20250715190057.js.gz
- clerk-js/5.73.0-canary.v20250715190057/statement-page_clerk.legacy.browser_91e720_5.73.0-canary.v20250715190057.js.sri
- clerk-js/5.73.0-canary.v20250715190057/statement-page_clerk.legacy.browser_91e720_5.73.0-canary.v20250715190057.min.js.br
- clerk-js/5.73.0-canary.v20250715190057/statement-page_clerk.legacy.browser_91e720_5.73.0-canary.v20250715190057.min.js.gz
- clerk-js/5.73.0-canary.v20250715190057/statement-page_clerk.legacy.browser_91e720_5.73.0-canary.v20250715190057.min.js.sri
- clerk-js/5.73.0-canary.v20250715190057/stripe-vendors_clerk.browser_f3c59e_5.73.0-canary.v20250715190057.js.br
- clerk-js/5.73.0-canary.v20250715190057/stripe-vendors_clerk.browser_f3c59e_5.73.0-canary.v20250715190057.js.gz
- clerk-js/5.73.0-canary.v20250715190057/stripe-vendors_clerk.browser_f3c59e_5.73.0-canary.v20250715190057.js.sri
- clerk-js/5.73.0-canary.v20250715190057/stripe-vendors_clerk.browser_f3c59e_5.73.0-canary.v20250715190057.min.js.br
- clerk-js/5.73.0-canary.v20250715190057/stripe-vendors_clerk.browser_f3c59e_5.73.0-canary.v20250715190057.min.js.gz
- clerk-js/5.73.0-canary.v20250715190057/stripe-vendors_clerk.browser_f3c59e_5.73.0-canary.v20250715190057.min.js.sri
- clerk-js/5.73.0-canary.v20250715190057/stripe-vendors_clerk.chips.browser_5550bf_5.73.0-canary.v20250715190057.js.br
- clerk-js/5.73.0-canary.v20250715190057/stripe-vendors_clerk.chips.browser_5550bf_5.73.0-canary.v20250715190057.js.gz
- clerk-js/5.73.0-canary.v20250715190057/stripe-vendors_clerk.chips.browser_5550bf_5.73.0-canary.v20250715190057.js.sri
- clerk-js/5.73.0-canary.v20250715190057/stripe-vendors_clerk.chips.browser_5550bf_5.73.0-canary.v20250715190057.min.js.br
- clerk-js/5.73.0-canary.v20250715190057/stripe-vendors_clerk.chips.browser_5550bf_5.73.0-canary.v20250715190057.min.js.gz
- clerk-js/5.73.0-canary.v20250715190057/stripe-vendors_clerk.chips.browser_5550bf_5.73.0-canary.v20250715190057.min.js.sri
- clerk-js/5.73.0-canary.v20250715190057/stripe-vendors_clerk.headless.browser_f55fde_5.73.0-canary.v20250715190057.js.br
- clerk-js/5.73.0-canary.v20250715190057/stripe-vendors_clerk.headless.browser_f55fde_5.73.0-canary.v20250715190057.js.gz
- clerk-js/5.73.0-canary.v20250715190057/stripe-vendors_clerk.headless.browser_f55fde_5.73.0-canary.v20250715190057.js.sri
- clerk-js/5.73.0-canary.v20250715190057/stripe-vendors_clerk.headless.browser_f55fde_5.73.0-canary.v20250715190057.min.js.br
- clerk-js/5.73.0-canary.v20250715190057/stripe-vendors_clerk.headless.browser_f55fde_5.73.0-canary.v20250715190057.min.js.gz
- clerk-js/5.73.0-canary.v20250715190057/stripe-vendors_clerk.headless.browser_f55fde_5.73.0-canary.v20250715190057.min.js.sri
- clerk-js/5.73.0-canary.v20250715190057/stripe-vendors_clerk.legacy.browser_91e720_5.73.0-canary.v20250715190057.js.br
- clerk-js/5.73.0-canary.v20250715190057/stripe-vendors_clerk.legacy.browser_91e720_5.73.0-canary.v20250715190057.js.gz
- clerk-js/5.73.0-canary.v20250715190057/stripe-vendors_clerk.legacy.browser_91e720_5.73.0-canary.v20250715190057.js.sri
- clerk-js/5.73.0-canary.v20250715190057/stripe-vendors_clerk.legacy.browser_91e720_5.73.0-canary.v20250715190057.min.js.br
- clerk-js/5.73.0-canary.v20250715190057/stripe-vendors_clerk.legacy.browser_91e720_5.73.0-canary.v20250715190057.min.js.gz
- clerk-js/5.73.0-canary.v20250715190057/stripe-vendors_clerk.legacy.browser_91e720_5.73.0-canary.v20250715190057.min.js.sri
- clerk-js/5.73.0-canary.v20250715190057/subscriptionDetails_clerk.browser_f3c59e_5.73.0-canary.v20250715190057.js.br
- clerk-js/5.73.0-canary.v20250715190057/subscriptionDetails_clerk.browser_f3c59e_5.73.0-canary.v20250715190057.js.gz
- clerk-js/5.73.0-canary.v20250715190057/subscriptionDetails_clerk.browser_f3c59e_5.73.0-canary.v20250715190057.js.sri
- clerk-js/5.73.0-canary.v20250715190057/subscriptionDetails_clerk.browser_f3c59e_5.73.0-canary.v20250715190057.min.js.br
- clerk-js/5.73.0-canary.v20250715190057/subscriptionDetails_clerk.browser_f3c59e_5.73.0-canary.v20250715190057.min.js.gz
- clerk-js/5.73.0-canary.v20250715190057/subscriptionDetails_clerk.browser_f3c59e_5.73.0-canary.v20250715190057.min.js.sri
- clerk-js/5.73.0-canary.v20250715190057/subscriptionDetails_clerk.chips.browser_5550bf_5.73.0-canary.v20250715190057.js.br
- clerk-js/5.73.0-canary.v20250715190057/subscriptionDetails_clerk.chips.browser_5550bf_5.73.0-canary.v20250715190057.js.gz
- clerk-js/5.73.0-canary.v20250715190057/subscriptionDetails_clerk.chips.browser_5550bf_5.73.0-canary.v20250715190057.js.sri
- clerk-js/5.73.0-canary.v20250715190057/subscriptionDetails_clerk.chips.browser_5550bf_5.73.0-canary.v20250715190057.min.js.br
- clerk-js/5.73.0-canary.v20250715190057/subscriptionDetails_clerk.chips.browser_5550bf_5.73.0-canary.v20250715190057.min.js.gz
- clerk-js/5.73.0-canary.v20250715190057/subscriptionDetails_clerk.chips.browser_5550bf_5.73.0-canary.v20250715190057.min.js.sri
- clerk-js/5.73.0-canary.v20250715190057/subscriptionDetails_clerk.legacy.browser_91e720_5.73.0-canary.v20250715190057.js.br
- clerk-js/5.73.0-canary.v20250715190057/subscriptionDetails_clerk.legacy.browser_91e720_5.73.0-canary.v20250715190057.js.gz
- clerk-js/5.73.0-canary.v20250715190057/subscriptionDetails_clerk.legacy.browser_91e720_5.73.0-canary.v20250715190057.js.sri
- clerk-js/5.73.0-canary.v20250715190057/subscriptionDetails_clerk.legacy.browser_91e720_5.73.0-canary.v20250715190057.min.js.br
- clerk-js/5.73.0-canary.v20250715190057/subscriptionDetails_clerk.legacy.browser_91e720_5.73.0-canary.v20250715190057.min.js.gz
- clerk-js/5.73.0-canary.v20250715190057/subscriptionDetails_clerk.legacy.browser_91e720_5.73.0-canary.v20250715190057.min.js.sri
- clerk-js/5.73.0-canary.v20250715190057/ui-common_clerk.browser_f3c59e_5.73.0-canary.v20250715190057.js.br
- clerk-js/5.73.0-canary.v20250715190057/ui-common_clerk.browser_f3c59e_5.73.0-canary.v20250715190057.js.gz
- clerk-js/5.73.0-canary.v20250715190057/ui-common_clerk.browser_f3c59e_5.73.0-canary.v20250715190057.js.sri
- clerk-js/5.73.0-canary.v20250715190057/ui-common_clerk.browser_f3c59e_5.73.0-canary.v20250715190057.min.js.br
- clerk-js/5.73.0-canary.v20250715190057/ui-common_clerk.browser_f3c59e_5.73.0-canary.v20250715190057.min.js.gz
- clerk-js/5.73.0-canary.v20250715190057/ui-common_clerk.browser_f3c59e_5.73.0-canary.v20250715190057.min.js.sri
- clerk-js/5.73.0-canary.v20250715190057/ui-common_clerk.chips.browser_5550bf_5.73.0-canary.v20250715190057.js.br
- clerk-js/5.73.0-canary.v20250715190057/ui-common_clerk.chips.browser_5550bf_5.73.0-canary.v20250715190057.js.gz
- clerk-js/5.73.0-canary.v20250715190057/ui-common_clerk.chips.browser_5550bf_5.73.0-canary.v20250715190057.js.sri
- clerk-js/5.73.0-canary.v20250715190057/ui-common_clerk.chips.browser_5550bf_5.73.0-canary.v20250715190057.min.js.br
- clerk-js/5.73.0-canary.v20250715190057/ui-common_clerk.chips.browser_5550bf_5.73.0-canary.v20250715190057.min.js.gz
- clerk-js/5.73.0-canary.v20250715190057/ui-common_clerk.chips.browser_5550bf_5.73.0-canary.v20250715190057.min.js.sri
- clerk-js/5.73.0-canary.v20250715190057/ui-common_clerk.legacy.browser_91e720_5.73.0-canary.v20250715190057.js.br
- clerk-js/5.73.0-canary.v20250715190057/ui-common_clerk.legacy.browser_91e720_5.73.0-canary.v20250715190057.js.gz
- clerk-js/5.73.0-canary.v20250715190057/ui-common_clerk.legacy.browser_91e720_5.73.0-canary.v20250715190057.js.sri
- clerk-js/5.73.0-canary.v20250715190057/ui-common_clerk.legacy.browser_91e720_5.73.0-canary.v20250715190057.min.js.br
- clerk-js/5.73.0-canary.v20250715190057/ui-common_clerk.legacy.browser_91e720_5.73.0-canary.v20250715190057.min.js.gz
- clerk-js/5.73.0-canary.v20250715190057/ui-common_clerk.legacy.browser_91e720_5.73.0-canary.v20250715190057.min.js.sri
- clerk-js/5.73.0-canary.v20250715190057/up-api-keys-page_clerk.browser_f3c59e_5.73.0-canary.v20250715190057.js.br
- clerk-js/5.73.0-canary.v20250715190057/up-api-keys-page_clerk.browser_f3c59e_5.73.0-canary.v20250715190057.js.gz
- clerk-js/5.73.0-canary.v20250715190057/up-api-keys-page_clerk.browser_f3c59e_5.73.0-canary.v20250715190057.js.sri
- clerk-js/5.73.0-canary.v20250715190057/up-api-keys-page_clerk.browser_f3c59e_5.73.0-canary.v20250715190057.min.js.br
- clerk-js/5.73.0-canary.v20250715190057/up-api-keys-page_clerk.browser_f3c59e_5.73.0-canary.v20250715190057.min.js.gz
- clerk-js/5.73.0-canary.v20250715190057/up-api-keys-page_clerk.browser_f3c59e_5.73.0-canary.v20250715190057.min.js.sri
- clerk-js/5.73.0-canary.v20250715190057/up-api-keys-page_clerk.chips.browser_5550bf_5.73.0-canary.v20250715190057.js.br
- clerk-js/5.73.0-canary.v20250715190057/up-api-keys-page_clerk.chips.browser_5550bf_5.73.0-canary.v20250715190057.js.gz
- clerk-js/5.73.0-canary.v20250715190057/up-api-keys-page_clerk.chips.browser_5550bf_5.73.0-canary.v20250715190057.js.sri
- clerk-js/5.73.0-canary.v20250715190057/up-api-keys-page_clerk.chips.browser_5550bf_5.73.0-canary.v20250715190057.min.js.br
- clerk-js/5.73.0-canary.v20250715190057/up-api-keys-page_clerk.chips.browser_5550bf_5.73.0-canary.v20250715190057.min.js.gz
- clerk-js/5.73.0-canary.v20250715190057/up-api-keys-page_clerk.chips.browser_5550bf_5.73.0-canary.v20250715190057.min.js.sri
- clerk-js/5.73.0-canary.v20250715190057/up-api-keys-page_clerk.legacy.browser_91e720_5.73.0-canary.v20250715190057.js.br
- clerk-js/5.73.0-canary.v20250715190057/up-api-keys-page_clerk.legacy.browser_91e720_5.73.0-canary.v20250715190057.js.gz
- clerk-js/5.73.0-canary.v20250715190057/up-api-keys-page_clerk.legacy.browser_91e720_5.73.0-canary.v20250715190057.js.sri
- clerk-js/5.73.0-canary.v20250715190057/up-api-keys-page_clerk.legacy.browser_91e720_5.73.0-canary.v20250715190057.min.js.br
- clerk-js/5.73.0-canary.v20250715190057/up-api-keys-page_clerk.legacy.browser_91e720_5.73.0-canary.v20250715190057.min.js.gz
- clerk-js/5.73.0-canary.v20250715190057/up-api-keys-page_clerk.legacy.browser_91e720_5.73.0-canary.v20250715190057.min.js.sri
- clerk-js/5.73.0-canary.v20250715190057/up-billing-page_clerk.browser_f3c59e_5.73.0-canary.v20250715190057.js.br
- clerk-js/5.73.0-canary.v20250715190057/up-billing-page_clerk.browser_f3c59e_5.73.0-canary.v20250715190057.js.gz
- clerk-js/5.73.0-canary.v20250715190057/up-billing-page_clerk.browser_f3c59e_5.73.0-canary.v20250715190057.js.sri
- clerk-js/5.73.0-canary.v20250715190057/up-billing-page_clerk.browser_f3c59e_5.73.0-canary.v20250715190057.min.js.br
- clerk-js/5.73.0-canary.v20250715190057/up-billing-page_clerk.browser_f3c59e_5.73.0-canary.v20250715190057.min.js.gz
- clerk-js/5.73.0-canary.v20250715190057/up-billing-page_clerk.browser_f3c59e_5.73.0-canary.v20250715190057.min.js.sri
- clerk-js/5.73.0-canary.v20250715190057/up-billing-page_clerk.chips.browser_5550bf_5.73.0-canary.v20250715190057.js.br
- clerk-js/5.73.0-canary.v20250715190057/up-billing-page_clerk.chips.browser_5550bf_5.73.0-canary.v20250715190057.js.gz
- clerk-js/5.73.0-canary.v20250715190057/up-billing-page_clerk.chips.browser_5550bf_5.73.0-canary.v20250715190057.js.sri
- clerk-js/5.73.0-canary.v20250715190057/up-billing-page_clerk.chips.browser_5550bf_5.73.0-canary.v20250715190057.min.js.br
- clerk-js/5.73.0-canary.v20250715190057/up-billing-page_clerk.chips.browser_5550bf_5.73.0-canary.v20250715190057.min.js.gz
- clerk-js/5.73.0-canary.v20250715190057/up-billing-page_clerk.chips.browser_5550bf_5.73.0-canary.v20250715190057.min.js.sri
- clerk-js/5.73.0-canary.v20250715190057/up-billing-page_clerk.legacy.browser_91e720_5.73.0-canary.v20250715190057.js.br
- clerk-js/5.73.0-canary.v20250715190057/up-billing-page_clerk.legacy.browser_91e720_5.73.0-canary.v20250715190057.js.gz
- clerk-js/5.73.0-canary.v20250715190057/up-billing-page_clerk.legacy.browser_91e720_5.73.0-canary.v20250715190057.js.sri
- clerk-js/5.73.0-canary.v20250715190057/up-billing-page_clerk.legacy.browser_91e720_5.73.0-canary.v20250715190057.min.js.br
- clerk-js/5.73.0-canary.v20250715190057/up-billing-page_clerk.legacy.browser_91e720_5.73.0-canary.v20250715190057.min.js.gz
- clerk-js/5.73.0-canary.v20250715190057/up-billing-page_clerk.legacy.browser_91e720_5.73.0-canary.v20250715190057.min.js.sri
- clerk-js/5.73.0-canary.v20250715190057/up-plans-page_clerk.browser_f3c59e_5.73.0-canary.v20250715190057.js.br
- clerk-js/5.73.0-canary.v20250715190057/up-plans-page_clerk.browser_f3c59e_5.73.0-canary.v20250715190057.js.gz
- clerk-js/5.73.0-canary.v20250715190057/up-plans-page_clerk.browser_f3c59e_5.73.0-canary.v20250715190057.js.sri
- clerk-js/5.73.0-canary.v20250715190057/up-plans-page_clerk.browser_f3c59e_5.73.0-canary.v20250715190057.min.js.br
- clerk-js/5.73.0-canary.v20250715190057/up-plans-page_clerk.browser_f3c59e_5.73.0-canary.v20250715190057.min.js.gz
- clerk-js/5.73.0-canary.v20250715190057/up-plans-page_clerk.browser_f3c59e_5.73.0-canary.v20250715190057.min.js.sri
- clerk-js/5.73.0-canary.v20250715190057/up-plans-page_clerk.chips.browser_5550bf_5.73.0-canary.v20250715190057.js.br
- clerk-js/5.73.0-canary.v20250715190057/up-plans-page_clerk.chips.browser_5550bf_5.73.0-canary.v20250715190057.js.gz
- clerk-js/5.73.0-canary.v20250715190057/up-plans-page_clerk.chips.browser_5550bf_5.73.0-canary.v20250715190057.js.sri
- clerk-js/5.73.0-canary.v20250715190057/up-plans-page_clerk.chips.browser_5550bf_5.73.0-canary.v20250715190057.min.js.br
- clerk-js/5.73.0-canary.v20250715190057/up-plans-page_clerk.chips.browser_5550bf_5.73.0-canary.v20250715190057.min.js.gz
- clerk-js/5.73.0-canary.v20250715190057/up-plans-page_clerk.chips.browser_5550bf_5.73.0-canary.v20250715190057.min.js.sri
- clerk-js/5.73.0-canary.v20250715190057/up-plans-page_clerk.legacy.browser_91e720_5.73.0-canary.v20250715190057.js.br
- clerk-js/5.73.0-canary.v20250715190057/up-plans-page_clerk.legacy.browser_91e720_5.73.0-canary.v20250715190057.js.gz
- clerk-js/5.73.0-canary.v20250715190057/up-plans-page_clerk.legacy.browser_91e720_5.73.0-canary.v20250715190057.js.sri
- clerk-js/5.73.0-canary.v20250715190057/up-plans-page_clerk.legacy.browser_91e720_5.73.0-canary.v20250715190057.min.js.br
- clerk-js/5.73.0-canary.v20250715190057/up-plans-page_clerk.legacy.browser_91e720_5.73.0-canary.v20250715190057.min.js.gz
- clerk-js/5.73.0-canary.v20250715190057/up-plans-page_clerk.legacy.browser_91e720_5.73.0-canary.v20250715190057.min.js.sri
- clerk-js/5.73.0-canary.v20250715190057/userbutton_clerk.browser_f3c59e_5.73.0-canary.v20250715190057.js.br
- clerk-js/5.73.0-canary.v20250715190057/userbutton_clerk.browser_f3c59e_5.73.0-canary.v20250715190057.js.gz
- clerk-js/5.73.0-canary.v20250715190057/userbutton_clerk.browser_f3c59e_5.73.0-canary.v20250715190057.js.sri
- clerk-js/5.73.0-canary.v20250715190057/userbutton_clerk.browser_f3c59e_5.73.0-canary.v20250715190057.min.js.br
- clerk-js/5.73.0-canary.v20250715190057/userbutton_clerk.browser_f3c59e_5.73.0-canary.v20250715190057.min.js.gz
- clerk-js/5.73.0-canary.v20250715190057/userbutton_clerk.browser_f3c59e_5.73.0-canary.v20250715190057.min.js.sri
- clerk-js/5.73.0-canary.v20250715190057/userbutton_clerk.chips.browser_5550bf_5.73.0-canary.v20250715190057.js.br
- clerk-js/5.73.0-canary.v20250715190057/userbutton_clerk.chips.browser_5550bf_5.73.0-canary.v20250715190057.js.gz
- clerk-js/5.73.0-canary.v20250715190057/userbutton_clerk.chips.browser_5550bf_5.73.0-canary.v20250715190057.js.sri
- clerk-js/5.73.0-canary.v20250715190057/userbutton_clerk.chips.browser_5550bf_5.73.0-canary.v20250715190057.min.js.br
- clerk-js/5.73.0-canary.v20250715190057/userbutton_clerk.chips.browser_5550bf_5.73.0-canary.v20250715190057.min.js.gz
- clerk-js/5.73.0-canary.v20250715190057/userbutton_clerk.chips.browser_5550bf_5.73.0-canary.v20250715190057.min.js.sri
- clerk-js/5.73.0-canary.v20250715190057/userbutton_clerk.legacy.browser_91e720_5.73.0-canary.v20250715190057.js.br
- clerk-js/5.73.0-canary.v20250715190057/userbutton_clerk.legacy.browser_91e720_5.73.0-canary.v20250715190057.js.gz
- clerk-js/5.73.0-canary.v20250715190057/userbutton_clerk.legacy.browser_91e720_5.73.0-canary.v20250715190057.js.sri
- clerk-js/5.73.0-canary.v20250715190057/userbutton_clerk.legacy.browser_91e720_5.73.0-canary.v20250715190057.min.js.br
- clerk-js/5.73.0-canary.v20250715190057/userbutton_clerk.legacy.browser_91e720_5.73.0-canary.v20250715190057.min.js.gz
- clerk-js/5.73.0-canary.v20250715190057/userbutton_clerk.legacy.browser_91e720_5.73.0-canary.v20250715190057.min.js.sri
- clerk-js/5.73.0-canary.v20250715190057/userprofile_clerk.browser_f3c59e_5.73.0-canary.v20250715190057.js.br
- clerk-js/5.73.0-canary.v20250715190057/userprofile_clerk.browser_f3c59e_5.73.0-canary.v20250715190057.js.gz
- clerk-js/5.73.0-canary.v20250715190057/userprofile_clerk.browser_f3c59e_5.73.0-canary.v20250715190057.js.sri
- clerk-js/5.73.0-canary.v20250715190057/userprofile_clerk.browser_f3c59e_5.73.0-canary.v20250715190057.min.js.br
- clerk-js/5.73.0-canary.v20250715190057/userprofile_clerk.browser_f3c59e_5.73.0-canary.v20250715190057.min.js.gz
- clerk-js/5.73.0-canary.v20250715190057/userprofile_clerk.browser_f3c59e_5.73.0-canary.v20250715190057.min.js.sri
- clerk-js/5.73.0-canary.v20250715190057/userprofile_clerk.chips.browser_5550bf_5.73.0-canary.v20250715190057.js.br
- clerk-js/5.73.0-canary.v20250715190057/userprofile_clerk.chips.browser_5550bf_5.73.0-canary.v20250715190057.js.gz
- clerk-js/5.73.0-canary.v20250715190057/userprofile_clerk.chips.browser_5550bf_5.73.0-canary.v20250715190057.js.sri
- clerk-js/5.73.0-canary.v20250715190057/userprofile_clerk.chips.browser_5550bf_5.73.0-canary.v20250715190057.min.js.br
- clerk-js/5.73.0-canary.v20250715190057/userprofile_clerk.chips.browser_5550bf_5.73.0-canary.v20250715190057.min.js.gz
- clerk-js/5.73.0-canary.v20250715190057/userprofile_clerk.chips.browser_5550bf_5.73.0-canary.v20250715190057.min.js.sri
- clerk-js/5.73.0-canary.v20250715190057/userprofile_clerk.legacy.browser_91e720_5.73.0-canary.v20250715190057.js.br
- clerk-js/5.73.0-canary.v20250715190057/userprofile_clerk.legacy.browser_91e720_5.73.0-canary.v20250715190057.js.gz
- clerk-js/5.73.0-canary.v20250715190057/userprofile_clerk.legacy.browser_91e720_5.73.0-canary.v20250715190057.js.sri
- clerk-js/5.73.0-canary.v20250715190057/userprofile_clerk.legacy.browser_91e720_5.73.0-canary.v20250715190057.min.js.br
- clerk-js/5.73.0-canary.v20250715190057/userprofile_clerk.legacy.browser_91e720_5.73.0-canary.v20250715190057.min.js.gz
- clerk-js/5.73.0-canary.v20250715190057/userprofile_clerk.legacy.browser_91e720_5.73.0-canary.v20250715190057.min.js.sri
- clerk-js/5.73.0-canary.v20250715190057/userverification_clerk.browser_f3c59e_5.73.0-canary.v20250715190057.js.br
- clerk-js/5.73.0-canary.v20250715190057/userverification_clerk.browser_f3c59e_5.73.0-canary.v20250715190057.js.gz
- clerk-js/5.73.0-canary.v20250715190057/userverification_clerk.browser_f3c59e_5.73.0-canary.v20250715190057.js.sri
- clerk-js/5.73.0-canary.v20250715190057/userverification_clerk.browser_f3c59e_5.73.0-canary.v20250715190057.min.js.br
- clerk-js/5.73.0-canary.v20250715190057/userverification_clerk.browser_f3c59e_5.73.0-canary.v20250715190057.min.js.gz
- clerk-js/5.73.0-canary.v20250715190057/userverification_clerk.browser_f3c59e_5.73.0-canary.v20250715190057.min.js.sri
- clerk-js/5.73.0-canary.v20250715190057/userverification_clerk.chips.browser_5550bf_5.73.0-canary.v20250715190057.js.br
- clerk-js/5.73.0-canary.v20250715190057/userverification_clerk.chips.browser_5550bf_5.73.0-canary.v20250715190057.js.gz
- clerk-js/5.73.0-canary.v20250715190057/userverification_clerk.chips.browser_5550bf_5.73.0-canary.v20250715190057.js.sri
- clerk-js/5.73.0-canary.v20250715190057/userverification_clerk.chips.browser_5550bf_5.73.0-canary.v20250715190057.min.js.br
- clerk-js/5.73.0-canary.v20250715190057/userverification_clerk.chips.browser_5550bf_5.73.0-canary.v20250715190057.min.js.gz
- clerk-js/5.73.0-canary.v20250715190057/userverification_clerk.chips.browser_5550bf_5.73.0-canary.v20250715190057.min.js.sri
- clerk-js/5.73.0-canary.v20250715190057/userverification_clerk.legacy.browser_91e720_5.73.0-canary.v20250715190057.js.br
- clerk-js/5.73.0-canary.v20250715190057/userverification_clerk.legacy.browser_91e720_5.73.0-canary.v20250715190057.js.gz
- clerk-js/5.73.0-canary.v20250715190057/userverification_clerk.legacy.browser_91e720_5.73.0-canary.v20250715190057.js.sri
- clerk-js/5.73.0-canary.v20250715190057/userverification_clerk.legacy.browser_91e720_5.73.0-canary.v20250715190057.min.js.br
- clerk-js/5.73.0-canary.v20250715190057/userverification_clerk.legacy.browser_91e720_5.73.0-canary.v20250715190057.min.js.gz
- clerk-js/5.73.0-canary.v20250715190057/userverification_clerk.legacy.browser_91e720_5.73.0-canary.v20250715190057.min.js.sri
- clerk-js/5.73.0-canary.v20250715190057/vendors_clerk.browser_f3c59e_5.73.0-canary.v20250715190057.js.br
- clerk-js/5.73.0-canary.v20250715190057/vendors_clerk.browser_f3c59e_5.73.0-canary.v20250715190057.js.gz
- clerk-js/5.73.0-canary.v20250715190057/vendors_clerk.browser_f3c59e_5.73.0-canary.v20250715190057.js.sri
- clerk-js/5.73.0-canary.v20250715190057/vendors_clerk.browser_f3c59e_5.73.0-canary.v20250715190057.min.js.br
- clerk-js/5.73.0-canary.v20250715190057/vendors_clerk.browser_f3c59e_5.73.0-canary.v20250715190057.min.js.gz
- clerk-js/5.73.0-canary.v20250715190057/vendors_clerk.browser_f3c59e_5.73.0-canary.v20250715190057.min.js.sri
- clerk-js/5.73.0-canary.v20250715190057/vendors_clerk.chips.browser_5550bf_5.73.0-canary.v20250715190057.js.br
- clerk-js/5.73.0-canary.v20250715190057/vendors_clerk.chips.browser_5550bf_5.73.0-canary.v20250715190057.js.gz
- clerk-js/5.73.0-canary.v20250715190057/vendors_clerk.chips.browser_5550bf_5.73.0-canary.v20250715190057.js.sri
- clerk-js/5.73.0-canary.v20250715190057/vendors_clerk.chips.browser_5550bf_5.73.0-canary.v20250715190057.min.js.br
- clerk-js/5.73.0-canary.v20250715190057/vendors_clerk.chips.browser_5550bf_5.73.0-canary.v20250715190057.min.js.gz
- clerk-js/5.73.0-canary.v20250715190057/vendors_clerk.chips.browser_5550bf_5.73.0-canary.v20250715190057.min.js.sri
- clerk-js/5.73.0-canary.v20250715190057/vendors_clerk.headless.browser_f55fde_5.73.0-canary.v20250715190057.js.br
- clerk-js/5.73.0-canary.v20250715190057/vendors_clerk.headless.browser_f55fde_5.73.0-canary.v20250715190057.js.gz
- clerk-js/5.73.0-canary.v20250715190057/vendors_clerk.headless.browser_f55fde_5.73.0-canary.v20250715190057.js.sri
- clerk-js/5.73.0-canary.v20250715190057/vendors_clerk.headless.browser_f55fde_5.73.0-canary.v20250715190057.min.js.br
- clerk-js/5.73.0-canary.v20250715190057/vendors_clerk.headless.browser_f55fde_5.73.0-canary.v20250715190057.min.js.gz
- clerk-js/5.73.0-canary.v20250715190057/vendors_clerk.headless.browser_f55fde_5.73.0-canary.v20250715190057.min.js.sri
- clerk-js/5.73.0-canary.v20250715190057/vendors_clerk.legacy.browser_91e720_5.73.0-canary.v20250715190057.js.br
- clerk-js/5.73.0-canary.v20250715190057/vendors_clerk.legacy.browser_91e720_5.73.0-canary.v20250715190057.js.gz
- clerk-js/5.73.0-canary.v20250715190057/vendors_clerk.legacy.browser_91e720_5.73.0-canary.v20250715190057.js.sri
- clerk-js/5.73.0-canary.v20250715190057/vendors_clerk.legacy.browser_91e720_5.73.0-canary.v20250715190057.min.js.br
- clerk-js/5.73.0-canary.v20250715190057/vendors_clerk.legacy.browser_91e720_5.73.0-canary.v20250715190057.min.js.gz
- clerk-js/5.73.0-canary.v20250715190057/vendors_clerk.legacy.browser_91e720_5.73.0-canary.v20250715190057.min.js.sri
- clerk-js/5.73.0-canary.v20250715190057/waitlist_clerk.browser_f3c59e_5.73.0-canary.v20250715190057.js.br
- clerk-js/5.73.0-canary.v20250715190057/waitlist_clerk.browser_f3c59e_5.73.0-canary.v20250715190057.js.gz
- clerk-js/5.73.0-canary.v20250715190057/waitlist_clerk.browser_f3c59e_5.73.0-canary.v20250715190057.js.sri
- clerk-js/5.73.0-canary.v20250715190057/waitlist_clerk.browser_f3c59e_5.73.0-canary.v20250715190057.min.js.br
- clerk-js/5.73.0-canary.v20250715190057/waitlist_clerk.browser_f3c59e_5.73.0-canary.v20250715190057.min.js.gz
- clerk-js/5.73.0-canary.v20250715190057/waitlist_clerk.browser_f3c59e_5.73.0-canary.v20250715190057.min.js.sri
- clerk-js/5.73.0-canary.v20250715190057/waitlist_clerk.chips.browser_5550bf_5.73.0-canary.v20250715190057.js.br
- clerk-js/5.73.0-canary.v20250715190057/waitlist_clerk.chips.browser_5550bf_5.73.0-canary.v20250715190057.js.gz
- clerk-js/5.73.0-canary.v20250715190057/waitlist_clerk.chips.browser_5550bf_5.73.0-canary.v20250715190057.js.sri
- clerk-js/5.73.0-canary.v20250715190057/waitlist_clerk.chips.browser_5550bf_5.73.0-canary.v20250715190057.min.js.br
- clerk-js/5.73.0-canary.v20250715190057/waitlist_clerk.chips.browser_5550bf_5.73.0-canary.v20250715190057.min.js.gz
- clerk-js/5.73.0-canary.v20250715190057/waitlist_clerk.chips.browser_5550bf_5.73.0-canary.v20250715190057.min.js.sri
- clerk-js/5.73.0-canary.v20250715190057/waitlist_clerk.legacy.browser_91e720_5.73.0-canary.v20250715190057.js.br
- clerk-js/5.73.0-canary.v20250715190057/waitlist_clerk.legacy.browser_91e720_5.73.0-canary.v20250715190057.js.gz
- clerk-js/5.73.0-canary.v20250715190057/waitlist_clerk.legacy.browser_91e720_5.73.0-canary.v20250715190057.js.sri
- clerk-js/5.73.0-canary.v20250715190057/waitlist_clerk.legacy.browser_91e720_5.73.0-canary.v20250715190057.min.js.br
- clerk-js/5.73.0-canary.v20250715190057/waitlist_clerk.legacy.browser_91e720_5.73.0-canary.v20250715190057.min.js.gz
- clerk-js/5.73.0-canary.v20250715190057/waitlist_clerk.legacy.browser_91e720_5.73.0-canary.v20250715190057.min.js.sri
- clerk-js/5.73.0-canary.v20250715190057/zxcvbn-common_clerk.browser_f3c59e_5.73.0-canary.v20250715190057.js.br
- clerk-js/5.73.0-canary.v20250715190057/zxcvbn-common_clerk.browser_f3c59e_5.73.0-canary.v20250715190057.js.gz
- clerk-js/5.73.0-canary.v20250715190057/zxcvbn-common_clerk.browser_f3c59e_5.73.0-canary.v20250715190057.js.sri
- clerk-js/5.73.0-canary.v20250715190057/zxcvbn-common_clerk.browser_f3c59e_5.73.0-canary.v20250715190057.min.js.br
- clerk-js/5.73.0-canary.v20250715190057/zxcvbn-common_clerk.browser_f3c59e_5.73.0-canary.v20250715190057.min.js.gz
- clerk-js/5.73.0-canary.v20250715190057/zxcvbn-common_clerk.browser_f3c59e_5.73.0-canary.v20250715190057.min.js.sri
- clerk-js/5.73.0-canary.v20250715190057/zxcvbn-common_clerk.chips.browser_5550bf_5.73.0-canary.v20250715190057.js.br
- clerk-js/5.73.0-canary.v20250715190057/zxcvbn-common_clerk.chips.browser_5550bf_5.73.0-canary.v20250715190057.js.gz
- clerk-js/5.73.0-canary.v20250715190057/zxcvbn-common_clerk.chips.browser_5550bf_5.73.0-canary.v20250715190057.js.sri
- clerk-js/5.73.0-canary.v20250715190057/zxcvbn-common_clerk.chips.browser_5550bf_5.73.0-canary.v20250715190057.min.js.br
- clerk-js/5.73.0-canary.v20250715190057/zxcvbn-common_clerk.chips.browser_5550bf_5.73.0-canary.v20250715190057.min.js.gz
- clerk-js/5.73.0-canary.v20250715190057/zxcvbn-common_clerk.chips.browser_5550bf_5.73.0-canary.v20250715190057.min.js.sri
- clerk-js/5.73.0-canary.v20250715190057/zxcvbn-common_clerk.headless.browser_f55fde_5.73.0-canary.v20250715190057.js.br
- clerk-js/5.73.0-canary.v20250715190057/zxcvbn-common_clerk.headless.browser_f55fde_5.73.0-canary.v20250715190057.js.gz
- clerk-js/5.73.0-canary.v20250715190057/zxcvbn-common_clerk.headless.browser_f55fde_5.73.0-canary.v20250715190057.js.sri
- clerk-js/5.73.0-canary.v20250715190057/zxcvbn-common_clerk.headless.browser_f55fde_5.73.0-canary.v20250715190057.min.js.br
- clerk-js/5.73.0-canary.v20250715190057/zxcvbn-common_clerk.headless.browser_f55fde_5.73.0-canary.v20250715190057.min.js.gz
- clerk-js/5.73.0-canary.v20250715190057/zxcvbn-common_clerk.headless.browser_f55fde_5.73.0-canary.v20250715190057.min.js.sri
- clerk-js/5.73.0-canary.v20250715190057/zxcvbn-common_clerk.legacy.browser_91e720_5.73.0-canary.v20250715190057.js.br
- clerk-js/5.73.0-canary.v20250715190057/zxcvbn-common_clerk.legacy.browser_91e720_5.73.0-canary.v20250715190057.js.gz
- clerk-js/5.73.0-canary.v20250715190057/zxcvbn-common_clerk.legacy.browser_91e720_5.73.0-canary.v20250715190057.js.sri
- clerk-js/5.73.0-canary.v20250715190057/zxcvbn-common_clerk.legacy.browser_91e720_5.73.0-canary.v20250715190057.min.js.br
- clerk-js/5.73.0-canary.v20250715190057/zxcvbn-common_clerk.legacy.browser_91e720_5.73.0-canary.v20250715190057.min.js.gz
- clerk-js/5.73.0-canary.v20250715190057/zxcvbn-common_clerk.legacy.browser_91e720_5.73.0-canary.v20250715190057.min.js.sri
- clerk-js/5.73.0-canary.v20250715190057/zxcvbn-ts-core_clerk.browser_f3c59e_5.73.0-canary.v20250715190057.js.br
- clerk-js/5.73.0-canary.v20250715190057/zxcvbn-ts-core_clerk.browser_f3c59e_5.73.0-canary.v20250715190057.js.gz
- clerk-js/5.73.0-canary.v20250715190057/zxcvbn-ts-core_clerk.browser_f3c59e_5.73.0-canary.v20250715190057.js.sri
- clerk-js/5.73.0-canary.v20250715190057/zxcvbn-ts-core_clerk.browser_f3c59e_5.73.0-canary.v20250715190057.min.js.br
- clerk-js/5.73.0-canary.v20250715190057/zxcvbn-ts-core_clerk.browser_f3c59e_5.73.0-canary.v20250715190057.min.js.gz
- clerk-js/5.73.0-canary.v20250715190057/zxcvbn-ts-core_clerk.browser_f3c59e_5.73.0-canary.v20250715190057.min.js.sri
- clerk-js/5.73.0-canary.v20250715190057/zxcvbn-ts-core_clerk.chips.browser_5550bf_5.73.0-canary.v20250715190057.js.br
- clerk-js/5.73.0-canary.v20250715190057/zxcvbn-ts-core_clerk.chips.browser_5550bf_5.73.0-canary.v20250715190057.js.gz
- clerk-js/5.73.0-canary.v20250715190057/zxcvbn-ts-core_clerk.chips.browser_5550bf_5.73.0-canary.v20250715190057.js.sri
- clerk-js/5.73.0-canary.v20250715190057/zxcvbn-ts-core_clerk.chips.browser_5550bf_5.73.0-canary.v20250715190057.min.js.br
- clerk-js/5.73.0-canary.v20250715190057/zxcvbn-ts-core_clerk.chips.browser_5550bf_5.73.0-canary.v20250715190057.min.js.gz
- clerk-js/5.73.0-canary.v20250715190057/zxcvbn-ts-core_clerk.chips.browser_5550bf_5.73.0-canary.v20250715190057.min.js.sri
- clerk-js/5.73.0-canary.v20250715190057/zxcvbn-ts-core_clerk.headless.browser_f55fde_5.73.0-canary.v20250715190057.js.br
- clerk-js/5.73.0-canary.v20250715190057/zxcvbn-ts-core_clerk.headless.browser_f55fde_5.73.0-canary.v20250715190057.js.gz
- clerk-js/5.73.0-canary.v20250715190057/zxcvbn-ts-core_clerk.headless.browser_f55fde_5.73.0-canary.v20250715190057.js.sri
- clerk-js/5.73.0-canary.v20250715190057/zxcvbn-ts-core_clerk.headless.browser_f55fde_5.73.0-canary.v20250715190057.min.js.br
- clerk-js/5.73.0-canary.v20250715190057/zxcvbn-ts-core_clerk.headless.browser_f55fde_5.73.0-canary.v20250715190057.min.js.gz
- clerk-js/5.73.0-canary.v20250715190057/zxcvbn-ts-core_clerk.headless.browser_f55fde_5.73.0-canary.v20250715190057.min.js.sri
- clerk-js/5.73.0-canary.v20250715190057/zxcvbn-ts-core_clerk.legacy.browser_91e720_5.73.0-canary.v20250715190057.js.br
- clerk-js/5.73.0-canary.v20250715190057/zxcvbn-ts-core_clerk.legacy.browser_91e720_5.73.0-canary.v20250715190057.js.gz
- clerk-js/5.73.0-canary.v20250715190057/zxcvbn-ts-core_clerk.legacy.browser_91e720_5.73.0-canary.v20250715190057.js.sri
- clerk-js/5.73.0-canary.v20250715190057/zxcvbn-ts-core_clerk.legacy.browser_91e720_5.73.0-canary.v20250715190057.min.js.br
- clerk-js/5.73.0-canary.v20250715190057/zxcvbn-ts-core_clerk.legacy.browser_91e720_5.73.0-canary.v20250715190057.min.js.gz
- clerk-js/5.73.0-canary.v20250715190057/zxcvbn-ts-core_clerk.legacy.browser_91e720_5.73.0-canary.v20250715190057.min.js.sri
