Files:
- clerk-js/5.91.0-canary.v20250902140549/192_clerk.browser_982250_5.91.0-canary.v20250902140549.js.br
- clerk-js/5.91.0-canary.v20250902140549/192_clerk.browser_982250_5.91.0-canary.v20250902140549.js.gz
- clerk-js/5.91.0-canary.v20250902140549/192_clerk.browser_982250_5.91.0-canary.v20250902140549.js.sri
- clerk-js/5.91.0-canary.v20250902140549/192_clerk.browser_982250_5.91.0-canary.v20250902140549.min.js.br
- clerk-js/5.91.0-canary.v20250902140549/192_clerk.browser_982250_5.91.0-canary.v20250902140549.min.js.gz
- clerk-js/5.91.0-canary.v20250902140549/192_clerk.browser_982250_5.91.0-canary.v20250902140549.min.js.sri
- clerk-js/5.91.0-canary.v20250902140549/192_clerk.chips.browser_79b87f_5.91.0-canary.v20250902140549.js.br
- clerk-js/5.91.0-canary.v20250902140549/192_clerk.chips.browser_79b87f_5.91.0-canary.v20250902140549.js.gz
- clerk-js/5.91.0-canary.v20250902140549/192_clerk.chips.browser_79b87f_5.91.0-canary.v20250902140549.js.sri
- clerk-js/5.91.0-canary.v20250902140549/192_clerk.chips.browser_79b87f_5.91.0-canary.v20250902140549.min.js.br
- clerk-js/5.91.0-canary.v20250902140549/192_clerk.chips.browser_79b87f_5.91.0-canary.v20250902140549.min.js.gz
- clerk-js/5.91.0-canary.v20250902140549/192_clerk.chips.browser_79b87f_5.91.0-canary.v20250902140549.min.js.sri
- clerk-js/5.91.0-canary.v20250902140549/192_clerk.legacy.browser_0affe9_5.91.0-canary.v20250902140549.js.br
- clerk-js/5.91.0-canary.v20250902140549/192_clerk.legacy.browser_0affe9_5.91.0-canary.v20250902140549.js.gz
- clerk-js/5.91.0-canary.v20250902140549/192_clerk.legacy.browser_0affe9_5.91.0-canary.v20250902140549.js.sri
- clerk-js/5.91.0-canary.v20250902140549/192_clerk.legacy.browser_0affe9_5.91.0-canary.v20250902140549.min.js.br
- clerk-js/5.91.0-canary.v20250902140549/192_clerk.legacy.browser_0affe9_5.91.0-canary.v20250902140549.min.js.gz
- clerk-js/5.91.0-canary.v20250902140549/192_clerk.legacy.browser_0affe9_5.91.0-canary.v20250902140549.min.js.sri
- clerk-js/5.91.0-canary.v20250902140549/236_clerk.headless_bc6295_5.91.0-canary.v20250902140549.js.br
- clerk-js/5.91.0-canary.v20250902140549/236_clerk.headless_bc6295_5.91.0-canary.v20250902140549.js.gz
- clerk-js/5.91.0-canary.v20250902140549/236_clerk.headless_bc6295_5.91.0-canary.v20250902140549.js.sri
- clerk-js/5.91.0-canary.v20250902140549/236_clerk.headless_bc6295_5.91.0-canary.v20250902140549.min.js.br
- clerk-js/5.91.0-canary.v20250902140549/236_clerk.headless_bc6295_5.91.0-canary.v20250902140549.min.js.gz
- clerk-js/5.91.0-canary.v20250902140549/236_clerk.headless_bc6295_5.91.0-canary.v20250902140549.min.js.sri
- clerk-js/5.91.0-canary.v20250902140549/294_clerk.browser_982250_5.91.0-canary.v20250902140549.js.br
- clerk-js/5.91.0-canary.v20250902140549/294_clerk.browser_982250_5.91.0-canary.v20250902140549.js.gz
- clerk-js/5.91.0-canary.v20250902140549/294_clerk.browser_982250_5.91.0-canary.v20250902140549.js.sri
- clerk-js/5.91.0-canary.v20250902140549/294_clerk.browser_982250_5.91.0-canary.v20250902140549.min.js.br
- clerk-js/5.91.0-canary.v20250902140549/294_clerk.browser_982250_5.91.0-canary.v20250902140549.min.js.gz
- clerk-js/5.91.0-canary.v20250902140549/294_clerk.browser_982250_5.91.0-canary.v20250902140549.min.js.sri
- clerk-js/5.91.0-canary.v20250902140549/294_clerk.chips.browser_79b87f_5.91.0-canary.v20250902140549.js.br
- clerk-js/5.91.0-canary.v20250902140549/294_clerk.chips.browser_79b87f_5.91.0-canary.v20250902140549.js.gz
- clerk-js/5.91.0-canary.v20250902140549/294_clerk.chips.browser_79b87f_5.91.0-canary.v20250902140549.js.sri
- clerk-js/5.91.0-canary.v20250902140549/294_clerk.chips.browser_79b87f_5.91.0-canary.v20250902140549.min.js.br
- clerk-js/5.91.0-canary.v20250902140549/294_clerk.chips.browser_79b87f_5.91.0-canary.v20250902140549.min.js.gz
- clerk-js/5.91.0-canary.v20250902140549/294_clerk.chips.browser_79b87f_5.91.0-canary.v20250902140549.min.js.sri
- clerk-js/5.91.0-canary.v20250902140549/294_clerk.legacy.browser_0affe9_5.91.0-canary.v20250902140549.js.br
- clerk-js/5.91.0-canary.v20250902140549/294_clerk.legacy.browser_0affe9_5.91.0-canary.v20250902140549.js.gz
- clerk-js/5.91.0-canary.v20250902140549/294_clerk.legacy.browser_0affe9_5.91.0-canary.v20250902140549.js.sri
- clerk-js/5.91.0-canary.v20250902140549/294_clerk.legacy.browser_0affe9_5.91.0-canary.v20250902140549.min.js.br
- clerk-js/5.91.0-canary.v20250902140549/294_clerk.legacy.browser_0affe9_5.91.0-canary.v20250902140549.min.js.gz
- clerk-js/5.91.0-canary.v20250902140549/294_clerk.legacy.browser_0affe9_5.91.0-canary.v20250902140549.min.js.sri
- clerk-js/5.91.0-canary.v20250902140549/368_clerk.headless_bc6295_5.91.0-canary.v20250902140549.js.br
- clerk-js/5.91.0-canary.v20250902140549/368_clerk.headless_bc6295_5.91.0-canary.v20250902140549.js.gz
- clerk-js/5.91.0-canary.v20250902140549/368_clerk.headless_bc6295_5.91.0-canary.v20250902140549.js.sri
- clerk-js/5.91.0-canary.v20250902140549/368_clerk.headless_bc6295_5.91.0-canary.v20250902140549.min.js.br
- clerk-js/5.91.0-canary.v20250902140549/368_clerk.headless_bc6295_5.91.0-canary.v20250902140549.min.js.gz
- clerk-js/5.91.0-canary.v20250902140549/368_clerk.headless_bc6295_5.91.0-canary.v20250902140549.min.js.sri
- clerk-js/5.91.0-canary.v20250902140549/36_clerk.headless_bc6295_5.91.0-canary.v20250902140549.js.br
- clerk-js/5.91.0-canary.v20250902140549/36_clerk.headless_bc6295_5.91.0-canary.v20250902140549.js.gz
- clerk-js/5.91.0-canary.v20250902140549/36_clerk.headless_bc6295_5.91.0-canary.v20250902140549.js.sri
- clerk-js/5.91.0-canary.v20250902140549/36_clerk.headless_bc6295_5.91.0-canary.v20250902140549.min.js.br
- clerk-js/5.91.0-canary.v20250902140549/36_clerk.headless_bc6295_5.91.0-canary.v20250902140549.min.js.gz
- clerk-js/5.91.0-canary.v20250902140549/36_clerk.headless_bc6295_5.91.0-canary.v20250902140549.min.js.sri
- clerk-js/5.91.0-canary.v20250902140549/377_clerk.headless_bc6295_5.91.0-canary.v20250902140549.js.br
- clerk-js/5.91.0-canary.v20250902140549/377_clerk.headless_bc6295_5.91.0-canary.v20250902140549.js.gz
- clerk-js/5.91.0-canary.v20250902140549/377_clerk.headless_bc6295_5.91.0-canary.v20250902140549.js.sri
- clerk-js/5.91.0-canary.v20250902140549/377_clerk.headless_bc6295_5.91.0-canary.v20250902140549.min.js.br
- clerk-js/5.91.0-canary.v20250902140549/377_clerk.headless_bc6295_5.91.0-canary.v20250902140549.min.js.gz
- clerk-js/5.91.0-canary.v20250902140549/377_clerk.headless_bc6295_5.91.0-canary.v20250902140549.min.js.sri
- clerk-js/5.91.0-canary.v20250902140549/43_clerk.legacy.browser_0affe9_5.91.0-canary.v20250902140549.js.br
- clerk-js/5.91.0-canary.v20250902140549/43_clerk.legacy.browser_0affe9_5.91.0-canary.v20250902140549.js.gz
- clerk-js/5.91.0-canary.v20250902140549/43_clerk.legacy.browser_0affe9_5.91.0-canary.v20250902140549.js.sri
- clerk-js/5.91.0-canary.v20250902140549/43_clerk.legacy.browser_0affe9_5.91.0-canary.v20250902140549.min.js.br
- clerk-js/5.91.0-canary.v20250902140549/43_clerk.legacy.browser_0affe9_5.91.0-canary.v20250902140549.min.js.gz
- clerk-js/5.91.0-canary.v20250902140549/43_clerk.legacy.browser_0affe9_5.91.0-canary.v20250902140549.min.js.sri
- clerk-js/5.91.0-canary.v20250902140549/553_clerk.headless_bc6295_5.91.0-canary.v20250902140549.js.br
- clerk-js/5.91.0-canary.v20250902140549/553_clerk.headless_bc6295_5.91.0-canary.v20250902140549.js.gz
- clerk-js/5.91.0-canary.v20250902140549/553_clerk.headless_bc6295_5.91.0-canary.v20250902140549.js.sri
- clerk-js/5.91.0-canary.v20250902140549/553_clerk.headless_bc6295_5.91.0-canary.v20250902140549.min.js.br
- clerk-js/5.91.0-canary.v20250902140549/553_clerk.headless_bc6295_5.91.0-canary.v20250902140549.min.js.gz
- clerk-js/5.91.0-canary.v20250902140549/553_clerk.headless_bc6295_5.91.0-canary.v20250902140549.min.js.sri
- clerk-js/5.91.0-canary.v20250902140549/645_clerk.browser_982250_5.91.0-canary.v20250902140549.js.br
- clerk-js/5.91.0-canary.v20250902140549/645_clerk.browser_982250_5.91.0-canary.v20250902140549.js.gz
- clerk-js/5.91.0-canary.v20250902140549/645_clerk.browser_982250_5.91.0-canary.v20250902140549.js.sri
- clerk-js/5.91.0-canary.v20250902140549/645_clerk.browser_982250_5.91.0-canary.v20250902140549.min.js.br
- clerk-js/5.91.0-canary.v20250902140549/645_clerk.browser_982250_5.91.0-canary.v20250902140549.min.js.gz
- clerk-js/5.91.0-canary.v20250902140549/645_clerk.browser_982250_5.91.0-canary.v20250902140549.min.js.sri
- clerk-js/5.91.0-canary.v20250902140549/645_clerk.chips.browser_79b87f_5.91.0-canary.v20250902140549.js.br
- clerk-js/5.91.0-canary.v20250902140549/645_clerk.chips.browser_79b87f_5.91.0-canary.v20250902140549.js.gz
- clerk-js/5.91.0-canary.v20250902140549/645_clerk.chips.browser_79b87f_5.91.0-canary.v20250902140549.js.sri
- clerk-js/5.91.0-canary.v20250902140549/645_clerk.chips.browser_79b87f_5.91.0-canary.v20250902140549.min.js.br
- clerk-js/5.91.0-canary.v20250902140549/645_clerk.chips.browser_79b87f_5.91.0-canary.v20250902140549.min.js.gz
- clerk-js/5.91.0-canary.v20250902140549/645_clerk.chips.browser_79b87f_5.91.0-canary.v20250902140549.min.js.sri
- clerk-js/5.91.0-canary.v20250902140549/645_clerk.legacy.browser_0affe9_5.91.0-canary.v20250902140549.js.br
- clerk-js/5.91.0-canary.v20250902140549/645_clerk.legacy.browser_0affe9_5.91.0-canary.v20250902140549.js.gz
- clerk-js/5.91.0-canary.v20250902140549/645_clerk.legacy.browser_0affe9_5.91.0-canary.v20250902140549.js.sri
- clerk-js/5.91.0-canary.v20250902140549/645_clerk.legacy.browser_0affe9_5.91.0-canary.v20250902140549.min.js.br
- clerk-js/5.91.0-canary.v20250902140549/645_clerk.legacy.browser_0affe9_5.91.0-canary.v20250902140549.min.js.gz
- clerk-js/5.91.0-canary.v20250902140549/645_clerk.legacy.browser_0affe9_5.91.0-canary.v20250902140549.min.js.sri
- clerk-js/5.91.0-canary.v20250902140549/66_clerk.browser_982250_5.91.0-canary.v20250902140549.js.br
- clerk-js/5.91.0-canary.v20250902140549/66_clerk.browser_982250_5.91.0-canary.v20250902140549.js.gz
- clerk-js/5.91.0-canary.v20250902140549/66_clerk.browser_982250_5.91.0-canary.v20250902140549.js.sri
- clerk-js/5.91.0-canary.v20250902140549/66_clerk.browser_982250_5.91.0-canary.v20250902140549.min.js.br
- clerk-js/5.91.0-canary.v20250902140549/66_clerk.browser_982250_5.91.0-canary.v20250902140549.min.js.gz
- clerk-js/5.91.0-canary.v20250902140549/66_clerk.browser_982250_5.91.0-canary.v20250902140549.min.js.sri
- clerk-js/5.91.0-canary.v20250902140549/66_clerk.chips.browser_79b87f_5.91.0-canary.v20250902140549.js.br
- clerk-js/5.91.0-canary.v20250902140549/66_clerk.chips.browser_79b87f_5.91.0-canary.v20250902140549.js.gz
- clerk-js/5.91.0-canary.v20250902140549/66_clerk.chips.browser_79b87f_5.91.0-canary.v20250902140549.js.sri
- clerk-js/5.91.0-canary.v20250902140549/66_clerk.chips.browser_79b87f_5.91.0-canary.v20250902140549.min.js.br
- clerk-js/5.91.0-canary.v20250902140549/66_clerk.chips.browser_79b87f_5.91.0-canary.v20250902140549.min.js.gz
- clerk-js/5.91.0-canary.v20250902140549/66_clerk.chips.browser_79b87f_5.91.0-canary.v20250902140549.min.js.sri
- clerk-js/5.91.0-canary.v20250902140549/66_clerk.legacy.browser_0affe9_5.91.0-canary.v20250902140549.js.br
- clerk-js/5.91.0-canary.v20250902140549/66_clerk.legacy.browser_0affe9_5.91.0-canary.v20250902140549.js.gz
- clerk-js/5.91.0-canary.v20250902140549/66_clerk.legacy.browser_0affe9_5.91.0-canary.v20250902140549.js.sri
- clerk-js/5.91.0-canary.v20250902140549/66_clerk.legacy.browser_0affe9_5.91.0-canary.v20250902140549.min.js.br
- clerk-js/5.91.0-canary.v20250902140549/66_clerk.legacy.browser_0affe9_5.91.0-canary.v20250902140549.min.js.gz
- clerk-js/5.91.0-canary.v20250902140549/66_clerk.legacy.browser_0affe9_5.91.0-canary.v20250902140549.min.js.sri
- clerk-js/5.91.0-canary.v20250902140549/785_clerk.headless.browser_bcd606_5.91.0-canary.v20250902140549.js.br
- clerk-js/5.91.0-canary.v20250902140549/785_clerk.headless.browser_bcd606_5.91.0-canary.v20250902140549.js.gz
- clerk-js/5.91.0-canary.v20250902140549/785_clerk.headless.browser_bcd606_5.91.0-canary.v20250902140549.js.sri
- clerk-js/5.91.0-canary.v20250902140549/785_clerk.headless.browser_bcd606_5.91.0-canary.v20250902140549.min.js.br
- clerk-js/5.91.0-canary.v20250902140549/785_clerk.headless.browser_bcd606_5.91.0-canary.v20250902140549.min.js.gz
- clerk-js/5.91.0-canary.v20250902140549/785_clerk.headless.browser_bcd606_5.91.0-canary.v20250902140549.min.js.sri
- clerk-js/5.91.0-canary.v20250902140549/785_clerk.headless_bc6295_5.91.0-canary.v20250902140549.js.br
- clerk-js/5.91.0-canary.v20250902140549/785_clerk.headless_bc6295_5.91.0-canary.v20250902140549.js.gz
- clerk-js/5.91.0-canary.v20250902140549/785_clerk.headless_bc6295_5.91.0-canary.v20250902140549.js.sri
- clerk-js/5.91.0-canary.v20250902140549/785_clerk.headless_bc6295_5.91.0-canary.v20250902140549.min.js.br
- clerk-js/5.91.0-canary.v20250902140549/785_clerk.headless_bc6295_5.91.0-canary.v20250902140549.min.js.gz
- clerk-js/5.91.0-canary.v20250902140549/785_clerk.headless_bc6295_5.91.0-canary.v20250902140549.min.js.sri
- clerk-js/5.91.0-canary.v20250902140549/890_clerk.headless_bc6295_5.91.0-canary.v20250902140549.js.br
- clerk-js/5.91.0-canary.v20250902140549/890_clerk.headless_bc6295_5.91.0-canary.v20250902140549.js.gz
- clerk-js/5.91.0-canary.v20250902140549/890_clerk.headless_bc6295_5.91.0-canary.v20250902140549.js.sri
- clerk-js/5.91.0-canary.v20250902140549/890_clerk.headless_bc6295_5.91.0-canary.v20250902140549.min.js.br
- clerk-js/5.91.0-canary.v20250902140549/890_clerk.headless_bc6295_5.91.0-canary.v20250902140549.min.js.gz
- clerk-js/5.91.0-canary.v20250902140549/890_clerk.headless_bc6295_5.91.0-canary.v20250902140549.min.js.sri
- clerk-js/5.91.0-canary.v20250902140549/apiKeys_clerk.browser_982250_5.91.0-canary.v20250902140549.js.br
- clerk-js/5.91.0-canary.v20250902140549/apiKeys_clerk.browser_982250_5.91.0-canary.v20250902140549.js.gz
- clerk-js/5.91.0-canary.v20250902140549/apiKeys_clerk.browser_982250_5.91.0-canary.v20250902140549.js.sri
- clerk-js/5.91.0-canary.v20250902140549/apiKeys_clerk.browser_982250_5.91.0-canary.v20250902140549.min.js.br
- clerk-js/5.91.0-canary.v20250902140549/apiKeys_clerk.browser_982250_5.91.0-canary.v20250902140549.min.js.gz
- clerk-js/5.91.0-canary.v20250902140549/apiKeys_clerk.browser_982250_5.91.0-canary.v20250902140549.min.js.sri
- clerk-js/5.91.0-canary.v20250902140549/apiKeys_clerk.chips.browser_79b87f_5.91.0-canary.v20250902140549.js.br
- clerk-js/5.91.0-canary.v20250902140549/apiKeys_clerk.chips.browser_79b87f_5.91.0-canary.v20250902140549.js.gz
- clerk-js/5.91.0-canary.v20250902140549/apiKeys_clerk.chips.browser_79b87f_5.91.0-canary.v20250902140549.js.sri
- clerk-js/5.91.0-canary.v20250902140549/apiKeys_clerk.chips.browser_79b87f_5.91.0-canary.v20250902140549.min.js.br
- clerk-js/5.91.0-canary.v20250902140549/apiKeys_clerk.chips.browser_79b87f_5.91.0-canary.v20250902140549.min.js.gz
- clerk-js/5.91.0-canary.v20250902140549/apiKeys_clerk.chips.browser_79b87f_5.91.0-canary.v20250902140549.min.js.sri
- clerk-js/5.91.0-canary.v20250902140549/apiKeys_clerk.legacy.browser_0affe9_5.91.0-canary.v20250902140549.js.br
- clerk-js/5.91.0-canary.v20250902140549/apiKeys_clerk.legacy.browser_0affe9_5.91.0-canary.v20250902140549.js.gz
- clerk-js/5.91.0-canary.v20250902140549/apiKeys_clerk.legacy.browser_0affe9_5.91.0-canary.v20250902140549.js.sri
- clerk-js/5.91.0-canary.v20250902140549/apiKeys_clerk.legacy.browser_0affe9_5.91.0-canary.v20250902140549.min.js.br
- clerk-js/5.91.0-canary.v20250902140549/apiKeys_clerk.legacy.browser_0affe9_5.91.0-canary.v20250902140549.min.js.gz
- clerk-js/5.91.0-canary.v20250902140549/apiKeys_clerk.legacy.browser_0affe9_5.91.0-canary.v20250902140549.min.js.sri
- clerk-js/5.91.0-canary.v20250902140549/base-account-sdk_clerk.browser_982250_5.91.0-canary.v20250902140549.js.br
- clerk-js/5.91.0-canary.v20250902140549/base-account-sdk_clerk.browser_982250_5.91.0-canary.v20250902140549.js.gz
- clerk-js/5.91.0-canary.v20250902140549/base-account-sdk_clerk.browser_982250_5.91.0-canary.v20250902140549.js.sri
- clerk-js/5.91.0-canary.v20250902140549/base-account-sdk_clerk.browser_982250_5.91.0-canary.v20250902140549.min.js.br
- clerk-js/5.91.0-canary.v20250902140549/base-account-sdk_clerk.browser_982250_5.91.0-canary.v20250902140549.min.js.gz
- clerk-js/5.91.0-canary.v20250902140549/base-account-sdk_clerk.browser_982250_5.91.0-canary.v20250902140549.min.js.sri
- clerk-js/5.91.0-canary.v20250902140549/base-account-sdk_clerk.chips.browser_79b87f_5.91.0-canary.v20250902140549.js.br
- clerk-js/5.91.0-canary.v20250902140549/base-account-sdk_clerk.chips.browser_79b87f_5.91.0-canary.v20250902140549.js.gz
- clerk-js/5.91.0-canary.v20250902140549/base-account-sdk_clerk.chips.browser_79b87f_5.91.0-canary.v20250902140549.js.sri
- clerk-js/5.91.0-canary.v20250902140549/base-account-sdk_clerk.chips.browser_79b87f_5.91.0-canary.v20250902140549.min.js.br
- clerk-js/5.91.0-canary.v20250902140549/base-account-sdk_clerk.chips.browser_79b87f_5.91.0-canary.v20250902140549.min.js.gz
- clerk-js/5.91.0-canary.v20250902140549/base-account-sdk_clerk.chips.browser_79b87f_5.91.0-canary.v20250902140549.min.js.sri
- clerk-js/5.91.0-canary.v20250902140549/base-account-sdk_clerk.headless.browser_bcd606_5.91.0-canary.v20250902140549.js.br
- clerk-js/5.91.0-canary.v20250902140549/base-account-sdk_clerk.headless.browser_bcd606_5.91.0-canary.v20250902140549.js.gz
- clerk-js/5.91.0-canary.v20250902140549/base-account-sdk_clerk.headless.browser_bcd606_5.91.0-canary.v20250902140549.js.sri
- clerk-js/5.91.0-canary.v20250902140549/base-account-sdk_clerk.headless.browser_bcd606_5.91.0-canary.v20250902140549.min.js.br
- clerk-js/5.91.0-canary.v20250902140549/base-account-sdk_clerk.headless.browser_bcd606_5.91.0-canary.v20250902140549.min.js.gz
- clerk-js/5.91.0-canary.v20250902140549/base-account-sdk_clerk.headless.browser_bcd606_5.91.0-canary.v20250902140549.min.js.sri
- clerk-js/5.91.0-canary.v20250902140549/base-account-sdk_clerk.legacy.browser_0affe9_5.91.0-canary.v20250902140549.js.br
- clerk-js/5.91.0-canary.v20250902140549/base-account-sdk_clerk.legacy.browser_0affe9_5.91.0-canary.v20250902140549.js.gz
- clerk-js/5.91.0-canary.v20250902140549/base-account-sdk_clerk.legacy.browser_0affe9_5.91.0-canary.v20250902140549.js.sri
- clerk-js/5.91.0-canary.v20250902140549/base-account-sdk_clerk.legacy.browser_0affe9_5.91.0-canary.v20250902140549.min.js.br
- clerk-js/5.91.0-canary.v20250902140549/base-account-sdk_clerk.legacy.browser_0affe9_5.91.0-canary.v20250902140549.min.js.gz
- clerk-js/5.91.0-canary.v20250902140549/base-account-sdk_clerk.legacy.browser_0affe9_5.91.0-canary.v20250902140549.min.js.sri
- clerk-js/5.91.0-canary.v20250902140549/blankcaptcha_clerk.browser_982250_5.91.0-canary.v20250902140549.js.br
- clerk-js/5.91.0-canary.v20250902140549/blankcaptcha_clerk.browser_982250_5.91.0-canary.v20250902140549.js.gz
- clerk-js/5.91.0-canary.v20250902140549/blankcaptcha_clerk.browser_982250_5.91.0-canary.v20250902140549.js.sri
- clerk-js/5.91.0-canary.v20250902140549/blankcaptcha_clerk.browser_982250_5.91.0-canary.v20250902140549.min.js.br
- clerk-js/5.91.0-canary.v20250902140549/blankcaptcha_clerk.browser_982250_5.91.0-canary.v20250902140549.min.js.gz
- clerk-js/5.91.0-canary.v20250902140549/blankcaptcha_clerk.browser_982250_5.91.0-canary.v20250902140549.min.js.sri
- clerk-js/5.91.0-canary.v20250902140549/blankcaptcha_clerk.chips.browser_79b87f_5.91.0-canary.v20250902140549.js.br
- clerk-js/5.91.0-canary.v20250902140549/blankcaptcha_clerk.chips.browser_79b87f_5.91.0-canary.v20250902140549.js.gz
- clerk-js/5.91.0-canary.v20250902140549/blankcaptcha_clerk.chips.browser_79b87f_5.91.0-canary.v20250902140549.js.sri
- clerk-js/5.91.0-canary.v20250902140549/blankcaptcha_clerk.chips.browser_79b87f_5.91.0-canary.v20250902140549.min.js.br
- clerk-js/5.91.0-canary.v20250902140549/blankcaptcha_clerk.chips.browser_79b87f_5.91.0-canary.v20250902140549.min.js.gz
- clerk-js/5.91.0-canary.v20250902140549/blankcaptcha_clerk.chips.browser_79b87f_5.91.0-canary.v20250902140549.min.js.sri
- clerk-js/5.91.0-canary.v20250902140549/blankcaptcha_clerk.legacy.browser_0affe9_5.91.0-canary.v20250902140549.js.br
- clerk-js/5.91.0-canary.v20250902140549/blankcaptcha_clerk.legacy.browser_0affe9_5.91.0-canary.v20250902140549.js.gz
- clerk-js/5.91.0-canary.v20250902140549/blankcaptcha_clerk.legacy.browser_0affe9_5.91.0-canary.v20250902140549.js.sri
- clerk-js/5.91.0-canary.v20250902140549/blankcaptcha_clerk.legacy.browser_0affe9_5.91.0-canary.v20250902140549.min.js.br
- clerk-js/5.91.0-canary.v20250902140549/blankcaptcha_clerk.legacy.browser_0affe9_5.91.0-canary.v20250902140549.min.js.gz
- clerk-js/5.91.0-canary.v20250902140549/blankcaptcha_clerk.legacy.browser_0affe9_5.91.0-canary.v20250902140549.min.js.sri
- clerk-js/5.91.0-canary.v20250902140549/checkout_clerk.browser_982250_5.91.0-canary.v20250902140549.js.br
- clerk-js/5.91.0-canary.v20250902140549/checkout_clerk.browser_982250_5.91.0-canary.v20250902140549.js.gz
- clerk-js/5.91.0-canary.v20250902140549/checkout_clerk.browser_982250_5.91.0-canary.v20250902140549.js.sri
- clerk-js/5.91.0-canary.v20250902140549/checkout_clerk.browser_982250_5.91.0-canary.v20250902140549.min.js.br
- clerk-js/5.91.0-canary.v20250902140549/checkout_clerk.browser_982250_5.91.0-canary.v20250902140549.min.js.gz
- clerk-js/5.91.0-canary.v20250902140549/checkout_clerk.browser_982250_5.91.0-canary.v20250902140549.min.js.sri
- clerk-js/5.91.0-canary.v20250902140549/checkout_clerk.chips.browser_79b87f_5.91.0-canary.v20250902140549.js.br
- clerk-js/5.91.0-canary.v20250902140549/checkout_clerk.chips.browser_79b87f_5.91.0-canary.v20250902140549.js.gz
- clerk-js/5.91.0-canary.v20250902140549/checkout_clerk.chips.browser_79b87f_5.91.0-canary.v20250902140549.js.sri
- clerk-js/5.91.0-canary.v20250902140549/checkout_clerk.chips.browser_79b87f_5.91.0-canary.v20250902140549.min.js.br
- clerk-js/5.91.0-canary.v20250902140549/checkout_clerk.chips.browser_79b87f_5.91.0-canary.v20250902140549.min.js.gz
- clerk-js/5.91.0-canary.v20250902140549/checkout_clerk.chips.browser_79b87f_5.91.0-canary.v20250902140549.min.js.sri
- clerk-js/5.91.0-canary.v20250902140549/checkout_clerk.legacy.browser_0affe9_5.91.0-canary.v20250902140549.js.br
- clerk-js/5.91.0-canary.v20250902140549/checkout_clerk.legacy.browser_0affe9_5.91.0-canary.v20250902140549.js.gz
- clerk-js/5.91.0-canary.v20250902140549/checkout_clerk.legacy.browser_0affe9_5.91.0-canary.v20250902140549.js.sri
- clerk-js/5.91.0-canary.v20250902140549/checkout_clerk.legacy.browser_0affe9_5.91.0-canary.v20250902140549.min.js.br
- clerk-js/5.91.0-canary.v20250902140549/checkout_clerk.legacy.browser_0affe9_5.91.0-canary.v20250902140549.min.js.gz
- clerk-js/5.91.0-canary.v20250902140549/checkout_clerk.legacy.browser_0affe9_5.91.0-canary.v20250902140549.min.js.sri
- clerk-js/5.91.0-canary.v20250902140549/clerk.browser.js.br
- clerk-js/5.91.0-canary.v20250902140549/clerk.browser.js.gz
- clerk-js/5.91.0-canary.v20250902140549/clerk.browser.js.sri
- clerk-js/5.91.0-canary.v20250902140549/clerk.browser.min.js.br
- clerk-js/5.91.0-canary.v20250902140549/clerk.browser.min.js.gz
- clerk-js/5.91.0-canary.v20250902140549/clerk.browser.min.js.sri
- clerk-js/5.91.0-canary.v20250902140549/clerk.chips.browser.js.br
- clerk-js/5.91.0-canary.v20250902140549/clerk.chips.browser.js.gz
- clerk-js/5.91.0-canary.v20250902140549/clerk.chips.browser.js.sri
- clerk-js/5.91.0-canary.v20250902140549/clerk.chips.browser.min.js.br
- clerk-js/5.91.0-canary.v20250902140549/clerk.chips.browser.min.js.gz
- clerk-js/5.91.0-canary.v20250902140549/clerk.chips.browser.min.js.sri
- clerk-js/5.91.0-canary.v20250902140549/clerk.headless.browser.js.br
- clerk-js/5.91.0-canary.v20250902140549/clerk.headless.browser.js.gz
- clerk-js/5.91.0-canary.v20250902140549/clerk.headless.browser.js.sri
- clerk-js/5.91.0-canary.v20250902140549/clerk.headless.browser.min.js.br
- clerk-js/5.91.0-canary.v20250902140549/clerk.headless.browser.min.js.gz
- clerk-js/5.91.0-canary.v20250902140549/clerk.headless.browser.min.js.sri
- clerk-js/5.91.0-canary.v20250902140549/clerk.headless.js.br
- clerk-js/5.91.0-canary.v20250902140549/clerk.headless.js.gz
- clerk-js/5.91.0-canary.v20250902140549/clerk.headless.js.sri
- clerk-js/5.91.0-canary.v20250902140549/clerk.headless.min.js.br
- clerk-js/5.91.0-canary.v20250902140549/clerk.headless.min.js.gz
- clerk-js/5.91.0-canary.v20250902140549/clerk.headless.min.js.sri
- clerk-js/5.91.0-canary.v20250902140549/clerk.js.br
- clerk-js/5.91.0-canary.v20250902140549/clerk.js.gz
- clerk-js/5.91.0-canary.v20250902140549/clerk.js.sri
- clerk-js/5.91.0-canary.v20250902140549/clerk.legacy.browser.js.br
- clerk-js/5.91.0-canary.v20250902140549/clerk.legacy.browser.js.gz
- clerk-js/5.91.0-canary.v20250902140549/clerk.legacy.browser.js.sri
- clerk-js/5.91.0-canary.v20250902140549/clerk.legacy.browser.min.js.br
- clerk-js/5.91.0-canary.v20250902140549/clerk.legacy.browser.min.js.gz
- clerk-js/5.91.0-canary.v20250902140549/clerk.legacy.browser.min.js.sri
- clerk-js/5.91.0-canary.v20250902140549/clerk.min.js.br
- clerk-js/5.91.0-canary.v20250902140549/clerk.min.js.gz
- clerk-js/5.91.0-canary.v20250902140549/clerk.min.js.sri
- clerk-js/5.91.0-canary.v20250902140549/clerk.mjs.br
- clerk-js/5.91.0-canary.v20250902140549/clerk.mjs.gz
- clerk-js/5.91.0-canary.v20250902140549/clerk.no-rhc.js.br
- clerk-js/5.91.0-canary.v20250902140549/clerk.no-rhc.js.gz
- clerk-js/5.91.0-canary.v20250902140549/clerk.no-rhc.js.sri
- clerk-js/5.91.0-canary.v20250902140549/clerk.no-rhc.min.js.br
- clerk-js/5.91.0-canary.v20250902140549/clerk.no-rhc.min.js.gz
- clerk-js/5.91.0-canary.v20250902140549/clerk.no-rhc.min.js.sri
- clerk-js/5.91.0-canary.v20250902140549/clerk.no-rhc.mjs.br
- clerk-js/5.91.0-canary.v20250902140549/clerk.no-rhc.mjs.gz
- clerk-js/5.91.0-canary.v20250902140549/coinbase-wallet-sdk_clerk.browser_982250_5.91.0-canary.v20250902140549.js.br
- clerk-js/5.91.0-canary.v20250902140549/coinbase-wallet-sdk_clerk.browser_982250_5.91.0-canary.v20250902140549.js.gz
- clerk-js/5.91.0-canary.v20250902140549/coinbase-wallet-sdk_clerk.browser_982250_5.91.0-canary.v20250902140549.js.sri
- clerk-js/5.91.0-canary.v20250902140549/coinbase-wallet-sdk_clerk.browser_982250_5.91.0-canary.v20250902140549.min.js.br
- clerk-js/5.91.0-canary.v20250902140549/coinbase-wallet-sdk_clerk.browser_982250_5.91.0-canary.v20250902140549.min.js.gz
- clerk-js/5.91.0-canary.v20250902140549/coinbase-wallet-sdk_clerk.browser_982250_5.91.0-canary.v20250902140549.min.js.sri
- clerk-js/5.91.0-canary.v20250902140549/coinbase-wallet-sdk_clerk.chips.browser_79b87f_5.91.0-canary.v20250902140549.js.br
- clerk-js/5.91.0-canary.v20250902140549/coinbase-wallet-sdk_clerk.chips.browser_79b87f_5.91.0-canary.v20250902140549.js.gz
- clerk-js/5.91.0-canary.v20250902140549/coinbase-wallet-sdk_clerk.chips.browser_79b87f_5.91.0-canary.v20250902140549.js.sri
- clerk-js/5.91.0-canary.v20250902140549/coinbase-wallet-sdk_clerk.chips.browser_79b87f_5.91.0-canary.v20250902140549.min.js.br
- clerk-js/5.91.0-canary.v20250902140549/coinbase-wallet-sdk_clerk.chips.browser_79b87f_5.91.0-canary.v20250902140549.min.js.gz
- clerk-js/5.91.0-canary.v20250902140549/coinbase-wallet-sdk_clerk.chips.browser_79b87f_5.91.0-canary.v20250902140549.min.js.sri
- clerk-js/5.91.0-canary.v20250902140549/coinbase-wallet-sdk_clerk.headless.browser_bcd606_5.91.0-canary.v20250902140549.js.br
- clerk-js/5.91.0-canary.v20250902140549/coinbase-wallet-sdk_clerk.headless.browser_bcd606_5.91.0-canary.v20250902140549.js.gz
- clerk-js/5.91.0-canary.v20250902140549/coinbase-wallet-sdk_clerk.headless.browser_bcd606_5.91.0-canary.v20250902140549.js.sri
- clerk-js/5.91.0-canary.v20250902140549/coinbase-wallet-sdk_clerk.headless.browser_bcd606_5.91.0-canary.v20250902140549.min.js.br
- clerk-js/5.91.0-canary.v20250902140549/coinbase-wallet-sdk_clerk.headless.browser_bcd606_5.91.0-canary.v20250902140549.min.js.gz
- clerk-js/5.91.0-canary.v20250902140549/coinbase-wallet-sdk_clerk.headless.browser_bcd606_5.91.0-canary.v20250902140549.min.js.sri
- clerk-js/5.91.0-canary.v20250902140549/coinbase-wallet-sdk_clerk.legacy.browser_0affe9_5.91.0-canary.v20250902140549.js.br
- clerk-js/5.91.0-canary.v20250902140549/coinbase-wallet-sdk_clerk.legacy.browser_0affe9_5.91.0-canary.v20250902140549.js.gz
- clerk-js/5.91.0-canary.v20250902140549/coinbase-wallet-sdk_clerk.legacy.browser_0affe9_5.91.0-canary.v20250902140549.js.sri
- clerk-js/5.91.0-canary.v20250902140549/coinbase-wallet-sdk_clerk.legacy.browser_0affe9_5.91.0-canary.v20250902140549.min.js.br
- clerk-js/5.91.0-canary.v20250902140549/coinbase-wallet-sdk_clerk.legacy.browser_0affe9_5.91.0-canary.v20250902140549.min.js.gz
- clerk-js/5.91.0-canary.v20250902140549/coinbase-wallet-sdk_clerk.legacy.browser_0affe9_5.91.0-canary.v20250902140549.min.js.sri
- clerk-js/5.91.0-canary.v20250902140549/cookieSuffix_clerk.browser_982250_5.91.0-canary.v20250902140549.js.br
- clerk-js/5.91.0-canary.v20250902140549/cookieSuffix_clerk.browser_982250_5.91.0-canary.v20250902140549.js.gz
- clerk-js/5.91.0-canary.v20250902140549/cookieSuffix_clerk.browser_982250_5.91.0-canary.v20250902140549.js.sri
- clerk-js/5.91.0-canary.v20250902140549/cookieSuffix_clerk.browser_982250_5.91.0-canary.v20250902140549.min.js.br
- clerk-js/5.91.0-canary.v20250902140549/cookieSuffix_clerk.browser_982250_5.91.0-canary.v20250902140549.min.js.gz
- clerk-js/5.91.0-canary.v20250902140549/cookieSuffix_clerk.browser_982250_5.91.0-canary.v20250902140549.min.js.sri
- clerk-js/5.91.0-canary.v20250902140549/cookieSuffix_clerk.chips.browser_79b87f_5.91.0-canary.v20250902140549.js.br
- clerk-js/5.91.0-canary.v20250902140549/cookieSuffix_clerk.chips.browser_79b87f_5.91.0-canary.v20250902140549.js.gz
- clerk-js/5.91.0-canary.v20250902140549/cookieSuffix_clerk.chips.browser_79b87f_5.91.0-canary.v20250902140549.js.sri
- clerk-js/5.91.0-canary.v20250902140549/cookieSuffix_clerk.chips.browser_79b87f_5.91.0-canary.v20250902140549.min.js.br
- clerk-js/5.91.0-canary.v20250902140549/cookieSuffix_clerk.chips.browser_79b87f_5.91.0-canary.v20250902140549.min.js.gz
- clerk-js/5.91.0-canary.v20250902140549/cookieSuffix_clerk.chips.browser_79b87f_5.91.0-canary.v20250902140549.min.js.sri
- clerk-js/5.91.0-canary.v20250902140549/cookieSuffix_clerk.headless.browser_bcd606_5.91.0-canary.v20250902140549.js.br
- clerk-js/5.91.0-canary.v20250902140549/cookieSuffix_clerk.headless.browser_bcd606_5.91.0-canary.v20250902140549.js.gz
- clerk-js/5.91.0-canary.v20250902140549/cookieSuffix_clerk.headless.browser_bcd606_5.91.0-canary.v20250902140549.js.sri
- clerk-js/5.91.0-canary.v20250902140549/cookieSuffix_clerk.headless.browser_bcd606_5.91.0-canary.v20250902140549.min.js.br
- clerk-js/5.91.0-canary.v20250902140549/cookieSuffix_clerk.headless.browser_bcd606_5.91.0-canary.v20250902140549.min.js.gz
- clerk-js/5.91.0-canary.v20250902140549/cookieSuffix_clerk.headless.browser_bcd606_5.91.0-canary.v20250902140549.min.js.sri
- clerk-js/5.91.0-canary.v20250902140549/cookieSuffix_clerk.headless_bc6295_5.91.0-canary.v20250902140549.js.br
- clerk-js/5.91.0-canary.v20250902140549/cookieSuffix_clerk.headless_bc6295_5.91.0-canary.v20250902140549.js.gz
- clerk-js/5.91.0-canary.v20250902140549/cookieSuffix_clerk.headless_bc6295_5.91.0-canary.v20250902140549.js.sri
- clerk-js/5.91.0-canary.v20250902140549/cookieSuffix_clerk.headless_bc6295_5.91.0-canary.v20250902140549.min.js.br
- clerk-js/5.91.0-canary.v20250902140549/cookieSuffix_clerk.headless_bc6295_5.91.0-canary.v20250902140549.min.js.gz
- clerk-js/5.91.0-canary.v20250902140549/cookieSuffix_clerk.headless_bc6295_5.91.0-canary.v20250902140549.min.js.sri
- clerk-js/5.91.0-canary.v20250902140549/cookieSuffix_clerk.legacy.browser_0affe9_5.91.0-canary.v20250902140549.js.br
- clerk-js/5.91.0-canary.v20250902140549/cookieSuffix_clerk.legacy.browser_0affe9_5.91.0-canary.v20250902140549.js.gz
- clerk-js/5.91.0-canary.v20250902140549/cookieSuffix_clerk.legacy.browser_0affe9_5.91.0-canary.v20250902140549.js.sri
- clerk-js/5.91.0-canary.v20250902140549/cookieSuffix_clerk.legacy.browser_0affe9_5.91.0-canary.v20250902140549.min.js.br
- clerk-js/5.91.0-canary.v20250902140549/cookieSuffix_clerk.legacy.browser_0affe9_5.91.0-canary.v20250902140549.min.js.gz
- clerk-js/5.91.0-canary.v20250902140549/cookieSuffix_clerk.legacy.browser_0affe9_5.91.0-canary.v20250902140549.min.js.sri
- clerk-js/5.91.0-canary.v20250902140549/createorganization_clerk.browser_982250_5.91.0-canary.v20250902140549.js.br
- clerk-js/5.91.0-canary.v20250902140549/createorganization_clerk.browser_982250_5.91.0-canary.v20250902140549.js.gz
- clerk-js/5.91.0-canary.v20250902140549/createorganization_clerk.browser_982250_5.91.0-canary.v20250902140549.js.sri
- clerk-js/5.91.0-canary.v20250902140549/createorganization_clerk.browser_982250_5.91.0-canary.v20250902140549.min.js.br
- clerk-js/5.91.0-canary.v20250902140549/createorganization_clerk.browser_982250_5.91.0-canary.v20250902140549.min.js.gz
- clerk-js/5.91.0-canary.v20250902140549/createorganization_clerk.browser_982250_5.91.0-canary.v20250902140549.min.js.sri
- clerk-js/5.91.0-canary.v20250902140549/createorganization_clerk.chips.browser_79b87f_5.91.0-canary.v20250902140549.js.br
- clerk-js/5.91.0-canary.v20250902140549/createorganization_clerk.chips.browser_79b87f_5.91.0-canary.v20250902140549.js.gz
- clerk-js/5.91.0-canary.v20250902140549/createorganization_clerk.chips.browser_79b87f_5.91.0-canary.v20250902140549.js.sri
- clerk-js/5.91.0-canary.v20250902140549/createorganization_clerk.chips.browser_79b87f_5.91.0-canary.v20250902140549.min.js.br
- clerk-js/5.91.0-canary.v20250902140549/createorganization_clerk.chips.browser_79b87f_5.91.0-canary.v20250902140549.min.js.gz
- clerk-js/5.91.0-canary.v20250902140549/createorganization_clerk.chips.browser_79b87f_5.91.0-canary.v20250902140549.min.js.sri
- clerk-js/5.91.0-canary.v20250902140549/createorganization_clerk.legacy.browser_0affe9_5.91.0-canary.v20250902140549.js.br
- clerk-js/5.91.0-canary.v20250902140549/createorganization_clerk.legacy.browser_0affe9_5.91.0-canary.v20250902140549.js.gz
- clerk-js/5.91.0-canary.v20250902140549/createorganization_clerk.legacy.browser_0affe9_5.91.0-canary.v20250902140549.js.sri
- clerk-js/5.91.0-canary.v20250902140549/createorganization_clerk.legacy.browser_0affe9_5.91.0-canary.v20250902140549.min.js.br
- clerk-js/5.91.0-canary.v20250902140549/createorganization_clerk.legacy.browser_0affe9_5.91.0-canary.v20250902140549.min.js.gz
- clerk-js/5.91.0-canary.v20250902140549/createorganization_clerk.legacy.browser_0affe9_5.91.0-canary.v20250902140549.min.js.sri
- clerk-js/5.91.0-canary.v20250902140549/framework_clerk.browser_982250_5.91.0-canary.v20250902140549.js.br
- clerk-js/5.91.0-canary.v20250902140549/framework_clerk.browser_982250_5.91.0-canary.v20250902140549.js.gz
- clerk-js/5.91.0-canary.v20250902140549/framework_clerk.browser_982250_5.91.0-canary.v20250902140549.js.sri
- clerk-js/5.91.0-canary.v20250902140549/framework_clerk.browser_982250_5.91.0-canary.v20250902140549.min.js.br
- clerk-js/5.91.0-canary.v20250902140549/framework_clerk.browser_982250_5.91.0-canary.v20250902140549.min.js.gz
- clerk-js/5.91.0-canary.v20250902140549/framework_clerk.browser_982250_5.91.0-canary.v20250902140549.min.js.sri
- clerk-js/5.91.0-canary.v20250902140549/framework_clerk.chips.browser_79b87f_5.91.0-canary.v20250902140549.js.br
- clerk-js/5.91.0-canary.v20250902140549/framework_clerk.chips.browser_79b87f_5.91.0-canary.v20250902140549.js.gz
- clerk-js/5.91.0-canary.v20250902140549/framework_clerk.chips.browser_79b87f_5.91.0-canary.v20250902140549.js.sri
- clerk-js/5.91.0-canary.v20250902140549/framework_clerk.chips.browser_79b87f_5.91.0-canary.v20250902140549.min.js.br
- clerk-js/5.91.0-canary.v20250902140549/framework_clerk.chips.browser_79b87f_5.91.0-canary.v20250902140549.min.js.gz
- clerk-js/5.91.0-canary.v20250902140549/framework_clerk.chips.browser_79b87f_5.91.0-canary.v20250902140549.min.js.sri
- clerk-js/5.91.0-canary.v20250902140549/framework_clerk.legacy.browser_0affe9_5.91.0-canary.v20250902140549.js.br
- clerk-js/5.91.0-canary.v20250902140549/framework_clerk.legacy.browser_0affe9_5.91.0-canary.v20250902140549.js.gz
- clerk-js/5.91.0-canary.v20250902140549/framework_clerk.legacy.browser_0affe9_5.91.0-canary.v20250902140549.js.sri
- clerk-js/5.91.0-canary.v20250902140549/framework_clerk.legacy.browser_0affe9_5.91.0-canary.v20250902140549.min.js.br
- clerk-js/5.91.0-canary.v20250902140549/framework_clerk.legacy.browser_0affe9_5.91.0-canary.v20250902140549.min.js.gz
- clerk-js/5.91.0-canary.v20250902140549/framework_clerk.legacy.browser_0affe9_5.91.0-canary.v20250902140549.min.js.sri
- clerk-js/5.91.0-canary.v20250902140549/impersonationfab_clerk.browser_982250_5.91.0-canary.v20250902140549.js.br
- clerk-js/5.91.0-canary.v20250902140549/impersonationfab_clerk.browser_982250_5.91.0-canary.v20250902140549.js.gz
- clerk-js/5.91.0-canary.v20250902140549/impersonationfab_clerk.browser_982250_5.91.0-canary.v20250902140549.js.sri
- clerk-js/5.91.0-canary.v20250902140549/impersonationfab_clerk.browser_982250_5.91.0-canary.v20250902140549.min.js.br
- clerk-js/5.91.0-canary.v20250902140549/impersonationfab_clerk.browser_982250_5.91.0-canary.v20250902140549.min.js.gz
- clerk-js/5.91.0-canary.v20250902140549/impersonationfab_clerk.browser_982250_5.91.0-canary.v20250902140549.min.js.sri
- clerk-js/5.91.0-canary.v20250902140549/impersonationfab_clerk.chips.browser_79b87f_5.91.0-canary.v20250902140549.js.br
- clerk-js/5.91.0-canary.v20250902140549/impersonationfab_clerk.chips.browser_79b87f_5.91.0-canary.v20250902140549.js.gz
- clerk-js/5.91.0-canary.v20250902140549/impersonationfab_clerk.chips.browser_79b87f_5.91.0-canary.v20250902140549.js.sri
- clerk-js/5.91.0-canary.v20250902140549/impersonationfab_clerk.chips.browser_79b87f_5.91.0-canary.v20250902140549.min.js.br
- clerk-js/5.91.0-canary.v20250902140549/impersonationfab_clerk.chips.browser_79b87f_5.91.0-canary.v20250902140549.min.js.gz
- clerk-js/5.91.0-canary.v20250902140549/impersonationfab_clerk.chips.browser_79b87f_5.91.0-canary.v20250902140549.min.js.sri
- clerk-js/5.91.0-canary.v20250902140549/impersonationfab_clerk.legacy.browser_0affe9_5.91.0-canary.v20250902140549.js.br
- clerk-js/5.91.0-canary.v20250902140549/impersonationfab_clerk.legacy.browser_0affe9_5.91.0-canary.v20250902140549.js.gz
- clerk-js/5.91.0-canary.v20250902140549/impersonationfab_clerk.legacy.browser_0affe9_5.91.0-canary.v20250902140549.js.sri
- clerk-js/5.91.0-canary.v20250902140549/impersonationfab_clerk.legacy.browser_0affe9_5.91.0-canary.v20250902140549.min.js.br
- clerk-js/5.91.0-canary.v20250902140549/impersonationfab_clerk.legacy.browser_0affe9_5.91.0-canary.v20250902140549.min.js.gz
- clerk-js/5.91.0-canary.v20250902140549/impersonationfab_clerk.legacy.browser_0affe9_5.91.0-canary.v20250902140549.min.js.sri
- clerk-js/5.91.0-canary.v20250902140549/keylessPrompt_clerk.browser_982250_5.91.0-canary.v20250902140549.js.br
- clerk-js/5.91.0-canary.v20250902140549/keylessPrompt_clerk.browser_982250_5.91.0-canary.v20250902140549.js.gz
- clerk-js/5.91.0-canary.v20250902140549/keylessPrompt_clerk.browser_982250_5.91.0-canary.v20250902140549.js.sri
- clerk-js/5.91.0-canary.v20250902140549/keylessPrompt_clerk.browser_982250_5.91.0-canary.v20250902140549.min.js.br
- clerk-js/5.91.0-canary.v20250902140549/keylessPrompt_clerk.browser_982250_5.91.0-canary.v20250902140549.min.js.gz
- clerk-js/5.91.0-canary.v20250902140549/keylessPrompt_clerk.browser_982250_5.91.0-canary.v20250902140549.min.js.sri
- clerk-js/5.91.0-canary.v20250902140549/keylessPrompt_clerk.chips.browser_79b87f_5.91.0-canary.v20250902140549.js.br
- clerk-js/5.91.0-canary.v20250902140549/keylessPrompt_clerk.chips.browser_79b87f_5.91.0-canary.v20250902140549.js.gz
- clerk-js/5.91.0-canary.v20250902140549/keylessPrompt_clerk.chips.browser_79b87f_5.91.0-canary.v20250902140549.js.sri
- clerk-js/5.91.0-canary.v20250902140549/keylessPrompt_clerk.chips.browser_79b87f_5.91.0-canary.v20250902140549.min.js.br
- clerk-js/5.91.0-canary.v20250902140549/keylessPrompt_clerk.chips.browser_79b87f_5.91.0-canary.v20250902140549.min.js.gz
- clerk-js/5.91.0-canary.v20250902140549/keylessPrompt_clerk.chips.browser_79b87f_5.91.0-canary.v20250902140549.min.js.sri
- clerk-js/5.91.0-canary.v20250902140549/keylessPrompt_clerk.legacy.browser_0affe9_5.91.0-canary.v20250902140549.js.br
- clerk-js/5.91.0-canary.v20250902140549/keylessPrompt_clerk.legacy.browser_0affe9_5.91.0-canary.v20250902140549.js.gz
- clerk-js/5.91.0-canary.v20250902140549/keylessPrompt_clerk.legacy.browser_0affe9_5.91.0-canary.v20250902140549.js.sri
- clerk-js/5.91.0-canary.v20250902140549/keylessPrompt_clerk.legacy.browser_0affe9_5.91.0-canary.v20250902140549.min.js.br
- clerk-js/5.91.0-canary.v20250902140549/keylessPrompt_clerk.legacy.browser_0affe9_5.91.0-canary.v20250902140549.min.js.gz
- clerk-js/5.91.0-canary.v20250902140549/keylessPrompt_clerk.legacy.browser_0affe9_5.91.0-canary.v20250902140549.min.js.sri
- clerk-js/5.91.0-canary.v20250902140549/oauthConsent_clerk.browser_982250_5.91.0-canary.v20250902140549.js.br
- clerk-js/5.91.0-canary.v20250902140549/oauthConsent_clerk.browser_982250_5.91.0-canary.v20250902140549.js.gz
- clerk-js/5.91.0-canary.v20250902140549/oauthConsent_clerk.browser_982250_5.91.0-canary.v20250902140549.js.sri
- clerk-js/5.91.0-canary.v20250902140549/oauthConsent_clerk.browser_982250_5.91.0-canary.v20250902140549.min.js.br
- clerk-js/5.91.0-canary.v20250902140549/oauthConsent_clerk.browser_982250_5.91.0-canary.v20250902140549.min.js.gz
- clerk-js/5.91.0-canary.v20250902140549/oauthConsent_clerk.browser_982250_5.91.0-canary.v20250902140549.min.js.sri
- clerk-js/5.91.0-canary.v20250902140549/oauthConsent_clerk.chips.browser_79b87f_5.91.0-canary.v20250902140549.js.br
- clerk-js/5.91.0-canary.v20250902140549/oauthConsent_clerk.chips.browser_79b87f_5.91.0-canary.v20250902140549.js.gz
- clerk-js/5.91.0-canary.v20250902140549/oauthConsent_clerk.chips.browser_79b87f_5.91.0-canary.v20250902140549.js.sri
- clerk-js/5.91.0-canary.v20250902140549/oauthConsent_clerk.chips.browser_79b87f_5.91.0-canary.v20250902140549.min.js.br
- clerk-js/5.91.0-canary.v20250902140549/oauthConsent_clerk.chips.browser_79b87f_5.91.0-canary.v20250902140549.min.js.gz
- clerk-js/5.91.0-canary.v20250902140549/oauthConsent_clerk.chips.browser_79b87f_5.91.0-canary.v20250902140549.min.js.sri
- clerk-js/5.91.0-canary.v20250902140549/oauthConsent_clerk.legacy.browser_0affe9_5.91.0-canary.v20250902140549.js.br
- clerk-js/5.91.0-canary.v20250902140549/oauthConsent_clerk.legacy.browser_0affe9_5.91.0-canary.v20250902140549.js.gz
- clerk-js/5.91.0-canary.v20250902140549/oauthConsent_clerk.legacy.browser_0affe9_5.91.0-canary.v20250902140549.js.sri
- clerk-js/5.91.0-canary.v20250902140549/oauthConsent_clerk.legacy.browser_0affe9_5.91.0-canary.v20250902140549.min.js.br
- clerk-js/5.91.0-canary.v20250902140549/oauthConsent_clerk.legacy.browser_0affe9_5.91.0-canary.v20250902140549.min.js.gz
- clerk-js/5.91.0-canary.v20250902140549/oauthConsent_clerk.legacy.browser_0affe9_5.91.0-canary.v20250902140549.min.js.sri
- clerk-js/5.91.0-canary.v20250902140549/onetap_clerk.browser_982250_5.91.0-canary.v20250902140549.js.br
- clerk-js/5.91.0-canary.v20250902140549/onetap_clerk.browser_982250_5.91.0-canary.v20250902140549.js.gz
- clerk-js/5.91.0-canary.v20250902140549/onetap_clerk.browser_982250_5.91.0-canary.v20250902140549.js.sri
- clerk-js/5.91.0-canary.v20250902140549/onetap_clerk.browser_982250_5.91.0-canary.v20250902140549.min.js.br
- clerk-js/5.91.0-canary.v20250902140549/onetap_clerk.browser_982250_5.91.0-canary.v20250902140549.min.js.gz
- clerk-js/5.91.0-canary.v20250902140549/onetap_clerk.browser_982250_5.91.0-canary.v20250902140549.min.js.sri
- clerk-js/5.91.0-canary.v20250902140549/onetap_clerk.chips.browser_79b87f_5.91.0-canary.v20250902140549.js.br
- clerk-js/5.91.0-canary.v20250902140549/onetap_clerk.chips.browser_79b87f_5.91.0-canary.v20250902140549.js.gz
- clerk-js/5.91.0-canary.v20250902140549/onetap_clerk.chips.browser_79b87f_5.91.0-canary.v20250902140549.js.sri
- clerk-js/5.91.0-canary.v20250902140549/onetap_clerk.chips.browser_79b87f_5.91.0-canary.v20250902140549.min.js.br
- clerk-js/5.91.0-canary.v20250902140549/onetap_clerk.chips.browser_79b87f_5.91.0-canary.v20250902140549.min.js.gz
- clerk-js/5.91.0-canary.v20250902140549/onetap_clerk.chips.browser_79b87f_5.91.0-canary.v20250902140549.min.js.sri
- clerk-js/5.91.0-canary.v20250902140549/onetap_clerk.legacy.browser_0affe9_5.91.0-canary.v20250902140549.js.br
- clerk-js/5.91.0-canary.v20250902140549/onetap_clerk.legacy.browser_0affe9_5.91.0-canary.v20250902140549.js.gz
- clerk-js/5.91.0-canary.v20250902140549/onetap_clerk.legacy.browser_0affe9_5.91.0-canary.v20250902140549.js.sri
- clerk-js/5.91.0-canary.v20250902140549/onetap_clerk.legacy.browser_0affe9_5.91.0-canary.v20250902140549.min.js.br
- clerk-js/5.91.0-canary.v20250902140549/onetap_clerk.legacy.browser_0affe9_5.91.0-canary.v20250902140549.min.js.gz
- clerk-js/5.91.0-canary.v20250902140549/onetap_clerk.legacy.browser_0affe9_5.91.0-canary.v20250902140549.min.js.sri
- clerk-js/5.91.0-canary.v20250902140549/op-api-keys-page_clerk.browser_982250_5.91.0-canary.v20250902140549.js.br
- clerk-js/5.91.0-canary.v20250902140549/op-api-keys-page_clerk.browser_982250_5.91.0-canary.v20250902140549.js.gz
- clerk-js/5.91.0-canary.v20250902140549/op-api-keys-page_clerk.browser_982250_5.91.0-canary.v20250902140549.js.sri
- clerk-js/5.91.0-canary.v20250902140549/op-api-keys-page_clerk.browser_982250_5.91.0-canary.v20250902140549.min.js.br
- clerk-js/5.91.0-canary.v20250902140549/op-api-keys-page_clerk.browser_982250_5.91.0-canary.v20250902140549.min.js.gz
- clerk-js/5.91.0-canary.v20250902140549/op-api-keys-page_clerk.browser_982250_5.91.0-canary.v20250902140549.min.js.sri
- clerk-js/5.91.0-canary.v20250902140549/op-api-keys-page_clerk.chips.browser_79b87f_5.91.0-canary.v20250902140549.js.br
- clerk-js/5.91.0-canary.v20250902140549/op-api-keys-page_clerk.chips.browser_79b87f_5.91.0-canary.v20250902140549.js.gz
- clerk-js/5.91.0-canary.v20250902140549/op-api-keys-page_clerk.chips.browser_79b87f_5.91.0-canary.v20250902140549.js.sri
- clerk-js/5.91.0-canary.v20250902140549/op-api-keys-page_clerk.chips.browser_79b87f_5.91.0-canary.v20250902140549.min.js.br
- clerk-js/5.91.0-canary.v20250902140549/op-api-keys-page_clerk.chips.browser_79b87f_5.91.0-canary.v20250902140549.min.js.gz
- clerk-js/5.91.0-canary.v20250902140549/op-api-keys-page_clerk.chips.browser_79b87f_5.91.0-canary.v20250902140549.min.js.sri
- clerk-js/5.91.0-canary.v20250902140549/op-api-keys-page_clerk.legacy.browser_0affe9_5.91.0-canary.v20250902140549.js.br
- clerk-js/5.91.0-canary.v20250902140549/op-api-keys-page_clerk.legacy.browser_0affe9_5.91.0-canary.v20250902140549.js.gz
- clerk-js/5.91.0-canary.v20250902140549/op-api-keys-page_clerk.legacy.browser_0affe9_5.91.0-canary.v20250902140549.js.sri
- clerk-js/5.91.0-canary.v20250902140549/op-api-keys-page_clerk.legacy.browser_0affe9_5.91.0-canary.v20250902140549.min.js.br
- clerk-js/5.91.0-canary.v20250902140549/op-api-keys-page_clerk.legacy.browser_0affe9_5.91.0-canary.v20250902140549.min.js.gz
- clerk-js/5.91.0-canary.v20250902140549/op-api-keys-page_clerk.legacy.browser_0affe9_5.91.0-canary.v20250902140549.min.js.sri
- clerk-js/5.91.0-canary.v20250902140549/op-billing-page_clerk.browser_982250_5.91.0-canary.v20250902140549.js.br
- clerk-js/5.91.0-canary.v20250902140549/op-billing-page_clerk.browser_982250_5.91.0-canary.v20250902140549.js.gz
- clerk-js/5.91.0-canary.v20250902140549/op-billing-page_clerk.browser_982250_5.91.0-canary.v20250902140549.js.sri
- clerk-js/5.91.0-canary.v20250902140549/op-billing-page_clerk.browser_982250_5.91.0-canary.v20250902140549.min.js.br
- clerk-js/5.91.0-canary.v20250902140549/op-billing-page_clerk.browser_982250_5.91.0-canary.v20250902140549.min.js.gz
- clerk-js/5.91.0-canary.v20250902140549/op-billing-page_clerk.browser_982250_5.91.0-canary.v20250902140549.min.js.sri
- clerk-js/5.91.0-canary.v20250902140549/op-billing-page_clerk.chips.browser_79b87f_5.91.0-canary.v20250902140549.js.br
- clerk-js/5.91.0-canary.v20250902140549/op-billing-page_clerk.chips.browser_79b87f_5.91.0-canary.v20250902140549.js.gz
- clerk-js/5.91.0-canary.v20250902140549/op-billing-page_clerk.chips.browser_79b87f_5.91.0-canary.v20250902140549.js.sri
- clerk-js/5.91.0-canary.v20250902140549/op-billing-page_clerk.chips.browser_79b87f_5.91.0-canary.v20250902140549.min.js.br
- clerk-js/5.91.0-canary.v20250902140549/op-billing-page_clerk.chips.browser_79b87f_5.91.0-canary.v20250902140549.min.js.gz
- clerk-js/5.91.0-canary.v20250902140549/op-billing-page_clerk.chips.browser_79b87f_5.91.0-canary.v20250902140549.min.js.sri
- clerk-js/5.91.0-canary.v20250902140549/op-billing-page_clerk.legacy.browser_0affe9_5.91.0-canary.v20250902140549.js.br
- clerk-js/5.91.0-canary.v20250902140549/op-billing-page_clerk.legacy.browser_0affe9_5.91.0-canary.v20250902140549.js.gz
- clerk-js/5.91.0-canary.v20250902140549/op-billing-page_clerk.legacy.browser_0affe9_5.91.0-canary.v20250902140549.js.sri
- clerk-js/5.91.0-canary.v20250902140549/op-billing-page_clerk.legacy.browser_0affe9_5.91.0-canary.v20250902140549.min.js.br
- clerk-js/5.91.0-canary.v20250902140549/op-billing-page_clerk.legacy.browser_0affe9_5.91.0-canary.v20250902140549.min.js.gz
- clerk-js/5.91.0-canary.v20250902140549/op-billing-page_clerk.legacy.browser_0affe9_5.91.0-canary.v20250902140549.min.js.sri
- clerk-js/5.91.0-canary.v20250902140549/op-plans-page_clerk.browser_982250_5.91.0-canary.v20250902140549.js.br
- clerk-js/5.91.0-canary.v20250902140549/op-plans-page_clerk.browser_982250_5.91.0-canary.v20250902140549.js.gz
- clerk-js/5.91.0-canary.v20250902140549/op-plans-page_clerk.browser_982250_5.91.0-canary.v20250902140549.js.sri
- clerk-js/5.91.0-canary.v20250902140549/op-plans-page_clerk.browser_982250_5.91.0-canary.v20250902140549.min.js.br
- clerk-js/5.91.0-canary.v20250902140549/op-plans-page_clerk.browser_982250_5.91.0-canary.v20250902140549.min.js.gz
- clerk-js/5.91.0-canary.v20250902140549/op-plans-page_clerk.browser_982250_5.91.0-canary.v20250902140549.min.js.sri
- clerk-js/5.91.0-canary.v20250902140549/op-plans-page_clerk.chips.browser_79b87f_5.91.0-canary.v20250902140549.js.br
- clerk-js/5.91.0-canary.v20250902140549/op-plans-page_clerk.chips.browser_79b87f_5.91.0-canary.v20250902140549.js.gz
- clerk-js/5.91.0-canary.v20250902140549/op-plans-page_clerk.chips.browser_79b87f_5.91.0-canary.v20250902140549.js.sri
- clerk-js/5.91.0-canary.v20250902140549/op-plans-page_clerk.chips.browser_79b87f_5.91.0-canary.v20250902140549.min.js.br
- clerk-js/5.91.0-canary.v20250902140549/op-plans-page_clerk.chips.browser_79b87f_5.91.0-canary.v20250902140549.min.js.gz
- clerk-js/5.91.0-canary.v20250902140549/op-plans-page_clerk.chips.browser_79b87f_5.91.0-canary.v20250902140549.min.js.sri
- clerk-js/5.91.0-canary.v20250902140549/op-plans-page_clerk.legacy.browser_0affe9_5.91.0-canary.v20250902140549.js.br
- clerk-js/5.91.0-canary.v20250902140549/op-plans-page_clerk.legacy.browser_0affe9_5.91.0-canary.v20250902140549.js.gz
- clerk-js/5.91.0-canary.v20250902140549/op-plans-page_clerk.legacy.browser_0affe9_5.91.0-canary.v20250902140549.js.sri
- clerk-js/5.91.0-canary.v20250902140549/op-plans-page_clerk.legacy.browser_0affe9_5.91.0-canary.v20250902140549.min.js.br
- clerk-js/5.91.0-canary.v20250902140549/op-plans-page_clerk.legacy.browser_0affe9_5.91.0-canary.v20250902140549.min.js.gz
- clerk-js/5.91.0-canary.v20250902140549/op-plans-page_clerk.legacy.browser_0affe9_5.91.0-canary.v20250902140549.min.js.sri
- clerk-js/5.91.0-canary.v20250902140549/organizationlist_clerk.browser_982250_5.91.0-canary.v20250902140549.js.br
- clerk-js/5.91.0-canary.v20250902140549/organizationlist_clerk.browser_982250_5.91.0-canary.v20250902140549.js.gz
- clerk-js/5.91.0-canary.v20250902140549/organizationlist_clerk.browser_982250_5.91.0-canary.v20250902140549.js.sri
- clerk-js/5.91.0-canary.v20250902140549/organizationlist_clerk.browser_982250_5.91.0-canary.v20250902140549.min.js.br
- clerk-js/5.91.0-canary.v20250902140549/organizationlist_clerk.browser_982250_5.91.0-canary.v20250902140549.min.js.gz
- clerk-js/5.91.0-canary.v20250902140549/organizationlist_clerk.browser_982250_5.91.0-canary.v20250902140549.min.js.sri
- clerk-js/5.91.0-canary.v20250902140549/organizationlist_clerk.chips.browser_79b87f_5.91.0-canary.v20250902140549.js.br
- clerk-js/5.91.0-canary.v20250902140549/organizationlist_clerk.chips.browser_79b87f_5.91.0-canary.v20250902140549.js.gz
- clerk-js/5.91.0-canary.v20250902140549/organizationlist_clerk.chips.browser_79b87f_5.91.0-canary.v20250902140549.js.sri
- clerk-js/5.91.0-canary.v20250902140549/organizationlist_clerk.chips.browser_79b87f_5.91.0-canary.v20250902140549.min.js.br
- clerk-js/5.91.0-canary.v20250902140549/organizationlist_clerk.chips.browser_79b87f_5.91.0-canary.v20250902140549.min.js.gz
- clerk-js/5.91.0-canary.v20250902140549/organizationlist_clerk.chips.browser_79b87f_5.91.0-canary.v20250902140549.min.js.sri
- clerk-js/5.91.0-canary.v20250902140549/organizationlist_clerk.legacy.browser_0affe9_5.91.0-canary.v20250902140549.js.br
- clerk-js/5.91.0-canary.v20250902140549/organizationlist_clerk.legacy.browser_0affe9_5.91.0-canary.v20250902140549.js.gz
- clerk-js/5.91.0-canary.v20250902140549/organizationlist_clerk.legacy.browser_0affe9_5.91.0-canary.v20250902140549.js.sri
- clerk-js/5.91.0-canary.v20250902140549/organizationlist_clerk.legacy.browser_0affe9_5.91.0-canary.v20250902140549.min.js.br
- clerk-js/5.91.0-canary.v20250902140549/organizationlist_clerk.legacy.browser_0affe9_5.91.0-canary.v20250902140549.min.js.gz
- clerk-js/5.91.0-canary.v20250902140549/organizationlist_clerk.legacy.browser_0affe9_5.91.0-canary.v20250902140549.min.js.sri
- clerk-js/5.91.0-canary.v20250902140549/organizationprofile_clerk.browser_982250_5.91.0-canary.v20250902140549.js.br
- clerk-js/5.91.0-canary.v20250902140549/organizationprofile_clerk.browser_982250_5.91.0-canary.v20250902140549.js.gz
- clerk-js/5.91.0-canary.v20250902140549/organizationprofile_clerk.browser_982250_5.91.0-canary.v20250902140549.js.sri
- clerk-js/5.91.0-canary.v20250902140549/organizationprofile_clerk.browser_982250_5.91.0-canary.v20250902140549.min.js.br
- clerk-js/5.91.0-canary.v20250902140549/organizationprofile_clerk.browser_982250_5.91.0-canary.v20250902140549.min.js.gz
- clerk-js/5.91.0-canary.v20250902140549/organizationprofile_clerk.browser_982250_5.91.0-canary.v20250902140549.min.js.sri
- clerk-js/5.91.0-canary.v20250902140549/organizationprofile_clerk.chips.browser_79b87f_5.91.0-canary.v20250902140549.js.br
- clerk-js/5.91.0-canary.v20250902140549/organizationprofile_clerk.chips.browser_79b87f_5.91.0-canary.v20250902140549.js.gz
- clerk-js/5.91.0-canary.v20250902140549/organizationprofile_clerk.chips.browser_79b87f_5.91.0-canary.v20250902140549.js.sri
- clerk-js/5.91.0-canary.v20250902140549/organizationprofile_clerk.chips.browser_79b87f_5.91.0-canary.v20250902140549.min.js.br
- clerk-js/5.91.0-canary.v20250902140549/organizationprofile_clerk.chips.browser_79b87f_5.91.0-canary.v20250902140549.min.js.gz
- clerk-js/5.91.0-canary.v20250902140549/organizationprofile_clerk.chips.browser_79b87f_5.91.0-canary.v20250902140549.min.js.sri
- clerk-js/5.91.0-canary.v20250902140549/organizationprofile_clerk.legacy.browser_0affe9_5.91.0-canary.v20250902140549.js.br
- clerk-js/5.91.0-canary.v20250902140549/organizationprofile_clerk.legacy.browser_0affe9_5.91.0-canary.v20250902140549.js.gz
- clerk-js/5.91.0-canary.v20250902140549/organizationprofile_clerk.legacy.browser_0affe9_5.91.0-canary.v20250902140549.js.sri
- clerk-js/5.91.0-canary.v20250902140549/organizationprofile_clerk.legacy.browser_0affe9_5.91.0-canary.v20250902140549.min.js.br
- clerk-js/5.91.0-canary.v20250902140549/organizationprofile_clerk.legacy.browser_0affe9_5.91.0-canary.v20250902140549.min.js.gz
- clerk-js/5.91.0-canary.v20250902140549/organizationprofile_clerk.legacy.browser_0affe9_5.91.0-canary.v20250902140549.min.js.sri
- clerk-js/5.91.0-canary.v20250902140549/organizationswitcher_clerk.browser_982250_5.91.0-canary.v20250902140549.js.br
- clerk-js/5.91.0-canary.v20250902140549/organizationswitcher_clerk.browser_982250_5.91.0-canary.v20250902140549.js.gz
- clerk-js/5.91.0-canary.v20250902140549/organizationswitcher_clerk.browser_982250_5.91.0-canary.v20250902140549.js.sri
- clerk-js/5.91.0-canary.v20250902140549/organizationswitcher_clerk.browser_982250_5.91.0-canary.v20250902140549.min.js.br
- clerk-js/5.91.0-canary.v20250902140549/organizationswitcher_clerk.browser_982250_5.91.0-canary.v20250902140549.min.js.gz
- clerk-js/5.91.0-canary.v20250902140549/organizationswitcher_clerk.browser_982250_5.91.0-canary.v20250902140549.min.js.sri
- clerk-js/5.91.0-canary.v20250902140549/organizationswitcher_clerk.chips.browser_79b87f_5.91.0-canary.v20250902140549.js.br
- clerk-js/5.91.0-canary.v20250902140549/organizationswitcher_clerk.chips.browser_79b87f_5.91.0-canary.v20250902140549.js.gz
- clerk-js/5.91.0-canary.v20250902140549/organizationswitcher_clerk.chips.browser_79b87f_5.91.0-canary.v20250902140549.js.sri
- clerk-js/5.91.0-canary.v20250902140549/organizationswitcher_clerk.chips.browser_79b87f_5.91.0-canary.v20250902140549.min.js.br
- clerk-js/5.91.0-canary.v20250902140549/organizationswitcher_clerk.chips.browser_79b87f_5.91.0-canary.v20250902140549.min.js.gz
- clerk-js/5.91.0-canary.v20250902140549/organizationswitcher_clerk.chips.browser_79b87f_5.91.0-canary.v20250902140549.min.js.sri
- clerk-js/5.91.0-canary.v20250902140549/organizationswitcher_clerk.legacy.browser_0affe9_5.91.0-canary.v20250902140549.js.br
- clerk-js/5.91.0-canary.v20250902140549/organizationswitcher_clerk.legacy.browser_0affe9_5.91.0-canary.v20250902140549.js.gz
- clerk-js/5.91.0-canary.v20250902140549/organizationswitcher_clerk.legacy.browser_0affe9_5.91.0-canary.v20250902140549.js.sri
- clerk-js/5.91.0-canary.v20250902140549/organizationswitcher_clerk.legacy.browser_0affe9_5.91.0-canary.v20250902140549.min.js.br
- clerk-js/5.91.0-canary.v20250902140549/organizationswitcher_clerk.legacy.browser_0affe9_5.91.0-canary.v20250902140549.min.js.gz
- clerk-js/5.91.0-canary.v20250902140549/organizationswitcher_clerk.legacy.browser_0affe9_5.91.0-canary.v20250902140549.min.js.sri
- clerk-js/5.91.0-canary.v20250902140549/payment-attempt-page_clerk.browser_982250_5.91.0-canary.v20250902140549.js.br
- clerk-js/5.91.0-canary.v20250902140549/payment-attempt-page_clerk.browser_982250_5.91.0-canary.v20250902140549.js.gz
- clerk-js/5.91.0-canary.v20250902140549/payment-attempt-page_clerk.browser_982250_5.91.0-canary.v20250902140549.js.sri
- clerk-js/5.91.0-canary.v20250902140549/payment-attempt-page_clerk.browser_982250_5.91.0-canary.v20250902140549.min.js.br
- clerk-js/5.91.0-canary.v20250902140549/payment-attempt-page_clerk.browser_982250_5.91.0-canary.v20250902140549.min.js.gz
- clerk-js/5.91.0-canary.v20250902140549/payment-attempt-page_clerk.browser_982250_5.91.0-canary.v20250902140549.min.js.sri
- clerk-js/5.91.0-canary.v20250902140549/payment-attempt-page_clerk.chips.browser_79b87f_5.91.0-canary.v20250902140549.js.br
- clerk-js/5.91.0-canary.v20250902140549/payment-attempt-page_clerk.chips.browser_79b87f_5.91.0-canary.v20250902140549.js.gz
- clerk-js/5.91.0-canary.v20250902140549/payment-attempt-page_clerk.chips.browser_79b87f_5.91.0-canary.v20250902140549.js.sri
- clerk-js/5.91.0-canary.v20250902140549/payment-attempt-page_clerk.chips.browser_79b87f_5.91.0-canary.v20250902140549.min.js.br
- clerk-js/5.91.0-canary.v20250902140549/payment-attempt-page_clerk.chips.browser_79b87f_5.91.0-canary.v20250902140549.min.js.gz
- clerk-js/5.91.0-canary.v20250902140549/payment-attempt-page_clerk.chips.browser_79b87f_5.91.0-canary.v20250902140549.min.js.sri
- clerk-js/5.91.0-canary.v20250902140549/payment-attempt-page_clerk.legacy.browser_0affe9_5.91.0-canary.v20250902140549.js.br
- clerk-js/5.91.0-canary.v20250902140549/payment-attempt-page_clerk.legacy.browser_0affe9_5.91.0-canary.v20250902140549.js.gz
- clerk-js/5.91.0-canary.v20250902140549/payment-attempt-page_clerk.legacy.browser_0affe9_5.91.0-canary.v20250902140549.js.sri
- clerk-js/5.91.0-canary.v20250902140549/payment-attempt-page_clerk.legacy.browser_0affe9_5.91.0-canary.v20250902140549.min.js.br
- clerk-js/5.91.0-canary.v20250902140549/payment-attempt-page_clerk.legacy.browser_0affe9_5.91.0-canary.v20250902140549.min.js.gz
- clerk-js/5.91.0-canary.v20250902140549/payment-attempt-page_clerk.legacy.browser_0affe9_5.91.0-canary.v20250902140549.min.js.sri
- clerk-js/5.91.0-canary.v20250902140549/planDetails_clerk.browser_982250_5.91.0-canary.v20250902140549.js.br
- clerk-js/5.91.0-canary.v20250902140549/planDetails_clerk.browser_982250_5.91.0-canary.v20250902140549.js.gz
- clerk-js/5.91.0-canary.v20250902140549/planDetails_clerk.browser_982250_5.91.0-canary.v20250902140549.js.sri
- clerk-js/5.91.0-canary.v20250902140549/planDetails_clerk.browser_982250_5.91.0-canary.v20250902140549.min.js.br
- clerk-js/5.91.0-canary.v20250902140549/planDetails_clerk.browser_982250_5.91.0-canary.v20250902140549.min.js.gz
- clerk-js/5.91.0-canary.v20250902140549/planDetails_clerk.browser_982250_5.91.0-canary.v20250902140549.min.js.sri
- clerk-js/5.91.0-canary.v20250902140549/planDetails_clerk.chips.browser_79b87f_5.91.0-canary.v20250902140549.js.br
- clerk-js/5.91.0-canary.v20250902140549/planDetails_clerk.chips.browser_79b87f_5.91.0-canary.v20250902140549.js.gz
- clerk-js/5.91.0-canary.v20250902140549/planDetails_clerk.chips.browser_79b87f_5.91.0-canary.v20250902140549.js.sri
- clerk-js/5.91.0-canary.v20250902140549/planDetails_clerk.chips.browser_79b87f_5.91.0-canary.v20250902140549.min.js.br
- clerk-js/5.91.0-canary.v20250902140549/planDetails_clerk.chips.browser_79b87f_5.91.0-canary.v20250902140549.min.js.gz
- clerk-js/5.91.0-canary.v20250902140549/planDetails_clerk.chips.browser_79b87f_5.91.0-canary.v20250902140549.min.js.sri
- clerk-js/5.91.0-canary.v20250902140549/planDetails_clerk.legacy.browser_0affe9_5.91.0-canary.v20250902140549.js.br
- clerk-js/5.91.0-canary.v20250902140549/planDetails_clerk.legacy.browser_0affe9_5.91.0-canary.v20250902140549.js.gz
- clerk-js/5.91.0-canary.v20250902140549/planDetails_clerk.legacy.browser_0affe9_5.91.0-canary.v20250902140549.js.sri
- clerk-js/5.91.0-canary.v20250902140549/planDetails_clerk.legacy.browser_0affe9_5.91.0-canary.v20250902140549.min.js.br
- clerk-js/5.91.0-canary.v20250902140549/planDetails_clerk.legacy.browser_0affe9_5.91.0-canary.v20250902140549.min.js.gz
- clerk-js/5.91.0-canary.v20250902140549/planDetails_clerk.legacy.browser_0affe9_5.91.0-canary.v20250902140549.min.js.sri
- clerk-js/5.91.0-canary.v20250902140549/prefetchorganizationlist_clerk.browser_982250_5.91.0-canary.v20250902140549.js.br
- clerk-js/5.91.0-canary.v20250902140549/prefetchorganizationlist_clerk.browser_982250_5.91.0-canary.v20250902140549.js.gz
- clerk-js/5.91.0-canary.v20250902140549/prefetchorganizationlist_clerk.browser_982250_5.91.0-canary.v20250902140549.js.sri
- clerk-js/5.91.0-canary.v20250902140549/prefetchorganizationlist_clerk.browser_982250_5.91.0-canary.v20250902140549.min.js.br
- clerk-js/5.91.0-canary.v20250902140549/prefetchorganizationlist_clerk.browser_982250_5.91.0-canary.v20250902140549.min.js.gz
- clerk-js/5.91.0-canary.v20250902140549/prefetchorganizationlist_clerk.browser_982250_5.91.0-canary.v20250902140549.min.js.sri
- clerk-js/5.91.0-canary.v20250902140549/prefetchorganizationlist_clerk.chips.browser_79b87f_5.91.0-canary.v20250902140549.js.br
- clerk-js/5.91.0-canary.v20250902140549/prefetchorganizationlist_clerk.chips.browser_79b87f_5.91.0-canary.v20250902140549.js.gz
- clerk-js/5.91.0-canary.v20250902140549/prefetchorganizationlist_clerk.chips.browser_79b87f_5.91.0-canary.v20250902140549.js.sri
- clerk-js/5.91.0-canary.v20250902140549/prefetchorganizationlist_clerk.chips.browser_79b87f_5.91.0-canary.v20250902140549.min.js.br
- clerk-js/5.91.0-canary.v20250902140549/prefetchorganizationlist_clerk.chips.browser_79b87f_5.91.0-canary.v20250902140549.min.js.gz
- clerk-js/5.91.0-canary.v20250902140549/prefetchorganizationlist_clerk.chips.browser_79b87f_5.91.0-canary.v20250902140549.min.js.sri
- clerk-js/5.91.0-canary.v20250902140549/prefetchorganizationlist_clerk.legacy.browser_0affe9_5.91.0-canary.v20250902140549.js.br
- clerk-js/5.91.0-canary.v20250902140549/prefetchorganizationlist_clerk.legacy.browser_0affe9_5.91.0-canary.v20250902140549.js.gz
- clerk-js/5.91.0-canary.v20250902140549/prefetchorganizationlist_clerk.legacy.browser_0affe9_5.91.0-canary.v20250902140549.js.sri
- clerk-js/5.91.0-canary.v20250902140549/prefetchorganizationlist_clerk.legacy.browser_0affe9_5.91.0-canary.v20250902140549.min.js.br
- clerk-js/5.91.0-canary.v20250902140549/prefetchorganizationlist_clerk.legacy.browser_0affe9_5.91.0-canary.v20250902140549.min.js.gz
- clerk-js/5.91.0-canary.v20250902140549/prefetchorganizationlist_clerk.legacy.browser_0affe9_5.91.0-canary.v20250902140549.min.js.sri
- clerk-js/5.91.0-canary.v20250902140549/pricingTable_clerk.browser_982250_5.91.0-canary.v20250902140549.js.br
- clerk-js/5.91.0-canary.v20250902140549/pricingTable_clerk.browser_982250_5.91.0-canary.v20250902140549.js.gz
- clerk-js/5.91.0-canary.v20250902140549/pricingTable_clerk.browser_982250_5.91.0-canary.v20250902140549.js.sri
- clerk-js/5.91.0-canary.v20250902140549/pricingTable_clerk.browser_982250_5.91.0-canary.v20250902140549.min.js.br
- clerk-js/5.91.0-canary.v20250902140549/pricingTable_clerk.browser_982250_5.91.0-canary.v20250902140549.min.js.gz
- clerk-js/5.91.0-canary.v20250902140549/pricingTable_clerk.browser_982250_5.91.0-canary.v20250902140549.min.js.sri
- clerk-js/5.91.0-canary.v20250902140549/pricingTable_clerk.chips.browser_79b87f_5.91.0-canary.v20250902140549.js.br
- clerk-js/5.91.0-canary.v20250902140549/pricingTable_clerk.chips.browser_79b87f_5.91.0-canary.v20250902140549.js.gz
- clerk-js/5.91.0-canary.v20250902140549/pricingTable_clerk.chips.browser_79b87f_5.91.0-canary.v20250902140549.js.sri
- clerk-js/5.91.0-canary.v20250902140549/pricingTable_clerk.chips.browser_79b87f_5.91.0-canary.v20250902140549.min.js.br
- clerk-js/5.91.0-canary.v20250902140549/pricingTable_clerk.chips.browser_79b87f_5.91.0-canary.v20250902140549.min.js.gz
- clerk-js/5.91.0-canary.v20250902140549/pricingTable_clerk.chips.browser_79b87f_5.91.0-canary.v20250902140549.min.js.sri
- clerk-js/5.91.0-canary.v20250902140549/pricingTable_clerk.legacy.browser_0affe9_5.91.0-canary.v20250902140549.js.br
- clerk-js/5.91.0-canary.v20250902140549/pricingTable_clerk.legacy.browser_0affe9_5.91.0-canary.v20250902140549.js.gz
- clerk-js/5.91.0-canary.v20250902140549/pricingTable_clerk.legacy.browser_0affe9_5.91.0-canary.v20250902140549.js.sri
- clerk-js/5.91.0-canary.v20250902140549/pricingTable_clerk.legacy.browser_0affe9_5.91.0-canary.v20250902140549.min.js.br
- clerk-js/5.91.0-canary.v20250902140549/pricingTable_clerk.legacy.browser_0affe9_5.91.0-canary.v20250902140549.min.js.gz
- clerk-js/5.91.0-canary.v20250902140549/pricingTable_clerk.legacy.browser_0affe9_5.91.0-canary.v20250902140549.min.js.sri
- clerk-js/5.91.0-canary.v20250902140549/revoke-api-key-modal_clerk.browser_982250_5.91.0-canary.v20250902140549.js.br
- clerk-js/5.91.0-canary.v20250902140549/revoke-api-key-modal_clerk.browser_982250_5.91.0-canary.v20250902140549.js.gz
- clerk-js/5.91.0-canary.v20250902140549/revoke-api-key-modal_clerk.browser_982250_5.91.0-canary.v20250902140549.js.sri
- clerk-js/5.91.0-canary.v20250902140549/revoke-api-key-modal_clerk.browser_982250_5.91.0-canary.v20250902140549.min.js.br
- clerk-js/5.91.0-canary.v20250902140549/revoke-api-key-modal_clerk.browser_982250_5.91.0-canary.v20250902140549.min.js.gz
- clerk-js/5.91.0-canary.v20250902140549/revoke-api-key-modal_clerk.browser_982250_5.91.0-canary.v20250902140549.min.js.sri
- clerk-js/5.91.0-canary.v20250902140549/revoke-api-key-modal_clerk.chips.browser_79b87f_5.91.0-canary.v20250902140549.js.br
- clerk-js/5.91.0-canary.v20250902140549/revoke-api-key-modal_clerk.chips.browser_79b87f_5.91.0-canary.v20250902140549.js.gz
- clerk-js/5.91.0-canary.v20250902140549/revoke-api-key-modal_clerk.chips.browser_79b87f_5.91.0-canary.v20250902140549.js.sri
- clerk-js/5.91.0-canary.v20250902140549/revoke-api-key-modal_clerk.chips.browser_79b87f_5.91.0-canary.v20250902140549.min.js.br
- clerk-js/5.91.0-canary.v20250902140549/revoke-api-key-modal_clerk.chips.browser_79b87f_5.91.0-canary.v20250902140549.min.js.gz
- clerk-js/5.91.0-canary.v20250902140549/revoke-api-key-modal_clerk.chips.browser_79b87f_5.91.0-canary.v20250902140549.min.js.sri
- clerk-js/5.91.0-canary.v20250902140549/revoke-api-key-modal_clerk.legacy.browser_0affe9_5.91.0-canary.v20250902140549.js.br
- clerk-js/5.91.0-canary.v20250902140549/revoke-api-key-modal_clerk.legacy.browser_0affe9_5.91.0-canary.v20250902140549.js.gz
- clerk-js/5.91.0-canary.v20250902140549/revoke-api-key-modal_clerk.legacy.browser_0affe9_5.91.0-canary.v20250902140549.js.sri
- clerk-js/5.91.0-canary.v20250902140549/revoke-api-key-modal_clerk.legacy.browser_0affe9_5.91.0-canary.v20250902140549.min.js.br
- clerk-js/5.91.0-canary.v20250902140549/revoke-api-key-modal_clerk.legacy.browser_0affe9_5.91.0-canary.v20250902140549.min.js.gz
- clerk-js/5.91.0-canary.v20250902140549/revoke-api-key-modal_clerk.legacy.browser_0affe9_5.91.0-canary.v20250902140549.min.js.sri
- clerk-js/5.91.0-canary.v20250902140549/sessionTasks_clerk.browser_982250_5.91.0-canary.v20250902140549.js.br
- clerk-js/5.91.0-canary.v20250902140549/sessionTasks_clerk.browser_982250_5.91.0-canary.v20250902140549.js.gz
- clerk-js/5.91.0-canary.v20250902140549/sessionTasks_clerk.browser_982250_5.91.0-canary.v20250902140549.js.sri
- clerk-js/5.91.0-canary.v20250902140549/sessionTasks_clerk.browser_982250_5.91.0-canary.v20250902140549.min.js.br
- clerk-js/5.91.0-canary.v20250902140549/sessionTasks_clerk.browser_982250_5.91.0-canary.v20250902140549.min.js.gz
- clerk-js/5.91.0-canary.v20250902140549/sessionTasks_clerk.browser_982250_5.91.0-canary.v20250902140549.min.js.sri
- clerk-js/5.91.0-canary.v20250902140549/sessionTasks_clerk.chips.browser_79b87f_5.91.0-canary.v20250902140549.js.br
- clerk-js/5.91.0-canary.v20250902140549/sessionTasks_clerk.chips.browser_79b87f_5.91.0-canary.v20250902140549.js.gz
- clerk-js/5.91.0-canary.v20250902140549/sessionTasks_clerk.chips.browser_79b87f_5.91.0-canary.v20250902140549.js.sri
- clerk-js/5.91.0-canary.v20250902140549/sessionTasks_clerk.chips.browser_79b87f_5.91.0-canary.v20250902140549.min.js.br
- clerk-js/5.91.0-canary.v20250902140549/sessionTasks_clerk.chips.browser_79b87f_5.91.0-canary.v20250902140549.min.js.gz
- clerk-js/5.91.0-canary.v20250902140549/sessionTasks_clerk.chips.browser_79b87f_5.91.0-canary.v20250902140549.min.js.sri
- clerk-js/5.91.0-canary.v20250902140549/sessionTasks_clerk.legacy.browser_0affe9_5.91.0-canary.v20250902140549.js.br
- clerk-js/5.91.0-canary.v20250902140549/sessionTasks_clerk.legacy.browser_0affe9_5.91.0-canary.v20250902140549.js.gz
- clerk-js/5.91.0-canary.v20250902140549/sessionTasks_clerk.legacy.browser_0affe9_5.91.0-canary.v20250902140549.js.sri
- clerk-js/5.91.0-canary.v20250902140549/sessionTasks_clerk.legacy.browser_0affe9_5.91.0-canary.v20250902140549.min.js.br
- clerk-js/5.91.0-canary.v20250902140549/sessionTasks_clerk.legacy.browser_0affe9_5.91.0-canary.v20250902140549.min.js.gz
- clerk-js/5.91.0-canary.v20250902140549/sessionTasks_clerk.legacy.browser_0affe9_5.91.0-canary.v20250902140549.min.js.sri
- clerk-js/5.91.0-canary.v20250902140549/signin_clerk.browser_982250_5.91.0-canary.v20250902140549.js.br
- clerk-js/5.91.0-canary.v20250902140549/signin_clerk.browser_982250_5.91.0-canary.v20250902140549.js.gz
- clerk-js/5.91.0-canary.v20250902140549/signin_clerk.browser_982250_5.91.0-canary.v20250902140549.js.sri
- clerk-js/5.91.0-canary.v20250902140549/signin_clerk.browser_982250_5.91.0-canary.v20250902140549.min.js.br
- clerk-js/5.91.0-canary.v20250902140549/signin_clerk.browser_982250_5.91.0-canary.v20250902140549.min.js.gz
- clerk-js/5.91.0-canary.v20250902140549/signin_clerk.browser_982250_5.91.0-canary.v20250902140549.min.js.sri
- clerk-js/5.91.0-canary.v20250902140549/signin_clerk.chips.browser_79b87f_5.91.0-canary.v20250902140549.js.br
- clerk-js/5.91.0-canary.v20250902140549/signin_clerk.chips.browser_79b87f_5.91.0-canary.v20250902140549.js.gz
- clerk-js/5.91.0-canary.v20250902140549/signin_clerk.chips.browser_79b87f_5.91.0-canary.v20250902140549.js.sri
- clerk-js/5.91.0-canary.v20250902140549/signin_clerk.chips.browser_79b87f_5.91.0-canary.v20250902140549.min.js.br
- clerk-js/5.91.0-canary.v20250902140549/signin_clerk.chips.browser_79b87f_5.91.0-canary.v20250902140549.min.js.gz
- clerk-js/5.91.0-canary.v20250902140549/signin_clerk.chips.browser_79b87f_5.91.0-canary.v20250902140549.min.js.sri
- clerk-js/5.91.0-canary.v20250902140549/signin_clerk.legacy.browser_0affe9_5.91.0-canary.v20250902140549.js.br
- clerk-js/5.91.0-canary.v20250902140549/signin_clerk.legacy.browser_0affe9_5.91.0-canary.v20250902140549.js.gz
- clerk-js/5.91.0-canary.v20250902140549/signin_clerk.legacy.browser_0affe9_5.91.0-canary.v20250902140549.js.sri
- clerk-js/5.91.0-canary.v20250902140549/signin_clerk.legacy.browser_0affe9_5.91.0-canary.v20250902140549.min.js.br
- clerk-js/5.91.0-canary.v20250902140549/signin_clerk.legacy.browser_0affe9_5.91.0-canary.v20250902140549.min.js.gz
- clerk-js/5.91.0-canary.v20250902140549/signin_clerk.legacy.browser_0affe9_5.91.0-canary.v20250902140549.min.js.sri
- clerk-js/5.91.0-canary.v20250902140549/signup_clerk.browser_982250_5.91.0-canary.v20250902140549.js.br
- clerk-js/5.91.0-canary.v20250902140549/signup_clerk.browser_982250_5.91.0-canary.v20250902140549.js.gz
- clerk-js/5.91.0-canary.v20250902140549/signup_clerk.browser_982250_5.91.0-canary.v20250902140549.js.sri
- clerk-js/5.91.0-canary.v20250902140549/signup_clerk.browser_982250_5.91.0-canary.v20250902140549.min.js.br
- clerk-js/5.91.0-canary.v20250902140549/signup_clerk.browser_982250_5.91.0-canary.v20250902140549.min.js.gz
- clerk-js/5.91.0-canary.v20250902140549/signup_clerk.browser_982250_5.91.0-canary.v20250902140549.min.js.sri
- clerk-js/5.91.0-canary.v20250902140549/signup_clerk.chips.browser_79b87f_5.91.0-canary.v20250902140549.js.br
- clerk-js/5.91.0-canary.v20250902140549/signup_clerk.chips.browser_79b87f_5.91.0-canary.v20250902140549.js.gz
- clerk-js/5.91.0-canary.v20250902140549/signup_clerk.chips.browser_79b87f_5.91.0-canary.v20250902140549.js.sri
- clerk-js/5.91.0-canary.v20250902140549/signup_clerk.chips.browser_79b87f_5.91.0-canary.v20250902140549.min.js.br
- clerk-js/5.91.0-canary.v20250902140549/signup_clerk.chips.browser_79b87f_5.91.0-canary.v20250902140549.min.js.gz
- clerk-js/5.91.0-canary.v20250902140549/signup_clerk.chips.browser_79b87f_5.91.0-canary.v20250902140549.min.js.sri
- clerk-js/5.91.0-canary.v20250902140549/signup_clerk.legacy.browser_0affe9_5.91.0-canary.v20250902140549.js.br
- clerk-js/5.91.0-canary.v20250902140549/signup_clerk.legacy.browser_0affe9_5.91.0-canary.v20250902140549.js.gz
- clerk-js/5.91.0-canary.v20250902140549/signup_clerk.legacy.browser_0affe9_5.91.0-canary.v20250902140549.js.sri
- clerk-js/5.91.0-canary.v20250902140549/signup_clerk.legacy.browser_0affe9_5.91.0-canary.v20250902140549.min.js.br
- clerk-js/5.91.0-canary.v20250902140549/signup_clerk.legacy.browser_0affe9_5.91.0-canary.v20250902140549.min.js.gz
- clerk-js/5.91.0-canary.v20250902140549/signup_clerk.legacy.browser_0affe9_5.91.0-canary.v20250902140549.min.js.sri
- clerk-js/5.91.0-canary.v20250902140549/statement-page_clerk.browser_982250_5.91.0-canary.v20250902140549.js.br
- clerk-js/5.91.0-canary.v20250902140549/statement-page_clerk.browser_982250_5.91.0-canary.v20250902140549.js.gz
- clerk-js/5.91.0-canary.v20250902140549/statement-page_clerk.browser_982250_5.91.0-canary.v20250902140549.js.sri
- clerk-js/5.91.0-canary.v20250902140549/statement-page_clerk.browser_982250_5.91.0-canary.v20250902140549.min.js.br
- clerk-js/5.91.0-canary.v20250902140549/statement-page_clerk.browser_982250_5.91.0-canary.v20250902140549.min.js.gz
- clerk-js/5.91.0-canary.v20250902140549/statement-page_clerk.browser_982250_5.91.0-canary.v20250902140549.min.js.sri
- clerk-js/5.91.0-canary.v20250902140549/statement-page_clerk.chips.browser_79b87f_5.91.0-canary.v20250902140549.js.br
- clerk-js/5.91.0-canary.v20250902140549/statement-page_clerk.chips.browser_79b87f_5.91.0-canary.v20250902140549.js.gz
- clerk-js/5.91.0-canary.v20250902140549/statement-page_clerk.chips.browser_79b87f_5.91.0-canary.v20250902140549.js.sri
- clerk-js/5.91.0-canary.v20250902140549/statement-page_clerk.chips.browser_79b87f_5.91.0-canary.v20250902140549.min.js.br
- clerk-js/5.91.0-canary.v20250902140549/statement-page_clerk.chips.browser_79b87f_5.91.0-canary.v20250902140549.min.js.gz
- clerk-js/5.91.0-canary.v20250902140549/statement-page_clerk.chips.browser_79b87f_5.91.0-canary.v20250902140549.min.js.sri
- clerk-js/5.91.0-canary.v20250902140549/statement-page_clerk.legacy.browser_0affe9_5.91.0-canary.v20250902140549.js.br
- clerk-js/5.91.0-canary.v20250902140549/statement-page_clerk.legacy.browser_0affe9_5.91.0-canary.v20250902140549.js.gz
- clerk-js/5.91.0-canary.v20250902140549/statement-page_clerk.legacy.browser_0affe9_5.91.0-canary.v20250902140549.js.sri
- clerk-js/5.91.0-canary.v20250902140549/statement-page_clerk.legacy.browser_0affe9_5.91.0-canary.v20250902140549.min.js.br
- clerk-js/5.91.0-canary.v20250902140549/statement-page_clerk.legacy.browser_0affe9_5.91.0-canary.v20250902140549.min.js.gz
- clerk-js/5.91.0-canary.v20250902140549/statement-page_clerk.legacy.browser_0affe9_5.91.0-canary.v20250902140549.min.js.sri
- clerk-js/5.91.0-canary.v20250902140549/stripe-vendors_clerk.browser_982250_5.91.0-canary.v20250902140549.js.br
- clerk-js/5.91.0-canary.v20250902140549/stripe-vendors_clerk.browser_982250_5.91.0-canary.v20250902140549.js.gz
- clerk-js/5.91.0-canary.v20250902140549/stripe-vendors_clerk.browser_982250_5.91.0-canary.v20250902140549.js.sri
- clerk-js/5.91.0-canary.v20250902140549/stripe-vendors_clerk.browser_982250_5.91.0-canary.v20250902140549.min.js.br
- clerk-js/5.91.0-canary.v20250902140549/stripe-vendors_clerk.browser_982250_5.91.0-canary.v20250902140549.min.js.gz
- clerk-js/5.91.0-canary.v20250902140549/stripe-vendors_clerk.browser_982250_5.91.0-canary.v20250902140549.min.js.sri
- clerk-js/5.91.0-canary.v20250902140549/stripe-vendors_clerk.chips.browser_79b87f_5.91.0-canary.v20250902140549.js.br
- clerk-js/5.91.0-canary.v20250902140549/stripe-vendors_clerk.chips.browser_79b87f_5.91.0-canary.v20250902140549.js.gz
- clerk-js/5.91.0-canary.v20250902140549/stripe-vendors_clerk.chips.browser_79b87f_5.91.0-canary.v20250902140549.js.sri
- clerk-js/5.91.0-canary.v20250902140549/stripe-vendors_clerk.chips.browser_79b87f_5.91.0-canary.v20250902140549.min.js.br
- clerk-js/5.91.0-canary.v20250902140549/stripe-vendors_clerk.chips.browser_79b87f_5.91.0-canary.v20250902140549.min.js.gz
- clerk-js/5.91.0-canary.v20250902140549/stripe-vendors_clerk.chips.browser_79b87f_5.91.0-canary.v20250902140549.min.js.sri
- clerk-js/5.91.0-canary.v20250902140549/stripe-vendors_clerk.headless.browser_bcd606_5.91.0-canary.v20250902140549.js.br
- clerk-js/5.91.0-canary.v20250902140549/stripe-vendors_clerk.headless.browser_bcd606_5.91.0-canary.v20250902140549.js.gz
- clerk-js/5.91.0-canary.v20250902140549/stripe-vendors_clerk.headless.browser_bcd606_5.91.0-canary.v20250902140549.js.sri
- clerk-js/5.91.0-canary.v20250902140549/stripe-vendors_clerk.headless.browser_bcd606_5.91.0-canary.v20250902140549.min.js.br
- clerk-js/5.91.0-canary.v20250902140549/stripe-vendors_clerk.headless.browser_bcd606_5.91.0-canary.v20250902140549.min.js.gz
- clerk-js/5.91.0-canary.v20250902140549/stripe-vendors_clerk.headless.browser_bcd606_5.91.0-canary.v20250902140549.min.js.sri
- clerk-js/5.91.0-canary.v20250902140549/stripe-vendors_clerk.legacy.browser_0affe9_5.91.0-canary.v20250902140549.js.br
- clerk-js/5.91.0-canary.v20250902140549/stripe-vendors_clerk.legacy.browser_0affe9_5.91.0-canary.v20250902140549.js.gz
- clerk-js/5.91.0-canary.v20250902140549/stripe-vendors_clerk.legacy.browser_0affe9_5.91.0-canary.v20250902140549.js.sri
- clerk-js/5.91.0-canary.v20250902140549/stripe-vendors_clerk.legacy.browser_0affe9_5.91.0-canary.v20250902140549.min.js.br
- clerk-js/5.91.0-canary.v20250902140549/stripe-vendors_clerk.legacy.browser_0affe9_5.91.0-canary.v20250902140549.min.js.gz
- clerk-js/5.91.0-canary.v20250902140549/stripe-vendors_clerk.legacy.browser_0affe9_5.91.0-canary.v20250902140549.min.js.sri
- clerk-js/5.91.0-canary.v20250902140549/subscriptionDetails_clerk.browser_982250_5.91.0-canary.v20250902140549.js.br
- clerk-js/5.91.0-canary.v20250902140549/subscriptionDetails_clerk.browser_982250_5.91.0-canary.v20250902140549.js.gz
- clerk-js/5.91.0-canary.v20250902140549/subscriptionDetails_clerk.browser_982250_5.91.0-canary.v20250902140549.js.sri
- clerk-js/5.91.0-canary.v20250902140549/subscriptionDetails_clerk.browser_982250_5.91.0-canary.v20250902140549.min.js.br
- clerk-js/5.91.0-canary.v20250902140549/subscriptionDetails_clerk.browser_982250_5.91.0-canary.v20250902140549.min.js.gz
- clerk-js/5.91.0-canary.v20250902140549/subscriptionDetails_clerk.browser_982250_5.91.0-canary.v20250902140549.min.js.sri
- clerk-js/5.91.0-canary.v20250902140549/subscriptionDetails_clerk.chips.browser_79b87f_5.91.0-canary.v20250902140549.js.br
- clerk-js/5.91.0-canary.v20250902140549/subscriptionDetails_clerk.chips.browser_79b87f_5.91.0-canary.v20250902140549.js.gz
- clerk-js/5.91.0-canary.v20250902140549/subscriptionDetails_clerk.chips.browser_79b87f_5.91.0-canary.v20250902140549.js.sri
- clerk-js/5.91.0-canary.v20250902140549/subscriptionDetails_clerk.chips.browser_79b87f_5.91.0-canary.v20250902140549.min.js.br
- clerk-js/5.91.0-canary.v20250902140549/subscriptionDetails_clerk.chips.browser_79b87f_5.91.0-canary.v20250902140549.min.js.gz
- clerk-js/5.91.0-canary.v20250902140549/subscriptionDetails_clerk.chips.browser_79b87f_5.91.0-canary.v20250902140549.min.js.sri
- clerk-js/5.91.0-canary.v20250902140549/subscriptionDetails_clerk.legacy.browser_0affe9_5.91.0-canary.v20250902140549.js.br
- clerk-js/5.91.0-canary.v20250902140549/subscriptionDetails_clerk.legacy.browser_0affe9_5.91.0-canary.v20250902140549.js.gz
- clerk-js/5.91.0-canary.v20250902140549/subscriptionDetails_clerk.legacy.browser_0affe9_5.91.0-canary.v20250902140549.js.sri
- clerk-js/5.91.0-canary.v20250902140549/subscriptionDetails_clerk.legacy.browser_0affe9_5.91.0-canary.v20250902140549.min.js.br
- clerk-js/5.91.0-canary.v20250902140549/subscriptionDetails_clerk.legacy.browser_0affe9_5.91.0-canary.v20250902140549.min.js.gz
- clerk-js/5.91.0-canary.v20250902140549/subscriptionDetails_clerk.legacy.browser_0affe9_5.91.0-canary.v20250902140549.min.js.sri
- clerk-js/5.91.0-canary.v20250902140549/taskChooseOrganization_clerk.browser_982250_5.91.0-canary.v20250902140549.js.br
- clerk-js/5.91.0-canary.v20250902140549/taskChooseOrganization_clerk.browser_982250_5.91.0-canary.v20250902140549.js.gz
- clerk-js/5.91.0-canary.v20250902140549/taskChooseOrganization_clerk.browser_982250_5.91.0-canary.v20250902140549.js.sri
- clerk-js/5.91.0-canary.v20250902140549/taskChooseOrganization_clerk.browser_982250_5.91.0-canary.v20250902140549.min.js.br
- clerk-js/5.91.0-canary.v20250902140549/taskChooseOrganization_clerk.browser_982250_5.91.0-canary.v20250902140549.min.js.gz
- clerk-js/5.91.0-canary.v20250902140549/taskChooseOrganization_clerk.browser_982250_5.91.0-canary.v20250902140549.min.js.sri
- clerk-js/5.91.0-canary.v20250902140549/taskChooseOrganization_clerk.chips.browser_79b87f_5.91.0-canary.v20250902140549.js.br
- clerk-js/5.91.0-canary.v20250902140549/taskChooseOrganization_clerk.chips.browser_79b87f_5.91.0-canary.v20250902140549.js.gz
- clerk-js/5.91.0-canary.v20250902140549/taskChooseOrganization_clerk.chips.browser_79b87f_5.91.0-canary.v20250902140549.js.sri
- clerk-js/5.91.0-canary.v20250902140549/taskChooseOrganization_clerk.chips.browser_79b87f_5.91.0-canary.v20250902140549.min.js.br
- clerk-js/5.91.0-canary.v20250902140549/taskChooseOrganization_clerk.chips.browser_79b87f_5.91.0-canary.v20250902140549.min.js.gz
- clerk-js/5.91.0-canary.v20250902140549/taskChooseOrganization_clerk.chips.browser_79b87f_5.91.0-canary.v20250902140549.min.js.sri
- clerk-js/5.91.0-canary.v20250902140549/taskChooseOrganization_clerk.legacy.browser_0affe9_5.91.0-canary.v20250902140549.js.br
- clerk-js/5.91.0-canary.v20250902140549/taskChooseOrganization_clerk.legacy.browser_0affe9_5.91.0-canary.v20250902140549.js.gz
- clerk-js/5.91.0-canary.v20250902140549/taskChooseOrganization_clerk.legacy.browser_0affe9_5.91.0-canary.v20250902140549.js.sri
- clerk-js/5.91.0-canary.v20250902140549/taskChooseOrganization_clerk.legacy.browser_0affe9_5.91.0-canary.v20250902140549.min.js.br
- clerk-js/5.91.0-canary.v20250902140549/taskChooseOrganization_clerk.legacy.browser_0affe9_5.91.0-canary.v20250902140549.min.js.gz
- clerk-js/5.91.0-canary.v20250902140549/taskChooseOrganization_clerk.legacy.browser_0affe9_5.91.0-canary.v20250902140549.min.js.sri
- clerk-js/5.91.0-canary.v20250902140549/ui-common_clerk.browser_982250_5.91.0-canary.v20250902140549.js.br
- clerk-js/5.91.0-canary.v20250902140549/ui-common_clerk.browser_982250_5.91.0-canary.v20250902140549.js.gz
- clerk-js/5.91.0-canary.v20250902140549/ui-common_clerk.browser_982250_5.91.0-canary.v20250902140549.js.sri
- clerk-js/5.91.0-canary.v20250902140549/ui-common_clerk.browser_982250_5.91.0-canary.v20250902140549.min.js.br
- clerk-js/5.91.0-canary.v20250902140549/ui-common_clerk.browser_982250_5.91.0-canary.v20250902140549.min.js.gz
- clerk-js/5.91.0-canary.v20250902140549/ui-common_clerk.browser_982250_5.91.0-canary.v20250902140549.min.js.sri
- clerk-js/5.91.0-canary.v20250902140549/ui-common_clerk.chips.browser_79b87f_5.91.0-canary.v20250902140549.js.br
- clerk-js/5.91.0-canary.v20250902140549/ui-common_clerk.chips.browser_79b87f_5.91.0-canary.v20250902140549.js.gz
- clerk-js/5.91.0-canary.v20250902140549/ui-common_clerk.chips.browser_79b87f_5.91.0-canary.v20250902140549.js.sri
- clerk-js/5.91.0-canary.v20250902140549/ui-common_clerk.chips.browser_79b87f_5.91.0-canary.v20250902140549.min.js.br
- clerk-js/5.91.0-canary.v20250902140549/ui-common_clerk.chips.browser_79b87f_5.91.0-canary.v20250902140549.min.js.gz
- clerk-js/5.91.0-canary.v20250902140549/ui-common_clerk.chips.browser_79b87f_5.91.0-canary.v20250902140549.min.js.sri
- clerk-js/5.91.0-canary.v20250902140549/ui-common_clerk.legacy.browser_0affe9_5.91.0-canary.v20250902140549.js.br
- clerk-js/5.91.0-canary.v20250902140549/ui-common_clerk.legacy.browser_0affe9_5.91.0-canary.v20250902140549.js.gz
- clerk-js/5.91.0-canary.v20250902140549/ui-common_clerk.legacy.browser_0affe9_5.91.0-canary.v20250902140549.js.sri
- clerk-js/5.91.0-canary.v20250902140549/ui-common_clerk.legacy.browser_0affe9_5.91.0-canary.v20250902140549.min.js.br
- clerk-js/5.91.0-canary.v20250902140549/ui-common_clerk.legacy.browser_0affe9_5.91.0-canary.v20250902140549.min.js.gz
- clerk-js/5.91.0-canary.v20250902140549/ui-common_clerk.legacy.browser_0affe9_5.91.0-canary.v20250902140549.min.js.sri
- clerk-js/5.91.0-canary.v20250902140549/up-api-keys-page_clerk.browser_982250_5.91.0-canary.v20250902140549.js.br
- clerk-js/5.91.0-canary.v20250902140549/up-api-keys-page_clerk.browser_982250_5.91.0-canary.v20250902140549.js.gz
- clerk-js/5.91.0-canary.v20250902140549/up-api-keys-page_clerk.browser_982250_5.91.0-canary.v20250902140549.js.sri
- clerk-js/5.91.0-canary.v20250902140549/up-api-keys-page_clerk.browser_982250_5.91.0-canary.v20250902140549.min.js.br
- clerk-js/5.91.0-canary.v20250902140549/up-api-keys-page_clerk.browser_982250_5.91.0-canary.v20250902140549.min.js.gz
- clerk-js/5.91.0-canary.v20250902140549/up-api-keys-page_clerk.browser_982250_5.91.0-canary.v20250902140549.min.js.sri
- clerk-js/5.91.0-canary.v20250902140549/up-api-keys-page_clerk.chips.browser_79b87f_5.91.0-canary.v20250902140549.js.br
- clerk-js/5.91.0-canary.v20250902140549/up-api-keys-page_clerk.chips.browser_79b87f_5.91.0-canary.v20250902140549.js.gz
- clerk-js/5.91.0-canary.v20250902140549/up-api-keys-page_clerk.chips.browser_79b87f_5.91.0-canary.v20250902140549.js.sri
- clerk-js/5.91.0-canary.v20250902140549/up-api-keys-page_clerk.chips.browser_79b87f_5.91.0-canary.v20250902140549.min.js.br
- clerk-js/5.91.0-canary.v20250902140549/up-api-keys-page_clerk.chips.browser_79b87f_5.91.0-canary.v20250902140549.min.js.gz
- clerk-js/5.91.0-canary.v20250902140549/up-api-keys-page_clerk.chips.browser_79b87f_5.91.0-canary.v20250902140549.min.js.sri
- clerk-js/5.91.0-canary.v20250902140549/up-api-keys-page_clerk.legacy.browser_0affe9_5.91.0-canary.v20250902140549.js.br
- clerk-js/5.91.0-canary.v20250902140549/up-api-keys-page_clerk.legacy.browser_0affe9_5.91.0-canary.v20250902140549.js.gz
- clerk-js/5.91.0-canary.v20250902140549/up-api-keys-page_clerk.legacy.browser_0affe9_5.91.0-canary.v20250902140549.js.sri
- clerk-js/5.91.0-canary.v20250902140549/up-api-keys-page_clerk.legacy.browser_0affe9_5.91.0-canary.v20250902140549.min.js.br
- clerk-js/5.91.0-canary.v20250902140549/up-api-keys-page_clerk.legacy.browser_0affe9_5.91.0-canary.v20250902140549.min.js.gz
- clerk-js/5.91.0-canary.v20250902140549/up-api-keys-page_clerk.legacy.browser_0affe9_5.91.0-canary.v20250902140549.min.js.sri
- clerk-js/5.91.0-canary.v20250902140549/up-billing-page_clerk.browser_982250_5.91.0-canary.v20250902140549.js.br
- clerk-js/5.91.0-canary.v20250902140549/up-billing-page_clerk.browser_982250_5.91.0-canary.v20250902140549.js.gz
- clerk-js/5.91.0-canary.v20250902140549/up-billing-page_clerk.browser_982250_5.91.0-canary.v20250902140549.js.sri
- clerk-js/5.91.0-canary.v20250902140549/up-billing-page_clerk.browser_982250_5.91.0-canary.v20250902140549.min.js.br
- clerk-js/5.91.0-canary.v20250902140549/up-billing-page_clerk.browser_982250_5.91.0-canary.v20250902140549.min.js.gz
- clerk-js/5.91.0-canary.v20250902140549/up-billing-page_clerk.browser_982250_5.91.0-canary.v20250902140549.min.js.sri
- clerk-js/5.91.0-canary.v20250902140549/up-billing-page_clerk.chips.browser_79b87f_5.91.0-canary.v20250902140549.js.br
- clerk-js/5.91.0-canary.v20250902140549/up-billing-page_clerk.chips.browser_79b87f_5.91.0-canary.v20250902140549.js.gz
- clerk-js/5.91.0-canary.v20250902140549/up-billing-page_clerk.chips.browser_79b87f_5.91.0-canary.v20250902140549.js.sri
- clerk-js/5.91.0-canary.v20250902140549/up-billing-page_clerk.chips.browser_79b87f_5.91.0-canary.v20250902140549.min.js.br
- clerk-js/5.91.0-canary.v20250902140549/up-billing-page_clerk.chips.browser_79b87f_5.91.0-canary.v20250902140549.min.js.gz
- clerk-js/5.91.0-canary.v20250902140549/up-billing-page_clerk.chips.browser_79b87f_5.91.0-canary.v20250902140549.min.js.sri
- clerk-js/5.91.0-canary.v20250902140549/up-billing-page_clerk.legacy.browser_0affe9_5.91.0-canary.v20250902140549.js.br
- clerk-js/5.91.0-canary.v20250902140549/up-billing-page_clerk.legacy.browser_0affe9_5.91.0-canary.v20250902140549.js.gz
- clerk-js/5.91.0-canary.v20250902140549/up-billing-page_clerk.legacy.browser_0affe9_5.91.0-canary.v20250902140549.js.sri
- clerk-js/5.91.0-canary.v20250902140549/up-billing-page_clerk.legacy.browser_0affe9_5.91.0-canary.v20250902140549.min.js.br
- clerk-js/5.91.0-canary.v20250902140549/up-billing-page_clerk.legacy.browser_0affe9_5.91.0-canary.v20250902140549.min.js.gz
- clerk-js/5.91.0-canary.v20250902140549/up-billing-page_clerk.legacy.browser_0affe9_5.91.0-canary.v20250902140549.min.js.sri
- clerk-js/5.91.0-canary.v20250902140549/up-plans-page_clerk.browser_982250_5.91.0-canary.v20250902140549.js.br
- clerk-js/5.91.0-canary.v20250902140549/up-plans-page_clerk.browser_982250_5.91.0-canary.v20250902140549.js.gz
- clerk-js/5.91.0-canary.v20250902140549/up-plans-page_clerk.browser_982250_5.91.0-canary.v20250902140549.js.sri
- clerk-js/5.91.0-canary.v20250902140549/up-plans-page_clerk.browser_982250_5.91.0-canary.v20250902140549.min.js.br
- clerk-js/5.91.0-canary.v20250902140549/up-plans-page_clerk.browser_982250_5.91.0-canary.v20250902140549.min.js.gz
- clerk-js/5.91.0-canary.v20250902140549/up-plans-page_clerk.browser_982250_5.91.0-canary.v20250902140549.min.js.sri
- clerk-js/5.91.0-canary.v20250902140549/up-plans-page_clerk.chips.browser_79b87f_5.91.0-canary.v20250902140549.js.br
- clerk-js/5.91.0-canary.v20250902140549/up-plans-page_clerk.chips.browser_79b87f_5.91.0-canary.v20250902140549.js.gz
- clerk-js/5.91.0-canary.v20250902140549/up-plans-page_clerk.chips.browser_79b87f_5.91.0-canary.v20250902140549.js.sri
- clerk-js/5.91.0-canary.v20250902140549/up-plans-page_clerk.chips.browser_79b87f_5.91.0-canary.v20250902140549.min.js.br
- clerk-js/5.91.0-canary.v20250902140549/up-plans-page_clerk.chips.browser_79b87f_5.91.0-canary.v20250902140549.min.js.gz
- clerk-js/5.91.0-canary.v20250902140549/up-plans-page_clerk.chips.browser_79b87f_5.91.0-canary.v20250902140549.min.js.sri
- clerk-js/5.91.0-canary.v20250902140549/up-plans-page_clerk.legacy.browser_0affe9_5.91.0-canary.v20250902140549.js.br
- clerk-js/5.91.0-canary.v20250902140549/up-plans-page_clerk.legacy.browser_0affe9_5.91.0-canary.v20250902140549.js.gz
- clerk-js/5.91.0-canary.v20250902140549/up-plans-page_clerk.legacy.browser_0affe9_5.91.0-canary.v20250902140549.js.sri
- clerk-js/5.91.0-canary.v20250902140549/up-plans-page_clerk.legacy.browser_0affe9_5.91.0-canary.v20250902140549.min.js.br
- clerk-js/5.91.0-canary.v20250902140549/up-plans-page_clerk.legacy.browser_0affe9_5.91.0-canary.v20250902140549.min.js.gz
- clerk-js/5.91.0-canary.v20250902140549/up-plans-page_clerk.legacy.browser_0affe9_5.91.0-canary.v20250902140549.min.js.sri
- clerk-js/5.91.0-canary.v20250902140549/userbutton_clerk.browser_982250_5.91.0-canary.v20250902140549.js.br
- clerk-js/5.91.0-canary.v20250902140549/userbutton_clerk.browser_982250_5.91.0-canary.v20250902140549.js.gz
- clerk-js/5.91.0-canary.v20250902140549/userbutton_clerk.browser_982250_5.91.0-canary.v20250902140549.js.sri
- clerk-js/5.91.0-canary.v20250902140549/userbutton_clerk.browser_982250_5.91.0-canary.v20250902140549.min.js.br
- clerk-js/5.91.0-canary.v20250902140549/userbutton_clerk.browser_982250_5.91.0-canary.v20250902140549.min.js.gz
- clerk-js/5.91.0-canary.v20250902140549/userbutton_clerk.browser_982250_5.91.0-canary.v20250902140549.min.js.sri
- clerk-js/5.91.0-canary.v20250902140549/userbutton_clerk.chips.browser_79b87f_5.91.0-canary.v20250902140549.js.br
- clerk-js/5.91.0-canary.v20250902140549/userbutton_clerk.chips.browser_79b87f_5.91.0-canary.v20250902140549.js.gz
- clerk-js/5.91.0-canary.v20250902140549/userbutton_clerk.chips.browser_79b87f_5.91.0-canary.v20250902140549.js.sri
- clerk-js/5.91.0-canary.v20250902140549/userbutton_clerk.chips.browser_79b87f_5.91.0-canary.v20250902140549.min.js.br
- clerk-js/5.91.0-canary.v20250902140549/userbutton_clerk.chips.browser_79b87f_5.91.0-canary.v20250902140549.min.js.gz
- clerk-js/5.91.0-canary.v20250902140549/userbutton_clerk.chips.browser_79b87f_5.91.0-canary.v20250902140549.min.js.sri
- clerk-js/5.91.0-canary.v20250902140549/userbutton_clerk.legacy.browser_0affe9_5.91.0-canary.v20250902140549.js.br
- clerk-js/5.91.0-canary.v20250902140549/userbutton_clerk.legacy.browser_0affe9_5.91.0-canary.v20250902140549.js.gz
- clerk-js/5.91.0-canary.v20250902140549/userbutton_clerk.legacy.browser_0affe9_5.91.0-canary.v20250902140549.js.sri
- clerk-js/5.91.0-canary.v20250902140549/userbutton_clerk.legacy.browser_0affe9_5.91.0-canary.v20250902140549.min.js.br
- clerk-js/5.91.0-canary.v20250902140549/userbutton_clerk.legacy.browser_0affe9_5.91.0-canary.v20250902140549.min.js.gz
- clerk-js/5.91.0-canary.v20250902140549/userbutton_clerk.legacy.browser_0affe9_5.91.0-canary.v20250902140549.min.js.sri
- clerk-js/5.91.0-canary.v20250902140549/userprofile_clerk.browser_982250_5.91.0-canary.v20250902140549.js.br
- clerk-js/5.91.0-canary.v20250902140549/userprofile_clerk.browser_982250_5.91.0-canary.v20250902140549.js.gz
- clerk-js/5.91.0-canary.v20250902140549/userprofile_clerk.browser_982250_5.91.0-canary.v20250902140549.js.sri
- clerk-js/5.91.0-canary.v20250902140549/userprofile_clerk.browser_982250_5.91.0-canary.v20250902140549.min.js.br
- clerk-js/5.91.0-canary.v20250902140549/userprofile_clerk.browser_982250_5.91.0-canary.v20250902140549.min.js.gz
- clerk-js/5.91.0-canary.v20250902140549/userprofile_clerk.browser_982250_5.91.0-canary.v20250902140549.min.js.sri
- clerk-js/5.91.0-canary.v20250902140549/userprofile_clerk.chips.browser_79b87f_5.91.0-canary.v20250902140549.js.br
- clerk-js/5.91.0-canary.v20250902140549/userprofile_clerk.chips.browser_79b87f_5.91.0-canary.v20250902140549.js.gz
- clerk-js/5.91.0-canary.v20250902140549/userprofile_clerk.chips.browser_79b87f_5.91.0-canary.v20250902140549.js.sri
- clerk-js/5.91.0-canary.v20250902140549/userprofile_clerk.chips.browser_79b87f_5.91.0-canary.v20250902140549.min.js.br
- clerk-js/5.91.0-canary.v20250902140549/userprofile_clerk.chips.browser_79b87f_5.91.0-canary.v20250902140549.min.js.gz
- clerk-js/5.91.0-canary.v20250902140549/userprofile_clerk.chips.browser_79b87f_5.91.0-canary.v20250902140549.min.js.sri
- clerk-js/5.91.0-canary.v20250902140549/userprofile_clerk.legacy.browser_0affe9_5.91.0-canary.v20250902140549.js.br
- clerk-js/5.91.0-canary.v20250902140549/userprofile_clerk.legacy.browser_0affe9_5.91.0-canary.v20250902140549.js.gz
- clerk-js/5.91.0-canary.v20250902140549/userprofile_clerk.legacy.browser_0affe9_5.91.0-canary.v20250902140549.js.sri
- clerk-js/5.91.0-canary.v20250902140549/userprofile_clerk.legacy.browser_0affe9_5.91.0-canary.v20250902140549.min.js.br
- clerk-js/5.91.0-canary.v20250902140549/userprofile_clerk.legacy.browser_0affe9_5.91.0-canary.v20250902140549.min.js.gz
- clerk-js/5.91.0-canary.v20250902140549/userprofile_clerk.legacy.browser_0affe9_5.91.0-canary.v20250902140549.min.js.sri
- clerk-js/5.91.0-canary.v20250902140549/userverification_clerk.browser_982250_5.91.0-canary.v20250902140549.js.br
- clerk-js/5.91.0-canary.v20250902140549/userverification_clerk.browser_982250_5.91.0-canary.v20250902140549.js.gz
- clerk-js/5.91.0-canary.v20250902140549/userverification_clerk.browser_982250_5.91.0-canary.v20250902140549.js.sri
- clerk-js/5.91.0-canary.v20250902140549/userverification_clerk.browser_982250_5.91.0-canary.v20250902140549.min.js.br
- clerk-js/5.91.0-canary.v20250902140549/userverification_clerk.browser_982250_5.91.0-canary.v20250902140549.min.js.gz
- clerk-js/5.91.0-canary.v20250902140549/userverification_clerk.browser_982250_5.91.0-canary.v20250902140549.min.js.sri
- clerk-js/5.91.0-canary.v20250902140549/userverification_clerk.chips.browser_79b87f_5.91.0-canary.v20250902140549.js.br
- clerk-js/5.91.0-canary.v20250902140549/userverification_clerk.chips.browser_79b87f_5.91.0-canary.v20250902140549.js.gz
- clerk-js/5.91.0-canary.v20250902140549/userverification_clerk.chips.browser_79b87f_5.91.0-canary.v20250902140549.js.sri
- clerk-js/5.91.0-canary.v20250902140549/userverification_clerk.chips.browser_79b87f_5.91.0-canary.v20250902140549.min.js.br
- clerk-js/5.91.0-canary.v20250902140549/userverification_clerk.chips.browser_79b87f_5.91.0-canary.v20250902140549.min.js.gz
- clerk-js/5.91.0-canary.v20250902140549/userverification_clerk.chips.browser_79b87f_5.91.0-canary.v20250902140549.min.js.sri
- clerk-js/5.91.0-canary.v20250902140549/userverification_clerk.legacy.browser_0affe9_5.91.0-canary.v20250902140549.js.br
- clerk-js/5.91.0-canary.v20250902140549/userverification_clerk.legacy.browser_0affe9_5.91.0-canary.v20250902140549.js.gz
- clerk-js/5.91.0-canary.v20250902140549/userverification_clerk.legacy.browser_0affe9_5.91.0-canary.v20250902140549.js.sri
- clerk-js/5.91.0-canary.v20250902140549/userverification_clerk.legacy.browser_0affe9_5.91.0-canary.v20250902140549.min.js.br
- clerk-js/5.91.0-canary.v20250902140549/userverification_clerk.legacy.browser_0affe9_5.91.0-canary.v20250902140549.min.js.gz
- clerk-js/5.91.0-canary.v20250902140549/userverification_clerk.legacy.browser_0affe9_5.91.0-canary.v20250902140549.min.js.sri
- clerk-js/5.91.0-canary.v20250902140549/vendors_clerk.browser_982250_5.91.0-canary.v20250902140549.js.br
- clerk-js/5.91.0-canary.v20250902140549/vendors_clerk.browser_982250_5.91.0-canary.v20250902140549.js.gz
- clerk-js/5.91.0-canary.v20250902140549/vendors_clerk.browser_982250_5.91.0-canary.v20250902140549.js.sri
- clerk-js/5.91.0-canary.v20250902140549/vendors_clerk.browser_982250_5.91.0-canary.v20250902140549.min.js.br
- clerk-js/5.91.0-canary.v20250902140549/vendors_clerk.browser_982250_5.91.0-canary.v20250902140549.min.js.gz
- clerk-js/5.91.0-canary.v20250902140549/vendors_clerk.browser_982250_5.91.0-canary.v20250902140549.min.js.sri
- clerk-js/5.91.0-canary.v20250902140549/vendors_clerk.chips.browser_79b87f_5.91.0-canary.v20250902140549.js.br
- clerk-js/5.91.0-canary.v20250902140549/vendors_clerk.chips.browser_79b87f_5.91.0-canary.v20250902140549.js.gz
- clerk-js/5.91.0-canary.v20250902140549/vendors_clerk.chips.browser_79b87f_5.91.0-canary.v20250902140549.js.sri
- clerk-js/5.91.0-canary.v20250902140549/vendors_clerk.chips.browser_79b87f_5.91.0-canary.v20250902140549.min.js.br
- clerk-js/5.91.0-canary.v20250902140549/vendors_clerk.chips.browser_79b87f_5.91.0-canary.v20250902140549.min.js.gz
- clerk-js/5.91.0-canary.v20250902140549/vendors_clerk.chips.browser_79b87f_5.91.0-canary.v20250902140549.min.js.sri
- clerk-js/5.91.0-canary.v20250902140549/vendors_clerk.headless.browser_bcd606_5.91.0-canary.v20250902140549.js.br
- clerk-js/5.91.0-canary.v20250902140549/vendors_clerk.headless.browser_bcd606_5.91.0-canary.v20250902140549.js.gz
- clerk-js/5.91.0-canary.v20250902140549/vendors_clerk.headless.browser_bcd606_5.91.0-canary.v20250902140549.js.sri
- clerk-js/5.91.0-canary.v20250902140549/vendors_clerk.headless.browser_bcd606_5.91.0-canary.v20250902140549.min.js.br
- clerk-js/5.91.0-canary.v20250902140549/vendors_clerk.headless.browser_bcd606_5.91.0-canary.v20250902140549.min.js.gz
- clerk-js/5.91.0-canary.v20250902140549/vendors_clerk.headless.browser_bcd606_5.91.0-canary.v20250902140549.min.js.sri
- clerk-js/5.91.0-canary.v20250902140549/vendors_clerk.legacy.browser_0affe9_5.91.0-canary.v20250902140549.js.br
- clerk-js/5.91.0-canary.v20250902140549/vendors_clerk.legacy.browser_0affe9_5.91.0-canary.v20250902140549.js.gz
- clerk-js/5.91.0-canary.v20250902140549/vendors_clerk.legacy.browser_0affe9_5.91.0-canary.v20250902140549.js.sri
- clerk-js/5.91.0-canary.v20250902140549/vendors_clerk.legacy.browser_0affe9_5.91.0-canary.v20250902140549.min.js.br
- clerk-js/5.91.0-canary.v20250902140549/vendors_clerk.legacy.browser_0affe9_5.91.0-canary.v20250902140549.min.js.gz
- clerk-js/5.91.0-canary.v20250902140549/vendors_clerk.legacy.browser_0affe9_5.91.0-canary.v20250902140549.min.js.sri
- clerk-js/5.91.0-canary.v20250902140549/waitlist_clerk.browser_982250_5.91.0-canary.v20250902140549.js.br
- clerk-js/5.91.0-canary.v20250902140549/waitlist_clerk.browser_982250_5.91.0-canary.v20250902140549.js.gz
- clerk-js/5.91.0-canary.v20250902140549/waitlist_clerk.browser_982250_5.91.0-canary.v20250902140549.js.sri
- clerk-js/5.91.0-canary.v20250902140549/waitlist_clerk.browser_982250_5.91.0-canary.v20250902140549.min.js.br
- clerk-js/5.91.0-canary.v20250902140549/waitlist_clerk.browser_982250_5.91.0-canary.v20250902140549.min.js.gz
- clerk-js/5.91.0-canary.v20250902140549/waitlist_clerk.browser_982250_5.91.0-canary.v20250902140549.min.js.sri
- clerk-js/5.91.0-canary.v20250902140549/waitlist_clerk.chips.browser_79b87f_5.91.0-canary.v20250902140549.js.br
- clerk-js/5.91.0-canary.v20250902140549/waitlist_clerk.chips.browser_79b87f_5.91.0-canary.v20250902140549.js.gz
- clerk-js/5.91.0-canary.v20250902140549/waitlist_clerk.chips.browser_79b87f_5.91.0-canary.v20250902140549.js.sri
- clerk-js/5.91.0-canary.v20250902140549/waitlist_clerk.chips.browser_79b87f_5.91.0-canary.v20250902140549.min.js.br
- clerk-js/5.91.0-canary.v20250902140549/waitlist_clerk.chips.browser_79b87f_5.91.0-canary.v20250902140549.min.js.gz
- clerk-js/5.91.0-canary.v20250902140549/waitlist_clerk.chips.browser_79b87f_5.91.0-canary.v20250902140549.min.js.sri
- clerk-js/5.91.0-canary.v20250902140549/waitlist_clerk.legacy.browser_0affe9_5.91.0-canary.v20250902140549.js.br
- clerk-js/5.91.0-canary.v20250902140549/waitlist_clerk.legacy.browser_0affe9_5.91.0-canary.v20250902140549.js.gz
- clerk-js/5.91.0-canary.v20250902140549/waitlist_clerk.legacy.browser_0affe9_5.91.0-canary.v20250902140549.js.sri
- clerk-js/5.91.0-canary.v20250902140549/waitlist_clerk.legacy.browser_0affe9_5.91.0-canary.v20250902140549.min.js.br
- clerk-js/5.91.0-canary.v20250902140549/waitlist_clerk.legacy.browser_0affe9_5.91.0-canary.v20250902140549.min.js.gz
- clerk-js/5.91.0-canary.v20250902140549/waitlist_clerk.legacy.browser_0affe9_5.91.0-canary.v20250902140549.min.js.sri
- clerk-js/5.91.0-canary.v20250902140549/zxcvbn-common_clerk.browser_982250_5.91.0-canary.v20250902140549.js.br
- clerk-js/5.91.0-canary.v20250902140549/zxcvbn-common_clerk.browser_982250_5.91.0-canary.v20250902140549.js.gz
- clerk-js/5.91.0-canary.v20250902140549/zxcvbn-common_clerk.browser_982250_5.91.0-canary.v20250902140549.js.sri
- clerk-js/5.91.0-canary.v20250902140549/zxcvbn-common_clerk.browser_982250_5.91.0-canary.v20250902140549.min.js.br
- clerk-js/5.91.0-canary.v20250902140549/zxcvbn-common_clerk.browser_982250_5.91.0-canary.v20250902140549.min.js.gz
- clerk-js/5.91.0-canary.v20250902140549/zxcvbn-common_clerk.browser_982250_5.91.0-canary.v20250902140549.min.js.sri
- clerk-js/5.91.0-canary.v20250902140549/zxcvbn-common_clerk.chips.browser_79b87f_5.91.0-canary.v20250902140549.js.br
- clerk-js/5.91.0-canary.v20250902140549/zxcvbn-common_clerk.chips.browser_79b87f_5.91.0-canary.v20250902140549.js.gz
- clerk-js/5.91.0-canary.v20250902140549/zxcvbn-common_clerk.chips.browser_79b87f_5.91.0-canary.v20250902140549.js.sri
- clerk-js/5.91.0-canary.v20250902140549/zxcvbn-common_clerk.chips.browser_79b87f_5.91.0-canary.v20250902140549.min.js.br
- clerk-js/5.91.0-canary.v20250902140549/zxcvbn-common_clerk.chips.browser_79b87f_5.91.0-canary.v20250902140549.min.js.gz
- clerk-js/5.91.0-canary.v20250902140549/zxcvbn-common_clerk.chips.browser_79b87f_5.91.0-canary.v20250902140549.min.js.sri
- clerk-js/5.91.0-canary.v20250902140549/zxcvbn-common_clerk.headless.browser_bcd606_5.91.0-canary.v20250902140549.js.br
- clerk-js/5.91.0-canary.v20250902140549/zxcvbn-common_clerk.headless.browser_bcd606_5.91.0-canary.v20250902140549.js.gz
- clerk-js/5.91.0-canary.v20250902140549/zxcvbn-common_clerk.headless.browser_bcd606_5.91.0-canary.v20250902140549.js.sri
- clerk-js/5.91.0-canary.v20250902140549/zxcvbn-common_clerk.headless.browser_bcd606_5.91.0-canary.v20250902140549.min.js.br
- clerk-js/5.91.0-canary.v20250902140549/zxcvbn-common_clerk.headless.browser_bcd606_5.91.0-canary.v20250902140549.min.js.gz
- clerk-js/5.91.0-canary.v20250902140549/zxcvbn-common_clerk.headless.browser_bcd606_5.91.0-canary.v20250902140549.min.js.sri
- clerk-js/5.91.0-canary.v20250902140549/zxcvbn-common_clerk.legacy.browser_0affe9_5.91.0-canary.v20250902140549.js.br
- clerk-js/5.91.0-canary.v20250902140549/zxcvbn-common_clerk.legacy.browser_0affe9_5.91.0-canary.v20250902140549.js.gz
- clerk-js/5.91.0-canary.v20250902140549/zxcvbn-common_clerk.legacy.browser_0affe9_5.91.0-canary.v20250902140549.js.sri
- clerk-js/5.91.0-canary.v20250902140549/zxcvbn-common_clerk.legacy.browser_0affe9_5.91.0-canary.v20250902140549.min.js.br
- clerk-js/5.91.0-canary.v20250902140549/zxcvbn-common_clerk.legacy.browser_0affe9_5.91.0-canary.v20250902140549.min.js.gz
- clerk-js/5.91.0-canary.v20250902140549/zxcvbn-common_clerk.legacy.browser_0affe9_5.91.0-canary.v20250902140549.min.js.sri
- clerk-js/5.91.0-canary.v20250902140549/zxcvbn-ts-core_clerk.browser_982250_5.91.0-canary.v20250902140549.js.br
- clerk-js/5.91.0-canary.v20250902140549/zxcvbn-ts-core_clerk.browser_982250_5.91.0-canary.v20250902140549.js.gz
- clerk-js/5.91.0-canary.v20250902140549/zxcvbn-ts-core_clerk.browser_982250_5.91.0-canary.v20250902140549.js.sri
- clerk-js/5.91.0-canary.v20250902140549/zxcvbn-ts-core_clerk.browser_982250_5.91.0-canary.v20250902140549.min.js.br
- clerk-js/5.91.0-canary.v20250902140549/zxcvbn-ts-core_clerk.browser_982250_5.91.0-canary.v20250902140549.min.js.gz
- clerk-js/5.91.0-canary.v20250902140549/zxcvbn-ts-core_clerk.browser_982250_5.91.0-canary.v20250902140549.min.js.sri
- clerk-js/5.91.0-canary.v20250902140549/zxcvbn-ts-core_clerk.chips.browser_79b87f_5.91.0-canary.v20250902140549.js.br
- clerk-js/5.91.0-canary.v20250902140549/zxcvbn-ts-core_clerk.chips.browser_79b87f_5.91.0-canary.v20250902140549.js.gz
- clerk-js/5.91.0-canary.v20250902140549/zxcvbn-ts-core_clerk.chips.browser_79b87f_5.91.0-canary.v20250902140549.js.sri
- clerk-js/5.91.0-canary.v20250902140549/zxcvbn-ts-core_clerk.chips.browser_79b87f_5.91.0-canary.v20250902140549.min.js.br
- clerk-js/5.91.0-canary.v20250902140549/zxcvbn-ts-core_clerk.chips.browser_79b87f_5.91.0-canary.v20250902140549.min.js.gz
- clerk-js/5.91.0-canary.v20250902140549/zxcvbn-ts-core_clerk.chips.browser_79b87f_5.91.0-canary.v20250902140549.min.js.sri
- clerk-js/5.91.0-canary.v20250902140549/zxcvbn-ts-core_clerk.headless.browser_bcd606_5.91.0-canary.v20250902140549.js.br
- clerk-js/5.91.0-canary.v20250902140549/zxcvbn-ts-core_clerk.headless.browser_bcd606_5.91.0-canary.v20250902140549.js.gz
- clerk-js/5.91.0-canary.v20250902140549/zxcvbn-ts-core_clerk.headless.browser_bcd606_5.91.0-canary.v20250902140549.js.sri
- clerk-js/5.91.0-canary.v20250902140549/zxcvbn-ts-core_clerk.headless.browser_bcd606_5.91.0-canary.v20250902140549.min.js.br
- clerk-js/5.91.0-canary.v20250902140549/zxcvbn-ts-core_clerk.headless.browser_bcd606_5.91.0-canary.v20250902140549.min.js.gz
- clerk-js/5.91.0-canary.v20250902140549/zxcvbn-ts-core_clerk.headless.browser_bcd606_5.91.0-canary.v20250902140549.min.js.sri
- clerk-js/5.91.0-canary.v20250902140549/zxcvbn-ts-core_clerk.legacy.browser_0affe9_5.91.0-canary.v20250902140549.js.br
- clerk-js/5.91.0-canary.v20250902140549/zxcvbn-ts-core_clerk.legacy.browser_0affe9_5.91.0-canary.v20250902140549.js.gz
- clerk-js/5.91.0-canary.v20250902140549/zxcvbn-ts-core_clerk.legacy.browser_0affe9_5.91.0-canary.v20250902140549.js.sri
- clerk-js/5.91.0-canary.v20250902140549/zxcvbn-ts-core_clerk.legacy.browser_0affe9_5.91.0-canary.v20250902140549.min.js.br
- clerk-js/5.91.0-canary.v20250902140549/zxcvbn-ts-core_clerk.legacy.browser_0affe9_5.91.0-canary.v20250902140549.min.js.gz
- clerk-js/5.91.0-canary.v20250902140549/zxcvbn-ts-core_clerk.legacy.browser_0affe9_5.91.0-canary.v20250902140549.min.js.sri
