Files:
- clerk-js/5.79.1-canary.v20250803055555/192_clerk.browser_6d042c_5.79.1-canary.v20250803055555.js.br
- clerk-js/5.79.1-canary.v20250803055555/192_clerk.browser_6d042c_5.79.1-canary.v20250803055555.js.gz
- clerk-js/5.79.1-canary.v20250803055555/192_clerk.browser_6d042c_5.79.1-canary.v20250803055555.js.sri
- clerk-js/5.79.1-canary.v20250803055555/192_clerk.browser_6d042c_5.79.1-canary.v20250803055555.min.js.br
- clerk-js/5.79.1-canary.v20250803055555/192_clerk.browser_6d042c_5.79.1-canary.v20250803055555.min.js.gz
- clerk-js/5.79.1-canary.v20250803055555/192_clerk.browser_6d042c_5.79.1-canary.v20250803055555.min.js.sri
- clerk-js/5.79.1-canary.v20250803055555/192_clerk.chips.browser_642ce0_5.79.1-canary.v20250803055555.js.br
- clerk-js/5.79.1-canary.v20250803055555/192_clerk.chips.browser_642ce0_5.79.1-canary.v20250803055555.js.gz
- clerk-js/5.79.1-canary.v20250803055555/192_clerk.chips.browser_642ce0_5.79.1-canary.v20250803055555.js.sri
- clerk-js/5.79.1-canary.v20250803055555/192_clerk.chips.browser_642ce0_5.79.1-canary.v20250803055555.min.js.br
- clerk-js/5.79.1-canary.v20250803055555/192_clerk.chips.browser_642ce0_5.79.1-canary.v20250803055555.min.js.gz
- clerk-js/5.79.1-canary.v20250803055555/192_clerk.chips.browser_642ce0_5.79.1-canary.v20250803055555.min.js.sri
- clerk-js/5.79.1-canary.v20250803055555/192_clerk.legacy.browser_549a06_5.79.1-canary.v20250803055555.js.br
- clerk-js/5.79.1-canary.v20250803055555/192_clerk.legacy.browser_549a06_5.79.1-canary.v20250803055555.js.gz
- clerk-js/5.79.1-canary.v20250803055555/192_clerk.legacy.browser_549a06_5.79.1-canary.v20250803055555.js.sri
- clerk-js/5.79.1-canary.v20250803055555/192_clerk.legacy.browser_549a06_5.79.1-canary.v20250803055555.min.js.br
- clerk-js/5.79.1-canary.v20250803055555/192_clerk.legacy.browser_549a06_5.79.1-canary.v20250803055555.min.js.gz
- clerk-js/5.79.1-canary.v20250803055555/192_clerk.legacy.browser_549a06_5.79.1-canary.v20250803055555.min.js.sri
- clerk-js/5.79.1-canary.v20250803055555/294_clerk.browser_6d042c_5.79.1-canary.v20250803055555.js.br
- clerk-js/5.79.1-canary.v20250803055555/294_clerk.browser_6d042c_5.79.1-canary.v20250803055555.js.gz
- clerk-js/5.79.1-canary.v20250803055555/294_clerk.browser_6d042c_5.79.1-canary.v20250803055555.js.sri
- clerk-js/5.79.1-canary.v20250803055555/294_clerk.browser_6d042c_5.79.1-canary.v20250803055555.min.js.br
- clerk-js/5.79.1-canary.v20250803055555/294_clerk.browser_6d042c_5.79.1-canary.v20250803055555.min.js.gz
- clerk-js/5.79.1-canary.v20250803055555/294_clerk.browser_6d042c_5.79.1-canary.v20250803055555.min.js.sri
- clerk-js/5.79.1-canary.v20250803055555/294_clerk.chips.browser_642ce0_5.79.1-canary.v20250803055555.js.br
- clerk-js/5.79.1-canary.v20250803055555/294_clerk.chips.browser_642ce0_5.79.1-canary.v20250803055555.js.gz
- clerk-js/5.79.1-canary.v20250803055555/294_clerk.chips.browser_642ce0_5.79.1-canary.v20250803055555.js.sri
- clerk-js/5.79.1-canary.v20250803055555/294_clerk.chips.browser_642ce0_5.79.1-canary.v20250803055555.min.js.br
- clerk-js/5.79.1-canary.v20250803055555/294_clerk.chips.browser_642ce0_5.79.1-canary.v20250803055555.min.js.gz
- clerk-js/5.79.1-canary.v20250803055555/294_clerk.chips.browser_642ce0_5.79.1-canary.v20250803055555.min.js.sri
- clerk-js/5.79.1-canary.v20250803055555/294_clerk.legacy.browser_549a06_5.79.1-canary.v20250803055555.js.br
- clerk-js/5.79.1-canary.v20250803055555/294_clerk.legacy.browser_549a06_5.79.1-canary.v20250803055555.js.gz
- clerk-js/5.79.1-canary.v20250803055555/294_clerk.legacy.browser_549a06_5.79.1-canary.v20250803055555.js.sri
- clerk-js/5.79.1-canary.v20250803055555/294_clerk.legacy.browser_549a06_5.79.1-canary.v20250803055555.min.js.br
- clerk-js/5.79.1-canary.v20250803055555/294_clerk.legacy.browser_549a06_5.79.1-canary.v20250803055555.min.js.gz
- clerk-js/5.79.1-canary.v20250803055555/294_clerk.legacy.browser_549a06_5.79.1-canary.v20250803055555.min.js.sri
- clerk-js/5.79.1-canary.v20250803055555/377_clerk.headless_a8070a_5.79.1-canary.v20250803055555.js.br
- clerk-js/5.79.1-canary.v20250803055555/377_clerk.headless_a8070a_5.79.1-canary.v20250803055555.js.gz
- clerk-js/5.79.1-canary.v20250803055555/377_clerk.headless_a8070a_5.79.1-canary.v20250803055555.js.sri
- clerk-js/5.79.1-canary.v20250803055555/377_clerk.headless_a8070a_5.79.1-canary.v20250803055555.min.js.br
- clerk-js/5.79.1-canary.v20250803055555/377_clerk.headless_a8070a_5.79.1-canary.v20250803055555.min.js.gz
- clerk-js/5.79.1-canary.v20250803055555/377_clerk.headless_a8070a_5.79.1-canary.v20250803055555.min.js.sri
- clerk-js/5.79.1-canary.v20250803055555/553_clerk.headless_a8070a_5.79.1-canary.v20250803055555.js.br
- clerk-js/5.79.1-canary.v20250803055555/553_clerk.headless_a8070a_5.79.1-canary.v20250803055555.js.gz
- clerk-js/5.79.1-canary.v20250803055555/553_clerk.headless_a8070a_5.79.1-canary.v20250803055555.js.sri
- clerk-js/5.79.1-canary.v20250803055555/553_clerk.headless_a8070a_5.79.1-canary.v20250803055555.min.js.br
- clerk-js/5.79.1-canary.v20250803055555/553_clerk.headless_a8070a_5.79.1-canary.v20250803055555.min.js.gz
- clerk-js/5.79.1-canary.v20250803055555/553_clerk.headless_a8070a_5.79.1-canary.v20250803055555.min.js.sri
- clerk-js/5.79.1-canary.v20250803055555/645_clerk.browser_6d042c_5.79.1-canary.v20250803055555.js.br
- clerk-js/5.79.1-canary.v20250803055555/645_clerk.browser_6d042c_5.79.1-canary.v20250803055555.js.gz
- clerk-js/5.79.1-canary.v20250803055555/645_clerk.browser_6d042c_5.79.1-canary.v20250803055555.js.sri
- clerk-js/5.79.1-canary.v20250803055555/645_clerk.browser_6d042c_5.79.1-canary.v20250803055555.min.js.br
- clerk-js/5.79.1-canary.v20250803055555/645_clerk.browser_6d042c_5.79.1-canary.v20250803055555.min.js.gz
- clerk-js/5.79.1-canary.v20250803055555/645_clerk.browser_6d042c_5.79.1-canary.v20250803055555.min.js.sri
- clerk-js/5.79.1-canary.v20250803055555/645_clerk.chips.browser_642ce0_5.79.1-canary.v20250803055555.js.br
- clerk-js/5.79.1-canary.v20250803055555/645_clerk.chips.browser_642ce0_5.79.1-canary.v20250803055555.js.gz
- clerk-js/5.79.1-canary.v20250803055555/645_clerk.chips.browser_642ce0_5.79.1-canary.v20250803055555.js.sri
- clerk-js/5.79.1-canary.v20250803055555/645_clerk.chips.browser_642ce0_5.79.1-canary.v20250803055555.min.js.br
- clerk-js/5.79.1-canary.v20250803055555/645_clerk.chips.browser_642ce0_5.79.1-canary.v20250803055555.min.js.gz
- clerk-js/5.79.1-canary.v20250803055555/645_clerk.chips.browser_642ce0_5.79.1-canary.v20250803055555.min.js.sri
- clerk-js/5.79.1-canary.v20250803055555/645_clerk.legacy.browser_549a06_5.79.1-canary.v20250803055555.js.br
- clerk-js/5.79.1-canary.v20250803055555/645_clerk.legacy.browser_549a06_5.79.1-canary.v20250803055555.js.gz
- clerk-js/5.79.1-canary.v20250803055555/645_clerk.legacy.browser_549a06_5.79.1-canary.v20250803055555.js.sri
- clerk-js/5.79.1-canary.v20250803055555/645_clerk.legacy.browser_549a06_5.79.1-canary.v20250803055555.min.js.br
- clerk-js/5.79.1-canary.v20250803055555/645_clerk.legacy.browser_549a06_5.79.1-canary.v20250803055555.min.js.gz
- clerk-js/5.79.1-canary.v20250803055555/645_clerk.legacy.browser_549a06_5.79.1-canary.v20250803055555.min.js.sri
- clerk-js/5.79.1-canary.v20250803055555/66_clerk.browser_6d042c_5.79.1-canary.v20250803055555.js.br
- clerk-js/5.79.1-canary.v20250803055555/66_clerk.browser_6d042c_5.79.1-canary.v20250803055555.js.gz
- clerk-js/5.79.1-canary.v20250803055555/66_clerk.browser_6d042c_5.79.1-canary.v20250803055555.js.sri
- clerk-js/5.79.1-canary.v20250803055555/66_clerk.browser_6d042c_5.79.1-canary.v20250803055555.min.js.br
- clerk-js/5.79.1-canary.v20250803055555/66_clerk.browser_6d042c_5.79.1-canary.v20250803055555.min.js.gz
- clerk-js/5.79.1-canary.v20250803055555/66_clerk.browser_6d042c_5.79.1-canary.v20250803055555.min.js.sri
- clerk-js/5.79.1-canary.v20250803055555/66_clerk.chips.browser_642ce0_5.79.1-canary.v20250803055555.js.br
- clerk-js/5.79.1-canary.v20250803055555/66_clerk.chips.browser_642ce0_5.79.1-canary.v20250803055555.js.gz
- clerk-js/5.79.1-canary.v20250803055555/66_clerk.chips.browser_642ce0_5.79.1-canary.v20250803055555.js.sri
- clerk-js/5.79.1-canary.v20250803055555/66_clerk.chips.browser_642ce0_5.79.1-canary.v20250803055555.min.js.br
- clerk-js/5.79.1-canary.v20250803055555/66_clerk.chips.browser_642ce0_5.79.1-canary.v20250803055555.min.js.gz
- clerk-js/5.79.1-canary.v20250803055555/66_clerk.chips.browser_642ce0_5.79.1-canary.v20250803055555.min.js.sri
- clerk-js/5.79.1-canary.v20250803055555/66_clerk.legacy.browser_549a06_5.79.1-canary.v20250803055555.js.br
- clerk-js/5.79.1-canary.v20250803055555/66_clerk.legacy.browser_549a06_5.79.1-canary.v20250803055555.js.gz
- clerk-js/5.79.1-canary.v20250803055555/66_clerk.legacy.browser_549a06_5.79.1-canary.v20250803055555.js.sri
- clerk-js/5.79.1-canary.v20250803055555/66_clerk.legacy.browser_549a06_5.79.1-canary.v20250803055555.min.js.br
- clerk-js/5.79.1-canary.v20250803055555/66_clerk.legacy.browser_549a06_5.79.1-canary.v20250803055555.min.js.gz
- clerk-js/5.79.1-canary.v20250803055555/66_clerk.legacy.browser_549a06_5.79.1-canary.v20250803055555.min.js.sri
- clerk-js/5.79.1-canary.v20250803055555/890_clerk.headless_a8070a_5.79.1-canary.v20250803055555.js.br
- clerk-js/5.79.1-canary.v20250803055555/890_clerk.headless_a8070a_5.79.1-canary.v20250803055555.js.gz
- clerk-js/5.79.1-canary.v20250803055555/890_clerk.headless_a8070a_5.79.1-canary.v20250803055555.js.sri
- clerk-js/5.79.1-canary.v20250803055555/890_clerk.headless_a8070a_5.79.1-canary.v20250803055555.min.js.br
- clerk-js/5.79.1-canary.v20250803055555/890_clerk.headless_a8070a_5.79.1-canary.v20250803055555.min.js.gz
- clerk-js/5.79.1-canary.v20250803055555/890_clerk.headless_a8070a_5.79.1-canary.v20250803055555.min.js.sri
- clerk-js/5.79.1-canary.v20250803055555/965_clerk.headless_a8070a_5.79.1-canary.v20250803055555.js.br
- clerk-js/5.79.1-canary.v20250803055555/965_clerk.headless_a8070a_5.79.1-canary.v20250803055555.js.gz
- clerk-js/5.79.1-canary.v20250803055555/965_clerk.headless_a8070a_5.79.1-canary.v20250803055555.js.sri
- clerk-js/5.79.1-canary.v20250803055555/965_clerk.headless_a8070a_5.79.1-canary.v20250803055555.min.js.br
- clerk-js/5.79.1-canary.v20250803055555/965_clerk.headless_a8070a_5.79.1-canary.v20250803055555.min.js.gz
- clerk-js/5.79.1-canary.v20250803055555/965_clerk.headless_a8070a_5.79.1-canary.v20250803055555.min.js.sri
- clerk-js/5.79.1-canary.v20250803055555/apiKeys_clerk.browser_6d042c_5.79.1-canary.v20250803055555.js.br
- clerk-js/5.79.1-canary.v20250803055555/apiKeys_clerk.browser_6d042c_5.79.1-canary.v20250803055555.js.gz
- clerk-js/5.79.1-canary.v20250803055555/apiKeys_clerk.browser_6d042c_5.79.1-canary.v20250803055555.js.sri
- clerk-js/5.79.1-canary.v20250803055555/apiKeys_clerk.browser_6d042c_5.79.1-canary.v20250803055555.min.js.br
- clerk-js/5.79.1-canary.v20250803055555/apiKeys_clerk.browser_6d042c_5.79.1-canary.v20250803055555.min.js.gz
- clerk-js/5.79.1-canary.v20250803055555/apiKeys_clerk.browser_6d042c_5.79.1-canary.v20250803055555.min.js.sri
- clerk-js/5.79.1-canary.v20250803055555/apiKeys_clerk.chips.browser_642ce0_5.79.1-canary.v20250803055555.js.br
- clerk-js/5.79.1-canary.v20250803055555/apiKeys_clerk.chips.browser_642ce0_5.79.1-canary.v20250803055555.js.gz
- clerk-js/5.79.1-canary.v20250803055555/apiKeys_clerk.chips.browser_642ce0_5.79.1-canary.v20250803055555.js.sri
- clerk-js/5.79.1-canary.v20250803055555/apiKeys_clerk.chips.browser_642ce0_5.79.1-canary.v20250803055555.min.js.br
- clerk-js/5.79.1-canary.v20250803055555/apiKeys_clerk.chips.browser_642ce0_5.79.1-canary.v20250803055555.min.js.gz
- clerk-js/5.79.1-canary.v20250803055555/apiKeys_clerk.chips.browser_642ce0_5.79.1-canary.v20250803055555.min.js.sri
- clerk-js/5.79.1-canary.v20250803055555/apiKeys_clerk.legacy.browser_549a06_5.79.1-canary.v20250803055555.js.br
- clerk-js/5.79.1-canary.v20250803055555/apiKeys_clerk.legacy.browser_549a06_5.79.1-canary.v20250803055555.js.gz
- clerk-js/5.79.1-canary.v20250803055555/apiKeys_clerk.legacy.browser_549a06_5.79.1-canary.v20250803055555.js.sri
- clerk-js/5.79.1-canary.v20250803055555/apiKeys_clerk.legacy.browser_549a06_5.79.1-canary.v20250803055555.min.js.br
- clerk-js/5.79.1-canary.v20250803055555/apiKeys_clerk.legacy.browser_549a06_5.79.1-canary.v20250803055555.min.js.gz
- clerk-js/5.79.1-canary.v20250803055555/apiKeys_clerk.legacy.browser_549a06_5.79.1-canary.v20250803055555.min.js.sri
- clerk-js/5.79.1-canary.v20250803055555/blankcaptcha_clerk.browser_6d042c_5.79.1-canary.v20250803055555.js.br
- clerk-js/5.79.1-canary.v20250803055555/blankcaptcha_clerk.browser_6d042c_5.79.1-canary.v20250803055555.js.gz
- clerk-js/5.79.1-canary.v20250803055555/blankcaptcha_clerk.browser_6d042c_5.79.1-canary.v20250803055555.js.sri
- clerk-js/5.79.1-canary.v20250803055555/blankcaptcha_clerk.browser_6d042c_5.79.1-canary.v20250803055555.min.js.br
- clerk-js/5.79.1-canary.v20250803055555/blankcaptcha_clerk.browser_6d042c_5.79.1-canary.v20250803055555.min.js.gz
- clerk-js/5.79.1-canary.v20250803055555/blankcaptcha_clerk.browser_6d042c_5.79.1-canary.v20250803055555.min.js.sri
- clerk-js/5.79.1-canary.v20250803055555/blankcaptcha_clerk.chips.browser_642ce0_5.79.1-canary.v20250803055555.js.br
- clerk-js/5.79.1-canary.v20250803055555/blankcaptcha_clerk.chips.browser_642ce0_5.79.1-canary.v20250803055555.js.gz
- clerk-js/5.79.1-canary.v20250803055555/blankcaptcha_clerk.chips.browser_642ce0_5.79.1-canary.v20250803055555.js.sri
- clerk-js/5.79.1-canary.v20250803055555/blankcaptcha_clerk.chips.browser_642ce0_5.79.1-canary.v20250803055555.min.js.br
- clerk-js/5.79.1-canary.v20250803055555/blankcaptcha_clerk.chips.browser_642ce0_5.79.1-canary.v20250803055555.min.js.gz
- clerk-js/5.79.1-canary.v20250803055555/blankcaptcha_clerk.chips.browser_642ce0_5.79.1-canary.v20250803055555.min.js.sri
- clerk-js/5.79.1-canary.v20250803055555/blankcaptcha_clerk.legacy.browser_549a06_5.79.1-canary.v20250803055555.js.br
- clerk-js/5.79.1-canary.v20250803055555/blankcaptcha_clerk.legacy.browser_549a06_5.79.1-canary.v20250803055555.js.gz
- clerk-js/5.79.1-canary.v20250803055555/blankcaptcha_clerk.legacy.browser_549a06_5.79.1-canary.v20250803055555.js.sri
- clerk-js/5.79.1-canary.v20250803055555/blankcaptcha_clerk.legacy.browser_549a06_5.79.1-canary.v20250803055555.min.js.br
- clerk-js/5.79.1-canary.v20250803055555/blankcaptcha_clerk.legacy.browser_549a06_5.79.1-canary.v20250803055555.min.js.gz
- clerk-js/5.79.1-canary.v20250803055555/blankcaptcha_clerk.legacy.browser_549a06_5.79.1-canary.v20250803055555.min.js.sri
- clerk-js/5.79.1-canary.v20250803055555/checkout_clerk.browser_6d042c_5.79.1-canary.v20250803055555.js.br
- clerk-js/5.79.1-canary.v20250803055555/checkout_clerk.browser_6d042c_5.79.1-canary.v20250803055555.js.gz
- clerk-js/5.79.1-canary.v20250803055555/checkout_clerk.browser_6d042c_5.79.1-canary.v20250803055555.js.sri
- clerk-js/5.79.1-canary.v20250803055555/checkout_clerk.browser_6d042c_5.79.1-canary.v20250803055555.min.js.br
- clerk-js/5.79.1-canary.v20250803055555/checkout_clerk.browser_6d042c_5.79.1-canary.v20250803055555.min.js.gz
- clerk-js/5.79.1-canary.v20250803055555/checkout_clerk.browser_6d042c_5.79.1-canary.v20250803055555.min.js.sri
- clerk-js/5.79.1-canary.v20250803055555/checkout_clerk.chips.browser_642ce0_5.79.1-canary.v20250803055555.js.br
- clerk-js/5.79.1-canary.v20250803055555/checkout_clerk.chips.browser_642ce0_5.79.1-canary.v20250803055555.js.gz
- clerk-js/5.79.1-canary.v20250803055555/checkout_clerk.chips.browser_642ce0_5.79.1-canary.v20250803055555.js.sri
- clerk-js/5.79.1-canary.v20250803055555/checkout_clerk.chips.browser_642ce0_5.79.1-canary.v20250803055555.min.js.br
- clerk-js/5.79.1-canary.v20250803055555/checkout_clerk.chips.browser_642ce0_5.79.1-canary.v20250803055555.min.js.gz
- clerk-js/5.79.1-canary.v20250803055555/checkout_clerk.chips.browser_642ce0_5.79.1-canary.v20250803055555.min.js.sri
- clerk-js/5.79.1-canary.v20250803055555/checkout_clerk.legacy.browser_549a06_5.79.1-canary.v20250803055555.js.br
- clerk-js/5.79.1-canary.v20250803055555/checkout_clerk.legacy.browser_549a06_5.79.1-canary.v20250803055555.js.gz
- clerk-js/5.79.1-canary.v20250803055555/checkout_clerk.legacy.browser_549a06_5.79.1-canary.v20250803055555.js.sri
- clerk-js/5.79.1-canary.v20250803055555/checkout_clerk.legacy.browser_549a06_5.79.1-canary.v20250803055555.min.js.br
- clerk-js/5.79.1-canary.v20250803055555/checkout_clerk.legacy.browser_549a06_5.79.1-canary.v20250803055555.min.js.gz
- clerk-js/5.79.1-canary.v20250803055555/checkout_clerk.legacy.browser_549a06_5.79.1-canary.v20250803055555.min.js.sri
- clerk-js/5.79.1-canary.v20250803055555/clerk.browser.js.br
- clerk-js/5.79.1-canary.v20250803055555/clerk.browser.js.gz
- clerk-js/5.79.1-canary.v20250803055555/clerk.browser.js.sri
- clerk-js/5.79.1-canary.v20250803055555/clerk.browser.min.js.br
- clerk-js/5.79.1-canary.v20250803055555/clerk.browser.min.js.gz
- clerk-js/5.79.1-canary.v20250803055555/clerk.browser.min.js.sri
- clerk-js/5.79.1-canary.v20250803055555/clerk.chips.browser.js.br
- clerk-js/5.79.1-canary.v20250803055555/clerk.chips.browser.js.gz
- clerk-js/5.79.1-canary.v20250803055555/clerk.chips.browser.js.sri
- clerk-js/5.79.1-canary.v20250803055555/clerk.chips.browser.min.js.br
- clerk-js/5.79.1-canary.v20250803055555/clerk.chips.browser.min.js.gz
- clerk-js/5.79.1-canary.v20250803055555/clerk.chips.browser.min.js.sri
- clerk-js/5.79.1-canary.v20250803055555/clerk.headless.browser.js.br
- clerk-js/5.79.1-canary.v20250803055555/clerk.headless.browser.js.gz
- clerk-js/5.79.1-canary.v20250803055555/clerk.headless.browser.js.sri
- clerk-js/5.79.1-canary.v20250803055555/clerk.headless.browser.min.js.br
- clerk-js/5.79.1-canary.v20250803055555/clerk.headless.browser.min.js.gz
- clerk-js/5.79.1-canary.v20250803055555/clerk.headless.browser.min.js.sri
- clerk-js/5.79.1-canary.v20250803055555/clerk.headless.js.br
- clerk-js/5.79.1-canary.v20250803055555/clerk.headless.js.gz
- clerk-js/5.79.1-canary.v20250803055555/clerk.headless.js.sri
- clerk-js/5.79.1-canary.v20250803055555/clerk.headless.min.js.br
- clerk-js/5.79.1-canary.v20250803055555/clerk.headless.min.js.gz
- clerk-js/5.79.1-canary.v20250803055555/clerk.headless.min.js.sri
- clerk-js/5.79.1-canary.v20250803055555/clerk.js.br
- clerk-js/5.79.1-canary.v20250803055555/clerk.js.gz
- clerk-js/5.79.1-canary.v20250803055555/clerk.js.sri
- clerk-js/5.79.1-canary.v20250803055555/clerk.legacy.browser.js.br
- clerk-js/5.79.1-canary.v20250803055555/clerk.legacy.browser.js.gz
- clerk-js/5.79.1-canary.v20250803055555/clerk.legacy.browser.js.sri
- clerk-js/5.79.1-canary.v20250803055555/clerk.legacy.browser.min.js.br
- clerk-js/5.79.1-canary.v20250803055555/clerk.legacy.browser.min.js.gz
- clerk-js/5.79.1-canary.v20250803055555/clerk.legacy.browser.min.js.sri
- clerk-js/5.79.1-canary.v20250803055555/clerk.min.js.br
- clerk-js/5.79.1-canary.v20250803055555/clerk.min.js.gz
- clerk-js/5.79.1-canary.v20250803055555/clerk.min.js.sri
- clerk-js/5.79.1-canary.v20250803055555/clerk.mjs.br
- clerk-js/5.79.1-canary.v20250803055555/clerk.mjs.gz
- clerk-js/5.79.1-canary.v20250803055555/clerk.no-rhc.js.br
- clerk-js/5.79.1-canary.v20250803055555/clerk.no-rhc.js.gz
- clerk-js/5.79.1-canary.v20250803055555/clerk.no-rhc.js.sri
- clerk-js/5.79.1-canary.v20250803055555/clerk.no-rhc.min.js.br
- clerk-js/5.79.1-canary.v20250803055555/clerk.no-rhc.min.js.gz
- clerk-js/5.79.1-canary.v20250803055555/clerk.no-rhc.min.js.sri
- clerk-js/5.79.1-canary.v20250803055555/clerk.no-rhc.mjs.br
- clerk-js/5.79.1-canary.v20250803055555/clerk.no-rhc.mjs.gz
- clerk-js/5.79.1-canary.v20250803055555/coinbase-wallet-sdk_clerk.browser_6d042c_5.79.1-canary.v20250803055555.js.br
- clerk-js/5.79.1-canary.v20250803055555/coinbase-wallet-sdk_clerk.browser_6d042c_5.79.1-canary.v20250803055555.js.gz
- clerk-js/5.79.1-canary.v20250803055555/coinbase-wallet-sdk_clerk.browser_6d042c_5.79.1-canary.v20250803055555.js.sri
- clerk-js/5.79.1-canary.v20250803055555/coinbase-wallet-sdk_clerk.browser_6d042c_5.79.1-canary.v20250803055555.min.js.br
- clerk-js/5.79.1-canary.v20250803055555/coinbase-wallet-sdk_clerk.browser_6d042c_5.79.1-canary.v20250803055555.min.js.gz
- clerk-js/5.79.1-canary.v20250803055555/coinbase-wallet-sdk_clerk.browser_6d042c_5.79.1-canary.v20250803055555.min.js.sri
- clerk-js/5.79.1-canary.v20250803055555/coinbase-wallet-sdk_clerk.chips.browser_642ce0_5.79.1-canary.v20250803055555.js.br
- clerk-js/5.79.1-canary.v20250803055555/coinbase-wallet-sdk_clerk.chips.browser_642ce0_5.79.1-canary.v20250803055555.js.gz
- clerk-js/5.79.1-canary.v20250803055555/coinbase-wallet-sdk_clerk.chips.browser_642ce0_5.79.1-canary.v20250803055555.js.sri
- clerk-js/5.79.1-canary.v20250803055555/coinbase-wallet-sdk_clerk.chips.browser_642ce0_5.79.1-canary.v20250803055555.min.js.br
- clerk-js/5.79.1-canary.v20250803055555/coinbase-wallet-sdk_clerk.chips.browser_642ce0_5.79.1-canary.v20250803055555.min.js.gz
- clerk-js/5.79.1-canary.v20250803055555/coinbase-wallet-sdk_clerk.chips.browser_642ce0_5.79.1-canary.v20250803055555.min.js.sri
- clerk-js/5.79.1-canary.v20250803055555/coinbase-wallet-sdk_clerk.headless.browser_8afdee_5.79.1-canary.v20250803055555.js.br
- clerk-js/5.79.1-canary.v20250803055555/coinbase-wallet-sdk_clerk.headless.browser_8afdee_5.79.1-canary.v20250803055555.js.gz
- clerk-js/5.79.1-canary.v20250803055555/coinbase-wallet-sdk_clerk.headless.browser_8afdee_5.79.1-canary.v20250803055555.js.sri
- clerk-js/5.79.1-canary.v20250803055555/coinbase-wallet-sdk_clerk.headless.browser_8afdee_5.79.1-canary.v20250803055555.min.js.br
- clerk-js/5.79.1-canary.v20250803055555/coinbase-wallet-sdk_clerk.headless.browser_8afdee_5.79.1-canary.v20250803055555.min.js.gz
- clerk-js/5.79.1-canary.v20250803055555/coinbase-wallet-sdk_clerk.headless.browser_8afdee_5.79.1-canary.v20250803055555.min.js.sri
- clerk-js/5.79.1-canary.v20250803055555/coinbase-wallet-sdk_clerk.legacy.browser_549a06_5.79.1-canary.v20250803055555.js.br
- clerk-js/5.79.1-canary.v20250803055555/coinbase-wallet-sdk_clerk.legacy.browser_549a06_5.79.1-canary.v20250803055555.js.gz
- clerk-js/5.79.1-canary.v20250803055555/coinbase-wallet-sdk_clerk.legacy.browser_549a06_5.79.1-canary.v20250803055555.js.sri
- clerk-js/5.79.1-canary.v20250803055555/coinbase-wallet-sdk_clerk.legacy.browser_549a06_5.79.1-canary.v20250803055555.min.js.br
- clerk-js/5.79.1-canary.v20250803055555/coinbase-wallet-sdk_clerk.legacy.browser_549a06_5.79.1-canary.v20250803055555.min.js.gz
- clerk-js/5.79.1-canary.v20250803055555/coinbase-wallet-sdk_clerk.legacy.browser_549a06_5.79.1-canary.v20250803055555.min.js.sri
- clerk-js/5.79.1-canary.v20250803055555/cookieSuffix_clerk.browser_6d042c_5.79.1-canary.v20250803055555.js.br
- clerk-js/5.79.1-canary.v20250803055555/cookieSuffix_clerk.browser_6d042c_5.79.1-canary.v20250803055555.js.gz
- clerk-js/5.79.1-canary.v20250803055555/cookieSuffix_clerk.browser_6d042c_5.79.1-canary.v20250803055555.js.sri
- clerk-js/5.79.1-canary.v20250803055555/cookieSuffix_clerk.browser_6d042c_5.79.1-canary.v20250803055555.min.js.br
- clerk-js/5.79.1-canary.v20250803055555/cookieSuffix_clerk.browser_6d042c_5.79.1-canary.v20250803055555.min.js.gz
- clerk-js/5.79.1-canary.v20250803055555/cookieSuffix_clerk.browser_6d042c_5.79.1-canary.v20250803055555.min.js.sri
- clerk-js/5.79.1-canary.v20250803055555/cookieSuffix_clerk.chips.browser_642ce0_5.79.1-canary.v20250803055555.js.br
- clerk-js/5.79.1-canary.v20250803055555/cookieSuffix_clerk.chips.browser_642ce0_5.79.1-canary.v20250803055555.js.gz
- clerk-js/5.79.1-canary.v20250803055555/cookieSuffix_clerk.chips.browser_642ce0_5.79.1-canary.v20250803055555.js.sri
- clerk-js/5.79.1-canary.v20250803055555/cookieSuffix_clerk.chips.browser_642ce0_5.79.1-canary.v20250803055555.min.js.br
- clerk-js/5.79.1-canary.v20250803055555/cookieSuffix_clerk.chips.browser_642ce0_5.79.1-canary.v20250803055555.min.js.gz
- clerk-js/5.79.1-canary.v20250803055555/cookieSuffix_clerk.chips.browser_642ce0_5.79.1-canary.v20250803055555.min.js.sri
- clerk-js/5.79.1-canary.v20250803055555/cookieSuffix_clerk.headless.browser_8afdee_5.79.1-canary.v20250803055555.js.br
- clerk-js/5.79.1-canary.v20250803055555/cookieSuffix_clerk.headless.browser_8afdee_5.79.1-canary.v20250803055555.js.gz
- clerk-js/5.79.1-canary.v20250803055555/cookieSuffix_clerk.headless.browser_8afdee_5.79.1-canary.v20250803055555.js.sri
- clerk-js/5.79.1-canary.v20250803055555/cookieSuffix_clerk.headless.browser_8afdee_5.79.1-canary.v20250803055555.min.js.br
- clerk-js/5.79.1-canary.v20250803055555/cookieSuffix_clerk.headless.browser_8afdee_5.79.1-canary.v20250803055555.min.js.gz
- clerk-js/5.79.1-canary.v20250803055555/cookieSuffix_clerk.headless.browser_8afdee_5.79.1-canary.v20250803055555.min.js.sri
- clerk-js/5.79.1-canary.v20250803055555/cookieSuffix_clerk.headless_a8070a_5.79.1-canary.v20250803055555.js.br
- clerk-js/5.79.1-canary.v20250803055555/cookieSuffix_clerk.headless_a8070a_5.79.1-canary.v20250803055555.js.gz
- clerk-js/5.79.1-canary.v20250803055555/cookieSuffix_clerk.headless_a8070a_5.79.1-canary.v20250803055555.js.sri
- clerk-js/5.79.1-canary.v20250803055555/cookieSuffix_clerk.headless_a8070a_5.79.1-canary.v20250803055555.min.js.br
- clerk-js/5.79.1-canary.v20250803055555/cookieSuffix_clerk.headless_a8070a_5.79.1-canary.v20250803055555.min.js.gz
- clerk-js/5.79.1-canary.v20250803055555/cookieSuffix_clerk.headless_a8070a_5.79.1-canary.v20250803055555.min.js.sri
- clerk-js/5.79.1-canary.v20250803055555/cookieSuffix_clerk.legacy.browser_549a06_5.79.1-canary.v20250803055555.js.br
- clerk-js/5.79.1-canary.v20250803055555/cookieSuffix_clerk.legacy.browser_549a06_5.79.1-canary.v20250803055555.js.gz
- clerk-js/5.79.1-canary.v20250803055555/cookieSuffix_clerk.legacy.browser_549a06_5.79.1-canary.v20250803055555.js.sri
- clerk-js/5.79.1-canary.v20250803055555/cookieSuffix_clerk.legacy.browser_549a06_5.79.1-canary.v20250803055555.min.js.br
- clerk-js/5.79.1-canary.v20250803055555/cookieSuffix_clerk.legacy.browser_549a06_5.79.1-canary.v20250803055555.min.js.gz
- clerk-js/5.79.1-canary.v20250803055555/cookieSuffix_clerk.legacy.browser_549a06_5.79.1-canary.v20250803055555.min.js.sri
- clerk-js/5.79.1-canary.v20250803055555/createorganization_clerk.browser_6d042c_5.79.1-canary.v20250803055555.js.br
- clerk-js/5.79.1-canary.v20250803055555/createorganization_clerk.browser_6d042c_5.79.1-canary.v20250803055555.js.gz
- clerk-js/5.79.1-canary.v20250803055555/createorganization_clerk.browser_6d042c_5.79.1-canary.v20250803055555.js.sri
- clerk-js/5.79.1-canary.v20250803055555/createorganization_clerk.browser_6d042c_5.79.1-canary.v20250803055555.min.js.br
- clerk-js/5.79.1-canary.v20250803055555/createorganization_clerk.browser_6d042c_5.79.1-canary.v20250803055555.min.js.gz
- clerk-js/5.79.1-canary.v20250803055555/createorganization_clerk.browser_6d042c_5.79.1-canary.v20250803055555.min.js.sri
- clerk-js/5.79.1-canary.v20250803055555/createorganization_clerk.chips.browser_642ce0_5.79.1-canary.v20250803055555.js.br
- clerk-js/5.79.1-canary.v20250803055555/createorganization_clerk.chips.browser_642ce0_5.79.1-canary.v20250803055555.js.gz
- clerk-js/5.79.1-canary.v20250803055555/createorganization_clerk.chips.browser_642ce0_5.79.1-canary.v20250803055555.js.sri
- clerk-js/5.79.1-canary.v20250803055555/createorganization_clerk.chips.browser_642ce0_5.79.1-canary.v20250803055555.min.js.br
- clerk-js/5.79.1-canary.v20250803055555/createorganization_clerk.chips.browser_642ce0_5.79.1-canary.v20250803055555.min.js.gz
- clerk-js/5.79.1-canary.v20250803055555/createorganization_clerk.chips.browser_642ce0_5.79.1-canary.v20250803055555.min.js.sri
- clerk-js/5.79.1-canary.v20250803055555/createorganization_clerk.legacy.browser_549a06_5.79.1-canary.v20250803055555.js.br
- clerk-js/5.79.1-canary.v20250803055555/createorganization_clerk.legacy.browser_549a06_5.79.1-canary.v20250803055555.js.gz
- clerk-js/5.79.1-canary.v20250803055555/createorganization_clerk.legacy.browser_549a06_5.79.1-canary.v20250803055555.js.sri
- clerk-js/5.79.1-canary.v20250803055555/createorganization_clerk.legacy.browser_549a06_5.79.1-canary.v20250803055555.min.js.br
- clerk-js/5.79.1-canary.v20250803055555/createorganization_clerk.legacy.browser_549a06_5.79.1-canary.v20250803055555.min.js.gz
- clerk-js/5.79.1-canary.v20250803055555/createorganization_clerk.legacy.browser_549a06_5.79.1-canary.v20250803055555.min.js.sri
- clerk-js/5.79.1-canary.v20250803055555/framework_clerk.browser_6d042c_5.79.1-canary.v20250803055555.js.br
- clerk-js/5.79.1-canary.v20250803055555/framework_clerk.browser_6d042c_5.79.1-canary.v20250803055555.js.gz
- clerk-js/5.79.1-canary.v20250803055555/framework_clerk.browser_6d042c_5.79.1-canary.v20250803055555.js.sri
- clerk-js/5.79.1-canary.v20250803055555/framework_clerk.browser_6d042c_5.79.1-canary.v20250803055555.min.js.br
- clerk-js/5.79.1-canary.v20250803055555/framework_clerk.browser_6d042c_5.79.1-canary.v20250803055555.min.js.gz
- clerk-js/5.79.1-canary.v20250803055555/framework_clerk.browser_6d042c_5.79.1-canary.v20250803055555.min.js.sri
- clerk-js/5.79.1-canary.v20250803055555/framework_clerk.chips.browser_642ce0_5.79.1-canary.v20250803055555.js.br
- clerk-js/5.79.1-canary.v20250803055555/framework_clerk.chips.browser_642ce0_5.79.1-canary.v20250803055555.js.gz
- clerk-js/5.79.1-canary.v20250803055555/framework_clerk.chips.browser_642ce0_5.79.1-canary.v20250803055555.js.sri
- clerk-js/5.79.1-canary.v20250803055555/framework_clerk.chips.browser_642ce0_5.79.1-canary.v20250803055555.min.js.br
- clerk-js/5.79.1-canary.v20250803055555/framework_clerk.chips.browser_642ce0_5.79.1-canary.v20250803055555.min.js.gz
- clerk-js/5.79.1-canary.v20250803055555/framework_clerk.chips.browser_642ce0_5.79.1-canary.v20250803055555.min.js.sri
- clerk-js/5.79.1-canary.v20250803055555/framework_clerk.legacy.browser_549a06_5.79.1-canary.v20250803055555.js.br
- clerk-js/5.79.1-canary.v20250803055555/framework_clerk.legacy.browser_549a06_5.79.1-canary.v20250803055555.js.gz
- clerk-js/5.79.1-canary.v20250803055555/framework_clerk.legacy.browser_549a06_5.79.1-canary.v20250803055555.js.sri
- clerk-js/5.79.1-canary.v20250803055555/framework_clerk.legacy.browser_549a06_5.79.1-canary.v20250803055555.min.js.br
- clerk-js/5.79.1-canary.v20250803055555/framework_clerk.legacy.browser_549a06_5.79.1-canary.v20250803055555.min.js.gz
- clerk-js/5.79.1-canary.v20250803055555/framework_clerk.legacy.browser_549a06_5.79.1-canary.v20250803055555.min.js.sri
- clerk-js/5.79.1-canary.v20250803055555/impersonationfab_clerk.browser_6d042c_5.79.1-canary.v20250803055555.js.br
- clerk-js/5.79.1-canary.v20250803055555/impersonationfab_clerk.browser_6d042c_5.79.1-canary.v20250803055555.js.gz
- clerk-js/5.79.1-canary.v20250803055555/impersonationfab_clerk.browser_6d042c_5.79.1-canary.v20250803055555.js.sri
- clerk-js/5.79.1-canary.v20250803055555/impersonationfab_clerk.browser_6d042c_5.79.1-canary.v20250803055555.min.js.br
- clerk-js/5.79.1-canary.v20250803055555/impersonationfab_clerk.browser_6d042c_5.79.1-canary.v20250803055555.min.js.gz
- clerk-js/5.79.1-canary.v20250803055555/impersonationfab_clerk.browser_6d042c_5.79.1-canary.v20250803055555.min.js.sri
- clerk-js/5.79.1-canary.v20250803055555/impersonationfab_clerk.chips.browser_642ce0_5.79.1-canary.v20250803055555.js.br
- clerk-js/5.79.1-canary.v20250803055555/impersonationfab_clerk.chips.browser_642ce0_5.79.1-canary.v20250803055555.js.gz
- clerk-js/5.79.1-canary.v20250803055555/impersonationfab_clerk.chips.browser_642ce0_5.79.1-canary.v20250803055555.js.sri
- clerk-js/5.79.1-canary.v20250803055555/impersonationfab_clerk.chips.browser_642ce0_5.79.1-canary.v20250803055555.min.js.br
- clerk-js/5.79.1-canary.v20250803055555/impersonationfab_clerk.chips.browser_642ce0_5.79.1-canary.v20250803055555.min.js.gz
- clerk-js/5.79.1-canary.v20250803055555/impersonationfab_clerk.chips.browser_642ce0_5.79.1-canary.v20250803055555.min.js.sri
- clerk-js/5.79.1-canary.v20250803055555/impersonationfab_clerk.legacy.browser_549a06_5.79.1-canary.v20250803055555.js.br
- clerk-js/5.79.1-canary.v20250803055555/impersonationfab_clerk.legacy.browser_549a06_5.79.1-canary.v20250803055555.js.gz
- clerk-js/5.79.1-canary.v20250803055555/impersonationfab_clerk.legacy.browser_549a06_5.79.1-canary.v20250803055555.js.sri
- clerk-js/5.79.1-canary.v20250803055555/impersonationfab_clerk.legacy.browser_549a06_5.79.1-canary.v20250803055555.min.js.br
- clerk-js/5.79.1-canary.v20250803055555/impersonationfab_clerk.legacy.browser_549a06_5.79.1-canary.v20250803055555.min.js.gz
- clerk-js/5.79.1-canary.v20250803055555/impersonationfab_clerk.legacy.browser_549a06_5.79.1-canary.v20250803055555.min.js.sri
- clerk-js/5.79.1-canary.v20250803055555/keylessPrompt_clerk.browser_6d042c_5.79.1-canary.v20250803055555.js.br
- clerk-js/5.79.1-canary.v20250803055555/keylessPrompt_clerk.browser_6d042c_5.79.1-canary.v20250803055555.js.gz
- clerk-js/5.79.1-canary.v20250803055555/keylessPrompt_clerk.browser_6d042c_5.79.1-canary.v20250803055555.js.sri
- clerk-js/5.79.1-canary.v20250803055555/keylessPrompt_clerk.browser_6d042c_5.79.1-canary.v20250803055555.min.js.br
- clerk-js/5.79.1-canary.v20250803055555/keylessPrompt_clerk.browser_6d042c_5.79.1-canary.v20250803055555.min.js.gz
- clerk-js/5.79.1-canary.v20250803055555/keylessPrompt_clerk.browser_6d042c_5.79.1-canary.v20250803055555.min.js.sri
- clerk-js/5.79.1-canary.v20250803055555/keylessPrompt_clerk.chips.browser_642ce0_5.79.1-canary.v20250803055555.js.br
- clerk-js/5.79.1-canary.v20250803055555/keylessPrompt_clerk.chips.browser_642ce0_5.79.1-canary.v20250803055555.js.gz
- clerk-js/5.79.1-canary.v20250803055555/keylessPrompt_clerk.chips.browser_642ce0_5.79.1-canary.v20250803055555.js.sri
- clerk-js/5.79.1-canary.v20250803055555/keylessPrompt_clerk.chips.browser_642ce0_5.79.1-canary.v20250803055555.min.js.br
- clerk-js/5.79.1-canary.v20250803055555/keylessPrompt_clerk.chips.browser_642ce0_5.79.1-canary.v20250803055555.min.js.gz
- clerk-js/5.79.1-canary.v20250803055555/keylessPrompt_clerk.chips.browser_642ce0_5.79.1-canary.v20250803055555.min.js.sri
- clerk-js/5.79.1-canary.v20250803055555/keylessPrompt_clerk.legacy.browser_549a06_5.79.1-canary.v20250803055555.js.br
- clerk-js/5.79.1-canary.v20250803055555/keylessPrompt_clerk.legacy.browser_549a06_5.79.1-canary.v20250803055555.js.gz
- clerk-js/5.79.1-canary.v20250803055555/keylessPrompt_clerk.legacy.browser_549a06_5.79.1-canary.v20250803055555.js.sri
- clerk-js/5.79.1-canary.v20250803055555/keylessPrompt_clerk.legacy.browser_549a06_5.79.1-canary.v20250803055555.min.js.br
- clerk-js/5.79.1-canary.v20250803055555/keylessPrompt_clerk.legacy.browser_549a06_5.79.1-canary.v20250803055555.min.js.gz
- clerk-js/5.79.1-canary.v20250803055555/keylessPrompt_clerk.legacy.browser_549a06_5.79.1-canary.v20250803055555.min.js.sri
- clerk-js/5.79.1-canary.v20250803055555/oauthConsent_clerk.browser_6d042c_5.79.1-canary.v20250803055555.js.br
- clerk-js/5.79.1-canary.v20250803055555/oauthConsent_clerk.browser_6d042c_5.79.1-canary.v20250803055555.js.gz
- clerk-js/5.79.1-canary.v20250803055555/oauthConsent_clerk.browser_6d042c_5.79.1-canary.v20250803055555.js.sri
- clerk-js/5.79.1-canary.v20250803055555/oauthConsent_clerk.browser_6d042c_5.79.1-canary.v20250803055555.min.js.br
- clerk-js/5.79.1-canary.v20250803055555/oauthConsent_clerk.browser_6d042c_5.79.1-canary.v20250803055555.min.js.gz
- clerk-js/5.79.1-canary.v20250803055555/oauthConsent_clerk.browser_6d042c_5.79.1-canary.v20250803055555.min.js.sri
- clerk-js/5.79.1-canary.v20250803055555/oauthConsent_clerk.chips.browser_642ce0_5.79.1-canary.v20250803055555.js.br
- clerk-js/5.79.1-canary.v20250803055555/oauthConsent_clerk.chips.browser_642ce0_5.79.1-canary.v20250803055555.js.gz
- clerk-js/5.79.1-canary.v20250803055555/oauthConsent_clerk.chips.browser_642ce0_5.79.1-canary.v20250803055555.js.sri
- clerk-js/5.79.1-canary.v20250803055555/oauthConsent_clerk.chips.browser_642ce0_5.79.1-canary.v20250803055555.min.js.br
- clerk-js/5.79.1-canary.v20250803055555/oauthConsent_clerk.chips.browser_642ce0_5.79.1-canary.v20250803055555.min.js.gz
- clerk-js/5.79.1-canary.v20250803055555/oauthConsent_clerk.chips.browser_642ce0_5.79.1-canary.v20250803055555.min.js.sri
- clerk-js/5.79.1-canary.v20250803055555/oauthConsent_clerk.legacy.browser_549a06_5.79.1-canary.v20250803055555.js.br
- clerk-js/5.79.1-canary.v20250803055555/oauthConsent_clerk.legacy.browser_549a06_5.79.1-canary.v20250803055555.js.gz
- clerk-js/5.79.1-canary.v20250803055555/oauthConsent_clerk.legacy.browser_549a06_5.79.1-canary.v20250803055555.js.sri
- clerk-js/5.79.1-canary.v20250803055555/oauthConsent_clerk.legacy.browser_549a06_5.79.1-canary.v20250803055555.min.js.br
- clerk-js/5.79.1-canary.v20250803055555/oauthConsent_clerk.legacy.browser_549a06_5.79.1-canary.v20250803055555.min.js.gz
- clerk-js/5.79.1-canary.v20250803055555/oauthConsent_clerk.legacy.browser_549a06_5.79.1-canary.v20250803055555.min.js.sri
- clerk-js/5.79.1-canary.v20250803055555/onetap_clerk.browser_6d042c_5.79.1-canary.v20250803055555.js.br
- clerk-js/5.79.1-canary.v20250803055555/onetap_clerk.browser_6d042c_5.79.1-canary.v20250803055555.js.gz
- clerk-js/5.79.1-canary.v20250803055555/onetap_clerk.browser_6d042c_5.79.1-canary.v20250803055555.js.sri
- clerk-js/5.79.1-canary.v20250803055555/onetap_clerk.browser_6d042c_5.79.1-canary.v20250803055555.min.js.br
- clerk-js/5.79.1-canary.v20250803055555/onetap_clerk.browser_6d042c_5.79.1-canary.v20250803055555.min.js.gz
- clerk-js/5.79.1-canary.v20250803055555/onetap_clerk.browser_6d042c_5.79.1-canary.v20250803055555.min.js.sri
- clerk-js/5.79.1-canary.v20250803055555/onetap_clerk.chips.browser_642ce0_5.79.1-canary.v20250803055555.js.br
- clerk-js/5.79.1-canary.v20250803055555/onetap_clerk.chips.browser_642ce0_5.79.1-canary.v20250803055555.js.gz
- clerk-js/5.79.1-canary.v20250803055555/onetap_clerk.chips.browser_642ce0_5.79.1-canary.v20250803055555.js.sri
- clerk-js/5.79.1-canary.v20250803055555/onetap_clerk.chips.browser_642ce0_5.79.1-canary.v20250803055555.min.js.br
- clerk-js/5.79.1-canary.v20250803055555/onetap_clerk.chips.browser_642ce0_5.79.1-canary.v20250803055555.min.js.gz
- clerk-js/5.79.1-canary.v20250803055555/onetap_clerk.chips.browser_642ce0_5.79.1-canary.v20250803055555.min.js.sri
- clerk-js/5.79.1-canary.v20250803055555/onetap_clerk.legacy.browser_549a06_5.79.1-canary.v20250803055555.js.br
- clerk-js/5.79.1-canary.v20250803055555/onetap_clerk.legacy.browser_549a06_5.79.1-canary.v20250803055555.js.gz
- clerk-js/5.79.1-canary.v20250803055555/onetap_clerk.legacy.browser_549a06_5.79.1-canary.v20250803055555.js.sri
- clerk-js/5.79.1-canary.v20250803055555/onetap_clerk.legacy.browser_549a06_5.79.1-canary.v20250803055555.min.js.br
- clerk-js/5.79.1-canary.v20250803055555/onetap_clerk.legacy.browser_549a06_5.79.1-canary.v20250803055555.min.js.gz
- clerk-js/5.79.1-canary.v20250803055555/onetap_clerk.legacy.browser_549a06_5.79.1-canary.v20250803055555.min.js.sri
- clerk-js/5.79.1-canary.v20250803055555/op-api-keys-page_clerk.browser_6d042c_5.79.1-canary.v20250803055555.js.br
- clerk-js/5.79.1-canary.v20250803055555/op-api-keys-page_clerk.browser_6d042c_5.79.1-canary.v20250803055555.js.gz
- clerk-js/5.79.1-canary.v20250803055555/op-api-keys-page_clerk.browser_6d042c_5.79.1-canary.v20250803055555.js.sri
- clerk-js/5.79.1-canary.v20250803055555/op-api-keys-page_clerk.browser_6d042c_5.79.1-canary.v20250803055555.min.js.br
- clerk-js/5.79.1-canary.v20250803055555/op-api-keys-page_clerk.browser_6d042c_5.79.1-canary.v20250803055555.min.js.gz
- clerk-js/5.79.1-canary.v20250803055555/op-api-keys-page_clerk.browser_6d042c_5.79.1-canary.v20250803055555.min.js.sri
- clerk-js/5.79.1-canary.v20250803055555/op-api-keys-page_clerk.chips.browser_642ce0_5.79.1-canary.v20250803055555.js.br
- clerk-js/5.79.1-canary.v20250803055555/op-api-keys-page_clerk.chips.browser_642ce0_5.79.1-canary.v20250803055555.js.gz
- clerk-js/5.79.1-canary.v20250803055555/op-api-keys-page_clerk.chips.browser_642ce0_5.79.1-canary.v20250803055555.js.sri
- clerk-js/5.79.1-canary.v20250803055555/op-api-keys-page_clerk.chips.browser_642ce0_5.79.1-canary.v20250803055555.min.js.br
- clerk-js/5.79.1-canary.v20250803055555/op-api-keys-page_clerk.chips.browser_642ce0_5.79.1-canary.v20250803055555.min.js.gz
- clerk-js/5.79.1-canary.v20250803055555/op-api-keys-page_clerk.chips.browser_642ce0_5.79.1-canary.v20250803055555.min.js.sri
- clerk-js/5.79.1-canary.v20250803055555/op-api-keys-page_clerk.legacy.browser_549a06_5.79.1-canary.v20250803055555.js.br
- clerk-js/5.79.1-canary.v20250803055555/op-api-keys-page_clerk.legacy.browser_549a06_5.79.1-canary.v20250803055555.js.gz
- clerk-js/5.79.1-canary.v20250803055555/op-api-keys-page_clerk.legacy.browser_549a06_5.79.1-canary.v20250803055555.js.sri
- clerk-js/5.79.1-canary.v20250803055555/op-api-keys-page_clerk.legacy.browser_549a06_5.79.1-canary.v20250803055555.min.js.br
- clerk-js/5.79.1-canary.v20250803055555/op-api-keys-page_clerk.legacy.browser_549a06_5.79.1-canary.v20250803055555.min.js.gz
- clerk-js/5.79.1-canary.v20250803055555/op-api-keys-page_clerk.legacy.browser_549a06_5.79.1-canary.v20250803055555.min.js.sri
- clerk-js/5.79.1-canary.v20250803055555/op-billing-page_clerk.browser_6d042c_5.79.1-canary.v20250803055555.js.br
- clerk-js/5.79.1-canary.v20250803055555/op-billing-page_clerk.browser_6d042c_5.79.1-canary.v20250803055555.js.gz
- clerk-js/5.79.1-canary.v20250803055555/op-billing-page_clerk.browser_6d042c_5.79.1-canary.v20250803055555.js.sri
- clerk-js/5.79.1-canary.v20250803055555/op-billing-page_clerk.browser_6d042c_5.79.1-canary.v20250803055555.min.js.br
- clerk-js/5.79.1-canary.v20250803055555/op-billing-page_clerk.browser_6d042c_5.79.1-canary.v20250803055555.min.js.gz
- clerk-js/5.79.1-canary.v20250803055555/op-billing-page_clerk.browser_6d042c_5.79.1-canary.v20250803055555.min.js.sri
- clerk-js/5.79.1-canary.v20250803055555/op-billing-page_clerk.chips.browser_642ce0_5.79.1-canary.v20250803055555.js.br
- clerk-js/5.79.1-canary.v20250803055555/op-billing-page_clerk.chips.browser_642ce0_5.79.1-canary.v20250803055555.js.gz
- clerk-js/5.79.1-canary.v20250803055555/op-billing-page_clerk.chips.browser_642ce0_5.79.1-canary.v20250803055555.js.sri
- clerk-js/5.79.1-canary.v20250803055555/op-billing-page_clerk.chips.browser_642ce0_5.79.1-canary.v20250803055555.min.js.br
- clerk-js/5.79.1-canary.v20250803055555/op-billing-page_clerk.chips.browser_642ce0_5.79.1-canary.v20250803055555.min.js.gz
- clerk-js/5.79.1-canary.v20250803055555/op-billing-page_clerk.chips.browser_642ce0_5.79.1-canary.v20250803055555.min.js.sri
- clerk-js/5.79.1-canary.v20250803055555/op-billing-page_clerk.legacy.browser_549a06_5.79.1-canary.v20250803055555.js.br
- clerk-js/5.79.1-canary.v20250803055555/op-billing-page_clerk.legacy.browser_549a06_5.79.1-canary.v20250803055555.js.gz
- clerk-js/5.79.1-canary.v20250803055555/op-billing-page_clerk.legacy.browser_549a06_5.79.1-canary.v20250803055555.js.sri
- clerk-js/5.79.1-canary.v20250803055555/op-billing-page_clerk.legacy.browser_549a06_5.79.1-canary.v20250803055555.min.js.br
- clerk-js/5.79.1-canary.v20250803055555/op-billing-page_clerk.legacy.browser_549a06_5.79.1-canary.v20250803055555.min.js.gz
- clerk-js/5.79.1-canary.v20250803055555/op-billing-page_clerk.legacy.browser_549a06_5.79.1-canary.v20250803055555.min.js.sri
- clerk-js/5.79.1-canary.v20250803055555/op-plans-page_clerk.browser_6d042c_5.79.1-canary.v20250803055555.js.br
- clerk-js/5.79.1-canary.v20250803055555/op-plans-page_clerk.browser_6d042c_5.79.1-canary.v20250803055555.js.gz
- clerk-js/5.79.1-canary.v20250803055555/op-plans-page_clerk.browser_6d042c_5.79.1-canary.v20250803055555.js.sri
- clerk-js/5.79.1-canary.v20250803055555/op-plans-page_clerk.browser_6d042c_5.79.1-canary.v20250803055555.min.js.br
- clerk-js/5.79.1-canary.v20250803055555/op-plans-page_clerk.browser_6d042c_5.79.1-canary.v20250803055555.min.js.gz
- clerk-js/5.79.1-canary.v20250803055555/op-plans-page_clerk.browser_6d042c_5.79.1-canary.v20250803055555.min.js.sri
- clerk-js/5.79.1-canary.v20250803055555/op-plans-page_clerk.chips.browser_642ce0_5.79.1-canary.v20250803055555.js.br
- clerk-js/5.79.1-canary.v20250803055555/op-plans-page_clerk.chips.browser_642ce0_5.79.1-canary.v20250803055555.js.gz
- clerk-js/5.79.1-canary.v20250803055555/op-plans-page_clerk.chips.browser_642ce0_5.79.1-canary.v20250803055555.js.sri
- clerk-js/5.79.1-canary.v20250803055555/op-plans-page_clerk.chips.browser_642ce0_5.79.1-canary.v20250803055555.min.js.br
- clerk-js/5.79.1-canary.v20250803055555/op-plans-page_clerk.chips.browser_642ce0_5.79.1-canary.v20250803055555.min.js.gz
- clerk-js/5.79.1-canary.v20250803055555/op-plans-page_clerk.chips.browser_642ce0_5.79.1-canary.v20250803055555.min.js.sri
- clerk-js/5.79.1-canary.v20250803055555/op-plans-page_clerk.legacy.browser_549a06_5.79.1-canary.v20250803055555.js.br
- clerk-js/5.79.1-canary.v20250803055555/op-plans-page_clerk.legacy.browser_549a06_5.79.1-canary.v20250803055555.js.gz
- clerk-js/5.79.1-canary.v20250803055555/op-plans-page_clerk.legacy.browser_549a06_5.79.1-canary.v20250803055555.js.sri
- clerk-js/5.79.1-canary.v20250803055555/op-plans-page_clerk.legacy.browser_549a06_5.79.1-canary.v20250803055555.min.js.br
- clerk-js/5.79.1-canary.v20250803055555/op-plans-page_clerk.legacy.browser_549a06_5.79.1-canary.v20250803055555.min.js.gz
- clerk-js/5.79.1-canary.v20250803055555/op-plans-page_clerk.legacy.browser_549a06_5.79.1-canary.v20250803055555.min.js.sri
- clerk-js/5.79.1-canary.v20250803055555/organizationlist_clerk.browser_6d042c_5.79.1-canary.v20250803055555.js.br
- clerk-js/5.79.1-canary.v20250803055555/organizationlist_clerk.browser_6d042c_5.79.1-canary.v20250803055555.js.gz
- clerk-js/5.79.1-canary.v20250803055555/organizationlist_clerk.browser_6d042c_5.79.1-canary.v20250803055555.js.sri
- clerk-js/5.79.1-canary.v20250803055555/organizationlist_clerk.browser_6d042c_5.79.1-canary.v20250803055555.min.js.br
- clerk-js/5.79.1-canary.v20250803055555/organizationlist_clerk.browser_6d042c_5.79.1-canary.v20250803055555.min.js.gz
- clerk-js/5.79.1-canary.v20250803055555/organizationlist_clerk.browser_6d042c_5.79.1-canary.v20250803055555.min.js.sri
- clerk-js/5.79.1-canary.v20250803055555/organizationlist_clerk.chips.browser_642ce0_5.79.1-canary.v20250803055555.js.br
- clerk-js/5.79.1-canary.v20250803055555/organizationlist_clerk.chips.browser_642ce0_5.79.1-canary.v20250803055555.js.gz
- clerk-js/5.79.1-canary.v20250803055555/organizationlist_clerk.chips.browser_642ce0_5.79.1-canary.v20250803055555.js.sri
- clerk-js/5.79.1-canary.v20250803055555/organizationlist_clerk.chips.browser_642ce0_5.79.1-canary.v20250803055555.min.js.br
- clerk-js/5.79.1-canary.v20250803055555/organizationlist_clerk.chips.browser_642ce0_5.79.1-canary.v20250803055555.min.js.gz
- clerk-js/5.79.1-canary.v20250803055555/organizationlist_clerk.chips.browser_642ce0_5.79.1-canary.v20250803055555.min.js.sri
- clerk-js/5.79.1-canary.v20250803055555/organizationlist_clerk.legacy.browser_549a06_5.79.1-canary.v20250803055555.js.br
- clerk-js/5.79.1-canary.v20250803055555/organizationlist_clerk.legacy.browser_549a06_5.79.1-canary.v20250803055555.js.gz
- clerk-js/5.79.1-canary.v20250803055555/organizationlist_clerk.legacy.browser_549a06_5.79.1-canary.v20250803055555.js.sri
- clerk-js/5.79.1-canary.v20250803055555/organizationlist_clerk.legacy.browser_549a06_5.79.1-canary.v20250803055555.min.js.br
- clerk-js/5.79.1-canary.v20250803055555/organizationlist_clerk.legacy.browser_549a06_5.79.1-canary.v20250803055555.min.js.gz
- clerk-js/5.79.1-canary.v20250803055555/organizationlist_clerk.legacy.browser_549a06_5.79.1-canary.v20250803055555.min.js.sri
- clerk-js/5.79.1-canary.v20250803055555/organizationprofile_clerk.browser_6d042c_5.79.1-canary.v20250803055555.js.br
- clerk-js/5.79.1-canary.v20250803055555/organizationprofile_clerk.browser_6d042c_5.79.1-canary.v20250803055555.js.gz
- clerk-js/5.79.1-canary.v20250803055555/organizationprofile_clerk.browser_6d042c_5.79.1-canary.v20250803055555.js.sri
- clerk-js/5.79.1-canary.v20250803055555/organizationprofile_clerk.browser_6d042c_5.79.1-canary.v20250803055555.min.js.br
- clerk-js/5.79.1-canary.v20250803055555/organizationprofile_clerk.browser_6d042c_5.79.1-canary.v20250803055555.min.js.gz
- clerk-js/5.79.1-canary.v20250803055555/organizationprofile_clerk.browser_6d042c_5.79.1-canary.v20250803055555.min.js.sri
- clerk-js/5.79.1-canary.v20250803055555/organizationprofile_clerk.chips.browser_642ce0_5.79.1-canary.v20250803055555.js.br
- clerk-js/5.79.1-canary.v20250803055555/organizationprofile_clerk.chips.browser_642ce0_5.79.1-canary.v20250803055555.js.gz
- clerk-js/5.79.1-canary.v20250803055555/organizationprofile_clerk.chips.browser_642ce0_5.79.1-canary.v20250803055555.js.sri
- clerk-js/5.79.1-canary.v20250803055555/organizationprofile_clerk.chips.browser_642ce0_5.79.1-canary.v20250803055555.min.js.br
- clerk-js/5.79.1-canary.v20250803055555/organizationprofile_clerk.chips.browser_642ce0_5.79.1-canary.v20250803055555.min.js.gz
- clerk-js/5.79.1-canary.v20250803055555/organizationprofile_clerk.chips.browser_642ce0_5.79.1-canary.v20250803055555.min.js.sri
- clerk-js/5.79.1-canary.v20250803055555/organizationprofile_clerk.legacy.browser_549a06_5.79.1-canary.v20250803055555.js.br
- clerk-js/5.79.1-canary.v20250803055555/organizationprofile_clerk.legacy.browser_549a06_5.79.1-canary.v20250803055555.js.gz
- clerk-js/5.79.1-canary.v20250803055555/organizationprofile_clerk.legacy.browser_549a06_5.79.1-canary.v20250803055555.js.sri
- clerk-js/5.79.1-canary.v20250803055555/organizationprofile_clerk.legacy.browser_549a06_5.79.1-canary.v20250803055555.min.js.br
- clerk-js/5.79.1-canary.v20250803055555/organizationprofile_clerk.legacy.browser_549a06_5.79.1-canary.v20250803055555.min.js.gz
- clerk-js/5.79.1-canary.v20250803055555/organizationprofile_clerk.legacy.browser_549a06_5.79.1-canary.v20250803055555.min.js.sri
- clerk-js/5.79.1-canary.v20250803055555/organizationswitcher_clerk.browser_6d042c_5.79.1-canary.v20250803055555.js.br
- clerk-js/5.79.1-canary.v20250803055555/organizationswitcher_clerk.browser_6d042c_5.79.1-canary.v20250803055555.js.gz
- clerk-js/5.79.1-canary.v20250803055555/organizationswitcher_clerk.browser_6d042c_5.79.1-canary.v20250803055555.js.sri
- clerk-js/5.79.1-canary.v20250803055555/organizationswitcher_clerk.browser_6d042c_5.79.1-canary.v20250803055555.min.js.br
- clerk-js/5.79.1-canary.v20250803055555/organizationswitcher_clerk.browser_6d042c_5.79.1-canary.v20250803055555.min.js.gz
- clerk-js/5.79.1-canary.v20250803055555/organizationswitcher_clerk.browser_6d042c_5.79.1-canary.v20250803055555.min.js.sri
- clerk-js/5.79.1-canary.v20250803055555/organizationswitcher_clerk.chips.browser_642ce0_5.79.1-canary.v20250803055555.js.br
- clerk-js/5.79.1-canary.v20250803055555/organizationswitcher_clerk.chips.browser_642ce0_5.79.1-canary.v20250803055555.js.gz
- clerk-js/5.79.1-canary.v20250803055555/organizationswitcher_clerk.chips.browser_642ce0_5.79.1-canary.v20250803055555.js.sri
- clerk-js/5.79.1-canary.v20250803055555/organizationswitcher_clerk.chips.browser_642ce0_5.79.1-canary.v20250803055555.min.js.br
- clerk-js/5.79.1-canary.v20250803055555/organizationswitcher_clerk.chips.browser_642ce0_5.79.1-canary.v20250803055555.min.js.gz
- clerk-js/5.79.1-canary.v20250803055555/organizationswitcher_clerk.chips.browser_642ce0_5.79.1-canary.v20250803055555.min.js.sri
- clerk-js/5.79.1-canary.v20250803055555/organizationswitcher_clerk.legacy.browser_549a06_5.79.1-canary.v20250803055555.js.br
- clerk-js/5.79.1-canary.v20250803055555/organizationswitcher_clerk.legacy.browser_549a06_5.79.1-canary.v20250803055555.js.gz
- clerk-js/5.79.1-canary.v20250803055555/organizationswitcher_clerk.legacy.browser_549a06_5.79.1-canary.v20250803055555.js.sri
- clerk-js/5.79.1-canary.v20250803055555/organizationswitcher_clerk.legacy.browser_549a06_5.79.1-canary.v20250803055555.min.js.br
- clerk-js/5.79.1-canary.v20250803055555/organizationswitcher_clerk.legacy.browser_549a06_5.79.1-canary.v20250803055555.min.js.gz
- clerk-js/5.79.1-canary.v20250803055555/organizationswitcher_clerk.legacy.browser_549a06_5.79.1-canary.v20250803055555.min.js.sri
- clerk-js/5.79.1-canary.v20250803055555/payment-attempt-page_clerk.browser_6d042c_5.79.1-canary.v20250803055555.js.br
- clerk-js/5.79.1-canary.v20250803055555/payment-attempt-page_clerk.browser_6d042c_5.79.1-canary.v20250803055555.js.gz
- clerk-js/5.79.1-canary.v20250803055555/payment-attempt-page_clerk.browser_6d042c_5.79.1-canary.v20250803055555.js.sri
- clerk-js/5.79.1-canary.v20250803055555/payment-attempt-page_clerk.browser_6d042c_5.79.1-canary.v20250803055555.min.js.br
- clerk-js/5.79.1-canary.v20250803055555/payment-attempt-page_clerk.browser_6d042c_5.79.1-canary.v20250803055555.min.js.gz
- clerk-js/5.79.1-canary.v20250803055555/payment-attempt-page_clerk.browser_6d042c_5.79.1-canary.v20250803055555.min.js.sri
- clerk-js/5.79.1-canary.v20250803055555/payment-attempt-page_clerk.chips.browser_642ce0_5.79.1-canary.v20250803055555.js.br
- clerk-js/5.79.1-canary.v20250803055555/payment-attempt-page_clerk.chips.browser_642ce0_5.79.1-canary.v20250803055555.js.gz
- clerk-js/5.79.1-canary.v20250803055555/payment-attempt-page_clerk.chips.browser_642ce0_5.79.1-canary.v20250803055555.js.sri
- clerk-js/5.79.1-canary.v20250803055555/payment-attempt-page_clerk.chips.browser_642ce0_5.79.1-canary.v20250803055555.min.js.br
- clerk-js/5.79.1-canary.v20250803055555/payment-attempt-page_clerk.chips.browser_642ce0_5.79.1-canary.v20250803055555.min.js.gz
- clerk-js/5.79.1-canary.v20250803055555/payment-attempt-page_clerk.chips.browser_642ce0_5.79.1-canary.v20250803055555.min.js.sri
- clerk-js/5.79.1-canary.v20250803055555/payment-attempt-page_clerk.legacy.browser_549a06_5.79.1-canary.v20250803055555.js.br
- clerk-js/5.79.1-canary.v20250803055555/payment-attempt-page_clerk.legacy.browser_549a06_5.79.1-canary.v20250803055555.js.gz
- clerk-js/5.79.1-canary.v20250803055555/payment-attempt-page_clerk.legacy.browser_549a06_5.79.1-canary.v20250803055555.js.sri
- clerk-js/5.79.1-canary.v20250803055555/payment-attempt-page_clerk.legacy.browser_549a06_5.79.1-canary.v20250803055555.min.js.br
- clerk-js/5.79.1-canary.v20250803055555/payment-attempt-page_clerk.legacy.browser_549a06_5.79.1-canary.v20250803055555.min.js.gz
- clerk-js/5.79.1-canary.v20250803055555/payment-attempt-page_clerk.legacy.browser_549a06_5.79.1-canary.v20250803055555.min.js.sri
- clerk-js/5.79.1-canary.v20250803055555/planDetails_clerk.browser_6d042c_5.79.1-canary.v20250803055555.js.br
- clerk-js/5.79.1-canary.v20250803055555/planDetails_clerk.browser_6d042c_5.79.1-canary.v20250803055555.js.gz
- clerk-js/5.79.1-canary.v20250803055555/planDetails_clerk.browser_6d042c_5.79.1-canary.v20250803055555.js.sri
- clerk-js/5.79.1-canary.v20250803055555/planDetails_clerk.browser_6d042c_5.79.1-canary.v20250803055555.min.js.br
- clerk-js/5.79.1-canary.v20250803055555/planDetails_clerk.browser_6d042c_5.79.1-canary.v20250803055555.min.js.gz
- clerk-js/5.79.1-canary.v20250803055555/planDetails_clerk.browser_6d042c_5.79.1-canary.v20250803055555.min.js.sri
- clerk-js/5.79.1-canary.v20250803055555/planDetails_clerk.chips.browser_642ce0_5.79.1-canary.v20250803055555.js.br
- clerk-js/5.79.1-canary.v20250803055555/planDetails_clerk.chips.browser_642ce0_5.79.1-canary.v20250803055555.js.gz
- clerk-js/5.79.1-canary.v20250803055555/planDetails_clerk.chips.browser_642ce0_5.79.1-canary.v20250803055555.js.sri
- clerk-js/5.79.1-canary.v20250803055555/planDetails_clerk.chips.browser_642ce0_5.79.1-canary.v20250803055555.min.js.br
- clerk-js/5.79.1-canary.v20250803055555/planDetails_clerk.chips.browser_642ce0_5.79.1-canary.v20250803055555.min.js.gz
- clerk-js/5.79.1-canary.v20250803055555/planDetails_clerk.chips.browser_642ce0_5.79.1-canary.v20250803055555.min.js.sri
- clerk-js/5.79.1-canary.v20250803055555/planDetails_clerk.legacy.browser_549a06_5.79.1-canary.v20250803055555.js.br
- clerk-js/5.79.1-canary.v20250803055555/planDetails_clerk.legacy.browser_549a06_5.79.1-canary.v20250803055555.js.gz
- clerk-js/5.79.1-canary.v20250803055555/planDetails_clerk.legacy.browser_549a06_5.79.1-canary.v20250803055555.js.sri
- clerk-js/5.79.1-canary.v20250803055555/planDetails_clerk.legacy.browser_549a06_5.79.1-canary.v20250803055555.min.js.br
- clerk-js/5.79.1-canary.v20250803055555/planDetails_clerk.legacy.browser_549a06_5.79.1-canary.v20250803055555.min.js.gz
- clerk-js/5.79.1-canary.v20250803055555/planDetails_clerk.legacy.browser_549a06_5.79.1-canary.v20250803055555.min.js.sri
- clerk-js/5.79.1-canary.v20250803055555/prefetchorganizationlist_clerk.browser_6d042c_5.79.1-canary.v20250803055555.js.br
- clerk-js/5.79.1-canary.v20250803055555/prefetchorganizationlist_clerk.browser_6d042c_5.79.1-canary.v20250803055555.js.gz
- clerk-js/5.79.1-canary.v20250803055555/prefetchorganizationlist_clerk.browser_6d042c_5.79.1-canary.v20250803055555.js.sri
- clerk-js/5.79.1-canary.v20250803055555/prefetchorganizationlist_clerk.browser_6d042c_5.79.1-canary.v20250803055555.min.js.br
- clerk-js/5.79.1-canary.v20250803055555/prefetchorganizationlist_clerk.browser_6d042c_5.79.1-canary.v20250803055555.min.js.gz
- clerk-js/5.79.1-canary.v20250803055555/prefetchorganizationlist_clerk.browser_6d042c_5.79.1-canary.v20250803055555.min.js.sri
- clerk-js/5.79.1-canary.v20250803055555/prefetchorganizationlist_clerk.chips.browser_642ce0_5.79.1-canary.v20250803055555.js.br
- clerk-js/5.79.1-canary.v20250803055555/prefetchorganizationlist_clerk.chips.browser_642ce0_5.79.1-canary.v20250803055555.js.gz
- clerk-js/5.79.1-canary.v20250803055555/prefetchorganizationlist_clerk.chips.browser_642ce0_5.79.1-canary.v20250803055555.js.sri
- clerk-js/5.79.1-canary.v20250803055555/prefetchorganizationlist_clerk.chips.browser_642ce0_5.79.1-canary.v20250803055555.min.js.br
- clerk-js/5.79.1-canary.v20250803055555/prefetchorganizationlist_clerk.chips.browser_642ce0_5.79.1-canary.v20250803055555.min.js.gz
- clerk-js/5.79.1-canary.v20250803055555/prefetchorganizationlist_clerk.chips.browser_642ce0_5.79.1-canary.v20250803055555.min.js.sri
- clerk-js/5.79.1-canary.v20250803055555/prefetchorganizationlist_clerk.legacy.browser_549a06_5.79.1-canary.v20250803055555.js.br
- clerk-js/5.79.1-canary.v20250803055555/prefetchorganizationlist_clerk.legacy.browser_549a06_5.79.1-canary.v20250803055555.js.gz
- clerk-js/5.79.1-canary.v20250803055555/prefetchorganizationlist_clerk.legacy.browser_549a06_5.79.1-canary.v20250803055555.js.sri
- clerk-js/5.79.1-canary.v20250803055555/prefetchorganizationlist_clerk.legacy.browser_549a06_5.79.1-canary.v20250803055555.min.js.br
- clerk-js/5.79.1-canary.v20250803055555/prefetchorganizationlist_clerk.legacy.browser_549a06_5.79.1-canary.v20250803055555.min.js.gz
- clerk-js/5.79.1-canary.v20250803055555/prefetchorganizationlist_clerk.legacy.browser_549a06_5.79.1-canary.v20250803055555.min.js.sri
- clerk-js/5.79.1-canary.v20250803055555/pricingTable_clerk.browser_6d042c_5.79.1-canary.v20250803055555.js.br
- clerk-js/5.79.1-canary.v20250803055555/pricingTable_clerk.browser_6d042c_5.79.1-canary.v20250803055555.js.gz
- clerk-js/5.79.1-canary.v20250803055555/pricingTable_clerk.browser_6d042c_5.79.1-canary.v20250803055555.js.sri
- clerk-js/5.79.1-canary.v20250803055555/pricingTable_clerk.browser_6d042c_5.79.1-canary.v20250803055555.min.js.br
- clerk-js/5.79.1-canary.v20250803055555/pricingTable_clerk.browser_6d042c_5.79.1-canary.v20250803055555.min.js.gz
- clerk-js/5.79.1-canary.v20250803055555/pricingTable_clerk.browser_6d042c_5.79.1-canary.v20250803055555.min.js.sri
- clerk-js/5.79.1-canary.v20250803055555/pricingTable_clerk.chips.browser_642ce0_5.79.1-canary.v20250803055555.js.br
- clerk-js/5.79.1-canary.v20250803055555/pricingTable_clerk.chips.browser_642ce0_5.79.1-canary.v20250803055555.js.gz
- clerk-js/5.79.1-canary.v20250803055555/pricingTable_clerk.chips.browser_642ce0_5.79.1-canary.v20250803055555.js.sri
- clerk-js/5.79.1-canary.v20250803055555/pricingTable_clerk.chips.browser_642ce0_5.79.1-canary.v20250803055555.min.js.br
- clerk-js/5.79.1-canary.v20250803055555/pricingTable_clerk.chips.browser_642ce0_5.79.1-canary.v20250803055555.min.js.gz
- clerk-js/5.79.1-canary.v20250803055555/pricingTable_clerk.chips.browser_642ce0_5.79.1-canary.v20250803055555.min.js.sri
- clerk-js/5.79.1-canary.v20250803055555/pricingTable_clerk.legacy.browser_549a06_5.79.1-canary.v20250803055555.js.br
- clerk-js/5.79.1-canary.v20250803055555/pricingTable_clerk.legacy.browser_549a06_5.79.1-canary.v20250803055555.js.gz
- clerk-js/5.79.1-canary.v20250803055555/pricingTable_clerk.legacy.browser_549a06_5.79.1-canary.v20250803055555.js.sri
- clerk-js/5.79.1-canary.v20250803055555/pricingTable_clerk.legacy.browser_549a06_5.79.1-canary.v20250803055555.min.js.br
- clerk-js/5.79.1-canary.v20250803055555/pricingTable_clerk.legacy.browser_549a06_5.79.1-canary.v20250803055555.min.js.gz
- clerk-js/5.79.1-canary.v20250803055555/pricingTable_clerk.legacy.browser_549a06_5.79.1-canary.v20250803055555.min.js.sri
- clerk-js/5.79.1-canary.v20250803055555/revoke-api-key-modal_clerk.browser_6d042c_5.79.1-canary.v20250803055555.js.br
- clerk-js/5.79.1-canary.v20250803055555/revoke-api-key-modal_clerk.browser_6d042c_5.79.1-canary.v20250803055555.js.gz
- clerk-js/5.79.1-canary.v20250803055555/revoke-api-key-modal_clerk.browser_6d042c_5.79.1-canary.v20250803055555.js.sri
- clerk-js/5.79.1-canary.v20250803055555/revoke-api-key-modal_clerk.browser_6d042c_5.79.1-canary.v20250803055555.min.js.br
- clerk-js/5.79.1-canary.v20250803055555/revoke-api-key-modal_clerk.browser_6d042c_5.79.1-canary.v20250803055555.min.js.gz
- clerk-js/5.79.1-canary.v20250803055555/revoke-api-key-modal_clerk.browser_6d042c_5.79.1-canary.v20250803055555.min.js.sri
- clerk-js/5.79.1-canary.v20250803055555/revoke-api-key-modal_clerk.chips.browser_642ce0_5.79.1-canary.v20250803055555.js.br
- clerk-js/5.79.1-canary.v20250803055555/revoke-api-key-modal_clerk.chips.browser_642ce0_5.79.1-canary.v20250803055555.js.gz
- clerk-js/5.79.1-canary.v20250803055555/revoke-api-key-modal_clerk.chips.browser_642ce0_5.79.1-canary.v20250803055555.js.sri
- clerk-js/5.79.1-canary.v20250803055555/revoke-api-key-modal_clerk.chips.browser_642ce0_5.79.1-canary.v20250803055555.min.js.br
- clerk-js/5.79.1-canary.v20250803055555/revoke-api-key-modal_clerk.chips.browser_642ce0_5.79.1-canary.v20250803055555.min.js.gz
- clerk-js/5.79.1-canary.v20250803055555/revoke-api-key-modal_clerk.chips.browser_642ce0_5.79.1-canary.v20250803055555.min.js.sri
- clerk-js/5.79.1-canary.v20250803055555/revoke-api-key-modal_clerk.legacy.browser_549a06_5.79.1-canary.v20250803055555.js.br
- clerk-js/5.79.1-canary.v20250803055555/revoke-api-key-modal_clerk.legacy.browser_549a06_5.79.1-canary.v20250803055555.js.gz
- clerk-js/5.79.1-canary.v20250803055555/revoke-api-key-modal_clerk.legacy.browser_549a06_5.79.1-canary.v20250803055555.js.sri
- clerk-js/5.79.1-canary.v20250803055555/revoke-api-key-modal_clerk.legacy.browser_549a06_5.79.1-canary.v20250803055555.min.js.br
- clerk-js/5.79.1-canary.v20250803055555/revoke-api-key-modal_clerk.legacy.browser_549a06_5.79.1-canary.v20250803055555.min.js.gz
- clerk-js/5.79.1-canary.v20250803055555/revoke-api-key-modal_clerk.legacy.browser_549a06_5.79.1-canary.v20250803055555.min.js.sri
- clerk-js/5.79.1-canary.v20250803055555/sessionTasks_clerk.browser_6d042c_5.79.1-canary.v20250803055555.js.br
- clerk-js/5.79.1-canary.v20250803055555/sessionTasks_clerk.browser_6d042c_5.79.1-canary.v20250803055555.js.gz
- clerk-js/5.79.1-canary.v20250803055555/sessionTasks_clerk.browser_6d042c_5.79.1-canary.v20250803055555.js.sri
- clerk-js/5.79.1-canary.v20250803055555/sessionTasks_clerk.browser_6d042c_5.79.1-canary.v20250803055555.min.js.br
- clerk-js/5.79.1-canary.v20250803055555/sessionTasks_clerk.browser_6d042c_5.79.1-canary.v20250803055555.min.js.gz
- clerk-js/5.79.1-canary.v20250803055555/sessionTasks_clerk.browser_6d042c_5.79.1-canary.v20250803055555.min.js.sri
- clerk-js/5.79.1-canary.v20250803055555/sessionTasks_clerk.chips.browser_642ce0_5.79.1-canary.v20250803055555.js.br
- clerk-js/5.79.1-canary.v20250803055555/sessionTasks_clerk.chips.browser_642ce0_5.79.1-canary.v20250803055555.js.gz
- clerk-js/5.79.1-canary.v20250803055555/sessionTasks_clerk.chips.browser_642ce0_5.79.1-canary.v20250803055555.js.sri
- clerk-js/5.79.1-canary.v20250803055555/sessionTasks_clerk.chips.browser_642ce0_5.79.1-canary.v20250803055555.min.js.br
- clerk-js/5.79.1-canary.v20250803055555/sessionTasks_clerk.chips.browser_642ce0_5.79.1-canary.v20250803055555.min.js.gz
- clerk-js/5.79.1-canary.v20250803055555/sessionTasks_clerk.chips.browser_642ce0_5.79.1-canary.v20250803055555.min.js.sri
- clerk-js/5.79.1-canary.v20250803055555/sessionTasks_clerk.legacy.browser_549a06_5.79.1-canary.v20250803055555.js.br
- clerk-js/5.79.1-canary.v20250803055555/sessionTasks_clerk.legacy.browser_549a06_5.79.1-canary.v20250803055555.js.gz
- clerk-js/5.79.1-canary.v20250803055555/sessionTasks_clerk.legacy.browser_549a06_5.79.1-canary.v20250803055555.js.sri
- clerk-js/5.79.1-canary.v20250803055555/sessionTasks_clerk.legacy.browser_549a06_5.79.1-canary.v20250803055555.min.js.br
- clerk-js/5.79.1-canary.v20250803055555/sessionTasks_clerk.legacy.browser_549a06_5.79.1-canary.v20250803055555.min.js.gz
- clerk-js/5.79.1-canary.v20250803055555/sessionTasks_clerk.legacy.browser_549a06_5.79.1-canary.v20250803055555.min.js.sri
- clerk-js/5.79.1-canary.v20250803055555/signin_clerk.browser_6d042c_5.79.1-canary.v20250803055555.js.br
- clerk-js/5.79.1-canary.v20250803055555/signin_clerk.browser_6d042c_5.79.1-canary.v20250803055555.js.gz
- clerk-js/5.79.1-canary.v20250803055555/signin_clerk.browser_6d042c_5.79.1-canary.v20250803055555.js.sri
- clerk-js/5.79.1-canary.v20250803055555/signin_clerk.browser_6d042c_5.79.1-canary.v20250803055555.min.js.br
- clerk-js/5.79.1-canary.v20250803055555/signin_clerk.browser_6d042c_5.79.1-canary.v20250803055555.min.js.gz
- clerk-js/5.79.1-canary.v20250803055555/signin_clerk.browser_6d042c_5.79.1-canary.v20250803055555.min.js.sri
- clerk-js/5.79.1-canary.v20250803055555/signin_clerk.chips.browser_642ce0_5.79.1-canary.v20250803055555.js.br
- clerk-js/5.79.1-canary.v20250803055555/signin_clerk.chips.browser_642ce0_5.79.1-canary.v20250803055555.js.gz
- clerk-js/5.79.1-canary.v20250803055555/signin_clerk.chips.browser_642ce0_5.79.1-canary.v20250803055555.js.sri
- clerk-js/5.79.1-canary.v20250803055555/signin_clerk.chips.browser_642ce0_5.79.1-canary.v20250803055555.min.js.br
- clerk-js/5.79.1-canary.v20250803055555/signin_clerk.chips.browser_642ce0_5.79.1-canary.v20250803055555.min.js.gz
- clerk-js/5.79.1-canary.v20250803055555/signin_clerk.chips.browser_642ce0_5.79.1-canary.v20250803055555.min.js.sri
- clerk-js/5.79.1-canary.v20250803055555/signin_clerk.legacy.browser_549a06_5.79.1-canary.v20250803055555.js.br
- clerk-js/5.79.1-canary.v20250803055555/signin_clerk.legacy.browser_549a06_5.79.1-canary.v20250803055555.js.gz
- clerk-js/5.79.1-canary.v20250803055555/signin_clerk.legacy.browser_549a06_5.79.1-canary.v20250803055555.js.sri
- clerk-js/5.79.1-canary.v20250803055555/signin_clerk.legacy.browser_549a06_5.79.1-canary.v20250803055555.min.js.br
- clerk-js/5.79.1-canary.v20250803055555/signin_clerk.legacy.browser_549a06_5.79.1-canary.v20250803055555.min.js.gz
- clerk-js/5.79.1-canary.v20250803055555/signin_clerk.legacy.browser_549a06_5.79.1-canary.v20250803055555.min.js.sri
- clerk-js/5.79.1-canary.v20250803055555/signup_clerk.browser_6d042c_5.79.1-canary.v20250803055555.js.br
- clerk-js/5.79.1-canary.v20250803055555/signup_clerk.browser_6d042c_5.79.1-canary.v20250803055555.js.gz
- clerk-js/5.79.1-canary.v20250803055555/signup_clerk.browser_6d042c_5.79.1-canary.v20250803055555.js.sri
- clerk-js/5.79.1-canary.v20250803055555/signup_clerk.browser_6d042c_5.79.1-canary.v20250803055555.min.js.br
- clerk-js/5.79.1-canary.v20250803055555/signup_clerk.browser_6d042c_5.79.1-canary.v20250803055555.min.js.gz
- clerk-js/5.79.1-canary.v20250803055555/signup_clerk.browser_6d042c_5.79.1-canary.v20250803055555.min.js.sri
- clerk-js/5.79.1-canary.v20250803055555/signup_clerk.chips.browser_642ce0_5.79.1-canary.v20250803055555.js.br
- clerk-js/5.79.1-canary.v20250803055555/signup_clerk.chips.browser_642ce0_5.79.1-canary.v20250803055555.js.gz
- clerk-js/5.79.1-canary.v20250803055555/signup_clerk.chips.browser_642ce0_5.79.1-canary.v20250803055555.js.sri
- clerk-js/5.79.1-canary.v20250803055555/signup_clerk.chips.browser_642ce0_5.79.1-canary.v20250803055555.min.js.br
- clerk-js/5.79.1-canary.v20250803055555/signup_clerk.chips.browser_642ce0_5.79.1-canary.v20250803055555.min.js.gz
- clerk-js/5.79.1-canary.v20250803055555/signup_clerk.chips.browser_642ce0_5.79.1-canary.v20250803055555.min.js.sri
- clerk-js/5.79.1-canary.v20250803055555/signup_clerk.legacy.browser_549a06_5.79.1-canary.v20250803055555.js.br
- clerk-js/5.79.1-canary.v20250803055555/signup_clerk.legacy.browser_549a06_5.79.1-canary.v20250803055555.js.gz
- clerk-js/5.79.1-canary.v20250803055555/signup_clerk.legacy.browser_549a06_5.79.1-canary.v20250803055555.js.sri
- clerk-js/5.79.1-canary.v20250803055555/signup_clerk.legacy.browser_549a06_5.79.1-canary.v20250803055555.min.js.br
- clerk-js/5.79.1-canary.v20250803055555/signup_clerk.legacy.browser_549a06_5.79.1-canary.v20250803055555.min.js.gz
- clerk-js/5.79.1-canary.v20250803055555/signup_clerk.legacy.browser_549a06_5.79.1-canary.v20250803055555.min.js.sri
- clerk-js/5.79.1-canary.v20250803055555/statement-page_clerk.browser_6d042c_5.79.1-canary.v20250803055555.js.br
- clerk-js/5.79.1-canary.v20250803055555/statement-page_clerk.browser_6d042c_5.79.1-canary.v20250803055555.js.gz
- clerk-js/5.79.1-canary.v20250803055555/statement-page_clerk.browser_6d042c_5.79.1-canary.v20250803055555.js.sri
- clerk-js/5.79.1-canary.v20250803055555/statement-page_clerk.browser_6d042c_5.79.1-canary.v20250803055555.min.js.br
- clerk-js/5.79.1-canary.v20250803055555/statement-page_clerk.browser_6d042c_5.79.1-canary.v20250803055555.min.js.gz
- clerk-js/5.79.1-canary.v20250803055555/statement-page_clerk.browser_6d042c_5.79.1-canary.v20250803055555.min.js.sri
- clerk-js/5.79.1-canary.v20250803055555/statement-page_clerk.chips.browser_642ce0_5.79.1-canary.v20250803055555.js.br
- clerk-js/5.79.1-canary.v20250803055555/statement-page_clerk.chips.browser_642ce0_5.79.1-canary.v20250803055555.js.gz
- clerk-js/5.79.1-canary.v20250803055555/statement-page_clerk.chips.browser_642ce0_5.79.1-canary.v20250803055555.js.sri
- clerk-js/5.79.1-canary.v20250803055555/statement-page_clerk.chips.browser_642ce0_5.79.1-canary.v20250803055555.min.js.br
- clerk-js/5.79.1-canary.v20250803055555/statement-page_clerk.chips.browser_642ce0_5.79.1-canary.v20250803055555.min.js.gz
- clerk-js/5.79.1-canary.v20250803055555/statement-page_clerk.chips.browser_642ce0_5.79.1-canary.v20250803055555.min.js.sri
- clerk-js/5.79.1-canary.v20250803055555/statement-page_clerk.legacy.browser_549a06_5.79.1-canary.v20250803055555.js.br
- clerk-js/5.79.1-canary.v20250803055555/statement-page_clerk.legacy.browser_549a06_5.79.1-canary.v20250803055555.js.gz
- clerk-js/5.79.1-canary.v20250803055555/statement-page_clerk.legacy.browser_549a06_5.79.1-canary.v20250803055555.js.sri
- clerk-js/5.79.1-canary.v20250803055555/statement-page_clerk.legacy.browser_549a06_5.79.1-canary.v20250803055555.min.js.br
- clerk-js/5.79.1-canary.v20250803055555/statement-page_clerk.legacy.browser_549a06_5.79.1-canary.v20250803055555.min.js.gz
- clerk-js/5.79.1-canary.v20250803055555/statement-page_clerk.legacy.browser_549a06_5.79.1-canary.v20250803055555.min.js.sri
- clerk-js/5.79.1-canary.v20250803055555/stripe-vendors_clerk.browser_6d042c_5.79.1-canary.v20250803055555.js.br
- clerk-js/5.79.1-canary.v20250803055555/stripe-vendors_clerk.browser_6d042c_5.79.1-canary.v20250803055555.js.gz
- clerk-js/5.79.1-canary.v20250803055555/stripe-vendors_clerk.browser_6d042c_5.79.1-canary.v20250803055555.js.sri
- clerk-js/5.79.1-canary.v20250803055555/stripe-vendors_clerk.browser_6d042c_5.79.1-canary.v20250803055555.min.js.br
- clerk-js/5.79.1-canary.v20250803055555/stripe-vendors_clerk.browser_6d042c_5.79.1-canary.v20250803055555.min.js.gz
- clerk-js/5.79.1-canary.v20250803055555/stripe-vendors_clerk.browser_6d042c_5.79.1-canary.v20250803055555.min.js.sri
- clerk-js/5.79.1-canary.v20250803055555/stripe-vendors_clerk.chips.browser_642ce0_5.79.1-canary.v20250803055555.js.br
- clerk-js/5.79.1-canary.v20250803055555/stripe-vendors_clerk.chips.browser_642ce0_5.79.1-canary.v20250803055555.js.gz
- clerk-js/5.79.1-canary.v20250803055555/stripe-vendors_clerk.chips.browser_642ce0_5.79.1-canary.v20250803055555.js.sri
- clerk-js/5.79.1-canary.v20250803055555/stripe-vendors_clerk.chips.browser_642ce0_5.79.1-canary.v20250803055555.min.js.br
- clerk-js/5.79.1-canary.v20250803055555/stripe-vendors_clerk.chips.browser_642ce0_5.79.1-canary.v20250803055555.min.js.gz
- clerk-js/5.79.1-canary.v20250803055555/stripe-vendors_clerk.chips.browser_642ce0_5.79.1-canary.v20250803055555.min.js.sri
- clerk-js/5.79.1-canary.v20250803055555/stripe-vendors_clerk.headless.browser_8afdee_5.79.1-canary.v20250803055555.js.br
- clerk-js/5.79.1-canary.v20250803055555/stripe-vendors_clerk.headless.browser_8afdee_5.79.1-canary.v20250803055555.js.gz
- clerk-js/5.79.1-canary.v20250803055555/stripe-vendors_clerk.headless.browser_8afdee_5.79.1-canary.v20250803055555.js.sri
- clerk-js/5.79.1-canary.v20250803055555/stripe-vendors_clerk.headless.browser_8afdee_5.79.1-canary.v20250803055555.min.js.br
- clerk-js/5.79.1-canary.v20250803055555/stripe-vendors_clerk.headless.browser_8afdee_5.79.1-canary.v20250803055555.min.js.gz
- clerk-js/5.79.1-canary.v20250803055555/stripe-vendors_clerk.headless.browser_8afdee_5.79.1-canary.v20250803055555.min.js.sri
- clerk-js/5.79.1-canary.v20250803055555/stripe-vendors_clerk.legacy.browser_549a06_5.79.1-canary.v20250803055555.js.br
- clerk-js/5.79.1-canary.v20250803055555/stripe-vendors_clerk.legacy.browser_549a06_5.79.1-canary.v20250803055555.js.gz
- clerk-js/5.79.1-canary.v20250803055555/stripe-vendors_clerk.legacy.browser_549a06_5.79.1-canary.v20250803055555.js.sri
- clerk-js/5.79.1-canary.v20250803055555/stripe-vendors_clerk.legacy.browser_549a06_5.79.1-canary.v20250803055555.min.js.br
- clerk-js/5.79.1-canary.v20250803055555/stripe-vendors_clerk.legacy.browser_549a06_5.79.1-canary.v20250803055555.min.js.gz
- clerk-js/5.79.1-canary.v20250803055555/stripe-vendors_clerk.legacy.browser_549a06_5.79.1-canary.v20250803055555.min.js.sri
- clerk-js/5.79.1-canary.v20250803055555/subscriptionDetails_clerk.browser_6d042c_5.79.1-canary.v20250803055555.js.br
- clerk-js/5.79.1-canary.v20250803055555/subscriptionDetails_clerk.browser_6d042c_5.79.1-canary.v20250803055555.js.gz
- clerk-js/5.79.1-canary.v20250803055555/subscriptionDetails_clerk.browser_6d042c_5.79.1-canary.v20250803055555.js.sri
- clerk-js/5.79.1-canary.v20250803055555/subscriptionDetails_clerk.browser_6d042c_5.79.1-canary.v20250803055555.min.js.br
- clerk-js/5.79.1-canary.v20250803055555/subscriptionDetails_clerk.browser_6d042c_5.79.1-canary.v20250803055555.min.js.gz
- clerk-js/5.79.1-canary.v20250803055555/subscriptionDetails_clerk.browser_6d042c_5.79.1-canary.v20250803055555.min.js.sri
- clerk-js/5.79.1-canary.v20250803055555/subscriptionDetails_clerk.chips.browser_642ce0_5.79.1-canary.v20250803055555.js.br
- clerk-js/5.79.1-canary.v20250803055555/subscriptionDetails_clerk.chips.browser_642ce0_5.79.1-canary.v20250803055555.js.gz
- clerk-js/5.79.1-canary.v20250803055555/subscriptionDetails_clerk.chips.browser_642ce0_5.79.1-canary.v20250803055555.js.sri
- clerk-js/5.79.1-canary.v20250803055555/subscriptionDetails_clerk.chips.browser_642ce0_5.79.1-canary.v20250803055555.min.js.br
- clerk-js/5.79.1-canary.v20250803055555/subscriptionDetails_clerk.chips.browser_642ce0_5.79.1-canary.v20250803055555.min.js.gz
- clerk-js/5.79.1-canary.v20250803055555/subscriptionDetails_clerk.chips.browser_642ce0_5.79.1-canary.v20250803055555.min.js.sri
- clerk-js/5.79.1-canary.v20250803055555/subscriptionDetails_clerk.legacy.browser_549a06_5.79.1-canary.v20250803055555.js.br
- clerk-js/5.79.1-canary.v20250803055555/subscriptionDetails_clerk.legacy.browser_549a06_5.79.1-canary.v20250803055555.js.gz
- clerk-js/5.79.1-canary.v20250803055555/subscriptionDetails_clerk.legacy.browser_549a06_5.79.1-canary.v20250803055555.js.sri
- clerk-js/5.79.1-canary.v20250803055555/subscriptionDetails_clerk.legacy.browser_549a06_5.79.1-canary.v20250803055555.min.js.br
- clerk-js/5.79.1-canary.v20250803055555/subscriptionDetails_clerk.legacy.browser_549a06_5.79.1-canary.v20250803055555.min.js.gz
- clerk-js/5.79.1-canary.v20250803055555/subscriptionDetails_clerk.legacy.browser_549a06_5.79.1-canary.v20250803055555.min.js.sri
- clerk-js/5.79.1-canary.v20250803055555/taskSelectOrganization_clerk.browser_6d042c_5.79.1-canary.v20250803055555.js.br
- clerk-js/5.79.1-canary.v20250803055555/taskSelectOrganization_clerk.browser_6d042c_5.79.1-canary.v20250803055555.js.gz
- clerk-js/5.79.1-canary.v20250803055555/taskSelectOrganization_clerk.browser_6d042c_5.79.1-canary.v20250803055555.js.sri
- clerk-js/5.79.1-canary.v20250803055555/taskSelectOrganization_clerk.browser_6d042c_5.79.1-canary.v20250803055555.min.js.br
- clerk-js/5.79.1-canary.v20250803055555/taskSelectOrganization_clerk.browser_6d042c_5.79.1-canary.v20250803055555.min.js.gz
- clerk-js/5.79.1-canary.v20250803055555/taskSelectOrganization_clerk.browser_6d042c_5.79.1-canary.v20250803055555.min.js.sri
- clerk-js/5.79.1-canary.v20250803055555/taskSelectOrganization_clerk.chips.browser_642ce0_5.79.1-canary.v20250803055555.js.br
- clerk-js/5.79.1-canary.v20250803055555/taskSelectOrganization_clerk.chips.browser_642ce0_5.79.1-canary.v20250803055555.js.gz
- clerk-js/5.79.1-canary.v20250803055555/taskSelectOrganization_clerk.chips.browser_642ce0_5.79.1-canary.v20250803055555.js.sri
- clerk-js/5.79.1-canary.v20250803055555/taskSelectOrganization_clerk.chips.browser_642ce0_5.79.1-canary.v20250803055555.min.js.br
- clerk-js/5.79.1-canary.v20250803055555/taskSelectOrganization_clerk.chips.browser_642ce0_5.79.1-canary.v20250803055555.min.js.gz
- clerk-js/5.79.1-canary.v20250803055555/taskSelectOrganization_clerk.chips.browser_642ce0_5.79.1-canary.v20250803055555.min.js.sri
- clerk-js/5.79.1-canary.v20250803055555/taskSelectOrganization_clerk.legacy.browser_549a06_5.79.1-canary.v20250803055555.js.br
- clerk-js/5.79.1-canary.v20250803055555/taskSelectOrganization_clerk.legacy.browser_549a06_5.79.1-canary.v20250803055555.js.gz
- clerk-js/5.79.1-canary.v20250803055555/taskSelectOrganization_clerk.legacy.browser_549a06_5.79.1-canary.v20250803055555.js.sri
- clerk-js/5.79.1-canary.v20250803055555/taskSelectOrganization_clerk.legacy.browser_549a06_5.79.1-canary.v20250803055555.min.js.br
- clerk-js/5.79.1-canary.v20250803055555/taskSelectOrganization_clerk.legacy.browser_549a06_5.79.1-canary.v20250803055555.min.js.gz
- clerk-js/5.79.1-canary.v20250803055555/taskSelectOrganization_clerk.legacy.browser_549a06_5.79.1-canary.v20250803055555.min.js.sri
- clerk-js/5.79.1-canary.v20250803055555/ui-common_clerk.browser_6d042c_5.79.1-canary.v20250803055555.js.br
- clerk-js/5.79.1-canary.v20250803055555/ui-common_clerk.browser_6d042c_5.79.1-canary.v20250803055555.js.gz
- clerk-js/5.79.1-canary.v20250803055555/ui-common_clerk.browser_6d042c_5.79.1-canary.v20250803055555.js.sri
- clerk-js/5.79.1-canary.v20250803055555/ui-common_clerk.browser_6d042c_5.79.1-canary.v20250803055555.min.js.br
- clerk-js/5.79.1-canary.v20250803055555/ui-common_clerk.browser_6d042c_5.79.1-canary.v20250803055555.min.js.gz
- clerk-js/5.79.1-canary.v20250803055555/ui-common_clerk.browser_6d042c_5.79.1-canary.v20250803055555.min.js.sri
- clerk-js/5.79.1-canary.v20250803055555/ui-common_clerk.chips.browser_642ce0_5.79.1-canary.v20250803055555.js.br
- clerk-js/5.79.1-canary.v20250803055555/ui-common_clerk.chips.browser_642ce0_5.79.1-canary.v20250803055555.js.gz
- clerk-js/5.79.1-canary.v20250803055555/ui-common_clerk.chips.browser_642ce0_5.79.1-canary.v20250803055555.js.sri
- clerk-js/5.79.1-canary.v20250803055555/ui-common_clerk.chips.browser_642ce0_5.79.1-canary.v20250803055555.min.js.br
- clerk-js/5.79.1-canary.v20250803055555/ui-common_clerk.chips.browser_642ce0_5.79.1-canary.v20250803055555.min.js.gz
- clerk-js/5.79.1-canary.v20250803055555/ui-common_clerk.chips.browser_642ce0_5.79.1-canary.v20250803055555.min.js.sri
- clerk-js/5.79.1-canary.v20250803055555/ui-common_clerk.legacy.browser_549a06_5.79.1-canary.v20250803055555.js.br
- clerk-js/5.79.1-canary.v20250803055555/ui-common_clerk.legacy.browser_549a06_5.79.1-canary.v20250803055555.js.gz
- clerk-js/5.79.1-canary.v20250803055555/ui-common_clerk.legacy.browser_549a06_5.79.1-canary.v20250803055555.js.sri
- clerk-js/5.79.1-canary.v20250803055555/ui-common_clerk.legacy.browser_549a06_5.79.1-canary.v20250803055555.min.js.br
- clerk-js/5.79.1-canary.v20250803055555/ui-common_clerk.legacy.browser_549a06_5.79.1-canary.v20250803055555.min.js.gz
- clerk-js/5.79.1-canary.v20250803055555/ui-common_clerk.legacy.browser_549a06_5.79.1-canary.v20250803055555.min.js.sri
- clerk-js/5.79.1-canary.v20250803055555/up-api-keys-page_clerk.browser_6d042c_5.79.1-canary.v20250803055555.js.br
- clerk-js/5.79.1-canary.v20250803055555/up-api-keys-page_clerk.browser_6d042c_5.79.1-canary.v20250803055555.js.gz
- clerk-js/5.79.1-canary.v20250803055555/up-api-keys-page_clerk.browser_6d042c_5.79.1-canary.v20250803055555.js.sri
- clerk-js/5.79.1-canary.v20250803055555/up-api-keys-page_clerk.browser_6d042c_5.79.1-canary.v20250803055555.min.js.br
- clerk-js/5.79.1-canary.v20250803055555/up-api-keys-page_clerk.browser_6d042c_5.79.1-canary.v20250803055555.min.js.gz
- clerk-js/5.79.1-canary.v20250803055555/up-api-keys-page_clerk.browser_6d042c_5.79.1-canary.v20250803055555.min.js.sri
- clerk-js/5.79.1-canary.v20250803055555/up-api-keys-page_clerk.chips.browser_642ce0_5.79.1-canary.v20250803055555.js.br
- clerk-js/5.79.1-canary.v20250803055555/up-api-keys-page_clerk.chips.browser_642ce0_5.79.1-canary.v20250803055555.js.gz
- clerk-js/5.79.1-canary.v20250803055555/up-api-keys-page_clerk.chips.browser_642ce0_5.79.1-canary.v20250803055555.js.sri
- clerk-js/5.79.1-canary.v20250803055555/up-api-keys-page_clerk.chips.browser_642ce0_5.79.1-canary.v20250803055555.min.js.br
- clerk-js/5.79.1-canary.v20250803055555/up-api-keys-page_clerk.chips.browser_642ce0_5.79.1-canary.v20250803055555.min.js.gz
- clerk-js/5.79.1-canary.v20250803055555/up-api-keys-page_clerk.chips.browser_642ce0_5.79.1-canary.v20250803055555.min.js.sri
- clerk-js/5.79.1-canary.v20250803055555/up-api-keys-page_clerk.legacy.browser_549a06_5.79.1-canary.v20250803055555.js.br
- clerk-js/5.79.1-canary.v20250803055555/up-api-keys-page_clerk.legacy.browser_549a06_5.79.1-canary.v20250803055555.js.gz
- clerk-js/5.79.1-canary.v20250803055555/up-api-keys-page_clerk.legacy.browser_549a06_5.79.1-canary.v20250803055555.js.sri
- clerk-js/5.79.1-canary.v20250803055555/up-api-keys-page_clerk.legacy.browser_549a06_5.79.1-canary.v20250803055555.min.js.br
- clerk-js/5.79.1-canary.v20250803055555/up-api-keys-page_clerk.legacy.browser_549a06_5.79.1-canary.v20250803055555.min.js.gz
- clerk-js/5.79.1-canary.v20250803055555/up-api-keys-page_clerk.legacy.browser_549a06_5.79.1-canary.v20250803055555.min.js.sri
- clerk-js/5.79.1-canary.v20250803055555/up-billing-page_clerk.browser_6d042c_5.79.1-canary.v20250803055555.js.br
- clerk-js/5.79.1-canary.v20250803055555/up-billing-page_clerk.browser_6d042c_5.79.1-canary.v20250803055555.js.gz
- clerk-js/5.79.1-canary.v20250803055555/up-billing-page_clerk.browser_6d042c_5.79.1-canary.v20250803055555.js.sri
- clerk-js/5.79.1-canary.v20250803055555/up-billing-page_clerk.browser_6d042c_5.79.1-canary.v20250803055555.min.js.br
- clerk-js/5.79.1-canary.v20250803055555/up-billing-page_clerk.browser_6d042c_5.79.1-canary.v20250803055555.min.js.gz
- clerk-js/5.79.1-canary.v20250803055555/up-billing-page_clerk.browser_6d042c_5.79.1-canary.v20250803055555.min.js.sri
- clerk-js/5.79.1-canary.v20250803055555/up-billing-page_clerk.chips.browser_642ce0_5.79.1-canary.v20250803055555.js.br
- clerk-js/5.79.1-canary.v20250803055555/up-billing-page_clerk.chips.browser_642ce0_5.79.1-canary.v20250803055555.js.gz
- clerk-js/5.79.1-canary.v20250803055555/up-billing-page_clerk.chips.browser_642ce0_5.79.1-canary.v20250803055555.js.sri
- clerk-js/5.79.1-canary.v20250803055555/up-billing-page_clerk.chips.browser_642ce0_5.79.1-canary.v20250803055555.min.js.br
- clerk-js/5.79.1-canary.v20250803055555/up-billing-page_clerk.chips.browser_642ce0_5.79.1-canary.v20250803055555.min.js.gz
- clerk-js/5.79.1-canary.v20250803055555/up-billing-page_clerk.chips.browser_642ce0_5.79.1-canary.v20250803055555.min.js.sri
- clerk-js/5.79.1-canary.v20250803055555/up-billing-page_clerk.legacy.browser_549a06_5.79.1-canary.v20250803055555.js.br
- clerk-js/5.79.1-canary.v20250803055555/up-billing-page_clerk.legacy.browser_549a06_5.79.1-canary.v20250803055555.js.gz
- clerk-js/5.79.1-canary.v20250803055555/up-billing-page_clerk.legacy.browser_549a06_5.79.1-canary.v20250803055555.js.sri
- clerk-js/5.79.1-canary.v20250803055555/up-billing-page_clerk.legacy.browser_549a06_5.79.1-canary.v20250803055555.min.js.br
- clerk-js/5.79.1-canary.v20250803055555/up-billing-page_clerk.legacy.browser_549a06_5.79.1-canary.v20250803055555.min.js.gz
- clerk-js/5.79.1-canary.v20250803055555/up-billing-page_clerk.legacy.browser_549a06_5.79.1-canary.v20250803055555.min.js.sri
- clerk-js/5.79.1-canary.v20250803055555/up-plans-page_clerk.browser_6d042c_5.79.1-canary.v20250803055555.js.br
- clerk-js/5.79.1-canary.v20250803055555/up-plans-page_clerk.browser_6d042c_5.79.1-canary.v20250803055555.js.gz
- clerk-js/5.79.1-canary.v20250803055555/up-plans-page_clerk.browser_6d042c_5.79.1-canary.v20250803055555.js.sri
- clerk-js/5.79.1-canary.v20250803055555/up-plans-page_clerk.browser_6d042c_5.79.1-canary.v20250803055555.min.js.br
- clerk-js/5.79.1-canary.v20250803055555/up-plans-page_clerk.browser_6d042c_5.79.1-canary.v20250803055555.min.js.gz
- clerk-js/5.79.1-canary.v20250803055555/up-plans-page_clerk.browser_6d042c_5.79.1-canary.v20250803055555.min.js.sri
- clerk-js/5.79.1-canary.v20250803055555/up-plans-page_clerk.chips.browser_642ce0_5.79.1-canary.v20250803055555.js.br
- clerk-js/5.79.1-canary.v20250803055555/up-plans-page_clerk.chips.browser_642ce0_5.79.1-canary.v20250803055555.js.gz
- clerk-js/5.79.1-canary.v20250803055555/up-plans-page_clerk.chips.browser_642ce0_5.79.1-canary.v20250803055555.js.sri
- clerk-js/5.79.1-canary.v20250803055555/up-plans-page_clerk.chips.browser_642ce0_5.79.1-canary.v20250803055555.min.js.br
- clerk-js/5.79.1-canary.v20250803055555/up-plans-page_clerk.chips.browser_642ce0_5.79.1-canary.v20250803055555.min.js.gz
- clerk-js/5.79.1-canary.v20250803055555/up-plans-page_clerk.chips.browser_642ce0_5.79.1-canary.v20250803055555.min.js.sri
- clerk-js/5.79.1-canary.v20250803055555/up-plans-page_clerk.legacy.browser_549a06_5.79.1-canary.v20250803055555.js.br
- clerk-js/5.79.1-canary.v20250803055555/up-plans-page_clerk.legacy.browser_549a06_5.79.1-canary.v20250803055555.js.gz
- clerk-js/5.79.1-canary.v20250803055555/up-plans-page_clerk.legacy.browser_549a06_5.79.1-canary.v20250803055555.js.sri
- clerk-js/5.79.1-canary.v20250803055555/up-plans-page_clerk.legacy.browser_549a06_5.79.1-canary.v20250803055555.min.js.br
- clerk-js/5.79.1-canary.v20250803055555/up-plans-page_clerk.legacy.browser_549a06_5.79.1-canary.v20250803055555.min.js.gz
- clerk-js/5.79.1-canary.v20250803055555/up-plans-page_clerk.legacy.browser_549a06_5.79.1-canary.v20250803055555.min.js.sri
- clerk-js/5.79.1-canary.v20250803055555/userbutton_clerk.browser_6d042c_5.79.1-canary.v20250803055555.js.br
- clerk-js/5.79.1-canary.v20250803055555/userbutton_clerk.browser_6d042c_5.79.1-canary.v20250803055555.js.gz
- clerk-js/5.79.1-canary.v20250803055555/userbutton_clerk.browser_6d042c_5.79.1-canary.v20250803055555.js.sri
- clerk-js/5.79.1-canary.v20250803055555/userbutton_clerk.browser_6d042c_5.79.1-canary.v20250803055555.min.js.br
- clerk-js/5.79.1-canary.v20250803055555/userbutton_clerk.browser_6d042c_5.79.1-canary.v20250803055555.min.js.gz
- clerk-js/5.79.1-canary.v20250803055555/userbutton_clerk.browser_6d042c_5.79.1-canary.v20250803055555.min.js.sri
- clerk-js/5.79.1-canary.v20250803055555/userbutton_clerk.chips.browser_642ce0_5.79.1-canary.v20250803055555.js.br
- clerk-js/5.79.1-canary.v20250803055555/userbutton_clerk.chips.browser_642ce0_5.79.1-canary.v20250803055555.js.gz
- clerk-js/5.79.1-canary.v20250803055555/userbutton_clerk.chips.browser_642ce0_5.79.1-canary.v20250803055555.js.sri
- clerk-js/5.79.1-canary.v20250803055555/userbutton_clerk.chips.browser_642ce0_5.79.1-canary.v20250803055555.min.js.br
- clerk-js/5.79.1-canary.v20250803055555/userbutton_clerk.chips.browser_642ce0_5.79.1-canary.v20250803055555.min.js.gz
- clerk-js/5.79.1-canary.v20250803055555/userbutton_clerk.chips.browser_642ce0_5.79.1-canary.v20250803055555.min.js.sri
- clerk-js/5.79.1-canary.v20250803055555/userbutton_clerk.legacy.browser_549a06_5.79.1-canary.v20250803055555.js.br
- clerk-js/5.79.1-canary.v20250803055555/userbutton_clerk.legacy.browser_549a06_5.79.1-canary.v20250803055555.js.gz
- clerk-js/5.79.1-canary.v20250803055555/userbutton_clerk.legacy.browser_549a06_5.79.1-canary.v20250803055555.js.sri
- clerk-js/5.79.1-canary.v20250803055555/userbutton_clerk.legacy.browser_549a06_5.79.1-canary.v20250803055555.min.js.br
- clerk-js/5.79.1-canary.v20250803055555/userbutton_clerk.legacy.browser_549a06_5.79.1-canary.v20250803055555.min.js.gz
- clerk-js/5.79.1-canary.v20250803055555/userbutton_clerk.legacy.browser_549a06_5.79.1-canary.v20250803055555.min.js.sri
- clerk-js/5.79.1-canary.v20250803055555/userprofile_clerk.browser_6d042c_5.79.1-canary.v20250803055555.js.br
- clerk-js/5.79.1-canary.v20250803055555/userprofile_clerk.browser_6d042c_5.79.1-canary.v20250803055555.js.gz
- clerk-js/5.79.1-canary.v20250803055555/userprofile_clerk.browser_6d042c_5.79.1-canary.v20250803055555.js.sri
- clerk-js/5.79.1-canary.v20250803055555/userprofile_clerk.browser_6d042c_5.79.1-canary.v20250803055555.min.js.br
- clerk-js/5.79.1-canary.v20250803055555/userprofile_clerk.browser_6d042c_5.79.1-canary.v20250803055555.min.js.gz
- clerk-js/5.79.1-canary.v20250803055555/userprofile_clerk.browser_6d042c_5.79.1-canary.v20250803055555.min.js.sri
- clerk-js/5.79.1-canary.v20250803055555/userprofile_clerk.chips.browser_642ce0_5.79.1-canary.v20250803055555.js.br
- clerk-js/5.79.1-canary.v20250803055555/userprofile_clerk.chips.browser_642ce0_5.79.1-canary.v20250803055555.js.gz
- clerk-js/5.79.1-canary.v20250803055555/userprofile_clerk.chips.browser_642ce0_5.79.1-canary.v20250803055555.js.sri
- clerk-js/5.79.1-canary.v20250803055555/userprofile_clerk.chips.browser_642ce0_5.79.1-canary.v20250803055555.min.js.br
- clerk-js/5.79.1-canary.v20250803055555/userprofile_clerk.chips.browser_642ce0_5.79.1-canary.v20250803055555.min.js.gz
- clerk-js/5.79.1-canary.v20250803055555/userprofile_clerk.chips.browser_642ce0_5.79.1-canary.v20250803055555.min.js.sri
- clerk-js/5.79.1-canary.v20250803055555/userprofile_clerk.legacy.browser_549a06_5.79.1-canary.v20250803055555.js.br
- clerk-js/5.79.1-canary.v20250803055555/userprofile_clerk.legacy.browser_549a06_5.79.1-canary.v20250803055555.js.gz
- clerk-js/5.79.1-canary.v20250803055555/userprofile_clerk.legacy.browser_549a06_5.79.1-canary.v20250803055555.js.sri
- clerk-js/5.79.1-canary.v20250803055555/userprofile_clerk.legacy.browser_549a06_5.79.1-canary.v20250803055555.min.js.br
- clerk-js/5.79.1-canary.v20250803055555/userprofile_clerk.legacy.browser_549a06_5.79.1-canary.v20250803055555.min.js.gz
- clerk-js/5.79.1-canary.v20250803055555/userprofile_clerk.legacy.browser_549a06_5.79.1-canary.v20250803055555.min.js.sri
- clerk-js/5.79.1-canary.v20250803055555/userverification_clerk.browser_6d042c_5.79.1-canary.v20250803055555.js.br
- clerk-js/5.79.1-canary.v20250803055555/userverification_clerk.browser_6d042c_5.79.1-canary.v20250803055555.js.gz
- clerk-js/5.79.1-canary.v20250803055555/userverification_clerk.browser_6d042c_5.79.1-canary.v20250803055555.js.sri
- clerk-js/5.79.1-canary.v20250803055555/userverification_clerk.browser_6d042c_5.79.1-canary.v20250803055555.min.js.br
- clerk-js/5.79.1-canary.v20250803055555/userverification_clerk.browser_6d042c_5.79.1-canary.v20250803055555.min.js.gz
- clerk-js/5.79.1-canary.v20250803055555/userverification_clerk.browser_6d042c_5.79.1-canary.v20250803055555.min.js.sri
- clerk-js/5.79.1-canary.v20250803055555/userverification_clerk.chips.browser_642ce0_5.79.1-canary.v20250803055555.js.br
- clerk-js/5.79.1-canary.v20250803055555/userverification_clerk.chips.browser_642ce0_5.79.1-canary.v20250803055555.js.gz
- clerk-js/5.79.1-canary.v20250803055555/userverification_clerk.chips.browser_642ce0_5.79.1-canary.v20250803055555.js.sri
- clerk-js/5.79.1-canary.v20250803055555/userverification_clerk.chips.browser_642ce0_5.79.1-canary.v20250803055555.min.js.br
- clerk-js/5.79.1-canary.v20250803055555/userverification_clerk.chips.browser_642ce0_5.79.1-canary.v20250803055555.min.js.gz
- clerk-js/5.79.1-canary.v20250803055555/userverification_clerk.chips.browser_642ce0_5.79.1-canary.v20250803055555.min.js.sri
- clerk-js/5.79.1-canary.v20250803055555/userverification_clerk.legacy.browser_549a06_5.79.1-canary.v20250803055555.js.br
- clerk-js/5.79.1-canary.v20250803055555/userverification_clerk.legacy.browser_549a06_5.79.1-canary.v20250803055555.js.gz
- clerk-js/5.79.1-canary.v20250803055555/userverification_clerk.legacy.browser_549a06_5.79.1-canary.v20250803055555.js.sri
- clerk-js/5.79.1-canary.v20250803055555/userverification_clerk.legacy.browser_549a06_5.79.1-canary.v20250803055555.min.js.br
- clerk-js/5.79.1-canary.v20250803055555/userverification_clerk.legacy.browser_549a06_5.79.1-canary.v20250803055555.min.js.gz
- clerk-js/5.79.1-canary.v20250803055555/userverification_clerk.legacy.browser_549a06_5.79.1-canary.v20250803055555.min.js.sri
- clerk-js/5.79.1-canary.v20250803055555/vendors_clerk.browser_6d042c_5.79.1-canary.v20250803055555.js.br
- clerk-js/5.79.1-canary.v20250803055555/vendors_clerk.browser_6d042c_5.79.1-canary.v20250803055555.js.gz
- clerk-js/5.79.1-canary.v20250803055555/vendors_clerk.browser_6d042c_5.79.1-canary.v20250803055555.js.sri
- clerk-js/5.79.1-canary.v20250803055555/vendors_clerk.browser_6d042c_5.79.1-canary.v20250803055555.min.js.br
- clerk-js/5.79.1-canary.v20250803055555/vendors_clerk.browser_6d042c_5.79.1-canary.v20250803055555.min.js.gz
- clerk-js/5.79.1-canary.v20250803055555/vendors_clerk.browser_6d042c_5.79.1-canary.v20250803055555.min.js.sri
- clerk-js/5.79.1-canary.v20250803055555/vendors_clerk.chips.browser_642ce0_5.79.1-canary.v20250803055555.js.br
- clerk-js/5.79.1-canary.v20250803055555/vendors_clerk.chips.browser_642ce0_5.79.1-canary.v20250803055555.js.gz
- clerk-js/5.79.1-canary.v20250803055555/vendors_clerk.chips.browser_642ce0_5.79.1-canary.v20250803055555.js.sri
- clerk-js/5.79.1-canary.v20250803055555/vendors_clerk.chips.browser_642ce0_5.79.1-canary.v20250803055555.min.js.br
- clerk-js/5.79.1-canary.v20250803055555/vendors_clerk.chips.browser_642ce0_5.79.1-canary.v20250803055555.min.js.gz
- clerk-js/5.79.1-canary.v20250803055555/vendors_clerk.chips.browser_642ce0_5.79.1-canary.v20250803055555.min.js.sri
- clerk-js/5.79.1-canary.v20250803055555/vendors_clerk.headless.browser_8afdee_5.79.1-canary.v20250803055555.js.br
- clerk-js/5.79.1-canary.v20250803055555/vendors_clerk.headless.browser_8afdee_5.79.1-canary.v20250803055555.js.gz
- clerk-js/5.79.1-canary.v20250803055555/vendors_clerk.headless.browser_8afdee_5.79.1-canary.v20250803055555.js.sri
- clerk-js/5.79.1-canary.v20250803055555/vendors_clerk.headless.browser_8afdee_5.79.1-canary.v20250803055555.min.js.br
- clerk-js/5.79.1-canary.v20250803055555/vendors_clerk.headless.browser_8afdee_5.79.1-canary.v20250803055555.min.js.gz
- clerk-js/5.79.1-canary.v20250803055555/vendors_clerk.headless.browser_8afdee_5.79.1-canary.v20250803055555.min.js.sri
- clerk-js/5.79.1-canary.v20250803055555/vendors_clerk.legacy.browser_549a06_5.79.1-canary.v20250803055555.js.br
- clerk-js/5.79.1-canary.v20250803055555/vendors_clerk.legacy.browser_549a06_5.79.1-canary.v20250803055555.js.gz
- clerk-js/5.79.1-canary.v20250803055555/vendors_clerk.legacy.browser_549a06_5.79.1-canary.v20250803055555.js.sri
- clerk-js/5.79.1-canary.v20250803055555/vendors_clerk.legacy.browser_549a06_5.79.1-canary.v20250803055555.min.js.br
- clerk-js/5.79.1-canary.v20250803055555/vendors_clerk.legacy.browser_549a06_5.79.1-canary.v20250803055555.min.js.gz
- clerk-js/5.79.1-canary.v20250803055555/vendors_clerk.legacy.browser_549a06_5.79.1-canary.v20250803055555.min.js.sri
- clerk-js/5.79.1-canary.v20250803055555/waitlist_clerk.browser_6d042c_5.79.1-canary.v20250803055555.js.br
- clerk-js/5.79.1-canary.v20250803055555/waitlist_clerk.browser_6d042c_5.79.1-canary.v20250803055555.js.gz
- clerk-js/5.79.1-canary.v20250803055555/waitlist_clerk.browser_6d042c_5.79.1-canary.v20250803055555.js.sri
- clerk-js/5.79.1-canary.v20250803055555/waitlist_clerk.browser_6d042c_5.79.1-canary.v20250803055555.min.js.br
- clerk-js/5.79.1-canary.v20250803055555/waitlist_clerk.browser_6d042c_5.79.1-canary.v20250803055555.min.js.gz
- clerk-js/5.79.1-canary.v20250803055555/waitlist_clerk.browser_6d042c_5.79.1-canary.v20250803055555.min.js.sri
- clerk-js/5.79.1-canary.v20250803055555/waitlist_clerk.chips.browser_642ce0_5.79.1-canary.v20250803055555.js.br
- clerk-js/5.79.1-canary.v20250803055555/waitlist_clerk.chips.browser_642ce0_5.79.1-canary.v20250803055555.js.gz
- clerk-js/5.79.1-canary.v20250803055555/waitlist_clerk.chips.browser_642ce0_5.79.1-canary.v20250803055555.js.sri
- clerk-js/5.79.1-canary.v20250803055555/waitlist_clerk.chips.browser_642ce0_5.79.1-canary.v20250803055555.min.js.br
- clerk-js/5.79.1-canary.v20250803055555/waitlist_clerk.chips.browser_642ce0_5.79.1-canary.v20250803055555.min.js.gz
- clerk-js/5.79.1-canary.v20250803055555/waitlist_clerk.chips.browser_642ce0_5.79.1-canary.v20250803055555.min.js.sri
- clerk-js/5.79.1-canary.v20250803055555/waitlist_clerk.legacy.browser_549a06_5.79.1-canary.v20250803055555.js.br
- clerk-js/5.79.1-canary.v20250803055555/waitlist_clerk.legacy.browser_549a06_5.79.1-canary.v20250803055555.js.gz
- clerk-js/5.79.1-canary.v20250803055555/waitlist_clerk.legacy.browser_549a06_5.79.1-canary.v20250803055555.js.sri
- clerk-js/5.79.1-canary.v20250803055555/waitlist_clerk.legacy.browser_549a06_5.79.1-canary.v20250803055555.min.js.br
- clerk-js/5.79.1-canary.v20250803055555/waitlist_clerk.legacy.browser_549a06_5.79.1-canary.v20250803055555.min.js.gz
- clerk-js/5.79.1-canary.v20250803055555/waitlist_clerk.legacy.browser_549a06_5.79.1-canary.v20250803055555.min.js.sri
- clerk-js/5.79.1-canary.v20250803055555/zxcvbn-common_clerk.browser_6d042c_5.79.1-canary.v20250803055555.js.br
- clerk-js/5.79.1-canary.v20250803055555/zxcvbn-common_clerk.browser_6d042c_5.79.1-canary.v20250803055555.js.gz
- clerk-js/5.79.1-canary.v20250803055555/zxcvbn-common_clerk.browser_6d042c_5.79.1-canary.v20250803055555.js.sri
- clerk-js/5.79.1-canary.v20250803055555/zxcvbn-common_clerk.browser_6d042c_5.79.1-canary.v20250803055555.min.js.br
- clerk-js/5.79.1-canary.v20250803055555/zxcvbn-common_clerk.browser_6d042c_5.79.1-canary.v20250803055555.min.js.gz
- clerk-js/5.79.1-canary.v20250803055555/zxcvbn-common_clerk.browser_6d042c_5.79.1-canary.v20250803055555.min.js.sri
- clerk-js/5.79.1-canary.v20250803055555/zxcvbn-common_clerk.chips.browser_642ce0_5.79.1-canary.v20250803055555.js.br
- clerk-js/5.79.1-canary.v20250803055555/zxcvbn-common_clerk.chips.browser_642ce0_5.79.1-canary.v20250803055555.js.gz
- clerk-js/5.79.1-canary.v20250803055555/zxcvbn-common_clerk.chips.browser_642ce0_5.79.1-canary.v20250803055555.js.sri
- clerk-js/5.79.1-canary.v20250803055555/zxcvbn-common_clerk.chips.browser_642ce0_5.79.1-canary.v20250803055555.min.js.br
- clerk-js/5.79.1-canary.v20250803055555/zxcvbn-common_clerk.chips.browser_642ce0_5.79.1-canary.v20250803055555.min.js.gz
- clerk-js/5.79.1-canary.v20250803055555/zxcvbn-common_clerk.chips.browser_642ce0_5.79.1-canary.v20250803055555.min.js.sri
- clerk-js/5.79.1-canary.v20250803055555/zxcvbn-common_clerk.headless.browser_8afdee_5.79.1-canary.v20250803055555.js.br
- clerk-js/5.79.1-canary.v20250803055555/zxcvbn-common_clerk.headless.browser_8afdee_5.79.1-canary.v20250803055555.js.gz
- clerk-js/5.79.1-canary.v20250803055555/zxcvbn-common_clerk.headless.browser_8afdee_5.79.1-canary.v20250803055555.js.sri
- clerk-js/5.79.1-canary.v20250803055555/zxcvbn-common_clerk.headless.browser_8afdee_5.79.1-canary.v20250803055555.min.js.br
- clerk-js/5.79.1-canary.v20250803055555/zxcvbn-common_clerk.headless.browser_8afdee_5.79.1-canary.v20250803055555.min.js.gz
- clerk-js/5.79.1-canary.v20250803055555/zxcvbn-common_clerk.headless.browser_8afdee_5.79.1-canary.v20250803055555.min.js.sri
- clerk-js/5.79.1-canary.v20250803055555/zxcvbn-common_clerk.legacy.browser_549a06_5.79.1-canary.v20250803055555.js.br
- clerk-js/5.79.1-canary.v20250803055555/zxcvbn-common_clerk.legacy.browser_549a06_5.79.1-canary.v20250803055555.js.gz
- clerk-js/5.79.1-canary.v20250803055555/zxcvbn-common_clerk.legacy.browser_549a06_5.79.1-canary.v20250803055555.js.sri
- clerk-js/5.79.1-canary.v20250803055555/zxcvbn-common_clerk.legacy.browser_549a06_5.79.1-canary.v20250803055555.min.js.br
- clerk-js/5.79.1-canary.v20250803055555/zxcvbn-common_clerk.legacy.browser_549a06_5.79.1-canary.v20250803055555.min.js.gz
- clerk-js/5.79.1-canary.v20250803055555/zxcvbn-common_clerk.legacy.browser_549a06_5.79.1-canary.v20250803055555.min.js.sri
- clerk-js/5.79.1-canary.v20250803055555/zxcvbn-ts-core_clerk.browser_6d042c_5.79.1-canary.v20250803055555.js.br
- clerk-js/5.79.1-canary.v20250803055555/zxcvbn-ts-core_clerk.browser_6d042c_5.79.1-canary.v20250803055555.js.gz
- clerk-js/5.79.1-canary.v20250803055555/zxcvbn-ts-core_clerk.browser_6d042c_5.79.1-canary.v20250803055555.js.sri
- clerk-js/5.79.1-canary.v20250803055555/zxcvbn-ts-core_clerk.browser_6d042c_5.79.1-canary.v20250803055555.min.js.br
- clerk-js/5.79.1-canary.v20250803055555/zxcvbn-ts-core_clerk.browser_6d042c_5.79.1-canary.v20250803055555.min.js.gz
- clerk-js/5.79.1-canary.v20250803055555/zxcvbn-ts-core_clerk.browser_6d042c_5.79.1-canary.v20250803055555.min.js.sri
- clerk-js/5.79.1-canary.v20250803055555/zxcvbn-ts-core_clerk.chips.browser_642ce0_5.79.1-canary.v20250803055555.js.br
- clerk-js/5.79.1-canary.v20250803055555/zxcvbn-ts-core_clerk.chips.browser_642ce0_5.79.1-canary.v20250803055555.js.gz
- clerk-js/5.79.1-canary.v20250803055555/zxcvbn-ts-core_clerk.chips.browser_642ce0_5.79.1-canary.v20250803055555.js.sri
- clerk-js/5.79.1-canary.v20250803055555/zxcvbn-ts-core_clerk.chips.browser_642ce0_5.79.1-canary.v20250803055555.min.js.br
- clerk-js/5.79.1-canary.v20250803055555/zxcvbn-ts-core_clerk.chips.browser_642ce0_5.79.1-canary.v20250803055555.min.js.gz
- clerk-js/5.79.1-canary.v20250803055555/zxcvbn-ts-core_clerk.chips.browser_642ce0_5.79.1-canary.v20250803055555.min.js.sri
- clerk-js/5.79.1-canary.v20250803055555/zxcvbn-ts-core_clerk.headless.browser_8afdee_5.79.1-canary.v20250803055555.js.br
- clerk-js/5.79.1-canary.v20250803055555/zxcvbn-ts-core_clerk.headless.browser_8afdee_5.79.1-canary.v20250803055555.js.gz
- clerk-js/5.79.1-canary.v20250803055555/zxcvbn-ts-core_clerk.headless.browser_8afdee_5.79.1-canary.v20250803055555.js.sri
- clerk-js/5.79.1-canary.v20250803055555/zxcvbn-ts-core_clerk.headless.browser_8afdee_5.79.1-canary.v20250803055555.min.js.br
- clerk-js/5.79.1-canary.v20250803055555/zxcvbn-ts-core_clerk.headless.browser_8afdee_5.79.1-canary.v20250803055555.min.js.gz
- clerk-js/5.79.1-canary.v20250803055555/zxcvbn-ts-core_clerk.headless.browser_8afdee_5.79.1-canary.v20250803055555.min.js.sri
- clerk-js/5.79.1-canary.v20250803055555/zxcvbn-ts-core_clerk.legacy.browser_549a06_5.79.1-canary.v20250803055555.js.br
- clerk-js/5.79.1-canary.v20250803055555/zxcvbn-ts-core_clerk.legacy.browser_549a06_5.79.1-canary.v20250803055555.js.gz
- clerk-js/5.79.1-canary.v20250803055555/zxcvbn-ts-core_clerk.legacy.browser_549a06_5.79.1-canary.v20250803055555.js.sri
- clerk-js/5.79.1-canary.v20250803055555/zxcvbn-ts-core_clerk.legacy.browser_549a06_5.79.1-canary.v20250803055555.min.js.br
- clerk-js/5.79.1-canary.v20250803055555/zxcvbn-ts-core_clerk.legacy.browser_549a06_5.79.1-canary.v20250803055555.min.js.gz
- clerk-js/5.79.1-canary.v20250803055555/zxcvbn-ts-core_clerk.legacy.browser_549a06_5.79.1-canary.v20250803055555.min.js.sri
