Files:
- clerk-js/5.74.1-canary.v20250717223434/192_clerk.browser_62bac2_5.74.1-canary.v20250717223434.js.br
- clerk-js/5.74.1-canary.v20250717223434/192_clerk.browser_62bac2_5.74.1-canary.v20250717223434.js.gz
- clerk-js/5.74.1-canary.v20250717223434/192_clerk.browser_62bac2_5.74.1-canary.v20250717223434.js.sri
- clerk-js/5.74.1-canary.v20250717223434/192_clerk.browser_62bac2_5.74.1-canary.v20250717223434.min.js.br
- clerk-js/5.74.1-canary.v20250717223434/192_clerk.browser_62bac2_5.74.1-canary.v20250717223434.min.js.gz
- clerk-js/5.74.1-canary.v20250717223434/192_clerk.browser_62bac2_5.74.1-canary.v20250717223434.min.js.sri
- clerk-js/5.74.1-canary.v20250717223434/192_clerk.chips.browser_4d9e8f_5.74.1-canary.v20250717223434.js.br
- clerk-js/5.74.1-canary.v20250717223434/192_clerk.chips.browser_4d9e8f_5.74.1-canary.v20250717223434.js.gz
- clerk-js/5.74.1-canary.v20250717223434/192_clerk.chips.browser_4d9e8f_5.74.1-canary.v20250717223434.js.sri
- clerk-js/5.74.1-canary.v20250717223434/192_clerk.chips.browser_4d9e8f_5.74.1-canary.v20250717223434.min.js.br
- clerk-js/5.74.1-canary.v20250717223434/192_clerk.chips.browser_4d9e8f_5.74.1-canary.v20250717223434.min.js.gz
- clerk-js/5.74.1-canary.v20250717223434/192_clerk.chips.browser_4d9e8f_5.74.1-canary.v20250717223434.min.js.sri
- clerk-js/5.74.1-canary.v20250717223434/192_clerk.legacy.browser_c77d88_5.74.1-canary.v20250717223434.js.br
- clerk-js/5.74.1-canary.v20250717223434/192_clerk.legacy.browser_c77d88_5.74.1-canary.v20250717223434.js.gz
- clerk-js/5.74.1-canary.v20250717223434/192_clerk.legacy.browser_c77d88_5.74.1-canary.v20250717223434.js.sri
- clerk-js/5.74.1-canary.v20250717223434/192_clerk.legacy.browser_c77d88_5.74.1-canary.v20250717223434.min.js.br
- clerk-js/5.74.1-canary.v20250717223434/192_clerk.legacy.browser_c77d88_5.74.1-canary.v20250717223434.min.js.gz
- clerk-js/5.74.1-canary.v20250717223434/192_clerk.legacy.browser_c77d88_5.74.1-canary.v20250717223434.min.js.sri
- clerk-js/5.74.1-canary.v20250717223434/294_clerk.browser_62bac2_5.74.1-canary.v20250717223434.js.br
- clerk-js/5.74.1-canary.v20250717223434/294_clerk.browser_62bac2_5.74.1-canary.v20250717223434.js.gz
- clerk-js/5.74.1-canary.v20250717223434/294_clerk.browser_62bac2_5.74.1-canary.v20250717223434.js.sri
- clerk-js/5.74.1-canary.v20250717223434/294_clerk.browser_62bac2_5.74.1-canary.v20250717223434.min.js.br
- clerk-js/5.74.1-canary.v20250717223434/294_clerk.browser_62bac2_5.74.1-canary.v20250717223434.min.js.gz
- clerk-js/5.74.1-canary.v20250717223434/294_clerk.browser_62bac2_5.74.1-canary.v20250717223434.min.js.sri
- clerk-js/5.74.1-canary.v20250717223434/294_clerk.chips.browser_4d9e8f_5.74.1-canary.v20250717223434.js.br
- clerk-js/5.74.1-canary.v20250717223434/294_clerk.chips.browser_4d9e8f_5.74.1-canary.v20250717223434.js.gz
- clerk-js/5.74.1-canary.v20250717223434/294_clerk.chips.browser_4d9e8f_5.74.1-canary.v20250717223434.js.sri
- clerk-js/5.74.1-canary.v20250717223434/294_clerk.chips.browser_4d9e8f_5.74.1-canary.v20250717223434.min.js.br
- clerk-js/5.74.1-canary.v20250717223434/294_clerk.chips.browser_4d9e8f_5.74.1-canary.v20250717223434.min.js.gz
- clerk-js/5.74.1-canary.v20250717223434/294_clerk.chips.browser_4d9e8f_5.74.1-canary.v20250717223434.min.js.sri
- clerk-js/5.74.1-canary.v20250717223434/294_clerk.legacy.browser_c77d88_5.74.1-canary.v20250717223434.js.br
- clerk-js/5.74.1-canary.v20250717223434/294_clerk.legacy.browser_c77d88_5.74.1-canary.v20250717223434.js.gz
- clerk-js/5.74.1-canary.v20250717223434/294_clerk.legacy.browser_c77d88_5.74.1-canary.v20250717223434.js.sri
- clerk-js/5.74.1-canary.v20250717223434/294_clerk.legacy.browser_c77d88_5.74.1-canary.v20250717223434.min.js.br
- clerk-js/5.74.1-canary.v20250717223434/294_clerk.legacy.browser_c77d88_5.74.1-canary.v20250717223434.min.js.gz
- clerk-js/5.74.1-canary.v20250717223434/294_clerk.legacy.browser_c77d88_5.74.1-canary.v20250717223434.min.js.sri
- clerk-js/5.74.1-canary.v20250717223434/377_clerk.headless_af875c_5.74.1-canary.v20250717223434.js.br
- clerk-js/5.74.1-canary.v20250717223434/377_clerk.headless_af875c_5.74.1-canary.v20250717223434.js.gz
- clerk-js/5.74.1-canary.v20250717223434/377_clerk.headless_af875c_5.74.1-canary.v20250717223434.js.sri
- clerk-js/5.74.1-canary.v20250717223434/377_clerk.headless_af875c_5.74.1-canary.v20250717223434.min.js.br
- clerk-js/5.74.1-canary.v20250717223434/377_clerk.headless_af875c_5.74.1-canary.v20250717223434.min.js.gz
- clerk-js/5.74.1-canary.v20250717223434/377_clerk.headless_af875c_5.74.1-canary.v20250717223434.min.js.sri
- clerk-js/5.74.1-canary.v20250717223434/544_clerk.browser_62bac2_5.74.1-canary.v20250717223434.js.br
- clerk-js/5.74.1-canary.v20250717223434/544_clerk.browser_62bac2_5.74.1-canary.v20250717223434.js.gz
- clerk-js/5.74.1-canary.v20250717223434/544_clerk.browser_62bac2_5.74.1-canary.v20250717223434.js.sri
- clerk-js/5.74.1-canary.v20250717223434/544_clerk.browser_62bac2_5.74.1-canary.v20250717223434.min.js.br
- clerk-js/5.74.1-canary.v20250717223434/544_clerk.browser_62bac2_5.74.1-canary.v20250717223434.min.js.gz
- clerk-js/5.74.1-canary.v20250717223434/544_clerk.browser_62bac2_5.74.1-canary.v20250717223434.min.js.sri
- clerk-js/5.74.1-canary.v20250717223434/544_clerk.chips.browser_4d9e8f_5.74.1-canary.v20250717223434.js.br
- clerk-js/5.74.1-canary.v20250717223434/544_clerk.chips.browser_4d9e8f_5.74.1-canary.v20250717223434.js.gz
- clerk-js/5.74.1-canary.v20250717223434/544_clerk.chips.browser_4d9e8f_5.74.1-canary.v20250717223434.js.sri
- clerk-js/5.74.1-canary.v20250717223434/544_clerk.chips.browser_4d9e8f_5.74.1-canary.v20250717223434.min.js.br
- clerk-js/5.74.1-canary.v20250717223434/544_clerk.chips.browser_4d9e8f_5.74.1-canary.v20250717223434.min.js.gz
- clerk-js/5.74.1-canary.v20250717223434/544_clerk.chips.browser_4d9e8f_5.74.1-canary.v20250717223434.min.js.sri
- clerk-js/5.74.1-canary.v20250717223434/544_clerk.legacy.browser_c77d88_5.74.1-canary.v20250717223434.js.br
- clerk-js/5.74.1-canary.v20250717223434/544_clerk.legacy.browser_c77d88_5.74.1-canary.v20250717223434.js.gz
- clerk-js/5.74.1-canary.v20250717223434/544_clerk.legacy.browser_c77d88_5.74.1-canary.v20250717223434.js.sri
- clerk-js/5.74.1-canary.v20250717223434/544_clerk.legacy.browser_c77d88_5.74.1-canary.v20250717223434.min.js.br
- clerk-js/5.74.1-canary.v20250717223434/544_clerk.legacy.browser_c77d88_5.74.1-canary.v20250717223434.min.js.gz
- clerk-js/5.74.1-canary.v20250717223434/544_clerk.legacy.browser_c77d88_5.74.1-canary.v20250717223434.min.js.sri
- clerk-js/5.74.1-canary.v20250717223434/553_clerk.headless_af875c_5.74.1-canary.v20250717223434.js.br
- clerk-js/5.74.1-canary.v20250717223434/553_clerk.headless_af875c_5.74.1-canary.v20250717223434.js.gz
- clerk-js/5.74.1-canary.v20250717223434/553_clerk.headless_af875c_5.74.1-canary.v20250717223434.js.sri
- clerk-js/5.74.1-canary.v20250717223434/553_clerk.headless_af875c_5.74.1-canary.v20250717223434.min.js.br
- clerk-js/5.74.1-canary.v20250717223434/553_clerk.headless_af875c_5.74.1-canary.v20250717223434.min.js.gz
- clerk-js/5.74.1-canary.v20250717223434/553_clerk.headless_af875c_5.74.1-canary.v20250717223434.min.js.sri
- clerk-js/5.74.1-canary.v20250717223434/645_clerk.browser_62bac2_5.74.1-canary.v20250717223434.js.br
- clerk-js/5.74.1-canary.v20250717223434/645_clerk.browser_62bac2_5.74.1-canary.v20250717223434.js.gz
- clerk-js/5.74.1-canary.v20250717223434/645_clerk.browser_62bac2_5.74.1-canary.v20250717223434.js.sri
- clerk-js/5.74.1-canary.v20250717223434/645_clerk.browser_62bac2_5.74.1-canary.v20250717223434.min.js.br
- clerk-js/5.74.1-canary.v20250717223434/645_clerk.browser_62bac2_5.74.1-canary.v20250717223434.min.js.gz
- clerk-js/5.74.1-canary.v20250717223434/645_clerk.browser_62bac2_5.74.1-canary.v20250717223434.min.js.sri
- clerk-js/5.74.1-canary.v20250717223434/645_clerk.chips.browser_4d9e8f_5.74.1-canary.v20250717223434.js.br
- clerk-js/5.74.1-canary.v20250717223434/645_clerk.chips.browser_4d9e8f_5.74.1-canary.v20250717223434.js.gz
- clerk-js/5.74.1-canary.v20250717223434/645_clerk.chips.browser_4d9e8f_5.74.1-canary.v20250717223434.js.sri
- clerk-js/5.74.1-canary.v20250717223434/645_clerk.chips.browser_4d9e8f_5.74.1-canary.v20250717223434.min.js.br
- clerk-js/5.74.1-canary.v20250717223434/645_clerk.chips.browser_4d9e8f_5.74.1-canary.v20250717223434.min.js.gz
- clerk-js/5.74.1-canary.v20250717223434/645_clerk.chips.browser_4d9e8f_5.74.1-canary.v20250717223434.min.js.sri
- clerk-js/5.74.1-canary.v20250717223434/645_clerk.legacy.browser_c77d88_5.74.1-canary.v20250717223434.js.br
- clerk-js/5.74.1-canary.v20250717223434/645_clerk.legacy.browser_c77d88_5.74.1-canary.v20250717223434.js.gz
- clerk-js/5.74.1-canary.v20250717223434/645_clerk.legacy.browser_c77d88_5.74.1-canary.v20250717223434.js.sri
- clerk-js/5.74.1-canary.v20250717223434/645_clerk.legacy.browser_c77d88_5.74.1-canary.v20250717223434.min.js.br
- clerk-js/5.74.1-canary.v20250717223434/645_clerk.legacy.browser_c77d88_5.74.1-canary.v20250717223434.min.js.gz
- clerk-js/5.74.1-canary.v20250717223434/645_clerk.legacy.browser_c77d88_5.74.1-canary.v20250717223434.min.js.sri
- clerk-js/5.74.1-canary.v20250717223434/66_clerk.browser_62bac2_5.74.1-canary.v20250717223434.js.br
- clerk-js/5.74.1-canary.v20250717223434/66_clerk.browser_62bac2_5.74.1-canary.v20250717223434.js.gz
- clerk-js/5.74.1-canary.v20250717223434/66_clerk.browser_62bac2_5.74.1-canary.v20250717223434.js.sri
- clerk-js/5.74.1-canary.v20250717223434/66_clerk.browser_62bac2_5.74.1-canary.v20250717223434.min.js.br
- clerk-js/5.74.1-canary.v20250717223434/66_clerk.browser_62bac2_5.74.1-canary.v20250717223434.min.js.gz
- clerk-js/5.74.1-canary.v20250717223434/66_clerk.browser_62bac2_5.74.1-canary.v20250717223434.min.js.sri
- clerk-js/5.74.1-canary.v20250717223434/66_clerk.chips.browser_4d9e8f_5.74.1-canary.v20250717223434.js.br
- clerk-js/5.74.1-canary.v20250717223434/66_clerk.chips.browser_4d9e8f_5.74.1-canary.v20250717223434.js.gz
- clerk-js/5.74.1-canary.v20250717223434/66_clerk.chips.browser_4d9e8f_5.74.1-canary.v20250717223434.js.sri
- clerk-js/5.74.1-canary.v20250717223434/66_clerk.chips.browser_4d9e8f_5.74.1-canary.v20250717223434.min.js.br
- clerk-js/5.74.1-canary.v20250717223434/66_clerk.chips.browser_4d9e8f_5.74.1-canary.v20250717223434.min.js.gz
- clerk-js/5.74.1-canary.v20250717223434/66_clerk.chips.browser_4d9e8f_5.74.1-canary.v20250717223434.min.js.sri
- clerk-js/5.74.1-canary.v20250717223434/66_clerk.legacy.browser_c77d88_5.74.1-canary.v20250717223434.js.br
- clerk-js/5.74.1-canary.v20250717223434/66_clerk.legacy.browser_c77d88_5.74.1-canary.v20250717223434.js.gz
- clerk-js/5.74.1-canary.v20250717223434/66_clerk.legacy.browser_c77d88_5.74.1-canary.v20250717223434.js.sri
- clerk-js/5.74.1-canary.v20250717223434/66_clerk.legacy.browser_c77d88_5.74.1-canary.v20250717223434.min.js.br
- clerk-js/5.74.1-canary.v20250717223434/66_clerk.legacy.browser_c77d88_5.74.1-canary.v20250717223434.min.js.gz
- clerk-js/5.74.1-canary.v20250717223434/66_clerk.legacy.browser_c77d88_5.74.1-canary.v20250717223434.min.js.sri
- clerk-js/5.74.1-canary.v20250717223434/890_clerk.headless_af875c_5.74.1-canary.v20250717223434.js.br
- clerk-js/5.74.1-canary.v20250717223434/890_clerk.headless_af875c_5.74.1-canary.v20250717223434.js.gz
- clerk-js/5.74.1-canary.v20250717223434/890_clerk.headless_af875c_5.74.1-canary.v20250717223434.js.sri
- clerk-js/5.74.1-canary.v20250717223434/890_clerk.headless_af875c_5.74.1-canary.v20250717223434.min.js.br
- clerk-js/5.74.1-canary.v20250717223434/890_clerk.headless_af875c_5.74.1-canary.v20250717223434.min.js.gz
- clerk-js/5.74.1-canary.v20250717223434/890_clerk.headless_af875c_5.74.1-canary.v20250717223434.min.js.sri
- clerk-js/5.74.1-canary.v20250717223434/965_clerk.headless_af875c_5.74.1-canary.v20250717223434.js.br
- clerk-js/5.74.1-canary.v20250717223434/965_clerk.headless_af875c_5.74.1-canary.v20250717223434.js.gz
- clerk-js/5.74.1-canary.v20250717223434/965_clerk.headless_af875c_5.74.1-canary.v20250717223434.js.sri
- clerk-js/5.74.1-canary.v20250717223434/965_clerk.headless_af875c_5.74.1-canary.v20250717223434.min.js.br
- clerk-js/5.74.1-canary.v20250717223434/965_clerk.headless_af875c_5.74.1-canary.v20250717223434.min.js.gz
- clerk-js/5.74.1-canary.v20250717223434/965_clerk.headless_af875c_5.74.1-canary.v20250717223434.min.js.sri
- clerk-js/5.74.1-canary.v20250717223434/apiKeys_clerk.browser_62bac2_5.74.1-canary.v20250717223434.js.br
- clerk-js/5.74.1-canary.v20250717223434/apiKeys_clerk.browser_62bac2_5.74.1-canary.v20250717223434.js.gz
- clerk-js/5.74.1-canary.v20250717223434/apiKeys_clerk.browser_62bac2_5.74.1-canary.v20250717223434.js.sri
- clerk-js/5.74.1-canary.v20250717223434/apiKeys_clerk.browser_62bac2_5.74.1-canary.v20250717223434.min.js.br
- clerk-js/5.74.1-canary.v20250717223434/apiKeys_clerk.browser_62bac2_5.74.1-canary.v20250717223434.min.js.gz
- clerk-js/5.74.1-canary.v20250717223434/apiKeys_clerk.browser_62bac2_5.74.1-canary.v20250717223434.min.js.sri
- clerk-js/5.74.1-canary.v20250717223434/apiKeys_clerk.chips.browser_4d9e8f_5.74.1-canary.v20250717223434.js.br
- clerk-js/5.74.1-canary.v20250717223434/apiKeys_clerk.chips.browser_4d9e8f_5.74.1-canary.v20250717223434.js.gz
- clerk-js/5.74.1-canary.v20250717223434/apiKeys_clerk.chips.browser_4d9e8f_5.74.1-canary.v20250717223434.js.sri
- clerk-js/5.74.1-canary.v20250717223434/apiKeys_clerk.chips.browser_4d9e8f_5.74.1-canary.v20250717223434.min.js.br
- clerk-js/5.74.1-canary.v20250717223434/apiKeys_clerk.chips.browser_4d9e8f_5.74.1-canary.v20250717223434.min.js.gz
- clerk-js/5.74.1-canary.v20250717223434/apiKeys_clerk.chips.browser_4d9e8f_5.74.1-canary.v20250717223434.min.js.sri
- clerk-js/5.74.1-canary.v20250717223434/apiKeys_clerk.legacy.browser_c77d88_5.74.1-canary.v20250717223434.js.br
- clerk-js/5.74.1-canary.v20250717223434/apiKeys_clerk.legacy.browser_c77d88_5.74.1-canary.v20250717223434.js.gz
- clerk-js/5.74.1-canary.v20250717223434/apiKeys_clerk.legacy.browser_c77d88_5.74.1-canary.v20250717223434.js.sri
- clerk-js/5.74.1-canary.v20250717223434/apiKeys_clerk.legacy.browser_c77d88_5.74.1-canary.v20250717223434.min.js.br
- clerk-js/5.74.1-canary.v20250717223434/apiKeys_clerk.legacy.browser_c77d88_5.74.1-canary.v20250717223434.min.js.gz
- clerk-js/5.74.1-canary.v20250717223434/apiKeys_clerk.legacy.browser_c77d88_5.74.1-canary.v20250717223434.min.js.sri
- clerk-js/5.74.1-canary.v20250717223434/blankcaptcha_clerk.browser_62bac2_5.74.1-canary.v20250717223434.js.br
- clerk-js/5.74.1-canary.v20250717223434/blankcaptcha_clerk.browser_62bac2_5.74.1-canary.v20250717223434.js.gz
- clerk-js/5.74.1-canary.v20250717223434/blankcaptcha_clerk.browser_62bac2_5.74.1-canary.v20250717223434.js.sri
- clerk-js/5.74.1-canary.v20250717223434/blankcaptcha_clerk.browser_62bac2_5.74.1-canary.v20250717223434.min.js.br
- clerk-js/5.74.1-canary.v20250717223434/blankcaptcha_clerk.browser_62bac2_5.74.1-canary.v20250717223434.min.js.gz
- clerk-js/5.74.1-canary.v20250717223434/blankcaptcha_clerk.browser_62bac2_5.74.1-canary.v20250717223434.min.js.sri
- clerk-js/5.74.1-canary.v20250717223434/blankcaptcha_clerk.chips.browser_4d9e8f_5.74.1-canary.v20250717223434.js.br
- clerk-js/5.74.1-canary.v20250717223434/blankcaptcha_clerk.chips.browser_4d9e8f_5.74.1-canary.v20250717223434.js.gz
- clerk-js/5.74.1-canary.v20250717223434/blankcaptcha_clerk.chips.browser_4d9e8f_5.74.1-canary.v20250717223434.js.sri
- clerk-js/5.74.1-canary.v20250717223434/blankcaptcha_clerk.chips.browser_4d9e8f_5.74.1-canary.v20250717223434.min.js.br
- clerk-js/5.74.1-canary.v20250717223434/blankcaptcha_clerk.chips.browser_4d9e8f_5.74.1-canary.v20250717223434.min.js.gz
- clerk-js/5.74.1-canary.v20250717223434/blankcaptcha_clerk.chips.browser_4d9e8f_5.74.1-canary.v20250717223434.min.js.sri
- clerk-js/5.74.1-canary.v20250717223434/blankcaptcha_clerk.legacy.browser_c77d88_5.74.1-canary.v20250717223434.js.br
- clerk-js/5.74.1-canary.v20250717223434/blankcaptcha_clerk.legacy.browser_c77d88_5.74.1-canary.v20250717223434.js.gz
- clerk-js/5.74.1-canary.v20250717223434/blankcaptcha_clerk.legacy.browser_c77d88_5.74.1-canary.v20250717223434.js.sri
- clerk-js/5.74.1-canary.v20250717223434/blankcaptcha_clerk.legacy.browser_c77d88_5.74.1-canary.v20250717223434.min.js.br
- clerk-js/5.74.1-canary.v20250717223434/blankcaptcha_clerk.legacy.browser_c77d88_5.74.1-canary.v20250717223434.min.js.gz
- clerk-js/5.74.1-canary.v20250717223434/blankcaptcha_clerk.legacy.browser_c77d88_5.74.1-canary.v20250717223434.min.js.sri
- clerk-js/5.74.1-canary.v20250717223434/checkout_clerk.browser_62bac2_5.74.1-canary.v20250717223434.js.br
- clerk-js/5.74.1-canary.v20250717223434/checkout_clerk.browser_62bac2_5.74.1-canary.v20250717223434.js.gz
- clerk-js/5.74.1-canary.v20250717223434/checkout_clerk.browser_62bac2_5.74.1-canary.v20250717223434.js.sri
- clerk-js/5.74.1-canary.v20250717223434/checkout_clerk.browser_62bac2_5.74.1-canary.v20250717223434.min.js.br
- clerk-js/5.74.1-canary.v20250717223434/checkout_clerk.browser_62bac2_5.74.1-canary.v20250717223434.min.js.gz
- clerk-js/5.74.1-canary.v20250717223434/checkout_clerk.browser_62bac2_5.74.1-canary.v20250717223434.min.js.sri
- clerk-js/5.74.1-canary.v20250717223434/checkout_clerk.chips.browser_4d9e8f_5.74.1-canary.v20250717223434.js.br
- clerk-js/5.74.1-canary.v20250717223434/checkout_clerk.chips.browser_4d9e8f_5.74.1-canary.v20250717223434.js.gz
- clerk-js/5.74.1-canary.v20250717223434/checkout_clerk.chips.browser_4d9e8f_5.74.1-canary.v20250717223434.js.sri
- clerk-js/5.74.1-canary.v20250717223434/checkout_clerk.chips.browser_4d9e8f_5.74.1-canary.v20250717223434.min.js.br
- clerk-js/5.74.1-canary.v20250717223434/checkout_clerk.chips.browser_4d9e8f_5.74.1-canary.v20250717223434.min.js.gz
- clerk-js/5.74.1-canary.v20250717223434/checkout_clerk.chips.browser_4d9e8f_5.74.1-canary.v20250717223434.min.js.sri
- clerk-js/5.74.1-canary.v20250717223434/checkout_clerk.legacy.browser_c77d88_5.74.1-canary.v20250717223434.js.br
- clerk-js/5.74.1-canary.v20250717223434/checkout_clerk.legacy.browser_c77d88_5.74.1-canary.v20250717223434.js.gz
- clerk-js/5.74.1-canary.v20250717223434/checkout_clerk.legacy.browser_c77d88_5.74.1-canary.v20250717223434.js.sri
- clerk-js/5.74.1-canary.v20250717223434/checkout_clerk.legacy.browser_c77d88_5.74.1-canary.v20250717223434.min.js.br
- clerk-js/5.74.1-canary.v20250717223434/checkout_clerk.legacy.browser_c77d88_5.74.1-canary.v20250717223434.min.js.gz
- clerk-js/5.74.1-canary.v20250717223434/checkout_clerk.legacy.browser_c77d88_5.74.1-canary.v20250717223434.min.js.sri
- clerk-js/5.74.1-canary.v20250717223434/clerk.browser.js.br
- clerk-js/5.74.1-canary.v20250717223434/clerk.browser.js.gz
- clerk-js/5.74.1-canary.v20250717223434/clerk.browser.js.sri
- clerk-js/5.74.1-canary.v20250717223434/clerk.browser.min.js.br
- clerk-js/5.74.1-canary.v20250717223434/clerk.browser.min.js.gz
- clerk-js/5.74.1-canary.v20250717223434/clerk.browser.min.js.sri
- clerk-js/5.74.1-canary.v20250717223434/clerk.chips.browser.js.br
- clerk-js/5.74.1-canary.v20250717223434/clerk.chips.browser.js.gz
- clerk-js/5.74.1-canary.v20250717223434/clerk.chips.browser.js.sri
- clerk-js/5.74.1-canary.v20250717223434/clerk.chips.browser.min.js.br
- clerk-js/5.74.1-canary.v20250717223434/clerk.chips.browser.min.js.gz
- clerk-js/5.74.1-canary.v20250717223434/clerk.chips.browser.min.js.sri
- clerk-js/5.74.1-canary.v20250717223434/clerk.headless.browser.js.br
- clerk-js/5.74.1-canary.v20250717223434/clerk.headless.browser.js.gz
- clerk-js/5.74.1-canary.v20250717223434/clerk.headless.browser.js.sri
- clerk-js/5.74.1-canary.v20250717223434/clerk.headless.browser.min.js.br
- clerk-js/5.74.1-canary.v20250717223434/clerk.headless.browser.min.js.gz
- clerk-js/5.74.1-canary.v20250717223434/clerk.headless.browser.min.js.sri
- clerk-js/5.74.1-canary.v20250717223434/clerk.headless.js.br
- clerk-js/5.74.1-canary.v20250717223434/clerk.headless.js.gz
- clerk-js/5.74.1-canary.v20250717223434/clerk.headless.js.sri
- clerk-js/5.74.1-canary.v20250717223434/clerk.headless.min.js.br
- clerk-js/5.74.1-canary.v20250717223434/clerk.headless.min.js.gz
- clerk-js/5.74.1-canary.v20250717223434/clerk.headless.min.js.sri
- clerk-js/5.74.1-canary.v20250717223434/clerk.js.br
- clerk-js/5.74.1-canary.v20250717223434/clerk.js.gz
- clerk-js/5.74.1-canary.v20250717223434/clerk.js.sri
- clerk-js/5.74.1-canary.v20250717223434/clerk.legacy.browser.js.br
- clerk-js/5.74.1-canary.v20250717223434/clerk.legacy.browser.js.gz
- clerk-js/5.74.1-canary.v20250717223434/clerk.legacy.browser.js.sri
- clerk-js/5.74.1-canary.v20250717223434/clerk.legacy.browser.min.js.br
- clerk-js/5.74.1-canary.v20250717223434/clerk.legacy.browser.min.js.gz
- clerk-js/5.74.1-canary.v20250717223434/clerk.legacy.browser.min.js.sri
- clerk-js/5.74.1-canary.v20250717223434/clerk.min.js.br
- clerk-js/5.74.1-canary.v20250717223434/clerk.min.js.gz
- clerk-js/5.74.1-canary.v20250717223434/clerk.min.js.sri
- clerk-js/5.74.1-canary.v20250717223434/clerk.mjs.br
- clerk-js/5.74.1-canary.v20250717223434/clerk.mjs.gz
- clerk-js/5.74.1-canary.v20250717223434/clerk.no-rhc.js.br
- clerk-js/5.74.1-canary.v20250717223434/clerk.no-rhc.js.gz
- clerk-js/5.74.1-canary.v20250717223434/clerk.no-rhc.js.sri
- clerk-js/5.74.1-canary.v20250717223434/clerk.no-rhc.min.js.br
- clerk-js/5.74.1-canary.v20250717223434/clerk.no-rhc.min.js.gz
- clerk-js/5.74.1-canary.v20250717223434/clerk.no-rhc.min.js.sri
- clerk-js/5.74.1-canary.v20250717223434/clerk.no-rhc.mjs.br
- clerk-js/5.74.1-canary.v20250717223434/clerk.no-rhc.mjs.gz
- clerk-js/5.74.1-canary.v20250717223434/coinbase-wallet-sdk_clerk.browser_62bac2_5.74.1-canary.v20250717223434.js.br
- clerk-js/5.74.1-canary.v20250717223434/coinbase-wallet-sdk_clerk.browser_62bac2_5.74.1-canary.v20250717223434.js.gz
- clerk-js/5.74.1-canary.v20250717223434/coinbase-wallet-sdk_clerk.browser_62bac2_5.74.1-canary.v20250717223434.js.sri
- clerk-js/5.74.1-canary.v20250717223434/coinbase-wallet-sdk_clerk.browser_62bac2_5.74.1-canary.v20250717223434.min.js.br
- clerk-js/5.74.1-canary.v20250717223434/coinbase-wallet-sdk_clerk.browser_62bac2_5.74.1-canary.v20250717223434.min.js.gz
- clerk-js/5.74.1-canary.v20250717223434/coinbase-wallet-sdk_clerk.browser_62bac2_5.74.1-canary.v20250717223434.min.js.sri
- clerk-js/5.74.1-canary.v20250717223434/coinbase-wallet-sdk_clerk.chips.browser_4d9e8f_5.74.1-canary.v20250717223434.js.br
- clerk-js/5.74.1-canary.v20250717223434/coinbase-wallet-sdk_clerk.chips.browser_4d9e8f_5.74.1-canary.v20250717223434.js.gz
- clerk-js/5.74.1-canary.v20250717223434/coinbase-wallet-sdk_clerk.chips.browser_4d9e8f_5.74.1-canary.v20250717223434.js.sri
- clerk-js/5.74.1-canary.v20250717223434/coinbase-wallet-sdk_clerk.chips.browser_4d9e8f_5.74.1-canary.v20250717223434.min.js.br
- clerk-js/5.74.1-canary.v20250717223434/coinbase-wallet-sdk_clerk.chips.browser_4d9e8f_5.74.1-canary.v20250717223434.min.js.gz
- clerk-js/5.74.1-canary.v20250717223434/coinbase-wallet-sdk_clerk.chips.browser_4d9e8f_5.74.1-canary.v20250717223434.min.js.sri
- clerk-js/5.74.1-canary.v20250717223434/coinbase-wallet-sdk_clerk.headless.browser_ae7f2b_5.74.1-canary.v20250717223434.js.br
- clerk-js/5.74.1-canary.v20250717223434/coinbase-wallet-sdk_clerk.headless.browser_ae7f2b_5.74.1-canary.v20250717223434.js.gz
- clerk-js/5.74.1-canary.v20250717223434/coinbase-wallet-sdk_clerk.headless.browser_ae7f2b_5.74.1-canary.v20250717223434.js.sri
- clerk-js/5.74.1-canary.v20250717223434/coinbase-wallet-sdk_clerk.headless.browser_ae7f2b_5.74.1-canary.v20250717223434.min.js.br
- clerk-js/5.74.1-canary.v20250717223434/coinbase-wallet-sdk_clerk.headless.browser_ae7f2b_5.74.1-canary.v20250717223434.min.js.gz
- clerk-js/5.74.1-canary.v20250717223434/coinbase-wallet-sdk_clerk.headless.browser_ae7f2b_5.74.1-canary.v20250717223434.min.js.sri
- clerk-js/5.74.1-canary.v20250717223434/coinbase-wallet-sdk_clerk.legacy.browser_c77d88_5.74.1-canary.v20250717223434.js.br
- clerk-js/5.74.1-canary.v20250717223434/coinbase-wallet-sdk_clerk.legacy.browser_c77d88_5.74.1-canary.v20250717223434.js.gz
- clerk-js/5.74.1-canary.v20250717223434/coinbase-wallet-sdk_clerk.legacy.browser_c77d88_5.74.1-canary.v20250717223434.js.sri
- clerk-js/5.74.1-canary.v20250717223434/coinbase-wallet-sdk_clerk.legacy.browser_c77d88_5.74.1-canary.v20250717223434.min.js.br
- clerk-js/5.74.1-canary.v20250717223434/coinbase-wallet-sdk_clerk.legacy.browser_c77d88_5.74.1-canary.v20250717223434.min.js.gz
- clerk-js/5.74.1-canary.v20250717223434/coinbase-wallet-sdk_clerk.legacy.browser_c77d88_5.74.1-canary.v20250717223434.min.js.sri
- clerk-js/5.74.1-canary.v20250717223434/cookieSuffix_clerk.browser_62bac2_5.74.1-canary.v20250717223434.js.br
- clerk-js/5.74.1-canary.v20250717223434/cookieSuffix_clerk.browser_62bac2_5.74.1-canary.v20250717223434.js.gz
- clerk-js/5.74.1-canary.v20250717223434/cookieSuffix_clerk.browser_62bac2_5.74.1-canary.v20250717223434.js.sri
- clerk-js/5.74.1-canary.v20250717223434/cookieSuffix_clerk.browser_62bac2_5.74.1-canary.v20250717223434.min.js.br
- clerk-js/5.74.1-canary.v20250717223434/cookieSuffix_clerk.browser_62bac2_5.74.1-canary.v20250717223434.min.js.gz
- clerk-js/5.74.1-canary.v20250717223434/cookieSuffix_clerk.browser_62bac2_5.74.1-canary.v20250717223434.min.js.sri
- clerk-js/5.74.1-canary.v20250717223434/cookieSuffix_clerk.chips.browser_4d9e8f_5.74.1-canary.v20250717223434.js.br
- clerk-js/5.74.1-canary.v20250717223434/cookieSuffix_clerk.chips.browser_4d9e8f_5.74.1-canary.v20250717223434.js.gz
- clerk-js/5.74.1-canary.v20250717223434/cookieSuffix_clerk.chips.browser_4d9e8f_5.74.1-canary.v20250717223434.js.sri
- clerk-js/5.74.1-canary.v20250717223434/cookieSuffix_clerk.chips.browser_4d9e8f_5.74.1-canary.v20250717223434.min.js.br
- clerk-js/5.74.1-canary.v20250717223434/cookieSuffix_clerk.chips.browser_4d9e8f_5.74.1-canary.v20250717223434.min.js.gz
- clerk-js/5.74.1-canary.v20250717223434/cookieSuffix_clerk.chips.browser_4d9e8f_5.74.1-canary.v20250717223434.min.js.sri
- clerk-js/5.74.1-canary.v20250717223434/cookieSuffix_clerk.headless.browser_ae7f2b_5.74.1-canary.v20250717223434.js.br
- clerk-js/5.74.1-canary.v20250717223434/cookieSuffix_clerk.headless.browser_ae7f2b_5.74.1-canary.v20250717223434.js.gz
- clerk-js/5.74.1-canary.v20250717223434/cookieSuffix_clerk.headless.browser_ae7f2b_5.74.1-canary.v20250717223434.js.sri
- clerk-js/5.74.1-canary.v20250717223434/cookieSuffix_clerk.headless.browser_ae7f2b_5.74.1-canary.v20250717223434.min.js.br
- clerk-js/5.74.1-canary.v20250717223434/cookieSuffix_clerk.headless.browser_ae7f2b_5.74.1-canary.v20250717223434.min.js.gz
- clerk-js/5.74.1-canary.v20250717223434/cookieSuffix_clerk.headless.browser_ae7f2b_5.74.1-canary.v20250717223434.min.js.sri
- clerk-js/5.74.1-canary.v20250717223434/cookieSuffix_clerk.headless_af875c_5.74.1-canary.v20250717223434.js.br
- clerk-js/5.74.1-canary.v20250717223434/cookieSuffix_clerk.headless_af875c_5.74.1-canary.v20250717223434.js.gz
- clerk-js/5.74.1-canary.v20250717223434/cookieSuffix_clerk.headless_af875c_5.74.1-canary.v20250717223434.js.sri
- clerk-js/5.74.1-canary.v20250717223434/cookieSuffix_clerk.headless_af875c_5.74.1-canary.v20250717223434.min.js.br
- clerk-js/5.74.1-canary.v20250717223434/cookieSuffix_clerk.headless_af875c_5.74.1-canary.v20250717223434.min.js.gz
- clerk-js/5.74.1-canary.v20250717223434/cookieSuffix_clerk.headless_af875c_5.74.1-canary.v20250717223434.min.js.sri
- clerk-js/5.74.1-canary.v20250717223434/cookieSuffix_clerk.legacy.browser_c77d88_5.74.1-canary.v20250717223434.js.br
- clerk-js/5.74.1-canary.v20250717223434/cookieSuffix_clerk.legacy.browser_c77d88_5.74.1-canary.v20250717223434.js.gz
- clerk-js/5.74.1-canary.v20250717223434/cookieSuffix_clerk.legacy.browser_c77d88_5.74.1-canary.v20250717223434.js.sri
- clerk-js/5.74.1-canary.v20250717223434/cookieSuffix_clerk.legacy.browser_c77d88_5.74.1-canary.v20250717223434.min.js.br
- clerk-js/5.74.1-canary.v20250717223434/cookieSuffix_clerk.legacy.browser_c77d88_5.74.1-canary.v20250717223434.min.js.gz
- clerk-js/5.74.1-canary.v20250717223434/cookieSuffix_clerk.legacy.browser_c77d88_5.74.1-canary.v20250717223434.min.js.sri
- clerk-js/5.74.1-canary.v20250717223434/createorganization_clerk.browser_62bac2_5.74.1-canary.v20250717223434.js.br
- clerk-js/5.74.1-canary.v20250717223434/createorganization_clerk.browser_62bac2_5.74.1-canary.v20250717223434.js.gz
- clerk-js/5.74.1-canary.v20250717223434/createorganization_clerk.browser_62bac2_5.74.1-canary.v20250717223434.js.sri
- clerk-js/5.74.1-canary.v20250717223434/createorganization_clerk.browser_62bac2_5.74.1-canary.v20250717223434.min.js.br
- clerk-js/5.74.1-canary.v20250717223434/createorganization_clerk.browser_62bac2_5.74.1-canary.v20250717223434.min.js.gz
- clerk-js/5.74.1-canary.v20250717223434/createorganization_clerk.browser_62bac2_5.74.1-canary.v20250717223434.min.js.sri
- clerk-js/5.74.1-canary.v20250717223434/createorganization_clerk.chips.browser_4d9e8f_5.74.1-canary.v20250717223434.js.br
- clerk-js/5.74.1-canary.v20250717223434/createorganization_clerk.chips.browser_4d9e8f_5.74.1-canary.v20250717223434.js.gz
- clerk-js/5.74.1-canary.v20250717223434/createorganization_clerk.chips.browser_4d9e8f_5.74.1-canary.v20250717223434.js.sri
- clerk-js/5.74.1-canary.v20250717223434/createorganization_clerk.chips.browser_4d9e8f_5.74.1-canary.v20250717223434.min.js.br
- clerk-js/5.74.1-canary.v20250717223434/createorganization_clerk.chips.browser_4d9e8f_5.74.1-canary.v20250717223434.min.js.gz
- clerk-js/5.74.1-canary.v20250717223434/createorganization_clerk.chips.browser_4d9e8f_5.74.1-canary.v20250717223434.min.js.sri
- clerk-js/5.74.1-canary.v20250717223434/createorganization_clerk.legacy.browser_c77d88_5.74.1-canary.v20250717223434.js.br
- clerk-js/5.74.1-canary.v20250717223434/createorganization_clerk.legacy.browser_c77d88_5.74.1-canary.v20250717223434.js.gz
- clerk-js/5.74.1-canary.v20250717223434/createorganization_clerk.legacy.browser_c77d88_5.74.1-canary.v20250717223434.js.sri
- clerk-js/5.74.1-canary.v20250717223434/createorganization_clerk.legacy.browser_c77d88_5.74.1-canary.v20250717223434.min.js.br
- clerk-js/5.74.1-canary.v20250717223434/createorganization_clerk.legacy.browser_c77d88_5.74.1-canary.v20250717223434.min.js.gz
- clerk-js/5.74.1-canary.v20250717223434/createorganization_clerk.legacy.browser_c77d88_5.74.1-canary.v20250717223434.min.js.sri
- clerk-js/5.74.1-canary.v20250717223434/framework_clerk.browser_62bac2_5.74.1-canary.v20250717223434.js.br
- clerk-js/5.74.1-canary.v20250717223434/framework_clerk.browser_62bac2_5.74.1-canary.v20250717223434.js.gz
- clerk-js/5.74.1-canary.v20250717223434/framework_clerk.browser_62bac2_5.74.1-canary.v20250717223434.js.sri
- clerk-js/5.74.1-canary.v20250717223434/framework_clerk.browser_62bac2_5.74.1-canary.v20250717223434.min.js.br
- clerk-js/5.74.1-canary.v20250717223434/framework_clerk.browser_62bac2_5.74.1-canary.v20250717223434.min.js.gz
- clerk-js/5.74.1-canary.v20250717223434/framework_clerk.browser_62bac2_5.74.1-canary.v20250717223434.min.js.sri
- clerk-js/5.74.1-canary.v20250717223434/framework_clerk.chips.browser_4d9e8f_5.74.1-canary.v20250717223434.js.br
- clerk-js/5.74.1-canary.v20250717223434/framework_clerk.chips.browser_4d9e8f_5.74.1-canary.v20250717223434.js.gz
- clerk-js/5.74.1-canary.v20250717223434/framework_clerk.chips.browser_4d9e8f_5.74.1-canary.v20250717223434.js.sri
- clerk-js/5.74.1-canary.v20250717223434/framework_clerk.chips.browser_4d9e8f_5.74.1-canary.v20250717223434.min.js.br
- clerk-js/5.74.1-canary.v20250717223434/framework_clerk.chips.browser_4d9e8f_5.74.1-canary.v20250717223434.min.js.gz
- clerk-js/5.74.1-canary.v20250717223434/framework_clerk.chips.browser_4d9e8f_5.74.1-canary.v20250717223434.min.js.sri
- clerk-js/5.74.1-canary.v20250717223434/framework_clerk.legacy.browser_c77d88_5.74.1-canary.v20250717223434.js.br
- clerk-js/5.74.1-canary.v20250717223434/framework_clerk.legacy.browser_c77d88_5.74.1-canary.v20250717223434.js.gz
- clerk-js/5.74.1-canary.v20250717223434/framework_clerk.legacy.browser_c77d88_5.74.1-canary.v20250717223434.js.sri
- clerk-js/5.74.1-canary.v20250717223434/framework_clerk.legacy.browser_c77d88_5.74.1-canary.v20250717223434.min.js.br
- clerk-js/5.74.1-canary.v20250717223434/framework_clerk.legacy.browser_c77d88_5.74.1-canary.v20250717223434.min.js.gz
- clerk-js/5.74.1-canary.v20250717223434/framework_clerk.legacy.browser_c77d88_5.74.1-canary.v20250717223434.min.js.sri
- clerk-js/5.74.1-canary.v20250717223434/impersonationfab_clerk.browser_62bac2_5.74.1-canary.v20250717223434.js.br
- clerk-js/5.74.1-canary.v20250717223434/impersonationfab_clerk.browser_62bac2_5.74.1-canary.v20250717223434.js.gz
- clerk-js/5.74.1-canary.v20250717223434/impersonationfab_clerk.browser_62bac2_5.74.1-canary.v20250717223434.js.sri
- clerk-js/5.74.1-canary.v20250717223434/impersonationfab_clerk.browser_62bac2_5.74.1-canary.v20250717223434.min.js.br
- clerk-js/5.74.1-canary.v20250717223434/impersonationfab_clerk.browser_62bac2_5.74.1-canary.v20250717223434.min.js.gz
- clerk-js/5.74.1-canary.v20250717223434/impersonationfab_clerk.browser_62bac2_5.74.1-canary.v20250717223434.min.js.sri
- clerk-js/5.74.1-canary.v20250717223434/impersonationfab_clerk.chips.browser_4d9e8f_5.74.1-canary.v20250717223434.js.br
- clerk-js/5.74.1-canary.v20250717223434/impersonationfab_clerk.chips.browser_4d9e8f_5.74.1-canary.v20250717223434.js.gz
- clerk-js/5.74.1-canary.v20250717223434/impersonationfab_clerk.chips.browser_4d9e8f_5.74.1-canary.v20250717223434.js.sri
- clerk-js/5.74.1-canary.v20250717223434/impersonationfab_clerk.chips.browser_4d9e8f_5.74.1-canary.v20250717223434.min.js.br
- clerk-js/5.74.1-canary.v20250717223434/impersonationfab_clerk.chips.browser_4d9e8f_5.74.1-canary.v20250717223434.min.js.gz
- clerk-js/5.74.1-canary.v20250717223434/impersonationfab_clerk.chips.browser_4d9e8f_5.74.1-canary.v20250717223434.min.js.sri
- clerk-js/5.74.1-canary.v20250717223434/impersonationfab_clerk.legacy.browser_c77d88_5.74.1-canary.v20250717223434.js.br
- clerk-js/5.74.1-canary.v20250717223434/impersonationfab_clerk.legacy.browser_c77d88_5.74.1-canary.v20250717223434.js.gz
- clerk-js/5.74.1-canary.v20250717223434/impersonationfab_clerk.legacy.browser_c77d88_5.74.1-canary.v20250717223434.js.sri
- clerk-js/5.74.1-canary.v20250717223434/impersonationfab_clerk.legacy.browser_c77d88_5.74.1-canary.v20250717223434.min.js.br
- clerk-js/5.74.1-canary.v20250717223434/impersonationfab_clerk.legacy.browser_c77d88_5.74.1-canary.v20250717223434.min.js.gz
- clerk-js/5.74.1-canary.v20250717223434/impersonationfab_clerk.legacy.browser_c77d88_5.74.1-canary.v20250717223434.min.js.sri
- clerk-js/5.74.1-canary.v20250717223434/keylessPrompt_clerk.browser_62bac2_5.74.1-canary.v20250717223434.js.br
- clerk-js/5.74.1-canary.v20250717223434/keylessPrompt_clerk.browser_62bac2_5.74.1-canary.v20250717223434.js.gz
- clerk-js/5.74.1-canary.v20250717223434/keylessPrompt_clerk.browser_62bac2_5.74.1-canary.v20250717223434.js.sri
- clerk-js/5.74.1-canary.v20250717223434/keylessPrompt_clerk.browser_62bac2_5.74.1-canary.v20250717223434.min.js.br
- clerk-js/5.74.1-canary.v20250717223434/keylessPrompt_clerk.browser_62bac2_5.74.1-canary.v20250717223434.min.js.gz
- clerk-js/5.74.1-canary.v20250717223434/keylessPrompt_clerk.browser_62bac2_5.74.1-canary.v20250717223434.min.js.sri
- clerk-js/5.74.1-canary.v20250717223434/keylessPrompt_clerk.chips.browser_4d9e8f_5.74.1-canary.v20250717223434.js.br
- clerk-js/5.74.1-canary.v20250717223434/keylessPrompt_clerk.chips.browser_4d9e8f_5.74.1-canary.v20250717223434.js.gz
- clerk-js/5.74.1-canary.v20250717223434/keylessPrompt_clerk.chips.browser_4d9e8f_5.74.1-canary.v20250717223434.js.sri
- clerk-js/5.74.1-canary.v20250717223434/keylessPrompt_clerk.chips.browser_4d9e8f_5.74.1-canary.v20250717223434.min.js.br
- clerk-js/5.74.1-canary.v20250717223434/keylessPrompt_clerk.chips.browser_4d9e8f_5.74.1-canary.v20250717223434.min.js.gz
- clerk-js/5.74.1-canary.v20250717223434/keylessPrompt_clerk.chips.browser_4d9e8f_5.74.1-canary.v20250717223434.min.js.sri
- clerk-js/5.74.1-canary.v20250717223434/keylessPrompt_clerk.legacy.browser_c77d88_5.74.1-canary.v20250717223434.js.br
- clerk-js/5.74.1-canary.v20250717223434/keylessPrompt_clerk.legacy.browser_c77d88_5.74.1-canary.v20250717223434.js.gz
- clerk-js/5.74.1-canary.v20250717223434/keylessPrompt_clerk.legacy.browser_c77d88_5.74.1-canary.v20250717223434.js.sri
- clerk-js/5.74.1-canary.v20250717223434/keylessPrompt_clerk.legacy.browser_c77d88_5.74.1-canary.v20250717223434.min.js.br
- clerk-js/5.74.1-canary.v20250717223434/keylessPrompt_clerk.legacy.browser_c77d88_5.74.1-canary.v20250717223434.min.js.gz
- clerk-js/5.74.1-canary.v20250717223434/keylessPrompt_clerk.legacy.browser_c77d88_5.74.1-canary.v20250717223434.min.js.sri
- clerk-js/5.74.1-canary.v20250717223434/oauthConsent_clerk.browser_62bac2_5.74.1-canary.v20250717223434.js.br
- clerk-js/5.74.1-canary.v20250717223434/oauthConsent_clerk.browser_62bac2_5.74.1-canary.v20250717223434.js.gz
- clerk-js/5.74.1-canary.v20250717223434/oauthConsent_clerk.browser_62bac2_5.74.1-canary.v20250717223434.js.sri
- clerk-js/5.74.1-canary.v20250717223434/oauthConsent_clerk.browser_62bac2_5.74.1-canary.v20250717223434.min.js.br
- clerk-js/5.74.1-canary.v20250717223434/oauthConsent_clerk.browser_62bac2_5.74.1-canary.v20250717223434.min.js.gz
- clerk-js/5.74.1-canary.v20250717223434/oauthConsent_clerk.browser_62bac2_5.74.1-canary.v20250717223434.min.js.sri
- clerk-js/5.74.1-canary.v20250717223434/oauthConsent_clerk.chips.browser_4d9e8f_5.74.1-canary.v20250717223434.js.br
- clerk-js/5.74.1-canary.v20250717223434/oauthConsent_clerk.chips.browser_4d9e8f_5.74.1-canary.v20250717223434.js.gz
- clerk-js/5.74.1-canary.v20250717223434/oauthConsent_clerk.chips.browser_4d9e8f_5.74.1-canary.v20250717223434.js.sri
- clerk-js/5.74.1-canary.v20250717223434/oauthConsent_clerk.chips.browser_4d9e8f_5.74.1-canary.v20250717223434.min.js.br
- clerk-js/5.74.1-canary.v20250717223434/oauthConsent_clerk.chips.browser_4d9e8f_5.74.1-canary.v20250717223434.min.js.gz
- clerk-js/5.74.1-canary.v20250717223434/oauthConsent_clerk.chips.browser_4d9e8f_5.74.1-canary.v20250717223434.min.js.sri
- clerk-js/5.74.1-canary.v20250717223434/oauthConsent_clerk.legacy.browser_c77d88_5.74.1-canary.v20250717223434.js.br
- clerk-js/5.74.1-canary.v20250717223434/oauthConsent_clerk.legacy.browser_c77d88_5.74.1-canary.v20250717223434.js.gz
- clerk-js/5.74.1-canary.v20250717223434/oauthConsent_clerk.legacy.browser_c77d88_5.74.1-canary.v20250717223434.js.sri
- clerk-js/5.74.1-canary.v20250717223434/oauthConsent_clerk.legacy.browser_c77d88_5.74.1-canary.v20250717223434.min.js.br
- clerk-js/5.74.1-canary.v20250717223434/oauthConsent_clerk.legacy.browser_c77d88_5.74.1-canary.v20250717223434.min.js.gz
- clerk-js/5.74.1-canary.v20250717223434/oauthConsent_clerk.legacy.browser_c77d88_5.74.1-canary.v20250717223434.min.js.sri
- clerk-js/5.74.1-canary.v20250717223434/onetap_clerk.browser_62bac2_5.74.1-canary.v20250717223434.js.br
- clerk-js/5.74.1-canary.v20250717223434/onetap_clerk.browser_62bac2_5.74.1-canary.v20250717223434.js.gz
- clerk-js/5.74.1-canary.v20250717223434/onetap_clerk.browser_62bac2_5.74.1-canary.v20250717223434.js.sri
- clerk-js/5.74.1-canary.v20250717223434/onetap_clerk.browser_62bac2_5.74.1-canary.v20250717223434.min.js.br
- clerk-js/5.74.1-canary.v20250717223434/onetap_clerk.browser_62bac2_5.74.1-canary.v20250717223434.min.js.gz
- clerk-js/5.74.1-canary.v20250717223434/onetap_clerk.browser_62bac2_5.74.1-canary.v20250717223434.min.js.sri
- clerk-js/5.74.1-canary.v20250717223434/onetap_clerk.chips.browser_4d9e8f_5.74.1-canary.v20250717223434.js.br
- clerk-js/5.74.1-canary.v20250717223434/onetap_clerk.chips.browser_4d9e8f_5.74.1-canary.v20250717223434.js.gz
- clerk-js/5.74.1-canary.v20250717223434/onetap_clerk.chips.browser_4d9e8f_5.74.1-canary.v20250717223434.js.sri
- clerk-js/5.74.1-canary.v20250717223434/onetap_clerk.chips.browser_4d9e8f_5.74.1-canary.v20250717223434.min.js.br
- clerk-js/5.74.1-canary.v20250717223434/onetap_clerk.chips.browser_4d9e8f_5.74.1-canary.v20250717223434.min.js.gz
- clerk-js/5.74.1-canary.v20250717223434/onetap_clerk.chips.browser_4d9e8f_5.74.1-canary.v20250717223434.min.js.sri
- clerk-js/5.74.1-canary.v20250717223434/onetap_clerk.legacy.browser_c77d88_5.74.1-canary.v20250717223434.js.br
- clerk-js/5.74.1-canary.v20250717223434/onetap_clerk.legacy.browser_c77d88_5.74.1-canary.v20250717223434.js.gz
- clerk-js/5.74.1-canary.v20250717223434/onetap_clerk.legacy.browser_c77d88_5.74.1-canary.v20250717223434.js.sri
- clerk-js/5.74.1-canary.v20250717223434/onetap_clerk.legacy.browser_c77d88_5.74.1-canary.v20250717223434.min.js.br
- clerk-js/5.74.1-canary.v20250717223434/onetap_clerk.legacy.browser_c77d88_5.74.1-canary.v20250717223434.min.js.gz
- clerk-js/5.74.1-canary.v20250717223434/onetap_clerk.legacy.browser_c77d88_5.74.1-canary.v20250717223434.min.js.sri
- clerk-js/5.74.1-canary.v20250717223434/op-api-keys-page_clerk.browser_62bac2_5.74.1-canary.v20250717223434.js.br
- clerk-js/5.74.1-canary.v20250717223434/op-api-keys-page_clerk.browser_62bac2_5.74.1-canary.v20250717223434.js.gz
- clerk-js/5.74.1-canary.v20250717223434/op-api-keys-page_clerk.browser_62bac2_5.74.1-canary.v20250717223434.js.sri
- clerk-js/5.74.1-canary.v20250717223434/op-api-keys-page_clerk.browser_62bac2_5.74.1-canary.v20250717223434.min.js.br
- clerk-js/5.74.1-canary.v20250717223434/op-api-keys-page_clerk.browser_62bac2_5.74.1-canary.v20250717223434.min.js.gz
- clerk-js/5.74.1-canary.v20250717223434/op-api-keys-page_clerk.browser_62bac2_5.74.1-canary.v20250717223434.min.js.sri
- clerk-js/5.74.1-canary.v20250717223434/op-api-keys-page_clerk.chips.browser_4d9e8f_5.74.1-canary.v20250717223434.js.br
- clerk-js/5.74.1-canary.v20250717223434/op-api-keys-page_clerk.chips.browser_4d9e8f_5.74.1-canary.v20250717223434.js.gz
- clerk-js/5.74.1-canary.v20250717223434/op-api-keys-page_clerk.chips.browser_4d9e8f_5.74.1-canary.v20250717223434.js.sri
- clerk-js/5.74.1-canary.v20250717223434/op-api-keys-page_clerk.chips.browser_4d9e8f_5.74.1-canary.v20250717223434.min.js.br
- clerk-js/5.74.1-canary.v20250717223434/op-api-keys-page_clerk.chips.browser_4d9e8f_5.74.1-canary.v20250717223434.min.js.gz
- clerk-js/5.74.1-canary.v20250717223434/op-api-keys-page_clerk.chips.browser_4d9e8f_5.74.1-canary.v20250717223434.min.js.sri
- clerk-js/5.74.1-canary.v20250717223434/op-api-keys-page_clerk.legacy.browser_c77d88_5.74.1-canary.v20250717223434.js.br
- clerk-js/5.74.1-canary.v20250717223434/op-api-keys-page_clerk.legacy.browser_c77d88_5.74.1-canary.v20250717223434.js.gz
- clerk-js/5.74.1-canary.v20250717223434/op-api-keys-page_clerk.legacy.browser_c77d88_5.74.1-canary.v20250717223434.js.sri
- clerk-js/5.74.1-canary.v20250717223434/op-api-keys-page_clerk.legacy.browser_c77d88_5.74.1-canary.v20250717223434.min.js.br
- clerk-js/5.74.1-canary.v20250717223434/op-api-keys-page_clerk.legacy.browser_c77d88_5.74.1-canary.v20250717223434.min.js.gz
- clerk-js/5.74.1-canary.v20250717223434/op-api-keys-page_clerk.legacy.browser_c77d88_5.74.1-canary.v20250717223434.min.js.sri
- clerk-js/5.74.1-canary.v20250717223434/op-billing-page_clerk.browser_62bac2_5.74.1-canary.v20250717223434.js.br
- clerk-js/5.74.1-canary.v20250717223434/op-billing-page_clerk.browser_62bac2_5.74.1-canary.v20250717223434.js.gz
- clerk-js/5.74.1-canary.v20250717223434/op-billing-page_clerk.browser_62bac2_5.74.1-canary.v20250717223434.js.sri
- clerk-js/5.74.1-canary.v20250717223434/op-billing-page_clerk.browser_62bac2_5.74.1-canary.v20250717223434.min.js.br
- clerk-js/5.74.1-canary.v20250717223434/op-billing-page_clerk.browser_62bac2_5.74.1-canary.v20250717223434.min.js.gz
- clerk-js/5.74.1-canary.v20250717223434/op-billing-page_clerk.browser_62bac2_5.74.1-canary.v20250717223434.min.js.sri
- clerk-js/5.74.1-canary.v20250717223434/op-billing-page_clerk.chips.browser_4d9e8f_5.74.1-canary.v20250717223434.js.br
- clerk-js/5.74.1-canary.v20250717223434/op-billing-page_clerk.chips.browser_4d9e8f_5.74.1-canary.v20250717223434.js.gz
- clerk-js/5.74.1-canary.v20250717223434/op-billing-page_clerk.chips.browser_4d9e8f_5.74.1-canary.v20250717223434.js.sri
- clerk-js/5.74.1-canary.v20250717223434/op-billing-page_clerk.chips.browser_4d9e8f_5.74.1-canary.v20250717223434.min.js.br
- clerk-js/5.74.1-canary.v20250717223434/op-billing-page_clerk.chips.browser_4d9e8f_5.74.1-canary.v20250717223434.min.js.gz
- clerk-js/5.74.1-canary.v20250717223434/op-billing-page_clerk.chips.browser_4d9e8f_5.74.1-canary.v20250717223434.min.js.sri
- clerk-js/5.74.1-canary.v20250717223434/op-billing-page_clerk.legacy.browser_c77d88_5.74.1-canary.v20250717223434.js.br
- clerk-js/5.74.1-canary.v20250717223434/op-billing-page_clerk.legacy.browser_c77d88_5.74.1-canary.v20250717223434.js.gz
- clerk-js/5.74.1-canary.v20250717223434/op-billing-page_clerk.legacy.browser_c77d88_5.74.1-canary.v20250717223434.js.sri
- clerk-js/5.74.1-canary.v20250717223434/op-billing-page_clerk.legacy.browser_c77d88_5.74.1-canary.v20250717223434.min.js.br
- clerk-js/5.74.1-canary.v20250717223434/op-billing-page_clerk.legacy.browser_c77d88_5.74.1-canary.v20250717223434.min.js.gz
- clerk-js/5.74.1-canary.v20250717223434/op-billing-page_clerk.legacy.browser_c77d88_5.74.1-canary.v20250717223434.min.js.sri
- clerk-js/5.74.1-canary.v20250717223434/op-plans-page_clerk.browser_62bac2_5.74.1-canary.v20250717223434.js.br
- clerk-js/5.74.1-canary.v20250717223434/op-plans-page_clerk.browser_62bac2_5.74.1-canary.v20250717223434.js.gz
- clerk-js/5.74.1-canary.v20250717223434/op-plans-page_clerk.browser_62bac2_5.74.1-canary.v20250717223434.js.sri
- clerk-js/5.74.1-canary.v20250717223434/op-plans-page_clerk.browser_62bac2_5.74.1-canary.v20250717223434.min.js.br
- clerk-js/5.74.1-canary.v20250717223434/op-plans-page_clerk.browser_62bac2_5.74.1-canary.v20250717223434.min.js.gz
- clerk-js/5.74.1-canary.v20250717223434/op-plans-page_clerk.browser_62bac2_5.74.1-canary.v20250717223434.min.js.sri
- clerk-js/5.74.1-canary.v20250717223434/op-plans-page_clerk.chips.browser_4d9e8f_5.74.1-canary.v20250717223434.js.br
- clerk-js/5.74.1-canary.v20250717223434/op-plans-page_clerk.chips.browser_4d9e8f_5.74.1-canary.v20250717223434.js.gz
- clerk-js/5.74.1-canary.v20250717223434/op-plans-page_clerk.chips.browser_4d9e8f_5.74.1-canary.v20250717223434.js.sri
- clerk-js/5.74.1-canary.v20250717223434/op-plans-page_clerk.chips.browser_4d9e8f_5.74.1-canary.v20250717223434.min.js.br
- clerk-js/5.74.1-canary.v20250717223434/op-plans-page_clerk.chips.browser_4d9e8f_5.74.1-canary.v20250717223434.min.js.gz
- clerk-js/5.74.1-canary.v20250717223434/op-plans-page_clerk.chips.browser_4d9e8f_5.74.1-canary.v20250717223434.min.js.sri
- clerk-js/5.74.1-canary.v20250717223434/op-plans-page_clerk.legacy.browser_c77d88_5.74.1-canary.v20250717223434.js.br
- clerk-js/5.74.1-canary.v20250717223434/op-plans-page_clerk.legacy.browser_c77d88_5.74.1-canary.v20250717223434.js.gz
- clerk-js/5.74.1-canary.v20250717223434/op-plans-page_clerk.legacy.browser_c77d88_5.74.1-canary.v20250717223434.js.sri
- clerk-js/5.74.1-canary.v20250717223434/op-plans-page_clerk.legacy.browser_c77d88_5.74.1-canary.v20250717223434.min.js.br
- clerk-js/5.74.1-canary.v20250717223434/op-plans-page_clerk.legacy.browser_c77d88_5.74.1-canary.v20250717223434.min.js.gz
- clerk-js/5.74.1-canary.v20250717223434/op-plans-page_clerk.legacy.browser_c77d88_5.74.1-canary.v20250717223434.min.js.sri
- clerk-js/5.74.1-canary.v20250717223434/organizationlist_clerk.browser_62bac2_5.74.1-canary.v20250717223434.js.br
- clerk-js/5.74.1-canary.v20250717223434/organizationlist_clerk.browser_62bac2_5.74.1-canary.v20250717223434.js.gz
- clerk-js/5.74.1-canary.v20250717223434/organizationlist_clerk.browser_62bac2_5.74.1-canary.v20250717223434.js.sri
- clerk-js/5.74.1-canary.v20250717223434/organizationlist_clerk.browser_62bac2_5.74.1-canary.v20250717223434.min.js.br
- clerk-js/5.74.1-canary.v20250717223434/organizationlist_clerk.browser_62bac2_5.74.1-canary.v20250717223434.min.js.gz
- clerk-js/5.74.1-canary.v20250717223434/organizationlist_clerk.browser_62bac2_5.74.1-canary.v20250717223434.min.js.sri
- clerk-js/5.74.1-canary.v20250717223434/organizationlist_clerk.chips.browser_4d9e8f_5.74.1-canary.v20250717223434.js.br
- clerk-js/5.74.1-canary.v20250717223434/organizationlist_clerk.chips.browser_4d9e8f_5.74.1-canary.v20250717223434.js.gz
- clerk-js/5.74.1-canary.v20250717223434/organizationlist_clerk.chips.browser_4d9e8f_5.74.1-canary.v20250717223434.js.sri
- clerk-js/5.74.1-canary.v20250717223434/organizationlist_clerk.chips.browser_4d9e8f_5.74.1-canary.v20250717223434.min.js.br
- clerk-js/5.74.1-canary.v20250717223434/organizationlist_clerk.chips.browser_4d9e8f_5.74.1-canary.v20250717223434.min.js.gz
- clerk-js/5.74.1-canary.v20250717223434/organizationlist_clerk.chips.browser_4d9e8f_5.74.1-canary.v20250717223434.min.js.sri
- clerk-js/5.74.1-canary.v20250717223434/organizationlist_clerk.legacy.browser_c77d88_5.74.1-canary.v20250717223434.js.br
- clerk-js/5.74.1-canary.v20250717223434/organizationlist_clerk.legacy.browser_c77d88_5.74.1-canary.v20250717223434.js.gz
- clerk-js/5.74.1-canary.v20250717223434/organizationlist_clerk.legacy.browser_c77d88_5.74.1-canary.v20250717223434.js.sri
- clerk-js/5.74.1-canary.v20250717223434/organizationlist_clerk.legacy.browser_c77d88_5.74.1-canary.v20250717223434.min.js.br
- clerk-js/5.74.1-canary.v20250717223434/organizationlist_clerk.legacy.browser_c77d88_5.74.1-canary.v20250717223434.min.js.gz
- clerk-js/5.74.1-canary.v20250717223434/organizationlist_clerk.legacy.browser_c77d88_5.74.1-canary.v20250717223434.min.js.sri
- clerk-js/5.74.1-canary.v20250717223434/organizationprofile_clerk.browser_62bac2_5.74.1-canary.v20250717223434.js.br
- clerk-js/5.74.1-canary.v20250717223434/organizationprofile_clerk.browser_62bac2_5.74.1-canary.v20250717223434.js.gz
- clerk-js/5.74.1-canary.v20250717223434/organizationprofile_clerk.browser_62bac2_5.74.1-canary.v20250717223434.js.sri
- clerk-js/5.74.1-canary.v20250717223434/organizationprofile_clerk.browser_62bac2_5.74.1-canary.v20250717223434.min.js.br
- clerk-js/5.74.1-canary.v20250717223434/organizationprofile_clerk.browser_62bac2_5.74.1-canary.v20250717223434.min.js.gz
- clerk-js/5.74.1-canary.v20250717223434/organizationprofile_clerk.browser_62bac2_5.74.1-canary.v20250717223434.min.js.sri
- clerk-js/5.74.1-canary.v20250717223434/organizationprofile_clerk.chips.browser_4d9e8f_5.74.1-canary.v20250717223434.js.br
- clerk-js/5.74.1-canary.v20250717223434/organizationprofile_clerk.chips.browser_4d9e8f_5.74.1-canary.v20250717223434.js.gz
- clerk-js/5.74.1-canary.v20250717223434/organizationprofile_clerk.chips.browser_4d9e8f_5.74.1-canary.v20250717223434.js.sri
- clerk-js/5.74.1-canary.v20250717223434/organizationprofile_clerk.chips.browser_4d9e8f_5.74.1-canary.v20250717223434.min.js.br
- clerk-js/5.74.1-canary.v20250717223434/organizationprofile_clerk.chips.browser_4d9e8f_5.74.1-canary.v20250717223434.min.js.gz
- clerk-js/5.74.1-canary.v20250717223434/organizationprofile_clerk.chips.browser_4d9e8f_5.74.1-canary.v20250717223434.min.js.sri
- clerk-js/5.74.1-canary.v20250717223434/organizationprofile_clerk.legacy.browser_c77d88_5.74.1-canary.v20250717223434.js.br
- clerk-js/5.74.1-canary.v20250717223434/organizationprofile_clerk.legacy.browser_c77d88_5.74.1-canary.v20250717223434.js.gz
- clerk-js/5.74.1-canary.v20250717223434/organizationprofile_clerk.legacy.browser_c77d88_5.74.1-canary.v20250717223434.js.sri
- clerk-js/5.74.1-canary.v20250717223434/organizationprofile_clerk.legacy.browser_c77d88_5.74.1-canary.v20250717223434.min.js.br
- clerk-js/5.74.1-canary.v20250717223434/organizationprofile_clerk.legacy.browser_c77d88_5.74.1-canary.v20250717223434.min.js.gz
- clerk-js/5.74.1-canary.v20250717223434/organizationprofile_clerk.legacy.browser_c77d88_5.74.1-canary.v20250717223434.min.js.sri
- clerk-js/5.74.1-canary.v20250717223434/organizationswitcher_clerk.browser_62bac2_5.74.1-canary.v20250717223434.js.br
- clerk-js/5.74.1-canary.v20250717223434/organizationswitcher_clerk.browser_62bac2_5.74.1-canary.v20250717223434.js.gz
- clerk-js/5.74.1-canary.v20250717223434/organizationswitcher_clerk.browser_62bac2_5.74.1-canary.v20250717223434.js.sri
- clerk-js/5.74.1-canary.v20250717223434/organizationswitcher_clerk.browser_62bac2_5.74.1-canary.v20250717223434.min.js.br
- clerk-js/5.74.1-canary.v20250717223434/organizationswitcher_clerk.browser_62bac2_5.74.1-canary.v20250717223434.min.js.gz
- clerk-js/5.74.1-canary.v20250717223434/organizationswitcher_clerk.browser_62bac2_5.74.1-canary.v20250717223434.min.js.sri
- clerk-js/5.74.1-canary.v20250717223434/organizationswitcher_clerk.chips.browser_4d9e8f_5.74.1-canary.v20250717223434.js.br
- clerk-js/5.74.1-canary.v20250717223434/organizationswitcher_clerk.chips.browser_4d9e8f_5.74.1-canary.v20250717223434.js.gz
- clerk-js/5.74.1-canary.v20250717223434/organizationswitcher_clerk.chips.browser_4d9e8f_5.74.1-canary.v20250717223434.js.sri
- clerk-js/5.74.1-canary.v20250717223434/organizationswitcher_clerk.chips.browser_4d9e8f_5.74.1-canary.v20250717223434.min.js.br
- clerk-js/5.74.1-canary.v20250717223434/organizationswitcher_clerk.chips.browser_4d9e8f_5.74.1-canary.v20250717223434.min.js.gz
- clerk-js/5.74.1-canary.v20250717223434/organizationswitcher_clerk.chips.browser_4d9e8f_5.74.1-canary.v20250717223434.min.js.sri
- clerk-js/5.74.1-canary.v20250717223434/organizationswitcher_clerk.legacy.browser_c77d88_5.74.1-canary.v20250717223434.js.br
- clerk-js/5.74.1-canary.v20250717223434/organizationswitcher_clerk.legacy.browser_c77d88_5.74.1-canary.v20250717223434.js.gz
- clerk-js/5.74.1-canary.v20250717223434/organizationswitcher_clerk.legacy.browser_c77d88_5.74.1-canary.v20250717223434.js.sri
- clerk-js/5.74.1-canary.v20250717223434/organizationswitcher_clerk.legacy.browser_c77d88_5.74.1-canary.v20250717223434.min.js.br
- clerk-js/5.74.1-canary.v20250717223434/organizationswitcher_clerk.legacy.browser_c77d88_5.74.1-canary.v20250717223434.min.js.gz
- clerk-js/5.74.1-canary.v20250717223434/organizationswitcher_clerk.legacy.browser_c77d88_5.74.1-canary.v20250717223434.min.js.sri
- clerk-js/5.74.1-canary.v20250717223434/payment-attempt-page_clerk.browser_62bac2_5.74.1-canary.v20250717223434.js.br
- clerk-js/5.74.1-canary.v20250717223434/payment-attempt-page_clerk.browser_62bac2_5.74.1-canary.v20250717223434.js.gz
- clerk-js/5.74.1-canary.v20250717223434/payment-attempt-page_clerk.browser_62bac2_5.74.1-canary.v20250717223434.js.sri
- clerk-js/5.74.1-canary.v20250717223434/payment-attempt-page_clerk.browser_62bac2_5.74.1-canary.v20250717223434.min.js.br
- clerk-js/5.74.1-canary.v20250717223434/payment-attempt-page_clerk.browser_62bac2_5.74.1-canary.v20250717223434.min.js.gz
- clerk-js/5.74.1-canary.v20250717223434/payment-attempt-page_clerk.browser_62bac2_5.74.1-canary.v20250717223434.min.js.sri
- clerk-js/5.74.1-canary.v20250717223434/payment-attempt-page_clerk.chips.browser_4d9e8f_5.74.1-canary.v20250717223434.js.br
- clerk-js/5.74.1-canary.v20250717223434/payment-attempt-page_clerk.chips.browser_4d9e8f_5.74.1-canary.v20250717223434.js.gz
- clerk-js/5.74.1-canary.v20250717223434/payment-attempt-page_clerk.chips.browser_4d9e8f_5.74.1-canary.v20250717223434.js.sri
- clerk-js/5.74.1-canary.v20250717223434/payment-attempt-page_clerk.chips.browser_4d9e8f_5.74.1-canary.v20250717223434.min.js.br
- clerk-js/5.74.1-canary.v20250717223434/payment-attempt-page_clerk.chips.browser_4d9e8f_5.74.1-canary.v20250717223434.min.js.gz
- clerk-js/5.74.1-canary.v20250717223434/payment-attempt-page_clerk.chips.browser_4d9e8f_5.74.1-canary.v20250717223434.min.js.sri
- clerk-js/5.74.1-canary.v20250717223434/payment-attempt-page_clerk.legacy.browser_c77d88_5.74.1-canary.v20250717223434.js.br
- clerk-js/5.74.1-canary.v20250717223434/payment-attempt-page_clerk.legacy.browser_c77d88_5.74.1-canary.v20250717223434.js.gz
- clerk-js/5.74.1-canary.v20250717223434/payment-attempt-page_clerk.legacy.browser_c77d88_5.74.1-canary.v20250717223434.js.sri
- clerk-js/5.74.1-canary.v20250717223434/payment-attempt-page_clerk.legacy.browser_c77d88_5.74.1-canary.v20250717223434.min.js.br
- clerk-js/5.74.1-canary.v20250717223434/payment-attempt-page_clerk.legacy.browser_c77d88_5.74.1-canary.v20250717223434.min.js.gz
- clerk-js/5.74.1-canary.v20250717223434/payment-attempt-page_clerk.legacy.browser_c77d88_5.74.1-canary.v20250717223434.min.js.sri
- clerk-js/5.74.1-canary.v20250717223434/planDetails_clerk.browser_62bac2_5.74.1-canary.v20250717223434.js.br
- clerk-js/5.74.1-canary.v20250717223434/planDetails_clerk.browser_62bac2_5.74.1-canary.v20250717223434.js.gz
- clerk-js/5.74.1-canary.v20250717223434/planDetails_clerk.browser_62bac2_5.74.1-canary.v20250717223434.js.sri
- clerk-js/5.74.1-canary.v20250717223434/planDetails_clerk.browser_62bac2_5.74.1-canary.v20250717223434.min.js.br
- clerk-js/5.74.1-canary.v20250717223434/planDetails_clerk.browser_62bac2_5.74.1-canary.v20250717223434.min.js.gz
- clerk-js/5.74.1-canary.v20250717223434/planDetails_clerk.browser_62bac2_5.74.1-canary.v20250717223434.min.js.sri
- clerk-js/5.74.1-canary.v20250717223434/planDetails_clerk.chips.browser_4d9e8f_5.74.1-canary.v20250717223434.js.br
- clerk-js/5.74.1-canary.v20250717223434/planDetails_clerk.chips.browser_4d9e8f_5.74.1-canary.v20250717223434.js.gz
- clerk-js/5.74.1-canary.v20250717223434/planDetails_clerk.chips.browser_4d9e8f_5.74.1-canary.v20250717223434.js.sri
- clerk-js/5.74.1-canary.v20250717223434/planDetails_clerk.chips.browser_4d9e8f_5.74.1-canary.v20250717223434.min.js.br
- clerk-js/5.74.1-canary.v20250717223434/planDetails_clerk.chips.browser_4d9e8f_5.74.1-canary.v20250717223434.min.js.gz
- clerk-js/5.74.1-canary.v20250717223434/planDetails_clerk.chips.browser_4d9e8f_5.74.1-canary.v20250717223434.min.js.sri
- clerk-js/5.74.1-canary.v20250717223434/planDetails_clerk.legacy.browser_c77d88_5.74.1-canary.v20250717223434.js.br
- clerk-js/5.74.1-canary.v20250717223434/planDetails_clerk.legacy.browser_c77d88_5.74.1-canary.v20250717223434.js.gz
- clerk-js/5.74.1-canary.v20250717223434/planDetails_clerk.legacy.browser_c77d88_5.74.1-canary.v20250717223434.js.sri
- clerk-js/5.74.1-canary.v20250717223434/planDetails_clerk.legacy.browser_c77d88_5.74.1-canary.v20250717223434.min.js.br
- clerk-js/5.74.1-canary.v20250717223434/planDetails_clerk.legacy.browser_c77d88_5.74.1-canary.v20250717223434.min.js.gz
- clerk-js/5.74.1-canary.v20250717223434/planDetails_clerk.legacy.browser_c77d88_5.74.1-canary.v20250717223434.min.js.sri
- clerk-js/5.74.1-canary.v20250717223434/prefetchorganizationlist_clerk.browser_62bac2_5.74.1-canary.v20250717223434.js.br
- clerk-js/5.74.1-canary.v20250717223434/prefetchorganizationlist_clerk.browser_62bac2_5.74.1-canary.v20250717223434.js.gz
- clerk-js/5.74.1-canary.v20250717223434/prefetchorganizationlist_clerk.browser_62bac2_5.74.1-canary.v20250717223434.js.sri
- clerk-js/5.74.1-canary.v20250717223434/prefetchorganizationlist_clerk.browser_62bac2_5.74.1-canary.v20250717223434.min.js.br
- clerk-js/5.74.1-canary.v20250717223434/prefetchorganizationlist_clerk.browser_62bac2_5.74.1-canary.v20250717223434.min.js.gz
- clerk-js/5.74.1-canary.v20250717223434/prefetchorganizationlist_clerk.browser_62bac2_5.74.1-canary.v20250717223434.min.js.sri
- clerk-js/5.74.1-canary.v20250717223434/prefetchorganizationlist_clerk.chips.browser_4d9e8f_5.74.1-canary.v20250717223434.js.br
- clerk-js/5.74.1-canary.v20250717223434/prefetchorganizationlist_clerk.chips.browser_4d9e8f_5.74.1-canary.v20250717223434.js.gz
- clerk-js/5.74.1-canary.v20250717223434/prefetchorganizationlist_clerk.chips.browser_4d9e8f_5.74.1-canary.v20250717223434.js.sri
- clerk-js/5.74.1-canary.v20250717223434/prefetchorganizationlist_clerk.chips.browser_4d9e8f_5.74.1-canary.v20250717223434.min.js.br
- clerk-js/5.74.1-canary.v20250717223434/prefetchorganizationlist_clerk.chips.browser_4d9e8f_5.74.1-canary.v20250717223434.min.js.gz
- clerk-js/5.74.1-canary.v20250717223434/prefetchorganizationlist_clerk.chips.browser_4d9e8f_5.74.1-canary.v20250717223434.min.js.sri
- clerk-js/5.74.1-canary.v20250717223434/prefetchorganizationlist_clerk.legacy.browser_c77d88_5.74.1-canary.v20250717223434.js.br
- clerk-js/5.74.1-canary.v20250717223434/prefetchorganizationlist_clerk.legacy.browser_c77d88_5.74.1-canary.v20250717223434.js.gz
- clerk-js/5.74.1-canary.v20250717223434/prefetchorganizationlist_clerk.legacy.browser_c77d88_5.74.1-canary.v20250717223434.js.sri
- clerk-js/5.74.1-canary.v20250717223434/prefetchorganizationlist_clerk.legacy.browser_c77d88_5.74.1-canary.v20250717223434.min.js.br
- clerk-js/5.74.1-canary.v20250717223434/prefetchorganizationlist_clerk.legacy.browser_c77d88_5.74.1-canary.v20250717223434.min.js.gz
- clerk-js/5.74.1-canary.v20250717223434/prefetchorganizationlist_clerk.legacy.browser_c77d88_5.74.1-canary.v20250717223434.min.js.sri
- clerk-js/5.74.1-canary.v20250717223434/pricingTable_clerk.browser_62bac2_5.74.1-canary.v20250717223434.js.br
- clerk-js/5.74.1-canary.v20250717223434/pricingTable_clerk.browser_62bac2_5.74.1-canary.v20250717223434.js.gz
- clerk-js/5.74.1-canary.v20250717223434/pricingTable_clerk.browser_62bac2_5.74.1-canary.v20250717223434.js.sri
- clerk-js/5.74.1-canary.v20250717223434/pricingTable_clerk.browser_62bac2_5.74.1-canary.v20250717223434.min.js.br
- clerk-js/5.74.1-canary.v20250717223434/pricingTable_clerk.browser_62bac2_5.74.1-canary.v20250717223434.min.js.gz
- clerk-js/5.74.1-canary.v20250717223434/pricingTable_clerk.browser_62bac2_5.74.1-canary.v20250717223434.min.js.sri
- clerk-js/5.74.1-canary.v20250717223434/pricingTable_clerk.chips.browser_4d9e8f_5.74.1-canary.v20250717223434.js.br
- clerk-js/5.74.1-canary.v20250717223434/pricingTable_clerk.chips.browser_4d9e8f_5.74.1-canary.v20250717223434.js.gz
- clerk-js/5.74.1-canary.v20250717223434/pricingTable_clerk.chips.browser_4d9e8f_5.74.1-canary.v20250717223434.js.sri
- clerk-js/5.74.1-canary.v20250717223434/pricingTable_clerk.chips.browser_4d9e8f_5.74.1-canary.v20250717223434.min.js.br
- clerk-js/5.74.1-canary.v20250717223434/pricingTable_clerk.chips.browser_4d9e8f_5.74.1-canary.v20250717223434.min.js.gz
- clerk-js/5.74.1-canary.v20250717223434/pricingTable_clerk.chips.browser_4d9e8f_5.74.1-canary.v20250717223434.min.js.sri
- clerk-js/5.74.1-canary.v20250717223434/pricingTable_clerk.legacy.browser_c77d88_5.74.1-canary.v20250717223434.js.br
- clerk-js/5.74.1-canary.v20250717223434/pricingTable_clerk.legacy.browser_c77d88_5.74.1-canary.v20250717223434.js.gz
- clerk-js/5.74.1-canary.v20250717223434/pricingTable_clerk.legacy.browser_c77d88_5.74.1-canary.v20250717223434.js.sri
- clerk-js/5.74.1-canary.v20250717223434/pricingTable_clerk.legacy.browser_c77d88_5.74.1-canary.v20250717223434.min.js.br
- clerk-js/5.74.1-canary.v20250717223434/pricingTable_clerk.legacy.browser_c77d88_5.74.1-canary.v20250717223434.min.js.gz
- clerk-js/5.74.1-canary.v20250717223434/pricingTable_clerk.legacy.browser_c77d88_5.74.1-canary.v20250717223434.min.js.sri
- clerk-js/5.74.1-canary.v20250717223434/revoke-api-key-modal_clerk.browser_62bac2_5.74.1-canary.v20250717223434.js.br
- clerk-js/5.74.1-canary.v20250717223434/revoke-api-key-modal_clerk.browser_62bac2_5.74.1-canary.v20250717223434.js.gz
- clerk-js/5.74.1-canary.v20250717223434/revoke-api-key-modal_clerk.browser_62bac2_5.74.1-canary.v20250717223434.js.sri
- clerk-js/5.74.1-canary.v20250717223434/revoke-api-key-modal_clerk.browser_62bac2_5.74.1-canary.v20250717223434.min.js.br
- clerk-js/5.74.1-canary.v20250717223434/revoke-api-key-modal_clerk.browser_62bac2_5.74.1-canary.v20250717223434.min.js.gz
- clerk-js/5.74.1-canary.v20250717223434/revoke-api-key-modal_clerk.browser_62bac2_5.74.1-canary.v20250717223434.min.js.sri
- clerk-js/5.74.1-canary.v20250717223434/revoke-api-key-modal_clerk.chips.browser_4d9e8f_5.74.1-canary.v20250717223434.js.br
- clerk-js/5.74.1-canary.v20250717223434/revoke-api-key-modal_clerk.chips.browser_4d9e8f_5.74.1-canary.v20250717223434.js.gz
- clerk-js/5.74.1-canary.v20250717223434/revoke-api-key-modal_clerk.chips.browser_4d9e8f_5.74.1-canary.v20250717223434.js.sri
- clerk-js/5.74.1-canary.v20250717223434/revoke-api-key-modal_clerk.chips.browser_4d9e8f_5.74.1-canary.v20250717223434.min.js.br
- clerk-js/5.74.1-canary.v20250717223434/revoke-api-key-modal_clerk.chips.browser_4d9e8f_5.74.1-canary.v20250717223434.min.js.gz
- clerk-js/5.74.1-canary.v20250717223434/revoke-api-key-modal_clerk.chips.browser_4d9e8f_5.74.1-canary.v20250717223434.min.js.sri
- clerk-js/5.74.1-canary.v20250717223434/revoke-api-key-modal_clerk.legacy.browser_c77d88_5.74.1-canary.v20250717223434.js.br
- clerk-js/5.74.1-canary.v20250717223434/revoke-api-key-modal_clerk.legacy.browser_c77d88_5.74.1-canary.v20250717223434.js.gz
- clerk-js/5.74.1-canary.v20250717223434/revoke-api-key-modal_clerk.legacy.browser_c77d88_5.74.1-canary.v20250717223434.js.sri
- clerk-js/5.74.1-canary.v20250717223434/revoke-api-key-modal_clerk.legacy.browser_c77d88_5.74.1-canary.v20250717223434.min.js.br
- clerk-js/5.74.1-canary.v20250717223434/revoke-api-key-modal_clerk.legacy.browser_c77d88_5.74.1-canary.v20250717223434.min.js.gz
- clerk-js/5.74.1-canary.v20250717223434/revoke-api-key-modal_clerk.legacy.browser_c77d88_5.74.1-canary.v20250717223434.min.js.sri
- clerk-js/5.74.1-canary.v20250717223434/sessionTasks_clerk.browser_62bac2_5.74.1-canary.v20250717223434.js.br
- clerk-js/5.74.1-canary.v20250717223434/sessionTasks_clerk.browser_62bac2_5.74.1-canary.v20250717223434.js.gz
- clerk-js/5.74.1-canary.v20250717223434/sessionTasks_clerk.browser_62bac2_5.74.1-canary.v20250717223434.js.sri
- clerk-js/5.74.1-canary.v20250717223434/sessionTasks_clerk.browser_62bac2_5.74.1-canary.v20250717223434.min.js.br
- clerk-js/5.74.1-canary.v20250717223434/sessionTasks_clerk.browser_62bac2_5.74.1-canary.v20250717223434.min.js.gz
- clerk-js/5.74.1-canary.v20250717223434/sessionTasks_clerk.browser_62bac2_5.74.1-canary.v20250717223434.min.js.sri
- clerk-js/5.74.1-canary.v20250717223434/sessionTasks_clerk.chips.browser_4d9e8f_5.74.1-canary.v20250717223434.js.br
- clerk-js/5.74.1-canary.v20250717223434/sessionTasks_clerk.chips.browser_4d9e8f_5.74.1-canary.v20250717223434.js.gz
- clerk-js/5.74.1-canary.v20250717223434/sessionTasks_clerk.chips.browser_4d9e8f_5.74.1-canary.v20250717223434.js.sri
- clerk-js/5.74.1-canary.v20250717223434/sessionTasks_clerk.chips.browser_4d9e8f_5.74.1-canary.v20250717223434.min.js.br
- clerk-js/5.74.1-canary.v20250717223434/sessionTasks_clerk.chips.browser_4d9e8f_5.74.1-canary.v20250717223434.min.js.gz
- clerk-js/5.74.1-canary.v20250717223434/sessionTasks_clerk.chips.browser_4d9e8f_5.74.1-canary.v20250717223434.min.js.sri
- clerk-js/5.74.1-canary.v20250717223434/sessionTasks_clerk.legacy.browser_c77d88_5.74.1-canary.v20250717223434.js.br
- clerk-js/5.74.1-canary.v20250717223434/sessionTasks_clerk.legacy.browser_c77d88_5.74.1-canary.v20250717223434.js.gz
- clerk-js/5.74.1-canary.v20250717223434/sessionTasks_clerk.legacy.browser_c77d88_5.74.1-canary.v20250717223434.js.sri
- clerk-js/5.74.1-canary.v20250717223434/sessionTasks_clerk.legacy.browser_c77d88_5.74.1-canary.v20250717223434.min.js.br
- clerk-js/5.74.1-canary.v20250717223434/sessionTasks_clerk.legacy.browser_c77d88_5.74.1-canary.v20250717223434.min.js.gz
- clerk-js/5.74.1-canary.v20250717223434/sessionTasks_clerk.legacy.browser_c77d88_5.74.1-canary.v20250717223434.min.js.sri
- clerk-js/5.74.1-canary.v20250717223434/signin_clerk.browser_62bac2_5.74.1-canary.v20250717223434.js.br
- clerk-js/5.74.1-canary.v20250717223434/signin_clerk.browser_62bac2_5.74.1-canary.v20250717223434.js.gz
- clerk-js/5.74.1-canary.v20250717223434/signin_clerk.browser_62bac2_5.74.1-canary.v20250717223434.js.sri
- clerk-js/5.74.1-canary.v20250717223434/signin_clerk.browser_62bac2_5.74.1-canary.v20250717223434.min.js.br
- clerk-js/5.74.1-canary.v20250717223434/signin_clerk.browser_62bac2_5.74.1-canary.v20250717223434.min.js.gz
- clerk-js/5.74.1-canary.v20250717223434/signin_clerk.browser_62bac2_5.74.1-canary.v20250717223434.min.js.sri
- clerk-js/5.74.1-canary.v20250717223434/signin_clerk.chips.browser_4d9e8f_5.74.1-canary.v20250717223434.js.br
- clerk-js/5.74.1-canary.v20250717223434/signin_clerk.chips.browser_4d9e8f_5.74.1-canary.v20250717223434.js.gz
- clerk-js/5.74.1-canary.v20250717223434/signin_clerk.chips.browser_4d9e8f_5.74.1-canary.v20250717223434.js.sri
- clerk-js/5.74.1-canary.v20250717223434/signin_clerk.chips.browser_4d9e8f_5.74.1-canary.v20250717223434.min.js.br
- clerk-js/5.74.1-canary.v20250717223434/signin_clerk.chips.browser_4d9e8f_5.74.1-canary.v20250717223434.min.js.gz
- clerk-js/5.74.1-canary.v20250717223434/signin_clerk.chips.browser_4d9e8f_5.74.1-canary.v20250717223434.min.js.sri
- clerk-js/5.74.1-canary.v20250717223434/signin_clerk.legacy.browser_c77d88_5.74.1-canary.v20250717223434.js.br
- clerk-js/5.74.1-canary.v20250717223434/signin_clerk.legacy.browser_c77d88_5.74.1-canary.v20250717223434.js.gz
- clerk-js/5.74.1-canary.v20250717223434/signin_clerk.legacy.browser_c77d88_5.74.1-canary.v20250717223434.js.sri
- clerk-js/5.74.1-canary.v20250717223434/signin_clerk.legacy.browser_c77d88_5.74.1-canary.v20250717223434.min.js.br
- clerk-js/5.74.1-canary.v20250717223434/signin_clerk.legacy.browser_c77d88_5.74.1-canary.v20250717223434.min.js.gz
- clerk-js/5.74.1-canary.v20250717223434/signin_clerk.legacy.browser_c77d88_5.74.1-canary.v20250717223434.min.js.sri
- clerk-js/5.74.1-canary.v20250717223434/signup_clerk.browser_62bac2_5.74.1-canary.v20250717223434.js.br
- clerk-js/5.74.1-canary.v20250717223434/signup_clerk.browser_62bac2_5.74.1-canary.v20250717223434.js.gz
- clerk-js/5.74.1-canary.v20250717223434/signup_clerk.browser_62bac2_5.74.1-canary.v20250717223434.js.sri
- clerk-js/5.74.1-canary.v20250717223434/signup_clerk.browser_62bac2_5.74.1-canary.v20250717223434.min.js.br
- clerk-js/5.74.1-canary.v20250717223434/signup_clerk.browser_62bac2_5.74.1-canary.v20250717223434.min.js.gz
- clerk-js/5.74.1-canary.v20250717223434/signup_clerk.browser_62bac2_5.74.1-canary.v20250717223434.min.js.sri
- clerk-js/5.74.1-canary.v20250717223434/signup_clerk.chips.browser_4d9e8f_5.74.1-canary.v20250717223434.js.br
- clerk-js/5.74.1-canary.v20250717223434/signup_clerk.chips.browser_4d9e8f_5.74.1-canary.v20250717223434.js.gz
- clerk-js/5.74.1-canary.v20250717223434/signup_clerk.chips.browser_4d9e8f_5.74.1-canary.v20250717223434.js.sri
- clerk-js/5.74.1-canary.v20250717223434/signup_clerk.chips.browser_4d9e8f_5.74.1-canary.v20250717223434.min.js.br
- clerk-js/5.74.1-canary.v20250717223434/signup_clerk.chips.browser_4d9e8f_5.74.1-canary.v20250717223434.min.js.gz
- clerk-js/5.74.1-canary.v20250717223434/signup_clerk.chips.browser_4d9e8f_5.74.1-canary.v20250717223434.min.js.sri
- clerk-js/5.74.1-canary.v20250717223434/signup_clerk.legacy.browser_c77d88_5.74.1-canary.v20250717223434.js.br
- clerk-js/5.74.1-canary.v20250717223434/signup_clerk.legacy.browser_c77d88_5.74.1-canary.v20250717223434.js.gz
- clerk-js/5.74.1-canary.v20250717223434/signup_clerk.legacy.browser_c77d88_5.74.1-canary.v20250717223434.js.sri
- clerk-js/5.74.1-canary.v20250717223434/signup_clerk.legacy.browser_c77d88_5.74.1-canary.v20250717223434.min.js.br
- clerk-js/5.74.1-canary.v20250717223434/signup_clerk.legacy.browser_c77d88_5.74.1-canary.v20250717223434.min.js.gz
- clerk-js/5.74.1-canary.v20250717223434/signup_clerk.legacy.browser_c77d88_5.74.1-canary.v20250717223434.min.js.sri
- clerk-js/5.74.1-canary.v20250717223434/statement-page_clerk.browser_62bac2_5.74.1-canary.v20250717223434.js.br
- clerk-js/5.74.1-canary.v20250717223434/statement-page_clerk.browser_62bac2_5.74.1-canary.v20250717223434.js.gz
- clerk-js/5.74.1-canary.v20250717223434/statement-page_clerk.browser_62bac2_5.74.1-canary.v20250717223434.js.sri
- clerk-js/5.74.1-canary.v20250717223434/statement-page_clerk.browser_62bac2_5.74.1-canary.v20250717223434.min.js.br
- clerk-js/5.74.1-canary.v20250717223434/statement-page_clerk.browser_62bac2_5.74.1-canary.v20250717223434.min.js.gz
- clerk-js/5.74.1-canary.v20250717223434/statement-page_clerk.browser_62bac2_5.74.1-canary.v20250717223434.min.js.sri
- clerk-js/5.74.1-canary.v20250717223434/statement-page_clerk.chips.browser_4d9e8f_5.74.1-canary.v20250717223434.js.br
- clerk-js/5.74.1-canary.v20250717223434/statement-page_clerk.chips.browser_4d9e8f_5.74.1-canary.v20250717223434.js.gz
- clerk-js/5.74.1-canary.v20250717223434/statement-page_clerk.chips.browser_4d9e8f_5.74.1-canary.v20250717223434.js.sri
- clerk-js/5.74.1-canary.v20250717223434/statement-page_clerk.chips.browser_4d9e8f_5.74.1-canary.v20250717223434.min.js.br
- clerk-js/5.74.1-canary.v20250717223434/statement-page_clerk.chips.browser_4d9e8f_5.74.1-canary.v20250717223434.min.js.gz
- clerk-js/5.74.1-canary.v20250717223434/statement-page_clerk.chips.browser_4d9e8f_5.74.1-canary.v20250717223434.min.js.sri
- clerk-js/5.74.1-canary.v20250717223434/statement-page_clerk.legacy.browser_c77d88_5.74.1-canary.v20250717223434.js.br
- clerk-js/5.74.1-canary.v20250717223434/statement-page_clerk.legacy.browser_c77d88_5.74.1-canary.v20250717223434.js.gz
- clerk-js/5.74.1-canary.v20250717223434/statement-page_clerk.legacy.browser_c77d88_5.74.1-canary.v20250717223434.js.sri
- clerk-js/5.74.1-canary.v20250717223434/statement-page_clerk.legacy.browser_c77d88_5.74.1-canary.v20250717223434.min.js.br
- clerk-js/5.74.1-canary.v20250717223434/statement-page_clerk.legacy.browser_c77d88_5.74.1-canary.v20250717223434.min.js.gz
- clerk-js/5.74.1-canary.v20250717223434/statement-page_clerk.legacy.browser_c77d88_5.74.1-canary.v20250717223434.min.js.sri
- clerk-js/5.74.1-canary.v20250717223434/stripe-vendors_clerk.browser_62bac2_5.74.1-canary.v20250717223434.js.br
- clerk-js/5.74.1-canary.v20250717223434/stripe-vendors_clerk.browser_62bac2_5.74.1-canary.v20250717223434.js.gz
- clerk-js/5.74.1-canary.v20250717223434/stripe-vendors_clerk.browser_62bac2_5.74.1-canary.v20250717223434.js.sri
- clerk-js/5.74.1-canary.v20250717223434/stripe-vendors_clerk.browser_62bac2_5.74.1-canary.v20250717223434.min.js.br
- clerk-js/5.74.1-canary.v20250717223434/stripe-vendors_clerk.browser_62bac2_5.74.1-canary.v20250717223434.min.js.gz
- clerk-js/5.74.1-canary.v20250717223434/stripe-vendors_clerk.browser_62bac2_5.74.1-canary.v20250717223434.min.js.sri
- clerk-js/5.74.1-canary.v20250717223434/stripe-vendors_clerk.chips.browser_4d9e8f_5.74.1-canary.v20250717223434.js.br
- clerk-js/5.74.1-canary.v20250717223434/stripe-vendors_clerk.chips.browser_4d9e8f_5.74.1-canary.v20250717223434.js.gz
- clerk-js/5.74.1-canary.v20250717223434/stripe-vendors_clerk.chips.browser_4d9e8f_5.74.1-canary.v20250717223434.js.sri
- clerk-js/5.74.1-canary.v20250717223434/stripe-vendors_clerk.chips.browser_4d9e8f_5.74.1-canary.v20250717223434.min.js.br
- clerk-js/5.74.1-canary.v20250717223434/stripe-vendors_clerk.chips.browser_4d9e8f_5.74.1-canary.v20250717223434.min.js.gz
- clerk-js/5.74.1-canary.v20250717223434/stripe-vendors_clerk.chips.browser_4d9e8f_5.74.1-canary.v20250717223434.min.js.sri
- clerk-js/5.74.1-canary.v20250717223434/stripe-vendors_clerk.headless.browser_ae7f2b_5.74.1-canary.v20250717223434.js.br
- clerk-js/5.74.1-canary.v20250717223434/stripe-vendors_clerk.headless.browser_ae7f2b_5.74.1-canary.v20250717223434.js.gz
- clerk-js/5.74.1-canary.v20250717223434/stripe-vendors_clerk.headless.browser_ae7f2b_5.74.1-canary.v20250717223434.js.sri
- clerk-js/5.74.1-canary.v20250717223434/stripe-vendors_clerk.headless.browser_ae7f2b_5.74.1-canary.v20250717223434.min.js.br
- clerk-js/5.74.1-canary.v20250717223434/stripe-vendors_clerk.headless.browser_ae7f2b_5.74.1-canary.v20250717223434.min.js.gz
- clerk-js/5.74.1-canary.v20250717223434/stripe-vendors_clerk.headless.browser_ae7f2b_5.74.1-canary.v20250717223434.min.js.sri
- clerk-js/5.74.1-canary.v20250717223434/stripe-vendors_clerk.legacy.browser_c77d88_5.74.1-canary.v20250717223434.js.br
- clerk-js/5.74.1-canary.v20250717223434/stripe-vendors_clerk.legacy.browser_c77d88_5.74.1-canary.v20250717223434.js.gz
- clerk-js/5.74.1-canary.v20250717223434/stripe-vendors_clerk.legacy.browser_c77d88_5.74.1-canary.v20250717223434.js.sri
- clerk-js/5.74.1-canary.v20250717223434/stripe-vendors_clerk.legacy.browser_c77d88_5.74.1-canary.v20250717223434.min.js.br
- clerk-js/5.74.1-canary.v20250717223434/stripe-vendors_clerk.legacy.browser_c77d88_5.74.1-canary.v20250717223434.min.js.gz
- clerk-js/5.74.1-canary.v20250717223434/stripe-vendors_clerk.legacy.browser_c77d88_5.74.1-canary.v20250717223434.min.js.sri
- clerk-js/5.74.1-canary.v20250717223434/subscriptionDetails_clerk.browser_62bac2_5.74.1-canary.v20250717223434.js.br
- clerk-js/5.74.1-canary.v20250717223434/subscriptionDetails_clerk.browser_62bac2_5.74.1-canary.v20250717223434.js.gz
- clerk-js/5.74.1-canary.v20250717223434/subscriptionDetails_clerk.browser_62bac2_5.74.1-canary.v20250717223434.js.sri
- clerk-js/5.74.1-canary.v20250717223434/subscriptionDetails_clerk.browser_62bac2_5.74.1-canary.v20250717223434.min.js.br
- clerk-js/5.74.1-canary.v20250717223434/subscriptionDetails_clerk.browser_62bac2_5.74.1-canary.v20250717223434.min.js.gz
- clerk-js/5.74.1-canary.v20250717223434/subscriptionDetails_clerk.browser_62bac2_5.74.1-canary.v20250717223434.min.js.sri
- clerk-js/5.74.1-canary.v20250717223434/subscriptionDetails_clerk.chips.browser_4d9e8f_5.74.1-canary.v20250717223434.js.br
- clerk-js/5.74.1-canary.v20250717223434/subscriptionDetails_clerk.chips.browser_4d9e8f_5.74.1-canary.v20250717223434.js.gz
- clerk-js/5.74.1-canary.v20250717223434/subscriptionDetails_clerk.chips.browser_4d9e8f_5.74.1-canary.v20250717223434.js.sri
- clerk-js/5.74.1-canary.v20250717223434/subscriptionDetails_clerk.chips.browser_4d9e8f_5.74.1-canary.v20250717223434.min.js.br
- clerk-js/5.74.1-canary.v20250717223434/subscriptionDetails_clerk.chips.browser_4d9e8f_5.74.1-canary.v20250717223434.min.js.gz
- clerk-js/5.74.1-canary.v20250717223434/subscriptionDetails_clerk.chips.browser_4d9e8f_5.74.1-canary.v20250717223434.min.js.sri
- clerk-js/5.74.1-canary.v20250717223434/subscriptionDetails_clerk.legacy.browser_c77d88_5.74.1-canary.v20250717223434.js.br
- clerk-js/5.74.1-canary.v20250717223434/subscriptionDetails_clerk.legacy.browser_c77d88_5.74.1-canary.v20250717223434.js.gz
- clerk-js/5.74.1-canary.v20250717223434/subscriptionDetails_clerk.legacy.browser_c77d88_5.74.1-canary.v20250717223434.js.sri
- clerk-js/5.74.1-canary.v20250717223434/subscriptionDetails_clerk.legacy.browser_c77d88_5.74.1-canary.v20250717223434.min.js.br
- clerk-js/5.74.1-canary.v20250717223434/subscriptionDetails_clerk.legacy.browser_c77d88_5.74.1-canary.v20250717223434.min.js.gz
- clerk-js/5.74.1-canary.v20250717223434/subscriptionDetails_clerk.legacy.browser_c77d88_5.74.1-canary.v20250717223434.min.js.sri
- clerk-js/5.74.1-canary.v20250717223434/ui-common_clerk.browser_62bac2_5.74.1-canary.v20250717223434.js.br
- clerk-js/5.74.1-canary.v20250717223434/ui-common_clerk.browser_62bac2_5.74.1-canary.v20250717223434.js.gz
- clerk-js/5.74.1-canary.v20250717223434/ui-common_clerk.browser_62bac2_5.74.1-canary.v20250717223434.js.sri
- clerk-js/5.74.1-canary.v20250717223434/ui-common_clerk.browser_62bac2_5.74.1-canary.v20250717223434.min.js.br
- clerk-js/5.74.1-canary.v20250717223434/ui-common_clerk.browser_62bac2_5.74.1-canary.v20250717223434.min.js.gz
- clerk-js/5.74.1-canary.v20250717223434/ui-common_clerk.browser_62bac2_5.74.1-canary.v20250717223434.min.js.sri
- clerk-js/5.74.1-canary.v20250717223434/ui-common_clerk.chips.browser_4d9e8f_5.74.1-canary.v20250717223434.js.br
- clerk-js/5.74.1-canary.v20250717223434/ui-common_clerk.chips.browser_4d9e8f_5.74.1-canary.v20250717223434.js.gz
- clerk-js/5.74.1-canary.v20250717223434/ui-common_clerk.chips.browser_4d9e8f_5.74.1-canary.v20250717223434.js.sri
- clerk-js/5.74.1-canary.v20250717223434/ui-common_clerk.chips.browser_4d9e8f_5.74.1-canary.v20250717223434.min.js.br
- clerk-js/5.74.1-canary.v20250717223434/ui-common_clerk.chips.browser_4d9e8f_5.74.1-canary.v20250717223434.min.js.gz
- clerk-js/5.74.1-canary.v20250717223434/ui-common_clerk.chips.browser_4d9e8f_5.74.1-canary.v20250717223434.min.js.sri
- clerk-js/5.74.1-canary.v20250717223434/ui-common_clerk.legacy.browser_c77d88_5.74.1-canary.v20250717223434.js.br
- clerk-js/5.74.1-canary.v20250717223434/ui-common_clerk.legacy.browser_c77d88_5.74.1-canary.v20250717223434.js.gz
- clerk-js/5.74.1-canary.v20250717223434/ui-common_clerk.legacy.browser_c77d88_5.74.1-canary.v20250717223434.js.sri
- clerk-js/5.74.1-canary.v20250717223434/ui-common_clerk.legacy.browser_c77d88_5.74.1-canary.v20250717223434.min.js.br
- clerk-js/5.74.1-canary.v20250717223434/ui-common_clerk.legacy.browser_c77d88_5.74.1-canary.v20250717223434.min.js.gz
- clerk-js/5.74.1-canary.v20250717223434/ui-common_clerk.legacy.browser_c77d88_5.74.1-canary.v20250717223434.min.js.sri
- clerk-js/5.74.1-canary.v20250717223434/up-api-keys-page_clerk.browser_62bac2_5.74.1-canary.v20250717223434.js.br
- clerk-js/5.74.1-canary.v20250717223434/up-api-keys-page_clerk.browser_62bac2_5.74.1-canary.v20250717223434.js.gz
- clerk-js/5.74.1-canary.v20250717223434/up-api-keys-page_clerk.browser_62bac2_5.74.1-canary.v20250717223434.js.sri
- clerk-js/5.74.1-canary.v20250717223434/up-api-keys-page_clerk.browser_62bac2_5.74.1-canary.v20250717223434.min.js.br
- clerk-js/5.74.1-canary.v20250717223434/up-api-keys-page_clerk.browser_62bac2_5.74.1-canary.v20250717223434.min.js.gz
- clerk-js/5.74.1-canary.v20250717223434/up-api-keys-page_clerk.browser_62bac2_5.74.1-canary.v20250717223434.min.js.sri
- clerk-js/5.74.1-canary.v20250717223434/up-api-keys-page_clerk.chips.browser_4d9e8f_5.74.1-canary.v20250717223434.js.br
- clerk-js/5.74.1-canary.v20250717223434/up-api-keys-page_clerk.chips.browser_4d9e8f_5.74.1-canary.v20250717223434.js.gz
- clerk-js/5.74.1-canary.v20250717223434/up-api-keys-page_clerk.chips.browser_4d9e8f_5.74.1-canary.v20250717223434.js.sri
- clerk-js/5.74.1-canary.v20250717223434/up-api-keys-page_clerk.chips.browser_4d9e8f_5.74.1-canary.v20250717223434.min.js.br
- clerk-js/5.74.1-canary.v20250717223434/up-api-keys-page_clerk.chips.browser_4d9e8f_5.74.1-canary.v20250717223434.min.js.gz
- clerk-js/5.74.1-canary.v20250717223434/up-api-keys-page_clerk.chips.browser_4d9e8f_5.74.1-canary.v20250717223434.min.js.sri
- clerk-js/5.74.1-canary.v20250717223434/up-api-keys-page_clerk.legacy.browser_c77d88_5.74.1-canary.v20250717223434.js.br
- clerk-js/5.74.1-canary.v20250717223434/up-api-keys-page_clerk.legacy.browser_c77d88_5.74.1-canary.v20250717223434.js.gz
- clerk-js/5.74.1-canary.v20250717223434/up-api-keys-page_clerk.legacy.browser_c77d88_5.74.1-canary.v20250717223434.js.sri
- clerk-js/5.74.1-canary.v20250717223434/up-api-keys-page_clerk.legacy.browser_c77d88_5.74.1-canary.v20250717223434.min.js.br
- clerk-js/5.74.1-canary.v20250717223434/up-api-keys-page_clerk.legacy.browser_c77d88_5.74.1-canary.v20250717223434.min.js.gz
- clerk-js/5.74.1-canary.v20250717223434/up-api-keys-page_clerk.legacy.browser_c77d88_5.74.1-canary.v20250717223434.min.js.sri
- clerk-js/5.74.1-canary.v20250717223434/up-billing-page_clerk.browser_62bac2_5.74.1-canary.v20250717223434.js.br
- clerk-js/5.74.1-canary.v20250717223434/up-billing-page_clerk.browser_62bac2_5.74.1-canary.v20250717223434.js.gz
- clerk-js/5.74.1-canary.v20250717223434/up-billing-page_clerk.browser_62bac2_5.74.1-canary.v20250717223434.js.sri
- clerk-js/5.74.1-canary.v20250717223434/up-billing-page_clerk.browser_62bac2_5.74.1-canary.v20250717223434.min.js.br
- clerk-js/5.74.1-canary.v20250717223434/up-billing-page_clerk.browser_62bac2_5.74.1-canary.v20250717223434.min.js.gz
- clerk-js/5.74.1-canary.v20250717223434/up-billing-page_clerk.browser_62bac2_5.74.1-canary.v20250717223434.min.js.sri
- clerk-js/5.74.1-canary.v20250717223434/up-billing-page_clerk.chips.browser_4d9e8f_5.74.1-canary.v20250717223434.js.br
- clerk-js/5.74.1-canary.v20250717223434/up-billing-page_clerk.chips.browser_4d9e8f_5.74.1-canary.v20250717223434.js.gz
- clerk-js/5.74.1-canary.v20250717223434/up-billing-page_clerk.chips.browser_4d9e8f_5.74.1-canary.v20250717223434.js.sri
- clerk-js/5.74.1-canary.v20250717223434/up-billing-page_clerk.chips.browser_4d9e8f_5.74.1-canary.v20250717223434.min.js.br
- clerk-js/5.74.1-canary.v20250717223434/up-billing-page_clerk.chips.browser_4d9e8f_5.74.1-canary.v20250717223434.min.js.gz
- clerk-js/5.74.1-canary.v20250717223434/up-billing-page_clerk.chips.browser_4d9e8f_5.74.1-canary.v20250717223434.min.js.sri
- clerk-js/5.74.1-canary.v20250717223434/up-billing-page_clerk.legacy.browser_c77d88_5.74.1-canary.v20250717223434.js.br
- clerk-js/5.74.1-canary.v20250717223434/up-billing-page_clerk.legacy.browser_c77d88_5.74.1-canary.v20250717223434.js.gz
- clerk-js/5.74.1-canary.v20250717223434/up-billing-page_clerk.legacy.browser_c77d88_5.74.1-canary.v20250717223434.js.sri
- clerk-js/5.74.1-canary.v20250717223434/up-billing-page_clerk.legacy.browser_c77d88_5.74.1-canary.v20250717223434.min.js.br
- clerk-js/5.74.1-canary.v20250717223434/up-billing-page_clerk.legacy.browser_c77d88_5.74.1-canary.v20250717223434.min.js.gz
- clerk-js/5.74.1-canary.v20250717223434/up-billing-page_clerk.legacy.browser_c77d88_5.74.1-canary.v20250717223434.min.js.sri
- clerk-js/5.74.1-canary.v20250717223434/up-plans-page_clerk.browser_62bac2_5.74.1-canary.v20250717223434.js.br
- clerk-js/5.74.1-canary.v20250717223434/up-plans-page_clerk.browser_62bac2_5.74.1-canary.v20250717223434.js.gz
- clerk-js/5.74.1-canary.v20250717223434/up-plans-page_clerk.browser_62bac2_5.74.1-canary.v20250717223434.js.sri
- clerk-js/5.74.1-canary.v20250717223434/up-plans-page_clerk.browser_62bac2_5.74.1-canary.v20250717223434.min.js.br
- clerk-js/5.74.1-canary.v20250717223434/up-plans-page_clerk.browser_62bac2_5.74.1-canary.v20250717223434.min.js.gz
- clerk-js/5.74.1-canary.v20250717223434/up-plans-page_clerk.browser_62bac2_5.74.1-canary.v20250717223434.min.js.sri
- clerk-js/5.74.1-canary.v20250717223434/up-plans-page_clerk.chips.browser_4d9e8f_5.74.1-canary.v20250717223434.js.br
- clerk-js/5.74.1-canary.v20250717223434/up-plans-page_clerk.chips.browser_4d9e8f_5.74.1-canary.v20250717223434.js.gz
- clerk-js/5.74.1-canary.v20250717223434/up-plans-page_clerk.chips.browser_4d9e8f_5.74.1-canary.v20250717223434.js.sri
- clerk-js/5.74.1-canary.v20250717223434/up-plans-page_clerk.chips.browser_4d9e8f_5.74.1-canary.v20250717223434.min.js.br
- clerk-js/5.74.1-canary.v20250717223434/up-plans-page_clerk.chips.browser_4d9e8f_5.74.1-canary.v20250717223434.min.js.gz
- clerk-js/5.74.1-canary.v20250717223434/up-plans-page_clerk.chips.browser_4d9e8f_5.74.1-canary.v20250717223434.min.js.sri
- clerk-js/5.74.1-canary.v20250717223434/up-plans-page_clerk.legacy.browser_c77d88_5.74.1-canary.v20250717223434.js.br
- clerk-js/5.74.1-canary.v20250717223434/up-plans-page_clerk.legacy.browser_c77d88_5.74.1-canary.v20250717223434.js.gz
- clerk-js/5.74.1-canary.v20250717223434/up-plans-page_clerk.legacy.browser_c77d88_5.74.1-canary.v20250717223434.js.sri
- clerk-js/5.74.1-canary.v20250717223434/up-plans-page_clerk.legacy.browser_c77d88_5.74.1-canary.v20250717223434.min.js.br
- clerk-js/5.74.1-canary.v20250717223434/up-plans-page_clerk.legacy.browser_c77d88_5.74.1-canary.v20250717223434.min.js.gz
- clerk-js/5.74.1-canary.v20250717223434/up-plans-page_clerk.legacy.browser_c77d88_5.74.1-canary.v20250717223434.min.js.sri
- clerk-js/5.74.1-canary.v20250717223434/userbutton_clerk.browser_62bac2_5.74.1-canary.v20250717223434.js.br
- clerk-js/5.74.1-canary.v20250717223434/userbutton_clerk.browser_62bac2_5.74.1-canary.v20250717223434.js.gz
- clerk-js/5.74.1-canary.v20250717223434/userbutton_clerk.browser_62bac2_5.74.1-canary.v20250717223434.js.sri
- clerk-js/5.74.1-canary.v20250717223434/userbutton_clerk.browser_62bac2_5.74.1-canary.v20250717223434.min.js.br
- clerk-js/5.74.1-canary.v20250717223434/userbutton_clerk.browser_62bac2_5.74.1-canary.v20250717223434.min.js.gz
- clerk-js/5.74.1-canary.v20250717223434/userbutton_clerk.browser_62bac2_5.74.1-canary.v20250717223434.min.js.sri
- clerk-js/5.74.1-canary.v20250717223434/userbutton_clerk.chips.browser_4d9e8f_5.74.1-canary.v20250717223434.js.br
- clerk-js/5.74.1-canary.v20250717223434/userbutton_clerk.chips.browser_4d9e8f_5.74.1-canary.v20250717223434.js.gz
- clerk-js/5.74.1-canary.v20250717223434/userbutton_clerk.chips.browser_4d9e8f_5.74.1-canary.v20250717223434.js.sri
- clerk-js/5.74.1-canary.v20250717223434/userbutton_clerk.chips.browser_4d9e8f_5.74.1-canary.v20250717223434.min.js.br
- clerk-js/5.74.1-canary.v20250717223434/userbutton_clerk.chips.browser_4d9e8f_5.74.1-canary.v20250717223434.min.js.gz
- clerk-js/5.74.1-canary.v20250717223434/userbutton_clerk.chips.browser_4d9e8f_5.74.1-canary.v20250717223434.min.js.sri
- clerk-js/5.74.1-canary.v20250717223434/userbutton_clerk.legacy.browser_c77d88_5.74.1-canary.v20250717223434.js.br
- clerk-js/5.74.1-canary.v20250717223434/userbutton_clerk.legacy.browser_c77d88_5.74.1-canary.v20250717223434.js.gz
- clerk-js/5.74.1-canary.v20250717223434/userbutton_clerk.legacy.browser_c77d88_5.74.1-canary.v20250717223434.js.sri
- clerk-js/5.74.1-canary.v20250717223434/userbutton_clerk.legacy.browser_c77d88_5.74.1-canary.v20250717223434.min.js.br
- clerk-js/5.74.1-canary.v20250717223434/userbutton_clerk.legacy.browser_c77d88_5.74.1-canary.v20250717223434.min.js.gz
- clerk-js/5.74.1-canary.v20250717223434/userbutton_clerk.legacy.browser_c77d88_5.74.1-canary.v20250717223434.min.js.sri
- clerk-js/5.74.1-canary.v20250717223434/userprofile_clerk.browser_62bac2_5.74.1-canary.v20250717223434.js.br
- clerk-js/5.74.1-canary.v20250717223434/userprofile_clerk.browser_62bac2_5.74.1-canary.v20250717223434.js.gz
- clerk-js/5.74.1-canary.v20250717223434/userprofile_clerk.browser_62bac2_5.74.1-canary.v20250717223434.js.sri
- clerk-js/5.74.1-canary.v20250717223434/userprofile_clerk.browser_62bac2_5.74.1-canary.v20250717223434.min.js.br
- clerk-js/5.74.1-canary.v20250717223434/userprofile_clerk.browser_62bac2_5.74.1-canary.v20250717223434.min.js.gz
- clerk-js/5.74.1-canary.v20250717223434/userprofile_clerk.browser_62bac2_5.74.1-canary.v20250717223434.min.js.sri
- clerk-js/5.74.1-canary.v20250717223434/userprofile_clerk.chips.browser_4d9e8f_5.74.1-canary.v20250717223434.js.br
- clerk-js/5.74.1-canary.v20250717223434/userprofile_clerk.chips.browser_4d9e8f_5.74.1-canary.v20250717223434.js.gz
- clerk-js/5.74.1-canary.v20250717223434/userprofile_clerk.chips.browser_4d9e8f_5.74.1-canary.v20250717223434.js.sri
- clerk-js/5.74.1-canary.v20250717223434/userprofile_clerk.chips.browser_4d9e8f_5.74.1-canary.v20250717223434.min.js.br
- clerk-js/5.74.1-canary.v20250717223434/userprofile_clerk.chips.browser_4d9e8f_5.74.1-canary.v20250717223434.min.js.gz
- clerk-js/5.74.1-canary.v20250717223434/userprofile_clerk.chips.browser_4d9e8f_5.74.1-canary.v20250717223434.min.js.sri
- clerk-js/5.74.1-canary.v20250717223434/userprofile_clerk.legacy.browser_c77d88_5.74.1-canary.v20250717223434.js.br
- clerk-js/5.74.1-canary.v20250717223434/userprofile_clerk.legacy.browser_c77d88_5.74.1-canary.v20250717223434.js.gz
- clerk-js/5.74.1-canary.v20250717223434/userprofile_clerk.legacy.browser_c77d88_5.74.1-canary.v20250717223434.js.sri
- clerk-js/5.74.1-canary.v20250717223434/userprofile_clerk.legacy.browser_c77d88_5.74.1-canary.v20250717223434.min.js.br
- clerk-js/5.74.1-canary.v20250717223434/userprofile_clerk.legacy.browser_c77d88_5.74.1-canary.v20250717223434.min.js.gz
- clerk-js/5.74.1-canary.v20250717223434/userprofile_clerk.legacy.browser_c77d88_5.74.1-canary.v20250717223434.min.js.sri
- clerk-js/5.74.1-canary.v20250717223434/userverification_clerk.browser_62bac2_5.74.1-canary.v20250717223434.js.br
- clerk-js/5.74.1-canary.v20250717223434/userverification_clerk.browser_62bac2_5.74.1-canary.v20250717223434.js.gz
- clerk-js/5.74.1-canary.v20250717223434/userverification_clerk.browser_62bac2_5.74.1-canary.v20250717223434.js.sri
- clerk-js/5.74.1-canary.v20250717223434/userverification_clerk.browser_62bac2_5.74.1-canary.v20250717223434.min.js.br
- clerk-js/5.74.1-canary.v20250717223434/userverification_clerk.browser_62bac2_5.74.1-canary.v20250717223434.min.js.gz
- clerk-js/5.74.1-canary.v20250717223434/userverification_clerk.browser_62bac2_5.74.1-canary.v20250717223434.min.js.sri
- clerk-js/5.74.1-canary.v20250717223434/userverification_clerk.chips.browser_4d9e8f_5.74.1-canary.v20250717223434.js.br
- clerk-js/5.74.1-canary.v20250717223434/userverification_clerk.chips.browser_4d9e8f_5.74.1-canary.v20250717223434.js.gz
- clerk-js/5.74.1-canary.v20250717223434/userverification_clerk.chips.browser_4d9e8f_5.74.1-canary.v20250717223434.js.sri
- clerk-js/5.74.1-canary.v20250717223434/userverification_clerk.chips.browser_4d9e8f_5.74.1-canary.v20250717223434.min.js.br
- clerk-js/5.74.1-canary.v20250717223434/userverification_clerk.chips.browser_4d9e8f_5.74.1-canary.v20250717223434.min.js.gz
- clerk-js/5.74.1-canary.v20250717223434/userverification_clerk.chips.browser_4d9e8f_5.74.1-canary.v20250717223434.min.js.sri
- clerk-js/5.74.1-canary.v20250717223434/userverification_clerk.legacy.browser_c77d88_5.74.1-canary.v20250717223434.js.br
- clerk-js/5.74.1-canary.v20250717223434/userverification_clerk.legacy.browser_c77d88_5.74.1-canary.v20250717223434.js.gz
- clerk-js/5.74.1-canary.v20250717223434/userverification_clerk.legacy.browser_c77d88_5.74.1-canary.v20250717223434.js.sri
- clerk-js/5.74.1-canary.v20250717223434/userverification_clerk.legacy.browser_c77d88_5.74.1-canary.v20250717223434.min.js.br
- clerk-js/5.74.1-canary.v20250717223434/userverification_clerk.legacy.browser_c77d88_5.74.1-canary.v20250717223434.min.js.gz
- clerk-js/5.74.1-canary.v20250717223434/userverification_clerk.legacy.browser_c77d88_5.74.1-canary.v20250717223434.min.js.sri
- clerk-js/5.74.1-canary.v20250717223434/vendors_clerk.browser_62bac2_5.74.1-canary.v20250717223434.js.br
- clerk-js/5.74.1-canary.v20250717223434/vendors_clerk.browser_62bac2_5.74.1-canary.v20250717223434.js.gz
- clerk-js/5.74.1-canary.v20250717223434/vendors_clerk.browser_62bac2_5.74.1-canary.v20250717223434.js.sri
- clerk-js/5.74.1-canary.v20250717223434/vendors_clerk.browser_62bac2_5.74.1-canary.v20250717223434.min.js.br
- clerk-js/5.74.1-canary.v20250717223434/vendors_clerk.browser_62bac2_5.74.1-canary.v20250717223434.min.js.gz
- clerk-js/5.74.1-canary.v20250717223434/vendors_clerk.browser_62bac2_5.74.1-canary.v20250717223434.min.js.sri
- clerk-js/5.74.1-canary.v20250717223434/vendors_clerk.chips.browser_4d9e8f_5.74.1-canary.v20250717223434.js.br
- clerk-js/5.74.1-canary.v20250717223434/vendors_clerk.chips.browser_4d9e8f_5.74.1-canary.v20250717223434.js.gz
- clerk-js/5.74.1-canary.v20250717223434/vendors_clerk.chips.browser_4d9e8f_5.74.1-canary.v20250717223434.js.sri
- clerk-js/5.74.1-canary.v20250717223434/vendors_clerk.chips.browser_4d9e8f_5.74.1-canary.v20250717223434.min.js.br
- clerk-js/5.74.1-canary.v20250717223434/vendors_clerk.chips.browser_4d9e8f_5.74.1-canary.v20250717223434.min.js.gz
- clerk-js/5.74.1-canary.v20250717223434/vendors_clerk.chips.browser_4d9e8f_5.74.1-canary.v20250717223434.min.js.sri
- clerk-js/5.74.1-canary.v20250717223434/vendors_clerk.headless.browser_ae7f2b_5.74.1-canary.v20250717223434.js.br
- clerk-js/5.74.1-canary.v20250717223434/vendors_clerk.headless.browser_ae7f2b_5.74.1-canary.v20250717223434.js.gz
- clerk-js/5.74.1-canary.v20250717223434/vendors_clerk.headless.browser_ae7f2b_5.74.1-canary.v20250717223434.js.sri
- clerk-js/5.74.1-canary.v20250717223434/vendors_clerk.headless.browser_ae7f2b_5.74.1-canary.v20250717223434.min.js.br
- clerk-js/5.74.1-canary.v20250717223434/vendors_clerk.headless.browser_ae7f2b_5.74.1-canary.v20250717223434.min.js.gz
- clerk-js/5.74.1-canary.v20250717223434/vendors_clerk.headless.browser_ae7f2b_5.74.1-canary.v20250717223434.min.js.sri
- clerk-js/5.74.1-canary.v20250717223434/vendors_clerk.legacy.browser_c77d88_5.74.1-canary.v20250717223434.js.br
- clerk-js/5.74.1-canary.v20250717223434/vendors_clerk.legacy.browser_c77d88_5.74.1-canary.v20250717223434.js.gz
- clerk-js/5.74.1-canary.v20250717223434/vendors_clerk.legacy.browser_c77d88_5.74.1-canary.v20250717223434.js.sri
- clerk-js/5.74.1-canary.v20250717223434/vendors_clerk.legacy.browser_c77d88_5.74.1-canary.v20250717223434.min.js.br
- clerk-js/5.74.1-canary.v20250717223434/vendors_clerk.legacy.browser_c77d88_5.74.1-canary.v20250717223434.min.js.gz
- clerk-js/5.74.1-canary.v20250717223434/vendors_clerk.legacy.browser_c77d88_5.74.1-canary.v20250717223434.min.js.sri
- clerk-js/5.74.1-canary.v20250717223434/waitlist_clerk.browser_62bac2_5.74.1-canary.v20250717223434.js.br
- clerk-js/5.74.1-canary.v20250717223434/waitlist_clerk.browser_62bac2_5.74.1-canary.v20250717223434.js.gz
- clerk-js/5.74.1-canary.v20250717223434/waitlist_clerk.browser_62bac2_5.74.1-canary.v20250717223434.js.sri
- clerk-js/5.74.1-canary.v20250717223434/waitlist_clerk.browser_62bac2_5.74.1-canary.v20250717223434.min.js.br
- clerk-js/5.74.1-canary.v20250717223434/waitlist_clerk.browser_62bac2_5.74.1-canary.v20250717223434.min.js.gz
- clerk-js/5.74.1-canary.v20250717223434/waitlist_clerk.browser_62bac2_5.74.1-canary.v20250717223434.min.js.sri
- clerk-js/5.74.1-canary.v20250717223434/waitlist_clerk.chips.browser_4d9e8f_5.74.1-canary.v20250717223434.js.br
- clerk-js/5.74.1-canary.v20250717223434/waitlist_clerk.chips.browser_4d9e8f_5.74.1-canary.v20250717223434.js.gz
- clerk-js/5.74.1-canary.v20250717223434/waitlist_clerk.chips.browser_4d9e8f_5.74.1-canary.v20250717223434.js.sri
- clerk-js/5.74.1-canary.v20250717223434/waitlist_clerk.chips.browser_4d9e8f_5.74.1-canary.v20250717223434.min.js.br
- clerk-js/5.74.1-canary.v20250717223434/waitlist_clerk.chips.browser_4d9e8f_5.74.1-canary.v20250717223434.min.js.gz
- clerk-js/5.74.1-canary.v20250717223434/waitlist_clerk.chips.browser_4d9e8f_5.74.1-canary.v20250717223434.min.js.sri
- clerk-js/5.74.1-canary.v20250717223434/waitlist_clerk.legacy.browser_c77d88_5.74.1-canary.v20250717223434.js.br
- clerk-js/5.74.1-canary.v20250717223434/waitlist_clerk.legacy.browser_c77d88_5.74.1-canary.v20250717223434.js.gz
- clerk-js/5.74.1-canary.v20250717223434/waitlist_clerk.legacy.browser_c77d88_5.74.1-canary.v20250717223434.js.sri
- clerk-js/5.74.1-canary.v20250717223434/waitlist_clerk.legacy.browser_c77d88_5.74.1-canary.v20250717223434.min.js.br
- clerk-js/5.74.1-canary.v20250717223434/waitlist_clerk.legacy.browser_c77d88_5.74.1-canary.v20250717223434.min.js.gz
- clerk-js/5.74.1-canary.v20250717223434/waitlist_clerk.legacy.browser_c77d88_5.74.1-canary.v20250717223434.min.js.sri
- clerk-js/5.74.1-canary.v20250717223434/zxcvbn-common_clerk.browser_62bac2_5.74.1-canary.v20250717223434.js.br
- clerk-js/5.74.1-canary.v20250717223434/zxcvbn-common_clerk.browser_62bac2_5.74.1-canary.v20250717223434.js.gz
- clerk-js/5.74.1-canary.v20250717223434/zxcvbn-common_clerk.browser_62bac2_5.74.1-canary.v20250717223434.js.sri
- clerk-js/5.74.1-canary.v20250717223434/zxcvbn-common_clerk.browser_62bac2_5.74.1-canary.v20250717223434.min.js.br
- clerk-js/5.74.1-canary.v20250717223434/zxcvbn-common_clerk.browser_62bac2_5.74.1-canary.v20250717223434.min.js.gz
- clerk-js/5.74.1-canary.v20250717223434/zxcvbn-common_clerk.browser_62bac2_5.74.1-canary.v20250717223434.min.js.sri
- clerk-js/5.74.1-canary.v20250717223434/zxcvbn-common_clerk.chips.browser_4d9e8f_5.74.1-canary.v20250717223434.js.br
- clerk-js/5.74.1-canary.v20250717223434/zxcvbn-common_clerk.chips.browser_4d9e8f_5.74.1-canary.v20250717223434.js.gz
- clerk-js/5.74.1-canary.v20250717223434/zxcvbn-common_clerk.chips.browser_4d9e8f_5.74.1-canary.v20250717223434.js.sri
- clerk-js/5.74.1-canary.v20250717223434/zxcvbn-common_clerk.chips.browser_4d9e8f_5.74.1-canary.v20250717223434.min.js.br
- clerk-js/5.74.1-canary.v20250717223434/zxcvbn-common_clerk.chips.browser_4d9e8f_5.74.1-canary.v20250717223434.min.js.gz
- clerk-js/5.74.1-canary.v20250717223434/zxcvbn-common_clerk.chips.browser_4d9e8f_5.74.1-canary.v20250717223434.min.js.sri
- clerk-js/5.74.1-canary.v20250717223434/zxcvbn-common_clerk.headless.browser_ae7f2b_5.74.1-canary.v20250717223434.js.br
- clerk-js/5.74.1-canary.v20250717223434/zxcvbn-common_clerk.headless.browser_ae7f2b_5.74.1-canary.v20250717223434.js.gz
- clerk-js/5.74.1-canary.v20250717223434/zxcvbn-common_clerk.headless.browser_ae7f2b_5.74.1-canary.v20250717223434.js.sri
- clerk-js/5.74.1-canary.v20250717223434/zxcvbn-common_clerk.headless.browser_ae7f2b_5.74.1-canary.v20250717223434.min.js.br
- clerk-js/5.74.1-canary.v20250717223434/zxcvbn-common_clerk.headless.browser_ae7f2b_5.74.1-canary.v20250717223434.min.js.gz
- clerk-js/5.74.1-canary.v20250717223434/zxcvbn-common_clerk.headless.browser_ae7f2b_5.74.1-canary.v20250717223434.min.js.sri
- clerk-js/5.74.1-canary.v20250717223434/zxcvbn-common_clerk.legacy.browser_c77d88_5.74.1-canary.v20250717223434.js.br
- clerk-js/5.74.1-canary.v20250717223434/zxcvbn-common_clerk.legacy.browser_c77d88_5.74.1-canary.v20250717223434.js.gz
- clerk-js/5.74.1-canary.v20250717223434/zxcvbn-common_clerk.legacy.browser_c77d88_5.74.1-canary.v20250717223434.js.sri
- clerk-js/5.74.1-canary.v20250717223434/zxcvbn-common_clerk.legacy.browser_c77d88_5.74.1-canary.v20250717223434.min.js.br
- clerk-js/5.74.1-canary.v20250717223434/zxcvbn-common_clerk.legacy.browser_c77d88_5.74.1-canary.v20250717223434.min.js.gz
- clerk-js/5.74.1-canary.v20250717223434/zxcvbn-common_clerk.legacy.browser_c77d88_5.74.1-canary.v20250717223434.min.js.sri
- clerk-js/5.74.1-canary.v20250717223434/zxcvbn-ts-core_clerk.browser_62bac2_5.74.1-canary.v20250717223434.js.br
- clerk-js/5.74.1-canary.v20250717223434/zxcvbn-ts-core_clerk.browser_62bac2_5.74.1-canary.v20250717223434.js.gz
- clerk-js/5.74.1-canary.v20250717223434/zxcvbn-ts-core_clerk.browser_62bac2_5.74.1-canary.v20250717223434.js.sri
- clerk-js/5.74.1-canary.v20250717223434/zxcvbn-ts-core_clerk.browser_62bac2_5.74.1-canary.v20250717223434.min.js.br
- clerk-js/5.74.1-canary.v20250717223434/zxcvbn-ts-core_clerk.browser_62bac2_5.74.1-canary.v20250717223434.min.js.gz
- clerk-js/5.74.1-canary.v20250717223434/zxcvbn-ts-core_clerk.browser_62bac2_5.74.1-canary.v20250717223434.min.js.sri
- clerk-js/5.74.1-canary.v20250717223434/zxcvbn-ts-core_clerk.chips.browser_4d9e8f_5.74.1-canary.v20250717223434.js.br
- clerk-js/5.74.1-canary.v20250717223434/zxcvbn-ts-core_clerk.chips.browser_4d9e8f_5.74.1-canary.v20250717223434.js.gz
- clerk-js/5.74.1-canary.v20250717223434/zxcvbn-ts-core_clerk.chips.browser_4d9e8f_5.74.1-canary.v20250717223434.js.sri
- clerk-js/5.74.1-canary.v20250717223434/zxcvbn-ts-core_clerk.chips.browser_4d9e8f_5.74.1-canary.v20250717223434.min.js.br
- clerk-js/5.74.1-canary.v20250717223434/zxcvbn-ts-core_clerk.chips.browser_4d9e8f_5.74.1-canary.v20250717223434.min.js.gz
- clerk-js/5.74.1-canary.v20250717223434/zxcvbn-ts-core_clerk.chips.browser_4d9e8f_5.74.1-canary.v20250717223434.min.js.sri
- clerk-js/5.74.1-canary.v20250717223434/zxcvbn-ts-core_clerk.headless.browser_ae7f2b_5.74.1-canary.v20250717223434.js.br
- clerk-js/5.74.1-canary.v20250717223434/zxcvbn-ts-core_clerk.headless.browser_ae7f2b_5.74.1-canary.v20250717223434.js.gz
- clerk-js/5.74.1-canary.v20250717223434/zxcvbn-ts-core_clerk.headless.browser_ae7f2b_5.74.1-canary.v20250717223434.js.sri
- clerk-js/5.74.1-canary.v20250717223434/zxcvbn-ts-core_clerk.headless.browser_ae7f2b_5.74.1-canary.v20250717223434.min.js.br
- clerk-js/5.74.1-canary.v20250717223434/zxcvbn-ts-core_clerk.headless.browser_ae7f2b_5.74.1-canary.v20250717223434.min.js.gz
- clerk-js/5.74.1-canary.v20250717223434/zxcvbn-ts-core_clerk.headless.browser_ae7f2b_5.74.1-canary.v20250717223434.min.js.sri
- clerk-js/5.74.1-canary.v20250717223434/zxcvbn-ts-core_clerk.legacy.browser_c77d88_5.74.1-canary.v20250717223434.js.br
- clerk-js/5.74.1-canary.v20250717223434/zxcvbn-ts-core_clerk.legacy.browser_c77d88_5.74.1-canary.v20250717223434.js.gz
- clerk-js/5.74.1-canary.v20250717223434/zxcvbn-ts-core_clerk.legacy.browser_c77d88_5.74.1-canary.v20250717223434.js.sri
- clerk-js/5.74.1-canary.v20250717223434/zxcvbn-ts-core_clerk.legacy.browser_c77d88_5.74.1-canary.v20250717223434.min.js.br
- clerk-js/5.74.1-canary.v20250717223434/zxcvbn-ts-core_clerk.legacy.browser_c77d88_5.74.1-canary.v20250717223434.min.js.gz
- clerk-js/5.74.1-canary.v20250717223434/zxcvbn-ts-core_clerk.legacy.browser_c77d88_5.74.1-canary.v20250717223434.min.js.sri
