2025/01/03 22:00:59 optimizing files (Js true, Css true, Png true, Jpg true)
2025/01/03 22:01:00 compress: run /node_modules/uglify-js/bin/uglifyjs (3.15.4) [--mangle --compress if_return=true -o /tmp/work/dist/zonos-elements/index.esm.min.js /tmp/work/dist/zonos-elements/index.esm.js]
2025/01/03 22:01:00 compress: run /node_modules/uglify-js/bin/uglifyjs (3.15.4) [--mangle --compress if_return=true -o /tmp/work/dist/zonos-elements/p-0028d158.entry.min.js /tmp/work/dist/zonos-elements/p-0028d158.entry.js]
2025/01/03 22:01:00 compress: run /node_modules/uglify-js/bin/uglifyjs (3.15.4) [--mangle --compress if_return=true -o /tmp/work/dist/zonos-elements/p-05013308.entry.min.js /tmp/work/dist/zonos-elements/p-05013308.entry.js]
2025/01/03 22:01:00 compress: run /node_modules/uglify-js/bin/uglifyjs (3.15.4) [--mangle --compress if_return=true -o /tmp/work/dist/zonos-elements/p-0c64dbbb.min.js /tmp/work/dist/zonos-elements/p-0c64dbbb.js]
2025/01/03 22:01:00 compress: run /node_modules/uglify-js/bin/uglifyjs (3.15.4) [--mangle --compress if_return=true -o /tmp/work/dist/zonos-elements/p-0e9826d2.system.entry.min.js /tmp/work/dist/zonos-elements/p-0e9826d2.system.entry.js]
2025/01/03 22:01:00 compress: run /node_modules/uglify-js/bin/uglifyjs (3.15.4) [--mangle --compress if_return=true -o /tmp/work/dist/zonos-elements/p-12546668.system.min.js /tmp/work/dist/zonos-elements/p-12546668.system.js]
2025/01/03 22:01:00 compress: run /node_modules/uglify-js/bin/uglifyjs (3.15.4) [--mangle --compress if_return=true -o /tmp/work/dist/zonos-elements/p-12a6b7bd.system.min.js /tmp/work/dist/zonos-elements/p-12a6b7bd.system.js]
2025/01/03 22:01:00 compress: run /node_modules/uglify-js/bin/uglifyjs (3.15.4) [--mangle --compress if_return=true -o /tmp/work/dist/zonos-elements/p-08e7107d.min.js /tmp/work/dist/zonos-elements/p-08e7107d.js]
2025/01/03 22:01:00 sri /tmp/work/dist/zonos-elements/p-08e7107d.min.js -> /output/dist/zonos-elements/p-08e7107d.min.js.sri
2025/01/03 22:01:00 algorithm: run /usr/bin/brotli --quality=11 --output=/output/dist/zonos-elements/p-08e7107d.min.js.br /tmp/work/dist/zonos-elements/p-08e7107d.min.js
2025/01/03 22:01:00 br /tmp/work/dist/zonos-elements/p-08e7107d.min.js -> /output/dist/zonos-elements/p-08e7107d.min.js.br
2025/01/03 22:01:00 gz /tmp/work/dist/zonos-elements/p-08e7107d.min.js -> /output/dist/zonos-elements/p-08e7107d.min.js.gz
2025/01/03 22:01:00 sri /tmp/work/dist/zonos-elements/p-08e7107d.js -> /output/dist/zonos-elements/p-08e7107d.js.sri
2025/01/03 22:01:00 algorithm: run /usr/bin/brotli --quality=11 --output=/output/dist/zonos-elements/p-08e7107d.js.br /tmp/work/dist/zonos-elements/p-08e7107d.js
2025/01/03 22:01:00 br /tmp/work/dist/zonos-elements/p-08e7107d.js -> /output/dist/zonos-elements/p-08e7107d.js.br
2025/01/03 22:01:00 gz /tmp/work/dist/zonos-elements/p-08e7107d.js -> /output/dist/zonos-elements/p-08e7107d.js.gz
2025/01/03 22:01:00 compress: run /node_modules/uglify-js/bin/uglifyjs (3.15.4) [--mangle --compress if_return=true -o /tmp/work/dist/zonos-elements/p-18e5b741.system.min.js /tmp/work/dist/zonos-elements/p-18e5b741.system.js]
2025/01/03 22:01:00 sri /tmp/work/dist/zonos-elements/p-12a6b7bd.system.min.js -> /output/dist/zonos-elements/p-12a6b7bd.system.min.js.sri
2025/01/03 22:01:00 algorithm: run /usr/bin/brotli --quality=11 --output=/output/dist/zonos-elements/p-12a6b7bd.system.min.js.br /tmp/work/dist/zonos-elements/p-12a6b7bd.system.min.js
2025/01/03 22:01:00 sri /tmp/work/dist/zonos-elements/p-05013308.entry.min.js -> /output/dist/zonos-elements/p-05013308.entry.min.js.sri
2025/01/03 22:01:00 algorithm: run /usr/bin/brotli --quality=11 --output=/output/dist/zonos-elements/p-05013308.entry.min.js.br /tmp/work/dist/zonos-elements/p-05013308.entry.min.js
2025/01/03 22:01:00 br /tmp/work/dist/zonos-elements/p-05013308.entry.min.js -> /output/dist/zonos-elements/p-05013308.entry.min.js.br
2025/01/03 22:01:00 gz /tmp/work/dist/zonos-elements/p-05013308.entry.min.js -> /output/dist/zonos-elements/p-05013308.entry.min.js.gz
2025/01/03 22:01:00 sri /tmp/work/dist/zonos-elements/p-05013308.entry.js -> /output/dist/zonos-elements/p-05013308.entry.js.sri
2025/01/03 22:01:00 algorithm: run /usr/bin/brotli --quality=11 --output=/output/dist/zonos-elements/p-05013308.entry.js.br /tmp/work/dist/zonos-elements/p-05013308.entry.js
2025/01/03 22:01:00 br /tmp/work/dist/zonos-elements/p-12a6b7bd.system.min.js -> /output/dist/zonos-elements/p-12a6b7bd.system.min.js.br
2025/01/03 22:01:00 gz /tmp/work/dist/zonos-elements/p-12a6b7bd.system.min.js -> /output/dist/zonos-elements/p-12a6b7bd.system.min.js.gz
2025/01/03 22:01:00 sri /tmp/work/dist/zonos-elements/p-12a6b7bd.system.js -> /output/dist/zonos-elements/p-12a6b7bd.system.js.sri
2025/01/03 22:01:00 algorithm: run /usr/bin/brotli --quality=11 --output=/output/dist/zonos-elements/p-12a6b7bd.system.js.br /tmp/work/dist/zonos-elements/p-12a6b7bd.system.js
2025/01/03 22:01:00 sri /tmp/work/dist/zonos-elements/p-0c64dbbb.min.js -> /output/dist/zonos-elements/p-0c64dbbb.min.js.sri
2025/01/03 22:01:00 algorithm: run /usr/bin/brotli --quality=11 --output=/output/dist/zonos-elements/p-0c64dbbb.min.js.br /tmp/work/dist/zonos-elements/p-0c64dbbb.min.js
2025/01/03 22:01:00 br /tmp/work/dist/zonos-elements/p-05013308.entry.js -> /output/dist/zonos-elements/p-05013308.entry.js.br
2025/01/03 22:01:00 gz /tmp/work/dist/zonos-elements/p-05013308.entry.js -> /output/dist/zonos-elements/p-05013308.entry.js.gz
2025/01/03 22:01:00 compress: run /node_modules/uglify-js/bin/uglifyjs (3.15.4) [--mangle --compress if_return=true -o /tmp/work/dist/zonos-elements/p-1aa93d1e.system.min.js /tmp/work/dist/zonos-elements/p-1aa93d1e.system.js]
2025/01/03 22:01:00 br /tmp/work/dist/zonos-elements/p-12a6b7bd.system.js -> /output/dist/zonos-elements/p-12a6b7bd.system.js.br
2025/01/03 22:01:00 gz /tmp/work/dist/zonos-elements/p-12a6b7bd.system.js -> /output/dist/zonos-elements/p-12a6b7bd.system.js.gz
2025/01/03 22:01:00 compress: run /node_modules/uglify-js/bin/uglifyjs (3.15.4) [--mangle --compress if_return=true -o /tmp/work/dist/zonos-elements/p-1d466ac6.entry.min.js /tmp/work/dist/zonos-elements/p-1d466ac6.entry.js]
2025/01/03 22:01:00 br /tmp/work/dist/zonos-elements/p-0c64dbbb.min.js -> /output/dist/zonos-elements/p-0c64dbbb.min.js.br
2025/01/03 22:01:00 gz /tmp/work/dist/zonos-elements/p-0c64dbbb.min.js -> /output/dist/zonos-elements/p-0c64dbbb.min.js.gz
2025/01/03 22:01:00 sri /tmp/work/dist/zonos-elements/p-0c64dbbb.js -> /output/dist/zonos-elements/p-0c64dbbb.js.sri
2025/01/03 22:01:00 algorithm: run /usr/bin/brotli --quality=11 --output=/output/dist/zonos-elements/p-0c64dbbb.js.br /tmp/work/dist/zonos-elements/p-0c64dbbb.js
2025/01/03 22:01:00 br /tmp/work/dist/zonos-elements/p-0c64dbbb.js -> /output/dist/zonos-elements/p-0c64dbbb.js.br
2025/01/03 22:01:00 gz /tmp/work/dist/zonos-elements/p-0c64dbbb.js -> /output/dist/zonos-elements/p-0c64dbbb.js.gz
2025/01/03 22:01:00 compress: run /node_modules/uglify-js/bin/uglifyjs (3.15.4) [--mangle --compress if_return=true -o /tmp/work/dist/zonos-elements/p-23e7c655.system.min.js /tmp/work/dist/zonos-elements/p-23e7c655.system.js]
2025/01/03 22:01:00 sri /tmp/work/dist/zonos-elements/p-0028d158.entry.min.js -> /output/dist/zonos-elements/p-0028d158.entry.min.js.sri
2025/01/03 22:01:00 algorithm: run /usr/bin/brotli --quality=11 --output=/output/dist/zonos-elements/p-0028d158.entry.min.js.br /tmp/work/dist/zonos-elements/p-0028d158.entry.min.js
2025/01/03 22:01:00 br /tmp/work/dist/zonos-elements/p-0028d158.entry.min.js -> /output/dist/zonos-elements/p-0028d158.entry.min.js.br
2025/01/03 22:01:00 gz /tmp/work/dist/zonos-elements/p-0028d158.entry.min.js -> /output/dist/zonos-elements/p-0028d158.entry.min.js.gz
2025/01/03 22:01:00 sri /tmp/work/dist/zonos-elements/p-0028d158.entry.js -> /output/dist/zonos-elements/p-0028d158.entry.js.sri
2025/01/03 22:01:00 algorithm: run /usr/bin/brotli --quality=11 --output=/output/dist/zonos-elements/p-0028d158.entry.js.br /tmp/work/dist/zonos-elements/p-0028d158.entry.js
2025/01/03 22:01:00 br /tmp/work/dist/zonos-elements/p-0028d158.entry.js -> /output/dist/zonos-elements/p-0028d158.entry.js.br
2025/01/03 22:01:00 gz /tmp/work/dist/zonos-elements/p-0028d158.entry.js -> /output/dist/zonos-elements/p-0028d158.entry.js.gz
2025/01/03 22:01:00 compress: run /node_modules/uglify-js/bin/uglifyjs (3.15.4) [--mangle --compress if_return=true -o /tmp/work/dist/zonos-elements/p-2670438c.system.min.js /tmp/work/dist/zonos-elements/p-2670438c.system.js]
2025/01/03 22:01:00 sri /tmp/work/dist/zonos-elements/p-0e9826d2.system.entry.min.js -> /output/dist/zonos-elements/p-0e9826d2.system.entry.min.js.sri
2025/01/03 22:01:00 algorithm: run /usr/bin/brotli --quality=11 --output=/output/dist/zonos-elements/p-0e9826d2.system.entry.min.js.br /tmp/work/dist/zonos-elements/p-0e9826d2.system.entry.min.js
2025/01/03 22:01:00 br /tmp/work/dist/zonos-elements/p-0e9826d2.system.entry.min.js -> /output/dist/zonos-elements/p-0e9826d2.system.entry.min.js.br
2025/01/03 22:01:00 gz /tmp/work/dist/zonos-elements/p-0e9826d2.system.entry.min.js -> /output/dist/zonos-elements/p-0e9826d2.system.entry.min.js.gz
2025/01/03 22:01:00 sri /tmp/work/dist/zonos-elements/p-0e9826d2.system.entry.js -> /output/dist/zonos-elements/p-0e9826d2.system.entry.js.sri
2025/01/03 22:01:00 algorithm: run /usr/bin/brotli --quality=11 --output=/output/dist/zonos-elements/p-0e9826d2.system.entry.js.br /tmp/work/dist/zonos-elements/p-0e9826d2.system.entry.js
2025/01/03 22:01:00 br /tmp/work/dist/zonos-elements/p-0e9826d2.system.entry.js -> /output/dist/zonos-elements/p-0e9826d2.system.entry.js.br
2025/01/03 22:01:00 gz /tmp/work/dist/zonos-elements/p-0e9826d2.system.entry.js -> /output/dist/zonos-elements/p-0e9826d2.system.entry.js.gz
2025/01/03 22:01:00 compress: run /node_modules/uglify-js/bin/uglifyjs (3.15.4) [--mangle --compress if_return=true -o /tmp/work/dist/zonos-elements/p-2770ba48.system.min.js /tmp/work/dist/zonos-elements/p-2770ba48.system.js]
2025/01/03 22:01:00 sri /tmp/work/dist/zonos-elements/p-23e7c655.system.min.js -> /output/dist/zonos-elements/p-23e7c655.system.min.js.sri
2025/01/03 22:01:00 algorithm: run /usr/bin/brotli --quality=11 --output=/output/dist/zonos-elements/p-23e7c655.system.min.js.br /tmp/work/dist/zonos-elements/p-23e7c655.system.min.js
2025/01/03 22:01:00 br /tmp/work/dist/zonos-elements/p-23e7c655.system.min.js -> /output/dist/zonos-elements/p-23e7c655.system.min.js.br
2025/01/03 22:01:00 gz /tmp/work/dist/zonos-elements/p-23e7c655.system.min.js -> /output/dist/zonos-elements/p-23e7c655.system.min.js.gz
2025/01/03 22:01:00 sri /tmp/work/dist/zonos-elements/p-23e7c655.system.js -> /output/dist/zonos-elements/p-23e7c655.system.js.sri
2025/01/03 22:01:00 algorithm: run /usr/bin/brotli --quality=11 --output=/output/dist/zonos-elements/p-23e7c655.system.js.br /tmp/work/dist/zonos-elements/p-23e7c655.system.js
2025/01/03 22:01:00 br /tmp/work/dist/zonos-elements/p-23e7c655.system.js -> /output/dist/zonos-elements/p-23e7c655.system.js.br
2025/01/03 22:01:00 gz /tmp/work/dist/zonos-elements/p-23e7c655.system.js -> /output/dist/zonos-elements/p-23e7c655.system.js.gz
2025/01/03 22:01:00 compress: run /node_modules/uglify-js/bin/uglifyjs (3.15.4) [--mangle --compress if_return=true -o /tmp/work/dist/zonos-elements/p-2d6557ee.system.min.js /tmp/work/dist/zonos-elements/p-2d6557ee.system.js]
2025/01/03 22:01:00 sri /tmp/work/dist/zonos-elements/p-1aa93d1e.system.min.js -> /output/dist/zonos-elements/p-1aa93d1e.system.min.js.sri
2025/01/03 22:01:00 algorithm: run /usr/bin/brotli --quality=11 --output=/output/dist/zonos-elements/p-1aa93d1e.system.min.js.br /tmp/work/dist/zonos-elements/p-1aa93d1e.system.min.js
2025/01/03 22:01:00 br /tmp/work/dist/zonos-elements/p-1aa93d1e.system.min.js -> /output/dist/zonos-elements/p-1aa93d1e.system.min.js.br
2025/01/03 22:01:00 gz /tmp/work/dist/zonos-elements/p-1aa93d1e.system.min.js -> /output/dist/zonos-elements/p-1aa93d1e.system.min.js.gz
2025/01/03 22:01:00 sri /tmp/work/dist/zonos-elements/p-1aa93d1e.system.js -> /output/dist/zonos-elements/p-1aa93d1e.system.js.sri
2025/01/03 22:01:00 algorithm: run /usr/bin/brotli --quality=11 --output=/output/dist/zonos-elements/p-1aa93d1e.system.js.br /tmp/work/dist/zonos-elements/p-1aa93d1e.system.js
2025/01/03 22:01:00 br /tmp/work/dist/zonos-elements/p-1aa93d1e.system.js -> /output/dist/zonos-elements/p-1aa93d1e.system.js.br
2025/01/03 22:01:00 gz /tmp/work/dist/zonos-elements/p-1aa93d1e.system.js -> /output/dist/zonos-elements/p-1aa93d1e.system.js.gz
2025/01/03 22:01:00 compress: run /node_modules/uglify-js/bin/uglifyjs (3.15.4) [--mangle --compress if_return=true -o /tmp/work/dist/zonos-elements/p-2e6265cc.system.entry.min.js /tmp/work/dist/zonos-elements/p-2e6265cc.system.entry.js]
2025/01/03 22:01:00 sri /tmp/work/dist/zonos-elements/p-2670438c.system.min.js -> /output/dist/zonos-elements/p-2670438c.system.min.js.sri
2025/01/03 22:01:00 algorithm: run /usr/bin/brotli --quality=11 --output=/output/dist/zonos-elements/p-2670438c.system.min.js.br /tmp/work/dist/zonos-elements/p-2670438c.system.min.js
2025/01/03 22:01:00 br /tmp/work/dist/zonos-elements/p-2670438c.system.min.js -> /output/dist/zonos-elements/p-2670438c.system.min.js.br
2025/01/03 22:01:00 gz /tmp/work/dist/zonos-elements/p-2670438c.system.min.js -> /output/dist/zonos-elements/p-2670438c.system.min.js.gz
2025/01/03 22:01:00 sri /tmp/work/dist/zonos-elements/p-2670438c.system.js -> /output/dist/zonos-elements/p-2670438c.system.js.sri
2025/01/03 22:01:00 algorithm: run /usr/bin/brotli --quality=11 --output=/output/dist/zonos-elements/p-2670438c.system.js.br /tmp/work/dist/zonos-elements/p-2670438c.system.js
2025/01/03 22:01:00 br /tmp/work/dist/zonos-elements/p-2670438c.system.js -> /output/dist/zonos-elements/p-2670438c.system.js.br
2025/01/03 22:01:00 gz /tmp/work/dist/zonos-elements/p-2670438c.system.js -> /output/dist/zonos-elements/p-2670438c.system.js.gz
2025/01/03 22:01:00 compress: run /node_modules/uglify-js/bin/uglifyjs (3.15.4) [--mangle --compress if_return=true -o /tmp/work/dist/zonos-elements/p-32912caf.system.min.js /tmp/work/dist/zonos-elements/p-32912caf.system.js]
2025/01/03 22:01:00 sri /tmp/work/dist/zonos-elements/p-2770ba48.system.min.js -> /output/dist/zonos-elements/p-2770ba48.system.min.js.sri
2025/01/03 22:01:00 algorithm: run /usr/bin/brotli --quality=11 --output=/output/dist/zonos-elements/p-2770ba48.system.min.js.br /tmp/work/dist/zonos-elements/p-2770ba48.system.min.js
2025/01/03 22:01:00 br /tmp/work/dist/zonos-elements/p-2770ba48.system.min.js -> /output/dist/zonos-elements/p-2770ba48.system.min.js.br
2025/01/03 22:01:00 gz /tmp/work/dist/zonos-elements/p-2770ba48.system.min.js -> /output/dist/zonos-elements/p-2770ba48.system.min.js.gz
2025/01/03 22:01:00 sri /tmp/work/dist/zonos-elements/p-2770ba48.system.js -> /output/dist/zonos-elements/p-2770ba48.system.js.sri
2025/01/03 22:01:00 algorithm: run /usr/bin/brotli --quality=11 --output=/output/dist/zonos-elements/p-2770ba48.system.js.br /tmp/work/dist/zonos-elements/p-2770ba48.system.js
2025/01/03 22:01:00 br /tmp/work/dist/zonos-elements/p-2770ba48.system.js -> /output/dist/zonos-elements/p-2770ba48.system.js.br
2025/01/03 22:01:00 gz /tmp/work/dist/zonos-elements/p-2770ba48.system.js -> /output/dist/zonos-elements/p-2770ba48.system.js.gz
2025/01/03 22:01:00 compress: run /node_modules/uglify-js/bin/uglifyjs (3.15.4) [--mangle --compress if_return=true -o /tmp/work/dist/zonos-elements/p-36f97fd9.entry.min.js /tmp/work/dist/zonos-elements/p-36f97fd9.entry.js]
2025/01/03 22:01:00 sri /tmp/work/dist/zonos-elements/p-2d6557ee.system.min.js -> /output/dist/zonos-elements/p-2d6557ee.system.min.js.sri
2025/01/03 22:01:00 algorithm: run /usr/bin/brotli --quality=11 --output=/output/dist/zonos-elements/p-2d6557ee.system.min.js.br /tmp/work/dist/zonos-elements/p-2d6557ee.system.min.js
2025/01/03 22:01:00 sri /tmp/work/dist/zonos-elements/p-1d466ac6.entry.min.js -> /output/dist/zonos-elements/p-1d466ac6.entry.min.js.sri
2025/01/03 22:01:00 algorithm: run /usr/bin/brotli --quality=11 --output=/output/dist/zonos-elements/p-1d466ac6.entry.min.js.br /tmp/work/dist/zonos-elements/p-1d466ac6.entry.min.js
2025/01/03 22:01:00 br /tmp/work/dist/zonos-elements/p-2d6557ee.system.min.js -> /output/dist/zonos-elements/p-2d6557ee.system.min.js.br
2025/01/03 22:01:00 gz /tmp/work/dist/zonos-elements/p-2d6557ee.system.min.js -> /output/dist/zonos-elements/p-2d6557ee.system.min.js.gz
2025/01/03 22:01:00 sri /tmp/work/dist/zonos-elements/p-2d6557ee.system.js -> /output/dist/zonos-elements/p-2d6557ee.system.js.sri
2025/01/03 22:01:00 algorithm: run /usr/bin/brotli --quality=11 --output=/output/dist/zonos-elements/p-2d6557ee.system.js.br /tmp/work/dist/zonos-elements/p-2d6557ee.system.js
2025/01/03 22:01:00 br /tmp/work/dist/zonos-elements/p-2d6557ee.system.js -> /output/dist/zonos-elements/p-2d6557ee.system.js.br
2025/01/03 22:01:00 gz /tmp/work/dist/zonos-elements/p-2d6557ee.system.js -> /output/dist/zonos-elements/p-2d6557ee.system.js.gz
2025/01/03 22:01:00 compress: run /node_modules/uglify-js/bin/uglifyjs (3.15.4) [--mangle --compress if_return=true -o /tmp/work/dist/zonos-elements/p-3a213429.system.entry.min.js /tmp/work/dist/zonos-elements/p-3a213429.system.entry.js]
2025/01/03 22:01:00 sri /tmp/work/dist/zonos-elements/index.esm.min.js -> /output/dist/zonos-elements/index.esm.min.js.sri
2025/01/03 22:01:00 algorithm: run /usr/bin/brotli --quality=11 --output=/output/dist/zonos-elements/index.esm.min.js.br /tmp/work/dist/zonos-elements/index.esm.min.js
2025/01/03 22:01:00 br /tmp/work/dist/zonos-elements/p-1d466ac6.entry.min.js -> /output/dist/zonos-elements/p-1d466ac6.entry.min.js.br
2025/01/03 22:01:00 gz /tmp/work/dist/zonos-elements/p-1d466ac6.entry.min.js -> /output/dist/zonos-elements/p-1d466ac6.entry.min.js.gz
2025/01/03 22:01:00 sri /tmp/work/dist/zonos-elements/p-1d466ac6.entry.js -> /output/dist/zonos-elements/p-1d466ac6.entry.js.sri
2025/01/03 22:01:00 algorithm: run /usr/bin/brotli --quality=11 --output=/output/dist/zonos-elements/p-1d466ac6.entry.js.br /tmp/work/dist/zonos-elements/p-1d466ac6.entry.js
2025/01/03 22:01:00 br /tmp/work/dist/zonos-elements/index.esm.min.js -> /output/dist/zonos-elements/index.esm.min.js.br
2025/01/03 22:01:00 gz /tmp/work/dist/zonos-elements/index.esm.min.js -> /output/dist/zonos-elements/index.esm.min.js.gz
2025/01/03 22:01:00 sri /tmp/work/dist/zonos-elements/index.esm.js -> /output/dist/zonos-elements/index.esm.js.sri
2025/01/03 22:01:00 algorithm: run /usr/bin/brotli --quality=11 --output=/output/dist/zonos-elements/index.esm.js.br /tmp/work/dist/zonos-elements/index.esm.js
2025/01/03 22:01:00 br /tmp/work/dist/zonos-elements/index.esm.js -> /output/dist/zonos-elements/index.esm.js.br
2025/01/03 22:01:00 gz /tmp/work/dist/zonos-elements/index.esm.js -> /output/dist/zonos-elements/index.esm.js.gz
2025/01/03 22:01:00 compress: run /node_modules/uglify-js/bin/uglifyjs (3.15.4) [--mangle --compress if_return=true -o /tmp/work/dist/zonos-elements/p-3aa4841a.system.entry.min.js /tmp/work/dist/zonos-elements/p-3aa4841a.system.entry.js]
2025/01/03 22:01:00 sri /tmp/work/dist/zonos-elements/p-36f97fd9.entry.min.js -> /output/dist/zonos-elements/p-36f97fd9.entry.min.js.sri
2025/01/03 22:01:00 algorithm: run /usr/bin/brotli --quality=11 --output=/output/dist/zonos-elements/p-36f97fd9.entry.min.js.br /tmp/work/dist/zonos-elements/p-36f97fd9.entry.min.js
2025/01/03 22:01:00 br /tmp/work/dist/zonos-elements/p-36f97fd9.entry.min.js -> /output/dist/zonos-elements/p-36f97fd9.entry.min.js.br
2025/01/03 22:01:00 gz /tmp/work/dist/zonos-elements/p-36f97fd9.entry.min.js -> /output/dist/zonos-elements/p-36f97fd9.entry.min.js.gz
2025/01/03 22:01:00 sri /tmp/work/dist/zonos-elements/p-36f97fd9.entry.js -> /output/dist/zonos-elements/p-36f97fd9.entry.js.sri
2025/01/03 22:01:00 algorithm: run /usr/bin/brotli --quality=11 --output=/output/dist/zonos-elements/p-36f97fd9.entry.js.br /tmp/work/dist/zonos-elements/p-36f97fd9.entry.js
2025/01/03 22:01:00 br /tmp/work/dist/zonos-elements/p-1d466ac6.entry.js -> /output/dist/zonos-elements/p-1d466ac6.entry.js.br
2025/01/03 22:01:00 gz /tmp/work/dist/zonos-elements/p-1d466ac6.entry.js -> /output/dist/zonos-elements/p-1d466ac6.entry.js.gz
2025/01/03 22:01:00 compress: run /node_modules/uglify-js/bin/uglifyjs (3.15.4) [--mangle --compress if_return=true -o /tmp/work/dist/zonos-elements/p-3bd17598.system.entry.min.js /tmp/work/dist/zonos-elements/p-3bd17598.system.entry.js]
2025/01/03 22:01:00 br /tmp/work/dist/zonos-elements/p-36f97fd9.entry.js -> /output/dist/zonos-elements/p-36f97fd9.entry.js.br
2025/01/03 22:01:00 gz /tmp/work/dist/zonos-elements/p-36f97fd9.entry.js -> /output/dist/zonos-elements/p-36f97fd9.entry.js.gz
2025/01/03 22:01:00 compress: run /node_modules/uglify-js/bin/uglifyjs (3.15.4) [--mangle --compress if_return=true -o /tmp/work/dist/zonos-elements/p-3d221556.system.entry.min.js /tmp/work/dist/zonos-elements/p-3d221556.system.entry.js]
2025/01/03 22:01:00 sri /tmp/work/dist/zonos-elements/p-3a213429.system.entry.min.js -> /output/dist/zonos-elements/p-3a213429.system.entry.min.js.sri
2025/01/03 22:01:00 algorithm: run /usr/bin/brotli --quality=11 --output=/output/dist/zonos-elements/p-3a213429.system.entry.min.js.br /tmp/work/dist/zonos-elements/p-3a213429.system.entry.min.js
2025/01/03 22:01:00 br /tmp/work/dist/zonos-elements/p-3a213429.system.entry.min.js -> /output/dist/zonos-elements/p-3a213429.system.entry.min.js.br
2025/01/03 22:01:00 gz /tmp/work/dist/zonos-elements/p-3a213429.system.entry.min.js -> /output/dist/zonos-elements/p-3a213429.system.entry.min.js.gz
2025/01/03 22:01:00 sri /tmp/work/dist/zonos-elements/p-3a213429.system.entry.js -> /output/dist/zonos-elements/p-3a213429.system.entry.js.sri
2025/01/03 22:01:00 algorithm: run /usr/bin/brotli --quality=11 --output=/output/dist/zonos-elements/p-3a213429.system.entry.js.br /tmp/work/dist/zonos-elements/p-3a213429.system.entry.js
2025/01/03 22:01:00 br /tmp/work/dist/zonos-elements/p-3a213429.system.entry.js -> /output/dist/zonos-elements/p-3a213429.system.entry.js.br
2025/01/03 22:01:00 gz /tmp/work/dist/zonos-elements/p-3a213429.system.entry.js -> /output/dist/zonos-elements/p-3a213429.system.entry.js.gz
2025/01/03 22:01:00 compress: run /node_modules/uglify-js/bin/uglifyjs (3.15.4) [--mangle --compress if_return=true -o /tmp/work/dist/zonos-elements/p-3f282167.system.entry.min.js /tmp/work/dist/zonos-elements/p-3f282167.system.entry.js]
2025/01/03 22:01:01 sri /tmp/work/dist/zonos-elements/p-3d221556.system.entry.min.js -> /output/dist/zonos-elements/p-3d221556.system.entry.min.js.sri
2025/01/03 22:01:01 algorithm: run /usr/bin/brotli --quality=11 --output=/output/dist/zonos-elements/p-3d221556.system.entry.min.js.br /tmp/work/dist/zonos-elements/p-3d221556.system.entry.min.js
2025/01/03 22:01:01 br /tmp/work/dist/zonos-elements/p-3d221556.system.entry.min.js -> /output/dist/zonos-elements/p-3d221556.system.entry.min.js.br
2025/01/03 22:01:01 gz /tmp/work/dist/zonos-elements/p-3d221556.system.entry.min.js -> /output/dist/zonos-elements/p-3d221556.system.entry.min.js.gz
2025/01/03 22:01:01 sri /tmp/work/dist/zonos-elements/p-3d221556.system.entry.js -> /output/dist/zonos-elements/p-3d221556.system.entry.js.sri
2025/01/03 22:01:01 algorithm: run /usr/bin/brotli --quality=11 --output=/output/dist/zonos-elements/p-3d221556.system.entry.js.br /tmp/work/dist/zonos-elements/p-3d221556.system.entry.js
2025/01/03 22:01:01 br /tmp/work/dist/zonos-elements/p-3d221556.system.entry.js -> /output/dist/zonos-elements/p-3d221556.system.entry.js.br
2025/01/03 22:01:01 gz /tmp/work/dist/zonos-elements/p-3d221556.system.entry.js -> /output/dist/zonos-elements/p-3d221556.system.entry.js.gz
2025/01/03 22:01:01 compress: run /node_modules/uglify-js/bin/uglifyjs (3.15.4) [--mangle --compress if_return=true -o /tmp/work/dist/zonos-elements/p-41e26cc4.system.entry.min.js /tmp/work/dist/zonos-elements/p-41e26cc4.system.entry.js]
2025/01/03 22:01:01 sri /tmp/work/dist/zonos-elements/p-3aa4841a.system.entry.min.js -> /output/dist/zonos-elements/p-3aa4841a.system.entry.min.js.sri
2025/01/03 22:01:01 algorithm: run /usr/bin/brotli --quality=11 --output=/output/dist/zonos-elements/p-3aa4841a.system.entry.min.js.br /tmp/work/dist/zonos-elements/p-3aa4841a.system.entry.min.js
2025/01/03 22:01:01 br /tmp/work/dist/zonos-elements/p-3aa4841a.system.entry.min.js -> /output/dist/zonos-elements/p-3aa4841a.system.entry.min.js.br
2025/01/03 22:01:01 gz /tmp/work/dist/zonos-elements/p-3aa4841a.system.entry.min.js -> /output/dist/zonos-elements/p-3aa4841a.system.entry.min.js.gz
2025/01/03 22:01:01 sri /tmp/work/dist/zonos-elements/p-3aa4841a.system.entry.js -> /output/dist/zonos-elements/p-3aa4841a.system.entry.js.sri
2025/01/03 22:01:01 algorithm: run /usr/bin/brotli --quality=11 --output=/output/dist/zonos-elements/p-3aa4841a.system.entry.js.br /tmp/work/dist/zonos-elements/p-3aa4841a.system.entry.js
2025/01/03 22:01:01 br /tmp/work/dist/zonos-elements/p-3aa4841a.system.entry.js -> /output/dist/zonos-elements/p-3aa4841a.system.entry.js.br
2025/01/03 22:01:01 gz /tmp/work/dist/zonos-elements/p-3aa4841a.system.entry.js -> /output/dist/zonos-elements/p-3aa4841a.system.entry.js.gz
2025/01/03 22:01:01 compress: run /node_modules/uglify-js/bin/uglifyjs (3.15.4) [--mangle --compress if_return=true -o /tmp/work/dist/zonos-elements/p-46f6e5e9.system.min.js /tmp/work/dist/zonos-elements/p-46f6e5e9.system.js]
2025/01/03 22:01:01 sri /tmp/work/dist/zonos-elements/p-18e5b741.system.min.js -> /output/dist/zonos-elements/p-18e5b741.system.min.js.sri
2025/01/03 22:01:01 algorithm: run /usr/bin/brotli --quality=11 --output=/output/dist/zonos-elements/p-18e5b741.system.min.js.br /tmp/work/dist/zonos-elements/p-18e5b741.system.min.js
2025/01/03 22:01:01 br /tmp/work/dist/zonos-elements/p-18e5b741.system.min.js -> /output/dist/zonos-elements/p-18e5b741.system.min.js.br
2025/01/03 22:01:01 gz /tmp/work/dist/zonos-elements/p-18e5b741.system.min.js -> /output/dist/zonos-elements/p-18e5b741.system.min.js.gz
2025/01/03 22:01:01 sri /tmp/work/dist/zonos-elements/p-18e5b741.system.js -> /output/dist/zonos-elements/p-18e5b741.system.js.sri
2025/01/03 22:01:01 algorithm: run /usr/bin/brotli --quality=11 --output=/output/dist/zonos-elements/p-18e5b741.system.js.br /tmp/work/dist/zonos-elements/p-18e5b741.system.js
2025/01/03 22:01:01 br /tmp/work/dist/zonos-elements/p-18e5b741.system.js -> /output/dist/zonos-elements/p-18e5b741.system.js.br
2025/01/03 22:01:01 gz /tmp/work/dist/zonos-elements/p-18e5b741.system.js -> /output/dist/zonos-elements/p-18e5b741.system.js.gz
2025/01/03 22:01:01 compress: run /node_modules/uglify-js/bin/uglifyjs (3.15.4) [--mangle --compress if_return=true -o /tmp/work/dist/zonos-elements/p-49b8760c.system.entry.min.js /tmp/work/dist/zonos-elements/p-49b8760c.system.entry.js]
2025/01/03 22:01:01 sri /tmp/work/dist/zonos-elements/p-41e26cc4.system.entry.min.js -> /output/dist/zonos-elements/p-41e26cc4.system.entry.min.js.sri
2025/01/03 22:01:01 algorithm: run /usr/bin/brotli --quality=11 --output=/output/dist/zonos-elements/p-41e26cc4.system.entry.min.js.br /tmp/work/dist/zonos-elements/p-41e26cc4.system.entry.min.js
2025/01/03 22:01:01 br /tmp/work/dist/zonos-elements/p-41e26cc4.system.entry.min.js -> /output/dist/zonos-elements/p-41e26cc4.system.entry.min.js.br
2025/01/03 22:01:01 gz /tmp/work/dist/zonos-elements/p-41e26cc4.system.entry.min.js -> /output/dist/zonos-elements/p-41e26cc4.system.entry.min.js.gz
2025/01/03 22:01:01 sri /tmp/work/dist/zonos-elements/p-41e26cc4.system.entry.js -> /output/dist/zonos-elements/p-41e26cc4.system.entry.js.sri
2025/01/03 22:01:01 algorithm: run /usr/bin/brotli --quality=11 --output=/output/dist/zonos-elements/p-41e26cc4.system.entry.js.br /tmp/work/dist/zonos-elements/p-41e26cc4.system.entry.js
2025/01/03 22:01:01 br /tmp/work/dist/zonos-elements/p-41e26cc4.system.entry.js -> /output/dist/zonos-elements/p-41e26cc4.system.entry.js.br
2025/01/03 22:01:01 gz /tmp/work/dist/zonos-elements/p-41e26cc4.system.entry.js -> /output/dist/zonos-elements/p-41e26cc4.system.entry.js.gz
2025/01/03 22:01:01 compress: run /node_modules/uglify-js/bin/uglifyjs (3.15.4) [--mangle --compress if_return=true -o /tmp/work/dist/zonos-elements/p-4caffd96.system.min.js /tmp/work/dist/zonos-elements/p-4caffd96.system.js]
2025/01/03 22:01:01 sri /tmp/work/dist/zonos-elements/p-46f6e5e9.system.min.js -> /output/dist/zonos-elements/p-46f6e5e9.system.min.js.sri
2025/01/03 22:01:01 algorithm: run /usr/bin/brotli --quality=11 --output=/output/dist/zonos-elements/p-46f6e5e9.system.min.js.br /tmp/work/dist/zonos-elements/p-46f6e5e9.system.min.js
2025/01/03 22:01:01 br /tmp/work/dist/zonos-elements/p-46f6e5e9.system.min.js -> /output/dist/zonos-elements/p-46f6e5e9.system.min.js.br
2025/01/03 22:01:01 gz /tmp/work/dist/zonos-elements/p-46f6e5e9.system.min.js -> /output/dist/zonos-elements/p-46f6e5e9.system.min.js.gz
2025/01/03 22:01:01 sri /tmp/work/dist/zonos-elements/p-46f6e5e9.system.js -> /output/dist/zonos-elements/p-46f6e5e9.system.js.sri
2025/01/03 22:01:01 algorithm: run /usr/bin/brotli --quality=11 --output=/output/dist/zonos-elements/p-46f6e5e9.system.js.br /tmp/work/dist/zonos-elements/p-46f6e5e9.system.js
2025/01/03 22:01:01 sri /tmp/work/dist/zonos-elements/p-12546668.system.min.js -> /output/dist/zonos-elements/p-12546668.system.min.js.sri
2025/01/03 22:01:01 algorithm: run /usr/bin/brotli --quality=11 --output=/output/dist/zonos-elements/p-12546668.system.min.js.br /tmp/work/dist/zonos-elements/p-12546668.system.min.js
2025/01/03 22:01:01 br /tmp/work/dist/zonos-elements/p-46f6e5e9.system.js -> /output/dist/zonos-elements/p-46f6e5e9.system.js.br
2025/01/03 22:01:01 gz /tmp/work/dist/zonos-elements/p-46f6e5e9.system.js -> /output/dist/zonos-elements/p-46f6e5e9.system.js.gz
2025/01/03 22:01:01 compress: run /node_modules/uglify-js/bin/uglifyjs (3.15.4) [--mangle --compress if_return=true -o /tmp/work/dist/zonos-elements/p-4d353108.entry.min.js /tmp/work/dist/zonos-elements/p-4d353108.entry.js]
2025/01/03 22:01:01 br /tmp/work/dist/zonos-elements/p-12546668.system.min.js -> /output/dist/zonos-elements/p-12546668.system.min.js.br
2025/01/03 22:01:01 gz /tmp/work/dist/zonos-elements/p-12546668.system.min.js -> /output/dist/zonos-elements/p-12546668.system.min.js.gz
2025/01/03 22:01:01 sri /tmp/work/dist/zonos-elements/p-12546668.system.js -> /output/dist/zonos-elements/p-12546668.system.js.sri
2025/01/03 22:01:01 algorithm: run /usr/bin/brotli --quality=11 --output=/output/dist/zonos-elements/p-12546668.system.js.br /tmp/work/dist/zonos-elements/p-12546668.system.js
2025/01/03 22:01:01 br /tmp/work/dist/zonos-elements/p-12546668.system.js -> /output/dist/zonos-elements/p-12546668.system.js.br
2025/01/03 22:01:01 gz /tmp/work/dist/zonos-elements/p-12546668.system.js -> /output/dist/zonos-elements/p-12546668.system.js.gz
2025/01/03 22:01:01 compress: run /node_modules/uglify-js/bin/uglifyjs (3.15.4) [--mangle --compress if_return=true -o /tmp/work/dist/zonos-elements/p-56ba5cbf.system.min.js /tmp/work/dist/zonos-elements/p-56ba5cbf.system.js]
2025/01/03 22:01:01 sri /tmp/work/dist/zonos-elements/p-2e6265cc.system.entry.min.js -> /output/dist/zonos-elements/p-2e6265cc.system.entry.min.js.sri
2025/01/03 22:01:01 algorithm: run /usr/bin/brotli --quality=11 --output=/output/dist/zonos-elements/p-2e6265cc.system.entry.min.js.br /tmp/work/dist/zonos-elements/p-2e6265cc.system.entry.min.js
2025/01/03 22:01:01 br /tmp/work/dist/zonos-elements/p-2e6265cc.system.entry.min.js -> /output/dist/zonos-elements/p-2e6265cc.system.entry.min.js.br
2025/01/03 22:01:01 gz /tmp/work/dist/zonos-elements/p-2e6265cc.system.entry.min.js -> /output/dist/zonos-elements/p-2e6265cc.system.entry.min.js.gz
2025/01/03 22:01:01 sri /tmp/work/dist/zonos-elements/p-2e6265cc.system.entry.js -> /output/dist/zonos-elements/p-2e6265cc.system.entry.js.sri
2025/01/03 22:01:01 algorithm: run /usr/bin/brotli --quality=11 --output=/output/dist/zonos-elements/p-2e6265cc.system.entry.js.br /tmp/work/dist/zonos-elements/p-2e6265cc.system.entry.js
2025/01/03 22:01:01 br /tmp/work/dist/zonos-elements/p-2e6265cc.system.entry.js -> /output/dist/zonos-elements/p-2e6265cc.system.entry.js.br
2025/01/03 22:01:01 gz /tmp/work/dist/zonos-elements/p-2e6265cc.system.entry.js -> /output/dist/zonos-elements/p-2e6265cc.system.entry.js.gz
2025/01/03 22:01:01 compress: run /node_modules/uglify-js/bin/uglifyjs (3.15.4) [--mangle --compress if_return=true -o /tmp/work/dist/zonos-elements/p-5883217a.min.js /tmp/work/dist/zonos-elements/p-5883217a.js]
2025/01/03 22:01:01 sri /tmp/work/dist/zonos-elements/p-56ba5cbf.system.min.js -> /output/dist/zonos-elements/p-56ba5cbf.system.min.js.sri
2025/01/03 22:01:01 algorithm: run /usr/bin/brotli --quality=11 --output=/output/dist/zonos-elements/p-56ba5cbf.system.min.js.br /tmp/work/dist/zonos-elements/p-56ba5cbf.system.min.js
2025/01/03 22:01:01 sri /tmp/work/dist/zonos-elements/p-4d353108.entry.min.js -> /output/dist/zonos-elements/p-4d353108.entry.min.js.sri
2025/01/03 22:01:01 algorithm: run /usr/bin/brotli --quality=11 --output=/output/dist/zonos-elements/p-4d353108.entry.min.js.br /tmp/work/dist/zonos-elements/p-4d353108.entry.min.js
2025/01/03 22:01:01 br /tmp/work/dist/zonos-elements/p-56ba5cbf.system.min.js -> /output/dist/zonos-elements/p-56ba5cbf.system.min.js.br
2025/01/03 22:01:01 gz /tmp/work/dist/zonos-elements/p-56ba5cbf.system.min.js -> /output/dist/zonos-elements/p-56ba5cbf.system.min.js.gz
2025/01/03 22:01:01 sri /tmp/work/dist/zonos-elements/p-56ba5cbf.system.js -> /output/dist/zonos-elements/p-56ba5cbf.system.js.sri
2025/01/03 22:01:01 algorithm: run /usr/bin/brotli --quality=11 --output=/output/dist/zonos-elements/p-56ba5cbf.system.js.br /tmp/work/dist/zonos-elements/p-56ba5cbf.system.js
2025/01/03 22:01:01 br /tmp/work/dist/zonos-elements/p-4d353108.entry.min.js -> /output/dist/zonos-elements/p-4d353108.entry.min.js.br
2025/01/03 22:01:01 gz /tmp/work/dist/zonos-elements/p-4d353108.entry.min.js -> /output/dist/zonos-elements/p-4d353108.entry.min.js.gz
2025/01/03 22:01:01 sri /tmp/work/dist/zonos-elements/p-4d353108.entry.js -> /output/dist/zonos-elements/p-4d353108.entry.js.sri
2025/01/03 22:01:01 algorithm: run /usr/bin/brotli --quality=11 --output=/output/dist/zonos-elements/p-4d353108.entry.js.br /tmp/work/dist/zonos-elements/p-4d353108.entry.js
2025/01/03 22:01:01 br /tmp/work/dist/zonos-elements/p-56ba5cbf.system.js -> /output/dist/zonos-elements/p-56ba5cbf.system.js.br
2025/01/03 22:01:01 gz /tmp/work/dist/zonos-elements/p-56ba5cbf.system.js -> /output/dist/zonos-elements/p-56ba5cbf.system.js.gz
2025/01/03 22:01:01 compress: run /node_modules/uglify-js/bin/uglifyjs (3.15.4) [--mangle --compress if_return=true -o /tmp/work/dist/zonos-elements/p-595f5dd2.min.js /tmp/work/dist/zonos-elements/p-595f5dd2.js]
2025/01/03 22:01:01 br /tmp/work/dist/zonos-elements/p-4d353108.entry.js -> /output/dist/zonos-elements/p-4d353108.entry.js.br
2025/01/03 22:01:01 gz /tmp/work/dist/zonos-elements/p-4d353108.entry.js -> /output/dist/zonos-elements/p-4d353108.entry.js.gz
2025/01/03 22:01:01 compress: run /node_modules/uglify-js/bin/uglifyjs (3.15.4) [--mangle --compress if_return=true -o /tmp/work/dist/zonos-elements/p-5bd927f2.min.js /tmp/work/dist/zonos-elements/p-5bd927f2.js]
2025/01/03 22:01:02 sri /tmp/work/dist/zonos-elements/p-5883217a.min.js -> /output/dist/zonos-elements/p-5883217a.min.js.sri
2025/01/03 22:01:02 algorithm: run /usr/bin/brotli --quality=11 --output=/output/dist/zonos-elements/p-5883217a.min.js.br /tmp/work/dist/zonos-elements/p-5883217a.min.js
2025/01/03 22:01:02 br /tmp/work/dist/zonos-elements/p-5883217a.min.js -> /output/dist/zonos-elements/p-5883217a.min.js.br
2025/01/03 22:01:02 gz /tmp/work/dist/zonos-elements/p-5883217a.min.js -> /output/dist/zonos-elements/p-5883217a.min.js.gz
2025/01/03 22:01:02 sri /tmp/work/dist/zonos-elements/p-5883217a.js -> /output/dist/zonos-elements/p-5883217a.js.sri
2025/01/03 22:01:02 algorithm: run /usr/bin/brotli --quality=11 --output=/output/dist/zonos-elements/p-5883217a.js.br /tmp/work/dist/zonos-elements/p-5883217a.js
2025/01/03 22:01:02 br /tmp/work/dist/zonos-elements/p-5883217a.js -> /output/dist/zonos-elements/p-5883217a.js.br
2025/01/03 22:01:02 gz /tmp/work/dist/zonos-elements/p-5883217a.js -> /output/dist/zonos-elements/p-5883217a.js.gz
2025/01/03 22:01:02 compress: run /node_modules/uglify-js/bin/uglifyjs (3.15.4) [--mangle --compress if_return=true -o /tmp/work/dist/zonos-elements/p-5e4b6b77.min.js /tmp/work/dist/zonos-elements/p-5e4b6b77.js]
2025/01/03 22:01:02 sri /tmp/work/dist/zonos-elements/p-595f5dd2.min.js -> /output/dist/zonos-elements/p-595f5dd2.min.js.sri
2025/01/03 22:01:02 algorithm: run /usr/bin/brotli --quality=11 --output=/output/dist/zonos-elements/p-595f5dd2.min.js.br /tmp/work/dist/zonos-elements/p-595f5dd2.min.js
2025/01/03 22:01:02 br /tmp/work/dist/zonos-elements/p-595f5dd2.min.js -> /output/dist/zonos-elements/p-595f5dd2.min.js.br
2025/01/03 22:01:02 gz /tmp/work/dist/zonos-elements/p-595f5dd2.min.js -> /output/dist/zonos-elements/p-595f5dd2.min.js.gz
2025/01/03 22:01:02 sri /tmp/work/dist/zonos-elements/p-595f5dd2.js -> /output/dist/zonos-elements/p-595f5dd2.js.sri
2025/01/03 22:01:02 algorithm: run /usr/bin/brotli --quality=11 --output=/output/dist/zonos-elements/p-595f5dd2.js.br /tmp/work/dist/zonos-elements/p-595f5dd2.js
2025/01/03 22:01:02 br /tmp/work/dist/zonos-elements/p-595f5dd2.js -> /output/dist/zonos-elements/p-595f5dd2.js.br
2025/01/03 22:01:02 gz /tmp/work/dist/zonos-elements/p-595f5dd2.js -> /output/dist/zonos-elements/p-595f5dd2.js.gz
2025/01/03 22:01:02 compress: run /node_modules/uglify-js/bin/uglifyjs (3.15.4) [--mangle --compress if_return=true -o /tmp/work/dist/zonos-elements/p-5e76c269.entry.min.js /tmp/work/dist/zonos-elements/p-5e76c269.entry.js]
2025/01/03 22:01:02 sri /tmp/work/dist/zonos-elements/p-5bd927f2.min.js -> /output/dist/zonos-elements/p-5bd927f2.min.js.sri
2025/01/03 22:01:02 algorithm: run /usr/bin/brotli --quality=11 --output=/output/dist/zonos-elements/p-5bd927f2.min.js.br /tmp/work/dist/zonos-elements/p-5bd927f2.min.js
2025/01/03 22:01:02 br /tmp/work/dist/zonos-elements/p-5bd927f2.min.js -> /output/dist/zonos-elements/p-5bd927f2.min.js.br
2025/01/03 22:01:02 gz /tmp/work/dist/zonos-elements/p-5bd927f2.min.js -> /output/dist/zonos-elements/p-5bd927f2.min.js.gz
2025/01/03 22:01:02 sri /tmp/work/dist/zonos-elements/p-5bd927f2.js -> /output/dist/zonos-elements/p-5bd927f2.js.sri
2025/01/03 22:01:02 algorithm: run /usr/bin/brotli --quality=11 --output=/output/dist/zonos-elements/p-5bd927f2.js.br /tmp/work/dist/zonos-elements/p-5bd927f2.js
2025/01/03 22:01:02 br /tmp/work/dist/zonos-elements/p-5bd927f2.js -> /output/dist/zonos-elements/p-5bd927f2.js.br
2025/01/03 22:01:02 gz /tmp/work/dist/zonos-elements/p-5bd927f2.js -> /output/dist/zonos-elements/p-5bd927f2.js.gz
2025/01/03 22:01:02 compress: run /node_modules/uglify-js/bin/uglifyjs (3.15.4) [--mangle --compress if_return=true -o /tmp/work/dist/zonos-elements/p-619c07c6.system.entry.min.js /tmp/work/dist/zonos-elements/p-619c07c6.system.entry.js]
2025/01/03 22:01:02 sri /tmp/work/dist/zonos-elements/p-49b8760c.system.entry.min.js -> /output/dist/zonos-elements/p-49b8760c.system.entry.min.js.sri
2025/01/03 22:01:02 algorithm: run /usr/bin/brotli --quality=11 --output=/output/dist/zonos-elements/p-49b8760c.system.entry.min.js.br /tmp/work/dist/zonos-elements/p-49b8760c.system.entry.min.js
2025/01/03 22:01:02 br /tmp/work/dist/zonos-elements/p-49b8760c.system.entry.min.js -> /output/dist/zonos-elements/p-49b8760c.system.entry.min.js.br
2025/01/03 22:01:02 gz /tmp/work/dist/zonos-elements/p-49b8760c.system.entry.min.js -> /output/dist/zonos-elements/p-49b8760c.system.entry.min.js.gz
2025/01/03 22:01:02 sri /tmp/work/dist/zonos-elements/p-49b8760c.system.entry.js -> /output/dist/zonos-elements/p-49b8760c.system.entry.js.sri
2025/01/03 22:01:02 algorithm: run /usr/bin/brotli --quality=11 --output=/output/dist/zonos-elements/p-49b8760c.system.entry.js.br /tmp/work/dist/zonos-elements/p-49b8760c.system.entry.js
2025/01/03 22:01:02 br /tmp/work/dist/zonos-elements/p-49b8760c.system.entry.js -> /output/dist/zonos-elements/p-49b8760c.system.entry.js.br
2025/01/03 22:01:02 gz /tmp/work/dist/zonos-elements/p-49b8760c.system.entry.js -> /output/dist/zonos-elements/p-49b8760c.system.entry.js.gz
2025/01/03 22:01:02 compress: run /node_modules/uglify-js/bin/uglifyjs (3.15.4) [--mangle --compress if_return=true -o /tmp/work/dist/zonos-elements/p-69f84611.entry.min.js /tmp/work/dist/zonos-elements/p-69f84611.entry.js]
2025/01/03 22:01:02 sri /tmp/work/dist/zonos-elements/p-32912caf.system.min.js -> /output/dist/zonos-elements/p-32912caf.system.min.js.sri
2025/01/03 22:01:02 algorithm: run /usr/bin/brotli --quality=11 --output=/output/dist/zonos-elements/p-32912caf.system.min.js.br /tmp/work/dist/zonos-elements/p-32912caf.system.min.js
2025/01/03 22:01:02 br /tmp/work/dist/zonos-elements/p-32912caf.system.min.js -> /output/dist/zonos-elements/p-32912caf.system.min.js.br
2025/01/03 22:01:02 gz /tmp/work/dist/zonos-elements/p-32912caf.system.min.js -> /output/dist/zonos-elements/p-32912caf.system.min.js.gz
2025/01/03 22:01:02 sri /tmp/work/dist/zonos-elements/p-32912caf.system.js -> /output/dist/zonos-elements/p-32912caf.system.js.sri
2025/01/03 22:01:02 algorithm: run /usr/bin/brotli --quality=11 --output=/output/dist/zonos-elements/p-32912caf.system.js.br /tmp/work/dist/zonos-elements/p-32912caf.system.js
2025/01/03 22:01:02 br /tmp/work/dist/zonos-elements/p-32912caf.system.js -> /output/dist/zonos-elements/p-32912caf.system.js.br
2025/01/03 22:01:02 gz /tmp/work/dist/zonos-elements/p-32912caf.system.js -> /output/dist/zonos-elements/p-32912caf.system.js.gz
2025/01/03 22:01:02 compress: run /node_modules/uglify-js/bin/uglifyjs (3.15.4) [--mangle --compress if_return=true -o /tmp/work/dist/zonos-elements/p-6c578d26.min.js /tmp/work/dist/zonos-elements/p-6c578d26.js]
2025/01/03 22:01:02 sri /tmp/work/dist/zonos-elements/p-5e76c269.entry.min.js -> /output/dist/zonos-elements/p-5e76c269.entry.min.js.sri
2025/01/03 22:01:02 algorithm: run /usr/bin/brotli --quality=11 --output=/output/dist/zonos-elements/p-5e76c269.entry.min.js.br /tmp/work/dist/zonos-elements/p-5e76c269.entry.min.js
2025/01/03 22:01:02 br /tmp/work/dist/zonos-elements/p-5e76c269.entry.min.js -> /output/dist/zonos-elements/p-5e76c269.entry.min.js.br
2025/01/03 22:01:02 gz /tmp/work/dist/zonos-elements/p-5e76c269.entry.min.js -> /output/dist/zonos-elements/p-5e76c269.entry.min.js.gz
2025/01/03 22:01:02 sri /tmp/work/dist/zonos-elements/p-5e76c269.entry.js -> /output/dist/zonos-elements/p-5e76c269.entry.js.sri
2025/01/03 22:01:02 algorithm: run /usr/bin/brotli --quality=11 --output=/output/dist/zonos-elements/p-5e76c269.entry.js.br /tmp/work/dist/zonos-elements/p-5e76c269.entry.js
2025/01/03 22:01:02 br /tmp/work/dist/zonos-elements/p-5e76c269.entry.js -> /output/dist/zonos-elements/p-5e76c269.entry.js.br
2025/01/03 22:01:02 gz /tmp/work/dist/zonos-elements/p-5e76c269.entry.js -> /output/dist/zonos-elements/p-5e76c269.entry.js.gz
2025/01/03 22:01:02 compress: run /node_modules/uglify-js/bin/uglifyjs (3.15.4) [--mangle --compress if_return=true -o /tmp/work/dist/zonos-elements/p-709c7e9e.entry.min.js /tmp/work/dist/zonos-elements/p-709c7e9e.entry.js]
2025/01/03 22:01:02 sri /tmp/work/dist/zonos-elements/p-619c07c6.system.entry.min.js -> /output/dist/zonos-elements/p-619c07c6.system.entry.min.js.sri
2025/01/03 22:01:02 algorithm: run /usr/bin/brotli --quality=11 --output=/output/dist/zonos-elements/p-619c07c6.system.entry.min.js.br /tmp/work/dist/zonos-elements/p-619c07c6.system.entry.min.js
2025/01/03 22:01:02 br /tmp/work/dist/zonos-elements/p-619c07c6.system.entry.min.js -> /output/dist/zonos-elements/p-619c07c6.system.entry.min.js.br
2025/01/03 22:01:02 gz /tmp/work/dist/zonos-elements/p-619c07c6.system.entry.min.js -> /output/dist/zonos-elements/p-619c07c6.system.entry.min.js.gz
2025/01/03 22:01:02 sri /tmp/work/dist/zonos-elements/p-619c07c6.system.entry.js -> /output/dist/zonos-elements/p-619c07c6.system.entry.js.sri
2025/01/03 22:01:02 algorithm: run /usr/bin/brotli --quality=11 --output=/output/dist/zonos-elements/p-619c07c6.system.entry.js.br /tmp/work/dist/zonos-elements/p-619c07c6.system.entry.js
2025/01/03 22:01:02 sri /tmp/work/dist/zonos-elements/p-69f84611.entry.min.js -> /output/dist/zonos-elements/p-69f84611.entry.min.js.sri
2025/01/03 22:01:02 algorithm: run /usr/bin/brotli --quality=11 --output=/output/dist/zonos-elements/p-69f84611.entry.min.js.br /tmp/work/dist/zonos-elements/p-69f84611.entry.min.js
2025/01/03 22:01:02 br /tmp/work/dist/zonos-elements/p-619c07c6.system.entry.js -> /output/dist/zonos-elements/p-619c07c6.system.entry.js.br
2025/01/03 22:01:02 gz /tmp/work/dist/zonos-elements/p-619c07c6.system.entry.js -> /output/dist/zonos-elements/p-619c07c6.system.entry.js.gz
2025/01/03 22:01:02 compress: run /node_modules/uglify-js/bin/uglifyjs (3.15.4) [--mangle --compress if_return=true -o /tmp/work/dist/zonos-elements/p-7140439f.system.entry.min.js /tmp/work/dist/zonos-elements/p-7140439f.system.entry.js]
2025/01/03 22:01:02 br /tmp/work/dist/zonos-elements/p-69f84611.entry.min.js -> /output/dist/zonos-elements/p-69f84611.entry.min.js.br
2025/01/03 22:01:02 gz /tmp/work/dist/zonos-elements/p-69f84611.entry.min.js -> /output/dist/zonos-elements/p-69f84611.entry.min.js.gz
2025/01/03 22:01:02 sri /tmp/work/dist/zonos-elements/p-69f84611.entry.js -> /output/dist/zonos-elements/p-69f84611.entry.js.sri
2025/01/03 22:01:02 algorithm: run /usr/bin/brotli --quality=11 --output=/output/dist/zonos-elements/p-69f84611.entry.js.br /tmp/work/dist/zonos-elements/p-69f84611.entry.js
2025/01/03 22:01:02 br /tmp/work/dist/zonos-elements/p-69f84611.entry.js -> /output/dist/zonos-elements/p-69f84611.entry.js.br
2025/01/03 22:01:02 gz /tmp/work/dist/zonos-elements/p-69f84611.entry.js -> /output/dist/zonos-elements/p-69f84611.entry.js.gz
2025/01/03 22:01:02 compress: run /node_modules/uglify-js/bin/uglifyjs (3.15.4) [--mangle --compress if_return=true -o /tmp/work/dist/zonos-elements/p-794b2d24.system.entry.min.js /tmp/work/dist/zonos-elements/p-794b2d24.system.entry.js]
2025/01/03 22:01:02 sri /tmp/work/dist/zonos-elements/p-5e4b6b77.min.js -> /output/dist/zonos-elements/p-5e4b6b77.min.js.sri
2025/01/03 22:01:02 algorithm: run /usr/bin/brotli --quality=11 --output=/output/dist/zonos-elements/p-5e4b6b77.min.js.br /tmp/work/dist/zonos-elements/p-5e4b6b77.min.js
2025/01/03 22:01:02 sri /tmp/work/dist/zonos-elements/p-709c7e9e.entry.min.js -> /output/dist/zonos-elements/p-709c7e9e.entry.min.js.sri
2025/01/03 22:01:02 algorithm: run /usr/bin/brotli --quality=11 --output=/output/dist/zonos-elements/p-709c7e9e.entry.min.js.br /tmp/work/dist/zonos-elements/p-709c7e9e.entry.min.js
2025/01/03 22:01:02 sri /tmp/work/dist/zonos-elements/p-3f282167.system.entry.min.js -> /output/dist/zonos-elements/p-3f282167.system.entry.min.js.sri
2025/01/03 22:01:02 algorithm: run /usr/bin/brotli --quality=11 --output=/output/dist/zonos-elements/p-3f282167.system.entry.min.js.br /tmp/work/dist/zonos-elements/p-3f282167.system.entry.min.js
2025/01/03 22:01:02 br /tmp/work/dist/zonos-elements/p-5e4b6b77.min.js -> /output/dist/zonos-elements/p-5e4b6b77.min.js.br
2025/01/03 22:01:02 gz /tmp/work/dist/zonos-elements/p-5e4b6b77.min.js -> /output/dist/zonos-elements/p-5e4b6b77.min.js.gz
2025/01/03 22:01:02 sri /tmp/work/dist/zonos-elements/p-5e4b6b77.js -> /output/dist/zonos-elements/p-5e4b6b77.js.sri
2025/01/03 22:01:02 algorithm: run /usr/bin/brotli --quality=11 --output=/output/dist/zonos-elements/p-5e4b6b77.js.br /tmp/work/dist/zonos-elements/p-5e4b6b77.js
2025/01/03 22:01:02 br /tmp/work/dist/zonos-elements/p-709c7e9e.entry.min.js -> /output/dist/zonos-elements/p-709c7e9e.entry.min.js.br
2025/01/03 22:01:02 gz /tmp/work/dist/zonos-elements/p-709c7e9e.entry.min.js -> /output/dist/zonos-elements/p-709c7e9e.entry.min.js.gz
2025/01/03 22:01:02 sri /tmp/work/dist/zonos-elements/p-709c7e9e.entry.js -> /output/dist/zonos-elements/p-709c7e9e.entry.js.sri
2025/01/03 22:01:02 algorithm: run /usr/bin/brotli --quality=11 --output=/output/dist/zonos-elements/p-709c7e9e.entry.js.br /tmp/work/dist/zonos-elements/p-709c7e9e.entry.js
2025/01/03 22:01:02 br /tmp/work/dist/zonos-elements/p-5e4b6b77.js -> /output/dist/zonos-elements/p-5e4b6b77.js.br
2025/01/03 22:01:02 gz /tmp/work/dist/zonos-elements/p-5e4b6b77.js -> /output/dist/zonos-elements/p-5e4b6b77.js.gz
2025/01/03 22:01:02 compress: run /node_modules/uglify-js/bin/uglifyjs (3.15.4) [--mangle --compress if_return=true -o /tmp/work/dist/zonos-elements/p-7f288336.entry.min.js /tmp/work/dist/zonos-elements/p-7f288336.entry.js]
2025/01/03 22:01:02 br /tmp/work/dist/zonos-elements/p-709c7e9e.entry.js -> /output/dist/zonos-elements/p-709c7e9e.entry.js.br
2025/01/03 22:01:02 gz /tmp/work/dist/zonos-elements/p-709c7e9e.entry.js -> /output/dist/zonos-elements/p-709c7e9e.entry.js.gz
2025/01/03 22:01:02 compress: run /node_modules/uglify-js/bin/uglifyjs (3.15.4) [--mangle --compress if_return=true -o /tmp/work/dist/zonos-elements/p-81084be5.system.entry.min.js /tmp/work/dist/zonos-elements/p-81084be5.system.entry.js]
2025/01/03 22:01:02 sri /tmp/work/dist/zonos-elements/p-7140439f.system.entry.min.js -> /output/dist/zonos-elements/p-7140439f.system.entry.min.js.sri
2025/01/03 22:01:02 algorithm: run /usr/bin/brotli --quality=11 --output=/output/dist/zonos-elements/p-7140439f.system.entry.min.js.br /tmp/work/dist/zonos-elements/p-7140439f.system.entry.min.js
2025/01/03 22:01:02 br /tmp/work/dist/zonos-elements/p-3f282167.system.entry.min.js -> /output/dist/zonos-elements/p-3f282167.system.entry.min.js.br
2025/01/03 22:01:02 gz /tmp/work/dist/zonos-elements/p-3f282167.system.entry.min.js -> /output/dist/zonos-elements/p-3f282167.system.entry.min.js.gz
2025/01/03 22:01:02 sri /tmp/work/dist/zonos-elements/p-3f282167.system.entry.js -> /output/dist/zonos-elements/p-3f282167.system.entry.js.sri
2025/01/03 22:01:02 algorithm: run /usr/bin/brotli --quality=11 --output=/output/dist/zonos-elements/p-3f282167.system.entry.js.br /tmp/work/dist/zonos-elements/p-3f282167.system.entry.js
2025/01/03 22:01:02 br /tmp/work/dist/zonos-elements/p-7140439f.system.entry.min.js -> /output/dist/zonos-elements/p-7140439f.system.entry.min.js.br
2025/01/03 22:01:02 gz /tmp/work/dist/zonos-elements/p-7140439f.system.entry.min.js -> /output/dist/zonos-elements/p-7140439f.system.entry.min.js.gz
2025/01/03 22:01:02 sri /tmp/work/dist/zonos-elements/p-7140439f.system.entry.js -> /output/dist/zonos-elements/p-7140439f.system.entry.js.sri
2025/01/03 22:01:02 algorithm: run /usr/bin/brotli --quality=11 --output=/output/dist/zonos-elements/p-7140439f.system.entry.js.br /tmp/work/dist/zonos-elements/p-7140439f.system.entry.js
2025/01/03 22:01:02 br /tmp/work/dist/zonos-elements/p-7140439f.system.entry.js -> /output/dist/zonos-elements/p-7140439f.system.entry.js.br
2025/01/03 22:01:02 gz /tmp/work/dist/zonos-elements/p-7140439f.system.entry.js -> /output/dist/zonos-elements/p-7140439f.system.entry.js.gz
2025/01/03 22:01:02 compress: run /node_modules/uglify-js/bin/uglifyjs (3.15.4) [--mangle --compress if_return=true -o /tmp/work/dist/zonos-elements/p-81a54668.min.js /tmp/work/dist/zonos-elements/p-81a54668.js]
2025/01/03 22:01:02 sri /tmp/work/dist/zonos-elements/p-3bd17598.system.entry.min.js -> /output/dist/zonos-elements/p-3bd17598.system.entry.min.js.sri
2025/01/03 22:01:02 algorithm: run /usr/bin/brotli --quality=11 --output=/output/dist/zonos-elements/p-3bd17598.system.entry.min.js.br /tmp/work/dist/zonos-elements/p-3bd17598.system.entry.min.js
2025/01/03 22:01:02 br /tmp/work/dist/zonos-elements/p-3f282167.system.entry.js -> /output/dist/zonos-elements/p-3f282167.system.entry.js.br
2025/01/03 22:01:02 gz /tmp/work/dist/zonos-elements/p-3f282167.system.entry.js -> /output/dist/zonos-elements/p-3f282167.system.entry.js.gz
2025/01/03 22:01:02 compress: run /node_modules/uglify-js/bin/uglifyjs (3.15.4) [--mangle --compress if_return=true -o /tmp/work/dist/zonos-elements/p-81a5dd5c.min.js /tmp/work/dist/zonos-elements/p-81a5dd5c.js]
2025/01/03 22:01:02 br /tmp/work/dist/zonos-elements/p-3bd17598.system.entry.min.js -> /output/dist/zonos-elements/p-3bd17598.system.entry.min.js.br
2025/01/03 22:01:02 gz /tmp/work/dist/zonos-elements/p-3bd17598.system.entry.min.js -> /output/dist/zonos-elements/p-3bd17598.system.entry.min.js.gz
2025/01/03 22:01:02 sri /tmp/work/dist/zonos-elements/p-3bd17598.system.entry.js -> /output/dist/zonos-elements/p-3bd17598.system.entry.js.sri
2025/01/03 22:01:02 algorithm: run /usr/bin/brotli --quality=11 --output=/output/dist/zonos-elements/p-3bd17598.system.entry.js.br /tmp/work/dist/zonos-elements/p-3bd17598.system.entry.js
2025/01/03 22:01:02 sri /tmp/work/dist/zonos-elements/p-81084be5.system.entry.min.js -> /output/dist/zonos-elements/p-81084be5.system.entry.min.js.sri
2025/01/03 22:01:02 algorithm: run /usr/bin/brotli --quality=11 --output=/output/dist/zonos-elements/p-81084be5.system.entry.min.js.br /tmp/work/dist/zonos-elements/p-81084be5.system.entry.min.js
2025/01/03 22:01:02 br /tmp/work/dist/zonos-elements/p-81084be5.system.entry.min.js -> /output/dist/zonos-elements/p-81084be5.system.entry.min.js.br
2025/01/03 22:01:02 gz /tmp/work/dist/zonos-elements/p-81084be5.system.entry.min.js -> /output/dist/zonos-elements/p-81084be5.system.entry.min.js.gz
2025/01/03 22:01:02 sri /tmp/work/dist/zonos-elements/p-81084be5.system.entry.js -> /output/dist/zonos-elements/p-81084be5.system.entry.js.sri
2025/01/03 22:01:02 algorithm: run /usr/bin/brotli --quality=11 --output=/output/dist/zonos-elements/p-81084be5.system.entry.js.br /tmp/work/dist/zonos-elements/p-81084be5.system.entry.js
2025/01/03 22:01:02 br /tmp/work/dist/zonos-elements/p-81084be5.system.entry.js -> /output/dist/zonos-elements/p-81084be5.system.entry.js.br
2025/01/03 22:01:02 gz /tmp/work/dist/zonos-elements/p-81084be5.system.entry.js -> /output/dist/zonos-elements/p-81084be5.system.entry.js.gz
2025/01/03 22:01:02 compress: run /node_modules/uglify-js/bin/uglifyjs (3.15.4) [--mangle --compress if_return=true -o /tmp/work/dist/zonos-elements/p-826b5d0c.system.min.js /tmp/work/dist/zonos-elements/p-826b5d0c.system.js]
2025/01/03 22:01:03 sri /tmp/work/dist/zonos-elements/p-7f288336.entry.min.js -> /output/dist/zonos-elements/p-7f288336.entry.min.js.sri
2025/01/03 22:01:03 algorithm: run /usr/bin/brotli --quality=11 --output=/output/dist/zonos-elements/p-7f288336.entry.min.js.br /tmp/work/dist/zonos-elements/p-7f288336.entry.min.js
2025/01/03 22:01:03 br /tmp/work/dist/zonos-elements/p-7f288336.entry.min.js -> /output/dist/zonos-elements/p-7f288336.entry.min.js.br
2025/01/03 22:01:03 gz /tmp/work/dist/zonos-elements/p-7f288336.entry.min.js -> /output/dist/zonos-elements/p-7f288336.entry.min.js.gz
2025/01/03 22:01:03 sri /tmp/work/dist/zonos-elements/p-7f288336.entry.js -> /output/dist/zonos-elements/p-7f288336.entry.js.sri
2025/01/03 22:01:03 algorithm: run /usr/bin/brotli --quality=11 --output=/output/dist/zonos-elements/p-7f288336.entry.js.br /tmp/work/dist/zonos-elements/p-7f288336.entry.js
2025/01/03 22:01:03 br /tmp/work/dist/zonos-elements/p-7f288336.entry.js -> /output/dist/zonos-elements/p-7f288336.entry.js.br
2025/01/03 22:01:03 gz /tmp/work/dist/zonos-elements/p-7f288336.entry.js -> /output/dist/zonos-elements/p-7f288336.entry.js.gz
2025/01/03 22:01:03 compress: run /node_modules/uglify-js/bin/uglifyjs (3.15.4) [--mangle --compress if_return=true -o /tmp/work/dist/zonos-elements/p-86e825f0.system.entry.min.js /tmp/work/dist/zonos-elements/p-86e825f0.system.entry.js]
2025/01/03 22:01:03 sri /tmp/work/dist/zonos-elements/p-81a54668.min.js -> /output/dist/zonos-elements/p-81a54668.min.js.sri
2025/01/03 22:01:03 algorithm: run /usr/bin/brotli --quality=11 --output=/output/dist/zonos-elements/p-81a54668.min.js.br /tmp/work/dist/zonos-elements/p-81a54668.min.js
2025/01/03 22:01:03 br /tmp/work/dist/zonos-elements/p-81a54668.min.js -> /output/dist/zonos-elements/p-81a54668.min.js.br
2025/01/03 22:01:03 gz /tmp/work/dist/zonos-elements/p-81a54668.min.js -> /output/dist/zonos-elements/p-81a54668.min.js.gz
2025/01/03 22:01:03 sri /tmp/work/dist/zonos-elements/p-81a54668.js -> /output/dist/zonos-elements/p-81a54668.js.sri
2025/01/03 22:01:03 algorithm: run /usr/bin/brotli --quality=11 --output=/output/dist/zonos-elements/p-81a54668.js.br /tmp/work/dist/zonos-elements/p-81a54668.js
2025/01/03 22:01:03 br /tmp/work/dist/zonos-elements/p-81a54668.js -> /output/dist/zonos-elements/p-81a54668.js.br
2025/01/03 22:01:03 gz /tmp/work/dist/zonos-elements/p-81a54668.js -> /output/dist/zonos-elements/p-81a54668.js.gz
2025/01/03 22:01:03 compress: run /node_modules/uglify-js/bin/uglifyjs (3.15.4) [--mangle --compress if_return=true -o /tmp/work/dist/zonos-elements/p-896dca32.entry.min.js /tmp/work/dist/zonos-elements/p-896dca32.entry.js]
2025/01/03 22:01:03 br /tmp/work/dist/zonos-elements/p-3bd17598.system.entry.js -> /output/dist/zonos-elements/p-3bd17598.system.entry.js.br
2025/01/03 22:01:03 gz /tmp/work/dist/zonos-elements/p-3bd17598.system.entry.js -> /output/dist/zonos-elements/p-3bd17598.system.entry.js.gz
2025/01/03 22:01:03 compress: run /node_modules/uglify-js/bin/uglifyjs (3.15.4) [--mangle --compress if_return=true -o /tmp/work/dist/zonos-elements/p-9024f5a1.entry.min.js /tmp/work/dist/zonos-elements/p-9024f5a1.entry.js]
2025/01/03 22:01:03 sri /tmp/work/dist/zonos-elements/p-81a5dd5c.min.js -> /output/dist/zonos-elements/p-81a5dd5c.min.js.sri
2025/01/03 22:01:03 algorithm: run /usr/bin/brotli --quality=11 --output=/output/dist/zonos-elements/p-81a5dd5c.min.js.br /tmp/work/dist/zonos-elements/p-81a5dd5c.min.js
2025/01/03 22:01:03 sri /tmp/work/dist/zonos-elements/p-794b2d24.system.entry.min.js -> /output/dist/zonos-elements/p-794b2d24.system.entry.min.js.sri
2025/01/03 22:01:03 algorithm: run /usr/bin/brotli --quality=11 --output=/output/dist/zonos-elements/p-794b2d24.system.entry.min.js.br /tmp/work/dist/zonos-elements/p-794b2d24.system.entry.min.js
2025/01/03 22:01:03 br /tmp/work/dist/zonos-elements/p-81a5dd5c.min.js -> /output/dist/zonos-elements/p-81a5dd5c.min.js.br
2025/01/03 22:01:03 gz /tmp/work/dist/zonos-elements/p-81a5dd5c.min.js -> /output/dist/zonos-elements/p-81a5dd5c.min.js.gz
2025/01/03 22:01:03 sri /tmp/work/dist/zonos-elements/p-81a5dd5c.js -> /output/dist/zonos-elements/p-81a5dd5c.js.sri
2025/01/03 22:01:03 algorithm: run /usr/bin/brotli --quality=11 --output=/output/dist/zonos-elements/p-81a5dd5c.js.br /tmp/work/dist/zonos-elements/p-81a5dd5c.js
2025/01/03 22:01:03 br /tmp/work/dist/zonos-elements/p-81a5dd5c.js -> /output/dist/zonos-elements/p-81a5dd5c.js.br
2025/01/03 22:01:03 gz /tmp/work/dist/zonos-elements/p-81a5dd5c.js -> /output/dist/zonos-elements/p-81a5dd5c.js.gz
2025/01/03 22:01:03 compress: run /node_modules/uglify-js/bin/uglifyjs (3.15.4) [--mangle --compress if_return=true -o /tmp/work/dist/zonos-elements/p-91fc6c24.system.entry.min.js /tmp/work/dist/zonos-elements/p-91fc6c24.system.entry.js]
2025/01/03 22:01:03 sri /tmp/work/dist/zonos-elements/p-4caffd96.system.min.js -> /output/dist/zonos-elements/p-4caffd96.system.min.js.sri
2025/01/03 22:01:03 algorithm: run /usr/bin/brotli --quality=11 --output=/output/dist/zonos-elements/p-4caffd96.system.min.js.br /tmp/work/dist/zonos-elements/p-4caffd96.system.min.js
2025/01/03 22:01:03 br /tmp/work/dist/zonos-elements/p-794b2d24.system.entry.min.js -> /output/dist/zonos-elements/p-794b2d24.system.entry.min.js.br
2025/01/03 22:01:03 gz /tmp/work/dist/zonos-elements/p-794b2d24.system.entry.min.js -> /output/dist/zonos-elements/p-794b2d24.system.entry.min.js.gz
2025/01/03 22:01:03 sri /tmp/work/dist/zonos-elements/p-794b2d24.system.entry.js -> /output/dist/zonos-elements/p-794b2d24.system.entry.js.sri
2025/01/03 22:01:03 algorithm: run /usr/bin/brotli --quality=11 --output=/output/dist/zonos-elements/p-794b2d24.system.entry.js.br /tmp/work/dist/zonos-elements/p-794b2d24.system.entry.js
2025/01/03 22:01:03 br /tmp/work/dist/zonos-elements/p-4caffd96.system.min.js -> /output/dist/zonos-elements/p-4caffd96.system.min.js.br
2025/01/03 22:01:03 br /tmp/work/dist/zonos-elements/p-794b2d24.system.entry.js -> /output/dist/zonos-elements/p-794b2d24.system.entry.js.br
2025/01/03 22:01:03 gz /tmp/work/dist/zonos-elements/p-4caffd96.system.min.js -> /output/dist/zonos-elements/p-4caffd96.system.min.js.gz
2025/01/03 22:01:03 sri /tmp/work/dist/zonos-elements/p-4caffd96.system.js -> /output/dist/zonos-elements/p-4caffd96.system.js.sri
2025/01/03 22:01:03 algorithm: run /usr/bin/brotli --quality=11 --output=/output/dist/zonos-elements/p-4caffd96.system.js.br /tmp/work/dist/zonos-elements/p-4caffd96.system.js
2025/01/03 22:01:03 gz /tmp/work/dist/zonos-elements/p-794b2d24.system.entry.js -> /output/dist/zonos-elements/p-794b2d24.system.entry.js.gz
2025/01/03 22:01:03 compress: run /node_modules/uglify-js/bin/uglifyjs (3.15.4) [--mangle --compress if_return=true -o /tmp/work/dist/zonos-elements/p-96d77739.min.js /tmp/work/dist/zonos-elements/p-96d77739.js]
2025/01/03 22:01:03 br /tmp/work/dist/zonos-elements/p-4caffd96.system.js -> /output/dist/zonos-elements/p-4caffd96.system.js.br
2025/01/03 22:01:03 gz /tmp/work/dist/zonos-elements/p-4caffd96.system.js -> /output/dist/zonos-elements/p-4caffd96.system.js.gz
2025/01/03 22:01:03 compress: run /node_modules/uglify-js/bin/uglifyjs (3.15.4) [--mangle --compress if_return=true -o /tmp/work/dist/zonos-elements/p-97aceb11.min.js /tmp/work/dist/zonos-elements/p-97aceb11.js]
2025/01/03 22:01:03 sri /tmp/work/dist/zonos-elements/p-86e825f0.system.entry.min.js -> /output/dist/zonos-elements/p-86e825f0.system.entry.min.js.sri
2025/01/03 22:01:03 algorithm: run /usr/bin/brotli --quality=11 --output=/output/dist/zonos-elements/p-86e825f0.system.entry.min.js.br /tmp/work/dist/zonos-elements/p-86e825f0.system.entry.min.js
2025/01/03 22:01:03 sri /tmp/work/dist/zonos-elements/p-6c578d26.min.js -> /output/dist/zonos-elements/p-6c578d26.min.js.sri
2025/01/03 22:01:03 algorithm: run /usr/bin/brotli --quality=11 --output=/output/dist/zonos-elements/p-6c578d26.min.js.br /tmp/work/dist/zonos-elements/p-6c578d26.min.js
2025/01/03 22:01:03 sri /tmp/work/dist/zonos-elements/p-91fc6c24.system.entry.min.js -> /output/dist/zonos-elements/p-91fc6c24.system.entry.min.js.sri
2025/01/03 22:01:03 algorithm: run /usr/bin/brotli --quality=11 --output=/output/dist/zonos-elements/p-91fc6c24.system.entry.min.js.br /tmp/work/dist/zonos-elements/p-91fc6c24.system.entry.min.js
2025/01/03 22:01:03 br /tmp/work/dist/zonos-elements/p-6c578d26.min.js -> /output/dist/zonos-elements/p-6c578d26.min.js.br
2025/01/03 22:01:03 gz /tmp/work/dist/zonos-elements/p-6c578d26.min.js -> /output/dist/zonos-elements/p-6c578d26.min.js.gz
2025/01/03 22:01:03 sri /tmp/work/dist/zonos-elements/p-6c578d26.js -> /output/dist/zonos-elements/p-6c578d26.js.sri
2025/01/03 22:01:03 algorithm: run /usr/bin/brotli --quality=11 --output=/output/dist/zonos-elements/p-6c578d26.js.br /tmp/work/dist/zonos-elements/p-6c578d26.js
2025/01/03 22:01:03 br /tmp/work/dist/zonos-elements/p-86e825f0.system.entry.min.js -> /output/dist/zonos-elements/p-86e825f0.system.entry.min.js.br
2025/01/03 22:01:03 gz /tmp/work/dist/zonos-elements/p-86e825f0.system.entry.min.js -> /output/dist/zonos-elements/p-86e825f0.system.entry.min.js.gz
2025/01/03 22:01:03 sri /tmp/work/dist/zonos-elements/p-86e825f0.system.entry.js -> /output/dist/zonos-elements/p-86e825f0.system.entry.js.sri
2025/01/03 22:01:03 algorithm: run /usr/bin/brotli --quality=11 --output=/output/dist/zonos-elements/p-86e825f0.system.entry.js.br /tmp/work/dist/zonos-elements/p-86e825f0.system.entry.js
2025/01/03 22:01:03 sri /tmp/work/dist/zonos-elements/p-96d77739.min.js -> /output/dist/zonos-elements/p-96d77739.min.js.sri
2025/01/03 22:01:03 algorithm: run /usr/bin/brotli --quality=11 --output=/output/dist/zonos-elements/p-96d77739.min.js.br /tmp/work/dist/zonos-elements/p-96d77739.min.js
2025/01/03 22:01:03 br /tmp/work/dist/zonos-elements/p-91fc6c24.system.entry.min.js -> /output/dist/zonos-elements/p-91fc6c24.system.entry.min.js.br
2025/01/03 22:01:03 gz /tmp/work/dist/zonos-elements/p-91fc6c24.system.entry.min.js -> /output/dist/zonos-elements/p-91fc6c24.system.entry.min.js.gz
2025/01/03 22:01:03 sri /tmp/work/dist/zonos-elements/p-91fc6c24.system.entry.js -> /output/dist/zonos-elements/p-91fc6c24.system.entry.js.sri
2025/01/03 22:01:03 algorithm: run /usr/bin/brotli --quality=11 --output=/output/dist/zonos-elements/p-91fc6c24.system.entry.js.br /tmp/work/dist/zonos-elements/p-91fc6c24.system.entry.js
2025/01/03 22:01:03 br /tmp/work/dist/zonos-elements/p-96d77739.min.js -> /output/dist/zonos-elements/p-96d77739.min.js.br
2025/01/03 22:01:03 gz /tmp/work/dist/zonos-elements/p-96d77739.min.js -> /output/dist/zonos-elements/p-96d77739.min.js.gz
2025/01/03 22:01:03 sri /tmp/work/dist/zonos-elements/p-96d77739.js -> /output/dist/zonos-elements/p-96d77739.js.sri
2025/01/03 22:01:03 algorithm: run /usr/bin/brotli --quality=11 --output=/output/dist/zonos-elements/p-96d77739.js.br /tmp/work/dist/zonos-elements/p-96d77739.js
2025/01/03 22:01:03 br /tmp/work/dist/zonos-elements/p-96d77739.js -> /output/dist/zonos-elements/p-96d77739.js.br
2025/01/03 22:01:03 gz /tmp/work/dist/zonos-elements/p-96d77739.js -> /output/dist/zonos-elements/p-96d77739.js.gz
2025/01/03 22:01:03 compress: run /node_modules/uglify-js/bin/uglifyjs (3.15.4) [--mangle --compress if_return=true -o /tmp/work/dist/zonos-elements/p-98db517b.entry.min.js /tmp/work/dist/zonos-elements/p-98db517b.entry.js]
2025/01/03 22:01:03 br /tmp/work/dist/zonos-elements/p-91fc6c24.system.entry.js -> /output/dist/zonos-elements/p-91fc6c24.system.entry.js.br
2025/01/03 22:01:03 gz /tmp/work/dist/zonos-elements/p-91fc6c24.system.entry.js -> /output/dist/zonos-elements/p-91fc6c24.system.entry.js.gz
2025/01/03 22:01:03 compress: run /node_modules/uglify-js/bin/uglifyjs (3.15.4) [--mangle --compress if_return=true -o /tmp/work/dist/zonos-elements/p-9ae29c27.system.entry.min.js /tmp/work/dist/zonos-elements/p-9ae29c27.system.entry.js]
2025/01/03 22:01:03 br /tmp/work/dist/zonos-elements/p-86e825f0.system.entry.js -> /output/dist/zonos-elements/p-86e825f0.system.entry.js.br
2025/01/03 22:01:03 gz /tmp/work/dist/zonos-elements/p-86e825f0.system.entry.js -> /output/dist/zonos-elements/p-86e825f0.system.entry.js.gz
2025/01/03 22:01:03 compress: run /node_modules/uglify-js/bin/uglifyjs (3.15.4) [--mangle --compress if_return=true -o /tmp/work/dist/zonos-elements/p-9cf018c8.system.entry.min.js /tmp/work/dist/zonos-elements/p-9cf018c8.system.entry.js]
2025/01/03 22:01:03 br /tmp/work/dist/zonos-elements/p-6c578d26.js -> /output/dist/zonos-elements/p-6c578d26.js.br
2025/01/03 22:01:03 gz /tmp/work/dist/zonos-elements/p-6c578d26.js -> /output/dist/zonos-elements/p-6c578d26.js.gz
2025/01/03 22:01:03 compress: run /node_modules/uglify-js/bin/uglifyjs (3.15.4) [--mangle --compress if_return=true -o /tmp/work/dist/zonos-elements/p-a87561b8.min.js /tmp/work/dist/zonos-elements/p-a87561b8.js]
2025/01/03 22:01:03 sri /tmp/work/dist/zonos-elements/p-97aceb11.min.js -> /output/dist/zonos-elements/p-97aceb11.min.js.sri
2025/01/03 22:01:03 algorithm: run /usr/bin/brotli --quality=11 --output=/output/dist/zonos-elements/p-97aceb11.min.js.br /tmp/work/dist/zonos-elements/p-97aceb11.min.js
2025/01/03 22:01:03 br /tmp/work/dist/zonos-elements/p-97aceb11.min.js -> /output/dist/zonos-elements/p-97aceb11.min.js.br
2025/01/03 22:01:03 gz /tmp/work/dist/zonos-elements/p-97aceb11.min.js -> /output/dist/zonos-elements/p-97aceb11.min.js.gz
2025/01/03 22:01:03 sri /tmp/work/dist/zonos-elements/p-97aceb11.js -> /output/dist/zonos-elements/p-97aceb11.js.sri
2025/01/03 22:01:03 algorithm: run /usr/bin/brotli --quality=11 --output=/output/dist/zonos-elements/p-97aceb11.js.br /tmp/work/dist/zonos-elements/p-97aceb11.js
2025/01/03 22:01:03 br /tmp/work/dist/zonos-elements/p-97aceb11.js -> /output/dist/zonos-elements/p-97aceb11.js.br
2025/01/03 22:01:03 gz /tmp/work/dist/zonos-elements/p-97aceb11.js -> /output/dist/zonos-elements/p-97aceb11.js.gz
2025/01/03 22:01:03 compress: run /node_modules/uglify-js/bin/uglifyjs (3.15.4) [--mangle --compress if_return=true -o /tmp/work/dist/zonos-elements/p-ab68ad11.min.js /tmp/work/dist/zonos-elements/p-ab68ad11.js]
2025/01/03 22:01:03 sri /tmp/work/dist/zonos-elements/p-a87561b8.min.js -> /output/dist/zonos-elements/p-a87561b8.min.js.sri
2025/01/03 22:01:03 algorithm: run /usr/bin/brotli --quality=11 --output=/output/dist/zonos-elements/p-a87561b8.min.js.br /tmp/work/dist/zonos-elements/p-a87561b8.min.js
2025/01/03 22:01:03 br /tmp/work/dist/zonos-elements/p-a87561b8.min.js -> /output/dist/zonos-elements/p-a87561b8.min.js.br
2025/01/03 22:01:03 gz /tmp/work/dist/zonos-elements/p-a87561b8.min.js -> /output/dist/zonos-elements/p-a87561b8.min.js.gz
2025/01/03 22:01:03 sri /tmp/work/dist/zonos-elements/p-a87561b8.js -> /output/dist/zonos-elements/p-a87561b8.js.sri
2025/01/03 22:01:03 algorithm: run /usr/bin/brotli --quality=11 --output=/output/dist/zonos-elements/p-a87561b8.js.br /tmp/work/dist/zonos-elements/p-a87561b8.js
2025/01/03 22:01:03 br /tmp/work/dist/zonos-elements/p-a87561b8.js -> /output/dist/zonos-elements/p-a87561b8.js.br
2025/01/03 22:01:03 gz /tmp/work/dist/zonos-elements/p-a87561b8.js -> /output/dist/zonos-elements/p-a87561b8.js.gz
2025/01/03 22:01:03 compress: run /node_modules/uglify-js/bin/uglifyjs (3.15.4) [--mangle --compress if_return=true -o /tmp/work/dist/zonos-elements/p-ae393255.min.js /tmp/work/dist/zonos-elements/p-ae393255.js]
2025/01/03 22:01:03 sri /tmp/work/dist/zonos-elements/p-9024f5a1.entry.min.js -> /output/dist/zonos-elements/p-9024f5a1.entry.min.js.sri
2025/01/03 22:01:03 algorithm: run /usr/bin/brotli --quality=11 --output=/output/dist/zonos-elements/p-9024f5a1.entry.min.js.br /tmp/work/dist/zonos-elements/p-9024f5a1.entry.min.js
2025/01/03 22:01:03 br /tmp/work/dist/zonos-elements/p-9024f5a1.entry.min.js -> /output/dist/zonos-elements/p-9024f5a1.entry.min.js.br
2025/01/03 22:01:03 gz /tmp/work/dist/zonos-elements/p-9024f5a1.entry.min.js -> /output/dist/zonos-elements/p-9024f5a1.entry.min.js.gz
2025/01/03 22:01:03 sri /tmp/work/dist/zonos-elements/p-9024f5a1.entry.js -> /output/dist/zonos-elements/p-9024f5a1.entry.js.sri
2025/01/03 22:01:03 algorithm: run /usr/bin/brotli --quality=11 --output=/output/dist/zonos-elements/p-9024f5a1.entry.js.br /tmp/work/dist/zonos-elements/p-9024f5a1.entry.js
2025/01/03 22:01:03 br /tmp/work/dist/zonos-elements/p-9024f5a1.entry.js -> /output/dist/zonos-elements/p-9024f5a1.entry.js.br
2025/01/03 22:01:03 gz /tmp/work/dist/zonos-elements/p-9024f5a1.entry.js -> /output/dist/zonos-elements/p-9024f5a1.entry.js.gz
2025/01/03 22:01:03 compress: run /node_modules/uglify-js/bin/uglifyjs (3.15.4) [--mangle --compress if_return=true -o /tmp/work/dist/zonos-elements/p-aed0098c.system.min.js /tmp/work/dist/zonos-elements/p-aed0098c.system.js]
2025/01/03 22:01:03 sri /tmp/work/dist/zonos-elements/p-826b5d0c.system.min.js -> /output/dist/zonos-elements/p-826b5d0c.system.min.js.sri
2025/01/03 22:01:03 algorithm: run /usr/bin/brotli --quality=11 --output=/output/dist/zonos-elements/p-826b5d0c.system.min.js.br /tmp/work/dist/zonos-elements/p-826b5d0c.system.min.js
2025/01/03 22:01:03 sri /tmp/work/dist/zonos-elements/p-9cf018c8.system.entry.min.js -> /output/dist/zonos-elements/p-9cf018c8.system.entry.min.js.sri
2025/01/03 22:01:03 algorithm: run /usr/bin/brotli --quality=11 --output=/output/dist/zonos-elements/p-9cf018c8.system.entry.min.js.br /tmp/work/dist/zonos-elements/p-9cf018c8.system.entry.min.js
2025/01/03 22:01:03 br /tmp/work/dist/zonos-elements/p-9cf018c8.system.entry.min.js -> /output/dist/zonos-elements/p-9cf018c8.system.entry.min.js.br
2025/01/03 22:01:03 gz /tmp/work/dist/zonos-elements/p-9cf018c8.system.entry.min.js -> /output/dist/zonos-elements/p-9cf018c8.system.entry.min.js.gz
2025/01/03 22:01:03 sri /tmp/work/dist/zonos-elements/p-9cf018c8.system.entry.js -> /output/dist/zonos-elements/p-9cf018c8.system.entry.js.sri
2025/01/03 22:01:03 algorithm: run /usr/bin/brotli --quality=11 --output=/output/dist/zonos-elements/p-9cf018c8.system.entry.js.br /tmp/work/dist/zonos-elements/p-9cf018c8.system.entry.js
2025/01/03 22:01:03 br /tmp/work/dist/zonos-elements/p-826b5d0c.system.min.js -> /output/dist/zonos-elements/p-826b5d0c.system.min.js.br
2025/01/03 22:01:03 gz /tmp/work/dist/zonos-elements/p-826b5d0c.system.min.js -> /output/dist/zonos-elements/p-826b5d0c.system.min.js.gz
2025/01/03 22:01:03 sri /tmp/work/dist/zonos-elements/p-826b5d0c.system.js -> /output/dist/zonos-elements/p-826b5d0c.system.js.sri
2025/01/03 22:01:03 algorithm: run /usr/bin/brotli --quality=11 --output=/output/dist/zonos-elements/p-826b5d0c.system.js.br /tmp/work/dist/zonos-elements/p-826b5d0c.system.js
2025/01/03 22:01:03 br /tmp/work/dist/zonos-elements/p-9cf018c8.system.entry.js -> /output/dist/zonos-elements/p-9cf018c8.system.entry.js.br
2025/01/03 22:01:03 gz /tmp/work/dist/zonos-elements/p-9cf018c8.system.entry.js -> /output/dist/zonos-elements/p-9cf018c8.system.entry.js.gz
2025/01/03 22:01:03 compress: run /node_modules/uglify-js/bin/uglifyjs (3.15.4) [--mangle --compress if_return=true -o /tmp/work/dist/zonos-elements/p-b0616716.min.js /tmp/work/dist/zonos-elements/p-b0616716.js]
2025/01/03 22:01:03 br /tmp/work/dist/zonos-elements/p-826b5d0c.system.js -> /output/dist/zonos-elements/p-826b5d0c.system.js.br
2025/01/03 22:01:03 gz /tmp/work/dist/zonos-elements/p-826b5d0c.system.js -> /output/dist/zonos-elements/p-826b5d0c.system.js.gz
2025/01/03 22:01:03 compress: run /node_modules/uglify-js/bin/uglifyjs (3.15.4) [--mangle --compress if_return=true -o /tmp/work/dist/zonos-elements/p-b0ced00a.system.min.js /tmp/work/dist/zonos-elements/p-b0ced00a.system.js]
2025/01/03 22:01:03 sri /tmp/work/dist/zonos-elements/p-ae393255.min.js -> /output/dist/zonos-elements/p-ae393255.min.js.sri
2025/01/03 22:01:03 algorithm: run /usr/bin/brotli --quality=11 --output=/output/dist/zonos-elements/p-ae393255.min.js.br /tmp/work/dist/zonos-elements/p-ae393255.min.js
2025/01/03 22:01:04 br /tmp/work/dist/zonos-elements/p-ae393255.min.js -> /output/dist/zonos-elements/p-ae393255.min.js.br
2025/01/03 22:01:04 gz /tmp/work/dist/zonos-elements/p-ae393255.min.js -> /output/dist/zonos-elements/p-ae393255.min.js.gz
2025/01/03 22:01:04 sri /tmp/work/dist/zonos-elements/p-ae393255.js -> /output/dist/zonos-elements/p-ae393255.js.sri
2025/01/03 22:01:04 algorithm: run /usr/bin/brotli --quality=11 --output=/output/dist/zonos-elements/p-ae393255.js.br /tmp/work/dist/zonos-elements/p-ae393255.js
2025/01/03 22:01:04 br /tmp/work/dist/zonos-elements/p-ae393255.js -> /output/dist/zonos-elements/p-ae393255.js.br
2025/01/03 22:01:04 gz /tmp/work/dist/zonos-elements/p-ae393255.js -> /output/dist/zonos-elements/p-ae393255.js.gz
2025/01/03 22:01:04 compress: run /node_modules/uglify-js/bin/uglifyjs (3.15.4) [--mangle --compress if_return=true -o /tmp/work/dist/zonos-elements/p-b12fbc07.entry.min.js /tmp/work/dist/zonos-elements/p-b12fbc07.entry.js]
2025/01/03 22:01:04 sri /tmp/work/dist/zonos-elements/p-98db517b.entry.min.js -> /output/dist/zonos-elements/p-98db517b.entry.min.js.sri
2025/01/03 22:01:04 algorithm: run /usr/bin/brotli --quality=11 --output=/output/dist/zonos-elements/p-98db517b.entry.min.js.br /tmp/work/dist/zonos-elements/p-98db517b.entry.min.js
2025/01/03 22:01:04 br /tmp/work/dist/zonos-elements/p-98db517b.entry.min.js -> /output/dist/zonos-elements/p-98db517b.entry.min.js.br
2025/01/03 22:01:04 gz /tmp/work/dist/zonos-elements/p-98db517b.entry.min.js -> /output/dist/zonos-elements/p-98db517b.entry.min.js.gz
2025/01/03 22:01:04 sri /tmp/work/dist/zonos-elements/p-98db517b.entry.js -> /output/dist/zonos-elements/p-98db517b.entry.js.sri
2025/01/03 22:01:04 algorithm: run /usr/bin/brotli --quality=11 --output=/output/dist/zonos-elements/p-98db517b.entry.js.br /tmp/work/dist/zonos-elements/p-98db517b.entry.js
2025/01/03 22:01:04 br /tmp/work/dist/zonos-elements/p-98db517b.entry.js -> /output/dist/zonos-elements/p-98db517b.entry.js.br
2025/01/03 22:01:04 gz /tmp/work/dist/zonos-elements/p-98db517b.entry.js -> /output/dist/zonos-elements/p-98db517b.entry.js.gz
2025/01/03 22:01:04 compress: run /node_modules/uglify-js/bin/uglifyjs (3.15.4) [--mangle --compress if_return=true -o /tmp/work/dist/zonos-elements/p-b18c4d1d.min.js /tmp/work/dist/zonos-elements/p-b18c4d1d.js]
2025/01/03 22:01:04 sri /tmp/work/dist/zonos-elements/p-aed0098c.system.min.js -> /output/dist/zonos-elements/p-aed0098c.system.min.js.sri
2025/01/03 22:01:04 algorithm: run /usr/bin/brotli --quality=11 --output=/output/dist/zonos-elements/p-aed0098c.system.min.js.br /tmp/work/dist/zonos-elements/p-aed0098c.system.min.js
2025/01/03 22:01:04 br /tmp/work/dist/zonos-elements/p-aed0098c.system.min.js -> /output/dist/zonos-elements/p-aed0098c.system.min.js.br
2025/01/03 22:01:04 gz /tmp/work/dist/zonos-elements/p-aed0098c.system.min.js -> /output/dist/zonos-elements/p-aed0098c.system.min.js.gz
2025/01/03 22:01:04 sri /tmp/work/dist/zonos-elements/p-aed0098c.system.js -> /output/dist/zonos-elements/p-aed0098c.system.js.sri
2025/01/03 22:01:04 algorithm: run /usr/bin/brotli --quality=11 --output=/output/dist/zonos-elements/p-aed0098c.system.js.br /tmp/work/dist/zonos-elements/p-aed0098c.system.js
2025/01/03 22:01:04 br /tmp/work/dist/zonos-elements/p-aed0098c.system.js -> /output/dist/zonos-elements/p-aed0098c.system.js.br
2025/01/03 22:01:04 gz /tmp/work/dist/zonos-elements/p-aed0098c.system.js -> /output/dist/zonos-elements/p-aed0098c.system.js.gz
2025/01/03 22:01:04 compress: run /node_modules/uglify-js/bin/uglifyjs (3.15.4) [--mangle --compress if_return=true -o /tmp/work/dist/zonos-elements/p-b2292b70.system.entry.min.js /tmp/work/dist/zonos-elements/p-b2292b70.system.entry.js]
2025/01/03 22:01:04 sri /tmp/work/dist/zonos-elements/p-b12fbc07.entry.min.js -> /output/dist/zonos-elements/p-b12fbc07.entry.min.js.sri
2025/01/03 22:01:04 algorithm: run /usr/bin/brotli --quality=11 --output=/output/dist/zonos-elements/p-b12fbc07.entry.min.js.br /tmp/work/dist/zonos-elements/p-b12fbc07.entry.min.js
2025/01/03 22:01:04 sri /tmp/work/dist/zonos-elements/p-b2292b70.system.entry.min.js -> /output/dist/zonos-elements/p-b2292b70.system.entry.min.js.sri
2025/01/03 22:01:04 algorithm: run /usr/bin/brotli --quality=11 --output=/output/dist/zonos-elements/p-b2292b70.system.entry.min.js.br /tmp/work/dist/zonos-elements/p-b2292b70.system.entry.min.js
2025/01/03 22:01:04 br /tmp/work/dist/zonos-elements/p-b2292b70.system.entry.min.js -> /output/dist/zonos-elements/p-b2292b70.system.entry.min.js.br
2025/01/03 22:01:04 gz /tmp/work/dist/zonos-elements/p-b2292b70.system.entry.min.js -> /output/dist/zonos-elements/p-b2292b70.system.entry.min.js.gz
2025/01/03 22:01:04 sri /tmp/work/dist/zonos-elements/p-b2292b70.system.entry.js -> /output/dist/zonos-elements/p-b2292b70.system.entry.js.sri
2025/01/03 22:01:04 algorithm: run /usr/bin/brotli --quality=11 --output=/output/dist/zonos-elements/p-b2292b70.system.entry.js.br /tmp/work/dist/zonos-elements/p-b2292b70.system.entry.js
2025/01/03 22:01:04 br /tmp/work/dist/zonos-elements/p-b2292b70.system.entry.js -> /output/dist/zonos-elements/p-b2292b70.system.entry.js.br
2025/01/03 22:01:04 gz /tmp/work/dist/zonos-elements/p-b2292b70.system.entry.js -> /output/dist/zonos-elements/p-b2292b70.system.entry.js.gz
2025/01/03 22:01:04 compress: run /node_modules/uglify-js/bin/uglifyjs (3.15.4) [--mangle --compress if_return=true -o /tmp/work/dist/zonos-elements/p-b288c2ed.entry.min.js /tmp/work/dist/zonos-elements/p-b288c2ed.entry.js]
2025/01/03 22:01:04 br /tmp/work/dist/zonos-elements/p-b12fbc07.entry.min.js -> /output/dist/zonos-elements/p-b12fbc07.entry.min.js.br
2025/01/03 22:01:04 gz /tmp/work/dist/zonos-elements/p-b12fbc07.entry.min.js -> /output/dist/zonos-elements/p-b12fbc07.entry.min.js.gz
2025/01/03 22:01:04 sri /tmp/work/dist/zonos-elements/p-b12fbc07.entry.js -> /output/dist/zonos-elements/p-b12fbc07.entry.js.sri
2025/01/03 22:01:04 algorithm: run /usr/bin/brotli --quality=11 --output=/output/dist/zonos-elements/p-b12fbc07.entry.js.br /tmp/work/dist/zonos-elements/p-b12fbc07.entry.js
2025/01/03 22:01:04 br /tmp/work/dist/zonos-elements/p-b12fbc07.entry.js -> /output/dist/zonos-elements/p-b12fbc07.entry.js.br
2025/01/03 22:01:04 gz /tmp/work/dist/zonos-elements/p-b12fbc07.entry.js -> /output/dist/zonos-elements/p-b12fbc07.entry.js.gz
2025/01/03 22:01:04 compress: run /node_modules/uglify-js/bin/uglifyjs (3.15.4) [--mangle --compress if_return=true -o /tmp/work/dist/zonos-elements/p-b3882a73.system.min.js /tmp/work/dist/zonos-elements/p-b3882a73.system.js]
2025/01/03 22:01:04 sri /tmp/work/dist/zonos-elements/p-b288c2ed.entry.min.js -> /output/dist/zonos-elements/p-b288c2ed.entry.min.js.sri
2025/01/03 22:01:04 algorithm: run /usr/bin/brotli --quality=11 --output=/output/dist/zonos-elements/p-b288c2ed.entry.min.js.br /tmp/work/dist/zonos-elements/p-b288c2ed.entry.min.js
2025/01/03 22:01:04 br /tmp/work/dist/zonos-elements/p-b288c2ed.entry.min.js -> /output/dist/zonos-elements/p-b288c2ed.entry.min.js.br
2025/01/03 22:01:04 gz /tmp/work/dist/zonos-elements/p-b288c2ed.entry.min.js -> /output/dist/zonos-elements/p-b288c2ed.entry.min.js.gz
2025/01/03 22:01:04 sri /tmp/work/dist/zonos-elements/p-b288c2ed.entry.js -> /output/dist/zonos-elements/p-b288c2ed.entry.js.sri
2025/01/03 22:01:04 algorithm: run /usr/bin/brotli --quality=11 --output=/output/dist/zonos-elements/p-b288c2ed.entry.js.br /tmp/work/dist/zonos-elements/p-b288c2ed.entry.js
2025/01/03 22:01:04 br /tmp/work/dist/zonos-elements/p-b288c2ed.entry.js -> /output/dist/zonos-elements/p-b288c2ed.entry.js.br
2025/01/03 22:01:04 gz /tmp/work/dist/zonos-elements/p-b288c2ed.entry.js -> /output/dist/zonos-elements/p-b288c2ed.entry.js.gz
2025/01/03 22:01:04 compress: run /node_modules/uglify-js/bin/uglifyjs (3.15.4) [--mangle --compress if_return=true -o /tmp/work/dist/zonos-elements/p-b4823b13.entry.min.js /tmp/work/dist/zonos-elements/p-b4823b13.entry.js]
2025/01/03 22:01:04 sri /tmp/work/dist/zonos-elements/p-896dca32.entry.min.js -> /output/dist/zonos-elements/p-896dca32.entry.min.js.sri
2025/01/03 22:01:04 algorithm: run /usr/bin/brotli --quality=11 --output=/output/dist/zonos-elements/p-896dca32.entry.min.js.br /tmp/work/dist/zonos-elements/p-896dca32.entry.min.js
2025/01/03 22:01:04 sri /tmp/work/dist/zonos-elements/p-9ae29c27.system.entry.min.js -> /output/dist/zonos-elements/p-9ae29c27.system.entry.min.js.sri
2025/01/03 22:01:04 algorithm: run /usr/bin/brotli --quality=11 --output=/output/dist/zonos-elements/p-9ae29c27.system.entry.min.js.br /tmp/work/dist/zonos-elements/p-9ae29c27.system.entry.min.js
2025/01/03 22:01:04 sri /tmp/work/dist/zonos-elements/p-ab68ad11.min.js -> /output/dist/zonos-elements/p-ab68ad11.min.js.sri
2025/01/03 22:01:04 algorithm: run /usr/bin/brotli --quality=11 --output=/output/dist/zonos-elements/p-ab68ad11.min.js.br /tmp/work/dist/zonos-elements/p-ab68ad11.min.js
2025/01/03 22:01:04 br /tmp/work/dist/zonos-elements/p-ab68ad11.min.js -> /output/dist/zonos-elements/p-ab68ad11.min.js.br
2025/01/03 22:01:04 gz /tmp/work/dist/zonos-elements/p-ab68ad11.min.js -> /output/dist/zonos-elements/p-ab68ad11.min.js.gz
2025/01/03 22:01:04 sri /tmp/work/dist/zonos-elements/p-ab68ad11.js -> /output/dist/zonos-elements/p-ab68ad11.js.sri
2025/01/03 22:01:04 algorithm: run /usr/bin/brotli --quality=11 --output=/output/dist/zonos-elements/p-ab68ad11.js.br /tmp/work/dist/zonos-elements/p-ab68ad11.js
2025/01/03 22:01:04 br /tmp/work/dist/zonos-elements/p-ab68ad11.js -> /output/dist/zonos-elements/p-ab68ad11.js.br
2025/01/03 22:01:04 gz /tmp/work/dist/zonos-elements/p-ab68ad11.js -> /output/dist/zonos-elements/p-ab68ad11.js.gz
2025/01/03 22:01:04 compress: run /node_modules/uglify-js/bin/uglifyjs (3.15.4) [--mangle --compress if_return=true -o /tmp/work/dist/zonos-elements/p-b4b7f705.min.js /tmp/work/dist/zonos-elements/p-b4b7f705.js]
2025/01/03 22:01:04 br /tmp/work/dist/zonos-elements/p-9ae29c27.system.entry.min.js -> /output/dist/zonos-elements/p-9ae29c27.system.entry.min.js.br
2025/01/03 22:01:04 gz /tmp/work/dist/zonos-elements/p-9ae29c27.system.entry.min.js -> /output/dist/zonos-elements/p-9ae29c27.system.entry.min.js.gz
2025/01/03 22:01:04 sri /tmp/work/dist/zonos-elements/p-9ae29c27.system.entry.js -> /output/dist/zonos-elements/p-9ae29c27.system.entry.js.sri
2025/01/03 22:01:04 algorithm: run /usr/bin/brotli --quality=11 --output=/output/dist/zonos-elements/p-9ae29c27.system.entry.js.br /tmp/work/dist/zonos-elements/p-9ae29c27.system.entry.js
2025/01/03 22:01:04 br /tmp/work/dist/zonos-elements/p-896dca32.entry.min.js -> /output/dist/zonos-elements/p-896dca32.entry.min.js.br
2025/01/03 22:01:04 sri /tmp/work/dist/zonos-elements/p-b3882a73.system.min.js -> /output/dist/zonos-elements/p-b3882a73.system.min.js.sri
2025/01/03 22:01:04 algorithm: run /usr/bin/brotli --quality=11 --output=/output/dist/zonos-elements/p-b3882a73.system.min.js.br /tmp/work/dist/zonos-elements/p-b3882a73.system.min.js
2025/01/03 22:01:04 gz /tmp/work/dist/zonos-elements/p-896dca32.entry.min.js -> /output/dist/zonos-elements/p-896dca32.entry.min.js.gz
2025/01/03 22:01:04 sri /tmp/work/dist/zonos-elements/p-896dca32.entry.js -> /output/dist/zonos-elements/p-896dca32.entry.js.sri
2025/01/03 22:01:04 algorithm: run /usr/bin/brotli --quality=11 --output=/output/dist/zonos-elements/p-896dca32.entry.js.br /tmp/work/dist/zonos-elements/p-896dca32.entry.js
2025/01/03 22:01:04 br /tmp/work/dist/zonos-elements/p-b3882a73.system.min.js -> /output/dist/zonos-elements/p-b3882a73.system.min.js.br
2025/01/03 22:01:04 gz /tmp/work/dist/zonos-elements/p-b3882a73.system.min.js -> /output/dist/zonos-elements/p-b3882a73.system.min.js.gz
2025/01/03 22:01:04 sri /tmp/work/dist/zonos-elements/p-b3882a73.system.js -> /output/dist/zonos-elements/p-b3882a73.system.js.sri
2025/01/03 22:01:04 algorithm: run /usr/bin/brotli --quality=11 --output=/output/dist/zonos-elements/p-b3882a73.system.js.br /tmp/work/dist/zonos-elements/p-b3882a73.system.js
2025/01/03 22:01:04 br /tmp/work/dist/zonos-elements/p-b3882a73.system.js -> /output/dist/zonos-elements/p-b3882a73.system.js.br
2025/01/03 22:01:04 gz /tmp/work/dist/zonos-elements/p-b3882a73.system.js -> /output/dist/zonos-elements/p-b3882a73.system.js.gz
2025/01/03 22:01:04 compress: run /node_modules/uglify-js/bin/uglifyjs (3.15.4) [--mangle --compress if_return=true -o /tmp/work/dist/zonos-elements/p-b5c360af.entry.min.js /tmp/work/dist/zonos-elements/p-b5c360af.entry.js]
2025/01/03 22:01:05 br /tmp/work/dist/zonos-elements/p-9ae29c27.system.entry.js -> /output/dist/zonos-elements/p-9ae29c27.system.entry.js.br
2025/01/03 22:01:05 gz /tmp/work/dist/zonos-elements/p-9ae29c27.system.entry.js -> /output/dist/zonos-elements/p-9ae29c27.system.entry.js.gz
2025/01/03 22:01:05 compress: run /node_modules/uglify-js/bin/uglifyjs (3.15.4) [--mangle --compress if_return=true -o /tmp/work/dist/zonos-elements/p-b6bbdb59.system.entry.min.js /tmp/work/dist/zonos-elements/p-b6bbdb59.system.entry.js]
2025/01/03 22:01:05 sri /tmp/work/dist/zonos-elements/p-b4b7f705.min.js -> /output/dist/zonos-elements/p-b4b7f705.min.js.sri
2025/01/03 22:01:05 algorithm: run /usr/bin/brotli --quality=11 --output=/output/dist/zonos-elements/p-b4b7f705.min.js.br /tmp/work/dist/zonos-elements/p-b4b7f705.min.js
2025/01/03 22:01:05 sri /tmp/work/dist/zonos-elements/p-b0616716.min.js -> /output/dist/zonos-elements/p-b0616716.min.js.sri
2025/01/03 22:01:05 algorithm: run /usr/bin/brotli --quality=11 --output=/output/dist/zonos-elements/p-b0616716.min.js.br /tmp/work/dist/zonos-elements/p-b0616716.min.js
2025/01/03 22:01:05 br /tmp/work/dist/zonos-elements/p-b4b7f705.min.js -> /output/dist/zonos-elements/p-b4b7f705.min.js.br
2025/01/03 22:01:05 gz /tmp/work/dist/zonos-elements/p-b4b7f705.min.js -> /output/dist/zonos-elements/p-b4b7f705.min.js.gz
2025/01/03 22:01:05 sri /tmp/work/dist/zonos-elements/p-b4b7f705.js -> /output/dist/zonos-elements/p-b4b7f705.js.sri
2025/01/03 22:01:05 algorithm: run /usr/bin/brotli --quality=11 --output=/output/dist/zonos-elements/p-b4b7f705.js.br /tmp/work/dist/zonos-elements/p-b4b7f705.js
2025/01/03 22:01:05 br /tmp/work/dist/zonos-elements/p-b4b7f705.js -> /output/dist/zonos-elements/p-b4b7f705.js.br
2025/01/03 22:01:05 gz /tmp/work/dist/zonos-elements/p-b4b7f705.js -> /output/dist/zonos-elements/p-b4b7f705.js.gz
2025/01/03 22:01:05 compress: run /node_modules/uglify-js/bin/uglifyjs (3.15.4) [--mangle --compress if_return=true -o /tmp/work/dist/zonos-elements/p-b7a40db9.system.entry.min.js /tmp/work/dist/zonos-elements/p-b7a40db9.system.entry.js]
2025/01/03 22:01:05 br /tmp/work/dist/zonos-elements/p-b0616716.min.js -> /output/dist/zonos-elements/p-b0616716.min.js.br
2025/01/03 22:01:05 gz /tmp/work/dist/zonos-elements/p-b0616716.min.js -> /output/dist/zonos-elements/p-b0616716.min.js.gz
2025/01/03 22:01:05 sri /tmp/work/dist/zonos-elements/p-b0616716.js -> /output/dist/zonos-elements/p-b0616716.js.sri
2025/01/03 22:01:05 algorithm: run /usr/bin/brotli --quality=11 --output=/output/dist/zonos-elements/p-b0616716.js.br /tmp/work/dist/zonos-elements/p-b0616716.js
2025/01/03 22:01:05 br /tmp/work/dist/zonos-elements/p-896dca32.entry.js -> /output/dist/zonos-elements/p-896dca32.entry.js.br
2025/01/03 22:01:05 gz /tmp/work/dist/zonos-elements/p-896dca32.entry.js -> /output/dist/zonos-elements/p-896dca32.entry.js.gz
2025/01/03 22:01:05 compress: run /node_modules/uglify-js/bin/uglifyjs (3.15.4) [--mangle --compress if_return=true -o /tmp/work/dist/zonos-elements/p-bc7bf53e.system.min.js /tmp/work/dist/zonos-elements/p-bc7bf53e.system.js]
2025/01/03 22:01:05 br /tmp/work/dist/zonos-elements/p-b0616716.js -> /output/dist/zonos-elements/p-b0616716.js.br
2025/01/03 22:01:05 gz /tmp/work/dist/zonos-elements/p-b0616716.js -> /output/dist/zonos-elements/p-b0616716.js.gz
2025/01/03 22:01:05 compress: run /node_modules/uglify-js/bin/uglifyjs (3.15.4) [--mangle --compress if_return=true -o /tmp/work/dist/zonos-elements/p-bf37ccc7.system.min.js /tmp/work/dist/zonos-elements/p-bf37ccc7.system.js]
2025/01/03 22:01:05 sri /tmp/work/dist/zonos-elements/p-b5c360af.entry.min.js -> /output/dist/zonos-elements/p-b5c360af.entry.min.js.sri
2025/01/03 22:01:05 sri /tmp/work/dist/zonos-elements/p-b6bbdb59.system.entry.min.js -> /output/dist/zonos-elements/p-b6bbdb59.system.entry.min.js.sri
2025/01/03 22:01:05 algorithm: run /usr/bin/brotli --quality=11 --output=/output/dist/zonos-elements/p-b5c360af.entry.min.js.br /tmp/work/dist/zonos-elements/p-b5c360af.entry.min.js
2025/01/03 22:01:05 algorithm: run /usr/bin/brotli --quality=11 --output=/output/dist/zonos-elements/p-b6bbdb59.system.entry.min.js.br /tmp/work/dist/zonos-elements/p-b6bbdb59.system.entry.min.js
2025/01/03 22:01:05 br /tmp/work/dist/zonos-elements/p-b5c360af.entry.min.js -> /output/dist/zonos-elements/p-b5c360af.entry.min.js.br
2025/01/03 22:01:05 gz /tmp/work/dist/zonos-elements/p-b5c360af.entry.min.js -> /output/dist/zonos-elements/p-b5c360af.entry.min.js.gz
2025/01/03 22:01:05 sri /tmp/work/dist/zonos-elements/p-b5c360af.entry.js -> /output/dist/zonos-elements/p-b5c360af.entry.js.sri
2025/01/03 22:01:05 algorithm: run /usr/bin/brotli --quality=11 --output=/output/dist/zonos-elements/p-b5c360af.entry.js.br /tmp/work/dist/zonos-elements/p-b5c360af.entry.js
2025/01/03 22:01:05 br /tmp/work/dist/zonos-elements/p-b6bbdb59.system.entry.min.js -> /output/dist/zonos-elements/p-b6bbdb59.system.entry.min.js.br
2025/01/03 22:01:05 gz /tmp/work/dist/zonos-elements/p-b6bbdb59.system.entry.min.js -> /output/dist/zonos-elements/p-b6bbdb59.system.entry.min.js.gz
2025/01/03 22:01:05 sri /tmp/work/dist/zonos-elements/p-b6bbdb59.system.entry.js -> /output/dist/zonos-elements/p-b6bbdb59.system.entry.js.sri
2025/01/03 22:01:05 algorithm: run /usr/bin/brotli --quality=11 --output=/output/dist/zonos-elements/p-b6bbdb59.system.entry.js.br /tmp/work/dist/zonos-elements/p-b6bbdb59.system.entry.js
2025/01/03 22:01:05 br /tmp/work/dist/zonos-elements/p-b5c360af.entry.js -> /output/dist/zonos-elements/p-b5c360af.entry.js.br
2025/01/03 22:01:05 gz /tmp/work/dist/zonos-elements/p-b5c360af.entry.js -> /output/dist/zonos-elements/p-b5c360af.entry.js.gz
2025/01/03 22:01:05 compress: run /node_modules/uglify-js/bin/uglifyjs (3.15.4) [--mangle --compress if_return=true -o /tmp/work/dist/zonos-elements/p-c015be06.system.min.js /tmp/work/dist/zonos-elements/p-c015be06.system.js]
2025/01/03 22:01:05 br /tmp/work/dist/zonos-elements/p-b6bbdb59.system.entry.js -> /output/dist/zonos-elements/p-b6bbdb59.system.entry.js.br
2025/01/03 22:01:05 gz /tmp/work/dist/zonos-elements/p-b6bbdb59.system.entry.js -> /output/dist/zonos-elements/p-b6bbdb59.system.entry.js.gz
2025/01/03 22:01:05 compress: run /node_modules/uglify-js/bin/uglifyjs (3.15.4) [--mangle --compress if_return=true -o /tmp/work/dist/zonos-elements/p-c5d1217f.system.min.js /tmp/work/dist/zonos-elements/p-c5d1217f.system.js]
2025/01/03 22:01:05 sri /tmp/work/dist/zonos-elements/p-bf37ccc7.system.min.js -> /output/dist/zonos-elements/p-bf37ccc7.system.min.js.sri
2025/01/03 22:01:05 algorithm: run /usr/bin/brotli --quality=11 --output=/output/dist/zonos-elements/p-bf37ccc7.system.min.js.br /tmp/work/dist/zonos-elements/p-bf37ccc7.system.min.js
2025/01/03 22:01:05 br /tmp/work/dist/zonos-elements/p-bf37ccc7.system.min.js -> /output/dist/zonos-elements/p-bf37ccc7.system.min.js.br
2025/01/03 22:01:05 gz /tmp/work/dist/zonos-elements/p-bf37ccc7.system.min.js -> /output/dist/zonos-elements/p-bf37ccc7.system.min.js.gz
2025/01/03 22:01:05 sri /tmp/work/dist/zonos-elements/p-bf37ccc7.system.js -> /output/dist/zonos-elements/p-bf37ccc7.system.js.sri
2025/01/03 22:01:05 algorithm: run /usr/bin/brotli --quality=11 --output=/output/dist/zonos-elements/p-bf37ccc7.system.js.br /tmp/work/dist/zonos-elements/p-bf37ccc7.system.js
2025/01/03 22:01:05 br /tmp/work/dist/zonos-elements/p-bf37ccc7.system.js -> /output/dist/zonos-elements/p-bf37ccc7.system.js.br
2025/01/03 22:01:05 gz /tmp/work/dist/zonos-elements/p-bf37ccc7.system.js -> /output/dist/zonos-elements/p-bf37ccc7.system.js.gz
2025/01/03 22:01:05 compress: run /node_modules/uglify-js/bin/uglifyjs (3.15.4) [--mangle --compress if_return=true -o /tmp/work/dist/zonos-elements/p-c9e433c0.system.min.js /tmp/work/dist/zonos-elements/p-c9e433c0.system.js]
2025/01/03 22:01:05 sri /tmp/work/dist/zonos-elements/p-bc7bf53e.system.min.js -> /output/dist/zonos-elements/p-bc7bf53e.system.min.js.sri
2025/01/03 22:01:05 algorithm: run /usr/bin/brotli --quality=11 --output=/output/dist/zonos-elements/p-bc7bf53e.system.min.js.br /tmp/work/dist/zonos-elements/p-bc7bf53e.system.min.js
2025/01/03 22:01:05 sri /tmp/work/dist/zonos-elements/p-b7a40db9.system.entry.min.js -> /output/dist/zonos-elements/p-b7a40db9.system.entry.min.js.sri
2025/01/03 22:01:05 algorithm: run /usr/bin/brotli --quality=11 --output=/output/dist/zonos-elements/p-b7a40db9.system.entry.min.js.br /tmp/work/dist/zonos-elements/p-b7a40db9.system.entry.min.js
2025/01/03 22:01:05 br /tmp/work/dist/zonos-elements/p-bc7bf53e.system.min.js -> /output/dist/zonos-elements/p-bc7bf53e.system.min.js.br
2025/01/03 22:01:05 gz /tmp/work/dist/zonos-elements/p-bc7bf53e.system.min.js -> /output/dist/zonos-elements/p-bc7bf53e.system.min.js.gz
2025/01/03 22:01:05 sri /tmp/work/dist/zonos-elements/p-bc7bf53e.system.js -> /output/dist/zonos-elements/p-bc7bf53e.system.js.sri
2025/01/03 22:01:05 algorithm: run /usr/bin/brotli --quality=11 --output=/output/dist/zonos-elements/p-bc7bf53e.system.js.br /tmp/work/dist/zonos-elements/p-bc7bf53e.system.js
2025/01/03 22:01:05 br /tmp/work/dist/zonos-elements/p-bc7bf53e.system.js -> /output/dist/zonos-elements/p-bc7bf53e.system.js.br
2025/01/03 22:01:05 gz /tmp/work/dist/zonos-elements/p-bc7bf53e.system.js -> /output/dist/zonos-elements/p-bc7bf53e.system.js.gz
2025/01/03 22:01:05 compress: run /node_modules/uglify-js/bin/uglifyjs (3.15.4) [--mangle --compress if_return=true -o /tmp/work/dist/zonos-elements/p-cbd5d932.entry.min.js /tmp/work/dist/zonos-elements/p-cbd5d932.entry.js]
2025/01/03 22:01:05 br /tmp/work/dist/zonos-elements/p-b7a40db9.system.entry.min.js -> /output/dist/zonos-elements/p-b7a40db9.system.entry.min.js.br
2025/01/03 22:01:05 gz /tmp/work/dist/zonos-elements/p-b7a40db9.system.entry.min.js -> /output/dist/zonos-elements/p-b7a40db9.system.entry.min.js.gz
2025/01/03 22:01:05 sri /tmp/work/dist/zonos-elements/p-b7a40db9.system.entry.js -> /output/dist/zonos-elements/p-b7a40db9.system.entry.js.sri
2025/01/03 22:01:05 algorithm: run /usr/bin/brotli --quality=11 --output=/output/dist/zonos-elements/p-b7a40db9.system.entry.js.br /tmp/work/dist/zonos-elements/p-b7a40db9.system.entry.js
2025/01/03 22:01:05 br /tmp/work/dist/zonos-elements/p-b7a40db9.system.entry.js -> /output/dist/zonos-elements/p-b7a40db9.system.entry.js.br
2025/01/03 22:01:05 gz /tmp/work/dist/zonos-elements/p-b7a40db9.system.entry.js -> /output/dist/zonos-elements/p-b7a40db9.system.entry.js.gz
2025/01/03 22:01:05 compress: run /node_modules/uglify-js/bin/uglifyjs (3.15.4) [--mangle --compress if_return=true -o /tmp/work/dist/zonos-elements/p-cdfca133.entry.min.js /tmp/work/dist/zonos-elements/p-cdfca133.entry.js]
2025/01/03 22:01:05 sri /tmp/work/dist/zonos-elements/p-b4823b13.entry.min.js -> /output/dist/zonos-elements/p-b4823b13.entry.min.js.sri
2025/01/03 22:01:05 algorithm: run /usr/bin/brotli --quality=11 --output=/output/dist/zonos-elements/p-b4823b13.entry.min.js.br /tmp/work/dist/zonos-elements/p-b4823b13.entry.min.js
2025/01/03 22:01:05 sri /tmp/work/dist/zonos-elements/p-c5d1217f.system.min.js -> /output/dist/zonos-elements/p-c5d1217f.system.min.js.sri
2025/01/03 22:01:05 algorithm: run /usr/bin/brotli --quality=11 --output=/output/dist/zonos-elements/p-c5d1217f.system.min.js.br /tmp/work/dist/zonos-elements/p-c5d1217f.system.min.js
2025/01/03 22:01:05 br /tmp/work/dist/zonos-elements/p-c5d1217f.system.min.js -> /output/dist/zonos-elements/p-c5d1217f.system.min.js.br
2025/01/03 22:01:05 gz /tmp/work/dist/zonos-elements/p-c5d1217f.system.min.js -> /output/dist/zonos-elements/p-c5d1217f.system.min.js.gz
2025/01/03 22:01:05 sri /tmp/work/dist/zonos-elements/p-c5d1217f.system.js -> /output/dist/zonos-elements/p-c5d1217f.system.js.sri
2025/01/03 22:01:05 algorithm: run /usr/bin/brotli --quality=11 --output=/output/dist/zonos-elements/p-c5d1217f.system.js.br /tmp/work/dist/zonos-elements/p-c5d1217f.system.js
2025/01/03 22:01:05 br /tmp/work/dist/zonos-elements/p-c5d1217f.system.js -> /output/dist/zonos-elements/p-c5d1217f.system.js.br
2025/01/03 22:01:05 gz /tmp/work/dist/zonos-elements/p-c5d1217f.system.js -> /output/dist/zonos-elements/p-c5d1217f.system.js.gz
2025/01/03 22:01:05 compress: run /node_modules/uglify-js/bin/uglifyjs (3.15.4) [--mangle --compress if_return=true -o /tmp/work/dist/zonos-elements/p-d2f2c685.entry.min.js /tmp/work/dist/zonos-elements/p-d2f2c685.entry.js]
2025/01/03 22:01:05 sri /tmp/work/dist/zonos-elements/p-c015be06.system.min.js -> /output/dist/zonos-elements/p-c015be06.system.min.js.sri
2025/01/03 22:01:05 algorithm: run /usr/bin/brotli --quality=11 --output=/output/dist/zonos-elements/p-c015be06.system.min.js.br /tmp/work/dist/zonos-elements/p-c015be06.system.min.js
2025/01/03 22:01:05 br /tmp/work/dist/zonos-elements/p-c015be06.system.min.js -> /output/dist/zonos-elements/p-c015be06.system.min.js.br
2025/01/03 22:01:05 gz /tmp/work/dist/zonos-elements/p-c015be06.system.min.js -> /output/dist/zonos-elements/p-c015be06.system.min.js.gz
2025/01/03 22:01:05 sri /tmp/work/dist/zonos-elements/p-c015be06.system.js -> /output/dist/zonos-elements/p-c015be06.system.js.sri
2025/01/03 22:01:05 algorithm: run /usr/bin/brotli --quality=11 --output=/output/dist/zonos-elements/p-c015be06.system.js.br /tmp/work/dist/zonos-elements/p-c015be06.system.js
2025/01/03 22:01:05 br /tmp/work/dist/zonos-elements/p-c015be06.system.js -> /output/dist/zonos-elements/p-c015be06.system.js.br
2025/01/03 22:01:05 gz /tmp/work/dist/zonos-elements/p-c015be06.system.js -> /output/dist/zonos-elements/p-c015be06.system.js.gz
2025/01/03 22:01:05 compress: run /node_modules/uglify-js/bin/uglifyjs (3.15.4) [--mangle --compress if_return=true -o /tmp/work/dist/zonos-elements/p-db3f381d.entry.min.js /tmp/work/dist/zonos-elements/p-db3f381d.entry.js]
2025/01/03 22:01:05 br /tmp/work/dist/zonos-elements/p-b4823b13.entry.min.js -> /output/dist/zonos-elements/p-b4823b13.entry.min.js.br
2025/01/03 22:01:05 gz /tmp/work/dist/zonos-elements/p-b4823b13.entry.min.js -> /output/dist/zonos-elements/p-b4823b13.entry.min.js.gz
2025/01/03 22:01:05 sri /tmp/work/dist/zonos-elements/p-b4823b13.entry.js -> /output/dist/zonos-elements/p-b4823b13.entry.js.sri
2025/01/03 22:01:05 algorithm: run /usr/bin/brotli --quality=11 --output=/output/dist/zonos-elements/p-b4823b13.entry.js.br /tmp/work/dist/zonos-elements/p-b4823b13.entry.js
2025/01/03 22:01:05 sri /tmp/work/dist/zonos-elements/p-c9e433c0.system.min.js -> /output/dist/zonos-elements/p-c9e433c0.system.min.js.sri
2025/01/03 22:01:05 algorithm: run /usr/bin/brotli --quality=11 --output=/output/dist/zonos-elements/p-c9e433c0.system.min.js.br /tmp/work/dist/zonos-elements/p-c9e433c0.system.min.js
2025/01/03 22:01:05 br /tmp/work/dist/zonos-elements/p-c9e433c0.system.min.js -> /output/dist/zonos-elements/p-c9e433c0.system.min.js.br
2025/01/03 22:01:05 gz /tmp/work/dist/zonos-elements/p-c9e433c0.system.min.js -> /output/dist/zonos-elements/p-c9e433c0.system.min.js.gz
2025/01/03 22:01:05 sri /tmp/work/dist/zonos-elements/p-c9e433c0.system.js -> /output/dist/zonos-elements/p-c9e433c0.system.js.sri
2025/01/03 22:01:05 algorithm: run /usr/bin/brotli --quality=11 --output=/output/dist/zonos-elements/p-c9e433c0.system.js.br /tmp/work/dist/zonos-elements/p-c9e433c0.system.js
2025/01/03 22:01:05 br /tmp/work/dist/zonos-elements/p-c9e433c0.system.js -> /output/dist/zonos-elements/p-c9e433c0.system.js.br
2025/01/03 22:01:05 gz /tmp/work/dist/zonos-elements/p-c9e433c0.system.js -> /output/dist/zonos-elements/p-c9e433c0.system.js.gz
2025/01/03 22:01:05 compress: run /node_modules/uglify-js/bin/uglifyjs (3.15.4) [--mangle --compress if_return=true -o /tmp/work/dist/zonos-elements/p-de221545.entry.min.js /tmp/work/dist/zonos-elements/p-de221545.entry.js]
2025/01/03 22:01:05 sri /tmp/work/dist/zonos-elements/p-cbd5d932.entry.min.js -> /output/dist/zonos-elements/p-cbd5d932.entry.min.js.sri
2025/01/03 22:01:05 algorithm: run /usr/bin/brotli --quality=11 --output=/output/dist/zonos-elements/p-cbd5d932.entry.min.js.br /tmp/work/dist/zonos-elements/p-cbd5d932.entry.min.js
2025/01/03 22:01:05 br /tmp/work/dist/zonos-elements/p-cbd5d932.entry.min.js -> /output/dist/zonos-elements/p-cbd5d932.entry.min.js.br
2025/01/03 22:01:05 gz /tmp/work/dist/zonos-elements/p-cbd5d932.entry.min.js -> /output/dist/zonos-elements/p-cbd5d932.entry.min.js.gz
2025/01/03 22:01:05 sri /tmp/work/dist/zonos-elements/p-cbd5d932.entry.js -> /output/dist/zonos-elements/p-cbd5d932.entry.js.sri
2025/01/03 22:01:05 algorithm: run /usr/bin/brotli --quality=11 --output=/output/dist/zonos-elements/p-cbd5d932.entry.js.br /tmp/work/dist/zonos-elements/p-cbd5d932.entry.js
2025/01/03 22:01:05 br /tmp/work/dist/zonos-elements/p-b4823b13.entry.js -> /output/dist/zonos-elements/p-b4823b13.entry.js.br
2025/01/03 22:01:05 gz /tmp/work/dist/zonos-elements/p-b4823b13.entry.js -> /output/dist/zonos-elements/p-b4823b13.entry.js.gz
2025/01/03 22:01:05 compress: run /node_modules/uglify-js/bin/uglifyjs (3.15.4) [--mangle --compress if_return=true -o /tmp/work/dist/zonos-elements/p-e02fd9ae.min.js /tmp/work/dist/zonos-elements/p-e02fd9ae.js]
2025/01/03 22:01:05 br /tmp/work/dist/zonos-elements/p-cbd5d932.entry.js -> /output/dist/zonos-elements/p-cbd5d932.entry.js.br
2025/01/03 22:01:05 gz /tmp/work/dist/zonos-elements/p-cbd5d932.entry.js -> /output/dist/zonos-elements/p-cbd5d932.entry.js.gz
2025/01/03 22:01:05 compress: run /node_modules/uglify-js/bin/uglifyjs (3.15.4) [--mangle --compress if_return=true -o /tmp/work/dist/zonos-elements/p-e1255160.min.js /tmp/work/dist/zonos-elements/p-e1255160.js]
2025/01/03 22:01:05 sri /tmp/work/dist/zonos-elements/p-cdfca133.entry.min.js -> /output/dist/zonos-elements/p-cdfca133.entry.min.js.sri
2025/01/03 22:01:05 algorithm: run /usr/bin/brotli --quality=11 --output=/output/dist/zonos-elements/p-cdfca133.entry.min.js.br /tmp/work/dist/zonos-elements/p-cdfca133.entry.min.js
2025/01/03 22:01:05 br /tmp/work/dist/zonos-elements/p-cdfca133.entry.min.js -> /output/dist/zonos-elements/p-cdfca133.entry.min.js.br
2025/01/03 22:01:05 gz /tmp/work/dist/zonos-elements/p-cdfca133.entry.min.js -> /output/dist/zonos-elements/p-cdfca133.entry.min.js.gz
2025/01/03 22:01:05 sri /tmp/work/dist/zonos-elements/p-cdfca133.entry.js -> /output/dist/zonos-elements/p-cdfca133.entry.js.sri
2025/01/03 22:01:05 algorithm: run /usr/bin/brotli --quality=11 --output=/output/dist/zonos-elements/p-cdfca133.entry.js.br /tmp/work/dist/zonos-elements/p-cdfca133.entry.js
2025/01/03 22:01:05 sri /tmp/work/dist/zonos-elements/p-db3f381d.entry.min.js -> /output/dist/zonos-elements/p-db3f381d.entry.min.js.sri
2025/01/03 22:01:05 algorithm: run /usr/bin/brotli --quality=11 --output=/output/dist/zonos-elements/p-db3f381d.entry.min.js.br /tmp/work/dist/zonos-elements/p-db3f381d.entry.min.js
2025/01/03 22:01:05 br /tmp/work/dist/zonos-elements/p-db3f381d.entry.min.js -> /output/dist/zonos-elements/p-db3f381d.entry.min.js.br
2025/01/03 22:01:05 gz /tmp/work/dist/zonos-elements/p-db3f381d.entry.min.js -> /output/dist/zonos-elements/p-db3f381d.entry.min.js.gz
2025/01/03 22:01:05 sri /tmp/work/dist/zonos-elements/p-db3f381d.entry.js -> /output/dist/zonos-elements/p-db3f381d.entry.js.sri
2025/01/03 22:01:05 algorithm: run /usr/bin/brotli --quality=11 --output=/output/dist/zonos-elements/p-db3f381d.entry.js.br /tmp/work/dist/zonos-elements/p-db3f381d.entry.js
2025/01/03 22:01:05 br /tmp/work/dist/zonos-elements/p-db3f381d.entry.js -> /output/dist/zonos-elements/p-db3f381d.entry.js.br
2025/01/03 22:01:05 gz /tmp/work/dist/zonos-elements/p-db3f381d.entry.js -> /output/dist/zonos-elements/p-db3f381d.entry.js.gz
2025/01/03 22:01:05 compress: run /node_modules/uglify-js/bin/uglifyjs (3.15.4) [--mangle --compress if_return=true -o /tmp/work/dist/zonos-elements/p-e3abf96c.system.entry.min.js /tmp/work/dist/zonos-elements/p-e3abf96c.system.entry.js]
2025/01/03 22:01:05 br /tmp/work/dist/zonos-elements/p-cdfca133.entry.js -> /output/dist/zonos-elements/p-cdfca133.entry.js.br
2025/01/03 22:01:05 gz /tmp/work/dist/zonos-elements/p-cdfca133.entry.js -> /output/dist/zonos-elements/p-cdfca133.entry.js.gz
2025/01/03 22:01:05 compress: run /node_modules/uglify-js/bin/uglifyjs (3.15.4) [--mangle --compress if_return=true -o /tmp/work/dist/zonos-elements/p-e4d509be.entry.min.js /tmp/work/dist/zonos-elements/p-e4d509be.entry.js]
2025/01/03 22:01:05 sri /tmp/work/dist/zonos-elements/p-d2f2c685.entry.min.js -> /output/dist/zonos-elements/p-d2f2c685.entry.min.js.sri
2025/01/03 22:01:05 algorithm: run /usr/bin/brotli --quality=11 --output=/output/dist/zonos-elements/p-d2f2c685.entry.min.js.br /tmp/work/dist/zonos-elements/p-d2f2c685.entry.min.js
2025/01/03 22:01:05 br /tmp/work/dist/zonos-elements/p-d2f2c685.entry.min.js -> /output/dist/zonos-elements/p-d2f2c685.entry.min.js.br
2025/01/03 22:01:05 gz /tmp/work/dist/zonos-elements/p-d2f2c685.entry.min.js -> /output/dist/zonos-elements/p-d2f2c685.entry.min.js.gz
2025/01/03 22:01:05 sri /tmp/work/dist/zonos-elements/p-d2f2c685.entry.js -> /output/dist/zonos-elements/p-d2f2c685.entry.js.sri
2025/01/03 22:01:05 algorithm: run /usr/bin/brotli --quality=11 --output=/output/dist/zonos-elements/p-d2f2c685.entry.js.br /tmp/work/dist/zonos-elements/p-d2f2c685.entry.js
2025/01/03 22:01:05 br /tmp/work/dist/zonos-elements/p-d2f2c685.entry.js -> /output/dist/zonos-elements/p-d2f2c685.entry.js.br
2025/01/03 22:01:05 gz /tmp/work/dist/zonos-elements/p-d2f2c685.entry.js -> /output/dist/zonos-elements/p-d2f2c685.entry.js.gz
2025/01/03 22:01:05 compress: run /node_modules/uglify-js/bin/uglifyjs (3.15.4) [--mangle --compress if_return=true -o /tmp/work/dist/zonos-elements/p-e8926f59.entry.min.js /tmp/work/dist/zonos-elements/p-e8926f59.entry.js]
2025/01/03 22:01:05 sri /tmp/work/dist/zonos-elements/p-de221545.entry.min.js -> /output/dist/zonos-elements/p-de221545.entry.min.js.sri
2025/01/03 22:01:05 algorithm: run /usr/bin/brotli --quality=11 --output=/output/dist/zonos-elements/p-de221545.entry.min.js.br /tmp/work/dist/zonos-elements/p-de221545.entry.min.js
2025/01/03 22:01:05 sri /tmp/work/dist/zonos-elements/p-e02fd9ae.min.js -> /output/dist/zonos-elements/p-e02fd9ae.min.js.sri
2025/01/03 22:01:05 algorithm: run /usr/bin/brotli --quality=11 --output=/output/dist/zonos-elements/p-e02fd9ae.min.js.br /tmp/work/dist/zonos-elements/p-e02fd9ae.min.js
2025/01/03 22:01:05 sri /tmp/work/dist/zonos-elements/p-e1255160.min.js -> /output/dist/zonos-elements/p-e1255160.min.js.sri
2025/01/03 22:01:05 algorithm: run /usr/bin/brotli --quality=11 --output=/output/dist/zonos-elements/p-e1255160.min.js.br /tmp/work/dist/zonos-elements/p-e1255160.min.js
2025/01/03 22:01:05 br /tmp/work/dist/zonos-elements/p-e02fd9ae.min.js -> /output/dist/zonos-elements/p-e02fd9ae.min.js.br
2025/01/03 22:01:05 gz /tmp/work/dist/zonos-elements/p-e02fd9ae.min.js -> /output/dist/zonos-elements/p-e02fd9ae.min.js.gz
2025/01/03 22:01:05 sri /tmp/work/dist/zonos-elements/p-e02fd9ae.js -> /output/dist/zonos-elements/p-e02fd9ae.js.sri
2025/01/03 22:01:05 algorithm: run /usr/bin/brotli --quality=11 --output=/output/dist/zonos-elements/p-e02fd9ae.js.br /tmp/work/dist/zonos-elements/p-e02fd9ae.js
2025/01/03 22:01:05 br /tmp/work/dist/zonos-elements/p-e1255160.min.js -> /output/dist/zonos-elements/p-e1255160.min.js.br
2025/01/03 22:01:05 gz /tmp/work/dist/zonos-elements/p-e1255160.min.js -> /output/dist/zonos-elements/p-e1255160.min.js.gz
2025/01/03 22:01:05 sri /tmp/work/dist/zonos-elements/p-e1255160.js -> /output/dist/zonos-elements/p-e1255160.js.sri
2025/01/03 22:01:05 algorithm: run /usr/bin/brotli --quality=11 --output=/output/dist/zonos-elements/p-e1255160.js.br /tmp/work/dist/zonos-elements/p-e1255160.js
2025/01/03 22:01:05 br /tmp/work/dist/zonos-elements/p-e02fd9ae.js -> /output/dist/zonos-elements/p-e02fd9ae.js.br
2025/01/03 22:01:05 gz /tmp/work/dist/zonos-elements/p-e02fd9ae.js -> /output/dist/zonos-elements/p-e02fd9ae.js.gz
2025/01/03 22:01:05 compress: run /node_modules/uglify-js/bin/uglifyjs (3.15.4) [--mangle --compress if_return=true -o /tmp/work/dist/zonos-elements/p-e8c70c7d.system.entry.min.js /tmp/work/dist/zonos-elements/p-e8c70c7d.system.entry.js]
2025/01/03 22:01:05 br /tmp/work/dist/zonos-elements/p-de221545.entry.min.js -> /output/dist/zonos-elements/p-de221545.entry.min.js.br
2025/01/03 22:01:05 gz /tmp/work/dist/zonos-elements/p-de221545.entry.min.js -> /output/dist/zonos-elements/p-de221545.entry.min.js.gz
2025/01/03 22:01:05 sri /tmp/work/dist/zonos-elements/p-de221545.entry.js -> /output/dist/zonos-elements/p-de221545.entry.js.sri
2025/01/03 22:01:05 algorithm: run /usr/bin/brotli --quality=11 --output=/output/dist/zonos-elements/p-de221545.entry.js.br /tmp/work/dist/zonos-elements/p-de221545.entry.js
2025/01/03 22:01:05 br /tmp/work/dist/zonos-elements/p-e1255160.js -> /output/dist/zonos-elements/p-e1255160.js.br
2025/01/03 22:01:05 gz /tmp/work/dist/zonos-elements/p-e1255160.js -> /output/dist/zonos-elements/p-e1255160.js.gz
2025/01/03 22:01:05 compress: run /node_modules/uglify-js/bin/uglifyjs (3.15.4) [--mangle --compress if_return=true -o /tmp/work/dist/zonos-elements/p-f0c8150e.min.js /tmp/work/dist/zonos-elements/p-f0c8150e.js]
2025/01/03 22:01:05 br /tmp/work/dist/zonos-elements/p-de221545.entry.js -> /output/dist/zonos-elements/p-de221545.entry.js.br
2025/01/03 22:01:05 gz /tmp/work/dist/zonos-elements/p-de221545.entry.js -> /output/dist/zonos-elements/p-de221545.entry.js.gz
2025/01/03 22:01:05 compress: run /node_modules/uglify-js/bin/uglifyjs (3.15.4) [--mangle --compress if_return=true -o /tmp/work/dist/zonos-elements/p-f824a75f.entry.min.js /tmp/work/dist/zonos-elements/p-f824a75f.entry.js]
2025/01/03 22:01:06 sri /tmp/work/dist/zonos-elements/p-e4d509be.entry.min.js -> /output/dist/zonos-elements/p-e4d509be.entry.min.js.sri
2025/01/03 22:01:06 algorithm: run /usr/bin/brotli --quality=11 --output=/output/dist/zonos-elements/p-e4d509be.entry.min.js.br /tmp/work/dist/zonos-elements/p-e4d509be.entry.min.js
2025/01/03 22:01:06 sri /tmp/work/dist/zonos-elements/p-e8c70c7d.system.entry.min.js -> /output/dist/zonos-elements/p-e8c70c7d.system.entry.min.js.sri
2025/01/03 22:01:06 algorithm: run /usr/bin/brotli --quality=11 --output=/output/dist/zonos-elements/p-e8c70c7d.system.entry.min.js.br /tmp/work/dist/zonos-elements/p-e8c70c7d.system.entry.min.js
2025/01/03 22:01:06 br /tmp/work/dist/zonos-elements/p-e8c70c7d.system.entry.min.js -> /output/dist/zonos-elements/p-e8c70c7d.system.entry.min.js.br
2025/01/03 22:01:06 gz /tmp/work/dist/zonos-elements/p-e8c70c7d.system.entry.min.js -> /output/dist/zonos-elements/p-e8c70c7d.system.entry.min.js.gz
2025/01/03 22:01:06 sri /tmp/work/dist/zonos-elements/p-e8c70c7d.system.entry.js -> /output/dist/zonos-elements/p-e8c70c7d.system.entry.js.sri
2025/01/03 22:01:06 algorithm: run /usr/bin/brotli --quality=11 --output=/output/dist/zonos-elements/p-e8c70c7d.system.entry.js.br /tmp/work/dist/zonos-elements/p-e8c70c7d.system.entry.js
2025/01/03 22:01:06 br /tmp/work/dist/zonos-elements/p-e8c70c7d.system.entry.js -> /output/dist/zonos-elements/p-e8c70c7d.system.entry.js.br
2025/01/03 22:01:06 gz /tmp/work/dist/zonos-elements/p-e8c70c7d.system.entry.js -> /output/dist/zonos-elements/p-e8c70c7d.system.entry.js.gz
2025/01/03 22:01:06 compress: run /node_modules/uglify-js/bin/uglifyjs (3.15.4) [--mangle --compress if_return=true -o /tmp/work/dist/zonos-elements/p-fc4ebe6b.system.entry.min.js /tmp/work/dist/zonos-elements/p-fc4ebe6b.system.entry.js]
2025/01/03 22:01:06 br /tmp/work/dist/zonos-elements/p-e4d509be.entry.min.js -> /output/dist/zonos-elements/p-e4d509be.entry.min.js.br
2025/01/03 22:01:06 gz /tmp/work/dist/zonos-elements/p-e4d509be.entry.min.js -> /output/dist/zonos-elements/p-e4d509be.entry.min.js.gz
2025/01/03 22:01:06 sri /tmp/work/dist/zonos-elements/p-e4d509be.entry.js -> /output/dist/zonos-elements/p-e4d509be.entry.js.sri
2025/01/03 22:01:06 algorithm: run /usr/bin/brotli --quality=11 --output=/output/dist/zonos-elements/p-e4d509be.entry.js.br /tmp/work/dist/zonos-elements/p-e4d509be.entry.js
2025/01/03 22:01:06 br /tmp/work/dist/zonos-elements/p-e4d509be.entry.js -> /output/dist/zonos-elements/p-e4d509be.entry.js.br
2025/01/03 22:01:06 gz /tmp/work/dist/zonos-elements/p-e4d509be.entry.js -> /output/dist/zonos-elements/p-e4d509be.entry.js.gz
2025/01/03 22:01:06 compress: run /node_modules/uglify-js/bin/uglifyjs (3.15.4) [--mangle --compress if_return=true -o /tmp/work/dist/zonos-elements/p-fdb592a8.system.min.js /tmp/work/dist/zonos-elements/p-fdb592a8.system.js]
2025/01/03 22:01:06 sri /tmp/work/dist/zonos-elements/p-f0c8150e.min.js -> /output/dist/zonos-elements/p-f0c8150e.min.js.sri
2025/01/03 22:01:06 algorithm: run /usr/bin/brotli --quality=11 --output=/output/dist/zonos-elements/p-f0c8150e.min.js.br /tmp/work/dist/zonos-elements/p-f0c8150e.min.js
2025/01/03 22:01:06 sri /tmp/work/dist/zonos-elements/p-e3abf96c.system.entry.min.js -> /output/dist/zonos-elements/p-e3abf96c.system.entry.min.js.sri
2025/01/03 22:01:06 algorithm: run /usr/bin/brotli --quality=11 --output=/output/dist/zonos-elements/p-e3abf96c.system.entry.min.js.br /tmp/work/dist/zonos-elements/p-e3abf96c.system.entry.min.js
2025/01/03 22:01:06 br /tmp/work/dist/zonos-elements/p-f0c8150e.min.js -> /output/dist/zonos-elements/p-f0c8150e.min.js.br
2025/01/03 22:01:06 gz /tmp/work/dist/zonos-elements/p-f0c8150e.min.js -> /output/dist/zonos-elements/p-f0c8150e.min.js.gz
2025/01/03 22:01:06 sri /tmp/work/dist/zonos-elements/p-f0c8150e.js -> /output/dist/zonos-elements/p-f0c8150e.js.sri
2025/01/03 22:01:06 algorithm: run /usr/bin/brotli --quality=11 --output=/output/dist/zonos-elements/p-f0c8150e.js.br /tmp/work/dist/zonos-elements/p-f0c8150e.js
2025/01/03 22:01:06 br /tmp/work/dist/zonos-elements/p-f0c8150e.js -> /output/dist/zonos-elements/p-f0c8150e.js.br
2025/01/03 22:01:06 gz /tmp/work/dist/zonos-elements/p-f0c8150e.js -> /output/dist/zonos-elements/p-f0c8150e.js.gz
2025/01/03 22:01:06 compress: run /node_modules/uglify-js/bin/uglifyjs (3.15.4) [--mangle --compress if_return=true -o /tmp/work/dist/zonos-elements/p-fec7bdd4.system.entry.min.js /tmp/work/dist/zonos-elements/p-fec7bdd4.system.entry.js]
2025/01/03 22:01:06 br /tmp/work/dist/zonos-elements/p-e3abf96c.system.entry.min.js -> /output/dist/zonos-elements/p-e3abf96c.system.entry.min.js.br
2025/01/03 22:01:06 gz /tmp/work/dist/zonos-elements/p-e3abf96c.system.entry.min.js -> /output/dist/zonos-elements/p-e3abf96c.system.entry.min.js.gz
2025/01/03 22:01:06 sri /tmp/work/dist/zonos-elements/p-e3abf96c.system.entry.js -> /output/dist/zonos-elements/p-e3abf96c.system.entry.js.sri
2025/01/03 22:01:06 algorithm: run /usr/bin/brotli --quality=11 --output=/output/dist/zonos-elements/p-e3abf96c.system.entry.js.br /tmp/work/dist/zonos-elements/p-e3abf96c.system.entry.js
2025/01/03 22:01:06 br /tmp/work/dist/zonos-elements/p-e3abf96c.system.entry.js -> /output/dist/zonos-elements/p-e3abf96c.system.entry.js.br
2025/01/03 22:01:06 gz /tmp/work/dist/zonos-elements/p-e3abf96c.system.entry.js -> /output/dist/zonos-elements/p-e3abf96c.system.entry.js.gz
2025/01/03 22:01:06 compress: run /node_modules/clean-css-cli/bin/cleancss (3.3.10) [--compatibility --s0 -o /tmp/work/dist/zonos-elements/zonos-elements.min.css /tmp/work/dist/zonos-elements/zonos-elements.css]
2025/01/03 22:01:06 sri /tmp/work/dist/zonos-elements/p-fc4ebe6b.system.entry.min.js -> /output/dist/zonos-elements/p-fc4ebe6b.system.entry.min.js.sri
2025/01/03 22:01:06 algorithm: run /usr/bin/brotli --quality=11 --output=/output/dist/zonos-elements/p-fc4ebe6b.system.entry.min.js.br /tmp/work/dist/zonos-elements/p-fc4ebe6b.system.entry.min.js
2025/01/03 22:01:06 br /tmp/work/dist/zonos-elements/p-fc4ebe6b.system.entry.min.js -> /output/dist/zonos-elements/p-fc4ebe6b.system.entry.min.js.br
2025/01/03 22:01:06 gz /tmp/work/dist/zonos-elements/p-fc4ebe6b.system.entry.min.js -> /output/dist/zonos-elements/p-fc4ebe6b.system.entry.min.js.gz
2025/01/03 22:01:06 sri /tmp/work/dist/zonos-elements/p-fc4ebe6b.system.entry.js -> /output/dist/zonos-elements/p-fc4ebe6b.system.entry.js.sri
2025/01/03 22:01:06 algorithm: run /usr/bin/brotli --quality=11 --output=/output/dist/zonos-elements/p-fc4ebe6b.system.entry.js.br /tmp/work/dist/zonos-elements/p-fc4ebe6b.system.entry.js
2025/01/03 22:01:06 br /tmp/work/dist/zonos-elements/p-fc4ebe6b.system.entry.js -> /output/dist/zonos-elements/p-fc4ebe6b.system.entry.js.br
2025/01/03 22:01:06 gz /tmp/work/dist/zonos-elements/p-fc4ebe6b.system.entry.js -> /output/dist/zonos-elements/p-fc4ebe6b.system.entry.js.gz
2025/01/03 22:01:06 compress: run /node_modules/uglify-js/bin/uglifyjs (3.15.4) [--mangle --compress if_return=true -o /tmp/work/dist/zonos-elements/zonos-elements.esm.min.js /tmp/work/dist/zonos-elements/zonos-elements.esm.js]
2025/01/03 22:01:06 sri /tmp/work/dist/zonos-elements/p-b18c4d1d.min.js -> /output/dist/zonos-elements/p-b18c4d1d.min.js.sri
2025/01/03 22:01:06 algorithm: run /usr/bin/brotli --quality=11 --output=/output/dist/zonos-elements/p-b18c4d1d.min.js.br /tmp/work/dist/zonos-elements/p-b18c4d1d.min.js
2025/01/03 22:01:06 sri /tmp/work/dist/zonos-elements/zonos-elements.min.css -> /output/dist/zonos-elements/zonos-elements.min.css.sri
2025/01/03 22:01:06 algorithm: run /usr/bin/brotli --quality=11 --output=/output/dist/zonos-elements/zonos-elements.min.css.br /tmp/work/dist/zonos-elements/zonos-elements.min.css
2025/01/03 22:01:06 sri /tmp/work/dist/zonos-elements/zonos-elements.esm.min.js -> /output/dist/zonos-elements/zonos-elements.esm.min.js.sri
2025/01/03 22:01:06 algorithm: run /usr/bin/brotli --quality=11 --output=/output/dist/zonos-elements/zonos-elements.esm.min.js.br /tmp/work/dist/zonos-elements/zonos-elements.esm.min.js
2025/01/03 22:01:06 br /tmp/work/dist/zonos-elements/zonos-elements.esm.min.js -> /output/dist/zonos-elements/zonos-elements.esm.min.js.br
2025/01/03 22:01:06 gz /tmp/work/dist/zonos-elements/zonos-elements.esm.min.js -> /output/dist/zonos-elements/zonos-elements.esm.min.js.gz
2025/01/03 22:01:06 sri /tmp/work/dist/zonos-elements/zonos-elements.esm.js -> /output/dist/zonos-elements/zonos-elements.esm.js.sri
2025/01/03 22:01:06 algorithm: run /usr/bin/brotli --quality=11 --output=/output/dist/zonos-elements/zonos-elements.esm.js.br /tmp/work/dist/zonos-elements/zonos-elements.esm.js
2025/01/03 22:01:06 br /tmp/work/dist/zonos-elements/zonos-elements.min.css -> /output/dist/zonos-elements/zonos-elements.min.css.br
2025/01/03 22:01:06 gz /tmp/work/dist/zonos-elements/zonos-elements.min.css -> /output/dist/zonos-elements/zonos-elements.min.css.gz
2025/01/03 22:01:06 sri /tmp/work/dist/zonos-elements/zonos-elements.css -> /output/dist/zonos-elements/zonos-elements.css.sri
2025/01/03 22:01:06 algorithm: run /usr/bin/brotli --quality=11 --output=/output/dist/zonos-elements/zonos-elements.css.br /tmp/work/dist/zonos-elements/zonos-elements.css
2025/01/03 22:01:06 br /tmp/work/dist/zonos-elements/zonos-elements.esm.js -> /output/dist/zonos-elements/zonos-elements.esm.js.br
2025/01/03 22:01:06 gz /tmp/work/dist/zonos-elements/zonos-elements.esm.js -> /output/dist/zonos-elements/zonos-elements.esm.js.gz
2025/01/03 22:01:06 compress: run /node_modules/uglify-js/bin/uglifyjs (3.15.4) [--mangle --compress if_return=true -o /tmp/work/dist/zonos-elements/zonos-elements.min.js /tmp/work/dist/zonos-elements/zonos-elements.js]
2025/01/03 22:01:06 sri /tmp/work/dist/zonos-elements/p-f824a75f.entry.min.js -> /output/dist/zonos-elements/p-f824a75f.entry.min.js.sri
2025/01/03 22:01:06 algorithm: run /usr/bin/brotli --quality=11 --output=/output/dist/zonos-elements/p-f824a75f.entry.min.js.br /tmp/work/dist/zonos-elements/p-f824a75f.entry.min.js
2025/01/03 22:01:06 br /tmp/work/dist/zonos-elements/zonos-elements.css -> /output/dist/zonos-elements/zonos-elements.css.br
2025/01/03 22:01:06 gz /tmp/work/dist/zonos-elements/zonos-elements.css -> /output/dist/zonos-elements/zonos-elements.css.gz
2025/01/03 22:01:06 algorithm: run /usr/bin/brotli --quality=11 --output=/output/dist/zonos-elements/assets/bagIcon.svg.br /tmp/work/dist/zonos-elements/assets/bagIcon.svg
2025/01/03 22:01:06 br /tmp/work/dist/zonos-elements/assets/bagIcon.svg -> /output/dist/zonos-elements/assets/bagIcon.svg.br
2025/01/03 22:01:06 gz /tmp/work/dist/zonos-elements/assets/bagIcon.svg -> /output/dist/zonos-elements/assets/bagIcon.svg.gz
2025/01/03 22:01:06 compress: run /usr/bin/zopflipng --iterations=60 --keepchunks=iCCP --lossy_transparent --splitting=3 -my /tmp/work/dist/zonos-elements/assets/Boxes.png /tmp/work/dist/zonos-elements/assets/Boxes.png
2025/01/03 22:01:06 br /tmp/work/dist/zonos-elements/p-f824a75f.entry.min.js -> /output/dist/zonos-elements/p-f824a75f.entry.min.js.br
2025/01/03 22:01:06 gz /tmp/work/dist/zonos-elements/p-f824a75f.entry.min.js -> /output/dist/zonos-elements/p-f824a75f.entry.min.js.gz
2025/01/03 22:01:06 sri /tmp/work/dist/zonos-elements/p-f824a75f.entry.js -> /output/dist/zonos-elements/p-f824a75f.entry.js.sri
2025/01/03 22:01:06 algorithm: run /usr/bin/brotli --quality=11 --output=/output/dist/zonos-elements/p-f824a75f.entry.js.br /tmp/work/dist/zonos-elements/p-f824a75f.entry.js
2025/01/03 22:01:06 br /tmp/work/dist/zonos-elements/p-f824a75f.entry.js -> /output/dist/zonos-elements/p-f824a75f.entry.js.br
2025/01/03 22:01:06 gz /tmp/work/dist/zonos-elements/p-f824a75f.entry.js -> /output/dist/zonos-elements/p-f824a75f.entry.js.gz
2025/01/03 22:01:06 algorithm: run /usr/bin/brotli --quality=11 --output=/output/dist/zonos-elements/assets/ChevronDownIcon.svg.br /tmp/work/dist/zonos-elements/assets/ChevronDownIcon.svg
2025/01/03 22:01:07 br /tmp/work/dist/zonos-elements/assets/ChevronDownIcon.svg -> /output/dist/zonos-elements/assets/ChevronDownIcon.svg.br
2025/01/03 22:01:07 gz /tmp/work/dist/zonos-elements/assets/ChevronDownIcon.svg -> /output/dist/zonos-elements/assets/ChevronDownIcon.svg.gz
2025/01/03 22:01:07 algorithm: run /usr/bin/brotli --quality=11 --output=/output/dist/zonos-elements/assets/ChevronUpIcon.svg.br /tmp/work/dist/zonos-elements/assets/ChevronUpIcon.svg
2025/01/03 22:01:07 br /tmp/work/dist/zonos-elements/assets/ChevronUpIcon.svg -> /output/dist/zonos-elements/assets/ChevronUpIcon.svg.br
2025/01/03 22:01:07 gz /tmp/work/dist/zonos-elements/assets/ChevronUpIcon.svg -> /output/dist/zonos-elements/assets/ChevronUpIcon.svg.gz
2025/01/03 22:01:07 compress: run /usr/bin/zopflipng --iterations=60 --keepchunks=iCCP --lossy_transparent --splitting=3 -my /tmp/work/dist/zonos-elements/assets/Earth.png /tmp/work/dist/zonos-elements/assets/Earth.png
2025/01/03 22:01:07 sri /tmp/work/dist/zonos-elements/p-e8926f59.entry.min.js -> /output/dist/zonos-elements/p-e8926f59.entry.min.js.sri
2025/01/03 22:01:07 algorithm: run /usr/bin/brotli --quality=11 --output=/output/dist/zonos-elements/p-e8926f59.entry.min.js.br /tmp/work/dist/zonos-elements/p-e8926f59.entry.min.js
2025/01/03 22:01:07 br /tmp/work/dist/zonos-elements/p-e8926f59.entry.min.js -> /output/dist/zonos-elements/p-e8926f59.entry.min.js.br
2025/01/03 22:01:07 gz /tmp/work/dist/zonos-elements/p-e8926f59.entry.min.js -> /output/dist/zonos-elements/p-e8926f59.entry.min.js.gz
2025/01/03 22:01:07 sri /tmp/work/dist/zonos-elements/p-e8926f59.entry.js -> /output/dist/zonos-elements/p-e8926f59.entry.js.sri
2025/01/03 22:01:07 algorithm: run /usr/bin/brotli --quality=11 --output=/output/dist/zonos-elements/p-e8926f59.entry.js.br /tmp/work/dist/zonos-elements/p-e8926f59.entry.js
2025/01/03 22:01:07 br /tmp/work/dist/zonos-elements/p-e8926f59.entry.js -> /output/dist/zonos-elements/p-e8926f59.entry.js.br
2025/01/03 22:01:07 gz /tmp/work/dist/zonos-elements/p-e8926f59.entry.js -> /output/dist/zonos-elements/p-e8926f59.entry.js.gz
2025/01/03 22:01:07 compress: run /usr/bin/jpegoptim /tmp/work/dist/zonos-elements/assets/empty-item.jpeg
2025/01/03 22:01:07 /tmp/work/dist/zonos-elements/assets/empty-item.jpeg 49x48 24bit N  [OK] 569 --> 569 bytes (0.00%), skipped.

2025/01/03 22:01:07 algorithm: run /usr/bin/brotli --quality=11 --output=/output/dist/zonos-elements/assets/empty-item.jpeg.br /tmp/work/dist/zonos-elements/assets/empty-item.jpeg
2025/01/03 22:01:07 br /tmp/work/dist/zonos-elements/assets/empty-item.jpeg -> /output/dist/zonos-elements/assets/empty-item.jpeg.br
2025/01/03 22:01:07 gz /tmp/work/dist/zonos-elements/assets/empty-item.jpeg -> /output/dist/zonos-elements/assets/empty-item.jpeg.gz
2025/01/03 22:01:07 compress: run /usr/bin/zopflipng --iterations=60 --keepchunks=iCCP --lossy_transparent --splitting=3 -my /tmp/work/dist/zonos-elements/assets/EmptyBox.png /tmp/work/dist/zonos-elements/assets/EmptyBox.png
2025/01/03 22:01:07 sri /tmp/work/dist/zonos-elements/p-fdb592a8.system.min.js -> /output/dist/zonos-elements/p-fdb592a8.system.min.js.sri
2025/01/03 22:01:07 algorithm: run /usr/bin/brotli --quality=11 --output=/output/dist/zonos-elements/p-fdb592a8.system.min.js.br /tmp/work/dist/zonos-elements/p-fdb592a8.system.min.js
2025/01/03 22:01:07 br /tmp/work/dist/zonos-elements/p-fdb592a8.system.min.js -> /output/dist/zonos-elements/p-fdb592a8.system.min.js.br
2025/01/03 22:01:07 gz /tmp/work/dist/zonos-elements/p-fdb592a8.system.min.js -> /output/dist/zonos-elements/p-fdb592a8.system.min.js.gz
2025/01/03 22:01:07 sri /tmp/work/dist/zonos-elements/p-fdb592a8.system.js -> /output/dist/zonos-elements/p-fdb592a8.system.js.sri
2025/01/03 22:01:07 algorithm: run /usr/bin/brotli --quality=11 --output=/output/dist/zonos-elements/p-fdb592a8.system.js.br /tmp/work/dist/zonos-elements/p-fdb592a8.system.js
2025/01/03 22:01:07 br /tmp/work/dist/zonos-elements/p-fdb592a8.system.js -> /output/dist/zonos-elements/p-fdb592a8.system.js.br
2025/01/03 22:01:07 gz /tmp/work/dist/zonos-elements/p-fdb592a8.system.js -> /output/dist/zonos-elements/p-fdb592a8.system.js.gz
2025/01/03 22:01:07 algorithm: run /usr/bin/brotli --quality=11 --output=/output/dist/zonos-elements/assets/ExclamationMarkDuotoneIcon.svg.br /tmp/work/dist/zonos-elements/assets/ExclamationMarkDuotoneIcon.svg
2025/01/03 22:01:07 br /tmp/work/dist/zonos-elements/assets/ExclamationMarkDuotoneIcon.svg -> /output/dist/zonos-elements/assets/ExclamationMarkDuotoneIcon.svg.br
2025/01/03 22:01:07 gz /tmp/work/dist/zonos-elements/assets/ExclamationMarkDuotoneIcon.svg -> /output/dist/zonos-elements/assets/ExclamationMarkDuotoneIcon.svg.gz
2025/01/03 22:01:07 algorithm: run /usr/bin/brotli --quality=11 --output=/output/dist/zonos-elements/assets/HelpDuotoneIcon.svg.br /tmp/work/dist/zonos-elements/assets/HelpDuotoneIcon.svg
2025/01/03 22:01:07 br /tmp/work/dist/zonos-elements/assets/HelpDuotoneIcon.svg -> /output/dist/zonos-elements/assets/HelpDuotoneIcon.svg.br
2025/01/03 22:01:07 gz /tmp/work/dist/zonos-elements/assets/HelpDuotoneIcon.svg -> /output/dist/zonos-elements/assets/HelpDuotoneIcon.svg.gz
2025/01/03 22:01:07 algorithm: run /usr/bin/brotli --quality=11 --output=/output/dist/zonos-elements/assets/importIcon.svg.br /tmp/work/dist/zonos-elements/assets/importIcon.svg
2025/01/03 22:01:07 br /tmp/work/dist/zonos-elements/assets/importIcon.svg -> /output/dist/zonos-elements/assets/importIcon.svg.br
2025/01/03 22:01:07 gz /tmp/work/dist/zonos-elements/assets/importIcon.svg -> /output/dist/zonos-elements/assets/importIcon.svg.gz
2025/01/03 22:01:07 algorithm: run /usr/bin/brotli --quality=11 --output=/output/dist/zonos-elements/assets/inclusivePricingIcon.svg.br /tmp/work/dist/zonos-elements/assets/inclusivePricingIcon.svg
2025/01/03 22:01:07 br /tmp/work/dist/zonos-elements/assets/inclusivePricingIcon.svg -> /output/dist/zonos-elements/assets/inclusivePricingIcon.svg.br
2025/01/03 22:01:07 gz /tmp/work/dist/zonos-elements/assets/inclusivePricingIcon.svg -> /output/dist/zonos-elements/assets/inclusivePricingIcon.svg.gz
2025/01/03 22:01:07 algorithm: run /usr/bin/brotli --quality=11 --output=/output/dist/zonos-elements/assets/InfoIcon.svg.br /tmp/work/dist/zonos-elements/assets/InfoIcon.svg
2025/01/03 22:01:07 br /tmp/work/dist/zonos-elements/assets/InfoIcon.svg -> /output/dist/zonos-elements/assets/InfoIcon.svg.br
2025/01/03 22:01:07 gz /tmp/work/dist/zonos-elements/assets/InfoIcon.svg -> /output/dist/zonos-elements/assets/InfoIcon.svg.gz
2025/01/03 22:01:07 algorithm: run /usr/bin/brotli --quality=11 --output=/output/dist/zonos-elements/assets/LeftArrow.svg.br /tmp/work/dist/zonos-elements/assets/LeftArrow.svg
2025/01/03 22:01:07 br /tmp/work/dist/zonos-elements/assets/LeftArrow.svg -> /output/dist/zonos-elements/assets/LeftArrow.svg.br
2025/01/03 22:01:07 gz /tmp/work/dist/zonos-elements/assets/LeftArrow.svg -> /output/dist/zonos-elements/assets/LeftArrow.svg.gz
2025/01/03 22:01:07 compress: run /usr/bin/zopflipng --iterations=60 --keepchunks=iCCP --lossy_transparent --splitting=3 -my /tmp/work/dist/zonos-elements/assets/Lock.png /tmp/work/dist/zonos-elements/assets/Lock.png
2025/01/03 22:01:07 sri /tmp/work/dist/zonos-elements/p-b0ced00a.system.min.js -> /output/dist/zonos-elements/p-b0ced00a.system.min.js.sri
2025/01/03 22:01:07 algorithm: run /usr/bin/brotli --quality=11 --output=/output/dist/zonos-elements/p-b0ced00a.system.min.js.br /tmp/work/dist/zonos-elements/p-b0ced00a.system.min.js
2025/01/03 22:01:07 br /tmp/work/dist/zonos-elements/p-b18c4d1d.min.js -> /output/dist/zonos-elements/p-b18c4d1d.min.js.br
2025/01/03 22:01:07 gz /tmp/work/dist/zonos-elements/p-b18c4d1d.min.js -> /output/dist/zonos-elements/p-b18c4d1d.min.js.gz
2025/01/03 22:01:07 sri /tmp/work/dist/zonos-elements/p-b18c4d1d.js -> /output/dist/zonos-elements/p-b18c4d1d.js.sri
2025/01/03 22:01:07 algorithm: run /usr/bin/brotli --quality=11 --output=/output/dist/zonos-elements/p-b18c4d1d.js.br /tmp/work/dist/zonos-elements/p-b18c4d1d.js
2025/01/03 22:01:08 br /tmp/work/dist/zonos-elements/p-b0ced00a.system.min.js -> /output/dist/zonos-elements/p-b0ced00a.system.min.js.br
2025/01/03 22:01:08 gz /tmp/work/dist/zonos-elements/p-b0ced00a.system.min.js -> /output/dist/zonos-elements/p-b0ced00a.system.min.js.gz
2025/01/03 22:01:08 sri /tmp/work/dist/zonos-elements/p-b0ced00a.system.js -> /output/dist/zonos-elements/p-b0ced00a.system.js.sri
2025/01/03 22:01:08 algorithm: run /usr/bin/brotli --quality=11 --output=/output/dist/zonos-elements/p-b0ced00a.system.js.br /tmp/work/dist/zonos-elements/p-b0ced00a.system.js
2025/01/03 22:01:08 br /tmp/work/dist/zonos-elements/p-b18c4d1d.js -> /output/dist/zonos-elements/p-b18c4d1d.js.br
2025/01/03 22:01:08 gz /tmp/work/dist/zonos-elements/p-b18c4d1d.js -> /output/dist/zonos-elements/p-b18c4d1d.js.gz
2025/01/03 22:01:08 algorithm: run /usr/bin/brotli --quality=11 --output=/output/dist/zonos-elements/assets/messageIcon.svg.br /tmp/work/dist/zonos-elements/assets/messageIcon.svg
2025/01/03 22:01:08 br /tmp/work/dist/zonos-elements/assets/messageIcon.svg -> /output/dist/zonos-elements/assets/messageIcon.svg.br
2025/01/03 22:01:08 gz /tmp/work/dist/zonos-elements/assets/messageIcon.svg -> /output/dist/zonos-elements/assets/messageIcon.svg.gz
2025/01/03 22:01:08 algorithm: run /usr/bin/brotli --quality=11 --output=/output/dist/zonos-elements/assets/MessageIcon.svg.br /tmp/work/dist/zonos-elements/assets/MessageIcon.svg
2025/01/03 22:01:08 br /tmp/work/dist/zonos-elements/assets/MessageIcon.svg -> /output/dist/zonos-elements/assets/MessageIcon.svg.br
2025/01/03 22:01:08 gz /tmp/work/dist/zonos-elements/assets/MessageIcon.svg -> /output/dist/zonos-elements/assets/MessageIcon.svg.gz
2025/01/03 22:01:08 algorithm: run /usr/bin/brotli --quality=11 --output=/output/dist/zonos-elements/assets/moneyIcon.svg.br /tmp/work/dist/zonos-elements/assets/moneyIcon.svg
2025/01/03 22:01:08 br /tmp/work/dist/zonos-elements/assets/moneyIcon.svg -> /output/dist/zonos-elements/assets/moneyIcon.svg.br
2025/01/03 22:01:08 gz /tmp/work/dist/zonos-elements/assets/moneyIcon.svg -> /output/dist/zonos-elements/assets/moneyIcon.svg.gz
2025/01/03 22:01:08 compress: run /usr/bin/zopflipng --iterations=60 --keepchunks=iCCP --lossy_transparent --splitting=3 -my /tmp/work/dist/zonos-elements/assets/PigBank.png /tmp/work/dist/zonos-elements/assets/PigBank.png
2025/01/03 22:01:08 sri /tmp/work/dist/zonos-elements/p-fec7bdd4.system.entry.min.js -> /output/dist/zonos-elements/p-fec7bdd4.system.entry.min.js.sri
2025/01/03 22:01:08 algorithm: run /usr/bin/brotli --quality=11 --output=/output/dist/zonos-elements/p-fec7bdd4.system.entry.min.js.br /tmp/work/dist/zonos-elements/p-fec7bdd4.system.entry.min.js
2025/01/03 22:01:09 br /tmp/work/dist/zonos-elements/p-fec7bdd4.system.entry.min.js -> /output/dist/zonos-elements/p-fec7bdd4.system.entry.min.js.br
2025/01/03 22:01:09 gz /tmp/work/dist/zonos-elements/p-fec7bdd4.system.entry.min.js -> /output/dist/zonos-elements/p-fec7bdd4.system.entry.min.js.gz
2025/01/03 22:01:09 sri /tmp/work/dist/zonos-elements/p-fec7bdd4.system.entry.js -> /output/dist/zonos-elements/p-fec7bdd4.system.entry.js.sri
2025/01/03 22:01:09 algorithm: run /usr/bin/brotli --quality=11 --output=/output/dist/zonos-elements/p-fec7bdd4.system.entry.js.br /tmp/work/dist/zonos-elements/p-fec7bdd4.system.entry.js
2025/01/03 22:01:09 br /tmp/work/dist/zonos-elements/p-fec7bdd4.system.entry.js -> /output/dist/zonos-elements/p-fec7bdd4.system.entry.js.br
2025/01/03 22:01:09 gz /tmp/work/dist/zonos-elements/p-fec7bdd4.system.entry.js -> /output/dist/zonos-elements/p-fec7bdd4.system.entry.js.gz
2025/01/03 22:01:09 algorithm: run /usr/bin/brotli --quality=11 --output=/output/dist/zonos-elements/assets/removeIcon.svg.br /tmp/work/dist/zonos-elements/assets/removeIcon.svg
2025/01/03 22:01:09 br /tmp/work/dist/zonos-elements/assets/removeIcon.svg -> /output/dist/zonos-elements/assets/removeIcon.svg.br
2025/01/03 22:01:09 gz /tmp/work/dist/zonos-elements/assets/removeIcon.svg -> /output/dist/zonos-elements/assets/removeIcon.svg.gz
2025/01/03 22:01:09 algorithm: run /usr/bin/brotli --quality=11 --output=/output/dist/zonos-elements/assets/RemoveIcon.svg.br /tmp/work/dist/zonos-elements/assets/RemoveIcon.svg
2025/01/03 22:01:09 br /tmp/work/dist/zonos-elements/assets/RemoveIcon.svg -> /output/dist/zonos-elements/assets/RemoveIcon.svg.br
2025/01/03 22:01:09 gz /tmp/work/dist/zonos-elements/assets/RemoveIcon.svg -> /output/dist/zonos-elements/assets/RemoveIcon.svg.gz
2025/01/03 22:01:09 compress: run /usr/bin/zopflipng --iterations=60 --keepchunks=iCCP --lossy_transparent --splitting=3 -my /tmp/work/dist/zonos-elements/assets/Scribble.png /tmp/work/dist/zonos-elements/assets/Scribble.png
2025/01/03 22:01:09 br /tmp/work/dist/zonos-elements/p-b0ced00a.system.js -> /output/dist/zonos-elements/p-b0ced00a.system.js.br
2025/01/03 22:01:09 gz /tmp/work/dist/zonos-elements/p-b0ced00a.system.js -> /output/dist/zonos-elements/p-b0ced00a.system.js.gz
2025/01/03 22:01:09 compress: run /usr/bin/zopflipng --iterations=60 --keepchunks=iCCP --lossy_transparent --splitting=3 -my /tmp/work/dist/zonos-elements/assets/Search.png /tmp/work/dist/zonos-elements/assets/Search.png
2025/01/03 22:01:12 sri /tmp/work/dist/zonos-elements/zonos-elements.min.js -> /output/dist/zonos-elements/zonos-elements.min.js.sri
2025/01/03 22:01:12 algorithm: run /usr/bin/brotli --quality=11 --output=/output/dist/zonos-elements/zonos-elements.min.js.br /tmp/work/dist/zonos-elements/zonos-elements.min.js
2025/01/03 22:01:12 br /tmp/work/dist/zonos-elements/zonos-elements.min.js -> /output/dist/zonos-elements/zonos-elements.min.js.br
2025/01/03 22:01:12 gz /tmp/work/dist/zonos-elements/zonos-elements.min.js -> /output/dist/zonos-elements/zonos-elements.min.js.gz
2025/01/03 22:01:12 sri /tmp/work/dist/zonos-elements/zonos-elements.js -> /output/dist/zonos-elements/zonos-elements.js.sri
2025/01/03 22:01:12 algorithm: run /usr/bin/brotli --quality=11 --output=/output/dist/zonos-elements/zonos-elements.js.br /tmp/work/dist/zonos-elements/zonos-elements.js
2025/01/03 22:01:13 br /tmp/work/dist/zonos-elements/zonos-elements.js -> /output/dist/zonos-elements/zonos-elements.js.br
2025/01/03 22:01:13 gz /tmp/work/dist/zonos-elements/zonos-elements.js -> /output/dist/zonos-elements/zonos-elements.js.gz
2025/01/03 22:01:13 compress: run /usr/bin/zopflipng --iterations=60 --keepchunks=iCCP --lossy_transparent --splitting=3 -my /tmp/work/dist/zonos-elements/assets/Settings.png /tmp/work/dist/zonos-elements/assets/Settings.png
2025/01/03 22:01:22 Optimizing /tmp/work/dist/zonos-elements/assets/Earth.png
Input size: 44264 (43K)
Result size: 41513 (40K). Percentage of original: 93.785%
Result is smaller


2025/01/03 22:01:22 algorithm: run /usr/bin/brotli --quality=11 --output=/output/dist/zonos-elements/assets/Earth.png.br /tmp/work/dist/zonos-elements/assets/Earth.png
2025/01/03 22:01:22 br /tmp/work/dist/zonos-elements/assets/Earth.png -> /output/dist/zonos-elements/assets/Earth.png.br
2025/01/03 22:01:22 gz /tmp/work/dist/zonos-elements/assets/Earth.png -> /output/dist/zonos-elements/assets/Earth.png.gz
2025/01/03 22:01:22 compress: run /usr/bin/zopflipng --iterations=60 --keepchunks=iCCP --lossy_transparent --splitting=3 -my /tmp/work/dist/zonos-elements/assets/ShoppingCart.png /tmp/work/dist/zonos-elements/assets/ShoppingCart.png
2025/01/03 22:01:24 Optimizing /tmp/work/dist/zonos-elements/assets/Boxes.png
Input size: 42194 (41K)
Result size: 39221 (38K). Percentage of original: 92.954%
Result is smaller


2025/01/03 22:01:24 algorithm: run /usr/bin/brotli --quality=11 --output=/output/dist/zonos-elements/assets/Boxes.png.br /tmp/work/dist/zonos-elements/assets/Boxes.png
2025/01/03 22:01:24 br /tmp/work/dist/zonos-elements/assets/Boxes.png -> /output/dist/zonos-elements/assets/Boxes.png.br
2025/01/03 22:01:24 gz /tmp/work/dist/zonos-elements/assets/Boxes.png -> /output/dist/zonos-elements/assets/Boxes.png.gz
2025/01/03 22:01:24 compress: run /usr/bin/zopflipng --iterations=60 --keepchunks=iCCP --lossy_transparent --splitting=3 -my /tmp/work/dist/zonos-elements/assets/SpilledCup.png /tmp/work/dist/zonos-elements/assets/SpilledCup.png
2025/01/03 22:01:24 Optimizing /tmp/work/dist/zonos-elements/assets/EmptyBox.png
Input size: 49403 (48K)
Result size: 45567 (44K). Percentage of original: 92.235%
Result is smaller


2025/01/03 22:01:24 algorithm: run /usr/bin/brotli --quality=11 --output=/output/dist/zonos-elements/assets/EmptyBox.png.br /tmp/work/dist/zonos-elements/assets/EmptyBox.png
2025/01/03 22:01:24 Optimizing /tmp/work/dist/zonos-elements/assets/PigBank.png
Input size: 38260 (37K)
Result size: 35431 (34K). Percentage of original: 92.606%
Result is smaller


2025/01/03 22:01:24 algorithm: run /usr/bin/brotli --quality=11 --output=/output/dist/zonos-elements/assets/PigBank.png.br /tmp/work/dist/zonos-elements/assets/PigBank.png
2025/01/03 22:01:25 br /tmp/work/dist/zonos-elements/assets/EmptyBox.png -> /output/dist/zonos-elements/assets/EmptyBox.png.br
2025/01/03 22:01:25 gz /tmp/work/dist/zonos-elements/assets/EmptyBox.png -> /output/dist/zonos-elements/assets/EmptyBox.png.gz
2025/01/03 22:01:25 algorithm: run /usr/bin/brotli --quality=11 --output=/output/dist/zonos-elements/assets/SuccessIcon.svg.br /tmp/work/dist/zonos-elements/assets/SuccessIcon.svg
2025/01/03 22:01:25 br /tmp/work/dist/zonos-elements/assets/SuccessIcon.svg -> /output/dist/zonos-elements/assets/SuccessIcon.svg.br
2025/01/03 22:01:25 gz /tmp/work/dist/zonos-elements/assets/SuccessIcon.svg -> /output/dist/zonos-elements/assets/SuccessIcon.svg.gz
2025/01/03 22:01:25 compress: run /usr/bin/zopflipng --iterations=60 --keepchunks=iCCP --lossy_transparent --splitting=3 -my /tmp/work/dist/zonos-elements/assets/Switch.png /tmp/work/dist/zonos-elements/assets/Switch.png
2025/01/03 22:01:25 br /tmp/work/dist/zonos-elements/assets/PigBank.png -> /output/dist/zonos-elements/assets/PigBank.png.br
2025/01/03 22:01:25 gz /tmp/work/dist/zonos-elements/assets/PigBank.png -> /output/dist/zonos-elements/assets/PigBank.png.gz
2025/01/03 22:01:25 algorithm: run /usr/bin/brotli --quality=11 --output=/output/dist/zonos-elements/assets/TabCheckmark.svg.br /tmp/work/dist/zonos-elements/assets/TabCheckmark.svg
2025/01/03 22:01:25 br /tmp/work/dist/zonos-elements/assets/TabCheckmark.svg -> /output/dist/zonos-elements/assets/TabCheckmark.svg.br
2025/01/03 22:01:25 gz /tmp/work/dist/zonos-elements/assets/TabCheckmark.svg -> /output/dist/zonos-elements/assets/TabCheckmark.svg.gz
2025/01/03 22:01:25 compress: run /usr/bin/zopflipng --iterations=60 --keepchunks=iCCP --lossy_transparent --splitting=3 -my /tmp/work/dist/zonos-elements/assets/TaxId.png /tmp/work/dist/zonos-elements/assets/TaxId.png
2025/01/03 22:01:26 Optimizing /tmp/work/dist/zonos-elements/assets/Scribble.png
Input size: 44668 (43K)
Result size: 41662 (40K). Percentage of original: 93.270%
Result is smaller


2025/01/03 22:01:26 algorithm: run /usr/bin/brotli --quality=11 --output=/output/dist/zonos-elements/assets/Scribble.png.br /tmp/work/dist/zonos-elements/assets/Scribble.png
2025/01/03 22:01:26 br /tmp/work/dist/zonos-elements/assets/Scribble.png -> /output/dist/zonos-elements/assets/Scribble.png.br
2025/01/03 22:01:26 gz /tmp/work/dist/zonos-elements/assets/Scribble.png -> /output/dist/zonos-elements/assets/Scribble.png.gz
2025/01/03 22:01:26 compress: run /usr/bin/zopflipng --iterations=60 --keepchunks=iCCP --lossy_transparent --splitting=3 -my /tmp/work/dist/zonos-elements/assets/Truck.png /tmp/work/dist/zonos-elements/assets/Truck.png
2025/01/03 22:01:28 Optimizing /tmp/work/dist/zonos-elements/assets/Lock.png
Input size: 26265 (25K)
Result size: 24678 (24K). Percentage of original: 93.958%
Result is smaller


2025/01/03 22:01:28 algorithm: run /usr/bin/brotli --quality=11 --output=/output/dist/zonos-elements/assets/Lock.png.br /tmp/work/dist/zonos-elements/assets/Lock.png
2025/01/03 22:01:28 Optimizing /tmp/work/dist/zonos-elements/assets/Search.png
Input size: 40079 (39K)
Result size: 37444 (36K). Percentage of original: 93.425%
Result is smaller


2025/01/03 22:01:28 algorithm: run /usr/bin/brotli --quality=11 --output=/output/dist/zonos-elements/assets/Search.png.br /tmp/work/dist/zonos-elements/assets/Search.png
2025/01/03 22:01:28 br /tmp/work/dist/zonos-elements/assets/Lock.png -> /output/dist/zonos-elements/assets/Lock.png.br
2025/01/03 22:01:28 gz /tmp/work/dist/zonos-elements/assets/Lock.png -> /output/dist/zonos-elements/assets/Lock.png.gz
2025/01/03 22:01:28 compress: run /usr/bin/zopflipng --iterations=60 --keepchunks=iCCP --lossy_transparent --splitting=3 -my /tmp/work/dist/zonos-elements/assets/Warning.png /tmp/work/dist/zonos-elements/assets/Warning.png
2025/01/03 22:01:28 br /tmp/work/dist/zonos-elements/assets/Search.png -> /output/dist/zonos-elements/assets/Search.png.br
2025/01/03 22:01:28 gz /tmp/work/dist/zonos-elements/assets/Search.png -> /output/dist/zonos-elements/assets/Search.png.gz
2025/01/03 22:01:28 algorithm: run /usr/bin/brotli --quality=11 --output=/output/dist/zonos-elements/assets/WarningDuotoneIcon.svg.br /tmp/work/dist/zonos-elements/assets/WarningDuotoneIcon.svg
2025/01/03 22:01:28 br /tmp/work/dist/zonos-elements/assets/WarningDuotoneIcon.svg -> /output/dist/zonos-elements/assets/WarningDuotoneIcon.svg.br
2025/01/03 22:01:28 gz /tmp/work/dist/zonos-elements/assets/WarningDuotoneIcon.svg -> /output/dist/zonos-elements/assets/WarningDuotoneIcon.svg.gz
2025/01/03 22:01:28 compress: run /usr/bin/zopflipng --iterations=60 --keepchunks=iCCP --lossy_transparent --splitting=3 -my /tmp/work/dist/zonos-elements/assets/ZonosLogo.png /tmp/work/dist/zonos-elements/assets/ZonosLogo.png
2025/01/03 22:01:29 Optimizing /tmp/work/dist/zonos-elements/assets/Settings.png
Input size: 40084 (39K)
Result size: 37503 (36K). Percentage of original: 93.561%
Result is smaller


2025/01/03 22:01:29 algorithm: run /usr/bin/brotli --quality=11 --output=/output/dist/zonos-elements/assets/Settings.png.br /tmp/work/dist/zonos-elements/assets/Settings.png
2025/01/03 22:01:30 br /tmp/work/dist/zonos-elements/assets/Settings.png -> /output/dist/zonos-elements/assets/Settings.png.br
2025/01/03 22:01:30 gz /tmp/work/dist/zonos-elements/assets/Settings.png -> /output/dist/zonos-elements/assets/Settings.png.gz
2025/01/03 22:01:30 compress: run /node_modules/uglify-js/bin/uglifyjs (3.15.4) [--mangle --compress if_return=true -o /tmp/work/dist/scripts/index.min.js /tmp/work/dist/scripts/index.js]
2025/01/03 22:01:31 sri /tmp/work/dist/scripts/index.min.js -> /output/dist/scripts/index.min.js.sri
2025/01/03 22:01:31 algorithm: run /usr/bin/brotli --quality=11 --output=/output/dist/scripts/index.min.js.br /tmp/work/dist/scripts/index.min.js
2025/01/03 22:01:31 br /tmp/work/dist/scripts/index.min.js -> /output/dist/scripts/index.min.js.br
2025/01/03 22:01:31 gz /tmp/work/dist/scripts/index.min.js -> /output/dist/scripts/index.min.js.gz
2025/01/03 22:01:31 sri /tmp/work/dist/scripts/index.js -> /output/dist/scripts/index.js.sri
2025/01/03 22:01:31 algorithm: run /usr/bin/brotli --quality=11 --output=/output/dist/scripts/index.js.br /tmp/work/dist/scripts/index.js
2025/01/03 22:01:31 br /tmp/work/dist/scripts/index.js -> /output/dist/scripts/index.js.br
2025/01/03 22:01:31 gz /tmp/work/dist/scripts/index.js -> /output/dist/scripts/index.js.gz
2025/01/03 22:01:31 compress: run /node_modules/uglify-js/bin/uglifyjs (3.15.4) [--mangle --compress if_return=true -o /tmp/work/dist/scripts/loadZonos.min.js /tmp/work/dist/scripts/loadZonos.js]
2025/01/03 22:01:32 sri /tmp/work/dist/scripts/loadZonos.min.js -> /output/dist/scripts/loadZonos.min.js.sri
2025/01/03 22:01:32 algorithm: run /usr/bin/brotli --quality=11 --output=/output/dist/scripts/loadZonos.min.js.br /tmp/work/dist/scripts/loadZonos.min.js
2025/01/03 22:01:32 br /tmp/work/dist/scripts/loadZonos.min.js -> /output/dist/scripts/loadZonos.min.js.br
2025/01/03 22:01:32 gz /tmp/work/dist/scripts/loadZonos.min.js -> /output/dist/scripts/loadZonos.min.js.gz
2025/01/03 22:01:32 sri /tmp/work/dist/scripts/loadZonos.js -> /output/dist/scripts/loadZonos.js.sri
2025/01/03 22:01:32 algorithm: run /usr/bin/brotli --quality=11 --output=/output/dist/scripts/loadZonos.js.br /tmp/work/dist/scripts/loadZonos.js
2025/01/03 22:01:32 br /tmp/work/dist/scripts/loadZonos.js -> /output/dist/scripts/loadZonos.js.br
2025/01/03 22:01:32 gz /tmp/work/dist/scripts/loadZonos.js -> /output/dist/scripts/loadZonos.js.gz
2025/01/03 22:01:32 compress: run /node_modules/uglify-js/bin/uglifyjs (3.15.4) [--mangle --compress if_return=true -o /tmp/work/dist/scripts/zonos.min.js /tmp/work/dist/scripts/zonos.js]
2025/01/03 22:01:32 Optimizing /tmp/work/dist/zonos-elements/assets/ZonosLogo.png
Input size: 1969 (1K)
Result size: 868 (0K). Percentage of original: 44.083%
Result is smaller


2025/01/03 22:01:32 algorithm: run /usr/bin/brotli --quality=11 --output=/output/dist/zonos-elements/assets/ZonosLogo.png.br /tmp/work/dist/zonos-elements/assets/ZonosLogo.png
2025/01/03 22:01:32 br /tmp/work/dist/zonos-elements/assets/ZonosLogo.png -> /output/dist/zonos-elements/assets/ZonosLogo.png.br
2025/01/03 22:01:32 gz /tmp/work/dist/zonos-elements/assets/ZonosLogo.png -> /output/dist/zonos-elements/assets/ZonosLogo.png.gz
2025/01/03 22:01:32 sri /tmp/work/dist/scripts/zonos.min.js -> /output/dist/scripts/zonos.min.js.sri
2025/01/03 22:01:32 algorithm: run /usr/bin/brotli --quality=11 --output=/output/dist/scripts/zonos.min.js.br /tmp/work/dist/scripts/zonos.min.js
2025/01/03 22:01:32 br /tmp/work/dist/scripts/zonos.min.js -> /output/dist/scripts/zonos.min.js.br
2025/01/03 22:01:32 gz /tmp/work/dist/scripts/zonos.min.js -> /output/dist/scripts/zonos.min.js.gz
2025/01/03 22:01:32 sri /tmp/work/dist/scripts/zonos.js -> /output/dist/scripts/zonos.js.sri
2025/01/03 22:01:32 algorithm: run /usr/bin/brotli --quality=11 --output=/output/dist/scripts/zonos.js.br /tmp/work/dist/scripts/zonos.js
2025/01/03 22:01:33 br /tmp/work/dist/scripts/zonos.js -> /output/dist/scripts/zonos.js.br
2025/01/03 22:01:33 gz /tmp/work/dist/scripts/zonos.js -> /output/dist/scripts/zonos.js.gz
2025/01/03 22:01:39 Optimizing /tmp/work/dist/zonos-elements/assets/TaxId.png
Input size: 30177 (29K)
Result size: 28115 (27K). Percentage of original: 93.167%
Result is smaller


2025/01/03 22:01:39 algorithm: run /usr/bin/brotli --quality=11 --output=/output/dist/zonos-elements/assets/TaxId.png.br /tmp/work/dist/zonos-elements/assets/TaxId.png
2025/01/03 22:01:39 br /tmp/work/dist/zonos-elements/assets/TaxId.png -> /output/dist/zonos-elements/assets/TaxId.png.br
2025/01/03 22:01:39 gz /tmp/work/dist/zonos-elements/assets/TaxId.png -> /output/dist/zonos-elements/assets/TaxId.png.gz
2025/01/03 22:01:39 Optimizing /tmp/work/dist/zonos-elements/assets/SpilledCup.png
Input size: 35444 (34K)
Result size: 32994 (32K). Percentage of original: 93.088%
Result is smaller


2025/01/03 22:01:39 algorithm: run /usr/bin/brotli --quality=11 --output=/output/dist/zonos-elements/assets/SpilledCup.png.br /tmp/work/dist/zonos-elements/assets/SpilledCup.png
2025/01/03 22:01:40 br /tmp/work/dist/zonos-elements/assets/SpilledCup.png -> /output/dist/zonos-elements/assets/SpilledCup.png.br
2025/01/03 22:01:40 gz /tmp/work/dist/zonos-elements/assets/SpilledCup.png -> /output/dist/zonos-elements/assets/SpilledCup.png.gz
2025/01/03 22:01:41 Optimizing /tmp/work/dist/zonos-elements/assets/ShoppingCart.png
Input size: 26324 (25K)
Result size: 24853 (24K). Percentage of original: 94.412%
Result is smaller


2025/01/03 22:01:41 algorithm: run /usr/bin/brotli --quality=11 --output=/output/dist/zonos-elements/assets/ShoppingCart.png.br /tmp/work/dist/zonos-elements/assets/ShoppingCart.png
2025/01/03 22:01:41 br /tmp/work/dist/zonos-elements/assets/ShoppingCart.png -> /output/dist/zonos-elements/assets/ShoppingCart.png.br
2025/01/03 22:01:41 gz /tmp/work/dist/zonos-elements/assets/ShoppingCart.png -> /output/dist/zonos-elements/assets/ShoppingCart.png.gz
2025/01/03 22:01:42 Optimizing /tmp/work/dist/zonos-elements/assets/Truck.png
Input size: 29661 (28K)
Result size: 27690 (27K). Percentage of original: 93.355%
Result is smaller


2025/01/03 22:01:42 algorithm: run /usr/bin/brotli --quality=11 --output=/output/dist/zonos-elements/assets/Truck.png.br /tmp/work/dist/zonos-elements/assets/Truck.png
2025/01/03 22:01:42 br /tmp/work/dist/zonos-elements/assets/Truck.png -> /output/dist/zonos-elements/assets/Truck.png.br
2025/01/03 22:01:42 gz /tmp/work/dist/zonos-elements/assets/Truck.png -> /output/dist/zonos-elements/assets/Truck.png.gz
2025/01/03 22:01:46 Optimizing /tmp/work/dist/zonos-elements/assets/Switch.png
Input size: 24515 (23K)
Result size: 22614 (22K). Percentage of original: 92.246%
Result is smaller


2025/01/03 22:01:46 algorithm: run /usr/bin/brotli --quality=11 --output=/output/dist/zonos-elements/assets/Switch.png.br /tmp/work/dist/zonos-elements/assets/Switch.png
2025/01/03 22:01:46 Optimizing /tmp/work/dist/zonos-elements/assets/Warning.png
Input size: 33593 (32K)
Result size: 31256 (30K). Percentage of original: 93.043%
Result is smaller


2025/01/03 22:01:46 algorithm: run /usr/bin/brotli --quality=11 --output=/output/dist/zonos-elements/assets/Warning.png.br /tmp/work/dist/zonos-elements/assets/Warning.png
2025/01/03 22:01:46 br /tmp/work/dist/zonos-elements/assets/Switch.png -> /output/dist/zonos-elements/assets/Switch.png.br
2025/01/03 22:01:46 gz /tmp/work/dist/zonos-elements/assets/Switch.png -> /output/dist/zonos-elements/assets/Switch.png.gz
2025/01/03 22:01:46 br /tmp/work/dist/zonos-elements/assets/Warning.png -> /output/dist/zonos-elements/assets/Warning.png.br
2025/01/03 22:01:46 gz /tmp/work/dist/zonos-elements/assets/Warning.png -> /output/dist/zonos-elements/assets/Warning.png.gz
2025/01/03 22:01:46 processed zonos-elements
