Files:
- clerk-js/5.79.1-canary.v20250801194113/192_clerk.browser_68b43e_5.79.1-canary.v20250801194113.js.br
- clerk-js/5.79.1-canary.v20250801194113/192_clerk.browser_68b43e_5.79.1-canary.v20250801194113.js.gz
- clerk-js/5.79.1-canary.v20250801194113/192_clerk.browser_68b43e_5.79.1-canary.v20250801194113.js.sri
- clerk-js/5.79.1-canary.v20250801194113/192_clerk.browser_68b43e_5.79.1-canary.v20250801194113.min.js.br
- clerk-js/5.79.1-canary.v20250801194113/192_clerk.browser_68b43e_5.79.1-canary.v20250801194113.min.js.gz
- clerk-js/5.79.1-canary.v20250801194113/192_clerk.browser_68b43e_5.79.1-canary.v20250801194113.min.js.sri
- clerk-js/5.79.1-canary.v20250801194113/192_clerk.chips.browser_d22ed5_5.79.1-canary.v20250801194113.js.br
- clerk-js/5.79.1-canary.v20250801194113/192_clerk.chips.browser_d22ed5_5.79.1-canary.v20250801194113.js.gz
- clerk-js/5.79.1-canary.v20250801194113/192_clerk.chips.browser_d22ed5_5.79.1-canary.v20250801194113.js.sri
- clerk-js/5.79.1-canary.v20250801194113/192_clerk.chips.browser_d22ed5_5.79.1-canary.v20250801194113.min.js.br
- clerk-js/5.79.1-canary.v20250801194113/192_clerk.chips.browser_d22ed5_5.79.1-canary.v20250801194113.min.js.gz
- clerk-js/5.79.1-canary.v20250801194113/192_clerk.chips.browser_d22ed5_5.79.1-canary.v20250801194113.min.js.sri
- clerk-js/5.79.1-canary.v20250801194113/192_clerk.legacy.browser_4cfc30_5.79.1-canary.v20250801194113.js.br
- clerk-js/5.79.1-canary.v20250801194113/192_clerk.legacy.browser_4cfc30_5.79.1-canary.v20250801194113.js.gz
- clerk-js/5.79.1-canary.v20250801194113/192_clerk.legacy.browser_4cfc30_5.79.1-canary.v20250801194113.js.sri
- clerk-js/5.79.1-canary.v20250801194113/192_clerk.legacy.browser_4cfc30_5.79.1-canary.v20250801194113.min.js.br
- clerk-js/5.79.1-canary.v20250801194113/192_clerk.legacy.browser_4cfc30_5.79.1-canary.v20250801194113.min.js.gz
- clerk-js/5.79.1-canary.v20250801194113/192_clerk.legacy.browser_4cfc30_5.79.1-canary.v20250801194113.min.js.sri
- clerk-js/5.79.1-canary.v20250801194113/294_clerk.browser_68b43e_5.79.1-canary.v20250801194113.js.br
- clerk-js/5.79.1-canary.v20250801194113/294_clerk.browser_68b43e_5.79.1-canary.v20250801194113.js.gz
- clerk-js/5.79.1-canary.v20250801194113/294_clerk.browser_68b43e_5.79.1-canary.v20250801194113.js.sri
- clerk-js/5.79.1-canary.v20250801194113/294_clerk.browser_68b43e_5.79.1-canary.v20250801194113.min.js.br
- clerk-js/5.79.1-canary.v20250801194113/294_clerk.browser_68b43e_5.79.1-canary.v20250801194113.min.js.gz
- clerk-js/5.79.1-canary.v20250801194113/294_clerk.browser_68b43e_5.79.1-canary.v20250801194113.min.js.sri
- clerk-js/5.79.1-canary.v20250801194113/294_clerk.chips.browser_d22ed5_5.79.1-canary.v20250801194113.js.br
- clerk-js/5.79.1-canary.v20250801194113/294_clerk.chips.browser_d22ed5_5.79.1-canary.v20250801194113.js.gz
- clerk-js/5.79.1-canary.v20250801194113/294_clerk.chips.browser_d22ed5_5.79.1-canary.v20250801194113.js.sri
- clerk-js/5.79.1-canary.v20250801194113/294_clerk.chips.browser_d22ed5_5.79.1-canary.v20250801194113.min.js.br
- clerk-js/5.79.1-canary.v20250801194113/294_clerk.chips.browser_d22ed5_5.79.1-canary.v20250801194113.min.js.gz
- clerk-js/5.79.1-canary.v20250801194113/294_clerk.chips.browser_d22ed5_5.79.1-canary.v20250801194113.min.js.sri
- clerk-js/5.79.1-canary.v20250801194113/294_clerk.legacy.browser_4cfc30_5.79.1-canary.v20250801194113.js.br
- clerk-js/5.79.1-canary.v20250801194113/294_clerk.legacy.browser_4cfc30_5.79.1-canary.v20250801194113.js.gz
- clerk-js/5.79.1-canary.v20250801194113/294_clerk.legacy.browser_4cfc30_5.79.1-canary.v20250801194113.js.sri
- clerk-js/5.79.1-canary.v20250801194113/294_clerk.legacy.browser_4cfc30_5.79.1-canary.v20250801194113.min.js.br
- clerk-js/5.79.1-canary.v20250801194113/294_clerk.legacy.browser_4cfc30_5.79.1-canary.v20250801194113.min.js.gz
- clerk-js/5.79.1-canary.v20250801194113/294_clerk.legacy.browser_4cfc30_5.79.1-canary.v20250801194113.min.js.sri
- clerk-js/5.79.1-canary.v20250801194113/377_clerk.headless_ee7143_5.79.1-canary.v20250801194113.js.br
- clerk-js/5.79.1-canary.v20250801194113/377_clerk.headless_ee7143_5.79.1-canary.v20250801194113.js.gz
- clerk-js/5.79.1-canary.v20250801194113/377_clerk.headless_ee7143_5.79.1-canary.v20250801194113.js.sri
- clerk-js/5.79.1-canary.v20250801194113/377_clerk.headless_ee7143_5.79.1-canary.v20250801194113.min.js.br
- clerk-js/5.79.1-canary.v20250801194113/377_clerk.headless_ee7143_5.79.1-canary.v20250801194113.min.js.gz
- clerk-js/5.79.1-canary.v20250801194113/377_clerk.headless_ee7143_5.79.1-canary.v20250801194113.min.js.sri
- clerk-js/5.79.1-canary.v20250801194113/553_clerk.headless_ee7143_5.79.1-canary.v20250801194113.js.br
- clerk-js/5.79.1-canary.v20250801194113/553_clerk.headless_ee7143_5.79.1-canary.v20250801194113.js.gz
- clerk-js/5.79.1-canary.v20250801194113/553_clerk.headless_ee7143_5.79.1-canary.v20250801194113.js.sri
- clerk-js/5.79.1-canary.v20250801194113/553_clerk.headless_ee7143_5.79.1-canary.v20250801194113.min.js.br
- clerk-js/5.79.1-canary.v20250801194113/553_clerk.headless_ee7143_5.79.1-canary.v20250801194113.min.js.gz
- clerk-js/5.79.1-canary.v20250801194113/553_clerk.headless_ee7143_5.79.1-canary.v20250801194113.min.js.sri
- clerk-js/5.79.1-canary.v20250801194113/645_clerk.browser_68b43e_5.79.1-canary.v20250801194113.js.br
- clerk-js/5.79.1-canary.v20250801194113/645_clerk.browser_68b43e_5.79.1-canary.v20250801194113.js.gz
- clerk-js/5.79.1-canary.v20250801194113/645_clerk.browser_68b43e_5.79.1-canary.v20250801194113.js.sri
- clerk-js/5.79.1-canary.v20250801194113/645_clerk.browser_68b43e_5.79.1-canary.v20250801194113.min.js.br
- clerk-js/5.79.1-canary.v20250801194113/645_clerk.browser_68b43e_5.79.1-canary.v20250801194113.min.js.gz
- clerk-js/5.79.1-canary.v20250801194113/645_clerk.browser_68b43e_5.79.1-canary.v20250801194113.min.js.sri
- clerk-js/5.79.1-canary.v20250801194113/645_clerk.chips.browser_d22ed5_5.79.1-canary.v20250801194113.js.br
- clerk-js/5.79.1-canary.v20250801194113/645_clerk.chips.browser_d22ed5_5.79.1-canary.v20250801194113.js.gz
- clerk-js/5.79.1-canary.v20250801194113/645_clerk.chips.browser_d22ed5_5.79.1-canary.v20250801194113.js.sri
- clerk-js/5.79.1-canary.v20250801194113/645_clerk.chips.browser_d22ed5_5.79.1-canary.v20250801194113.min.js.br
- clerk-js/5.79.1-canary.v20250801194113/645_clerk.chips.browser_d22ed5_5.79.1-canary.v20250801194113.min.js.gz
- clerk-js/5.79.1-canary.v20250801194113/645_clerk.chips.browser_d22ed5_5.79.1-canary.v20250801194113.min.js.sri
- clerk-js/5.79.1-canary.v20250801194113/645_clerk.legacy.browser_4cfc30_5.79.1-canary.v20250801194113.js.br
- clerk-js/5.79.1-canary.v20250801194113/645_clerk.legacy.browser_4cfc30_5.79.1-canary.v20250801194113.js.gz
- clerk-js/5.79.1-canary.v20250801194113/645_clerk.legacy.browser_4cfc30_5.79.1-canary.v20250801194113.js.sri
- clerk-js/5.79.1-canary.v20250801194113/645_clerk.legacy.browser_4cfc30_5.79.1-canary.v20250801194113.min.js.br
- clerk-js/5.79.1-canary.v20250801194113/645_clerk.legacy.browser_4cfc30_5.79.1-canary.v20250801194113.min.js.gz
- clerk-js/5.79.1-canary.v20250801194113/645_clerk.legacy.browser_4cfc30_5.79.1-canary.v20250801194113.min.js.sri
- clerk-js/5.79.1-canary.v20250801194113/66_clerk.browser_68b43e_5.79.1-canary.v20250801194113.js.br
- clerk-js/5.79.1-canary.v20250801194113/66_clerk.browser_68b43e_5.79.1-canary.v20250801194113.js.gz
- clerk-js/5.79.1-canary.v20250801194113/66_clerk.browser_68b43e_5.79.1-canary.v20250801194113.js.sri
- clerk-js/5.79.1-canary.v20250801194113/66_clerk.browser_68b43e_5.79.1-canary.v20250801194113.min.js.br
- clerk-js/5.79.1-canary.v20250801194113/66_clerk.browser_68b43e_5.79.1-canary.v20250801194113.min.js.gz
- clerk-js/5.79.1-canary.v20250801194113/66_clerk.browser_68b43e_5.79.1-canary.v20250801194113.min.js.sri
- clerk-js/5.79.1-canary.v20250801194113/66_clerk.chips.browser_d22ed5_5.79.1-canary.v20250801194113.js.br
- clerk-js/5.79.1-canary.v20250801194113/66_clerk.chips.browser_d22ed5_5.79.1-canary.v20250801194113.js.gz
- clerk-js/5.79.1-canary.v20250801194113/66_clerk.chips.browser_d22ed5_5.79.1-canary.v20250801194113.js.sri
- clerk-js/5.79.1-canary.v20250801194113/66_clerk.chips.browser_d22ed5_5.79.1-canary.v20250801194113.min.js.br
- clerk-js/5.79.1-canary.v20250801194113/66_clerk.chips.browser_d22ed5_5.79.1-canary.v20250801194113.min.js.gz
- clerk-js/5.79.1-canary.v20250801194113/66_clerk.chips.browser_d22ed5_5.79.1-canary.v20250801194113.min.js.sri
- clerk-js/5.79.1-canary.v20250801194113/66_clerk.legacy.browser_4cfc30_5.79.1-canary.v20250801194113.js.br
- clerk-js/5.79.1-canary.v20250801194113/66_clerk.legacy.browser_4cfc30_5.79.1-canary.v20250801194113.js.gz
- clerk-js/5.79.1-canary.v20250801194113/66_clerk.legacy.browser_4cfc30_5.79.1-canary.v20250801194113.js.sri
- clerk-js/5.79.1-canary.v20250801194113/66_clerk.legacy.browser_4cfc30_5.79.1-canary.v20250801194113.min.js.br
- clerk-js/5.79.1-canary.v20250801194113/66_clerk.legacy.browser_4cfc30_5.79.1-canary.v20250801194113.min.js.gz
- clerk-js/5.79.1-canary.v20250801194113/66_clerk.legacy.browser_4cfc30_5.79.1-canary.v20250801194113.min.js.sri
- clerk-js/5.79.1-canary.v20250801194113/890_clerk.headless_ee7143_5.79.1-canary.v20250801194113.js.br
- clerk-js/5.79.1-canary.v20250801194113/890_clerk.headless_ee7143_5.79.1-canary.v20250801194113.js.gz
- clerk-js/5.79.1-canary.v20250801194113/890_clerk.headless_ee7143_5.79.1-canary.v20250801194113.js.sri
- clerk-js/5.79.1-canary.v20250801194113/890_clerk.headless_ee7143_5.79.1-canary.v20250801194113.min.js.br
- clerk-js/5.79.1-canary.v20250801194113/890_clerk.headless_ee7143_5.79.1-canary.v20250801194113.min.js.gz
- clerk-js/5.79.1-canary.v20250801194113/890_clerk.headless_ee7143_5.79.1-canary.v20250801194113.min.js.sri
- clerk-js/5.79.1-canary.v20250801194113/965_clerk.headless_ee7143_5.79.1-canary.v20250801194113.js.br
- clerk-js/5.79.1-canary.v20250801194113/965_clerk.headless_ee7143_5.79.1-canary.v20250801194113.js.gz
- clerk-js/5.79.1-canary.v20250801194113/965_clerk.headless_ee7143_5.79.1-canary.v20250801194113.js.sri
- clerk-js/5.79.1-canary.v20250801194113/965_clerk.headless_ee7143_5.79.1-canary.v20250801194113.min.js.br
- clerk-js/5.79.1-canary.v20250801194113/965_clerk.headless_ee7143_5.79.1-canary.v20250801194113.min.js.gz
- clerk-js/5.79.1-canary.v20250801194113/965_clerk.headless_ee7143_5.79.1-canary.v20250801194113.min.js.sri
- clerk-js/5.79.1-canary.v20250801194113/apiKeys_clerk.browser_68b43e_5.79.1-canary.v20250801194113.js.br
- clerk-js/5.79.1-canary.v20250801194113/apiKeys_clerk.browser_68b43e_5.79.1-canary.v20250801194113.js.gz
- clerk-js/5.79.1-canary.v20250801194113/apiKeys_clerk.browser_68b43e_5.79.1-canary.v20250801194113.js.sri
- clerk-js/5.79.1-canary.v20250801194113/apiKeys_clerk.browser_68b43e_5.79.1-canary.v20250801194113.min.js.br
- clerk-js/5.79.1-canary.v20250801194113/apiKeys_clerk.browser_68b43e_5.79.1-canary.v20250801194113.min.js.gz
- clerk-js/5.79.1-canary.v20250801194113/apiKeys_clerk.browser_68b43e_5.79.1-canary.v20250801194113.min.js.sri
- clerk-js/5.79.1-canary.v20250801194113/apiKeys_clerk.chips.browser_d22ed5_5.79.1-canary.v20250801194113.js.br
- clerk-js/5.79.1-canary.v20250801194113/apiKeys_clerk.chips.browser_d22ed5_5.79.1-canary.v20250801194113.js.gz
- clerk-js/5.79.1-canary.v20250801194113/apiKeys_clerk.chips.browser_d22ed5_5.79.1-canary.v20250801194113.js.sri
- clerk-js/5.79.1-canary.v20250801194113/apiKeys_clerk.chips.browser_d22ed5_5.79.1-canary.v20250801194113.min.js.br
- clerk-js/5.79.1-canary.v20250801194113/apiKeys_clerk.chips.browser_d22ed5_5.79.1-canary.v20250801194113.min.js.gz
- clerk-js/5.79.1-canary.v20250801194113/apiKeys_clerk.chips.browser_d22ed5_5.79.1-canary.v20250801194113.min.js.sri
- clerk-js/5.79.1-canary.v20250801194113/apiKeys_clerk.legacy.browser_4cfc30_5.79.1-canary.v20250801194113.js.br
- clerk-js/5.79.1-canary.v20250801194113/apiKeys_clerk.legacy.browser_4cfc30_5.79.1-canary.v20250801194113.js.gz
- clerk-js/5.79.1-canary.v20250801194113/apiKeys_clerk.legacy.browser_4cfc30_5.79.1-canary.v20250801194113.js.sri
- clerk-js/5.79.1-canary.v20250801194113/apiKeys_clerk.legacy.browser_4cfc30_5.79.1-canary.v20250801194113.min.js.br
- clerk-js/5.79.1-canary.v20250801194113/apiKeys_clerk.legacy.browser_4cfc30_5.79.1-canary.v20250801194113.min.js.gz
- clerk-js/5.79.1-canary.v20250801194113/apiKeys_clerk.legacy.browser_4cfc30_5.79.1-canary.v20250801194113.min.js.sri
- clerk-js/5.79.1-canary.v20250801194113/blankcaptcha_clerk.browser_68b43e_5.79.1-canary.v20250801194113.js.br
- clerk-js/5.79.1-canary.v20250801194113/blankcaptcha_clerk.browser_68b43e_5.79.1-canary.v20250801194113.js.gz
- clerk-js/5.79.1-canary.v20250801194113/blankcaptcha_clerk.browser_68b43e_5.79.1-canary.v20250801194113.js.sri
- clerk-js/5.79.1-canary.v20250801194113/blankcaptcha_clerk.browser_68b43e_5.79.1-canary.v20250801194113.min.js.br
- clerk-js/5.79.1-canary.v20250801194113/blankcaptcha_clerk.browser_68b43e_5.79.1-canary.v20250801194113.min.js.gz
- clerk-js/5.79.1-canary.v20250801194113/blankcaptcha_clerk.browser_68b43e_5.79.1-canary.v20250801194113.min.js.sri
- clerk-js/5.79.1-canary.v20250801194113/blankcaptcha_clerk.chips.browser_d22ed5_5.79.1-canary.v20250801194113.js.br
- clerk-js/5.79.1-canary.v20250801194113/blankcaptcha_clerk.chips.browser_d22ed5_5.79.1-canary.v20250801194113.js.gz
- clerk-js/5.79.1-canary.v20250801194113/blankcaptcha_clerk.chips.browser_d22ed5_5.79.1-canary.v20250801194113.js.sri
- clerk-js/5.79.1-canary.v20250801194113/blankcaptcha_clerk.chips.browser_d22ed5_5.79.1-canary.v20250801194113.min.js.br
- clerk-js/5.79.1-canary.v20250801194113/blankcaptcha_clerk.chips.browser_d22ed5_5.79.1-canary.v20250801194113.min.js.gz
- clerk-js/5.79.1-canary.v20250801194113/blankcaptcha_clerk.chips.browser_d22ed5_5.79.1-canary.v20250801194113.min.js.sri
- clerk-js/5.79.1-canary.v20250801194113/blankcaptcha_clerk.legacy.browser_4cfc30_5.79.1-canary.v20250801194113.js.br
- clerk-js/5.79.1-canary.v20250801194113/blankcaptcha_clerk.legacy.browser_4cfc30_5.79.1-canary.v20250801194113.js.gz
- clerk-js/5.79.1-canary.v20250801194113/blankcaptcha_clerk.legacy.browser_4cfc30_5.79.1-canary.v20250801194113.js.sri
- clerk-js/5.79.1-canary.v20250801194113/blankcaptcha_clerk.legacy.browser_4cfc30_5.79.1-canary.v20250801194113.min.js.br
- clerk-js/5.79.1-canary.v20250801194113/blankcaptcha_clerk.legacy.browser_4cfc30_5.79.1-canary.v20250801194113.min.js.gz
- clerk-js/5.79.1-canary.v20250801194113/blankcaptcha_clerk.legacy.browser_4cfc30_5.79.1-canary.v20250801194113.min.js.sri
- clerk-js/5.79.1-canary.v20250801194113/checkout_clerk.browser_68b43e_5.79.1-canary.v20250801194113.js.br
- clerk-js/5.79.1-canary.v20250801194113/checkout_clerk.browser_68b43e_5.79.1-canary.v20250801194113.js.gz
- clerk-js/5.79.1-canary.v20250801194113/checkout_clerk.browser_68b43e_5.79.1-canary.v20250801194113.js.sri
- clerk-js/5.79.1-canary.v20250801194113/checkout_clerk.browser_68b43e_5.79.1-canary.v20250801194113.min.js.br
- clerk-js/5.79.1-canary.v20250801194113/checkout_clerk.browser_68b43e_5.79.1-canary.v20250801194113.min.js.gz
- clerk-js/5.79.1-canary.v20250801194113/checkout_clerk.browser_68b43e_5.79.1-canary.v20250801194113.min.js.sri
- clerk-js/5.79.1-canary.v20250801194113/checkout_clerk.chips.browser_d22ed5_5.79.1-canary.v20250801194113.js.br
- clerk-js/5.79.1-canary.v20250801194113/checkout_clerk.chips.browser_d22ed5_5.79.1-canary.v20250801194113.js.gz
- clerk-js/5.79.1-canary.v20250801194113/checkout_clerk.chips.browser_d22ed5_5.79.1-canary.v20250801194113.js.sri
- clerk-js/5.79.1-canary.v20250801194113/checkout_clerk.chips.browser_d22ed5_5.79.1-canary.v20250801194113.min.js.br
- clerk-js/5.79.1-canary.v20250801194113/checkout_clerk.chips.browser_d22ed5_5.79.1-canary.v20250801194113.min.js.gz
- clerk-js/5.79.1-canary.v20250801194113/checkout_clerk.chips.browser_d22ed5_5.79.1-canary.v20250801194113.min.js.sri
- clerk-js/5.79.1-canary.v20250801194113/checkout_clerk.legacy.browser_4cfc30_5.79.1-canary.v20250801194113.js.br
- clerk-js/5.79.1-canary.v20250801194113/checkout_clerk.legacy.browser_4cfc30_5.79.1-canary.v20250801194113.js.gz
- clerk-js/5.79.1-canary.v20250801194113/checkout_clerk.legacy.browser_4cfc30_5.79.1-canary.v20250801194113.js.sri
- clerk-js/5.79.1-canary.v20250801194113/checkout_clerk.legacy.browser_4cfc30_5.79.1-canary.v20250801194113.min.js.br
- clerk-js/5.79.1-canary.v20250801194113/checkout_clerk.legacy.browser_4cfc30_5.79.1-canary.v20250801194113.min.js.gz
- clerk-js/5.79.1-canary.v20250801194113/checkout_clerk.legacy.browser_4cfc30_5.79.1-canary.v20250801194113.min.js.sri
- clerk-js/5.79.1-canary.v20250801194113/clerk.browser.js.br
- clerk-js/5.79.1-canary.v20250801194113/clerk.browser.js.gz
- clerk-js/5.79.1-canary.v20250801194113/clerk.browser.js.sri
- clerk-js/5.79.1-canary.v20250801194113/clerk.browser.min.js.br
- clerk-js/5.79.1-canary.v20250801194113/clerk.browser.min.js.gz
- clerk-js/5.79.1-canary.v20250801194113/clerk.browser.min.js.sri
- clerk-js/5.79.1-canary.v20250801194113/clerk.chips.browser.js.br
- clerk-js/5.79.1-canary.v20250801194113/clerk.chips.browser.js.gz
- clerk-js/5.79.1-canary.v20250801194113/clerk.chips.browser.js.sri
- clerk-js/5.79.1-canary.v20250801194113/clerk.chips.browser.min.js.br
- clerk-js/5.79.1-canary.v20250801194113/clerk.chips.browser.min.js.gz
- clerk-js/5.79.1-canary.v20250801194113/clerk.chips.browser.min.js.sri
- clerk-js/5.79.1-canary.v20250801194113/clerk.headless.browser.js.br
- clerk-js/5.79.1-canary.v20250801194113/clerk.headless.browser.js.gz
- clerk-js/5.79.1-canary.v20250801194113/clerk.headless.browser.js.sri
- clerk-js/5.79.1-canary.v20250801194113/clerk.headless.browser.min.js.br
- clerk-js/5.79.1-canary.v20250801194113/clerk.headless.browser.min.js.gz
- clerk-js/5.79.1-canary.v20250801194113/clerk.headless.browser.min.js.sri
- clerk-js/5.79.1-canary.v20250801194113/clerk.headless.js.br
- clerk-js/5.79.1-canary.v20250801194113/clerk.headless.js.gz
- clerk-js/5.79.1-canary.v20250801194113/clerk.headless.js.sri
- clerk-js/5.79.1-canary.v20250801194113/clerk.headless.min.js.br
- clerk-js/5.79.1-canary.v20250801194113/clerk.headless.min.js.gz
- clerk-js/5.79.1-canary.v20250801194113/clerk.headless.min.js.sri
- clerk-js/5.79.1-canary.v20250801194113/clerk.js.br
- clerk-js/5.79.1-canary.v20250801194113/clerk.js.gz
- clerk-js/5.79.1-canary.v20250801194113/clerk.js.sri
- clerk-js/5.79.1-canary.v20250801194113/clerk.legacy.browser.js.br
- clerk-js/5.79.1-canary.v20250801194113/clerk.legacy.browser.js.gz
- clerk-js/5.79.1-canary.v20250801194113/clerk.legacy.browser.js.sri
- clerk-js/5.79.1-canary.v20250801194113/clerk.legacy.browser.min.js.br
- clerk-js/5.79.1-canary.v20250801194113/clerk.legacy.browser.min.js.gz
- clerk-js/5.79.1-canary.v20250801194113/clerk.legacy.browser.min.js.sri
- clerk-js/5.79.1-canary.v20250801194113/clerk.min.js.br
- clerk-js/5.79.1-canary.v20250801194113/clerk.min.js.gz
- clerk-js/5.79.1-canary.v20250801194113/clerk.min.js.sri
- clerk-js/5.79.1-canary.v20250801194113/clerk.mjs.br
- clerk-js/5.79.1-canary.v20250801194113/clerk.mjs.gz
- clerk-js/5.79.1-canary.v20250801194113/clerk.no-rhc.js.br
- clerk-js/5.79.1-canary.v20250801194113/clerk.no-rhc.js.gz
- clerk-js/5.79.1-canary.v20250801194113/clerk.no-rhc.js.sri
- clerk-js/5.79.1-canary.v20250801194113/clerk.no-rhc.min.js.br
- clerk-js/5.79.1-canary.v20250801194113/clerk.no-rhc.min.js.gz
- clerk-js/5.79.1-canary.v20250801194113/clerk.no-rhc.min.js.sri
- clerk-js/5.79.1-canary.v20250801194113/clerk.no-rhc.mjs.br
- clerk-js/5.79.1-canary.v20250801194113/clerk.no-rhc.mjs.gz
- clerk-js/5.79.1-canary.v20250801194113/coinbase-wallet-sdk_clerk.browser_68b43e_5.79.1-canary.v20250801194113.js.br
- clerk-js/5.79.1-canary.v20250801194113/coinbase-wallet-sdk_clerk.browser_68b43e_5.79.1-canary.v20250801194113.js.gz
- clerk-js/5.79.1-canary.v20250801194113/coinbase-wallet-sdk_clerk.browser_68b43e_5.79.1-canary.v20250801194113.js.sri
- clerk-js/5.79.1-canary.v20250801194113/coinbase-wallet-sdk_clerk.browser_68b43e_5.79.1-canary.v20250801194113.min.js.br
- clerk-js/5.79.1-canary.v20250801194113/coinbase-wallet-sdk_clerk.browser_68b43e_5.79.1-canary.v20250801194113.min.js.gz
- clerk-js/5.79.1-canary.v20250801194113/coinbase-wallet-sdk_clerk.browser_68b43e_5.79.1-canary.v20250801194113.min.js.sri
- clerk-js/5.79.1-canary.v20250801194113/coinbase-wallet-sdk_clerk.chips.browser_d22ed5_5.79.1-canary.v20250801194113.js.br
- clerk-js/5.79.1-canary.v20250801194113/coinbase-wallet-sdk_clerk.chips.browser_d22ed5_5.79.1-canary.v20250801194113.js.gz
- clerk-js/5.79.1-canary.v20250801194113/coinbase-wallet-sdk_clerk.chips.browser_d22ed5_5.79.1-canary.v20250801194113.js.sri
- clerk-js/5.79.1-canary.v20250801194113/coinbase-wallet-sdk_clerk.chips.browser_d22ed5_5.79.1-canary.v20250801194113.min.js.br
- clerk-js/5.79.1-canary.v20250801194113/coinbase-wallet-sdk_clerk.chips.browser_d22ed5_5.79.1-canary.v20250801194113.min.js.gz
- clerk-js/5.79.1-canary.v20250801194113/coinbase-wallet-sdk_clerk.chips.browser_d22ed5_5.79.1-canary.v20250801194113.min.js.sri
- clerk-js/5.79.1-canary.v20250801194113/coinbase-wallet-sdk_clerk.headless.browser_b6bff5_5.79.1-canary.v20250801194113.js.br
- clerk-js/5.79.1-canary.v20250801194113/coinbase-wallet-sdk_clerk.headless.browser_b6bff5_5.79.1-canary.v20250801194113.js.gz
- clerk-js/5.79.1-canary.v20250801194113/coinbase-wallet-sdk_clerk.headless.browser_b6bff5_5.79.1-canary.v20250801194113.js.sri
- clerk-js/5.79.1-canary.v20250801194113/coinbase-wallet-sdk_clerk.headless.browser_b6bff5_5.79.1-canary.v20250801194113.min.js.br
- clerk-js/5.79.1-canary.v20250801194113/coinbase-wallet-sdk_clerk.headless.browser_b6bff5_5.79.1-canary.v20250801194113.min.js.gz
- clerk-js/5.79.1-canary.v20250801194113/coinbase-wallet-sdk_clerk.headless.browser_b6bff5_5.79.1-canary.v20250801194113.min.js.sri
- clerk-js/5.79.1-canary.v20250801194113/coinbase-wallet-sdk_clerk.legacy.browser_4cfc30_5.79.1-canary.v20250801194113.js.br
- clerk-js/5.79.1-canary.v20250801194113/coinbase-wallet-sdk_clerk.legacy.browser_4cfc30_5.79.1-canary.v20250801194113.js.gz
- clerk-js/5.79.1-canary.v20250801194113/coinbase-wallet-sdk_clerk.legacy.browser_4cfc30_5.79.1-canary.v20250801194113.js.sri
- clerk-js/5.79.1-canary.v20250801194113/coinbase-wallet-sdk_clerk.legacy.browser_4cfc30_5.79.1-canary.v20250801194113.min.js.br
- clerk-js/5.79.1-canary.v20250801194113/coinbase-wallet-sdk_clerk.legacy.browser_4cfc30_5.79.1-canary.v20250801194113.min.js.gz
- clerk-js/5.79.1-canary.v20250801194113/coinbase-wallet-sdk_clerk.legacy.browser_4cfc30_5.79.1-canary.v20250801194113.min.js.sri
- clerk-js/5.79.1-canary.v20250801194113/cookieSuffix_clerk.browser_68b43e_5.79.1-canary.v20250801194113.js.br
- clerk-js/5.79.1-canary.v20250801194113/cookieSuffix_clerk.browser_68b43e_5.79.1-canary.v20250801194113.js.gz
- clerk-js/5.79.1-canary.v20250801194113/cookieSuffix_clerk.browser_68b43e_5.79.1-canary.v20250801194113.js.sri
- clerk-js/5.79.1-canary.v20250801194113/cookieSuffix_clerk.browser_68b43e_5.79.1-canary.v20250801194113.min.js.br
- clerk-js/5.79.1-canary.v20250801194113/cookieSuffix_clerk.browser_68b43e_5.79.1-canary.v20250801194113.min.js.gz
- clerk-js/5.79.1-canary.v20250801194113/cookieSuffix_clerk.browser_68b43e_5.79.1-canary.v20250801194113.min.js.sri
- clerk-js/5.79.1-canary.v20250801194113/cookieSuffix_clerk.chips.browser_d22ed5_5.79.1-canary.v20250801194113.js.br
- clerk-js/5.79.1-canary.v20250801194113/cookieSuffix_clerk.chips.browser_d22ed5_5.79.1-canary.v20250801194113.js.gz
- clerk-js/5.79.1-canary.v20250801194113/cookieSuffix_clerk.chips.browser_d22ed5_5.79.1-canary.v20250801194113.js.sri
- clerk-js/5.79.1-canary.v20250801194113/cookieSuffix_clerk.chips.browser_d22ed5_5.79.1-canary.v20250801194113.min.js.br
- clerk-js/5.79.1-canary.v20250801194113/cookieSuffix_clerk.chips.browser_d22ed5_5.79.1-canary.v20250801194113.min.js.gz
- clerk-js/5.79.1-canary.v20250801194113/cookieSuffix_clerk.chips.browser_d22ed5_5.79.1-canary.v20250801194113.min.js.sri
- clerk-js/5.79.1-canary.v20250801194113/cookieSuffix_clerk.headless.browser_b6bff5_5.79.1-canary.v20250801194113.js.br
- clerk-js/5.79.1-canary.v20250801194113/cookieSuffix_clerk.headless.browser_b6bff5_5.79.1-canary.v20250801194113.js.gz
- clerk-js/5.79.1-canary.v20250801194113/cookieSuffix_clerk.headless.browser_b6bff5_5.79.1-canary.v20250801194113.js.sri
- clerk-js/5.79.1-canary.v20250801194113/cookieSuffix_clerk.headless.browser_b6bff5_5.79.1-canary.v20250801194113.min.js.br
- clerk-js/5.79.1-canary.v20250801194113/cookieSuffix_clerk.headless.browser_b6bff5_5.79.1-canary.v20250801194113.min.js.gz
- clerk-js/5.79.1-canary.v20250801194113/cookieSuffix_clerk.headless.browser_b6bff5_5.79.1-canary.v20250801194113.min.js.sri
- clerk-js/5.79.1-canary.v20250801194113/cookieSuffix_clerk.headless_ee7143_5.79.1-canary.v20250801194113.js.br
- clerk-js/5.79.1-canary.v20250801194113/cookieSuffix_clerk.headless_ee7143_5.79.1-canary.v20250801194113.js.gz
- clerk-js/5.79.1-canary.v20250801194113/cookieSuffix_clerk.headless_ee7143_5.79.1-canary.v20250801194113.js.sri
- clerk-js/5.79.1-canary.v20250801194113/cookieSuffix_clerk.headless_ee7143_5.79.1-canary.v20250801194113.min.js.br
- clerk-js/5.79.1-canary.v20250801194113/cookieSuffix_clerk.headless_ee7143_5.79.1-canary.v20250801194113.min.js.gz
- clerk-js/5.79.1-canary.v20250801194113/cookieSuffix_clerk.headless_ee7143_5.79.1-canary.v20250801194113.min.js.sri
- clerk-js/5.79.1-canary.v20250801194113/cookieSuffix_clerk.legacy.browser_4cfc30_5.79.1-canary.v20250801194113.js.br
- clerk-js/5.79.1-canary.v20250801194113/cookieSuffix_clerk.legacy.browser_4cfc30_5.79.1-canary.v20250801194113.js.gz
- clerk-js/5.79.1-canary.v20250801194113/cookieSuffix_clerk.legacy.browser_4cfc30_5.79.1-canary.v20250801194113.js.sri
- clerk-js/5.79.1-canary.v20250801194113/cookieSuffix_clerk.legacy.browser_4cfc30_5.79.1-canary.v20250801194113.min.js.br
- clerk-js/5.79.1-canary.v20250801194113/cookieSuffix_clerk.legacy.browser_4cfc30_5.79.1-canary.v20250801194113.min.js.gz
- clerk-js/5.79.1-canary.v20250801194113/cookieSuffix_clerk.legacy.browser_4cfc30_5.79.1-canary.v20250801194113.min.js.sri
- clerk-js/5.79.1-canary.v20250801194113/createorganization_clerk.browser_68b43e_5.79.1-canary.v20250801194113.js.br
- clerk-js/5.79.1-canary.v20250801194113/createorganization_clerk.browser_68b43e_5.79.1-canary.v20250801194113.js.gz
- clerk-js/5.79.1-canary.v20250801194113/createorganization_clerk.browser_68b43e_5.79.1-canary.v20250801194113.js.sri
- clerk-js/5.79.1-canary.v20250801194113/createorganization_clerk.browser_68b43e_5.79.1-canary.v20250801194113.min.js.br
- clerk-js/5.79.1-canary.v20250801194113/createorganization_clerk.browser_68b43e_5.79.1-canary.v20250801194113.min.js.gz
- clerk-js/5.79.1-canary.v20250801194113/createorganization_clerk.browser_68b43e_5.79.1-canary.v20250801194113.min.js.sri
- clerk-js/5.79.1-canary.v20250801194113/createorganization_clerk.chips.browser_d22ed5_5.79.1-canary.v20250801194113.js.br
- clerk-js/5.79.1-canary.v20250801194113/createorganization_clerk.chips.browser_d22ed5_5.79.1-canary.v20250801194113.js.gz
- clerk-js/5.79.1-canary.v20250801194113/createorganization_clerk.chips.browser_d22ed5_5.79.1-canary.v20250801194113.js.sri
- clerk-js/5.79.1-canary.v20250801194113/createorganization_clerk.chips.browser_d22ed5_5.79.1-canary.v20250801194113.min.js.br
- clerk-js/5.79.1-canary.v20250801194113/createorganization_clerk.chips.browser_d22ed5_5.79.1-canary.v20250801194113.min.js.gz
- clerk-js/5.79.1-canary.v20250801194113/createorganization_clerk.chips.browser_d22ed5_5.79.1-canary.v20250801194113.min.js.sri
- clerk-js/5.79.1-canary.v20250801194113/createorganization_clerk.legacy.browser_4cfc30_5.79.1-canary.v20250801194113.js.br
- clerk-js/5.79.1-canary.v20250801194113/createorganization_clerk.legacy.browser_4cfc30_5.79.1-canary.v20250801194113.js.gz
- clerk-js/5.79.1-canary.v20250801194113/createorganization_clerk.legacy.browser_4cfc30_5.79.1-canary.v20250801194113.js.sri
- clerk-js/5.79.1-canary.v20250801194113/createorganization_clerk.legacy.browser_4cfc30_5.79.1-canary.v20250801194113.min.js.br
- clerk-js/5.79.1-canary.v20250801194113/createorganization_clerk.legacy.browser_4cfc30_5.79.1-canary.v20250801194113.min.js.gz
- clerk-js/5.79.1-canary.v20250801194113/createorganization_clerk.legacy.browser_4cfc30_5.79.1-canary.v20250801194113.min.js.sri
- clerk-js/5.79.1-canary.v20250801194113/framework_clerk.browser_68b43e_5.79.1-canary.v20250801194113.js.br
- clerk-js/5.79.1-canary.v20250801194113/framework_clerk.browser_68b43e_5.79.1-canary.v20250801194113.js.gz
- clerk-js/5.79.1-canary.v20250801194113/framework_clerk.browser_68b43e_5.79.1-canary.v20250801194113.js.sri
- clerk-js/5.79.1-canary.v20250801194113/framework_clerk.browser_68b43e_5.79.1-canary.v20250801194113.min.js.br
- clerk-js/5.79.1-canary.v20250801194113/framework_clerk.browser_68b43e_5.79.1-canary.v20250801194113.min.js.gz
- clerk-js/5.79.1-canary.v20250801194113/framework_clerk.browser_68b43e_5.79.1-canary.v20250801194113.min.js.sri
- clerk-js/5.79.1-canary.v20250801194113/framework_clerk.chips.browser_d22ed5_5.79.1-canary.v20250801194113.js.br
- clerk-js/5.79.1-canary.v20250801194113/framework_clerk.chips.browser_d22ed5_5.79.1-canary.v20250801194113.js.gz
- clerk-js/5.79.1-canary.v20250801194113/framework_clerk.chips.browser_d22ed5_5.79.1-canary.v20250801194113.js.sri
- clerk-js/5.79.1-canary.v20250801194113/framework_clerk.chips.browser_d22ed5_5.79.1-canary.v20250801194113.min.js.br
- clerk-js/5.79.1-canary.v20250801194113/framework_clerk.chips.browser_d22ed5_5.79.1-canary.v20250801194113.min.js.gz
- clerk-js/5.79.1-canary.v20250801194113/framework_clerk.chips.browser_d22ed5_5.79.1-canary.v20250801194113.min.js.sri
- clerk-js/5.79.1-canary.v20250801194113/framework_clerk.legacy.browser_4cfc30_5.79.1-canary.v20250801194113.js.br
- clerk-js/5.79.1-canary.v20250801194113/framework_clerk.legacy.browser_4cfc30_5.79.1-canary.v20250801194113.js.gz
- clerk-js/5.79.1-canary.v20250801194113/framework_clerk.legacy.browser_4cfc30_5.79.1-canary.v20250801194113.js.sri
- clerk-js/5.79.1-canary.v20250801194113/framework_clerk.legacy.browser_4cfc30_5.79.1-canary.v20250801194113.min.js.br
- clerk-js/5.79.1-canary.v20250801194113/framework_clerk.legacy.browser_4cfc30_5.79.1-canary.v20250801194113.min.js.gz
- clerk-js/5.79.1-canary.v20250801194113/framework_clerk.legacy.browser_4cfc30_5.79.1-canary.v20250801194113.min.js.sri
- clerk-js/5.79.1-canary.v20250801194113/impersonationfab_clerk.browser_68b43e_5.79.1-canary.v20250801194113.js.br
- clerk-js/5.79.1-canary.v20250801194113/impersonationfab_clerk.browser_68b43e_5.79.1-canary.v20250801194113.js.gz
- clerk-js/5.79.1-canary.v20250801194113/impersonationfab_clerk.browser_68b43e_5.79.1-canary.v20250801194113.js.sri
- clerk-js/5.79.1-canary.v20250801194113/impersonationfab_clerk.browser_68b43e_5.79.1-canary.v20250801194113.min.js.br
- clerk-js/5.79.1-canary.v20250801194113/impersonationfab_clerk.browser_68b43e_5.79.1-canary.v20250801194113.min.js.gz
- clerk-js/5.79.1-canary.v20250801194113/impersonationfab_clerk.browser_68b43e_5.79.1-canary.v20250801194113.min.js.sri
- clerk-js/5.79.1-canary.v20250801194113/impersonationfab_clerk.chips.browser_d22ed5_5.79.1-canary.v20250801194113.js.br
- clerk-js/5.79.1-canary.v20250801194113/impersonationfab_clerk.chips.browser_d22ed5_5.79.1-canary.v20250801194113.js.gz
- clerk-js/5.79.1-canary.v20250801194113/impersonationfab_clerk.chips.browser_d22ed5_5.79.1-canary.v20250801194113.js.sri
- clerk-js/5.79.1-canary.v20250801194113/impersonationfab_clerk.chips.browser_d22ed5_5.79.1-canary.v20250801194113.min.js.br
- clerk-js/5.79.1-canary.v20250801194113/impersonationfab_clerk.chips.browser_d22ed5_5.79.1-canary.v20250801194113.min.js.gz
- clerk-js/5.79.1-canary.v20250801194113/impersonationfab_clerk.chips.browser_d22ed5_5.79.1-canary.v20250801194113.min.js.sri
- clerk-js/5.79.1-canary.v20250801194113/impersonationfab_clerk.legacy.browser_4cfc30_5.79.1-canary.v20250801194113.js.br
- clerk-js/5.79.1-canary.v20250801194113/impersonationfab_clerk.legacy.browser_4cfc30_5.79.1-canary.v20250801194113.js.gz
- clerk-js/5.79.1-canary.v20250801194113/impersonationfab_clerk.legacy.browser_4cfc30_5.79.1-canary.v20250801194113.js.sri
- clerk-js/5.79.1-canary.v20250801194113/impersonationfab_clerk.legacy.browser_4cfc30_5.79.1-canary.v20250801194113.min.js.br
- clerk-js/5.79.1-canary.v20250801194113/impersonationfab_clerk.legacy.browser_4cfc30_5.79.1-canary.v20250801194113.min.js.gz
- clerk-js/5.79.1-canary.v20250801194113/impersonationfab_clerk.legacy.browser_4cfc30_5.79.1-canary.v20250801194113.min.js.sri
- clerk-js/5.79.1-canary.v20250801194113/keylessPrompt_clerk.browser_68b43e_5.79.1-canary.v20250801194113.js.br
- clerk-js/5.79.1-canary.v20250801194113/keylessPrompt_clerk.browser_68b43e_5.79.1-canary.v20250801194113.js.gz
- clerk-js/5.79.1-canary.v20250801194113/keylessPrompt_clerk.browser_68b43e_5.79.1-canary.v20250801194113.js.sri
- clerk-js/5.79.1-canary.v20250801194113/keylessPrompt_clerk.browser_68b43e_5.79.1-canary.v20250801194113.min.js.br
- clerk-js/5.79.1-canary.v20250801194113/keylessPrompt_clerk.browser_68b43e_5.79.1-canary.v20250801194113.min.js.gz
- clerk-js/5.79.1-canary.v20250801194113/keylessPrompt_clerk.browser_68b43e_5.79.1-canary.v20250801194113.min.js.sri
- clerk-js/5.79.1-canary.v20250801194113/keylessPrompt_clerk.chips.browser_d22ed5_5.79.1-canary.v20250801194113.js.br
- clerk-js/5.79.1-canary.v20250801194113/keylessPrompt_clerk.chips.browser_d22ed5_5.79.1-canary.v20250801194113.js.gz
- clerk-js/5.79.1-canary.v20250801194113/keylessPrompt_clerk.chips.browser_d22ed5_5.79.1-canary.v20250801194113.js.sri
- clerk-js/5.79.1-canary.v20250801194113/keylessPrompt_clerk.chips.browser_d22ed5_5.79.1-canary.v20250801194113.min.js.br
- clerk-js/5.79.1-canary.v20250801194113/keylessPrompt_clerk.chips.browser_d22ed5_5.79.1-canary.v20250801194113.min.js.gz
- clerk-js/5.79.1-canary.v20250801194113/keylessPrompt_clerk.chips.browser_d22ed5_5.79.1-canary.v20250801194113.min.js.sri
- clerk-js/5.79.1-canary.v20250801194113/keylessPrompt_clerk.legacy.browser_4cfc30_5.79.1-canary.v20250801194113.js.br
- clerk-js/5.79.1-canary.v20250801194113/keylessPrompt_clerk.legacy.browser_4cfc30_5.79.1-canary.v20250801194113.js.gz
- clerk-js/5.79.1-canary.v20250801194113/keylessPrompt_clerk.legacy.browser_4cfc30_5.79.1-canary.v20250801194113.js.sri
- clerk-js/5.79.1-canary.v20250801194113/keylessPrompt_clerk.legacy.browser_4cfc30_5.79.1-canary.v20250801194113.min.js.br
- clerk-js/5.79.1-canary.v20250801194113/keylessPrompt_clerk.legacy.browser_4cfc30_5.79.1-canary.v20250801194113.min.js.gz
- clerk-js/5.79.1-canary.v20250801194113/keylessPrompt_clerk.legacy.browser_4cfc30_5.79.1-canary.v20250801194113.min.js.sri
- clerk-js/5.79.1-canary.v20250801194113/oauthConsent_clerk.browser_68b43e_5.79.1-canary.v20250801194113.js.br
- clerk-js/5.79.1-canary.v20250801194113/oauthConsent_clerk.browser_68b43e_5.79.1-canary.v20250801194113.js.gz
- clerk-js/5.79.1-canary.v20250801194113/oauthConsent_clerk.browser_68b43e_5.79.1-canary.v20250801194113.js.sri
- clerk-js/5.79.1-canary.v20250801194113/oauthConsent_clerk.browser_68b43e_5.79.1-canary.v20250801194113.min.js.br
- clerk-js/5.79.1-canary.v20250801194113/oauthConsent_clerk.browser_68b43e_5.79.1-canary.v20250801194113.min.js.gz
- clerk-js/5.79.1-canary.v20250801194113/oauthConsent_clerk.browser_68b43e_5.79.1-canary.v20250801194113.min.js.sri
- clerk-js/5.79.1-canary.v20250801194113/oauthConsent_clerk.chips.browser_d22ed5_5.79.1-canary.v20250801194113.js.br
- clerk-js/5.79.1-canary.v20250801194113/oauthConsent_clerk.chips.browser_d22ed5_5.79.1-canary.v20250801194113.js.gz
- clerk-js/5.79.1-canary.v20250801194113/oauthConsent_clerk.chips.browser_d22ed5_5.79.1-canary.v20250801194113.js.sri
- clerk-js/5.79.1-canary.v20250801194113/oauthConsent_clerk.chips.browser_d22ed5_5.79.1-canary.v20250801194113.min.js.br
- clerk-js/5.79.1-canary.v20250801194113/oauthConsent_clerk.chips.browser_d22ed5_5.79.1-canary.v20250801194113.min.js.gz
- clerk-js/5.79.1-canary.v20250801194113/oauthConsent_clerk.chips.browser_d22ed5_5.79.1-canary.v20250801194113.min.js.sri
- clerk-js/5.79.1-canary.v20250801194113/oauthConsent_clerk.legacy.browser_4cfc30_5.79.1-canary.v20250801194113.js.br
- clerk-js/5.79.1-canary.v20250801194113/oauthConsent_clerk.legacy.browser_4cfc30_5.79.1-canary.v20250801194113.js.gz
- clerk-js/5.79.1-canary.v20250801194113/oauthConsent_clerk.legacy.browser_4cfc30_5.79.1-canary.v20250801194113.js.sri
- clerk-js/5.79.1-canary.v20250801194113/oauthConsent_clerk.legacy.browser_4cfc30_5.79.1-canary.v20250801194113.min.js.br
- clerk-js/5.79.1-canary.v20250801194113/oauthConsent_clerk.legacy.browser_4cfc30_5.79.1-canary.v20250801194113.min.js.gz
- clerk-js/5.79.1-canary.v20250801194113/oauthConsent_clerk.legacy.browser_4cfc30_5.79.1-canary.v20250801194113.min.js.sri
- clerk-js/5.79.1-canary.v20250801194113/onetap_clerk.browser_68b43e_5.79.1-canary.v20250801194113.js.br
- clerk-js/5.79.1-canary.v20250801194113/onetap_clerk.browser_68b43e_5.79.1-canary.v20250801194113.js.gz
- clerk-js/5.79.1-canary.v20250801194113/onetap_clerk.browser_68b43e_5.79.1-canary.v20250801194113.js.sri
- clerk-js/5.79.1-canary.v20250801194113/onetap_clerk.browser_68b43e_5.79.1-canary.v20250801194113.min.js.br
- clerk-js/5.79.1-canary.v20250801194113/onetap_clerk.browser_68b43e_5.79.1-canary.v20250801194113.min.js.gz
- clerk-js/5.79.1-canary.v20250801194113/onetap_clerk.browser_68b43e_5.79.1-canary.v20250801194113.min.js.sri
- clerk-js/5.79.1-canary.v20250801194113/onetap_clerk.chips.browser_d22ed5_5.79.1-canary.v20250801194113.js.br
- clerk-js/5.79.1-canary.v20250801194113/onetap_clerk.chips.browser_d22ed5_5.79.1-canary.v20250801194113.js.gz
- clerk-js/5.79.1-canary.v20250801194113/onetap_clerk.chips.browser_d22ed5_5.79.1-canary.v20250801194113.js.sri
- clerk-js/5.79.1-canary.v20250801194113/onetap_clerk.chips.browser_d22ed5_5.79.1-canary.v20250801194113.min.js.br
- clerk-js/5.79.1-canary.v20250801194113/onetap_clerk.chips.browser_d22ed5_5.79.1-canary.v20250801194113.min.js.gz
- clerk-js/5.79.1-canary.v20250801194113/onetap_clerk.chips.browser_d22ed5_5.79.1-canary.v20250801194113.min.js.sri
- clerk-js/5.79.1-canary.v20250801194113/onetap_clerk.legacy.browser_4cfc30_5.79.1-canary.v20250801194113.js.br
- clerk-js/5.79.1-canary.v20250801194113/onetap_clerk.legacy.browser_4cfc30_5.79.1-canary.v20250801194113.js.gz
- clerk-js/5.79.1-canary.v20250801194113/onetap_clerk.legacy.browser_4cfc30_5.79.1-canary.v20250801194113.js.sri
- clerk-js/5.79.1-canary.v20250801194113/onetap_clerk.legacy.browser_4cfc30_5.79.1-canary.v20250801194113.min.js.br
- clerk-js/5.79.1-canary.v20250801194113/onetap_clerk.legacy.browser_4cfc30_5.79.1-canary.v20250801194113.min.js.gz
- clerk-js/5.79.1-canary.v20250801194113/onetap_clerk.legacy.browser_4cfc30_5.79.1-canary.v20250801194113.min.js.sri
- clerk-js/5.79.1-canary.v20250801194113/op-api-keys-page_clerk.browser_68b43e_5.79.1-canary.v20250801194113.js.br
- clerk-js/5.79.1-canary.v20250801194113/op-api-keys-page_clerk.browser_68b43e_5.79.1-canary.v20250801194113.js.gz
- clerk-js/5.79.1-canary.v20250801194113/op-api-keys-page_clerk.browser_68b43e_5.79.1-canary.v20250801194113.js.sri
- clerk-js/5.79.1-canary.v20250801194113/op-api-keys-page_clerk.browser_68b43e_5.79.1-canary.v20250801194113.min.js.br
- clerk-js/5.79.1-canary.v20250801194113/op-api-keys-page_clerk.browser_68b43e_5.79.1-canary.v20250801194113.min.js.gz
- clerk-js/5.79.1-canary.v20250801194113/op-api-keys-page_clerk.browser_68b43e_5.79.1-canary.v20250801194113.min.js.sri
- clerk-js/5.79.1-canary.v20250801194113/op-api-keys-page_clerk.chips.browser_d22ed5_5.79.1-canary.v20250801194113.js.br
- clerk-js/5.79.1-canary.v20250801194113/op-api-keys-page_clerk.chips.browser_d22ed5_5.79.1-canary.v20250801194113.js.gz
- clerk-js/5.79.1-canary.v20250801194113/op-api-keys-page_clerk.chips.browser_d22ed5_5.79.1-canary.v20250801194113.js.sri
- clerk-js/5.79.1-canary.v20250801194113/op-api-keys-page_clerk.chips.browser_d22ed5_5.79.1-canary.v20250801194113.min.js.br
- clerk-js/5.79.1-canary.v20250801194113/op-api-keys-page_clerk.chips.browser_d22ed5_5.79.1-canary.v20250801194113.min.js.gz
- clerk-js/5.79.1-canary.v20250801194113/op-api-keys-page_clerk.chips.browser_d22ed5_5.79.1-canary.v20250801194113.min.js.sri
- clerk-js/5.79.1-canary.v20250801194113/op-api-keys-page_clerk.legacy.browser_4cfc30_5.79.1-canary.v20250801194113.js.br
- clerk-js/5.79.1-canary.v20250801194113/op-api-keys-page_clerk.legacy.browser_4cfc30_5.79.1-canary.v20250801194113.js.gz
- clerk-js/5.79.1-canary.v20250801194113/op-api-keys-page_clerk.legacy.browser_4cfc30_5.79.1-canary.v20250801194113.js.sri
- clerk-js/5.79.1-canary.v20250801194113/op-api-keys-page_clerk.legacy.browser_4cfc30_5.79.1-canary.v20250801194113.min.js.br
- clerk-js/5.79.1-canary.v20250801194113/op-api-keys-page_clerk.legacy.browser_4cfc30_5.79.1-canary.v20250801194113.min.js.gz
- clerk-js/5.79.1-canary.v20250801194113/op-api-keys-page_clerk.legacy.browser_4cfc30_5.79.1-canary.v20250801194113.min.js.sri
- clerk-js/5.79.1-canary.v20250801194113/op-billing-page_clerk.browser_68b43e_5.79.1-canary.v20250801194113.js.br
- clerk-js/5.79.1-canary.v20250801194113/op-billing-page_clerk.browser_68b43e_5.79.1-canary.v20250801194113.js.gz
- clerk-js/5.79.1-canary.v20250801194113/op-billing-page_clerk.browser_68b43e_5.79.1-canary.v20250801194113.js.sri
- clerk-js/5.79.1-canary.v20250801194113/op-billing-page_clerk.browser_68b43e_5.79.1-canary.v20250801194113.min.js.br
- clerk-js/5.79.1-canary.v20250801194113/op-billing-page_clerk.browser_68b43e_5.79.1-canary.v20250801194113.min.js.gz
- clerk-js/5.79.1-canary.v20250801194113/op-billing-page_clerk.browser_68b43e_5.79.1-canary.v20250801194113.min.js.sri
- clerk-js/5.79.1-canary.v20250801194113/op-billing-page_clerk.chips.browser_d22ed5_5.79.1-canary.v20250801194113.js.br
- clerk-js/5.79.1-canary.v20250801194113/op-billing-page_clerk.chips.browser_d22ed5_5.79.1-canary.v20250801194113.js.gz
- clerk-js/5.79.1-canary.v20250801194113/op-billing-page_clerk.chips.browser_d22ed5_5.79.1-canary.v20250801194113.js.sri
- clerk-js/5.79.1-canary.v20250801194113/op-billing-page_clerk.chips.browser_d22ed5_5.79.1-canary.v20250801194113.min.js.br
- clerk-js/5.79.1-canary.v20250801194113/op-billing-page_clerk.chips.browser_d22ed5_5.79.1-canary.v20250801194113.min.js.gz
- clerk-js/5.79.1-canary.v20250801194113/op-billing-page_clerk.chips.browser_d22ed5_5.79.1-canary.v20250801194113.min.js.sri
- clerk-js/5.79.1-canary.v20250801194113/op-billing-page_clerk.legacy.browser_4cfc30_5.79.1-canary.v20250801194113.js.br
- clerk-js/5.79.1-canary.v20250801194113/op-billing-page_clerk.legacy.browser_4cfc30_5.79.1-canary.v20250801194113.js.gz
- clerk-js/5.79.1-canary.v20250801194113/op-billing-page_clerk.legacy.browser_4cfc30_5.79.1-canary.v20250801194113.js.sri
- clerk-js/5.79.1-canary.v20250801194113/op-billing-page_clerk.legacy.browser_4cfc30_5.79.1-canary.v20250801194113.min.js.br
- clerk-js/5.79.1-canary.v20250801194113/op-billing-page_clerk.legacy.browser_4cfc30_5.79.1-canary.v20250801194113.min.js.gz
- clerk-js/5.79.1-canary.v20250801194113/op-billing-page_clerk.legacy.browser_4cfc30_5.79.1-canary.v20250801194113.min.js.sri
- clerk-js/5.79.1-canary.v20250801194113/op-plans-page_clerk.browser_68b43e_5.79.1-canary.v20250801194113.js.br
- clerk-js/5.79.1-canary.v20250801194113/op-plans-page_clerk.browser_68b43e_5.79.1-canary.v20250801194113.js.gz
- clerk-js/5.79.1-canary.v20250801194113/op-plans-page_clerk.browser_68b43e_5.79.1-canary.v20250801194113.js.sri
- clerk-js/5.79.1-canary.v20250801194113/op-plans-page_clerk.browser_68b43e_5.79.1-canary.v20250801194113.min.js.br
- clerk-js/5.79.1-canary.v20250801194113/op-plans-page_clerk.browser_68b43e_5.79.1-canary.v20250801194113.min.js.gz
- clerk-js/5.79.1-canary.v20250801194113/op-plans-page_clerk.browser_68b43e_5.79.1-canary.v20250801194113.min.js.sri
- clerk-js/5.79.1-canary.v20250801194113/op-plans-page_clerk.chips.browser_d22ed5_5.79.1-canary.v20250801194113.js.br
- clerk-js/5.79.1-canary.v20250801194113/op-plans-page_clerk.chips.browser_d22ed5_5.79.1-canary.v20250801194113.js.gz
- clerk-js/5.79.1-canary.v20250801194113/op-plans-page_clerk.chips.browser_d22ed5_5.79.1-canary.v20250801194113.js.sri
- clerk-js/5.79.1-canary.v20250801194113/op-plans-page_clerk.chips.browser_d22ed5_5.79.1-canary.v20250801194113.min.js.br
- clerk-js/5.79.1-canary.v20250801194113/op-plans-page_clerk.chips.browser_d22ed5_5.79.1-canary.v20250801194113.min.js.gz
- clerk-js/5.79.1-canary.v20250801194113/op-plans-page_clerk.chips.browser_d22ed5_5.79.1-canary.v20250801194113.min.js.sri
- clerk-js/5.79.1-canary.v20250801194113/op-plans-page_clerk.legacy.browser_4cfc30_5.79.1-canary.v20250801194113.js.br
- clerk-js/5.79.1-canary.v20250801194113/op-plans-page_clerk.legacy.browser_4cfc30_5.79.1-canary.v20250801194113.js.gz
- clerk-js/5.79.1-canary.v20250801194113/op-plans-page_clerk.legacy.browser_4cfc30_5.79.1-canary.v20250801194113.js.sri
- clerk-js/5.79.1-canary.v20250801194113/op-plans-page_clerk.legacy.browser_4cfc30_5.79.1-canary.v20250801194113.min.js.br
- clerk-js/5.79.1-canary.v20250801194113/op-plans-page_clerk.legacy.browser_4cfc30_5.79.1-canary.v20250801194113.min.js.gz
- clerk-js/5.79.1-canary.v20250801194113/op-plans-page_clerk.legacy.browser_4cfc30_5.79.1-canary.v20250801194113.min.js.sri
- clerk-js/5.79.1-canary.v20250801194113/organizationlist_clerk.browser_68b43e_5.79.1-canary.v20250801194113.js.br
- clerk-js/5.79.1-canary.v20250801194113/organizationlist_clerk.browser_68b43e_5.79.1-canary.v20250801194113.js.gz
- clerk-js/5.79.1-canary.v20250801194113/organizationlist_clerk.browser_68b43e_5.79.1-canary.v20250801194113.js.sri
- clerk-js/5.79.1-canary.v20250801194113/organizationlist_clerk.browser_68b43e_5.79.1-canary.v20250801194113.min.js.br
- clerk-js/5.79.1-canary.v20250801194113/organizationlist_clerk.browser_68b43e_5.79.1-canary.v20250801194113.min.js.gz
- clerk-js/5.79.1-canary.v20250801194113/organizationlist_clerk.browser_68b43e_5.79.1-canary.v20250801194113.min.js.sri
- clerk-js/5.79.1-canary.v20250801194113/organizationlist_clerk.chips.browser_d22ed5_5.79.1-canary.v20250801194113.js.br
- clerk-js/5.79.1-canary.v20250801194113/organizationlist_clerk.chips.browser_d22ed5_5.79.1-canary.v20250801194113.js.gz
- clerk-js/5.79.1-canary.v20250801194113/organizationlist_clerk.chips.browser_d22ed5_5.79.1-canary.v20250801194113.js.sri
- clerk-js/5.79.1-canary.v20250801194113/organizationlist_clerk.chips.browser_d22ed5_5.79.1-canary.v20250801194113.min.js.br
- clerk-js/5.79.1-canary.v20250801194113/organizationlist_clerk.chips.browser_d22ed5_5.79.1-canary.v20250801194113.min.js.gz
- clerk-js/5.79.1-canary.v20250801194113/organizationlist_clerk.chips.browser_d22ed5_5.79.1-canary.v20250801194113.min.js.sri
- clerk-js/5.79.1-canary.v20250801194113/organizationlist_clerk.legacy.browser_4cfc30_5.79.1-canary.v20250801194113.js.br
- clerk-js/5.79.1-canary.v20250801194113/organizationlist_clerk.legacy.browser_4cfc30_5.79.1-canary.v20250801194113.js.gz
- clerk-js/5.79.1-canary.v20250801194113/organizationlist_clerk.legacy.browser_4cfc30_5.79.1-canary.v20250801194113.js.sri
- clerk-js/5.79.1-canary.v20250801194113/organizationlist_clerk.legacy.browser_4cfc30_5.79.1-canary.v20250801194113.min.js.br
- clerk-js/5.79.1-canary.v20250801194113/organizationlist_clerk.legacy.browser_4cfc30_5.79.1-canary.v20250801194113.min.js.gz
- clerk-js/5.79.1-canary.v20250801194113/organizationlist_clerk.legacy.browser_4cfc30_5.79.1-canary.v20250801194113.min.js.sri
- clerk-js/5.79.1-canary.v20250801194113/organizationprofile_clerk.browser_68b43e_5.79.1-canary.v20250801194113.js.br
- clerk-js/5.79.1-canary.v20250801194113/organizationprofile_clerk.browser_68b43e_5.79.1-canary.v20250801194113.js.gz
- clerk-js/5.79.1-canary.v20250801194113/organizationprofile_clerk.browser_68b43e_5.79.1-canary.v20250801194113.js.sri
- clerk-js/5.79.1-canary.v20250801194113/organizationprofile_clerk.browser_68b43e_5.79.1-canary.v20250801194113.min.js.br
- clerk-js/5.79.1-canary.v20250801194113/organizationprofile_clerk.browser_68b43e_5.79.1-canary.v20250801194113.min.js.gz
- clerk-js/5.79.1-canary.v20250801194113/organizationprofile_clerk.browser_68b43e_5.79.1-canary.v20250801194113.min.js.sri
- clerk-js/5.79.1-canary.v20250801194113/organizationprofile_clerk.chips.browser_d22ed5_5.79.1-canary.v20250801194113.js.br
- clerk-js/5.79.1-canary.v20250801194113/organizationprofile_clerk.chips.browser_d22ed5_5.79.1-canary.v20250801194113.js.gz
- clerk-js/5.79.1-canary.v20250801194113/organizationprofile_clerk.chips.browser_d22ed5_5.79.1-canary.v20250801194113.js.sri
- clerk-js/5.79.1-canary.v20250801194113/organizationprofile_clerk.chips.browser_d22ed5_5.79.1-canary.v20250801194113.min.js.br
- clerk-js/5.79.1-canary.v20250801194113/organizationprofile_clerk.chips.browser_d22ed5_5.79.1-canary.v20250801194113.min.js.gz
- clerk-js/5.79.1-canary.v20250801194113/organizationprofile_clerk.chips.browser_d22ed5_5.79.1-canary.v20250801194113.min.js.sri
- clerk-js/5.79.1-canary.v20250801194113/organizationprofile_clerk.legacy.browser_4cfc30_5.79.1-canary.v20250801194113.js.br
- clerk-js/5.79.1-canary.v20250801194113/organizationprofile_clerk.legacy.browser_4cfc30_5.79.1-canary.v20250801194113.js.gz
- clerk-js/5.79.1-canary.v20250801194113/organizationprofile_clerk.legacy.browser_4cfc30_5.79.1-canary.v20250801194113.js.sri
- clerk-js/5.79.1-canary.v20250801194113/organizationprofile_clerk.legacy.browser_4cfc30_5.79.1-canary.v20250801194113.min.js.br
- clerk-js/5.79.1-canary.v20250801194113/organizationprofile_clerk.legacy.browser_4cfc30_5.79.1-canary.v20250801194113.min.js.gz
- clerk-js/5.79.1-canary.v20250801194113/organizationprofile_clerk.legacy.browser_4cfc30_5.79.1-canary.v20250801194113.min.js.sri
- clerk-js/5.79.1-canary.v20250801194113/organizationswitcher_clerk.browser_68b43e_5.79.1-canary.v20250801194113.js.br
- clerk-js/5.79.1-canary.v20250801194113/organizationswitcher_clerk.browser_68b43e_5.79.1-canary.v20250801194113.js.gz
- clerk-js/5.79.1-canary.v20250801194113/organizationswitcher_clerk.browser_68b43e_5.79.1-canary.v20250801194113.js.sri
- clerk-js/5.79.1-canary.v20250801194113/organizationswitcher_clerk.browser_68b43e_5.79.1-canary.v20250801194113.min.js.br
- clerk-js/5.79.1-canary.v20250801194113/organizationswitcher_clerk.browser_68b43e_5.79.1-canary.v20250801194113.min.js.gz
- clerk-js/5.79.1-canary.v20250801194113/organizationswitcher_clerk.browser_68b43e_5.79.1-canary.v20250801194113.min.js.sri
- clerk-js/5.79.1-canary.v20250801194113/organizationswitcher_clerk.chips.browser_d22ed5_5.79.1-canary.v20250801194113.js.br
- clerk-js/5.79.1-canary.v20250801194113/organizationswitcher_clerk.chips.browser_d22ed5_5.79.1-canary.v20250801194113.js.gz
- clerk-js/5.79.1-canary.v20250801194113/organizationswitcher_clerk.chips.browser_d22ed5_5.79.1-canary.v20250801194113.js.sri
- clerk-js/5.79.1-canary.v20250801194113/organizationswitcher_clerk.chips.browser_d22ed5_5.79.1-canary.v20250801194113.min.js.br
- clerk-js/5.79.1-canary.v20250801194113/organizationswitcher_clerk.chips.browser_d22ed5_5.79.1-canary.v20250801194113.min.js.gz
- clerk-js/5.79.1-canary.v20250801194113/organizationswitcher_clerk.chips.browser_d22ed5_5.79.1-canary.v20250801194113.min.js.sri
- clerk-js/5.79.1-canary.v20250801194113/organizationswitcher_clerk.legacy.browser_4cfc30_5.79.1-canary.v20250801194113.js.br
- clerk-js/5.79.1-canary.v20250801194113/organizationswitcher_clerk.legacy.browser_4cfc30_5.79.1-canary.v20250801194113.js.gz
- clerk-js/5.79.1-canary.v20250801194113/organizationswitcher_clerk.legacy.browser_4cfc30_5.79.1-canary.v20250801194113.js.sri
- clerk-js/5.79.1-canary.v20250801194113/organizationswitcher_clerk.legacy.browser_4cfc30_5.79.1-canary.v20250801194113.min.js.br
- clerk-js/5.79.1-canary.v20250801194113/organizationswitcher_clerk.legacy.browser_4cfc30_5.79.1-canary.v20250801194113.min.js.gz
- clerk-js/5.79.1-canary.v20250801194113/organizationswitcher_clerk.legacy.browser_4cfc30_5.79.1-canary.v20250801194113.min.js.sri
- clerk-js/5.79.1-canary.v20250801194113/payment-attempt-page_clerk.browser_68b43e_5.79.1-canary.v20250801194113.js.br
- clerk-js/5.79.1-canary.v20250801194113/payment-attempt-page_clerk.browser_68b43e_5.79.1-canary.v20250801194113.js.gz
- clerk-js/5.79.1-canary.v20250801194113/payment-attempt-page_clerk.browser_68b43e_5.79.1-canary.v20250801194113.js.sri
- clerk-js/5.79.1-canary.v20250801194113/payment-attempt-page_clerk.browser_68b43e_5.79.1-canary.v20250801194113.min.js.br
- clerk-js/5.79.1-canary.v20250801194113/payment-attempt-page_clerk.browser_68b43e_5.79.1-canary.v20250801194113.min.js.gz
- clerk-js/5.79.1-canary.v20250801194113/payment-attempt-page_clerk.browser_68b43e_5.79.1-canary.v20250801194113.min.js.sri
- clerk-js/5.79.1-canary.v20250801194113/payment-attempt-page_clerk.chips.browser_d22ed5_5.79.1-canary.v20250801194113.js.br
- clerk-js/5.79.1-canary.v20250801194113/payment-attempt-page_clerk.chips.browser_d22ed5_5.79.1-canary.v20250801194113.js.gz
- clerk-js/5.79.1-canary.v20250801194113/payment-attempt-page_clerk.chips.browser_d22ed5_5.79.1-canary.v20250801194113.js.sri
- clerk-js/5.79.1-canary.v20250801194113/payment-attempt-page_clerk.chips.browser_d22ed5_5.79.1-canary.v20250801194113.min.js.br
- clerk-js/5.79.1-canary.v20250801194113/payment-attempt-page_clerk.chips.browser_d22ed5_5.79.1-canary.v20250801194113.min.js.gz
- clerk-js/5.79.1-canary.v20250801194113/payment-attempt-page_clerk.chips.browser_d22ed5_5.79.1-canary.v20250801194113.min.js.sri
- clerk-js/5.79.1-canary.v20250801194113/payment-attempt-page_clerk.legacy.browser_4cfc30_5.79.1-canary.v20250801194113.js.br
- clerk-js/5.79.1-canary.v20250801194113/payment-attempt-page_clerk.legacy.browser_4cfc30_5.79.1-canary.v20250801194113.js.gz
- clerk-js/5.79.1-canary.v20250801194113/payment-attempt-page_clerk.legacy.browser_4cfc30_5.79.1-canary.v20250801194113.js.sri
- clerk-js/5.79.1-canary.v20250801194113/payment-attempt-page_clerk.legacy.browser_4cfc30_5.79.1-canary.v20250801194113.min.js.br
- clerk-js/5.79.1-canary.v20250801194113/payment-attempt-page_clerk.legacy.browser_4cfc30_5.79.1-canary.v20250801194113.min.js.gz
- clerk-js/5.79.1-canary.v20250801194113/payment-attempt-page_clerk.legacy.browser_4cfc30_5.79.1-canary.v20250801194113.min.js.sri
- clerk-js/5.79.1-canary.v20250801194113/planDetails_clerk.browser_68b43e_5.79.1-canary.v20250801194113.js.br
- clerk-js/5.79.1-canary.v20250801194113/planDetails_clerk.browser_68b43e_5.79.1-canary.v20250801194113.js.gz
- clerk-js/5.79.1-canary.v20250801194113/planDetails_clerk.browser_68b43e_5.79.1-canary.v20250801194113.js.sri
- clerk-js/5.79.1-canary.v20250801194113/planDetails_clerk.browser_68b43e_5.79.1-canary.v20250801194113.min.js.br
- clerk-js/5.79.1-canary.v20250801194113/planDetails_clerk.browser_68b43e_5.79.1-canary.v20250801194113.min.js.gz
- clerk-js/5.79.1-canary.v20250801194113/planDetails_clerk.browser_68b43e_5.79.1-canary.v20250801194113.min.js.sri
- clerk-js/5.79.1-canary.v20250801194113/planDetails_clerk.chips.browser_d22ed5_5.79.1-canary.v20250801194113.js.br
- clerk-js/5.79.1-canary.v20250801194113/planDetails_clerk.chips.browser_d22ed5_5.79.1-canary.v20250801194113.js.gz
- clerk-js/5.79.1-canary.v20250801194113/planDetails_clerk.chips.browser_d22ed5_5.79.1-canary.v20250801194113.js.sri
- clerk-js/5.79.1-canary.v20250801194113/planDetails_clerk.chips.browser_d22ed5_5.79.1-canary.v20250801194113.min.js.br
- clerk-js/5.79.1-canary.v20250801194113/planDetails_clerk.chips.browser_d22ed5_5.79.1-canary.v20250801194113.min.js.gz
- clerk-js/5.79.1-canary.v20250801194113/planDetails_clerk.chips.browser_d22ed5_5.79.1-canary.v20250801194113.min.js.sri
- clerk-js/5.79.1-canary.v20250801194113/planDetails_clerk.legacy.browser_4cfc30_5.79.1-canary.v20250801194113.js.br
- clerk-js/5.79.1-canary.v20250801194113/planDetails_clerk.legacy.browser_4cfc30_5.79.1-canary.v20250801194113.js.gz
- clerk-js/5.79.1-canary.v20250801194113/planDetails_clerk.legacy.browser_4cfc30_5.79.1-canary.v20250801194113.js.sri
- clerk-js/5.79.1-canary.v20250801194113/planDetails_clerk.legacy.browser_4cfc30_5.79.1-canary.v20250801194113.min.js.br
- clerk-js/5.79.1-canary.v20250801194113/planDetails_clerk.legacy.browser_4cfc30_5.79.1-canary.v20250801194113.min.js.gz
- clerk-js/5.79.1-canary.v20250801194113/planDetails_clerk.legacy.browser_4cfc30_5.79.1-canary.v20250801194113.min.js.sri
- clerk-js/5.79.1-canary.v20250801194113/prefetchorganizationlist_clerk.browser_68b43e_5.79.1-canary.v20250801194113.js.br
- clerk-js/5.79.1-canary.v20250801194113/prefetchorganizationlist_clerk.browser_68b43e_5.79.1-canary.v20250801194113.js.gz
- clerk-js/5.79.1-canary.v20250801194113/prefetchorganizationlist_clerk.browser_68b43e_5.79.1-canary.v20250801194113.js.sri
- clerk-js/5.79.1-canary.v20250801194113/prefetchorganizationlist_clerk.browser_68b43e_5.79.1-canary.v20250801194113.min.js.br
- clerk-js/5.79.1-canary.v20250801194113/prefetchorganizationlist_clerk.browser_68b43e_5.79.1-canary.v20250801194113.min.js.gz
- clerk-js/5.79.1-canary.v20250801194113/prefetchorganizationlist_clerk.browser_68b43e_5.79.1-canary.v20250801194113.min.js.sri
- clerk-js/5.79.1-canary.v20250801194113/prefetchorganizationlist_clerk.chips.browser_d22ed5_5.79.1-canary.v20250801194113.js.br
- clerk-js/5.79.1-canary.v20250801194113/prefetchorganizationlist_clerk.chips.browser_d22ed5_5.79.1-canary.v20250801194113.js.gz
- clerk-js/5.79.1-canary.v20250801194113/prefetchorganizationlist_clerk.chips.browser_d22ed5_5.79.1-canary.v20250801194113.js.sri
- clerk-js/5.79.1-canary.v20250801194113/prefetchorganizationlist_clerk.chips.browser_d22ed5_5.79.1-canary.v20250801194113.min.js.br
- clerk-js/5.79.1-canary.v20250801194113/prefetchorganizationlist_clerk.chips.browser_d22ed5_5.79.1-canary.v20250801194113.min.js.gz
- clerk-js/5.79.1-canary.v20250801194113/prefetchorganizationlist_clerk.chips.browser_d22ed5_5.79.1-canary.v20250801194113.min.js.sri
- clerk-js/5.79.1-canary.v20250801194113/prefetchorganizationlist_clerk.legacy.browser_4cfc30_5.79.1-canary.v20250801194113.js.br
- clerk-js/5.79.1-canary.v20250801194113/prefetchorganizationlist_clerk.legacy.browser_4cfc30_5.79.1-canary.v20250801194113.js.gz
- clerk-js/5.79.1-canary.v20250801194113/prefetchorganizationlist_clerk.legacy.browser_4cfc30_5.79.1-canary.v20250801194113.js.sri
- clerk-js/5.79.1-canary.v20250801194113/prefetchorganizationlist_clerk.legacy.browser_4cfc30_5.79.1-canary.v20250801194113.min.js.br
- clerk-js/5.79.1-canary.v20250801194113/prefetchorganizationlist_clerk.legacy.browser_4cfc30_5.79.1-canary.v20250801194113.min.js.gz
- clerk-js/5.79.1-canary.v20250801194113/prefetchorganizationlist_clerk.legacy.browser_4cfc30_5.79.1-canary.v20250801194113.min.js.sri
- clerk-js/5.79.1-canary.v20250801194113/pricingTable_clerk.browser_68b43e_5.79.1-canary.v20250801194113.js.br
- clerk-js/5.79.1-canary.v20250801194113/pricingTable_clerk.browser_68b43e_5.79.1-canary.v20250801194113.js.gz
- clerk-js/5.79.1-canary.v20250801194113/pricingTable_clerk.browser_68b43e_5.79.1-canary.v20250801194113.js.sri
- clerk-js/5.79.1-canary.v20250801194113/pricingTable_clerk.browser_68b43e_5.79.1-canary.v20250801194113.min.js.br
- clerk-js/5.79.1-canary.v20250801194113/pricingTable_clerk.browser_68b43e_5.79.1-canary.v20250801194113.min.js.gz
- clerk-js/5.79.1-canary.v20250801194113/pricingTable_clerk.browser_68b43e_5.79.1-canary.v20250801194113.min.js.sri
- clerk-js/5.79.1-canary.v20250801194113/pricingTable_clerk.chips.browser_d22ed5_5.79.1-canary.v20250801194113.js.br
- clerk-js/5.79.1-canary.v20250801194113/pricingTable_clerk.chips.browser_d22ed5_5.79.1-canary.v20250801194113.js.gz
- clerk-js/5.79.1-canary.v20250801194113/pricingTable_clerk.chips.browser_d22ed5_5.79.1-canary.v20250801194113.js.sri
- clerk-js/5.79.1-canary.v20250801194113/pricingTable_clerk.chips.browser_d22ed5_5.79.1-canary.v20250801194113.min.js.br
- clerk-js/5.79.1-canary.v20250801194113/pricingTable_clerk.chips.browser_d22ed5_5.79.1-canary.v20250801194113.min.js.gz
- clerk-js/5.79.1-canary.v20250801194113/pricingTable_clerk.chips.browser_d22ed5_5.79.1-canary.v20250801194113.min.js.sri
- clerk-js/5.79.1-canary.v20250801194113/pricingTable_clerk.legacy.browser_4cfc30_5.79.1-canary.v20250801194113.js.br
- clerk-js/5.79.1-canary.v20250801194113/pricingTable_clerk.legacy.browser_4cfc30_5.79.1-canary.v20250801194113.js.gz
- clerk-js/5.79.1-canary.v20250801194113/pricingTable_clerk.legacy.browser_4cfc30_5.79.1-canary.v20250801194113.js.sri
- clerk-js/5.79.1-canary.v20250801194113/pricingTable_clerk.legacy.browser_4cfc30_5.79.1-canary.v20250801194113.min.js.br
- clerk-js/5.79.1-canary.v20250801194113/pricingTable_clerk.legacy.browser_4cfc30_5.79.1-canary.v20250801194113.min.js.gz
- clerk-js/5.79.1-canary.v20250801194113/pricingTable_clerk.legacy.browser_4cfc30_5.79.1-canary.v20250801194113.min.js.sri
- clerk-js/5.79.1-canary.v20250801194113/revoke-api-key-modal_clerk.browser_68b43e_5.79.1-canary.v20250801194113.js.br
- clerk-js/5.79.1-canary.v20250801194113/revoke-api-key-modal_clerk.browser_68b43e_5.79.1-canary.v20250801194113.js.gz
- clerk-js/5.79.1-canary.v20250801194113/revoke-api-key-modal_clerk.browser_68b43e_5.79.1-canary.v20250801194113.js.sri
- clerk-js/5.79.1-canary.v20250801194113/revoke-api-key-modal_clerk.browser_68b43e_5.79.1-canary.v20250801194113.min.js.br
- clerk-js/5.79.1-canary.v20250801194113/revoke-api-key-modal_clerk.browser_68b43e_5.79.1-canary.v20250801194113.min.js.gz
- clerk-js/5.79.1-canary.v20250801194113/revoke-api-key-modal_clerk.browser_68b43e_5.79.1-canary.v20250801194113.min.js.sri
- clerk-js/5.79.1-canary.v20250801194113/revoke-api-key-modal_clerk.chips.browser_d22ed5_5.79.1-canary.v20250801194113.js.br
- clerk-js/5.79.1-canary.v20250801194113/revoke-api-key-modal_clerk.chips.browser_d22ed5_5.79.1-canary.v20250801194113.js.gz
- clerk-js/5.79.1-canary.v20250801194113/revoke-api-key-modal_clerk.chips.browser_d22ed5_5.79.1-canary.v20250801194113.js.sri
- clerk-js/5.79.1-canary.v20250801194113/revoke-api-key-modal_clerk.chips.browser_d22ed5_5.79.1-canary.v20250801194113.min.js.br
- clerk-js/5.79.1-canary.v20250801194113/revoke-api-key-modal_clerk.chips.browser_d22ed5_5.79.1-canary.v20250801194113.min.js.gz
- clerk-js/5.79.1-canary.v20250801194113/revoke-api-key-modal_clerk.chips.browser_d22ed5_5.79.1-canary.v20250801194113.min.js.sri
- clerk-js/5.79.1-canary.v20250801194113/revoke-api-key-modal_clerk.legacy.browser_4cfc30_5.79.1-canary.v20250801194113.js.br
- clerk-js/5.79.1-canary.v20250801194113/revoke-api-key-modal_clerk.legacy.browser_4cfc30_5.79.1-canary.v20250801194113.js.gz
- clerk-js/5.79.1-canary.v20250801194113/revoke-api-key-modal_clerk.legacy.browser_4cfc30_5.79.1-canary.v20250801194113.js.sri
- clerk-js/5.79.1-canary.v20250801194113/revoke-api-key-modal_clerk.legacy.browser_4cfc30_5.79.1-canary.v20250801194113.min.js.br
- clerk-js/5.79.1-canary.v20250801194113/revoke-api-key-modal_clerk.legacy.browser_4cfc30_5.79.1-canary.v20250801194113.min.js.gz
- clerk-js/5.79.1-canary.v20250801194113/revoke-api-key-modal_clerk.legacy.browser_4cfc30_5.79.1-canary.v20250801194113.min.js.sri
- clerk-js/5.79.1-canary.v20250801194113/sessionTasks_clerk.browser_68b43e_5.79.1-canary.v20250801194113.js.br
- clerk-js/5.79.1-canary.v20250801194113/sessionTasks_clerk.browser_68b43e_5.79.1-canary.v20250801194113.js.gz
- clerk-js/5.79.1-canary.v20250801194113/sessionTasks_clerk.browser_68b43e_5.79.1-canary.v20250801194113.js.sri
- clerk-js/5.79.1-canary.v20250801194113/sessionTasks_clerk.browser_68b43e_5.79.1-canary.v20250801194113.min.js.br
- clerk-js/5.79.1-canary.v20250801194113/sessionTasks_clerk.browser_68b43e_5.79.1-canary.v20250801194113.min.js.gz
- clerk-js/5.79.1-canary.v20250801194113/sessionTasks_clerk.browser_68b43e_5.79.1-canary.v20250801194113.min.js.sri
- clerk-js/5.79.1-canary.v20250801194113/sessionTasks_clerk.chips.browser_d22ed5_5.79.1-canary.v20250801194113.js.br
- clerk-js/5.79.1-canary.v20250801194113/sessionTasks_clerk.chips.browser_d22ed5_5.79.1-canary.v20250801194113.js.gz
- clerk-js/5.79.1-canary.v20250801194113/sessionTasks_clerk.chips.browser_d22ed5_5.79.1-canary.v20250801194113.js.sri
- clerk-js/5.79.1-canary.v20250801194113/sessionTasks_clerk.chips.browser_d22ed5_5.79.1-canary.v20250801194113.min.js.br
- clerk-js/5.79.1-canary.v20250801194113/sessionTasks_clerk.chips.browser_d22ed5_5.79.1-canary.v20250801194113.min.js.gz
- clerk-js/5.79.1-canary.v20250801194113/sessionTasks_clerk.chips.browser_d22ed5_5.79.1-canary.v20250801194113.min.js.sri
- clerk-js/5.79.1-canary.v20250801194113/sessionTasks_clerk.legacy.browser_4cfc30_5.79.1-canary.v20250801194113.js.br
- clerk-js/5.79.1-canary.v20250801194113/sessionTasks_clerk.legacy.browser_4cfc30_5.79.1-canary.v20250801194113.js.gz
- clerk-js/5.79.1-canary.v20250801194113/sessionTasks_clerk.legacy.browser_4cfc30_5.79.1-canary.v20250801194113.js.sri
- clerk-js/5.79.1-canary.v20250801194113/sessionTasks_clerk.legacy.browser_4cfc30_5.79.1-canary.v20250801194113.min.js.br
- clerk-js/5.79.1-canary.v20250801194113/sessionTasks_clerk.legacy.browser_4cfc30_5.79.1-canary.v20250801194113.min.js.gz
- clerk-js/5.79.1-canary.v20250801194113/sessionTasks_clerk.legacy.browser_4cfc30_5.79.1-canary.v20250801194113.min.js.sri
- clerk-js/5.79.1-canary.v20250801194113/signin_clerk.browser_68b43e_5.79.1-canary.v20250801194113.js.br
- clerk-js/5.79.1-canary.v20250801194113/signin_clerk.browser_68b43e_5.79.1-canary.v20250801194113.js.gz
- clerk-js/5.79.1-canary.v20250801194113/signin_clerk.browser_68b43e_5.79.1-canary.v20250801194113.js.sri
- clerk-js/5.79.1-canary.v20250801194113/signin_clerk.browser_68b43e_5.79.1-canary.v20250801194113.min.js.br
- clerk-js/5.79.1-canary.v20250801194113/signin_clerk.browser_68b43e_5.79.1-canary.v20250801194113.min.js.gz
- clerk-js/5.79.1-canary.v20250801194113/signin_clerk.browser_68b43e_5.79.1-canary.v20250801194113.min.js.sri
- clerk-js/5.79.1-canary.v20250801194113/signin_clerk.chips.browser_d22ed5_5.79.1-canary.v20250801194113.js.br
- clerk-js/5.79.1-canary.v20250801194113/signin_clerk.chips.browser_d22ed5_5.79.1-canary.v20250801194113.js.gz
- clerk-js/5.79.1-canary.v20250801194113/signin_clerk.chips.browser_d22ed5_5.79.1-canary.v20250801194113.js.sri
- clerk-js/5.79.1-canary.v20250801194113/signin_clerk.chips.browser_d22ed5_5.79.1-canary.v20250801194113.min.js.br
- clerk-js/5.79.1-canary.v20250801194113/signin_clerk.chips.browser_d22ed5_5.79.1-canary.v20250801194113.min.js.gz
- clerk-js/5.79.1-canary.v20250801194113/signin_clerk.chips.browser_d22ed5_5.79.1-canary.v20250801194113.min.js.sri
- clerk-js/5.79.1-canary.v20250801194113/signin_clerk.legacy.browser_4cfc30_5.79.1-canary.v20250801194113.js.br
- clerk-js/5.79.1-canary.v20250801194113/signin_clerk.legacy.browser_4cfc30_5.79.1-canary.v20250801194113.js.gz
- clerk-js/5.79.1-canary.v20250801194113/signin_clerk.legacy.browser_4cfc30_5.79.1-canary.v20250801194113.js.sri
- clerk-js/5.79.1-canary.v20250801194113/signin_clerk.legacy.browser_4cfc30_5.79.1-canary.v20250801194113.min.js.br
- clerk-js/5.79.1-canary.v20250801194113/signin_clerk.legacy.browser_4cfc30_5.79.1-canary.v20250801194113.min.js.gz
- clerk-js/5.79.1-canary.v20250801194113/signin_clerk.legacy.browser_4cfc30_5.79.1-canary.v20250801194113.min.js.sri
- clerk-js/5.79.1-canary.v20250801194113/signup_clerk.browser_68b43e_5.79.1-canary.v20250801194113.js.br
- clerk-js/5.79.1-canary.v20250801194113/signup_clerk.browser_68b43e_5.79.1-canary.v20250801194113.js.gz
- clerk-js/5.79.1-canary.v20250801194113/signup_clerk.browser_68b43e_5.79.1-canary.v20250801194113.js.sri
- clerk-js/5.79.1-canary.v20250801194113/signup_clerk.browser_68b43e_5.79.1-canary.v20250801194113.min.js.br
- clerk-js/5.79.1-canary.v20250801194113/signup_clerk.browser_68b43e_5.79.1-canary.v20250801194113.min.js.gz
- clerk-js/5.79.1-canary.v20250801194113/signup_clerk.browser_68b43e_5.79.1-canary.v20250801194113.min.js.sri
- clerk-js/5.79.1-canary.v20250801194113/signup_clerk.chips.browser_d22ed5_5.79.1-canary.v20250801194113.js.br
- clerk-js/5.79.1-canary.v20250801194113/signup_clerk.chips.browser_d22ed5_5.79.1-canary.v20250801194113.js.gz
- clerk-js/5.79.1-canary.v20250801194113/signup_clerk.chips.browser_d22ed5_5.79.1-canary.v20250801194113.js.sri
- clerk-js/5.79.1-canary.v20250801194113/signup_clerk.chips.browser_d22ed5_5.79.1-canary.v20250801194113.min.js.br
- clerk-js/5.79.1-canary.v20250801194113/signup_clerk.chips.browser_d22ed5_5.79.1-canary.v20250801194113.min.js.gz
- clerk-js/5.79.1-canary.v20250801194113/signup_clerk.chips.browser_d22ed5_5.79.1-canary.v20250801194113.min.js.sri
- clerk-js/5.79.1-canary.v20250801194113/signup_clerk.legacy.browser_4cfc30_5.79.1-canary.v20250801194113.js.br
- clerk-js/5.79.1-canary.v20250801194113/signup_clerk.legacy.browser_4cfc30_5.79.1-canary.v20250801194113.js.gz
- clerk-js/5.79.1-canary.v20250801194113/signup_clerk.legacy.browser_4cfc30_5.79.1-canary.v20250801194113.js.sri
- clerk-js/5.79.1-canary.v20250801194113/signup_clerk.legacy.browser_4cfc30_5.79.1-canary.v20250801194113.min.js.br
- clerk-js/5.79.1-canary.v20250801194113/signup_clerk.legacy.browser_4cfc30_5.79.1-canary.v20250801194113.min.js.gz
- clerk-js/5.79.1-canary.v20250801194113/signup_clerk.legacy.browser_4cfc30_5.79.1-canary.v20250801194113.min.js.sri
- clerk-js/5.79.1-canary.v20250801194113/statement-page_clerk.browser_68b43e_5.79.1-canary.v20250801194113.js.br
- clerk-js/5.79.1-canary.v20250801194113/statement-page_clerk.browser_68b43e_5.79.1-canary.v20250801194113.js.gz
- clerk-js/5.79.1-canary.v20250801194113/statement-page_clerk.browser_68b43e_5.79.1-canary.v20250801194113.js.sri
- clerk-js/5.79.1-canary.v20250801194113/statement-page_clerk.browser_68b43e_5.79.1-canary.v20250801194113.min.js.br
- clerk-js/5.79.1-canary.v20250801194113/statement-page_clerk.browser_68b43e_5.79.1-canary.v20250801194113.min.js.gz
- clerk-js/5.79.1-canary.v20250801194113/statement-page_clerk.browser_68b43e_5.79.1-canary.v20250801194113.min.js.sri
- clerk-js/5.79.1-canary.v20250801194113/statement-page_clerk.chips.browser_d22ed5_5.79.1-canary.v20250801194113.js.br
- clerk-js/5.79.1-canary.v20250801194113/statement-page_clerk.chips.browser_d22ed5_5.79.1-canary.v20250801194113.js.gz
- clerk-js/5.79.1-canary.v20250801194113/statement-page_clerk.chips.browser_d22ed5_5.79.1-canary.v20250801194113.js.sri
- clerk-js/5.79.1-canary.v20250801194113/statement-page_clerk.chips.browser_d22ed5_5.79.1-canary.v20250801194113.min.js.br
- clerk-js/5.79.1-canary.v20250801194113/statement-page_clerk.chips.browser_d22ed5_5.79.1-canary.v20250801194113.min.js.gz
- clerk-js/5.79.1-canary.v20250801194113/statement-page_clerk.chips.browser_d22ed5_5.79.1-canary.v20250801194113.min.js.sri
- clerk-js/5.79.1-canary.v20250801194113/statement-page_clerk.legacy.browser_4cfc30_5.79.1-canary.v20250801194113.js.br
- clerk-js/5.79.1-canary.v20250801194113/statement-page_clerk.legacy.browser_4cfc30_5.79.1-canary.v20250801194113.js.gz
- clerk-js/5.79.1-canary.v20250801194113/statement-page_clerk.legacy.browser_4cfc30_5.79.1-canary.v20250801194113.js.sri
- clerk-js/5.79.1-canary.v20250801194113/statement-page_clerk.legacy.browser_4cfc30_5.79.1-canary.v20250801194113.min.js.br
- clerk-js/5.79.1-canary.v20250801194113/statement-page_clerk.legacy.browser_4cfc30_5.79.1-canary.v20250801194113.min.js.gz
- clerk-js/5.79.1-canary.v20250801194113/statement-page_clerk.legacy.browser_4cfc30_5.79.1-canary.v20250801194113.min.js.sri
- clerk-js/5.79.1-canary.v20250801194113/stripe-vendors_clerk.browser_68b43e_5.79.1-canary.v20250801194113.js.br
- clerk-js/5.79.1-canary.v20250801194113/stripe-vendors_clerk.browser_68b43e_5.79.1-canary.v20250801194113.js.gz
- clerk-js/5.79.1-canary.v20250801194113/stripe-vendors_clerk.browser_68b43e_5.79.1-canary.v20250801194113.js.sri
- clerk-js/5.79.1-canary.v20250801194113/stripe-vendors_clerk.browser_68b43e_5.79.1-canary.v20250801194113.min.js.br
- clerk-js/5.79.1-canary.v20250801194113/stripe-vendors_clerk.browser_68b43e_5.79.1-canary.v20250801194113.min.js.gz
- clerk-js/5.79.1-canary.v20250801194113/stripe-vendors_clerk.browser_68b43e_5.79.1-canary.v20250801194113.min.js.sri
- clerk-js/5.79.1-canary.v20250801194113/stripe-vendors_clerk.chips.browser_d22ed5_5.79.1-canary.v20250801194113.js.br
- clerk-js/5.79.1-canary.v20250801194113/stripe-vendors_clerk.chips.browser_d22ed5_5.79.1-canary.v20250801194113.js.gz
- clerk-js/5.79.1-canary.v20250801194113/stripe-vendors_clerk.chips.browser_d22ed5_5.79.1-canary.v20250801194113.js.sri
- clerk-js/5.79.1-canary.v20250801194113/stripe-vendors_clerk.chips.browser_d22ed5_5.79.1-canary.v20250801194113.min.js.br
- clerk-js/5.79.1-canary.v20250801194113/stripe-vendors_clerk.chips.browser_d22ed5_5.79.1-canary.v20250801194113.min.js.gz
- clerk-js/5.79.1-canary.v20250801194113/stripe-vendors_clerk.chips.browser_d22ed5_5.79.1-canary.v20250801194113.min.js.sri
- clerk-js/5.79.1-canary.v20250801194113/stripe-vendors_clerk.headless.browser_b6bff5_5.79.1-canary.v20250801194113.js.br
- clerk-js/5.79.1-canary.v20250801194113/stripe-vendors_clerk.headless.browser_b6bff5_5.79.1-canary.v20250801194113.js.gz
- clerk-js/5.79.1-canary.v20250801194113/stripe-vendors_clerk.headless.browser_b6bff5_5.79.1-canary.v20250801194113.js.sri
- clerk-js/5.79.1-canary.v20250801194113/stripe-vendors_clerk.headless.browser_b6bff5_5.79.1-canary.v20250801194113.min.js.br
- clerk-js/5.79.1-canary.v20250801194113/stripe-vendors_clerk.headless.browser_b6bff5_5.79.1-canary.v20250801194113.min.js.gz
- clerk-js/5.79.1-canary.v20250801194113/stripe-vendors_clerk.headless.browser_b6bff5_5.79.1-canary.v20250801194113.min.js.sri
- clerk-js/5.79.1-canary.v20250801194113/stripe-vendors_clerk.legacy.browser_4cfc30_5.79.1-canary.v20250801194113.js.br
- clerk-js/5.79.1-canary.v20250801194113/stripe-vendors_clerk.legacy.browser_4cfc30_5.79.1-canary.v20250801194113.js.gz
- clerk-js/5.79.1-canary.v20250801194113/stripe-vendors_clerk.legacy.browser_4cfc30_5.79.1-canary.v20250801194113.js.sri
- clerk-js/5.79.1-canary.v20250801194113/stripe-vendors_clerk.legacy.browser_4cfc30_5.79.1-canary.v20250801194113.min.js.br
- clerk-js/5.79.1-canary.v20250801194113/stripe-vendors_clerk.legacy.browser_4cfc30_5.79.1-canary.v20250801194113.min.js.gz
- clerk-js/5.79.1-canary.v20250801194113/stripe-vendors_clerk.legacy.browser_4cfc30_5.79.1-canary.v20250801194113.min.js.sri
- clerk-js/5.79.1-canary.v20250801194113/subscriptionDetails_clerk.browser_68b43e_5.79.1-canary.v20250801194113.js.br
- clerk-js/5.79.1-canary.v20250801194113/subscriptionDetails_clerk.browser_68b43e_5.79.1-canary.v20250801194113.js.gz
- clerk-js/5.79.1-canary.v20250801194113/subscriptionDetails_clerk.browser_68b43e_5.79.1-canary.v20250801194113.js.sri
- clerk-js/5.79.1-canary.v20250801194113/subscriptionDetails_clerk.browser_68b43e_5.79.1-canary.v20250801194113.min.js.br
- clerk-js/5.79.1-canary.v20250801194113/subscriptionDetails_clerk.browser_68b43e_5.79.1-canary.v20250801194113.min.js.gz
- clerk-js/5.79.1-canary.v20250801194113/subscriptionDetails_clerk.browser_68b43e_5.79.1-canary.v20250801194113.min.js.sri
- clerk-js/5.79.1-canary.v20250801194113/subscriptionDetails_clerk.chips.browser_d22ed5_5.79.1-canary.v20250801194113.js.br
- clerk-js/5.79.1-canary.v20250801194113/subscriptionDetails_clerk.chips.browser_d22ed5_5.79.1-canary.v20250801194113.js.gz
- clerk-js/5.79.1-canary.v20250801194113/subscriptionDetails_clerk.chips.browser_d22ed5_5.79.1-canary.v20250801194113.js.sri
- clerk-js/5.79.1-canary.v20250801194113/subscriptionDetails_clerk.chips.browser_d22ed5_5.79.1-canary.v20250801194113.min.js.br
- clerk-js/5.79.1-canary.v20250801194113/subscriptionDetails_clerk.chips.browser_d22ed5_5.79.1-canary.v20250801194113.min.js.gz
- clerk-js/5.79.1-canary.v20250801194113/subscriptionDetails_clerk.chips.browser_d22ed5_5.79.1-canary.v20250801194113.min.js.sri
- clerk-js/5.79.1-canary.v20250801194113/subscriptionDetails_clerk.legacy.browser_4cfc30_5.79.1-canary.v20250801194113.js.br
- clerk-js/5.79.1-canary.v20250801194113/subscriptionDetails_clerk.legacy.browser_4cfc30_5.79.1-canary.v20250801194113.js.gz
- clerk-js/5.79.1-canary.v20250801194113/subscriptionDetails_clerk.legacy.browser_4cfc30_5.79.1-canary.v20250801194113.js.sri
- clerk-js/5.79.1-canary.v20250801194113/subscriptionDetails_clerk.legacy.browser_4cfc30_5.79.1-canary.v20250801194113.min.js.br
- clerk-js/5.79.1-canary.v20250801194113/subscriptionDetails_clerk.legacy.browser_4cfc30_5.79.1-canary.v20250801194113.min.js.gz
- clerk-js/5.79.1-canary.v20250801194113/subscriptionDetails_clerk.legacy.browser_4cfc30_5.79.1-canary.v20250801194113.min.js.sri
- clerk-js/5.79.1-canary.v20250801194113/taskSelectOrganization_clerk.browser_68b43e_5.79.1-canary.v20250801194113.js.br
- clerk-js/5.79.1-canary.v20250801194113/taskSelectOrganization_clerk.browser_68b43e_5.79.1-canary.v20250801194113.js.gz
- clerk-js/5.79.1-canary.v20250801194113/taskSelectOrganization_clerk.browser_68b43e_5.79.1-canary.v20250801194113.js.sri
- clerk-js/5.79.1-canary.v20250801194113/taskSelectOrganization_clerk.browser_68b43e_5.79.1-canary.v20250801194113.min.js.br
- clerk-js/5.79.1-canary.v20250801194113/taskSelectOrganization_clerk.browser_68b43e_5.79.1-canary.v20250801194113.min.js.gz
- clerk-js/5.79.1-canary.v20250801194113/taskSelectOrganization_clerk.browser_68b43e_5.79.1-canary.v20250801194113.min.js.sri
- clerk-js/5.79.1-canary.v20250801194113/taskSelectOrganization_clerk.chips.browser_d22ed5_5.79.1-canary.v20250801194113.js.br
- clerk-js/5.79.1-canary.v20250801194113/taskSelectOrganization_clerk.chips.browser_d22ed5_5.79.1-canary.v20250801194113.js.gz
- clerk-js/5.79.1-canary.v20250801194113/taskSelectOrganization_clerk.chips.browser_d22ed5_5.79.1-canary.v20250801194113.js.sri
- clerk-js/5.79.1-canary.v20250801194113/taskSelectOrganization_clerk.chips.browser_d22ed5_5.79.1-canary.v20250801194113.min.js.br
- clerk-js/5.79.1-canary.v20250801194113/taskSelectOrganization_clerk.chips.browser_d22ed5_5.79.1-canary.v20250801194113.min.js.gz
- clerk-js/5.79.1-canary.v20250801194113/taskSelectOrganization_clerk.chips.browser_d22ed5_5.79.1-canary.v20250801194113.min.js.sri
- clerk-js/5.79.1-canary.v20250801194113/taskSelectOrganization_clerk.legacy.browser_4cfc30_5.79.1-canary.v20250801194113.js.br
- clerk-js/5.79.1-canary.v20250801194113/taskSelectOrganization_clerk.legacy.browser_4cfc30_5.79.1-canary.v20250801194113.js.gz
- clerk-js/5.79.1-canary.v20250801194113/taskSelectOrganization_clerk.legacy.browser_4cfc30_5.79.1-canary.v20250801194113.js.sri
- clerk-js/5.79.1-canary.v20250801194113/taskSelectOrganization_clerk.legacy.browser_4cfc30_5.79.1-canary.v20250801194113.min.js.br
- clerk-js/5.79.1-canary.v20250801194113/taskSelectOrganization_clerk.legacy.browser_4cfc30_5.79.1-canary.v20250801194113.min.js.gz
- clerk-js/5.79.1-canary.v20250801194113/taskSelectOrganization_clerk.legacy.browser_4cfc30_5.79.1-canary.v20250801194113.min.js.sri
- clerk-js/5.79.1-canary.v20250801194113/ui-common_clerk.browser_68b43e_5.79.1-canary.v20250801194113.js.br
- clerk-js/5.79.1-canary.v20250801194113/ui-common_clerk.browser_68b43e_5.79.1-canary.v20250801194113.js.gz
- clerk-js/5.79.1-canary.v20250801194113/ui-common_clerk.browser_68b43e_5.79.1-canary.v20250801194113.js.sri
- clerk-js/5.79.1-canary.v20250801194113/ui-common_clerk.browser_68b43e_5.79.1-canary.v20250801194113.min.js.br
- clerk-js/5.79.1-canary.v20250801194113/ui-common_clerk.browser_68b43e_5.79.1-canary.v20250801194113.min.js.gz
- clerk-js/5.79.1-canary.v20250801194113/ui-common_clerk.browser_68b43e_5.79.1-canary.v20250801194113.min.js.sri
- clerk-js/5.79.1-canary.v20250801194113/ui-common_clerk.chips.browser_d22ed5_5.79.1-canary.v20250801194113.js.br
- clerk-js/5.79.1-canary.v20250801194113/ui-common_clerk.chips.browser_d22ed5_5.79.1-canary.v20250801194113.js.gz
- clerk-js/5.79.1-canary.v20250801194113/ui-common_clerk.chips.browser_d22ed5_5.79.1-canary.v20250801194113.js.sri
- clerk-js/5.79.1-canary.v20250801194113/ui-common_clerk.chips.browser_d22ed5_5.79.1-canary.v20250801194113.min.js.br
- clerk-js/5.79.1-canary.v20250801194113/ui-common_clerk.chips.browser_d22ed5_5.79.1-canary.v20250801194113.min.js.gz
- clerk-js/5.79.1-canary.v20250801194113/ui-common_clerk.chips.browser_d22ed5_5.79.1-canary.v20250801194113.min.js.sri
- clerk-js/5.79.1-canary.v20250801194113/ui-common_clerk.legacy.browser_4cfc30_5.79.1-canary.v20250801194113.js.br
- clerk-js/5.79.1-canary.v20250801194113/ui-common_clerk.legacy.browser_4cfc30_5.79.1-canary.v20250801194113.js.gz
- clerk-js/5.79.1-canary.v20250801194113/ui-common_clerk.legacy.browser_4cfc30_5.79.1-canary.v20250801194113.js.sri
- clerk-js/5.79.1-canary.v20250801194113/ui-common_clerk.legacy.browser_4cfc30_5.79.1-canary.v20250801194113.min.js.br
- clerk-js/5.79.1-canary.v20250801194113/ui-common_clerk.legacy.browser_4cfc30_5.79.1-canary.v20250801194113.min.js.gz
- clerk-js/5.79.1-canary.v20250801194113/ui-common_clerk.legacy.browser_4cfc30_5.79.1-canary.v20250801194113.min.js.sri
- clerk-js/5.79.1-canary.v20250801194113/up-api-keys-page_clerk.browser_68b43e_5.79.1-canary.v20250801194113.js.br
- clerk-js/5.79.1-canary.v20250801194113/up-api-keys-page_clerk.browser_68b43e_5.79.1-canary.v20250801194113.js.gz
- clerk-js/5.79.1-canary.v20250801194113/up-api-keys-page_clerk.browser_68b43e_5.79.1-canary.v20250801194113.js.sri
- clerk-js/5.79.1-canary.v20250801194113/up-api-keys-page_clerk.browser_68b43e_5.79.1-canary.v20250801194113.min.js.br
- clerk-js/5.79.1-canary.v20250801194113/up-api-keys-page_clerk.browser_68b43e_5.79.1-canary.v20250801194113.min.js.gz
- clerk-js/5.79.1-canary.v20250801194113/up-api-keys-page_clerk.browser_68b43e_5.79.1-canary.v20250801194113.min.js.sri
- clerk-js/5.79.1-canary.v20250801194113/up-api-keys-page_clerk.chips.browser_d22ed5_5.79.1-canary.v20250801194113.js.br
- clerk-js/5.79.1-canary.v20250801194113/up-api-keys-page_clerk.chips.browser_d22ed5_5.79.1-canary.v20250801194113.js.gz
- clerk-js/5.79.1-canary.v20250801194113/up-api-keys-page_clerk.chips.browser_d22ed5_5.79.1-canary.v20250801194113.js.sri
- clerk-js/5.79.1-canary.v20250801194113/up-api-keys-page_clerk.chips.browser_d22ed5_5.79.1-canary.v20250801194113.min.js.br
- clerk-js/5.79.1-canary.v20250801194113/up-api-keys-page_clerk.chips.browser_d22ed5_5.79.1-canary.v20250801194113.min.js.gz
- clerk-js/5.79.1-canary.v20250801194113/up-api-keys-page_clerk.chips.browser_d22ed5_5.79.1-canary.v20250801194113.min.js.sri
- clerk-js/5.79.1-canary.v20250801194113/up-api-keys-page_clerk.legacy.browser_4cfc30_5.79.1-canary.v20250801194113.js.br
- clerk-js/5.79.1-canary.v20250801194113/up-api-keys-page_clerk.legacy.browser_4cfc30_5.79.1-canary.v20250801194113.js.gz
- clerk-js/5.79.1-canary.v20250801194113/up-api-keys-page_clerk.legacy.browser_4cfc30_5.79.1-canary.v20250801194113.js.sri
- clerk-js/5.79.1-canary.v20250801194113/up-api-keys-page_clerk.legacy.browser_4cfc30_5.79.1-canary.v20250801194113.min.js.br
- clerk-js/5.79.1-canary.v20250801194113/up-api-keys-page_clerk.legacy.browser_4cfc30_5.79.1-canary.v20250801194113.min.js.gz
- clerk-js/5.79.1-canary.v20250801194113/up-api-keys-page_clerk.legacy.browser_4cfc30_5.79.1-canary.v20250801194113.min.js.sri
- clerk-js/5.79.1-canary.v20250801194113/up-billing-page_clerk.browser_68b43e_5.79.1-canary.v20250801194113.js.br
- clerk-js/5.79.1-canary.v20250801194113/up-billing-page_clerk.browser_68b43e_5.79.1-canary.v20250801194113.js.gz
- clerk-js/5.79.1-canary.v20250801194113/up-billing-page_clerk.browser_68b43e_5.79.1-canary.v20250801194113.js.sri
- clerk-js/5.79.1-canary.v20250801194113/up-billing-page_clerk.browser_68b43e_5.79.1-canary.v20250801194113.min.js.br
- clerk-js/5.79.1-canary.v20250801194113/up-billing-page_clerk.browser_68b43e_5.79.1-canary.v20250801194113.min.js.gz
- clerk-js/5.79.1-canary.v20250801194113/up-billing-page_clerk.browser_68b43e_5.79.1-canary.v20250801194113.min.js.sri
- clerk-js/5.79.1-canary.v20250801194113/up-billing-page_clerk.chips.browser_d22ed5_5.79.1-canary.v20250801194113.js.br
- clerk-js/5.79.1-canary.v20250801194113/up-billing-page_clerk.chips.browser_d22ed5_5.79.1-canary.v20250801194113.js.gz
- clerk-js/5.79.1-canary.v20250801194113/up-billing-page_clerk.chips.browser_d22ed5_5.79.1-canary.v20250801194113.js.sri
- clerk-js/5.79.1-canary.v20250801194113/up-billing-page_clerk.chips.browser_d22ed5_5.79.1-canary.v20250801194113.min.js.br
- clerk-js/5.79.1-canary.v20250801194113/up-billing-page_clerk.chips.browser_d22ed5_5.79.1-canary.v20250801194113.min.js.gz
- clerk-js/5.79.1-canary.v20250801194113/up-billing-page_clerk.chips.browser_d22ed5_5.79.1-canary.v20250801194113.min.js.sri
- clerk-js/5.79.1-canary.v20250801194113/up-billing-page_clerk.legacy.browser_4cfc30_5.79.1-canary.v20250801194113.js.br
- clerk-js/5.79.1-canary.v20250801194113/up-billing-page_clerk.legacy.browser_4cfc30_5.79.1-canary.v20250801194113.js.gz
- clerk-js/5.79.1-canary.v20250801194113/up-billing-page_clerk.legacy.browser_4cfc30_5.79.1-canary.v20250801194113.js.sri
- clerk-js/5.79.1-canary.v20250801194113/up-billing-page_clerk.legacy.browser_4cfc30_5.79.1-canary.v20250801194113.min.js.br
- clerk-js/5.79.1-canary.v20250801194113/up-billing-page_clerk.legacy.browser_4cfc30_5.79.1-canary.v20250801194113.min.js.gz
- clerk-js/5.79.1-canary.v20250801194113/up-billing-page_clerk.legacy.browser_4cfc30_5.79.1-canary.v20250801194113.min.js.sri
- clerk-js/5.79.1-canary.v20250801194113/up-plans-page_clerk.browser_68b43e_5.79.1-canary.v20250801194113.js.br
- clerk-js/5.79.1-canary.v20250801194113/up-plans-page_clerk.browser_68b43e_5.79.1-canary.v20250801194113.js.gz
- clerk-js/5.79.1-canary.v20250801194113/up-plans-page_clerk.browser_68b43e_5.79.1-canary.v20250801194113.js.sri
- clerk-js/5.79.1-canary.v20250801194113/up-plans-page_clerk.browser_68b43e_5.79.1-canary.v20250801194113.min.js.br
- clerk-js/5.79.1-canary.v20250801194113/up-plans-page_clerk.browser_68b43e_5.79.1-canary.v20250801194113.min.js.gz
- clerk-js/5.79.1-canary.v20250801194113/up-plans-page_clerk.browser_68b43e_5.79.1-canary.v20250801194113.min.js.sri
- clerk-js/5.79.1-canary.v20250801194113/up-plans-page_clerk.chips.browser_d22ed5_5.79.1-canary.v20250801194113.js.br
- clerk-js/5.79.1-canary.v20250801194113/up-plans-page_clerk.chips.browser_d22ed5_5.79.1-canary.v20250801194113.js.gz
- clerk-js/5.79.1-canary.v20250801194113/up-plans-page_clerk.chips.browser_d22ed5_5.79.1-canary.v20250801194113.js.sri
- clerk-js/5.79.1-canary.v20250801194113/up-plans-page_clerk.chips.browser_d22ed5_5.79.1-canary.v20250801194113.min.js.br
- clerk-js/5.79.1-canary.v20250801194113/up-plans-page_clerk.chips.browser_d22ed5_5.79.1-canary.v20250801194113.min.js.gz
- clerk-js/5.79.1-canary.v20250801194113/up-plans-page_clerk.chips.browser_d22ed5_5.79.1-canary.v20250801194113.min.js.sri
- clerk-js/5.79.1-canary.v20250801194113/up-plans-page_clerk.legacy.browser_4cfc30_5.79.1-canary.v20250801194113.js.br
- clerk-js/5.79.1-canary.v20250801194113/up-plans-page_clerk.legacy.browser_4cfc30_5.79.1-canary.v20250801194113.js.gz
- clerk-js/5.79.1-canary.v20250801194113/up-plans-page_clerk.legacy.browser_4cfc30_5.79.1-canary.v20250801194113.js.sri
- clerk-js/5.79.1-canary.v20250801194113/up-plans-page_clerk.legacy.browser_4cfc30_5.79.1-canary.v20250801194113.min.js.br
- clerk-js/5.79.1-canary.v20250801194113/up-plans-page_clerk.legacy.browser_4cfc30_5.79.1-canary.v20250801194113.min.js.gz
- clerk-js/5.79.1-canary.v20250801194113/up-plans-page_clerk.legacy.browser_4cfc30_5.79.1-canary.v20250801194113.min.js.sri
- clerk-js/5.79.1-canary.v20250801194113/userbutton_clerk.browser_68b43e_5.79.1-canary.v20250801194113.js.br
- clerk-js/5.79.1-canary.v20250801194113/userbutton_clerk.browser_68b43e_5.79.1-canary.v20250801194113.js.gz
- clerk-js/5.79.1-canary.v20250801194113/userbutton_clerk.browser_68b43e_5.79.1-canary.v20250801194113.js.sri
- clerk-js/5.79.1-canary.v20250801194113/userbutton_clerk.browser_68b43e_5.79.1-canary.v20250801194113.min.js.br
- clerk-js/5.79.1-canary.v20250801194113/userbutton_clerk.browser_68b43e_5.79.1-canary.v20250801194113.min.js.gz
- clerk-js/5.79.1-canary.v20250801194113/userbutton_clerk.browser_68b43e_5.79.1-canary.v20250801194113.min.js.sri
- clerk-js/5.79.1-canary.v20250801194113/userbutton_clerk.chips.browser_d22ed5_5.79.1-canary.v20250801194113.js.br
- clerk-js/5.79.1-canary.v20250801194113/userbutton_clerk.chips.browser_d22ed5_5.79.1-canary.v20250801194113.js.gz
- clerk-js/5.79.1-canary.v20250801194113/userbutton_clerk.chips.browser_d22ed5_5.79.1-canary.v20250801194113.js.sri
- clerk-js/5.79.1-canary.v20250801194113/userbutton_clerk.chips.browser_d22ed5_5.79.1-canary.v20250801194113.min.js.br
- clerk-js/5.79.1-canary.v20250801194113/userbutton_clerk.chips.browser_d22ed5_5.79.1-canary.v20250801194113.min.js.gz
- clerk-js/5.79.1-canary.v20250801194113/userbutton_clerk.chips.browser_d22ed5_5.79.1-canary.v20250801194113.min.js.sri
- clerk-js/5.79.1-canary.v20250801194113/userbutton_clerk.legacy.browser_4cfc30_5.79.1-canary.v20250801194113.js.br
- clerk-js/5.79.1-canary.v20250801194113/userbutton_clerk.legacy.browser_4cfc30_5.79.1-canary.v20250801194113.js.gz
- clerk-js/5.79.1-canary.v20250801194113/userbutton_clerk.legacy.browser_4cfc30_5.79.1-canary.v20250801194113.js.sri
- clerk-js/5.79.1-canary.v20250801194113/userbutton_clerk.legacy.browser_4cfc30_5.79.1-canary.v20250801194113.min.js.br
- clerk-js/5.79.1-canary.v20250801194113/userbutton_clerk.legacy.browser_4cfc30_5.79.1-canary.v20250801194113.min.js.gz
- clerk-js/5.79.1-canary.v20250801194113/userbutton_clerk.legacy.browser_4cfc30_5.79.1-canary.v20250801194113.min.js.sri
- clerk-js/5.79.1-canary.v20250801194113/userprofile_clerk.browser_68b43e_5.79.1-canary.v20250801194113.js.br
- clerk-js/5.79.1-canary.v20250801194113/userprofile_clerk.browser_68b43e_5.79.1-canary.v20250801194113.js.gz
- clerk-js/5.79.1-canary.v20250801194113/userprofile_clerk.browser_68b43e_5.79.1-canary.v20250801194113.js.sri
- clerk-js/5.79.1-canary.v20250801194113/userprofile_clerk.browser_68b43e_5.79.1-canary.v20250801194113.min.js.br
- clerk-js/5.79.1-canary.v20250801194113/userprofile_clerk.browser_68b43e_5.79.1-canary.v20250801194113.min.js.gz
- clerk-js/5.79.1-canary.v20250801194113/userprofile_clerk.browser_68b43e_5.79.1-canary.v20250801194113.min.js.sri
- clerk-js/5.79.1-canary.v20250801194113/userprofile_clerk.chips.browser_d22ed5_5.79.1-canary.v20250801194113.js.br
- clerk-js/5.79.1-canary.v20250801194113/userprofile_clerk.chips.browser_d22ed5_5.79.1-canary.v20250801194113.js.gz
- clerk-js/5.79.1-canary.v20250801194113/userprofile_clerk.chips.browser_d22ed5_5.79.1-canary.v20250801194113.js.sri
- clerk-js/5.79.1-canary.v20250801194113/userprofile_clerk.chips.browser_d22ed5_5.79.1-canary.v20250801194113.min.js.br
- clerk-js/5.79.1-canary.v20250801194113/userprofile_clerk.chips.browser_d22ed5_5.79.1-canary.v20250801194113.min.js.gz
- clerk-js/5.79.1-canary.v20250801194113/userprofile_clerk.chips.browser_d22ed5_5.79.1-canary.v20250801194113.min.js.sri
- clerk-js/5.79.1-canary.v20250801194113/userprofile_clerk.legacy.browser_4cfc30_5.79.1-canary.v20250801194113.js.br
- clerk-js/5.79.1-canary.v20250801194113/userprofile_clerk.legacy.browser_4cfc30_5.79.1-canary.v20250801194113.js.gz
- clerk-js/5.79.1-canary.v20250801194113/userprofile_clerk.legacy.browser_4cfc30_5.79.1-canary.v20250801194113.js.sri
- clerk-js/5.79.1-canary.v20250801194113/userprofile_clerk.legacy.browser_4cfc30_5.79.1-canary.v20250801194113.min.js.br
- clerk-js/5.79.1-canary.v20250801194113/userprofile_clerk.legacy.browser_4cfc30_5.79.1-canary.v20250801194113.min.js.gz
- clerk-js/5.79.1-canary.v20250801194113/userprofile_clerk.legacy.browser_4cfc30_5.79.1-canary.v20250801194113.min.js.sri
- clerk-js/5.79.1-canary.v20250801194113/userverification_clerk.browser_68b43e_5.79.1-canary.v20250801194113.js.br
- clerk-js/5.79.1-canary.v20250801194113/userverification_clerk.browser_68b43e_5.79.1-canary.v20250801194113.js.gz
- clerk-js/5.79.1-canary.v20250801194113/userverification_clerk.browser_68b43e_5.79.1-canary.v20250801194113.js.sri
- clerk-js/5.79.1-canary.v20250801194113/userverification_clerk.browser_68b43e_5.79.1-canary.v20250801194113.min.js.br
- clerk-js/5.79.1-canary.v20250801194113/userverification_clerk.browser_68b43e_5.79.1-canary.v20250801194113.min.js.gz
- clerk-js/5.79.1-canary.v20250801194113/userverification_clerk.browser_68b43e_5.79.1-canary.v20250801194113.min.js.sri
- clerk-js/5.79.1-canary.v20250801194113/userverification_clerk.chips.browser_d22ed5_5.79.1-canary.v20250801194113.js.br
- clerk-js/5.79.1-canary.v20250801194113/userverification_clerk.chips.browser_d22ed5_5.79.1-canary.v20250801194113.js.gz
- clerk-js/5.79.1-canary.v20250801194113/userverification_clerk.chips.browser_d22ed5_5.79.1-canary.v20250801194113.js.sri
- clerk-js/5.79.1-canary.v20250801194113/userverification_clerk.chips.browser_d22ed5_5.79.1-canary.v20250801194113.min.js.br
- clerk-js/5.79.1-canary.v20250801194113/userverification_clerk.chips.browser_d22ed5_5.79.1-canary.v20250801194113.min.js.gz
- clerk-js/5.79.1-canary.v20250801194113/userverification_clerk.chips.browser_d22ed5_5.79.1-canary.v20250801194113.min.js.sri
- clerk-js/5.79.1-canary.v20250801194113/userverification_clerk.legacy.browser_4cfc30_5.79.1-canary.v20250801194113.js.br
- clerk-js/5.79.1-canary.v20250801194113/userverification_clerk.legacy.browser_4cfc30_5.79.1-canary.v20250801194113.js.gz
- clerk-js/5.79.1-canary.v20250801194113/userverification_clerk.legacy.browser_4cfc30_5.79.1-canary.v20250801194113.js.sri
- clerk-js/5.79.1-canary.v20250801194113/userverification_clerk.legacy.browser_4cfc30_5.79.1-canary.v20250801194113.min.js.br
- clerk-js/5.79.1-canary.v20250801194113/userverification_clerk.legacy.browser_4cfc30_5.79.1-canary.v20250801194113.min.js.gz
- clerk-js/5.79.1-canary.v20250801194113/userverification_clerk.legacy.browser_4cfc30_5.79.1-canary.v20250801194113.min.js.sri
- clerk-js/5.79.1-canary.v20250801194113/vendors_clerk.browser_68b43e_5.79.1-canary.v20250801194113.js.br
- clerk-js/5.79.1-canary.v20250801194113/vendors_clerk.browser_68b43e_5.79.1-canary.v20250801194113.js.gz
- clerk-js/5.79.1-canary.v20250801194113/vendors_clerk.browser_68b43e_5.79.1-canary.v20250801194113.js.sri
- clerk-js/5.79.1-canary.v20250801194113/vendors_clerk.browser_68b43e_5.79.1-canary.v20250801194113.min.js.br
- clerk-js/5.79.1-canary.v20250801194113/vendors_clerk.browser_68b43e_5.79.1-canary.v20250801194113.min.js.gz
- clerk-js/5.79.1-canary.v20250801194113/vendors_clerk.browser_68b43e_5.79.1-canary.v20250801194113.min.js.sri
- clerk-js/5.79.1-canary.v20250801194113/vendors_clerk.chips.browser_d22ed5_5.79.1-canary.v20250801194113.js.br
- clerk-js/5.79.1-canary.v20250801194113/vendors_clerk.chips.browser_d22ed5_5.79.1-canary.v20250801194113.js.gz
- clerk-js/5.79.1-canary.v20250801194113/vendors_clerk.chips.browser_d22ed5_5.79.1-canary.v20250801194113.js.sri
- clerk-js/5.79.1-canary.v20250801194113/vendors_clerk.chips.browser_d22ed5_5.79.1-canary.v20250801194113.min.js.br
- clerk-js/5.79.1-canary.v20250801194113/vendors_clerk.chips.browser_d22ed5_5.79.1-canary.v20250801194113.min.js.gz
- clerk-js/5.79.1-canary.v20250801194113/vendors_clerk.chips.browser_d22ed5_5.79.1-canary.v20250801194113.min.js.sri
- clerk-js/5.79.1-canary.v20250801194113/vendors_clerk.headless.browser_b6bff5_5.79.1-canary.v20250801194113.js.br
- clerk-js/5.79.1-canary.v20250801194113/vendors_clerk.headless.browser_b6bff5_5.79.1-canary.v20250801194113.js.gz
- clerk-js/5.79.1-canary.v20250801194113/vendors_clerk.headless.browser_b6bff5_5.79.1-canary.v20250801194113.js.sri
- clerk-js/5.79.1-canary.v20250801194113/vendors_clerk.headless.browser_b6bff5_5.79.1-canary.v20250801194113.min.js.br
- clerk-js/5.79.1-canary.v20250801194113/vendors_clerk.headless.browser_b6bff5_5.79.1-canary.v20250801194113.min.js.gz
- clerk-js/5.79.1-canary.v20250801194113/vendors_clerk.headless.browser_b6bff5_5.79.1-canary.v20250801194113.min.js.sri
- clerk-js/5.79.1-canary.v20250801194113/vendors_clerk.legacy.browser_4cfc30_5.79.1-canary.v20250801194113.js.br
- clerk-js/5.79.1-canary.v20250801194113/vendors_clerk.legacy.browser_4cfc30_5.79.1-canary.v20250801194113.js.gz
- clerk-js/5.79.1-canary.v20250801194113/vendors_clerk.legacy.browser_4cfc30_5.79.1-canary.v20250801194113.js.sri
- clerk-js/5.79.1-canary.v20250801194113/vendors_clerk.legacy.browser_4cfc30_5.79.1-canary.v20250801194113.min.js.br
- clerk-js/5.79.1-canary.v20250801194113/vendors_clerk.legacy.browser_4cfc30_5.79.1-canary.v20250801194113.min.js.gz
- clerk-js/5.79.1-canary.v20250801194113/vendors_clerk.legacy.browser_4cfc30_5.79.1-canary.v20250801194113.min.js.sri
- clerk-js/5.79.1-canary.v20250801194113/waitlist_clerk.browser_68b43e_5.79.1-canary.v20250801194113.js.br
- clerk-js/5.79.1-canary.v20250801194113/waitlist_clerk.browser_68b43e_5.79.1-canary.v20250801194113.js.gz
- clerk-js/5.79.1-canary.v20250801194113/waitlist_clerk.browser_68b43e_5.79.1-canary.v20250801194113.js.sri
- clerk-js/5.79.1-canary.v20250801194113/waitlist_clerk.browser_68b43e_5.79.1-canary.v20250801194113.min.js.br
- clerk-js/5.79.1-canary.v20250801194113/waitlist_clerk.browser_68b43e_5.79.1-canary.v20250801194113.min.js.gz
- clerk-js/5.79.1-canary.v20250801194113/waitlist_clerk.browser_68b43e_5.79.1-canary.v20250801194113.min.js.sri
- clerk-js/5.79.1-canary.v20250801194113/waitlist_clerk.chips.browser_d22ed5_5.79.1-canary.v20250801194113.js.br
- clerk-js/5.79.1-canary.v20250801194113/waitlist_clerk.chips.browser_d22ed5_5.79.1-canary.v20250801194113.js.gz
- clerk-js/5.79.1-canary.v20250801194113/waitlist_clerk.chips.browser_d22ed5_5.79.1-canary.v20250801194113.js.sri
- clerk-js/5.79.1-canary.v20250801194113/waitlist_clerk.chips.browser_d22ed5_5.79.1-canary.v20250801194113.min.js.br
- clerk-js/5.79.1-canary.v20250801194113/waitlist_clerk.chips.browser_d22ed5_5.79.1-canary.v20250801194113.min.js.gz
- clerk-js/5.79.1-canary.v20250801194113/waitlist_clerk.chips.browser_d22ed5_5.79.1-canary.v20250801194113.min.js.sri
- clerk-js/5.79.1-canary.v20250801194113/waitlist_clerk.legacy.browser_4cfc30_5.79.1-canary.v20250801194113.js.br
- clerk-js/5.79.1-canary.v20250801194113/waitlist_clerk.legacy.browser_4cfc30_5.79.1-canary.v20250801194113.js.gz
- clerk-js/5.79.1-canary.v20250801194113/waitlist_clerk.legacy.browser_4cfc30_5.79.1-canary.v20250801194113.js.sri
- clerk-js/5.79.1-canary.v20250801194113/waitlist_clerk.legacy.browser_4cfc30_5.79.1-canary.v20250801194113.min.js.br
- clerk-js/5.79.1-canary.v20250801194113/waitlist_clerk.legacy.browser_4cfc30_5.79.1-canary.v20250801194113.min.js.gz
- clerk-js/5.79.1-canary.v20250801194113/waitlist_clerk.legacy.browser_4cfc30_5.79.1-canary.v20250801194113.min.js.sri
- clerk-js/5.79.1-canary.v20250801194113/zxcvbn-common_clerk.browser_68b43e_5.79.1-canary.v20250801194113.js.br
- clerk-js/5.79.1-canary.v20250801194113/zxcvbn-common_clerk.browser_68b43e_5.79.1-canary.v20250801194113.js.gz
- clerk-js/5.79.1-canary.v20250801194113/zxcvbn-common_clerk.browser_68b43e_5.79.1-canary.v20250801194113.js.sri
- clerk-js/5.79.1-canary.v20250801194113/zxcvbn-common_clerk.browser_68b43e_5.79.1-canary.v20250801194113.min.js.br
- clerk-js/5.79.1-canary.v20250801194113/zxcvbn-common_clerk.browser_68b43e_5.79.1-canary.v20250801194113.min.js.gz
- clerk-js/5.79.1-canary.v20250801194113/zxcvbn-common_clerk.browser_68b43e_5.79.1-canary.v20250801194113.min.js.sri
- clerk-js/5.79.1-canary.v20250801194113/zxcvbn-common_clerk.chips.browser_d22ed5_5.79.1-canary.v20250801194113.js.br
- clerk-js/5.79.1-canary.v20250801194113/zxcvbn-common_clerk.chips.browser_d22ed5_5.79.1-canary.v20250801194113.js.gz
- clerk-js/5.79.1-canary.v20250801194113/zxcvbn-common_clerk.chips.browser_d22ed5_5.79.1-canary.v20250801194113.js.sri
- clerk-js/5.79.1-canary.v20250801194113/zxcvbn-common_clerk.chips.browser_d22ed5_5.79.1-canary.v20250801194113.min.js.br
- clerk-js/5.79.1-canary.v20250801194113/zxcvbn-common_clerk.chips.browser_d22ed5_5.79.1-canary.v20250801194113.min.js.gz
- clerk-js/5.79.1-canary.v20250801194113/zxcvbn-common_clerk.chips.browser_d22ed5_5.79.1-canary.v20250801194113.min.js.sri
- clerk-js/5.79.1-canary.v20250801194113/zxcvbn-common_clerk.headless.browser_b6bff5_5.79.1-canary.v20250801194113.js.br
- clerk-js/5.79.1-canary.v20250801194113/zxcvbn-common_clerk.headless.browser_b6bff5_5.79.1-canary.v20250801194113.js.gz
- clerk-js/5.79.1-canary.v20250801194113/zxcvbn-common_clerk.headless.browser_b6bff5_5.79.1-canary.v20250801194113.js.sri
- clerk-js/5.79.1-canary.v20250801194113/zxcvbn-common_clerk.headless.browser_b6bff5_5.79.1-canary.v20250801194113.min.js.br
- clerk-js/5.79.1-canary.v20250801194113/zxcvbn-common_clerk.headless.browser_b6bff5_5.79.1-canary.v20250801194113.min.js.gz
- clerk-js/5.79.1-canary.v20250801194113/zxcvbn-common_clerk.headless.browser_b6bff5_5.79.1-canary.v20250801194113.min.js.sri
- clerk-js/5.79.1-canary.v20250801194113/zxcvbn-common_clerk.legacy.browser_4cfc30_5.79.1-canary.v20250801194113.js.br
- clerk-js/5.79.1-canary.v20250801194113/zxcvbn-common_clerk.legacy.browser_4cfc30_5.79.1-canary.v20250801194113.js.gz
- clerk-js/5.79.1-canary.v20250801194113/zxcvbn-common_clerk.legacy.browser_4cfc30_5.79.1-canary.v20250801194113.js.sri
- clerk-js/5.79.1-canary.v20250801194113/zxcvbn-common_clerk.legacy.browser_4cfc30_5.79.1-canary.v20250801194113.min.js.br
- clerk-js/5.79.1-canary.v20250801194113/zxcvbn-common_clerk.legacy.browser_4cfc30_5.79.1-canary.v20250801194113.min.js.gz
- clerk-js/5.79.1-canary.v20250801194113/zxcvbn-common_clerk.legacy.browser_4cfc30_5.79.1-canary.v20250801194113.min.js.sri
- clerk-js/5.79.1-canary.v20250801194113/zxcvbn-ts-core_clerk.browser_68b43e_5.79.1-canary.v20250801194113.js.br
- clerk-js/5.79.1-canary.v20250801194113/zxcvbn-ts-core_clerk.browser_68b43e_5.79.1-canary.v20250801194113.js.gz
- clerk-js/5.79.1-canary.v20250801194113/zxcvbn-ts-core_clerk.browser_68b43e_5.79.1-canary.v20250801194113.js.sri
- clerk-js/5.79.1-canary.v20250801194113/zxcvbn-ts-core_clerk.browser_68b43e_5.79.1-canary.v20250801194113.min.js.br
- clerk-js/5.79.1-canary.v20250801194113/zxcvbn-ts-core_clerk.browser_68b43e_5.79.1-canary.v20250801194113.min.js.gz
- clerk-js/5.79.1-canary.v20250801194113/zxcvbn-ts-core_clerk.browser_68b43e_5.79.1-canary.v20250801194113.min.js.sri
- clerk-js/5.79.1-canary.v20250801194113/zxcvbn-ts-core_clerk.chips.browser_d22ed5_5.79.1-canary.v20250801194113.js.br
- clerk-js/5.79.1-canary.v20250801194113/zxcvbn-ts-core_clerk.chips.browser_d22ed5_5.79.1-canary.v20250801194113.js.gz
- clerk-js/5.79.1-canary.v20250801194113/zxcvbn-ts-core_clerk.chips.browser_d22ed5_5.79.1-canary.v20250801194113.js.sri
- clerk-js/5.79.1-canary.v20250801194113/zxcvbn-ts-core_clerk.chips.browser_d22ed5_5.79.1-canary.v20250801194113.min.js.br
- clerk-js/5.79.1-canary.v20250801194113/zxcvbn-ts-core_clerk.chips.browser_d22ed5_5.79.1-canary.v20250801194113.min.js.gz
- clerk-js/5.79.1-canary.v20250801194113/zxcvbn-ts-core_clerk.chips.browser_d22ed5_5.79.1-canary.v20250801194113.min.js.sri
- clerk-js/5.79.1-canary.v20250801194113/zxcvbn-ts-core_clerk.headless.browser_b6bff5_5.79.1-canary.v20250801194113.js.br
- clerk-js/5.79.1-canary.v20250801194113/zxcvbn-ts-core_clerk.headless.browser_b6bff5_5.79.1-canary.v20250801194113.js.gz
- clerk-js/5.79.1-canary.v20250801194113/zxcvbn-ts-core_clerk.headless.browser_b6bff5_5.79.1-canary.v20250801194113.js.sri
- clerk-js/5.79.1-canary.v20250801194113/zxcvbn-ts-core_clerk.headless.browser_b6bff5_5.79.1-canary.v20250801194113.min.js.br
- clerk-js/5.79.1-canary.v20250801194113/zxcvbn-ts-core_clerk.headless.browser_b6bff5_5.79.1-canary.v20250801194113.min.js.gz
- clerk-js/5.79.1-canary.v20250801194113/zxcvbn-ts-core_clerk.headless.browser_b6bff5_5.79.1-canary.v20250801194113.min.js.sri
- clerk-js/5.79.1-canary.v20250801194113/zxcvbn-ts-core_clerk.legacy.browser_4cfc30_5.79.1-canary.v20250801194113.js.br
- clerk-js/5.79.1-canary.v20250801194113/zxcvbn-ts-core_clerk.legacy.browser_4cfc30_5.79.1-canary.v20250801194113.js.gz
- clerk-js/5.79.1-canary.v20250801194113/zxcvbn-ts-core_clerk.legacy.browser_4cfc30_5.79.1-canary.v20250801194113.js.sri
- clerk-js/5.79.1-canary.v20250801194113/zxcvbn-ts-core_clerk.legacy.browser_4cfc30_5.79.1-canary.v20250801194113.min.js.br
- clerk-js/5.79.1-canary.v20250801194113/zxcvbn-ts-core_clerk.legacy.browser_4cfc30_5.79.1-canary.v20250801194113.min.js.gz
- clerk-js/5.79.1-canary.v20250801194113/zxcvbn-ts-core_clerk.legacy.browser_4cfc30_5.79.1-canary.v20250801194113.min.js.sri
