Files:
- clerk-js/5.73.3-canary.v20250717141211/192_clerk.browser_967c56_5.73.3-canary.v20250717141211.js.br
- clerk-js/5.73.3-canary.v20250717141211/192_clerk.browser_967c56_5.73.3-canary.v20250717141211.js.gz
- clerk-js/5.73.3-canary.v20250717141211/192_clerk.browser_967c56_5.73.3-canary.v20250717141211.js.sri
- clerk-js/5.73.3-canary.v20250717141211/192_clerk.browser_967c56_5.73.3-canary.v20250717141211.min.js.br
- clerk-js/5.73.3-canary.v20250717141211/192_clerk.browser_967c56_5.73.3-canary.v20250717141211.min.js.gz
- clerk-js/5.73.3-canary.v20250717141211/192_clerk.browser_967c56_5.73.3-canary.v20250717141211.min.js.sri
- clerk-js/5.73.3-canary.v20250717141211/192_clerk.chips.browser_ea2182_5.73.3-canary.v20250717141211.js.br
- clerk-js/5.73.3-canary.v20250717141211/192_clerk.chips.browser_ea2182_5.73.3-canary.v20250717141211.js.gz
- clerk-js/5.73.3-canary.v20250717141211/192_clerk.chips.browser_ea2182_5.73.3-canary.v20250717141211.js.sri
- clerk-js/5.73.3-canary.v20250717141211/192_clerk.chips.browser_ea2182_5.73.3-canary.v20250717141211.min.js.br
- clerk-js/5.73.3-canary.v20250717141211/192_clerk.chips.browser_ea2182_5.73.3-canary.v20250717141211.min.js.gz
- clerk-js/5.73.3-canary.v20250717141211/192_clerk.chips.browser_ea2182_5.73.3-canary.v20250717141211.min.js.sri
- clerk-js/5.73.3-canary.v20250717141211/192_clerk.legacy.browser_707f67_5.73.3-canary.v20250717141211.js.br
- clerk-js/5.73.3-canary.v20250717141211/192_clerk.legacy.browser_707f67_5.73.3-canary.v20250717141211.js.gz
- clerk-js/5.73.3-canary.v20250717141211/192_clerk.legacy.browser_707f67_5.73.3-canary.v20250717141211.js.sri
- clerk-js/5.73.3-canary.v20250717141211/192_clerk.legacy.browser_707f67_5.73.3-canary.v20250717141211.min.js.br
- clerk-js/5.73.3-canary.v20250717141211/192_clerk.legacy.browser_707f67_5.73.3-canary.v20250717141211.min.js.gz
- clerk-js/5.73.3-canary.v20250717141211/192_clerk.legacy.browser_707f67_5.73.3-canary.v20250717141211.min.js.sri
- clerk-js/5.73.3-canary.v20250717141211/294_clerk.browser_967c56_5.73.3-canary.v20250717141211.js.br
- clerk-js/5.73.3-canary.v20250717141211/294_clerk.browser_967c56_5.73.3-canary.v20250717141211.js.gz
- clerk-js/5.73.3-canary.v20250717141211/294_clerk.browser_967c56_5.73.3-canary.v20250717141211.js.sri
- clerk-js/5.73.3-canary.v20250717141211/294_clerk.browser_967c56_5.73.3-canary.v20250717141211.min.js.br
- clerk-js/5.73.3-canary.v20250717141211/294_clerk.browser_967c56_5.73.3-canary.v20250717141211.min.js.gz
- clerk-js/5.73.3-canary.v20250717141211/294_clerk.browser_967c56_5.73.3-canary.v20250717141211.min.js.sri
- clerk-js/5.73.3-canary.v20250717141211/294_clerk.chips.browser_ea2182_5.73.3-canary.v20250717141211.js.br
- clerk-js/5.73.3-canary.v20250717141211/294_clerk.chips.browser_ea2182_5.73.3-canary.v20250717141211.js.gz
- clerk-js/5.73.3-canary.v20250717141211/294_clerk.chips.browser_ea2182_5.73.3-canary.v20250717141211.js.sri
- clerk-js/5.73.3-canary.v20250717141211/294_clerk.chips.browser_ea2182_5.73.3-canary.v20250717141211.min.js.br
- clerk-js/5.73.3-canary.v20250717141211/294_clerk.chips.browser_ea2182_5.73.3-canary.v20250717141211.min.js.gz
- clerk-js/5.73.3-canary.v20250717141211/294_clerk.chips.browser_ea2182_5.73.3-canary.v20250717141211.min.js.sri
- clerk-js/5.73.3-canary.v20250717141211/294_clerk.legacy.browser_707f67_5.73.3-canary.v20250717141211.js.br
- clerk-js/5.73.3-canary.v20250717141211/294_clerk.legacy.browser_707f67_5.73.3-canary.v20250717141211.js.gz
- clerk-js/5.73.3-canary.v20250717141211/294_clerk.legacy.browser_707f67_5.73.3-canary.v20250717141211.js.sri
- clerk-js/5.73.3-canary.v20250717141211/294_clerk.legacy.browser_707f67_5.73.3-canary.v20250717141211.min.js.br
- clerk-js/5.73.3-canary.v20250717141211/294_clerk.legacy.browser_707f67_5.73.3-canary.v20250717141211.min.js.gz
- clerk-js/5.73.3-canary.v20250717141211/294_clerk.legacy.browser_707f67_5.73.3-canary.v20250717141211.min.js.sri
- clerk-js/5.73.3-canary.v20250717141211/377_clerk.headless_abe677_5.73.3-canary.v20250717141211.js.br
- clerk-js/5.73.3-canary.v20250717141211/377_clerk.headless_abe677_5.73.3-canary.v20250717141211.js.gz
- clerk-js/5.73.3-canary.v20250717141211/377_clerk.headless_abe677_5.73.3-canary.v20250717141211.js.sri
- clerk-js/5.73.3-canary.v20250717141211/377_clerk.headless_abe677_5.73.3-canary.v20250717141211.min.js.br
- clerk-js/5.73.3-canary.v20250717141211/377_clerk.headless_abe677_5.73.3-canary.v20250717141211.min.js.gz
- clerk-js/5.73.3-canary.v20250717141211/377_clerk.headless_abe677_5.73.3-canary.v20250717141211.min.js.sri
- clerk-js/5.73.3-canary.v20250717141211/544_clerk.browser_967c56_5.73.3-canary.v20250717141211.js.br
- clerk-js/5.73.3-canary.v20250717141211/544_clerk.browser_967c56_5.73.3-canary.v20250717141211.js.gz
- clerk-js/5.73.3-canary.v20250717141211/544_clerk.browser_967c56_5.73.3-canary.v20250717141211.js.sri
- clerk-js/5.73.3-canary.v20250717141211/544_clerk.browser_967c56_5.73.3-canary.v20250717141211.min.js.br
- clerk-js/5.73.3-canary.v20250717141211/544_clerk.browser_967c56_5.73.3-canary.v20250717141211.min.js.gz
- clerk-js/5.73.3-canary.v20250717141211/544_clerk.browser_967c56_5.73.3-canary.v20250717141211.min.js.sri
- clerk-js/5.73.3-canary.v20250717141211/544_clerk.chips.browser_ea2182_5.73.3-canary.v20250717141211.js.br
- clerk-js/5.73.3-canary.v20250717141211/544_clerk.chips.browser_ea2182_5.73.3-canary.v20250717141211.js.gz
- clerk-js/5.73.3-canary.v20250717141211/544_clerk.chips.browser_ea2182_5.73.3-canary.v20250717141211.js.sri
- clerk-js/5.73.3-canary.v20250717141211/544_clerk.chips.browser_ea2182_5.73.3-canary.v20250717141211.min.js.br
- clerk-js/5.73.3-canary.v20250717141211/544_clerk.chips.browser_ea2182_5.73.3-canary.v20250717141211.min.js.gz
- clerk-js/5.73.3-canary.v20250717141211/544_clerk.chips.browser_ea2182_5.73.3-canary.v20250717141211.min.js.sri
- clerk-js/5.73.3-canary.v20250717141211/544_clerk.legacy.browser_707f67_5.73.3-canary.v20250717141211.js.br
- clerk-js/5.73.3-canary.v20250717141211/544_clerk.legacy.browser_707f67_5.73.3-canary.v20250717141211.js.gz
- clerk-js/5.73.3-canary.v20250717141211/544_clerk.legacy.browser_707f67_5.73.3-canary.v20250717141211.js.sri
- clerk-js/5.73.3-canary.v20250717141211/544_clerk.legacy.browser_707f67_5.73.3-canary.v20250717141211.min.js.br
- clerk-js/5.73.3-canary.v20250717141211/544_clerk.legacy.browser_707f67_5.73.3-canary.v20250717141211.min.js.gz
- clerk-js/5.73.3-canary.v20250717141211/544_clerk.legacy.browser_707f67_5.73.3-canary.v20250717141211.min.js.sri
- clerk-js/5.73.3-canary.v20250717141211/553_clerk.headless_abe677_5.73.3-canary.v20250717141211.js.br
- clerk-js/5.73.3-canary.v20250717141211/553_clerk.headless_abe677_5.73.3-canary.v20250717141211.js.gz
- clerk-js/5.73.3-canary.v20250717141211/553_clerk.headless_abe677_5.73.3-canary.v20250717141211.js.sri
- clerk-js/5.73.3-canary.v20250717141211/553_clerk.headless_abe677_5.73.3-canary.v20250717141211.min.js.br
- clerk-js/5.73.3-canary.v20250717141211/553_clerk.headless_abe677_5.73.3-canary.v20250717141211.min.js.gz
- clerk-js/5.73.3-canary.v20250717141211/553_clerk.headless_abe677_5.73.3-canary.v20250717141211.min.js.sri
- clerk-js/5.73.3-canary.v20250717141211/645_clerk.browser_967c56_5.73.3-canary.v20250717141211.js.br
- clerk-js/5.73.3-canary.v20250717141211/645_clerk.browser_967c56_5.73.3-canary.v20250717141211.js.gz
- clerk-js/5.73.3-canary.v20250717141211/645_clerk.browser_967c56_5.73.3-canary.v20250717141211.js.sri
- clerk-js/5.73.3-canary.v20250717141211/645_clerk.browser_967c56_5.73.3-canary.v20250717141211.min.js.br
- clerk-js/5.73.3-canary.v20250717141211/645_clerk.browser_967c56_5.73.3-canary.v20250717141211.min.js.gz
- clerk-js/5.73.3-canary.v20250717141211/645_clerk.browser_967c56_5.73.3-canary.v20250717141211.min.js.sri
- clerk-js/5.73.3-canary.v20250717141211/645_clerk.chips.browser_ea2182_5.73.3-canary.v20250717141211.js.br
- clerk-js/5.73.3-canary.v20250717141211/645_clerk.chips.browser_ea2182_5.73.3-canary.v20250717141211.js.gz
- clerk-js/5.73.3-canary.v20250717141211/645_clerk.chips.browser_ea2182_5.73.3-canary.v20250717141211.js.sri
- clerk-js/5.73.3-canary.v20250717141211/645_clerk.chips.browser_ea2182_5.73.3-canary.v20250717141211.min.js.br
- clerk-js/5.73.3-canary.v20250717141211/645_clerk.chips.browser_ea2182_5.73.3-canary.v20250717141211.min.js.gz
- clerk-js/5.73.3-canary.v20250717141211/645_clerk.chips.browser_ea2182_5.73.3-canary.v20250717141211.min.js.sri
- clerk-js/5.73.3-canary.v20250717141211/645_clerk.legacy.browser_707f67_5.73.3-canary.v20250717141211.js.br
- clerk-js/5.73.3-canary.v20250717141211/645_clerk.legacy.browser_707f67_5.73.3-canary.v20250717141211.js.gz
- clerk-js/5.73.3-canary.v20250717141211/645_clerk.legacy.browser_707f67_5.73.3-canary.v20250717141211.js.sri
- clerk-js/5.73.3-canary.v20250717141211/645_clerk.legacy.browser_707f67_5.73.3-canary.v20250717141211.min.js.br
- clerk-js/5.73.3-canary.v20250717141211/645_clerk.legacy.browser_707f67_5.73.3-canary.v20250717141211.min.js.gz
- clerk-js/5.73.3-canary.v20250717141211/645_clerk.legacy.browser_707f67_5.73.3-canary.v20250717141211.min.js.sri
- clerk-js/5.73.3-canary.v20250717141211/66_clerk.browser_967c56_5.73.3-canary.v20250717141211.js.br
- clerk-js/5.73.3-canary.v20250717141211/66_clerk.browser_967c56_5.73.3-canary.v20250717141211.js.gz
- clerk-js/5.73.3-canary.v20250717141211/66_clerk.browser_967c56_5.73.3-canary.v20250717141211.js.sri
- clerk-js/5.73.3-canary.v20250717141211/66_clerk.browser_967c56_5.73.3-canary.v20250717141211.min.js.br
- clerk-js/5.73.3-canary.v20250717141211/66_clerk.browser_967c56_5.73.3-canary.v20250717141211.min.js.gz
- clerk-js/5.73.3-canary.v20250717141211/66_clerk.browser_967c56_5.73.3-canary.v20250717141211.min.js.sri
- clerk-js/5.73.3-canary.v20250717141211/66_clerk.chips.browser_ea2182_5.73.3-canary.v20250717141211.js.br
- clerk-js/5.73.3-canary.v20250717141211/66_clerk.chips.browser_ea2182_5.73.3-canary.v20250717141211.js.gz
- clerk-js/5.73.3-canary.v20250717141211/66_clerk.chips.browser_ea2182_5.73.3-canary.v20250717141211.js.sri
- clerk-js/5.73.3-canary.v20250717141211/66_clerk.chips.browser_ea2182_5.73.3-canary.v20250717141211.min.js.br
- clerk-js/5.73.3-canary.v20250717141211/66_clerk.chips.browser_ea2182_5.73.3-canary.v20250717141211.min.js.gz
- clerk-js/5.73.3-canary.v20250717141211/66_clerk.chips.browser_ea2182_5.73.3-canary.v20250717141211.min.js.sri
- clerk-js/5.73.3-canary.v20250717141211/66_clerk.legacy.browser_707f67_5.73.3-canary.v20250717141211.js.br
- clerk-js/5.73.3-canary.v20250717141211/66_clerk.legacy.browser_707f67_5.73.3-canary.v20250717141211.js.gz
- clerk-js/5.73.3-canary.v20250717141211/66_clerk.legacy.browser_707f67_5.73.3-canary.v20250717141211.js.sri
- clerk-js/5.73.3-canary.v20250717141211/66_clerk.legacy.browser_707f67_5.73.3-canary.v20250717141211.min.js.br
- clerk-js/5.73.3-canary.v20250717141211/66_clerk.legacy.browser_707f67_5.73.3-canary.v20250717141211.min.js.gz
- clerk-js/5.73.3-canary.v20250717141211/66_clerk.legacy.browser_707f67_5.73.3-canary.v20250717141211.min.js.sri
- clerk-js/5.73.3-canary.v20250717141211/890_clerk.headless_abe677_5.73.3-canary.v20250717141211.js.br
- clerk-js/5.73.3-canary.v20250717141211/890_clerk.headless_abe677_5.73.3-canary.v20250717141211.js.gz
- clerk-js/5.73.3-canary.v20250717141211/890_clerk.headless_abe677_5.73.3-canary.v20250717141211.js.sri
- clerk-js/5.73.3-canary.v20250717141211/890_clerk.headless_abe677_5.73.3-canary.v20250717141211.min.js.br
- clerk-js/5.73.3-canary.v20250717141211/890_clerk.headless_abe677_5.73.3-canary.v20250717141211.min.js.gz
- clerk-js/5.73.3-canary.v20250717141211/890_clerk.headless_abe677_5.73.3-canary.v20250717141211.min.js.sri
- clerk-js/5.73.3-canary.v20250717141211/965_clerk.headless_abe677_5.73.3-canary.v20250717141211.js.br
- clerk-js/5.73.3-canary.v20250717141211/965_clerk.headless_abe677_5.73.3-canary.v20250717141211.js.gz
- clerk-js/5.73.3-canary.v20250717141211/965_clerk.headless_abe677_5.73.3-canary.v20250717141211.js.sri
- clerk-js/5.73.3-canary.v20250717141211/965_clerk.headless_abe677_5.73.3-canary.v20250717141211.min.js.br
- clerk-js/5.73.3-canary.v20250717141211/965_clerk.headless_abe677_5.73.3-canary.v20250717141211.min.js.gz
- clerk-js/5.73.3-canary.v20250717141211/965_clerk.headless_abe677_5.73.3-canary.v20250717141211.min.js.sri
- clerk-js/5.73.3-canary.v20250717141211/apiKeys_clerk.browser_967c56_5.73.3-canary.v20250717141211.js.br
- clerk-js/5.73.3-canary.v20250717141211/apiKeys_clerk.browser_967c56_5.73.3-canary.v20250717141211.js.gz
- clerk-js/5.73.3-canary.v20250717141211/apiKeys_clerk.browser_967c56_5.73.3-canary.v20250717141211.js.sri
- clerk-js/5.73.3-canary.v20250717141211/apiKeys_clerk.browser_967c56_5.73.3-canary.v20250717141211.min.js.br
- clerk-js/5.73.3-canary.v20250717141211/apiKeys_clerk.browser_967c56_5.73.3-canary.v20250717141211.min.js.gz
- clerk-js/5.73.3-canary.v20250717141211/apiKeys_clerk.browser_967c56_5.73.3-canary.v20250717141211.min.js.sri
- clerk-js/5.73.3-canary.v20250717141211/apiKeys_clerk.chips.browser_ea2182_5.73.3-canary.v20250717141211.js.br
- clerk-js/5.73.3-canary.v20250717141211/apiKeys_clerk.chips.browser_ea2182_5.73.3-canary.v20250717141211.js.gz
- clerk-js/5.73.3-canary.v20250717141211/apiKeys_clerk.chips.browser_ea2182_5.73.3-canary.v20250717141211.js.sri
- clerk-js/5.73.3-canary.v20250717141211/apiKeys_clerk.chips.browser_ea2182_5.73.3-canary.v20250717141211.min.js.br
- clerk-js/5.73.3-canary.v20250717141211/apiKeys_clerk.chips.browser_ea2182_5.73.3-canary.v20250717141211.min.js.gz
- clerk-js/5.73.3-canary.v20250717141211/apiKeys_clerk.chips.browser_ea2182_5.73.3-canary.v20250717141211.min.js.sri
- clerk-js/5.73.3-canary.v20250717141211/apiKeys_clerk.legacy.browser_707f67_5.73.3-canary.v20250717141211.js.br
- clerk-js/5.73.3-canary.v20250717141211/apiKeys_clerk.legacy.browser_707f67_5.73.3-canary.v20250717141211.js.gz
- clerk-js/5.73.3-canary.v20250717141211/apiKeys_clerk.legacy.browser_707f67_5.73.3-canary.v20250717141211.js.sri
- clerk-js/5.73.3-canary.v20250717141211/apiKeys_clerk.legacy.browser_707f67_5.73.3-canary.v20250717141211.min.js.br
- clerk-js/5.73.3-canary.v20250717141211/apiKeys_clerk.legacy.browser_707f67_5.73.3-canary.v20250717141211.min.js.gz
- clerk-js/5.73.3-canary.v20250717141211/apiKeys_clerk.legacy.browser_707f67_5.73.3-canary.v20250717141211.min.js.sri
- clerk-js/5.73.3-canary.v20250717141211/blankcaptcha_clerk.browser_967c56_5.73.3-canary.v20250717141211.js.br
- clerk-js/5.73.3-canary.v20250717141211/blankcaptcha_clerk.browser_967c56_5.73.3-canary.v20250717141211.js.gz
- clerk-js/5.73.3-canary.v20250717141211/blankcaptcha_clerk.browser_967c56_5.73.3-canary.v20250717141211.js.sri
- clerk-js/5.73.3-canary.v20250717141211/blankcaptcha_clerk.browser_967c56_5.73.3-canary.v20250717141211.min.js.br
- clerk-js/5.73.3-canary.v20250717141211/blankcaptcha_clerk.browser_967c56_5.73.3-canary.v20250717141211.min.js.gz
- clerk-js/5.73.3-canary.v20250717141211/blankcaptcha_clerk.browser_967c56_5.73.3-canary.v20250717141211.min.js.sri
- clerk-js/5.73.3-canary.v20250717141211/blankcaptcha_clerk.chips.browser_ea2182_5.73.3-canary.v20250717141211.js.br
- clerk-js/5.73.3-canary.v20250717141211/blankcaptcha_clerk.chips.browser_ea2182_5.73.3-canary.v20250717141211.js.gz
- clerk-js/5.73.3-canary.v20250717141211/blankcaptcha_clerk.chips.browser_ea2182_5.73.3-canary.v20250717141211.js.sri
- clerk-js/5.73.3-canary.v20250717141211/blankcaptcha_clerk.chips.browser_ea2182_5.73.3-canary.v20250717141211.min.js.br
- clerk-js/5.73.3-canary.v20250717141211/blankcaptcha_clerk.chips.browser_ea2182_5.73.3-canary.v20250717141211.min.js.gz
- clerk-js/5.73.3-canary.v20250717141211/blankcaptcha_clerk.chips.browser_ea2182_5.73.3-canary.v20250717141211.min.js.sri
- clerk-js/5.73.3-canary.v20250717141211/blankcaptcha_clerk.legacy.browser_707f67_5.73.3-canary.v20250717141211.js.br
- clerk-js/5.73.3-canary.v20250717141211/blankcaptcha_clerk.legacy.browser_707f67_5.73.3-canary.v20250717141211.js.gz
- clerk-js/5.73.3-canary.v20250717141211/blankcaptcha_clerk.legacy.browser_707f67_5.73.3-canary.v20250717141211.js.sri
- clerk-js/5.73.3-canary.v20250717141211/blankcaptcha_clerk.legacy.browser_707f67_5.73.3-canary.v20250717141211.min.js.br
- clerk-js/5.73.3-canary.v20250717141211/blankcaptcha_clerk.legacy.browser_707f67_5.73.3-canary.v20250717141211.min.js.gz
- clerk-js/5.73.3-canary.v20250717141211/blankcaptcha_clerk.legacy.browser_707f67_5.73.3-canary.v20250717141211.min.js.sri
- clerk-js/5.73.3-canary.v20250717141211/checkout_clerk.browser_967c56_5.73.3-canary.v20250717141211.js.br
- clerk-js/5.73.3-canary.v20250717141211/checkout_clerk.browser_967c56_5.73.3-canary.v20250717141211.js.gz
- clerk-js/5.73.3-canary.v20250717141211/checkout_clerk.browser_967c56_5.73.3-canary.v20250717141211.js.sri
- clerk-js/5.73.3-canary.v20250717141211/checkout_clerk.browser_967c56_5.73.3-canary.v20250717141211.min.js.br
- clerk-js/5.73.3-canary.v20250717141211/checkout_clerk.browser_967c56_5.73.3-canary.v20250717141211.min.js.gz
- clerk-js/5.73.3-canary.v20250717141211/checkout_clerk.browser_967c56_5.73.3-canary.v20250717141211.min.js.sri
- clerk-js/5.73.3-canary.v20250717141211/checkout_clerk.chips.browser_ea2182_5.73.3-canary.v20250717141211.js.br
- clerk-js/5.73.3-canary.v20250717141211/checkout_clerk.chips.browser_ea2182_5.73.3-canary.v20250717141211.js.gz
- clerk-js/5.73.3-canary.v20250717141211/checkout_clerk.chips.browser_ea2182_5.73.3-canary.v20250717141211.js.sri
- clerk-js/5.73.3-canary.v20250717141211/checkout_clerk.chips.browser_ea2182_5.73.3-canary.v20250717141211.min.js.br
- clerk-js/5.73.3-canary.v20250717141211/checkout_clerk.chips.browser_ea2182_5.73.3-canary.v20250717141211.min.js.gz
- clerk-js/5.73.3-canary.v20250717141211/checkout_clerk.chips.browser_ea2182_5.73.3-canary.v20250717141211.min.js.sri
- clerk-js/5.73.3-canary.v20250717141211/checkout_clerk.legacy.browser_707f67_5.73.3-canary.v20250717141211.js.br
- clerk-js/5.73.3-canary.v20250717141211/checkout_clerk.legacy.browser_707f67_5.73.3-canary.v20250717141211.js.gz
- clerk-js/5.73.3-canary.v20250717141211/checkout_clerk.legacy.browser_707f67_5.73.3-canary.v20250717141211.js.sri
- clerk-js/5.73.3-canary.v20250717141211/checkout_clerk.legacy.browser_707f67_5.73.3-canary.v20250717141211.min.js.br
- clerk-js/5.73.3-canary.v20250717141211/checkout_clerk.legacy.browser_707f67_5.73.3-canary.v20250717141211.min.js.gz
- clerk-js/5.73.3-canary.v20250717141211/checkout_clerk.legacy.browser_707f67_5.73.3-canary.v20250717141211.min.js.sri
- clerk-js/5.73.3-canary.v20250717141211/clerk.browser.js.br
- clerk-js/5.73.3-canary.v20250717141211/clerk.browser.js.gz
- clerk-js/5.73.3-canary.v20250717141211/clerk.browser.js.sri
- clerk-js/5.73.3-canary.v20250717141211/clerk.browser.min.js.br
- clerk-js/5.73.3-canary.v20250717141211/clerk.browser.min.js.gz
- clerk-js/5.73.3-canary.v20250717141211/clerk.browser.min.js.sri
- clerk-js/5.73.3-canary.v20250717141211/clerk.chips.browser.js.br
- clerk-js/5.73.3-canary.v20250717141211/clerk.chips.browser.js.gz
- clerk-js/5.73.3-canary.v20250717141211/clerk.chips.browser.js.sri
- clerk-js/5.73.3-canary.v20250717141211/clerk.chips.browser.min.js.br
- clerk-js/5.73.3-canary.v20250717141211/clerk.chips.browser.min.js.gz
- clerk-js/5.73.3-canary.v20250717141211/clerk.chips.browser.min.js.sri
- clerk-js/5.73.3-canary.v20250717141211/clerk.headless.browser.js.br
- clerk-js/5.73.3-canary.v20250717141211/clerk.headless.browser.js.gz
- clerk-js/5.73.3-canary.v20250717141211/clerk.headless.browser.js.sri
- clerk-js/5.73.3-canary.v20250717141211/clerk.headless.browser.min.js.br
- clerk-js/5.73.3-canary.v20250717141211/clerk.headless.browser.min.js.gz
- clerk-js/5.73.3-canary.v20250717141211/clerk.headless.browser.min.js.sri
- clerk-js/5.73.3-canary.v20250717141211/clerk.headless.js.br
- clerk-js/5.73.3-canary.v20250717141211/clerk.headless.js.gz
- clerk-js/5.73.3-canary.v20250717141211/clerk.headless.js.sri
- clerk-js/5.73.3-canary.v20250717141211/clerk.headless.min.js.br
- clerk-js/5.73.3-canary.v20250717141211/clerk.headless.min.js.gz
- clerk-js/5.73.3-canary.v20250717141211/clerk.headless.min.js.sri
- clerk-js/5.73.3-canary.v20250717141211/clerk.js.br
- clerk-js/5.73.3-canary.v20250717141211/clerk.js.gz
- clerk-js/5.73.3-canary.v20250717141211/clerk.js.sri
- clerk-js/5.73.3-canary.v20250717141211/clerk.legacy.browser.js.br
- clerk-js/5.73.3-canary.v20250717141211/clerk.legacy.browser.js.gz
- clerk-js/5.73.3-canary.v20250717141211/clerk.legacy.browser.js.sri
- clerk-js/5.73.3-canary.v20250717141211/clerk.legacy.browser.min.js.br
- clerk-js/5.73.3-canary.v20250717141211/clerk.legacy.browser.min.js.gz
- clerk-js/5.73.3-canary.v20250717141211/clerk.legacy.browser.min.js.sri
- clerk-js/5.73.3-canary.v20250717141211/clerk.min.js.br
- clerk-js/5.73.3-canary.v20250717141211/clerk.min.js.gz
- clerk-js/5.73.3-canary.v20250717141211/clerk.min.js.sri
- clerk-js/5.73.3-canary.v20250717141211/clerk.mjs.br
- clerk-js/5.73.3-canary.v20250717141211/clerk.mjs.gz
- clerk-js/5.73.3-canary.v20250717141211/clerk.no-rhc.js.br
- clerk-js/5.73.3-canary.v20250717141211/clerk.no-rhc.js.gz
- clerk-js/5.73.3-canary.v20250717141211/clerk.no-rhc.js.sri
- clerk-js/5.73.3-canary.v20250717141211/clerk.no-rhc.min.js.br
- clerk-js/5.73.3-canary.v20250717141211/clerk.no-rhc.min.js.gz
- clerk-js/5.73.3-canary.v20250717141211/clerk.no-rhc.min.js.sri
- clerk-js/5.73.3-canary.v20250717141211/clerk.no-rhc.mjs.br
- clerk-js/5.73.3-canary.v20250717141211/clerk.no-rhc.mjs.gz
- clerk-js/5.73.3-canary.v20250717141211/coinbase-wallet-sdk_clerk.browser_967c56_5.73.3-canary.v20250717141211.js.br
- clerk-js/5.73.3-canary.v20250717141211/coinbase-wallet-sdk_clerk.browser_967c56_5.73.3-canary.v20250717141211.js.gz
- clerk-js/5.73.3-canary.v20250717141211/coinbase-wallet-sdk_clerk.browser_967c56_5.73.3-canary.v20250717141211.js.sri
- clerk-js/5.73.3-canary.v20250717141211/coinbase-wallet-sdk_clerk.browser_967c56_5.73.3-canary.v20250717141211.min.js.br
- clerk-js/5.73.3-canary.v20250717141211/coinbase-wallet-sdk_clerk.browser_967c56_5.73.3-canary.v20250717141211.min.js.gz
- clerk-js/5.73.3-canary.v20250717141211/coinbase-wallet-sdk_clerk.browser_967c56_5.73.3-canary.v20250717141211.min.js.sri
- clerk-js/5.73.3-canary.v20250717141211/coinbase-wallet-sdk_clerk.chips.browser_ea2182_5.73.3-canary.v20250717141211.js.br
- clerk-js/5.73.3-canary.v20250717141211/coinbase-wallet-sdk_clerk.chips.browser_ea2182_5.73.3-canary.v20250717141211.js.gz
- clerk-js/5.73.3-canary.v20250717141211/coinbase-wallet-sdk_clerk.chips.browser_ea2182_5.73.3-canary.v20250717141211.js.sri
- clerk-js/5.73.3-canary.v20250717141211/coinbase-wallet-sdk_clerk.chips.browser_ea2182_5.73.3-canary.v20250717141211.min.js.br
- clerk-js/5.73.3-canary.v20250717141211/coinbase-wallet-sdk_clerk.chips.browser_ea2182_5.73.3-canary.v20250717141211.min.js.gz
- clerk-js/5.73.3-canary.v20250717141211/coinbase-wallet-sdk_clerk.chips.browser_ea2182_5.73.3-canary.v20250717141211.min.js.sri
- clerk-js/5.73.3-canary.v20250717141211/coinbase-wallet-sdk_clerk.headless.browser_72ba9a_5.73.3-canary.v20250717141211.js.br
- clerk-js/5.73.3-canary.v20250717141211/coinbase-wallet-sdk_clerk.headless.browser_72ba9a_5.73.3-canary.v20250717141211.js.gz
- clerk-js/5.73.3-canary.v20250717141211/coinbase-wallet-sdk_clerk.headless.browser_72ba9a_5.73.3-canary.v20250717141211.js.sri
- clerk-js/5.73.3-canary.v20250717141211/coinbase-wallet-sdk_clerk.headless.browser_72ba9a_5.73.3-canary.v20250717141211.min.js.br
- clerk-js/5.73.3-canary.v20250717141211/coinbase-wallet-sdk_clerk.headless.browser_72ba9a_5.73.3-canary.v20250717141211.min.js.gz
- clerk-js/5.73.3-canary.v20250717141211/coinbase-wallet-sdk_clerk.headless.browser_72ba9a_5.73.3-canary.v20250717141211.min.js.sri
- clerk-js/5.73.3-canary.v20250717141211/coinbase-wallet-sdk_clerk.legacy.browser_707f67_5.73.3-canary.v20250717141211.js.br
- clerk-js/5.73.3-canary.v20250717141211/coinbase-wallet-sdk_clerk.legacy.browser_707f67_5.73.3-canary.v20250717141211.js.gz
- clerk-js/5.73.3-canary.v20250717141211/coinbase-wallet-sdk_clerk.legacy.browser_707f67_5.73.3-canary.v20250717141211.js.sri
- clerk-js/5.73.3-canary.v20250717141211/coinbase-wallet-sdk_clerk.legacy.browser_707f67_5.73.3-canary.v20250717141211.min.js.br
- clerk-js/5.73.3-canary.v20250717141211/coinbase-wallet-sdk_clerk.legacy.browser_707f67_5.73.3-canary.v20250717141211.min.js.gz
- clerk-js/5.73.3-canary.v20250717141211/coinbase-wallet-sdk_clerk.legacy.browser_707f67_5.73.3-canary.v20250717141211.min.js.sri
- clerk-js/5.73.3-canary.v20250717141211/cookieSuffix_clerk.browser_967c56_5.73.3-canary.v20250717141211.js.br
- clerk-js/5.73.3-canary.v20250717141211/cookieSuffix_clerk.browser_967c56_5.73.3-canary.v20250717141211.js.gz
- clerk-js/5.73.3-canary.v20250717141211/cookieSuffix_clerk.browser_967c56_5.73.3-canary.v20250717141211.js.sri
- clerk-js/5.73.3-canary.v20250717141211/cookieSuffix_clerk.browser_967c56_5.73.3-canary.v20250717141211.min.js.br
- clerk-js/5.73.3-canary.v20250717141211/cookieSuffix_clerk.browser_967c56_5.73.3-canary.v20250717141211.min.js.gz
- clerk-js/5.73.3-canary.v20250717141211/cookieSuffix_clerk.browser_967c56_5.73.3-canary.v20250717141211.min.js.sri
- clerk-js/5.73.3-canary.v20250717141211/cookieSuffix_clerk.chips.browser_ea2182_5.73.3-canary.v20250717141211.js.br
- clerk-js/5.73.3-canary.v20250717141211/cookieSuffix_clerk.chips.browser_ea2182_5.73.3-canary.v20250717141211.js.gz
- clerk-js/5.73.3-canary.v20250717141211/cookieSuffix_clerk.chips.browser_ea2182_5.73.3-canary.v20250717141211.js.sri
- clerk-js/5.73.3-canary.v20250717141211/cookieSuffix_clerk.chips.browser_ea2182_5.73.3-canary.v20250717141211.min.js.br
- clerk-js/5.73.3-canary.v20250717141211/cookieSuffix_clerk.chips.browser_ea2182_5.73.3-canary.v20250717141211.min.js.gz
- clerk-js/5.73.3-canary.v20250717141211/cookieSuffix_clerk.chips.browser_ea2182_5.73.3-canary.v20250717141211.min.js.sri
- clerk-js/5.73.3-canary.v20250717141211/cookieSuffix_clerk.headless.browser_72ba9a_5.73.3-canary.v20250717141211.js.br
- clerk-js/5.73.3-canary.v20250717141211/cookieSuffix_clerk.headless.browser_72ba9a_5.73.3-canary.v20250717141211.js.gz
- clerk-js/5.73.3-canary.v20250717141211/cookieSuffix_clerk.headless.browser_72ba9a_5.73.3-canary.v20250717141211.js.sri
- clerk-js/5.73.3-canary.v20250717141211/cookieSuffix_clerk.headless.browser_72ba9a_5.73.3-canary.v20250717141211.min.js.br
- clerk-js/5.73.3-canary.v20250717141211/cookieSuffix_clerk.headless.browser_72ba9a_5.73.3-canary.v20250717141211.min.js.gz
- clerk-js/5.73.3-canary.v20250717141211/cookieSuffix_clerk.headless.browser_72ba9a_5.73.3-canary.v20250717141211.min.js.sri
- clerk-js/5.73.3-canary.v20250717141211/cookieSuffix_clerk.headless_abe677_5.73.3-canary.v20250717141211.js.br
- clerk-js/5.73.3-canary.v20250717141211/cookieSuffix_clerk.headless_abe677_5.73.3-canary.v20250717141211.js.gz
- clerk-js/5.73.3-canary.v20250717141211/cookieSuffix_clerk.headless_abe677_5.73.3-canary.v20250717141211.js.sri
- clerk-js/5.73.3-canary.v20250717141211/cookieSuffix_clerk.headless_abe677_5.73.3-canary.v20250717141211.min.js.br
- clerk-js/5.73.3-canary.v20250717141211/cookieSuffix_clerk.headless_abe677_5.73.3-canary.v20250717141211.min.js.gz
- clerk-js/5.73.3-canary.v20250717141211/cookieSuffix_clerk.headless_abe677_5.73.3-canary.v20250717141211.min.js.sri
- clerk-js/5.73.3-canary.v20250717141211/cookieSuffix_clerk.legacy.browser_707f67_5.73.3-canary.v20250717141211.js.br
- clerk-js/5.73.3-canary.v20250717141211/cookieSuffix_clerk.legacy.browser_707f67_5.73.3-canary.v20250717141211.js.gz
- clerk-js/5.73.3-canary.v20250717141211/cookieSuffix_clerk.legacy.browser_707f67_5.73.3-canary.v20250717141211.js.sri
- clerk-js/5.73.3-canary.v20250717141211/cookieSuffix_clerk.legacy.browser_707f67_5.73.3-canary.v20250717141211.min.js.br
- clerk-js/5.73.3-canary.v20250717141211/cookieSuffix_clerk.legacy.browser_707f67_5.73.3-canary.v20250717141211.min.js.gz
- clerk-js/5.73.3-canary.v20250717141211/cookieSuffix_clerk.legacy.browser_707f67_5.73.3-canary.v20250717141211.min.js.sri
- clerk-js/5.73.3-canary.v20250717141211/createorganization_clerk.browser_967c56_5.73.3-canary.v20250717141211.js.br
- clerk-js/5.73.3-canary.v20250717141211/createorganization_clerk.browser_967c56_5.73.3-canary.v20250717141211.js.gz
- clerk-js/5.73.3-canary.v20250717141211/createorganization_clerk.browser_967c56_5.73.3-canary.v20250717141211.js.sri
- clerk-js/5.73.3-canary.v20250717141211/createorganization_clerk.browser_967c56_5.73.3-canary.v20250717141211.min.js.br
- clerk-js/5.73.3-canary.v20250717141211/createorganization_clerk.browser_967c56_5.73.3-canary.v20250717141211.min.js.gz
- clerk-js/5.73.3-canary.v20250717141211/createorganization_clerk.browser_967c56_5.73.3-canary.v20250717141211.min.js.sri
- clerk-js/5.73.3-canary.v20250717141211/createorganization_clerk.chips.browser_ea2182_5.73.3-canary.v20250717141211.js.br
- clerk-js/5.73.3-canary.v20250717141211/createorganization_clerk.chips.browser_ea2182_5.73.3-canary.v20250717141211.js.gz
- clerk-js/5.73.3-canary.v20250717141211/createorganization_clerk.chips.browser_ea2182_5.73.3-canary.v20250717141211.js.sri
- clerk-js/5.73.3-canary.v20250717141211/createorganization_clerk.chips.browser_ea2182_5.73.3-canary.v20250717141211.min.js.br
- clerk-js/5.73.3-canary.v20250717141211/createorganization_clerk.chips.browser_ea2182_5.73.3-canary.v20250717141211.min.js.gz
- clerk-js/5.73.3-canary.v20250717141211/createorganization_clerk.chips.browser_ea2182_5.73.3-canary.v20250717141211.min.js.sri
- clerk-js/5.73.3-canary.v20250717141211/createorganization_clerk.legacy.browser_707f67_5.73.3-canary.v20250717141211.js.br
- clerk-js/5.73.3-canary.v20250717141211/createorganization_clerk.legacy.browser_707f67_5.73.3-canary.v20250717141211.js.gz
- clerk-js/5.73.3-canary.v20250717141211/createorganization_clerk.legacy.browser_707f67_5.73.3-canary.v20250717141211.js.sri
- clerk-js/5.73.3-canary.v20250717141211/createorganization_clerk.legacy.browser_707f67_5.73.3-canary.v20250717141211.min.js.br
- clerk-js/5.73.3-canary.v20250717141211/createorganization_clerk.legacy.browser_707f67_5.73.3-canary.v20250717141211.min.js.gz
- clerk-js/5.73.3-canary.v20250717141211/createorganization_clerk.legacy.browser_707f67_5.73.3-canary.v20250717141211.min.js.sri
- clerk-js/5.73.3-canary.v20250717141211/framework_clerk.browser_967c56_5.73.3-canary.v20250717141211.js.br
- clerk-js/5.73.3-canary.v20250717141211/framework_clerk.browser_967c56_5.73.3-canary.v20250717141211.js.gz
- clerk-js/5.73.3-canary.v20250717141211/framework_clerk.browser_967c56_5.73.3-canary.v20250717141211.js.sri
- clerk-js/5.73.3-canary.v20250717141211/framework_clerk.browser_967c56_5.73.3-canary.v20250717141211.min.js.br
- clerk-js/5.73.3-canary.v20250717141211/framework_clerk.browser_967c56_5.73.3-canary.v20250717141211.min.js.gz
- clerk-js/5.73.3-canary.v20250717141211/framework_clerk.browser_967c56_5.73.3-canary.v20250717141211.min.js.sri
- clerk-js/5.73.3-canary.v20250717141211/framework_clerk.chips.browser_ea2182_5.73.3-canary.v20250717141211.js.br
- clerk-js/5.73.3-canary.v20250717141211/framework_clerk.chips.browser_ea2182_5.73.3-canary.v20250717141211.js.gz
- clerk-js/5.73.3-canary.v20250717141211/framework_clerk.chips.browser_ea2182_5.73.3-canary.v20250717141211.js.sri
- clerk-js/5.73.3-canary.v20250717141211/framework_clerk.chips.browser_ea2182_5.73.3-canary.v20250717141211.min.js.br
- clerk-js/5.73.3-canary.v20250717141211/framework_clerk.chips.browser_ea2182_5.73.3-canary.v20250717141211.min.js.gz
- clerk-js/5.73.3-canary.v20250717141211/framework_clerk.chips.browser_ea2182_5.73.3-canary.v20250717141211.min.js.sri
- clerk-js/5.73.3-canary.v20250717141211/framework_clerk.legacy.browser_707f67_5.73.3-canary.v20250717141211.js.br
- clerk-js/5.73.3-canary.v20250717141211/framework_clerk.legacy.browser_707f67_5.73.3-canary.v20250717141211.js.gz
- clerk-js/5.73.3-canary.v20250717141211/framework_clerk.legacy.browser_707f67_5.73.3-canary.v20250717141211.js.sri
- clerk-js/5.73.3-canary.v20250717141211/framework_clerk.legacy.browser_707f67_5.73.3-canary.v20250717141211.min.js.br
- clerk-js/5.73.3-canary.v20250717141211/framework_clerk.legacy.browser_707f67_5.73.3-canary.v20250717141211.min.js.gz
- clerk-js/5.73.3-canary.v20250717141211/framework_clerk.legacy.browser_707f67_5.73.3-canary.v20250717141211.min.js.sri
- clerk-js/5.73.3-canary.v20250717141211/impersonationfab_clerk.browser_967c56_5.73.3-canary.v20250717141211.js.br
- clerk-js/5.73.3-canary.v20250717141211/impersonationfab_clerk.browser_967c56_5.73.3-canary.v20250717141211.js.gz
- clerk-js/5.73.3-canary.v20250717141211/impersonationfab_clerk.browser_967c56_5.73.3-canary.v20250717141211.js.sri
- clerk-js/5.73.3-canary.v20250717141211/impersonationfab_clerk.browser_967c56_5.73.3-canary.v20250717141211.min.js.br
- clerk-js/5.73.3-canary.v20250717141211/impersonationfab_clerk.browser_967c56_5.73.3-canary.v20250717141211.min.js.gz
- clerk-js/5.73.3-canary.v20250717141211/impersonationfab_clerk.browser_967c56_5.73.3-canary.v20250717141211.min.js.sri
- clerk-js/5.73.3-canary.v20250717141211/impersonationfab_clerk.chips.browser_ea2182_5.73.3-canary.v20250717141211.js.br
- clerk-js/5.73.3-canary.v20250717141211/impersonationfab_clerk.chips.browser_ea2182_5.73.3-canary.v20250717141211.js.gz
- clerk-js/5.73.3-canary.v20250717141211/impersonationfab_clerk.chips.browser_ea2182_5.73.3-canary.v20250717141211.js.sri
- clerk-js/5.73.3-canary.v20250717141211/impersonationfab_clerk.chips.browser_ea2182_5.73.3-canary.v20250717141211.min.js.br
- clerk-js/5.73.3-canary.v20250717141211/impersonationfab_clerk.chips.browser_ea2182_5.73.3-canary.v20250717141211.min.js.gz
- clerk-js/5.73.3-canary.v20250717141211/impersonationfab_clerk.chips.browser_ea2182_5.73.3-canary.v20250717141211.min.js.sri
- clerk-js/5.73.3-canary.v20250717141211/impersonationfab_clerk.legacy.browser_707f67_5.73.3-canary.v20250717141211.js.br
- clerk-js/5.73.3-canary.v20250717141211/impersonationfab_clerk.legacy.browser_707f67_5.73.3-canary.v20250717141211.js.gz
- clerk-js/5.73.3-canary.v20250717141211/impersonationfab_clerk.legacy.browser_707f67_5.73.3-canary.v20250717141211.js.sri
- clerk-js/5.73.3-canary.v20250717141211/impersonationfab_clerk.legacy.browser_707f67_5.73.3-canary.v20250717141211.min.js.br
- clerk-js/5.73.3-canary.v20250717141211/impersonationfab_clerk.legacy.browser_707f67_5.73.3-canary.v20250717141211.min.js.gz
- clerk-js/5.73.3-canary.v20250717141211/impersonationfab_clerk.legacy.browser_707f67_5.73.3-canary.v20250717141211.min.js.sri
- clerk-js/5.73.3-canary.v20250717141211/keylessPrompt_clerk.browser_967c56_5.73.3-canary.v20250717141211.js.br
- clerk-js/5.73.3-canary.v20250717141211/keylessPrompt_clerk.browser_967c56_5.73.3-canary.v20250717141211.js.gz
- clerk-js/5.73.3-canary.v20250717141211/keylessPrompt_clerk.browser_967c56_5.73.3-canary.v20250717141211.js.sri
- clerk-js/5.73.3-canary.v20250717141211/keylessPrompt_clerk.browser_967c56_5.73.3-canary.v20250717141211.min.js.br
- clerk-js/5.73.3-canary.v20250717141211/keylessPrompt_clerk.browser_967c56_5.73.3-canary.v20250717141211.min.js.gz
- clerk-js/5.73.3-canary.v20250717141211/keylessPrompt_clerk.browser_967c56_5.73.3-canary.v20250717141211.min.js.sri
- clerk-js/5.73.3-canary.v20250717141211/keylessPrompt_clerk.chips.browser_ea2182_5.73.3-canary.v20250717141211.js.br
- clerk-js/5.73.3-canary.v20250717141211/keylessPrompt_clerk.chips.browser_ea2182_5.73.3-canary.v20250717141211.js.gz
- clerk-js/5.73.3-canary.v20250717141211/keylessPrompt_clerk.chips.browser_ea2182_5.73.3-canary.v20250717141211.js.sri
- clerk-js/5.73.3-canary.v20250717141211/keylessPrompt_clerk.chips.browser_ea2182_5.73.3-canary.v20250717141211.min.js.br
- clerk-js/5.73.3-canary.v20250717141211/keylessPrompt_clerk.chips.browser_ea2182_5.73.3-canary.v20250717141211.min.js.gz
- clerk-js/5.73.3-canary.v20250717141211/keylessPrompt_clerk.chips.browser_ea2182_5.73.3-canary.v20250717141211.min.js.sri
- clerk-js/5.73.3-canary.v20250717141211/keylessPrompt_clerk.legacy.browser_707f67_5.73.3-canary.v20250717141211.js.br
- clerk-js/5.73.3-canary.v20250717141211/keylessPrompt_clerk.legacy.browser_707f67_5.73.3-canary.v20250717141211.js.gz
- clerk-js/5.73.3-canary.v20250717141211/keylessPrompt_clerk.legacy.browser_707f67_5.73.3-canary.v20250717141211.js.sri
- clerk-js/5.73.3-canary.v20250717141211/keylessPrompt_clerk.legacy.browser_707f67_5.73.3-canary.v20250717141211.min.js.br
- clerk-js/5.73.3-canary.v20250717141211/keylessPrompt_clerk.legacy.browser_707f67_5.73.3-canary.v20250717141211.min.js.gz
- clerk-js/5.73.3-canary.v20250717141211/keylessPrompt_clerk.legacy.browser_707f67_5.73.3-canary.v20250717141211.min.js.sri
- clerk-js/5.73.3-canary.v20250717141211/oauthConsent_clerk.browser_967c56_5.73.3-canary.v20250717141211.js.br
- clerk-js/5.73.3-canary.v20250717141211/oauthConsent_clerk.browser_967c56_5.73.3-canary.v20250717141211.js.gz
- clerk-js/5.73.3-canary.v20250717141211/oauthConsent_clerk.browser_967c56_5.73.3-canary.v20250717141211.js.sri
- clerk-js/5.73.3-canary.v20250717141211/oauthConsent_clerk.browser_967c56_5.73.3-canary.v20250717141211.min.js.br
- clerk-js/5.73.3-canary.v20250717141211/oauthConsent_clerk.browser_967c56_5.73.3-canary.v20250717141211.min.js.gz
- clerk-js/5.73.3-canary.v20250717141211/oauthConsent_clerk.browser_967c56_5.73.3-canary.v20250717141211.min.js.sri
- clerk-js/5.73.3-canary.v20250717141211/oauthConsent_clerk.chips.browser_ea2182_5.73.3-canary.v20250717141211.js.br
- clerk-js/5.73.3-canary.v20250717141211/oauthConsent_clerk.chips.browser_ea2182_5.73.3-canary.v20250717141211.js.gz
- clerk-js/5.73.3-canary.v20250717141211/oauthConsent_clerk.chips.browser_ea2182_5.73.3-canary.v20250717141211.js.sri
- clerk-js/5.73.3-canary.v20250717141211/oauthConsent_clerk.chips.browser_ea2182_5.73.3-canary.v20250717141211.min.js.br
- clerk-js/5.73.3-canary.v20250717141211/oauthConsent_clerk.chips.browser_ea2182_5.73.3-canary.v20250717141211.min.js.gz
- clerk-js/5.73.3-canary.v20250717141211/oauthConsent_clerk.chips.browser_ea2182_5.73.3-canary.v20250717141211.min.js.sri
- clerk-js/5.73.3-canary.v20250717141211/oauthConsent_clerk.legacy.browser_707f67_5.73.3-canary.v20250717141211.js.br
- clerk-js/5.73.3-canary.v20250717141211/oauthConsent_clerk.legacy.browser_707f67_5.73.3-canary.v20250717141211.js.gz
- clerk-js/5.73.3-canary.v20250717141211/oauthConsent_clerk.legacy.browser_707f67_5.73.3-canary.v20250717141211.js.sri
- clerk-js/5.73.3-canary.v20250717141211/oauthConsent_clerk.legacy.browser_707f67_5.73.3-canary.v20250717141211.min.js.br
- clerk-js/5.73.3-canary.v20250717141211/oauthConsent_clerk.legacy.browser_707f67_5.73.3-canary.v20250717141211.min.js.gz
- clerk-js/5.73.3-canary.v20250717141211/oauthConsent_clerk.legacy.browser_707f67_5.73.3-canary.v20250717141211.min.js.sri
- clerk-js/5.73.3-canary.v20250717141211/onetap_clerk.browser_967c56_5.73.3-canary.v20250717141211.js.br
- clerk-js/5.73.3-canary.v20250717141211/onetap_clerk.browser_967c56_5.73.3-canary.v20250717141211.js.gz
- clerk-js/5.73.3-canary.v20250717141211/onetap_clerk.browser_967c56_5.73.3-canary.v20250717141211.js.sri
- clerk-js/5.73.3-canary.v20250717141211/onetap_clerk.browser_967c56_5.73.3-canary.v20250717141211.min.js.br
- clerk-js/5.73.3-canary.v20250717141211/onetap_clerk.browser_967c56_5.73.3-canary.v20250717141211.min.js.gz
- clerk-js/5.73.3-canary.v20250717141211/onetap_clerk.browser_967c56_5.73.3-canary.v20250717141211.min.js.sri
- clerk-js/5.73.3-canary.v20250717141211/onetap_clerk.chips.browser_ea2182_5.73.3-canary.v20250717141211.js.br
- clerk-js/5.73.3-canary.v20250717141211/onetap_clerk.chips.browser_ea2182_5.73.3-canary.v20250717141211.js.gz
- clerk-js/5.73.3-canary.v20250717141211/onetap_clerk.chips.browser_ea2182_5.73.3-canary.v20250717141211.js.sri
- clerk-js/5.73.3-canary.v20250717141211/onetap_clerk.chips.browser_ea2182_5.73.3-canary.v20250717141211.min.js.br
- clerk-js/5.73.3-canary.v20250717141211/onetap_clerk.chips.browser_ea2182_5.73.3-canary.v20250717141211.min.js.gz
- clerk-js/5.73.3-canary.v20250717141211/onetap_clerk.chips.browser_ea2182_5.73.3-canary.v20250717141211.min.js.sri
- clerk-js/5.73.3-canary.v20250717141211/onetap_clerk.legacy.browser_707f67_5.73.3-canary.v20250717141211.js.br
- clerk-js/5.73.3-canary.v20250717141211/onetap_clerk.legacy.browser_707f67_5.73.3-canary.v20250717141211.js.gz
- clerk-js/5.73.3-canary.v20250717141211/onetap_clerk.legacy.browser_707f67_5.73.3-canary.v20250717141211.js.sri
- clerk-js/5.73.3-canary.v20250717141211/onetap_clerk.legacy.browser_707f67_5.73.3-canary.v20250717141211.min.js.br
- clerk-js/5.73.3-canary.v20250717141211/onetap_clerk.legacy.browser_707f67_5.73.3-canary.v20250717141211.min.js.gz
- clerk-js/5.73.3-canary.v20250717141211/onetap_clerk.legacy.browser_707f67_5.73.3-canary.v20250717141211.min.js.sri
- clerk-js/5.73.3-canary.v20250717141211/op-api-keys-page_clerk.browser_967c56_5.73.3-canary.v20250717141211.js.br
- clerk-js/5.73.3-canary.v20250717141211/op-api-keys-page_clerk.browser_967c56_5.73.3-canary.v20250717141211.js.gz
- clerk-js/5.73.3-canary.v20250717141211/op-api-keys-page_clerk.browser_967c56_5.73.3-canary.v20250717141211.js.sri
- clerk-js/5.73.3-canary.v20250717141211/op-api-keys-page_clerk.browser_967c56_5.73.3-canary.v20250717141211.min.js.br
- clerk-js/5.73.3-canary.v20250717141211/op-api-keys-page_clerk.browser_967c56_5.73.3-canary.v20250717141211.min.js.gz
- clerk-js/5.73.3-canary.v20250717141211/op-api-keys-page_clerk.browser_967c56_5.73.3-canary.v20250717141211.min.js.sri
- clerk-js/5.73.3-canary.v20250717141211/op-api-keys-page_clerk.chips.browser_ea2182_5.73.3-canary.v20250717141211.js.br
- clerk-js/5.73.3-canary.v20250717141211/op-api-keys-page_clerk.chips.browser_ea2182_5.73.3-canary.v20250717141211.js.gz
- clerk-js/5.73.3-canary.v20250717141211/op-api-keys-page_clerk.chips.browser_ea2182_5.73.3-canary.v20250717141211.js.sri
- clerk-js/5.73.3-canary.v20250717141211/op-api-keys-page_clerk.chips.browser_ea2182_5.73.3-canary.v20250717141211.min.js.br
- clerk-js/5.73.3-canary.v20250717141211/op-api-keys-page_clerk.chips.browser_ea2182_5.73.3-canary.v20250717141211.min.js.gz
- clerk-js/5.73.3-canary.v20250717141211/op-api-keys-page_clerk.chips.browser_ea2182_5.73.3-canary.v20250717141211.min.js.sri
- clerk-js/5.73.3-canary.v20250717141211/op-api-keys-page_clerk.legacy.browser_707f67_5.73.3-canary.v20250717141211.js.br
- clerk-js/5.73.3-canary.v20250717141211/op-api-keys-page_clerk.legacy.browser_707f67_5.73.3-canary.v20250717141211.js.gz
- clerk-js/5.73.3-canary.v20250717141211/op-api-keys-page_clerk.legacy.browser_707f67_5.73.3-canary.v20250717141211.js.sri
- clerk-js/5.73.3-canary.v20250717141211/op-api-keys-page_clerk.legacy.browser_707f67_5.73.3-canary.v20250717141211.min.js.br
- clerk-js/5.73.3-canary.v20250717141211/op-api-keys-page_clerk.legacy.browser_707f67_5.73.3-canary.v20250717141211.min.js.gz
- clerk-js/5.73.3-canary.v20250717141211/op-api-keys-page_clerk.legacy.browser_707f67_5.73.3-canary.v20250717141211.min.js.sri
- clerk-js/5.73.3-canary.v20250717141211/op-billing-page_clerk.browser_967c56_5.73.3-canary.v20250717141211.js.br
- clerk-js/5.73.3-canary.v20250717141211/op-billing-page_clerk.browser_967c56_5.73.3-canary.v20250717141211.js.gz
- clerk-js/5.73.3-canary.v20250717141211/op-billing-page_clerk.browser_967c56_5.73.3-canary.v20250717141211.js.sri
- clerk-js/5.73.3-canary.v20250717141211/op-billing-page_clerk.browser_967c56_5.73.3-canary.v20250717141211.min.js.br
- clerk-js/5.73.3-canary.v20250717141211/op-billing-page_clerk.browser_967c56_5.73.3-canary.v20250717141211.min.js.gz
- clerk-js/5.73.3-canary.v20250717141211/op-billing-page_clerk.browser_967c56_5.73.3-canary.v20250717141211.min.js.sri
- clerk-js/5.73.3-canary.v20250717141211/op-billing-page_clerk.chips.browser_ea2182_5.73.3-canary.v20250717141211.js.br
- clerk-js/5.73.3-canary.v20250717141211/op-billing-page_clerk.chips.browser_ea2182_5.73.3-canary.v20250717141211.js.gz
- clerk-js/5.73.3-canary.v20250717141211/op-billing-page_clerk.chips.browser_ea2182_5.73.3-canary.v20250717141211.js.sri
- clerk-js/5.73.3-canary.v20250717141211/op-billing-page_clerk.chips.browser_ea2182_5.73.3-canary.v20250717141211.min.js.br
- clerk-js/5.73.3-canary.v20250717141211/op-billing-page_clerk.chips.browser_ea2182_5.73.3-canary.v20250717141211.min.js.gz
- clerk-js/5.73.3-canary.v20250717141211/op-billing-page_clerk.chips.browser_ea2182_5.73.3-canary.v20250717141211.min.js.sri
- clerk-js/5.73.3-canary.v20250717141211/op-billing-page_clerk.legacy.browser_707f67_5.73.3-canary.v20250717141211.js.br
- clerk-js/5.73.3-canary.v20250717141211/op-billing-page_clerk.legacy.browser_707f67_5.73.3-canary.v20250717141211.js.gz
- clerk-js/5.73.3-canary.v20250717141211/op-billing-page_clerk.legacy.browser_707f67_5.73.3-canary.v20250717141211.js.sri
- clerk-js/5.73.3-canary.v20250717141211/op-billing-page_clerk.legacy.browser_707f67_5.73.3-canary.v20250717141211.min.js.br
- clerk-js/5.73.3-canary.v20250717141211/op-billing-page_clerk.legacy.browser_707f67_5.73.3-canary.v20250717141211.min.js.gz
- clerk-js/5.73.3-canary.v20250717141211/op-billing-page_clerk.legacy.browser_707f67_5.73.3-canary.v20250717141211.min.js.sri
- clerk-js/5.73.3-canary.v20250717141211/op-plans-page_clerk.browser_967c56_5.73.3-canary.v20250717141211.js.br
- clerk-js/5.73.3-canary.v20250717141211/op-plans-page_clerk.browser_967c56_5.73.3-canary.v20250717141211.js.gz
- clerk-js/5.73.3-canary.v20250717141211/op-plans-page_clerk.browser_967c56_5.73.3-canary.v20250717141211.js.sri
- clerk-js/5.73.3-canary.v20250717141211/op-plans-page_clerk.browser_967c56_5.73.3-canary.v20250717141211.min.js.br
- clerk-js/5.73.3-canary.v20250717141211/op-plans-page_clerk.browser_967c56_5.73.3-canary.v20250717141211.min.js.gz
- clerk-js/5.73.3-canary.v20250717141211/op-plans-page_clerk.browser_967c56_5.73.3-canary.v20250717141211.min.js.sri
- clerk-js/5.73.3-canary.v20250717141211/op-plans-page_clerk.chips.browser_ea2182_5.73.3-canary.v20250717141211.js.br
- clerk-js/5.73.3-canary.v20250717141211/op-plans-page_clerk.chips.browser_ea2182_5.73.3-canary.v20250717141211.js.gz
- clerk-js/5.73.3-canary.v20250717141211/op-plans-page_clerk.chips.browser_ea2182_5.73.3-canary.v20250717141211.js.sri
- clerk-js/5.73.3-canary.v20250717141211/op-plans-page_clerk.chips.browser_ea2182_5.73.3-canary.v20250717141211.min.js.br
- clerk-js/5.73.3-canary.v20250717141211/op-plans-page_clerk.chips.browser_ea2182_5.73.3-canary.v20250717141211.min.js.gz
- clerk-js/5.73.3-canary.v20250717141211/op-plans-page_clerk.chips.browser_ea2182_5.73.3-canary.v20250717141211.min.js.sri
- clerk-js/5.73.3-canary.v20250717141211/op-plans-page_clerk.legacy.browser_707f67_5.73.3-canary.v20250717141211.js.br
- clerk-js/5.73.3-canary.v20250717141211/op-plans-page_clerk.legacy.browser_707f67_5.73.3-canary.v20250717141211.js.gz
- clerk-js/5.73.3-canary.v20250717141211/op-plans-page_clerk.legacy.browser_707f67_5.73.3-canary.v20250717141211.js.sri
- clerk-js/5.73.3-canary.v20250717141211/op-plans-page_clerk.legacy.browser_707f67_5.73.3-canary.v20250717141211.min.js.br
- clerk-js/5.73.3-canary.v20250717141211/op-plans-page_clerk.legacy.browser_707f67_5.73.3-canary.v20250717141211.min.js.gz
- clerk-js/5.73.3-canary.v20250717141211/op-plans-page_clerk.legacy.browser_707f67_5.73.3-canary.v20250717141211.min.js.sri
- clerk-js/5.73.3-canary.v20250717141211/organizationlist_clerk.browser_967c56_5.73.3-canary.v20250717141211.js.br
- clerk-js/5.73.3-canary.v20250717141211/organizationlist_clerk.browser_967c56_5.73.3-canary.v20250717141211.js.gz
- clerk-js/5.73.3-canary.v20250717141211/organizationlist_clerk.browser_967c56_5.73.3-canary.v20250717141211.js.sri
- clerk-js/5.73.3-canary.v20250717141211/organizationlist_clerk.browser_967c56_5.73.3-canary.v20250717141211.min.js.br
- clerk-js/5.73.3-canary.v20250717141211/organizationlist_clerk.browser_967c56_5.73.3-canary.v20250717141211.min.js.gz
- clerk-js/5.73.3-canary.v20250717141211/organizationlist_clerk.browser_967c56_5.73.3-canary.v20250717141211.min.js.sri
- clerk-js/5.73.3-canary.v20250717141211/organizationlist_clerk.chips.browser_ea2182_5.73.3-canary.v20250717141211.js.br
- clerk-js/5.73.3-canary.v20250717141211/organizationlist_clerk.chips.browser_ea2182_5.73.3-canary.v20250717141211.js.gz
- clerk-js/5.73.3-canary.v20250717141211/organizationlist_clerk.chips.browser_ea2182_5.73.3-canary.v20250717141211.js.sri
- clerk-js/5.73.3-canary.v20250717141211/organizationlist_clerk.chips.browser_ea2182_5.73.3-canary.v20250717141211.min.js.br
- clerk-js/5.73.3-canary.v20250717141211/organizationlist_clerk.chips.browser_ea2182_5.73.3-canary.v20250717141211.min.js.gz
- clerk-js/5.73.3-canary.v20250717141211/organizationlist_clerk.chips.browser_ea2182_5.73.3-canary.v20250717141211.min.js.sri
- clerk-js/5.73.3-canary.v20250717141211/organizationlist_clerk.legacy.browser_707f67_5.73.3-canary.v20250717141211.js.br
- clerk-js/5.73.3-canary.v20250717141211/organizationlist_clerk.legacy.browser_707f67_5.73.3-canary.v20250717141211.js.gz
- clerk-js/5.73.3-canary.v20250717141211/organizationlist_clerk.legacy.browser_707f67_5.73.3-canary.v20250717141211.js.sri
- clerk-js/5.73.3-canary.v20250717141211/organizationlist_clerk.legacy.browser_707f67_5.73.3-canary.v20250717141211.min.js.br
- clerk-js/5.73.3-canary.v20250717141211/organizationlist_clerk.legacy.browser_707f67_5.73.3-canary.v20250717141211.min.js.gz
- clerk-js/5.73.3-canary.v20250717141211/organizationlist_clerk.legacy.browser_707f67_5.73.3-canary.v20250717141211.min.js.sri
- clerk-js/5.73.3-canary.v20250717141211/organizationprofile_clerk.browser_967c56_5.73.3-canary.v20250717141211.js.br
- clerk-js/5.73.3-canary.v20250717141211/organizationprofile_clerk.browser_967c56_5.73.3-canary.v20250717141211.js.gz
- clerk-js/5.73.3-canary.v20250717141211/organizationprofile_clerk.browser_967c56_5.73.3-canary.v20250717141211.js.sri
- clerk-js/5.73.3-canary.v20250717141211/organizationprofile_clerk.browser_967c56_5.73.3-canary.v20250717141211.min.js.br
- clerk-js/5.73.3-canary.v20250717141211/organizationprofile_clerk.browser_967c56_5.73.3-canary.v20250717141211.min.js.gz
- clerk-js/5.73.3-canary.v20250717141211/organizationprofile_clerk.browser_967c56_5.73.3-canary.v20250717141211.min.js.sri
- clerk-js/5.73.3-canary.v20250717141211/organizationprofile_clerk.chips.browser_ea2182_5.73.3-canary.v20250717141211.js.br
- clerk-js/5.73.3-canary.v20250717141211/organizationprofile_clerk.chips.browser_ea2182_5.73.3-canary.v20250717141211.js.gz
- clerk-js/5.73.3-canary.v20250717141211/organizationprofile_clerk.chips.browser_ea2182_5.73.3-canary.v20250717141211.js.sri
- clerk-js/5.73.3-canary.v20250717141211/organizationprofile_clerk.chips.browser_ea2182_5.73.3-canary.v20250717141211.min.js.br
- clerk-js/5.73.3-canary.v20250717141211/organizationprofile_clerk.chips.browser_ea2182_5.73.3-canary.v20250717141211.min.js.gz
- clerk-js/5.73.3-canary.v20250717141211/organizationprofile_clerk.chips.browser_ea2182_5.73.3-canary.v20250717141211.min.js.sri
- clerk-js/5.73.3-canary.v20250717141211/organizationprofile_clerk.legacy.browser_707f67_5.73.3-canary.v20250717141211.js.br
- clerk-js/5.73.3-canary.v20250717141211/organizationprofile_clerk.legacy.browser_707f67_5.73.3-canary.v20250717141211.js.gz
- clerk-js/5.73.3-canary.v20250717141211/organizationprofile_clerk.legacy.browser_707f67_5.73.3-canary.v20250717141211.js.sri
- clerk-js/5.73.3-canary.v20250717141211/organizationprofile_clerk.legacy.browser_707f67_5.73.3-canary.v20250717141211.min.js.br
- clerk-js/5.73.3-canary.v20250717141211/organizationprofile_clerk.legacy.browser_707f67_5.73.3-canary.v20250717141211.min.js.gz
- clerk-js/5.73.3-canary.v20250717141211/organizationprofile_clerk.legacy.browser_707f67_5.73.3-canary.v20250717141211.min.js.sri
- clerk-js/5.73.3-canary.v20250717141211/organizationswitcher_clerk.browser_967c56_5.73.3-canary.v20250717141211.js.br
- clerk-js/5.73.3-canary.v20250717141211/organizationswitcher_clerk.browser_967c56_5.73.3-canary.v20250717141211.js.gz
- clerk-js/5.73.3-canary.v20250717141211/organizationswitcher_clerk.browser_967c56_5.73.3-canary.v20250717141211.js.sri
- clerk-js/5.73.3-canary.v20250717141211/organizationswitcher_clerk.browser_967c56_5.73.3-canary.v20250717141211.min.js.br
- clerk-js/5.73.3-canary.v20250717141211/organizationswitcher_clerk.browser_967c56_5.73.3-canary.v20250717141211.min.js.gz
- clerk-js/5.73.3-canary.v20250717141211/organizationswitcher_clerk.browser_967c56_5.73.3-canary.v20250717141211.min.js.sri
- clerk-js/5.73.3-canary.v20250717141211/organizationswitcher_clerk.chips.browser_ea2182_5.73.3-canary.v20250717141211.js.br
- clerk-js/5.73.3-canary.v20250717141211/organizationswitcher_clerk.chips.browser_ea2182_5.73.3-canary.v20250717141211.js.gz
- clerk-js/5.73.3-canary.v20250717141211/organizationswitcher_clerk.chips.browser_ea2182_5.73.3-canary.v20250717141211.js.sri
- clerk-js/5.73.3-canary.v20250717141211/organizationswitcher_clerk.chips.browser_ea2182_5.73.3-canary.v20250717141211.min.js.br
- clerk-js/5.73.3-canary.v20250717141211/organizationswitcher_clerk.chips.browser_ea2182_5.73.3-canary.v20250717141211.min.js.gz
- clerk-js/5.73.3-canary.v20250717141211/organizationswitcher_clerk.chips.browser_ea2182_5.73.3-canary.v20250717141211.min.js.sri
- clerk-js/5.73.3-canary.v20250717141211/organizationswitcher_clerk.legacy.browser_707f67_5.73.3-canary.v20250717141211.js.br
- clerk-js/5.73.3-canary.v20250717141211/organizationswitcher_clerk.legacy.browser_707f67_5.73.3-canary.v20250717141211.js.gz
- clerk-js/5.73.3-canary.v20250717141211/organizationswitcher_clerk.legacy.browser_707f67_5.73.3-canary.v20250717141211.js.sri
- clerk-js/5.73.3-canary.v20250717141211/organizationswitcher_clerk.legacy.browser_707f67_5.73.3-canary.v20250717141211.min.js.br
- clerk-js/5.73.3-canary.v20250717141211/organizationswitcher_clerk.legacy.browser_707f67_5.73.3-canary.v20250717141211.min.js.gz
- clerk-js/5.73.3-canary.v20250717141211/organizationswitcher_clerk.legacy.browser_707f67_5.73.3-canary.v20250717141211.min.js.sri
- clerk-js/5.73.3-canary.v20250717141211/payment-attempt-page_clerk.browser_967c56_5.73.3-canary.v20250717141211.js.br
- clerk-js/5.73.3-canary.v20250717141211/payment-attempt-page_clerk.browser_967c56_5.73.3-canary.v20250717141211.js.gz
- clerk-js/5.73.3-canary.v20250717141211/payment-attempt-page_clerk.browser_967c56_5.73.3-canary.v20250717141211.js.sri
- clerk-js/5.73.3-canary.v20250717141211/payment-attempt-page_clerk.browser_967c56_5.73.3-canary.v20250717141211.min.js.br
- clerk-js/5.73.3-canary.v20250717141211/payment-attempt-page_clerk.browser_967c56_5.73.3-canary.v20250717141211.min.js.gz
- clerk-js/5.73.3-canary.v20250717141211/payment-attempt-page_clerk.browser_967c56_5.73.3-canary.v20250717141211.min.js.sri
- clerk-js/5.73.3-canary.v20250717141211/payment-attempt-page_clerk.chips.browser_ea2182_5.73.3-canary.v20250717141211.js.br
- clerk-js/5.73.3-canary.v20250717141211/payment-attempt-page_clerk.chips.browser_ea2182_5.73.3-canary.v20250717141211.js.gz
- clerk-js/5.73.3-canary.v20250717141211/payment-attempt-page_clerk.chips.browser_ea2182_5.73.3-canary.v20250717141211.js.sri
- clerk-js/5.73.3-canary.v20250717141211/payment-attempt-page_clerk.chips.browser_ea2182_5.73.3-canary.v20250717141211.min.js.br
- clerk-js/5.73.3-canary.v20250717141211/payment-attempt-page_clerk.chips.browser_ea2182_5.73.3-canary.v20250717141211.min.js.gz
- clerk-js/5.73.3-canary.v20250717141211/payment-attempt-page_clerk.chips.browser_ea2182_5.73.3-canary.v20250717141211.min.js.sri
- clerk-js/5.73.3-canary.v20250717141211/payment-attempt-page_clerk.legacy.browser_707f67_5.73.3-canary.v20250717141211.js.br
- clerk-js/5.73.3-canary.v20250717141211/payment-attempt-page_clerk.legacy.browser_707f67_5.73.3-canary.v20250717141211.js.gz
- clerk-js/5.73.3-canary.v20250717141211/payment-attempt-page_clerk.legacy.browser_707f67_5.73.3-canary.v20250717141211.js.sri
- clerk-js/5.73.3-canary.v20250717141211/payment-attempt-page_clerk.legacy.browser_707f67_5.73.3-canary.v20250717141211.min.js.br
- clerk-js/5.73.3-canary.v20250717141211/payment-attempt-page_clerk.legacy.browser_707f67_5.73.3-canary.v20250717141211.min.js.gz
- clerk-js/5.73.3-canary.v20250717141211/payment-attempt-page_clerk.legacy.browser_707f67_5.73.3-canary.v20250717141211.min.js.sri
- clerk-js/5.73.3-canary.v20250717141211/planDetails_clerk.browser_967c56_5.73.3-canary.v20250717141211.js.br
- clerk-js/5.73.3-canary.v20250717141211/planDetails_clerk.browser_967c56_5.73.3-canary.v20250717141211.js.gz
- clerk-js/5.73.3-canary.v20250717141211/planDetails_clerk.browser_967c56_5.73.3-canary.v20250717141211.js.sri
- clerk-js/5.73.3-canary.v20250717141211/planDetails_clerk.browser_967c56_5.73.3-canary.v20250717141211.min.js.br
- clerk-js/5.73.3-canary.v20250717141211/planDetails_clerk.browser_967c56_5.73.3-canary.v20250717141211.min.js.gz
- clerk-js/5.73.3-canary.v20250717141211/planDetails_clerk.browser_967c56_5.73.3-canary.v20250717141211.min.js.sri
- clerk-js/5.73.3-canary.v20250717141211/planDetails_clerk.chips.browser_ea2182_5.73.3-canary.v20250717141211.js.br
- clerk-js/5.73.3-canary.v20250717141211/planDetails_clerk.chips.browser_ea2182_5.73.3-canary.v20250717141211.js.gz
- clerk-js/5.73.3-canary.v20250717141211/planDetails_clerk.chips.browser_ea2182_5.73.3-canary.v20250717141211.js.sri
- clerk-js/5.73.3-canary.v20250717141211/planDetails_clerk.chips.browser_ea2182_5.73.3-canary.v20250717141211.min.js.br
- clerk-js/5.73.3-canary.v20250717141211/planDetails_clerk.chips.browser_ea2182_5.73.3-canary.v20250717141211.min.js.gz
- clerk-js/5.73.3-canary.v20250717141211/planDetails_clerk.chips.browser_ea2182_5.73.3-canary.v20250717141211.min.js.sri
- clerk-js/5.73.3-canary.v20250717141211/planDetails_clerk.legacy.browser_707f67_5.73.3-canary.v20250717141211.js.br
- clerk-js/5.73.3-canary.v20250717141211/planDetails_clerk.legacy.browser_707f67_5.73.3-canary.v20250717141211.js.gz
- clerk-js/5.73.3-canary.v20250717141211/planDetails_clerk.legacy.browser_707f67_5.73.3-canary.v20250717141211.js.sri
- clerk-js/5.73.3-canary.v20250717141211/planDetails_clerk.legacy.browser_707f67_5.73.3-canary.v20250717141211.min.js.br
- clerk-js/5.73.3-canary.v20250717141211/planDetails_clerk.legacy.browser_707f67_5.73.3-canary.v20250717141211.min.js.gz
- clerk-js/5.73.3-canary.v20250717141211/planDetails_clerk.legacy.browser_707f67_5.73.3-canary.v20250717141211.min.js.sri
- clerk-js/5.73.3-canary.v20250717141211/prefetchorganizationlist_clerk.browser_967c56_5.73.3-canary.v20250717141211.js.br
- clerk-js/5.73.3-canary.v20250717141211/prefetchorganizationlist_clerk.browser_967c56_5.73.3-canary.v20250717141211.js.gz
- clerk-js/5.73.3-canary.v20250717141211/prefetchorganizationlist_clerk.browser_967c56_5.73.3-canary.v20250717141211.js.sri
- clerk-js/5.73.3-canary.v20250717141211/prefetchorganizationlist_clerk.browser_967c56_5.73.3-canary.v20250717141211.min.js.br
- clerk-js/5.73.3-canary.v20250717141211/prefetchorganizationlist_clerk.browser_967c56_5.73.3-canary.v20250717141211.min.js.gz
- clerk-js/5.73.3-canary.v20250717141211/prefetchorganizationlist_clerk.browser_967c56_5.73.3-canary.v20250717141211.min.js.sri
- clerk-js/5.73.3-canary.v20250717141211/prefetchorganizationlist_clerk.chips.browser_ea2182_5.73.3-canary.v20250717141211.js.br
- clerk-js/5.73.3-canary.v20250717141211/prefetchorganizationlist_clerk.chips.browser_ea2182_5.73.3-canary.v20250717141211.js.gz
- clerk-js/5.73.3-canary.v20250717141211/prefetchorganizationlist_clerk.chips.browser_ea2182_5.73.3-canary.v20250717141211.js.sri
- clerk-js/5.73.3-canary.v20250717141211/prefetchorganizationlist_clerk.chips.browser_ea2182_5.73.3-canary.v20250717141211.min.js.br
- clerk-js/5.73.3-canary.v20250717141211/prefetchorganizationlist_clerk.chips.browser_ea2182_5.73.3-canary.v20250717141211.min.js.gz
- clerk-js/5.73.3-canary.v20250717141211/prefetchorganizationlist_clerk.chips.browser_ea2182_5.73.3-canary.v20250717141211.min.js.sri
- clerk-js/5.73.3-canary.v20250717141211/prefetchorganizationlist_clerk.legacy.browser_707f67_5.73.3-canary.v20250717141211.js.br
- clerk-js/5.73.3-canary.v20250717141211/prefetchorganizationlist_clerk.legacy.browser_707f67_5.73.3-canary.v20250717141211.js.gz
- clerk-js/5.73.3-canary.v20250717141211/prefetchorganizationlist_clerk.legacy.browser_707f67_5.73.3-canary.v20250717141211.js.sri
- clerk-js/5.73.3-canary.v20250717141211/prefetchorganizationlist_clerk.legacy.browser_707f67_5.73.3-canary.v20250717141211.min.js.br
- clerk-js/5.73.3-canary.v20250717141211/prefetchorganizationlist_clerk.legacy.browser_707f67_5.73.3-canary.v20250717141211.min.js.gz
- clerk-js/5.73.3-canary.v20250717141211/prefetchorganizationlist_clerk.legacy.browser_707f67_5.73.3-canary.v20250717141211.min.js.sri
- clerk-js/5.73.3-canary.v20250717141211/pricingTable_clerk.browser_967c56_5.73.3-canary.v20250717141211.js.br
- clerk-js/5.73.3-canary.v20250717141211/pricingTable_clerk.browser_967c56_5.73.3-canary.v20250717141211.js.gz
- clerk-js/5.73.3-canary.v20250717141211/pricingTable_clerk.browser_967c56_5.73.3-canary.v20250717141211.js.sri
- clerk-js/5.73.3-canary.v20250717141211/pricingTable_clerk.browser_967c56_5.73.3-canary.v20250717141211.min.js.br
- clerk-js/5.73.3-canary.v20250717141211/pricingTable_clerk.browser_967c56_5.73.3-canary.v20250717141211.min.js.gz
- clerk-js/5.73.3-canary.v20250717141211/pricingTable_clerk.browser_967c56_5.73.3-canary.v20250717141211.min.js.sri
- clerk-js/5.73.3-canary.v20250717141211/pricingTable_clerk.chips.browser_ea2182_5.73.3-canary.v20250717141211.js.br
- clerk-js/5.73.3-canary.v20250717141211/pricingTable_clerk.chips.browser_ea2182_5.73.3-canary.v20250717141211.js.gz
- clerk-js/5.73.3-canary.v20250717141211/pricingTable_clerk.chips.browser_ea2182_5.73.3-canary.v20250717141211.js.sri
- clerk-js/5.73.3-canary.v20250717141211/pricingTable_clerk.chips.browser_ea2182_5.73.3-canary.v20250717141211.min.js.br
- clerk-js/5.73.3-canary.v20250717141211/pricingTable_clerk.chips.browser_ea2182_5.73.3-canary.v20250717141211.min.js.gz
- clerk-js/5.73.3-canary.v20250717141211/pricingTable_clerk.chips.browser_ea2182_5.73.3-canary.v20250717141211.min.js.sri
- clerk-js/5.73.3-canary.v20250717141211/pricingTable_clerk.legacy.browser_707f67_5.73.3-canary.v20250717141211.js.br
- clerk-js/5.73.3-canary.v20250717141211/pricingTable_clerk.legacy.browser_707f67_5.73.3-canary.v20250717141211.js.gz
- clerk-js/5.73.3-canary.v20250717141211/pricingTable_clerk.legacy.browser_707f67_5.73.3-canary.v20250717141211.js.sri
- clerk-js/5.73.3-canary.v20250717141211/pricingTable_clerk.legacy.browser_707f67_5.73.3-canary.v20250717141211.min.js.br
- clerk-js/5.73.3-canary.v20250717141211/pricingTable_clerk.legacy.browser_707f67_5.73.3-canary.v20250717141211.min.js.gz
- clerk-js/5.73.3-canary.v20250717141211/pricingTable_clerk.legacy.browser_707f67_5.73.3-canary.v20250717141211.min.js.sri
- clerk-js/5.73.3-canary.v20250717141211/revoke-api-key-modal_clerk.browser_967c56_5.73.3-canary.v20250717141211.js.br
- clerk-js/5.73.3-canary.v20250717141211/revoke-api-key-modal_clerk.browser_967c56_5.73.3-canary.v20250717141211.js.gz
- clerk-js/5.73.3-canary.v20250717141211/revoke-api-key-modal_clerk.browser_967c56_5.73.3-canary.v20250717141211.js.sri
- clerk-js/5.73.3-canary.v20250717141211/revoke-api-key-modal_clerk.browser_967c56_5.73.3-canary.v20250717141211.min.js.br
- clerk-js/5.73.3-canary.v20250717141211/revoke-api-key-modal_clerk.browser_967c56_5.73.3-canary.v20250717141211.min.js.gz
- clerk-js/5.73.3-canary.v20250717141211/revoke-api-key-modal_clerk.browser_967c56_5.73.3-canary.v20250717141211.min.js.sri
- clerk-js/5.73.3-canary.v20250717141211/revoke-api-key-modal_clerk.chips.browser_ea2182_5.73.3-canary.v20250717141211.js.br
- clerk-js/5.73.3-canary.v20250717141211/revoke-api-key-modal_clerk.chips.browser_ea2182_5.73.3-canary.v20250717141211.js.gz
- clerk-js/5.73.3-canary.v20250717141211/revoke-api-key-modal_clerk.chips.browser_ea2182_5.73.3-canary.v20250717141211.js.sri
- clerk-js/5.73.3-canary.v20250717141211/revoke-api-key-modal_clerk.chips.browser_ea2182_5.73.3-canary.v20250717141211.min.js.br
- clerk-js/5.73.3-canary.v20250717141211/revoke-api-key-modal_clerk.chips.browser_ea2182_5.73.3-canary.v20250717141211.min.js.gz
- clerk-js/5.73.3-canary.v20250717141211/revoke-api-key-modal_clerk.chips.browser_ea2182_5.73.3-canary.v20250717141211.min.js.sri
- clerk-js/5.73.3-canary.v20250717141211/revoke-api-key-modal_clerk.legacy.browser_707f67_5.73.3-canary.v20250717141211.js.br
- clerk-js/5.73.3-canary.v20250717141211/revoke-api-key-modal_clerk.legacy.browser_707f67_5.73.3-canary.v20250717141211.js.gz
- clerk-js/5.73.3-canary.v20250717141211/revoke-api-key-modal_clerk.legacy.browser_707f67_5.73.3-canary.v20250717141211.js.sri
- clerk-js/5.73.3-canary.v20250717141211/revoke-api-key-modal_clerk.legacy.browser_707f67_5.73.3-canary.v20250717141211.min.js.br
- clerk-js/5.73.3-canary.v20250717141211/revoke-api-key-modal_clerk.legacy.browser_707f67_5.73.3-canary.v20250717141211.min.js.gz
- clerk-js/5.73.3-canary.v20250717141211/revoke-api-key-modal_clerk.legacy.browser_707f67_5.73.3-canary.v20250717141211.min.js.sri
- clerk-js/5.73.3-canary.v20250717141211/sessionTasks_clerk.browser_967c56_5.73.3-canary.v20250717141211.js.br
- clerk-js/5.73.3-canary.v20250717141211/sessionTasks_clerk.browser_967c56_5.73.3-canary.v20250717141211.js.gz
- clerk-js/5.73.3-canary.v20250717141211/sessionTasks_clerk.browser_967c56_5.73.3-canary.v20250717141211.js.sri
- clerk-js/5.73.3-canary.v20250717141211/sessionTasks_clerk.browser_967c56_5.73.3-canary.v20250717141211.min.js.br
- clerk-js/5.73.3-canary.v20250717141211/sessionTasks_clerk.browser_967c56_5.73.3-canary.v20250717141211.min.js.gz
- clerk-js/5.73.3-canary.v20250717141211/sessionTasks_clerk.browser_967c56_5.73.3-canary.v20250717141211.min.js.sri
- clerk-js/5.73.3-canary.v20250717141211/sessionTasks_clerk.chips.browser_ea2182_5.73.3-canary.v20250717141211.js.br
- clerk-js/5.73.3-canary.v20250717141211/sessionTasks_clerk.chips.browser_ea2182_5.73.3-canary.v20250717141211.js.gz
- clerk-js/5.73.3-canary.v20250717141211/sessionTasks_clerk.chips.browser_ea2182_5.73.3-canary.v20250717141211.js.sri
- clerk-js/5.73.3-canary.v20250717141211/sessionTasks_clerk.chips.browser_ea2182_5.73.3-canary.v20250717141211.min.js.br
- clerk-js/5.73.3-canary.v20250717141211/sessionTasks_clerk.chips.browser_ea2182_5.73.3-canary.v20250717141211.min.js.gz
- clerk-js/5.73.3-canary.v20250717141211/sessionTasks_clerk.chips.browser_ea2182_5.73.3-canary.v20250717141211.min.js.sri
- clerk-js/5.73.3-canary.v20250717141211/sessionTasks_clerk.legacy.browser_707f67_5.73.3-canary.v20250717141211.js.br
- clerk-js/5.73.3-canary.v20250717141211/sessionTasks_clerk.legacy.browser_707f67_5.73.3-canary.v20250717141211.js.gz
- clerk-js/5.73.3-canary.v20250717141211/sessionTasks_clerk.legacy.browser_707f67_5.73.3-canary.v20250717141211.js.sri
- clerk-js/5.73.3-canary.v20250717141211/sessionTasks_clerk.legacy.browser_707f67_5.73.3-canary.v20250717141211.min.js.br
- clerk-js/5.73.3-canary.v20250717141211/sessionTasks_clerk.legacy.browser_707f67_5.73.3-canary.v20250717141211.min.js.gz
- clerk-js/5.73.3-canary.v20250717141211/sessionTasks_clerk.legacy.browser_707f67_5.73.3-canary.v20250717141211.min.js.sri
- clerk-js/5.73.3-canary.v20250717141211/signin_clerk.browser_967c56_5.73.3-canary.v20250717141211.js.br
- clerk-js/5.73.3-canary.v20250717141211/signin_clerk.browser_967c56_5.73.3-canary.v20250717141211.js.gz
- clerk-js/5.73.3-canary.v20250717141211/signin_clerk.browser_967c56_5.73.3-canary.v20250717141211.js.sri
- clerk-js/5.73.3-canary.v20250717141211/signin_clerk.browser_967c56_5.73.3-canary.v20250717141211.min.js.br
- clerk-js/5.73.3-canary.v20250717141211/signin_clerk.browser_967c56_5.73.3-canary.v20250717141211.min.js.gz
- clerk-js/5.73.3-canary.v20250717141211/signin_clerk.browser_967c56_5.73.3-canary.v20250717141211.min.js.sri
- clerk-js/5.73.3-canary.v20250717141211/signin_clerk.chips.browser_ea2182_5.73.3-canary.v20250717141211.js.br
- clerk-js/5.73.3-canary.v20250717141211/signin_clerk.chips.browser_ea2182_5.73.3-canary.v20250717141211.js.gz
- clerk-js/5.73.3-canary.v20250717141211/signin_clerk.chips.browser_ea2182_5.73.3-canary.v20250717141211.js.sri
- clerk-js/5.73.3-canary.v20250717141211/signin_clerk.chips.browser_ea2182_5.73.3-canary.v20250717141211.min.js.br
- clerk-js/5.73.3-canary.v20250717141211/signin_clerk.chips.browser_ea2182_5.73.3-canary.v20250717141211.min.js.gz
- clerk-js/5.73.3-canary.v20250717141211/signin_clerk.chips.browser_ea2182_5.73.3-canary.v20250717141211.min.js.sri
- clerk-js/5.73.3-canary.v20250717141211/signin_clerk.legacy.browser_707f67_5.73.3-canary.v20250717141211.js.br
- clerk-js/5.73.3-canary.v20250717141211/signin_clerk.legacy.browser_707f67_5.73.3-canary.v20250717141211.js.gz
- clerk-js/5.73.3-canary.v20250717141211/signin_clerk.legacy.browser_707f67_5.73.3-canary.v20250717141211.js.sri
- clerk-js/5.73.3-canary.v20250717141211/signin_clerk.legacy.browser_707f67_5.73.3-canary.v20250717141211.min.js.br
- clerk-js/5.73.3-canary.v20250717141211/signin_clerk.legacy.browser_707f67_5.73.3-canary.v20250717141211.min.js.gz
- clerk-js/5.73.3-canary.v20250717141211/signin_clerk.legacy.browser_707f67_5.73.3-canary.v20250717141211.min.js.sri
- clerk-js/5.73.3-canary.v20250717141211/signup_clerk.browser_967c56_5.73.3-canary.v20250717141211.js.br
- clerk-js/5.73.3-canary.v20250717141211/signup_clerk.browser_967c56_5.73.3-canary.v20250717141211.js.gz
- clerk-js/5.73.3-canary.v20250717141211/signup_clerk.browser_967c56_5.73.3-canary.v20250717141211.js.sri
- clerk-js/5.73.3-canary.v20250717141211/signup_clerk.browser_967c56_5.73.3-canary.v20250717141211.min.js.br
- clerk-js/5.73.3-canary.v20250717141211/signup_clerk.browser_967c56_5.73.3-canary.v20250717141211.min.js.gz
- clerk-js/5.73.3-canary.v20250717141211/signup_clerk.browser_967c56_5.73.3-canary.v20250717141211.min.js.sri
- clerk-js/5.73.3-canary.v20250717141211/signup_clerk.chips.browser_ea2182_5.73.3-canary.v20250717141211.js.br
- clerk-js/5.73.3-canary.v20250717141211/signup_clerk.chips.browser_ea2182_5.73.3-canary.v20250717141211.js.gz
- clerk-js/5.73.3-canary.v20250717141211/signup_clerk.chips.browser_ea2182_5.73.3-canary.v20250717141211.js.sri
- clerk-js/5.73.3-canary.v20250717141211/signup_clerk.chips.browser_ea2182_5.73.3-canary.v20250717141211.min.js.br
- clerk-js/5.73.3-canary.v20250717141211/signup_clerk.chips.browser_ea2182_5.73.3-canary.v20250717141211.min.js.gz
- clerk-js/5.73.3-canary.v20250717141211/signup_clerk.chips.browser_ea2182_5.73.3-canary.v20250717141211.min.js.sri
- clerk-js/5.73.3-canary.v20250717141211/signup_clerk.legacy.browser_707f67_5.73.3-canary.v20250717141211.js.br
- clerk-js/5.73.3-canary.v20250717141211/signup_clerk.legacy.browser_707f67_5.73.3-canary.v20250717141211.js.gz
- clerk-js/5.73.3-canary.v20250717141211/signup_clerk.legacy.browser_707f67_5.73.3-canary.v20250717141211.js.sri
- clerk-js/5.73.3-canary.v20250717141211/signup_clerk.legacy.browser_707f67_5.73.3-canary.v20250717141211.min.js.br
- clerk-js/5.73.3-canary.v20250717141211/signup_clerk.legacy.browser_707f67_5.73.3-canary.v20250717141211.min.js.gz
- clerk-js/5.73.3-canary.v20250717141211/signup_clerk.legacy.browser_707f67_5.73.3-canary.v20250717141211.min.js.sri
- clerk-js/5.73.3-canary.v20250717141211/statement-page_clerk.browser_967c56_5.73.3-canary.v20250717141211.js.br
- clerk-js/5.73.3-canary.v20250717141211/statement-page_clerk.browser_967c56_5.73.3-canary.v20250717141211.js.gz
- clerk-js/5.73.3-canary.v20250717141211/statement-page_clerk.browser_967c56_5.73.3-canary.v20250717141211.js.sri
- clerk-js/5.73.3-canary.v20250717141211/statement-page_clerk.browser_967c56_5.73.3-canary.v20250717141211.min.js.br
- clerk-js/5.73.3-canary.v20250717141211/statement-page_clerk.browser_967c56_5.73.3-canary.v20250717141211.min.js.gz
- clerk-js/5.73.3-canary.v20250717141211/statement-page_clerk.browser_967c56_5.73.3-canary.v20250717141211.min.js.sri
- clerk-js/5.73.3-canary.v20250717141211/statement-page_clerk.chips.browser_ea2182_5.73.3-canary.v20250717141211.js.br
- clerk-js/5.73.3-canary.v20250717141211/statement-page_clerk.chips.browser_ea2182_5.73.3-canary.v20250717141211.js.gz
- clerk-js/5.73.3-canary.v20250717141211/statement-page_clerk.chips.browser_ea2182_5.73.3-canary.v20250717141211.js.sri
- clerk-js/5.73.3-canary.v20250717141211/statement-page_clerk.chips.browser_ea2182_5.73.3-canary.v20250717141211.min.js.br
- clerk-js/5.73.3-canary.v20250717141211/statement-page_clerk.chips.browser_ea2182_5.73.3-canary.v20250717141211.min.js.gz
- clerk-js/5.73.3-canary.v20250717141211/statement-page_clerk.chips.browser_ea2182_5.73.3-canary.v20250717141211.min.js.sri
- clerk-js/5.73.3-canary.v20250717141211/statement-page_clerk.legacy.browser_707f67_5.73.3-canary.v20250717141211.js.br
- clerk-js/5.73.3-canary.v20250717141211/statement-page_clerk.legacy.browser_707f67_5.73.3-canary.v20250717141211.js.gz
- clerk-js/5.73.3-canary.v20250717141211/statement-page_clerk.legacy.browser_707f67_5.73.3-canary.v20250717141211.js.sri
- clerk-js/5.73.3-canary.v20250717141211/statement-page_clerk.legacy.browser_707f67_5.73.3-canary.v20250717141211.min.js.br
- clerk-js/5.73.3-canary.v20250717141211/statement-page_clerk.legacy.browser_707f67_5.73.3-canary.v20250717141211.min.js.gz
- clerk-js/5.73.3-canary.v20250717141211/statement-page_clerk.legacy.browser_707f67_5.73.3-canary.v20250717141211.min.js.sri
- clerk-js/5.73.3-canary.v20250717141211/stripe-vendors_clerk.browser_967c56_5.73.3-canary.v20250717141211.js.br
- clerk-js/5.73.3-canary.v20250717141211/stripe-vendors_clerk.browser_967c56_5.73.3-canary.v20250717141211.js.gz
- clerk-js/5.73.3-canary.v20250717141211/stripe-vendors_clerk.browser_967c56_5.73.3-canary.v20250717141211.js.sri
- clerk-js/5.73.3-canary.v20250717141211/stripe-vendors_clerk.browser_967c56_5.73.3-canary.v20250717141211.min.js.br
- clerk-js/5.73.3-canary.v20250717141211/stripe-vendors_clerk.browser_967c56_5.73.3-canary.v20250717141211.min.js.gz
- clerk-js/5.73.3-canary.v20250717141211/stripe-vendors_clerk.browser_967c56_5.73.3-canary.v20250717141211.min.js.sri
- clerk-js/5.73.3-canary.v20250717141211/stripe-vendors_clerk.chips.browser_ea2182_5.73.3-canary.v20250717141211.js.br
- clerk-js/5.73.3-canary.v20250717141211/stripe-vendors_clerk.chips.browser_ea2182_5.73.3-canary.v20250717141211.js.gz
- clerk-js/5.73.3-canary.v20250717141211/stripe-vendors_clerk.chips.browser_ea2182_5.73.3-canary.v20250717141211.js.sri
- clerk-js/5.73.3-canary.v20250717141211/stripe-vendors_clerk.chips.browser_ea2182_5.73.3-canary.v20250717141211.min.js.br
- clerk-js/5.73.3-canary.v20250717141211/stripe-vendors_clerk.chips.browser_ea2182_5.73.3-canary.v20250717141211.min.js.gz
- clerk-js/5.73.3-canary.v20250717141211/stripe-vendors_clerk.chips.browser_ea2182_5.73.3-canary.v20250717141211.min.js.sri
- clerk-js/5.73.3-canary.v20250717141211/stripe-vendors_clerk.headless.browser_72ba9a_5.73.3-canary.v20250717141211.js.br
- clerk-js/5.73.3-canary.v20250717141211/stripe-vendors_clerk.headless.browser_72ba9a_5.73.3-canary.v20250717141211.js.gz
- clerk-js/5.73.3-canary.v20250717141211/stripe-vendors_clerk.headless.browser_72ba9a_5.73.3-canary.v20250717141211.js.sri
- clerk-js/5.73.3-canary.v20250717141211/stripe-vendors_clerk.headless.browser_72ba9a_5.73.3-canary.v20250717141211.min.js.br
- clerk-js/5.73.3-canary.v20250717141211/stripe-vendors_clerk.headless.browser_72ba9a_5.73.3-canary.v20250717141211.min.js.gz
- clerk-js/5.73.3-canary.v20250717141211/stripe-vendors_clerk.headless.browser_72ba9a_5.73.3-canary.v20250717141211.min.js.sri
- clerk-js/5.73.3-canary.v20250717141211/stripe-vendors_clerk.legacy.browser_707f67_5.73.3-canary.v20250717141211.js.br
- clerk-js/5.73.3-canary.v20250717141211/stripe-vendors_clerk.legacy.browser_707f67_5.73.3-canary.v20250717141211.js.gz
- clerk-js/5.73.3-canary.v20250717141211/stripe-vendors_clerk.legacy.browser_707f67_5.73.3-canary.v20250717141211.js.sri
- clerk-js/5.73.3-canary.v20250717141211/stripe-vendors_clerk.legacy.browser_707f67_5.73.3-canary.v20250717141211.min.js.br
- clerk-js/5.73.3-canary.v20250717141211/stripe-vendors_clerk.legacy.browser_707f67_5.73.3-canary.v20250717141211.min.js.gz
- clerk-js/5.73.3-canary.v20250717141211/stripe-vendors_clerk.legacy.browser_707f67_5.73.3-canary.v20250717141211.min.js.sri
- clerk-js/5.73.3-canary.v20250717141211/subscriptionDetails_clerk.browser_967c56_5.73.3-canary.v20250717141211.js.br
- clerk-js/5.73.3-canary.v20250717141211/subscriptionDetails_clerk.browser_967c56_5.73.3-canary.v20250717141211.js.gz
- clerk-js/5.73.3-canary.v20250717141211/subscriptionDetails_clerk.browser_967c56_5.73.3-canary.v20250717141211.js.sri
- clerk-js/5.73.3-canary.v20250717141211/subscriptionDetails_clerk.browser_967c56_5.73.3-canary.v20250717141211.min.js.br
- clerk-js/5.73.3-canary.v20250717141211/subscriptionDetails_clerk.browser_967c56_5.73.3-canary.v20250717141211.min.js.gz
- clerk-js/5.73.3-canary.v20250717141211/subscriptionDetails_clerk.browser_967c56_5.73.3-canary.v20250717141211.min.js.sri
- clerk-js/5.73.3-canary.v20250717141211/subscriptionDetails_clerk.chips.browser_ea2182_5.73.3-canary.v20250717141211.js.br
- clerk-js/5.73.3-canary.v20250717141211/subscriptionDetails_clerk.chips.browser_ea2182_5.73.3-canary.v20250717141211.js.gz
- clerk-js/5.73.3-canary.v20250717141211/subscriptionDetails_clerk.chips.browser_ea2182_5.73.3-canary.v20250717141211.js.sri
- clerk-js/5.73.3-canary.v20250717141211/subscriptionDetails_clerk.chips.browser_ea2182_5.73.3-canary.v20250717141211.min.js.br
- clerk-js/5.73.3-canary.v20250717141211/subscriptionDetails_clerk.chips.browser_ea2182_5.73.3-canary.v20250717141211.min.js.gz
- clerk-js/5.73.3-canary.v20250717141211/subscriptionDetails_clerk.chips.browser_ea2182_5.73.3-canary.v20250717141211.min.js.sri
- clerk-js/5.73.3-canary.v20250717141211/subscriptionDetails_clerk.legacy.browser_707f67_5.73.3-canary.v20250717141211.js.br
- clerk-js/5.73.3-canary.v20250717141211/subscriptionDetails_clerk.legacy.browser_707f67_5.73.3-canary.v20250717141211.js.gz
- clerk-js/5.73.3-canary.v20250717141211/subscriptionDetails_clerk.legacy.browser_707f67_5.73.3-canary.v20250717141211.js.sri
- clerk-js/5.73.3-canary.v20250717141211/subscriptionDetails_clerk.legacy.browser_707f67_5.73.3-canary.v20250717141211.min.js.br
- clerk-js/5.73.3-canary.v20250717141211/subscriptionDetails_clerk.legacy.browser_707f67_5.73.3-canary.v20250717141211.min.js.gz
- clerk-js/5.73.3-canary.v20250717141211/subscriptionDetails_clerk.legacy.browser_707f67_5.73.3-canary.v20250717141211.min.js.sri
- clerk-js/5.73.3-canary.v20250717141211/ui-common_clerk.browser_967c56_5.73.3-canary.v20250717141211.js.br
- clerk-js/5.73.3-canary.v20250717141211/ui-common_clerk.browser_967c56_5.73.3-canary.v20250717141211.js.gz
- clerk-js/5.73.3-canary.v20250717141211/ui-common_clerk.browser_967c56_5.73.3-canary.v20250717141211.js.sri
- clerk-js/5.73.3-canary.v20250717141211/ui-common_clerk.browser_967c56_5.73.3-canary.v20250717141211.min.js.br
- clerk-js/5.73.3-canary.v20250717141211/ui-common_clerk.browser_967c56_5.73.3-canary.v20250717141211.min.js.gz
- clerk-js/5.73.3-canary.v20250717141211/ui-common_clerk.browser_967c56_5.73.3-canary.v20250717141211.min.js.sri
- clerk-js/5.73.3-canary.v20250717141211/ui-common_clerk.chips.browser_ea2182_5.73.3-canary.v20250717141211.js.br
- clerk-js/5.73.3-canary.v20250717141211/ui-common_clerk.chips.browser_ea2182_5.73.3-canary.v20250717141211.js.gz
- clerk-js/5.73.3-canary.v20250717141211/ui-common_clerk.chips.browser_ea2182_5.73.3-canary.v20250717141211.js.sri
- clerk-js/5.73.3-canary.v20250717141211/ui-common_clerk.chips.browser_ea2182_5.73.3-canary.v20250717141211.min.js.br
- clerk-js/5.73.3-canary.v20250717141211/ui-common_clerk.chips.browser_ea2182_5.73.3-canary.v20250717141211.min.js.gz
- clerk-js/5.73.3-canary.v20250717141211/ui-common_clerk.chips.browser_ea2182_5.73.3-canary.v20250717141211.min.js.sri
- clerk-js/5.73.3-canary.v20250717141211/ui-common_clerk.legacy.browser_707f67_5.73.3-canary.v20250717141211.js.br
- clerk-js/5.73.3-canary.v20250717141211/ui-common_clerk.legacy.browser_707f67_5.73.3-canary.v20250717141211.js.gz
- clerk-js/5.73.3-canary.v20250717141211/ui-common_clerk.legacy.browser_707f67_5.73.3-canary.v20250717141211.js.sri
- clerk-js/5.73.3-canary.v20250717141211/ui-common_clerk.legacy.browser_707f67_5.73.3-canary.v20250717141211.min.js.br
- clerk-js/5.73.3-canary.v20250717141211/ui-common_clerk.legacy.browser_707f67_5.73.3-canary.v20250717141211.min.js.gz
- clerk-js/5.73.3-canary.v20250717141211/ui-common_clerk.legacy.browser_707f67_5.73.3-canary.v20250717141211.min.js.sri
- clerk-js/5.73.3-canary.v20250717141211/up-api-keys-page_clerk.browser_967c56_5.73.3-canary.v20250717141211.js.br
- clerk-js/5.73.3-canary.v20250717141211/up-api-keys-page_clerk.browser_967c56_5.73.3-canary.v20250717141211.js.gz
- clerk-js/5.73.3-canary.v20250717141211/up-api-keys-page_clerk.browser_967c56_5.73.3-canary.v20250717141211.js.sri
- clerk-js/5.73.3-canary.v20250717141211/up-api-keys-page_clerk.browser_967c56_5.73.3-canary.v20250717141211.min.js.br
- clerk-js/5.73.3-canary.v20250717141211/up-api-keys-page_clerk.browser_967c56_5.73.3-canary.v20250717141211.min.js.gz
- clerk-js/5.73.3-canary.v20250717141211/up-api-keys-page_clerk.browser_967c56_5.73.3-canary.v20250717141211.min.js.sri
- clerk-js/5.73.3-canary.v20250717141211/up-api-keys-page_clerk.chips.browser_ea2182_5.73.3-canary.v20250717141211.js.br
- clerk-js/5.73.3-canary.v20250717141211/up-api-keys-page_clerk.chips.browser_ea2182_5.73.3-canary.v20250717141211.js.gz
- clerk-js/5.73.3-canary.v20250717141211/up-api-keys-page_clerk.chips.browser_ea2182_5.73.3-canary.v20250717141211.js.sri
- clerk-js/5.73.3-canary.v20250717141211/up-api-keys-page_clerk.chips.browser_ea2182_5.73.3-canary.v20250717141211.min.js.br
- clerk-js/5.73.3-canary.v20250717141211/up-api-keys-page_clerk.chips.browser_ea2182_5.73.3-canary.v20250717141211.min.js.gz
- clerk-js/5.73.3-canary.v20250717141211/up-api-keys-page_clerk.chips.browser_ea2182_5.73.3-canary.v20250717141211.min.js.sri
- clerk-js/5.73.3-canary.v20250717141211/up-api-keys-page_clerk.legacy.browser_707f67_5.73.3-canary.v20250717141211.js.br
- clerk-js/5.73.3-canary.v20250717141211/up-api-keys-page_clerk.legacy.browser_707f67_5.73.3-canary.v20250717141211.js.gz
- clerk-js/5.73.3-canary.v20250717141211/up-api-keys-page_clerk.legacy.browser_707f67_5.73.3-canary.v20250717141211.js.sri
- clerk-js/5.73.3-canary.v20250717141211/up-api-keys-page_clerk.legacy.browser_707f67_5.73.3-canary.v20250717141211.min.js.br
- clerk-js/5.73.3-canary.v20250717141211/up-api-keys-page_clerk.legacy.browser_707f67_5.73.3-canary.v20250717141211.min.js.gz
- clerk-js/5.73.3-canary.v20250717141211/up-api-keys-page_clerk.legacy.browser_707f67_5.73.3-canary.v20250717141211.min.js.sri
- clerk-js/5.73.3-canary.v20250717141211/up-billing-page_clerk.browser_967c56_5.73.3-canary.v20250717141211.js.br
- clerk-js/5.73.3-canary.v20250717141211/up-billing-page_clerk.browser_967c56_5.73.3-canary.v20250717141211.js.gz
- clerk-js/5.73.3-canary.v20250717141211/up-billing-page_clerk.browser_967c56_5.73.3-canary.v20250717141211.js.sri
- clerk-js/5.73.3-canary.v20250717141211/up-billing-page_clerk.browser_967c56_5.73.3-canary.v20250717141211.min.js.br
- clerk-js/5.73.3-canary.v20250717141211/up-billing-page_clerk.browser_967c56_5.73.3-canary.v20250717141211.min.js.gz
- clerk-js/5.73.3-canary.v20250717141211/up-billing-page_clerk.browser_967c56_5.73.3-canary.v20250717141211.min.js.sri
- clerk-js/5.73.3-canary.v20250717141211/up-billing-page_clerk.chips.browser_ea2182_5.73.3-canary.v20250717141211.js.br
- clerk-js/5.73.3-canary.v20250717141211/up-billing-page_clerk.chips.browser_ea2182_5.73.3-canary.v20250717141211.js.gz
- clerk-js/5.73.3-canary.v20250717141211/up-billing-page_clerk.chips.browser_ea2182_5.73.3-canary.v20250717141211.js.sri
- clerk-js/5.73.3-canary.v20250717141211/up-billing-page_clerk.chips.browser_ea2182_5.73.3-canary.v20250717141211.min.js.br
- clerk-js/5.73.3-canary.v20250717141211/up-billing-page_clerk.chips.browser_ea2182_5.73.3-canary.v20250717141211.min.js.gz
- clerk-js/5.73.3-canary.v20250717141211/up-billing-page_clerk.chips.browser_ea2182_5.73.3-canary.v20250717141211.min.js.sri
- clerk-js/5.73.3-canary.v20250717141211/up-billing-page_clerk.legacy.browser_707f67_5.73.3-canary.v20250717141211.js.br
- clerk-js/5.73.3-canary.v20250717141211/up-billing-page_clerk.legacy.browser_707f67_5.73.3-canary.v20250717141211.js.gz
- clerk-js/5.73.3-canary.v20250717141211/up-billing-page_clerk.legacy.browser_707f67_5.73.3-canary.v20250717141211.js.sri
- clerk-js/5.73.3-canary.v20250717141211/up-billing-page_clerk.legacy.browser_707f67_5.73.3-canary.v20250717141211.min.js.br
- clerk-js/5.73.3-canary.v20250717141211/up-billing-page_clerk.legacy.browser_707f67_5.73.3-canary.v20250717141211.min.js.gz
- clerk-js/5.73.3-canary.v20250717141211/up-billing-page_clerk.legacy.browser_707f67_5.73.3-canary.v20250717141211.min.js.sri
- clerk-js/5.73.3-canary.v20250717141211/up-plans-page_clerk.browser_967c56_5.73.3-canary.v20250717141211.js.br
- clerk-js/5.73.3-canary.v20250717141211/up-plans-page_clerk.browser_967c56_5.73.3-canary.v20250717141211.js.gz
- clerk-js/5.73.3-canary.v20250717141211/up-plans-page_clerk.browser_967c56_5.73.3-canary.v20250717141211.js.sri
- clerk-js/5.73.3-canary.v20250717141211/up-plans-page_clerk.browser_967c56_5.73.3-canary.v20250717141211.min.js.br
- clerk-js/5.73.3-canary.v20250717141211/up-plans-page_clerk.browser_967c56_5.73.3-canary.v20250717141211.min.js.gz
- clerk-js/5.73.3-canary.v20250717141211/up-plans-page_clerk.browser_967c56_5.73.3-canary.v20250717141211.min.js.sri
- clerk-js/5.73.3-canary.v20250717141211/up-plans-page_clerk.chips.browser_ea2182_5.73.3-canary.v20250717141211.js.br
- clerk-js/5.73.3-canary.v20250717141211/up-plans-page_clerk.chips.browser_ea2182_5.73.3-canary.v20250717141211.js.gz
- clerk-js/5.73.3-canary.v20250717141211/up-plans-page_clerk.chips.browser_ea2182_5.73.3-canary.v20250717141211.js.sri
- clerk-js/5.73.3-canary.v20250717141211/up-plans-page_clerk.chips.browser_ea2182_5.73.3-canary.v20250717141211.min.js.br
- clerk-js/5.73.3-canary.v20250717141211/up-plans-page_clerk.chips.browser_ea2182_5.73.3-canary.v20250717141211.min.js.gz
- clerk-js/5.73.3-canary.v20250717141211/up-plans-page_clerk.chips.browser_ea2182_5.73.3-canary.v20250717141211.min.js.sri
- clerk-js/5.73.3-canary.v20250717141211/up-plans-page_clerk.legacy.browser_707f67_5.73.3-canary.v20250717141211.js.br
- clerk-js/5.73.3-canary.v20250717141211/up-plans-page_clerk.legacy.browser_707f67_5.73.3-canary.v20250717141211.js.gz
- clerk-js/5.73.3-canary.v20250717141211/up-plans-page_clerk.legacy.browser_707f67_5.73.3-canary.v20250717141211.js.sri
- clerk-js/5.73.3-canary.v20250717141211/up-plans-page_clerk.legacy.browser_707f67_5.73.3-canary.v20250717141211.min.js.br
- clerk-js/5.73.3-canary.v20250717141211/up-plans-page_clerk.legacy.browser_707f67_5.73.3-canary.v20250717141211.min.js.gz
- clerk-js/5.73.3-canary.v20250717141211/up-plans-page_clerk.legacy.browser_707f67_5.73.3-canary.v20250717141211.min.js.sri
- clerk-js/5.73.3-canary.v20250717141211/userbutton_clerk.browser_967c56_5.73.3-canary.v20250717141211.js.br
- clerk-js/5.73.3-canary.v20250717141211/userbutton_clerk.browser_967c56_5.73.3-canary.v20250717141211.js.gz
- clerk-js/5.73.3-canary.v20250717141211/userbutton_clerk.browser_967c56_5.73.3-canary.v20250717141211.js.sri
- clerk-js/5.73.3-canary.v20250717141211/userbutton_clerk.browser_967c56_5.73.3-canary.v20250717141211.min.js.br
- clerk-js/5.73.3-canary.v20250717141211/userbutton_clerk.browser_967c56_5.73.3-canary.v20250717141211.min.js.gz
- clerk-js/5.73.3-canary.v20250717141211/userbutton_clerk.browser_967c56_5.73.3-canary.v20250717141211.min.js.sri
- clerk-js/5.73.3-canary.v20250717141211/userbutton_clerk.chips.browser_ea2182_5.73.3-canary.v20250717141211.js.br
- clerk-js/5.73.3-canary.v20250717141211/userbutton_clerk.chips.browser_ea2182_5.73.3-canary.v20250717141211.js.gz
- clerk-js/5.73.3-canary.v20250717141211/userbutton_clerk.chips.browser_ea2182_5.73.3-canary.v20250717141211.js.sri
- clerk-js/5.73.3-canary.v20250717141211/userbutton_clerk.chips.browser_ea2182_5.73.3-canary.v20250717141211.min.js.br
- clerk-js/5.73.3-canary.v20250717141211/userbutton_clerk.chips.browser_ea2182_5.73.3-canary.v20250717141211.min.js.gz
- clerk-js/5.73.3-canary.v20250717141211/userbutton_clerk.chips.browser_ea2182_5.73.3-canary.v20250717141211.min.js.sri
- clerk-js/5.73.3-canary.v20250717141211/userbutton_clerk.legacy.browser_707f67_5.73.3-canary.v20250717141211.js.br
- clerk-js/5.73.3-canary.v20250717141211/userbutton_clerk.legacy.browser_707f67_5.73.3-canary.v20250717141211.js.gz
- clerk-js/5.73.3-canary.v20250717141211/userbutton_clerk.legacy.browser_707f67_5.73.3-canary.v20250717141211.js.sri
- clerk-js/5.73.3-canary.v20250717141211/userbutton_clerk.legacy.browser_707f67_5.73.3-canary.v20250717141211.min.js.br
- clerk-js/5.73.3-canary.v20250717141211/userbutton_clerk.legacy.browser_707f67_5.73.3-canary.v20250717141211.min.js.gz
- clerk-js/5.73.3-canary.v20250717141211/userbutton_clerk.legacy.browser_707f67_5.73.3-canary.v20250717141211.min.js.sri
- clerk-js/5.73.3-canary.v20250717141211/userprofile_clerk.browser_967c56_5.73.3-canary.v20250717141211.js.br
- clerk-js/5.73.3-canary.v20250717141211/userprofile_clerk.browser_967c56_5.73.3-canary.v20250717141211.js.gz
- clerk-js/5.73.3-canary.v20250717141211/userprofile_clerk.browser_967c56_5.73.3-canary.v20250717141211.js.sri
- clerk-js/5.73.3-canary.v20250717141211/userprofile_clerk.browser_967c56_5.73.3-canary.v20250717141211.min.js.br
- clerk-js/5.73.3-canary.v20250717141211/userprofile_clerk.browser_967c56_5.73.3-canary.v20250717141211.min.js.gz
- clerk-js/5.73.3-canary.v20250717141211/userprofile_clerk.browser_967c56_5.73.3-canary.v20250717141211.min.js.sri
- clerk-js/5.73.3-canary.v20250717141211/userprofile_clerk.chips.browser_ea2182_5.73.3-canary.v20250717141211.js.br
- clerk-js/5.73.3-canary.v20250717141211/userprofile_clerk.chips.browser_ea2182_5.73.3-canary.v20250717141211.js.gz
- clerk-js/5.73.3-canary.v20250717141211/userprofile_clerk.chips.browser_ea2182_5.73.3-canary.v20250717141211.js.sri
- clerk-js/5.73.3-canary.v20250717141211/userprofile_clerk.chips.browser_ea2182_5.73.3-canary.v20250717141211.min.js.br
- clerk-js/5.73.3-canary.v20250717141211/userprofile_clerk.chips.browser_ea2182_5.73.3-canary.v20250717141211.min.js.gz
- clerk-js/5.73.3-canary.v20250717141211/userprofile_clerk.chips.browser_ea2182_5.73.3-canary.v20250717141211.min.js.sri
- clerk-js/5.73.3-canary.v20250717141211/userprofile_clerk.legacy.browser_707f67_5.73.3-canary.v20250717141211.js.br
- clerk-js/5.73.3-canary.v20250717141211/userprofile_clerk.legacy.browser_707f67_5.73.3-canary.v20250717141211.js.gz
- clerk-js/5.73.3-canary.v20250717141211/userprofile_clerk.legacy.browser_707f67_5.73.3-canary.v20250717141211.js.sri
- clerk-js/5.73.3-canary.v20250717141211/userprofile_clerk.legacy.browser_707f67_5.73.3-canary.v20250717141211.min.js.br
- clerk-js/5.73.3-canary.v20250717141211/userprofile_clerk.legacy.browser_707f67_5.73.3-canary.v20250717141211.min.js.gz
- clerk-js/5.73.3-canary.v20250717141211/userprofile_clerk.legacy.browser_707f67_5.73.3-canary.v20250717141211.min.js.sri
- clerk-js/5.73.3-canary.v20250717141211/userverification_clerk.browser_967c56_5.73.3-canary.v20250717141211.js.br
- clerk-js/5.73.3-canary.v20250717141211/userverification_clerk.browser_967c56_5.73.3-canary.v20250717141211.js.gz
- clerk-js/5.73.3-canary.v20250717141211/userverification_clerk.browser_967c56_5.73.3-canary.v20250717141211.js.sri
- clerk-js/5.73.3-canary.v20250717141211/userverification_clerk.browser_967c56_5.73.3-canary.v20250717141211.min.js.br
- clerk-js/5.73.3-canary.v20250717141211/userverification_clerk.browser_967c56_5.73.3-canary.v20250717141211.min.js.gz
- clerk-js/5.73.3-canary.v20250717141211/userverification_clerk.browser_967c56_5.73.3-canary.v20250717141211.min.js.sri
- clerk-js/5.73.3-canary.v20250717141211/userverification_clerk.chips.browser_ea2182_5.73.3-canary.v20250717141211.js.br
- clerk-js/5.73.3-canary.v20250717141211/userverification_clerk.chips.browser_ea2182_5.73.3-canary.v20250717141211.js.gz
- clerk-js/5.73.3-canary.v20250717141211/userverification_clerk.chips.browser_ea2182_5.73.3-canary.v20250717141211.js.sri
- clerk-js/5.73.3-canary.v20250717141211/userverification_clerk.chips.browser_ea2182_5.73.3-canary.v20250717141211.min.js.br
- clerk-js/5.73.3-canary.v20250717141211/userverification_clerk.chips.browser_ea2182_5.73.3-canary.v20250717141211.min.js.gz
- clerk-js/5.73.3-canary.v20250717141211/userverification_clerk.chips.browser_ea2182_5.73.3-canary.v20250717141211.min.js.sri
- clerk-js/5.73.3-canary.v20250717141211/userverification_clerk.legacy.browser_707f67_5.73.3-canary.v20250717141211.js.br
- clerk-js/5.73.3-canary.v20250717141211/userverification_clerk.legacy.browser_707f67_5.73.3-canary.v20250717141211.js.gz
- clerk-js/5.73.3-canary.v20250717141211/userverification_clerk.legacy.browser_707f67_5.73.3-canary.v20250717141211.js.sri
- clerk-js/5.73.3-canary.v20250717141211/userverification_clerk.legacy.browser_707f67_5.73.3-canary.v20250717141211.min.js.br
- clerk-js/5.73.3-canary.v20250717141211/userverification_clerk.legacy.browser_707f67_5.73.3-canary.v20250717141211.min.js.gz
- clerk-js/5.73.3-canary.v20250717141211/userverification_clerk.legacy.browser_707f67_5.73.3-canary.v20250717141211.min.js.sri
- clerk-js/5.73.3-canary.v20250717141211/vendors_clerk.browser_967c56_5.73.3-canary.v20250717141211.js.br
- clerk-js/5.73.3-canary.v20250717141211/vendors_clerk.browser_967c56_5.73.3-canary.v20250717141211.js.gz
- clerk-js/5.73.3-canary.v20250717141211/vendors_clerk.browser_967c56_5.73.3-canary.v20250717141211.js.sri
- clerk-js/5.73.3-canary.v20250717141211/vendors_clerk.browser_967c56_5.73.3-canary.v20250717141211.min.js.br
- clerk-js/5.73.3-canary.v20250717141211/vendors_clerk.browser_967c56_5.73.3-canary.v20250717141211.min.js.gz
- clerk-js/5.73.3-canary.v20250717141211/vendors_clerk.browser_967c56_5.73.3-canary.v20250717141211.min.js.sri
- clerk-js/5.73.3-canary.v20250717141211/vendors_clerk.chips.browser_ea2182_5.73.3-canary.v20250717141211.js.br
- clerk-js/5.73.3-canary.v20250717141211/vendors_clerk.chips.browser_ea2182_5.73.3-canary.v20250717141211.js.gz
- clerk-js/5.73.3-canary.v20250717141211/vendors_clerk.chips.browser_ea2182_5.73.3-canary.v20250717141211.js.sri
- clerk-js/5.73.3-canary.v20250717141211/vendors_clerk.chips.browser_ea2182_5.73.3-canary.v20250717141211.min.js.br
- clerk-js/5.73.3-canary.v20250717141211/vendors_clerk.chips.browser_ea2182_5.73.3-canary.v20250717141211.min.js.gz
- clerk-js/5.73.3-canary.v20250717141211/vendors_clerk.chips.browser_ea2182_5.73.3-canary.v20250717141211.min.js.sri
- clerk-js/5.73.3-canary.v20250717141211/vendors_clerk.headless.browser_72ba9a_5.73.3-canary.v20250717141211.js.br
- clerk-js/5.73.3-canary.v20250717141211/vendors_clerk.headless.browser_72ba9a_5.73.3-canary.v20250717141211.js.gz
- clerk-js/5.73.3-canary.v20250717141211/vendors_clerk.headless.browser_72ba9a_5.73.3-canary.v20250717141211.js.sri
- clerk-js/5.73.3-canary.v20250717141211/vendors_clerk.headless.browser_72ba9a_5.73.3-canary.v20250717141211.min.js.br
- clerk-js/5.73.3-canary.v20250717141211/vendors_clerk.headless.browser_72ba9a_5.73.3-canary.v20250717141211.min.js.gz
- clerk-js/5.73.3-canary.v20250717141211/vendors_clerk.headless.browser_72ba9a_5.73.3-canary.v20250717141211.min.js.sri
- clerk-js/5.73.3-canary.v20250717141211/vendors_clerk.legacy.browser_707f67_5.73.3-canary.v20250717141211.js.br
- clerk-js/5.73.3-canary.v20250717141211/vendors_clerk.legacy.browser_707f67_5.73.3-canary.v20250717141211.js.gz
- clerk-js/5.73.3-canary.v20250717141211/vendors_clerk.legacy.browser_707f67_5.73.3-canary.v20250717141211.js.sri
- clerk-js/5.73.3-canary.v20250717141211/vendors_clerk.legacy.browser_707f67_5.73.3-canary.v20250717141211.min.js.br
- clerk-js/5.73.3-canary.v20250717141211/vendors_clerk.legacy.browser_707f67_5.73.3-canary.v20250717141211.min.js.gz
- clerk-js/5.73.3-canary.v20250717141211/vendors_clerk.legacy.browser_707f67_5.73.3-canary.v20250717141211.min.js.sri
- clerk-js/5.73.3-canary.v20250717141211/waitlist_clerk.browser_967c56_5.73.3-canary.v20250717141211.js.br
- clerk-js/5.73.3-canary.v20250717141211/waitlist_clerk.browser_967c56_5.73.3-canary.v20250717141211.js.gz
- clerk-js/5.73.3-canary.v20250717141211/waitlist_clerk.browser_967c56_5.73.3-canary.v20250717141211.js.sri
- clerk-js/5.73.3-canary.v20250717141211/waitlist_clerk.browser_967c56_5.73.3-canary.v20250717141211.min.js.br
- clerk-js/5.73.3-canary.v20250717141211/waitlist_clerk.browser_967c56_5.73.3-canary.v20250717141211.min.js.gz
- clerk-js/5.73.3-canary.v20250717141211/waitlist_clerk.browser_967c56_5.73.3-canary.v20250717141211.min.js.sri
- clerk-js/5.73.3-canary.v20250717141211/waitlist_clerk.chips.browser_ea2182_5.73.3-canary.v20250717141211.js.br
- clerk-js/5.73.3-canary.v20250717141211/waitlist_clerk.chips.browser_ea2182_5.73.3-canary.v20250717141211.js.gz
- clerk-js/5.73.3-canary.v20250717141211/waitlist_clerk.chips.browser_ea2182_5.73.3-canary.v20250717141211.js.sri
- clerk-js/5.73.3-canary.v20250717141211/waitlist_clerk.chips.browser_ea2182_5.73.3-canary.v20250717141211.min.js.br
- clerk-js/5.73.3-canary.v20250717141211/waitlist_clerk.chips.browser_ea2182_5.73.3-canary.v20250717141211.min.js.gz
- clerk-js/5.73.3-canary.v20250717141211/waitlist_clerk.chips.browser_ea2182_5.73.3-canary.v20250717141211.min.js.sri
- clerk-js/5.73.3-canary.v20250717141211/waitlist_clerk.legacy.browser_707f67_5.73.3-canary.v20250717141211.js.br
- clerk-js/5.73.3-canary.v20250717141211/waitlist_clerk.legacy.browser_707f67_5.73.3-canary.v20250717141211.js.gz
- clerk-js/5.73.3-canary.v20250717141211/waitlist_clerk.legacy.browser_707f67_5.73.3-canary.v20250717141211.js.sri
- clerk-js/5.73.3-canary.v20250717141211/waitlist_clerk.legacy.browser_707f67_5.73.3-canary.v20250717141211.min.js.br
- clerk-js/5.73.3-canary.v20250717141211/waitlist_clerk.legacy.browser_707f67_5.73.3-canary.v20250717141211.min.js.gz
- clerk-js/5.73.3-canary.v20250717141211/waitlist_clerk.legacy.browser_707f67_5.73.3-canary.v20250717141211.min.js.sri
- clerk-js/5.73.3-canary.v20250717141211/zxcvbn-common_clerk.browser_967c56_5.73.3-canary.v20250717141211.js.br
- clerk-js/5.73.3-canary.v20250717141211/zxcvbn-common_clerk.browser_967c56_5.73.3-canary.v20250717141211.js.gz
- clerk-js/5.73.3-canary.v20250717141211/zxcvbn-common_clerk.browser_967c56_5.73.3-canary.v20250717141211.js.sri
- clerk-js/5.73.3-canary.v20250717141211/zxcvbn-common_clerk.browser_967c56_5.73.3-canary.v20250717141211.min.js.br
- clerk-js/5.73.3-canary.v20250717141211/zxcvbn-common_clerk.browser_967c56_5.73.3-canary.v20250717141211.min.js.gz
- clerk-js/5.73.3-canary.v20250717141211/zxcvbn-common_clerk.browser_967c56_5.73.3-canary.v20250717141211.min.js.sri
- clerk-js/5.73.3-canary.v20250717141211/zxcvbn-common_clerk.chips.browser_ea2182_5.73.3-canary.v20250717141211.js.br
- clerk-js/5.73.3-canary.v20250717141211/zxcvbn-common_clerk.chips.browser_ea2182_5.73.3-canary.v20250717141211.js.gz
- clerk-js/5.73.3-canary.v20250717141211/zxcvbn-common_clerk.chips.browser_ea2182_5.73.3-canary.v20250717141211.js.sri
- clerk-js/5.73.3-canary.v20250717141211/zxcvbn-common_clerk.chips.browser_ea2182_5.73.3-canary.v20250717141211.min.js.br
- clerk-js/5.73.3-canary.v20250717141211/zxcvbn-common_clerk.chips.browser_ea2182_5.73.3-canary.v20250717141211.min.js.gz
- clerk-js/5.73.3-canary.v20250717141211/zxcvbn-common_clerk.chips.browser_ea2182_5.73.3-canary.v20250717141211.min.js.sri
- clerk-js/5.73.3-canary.v20250717141211/zxcvbn-common_clerk.headless.browser_72ba9a_5.73.3-canary.v20250717141211.js.br
- clerk-js/5.73.3-canary.v20250717141211/zxcvbn-common_clerk.headless.browser_72ba9a_5.73.3-canary.v20250717141211.js.gz
- clerk-js/5.73.3-canary.v20250717141211/zxcvbn-common_clerk.headless.browser_72ba9a_5.73.3-canary.v20250717141211.js.sri
- clerk-js/5.73.3-canary.v20250717141211/zxcvbn-common_clerk.headless.browser_72ba9a_5.73.3-canary.v20250717141211.min.js.br
- clerk-js/5.73.3-canary.v20250717141211/zxcvbn-common_clerk.headless.browser_72ba9a_5.73.3-canary.v20250717141211.min.js.gz
- clerk-js/5.73.3-canary.v20250717141211/zxcvbn-common_clerk.headless.browser_72ba9a_5.73.3-canary.v20250717141211.min.js.sri
- clerk-js/5.73.3-canary.v20250717141211/zxcvbn-common_clerk.legacy.browser_707f67_5.73.3-canary.v20250717141211.js.br
- clerk-js/5.73.3-canary.v20250717141211/zxcvbn-common_clerk.legacy.browser_707f67_5.73.3-canary.v20250717141211.js.gz
- clerk-js/5.73.3-canary.v20250717141211/zxcvbn-common_clerk.legacy.browser_707f67_5.73.3-canary.v20250717141211.js.sri
- clerk-js/5.73.3-canary.v20250717141211/zxcvbn-common_clerk.legacy.browser_707f67_5.73.3-canary.v20250717141211.min.js.br
- clerk-js/5.73.3-canary.v20250717141211/zxcvbn-common_clerk.legacy.browser_707f67_5.73.3-canary.v20250717141211.min.js.gz
- clerk-js/5.73.3-canary.v20250717141211/zxcvbn-common_clerk.legacy.browser_707f67_5.73.3-canary.v20250717141211.min.js.sri
- clerk-js/5.73.3-canary.v20250717141211/zxcvbn-ts-core_clerk.browser_967c56_5.73.3-canary.v20250717141211.js.br
- clerk-js/5.73.3-canary.v20250717141211/zxcvbn-ts-core_clerk.browser_967c56_5.73.3-canary.v20250717141211.js.gz
- clerk-js/5.73.3-canary.v20250717141211/zxcvbn-ts-core_clerk.browser_967c56_5.73.3-canary.v20250717141211.js.sri
- clerk-js/5.73.3-canary.v20250717141211/zxcvbn-ts-core_clerk.browser_967c56_5.73.3-canary.v20250717141211.min.js.br
- clerk-js/5.73.3-canary.v20250717141211/zxcvbn-ts-core_clerk.browser_967c56_5.73.3-canary.v20250717141211.min.js.gz
- clerk-js/5.73.3-canary.v20250717141211/zxcvbn-ts-core_clerk.browser_967c56_5.73.3-canary.v20250717141211.min.js.sri
- clerk-js/5.73.3-canary.v20250717141211/zxcvbn-ts-core_clerk.chips.browser_ea2182_5.73.3-canary.v20250717141211.js.br
- clerk-js/5.73.3-canary.v20250717141211/zxcvbn-ts-core_clerk.chips.browser_ea2182_5.73.3-canary.v20250717141211.js.gz
- clerk-js/5.73.3-canary.v20250717141211/zxcvbn-ts-core_clerk.chips.browser_ea2182_5.73.3-canary.v20250717141211.js.sri
- clerk-js/5.73.3-canary.v20250717141211/zxcvbn-ts-core_clerk.chips.browser_ea2182_5.73.3-canary.v20250717141211.min.js.br
- clerk-js/5.73.3-canary.v20250717141211/zxcvbn-ts-core_clerk.chips.browser_ea2182_5.73.3-canary.v20250717141211.min.js.gz
- clerk-js/5.73.3-canary.v20250717141211/zxcvbn-ts-core_clerk.chips.browser_ea2182_5.73.3-canary.v20250717141211.min.js.sri
- clerk-js/5.73.3-canary.v20250717141211/zxcvbn-ts-core_clerk.headless.browser_72ba9a_5.73.3-canary.v20250717141211.js.br
- clerk-js/5.73.3-canary.v20250717141211/zxcvbn-ts-core_clerk.headless.browser_72ba9a_5.73.3-canary.v20250717141211.js.gz
- clerk-js/5.73.3-canary.v20250717141211/zxcvbn-ts-core_clerk.headless.browser_72ba9a_5.73.3-canary.v20250717141211.js.sri
- clerk-js/5.73.3-canary.v20250717141211/zxcvbn-ts-core_clerk.headless.browser_72ba9a_5.73.3-canary.v20250717141211.min.js.br
- clerk-js/5.73.3-canary.v20250717141211/zxcvbn-ts-core_clerk.headless.browser_72ba9a_5.73.3-canary.v20250717141211.min.js.gz
- clerk-js/5.73.3-canary.v20250717141211/zxcvbn-ts-core_clerk.headless.browser_72ba9a_5.73.3-canary.v20250717141211.min.js.sri
- clerk-js/5.73.3-canary.v20250717141211/zxcvbn-ts-core_clerk.legacy.browser_707f67_5.73.3-canary.v20250717141211.js.br
- clerk-js/5.73.3-canary.v20250717141211/zxcvbn-ts-core_clerk.legacy.browser_707f67_5.73.3-canary.v20250717141211.js.gz
- clerk-js/5.73.3-canary.v20250717141211/zxcvbn-ts-core_clerk.legacy.browser_707f67_5.73.3-canary.v20250717141211.js.sri
- clerk-js/5.73.3-canary.v20250717141211/zxcvbn-ts-core_clerk.legacy.browser_707f67_5.73.3-canary.v20250717141211.min.js.br
- clerk-js/5.73.3-canary.v20250717141211/zxcvbn-ts-core_clerk.legacy.browser_707f67_5.73.3-canary.v20250717141211.min.js.gz
- clerk-js/5.73.3-canary.v20250717141211/zxcvbn-ts-core_clerk.legacy.browser_707f67_5.73.3-canary.v20250717141211.min.js.sri
