Files:
- clerk-js/5.74.1-canary.v20250717234319/192_clerk.browser_be0cbd_5.74.1-canary.v20250717234319.js.br
- clerk-js/5.74.1-canary.v20250717234319/192_clerk.browser_be0cbd_5.74.1-canary.v20250717234319.js.gz
- clerk-js/5.74.1-canary.v20250717234319/192_clerk.browser_be0cbd_5.74.1-canary.v20250717234319.js.sri
- clerk-js/5.74.1-canary.v20250717234319/192_clerk.browser_be0cbd_5.74.1-canary.v20250717234319.min.js.br
- clerk-js/5.74.1-canary.v20250717234319/192_clerk.browser_be0cbd_5.74.1-canary.v20250717234319.min.js.gz
- clerk-js/5.74.1-canary.v20250717234319/192_clerk.browser_be0cbd_5.74.1-canary.v20250717234319.min.js.sri
- clerk-js/5.74.1-canary.v20250717234319/192_clerk.chips.browser_045418_5.74.1-canary.v20250717234319.js.br
- clerk-js/5.74.1-canary.v20250717234319/192_clerk.chips.browser_045418_5.74.1-canary.v20250717234319.js.gz
- clerk-js/5.74.1-canary.v20250717234319/192_clerk.chips.browser_045418_5.74.1-canary.v20250717234319.js.sri
- clerk-js/5.74.1-canary.v20250717234319/192_clerk.chips.browser_045418_5.74.1-canary.v20250717234319.min.js.br
- clerk-js/5.74.1-canary.v20250717234319/192_clerk.chips.browser_045418_5.74.1-canary.v20250717234319.min.js.gz
- clerk-js/5.74.1-canary.v20250717234319/192_clerk.chips.browser_045418_5.74.1-canary.v20250717234319.min.js.sri
- clerk-js/5.74.1-canary.v20250717234319/192_clerk.legacy.browser_b29197_5.74.1-canary.v20250717234319.js.br
- clerk-js/5.74.1-canary.v20250717234319/192_clerk.legacy.browser_b29197_5.74.1-canary.v20250717234319.js.gz
- clerk-js/5.74.1-canary.v20250717234319/192_clerk.legacy.browser_b29197_5.74.1-canary.v20250717234319.js.sri
- clerk-js/5.74.1-canary.v20250717234319/192_clerk.legacy.browser_b29197_5.74.1-canary.v20250717234319.min.js.br
- clerk-js/5.74.1-canary.v20250717234319/192_clerk.legacy.browser_b29197_5.74.1-canary.v20250717234319.min.js.gz
- clerk-js/5.74.1-canary.v20250717234319/192_clerk.legacy.browser_b29197_5.74.1-canary.v20250717234319.min.js.sri
- clerk-js/5.74.1-canary.v20250717234319/294_clerk.browser_be0cbd_5.74.1-canary.v20250717234319.js.br
- clerk-js/5.74.1-canary.v20250717234319/294_clerk.browser_be0cbd_5.74.1-canary.v20250717234319.js.gz
- clerk-js/5.74.1-canary.v20250717234319/294_clerk.browser_be0cbd_5.74.1-canary.v20250717234319.js.sri
- clerk-js/5.74.1-canary.v20250717234319/294_clerk.browser_be0cbd_5.74.1-canary.v20250717234319.min.js.br
- clerk-js/5.74.1-canary.v20250717234319/294_clerk.browser_be0cbd_5.74.1-canary.v20250717234319.min.js.gz
- clerk-js/5.74.1-canary.v20250717234319/294_clerk.browser_be0cbd_5.74.1-canary.v20250717234319.min.js.sri
- clerk-js/5.74.1-canary.v20250717234319/294_clerk.chips.browser_045418_5.74.1-canary.v20250717234319.js.br
- clerk-js/5.74.1-canary.v20250717234319/294_clerk.chips.browser_045418_5.74.1-canary.v20250717234319.js.gz
- clerk-js/5.74.1-canary.v20250717234319/294_clerk.chips.browser_045418_5.74.1-canary.v20250717234319.js.sri
- clerk-js/5.74.1-canary.v20250717234319/294_clerk.chips.browser_045418_5.74.1-canary.v20250717234319.min.js.br
- clerk-js/5.74.1-canary.v20250717234319/294_clerk.chips.browser_045418_5.74.1-canary.v20250717234319.min.js.gz
- clerk-js/5.74.1-canary.v20250717234319/294_clerk.chips.browser_045418_5.74.1-canary.v20250717234319.min.js.sri
- clerk-js/5.74.1-canary.v20250717234319/294_clerk.legacy.browser_b29197_5.74.1-canary.v20250717234319.js.br
- clerk-js/5.74.1-canary.v20250717234319/294_clerk.legacy.browser_b29197_5.74.1-canary.v20250717234319.js.gz
- clerk-js/5.74.1-canary.v20250717234319/294_clerk.legacy.browser_b29197_5.74.1-canary.v20250717234319.js.sri
- clerk-js/5.74.1-canary.v20250717234319/294_clerk.legacy.browser_b29197_5.74.1-canary.v20250717234319.min.js.br
- clerk-js/5.74.1-canary.v20250717234319/294_clerk.legacy.browser_b29197_5.74.1-canary.v20250717234319.min.js.gz
- clerk-js/5.74.1-canary.v20250717234319/294_clerk.legacy.browser_b29197_5.74.1-canary.v20250717234319.min.js.sri
- clerk-js/5.74.1-canary.v20250717234319/377_clerk.headless_5ba9c6_5.74.1-canary.v20250717234319.js.br
- clerk-js/5.74.1-canary.v20250717234319/377_clerk.headless_5ba9c6_5.74.1-canary.v20250717234319.js.gz
- clerk-js/5.74.1-canary.v20250717234319/377_clerk.headless_5ba9c6_5.74.1-canary.v20250717234319.js.sri
- clerk-js/5.74.1-canary.v20250717234319/377_clerk.headless_5ba9c6_5.74.1-canary.v20250717234319.min.js.br
- clerk-js/5.74.1-canary.v20250717234319/377_clerk.headless_5ba9c6_5.74.1-canary.v20250717234319.min.js.gz
- clerk-js/5.74.1-canary.v20250717234319/377_clerk.headless_5ba9c6_5.74.1-canary.v20250717234319.min.js.sri
- clerk-js/5.74.1-canary.v20250717234319/544_clerk.browser_be0cbd_5.74.1-canary.v20250717234319.js.br
- clerk-js/5.74.1-canary.v20250717234319/544_clerk.browser_be0cbd_5.74.1-canary.v20250717234319.js.gz
- clerk-js/5.74.1-canary.v20250717234319/544_clerk.browser_be0cbd_5.74.1-canary.v20250717234319.js.sri
- clerk-js/5.74.1-canary.v20250717234319/544_clerk.browser_be0cbd_5.74.1-canary.v20250717234319.min.js.br
- clerk-js/5.74.1-canary.v20250717234319/544_clerk.browser_be0cbd_5.74.1-canary.v20250717234319.min.js.gz
- clerk-js/5.74.1-canary.v20250717234319/544_clerk.browser_be0cbd_5.74.1-canary.v20250717234319.min.js.sri
- clerk-js/5.74.1-canary.v20250717234319/544_clerk.chips.browser_045418_5.74.1-canary.v20250717234319.js.br
- clerk-js/5.74.1-canary.v20250717234319/544_clerk.chips.browser_045418_5.74.1-canary.v20250717234319.js.gz
- clerk-js/5.74.1-canary.v20250717234319/544_clerk.chips.browser_045418_5.74.1-canary.v20250717234319.js.sri
- clerk-js/5.74.1-canary.v20250717234319/544_clerk.chips.browser_045418_5.74.1-canary.v20250717234319.min.js.br
- clerk-js/5.74.1-canary.v20250717234319/544_clerk.chips.browser_045418_5.74.1-canary.v20250717234319.min.js.gz
- clerk-js/5.74.1-canary.v20250717234319/544_clerk.chips.browser_045418_5.74.1-canary.v20250717234319.min.js.sri
- clerk-js/5.74.1-canary.v20250717234319/544_clerk.legacy.browser_b29197_5.74.1-canary.v20250717234319.js.br
- clerk-js/5.74.1-canary.v20250717234319/544_clerk.legacy.browser_b29197_5.74.1-canary.v20250717234319.js.gz
- clerk-js/5.74.1-canary.v20250717234319/544_clerk.legacy.browser_b29197_5.74.1-canary.v20250717234319.js.sri
- clerk-js/5.74.1-canary.v20250717234319/544_clerk.legacy.browser_b29197_5.74.1-canary.v20250717234319.min.js.br
- clerk-js/5.74.1-canary.v20250717234319/544_clerk.legacy.browser_b29197_5.74.1-canary.v20250717234319.min.js.gz
- clerk-js/5.74.1-canary.v20250717234319/544_clerk.legacy.browser_b29197_5.74.1-canary.v20250717234319.min.js.sri
- clerk-js/5.74.1-canary.v20250717234319/553_clerk.headless_5ba9c6_5.74.1-canary.v20250717234319.js.br
- clerk-js/5.74.1-canary.v20250717234319/553_clerk.headless_5ba9c6_5.74.1-canary.v20250717234319.js.gz
- clerk-js/5.74.1-canary.v20250717234319/553_clerk.headless_5ba9c6_5.74.1-canary.v20250717234319.js.sri
- clerk-js/5.74.1-canary.v20250717234319/553_clerk.headless_5ba9c6_5.74.1-canary.v20250717234319.min.js.br
- clerk-js/5.74.1-canary.v20250717234319/553_clerk.headless_5ba9c6_5.74.1-canary.v20250717234319.min.js.gz
- clerk-js/5.74.1-canary.v20250717234319/553_clerk.headless_5ba9c6_5.74.1-canary.v20250717234319.min.js.sri
- clerk-js/5.74.1-canary.v20250717234319/645_clerk.browser_be0cbd_5.74.1-canary.v20250717234319.js.br
- clerk-js/5.74.1-canary.v20250717234319/645_clerk.browser_be0cbd_5.74.1-canary.v20250717234319.js.gz
- clerk-js/5.74.1-canary.v20250717234319/645_clerk.browser_be0cbd_5.74.1-canary.v20250717234319.js.sri
- clerk-js/5.74.1-canary.v20250717234319/645_clerk.browser_be0cbd_5.74.1-canary.v20250717234319.min.js.br
- clerk-js/5.74.1-canary.v20250717234319/645_clerk.browser_be0cbd_5.74.1-canary.v20250717234319.min.js.gz
- clerk-js/5.74.1-canary.v20250717234319/645_clerk.browser_be0cbd_5.74.1-canary.v20250717234319.min.js.sri
- clerk-js/5.74.1-canary.v20250717234319/645_clerk.chips.browser_045418_5.74.1-canary.v20250717234319.js.br
- clerk-js/5.74.1-canary.v20250717234319/645_clerk.chips.browser_045418_5.74.1-canary.v20250717234319.js.gz
- clerk-js/5.74.1-canary.v20250717234319/645_clerk.chips.browser_045418_5.74.1-canary.v20250717234319.js.sri
- clerk-js/5.74.1-canary.v20250717234319/645_clerk.chips.browser_045418_5.74.1-canary.v20250717234319.min.js.br
- clerk-js/5.74.1-canary.v20250717234319/645_clerk.chips.browser_045418_5.74.1-canary.v20250717234319.min.js.gz
- clerk-js/5.74.1-canary.v20250717234319/645_clerk.chips.browser_045418_5.74.1-canary.v20250717234319.min.js.sri
- clerk-js/5.74.1-canary.v20250717234319/645_clerk.legacy.browser_b29197_5.74.1-canary.v20250717234319.js.br
- clerk-js/5.74.1-canary.v20250717234319/645_clerk.legacy.browser_b29197_5.74.1-canary.v20250717234319.js.gz
- clerk-js/5.74.1-canary.v20250717234319/645_clerk.legacy.browser_b29197_5.74.1-canary.v20250717234319.js.sri
- clerk-js/5.74.1-canary.v20250717234319/645_clerk.legacy.browser_b29197_5.74.1-canary.v20250717234319.min.js.br
- clerk-js/5.74.1-canary.v20250717234319/645_clerk.legacy.browser_b29197_5.74.1-canary.v20250717234319.min.js.gz
- clerk-js/5.74.1-canary.v20250717234319/645_clerk.legacy.browser_b29197_5.74.1-canary.v20250717234319.min.js.sri
- clerk-js/5.74.1-canary.v20250717234319/66_clerk.browser_be0cbd_5.74.1-canary.v20250717234319.js.br
- clerk-js/5.74.1-canary.v20250717234319/66_clerk.browser_be0cbd_5.74.1-canary.v20250717234319.js.gz
- clerk-js/5.74.1-canary.v20250717234319/66_clerk.browser_be0cbd_5.74.1-canary.v20250717234319.js.sri
- clerk-js/5.74.1-canary.v20250717234319/66_clerk.browser_be0cbd_5.74.1-canary.v20250717234319.min.js.br
- clerk-js/5.74.1-canary.v20250717234319/66_clerk.browser_be0cbd_5.74.1-canary.v20250717234319.min.js.gz
- clerk-js/5.74.1-canary.v20250717234319/66_clerk.browser_be0cbd_5.74.1-canary.v20250717234319.min.js.sri
- clerk-js/5.74.1-canary.v20250717234319/66_clerk.chips.browser_045418_5.74.1-canary.v20250717234319.js.br
- clerk-js/5.74.1-canary.v20250717234319/66_clerk.chips.browser_045418_5.74.1-canary.v20250717234319.js.gz
- clerk-js/5.74.1-canary.v20250717234319/66_clerk.chips.browser_045418_5.74.1-canary.v20250717234319.js.sri
- clerk-js/5.74.1-canary.v20250717234319/66_clerk.chips.browser_045418_5.74.1-canary.v20250717234319.min.js.br
- clerk-js/5.74.1-canary.v20250717234319/66_clerk.chips.browser_045418_5.74.1-canary.v20250717234319.min.js.gz
- clerk-js/5.74.1-canary.v20250717234319/66_clerk.chips.browser_045418_5.74.1-canary.v20250717234319.min.js.sri
- clerk-js/5.74.1-canary.v20250717234319/66_clerk.legacy.browser_b29197_5.74.1-canary.v20250717234319.js.br
- clerk-js/5.74.1-canary.v20250717234319/66_clerk.legacy.browser_b29197_5.74.1-canary.v20250717234319.js.gz
- clerk-js/5.74.1-canary.v20250717234319/66_clerk.legacy.browser_b29197_5.74.1-canary.v20250717234319.js.sri
- clerk-js/5.74.1-canary.v20250717234319/66_clerk.legacy.browser_b29197_5.74.1-canary.v20250717234319.min.js.br
- clerk-js/5.74.1-canary.v20250717234319/66_clerk.legacy.browser_b29197_5.74.1-canary.v20250717234319.min.js.gz
- clerk-js/5.74.1-canary.v20250717234319/66_clerk.legacy.browser_b29197_5.74.1-canary.v20250717234319.min.js.sri
- clerk-js/5.74.1-canary.v20250717234319/890_clerk.headless_5ba9c6_5.74.1-canary.v20250717234319.js.br
- clerk-js/5.74.1-canary.v20250717234319/890_clerk.headless_5ba9c6_5.74.1-canary.v20250717234319.js.gz
- clerk-js/5.74.1-canary.v20250717234319/890_clerk.headless_5ba9c6_5.74.1-canary.v20250717234319.js.sri
- clerk-js/5.74.1-canary.v20250717234319/890_clerk.headless_5ba9c6_5.74.1-canary.v20250717234319.min.js.br
- clerk-js/5.74.1-canary.v20250717234319/890_clerk.headless_5ba9c6_5.74.1-canary.v20250717234319.min.js.gz
- clerk-js/5.74.1-canary.v20250717234319/890_clerk.headless_5ba9c6_5.74.1-canary.v20250717234319.min.js.sri
- clerk-js/5.74.1-canary.v20250717234319/965_clerk.headless_5ba9c6_5.74.1-canary.v20250717234319.js.br
- clerk-js/5.74.1-canary.v20250717234319/965_clerk.headless_5ba9c6_5.74.1-canary.v20250717234319.js.gz
- clerk-js/5.74.1-canary.v20250717234319/965_clerk.headless_5ba9c6_5.74.1-canary.v20250717234319.js.sri
- clerk-js/5.74.1-canary.v20250717234319/965_clerk.headless_5ba9c6_5.74.1-canary.v20250717234319.min.js.br
- clerk-js/5.74.1-canary.v20250717234319/965_clerk.headless_5ba9c6_5.74.1-canary.v20250717234319.min.js.gz
- clerk-js/5.74.1-canary.v20250717234319/965_clerk.headless_5ba9c6_5.74.1-canary.v20250717234319.min.js.sri
- clerk-js/5.74.1-canary.v20250717234319/apiKeys_clerk.browser_be0cbd_5.74.1-canary.v20250717234319.js.br
- clerk-js/5.74.1-canary.v20250717234319/apiKeys_clerk.browser_be0cbd_5.74.1-canary.v20250717234319.js.gz
- clerk-js/5.74.1-canary.v20250717234319/apiKeys_clerk.browser_be0cbd_5.74.1-canary.v20250717234319.js.sri
- clerk-js/5.74.1-canary.v20250717234319/apiKeys_clerk.browser_be0cbd_5.74.1-canary.v20250717234319.min.js.br
- clerk-js/5.74.1-canary.v20250717234319/apiKeys_clerk.browser_be0cbd_5.74.1-canary.v20250717234319.min.js.gz
- clerk-js/5.74.1-canary.v20250717234319/apiKeys_clerk.browser_be0cbd_5.74.1-canary.v20250717234319.min.js.sri
- clerk-js/5.74.1-canary.v20250717234319/apiKeys_clerk.chips.browser_045418_5.74.1-canary.v20250717234319.js.br
- clerk-js/5.74.1-canary.v20250717234319/apiKeys_clerk.chips.browser_045418_5.74.1-canary.v20250717234319.js.gz
- clerk-js/5.74.1-canary.v20250717234319/apiKeys_clerk.chips.browser_045418_5.74.1-canary.v20250717234319.js.sri
- clerk-js/5.74.1-canary.v20250717234319/apiKeys_clerk.chips.browser_045418_5.74.1-canary.v20250717234319.min.js.br
- clerk-js/5.74.1-canary.v20250717234319/apiKeys_clerk.chips.browser_045418_5.74.1-canary.v20250717234319.min.js.gz
- clerk-js/5.74.1-canary.v20250717234319/apiKeys_clerk.chips.browser_045418_5.74.1-canary.v20250717234319.min.js.sri
- clerk-js/5.74.1-canary.v20250717234319/apiKeys_clerk.legacy.browser_b29197_5.74.1-canary.v20250717234319.js.br
- clerk-js/5.74.1-canary.v20250717234319/apiKeys_clerk.legacy.browser_b29197_5.74.1-canary.v20250717234319.js.gz
- clerk-js/5.74.1-canary.v20250717234319/apiKeys_clerk.legacy.browser_b29197_5.74.1-canary.v20250717234319.js.sri
- clerk-js/5.74.1-canary.v20250717234319/apiKeys_clerk.legacy.browser_b29197_5.74.1-canary.v20250717234319.min.js.br
- clerk-js/5.74.1-canary.v20250717234319/apiKeys_clerk.legacy.browser_b29197_5.74.1-canary.v20250717234319.min.js.gz
- clerk-js/5.74.1-canary.v20250717234319/apiKeys_clerk.legacy.browser_b29197_5.74.1-canary.v20250717234319.min.js.sri
- clerk-js/5.74.1-canary.v20250717234319/blankcaptcha_clerk.browser_be0cbd_5.74.1-canary.v20250717234319.js.br
- clerk-js/5.74.1-canary.v20250717234319/blankcaptcha_clerk.browser_be0cbd_5.74.1-canary.v20250717234319.js.gz
- clerk-js/5.74.1-canary.v20250717234319/blankcaptcha_clerk.browser_be0cbd_5.74.1-canary.v20250717234319.js.sri
- clerk-js/5.74.1-canary.v20250717234319/blankcaptcha_clerk.browser_be0cbd_5.74.1-canary.v20250717234319.min.js.br
- clerk-js/5.74.1-canary.v20250717234319/blankcaptcha_clerk.browser_be0cbd_5.74.1-canary.v20250717234319.min.js.gz
- clerk-js/5.74.1-canary.v20250717234319/blankcaptcha_clerk.browser_be0cbd_5.74.1-canary.v20250717234319.min.js.sri
- clerk-js/5.74.1-canary.v20250717234319/blankcaptcha_clerk.chips.browser_045418_5.74.1-canary.v20250717234319.js.br
- clerk-js/5.74.1-canary.v20250717234319/blankcaptcha_clerk.chips.browser_045418_5.74.1-canary.v20250717234319.js.gz
- clerk-js/5.74.1-canary.v20250717234319/blankcaptcha_clerk.chips.browser_045418_5.74.1-canary.v20250717234319.js.sri
- clerk-js/5.74.1-canary.v20250717234319/blankcaptcha_clerk.chips.browser_045418_5.74.1-canary.v20250717234319.min.js.br
- clerk-js/5.74.1-canary.v20250717234319/blankcaptcha_clerk.chips.browser_045418_5.74.1-canary.v20250717234319.min.js.gz
- clerk-js/5.74.1-canary.v20250717234319/blankcaptcha_clerk.chips.browser_045418_5.74.1-canary.v20250717234319.min.js.sri
- clerk-js/5.74.1-canary.v20250717234319/blankcaptcha_clerk.legacy.browser_b29197_5.74.1-canary.v20250717234319.js.br
- clerk-js/5.74.1-canary.v20250717234319/blankcaptcha_clerk.legacy.browser_b29197_5.74.1-canary.v20250717234319.js.gz
- clerk-js/5.74.1-canary.v20250717234319/blankcaptcha_clerk.legacy.browser_b29197_5.74.1-canary.v20250717234319.js.sri
- clerk-js/5.74.1-canary.v20250717234319/blankcaptcha_clerk.legacy.browser_b29197_5.74.1-canary.v20250717234319.min.js.br
- clerk-js/5.74.1-canary.v20250717234319/blankcaptcha_clerk.legacy.browser_b29197_5.74.1-canary.v20250717234319.min.js.gz
- clerk-js/5.74.1-canary.v20250717234319/blankcaptcha_clerk.legacy.browser_b29197_5.74.1-canary.v20250717234319.min.js.sri
- clerk-js/5.74.1-canary.v20250717234319/checkout_clerk.browser_be0cbd_5.74.1-canary.v20250717234319.js.br
- clerk-js/5.74.1-canary.v20250717234319/checkout_clerk.browser_be0cbd_5.74.1-canary.v20250717234319.js.gz
- clerk-js/5.74.1-canary.v20250717234319/checkout_clerk.browser_be0cbd_5.74.1-canary.v20250717234319.js.sri
- clerk-js/5.74.1-canary.v20250717234319/checkout_clerk.browser_be0cbd_5.74.1-canary.v20250717234319.min.js.br
- clerk-js/5.74.1-canary.v20250717234319/checkout_clerk.browser_be0cbd_5.74.1-canary.v20250717234319.min.js.gz
- clerk-js/5.74.1-canary.v20250717234319/checkout_clerk.browser_be0cbd_5.74.1-canary.v20250717234319.min.js.sri
- clerk-js/5.74.1-canary.v20250717234319/checkout_clerk.chips.browser_045418_5.74.1-canary.v20250717234319.js.br
- clerk-js/5.74.1-canary.v20250717234319/checkout_clerk.chips.browser_045418_5.74.1-canary.v20250717234319.js.gz
- clerk-js/5.74.1-canary.v20250717234319/checkout_clerk.chips.browser_045418_5.74.1-canary.v20250717234319.js.sri
- clerk-js/5.74.1-canary.v20250717234319/checkout_clerk.chips.browser_045418_5.74.1-canary.v20250717234319.min.js.br
- clerk-js/5.74.1-canary.v20250717234319/checkout_clerk.chips.browser_045418_5.74.1-canary.v20250717234319.min.js.gz
- clerk-js/5.74.1-canary.v20250717234319/checkout_clerk.chips.browser_045418_5.74.1-canary.v20250717234319.min.js.sri
- clerk-js/5.74.1-canary.v20250717234319/checkout_clerk.legacy.browser_b29197_5.74.1-canary.v20250717234319.js.br
- clerk-js/5.74.1-canary.v20250717234319/checkout_clerk.legacy.browser_b29197_5.74.1-canary.v20250717234319.js.gz
- clerk-js/5.74.1-canary.v20250717234319/checkout_clerk.legacy.browser_b29197_5.74.1-canary.v20250717234319.js.sri
- clerk-js/5.74.1-canary.v20250717234319/checkout_clerk.legacy.browser_b29197_5.74.1-canary.v20250717234319.min.js.br
- clerk-js/5.74.1-canary.v20250717234319/checkout_clerk.legacy.browser_b29197_5.74.1-canary.v20250717234319.min.js.gz
- clerk-js/5.74.1-canary.v20250717234319/checkout_clerk.legacy.browser_b29197_5.74.1-canary.v20250717234319.min.js.sri
- clerk-js/5.74.1-canary.v20250717234319/clerk.browser.js.br
- clerk-js/5.74.1-canary.v20250717234319/clerk.browser.js.gz
- clerk-js/5.74.1-canary.v20250717234319/clerk.browser.js.sri
- clerk-js/5.74.1-canary.v20250717234319/clerk.browser.min.js.br
- clerk-js/5.74.1-canary.v20250717234319/clerk.browser.min.js.gz
- clerk-js/5.74.1-canary.v20250717234319/clerk.browser.min.js.sri
- clerk-js/5.74.1-canary.v20250717234319/clerk.chips.browser.js.br
- clerk-js/5.74.1-canary.v20250717234319/clerk.chips.browser.js.gz
- clerk-js/5.74.1-canary.v20250717234319/clerk.chips.browser.js.sri
- clerk-js/5.74.1-canary.v20250717234319/clerk.chips.browser.min.js.br
- clerk-js/5.74.1-canary.v20250717234319/clerk.chips.browser.min.js.gz
- clerk-js/5.74.1-canary.v20250717234319/clerk.chips.browser.min.js.sri
- clerk-js/5.74.1-canary.v20250717234319/clerk.headless.browser.js.br
- clerk-js/5.74.1-canary.v20250717234319/clerk.headless.browser.js.gz
- clerk-js/5.74.1-canary.v20250717234319/clerk.headless.browser.js.sri
- clerk-js/5.74.1-canary.v20250717234319/clerk.headless.browser.min.js.br
- clerk-js/5.74.1-canary.v20250717234319/clerk.headless.browser.min.js.gz
- clerk-js/5.74.1-canary.v20250717234319/clerk.headless.browser.min.js.sri
- clerk-js/5.74.1-canary.v20250717234319/clerk.headless.js.br
- clerk-js/5.74.1-canary.v20250717234319/clerk.headless.js.gz
- clerk-js/5.74.1-canary.v20250717234319/clerk.headless.js.sri
- clerk-js/5.74.1-canary.v20250717234319/clerk.headless.min.js.br
- clerk-js/5.74.1-canary.v20250717234319/clerk.headless.min.js.gz
- clerk-js/5.74.1-canary.v20250717234319/clerk.headless.min.js.sri
- clerk-js/5.74.1-canary.v20250717234319/clerk.js.br
- clerk-js/5.74.1-canary.v20250717234319/clerk.js.gz
- clerk-js/5.74.1-canary.v20250717234319/clerk.js.sri
- clerk-js/5.74.1-canary.v20250717234319/clerk.legacy.browser.js.br
- clerk-js/5.74.1-canary.v20250717234319/clerk.legacy.browser.js.gz
- clerk-js/5.74.1-canary.v20250717234319/clerk.legacy.browser.js.sri
- clerk-js/5.74.1-canary.v20250717234319/clerk.legacy.browser.min.js.br
- clerk-js/5.74.1-canary.v20250717234319/clerk.legacy.browser.min.js.gz
- clerk-js/5.74.1-canary.v20250717234319/clerk.legacy.browser.min.js.sri
- clerk-js/5.74.1-canary.v20250717234319/clerk.min.js.br
- clerk-js/5.74.1-canary.v20250717234319/clerk.min.js.gz
- clerk-js/5.74.1-canary.v20250717234319/clerk.min.js.sri
- clerk-js/5.74.1-canary.v20250717234319/clerk.mjs.br
- clerk-js/5.74.1-canary.v20250717234319/clerk.mjs.gz
- clerk-js/5.74.1-canary.v20250717234319/clerk.no-rhc.js.br
- clerk-js/5.74.1-canary.v20250717234319/clerk.no-rhc.js.gz
- clerk-js/5.74.1-canary.v20250717234319/clerk.no-rhc.js.sri
- clerk-js/5.74.1-canary.v20250717234319/clerk.no-rhc.min.js.br
- clerk-js/5.74.1-canary.v20250717234319/clerk.no-rhc.min.js.gz
- clerk-js/5.74.1-canary.v20250717234319/clerk.no-rhc.min.js.sri
- clerk-js/5.74.1-canary.v20250717234319/clerk.no-rhc.mjs.br
- clerk-js/5.74.1-canary.v20250717234319/clerk.no-rhc.mjs.gz
- clerk-js/5.74.1-canary.v20250717234319/coinbase-wallet-sdk_clerk.browser_be0cbd_5.74.1-canary.v20250717234319.js.br
- clerk-js/5.74.1-canary.v20250717234319/coinbase-wallet-sdk_clerk.browser_be0cbd_5.74.1-canary.v20250717234319.js.gz
- clerk-js/5.74.1-canary.v20250717234319/coinbase-wallet-sdk_clerk.browser_be0cbd_5.74.1-canary.v20250717234319.js.sri
- clerk-js/5.74.1-canary.v20250717234319/coinbase-wallet-sdk_clerk.browser_be0cbd_5.74.1-canary.v20250717234319.min.js.br
- clerk-js/5.74.1-canary.v20250717234319/coinbase-wallet-sdk_clerk.browser_be0cbd_5.74.1-canary.v20250717234319.min.js.gz
- clerk-js/5.74.1-canary.v20250717234319/coinbase-wallet-sdk_clerk.browser_be0cbd_5.74.1-canary.v20250717234319.min.js.sri
- clerk-js/5.74.1-canary.v20250717234319/coinbase-wallet-sdk_clerk.chips.browser_045418_5.74.1-canary.v20250717234319.js.br
- clerk-js/5.74.1-canary.v20250717234319/coinbase-wallet-sdk_clerk.chips.browser_045418_5.74.1-canary.v20250717234319.js.gz
- clerk-js/5.74.1-canary.v20250717234319/coinbase-wallet-sdk_clerk.chips.browser_045418_5.74.1-canary.v20250717234319.js.sri
- clerk-js/5.74.1-canary.v20250717234319/coinbase-wallet-sdk_clerk.chips.browser_045418_5.74.1-canary.v20250717234319.min.js.br
- clerk-js/5.74.1-canary.v20250717234319/coinbase-wallet-sdk_clerk.chips.browser_045418_5.74.1-canary.v20250717234319.min.js.gz
- clerk-js/5.74.1-canary.v20250717234319/coinbase-wallet-sdk_clerk.chips.browser_045418_5.74.1-canary.v20250717234319.min.js.sri
- clerk-js/5.74.1-canary.v20250717234319/coinbase-wallet-sdk_clerk.headless.browser_00e5d4_5.74.1-canary.v20250717234319.js.br
- clerk-js/5.74.1-canary.v20250717234319/coinbase-wallet-sdk_clerk.headless.browser_00e5d4_5.74.1-canary.v20250717234319.js.gz
- clerk-js/5.74.1-canary.v20250717234319/coinbase-wallet-sdk_clerk.headless.browser_00e5d4_5.74.1-canary.v20250717234319.js.sri
- clerk-js/5.74.1-canary.v20250717234319/coinbase-wallet-sdk_clerk.headless.browser_00e5d4_5.74.1-canary.v20250717234319.min.js.br
- clerk-js/5.74.1-canary.v20250717234319/coinbase-wallet-sdk_clerk.headless.browser_00e5d4_5.74.1-canary.v20250717234319.min.js.gz
- clerk-js/5.74.1-canary.v20250717234319/coinbase-wallet-sdk_clerk.headless.browser_00e5d4_5.74.1-canary.v20250717234319.min.js.sri
- clerk-js/5.74.1-canary.v20250717234319/coinbase-wallet-sdk_clerk.legacy.browser_b29197_5.74.1-canary.v20250717234319.js.br
- clerk-js/5.74.1-canary.v20250717234319/coinbase-wallet-sdk_clerk.legacy.browser_b29197_5.74.1-canary.v20250717234319.js.gz
- clerk-js/5.74.1-canary.v20250717234319/coinbase-wallet-sdk_clerk.legacy.browser_b29197_5.74.1-canary.v20250717234319.js.sri
- clerk-js/5.74.1-canary.v20250717234319/coinbase-wallet-sdk_clerk.legacy.browser_b29197_5.74.1-canary.v20250717234319.min.js.br
- clerk-js/5.74.1-canary.v20250717234319/coinbase-wallet-sdk_clerk.legacy.browser_b29197_5.74.1-canary.v20250717234319.min.js.gz
- clerk-js/5.74.1-canary.v20250717234319/coinbase-wallet-sdk_clerk.legacy.browser_b29197_5.74.1-canary.v20250717234319.min.js.sri
- clerk-js/5.74.1-canary.v20250717234319/cookieSuffix_clerk.browser_be0cbd_5.74.1-canary.v20250717234319.js.br
- clerk-js/5.74.1-canary.v20250717234319/cookieSuffix_clerk.browser_be0cbd_5.74.1-canary.v20250717234319.js.gz
- clerk-js/5.74.1-canary.v20250717234319/cookieSuffix_clerk.browser_be0cbd_5.74.1-canary.v20250717234319.js.sri
- clerk-js/5.74.1-canary.v20250717234319/cookieSuffix_clerk.browser_be0cbd_5.74.1-canary.v20250717234319.min.js.br
- clerk-js/5.74.1-canary.v20250717234319/cookieSuffix_clerk.browser_be0cbd_5.74.1-canary.v20250717234319.min.js.gz
- clerk-js/5.74.1-canary.v20250717234319/cookieSuffix_clerk.browser_be0cbd_5.74.1-canary.v20250717234319.min.js.sri
- clerk-js/5.74.1-canary.v20250717234319/cookieSuffix_clerk.chips.browser_045418_5.74.1-canary.v20250717234319.js.br
- clerk-js/5.74.1-canary.v20250717234319/cookieSuffix_clerk.chips.browser_045418_5.74.1-canary.v20250717234319.js.gz
- clerk-js/5.74.1-canary.v20250717234319/cookieSuffix_clerk.chips.browser_045418_5.74.1-canary.v20250717234319.js.sri
- clerk-js/5.74.1-canary.v20250717234319/cookieSuffix_clerk.chips.browser_045418_5.74.1-canary.v20250717234319.min.js.br
- clerk-js/5.74.1-canary.v20250717234319/cookieSuffix_clerk.chips.browser_045418_5.74.1-canary.v20250717234319.min.js.gz
- clerk-js/5.74.1-canary.v20250717234319/cookieSuffix_clerk.chips.browser_045418_5.74.1-canary.v20250717234319.min.js.sri
- clerk-js/5.74.1-canary.v20250717234319/cookieSuffix_clerk.headless.browser_00e5d4_5.74.1-canary.v20250717234319.js.br
- clerk-js/5.74.1-canary.v20250717234319/cookieSuffix_clerk.headless.browser_00e5d4_5.74.1-canary.v20250717234319.js.gz
- clerk-js/5.74.1-canary.v20250717234319/cookieSuffix_clerk.headless.browser_00e5d4_5.74.1-canary.v20250717234319.js.sri
- clerk-js/5.74.1-canary.v20250717234319/cookieSuffix_clerk.headless.browser_00e5d4_5.74.1-canary.v20250717234319.min.js.br
- clerk-js/5.74.1-canary.v20250717234319/cookieSuffix_clerk.headless.browser_00e5d4_5.74.1-canary.v20250717234319.min.js.gz
- clerk-js/5.74.1-canary.v20250717234319/cookieSuffix_clerk.headless.browser_00e5d4_5.74.1-canary.v20250717234319.min.js.sri
- clerk-js/5.74.1-canary.v20250717234319/cookieSuffix_clerk.headless_5ba9c6_5.74.1-canary.v20250717234319.js.br
- clerk-js/5.74.1-canary.v20250717234319/cookieSuffix_clerk.headless_5ba9c6_5.74.1-canary.v20250717234319.js.gz
- clerk-js/5.74.1-canary.v20250717234319/cookieSuffix_clerk.headless_5ba9c6_5.74.1-canary.v20250717234319.js.sri
- clerk-js/5.74.1-canary.v20250717234319/cookieSuffix_clerk.headless_5ba9c6_5.74.1-canary.v20250717234319.min.js.br
- clerk-js/5.74.1-canary.v20250717234319/cookieSuffix_clerk.headless_5ba9c6_5.74.1-canary.v20250717234319.min.js.gz
- clerk-js/5.74.1-canary.v20250717234319/cookieSuffix_clerk.headless_5ba9c6_5.74.1-canary.v20250717234319.min.js.sri
- clerk-js/5.74.1-canary.v20250717234319/cookieSuffix_clerk.legacy.browser_b29197_5.74.1-canary.v20250717234319.js.br
- clerk-js/5.74.1-canary.v20250717234319/cookieSuffix_clerk.legacy.browser_b29197_5.74.1-canary.v20250717234319.js.gz
- clerk-js/5.74.1-canary.v20250717234319/cookieSuffix_clerk.legacy.browser_b29197_5.74.1-canary.v20250717234319.js.sri
- clerk-js/5.74.1-canary.v20250717234319/cookieSuffix_clerk.legacy.browser_b29197_5.74.1-canary.v20250717234319.min.js.br
- clerk-js/5.74.1-canary.v20250717234319/cookieSuffix_clerk.legacy.browser_b29197_5.74.1-canary.v20250717234319.min.js.gz
- clerk-js/5.74.1-canary.v20250717234319/cookieSuffix_clerk.legacy.browser_b29197_5.74.1-canary.v20250717234319.min.js.sri
- clerk-js/5.74.1-canary.v20250717234319/createorganization_clerk.browser_be0cbd_5.74.1-canary.v20250717234319.js.br
- clerk-js/5.74.1-canary.v20250717234319/createorganization_clerk.browser_be0cbd_5.74.1-canary.v20250717234319.js.gz
- clerk-js/5.74.1-canary.v20250717234319/createorganization_clerk.browser_be0cbd_5.74.1-canary.v20250717234319.js.sri
- clerk-js/5.74.1-canary.v20250717234319/createorganization_clerk.browser_be0cbd_5.74.1-canary.v20250717234319.min.js.br
- clerk-js/5.74.1-canary.v20250717234319/createorganization_clerk.browser_be0cbd_5.74.1-canary.v20250717234319.min.js.gz
- clerk-js/5.74.1-canary.v20250717234319/createorganization_clerk.browser_be0cbd_5.74.1-canary.v20250717234319.min.js.sri
- clerk-js/5.74.1-canary.v20250717234319/createorganization_clerk.chips.browser_045418_5.74.1-canary.v20250717234319.js.br
- clerk-js/5.74.1-canary.v20250717234319/createorganization_clerk.chips.browser_045418_5.74.1-canary.v20250717234319.js.gz
- clerk-js/5.74.1-canary.v20250717234319/createorganization_clerk.chips.browser_045418_5.74.1-canary.v20250717234319.js.sri
- clerk-js/5.74.1-canary.v20250717234319/createorganization_clerk.chips.browser_045418_5.74.1-canary.v20250717234319.min.js.br
- clerk-js/5.74.1-canary.v20250717234319/createorganization_clerk.chips.browser_045418_5.74.1-canary.v20250717234319.min.js.gz
- clerk-js/5.74.1-canary.v20250717234319/createorganization_clerk.chips.browser_045418_5.74.1-canary.v20250717234319.min.js.sri
- clerk-js/5.74.1-canary.v20250717234319/createorganization_clerk.legacy.browser_b29197_5.74.1-canary.v20250717234319.js.br
- clerk-js/5.74.1-canary.v20250717234319/createorganization_clerk.legacy.browser_b29197_5.74.1-canary.v20250717234319.js.gz
- clerk-js/5.74.1-canary.v20250717234319/createorganization_clerk.legacy.browser_b29197_5.74.1-canary.v20250717234319.js.sri
- clerk-js/5.74.1-canary.v20250717234319/createorganization_clerk.legacy.browser_b29197_5.74.1-canary.v20250717234319.min.js.br
- clerk-js/5.74.1-canary.v20250717234319/createorganization_clerk.legacy.browser_b29197_5.74.1-canary.v20250717234319.min.js.gz
- clerk-js/5.74.1-canary.v20250717234319/createorganization_clerk.legacy.browser_b29197_5.74.1-canary.v20250717234319.min.js.sri
- clerk-js/5.74.1-canary.v20250717234319/framework_clerk.browser_be0cbd_5.74.1-canary.v20250717234319.js.br
- clerk-js/5.74.1-canary.v20250717234319/framework_clerk.browser_be0cbd_5.74.1-canary.v20250717234319.js.gz
- clerk-js/5.74.1-canary.v20250717234319/framework_clerk.browser_be0cbd_5.74.1-canary.v20250717234319.js.sri
- clerk-js/5.74.1-canary.v20250717234319/framework_clerk.browser_be0cbd_5.74.1-canary.v20250717234319.min.js.br
- clerk-js/5.74.1-canary.v20250717234319/framework_clerk.browser_be0cbd_5.74.1-canary.v20250717234319.min.js.gz
- clerk-js/5.74.1-canary.v20250717234319/framework_clerk.browser_be0cbd_5.74.1-canary.v20250717234319.min.js.sri
- clerk-js/5.74.1-canary.v20250717234319/framework_clerk.chips.browser_045418_5.74.1-canary.v20250717234319.js.br
- clerk-js/5.74.1-canary.v20250717234319/framework_clerk.chips.browser_045418_5.74.1-canary.v20250717234319.js.gz
- clerk-js/5.74.1-canary.v20250717234319/framework_clerk.chips.browser_045418_5.74.1-canary.v20250717234319.js.sri
- clerk-js/5.74.1-canary.v20250717234319/framework_clerk.chips.browser_045418_5.74.1-canary.v20250717234319.min.js.br
- clerk-js/5.74.1-canary.v20250717234319/framework_clerk.chips.browser_045418_5.74.1-canary.v20250717234319.min.js.gz
- clerk-js/5.74.1-canary.v20250717234319/framework_clerk.chips.browser_045418_5.74.1-canary.v20250717234319.min.js.sri
- clerk-js/5.74.1-canary.v20250717234319/framework_clerk.legacy.browser_b29197_5.74.1-canary.v20250717234319.js.br
- clerk-js/5.74.1-canary.v20250717234319/framework_clerk.legacy.browser_b29197_5.74.1-canary.v20250717234319.js.gz
- clerk-js/5.74.1-canary.v20250717234319/framework_clerk.legacy.browser_b29197_5.74.1-canary.v20250717234319.js.sri
- clerk-js/5.74.1-canary.v20250717234319/framework_clerk.legacy.browser_b29197_5.74.1-canary.v20250717234319.min.js.br
- clerk-js/5.74.1-canary.v20250717234319/framework_clerk.legacy.browser_b29197_5.74.1-canary.v20250717234319.min.js.gz
- clerk-js/5.74.1-canary.v20250717234319/framework_clerk.legacy.browser_b29197_5.74.1-canary.v20250717234319.min.js.sri
- clerk-js/5.74.1-canary.v20250717234319/impersonationfab_clerk.browser_be0cbd_5.74.1-canary.v20250717234319.js.br
- clerk-js/5.74.1-canary.v20250717234319/impersonationfab_clerk.browser_be0cbd_5.74.1-canary.v20250717234319.js.gz
- clerk-js/5.74.1-canary.v20250717234319/impersonationfab_clerk.browser_be0cbd_5.74.1-canary.v20250717234319.js.sri
- clerk-js/5.74.1-canary.v20250717234319/impersonationfab_clerk.browser_be0cbd_5.74.1-canary.v20250717234319.min.js.br
- clerk-js/5.74.1-canary.v20250717234319/impersonationfab_clerk.browser_be0cbd_5.74.1-canary.v20250717234319.min.js.gz
- clerk-js/5.74.1-canary.v20250717234319/impersonationfab_clerk.browser_be0cbd_5.74.1-canary.v20250717234319.min.js.sri
- clerk-js/5.74.1-canary.v20250717234319/impersonationfab_clerk.chips.browser_045418_5.74.1-canary.v20250717234319.js.br
- clerk-js/5.74.1-canary.v20250717234319/impersonationfab_clerk.chips.browser_045418_5.74.1-canary.v20250717234319.js.gz
- clerk-js/5.74.1-canary.v20250717234319/impersonationfab_clerk.chips.browser_045418_5.74.1-canary.v20250717234319.js.sri
- clerk-js/5.74.1-canary.v20250717234319/impersonationfab_clerk.chips.browser_045418_5.74.1-canary.v20250717234319.min.js.br
- clerk-js/5.74.1-canary.v20250717234319/impersonationfab_clerk.chips.browser_045418_5.74.1-canary.v20250717234319.min.js.gz
- clerk-js/5.74.1-canary.v20250717234319/impersonationfab_clerk.chips.browser_045418_5.74.1-canary.v20250717234319.min.js.sri
- clerk-js/5.74.1-canary.v20250717234319/impersonationfab_clerk.legacy.browser_b29197_5.74.1-canary.v20250717234319.js.br
- clerk-js/5.74.1-canary.v20250717234319/impersonationfab_clerk.legacy.browser_b29197_5.74.1-canary.v20250717234319.js.gz
- clerk-js/5.74.1-canary.v20250717234319/impersonationfab_clerk.legacy.browser_b29197_5.74.1-canary.v20250717234319.js.sri
- clerk-js/5.74.1-canary.v20250717234319/impersonationfab_clerk.legacy.browser_b29197_5.74.1-canary.v20250717234319.min.js.br
- clerk-js/5.74.1-canary.v20250717234319/impersonationfab_clerk.legacy.browser_b29197_5.74.1-canary.v20250717234319.min.js.gz
- clerk-js/5.74.1-canary.v20250717234319/impersonationfab_clerk.legacy.browser_b29197_5.74.1-canary.v20250717234319.min.js.sri
- clerk-js/5.74.1-canary.v20250717234319/keylessPrompt_clerk.browser_be0cbd_5.74.1-canary.v20250717234319.js.br
- clerk-js/5.74.1-canary.v20250717234319/keylessPrompt_clerk.browser_be0cbd_5.74.1-canary.v20250717234319.js.gz
- clerk-js/5.74.1-canary.v20250717234319/keylessPrompt_clerk.browser_be0cbd_5.74.1-canary.v20250717234319.js.sri
- clerk-js/5.74.1-canary.v20250717234319/keylessPrompt_clerk.browser_be0cbd_5.74.1-canary.v20250717234319.min.js.br
- clerk-js/5.74.1-canary.v20250717234319/keylessPrompt_clerk.browser_be0cbd_5.74.1-canary.v20250717234319.min.js.gz
- clerk-js/5.74.1-canary.v20250717234319/keylessPrompt_clerk.browser_be0cbd_5.74.1-canary.v20250717234319.min.js.sri
- clerk-js/5.74.1-canary.v20250717234319/keylessPrompt_clerk.chips.browser_045418_5.74.1-canary.v20250717234319.js.br
- clerk-js/5.74.1-canary.v20250717234319/keylessPrompt_clerk.chips.browser_045418_5.74.1-canary.v20250717234319.js.gz
- clerk-js/5.74.1-canary.v20250717234319/keylessPrompt_clerk.chips.browser_045418_5.74.1-canary.v20250717234319.js.sri
- clerk-js/5.74.1-canary.v20250717234319/keylessPrompt_clerk.chips.browser_045418_5.74.1-canary.v20250717234319.min.js.br
- clerk-js/5.74.1-canary.v20250717234319/keylessPrompt_clerk.chips.browser_045418_5.74.1-canary.v20250717234319.min.js.gz
- clerk-js/5.74.1-canary.v20250717234319/keylessPrompt_clerk.chips.browser_045418_5.74.1-canary.v20250717234319.min.js.sri
- clerk-js/5.74.1-canary.v20250717234319/keylessPrompt_clerk.legacy.browser_b29197_5.74.1-canary.v20250717234319.js.br
- clerk-js/5.74.1-canary.v20250717234319/keylessPrompt_clerk.legacy.browser_b29197_5.74.1-canary.v20250717234319.js.gz
- clerk-js/5.74.1-canary.v20250717234319/keylessPrompt_clerk.legacy.browser_b29197_5.74.1-canary.v20250717234319.js.sri
- clerk-js/5.74.1-canary.v20250717234319/keylessPrompt_clerk.legacy.browser_b29197_5.74.1-canary.v20250717234319.min.js.br
- clerk-js/5.74.1-canary.v20250717234319/keylessPrompt_clerk.legacy.browser_b29197_5.74.1-canary.v20250717234319.min.js.gz
- clerk-js/5.74.1-canary.v20250717234319/keylessPrompt_clerk.legacy.browser_b29197_5.74.1-canary.v20250717234319.min.js.sri
- clerk-js/5.74.1-canary.v20250717234319/oauthConsent_clerk.browser_be0cbd_5.74.1-canary.v20250717234319.js.br
- clerk-js/5.74.1-canary.v20250717234319/oauthConsent_clerk.browser_be0cbd_5.74.1-canary.v20250717234319.js.gz
- clerk-js/5.74.1-canary.v20250717234319/oauthConsent_clerk.browser_be0cbd_5.74.1-canary.v20250717234319.js.sri
- clerk-js/5.74.1-canary.v20250717234319/oauthConsent_clerk.browser_be0cbd_5.74.1-canary.v20250717234319.min.js.br
- clerk-js/5.74.1-canary.v20250717234319/oauthConsent_clerk.browser_be0cbd_5.74.1-canary.v20250717234319.min.js.gz
- clerk-js/5.74.1-canary.v20250717234319/oauthConsent_clerk.browser_be0cbd_5.74.1-canary.v20250717234319.min.js.sri
- clerk-js/5.74.1-canary.v20250717234319/oauthConsent_clerk.chips.browser_045418_5.74.1-canary.v20250717234319.js.br
- clerk-js/5.74.1-canary.v20250717234319/oauthConsent_clerk.chips.browser_045418_5.74.1-canary.v20250717234319.js.gz
- clerk-js/5.74.1-canary.v20250717234319/oauthConsent_clerk.chips.browser_045418_5.74.1-canary.v20250717234319.js.sri
- clerk-js/5.74.1-canary.v20250717234319/oauthConsent_clerk.chips.browser_045418_5.74.1-canary.v20250717234319.min.js.br
- clerk-js/5.74.1-canary.v20250717234319/oauthConsent_clerk.chips.browser_045418_5.74.1-canary.v20250717234319.min.js.gz
- clerk-js/5.74.1-canary.v20250717234319/oauthConsent_clerk.chips.browser_045418_5.74.1-canary.v20250717234319.min.js.sri
- clerk-js/5.74.1-canary.v20250717234319/oauthConsent_clerk.legacy.browser_b29197_5.74.1-canary.v20250717234319.js.br
- clerk-js/5.74.1-canary.v20250717234319/oauthConsent_clerk.legacy.browser_b29197_5.74.1-canary.v20250717234319.js.gz
- clerk-js/5.74.1-canary.v20250717234319/oauthConsent_clerk.legacy.browser_b29197_5.74.1-canary.v20250717234319.js.sri
- clerk-js/5.74.1-canary.v20250717234319/oauthConsent_clerk.legacy.browser_b29197_5.74.1-canary.v20250717234319.min.js.br
- clerk-js/5.74.1-canary.v20250717234319/oauthConsent_clerk.legacy.browser_b29197_5.74.1-canary.v20250717234319.min.js.gz
- clerk-js/5.74.1-canary.v20250717234319/oauthConsent_clerk.legacy.browser_b29197_5.74.1-canary.v20250717234319.min.js.sri
- clerk-js/5.74.1-canary.v20250717234319/onetap_clerk.browser_be0cbd_5.74.1-canary.v20250717234319.js.br
- clerk-js/5.74.1-canary.v20250717234319/onetap_clerk.browser_be0cbd_5.74.1-canary.v20250717234319.js.gz
- clerk-js/5.74.1-canary.v20250717234319/onetap_clerk.browser_be0cbd_5.74.1-canary.v20250717234319.js.sri
- clerk-js/5.74.1-canary.v20250717234319/onetap_clerk.browser_be0cbd_5.74.1-canary.v20250717234319.min.js.br
- clerk-js/5.74.1-canary.v20250717234319/onetap_clerk.browser_be0cbd_5.74.1-canary.v20250717234319.min.js.gz
- clerk-js/5.74.1-canary.v20250717234319/onetap_clerk.browser_be0cbd_5.74.1-canary.v20250717234319.min.js.sri
- clerk-js/5.74.1-canary.v20250717234319/onetap_clerk.chips.browser_045418_5.74.1-canary.v20250717234319.js.br
- clerk-js/5.74.1-canary.v20250717234319/onetap_clerk.chips.browser_045418_5.74.1-canary.v20250717234319.js.gz
- clerk-js/5.74.1-canary.v20250717234319/onetap_clerk.chips.browser_045418_5.74.1-canary.v20250717234319.js.sri
- clerk-js/5.74.1-canary.v20250717234319/onetap_clerk.chips.browser_045418_5.74.1-canary.v20250717234319.min.js.br
- clerk-js/5.74.1-canary.v20250717234319/onetap_clerk.chips.browser_045418_5.74.1-canary.v20250717234319.min.js.gz
- clerk-js/5.74.1-canary.v20250717234319/onetap_clerk.chips.browser_045418_5.74.1-canary.v20250717234319.min.js.sri
- clerk-js/5.74.1-canary.v20250717234319/onetap_clerk.legacy.browser_b29197_5.74.1-canary.v20250717234319.js.br
- clerk-js/5.74.1-canary.v20250717234319/onetap_clerk.legacy.browser_b29197_5.74.1-canary.v20250717234319.js.gz
- clerk-js/5.74.1-canary.v20250717234319/onetap_clerk.legacy.browser_b29197_5.74.1-canary.v20250717234319.js.sri
- clerk-js/5.74.1-canary.v20250717234319/onetap_clerk.legacy.browser_b29197_5.74.1-canary.v20250717234319.min.js.br
- clerk-js/5.74.1-canary.v20250717234319/onetap_clerk.legacy.browser_b29197_5.74.1-canary.v20250717234319.min.js.gz
- clerk-js/5.74.1-canary.v20250717234319/onetap_clerk.legacy.browser_b29197_5.74.1-canary.v20250717234319.min.js.sri
- clerk-js/5.74.1-canary.v20250717234319/op-api-keys-page_clerk.browser_be0cbd_5.74.1-canary.v20250717234319.js.br
- clerk-js/5.74.1-canary.v20250717234319/op-api-keys-page_clerk.browser_be0cbd_5.74.1-canary.v20250717234319.js.gz
- clerk-js/5.74.1-canary.v20250717234319/op-api-keys-page_clerk.browser_be0cbd_5.74.1-canary.v20250717234319.js.sri
- clerk-js/5.74.1-canary.v20250717234319/op-api-keys-page_clerk.browser_be0cbd_5.74.1-canary.v20250717234319.min.js.br
- clerk-js/5.74.1-canary.v20250717234319/op-api-keys-page_clerk.browser_be0cbd_5.74.1-canary.v20250717234319.min.js.gz
- clerk-js/5.74.1-canary.v20250717234319/op-api-keys-page_clerk.browser_be0cbd_5.74.1-canary.v20250717234319.min.js.sri
- clerk-js/5.74.1-canary.v20250717234319/op-api-keys-page_clerk.chips.browser_045418_5.74.1-canary.v20250717234319.js.br
- clerk-js/5.74.1-canary.v20250717234319/op-api-keys-page_clerk.chips.browser_045418_5.74.1-canary.v20250717234319.js.gz
- clerk-js/5.74.1-canary.v20250717234319/op-api-keys-page_clerk.chips.browser_045418_5.74.1-canary.v20250717234319.js.sri
- clerk-js/5.74.1-canary.v20250717234319/op-api-keys-page_clerk.chips.browser_045418_5.74.1-canary.v20250717234319.min.js.br
- clerk-js/5.74.1-canary.v20250717234319/op-api-keys-page_clerk.chips.browser_045418_5.74.1-canary.v20250717234319.min.js.gz
- clerk-js/5.74.1-canary.v20250717234319/op-api-keys-page_clerk.chips.browser_045418_5.74.1-canary.v20250717234319.min.js.sri
- clerk-js/5.74.1-canary.v20250717234319/op-api-keys-page_clerk.legacy.browser_b29197_5.74.1-canary.v20250717234319.js.br
- clerk-js/5.74.1-canary.v20250717234319/op-api-keys-page_clerk.legacy.browser_b29197_5.74.1-canary.v20250717234319.js.gz
- clerk-js/5.74.1-canary.v20250717234319/op-api-keys-page_clerk.legacy.browser_b29197_5.74.1-canary.v20250717234319.js.sri
- clerk-js/5.74.1-canary.v20250717234319/op-api-keys-page_clerk.legacy.browser_b29197_5.74.1-canary.v20250717234319.min.js.br
- clerk-js/5.74.1-canary.v20250717234319/op-api-keys-page_clerk.legacy.browser_b29197_5.74.1-canary.v20250717234319.min.js.gz
- clerk-js/5.74.1-canary.v20250717234319/op-api-keys-page_clerk.legacy.browser_b29197_5.74.1-canary.v20250717234319.min.js.sri
- clerk-js/5.74.1-canary.v20250717234319/op-billing-page_clerk.browser_be0cbd_5.74.1-canary.v20250717234319.js.br
- clerk-js/5.74.1-canary.v20250717234319/op-billing-page_clerk.browser_be0cbd_5.74.1-canary.v20250717234319.js.gz
- clerk-js/5.74.1-canary.v20250717234319/op-billing-page_clerk.browser_be0cbd_5.74.1-canary.v20250717234319.js.sri
- clerk-js/5.74.1-canary.v20250717234319/op-billing-page_clerk.browser_be0cbd_5.74.1-canary.v20250717234319.min.js.br
- clerk-js/5.74.1-canary.v20250717234319/op-billing-page_clerk.browser_be0cbd_5.74.1-canary.v20250717234319.min.js.gz
- clerk-js/5.74.1-canary.v20250717234319/op-billing-page_clerk.browser_be0cbd_5.74.1-canary.v20250717234319.min.js.sri
- clerk-js/5.74.1-canary.v20250717234319/op-billing-page_clerk.chips.browser_045418_5.74.1-canary.v20250717234319.js.br
- clerk-js/5.74.1-canary.v20250717234319/op-billing-page_clerk.chips.browser_045418_5.74.1-canary.v20250717234319.js.gz
- clerk-js/5.74.1-canary.v20250717234319/op-billing-page_clerk.chips.browser_045418_5.74.1-canary.v20250717234319.js.sri
- clerk-js/5.74.1-canary.v20250717234319/op-billing-page_clerk.chips.browser_045418_5.74.1-canary.v20250717234319.min.js.br
- clerk-js/5.74.1-canary.v20250717234319/op-billing-page_clerk.chips.browser_045418_5.74.1-canary.v20250717234319.min.js.gz
- clerk-js/5.74.1-canary.v20250717234319/op-billing-page_clerk.chips.browser_045418_5.74.1-canary.v20250717234319.min.js.sri
- clerk-js/5.74.1-canary.v20250717234319/op-billing-page_clerk.legacy.browser_b29197_5.74.1-canary.v20250717234319.js.br
- clerk-js/5.74.1-canary.v20250717234319/op-billing-page_clerk.legacy.browser_b29197_5.74.1-canary.v20250717234319.js.gz
- clerk-js/5.74.1-canary.v20250717234319/op-billing-page_clerk.legacy.browser_b29197_5.74.1-canary.v20250717234319.js.sri
- clerk-js/5.74.1-canary.v20250717234319/op-billing-page_clerk.legacy.browser_b29197_5.74.1-canary.v20250717234319.min.js.br
- clerk-js/5.74.1-canary.v20250717234319/op-billing-page_clerk.legacy.browser_b29197_5.74.1-canary.v20250717234319.min.js.gz
- clerk-js/5.74.1-canary.v20250717234319/op-billing-page_clerk.legacy.browser_b29197_5.74.1-canary.v20250717234319.min.js.sri
- clerk-js/5.74.1-canary.v20250717234319/op-plans-page_clerk.browser_be0cbd_5.74.1-canary.v20250717234319.js.br
- clerk-js/5.74.1-canary.v20250717234319/op-plans-page_clerk.browser_be0cbd_5.74.1-canary.v20250717234319.js.gz
- clerk-js/5.74.1-canary.v20250717234319/op-plans-page_clerk.browser_be0cbd_5.74.1-canary.v20250717234319.js.sri
- clerk-js/5.74.1-canary.v20250717234319/op-plans-page_clerk.browser_be0cbd_5.74.1-canary.v20250717234319.min.js.br
- clerk-js/5.74.1-canary.v20250717234319/op-plans-page_clerk.browser_be0cbd_5.74.1-canary.v20250717234319.min.js.gz
- clerk-js/5.74.1-canary.v20250717234319/op-plans-page_clerk.browser_be0cbd_5.74.1-canary.v20250717234319.min.js.sri
- clerk-js/5.74.1-canary.v20250717234319/op-plans-page_clerk.chips.browser_045418_5.74.1-canary.v20250717234319.js.br
- clerk-js/5.74.1-canary.v20250717234319/op-plans-page_clerk.chips.browser_045418_5.74.1-canary.v20250717234319.js.gz
- clerk-js/5.74.1-canary.v20250717234319/op-plans-page_clerk.chips.browser_045418_5.74.1-canary.v20250717234319.js.sri
- clerk-js/5.74.1-canary.v20250717234319/op-plans-page_clerk.chips.browser_045418_5.74.1-canary.v20250717234319.min.js.br
- clerk-js/5.74.1-canary.v20250717234319/op-plans-page_clerk.chips.browser_045418_5.74.1-canary.v20250717234319.min.js.gz
- clerk-js/5.74.1-canary.v20250717234319/op-plans-page_clerk.chips.browser_045418_5.74.1-canary.v20250717234319.min.js.sri
- clerk-js/5.74.1-canary.v20250717234319/op-plans-page_clerk.legacy.browser_b29197_5.74.1-canary.v20250717234319.js.br
- clerk-js/5.74.1-canary.v20250717234319/op-plans-page_clerk.legacy.browser_b29197_5.74.1-canary.v20250717234319.js.gz
- clerk-js/5.74.1-canary.v20250717234319/op-plans-page_clerk.legacy.browser_b29197_5.74.1-canary.v20250717234319.js.sri
- clerk-js/5.74.1-canary.v20250717234319/op-plans-page_clerk.legacy.browser_b29197_5.74.1-canary.v20250717234319.min.js.br
- clerk-js/5.74.1-canary.v20250717234319/op-plans-page_clerk.legacy.browser_b29197_5.74.1-canary.v20250717234319.min.js.gz
- clerk-js/5.74.1-canary.v20250717234319/op-plans-page_clerk.legacy.browser_b29197_5.74.1-canary.v20250717234319.min.js.sri
- clerk-js/5.74.1-canary.v20250717234319/organizationlist_clerk.browser_be0cbd_5.74.1-canary.v20250717234319.js.br
- clerk-js/5.74.1-canary.v20250717234319/organizationlist_clerk.browser_be0cbd_5.74.1-canary.v20250717234319.js.gz
- clerk-js/5.74.1-canary.v20250717234319/organizationlist_clerk.browser_be0cbd_5.74.1-canary.v20250717234319.js.sri
- clerk-js/5.74.1-canary.v20250717234319/organizationlist_clerk.browser_be0cbd_5.74.1-canary.v20250717234319.min.js.br
- clerk-js/5.74.1-canary.v20250717234319/organizationlist_clerk.browser_be0cbd_5.74.1-canary.v20250717234319.min.js.gz
- clerk-js/5.74.1-canary.v20250717234319/organizationlist_clerk.browser_be0cbd_5.74.1-canary.v20250717234319.min.js.sri
- clerk-js/5.74.1-canary.v20250717234319/organizationlist_clerk.chips.browser_045418_5.74.1-canary.v20250717234319.js.br
- clerk-js/5.74.1-canary.v20250717234319/organizationlist_clerk.chips.browser_045418_5.74.1-canary.v20250717234319.js.gz
- clerk-js/5.74.1-canary.v20250717234319/organizationlist_clerk.chips.browser_045418_5.74.1-canary.v20250717234319.js.sri
- clerk-js/5.74.1-canary.v20250717234319/organizationlist_clerk.chips.browser_045418_5.74.1-canary.v20250717234319.min.js.br
- clerk-js/5.74.1-canary.v20250717234319/organizationlist_clerk.chips.browser_045418_5.74.1-canary.v20250717234319.min.js.gz
- clerk-js/5.74.1-canary.v20250717234319/organizationlist_clerk.chips.browser_045418_5.74.1-canary.v20250717234319.min.js.sri
- clerk-js/5.74.1-canary.v20250717234319/organizationlist_clerk.legacy.browser_b29197_5.74.1-canary.v20250717234319.js.br
- clerk-js/5.74.1-canary.v20250717234319/organizationlist_clerk.legacy.browser_b29197_5.74.1-canary.v20250717234319.js.gz
- clerk-js/5.74.1-canary.v20250717234319/organizationlist_clerk.legacy.browser_b29197_5.74.1-canary.v20250717234319.js.sri
- clerk-js/5.74.1-canary.v20250717234319/organizationlist_clerk.legacy.browser_b29197_5.74.1-canary.v20250717234319.min.js.br
- clerk-js/5.74.1-canary.v20250717234319/organizationlist_clerk.legacy.browser_b29197_5.74.1-canary.v20250717234319.min.js.gz
- clerk-js/5.74.1-canary.v20250717234319/organizationlist_clerk.legacy.browser_b29197_5.74.1-canary.v20250717234319.min.js.sri
- clerk-js/5.74.1-canary.v20250717234319/organizationprofile_clerk.browser_be0cbd_5.74.1-canary.v20250717234319.js.br
- clerk-js/5.74.1-canary.v20250717234319/organizationprofile_clerk.browser_be0cbd_5.74.1-canary.v20250717234319.js.gz
- clerk-js/5.74.1-canary.v20250717234319/organizationprofile_clerk.browser_be0cbd_5.74.1-canary.v20250717234319.js.sri
- clerk-js/5.74.1-canary.v20250717234319/organizationprofile_clerk.browser_be0cbd_5.74.1-canary.v20250717234319.min.js.br
- clerk-js/5.74.1-canary.v20250717234319/organizationprofile_clerk.browser_be0cbd_5.74.1-canary.v20250717234319.min.js.gz
- clerk-js/5.74.1-canary.v20250717234319/organizationprofile_clerk.browser_be0cbd_5.74.1-canary.v20250717234319.min.js.sri
- clerk-js/5.74.1-canary.v20250717234319/organizationprofile_clerk.chips.browser_045418_5.74.1-canary.v20250717234319.js.br
- clerk-js/5.74.1-canary.v20250717234319/organizationprofile_clerk.chips.browser_045418_5.74.1-canary.v20250717234319.js.gz
- clerk-js/5.74.1-canary.v20250717234319/organizationprofile_clerk.chips.browser_045418_5.74.1-canary.v20250717234319.js.sri
- clerk-js/5.74.1-canary.v20250717234319/organizationprofile_clerk.chips.browser_045418_5.74.1-canary.v20250717234319.min.js.br
- clerk-js/5.74.1-canary.v20250717234319/organizationprofile_clerk.chips.browser_045418_5.74.1-canary.v20250717234319.min.js.gz
- clerk-js/5.74.1-canary.v20250717234319/organizationprofile_clerk.chips.browser_045418_5.74.1-canary.v20250717234319.min.js.sri
- clerk-js/5.74.1-canary.v20250717234319/organizationprofile_clerk.legacy.browser_b29197_5.74.1-canary.v20250717234319.js.br
- clerk-js/5.74.1-canary.v20250717234319/organizationprofile_clerk.legacy.browser_b29197_5.74.1-canary.v20250717234319.js.gz
- clerk-js/5.74.1-canary.v20250717234319/organizationprofile_clerk.legacy.browser_b29197_5.74.1-canary.v20250717234319.js.sri
- clerk-js/5.74.1-canary.v20250717234319/organizationprofile_clerk.legacy.browser_b29197_5.74.1-canary.v20250717234319.min.js.br
- clerk-js/5.74.1-canary.v20250717234319/organizationprofile_clerk.legacy.browser_b29197_5.74.1-canary.v20250717234319.min.js.gz
- clerk-js/5.74.1-canary.v20250717234319/organizationprofile_clerk.legacy.browser_b29197_5.74.1-canary.v20250717234319.min.js.sri
- clerk-js/5.74.1-canary.v20250717234319/organizationswitcher_clerk.browser_be0cbd_5.74.1-canary.v20250717234319.js.br
- clerk-js/5.74.1-canary.v20250717234319/organizationswitcher_clerk.browser_be0cbd_5.74.1-canary.v20250717234319.js.gz
- clerk-js/5.74.1-canary.v20250717234319/organizationswitcher_clerk.browser_be0cbd_5.74.1-canary.v20250717234319.js.sri
- clerk-js/5.74.1-canary.v20250717234319/organizationswitcher_clerk.browser_be0cbd_5.74.1-canary.v20250717234319.min.js.br
- clerk-js/5.74.1-canary.v20250717234319/organizationswitcher_clerk.browser_be0cbd_5.74.1-canary.v20250717234319.min.js.gz
- clerk-js/5.74.1-canary.v20250717234319/organizationswitcher_clerk.browser_be0cbd_5.74.1-canary.v20250717234319.min.js.sri
- clerk-js/5.74.1-canary.v20250717234319/organizationswitcher_clerk.chips.browser_045418_5.74.1-canary.v20250717234319.js.br
- clerk-js/5.74.1-canary.v20250717234319/organizationswitcher_clerk.chips.browser_045418_5.74.1-canary.v20250717234319.js.gz
- clerk-js/5.74.1-canary.v20250717234319/organizationswitcher_clerk.chips.browser_045418_5.74.1-canary.v20250717234319.js.sri
- clerk-js/5.74.1-canary.v20250717234319/organizationswitcher_clerk.chips.browser_045418_5.74.1-canary.v20250717234319.min.js.br
- clerk-js/5.74.1-canary.v20250717234319/organizationswitcher_clerk.chips.browser_045418_5.74.1-canary.v20250717234319.min.js.gz
- clerk-js/5.74.1-canary.v20250717234319/organizationswitcher_clerk.chips.browser_045418_5.74.1-canary.v20250717234319.min.js.sri
- clerk-js/5.74.1-canary.v20250717234319/organizationswitcher_clerk.legacy.browser_b29197_5.74.1-canary.v20250717234319.js.br
- clerk-js/5.74.1-canary.v20250717234319/organizationswitcher_clerk.legacy.browser_b29197_5.74.1-canary.v20250717234319.js.gz
- clerk-js/5.74.1-canary.v20250717234319/organizationswitcher_clerk.legacy.browser_b29197_5.74.1-canary.v20250717234319.js.sri
- clerk-js/5.74.1-canary.v20250717234319/organizationswitcher_clerk.legacy.browser_b29197_5.74.1-canary.v20250717234319.min.js.br
- clerk-js/5.74.1-canary.v20250717234319/organizationswitcher_clerk.legacy.browser_b29197_5.74.1-canary.v20250717234319.min.js.gz
- clerk-js/5.74.1-canary.v20250717234319/organizationswitcher_clerk.legacy.browser_b29197_5.74.1-canary.v20250717234319.min.js.sri
- clerk-js/5.74.1-canary.v20250717234319/payment-attempt-page_clerk.browser_be0cbd_5.74.1-canary.v20250717234319.js.br
- clerk-js/5.74.1-canary.v20250717234319/payment-attempt-page_clerk.browser_be0cbd_5.74.1-canary.v20250717234319.js.gz
- clerk-js/5.74.1-canary.v20250717234319/payment-attempt-page_clerk.browser_be0cbd_5.74.1-canary.v20250717234319.js.sri
- clerk-js/5.74.1-canary.v20250717234319/payment-attempt-page_clerk.browser_be0cbd_5.74.1-canary.v20250717234319.min.js.br
- clerk-js/5.74.1-canary.v20250717234319/payment-attempt-page_clerk.browser_be0cbd_5.74.1-canary.v20250717234319.min.js.gz
- clerk-js/5.74.1-canary.v20250717234319/payment-attempt-page_clerk.browser_be0cbd_5.74.1-canary.v20250717234319.min.js.sri
- clerk-js/5.74.1-canary.v20250717234319/payment-attempt-page_clerk.chips.browser_045418_5.74.1-canary.v20250717234319.js.br
- clerk-js/5.74.1-canary.v20250717234319/payment-attempt-page_clerk.chips.browser_045418_5.74.1-canary.v20250717234319.js.gz
- clerk-js/5.74.1-canary.v20250717234319/payment-attempt-page_clerk.chips.browser_045418_5.74.1-canary.v20250717234319.js.sri
- clerk-js/5.74.1-canary.v20250717234319/payment-attempt-page_clerk.chips.browser_045418_5.74.1-canary.v20250717234319.min.js.br
- clerk-js/5.74.1-canary.v20250717234319/payment-attempt-page_clerk.chips.browser_045418_5.74.1-canary.v20250717234319.min.js.gz
- clerk-js/5.74.1-canary.v20250717234319/payment-attempt-page_clerk.chips.browser_045418_5.74.1-canary.v20250717234319.min.js.sri
- clerk-js/5.74.1-canary.v20250717234319/payment-attempt-page_clerk.legacy.browser_b29197_5.74.1-canary.v20250717234319.js.br
- clerk-js/5.74.1-canary.v20250717234319/payment-attempt-page_clerk.legacy.browser_b29197_5.74.1-canary.v20250717234319.js.gz
- clerk-js/5.74.1-canary.v20250717234319/payment-attempt-page_clerk.legacy.browser_b29197_5.74.1-canary.v20250717234319.js.sri
- clerk-js/5.74.1-canary.v20250717234319/payment-attempt-page_clerk.legacy.browser_b29197_5.74.1-canary.v20250717234319.min.js.br
- clerk-js/5.74.1-canary.v20250717234319/payment-attempt-page_clerk.legacy.browser_b29197_5.74.1-canary.v20250717234319.min.js.gz
- clerk-js/5.74.1-canary.v20250717234319/payment-attempt-page_clerk.legacy.browser_b29197_5.74.1-canary.v20250717234319.min.js.sri
- clerk-js/5.74.1-canary.v20250717234319/planDetails_clerk.browser_be0cbd_5.74.1-canary.v20250717234319.js.br
- clerk-js/5.74.1-canary.v20250717234319/planDetails_clerk.browser_be0cbd_5.74.1-canary.v20250717234319.js.gz
- clerk-js/5.74.1-canary.v20250717234319/planDetails_clerk.browser_be0cbd_5.74.1-canary.v20250717234319.js.sri
- clerk-js/5.74.1-canary.v20250717234319/planDetails_clerk.browser_be0cbd_5.74.1-canary.v20250717234319.min.js.br
- clerk-js/5.74.1-canary.v20250717234319/planDetails_clerk.browser_be0cbd_5.74.1-canary.v20250717234319.min.js.gz
- clerk-js/5.74.1-canary.v20250717234319/planDetails_clerk.browser_be0cbd_5.74.1-canary.v20250717234319.min.js.sri
- clerk-js/5.74.1-canary.v20250717234319/planDetails_clerk.chips.browser_045418_5.74.1-canary.v20250717234319.js.br
- clerk-js/5.74.1-canary.v20250717234319/planDetails_clerk.chips.browser_045418_5.74.1-canary.v20250717234319.js.gz
- clerk-js/5.74.1-canary.v20250717234319/planDetails_clerk.chips.browser_045418_5.74.1-canary.v20250717234319.js.sri
- clerk-js/5.74.1-canary.v20250717234319/planDetails_clerk.chips.browser_045418_5.74.1-canary.v20250717234319.min.js.br
- clerk-js/5.74.1-canary.v20250717234319/planDetails_clerk.chips.browser_045418_5.74.1-canary.v20250717234319.min.js.gz
- clerk-js/5.74.1-canary.v20250717234319/planDetails_clerk.chips.browser_045418_5.74.1-canary.v20250717234319.min.js.sri
- clerk-js/5.74.1-canary.v20250717234319/planDetails_clerk.legacy.browser_b29197_5.74.1-canary.v20250717234319.js.br
- clerk-js/5.74.1-canary.v20250717234319/planDetails_clerk.legacy.browser_b29197_5.74.1-canary.v20250717234319.js.gz
- clerk-js/5.74.1-canary.v20250717234319/planDetails_clerk.legacy.browser_b29197_5.74.1-canary.v20250717234319.js.sri
- clerk-js/5.74.1-canary.v20250717234319/planDetails_clerk.legacy.browser_b29197_5.74.1-canary.v20250717234319.min.js.br
- clerk-js/5.74.1-canary.v20250717234319/planDetails_clerk.legacy.browser_b29197_5.74.1-canary.v20250717234319.min.js.gz
- clerk-js/5.74.1-canary.v20250717234319/planDetails_clerk.legacy.browser_b29197_5.74.1-canary.v20250717234319.min.js.sri
- clerk-js/5.74.1-canary.v20250717234319/prefetchorganizationlist_clerk.browser_be0cbd_5.74.1-canary.v20250717234319.js.br
- clerk-js/5.74.1-canary.v20250717234319/prefetchorganizationlist_clerk.browser_be0cbd_5.74.1-canary.v20250717234319.js.gz
- clerk-js/5.74.1-canary.v20250717234319/prefetchorganizationlist_clerk.browser_be0cbd_5.74.1-canary.v20250717234319.js.sri
- clerk-js/5.74.1-canary.v20250717234319/prefetchorganizationlist_clerk.browser_be0cbd_5.74.1-canary.v20250717234319.min.js.br
- clerk-js/5.74.1-canary.v20250717234319/prefetchorganizationlist_clerk.browser_be0cbd_5.74.1-canary.v20250717234319.min.js.gz
- clerk-js/5.74.1-canary.v20250717234319/prefetchorganizationlist_clerk.browser_be0cbd_5.74.1-canary.v20250717234319.min.js.sri
- clerk-js/5.74.1-canary.v20250717234319/prefetchorganizationlist_clerk.chips.browser_045418_5.74.1-canary.v20250717234319.js.br
- clerk-js/5.74.1-canary.v20250717234319/prefetchorganizationlist_clerk.chips.browser_045418_5.74.1-canary.v20250717234319.js.gz
- clerk-js/5.74.1-canary.v20250717234319/prefetchorganizationlist_clerk.chips.browser_045418_5.74.1-canary.v20250717234319.js.sri
- clerk-js/5.74.1-canary.v20250717234319/prefetchorganizationlist_clerk.chips.browser_045418_5.74.1-canary.v20250717234319.min.js.br
- clerk-js/5.74.1-canary.v20250717234319/prefetchorganizationlist_clerk.chips.browser_045418_5.74.1-canary.v20250717234319.min.js.gz
- clerk-js/5.74.1-canary.v20250717234319/prefetchorganizationlist_clerk.chips.browser_045418_5.74.1-canary.v20250717234319.min.js.sri
- clerk-js/5.74.1-canary.v20250717234319/prefetchorganizationlist_clerk.legacy.browser_b29197_5.74.1-canary.v20250717234319.js.br
- clerk-js/5.74.1-canary.v20250717234319/prefetchorganizationlist_clerk.legacy.browser_b29197_5.74.1-canary.v20250717234319.js.gz
- clerk-js/5.74.1-canary.v20250717234319/prefetchorganizationlist_clerk.legacy.browser_b29197_5.74.1-canary.v20250717234319.js.sri
- clerk-js/5.74.1-canary.v20250717234319/prefetchorganizationlist_clerk.legacy.browser_b29197_5.74.1-canary.v20250717234319.min.js.br
- clerk-js/5.74.1-canary.v20250717234319/prefetchorganizationlist_clerk.legacy.browser_b29197_5.74.1-canary.v20250717234319.min.js.gz
- clerk-js/5.74.1-canary.v20250717234319/prefetchorganizationlist_clerk.legacy.browser_b29197_5.74.1-canary.v20250717234319.min.js.sri
- clerk-js/5.74.1-canary.v20250717234319/pricingTable_clerk.browser_be0cbd_5.74.1-canary.v20250717234319.js.br
- clerk-js/5.74.1-canary.v20250717234319/pricingTable_clerk.browser_be0cbd_5.74.1-canary.v20250717234319.js.gz
- clerk-js/5.74.1-canary.v20250717234319/pricingTable_clerk.browser_be0cbd_5.74.1-canary.v20250717234319.js.sri
- clerk-js/5.74.1-canary.v20250717234319/pricingTable_clerk.browser_be0cbd_5.74.1-canary.v20250717234319.min.js.br
- clerk-js/5.74.1-canary.v20250717234319/pricingTable_clerk.browser_be0cbd_5.74.1-canary.v20250717234319.min.js.gz
- clerk-js/5.74.1-canary.v20250717234319/pricingTable_clerk.browser_be0cbd_5.74.1-canary.v20250717234319.min.js.sri
- clerk-js/5.74.1-canary.v20250717234319/pricingTable_clerk.chips.browser_045418_5.74.1-canary.v20250717234319.js.br
- clerk-js/5.74.1-canary.v20250717234319/pricingTable_clerk.chips.browser_045418_5.74.1-canary.v20250717234319.js.gz
- clerk-js/5.74.1-canary.v20250717234319/pricingTable_clerk.chips.browser_045418_5.74.1-canary.v20250717234319.js.sri
- clerk-js/5.74.1-canary.v20250717234319/pricingTable_clerk.chips.browser_045418_5.74.1-canary.v20250717234319.min.js.br
- clerk-js/5.74.1-canary.v20250717234319/pricingTable_clerk.chips.browser_045418_5.74.1-canary.v20250717234319.min.js.gz
- clerk-js/5.74.1-canary.v20250717234319/pricingTable_clerk.chips.browser_045418_5.74.1-canary.v20250717234319.min.js.sri
- clerk-js/5.74.1-canary.v20250717234319/pricingTable_clerk.legacy.browser_b29197_5.74.1-canary.v20250717234319.js.br
- clerk-js/5.74.1-canary.v20250717234319/pricingTable_clerk.legacy.browser_b29197_5.74.1-canary.v20250717234319.js.gz
- clerk-js/5.74.1-canary.v20250717234319/pricingTable_clerk.legacy.browser_b29197_5.74.1-canary.v20250717234319.js.sri
- clerk-js/5.74.1-canary.v20250717234319/pricingTable_clerk.legacy.browser_b29197_5.74.1-canary.v20250717234319.min.js.br
- clerk-js/5.74.1-canary.v20250717234319/pricingTable_clerk.legacy.browser_b29197_5.74.1-canary.v20250717234319.min.js.gz
- clerk-js/5.74.1-canary.v20250717234319/pricingTable_clerk.legacy.browser_b29197_5.74.1-canary.v20250717234319.min.js.sri
- clerk-js/5.74.1-canary.v20250717234319/revoke-api-key-modal_clerk.browser_be0cbd_5.74.1-canary.v20250717234319.js.br
- clerk-js/5.74.1-canary.v20250717234319/revoke-api-key-modal_clerk.browser_be0cbd_5.74.1-canary.v20250717234319.js.gz
- clerk-js/5.74.1-canary.v20250717234319/revoke-api-key-modal_clerk.browser_be0cbd_5.74.1-canary.v20250717234319.js.sri
- clerk-js/5.74.1-canary.v20250717234319/revoke-api-key-modal_clerk.browser_be0cbd_5.74.1-canary.v20250717234319.min.js.br
- clerk-js/5.74.1-canary.v20250717234319/revoke-api-key-modal_clerk.browser_be0cbd_5.74.1-canary.v20250717234319.min.js.gz
- clerk-js/5.74.1-canary.v20250717234319/revoke-api-key-modal_clerk.browser_be0cbd_5.74.1-canary.v20250717234319.min.js.sri
- clerk-js/5.74.1-canary.v20250717234319/revoke-api-key-modal_clerk.chips.browser_045418_5.74.1-canary.v20250717234319.js.br
- clerk-js/5.74.1-canary.v20250717234319/revoke-api-key-modal_clerk.chips.browser_045418_5.74.1-canary.v20250717234319.js.gz
- clerk-js/5.74.1-canary.v20250717234319/revoke-api-key-modal_clerk.chips.browser_045418_5.74.1-canary.v20250717234319.js.sri
- clerk-js/5.74.1-canary.v20250717234319/revoke-api-key-modal_clerk.chips.browser_045418_5.74.1-canary.v20250717234319.min.js.br
- clerk-js/5.74.1-canary.v20250717234319/revoke-api-key-modal_clerk.chips.browser_045418_5.74.1-canary.v20250717234319.min.js.gz
- clerk-js/5.74.1-canary.v20250717234319/revoke-api-key-modal_clerk.chips.browser_045418_5.74.1-canary.v20250717234319.min.js.sri
- clerk-js/5.74.1-canary.v20250717234319/revoke-api-key-modal_clerk.legacy.browser_b29197_5.74.1-canary.v20250717234319.js.br
- clerk-js/5.74.1-canary.v20250717234319/revoke-api-key-modal_clerk.legacy.browser_b29197_5.74.1-canary.v20250717234319.js.gz
- clerk-js/5.74.1-canary.v20250717234319/revoke-api-key-modal_clerk.legacy.browser_b29197_5.74.1-canary.v20250717234319.js.sri
- clerk-js/5.74.1-canary.v20250717234319/revoke-api-key-modal_clerk.legacy.browser_b29197_5.74.1-canary.v20250717234319.min.js.br
- clerk-js/5.74.1-canary.v20250717234319/revoke-api-key-modal_clerk.legacy.browser_b29197_5.74.1-canary.v20250717234319.min.js.gz
- clerk-js/5.74.1-canary.v20250717234319/revoke-api-key-modal_clerk.legacy.browser_b29197_5.74.1-canary.v20250717234319.min.js.sri
- clerk-js/5.74.1-canary.v20250717234319/sessionTasks_clerk.browser_be0cbd_5.74.1-canary.v20250717234319.js.br
- clerk-js/5.74.1-canary.v20250717234319/sessionTasks_clerk.browser_be0cbd_5.74.1-canary.v20250717234319.js.gz
- clerk-js/5.74.1-canary.v20250717234319/sessionTasks_clerk.browser_be0cbd_5.74.1-canary.v20250717234319.js.sri
- clerk-js/5.74.1-canary.v20250717234319/sessionTasks_clerk.browser_be0cbd_5.74.1-canary.v20250717234319.min.js.br
- clerk-js/5.74.1-canary.v20250717234319/sessionTasks_clerk.browser_be0cbd_5.74.1-canary.v20250717234319.min.js.gz
- clerk-js/5.74.1-canary.v20250717234319/sessionTasks_clerk.browser_be0cbd_5.74.1-canary.v20250717234319.min.js.sri
- clerk-js/5.74.1-canary.v20250717234319/sessionTasks_clerk.chips.browser_045418_5.74.1-canary.v20250717234319.js.br
- clerk-js/5.74.1-canary.v20250717234319/sessionTasks_clerk.chips.browser_045418_5.74.1-canary.v20250717234319.js.gz
- clerk-js/5.74.1-canary.v20250717234319/sessionTasks_clerk.chips.browser_045418_5.74.1-canary.v20250717234319.js.sri
- clerk-js/5.74.1-canary.v20250717234319/sessionTasks_clerk.chips.browser_045418_5.74.1-canary.v20250717234319.min.js.br
- clerk-js/5.74.1-canary.v20250717234319/sessionTasks_clerk.chips.browser_045418_5.74.1-canary.v20250717234319.min.js.gz
- clerk-js/5.74.1-canary.v20250717234319/sessionTasks_clerk.chips.browser_045418_5.74.1-canary.v20250717234319.min.js.sri
- clerk-js/5.74.1-canary.v20250717234319/sessionTasks_clerk.legacy.browser_b29197_5.74.1-canary.v20250717234319.js.br
- clerk-js/5.74.1-canary.v20250717234319/sessionTasks_clerk.legacy.browser_b29197_5.74.1-canary.v20250717234319.js.gz
- clerk-js/5.74.1-canary.v20250717234319/sessionTasks_clerk.legacy.browser_b29197_5.74.1-canary.v20250717234319.js.sri
- clerk-js/5.74.1-canary.v20250717234319/sessionTasks_clerk.legacy.browser_b29197_5.74.1-canary.v20250717234319.min.js.br
- clerk-js/5.74.1-canary.v20250717234319/sessionTasks_clerk.legacy.browser_b29197_5.74.1-canary.v20250717234319.min.js.gz
- clerk-js/5.74.1-canary.v20250717234319/sessionTasks_clerk.legacy.browser_b29197_5.74.1-canary.v20250717234319.min.js.sri
- clerk-js/5.74.1-canary.v20250717234319/signin_clerk.browser_be0cbd_5.74.1-canary.v20250717234319.js.br
- clerk-js/5.74.1-canary.v20250717234319/signin_clerk.browser_be0cbd_5.74.1-canary.v20250717234319.js.gz
- clerk-js/5.74.1-canary.v20250717234319/signin_clerk.browser_be0cbd_5.74.1-canary.v20250717234319.js.sri
- clerk-js/5.74.1-canary.v20250717234319/signin_clerk.browser_be0cbd_5.74.1-canary.v20250717234319.min.js.br
- clerk-js/5.74.1-canary.v20250717234319/signin_clerk.browser_be0cbd_5.74.1-canary.v20250717234319.min.js.gz
- clerk-js/5.74.1-canary.v20250717234319/signin_clerk.browser_be0cbd_5.74.1-canary.v20250717234319.min.js.sri
- clerk-js/5.74.1-canary.v20250717234319/signin_clerk.chips.browser_045418_5.74.1-canary.v20250717234319.js.br
- clerk-js/5.74.1-canary.v20250717234319/signin_clerk.chips.browser_045418_5.74.1-canary.v20250717234319.js.gz
- clerk-js/5.74.1-canary.v20250717234319/signin_clerk.chips.browser_045418_5.74.1-canary.v20250717234319.js.sri
- clerk-js/5.74.1-canary.v20250717234319/signin_clerk.chips.browser_045418_5.74.1-canary.v20250717234319.min.js.br
- clerk-js/5.74.1-canary.v20250717234319/signin_clerk.chips.browser_045418_5.74.1-canary.v20250717234319.min.js.gz
- clerk-js/5.74.1-canary.v20250717234319/signin_clerk.chips.browser_045418_5.74.1-canary.v20250717234319.min.js.sri
- clerk-js/5.74.1-canary.v20250717234319/signin_clerk.legacy.browser_b29197_5.74.1-canary.v20250717234319.js.br
- clerk-js/5.74.1-canary.v20250717234319/signin_clerk.legacy.browser_b29197_5.74.1-canary.v20250717234319.js.gz
- clerk-js/5.74.1-canary.v20250717234319/signin_clerk.legacy.browser_b29197_5.74.1-canary.v20250717234319.js.sri
- clerk-js/5.74.1-canary.v20250717234319/signin_clerk.legacy.browser_b29197_5.74.1-canary.v20250717234319.min.js.br
- clerk-js/5.74.1-canary.v20250717234319/signin_clerk.legacy.browser_b29197_5.74.1-canary.v20250717234319.min.js.gz
- clerk-js/5.74.1-canary.v20250717234319/signin_clerk.legacy.browser_b29197_5.74.1-canary.v20250717234319.min.js.sri
- clerk-js/5.74.1-canary.v20250717234319/signup_clerk.browser_be0cbd_5.74.1-canary.v20250717234319.js.br
- clerk-js/5.74.1-canary.v20250717234319/signup_clerk.browser_be0cbd_5.74.1-canary.v20250717234319.js.gz
- clerk-js/5.74.1-canary.v20250717234319/signup_clerk.browser_be0cbd_5.74.1-canary.v20250717234319.js.sri
- clerk-js/5.74.1-canary.v20250717234319/signup_clerk.browser_be0cbd_5.74.1-canary.v20250717234319.min.js.br
- clerk-js/5.74.1-canary.v20250717234319/signup_clerk.browser_be0cbd_5.74.1-canary.v20250717234319.min.js.gz
- clerk-js/5.74.1-canary.v20250717234319/signup_clerk.browser_be0cbd_5.74.1-canary.v20250717234319.min.js.sri
- clerk-js/5.74.1-canary.v20250717234319/signup_clerk.chips.browser_045418_5.74.1-canary.v20250717234319.js.br
- clerk-js/5.74.1-canary.v20250717234319/signup_clerk.chips.browser_045418_5.74.1-canary.v20250717234319.js.gz
- clerk-js/5.74.1-canary.v20250717234319/signup_clerk.chips.browser_045418_5.74.1-canary.v20250717234319.js.sri
- clerk-js/5.74.1-canary.v20250717234319/signup_clerk.chips.browser_045418_5.74.1-canary.v20250717234319.min.js.br
- clerk-js/5.74.1-canary.v20250717234319/signup_clerk.chips.browser_045418_5.74.1-canary.v20250717234319.min.js.gz
- clerk-js/5.74.1-canary.v20250717234319/signup_clerk.chips.browser_045418_5.74.1-canary.v20250717234319.min.js.sri
- clerk-js/5.74.1-canary.v20250717234319/signup_clerk.legacy.browser_b29197_5.74.1-canary.v20250717234319.js.br
- clerk-js/5.74.1-canary.v20250717234319/signup_clerk.legacy.browser_b29197_5.74.1-canary.v20250717234319.js.gz
- clerk-js/5.74.1-canary.v20250717234319/signup_clerk.legacy.browser_b29197_5.74.1-canary.v20250717234319.js.sri
- clerk-js/5.74.1-canary.v20250717234319/signup_clerk.legacy.browser_b29197_5.74.1-canary.v20250717234319.min.js.br
- clerk-js/5.74.1-canary.v20250717234319/signup_clerk.legacy.browser_b29197_5.74.1-canary.v20250717234319.min.js.gz
- clerk-js/5.74.1-canary.v20250717234319/signup_clerk.legacy.browser_b29197_5.74.1-canary.v20250717234319.min.js.sri
- clerk-js/5.74.1-canary.v20250717234319/statement-page_clerk.browser_be0cbd_5.74.1-canary.v20250717234319.js.br
- clerk-js/5.74.1-canary.v20250717234319/statement-page_clerk.browser_be0cbd_5.74.1-canary.v20250717234319.js.gz
- clerk-js/5.74.1-canary.v20250717234319/statement-page_clerk.browser_be0cbd_5.74.1-canary.v20250717234319.js.sri
- clerk-js/5.74.1-canary.v20250717234319/statement-page_clerk.browser_be0cbd_5.74.1-canary.v20250717234319.min.js.br
- clerk-js/5.74.1-canary.v20250717234319/statement-page_clerk.browser_be0cbd_5.74.1-canary.v20250717234319.min.js.gz
- clerk-js/5.74.1-canary.v20250717234319/statement-page_clerk.browser_be0cbd_5.74.1-canary.v20250717234319.min.js.sri
- clerk-js/5.74.1-canary.v20250717234319/statement-page_clerk.chips.browser_045418_5.74.1-canary.v20250717234319.js.br
- clerk-js/5.74.1-canary.v20250717234319/statement-page_clerk.chips.browser_045418_5.74.1-canary.v20250717234319.js.gz
- clerk-js/5.74.1-canary.v20250717234319/statement-page_clerk.chips.browser_045418_5.74.1-canary.v20250717234319.js.sri
- clerk-js/5.74.1-canary.v20250717234319/statement-page_clerk.chips.browser_045418_5.74.1-canary.v20250717234319.min.js.br
- clerk-js/5.74.1-canary.v20250717234319/statement-page_clerk.chips.browser_045418_5.74.1-canary.v20250717234319.min.js.gz
- clerk-js/5.74.1-canary.v20250717234319/statement-page_clerk.chips.browser_045418_5.74.1-canary.v20250717234319.min.js.sri
- clerk-js/5.74.1-canary.v20250717234319/statement-page_clerk.legacy.browser_b29197_5.74.1-canary.v20250717234319.js.br
- clerk-js/5.74.1-canary.v20250717234319/statement-page_clerk.legacy.browser_b29197_5.74.1-canary.v20250717234319.js.gz
- clerk-js/5.74.1-canary.v20250717234319/statement-page_clerk.legacy.browser_b29197_5.74.1-canary.v20250717234319.js.sri
- clerk-js/5.74.1-canary.v20250717234319/statement-page_clerk.legacy.browser_b29197_5.74.1-canary.v20250717234319.min.js.br
- clerk-js/5.74.1-canary.v20250717234319/statement-page_clerk.legacy.browser_b29197_5.74.1-canary.v20250717234319.min.js.gz
- clerk-js/5.74.1-canary.v20250717234319/statement-page_clerk.legacy.browser_b29197_5.74.1-canary.v20250717234319.min.js.sri
- clerk-js/5.74.1-canary.v20250717234319/stripe-vendors_clerk.browser_be0cbd_5.74.1-canary.v20250717234319.js.br
- clerk-js/5.74.1-canary.v20250717234319/stripe-vendors_clerk.browser_be0cbd_5.74.1-canary.v20250717234319.js.gz
- clerk-js/5.74.1-canary.v20250717234319/stripe-vendors_clerk.browser_be0cbd_5.74.1-canary.v20250717234319.js.sri
- clerk-js/5.74.1-canary.v20250717234319/stripe-vendors_clerk.browser_be0cbd_5.74.1-canary.v20250717234319.min.js.br
- clerk-js/5.74.1-canary.v20250717234319/stripe-vendors_clerk.browser_be0cbd_5.74.1-canary.v20250717234319.min.js.gz
- clerk-js/5.74.1-canary.v20250717234319/stripe-vendors_clerk.browser_be0cbd_5.74.1-canary.v20250717234319.min.js.sri
- clerk-js/5.74.1-canary.v20250717234319/stripe-vendors_clerk.chips.browser_045418_5.74.1-canary.v20250717234319.js.br
- clerk-js/5.74.1-canary.v20250717234319/stripe-vendors_clerk.chips.browser_045418_5.74.1-canary.v20250717234319.js.gz
- clerk-js/5.74.1-canary.v20250717234319/stripe-vendors_clerk.chips.browser_045418_5.74.1-canary.v20250717234319.js.sri
- clerk-js/5.74.1-canary.v20250717234319/stripe-vendors_clerk.chips.browser_045418_5.74.1-canary.v20250717234319.min.js.br
- clerk-js/5.74.1-canary.v20250717234319/stripe-vendors_clerk.chips.browser_045418_5.74.1-canary.v20250717234319.min.js.gz
- clerk-js/5.74.1-canary.v20250717234319/stripe-vendors_clerk.chips.browser_045418_5.74.1-canary.v20250717234319.min.js.sri
- clerk-js/5.74.1-canary.v20250717234319/stripe-vendors_clerk.headless.browser_00e5d4_5.74.1-canary.v20250717234319.js.br
- clerk-js/5.74.1-canary.v20250717234319/stripe-vendors_clerk.headless.browser_00e5d4_5.74.1-canary.v20250717234319.js.gz
- clerk-js/5.74.1-canary.v20250717234319/stripe-vendors_clerk.headless.browser_00e5d4_5.74.1-canary.v20250717234319.js.sri
- clerk-js/5.74.1-canary.v20250717234319/stripe-vendors_clerk.headless.browser_00e5d4_5.74.1-canary.v20250717234319.min.js.br
- clerk-js/5.74.1-canary.v20250717234319/stripe-vendors_clerk.headless.browser_00e5d4_5.74.1-canary.v20250717234319.min.js.gz
- clerk-js/5.74.1-canary.v20250717234319/stripe-vendors_clerk.headless.browser_00e5d4_5.74.1-canary.v20250717234319.min.js.sri
- clerk-js/5.74.1-canary.v20250717234319/stripe-vendors_clerk.legacy.browser_b29197_5.74.1-canary.v20250717234319.js.br
- clerk-js/5.74.1-canary.v20250717234319/stripe-vendors_clerk.legacy.browser_b29197_5.74.1-canary.v20250717234319.js.gz
- clerk-js/5.74.1-canary.v20250717234319/stripe-vendors_clerk.legacy.browser_b29197_5.74.1-canary.v20250717234319.js.sri
- clerk-js/5.74.1-canary.v20250717234319/stripe-vendors_clerk.legacy.browser_b29197_5.74.1-canary.v20250717234319.min.js.br
- clerk-js/5.74.1-canary.v20250717234319/stripe-vendors_clerk.legacy.browser_b29197_5.74.1-canary.v20250717234319.min.js.gz
- clerk-js/5.74.1-canary.v20250717234319/stripe-vendors_clerk.legacy.browser_b29197_5.74.1-canary.v20250717234319.min.js.sri
- clerk-js/5.74.1-canary.v20250717234319/subscriptionDetails_clerk.browser_be0cbd_5.74.1-canary.v20250717234319.js.br
- clerk-js/5.74.1-canary.v20250717234319/subscriptionDetails_clerk.browser_be0cbd_5.74.1-canary.v20250717234319.js.gz
- clerk-js/5.74.1-canary.v20250717234319/subscriptionDetails_clerk.browser_be0cbd_5.74.1-canary.v20250717234319.js.sri
- clerk-js/5.74.1-canary.v20250717234319/subscriptionDetails_clerk.browser_be0cbd_5.74.1-canary.v20250717234319.min.js.br
- clerk-js/5.74.1-canary.v20250717234319/subscriptionDetails_clerk.browser_be0cbd_5.74.1-canary.v20250717234319.min.js.gz
- clerk-js/5.74.1-canary.v20250717234319/subscriptionDetails_clerk.browser_be0cbd_5.74.1-canary.v20250717234319.min.js.sri
- clerk-js/5.74.1-canary.v20250717234319/subscriptionDetails_clerk.chips.browser_045418_5.74.1-canary.v20250717234319.js.br
- clerk-js/5.74.1-canary.v20250717234319/subscriptionDetails_clerk.chips.browser_045418_5.74.1-canary.v20250717234319.js.gz
- clerk-js/5.74.1-canary.v20250717234319/subscriptionDetails_clerk.chips.browser_045418_5.74.1-canary.v20250717234319.js.sri
- clerk-js/5.74.1-canary.v20250717234319/subscriptionDetails_clerk.chips.browser_045418_5.74.1-canary.v20250717234319.min.js.br
- clerk-js/5.74.1-canary.v20250717234319/subscriptionDetails_clerk.chips.browser_045418_5.74.1-canary.v20250717234319.min.js.gz
- clerk-js/5.74.1-canary.v20250717234319/subscriptionDetails_clerk.chips.browser_045418_5.74.1-canary.v20250717234319.min.js.sri
- clerk-js/5.74.1-canary.v20250717234319/subscriptionDetails_clerk.legacy.browser_b29197_5.74.1-canary.v20250717234319.js.br
- clerk-js/5.74.1-canary.v20250717234319/subscriptionDetails_clerk.legacy.browser_b29197_5.74.1-canary.v20250717234319.js.gz
- clerk-js/5.74.1-canary.v20250717234319/subscriptionDetails_clerk.legacy.browser_b29197_5.74.1-canary.v20250717234319.js.sri
- clerk-js/5.74.1-canary.v20250717234319/subscriptionDetails_clerk.legacy.browser_b29197_5.74.1-canary.v20250717234319.min.js.br
- clerk-js/5.74.1-canary.v20250717234319/subscriptionDetails_clerk.legacy.browser_b29197_5.74.1-canary.v20250717234319.min.js.gz
- clerk-js/5.74.1-canary.v20250717234319/subscriptionDetails_clerk.legacy.browser_b29197_5.74.1-canary.v20250717234319.min.js.sri
- clerk-js/5.74.1-canary.v20250717234319/ui-common_clerk.browser_be0cbd_5.74.1-canary.v20250717234319.js.br
- clerk-js/5.74.1-canary.v20250717234319/ui-common_clerk.browser_be0cbd_5.74.1-canary.v20250717234319.js.gz
- clerk-js/5.74.1-canary.v20250717234319/ui-common_clerk.browser_be0cbd_5.74.1-canary.v20250717234319.js.sri
- clerk-js/5.74.1-canary.v20250717234319/ui-common_clerk.browser_be0cbd_5.74.1-canary.v20250717234319.min.js.br
- clerk-js/5.74.1-canary.v20250717234319/ui-common_clerk.browser_be0cbd_5.74.1-canary.v20250717234319.min.js.gz
- clerk-js/5.74.1-canary.v20250717234319/ui-common_clerk.browser_be0cbd_5.74.1-canary.v20250717234319.min.js.sri
- clerk-js/5.74.1-canary.v20250717234319/ui-common_clerk.chips.browser_045418_5.74.1-canary.v20250717234319.js.br
- clerk-js/5.74.1-canary.v20250717234319/ui-common_clerk.chips.browser_045418_5.74.1-canary.v20250717234319.js.gz
- clerk-js/5.74.1-canary.v20250717234319/ui-common_clerk.chips.browser_045418_5.74.1-canary.v20250717234319.js.sri
- clerk-js/5.74.1-canary.v20250717234319/ui-common_clerk.chips.browser_045418_5.74.1-canary.v20250717234319.min.js.br
- clerk-js/5.74.1-canary.v20250717234319/ui-common_clerk.chips.browser_045418_5.74.1-canary.v20250717234319.min.js.gz
- clerk-js/5.74.1-canary.v20250717234319/ui-common_clerk.chips.browser_045418_5.74.1-canary.v20250717234319.min.js.sri
- clerk-js/5.74.1-canary.v20250717234319/ui-common_clerk.legacy.browser_b29197_5.74.1-canary.v20250717234319.js.br
- clerk-js/5.74.1-canary.v20250717234319/ui-common_clerk.legacy.browser_b29197_5.74.1-canary.v20250717234319.js.gz
- clerk-js/5.74.1-canary.v20250717234319/ui-common_clerk.legacy.browser_b29197_5.74.1-canary.v20250717234319.js.sri
- clerk-js/5.74.1-canary.v20250717234319/ui-common_clerk.legacy.browser_b29197_5.74.1-canary.v20250717234319.min.js.br
- clerk-js/5.74.1-canary.v20250717234319/ui-common_clerk.legacy.browser_b29197_5.74.1-canary.v20250717234319.min.js.gz
- clerk-js/5.74.1-canary.v20250717234319/ui-common_clerk.legacy.browser_b29197_5.74.1-canary.v20250717234319.min.js.sri
- clerk-js/5.74.1-canary.v20250717234319/up-api-keys-page_clerk.browser_be0cbd_5.74.1-canary.v20250717234319.js.br
- clerk-js/5.74.1-canary.v20250717234319/up-api-keys-page_clerk.browser_be0cbd_5.74.1-canary.v20250717234319.js.gz
- clerk-js/5.74.1-canary.v20250717234319/up-api-keys-page_clerk.browser_be0cbd_5.74.1-canary.v20250717234319.js.sri
- clerk-js/5.74.1-canary.v20250717234319/up-api-keys-page_clerk.browser_be0cbd_5.74.1-canary.v20250717234319.min.js.br
- clerk-js/5.74.1-canary.v20250717234319/up-api-keys-page_clerk.browser_be0cbd_5.74.1-canary.v20250717234319.min.js.gz
- clerk-js/5.74.1-canary.v20250717234319/up-api-keys-page_clerk.browser_be0cbd_5.74.1-canary.v20250717234319.min.js.sri
- clerk-js/5.74.1-canary.v20250717234319/up-api-keys-page_clerk.chips.browser_045418_5.74.1-canary.v20250717234319.js.br
- clerk-js/5.74.1-canary.v20250717234319/up-api-keys-page_clerk.chips.browser_045418_5.74.1-canary.v20250717234319.js.gz
- clerk-js/5.74.1-canary.v20250717234319/up-api-keys-page_clerk.chips.browser_045418_5.74.1-canary.v20250717234319.js.sri
- clerk-js/5.74.1-canary.v20250717234319/up-api-keys-page_clerk.chips.browser_045418_5.74.1-canary.v20250717234319.min.js.br
- clerk-js/5.74.1-canary.v20250717234319/up-api-keys-page_clerk.chips.browser_045418_5.74.1-canary.v20250717234319.min.js.gz
- clerk-js/5.74.1-canary.v20250717234319/up-api-keys-page_clerk.chips.browser_045418_5.74.1-canary.v20250717234319.min.js.sri
- clerk-js/5.74.1-canary.v20250717234319/up-api-keys-page_clerk.legacy.browser_b29197_5.74.1-canary.v20250717234319.js.br
- clerk-js/5.74.1-canary.v20250717234319/up-api-keys-page_clerk.legacy.browser_b29197_5.74.1-canary.v20250717234319.js.gz
- clerk-js/5.74.1-canary.v20250717234319/up-api-keys-page_clerk.legacy.browser_b29197_5.74.1-canary.v20250717234319.js.sri
- clerk-js/5.74.1-canary.v20250717234319/up-api-keys-page_clerk.legacy.browser_b29197_5.74.1-canary.v20250717234319.min.js.br
- clerk-js/5.74.1-canary.v20250717234319/up-api-keys-page_clerk.legacy.browser_b29197_5.74.1-canary.v20250717234319.min.js.gz
- clerk-js/5.74.1-canary.v20250717234319/up-api-keys-page_clerk.legacy.browser_b29197_5.74.1-canary.v20250717234319.min.js.sri
- clerk-js/5.74.1-canary.v20250717234319/up-billing-page_clerk.browser_be0cbd_5.74.1-canary.v20250717234319.js.br
- clerk-js/5.74.1-canary.v20250717234319/up-billing-page_clerk.browser_be0cbd_5.74.1-canary.v20250717234319.js.gz
- clerk-js/5.74.1-canary.v20250717234319/up-billing-page_clerk.browser_be0cbd_5.74.1-canary.v20250717234319.js.sri
- clerk-js/5.74.1-canary.v20250717234319/up-billing-page_clerk.browser_be0cbd_5.74.1-canary.v20250717234319.min.js.br
- clerk-js/5.74.1-canary.v20250717234319/up-billing-page_clerk.browser_be0cbd_5.74.1-canary.v20250717234319.min.js.gz
- clerk-js/5.74.1-canary.v20250717234319/up-billing-page_clerk.browser_be0cbd_5.74.1-canary.v20250717234319.min.js.sri
- clerk-js/5.74.1-canary.v20250717234319/up-billing-page_clerk.chips.browser_045418_5.74.1-canary.v20250717234319.js.br
- clerk-js/5.74.1-canary.v20250717234319/up-billing-page_clerk.chips.browser_045418_5.74.1-canary.v20250717234319.js.gz
- clerk-js/5.74.1-canary.v20250717234319/up-billing-page_clerk.chips.browser_045418_5.74.1-canary.v20250717234319.js.sri
- clerk-js/5.74.1-canary.v20250717234319/up-billing-page_clerk.chips.browser_045418_5.74.1-canary.v20250717234319.min.js.br
- clerk-js/5.74.1-canary.v20250717234319/up-billing-page_clerk.chips.browser_045418_5.74.1-canary.v20250717234319.min.js.gz
- clerk-js/5.74.1-canary.v20250717234319/up-billing-page_clerk.chips.browser_045418_5.74.1-canary.v20250717234319.min.js.sri
- clerk-js/5.74.1-canary.v20250717234319/up-billing-page_clerk.legacy.browser_b29197_5.74.1-canary.v20250717234319.js.br
- clerk-js/5.74.1-canary.v20250717234319/up-billing-page_clerk.legacy.browser_b29197_5.74.1-canary.v20250717234319.js.gz
- clerk-js/5.74.1-canary.v20250717234319/up-billing-page_clerk.legacy.browser_b29197_5.74.1-canary.v20250717234319.js.sri
- clerk-js/5.74.1-canary.v20250717234319/up-billing-page_clerk.legacy.browser_b29197_5.74.1-canary.v20250717234319.min.js.br
- clerk-js/5.74.1-canary.v20250717234319/up-billing-page_clerk.legacy.browser_b29197_5.74.1-canary.v20250717234319.min.js.gz
- clerk-js/5.74.1-canary.v20250717234319/up-billing-page_clerk.legacy.browser_b29197_5.74.1-canary.v20250717234319.min.js.sri
- clerk-js/5.74.1-canary.v20250717234319/up-plans-page_clerk.browser_be0cbd_5.74.1-canary.v20250717234319.js.br
- clerk-js/5.74.1-canary.v20250717234319/up-plans-page_clerk.browser_be0cbd_5.74.1-canary.v20250717234319.js.gz
- clerk-js/5.74.1-canary.v20250717234319/up-plans-page_clerk.browser_be0cbd_5.74.1-canary.v20250717234319.js.sri
- clerk-js/5.74.1-canary.v20250717234319/up-plans-page_clerk.browser_be0cbd_5.74.1-canary.v20250717234319.min.js.br
- clerk-js/5.74.1-canary.v20250717234319/up-plans-page_clerk.browser_be0cbd_5.74.1-canary.v20250717234319.min.js.gz
- clerk-js/5.74.1-canary.v20250717234319/up-plans-page_clerk.browser_be0cbd_5.74.1-canary.v20250717234319.min.js.sri
- clerk-js/5.74.1-canary.v20250717234319/up-plans-page_clerk.chips.browser_045418_5.74.1-canary.v20250717234319.js.br
- clerk-js/5.74.1-canary.v20250717234319/up-plans-page_clerk.chips.browser_045418_5.74.1-canary.v20250717234319.js.gz
- clerk-js/5.74.1-canary.v20250717234319/up-plans-page_clerk.chips.browser_045418_5.74.1-canary.v20250717234319.js.sri
- clerk-js/5.74.1-canary.v20250717234319/up-plans-page_clerk.chips.browser_045418_5.74.1-canary.v20250717234319.min.js.br
- clerk-js/5.74.1-canary.v20250717234319/up-plans-page_clerk.chips.browser_045418_5.74.1-canary.v20250717234319.min.js.gz
- clerk-js/5.74.1-canary.v20250717234319/up-plans-page_clerk.chips.browser_045418_5.74.1-canary.v20250717234319.min.js.sri
- clerk-js/5.74.1-canary.v20250717234319/up-plans-page_clerk.legacy.browser_b29197_5.74.1-canary.v20250717234319.js.br
- clerk-js/5.74.1-canary.v20250717234319/up-plans-page_clerk.legacy.browser_b29197_5.74.1-canary.v20250717234319.js.gz
- clerk-js/5.74.1-canary.v20250717234319/up-plans-page_clerk.legacy.browser_b29197_5.74.1-canary.v20250717234319.js.sri
- clerk-js/5.74.1-canary.v20250717234319/up-plans-page_clerk.legacy.browser_b29197_5.74.1-canary.v20250717234319.min.js.br
- clerk-js/5.74.1-canary.v20250717234319/up-plans-page_clerk.legacy.browser_b29197_5.74.1-canary.v20250717234319.min.js.gz
- clerk-js/5.74.1-canary.v20250717234319/up-plans-page_clerk.legacy.browser_b29197_5.74.1-canary.v20250717234319.min.js.sri
- clerk-js/5.74.1-canary.v20250717234319/userbutton_clerk.browser_be0cbd_5.74.1-canary.v20250717234319.js.br
- clerk-js/5.74.1-canary.v20250717234319/userbutton_clerk.browser_be0cbd_5.74.1-canary.v20250717234319.js.gz
- clerk-js/5.74.1-canary.v20250717234319/userbutton_clerk.browser_be0cbd_5.74.1-canary.v20250717234319.js.sri
- clerk-js/5.74.1-canary.v20250717234319/userbutton_clerk.browser_be0cbd_5.74.1-canary.v20250717234319.min.js.br
- clerk-js/5.74.1-canary.v20250717234319/userbutton_clerk.browser_be0cbd_5.74.1-canary.v20250717234319.min.js.gz
- clerk-js/5.74.1-canary.v20250717234319/userbutton_clerk.browser_be0cbd_5.74.1-canary.v20250717234319.min.js.sri
- clerk-js/5.74.1-canary.v20250717234319/userbutton_clerk.chips.browser_045418_5.74.1-canary.v20250717234319.js.br
- clerk-js/5.74.1-canary.v20250717234319/userbutton_clerk.chips.browser_045418_5.74.1-canary.v20250717234319.js.gz
- clerk-js/5.74.1-canary.v20250717234319/userbutton_clerk.chips.browser_045418_5.74.1-canary.v20250717234319.js.sri
- clerk-js/5.74.1-canary.v20250717234319/userbutton_clerk.chips.browser_045418_5.74.1-canary.v20250717234319.min.js.br
- clerk-js/5.74.1-canary.v20250717234319/userbutton_clerk.chips.browser_045418_5.74.1-canary.v20250717234319.min.js.gz
- clerk-js/5.74.1-canary.v20250717234319/userbutton_clerk.chips.browser_045418_5.74.1-canary.v20250717234319.min.js.sri
- clerk-js/5.74.1-canary.v20250717234319/userbutton_clerk.legacy.browser_b29197_5.74.1-canary.v20250717234319.js.br
- clerk-js/5.74.1-canary.v20250717234319/userbutton_clerk.legacy.browser_b29197_5.74.1-canary.v20250717234319.js.gz
- clerk-js/5.74.1-canary.v20250717234319/userbutton_clerk.legacy.browser_b29197_5.74.1-canary.v20250717234319.js.sri
- clerk-js/5.74.1-canary.v20250717234319/userbutton_clerk.legacy.browser_b29197_5.74.1-canary.v20250717234319.min.js.br
- clerk-js/5.74.1-canary.v20250717234319/userbutton_clerk.legacy.browser_b29197_5.74.1-canary.v20250717234319.min.js.gz
- clerk-js/5.74.1-canary.v20250717234319/userbutton_clerk.legacy.browser_b29197_5.74.1-canary.v20250717234319.min.js.sri
- clerk-js/5.74.1-canary.v20250717234319/userprofile_clerk.browser_be0cbd_5.74.1-canary.v20250717234319.js.br
- clerk-js/5.74.1-canary.v20250717234319/userprofile_clerk.browser_be0cbd_5.74.1-canary.v20250717234319.js.gz
- clerk-js/5.74.1-canary.v20250717234319/userprofile_clerk.browser_be0cbd_5.74.1-canary.v20250717234319.js.sri
- clerk-js/5.74.1-canary.v20250717234319/userprofile_clerk.browser_be0cbd_5.74.1-canary.v20250717234319.min.js.br
- clerk-js/5.74.1-canary.v20250717234319/userprofile_clerk.browser_be0cbd_5.74.1-canary.v20250717234319.min.js.gz
- clerk-js/5.74.1-canary.v20250717234319/userprofile_clerk.browser_be0cbd_5.74.1-canary.v20250717234319.min.js.sri
- clerk-js/5.74.1-canary.v20250717234319/userprofile_clerk.chips.browser_045418_5.74.1-canary.v20250717234319.js.br
- clerk-js/5.74.1-canary.v20250717234319/userprofile_clerk.chips.browser_045418_5.74.1-canary.v20250717234319.js.gz
- clerk-js/5.74.1-canary.v20250717234319/userprofile_clerk.chips.browser_045418_5.74.1-canary.v20250717234319.js.sri
- clerk-js/5.74.1-canary.v20250717234319/userprofile_clerk.chips.browser_045418_5.74.1-canary.v20250717234319.min.js.br
- clerk-js/5.74.1-canary.v20250717234319/userprofile_clerk.chips.browser_045418_5.74.1-canary.v20250717234319.min.js.gz
- clerk-js/5.74.1-canary.v20250717234319/userprofile_clerk.chips.browser_045418_5.74.1-canary.v20250717234319.min.js.sri
- clerk-js/5.74.1-canary.v20250717234319/userprofile_clerk.legacy.browser_b29197_5.74.1-canary.v20250717234319.js.br
- clerk-js/5.74.1-canary.v20250717234319/userprofile_clerk.legacy.browser_b29197_5.74.1-canary.v20250717234319.js.gz
- clerk-js/5.74.1-canary.v20250717234319/userprofile_clerk.legacy.browser_b29197_5.74.1-canary.v20250717234319.js.sri
- clerk-js/5.74.1-canary.v20250717234319/userprofile_clerk.legacy.browser_b29197_5.74.1-canary.v20250717234319.min.js.br
- clerk-js/5.74.1-canary.v20250717234319/userprofile_clerk.legacy.browser_b29197_5.74.1-canary.v20250717234319.min.js.gz
- clerk-js/5.74.1-canary.v20250717234319/userprofile_clerk.legacy.browser_b29197_5.74.1-canary.v20250717234319.min.js.sri
- clerk-js/5.74.1-canary.v20250717234319/userverification_clerk.browser_be0cbd_5.74.1-canary.v20250717234319.js.br
- clerk-js/5.74.1-canary.v20250717234319/userverification_clerk.browser_be0cbd_5.74.1-canary.v20250717234319.js.gz
- clerk-js/5.74.1-canary.v20250717234319/userverification_clerk.browser_be0cbd_5.74.1-canary.v20250717234319.js.sri
- clerk-js/5.74.1-canary.v20250717234319/userverification_clerk.browser_be0cbd_5.74.1-canary.v20250717234319.min.js.br
- clerk-js/5.74.1-canary.v20250717234319/userverification_clerk.browser_be0cbd_5.74.1-canary.v20250717234319.min.js.gz
- clerk-js/5.74.1-canary.v20250717234319/userverification_clerk.browser_be0cbd_5.74.1-canary.v20250717234319.min.js.sri
- clerk-js/5.74.1-canary.v20250717234319/userverification_clerk.chips.browser_045418_5.74.1-canary.v20250717234319.js.br
- clerk-js/5.74.1-canary.v20250717234319/userverification_clerk.chips.browser_045418_5.74.1-canary.v20250717234319.js.gz
- clerk-js/5.74.1-canary.v20250717234319/userverification_clerk.chips.browser_045418_5.74.1-canary.v20250717234319.js.sri
- clerk-js/5.74.1-canary.v20250717234319/userverification_clerk.chips.browser_045418_5.74.1-canary.v20250717234319.min.js.br
- clerk-js/5.74.1-canary.v20250717234319/userverification_clerk.chips.browser_045418_5.74.1-canary.v20250717234319.min.js.gz
- clerk-js/5.74.1-canary.v20250717234319/userverification_clerk.chips.browser_045418_5.74.1-canary.v20250717234319.min.js.sri
- clerk-js/5.74.1-canary.v20250717234319/userverification_clerk.legacy.browser_b29197_5.74.1-canary.v20250717234319.js.br
- clerk-js/5.74.1-canary.v20250717234319/userverification_clerk.legacy.browser_b29197_5.74.1-canary.v20250717234319.js.gz
- clerk-js/5.74.1-canary.v20250717234319/userverification_clerk.legacy.browser_b29197_5.74.1-canary.v20250717234319.js.sri
- clerk-js/5.74.1-canary.v20250717234319/userverification_clerk.legacy.browser_b29197_5.74.1-canary.v20250717234319.min.js.br
- clerk-js/5.74.1-canary.v20250717234319/userverification_clerk.legacy.browser_b29197_5.74.1-canary.v20250717234319.min.js.gz
- clerk-js/5.74.1-canary.v20250717234319/userverification_clerk.legacy.browser_b29197_5.74.1-canary.v20250717234319.min.js.sri
- clerk-js/5.74.1-canary.v20250717234319/vendors_clerk.browser_be0cbd_5.74.1-canary.v20250717234319.js.br
- clerk-js/5.74.1-canary.v20250717234319/vendors_clerk.browser_be0cbd_5.74.1-canary.v20250717234319.js.gz
- clerk-js/5.74.1-canary.v20250717234319/vendors_clerk.browser_be0cbd_5.74.1-canary.v20250717234319.js.sri
- clerk-js/5.74.1-canary.v20250717234319/vendors_clerk.browser_be0cbd_5.74.1-canary.v20250717234319.min.js.br
- clerk-js/5.74.1-canary.v20250717234319/vendors_clerk.browser_be0cbd_5.74.1-canary.v20250717234319.min.js.gz
- clerk-js/5.74.1-canary.v20250717234319/vendors_clerk.browser_be0cbd_5.74.1-canary.v20250717234319.min.js.sri
- clerk-js/5.74.1-canary.v20250717234319/vendors_clerk.chips.browser_045418_5.74.1-canary.v20250717234319.js.br
- clerk-js/5.74.1-canary.v20250717234319/vendors_clerk.chips.browser_045418_5.74.1-canary.v20250717234319.js.gz
- clerk-js/5.74.1-canary.v20250717234319/vendors_clerk.chips.browser_045418_5.74.1-canary.v20250717234319.js.sri
- clerk-js/5.74.1-canary.v20250717234319/vendors_clerk.chips.browser_045418_5.74.1-canary.v20250717234319.min.js.br
- clerk-js/5.74.1-canary.v20250717234319/vendors_clerk.chips.browser_045418_5.74.1-canary.v20250717234319.min.js.gz
- clerk-js/5.74.1-canary.v20250717234319/vendors_clerk.chips.browser_045418_5.74.1-canary.v20250717234319.min.js.sri
- clerk-js/5.74.1-canary.v20250717234319/vendors_clerk.headless.browser_00e5d4_5.74.1-canary.v20250717234319.js.br
- clerk-js/5.74.1-canary.v20250717234319/vendors_clerk.headless.browser_00e5d4_5.74.1-canary.v20250717234319.js.gz
- clerk-js/5.74.1-canary.v20250717234319/vendors_clerk.headless.browser_00e5d4_5.74.1-canary.v20250717234319.js.sri
- clerk-js/5.74.1-canary.v20250717234319/vendors_clerk.headless.browser_00e5d4_5.74.1-canary.v20250717234319.min.js.br
- clerk-js/5.74.1-canary.v20250717234319/vendors_clerk.headless.browser_00e5d4_5.74.1-canary.v20250717234319.min.js.gz
- clerk-js/5.74.1-canary.v20250717234319/vendors_clerk.headless.browser_00e5d4_5.74.1-canary.v20250717234319.min.js.sri
- clerk-js/5.74.1-canary.v20250717234319/vendors_clerk.legacy.browser_b29197_5.74.1-canary.v20250717234319.js.br
- clerk-js/5.74.1-canary.v20250717234319/vendors_clerk.legacy.browser_b29197_5.74.1-canary.v20250717234319.js.gz
- clerk-js/5.74.1-canary.v20250717234319/vendors_clerk.legacy.browser_b29197_5.74.1-canary.v20250717234319.js.sri
- clerk-js/5.74.1-canary.v20250717234319/vendors_clerk.legacy.browser_b29197_5.74.1-canary.v20250717234319.min.js.br
- clerk-js/5.74.1-canary.v20250717234319/vendors_clerk.legacy.browser_b29197_5.74.1-canary.v20250717234319.min.js.gz
- clerk-js/5.74.1-canary.v20250717234319/vendors_clerk.legacy.browser_b29197_5.74.1-canary.v20250717234319.min.js.sri
- clerk-js/5.74.1-canary.v20250717234319/waitlist_clerk.browser_be0cbd_5.74.1-canary.v20250717234319.js.br
- clerk-js/5.74.1-canary.v20250717234319/waitlist_clerk.browser_be0cbd_5.74.1-canary.v20250717234319.js.gz
- clerk-js/5.74.1-canary.v20250717234319/waitlist_clerk.browser_be0cbd_5.74.1-canary.v20250717234319.js.sri
- clerk-js/5.74.1-canary.v20250717234319/waitlist_clerk.browser_be0cbd_5.74.1-canary.v20250717234319.min.js.br
- clerk-js/5.74.1-canary.v20250717234319/waitlist_clerk.browser_be0cbd_5.74.1-canary.v20250717234319.min.js.gz
- clerk-js/5.74.1-canary.v20250717234319/waitlist_clerk.browser_be0cbd_5.74.1-canary.v20250717234319.min.js.sri
- clerk-js/5.74.1-canary.v20250717234319/waitlist_clerk.chips.browser_045418_5.74.1-canary.v20250717234319.js.br
- clerk-js/5.74.1-canary.v20250717234319/waitlist_clerk.chips.browser_045418_5.74.1-canary.v20250717234319.js.gz
- clerk-js/5.74.1-canary.v20250717234319/waitlist_clerk.chips.browser_045418_5.74.1-canary.v20250717234319.js.sri
- clerk-js/5.74.1-canary.v20250717234319/waitlist_clerk.chips.browser_045418_5.74.1-canary.v20250717234319.min.js.br
- clerk-js/5.74.1-canary.v20250717234319/waitlist_clerk.chips.browser_045418_5.74.1-canary.v20250717234319.min.js.gz
- clerk-js/5.74.1-canary.v20250717234319/waitlist_clerk.chips.browser_045418_5.74.1-canary.v20250717234319.min.js.sri
- clerk-js/5.74.1-canary.v20250717234319/waitlist_clerk.legacy.browser_b29197_5.74.1-canary.v20250717234319.js.br
- clerk-js/5.74.1-canary.v20250717234319/waitlist_clerk.legacy.browser_b29197_5.74.1-canary.v20250717234319.js.gz
- clerk-js/5.74.1-canary.v20250717234319/waitlist_clerk.legacy.browser_b29197_5.74.1-canary.v20250717234319.js.sri
- clerk-js/5.74.1-canary.v20250717234319/waitlist_clerk.legacy.browser_b29197_5.74.1-canary.v20250717234319.min.js.br
- clerk-js/5.74.1-canary.v20250717234319/waitlist_clerk.legacy.browser_b29197_5.74.1-canary.v20250717234319.min.js.gz
- clerk-js/5.74.1-canary.v20250717234319/waitlist_clerk.legacy.browser_b29197_5.74.1-canary.v20250717234319.min.js.sri
- clerk-js/5.74.1-canary.v20250717234319/zxcvbn-common_clerk.browser_be0cbd_5.74.1-canary.v20250717234319.js.br
- clerk-js/5.74.1-canary.v20250717234319/zxcvbn-common_clerk.browser_be0cbd_5.74.1-canary.v20250717234319.js.gz
- clerk-js/5.74.1-canary.v20250717234319/zxcvbn-common_clerk.browser_be0cbd_5.74.1-canary.v20250717234319.js.sri
- clerk-js/5.74.1-canary.v20250717234319/zxcvbn-common_clerk.browser_be0cbd_5.74.1-canary.v20250717234319.min.js.br
- clerk-js/5.74.1-canary.v20250717234319/zxcvbn-common_clerk.browser_be0cbd_5.74.1-canary.v20250717234319.min.js.gz
- clerk-js/5.74.1-canary.v20250717234319/zxcvbn-common_clerk.browser_be0cbd_5.74.1-canary.v20250717234319.min.js.sri
- clerk-js/5.74.1-canary.v20250717234319/zxcvbn-common_clerk.chips.browser_045418_5.74.1-canary.v20250717234319.js.br
- clerk-js/5.74.1-canary.v20250717234319/zxcvbn-common_clerk.chips.browser_045418_5.74.1-canary.v20250717234319.js.gz
- clerk-js/5.74.1-canary.v20250717234319/zxcvbn-common_clerk.chips.browser_045418_5.74.1-canary.v20250717234319.js.sri
- clerk-js/5.74.1-canary.v20250717234319/zxcvbn-common_clerk.chips.browser_045418_5.74.1-canary.v20250717234319.min.js.br
- clerk-js/5.74.1-canary.v20250717234319/zxcvbn-common_clerk.chips.browser_045418_5.74.1-canary.v20250717234319.min.js.gz
- clerk-js/5.74.1-canary.v20250717234319/zxcvbn-common_clerk.chips.browser_045418_5.74.1-canary.v20250717234319.min.js.sri
- clerk-js/5.74.1-canary.v20250717234319/zxcvbn-common_clerk.headless.browser_00e5d4_5.74.1-canary.v20250717234319.js.br
- clerk-js/5.74.1-canary.v20250717234319/zxcvbn-common_clerk.headless.browser_00e5d4_5.74.1-canary.v20250717234319.js.gz
- clerk-js/5.74.1-canary.v20250717234319/zxcvbn-common_clerk.headless.browser_00e5d4_5.74.1-canary.v20250717234319.js.sri
- clerk-js/5.74.1-canary.v20250717234319/zxcvbn-common_clerk.headless.browser_00e5d4_5.74.1-canary.v20250717234319.min.js.br
- clerk-js/5.74.1-canary.v20250717234319/zxcvbn-common_clerk.headless.browser_00e5d4_5.74.1-canary.v20250717234319.min.js.gz
- clerk-js/5.74.1-canary.v20250717234319/zxcvbn-common_clerk.headless.browser_00e5d4_5.74.1-canary.v20250717234319.min.js.sri
- clerk-js/5.74.1-canary.v20250717234319/zxcvbn-common_clerk.legacy.browser_b29197_5.74.1-canary.v20250717234319.js.br
- clerk-js/5.74.1-canary.v20250717234319/zxcvbn-common_clerk.legacy.browser_b29197_5.74.1-canary.v20250717234319.js.gz
- clerk-js/5.74.1-canary.v20250717234319/zxcvbn-common_clerk.legacy.browser_b29197_5.74.1-canary.v20250717234319.js.sri
- clerk-js/5.74.1-canary.v20250717234319/zxcvbn-common_clerk.legacy.browser_b29197_5.74.1-canary.v20250717234319.min.js.br
- clerk-js/5.74.1-canary.v20250717234319/zxcvbn-common_clerk.legacy.browser_b29197_5.74.1-canary.v20250717234319.min.js.gz
- clerk-js/5.74.1-canary.v20250717234319/zxcvbn-common_clerk.legacy.browser_b29197_5.74.1-canary.v20250717234319.min.js.sri
- clerk-js/5.74.1-canary.v20250717234319/zxcvbn-ts-core_clerk.browser_be0cbd_5.74.1-canary.v20250717234319.js.br
- clerk-js/5.74.1-canary.v20250717234319/zxcvbn-ts-core_clerk.browser_be0cbd_5.74.1-canary.v20250717234319.js.gz
- clerk-js/5.74.1-canary.v20250717234319/zxcvbn-ts-core_clerk.browser_be0cbd_5.74.1-canary.v20250717234319.js.sri
- clerk-js/5.74.1-canary.v20250717234319/zxcvbn-ts-core_clerk.browser_be0cbd_5.74.1-canary.v20250717234319.min.js.br
- clerk-js/5.74.1-canary.v20250717234319/zxcvbn-ts-core_clerk.browser_be0cbd_5.74.1-canary.v20250717234319.min.js.gz
- clerk-js/5.74.1-canary.v20250717234319/zxcvbn-ts-core_clerk.browser_be0cbd_5.74.1-canary.v20250717234319.min.js.sri
- clerk-js/5.74.1-canary.v20250717234319/zxcvbn-ts-core_clerk.chips.browser_045418_5.74.1-canary.v20250717234319.js.br
- clerk-js/5.74.1-canary.v20250717234319/zxcvbn-ts-core_clerk.chips.browser_045418_5.74.1-canary.v20250717234319.js.gz
- clerk-js/5.74.1-canary.v20250717234319/zxcvbn-ts-core_clerk.chips.browser_045418_5.74.1-canary.v20250717234319.js.sri
- clerk-js/5.74.1-canary.v20250717234319/zxcvbn-ts-core_clerk.chips.browser_045418_5.74.1-canary.v20250717234319.min.js.br
- clerk-js/5.74.1-canary.v20250717234319/zxcvbn-ts-core_clerk.chips.browser_045418_5.74.1-canary.v20250717234319.min.js.gz
- clerk-js/5.74.1-canary.v20250717234319/zxcvbn-ts-core_clerk.chips.browser_045418_5.74.1-canary.v20250717234319.min.js.sri
- clerk-js/5.74.1-canary.v20250717234319/zxcvbn-ts-core_clerk.headless.browser_00e5d4_5.74.1-canary.v20250717234319.js.br
- clerk-js/5.74.1-canary.v20250717234319/zxcvbn-ts-core_clerk.headless.browser_00e5d4_5.74.1-canary.v20250717234319.js.gz
- clerk-js/5.74.1-canary.v20250717234319/zxcvbn-ts-core_clerk.headless.browser_00e5d4_5.74.1-canary.v20250717234319.js.sri
- clerk-js/5.74.1-canary.v20250717234319/zxcvbn-ts-core_clerk.headless.browser_00e5d4_5.74.1-canary.v20250717234319.min.js.br
- clerk-js/5.74.1-canary.v20250717234319/zxcvbn-ts-core_clerk.headless.browser_00e5d4_5.74.1-canary.v20250717234319.min.js.gz
- clerk-js/5.74.1-canary.v20250717234319/zxcvbn-ts-core_clerk.headless.browser_00e5d4_5.74.1-canary.v20250717234319.min.js.sri
- clerk-js/5.74.1-canary.v20250717234319/zxcvbn-ts-core_clerk.legacy.browser_b29197_5.74.1-canary.v20250717234319.js.br
- clerk-js/5.74.1-canary.v20250717234319/zxcvbn-ts-core_clerk.legacy.browser_b29197_5.74.1-canary.v20250717234319.js.gz
- clerk-js/5.74.1-canary.v20250717234319/zxcvbn-ts-core_clerk.legacy.browser_b29197_5.74.1-canary.v20250717234319.js.sri
- clerk-js/5.74.1-canary.v20250717234319/zxcvbn-ts-core_clerk.legacy.browser_b29197_5.74.1-canary.v20250717234319.min.js.br
- clerk-js/5.74.1-canary.v20250717234319/zxcvbn-ts-core_clerk.legacy.browser_b29197_5.74.1-canary.v20250717234319.min.js.gz
- clerk-js/5.74.1-canary.v20250717234319/zxcvbn-ts-core_clerk.legacy.browser_b29197_5.74.1-canary.v20250717234319.min.js.sri
