Files:
- clerk-js/5.77.1-canary.v20250728193727/192_clerk.browser_4d86c5_5.77.1-canary.v20250728193727.js.br
- clerk-js/5.77.1-canary.v20250728193727/192_clerk.browser_4d86c5_5.77.1-canary.v20250728193727.js.gz
- clerk-js/5.77.1-canary.v20250728193727/192_clerk.browser_4d86c5_5.77.1-canary.v20250728193727.js.sri
- clerk-js/5.77.1-canary.v20250728193727/192_clerk.browser_4d86c5_5.77.1-canary.v20250728193727.min.js.br
- clerk-js/5.77.1-canary.v20250728193727/192_clerk.browser_4d86c5_5.77.1-canary.v20250728193727.min.js.gz
- clerk-js/5.77.1-canary.v20250728193727/192_clerk.browser_4d86c5_5.77.1-canary.v20250728193727.min.js.sri
- clerk-js/5.77.1-canary.v20250728193727/192_clerk.chips.browser_6903b1_5.77.1-canary.v20250728193727.js.br
- clerk-js/5.77.1-canary.v20250728193727/192_clerk.chips.browser_6903b1_5.77.1-canary.v20250728193727.js.gz
- clerk-js/5.77.1-canary.v20250728193727/192_clerk.chips.browser_6903b1_5.77.1-canary.v20250728193727.js.sri
- clerk-js/5.77.1-canary.v20250728193727/192_clerk.chips.browser_6903b1_5.77.1-canary.v20250728193727.min.js.br
- clerk-js/5.77.1-canary.v20250728193727/192_clerk.chips.browser_6903b1_5.77.1-canary.v20250728193727.min.js.gz
- clerk-js/5.77.1-canary.v20250728193727/192_clerk.chips.browser_6903b1_5.77.1-canary.v20250728193727.min.js.sri
- clerk-js/5.77.1-canary.v20250728193727/192_clerk.legacy.browser_378045_5.77.1-canary.v20250728193727.js.br
- clerk-js/5.77.1-canary.v20250728193727/192_clerk.legacy.browser_378045_5.77.1-canary.v20250728193727.js.gz
- clerk-js/5.77.1-canary.v20250728193727/192_clerk.legacy.browser_378045_5.77.1-canary.v20250728193727.js.sri
- clerk-js/5.77.1-canary.v20250728193727/192_clerk.legacy.browser_378045_5.77.1-canary.v20250728193727.min.js.br
- clerk-js/5.77.1-canary.v20250728193727/192_clerk.legacy.browser_378045_5.77.1-canary.v20250728193727.min.js.gz
- clerk-js/5.77.1-canary.v20250728193727/192_clerk.legacy.browser_378045_5.77.1-canary.v20250728193727.min.js.sri
- clerk-js/5.77.1-canary.v20250728193727/294_clerk.browser_4d86c5_5.77.1-canary.v20250728193727.js.br
- clerk-js/5.77.1-canary.v20250728193727/294_clerk.browser_4d86c5_5.77.1-canary.v20250728193727.js.gz
- clerk-js/5.77.1-canary.v20250728193727/294_clerk.browser_4d86c5_5.77.1-canary.v20250728193727.js.sri
- clerk-js/5.77.1-canary.v20250728193727/294_clerk.browser_4d86c5_5.77.1-canary.v20250728193727.min.js.br
- clerk-js/5.77.1-canary.v20250728193727/294_clerk.browser_4d86c5_5.77.1-canary.v20250728193727.min.js.gz
- clerk-js/5.77.1-canary.v20250728193727/294_clerk.browser_4d86c5_5.77.1-canary.v20250728193727.min.js.sri
- clerk-js/5.77.1-canary.v20250728193727/294_clerk.chips.browser_6903b1_5.77.1-canary.v20250728193727.js.br
- clerk-js/5.77.1-canary.v20250728193727/294_clerk.chips.browser_6903b1_5.77.1-canary.v20250728193727.js.gz
- clerk-js/5.77.1-canary.v20250728193727/294_clerk.chips.browser_6903b1_5.77.1-canary.v20250728193727.js.sri
- clerk-js/5.77.1-canary.v20250728193727/294_clerk.chips.browser_6903b1_5.77.1-canary.v20250728193727.min.js.br
- clerk-js/5.77.1-canary.v20250728193727/294_clerk.chips.browser_6903b1_5.77.1-canary.v20250728193727.min.js.gz
- clerk-js/5.77.1-canary.v20250728193727/294_clerk.chips.browser_6903b1_5.77.1-canary.v20250728193727.min.js.sri
- clerk-js/5.77.1-canary.v20250728193727/294_clerk.legacy.browser_378045_5.77.1-canary.v20250728193727.js.br
- clerk-js/5.77.1-canary.v20250728193727/294_clerk.legacy.browser_378045_5.77.1-canary.v20250728193727.js.gz
- clerk-js/5.77.1-canary.v20250728193727/294_clerk.legacy.browser_378045_5.77.1-canary.v20250728193727.js.sri
- clerk-js/5.77.1-canary.v20250728193727/294_clerk.legacy.browser_378045_5.77.1-canary.v20250728193727.min.js.br
- clerk-js/5.77.1-canary.v20250728193727/294_clerk.legacy.browser_378045_5.77.1-canary.v20250728193727.min.js.gz
- clerk-js/5.77.1-canary.v20250728193727/294_clerk.legacy.browser_378045_5.77.1-canary.v20250728193727.min.js.sri
- clerk-js/5.77.1-canary.v20250728193727/377_clerk.headless_027658_5.77.1-canary.v20250728193727.js.br
- clerk-js/5.77.1-canary.v20250728193727/377_clerk.headless_027658_5.77.1-canary.v20250728193727.js.gz
- clerk-js/5.77.1-canary.v20250728193727/377_clerk.headless_027658_5.77.1-canary.v20250728193727.js.sri
- clerk-js/5.77.1-canary.v20250728193727/377_clerk.headless_027658_5.77.1-canary.v20250728193727.min.js.br
- clerk-js/5.77.1-canary.v20250728193727/377_clerk.headless_027658_5.77.1-canary.v20250728193727.min.js.gz
- clerk-js/5.77.1-canary.v20250728193727/377_clerk.headless_027658_5.77.1-canary.v20250728193727.min.js.sri
- clerk-js/5.77.1-canary.v20250728193727/553_clerk.headless_027658_5.77.1-canary.v20250728193727.js.br
- clerk-js/5.77.1-canary.v20250728193727/553_clerk.headless_027658_5.77.1-canary.v20250728193727.js.gz
- clerk-js/5.77.1-canary.v20250728193727/553_clerk.headless_027658_5.77.1-canary.v20250728193727.js.sri
- clerk-js/5.77.1-canary.v20250728193727/553_clerk.headless_027658_5.77.1-canary.v20250728193727.min.js.br
- clerk-js/5.77.1-canary.v20250728193727/553_clerk.headless_027658_5.77.1-canary.v20250728193727.min.js.gz
- clerk-js/5.77.1-canary.v20250728193727/553_clerk.headless_027658_5.77.1-canary.v20250728193727.min.js.sri
- clerk-js/5.77.1-canary.v20250728193727/645_clerk.browser_4d86c5_5.77.1-canary.v20250728193727.js.br
- clerk-js/5.77.1-canary.v20250728193727/645_clerk.browser_4d86c5_5.77.1-canary.v20250728193727.js.gz
- clerk-js/5.77.1-canary.v20250728193727/645_clerk.browser_4d86c5_5.77.1-canary.v20250728193727.js.sri
- clerk-js/5.77.1-canary.v20250728193727/645_clerk.browser_4d86c5_5.77.1-canary.v20250728193727.min.js.br
- clerk-js/5.77.1-canary.v20250728193727/645_clerk.browser_4d86c5_5.77.1-canary.v20250728193727.min.js.gz
- clerk-js/5.77.1-canary.v20250728193727/645_clerk.browser_4d86c5_5.77.1-canary.v20250728193727.min.js.sri
- clerk-js/5.77.1-canary.v20250728193727/645_clerk.chips.browser_6903b1_5.77.1-canary.v20250728193727.js.br
- clerk-js/5.77.1-canary.v20250728193727/645_clerk.chips.browser_6903b1_5.77.1-canary.v20250728193727.js.gz
- clerk-js/5.77.1-canary.v20250728193727/645_clerk.chips.browser_6903b1_5.77.1-canary.v20250728193727.js.sri
- clerk-js/5.77.1-canary.v20250728193727/645_clerk.chips.browser_6903b1_5.77.1-canary.v20250728193727.min.js.br
- clerk-js/5.77.1-canary.v20250728193727/645_clerk.chips.browser_6903b1_5.77.1-canary.v20250728193727.min.js.gz
- clerk-js/5.77.1-canary.v20250728193727/645_clerk.chips.browser_6903b1_5.77.1-canary.v20250728193727.min.js.sri
- clerk-js/5.77.1-canary.v20250728193727/645_clerk.legacy.browser_378045_5.77.1-canary.v20250728193727.js.br
- clerk-js/5.77.1-canary.v20250728193727/645_clerk.legacy.browser_378045_5.77.1-canary.v20250728193727.js.gz
- clerk-js/5.77.1-canary.v20250728193727/645_clerk.legacy.browser_378045_5.77.1-canary.v20250728193727.js.sri
- clerk-js/5.77.1-canary.v20250728193727/645_clerk.legacy.browser_378045_5.77.1-canary.v20250728193727.min.js.br
- clerk-js/5.77.1-canary.v20250728193727/645_clerk.legacy.browser_378045_5.77.1-canary.v20250728193727.min.js.gz
- clerk-js/5.77.1-canary.v20250728193727/645_clerk.legacy.browser_378045_5.77.1-canary.v20250728193727.min.js.sri
- clerk-js/5.77.1-canary.v20250728193727/66_clerk.browser_4d86c5_5.77.1-canary.v20250728193727.js.br
- clerk-js/5.77.1-canary.v20250728193727/66_clerk.browser_4d86c5_5.77.1-canary.v20250728193727.js.gz
- clerk-js/5.77.1-canary.v20250728193727/66_clerk.browser_4d86c5_5.77.1-canary.v20250728193727.js.sri
- clerk-js/5.77.1-canary.v20250728193727/66_clerk.browser_4d86c5_5.77.1-canary.v20250728193727.min.js.br
- clerk-js/5.77.1-canary.v20250728193727/66_clerk.browser_4d86c5_5.77.1-canary.v20250728193727.min.js.gz
- clerk-js/5.77.1-canary.v20250728193727/66_clerk.browser_4d86c5_5.77.1-canary.v20250728193727.min.js.sri
- clerk-js/5.77.1-canary.v20250728193727/66_clerk.chips.browser_6903b1_5.77.1-canary.v20250728193727.js.br
- clerk-js/5.77.1-canary.v20250728193727/66_clerk.chips.browser_6903b1_5.77.1-canary.v20250728193727.js.gz
- clerk-js/5.77.1-canary.v20250728193727/66_clerk.chips.browser_6903b1_5.77.1-canary.v20250728193727.js.sri
- clerk-js/5.77.1-canary.v20250728193727/66_clerk.chips.browser_6903b1_5.77.1-canary.v20250728193727.min.js.br
- clerk-js/5.77.1-canary.v20250728193727/66_clerk.chips.browser_6903b1_5.77.1-canary.v20250728193727.min.js.gz
- clerk-js/5.77.1-canary.v20250728193727/66_clerk.chips.browser_6903b1_5.77.1-canary.v20250728193727.min.js.sri
- clerk-js/5.77.1-canary.v20250728193727/66_clerk.legacy.browser_378045_5.77.1-canary.v20250728193727.js.br
- clerk-js/5.77.1-canary.v20250728193727/66_clerk.legacy.browser_378045_5.77.1-canary.v20250728193727.js.gz
- clerk-js/5.77.1-canary.v20250728193727/66_clerk.legacy.browser_378045_5.77.1-canary.v20250728193727.js.sri
- clerk-js/5.77.1-canary.v20250728193727/66_clerk.legacy.browser_378045_5.77.1-canary.v20250728193727.min.js.br
- clerk-js/5.77.1-canary.v20250728193727/66_clerk.legacy.browser_378045_5.77.1-canary.v20250728193727.min.js.gz
- clerk-js/5.77.1-canary.v20250728193727/66_clerk.legacy.browser_378045_5.77.1-canary.v20250728193727.min.js.sri
- clerk-js/5.77.1-canary.v20250728193727/890_clerk.headless_027658_5.77.1-canary.v20250728193727.js.br
- clerk-js/5.77.1-canary.v20250728193727/890_clerk.headless_027658_5.77.1-canary.v20250728193727.js.gz
- clerk-js/5.77.1-canary.v20250728193727/890_clerk.headless_027658_5.77.1-canary.v20250728193727.js.sri
- clerk-js/5.77.1-canary.v20250728193727/890_clerk.headless_027658_5.77.1-canary.v20250728193727.min.js.br
- clerk-js/5.77.1-canary.v20250728193727/890_clerk.headless_027658_5.77.1-canary.v20250728193727.min.js.gz
- clerk-js/5.77.1-canary.v20250728193727/890_clerk.headless_027658_5.77.1-canary.v20250728193727.min.js.sri
- clerk-js/5.77.1-canary.v20250728193727/965_clerk.headless_027658_5.77.1-canary.v20250728193727.js.br
- clerk-js/5.77.1-canary.v20250728193727/965_clerk.headless_027658_5.77.1-canary.v20250728193727.js.gz
- clerk-js/5.77.1-canary.v20250728193727/965_clerk.headless_027658_5.77.1-canary.v20250728193727.js.sri
- clerk-js/5.77.1-canary.v20250728193727/965_clerk.headless_027658_5.77.1-canary.v20250728193727.min.js.br
- clerk-js/5.77.1-canary.v20250728193727/965_clerk.headless_027658_5.77.1-canary.v20250728193727.min.js.gz
- clerk-js/5.77.1-canary.v20250728193727/965_clerk.headless_027658_5.77.1-canary.v20250728193727.min.js.sri
- clerk-js/5.77.1-canary.v20250728193727/apiKeys_clerk.browser_4d86c5_5.77.1-canary.v20250728193727.js.br
- clerk-js/5.77.1-canary.v20250728193727/apiKeys_clerk.browser_4d86c5_5.77.1-canary.v20250728193727.js.gz
- clerk-js/5.77.1-canary.v20250728193727/apiKeys_clerk.browser_4d86c5_5.77.1-canary.v20250728193727.js.sri
- clerk-js/5.77.1-canary.v20250728193727/apiKeys_clerk.browser_4d86c5_5.77.1-canary.v20250728193727.min.js.br
- clerk-js/5.77.1-canary.v20250728193727/apiKeys_clerk.browser_4d86c5_5.77.1-canary.v20250728193727.min.js.gz
- clerk-js/5.77.1-canary.v20250728193727/apiKeys_clerk.browser_4d86c5_5.77.1-canary.v20250728193727.min.js.sri
- clerk-js/5.77.1-canary.v20250728193727/apiKeys_clerk.chips.browser_6903b1_5.77.1-canary.v20250728193727.js.br
- clerk-js/5.77.1-canary.v20250728193727/apiKeys_clerk.chips.browser_6903b1_5.77.1-canary.v20250728193727.js.gz
- clerk-js/5.77.1-canary.v20250728193727/apiKeys_clerk.chips.browser_6903b1_5.77.1-canary.v20250728193727.js.sri
- clerk-js/5.77.1-canary.v20250728193727/apiKeys_clerk.chips.browser_6903b1_5.77.1-canary.v20250728193727.min.js.br
- clerk-js/5.77.1-canary.v20250728193727/apiKeys_clerk.chips.browser_6903b1_5.77.1-canary.v20250728193727.min.js.gz
- clerk-js/5.77.1-canary.v20250728193727/apiKeys_clerk.chips.browser_6903b1_5.77.1-canary.v20250728193727.min.js.sri
- clerk-js/5.77.1-canary.v20250728193727/apiKeys_clerk.legacy.browser_378045_5.77.1-canary.v20250728193727.js.br
- clerk-js/5.77.1-canary.v20250728193727/apiKeys_clerk.legacy.browser_378045_5.77.1-canary.v20250728193727.js.gz
- clerk-js/5.77.1-canary.v20250728193727/apiKeys_clerk.legacy.browser_378045_5.77.1-canary.v20250728193727.js.sri
- clerk-js/5.77.1-canary.v20250728193727/apiKeys_clerk.legacy.browser_378045_5.77.1-canary.v20250728193727.min.js.br
- clerk-js/5.77.1-canary.v20250728193727/apiKeys_clerk.legacy.browser_378045_5.77.1-canary.v20250728193727.min.js.gz
- clerk-js/5.77.1-canary.v20250728193727/apiKeys_clerk.legacy.browser_378045_5.77.1-canary.v20250728193727.min.js.sri
- clerk-js/5.77.1-canary.v20250728193727/blankcaptcha_clerk.browser_4d86c5_5.77.1-canary.v20250728193727.js.br
- clerk-js/5.77.1-canary.v20250728193727/blankcaptcha_clerk.browser_4d86c5_5.77.1-canary.v20250728193727.js.gz
- clerk-js/5.77.1-canary.v20250728193727/blankcaptcha_clerk.browser_4d86c5_5.77.1-canary.v20250728193727.js.sri
- clerk-js/5.77.1-canary.v20250728193727/blankcaptcha_clerk.browser_4d86c5_5.77.1-canary.v20250728193727.min.js.br
- clerk-js/5.77.1-canary.v20250728193727/blankcaptcha_clerk.browser_4d86c5_5.77.1-canary.v20250728193727.min.js.gz
- clerk-js/5.77.1-canary.v20250728193727/blankcaptcha_clerk.browser_4d86c5_5.77.1-canary.v20250728193727.min.js.sri
- clerk-js/5.77.1-canary.v20250728193727/blankcaptcha_clerk.chips.browser_6903b1_5.77.1-canary.v20250728193727.js.br
- clerk-js/5.77.1-canary.v20250728193727/blankcaptcha_clerk.chips.browser_6903b1_5.77.1-canary.v20250728193727.js.gz
- clerk-js/5.77.1-canary.v20250728193727/blankcaptcha_clerk.chips.browser_6903b1_5.77.1-canary.v20250728193727.js.sri
- clerk-js/5.77.1-canary.v20250728193727/blankcaptcha_clerk.chips.browser_6903b1_5.77.1-canary.v20250728193727.min.js.br
- clerk-js/5.77.1-canary.v20250728193727/blankcaptcha_clerk.chips.browser_6903b1_5.77.1-canary.v20250728193727.min.js.gz
- clerk-js/5.77.1-canary.v20250728193727/blankcaptcha_clerk.chips.browser_6903b1_5.77.1-canary.v20250728193727.min.js.sri
- clerk-js/5.77.1-canary.v20250728193727/blankcaptcha_clerk.legacy.browser_378045_5.77.1-canary.v20250728193727.js.br
- clerk-js/5.77.1-canary.v20250728193727/blankcaptcha_clerk.legacy.browser_378045_5.77.1-canary.v20250728193727.js.gz
- clerk-js/5.77.1-canary.v20250728193727/blankcaptcha_clerk.legacy.browser_378045_5.77.1-canary.v20250728193727.js.sri
- clerk-js/5.77.1-canary.v20250728193727/blankcaptcha_clerk.legacy.browser_378045_5.77.1-canary.v20250728193727.min.js.br
- clerk-js/5.77.1-canary.v20250728193727/blankcaptcha_clerk.legacy.browser_378045_5.77.1-canary.v20250728193727.min.js.gz
- clerk-js/5.77.1-canary.v20250728193727/blankcaptcha_clerk.legacy.browser_378045_5.77.1-canary.v20250728193727.min.js.sri
- clerk-js/5.77.1-canary.v20250728193727/checkout_clerk.browser_4d86c5_5.77.1-canary.v20250728193727.js.br
- clerk-js/5.77.1-canary.v20250728193727/checkout_clerk.browser_4d86c5_5.77.1-canary.v20250728193727.js.gz
- clerk-js/5.77.1-canary.v20250728193727/checkout_clerk.browser_4d86c5_5.77.1-canary.v20250728193727.js.sri
- clerk-js/5.77.1-canary.v20250728193727/checkout_clerk.browser_4d86c5_5.77.1-canary.v20250728193727.min.js.br
- clerk-js/5.77.1-canary.v20250728193727/checkout_clerk.browser_4d86c5_5.77.1-canary.v20250728193727.min.js.gz
- clerk-js/5.77.1-canary.v20250728193727/checkout_clerk.browser_4d86c5_5.77.1-canary.v20250728193727.min.js.sri
- clerk-js/5.77.1-canary.v20250728193727/checkout_clerk.chips.browser_6903b1_5.77.1-canary.v20250728193727.js.br
- clerk-js/5.77.1-canary.v20250728193727/checkout_clerk.chips.browser_6903b1_5.77.1-canary.v20250728193727.js.gz
- clerk-js/5.77.1-canary.v20250728193727/checkout_clerk.chips.browser_6903b1_5.77.1-canary.v20250728193727.js.sri
- clerk-js/5.77.1-canary.v20250728193727/checkout_clerk.chips.browser_6903b1_5.77.1-canary.v20250728193727.min.js.br
- clerk-js/5.77.1-canary.v20250728193727/checkout_clerk.chips.browser_6903b1_5.77.1-canary.v20250728193727.min.js.gz
- clerk-js/5.77.1-canary.v20250728193727/checkout_clerk.chips.browser_6903b1_5.77.1-canary.v20250728193727.min.js.sri
- clerk-js/5.77.1-canary.v20250728193727/checkout_clerk.legacy.browser_378045_5.77.1-canary.v20250728193727.js.br
- clerk-js/5.77.1-canary.v20250728193727/checkout_clerk.legacy.browser_378045_5.77.1-canary.v20250728193727.js.gz
- clerk-js/5.77.1-canary.v20250728193727/checkout_clerk.legacy.browser_378045_5.77.1-canary.v20250728193727.js.sri
- clerk-js/5.77.1-canary.v20250728193727/checkout_clerk.legacy.browser_378045_5.77.1-canary.v20250728193727.min.js.br
- clerk-js/5.77.1-canary.v20250728193727/checkout_clerk.legacy.browser_378045_5.77.1-canary.v20250728193727.min.js.gz
- clerk-js/5.77.1-canary.v20250728193727/checkout_clerk.legacy.browser_378045_5.77.1-canary.v20250728193727.min.js.sri
- clerk-js/5.77.1-canary.v20250728193727/clerk.browser.js.br
- clerk-js/5.77.1-canary.v20250728193727/clerk.browser.js.gz
- clerk-js/5.77.1-canary.v20250728193727/clerk.browser.js.sri
- clerk-js/5.77.1-canary.v20250728193727/clerk.browser.min.js.br
- clerk-js/5.77.1-canary.v20250728193727/clerk.browser.min.js.gz
- clerk-js/5.77.1-canary.v20250728193727/clerk.browser.min.js.sri
- clerk-js/5.77.1-canary.v20250728193727/clerk.chips.browser.js.br
- clerk-js/5.77.1-canary.v20250728193727/clerk.chips.browser.js.gz
- clerk-js/5.77.1-canary.v20250728193727/clerk.chips.browser.js.sri
- clerk-js/5.77.1-canary.v20250728193727/clerk.chips.browser.min.js.br
- clerk-js/5.77.1-canary.v20250728193727/clerk.chips.browser.min.js.gz
- clerk-js/5.77.1-canary.v20250728193727/clerk.chips.browser.min.js.sri
- clerk-js/5.77.1-canary.v20250728193727/clerk.headless.browser.js.br
- clerk-js/5.77.1-canary.v20250728193727/clerk.headless.browser.js.gz
- clerk-js/5.77.1-canary.v20250728193727/clerk.headless.browser.js.sri
- clerk-js/5.77.1-canary.v20250728193727/clerk.headless.browser.min.js.br
- clerk-js/5.77.1-canary.v20250728193727/clerk.headless.browser.min.js.gz
- clerk-js/5.77.1-canary.v20250728193727/clerk.headless.browser.min.js.sri
- clerk-js/5.77.1-canary.v20250728193727/clerk.headless.js.br
- clerk-js/5.77.1-canary.v20250728193727/clerk.headless.js.gz
- clerk-js/5.77.1-canary.v20250728193727/clerk.headless.js.sri
- clerk-js/5.77.1-canary.v20250728193727/clerk.headless.min.js.br
- clerk-js/5.77.1-canary.v20250728193727/clerk.headless.min.js.gz
- clerk-js/5.77.1-canary.v20250728193727/clerk.headless.min.js.sri
- clerk-js/5.77.1-canary.v20250728193727/clerk.js.br
- clerk-js/5.77.1-canary.v20250728193727/clerk.js.gz
- clerk-js/5.77.1-canary.v20250728193727/clerk.js.sri
- clerk-js/5.77.1-canary.v20250728193727/clerk.legacy.browser.js.br
- clerk-js/5.77.1-canary.v20250728193727/clerk.legacy.browser.js.gz
- clerk-js/5.77.1-canary.v20250728193727/clerk.legacy.browser.js.sri
- clerk-js/5.77.1-canary.v20250728193727/clerk.legacy.browser.min.js.br
- clerk-js/5.77.1-canary.v20250728193727/clerk.legacy.browser.min.js.gz
- clerk-js/5.77.1-canary.v20250728193727/clerk.legacy.browser.min.js.sri
- clerk-js/5.77.1-canary.v20250728193727/clerk.min.js.br
- clerk-js/5.77.1-canary.v20250728193727/clerk.min.js.gz
- clerk-js/5.77.1-canary.v20250728193727/clerk.min.js.sri
- clerk-js/5.77.1-canary.v20250728193727/clerk.mjs.br
- clerk-js/5.77.1-canary.v20250728193727/clerk.mjs.gz
- clerk-js/5.77.1-canary.v20250728193727/clerk.no-rhc.js.br
- clerk-js/5.77.1-canary.v20250728193727/clerk.no-rhc.js.gz
- clerk-js/5.77.1-canary.v20250728193727/clerk.no-rhc.js.sri
- clerk-js/5.77.1-canary.v20250728193727/clerk.no-rhc.min.js.br
- clerk-js/5.77.1-canary.v20250728193727/clerk.no-rhc.min.js.gz
- clerk-js/5.77.1-canary.v20250728193727/clerk.no-rhc.min.js.sri
- clerk-js/5.77.1-canary.v20250728193727/clerk.no-rhc.mjs.br
- clerk-js/5.77.1-canary.v20250728193727/clerk.no-rhc.mjs.gz
- clerk-js/5.77.1-canary.v20250728193727/coinbase-wallet-sdk_clerk.browser_4d86c5_5.77.1-canary.v20250728193727.js.br
- clerk-js/5.77.1-canary.v20250728193727/coinbase-wallet-sdk_clerk.browser_4d86c5_5.77.1-canary.v20250728193727.js.gz
- clerk-js/5.77.1-canary.v20250728193727/coinbase-wallet-sdk_clerk.browser_4d86c5_5.77.1-canary.v20250728193727.js.sri
- clerk-js/5.77.1-canary.v20250728193727/coinbase-wallet-sdk_clerk.browser_4d86c5_5.77.1-canary.v20250728193727.min.js.br
- clerk-js/5.77.1-canary.v20250728193727/coinbase-wallet-sdk_clerk.browser_4d86c5_5.77.1-canary.v20250728193727.min.js.gz
- clerk-js/5.77.1-canary.v20250728193727/coinbase-wallet-sdk_clerk.browser_4d86c5_5.77.1-canary.v20250728193727.min.js.sri
- clerk-js/5.77.1-canary.v20250728193727/coinbase-wallet-sdk_clerk.chips.browser_6903b1_5.77.1-canary.v20250728193727.js.br
- clerk-js/5.77.1-canary.v20250728193727/coinbase-wallet-sdk_clerk.chips.browser_6903b1_5.77.1-canary.v20250728193727.js.gz
- clerk-js/5.77.1-canary.v20250728193727/coinbase-wallet-sdk_clerk.chips.browser_6903b1_5.77.1-canary.v20250728193727.js.sri
- clerk-js/5.77.1-canary.v20250728193727/coinbase-wallet-sdk_clerk.chips.browser_6903b1_5.77.1-canary.v20250728193727.min.js.br
- clerk-js/5.77.1-canary.v20250728193727/coinbase-wallet-sdk_clerk.chips.browser_6903b1_5.77.1-canary.v20250728193727.min.js.gz
- clerk-js/5.77.1-canary.v20250728193727/coinbase-wallet-sdk_clerk.chips.browser_6903b1_5.77.1-canary.v20250728193727.min.js.sri
- clerk-js/5.77.1-canary.v20250728193727/coinbase-wallet-sdk_clerk.headless.browser_7654fc_5.77.1-canary.v20250728193727.js.br
- clerk-js/5.77.1-canary.v20250728193727/coinbase-wallet-sdk_clerk.headless.browser_7654fc_5.77.1-canary.v20250728193727.js.gz
- clerk-js/5.77.1-canary.v20250728193727/coinbase-wallet-sdk_clerk.headless.browser_7654fc_5.77.1-canary.v20250728193727.js.sri
- clerk-js/5.77.1-canary.v20250728193727/coinbase-wallet-sdk_clerk.headless.browser_7654fc_5.77.1-canary.v20250728193727.min.js.br
- clerk-js/5.77.1-canary.v20250728193727/coinbase-wallet-sdk_clerk.headless.browser_7654fc_5.77.1-canary.v20250728193727.min.js.gz
- clerk-js/5.77.1-canary.v20250728193727/coinbase-wallet-sdk_clerk.headless.browser_7654fc_5.77.1-canary.v20250728193727.min.js.sri
- clerk-js/5.77.1-canary.v20250728193727/coinbase-wallet-sdk_clerk.legacy.browser_378045_5.77.1-canary.v20250728193727.js.br
- clerk-js/5.77.1-canary.v20250728193727/coinbase-wallet-sdk_clerk.legacy.browser_378045_5.77.1-canary.v20250728193727.js.gz
- clerk-js/5.77.1-canary.v20250728193727/coinbase-wallet-sdk_clerk.legacy.browser_378045_5.77.1-canary.v20250728193727.js.sri
- clerk-js/5.77.1-canary.v20250728193727/coinbase-wallet-sdk_clerk.legacy.browser_378045_5.77.1-canary.v20250728193727.min.js.br
- clerk-js/5.77.1-canary.v20250728193727/coinbase-wallet-sdk_clerk.legacy.browser_378045_5.77.1-canary.v20250728193727.min.js.gz
- clerk-js/5.77.1-canary.v20250728193727/coinbase-wallet-sdk_clerk.legacy.browser_378045_5.77.1-canary.v20250728193727.min.js.sri
- clerk-js/5.77.1-canary.v20250728193727/cookieSuffix_clerk.browser_4d86c5_5.77.1-canary.v20250728193727.js.br
- clerk-js/5.77.1-canary.v20250728193727/cookieSuffix_clerk.browser_4d86c5_5.77.1-canary.v20250728193727.js.gz
- clerk-js/5.77.1-canary.v20250728193727/cookieSuffix_clerk.browser_4d86c5_5.77.1-canary.v20250728193727.js.sri
- clerk-js/5.77.1-canary.v20250728193727/cookieSuffix_clerk.browser_4d86c5_5.77.1-canary.v20250728193727.min.js.br
- clerk-js/5.77.1-canary.v20250728193727/cookieSuffix_clerk.browser_4d86c5_5.77.1-canary.v20250728193727.min.js.gz
- clerk-js/5.77.1-canary.v20250728193727/cookieSuffix_clerk.browser_4d86c5_5.77.1-canary.v20250728193727.min.js.sri
- clerk-js/5.77.1-canary.v20250728193727/cookieSuffix_clerk.chips.browser_6903b1_5.77.1-canary.v20250728193727.js.br
- clerk-js/5.77.1-canary.v20250728193727/cookieSuffix_clerk.chips.browser_6903b1_5.77.1-canary.v20250728193727.js.gz
- clerk-js/5.77.1-canary.v20250728193727/cookieSuffix_clerk.chips.browser_6903b1_5.77.1-canary.v20250728193727.js.sri
- clerk-js/5.77.1-canary.v20250728193727/cookieSuffix_clerk.chips.browser_6903b1_5.77.1-canary.v20250728193727.min.js.br
- clerk-js/5.77.1-canary.v20250728193727/cookieSuffix_clerk.chips.browser_6903b1_5.77.1-canary.v20250728193727.min.js.gz
- clerk-js/5.77.1-canary.v20250728193727/cookieSuffix_clerk.chips.browser_6903b1_5.77.1-canary.v20250728193727.min.js.sri
- clerk-js/5.77.1-canary.v20250728193727/cookieSuffix_clerk.headless.browser_7654fc_5.77.1-canary.v20250728193727.js.br
- clerk-js/5.77.1-canary.v20250728193727/cookieSuffix_clerk.headless.browser_7654fc_5.77.1-canary.v20250728193727.js.gz
- clerk-js/5.77.1-canary.v20250728193727/cookieSuffix_clerk.headless.browser_7654fc_5.77.1-canary.v20250728193727.js.sri
- clerk-js/5.77.1-canary.v20250728193727/cookieSuffix_clerk.headless.browser_7654fc_5.77.1-canary.v20250728193727.min.js.br
- clerk-js/5.77.1-canary.v20250728193727/cookieSuffix_clerk.headless.browser_7654fc_5.77.1-canary.v20250728193727.min.js.gz
- clerk-js/5.77.1-canary.v20250728193727/cookieSuffix_clerk.headless.browser_7654fc_5.77.1-canary.v20250728193727.min.js.sri
- clerk-js/5.77.1-canary.v20250728193727/cookieSuffix_clerk.headless_027658_5.77.1-canary.v20250728193727.js.br
- clerk-js/5.77.1-canary.v20250728193727/cookieSuffix_clerk.headless_027658_5.77.1-canary.v20250728193727.js.gz
- clerk-js/5.77.1-canary.v20250728193727/cookieSuffix_clerk.headless_027658_5.77.1-canary.v20250728193727.js.sri
- clerk-js/5.77.1-canary.v20250728193727/cookieSuffix_clerk.headless_027658_5.77.1-canary.v20250728193727.min.js.br
- clerk-js/5.77.1-canary.v20250728193727/cookieSuffix_clerk.headless_027658_5.77.1-canary.v20250728193727.min.js.gz
- clerk-js/5.77.1-canary.v20250728193727/cookieSuffix_clerk.headless_027658_5.77.1-canary.v20250728193727.min.js.sri
- clerk-js/5.77.1-canary.v20250728193727/cookieSuffix_clerk.legacy.browser_378045_5.77.1-canary.v20250728193727.js.br
- clerk-js/5.77.1-canary.v20250728193727/cookieSuffix_clerk.legacy.browser_378045_5.77.1-canary.v20250728193727.js.gz
- clerk-js/5.77.1-canary.v20250728193727/cookieSuffix_clerk.legacy.browser_378045_5.77.1-canary.v20250728193727.js.sri
- clerk-js/5.77.1-canary.v20250728193727/cookieSuffix_clerk.legacy.browser_378045_5.77.1-canary.v20250728193727.min.js.br
- clerk-js/5.77.1-canary.v20250728193727/cookieSuffix_clerk.legacy.browser_378045_5.77.1-canary.v20250728193727.min.js.gz
- clerk-js/5.77.1-canary.v20250728193727/cookieSuffix_clerk.legacy.browser_378045_5.77.1-canary.v20250728193727.min.js.sri
- clerk-js/5.77.1-canary.v20250728193727/createorganization_clerk.browser_4d86c5_5.77.1-canary.v20250728193727.js.br
- clerk-js/5.77.1-canary.v20250728193727/createorganization_clerk.browser_4d86c5_5.77.1-canary.v20250728193727.js.gz
- clerk-js/5.77.1-canary.v20250728193727/createorganization_clerk.browser_4d86c5_5.77.1-canary.v20250728193727.js.sri
- clerk-js/5.77.1-canary.v20250728193727/createorganization_clerk.browser_4d86c5_5.77.1-canary.v20250728193727.min.js.br
- clerk-js/5.77.1-canary.v20250728193727/createorganization_clerk.browser_4d86c5_5.77.1-canary.v20250728193727.min.js.gz
- clerk-js/5.77.1-canary.v20250728193727/createorganization_clerk.browser_4d86c5_5.77.1-canary.v20250728193727.min.js.sri
- clerk-js/5.77.1-canary.v20250728193727/createorganization_clerk.chips.browser_6903b1_5.77.1-canary.v20250728193727.js.br
- clerk-js/5.77.1-canary.v20250728193727/createorganization_clerk.chips.browser_6903b1_5.77.1-canary.v20250728193727.js.gz
- clerk-js/5.77.1-canary.v20250728193727/createorganization_clerk.chips.browser_6903b1_5.77.1-canary.v20250728193727.js.sri
- clerk-js/5.77.1-canary.v20250728193727/createorganization_clerk.chips.browser_6903b1_5.77.1-canary.v20250728193727.min.js.br
- clerk-js/5.77.1-canary.v20250728193727/createorganization_clerk.chips.browser_6903b1_5.77.1-canary.v20250728193727.min.js.gz
- clerk-js/5.77.1-canary.v20250728193727/createorganization_clerk.chips.browser_6903b1_5.77.1-canary.v20250728193727.min.js.sri
- clerk-js/5.77.1-canary.v20250728193727/createorganization_clerk.legacy.browser_378045_5.77.1-canary.v20250728193727.js.br
- clerk-js/5.77.1-canary.v20250728193727/createorganization_clerk.legacy.browser_378045_5.77.1-canary.v20250728193727.js.gz
- clerk-js/5.77.1-canary.v20250728193727/createorganization_clerk.legacy.browser_378045_5.77.1-canary.v20250728193727.js.sri
- clerk-js/5.77.1-canary.v20250728193727/createorganization_clerk.legacy.browser_378045_5.77.1-canary.v20250728193727.min.js.br
- clerk-js/5.77.1-canary.v20250728193727/createorganization_clerk.legacy.browser_378045_5.77.1-canary.v20250728193727.min.js.gz
- clerk-js/5.77.1-canary.v20250728193727/createorganization_clerk.legacy.browser_378045_5.77.1-canary.v20250728193727.min.js.sri
- clerk-js/5.77.1-canary.v20250728193727/framework_clerk.browser_4d86c5_5.77.1-canary.v20250728193727.js.br
- clerk-js/5.77.1-canary.v20250728193727/framework_clerk.browser_4d86c5_5.77.1-canary.v20250728193727.js.gz
- clerk-js/5.77.1-canary.v20250728193727/framework_clerk.browser_4d86c5_5.77.1-canary.v20250728193727.js.sri
- clerk-js/5.77.1-canary.v20250728193727/framework_clerk.browser_4d86c5_5.77.1-canary.v20250728193727.min.js.br
- clerk-js/5.77.1-canary.v20250728193727/framework_clerk.browser_4d86c5_5.77.1-canary.v20250728193727.min.js.gz
- clerk-js/5.77.1-canary.v20250728193727/framework_clerk.browser_4d86c5_5.77.1-canary.v20250728193727.min.js.sri
- clerk-js/5.77.1-canary.v20250728193727/framework_clerk.chips.browser_6903b1_5.77.1-canary.v20250728193727.js.br
- clerk-js/5.77.1-canary.v20250728193727/framework_clerk.chips.browser_6903b1_5.77.1-canary.v20250728193727.js.gz
- clerk-js/5.77.1-canary.v20250728193727/framework_clerk.chips.browser_6903b1_5.77.1-canary.v20250728193727.js.sri
- clerk-js/5.77.1-canary.v20250728193727/framework_clerk.chips.browser_6903b1_5.77.1-canary.v20250728193727.min.js.br
- clerk-js/5.77.1-canary.v20250728193727/framework_clerk.chips.browser_6903b1_5.77.1-canary.v20250728193727.min.js.gz
- clerk-js/5.77.1-canary.v20250728193727/framework_clerk.chips.browser_6903b1_5.77.1-canary.v20250728193727.min.js.sri
- clerk-js/5.77.1-canary.v20250728193727/framework_clerk.legacy.browser_378045_5.77.1-canary.v20250728193727.js.br
- clerk-js/5.77.1-canary.v20250728193727/framework_clerk.legacy.browser_378045_5.77.1-canary.v20250728193727.js.gz
- clerk-js/5.77.1-canary.v20250728193727/framework_clerk.legacy.browser_378045_5.77.1-canary.v20250728193727.js.sri
- clerk-js/5.77.1-canary.v20250728193727/framework_clerk.legacy.browser_378045_5.77.1-canary.v20250728193727.min.js.br
- clerk-js/5.77.1-canary.v20250728193727/framework_clerk.legacy.browser_378045_5.77.1-canary.v20250728193727.min.js.gz
- clerk-js/5.77.1-canary.v20250728193727/framework_clerk.legacy.browser_378045_5.77.1-canary.v20250728193727.min.js.sri
- clerk-js/5.77.1-canary.v20250728193727/impersonationfab_clerk.browser_4d86c5_5.77.1-canary.v20250728193727.js.br
- clerk-js/5.77.1-canary.v20250728193727/impersonationfab_clerk.browser_4d86c5_5.77.1-canary.v20250728193727.js.gz
- clerk-js/5.77.1-canary.v20250728193727/impersonationfab_clerk.browser_4d86c5_5.77.1-canary.v20250728193727.js.sri
- clerk-js/5.77.1-canary.v20250728193727/impersonationfab_clerk.browser_4d86c5_5.77.1-canary.v20250728193727.min.js.br
- clerk-js/5.77.1-canary.v20250728193727/impersonationfab_clerk.browser_4d86c5_5.77.1-canary.v20250728193727.min.js.gz
- clerk-js/5.77.1-canary.v20250728193727/impersonationfab_clerk.browser_4d86c5_5.77.1-canary.v20250728193727.min.js.sri
- clerk-js/5.77.1-canary.v20250728193727/impersonationfab_clerk.chips.browser_6903b1_5.77.1-canary.v20250728193727.js.br
- clerk-js/5.77.1-canary.v20250728193727/impersonationfab_clerk.chips.browser_6903b1_5.77.1-canary.v20250728193727.js.gz
- clerk-js/5.77.1-canary.v20250728193727/impersonationfab_clerk.chips.browser_6903b1_5.77.1-canary.v20250728193727.js.sri
- clerk-js/5.77.1-canary.v20250728193727/impersonationfab_clerk.chips.browser_6903b1_5.77.1-canary.v20250728193727.min.js.br
- clerk-js/5.77.1-canary.v20250728193727/impersonationfab_clerk.chips.browser_6903b1_5.77.1-canary.v20250728193727.min.js.gz
- clerk-js/5.77.1-canary.v20250728193727/impersonationfab_clerk.chips.browser_6903b1_5.77.1-canary.v20250728193727.min.js.sri
- clerk-js/5.77.1-canary.v20250728193727/impersonationfab_clerk.legacy.browser_378045_5.77.1-canary.v20250728193727.js.br
- clerk-js/5.77.1-canary.v20250728193727/impersonationfab_clerk.legacy.browser_378045_5.77.1-canary.v20250728193727.js.gz
- clerk-js/5.77.1-canary.v20250728193727/impersonationfab_clerk.legacy.browser_378045_5.77.1-canary.v20250728193727.js.sri
- clerk-js/5.77.1-canary.v20250728193727/impersonationfab_clerk.legacy.browser_378045_5.77.1-canary.v20250728193727.min.js.br
- clerk-js/5.77.1-canary.v20250728193727/impersonationfab_clerk.legacy.browser_378045_5.77.1-canary.v20250728193727.min.js.gz
- clerk-js/5.77.1-canary.v20250728193727/impersonationfab_clerk.legacy.browser_378045_5.77.1-canary.v20250728193727.min.js.sri
- clerk-js/5.77.1-canary.v20250728193727/keylessPrompt_clerk.browser_4d86c5_5.77.1-canary.v20250728193727.js.br
- clerk-js/5.77.1-canary.v20250728193727/keylessPrompt_clerk.browser_4d86c5_5.77.1-canary.v20250728193727.js.gz
- clerk-js/5.77.1-canary.v20250728193727/keylessPrompt_clerk.browser_4d86c5_5.77.1-canary.v20250728193727.js.sri
- clerk-js/5.77.1-canary.v20250728193727/keylessPrompt_clerk.browser_4d86c5_5.77.1-canary.v20250728193727.min.js.br
- clerk-js/5.77.1-canary.v20250728193727/keylessPrompt_clerk.browser_4d86c5_5.77.1-canary.v20250728193727.min.js.gz
- clerk-js/5.77.1-canary.v20250728193727/keylessPrompt_clerk.browser_4d86c5_5.77.1-canary.v20250728193727.min.js.sri
- clerk-js/5.77.1-canary.v20250728193727/keylessPrompt_clerk.chips.browser_6903b1_5.77.1-canary.v20250728193727.js.br
- clerk-js/5.77.1-canary.v20250728193727/keylessPrompt_clerk.chips.browser_6903b1_5.77.1-canary.v20250728193727.js.gz
- clerk-js/5.77.1-canary.v20250728193727/keylessPrompt_clerk.chips.browser_6903b1_5.77.1-canary.v20250728193727.js.sri
- clerk-js/5.77.1-canary.v20250728193727/keylessPrompt_clerk.chips.browser_6903b1_5.77.1-canary.v20250728193727.min.js.br
- clerk-js/5.77.1-canary.v20250728193727/keylessPrompt_clerk.chips.browser_6903b1_5.77.1-canary.v20250728193727.min.js.gz
- clerk-js/5.77.1-canary.v20250728193727/keylessPrompt_clerk.chips.browser_6903b1_5.77.1-canary.v20250728193727.min.js.sri
- clerk-js/5.77.1-canary.v20250728193727/keylessPrompt_clerk.legacy.browser_378045_5.77.1-canary.v20250728193727.js.br
- clerk-js/5.77.1-canary.v20250728193727/keylessPrompt_clerk.legacy.browser_378045_5.77.1-canary.v20250728193727.js.gz
- clerk-js/5.77.1-canary.v20250728193727/keylessPrompt_clerk.legacy.browser_378045_5.77.1-canary.v20250728193727.js.sri
- clerk-js/5.77.1-canary.v20250728193727/keylessPrompt_clerk.legacy.browser_378045_5.77.1-canary.v20250728193727.min.js.br
- clerk-js/5.77.1-canary.v20250728193727/keylessPrompt_clerk.legacy.browser_378045_5.77.1-canary.v20250728193727.min.js.gz
- clerk-js/5.77.1-canary.v20250728193727/keylessPrompt_clerk.legacy.browser_378045_5.77.1-canary.v20250728193727.min.js.sri
- clerk-js/5.77.1-canary.v20250728193727/oauthConsent_clerk.browser_4d86c5_5.77.1-canary.v20250728193727.js.br
- clerk-js/5.77.1-canary.v20250728193727/oauthConsent_clerk.browser_4d86c5_5.77.1-canary.v20250728193727.js.gz
- clerk-js/5.77.1-canary.v20250728193727/oauthConsent_clerk.browser_4d86c5_5.77.1-canary.v20250728193727.js.sri
- clerk-js/5.77.1-canary.v20250728193727/oauthConsent_clerk.browser_4d86c5_5.77.1-canary.v20250728193727.min.js.br
- clerk-js/5.77.1-canary.v20250728193727/oauthConsent_clerk.browser_4d86c5_5.77.1-canary.v20250728193727.min.js.gz
- clerk-js/5.77.1-canary.v20250728193727/oauthConsent_clerk.browser_4d86c5_5.77.1-canary.v20250728193727.min.js.sri
- clerk-js/5.77.1-canary.v20250728193727/oauthConsent_clerk.chips.browser_6903b1_5.77.1-canary.v20250728193727.js.br
- clerk-js/5.77.1-canary.v20250728193727/oauthConsent_clerk.chips.browser_6903b1_5.77.1-canary.v20250728193727.js.gz
- clerk-js/5.77.1-canary.v20250728193727/oauthConsent_clerk.chips.browser_6903b1_5.77.1-canary.v20250728193727.js.sri
- clerk-js/5.77.1-canary.v20250728193727/oauthConsent_clerk.chips.browser_6903b1_5.77.1-canary.v20250728193727.min.js.br
- clerk-js/5.77.1-canary.v20250728193727/oauthConsent_clerk.chips.browser_6903b1_5.77.1-canary.v20250728193727.min.js.gz
- clerk-js/5.77.1-canary.v20250728193727/oauthConsent_clerk.chips.browser_6903b1_5.77.1-canary.v20250728193727.min.js.sri
- clerk-js/5.77.1-canary.v20250728193727/oauthConsent_clerk.legacy.browser_378045_5.77.1-canary.v20250728193727.js.br
- clerk-js/5.77.1-canary.v20250728193727/oauthConsent_clerk.legacy.browser_378045_5.77.1-canary.v20250728193727.js.gz
- clerk-js/5.77.1-canary.v20250728193727/oauthConsent_clerk.legacy.browser_378045_5.77.1-canary.v20250728193727.js.sri
- clerk-js/5.77.1-canary.v20250728193727/oauthConsent_clerk.legacy.browser_378045_5.77.1-canary.v20250728193727.min.js.br
- clerk-js/5.77.1-canary.v20250728193727/oauthConsent_clerk.legacy.browser_378045_5.77.1-canary.v20250728193727.min.js.gz
- clerk-js/5.77.1-canary.v20250728193727/oauthConsent_clerk.legacy.browser_378045_5.77.1-canary.v20250728193727.min.js.sri
- clerk-js/5.77.1-canary.v20250728193727/onetap_clerk.browser_4d86c5_5.77.1-canary.v20250728193727.js.br
- clerk-js/5.77.1-canary.v20250728193727/onetap_clerk.browser_4d86c5_5.77.1-canary.v20250728193727.js.gz
- clerk-js/5.77.1-canary.v20250728193727/onetap_clerk.browser_4d86c5_5.77.1-canary.v20250728193727.js.sri
- clerk-js/5.77.1-canary.v20250728193727/onetap_clerk.browser_4d86c5_5.77.1-canary.v20250728193727.min.js.br
- clerk-js/5.77.1-canary.v20250728193727/onetap_clerk.browser_4d86c5_5.77.1-canary.v20250728193727.min.js.gz
- clerk-js/5.77.1-canary.v20250728193727/onetap_clerk.browser_4d86c5_5.77.1-canary.v20250728193727.min.js.sri
- clerk-js/5.77.1-canary.v20250728193727/onetap_clerk.chips.browser_6903b1_5.77.1-canary.v20250728193727.js.br
- clerk-js/5.77.1-canary.v20250728193727/onetap_clerk.chips.browser_6903b1_5.77.1-canary.v20250728193727.js.gz
- clerk-js/5.77.1-canary.v20250728193727/onetap_clerk.chips.browser_6903b1_5.77.1-canary.v20250728193727.js.sri
- clerk-js/5.77.1-canary.v20250728193727/onetap_clerk.chips.browser_6903b1_5.77.1-canary.v20250728193727.min.js.br
- clerk-js/5.77.1-canary.v20250728193727/onetap_clerk.chips.browser_6903b1_5.77.1-canary.v20250728193727.min.js.gz
- clerk-js/5.77.1-canary.v20250728193727/onetap_clerk.chips.browser_6903b1_5.77.1-canary.v20250728193727.min.js.sri
- clerk-js/5.77.1-canary.v20250728193727/onetap_clerk.legacy.browser_378045_5.77.1-canary.v20250728193727.js.br
- clerk-js/5.77.1-canary.v20250728193727/onetap_clerk.legacy.browser_378045_5.77.1-canary.v20250728193727.js.gz
- clerk-js/5.77.1-canary.v20250728193727/onetap_clerk.legacy.browser_378045_5.77.1-canary.v20250728193727.js.sri
- clerk-js/5.77.1-canary.v20250728193727/onetap_clerk.legacy.browser_378045_5.77.1-canary.v20250728193727.min.js.br
- clerk-js/5.77.1-canary.v20250728193727/onetap_clerk.legacy.browser_378045_5.77.1-canary.v20250728193727.min.js.gz
- clerk-js/5.77.1-canary.v20250728193727/onetap_clerk.legacy.browser_378045_5.77.1-canary.v20250728193727.min.js.sri
- clerk-js/5.77.1-canary.v20250728193727/op-api-keys-page_clerk.browser_4d86c5_5.77.1-canary.v20250728193727.js.br
- clerk-js/5.77.1-canary.v20250728193727/op-api-keys-page_clerk.browser_4d86c5_5.77.1-canary.v20250728193727.js.gz
- clerk-js/5.77.1-canary.v20250728193727/op-api-keys-page_clerk.browser_4d86c5_5.77.1-canary.v20250728193727.js.sri
- clerk-js/5.77.1-canary.v20250728193727/op-api-keys-page_clerk.browser_4d86c5_5.77.1-canary.v20250728193727.min.js.br
- clerk-js/5.77.1-canary.v20250728193727/op-api-keys-page_clerk.browser_4d86c5_5.77.1-canary.v20250728193727.min.js.gz
- clerk-js/5.77.1-canary.v20250728193727/op-api-keys-page_clerk.browser_4d86c5_5.77.1-canary.v20250728193727.min.js.sri
- clerk-js/5.77.1-canary.v20250728193727/op-api-keys-page_clerk.chips.browser_6903b1_5.77.1-canary.v20250728193727.js.br
- clerk-js/5.77.1-canary.v20250728193727/op-api-keys-page_clerk.chips.browser_6903b1_5.77.1-canary.v20250728193727.js.gz
- clerk-js/5.77.1-canary.v20250728193727/op-api-keys-page_clerk.chips.browser_6903b1_5.77.1-canary.v20250728193727.js.sri
- clerk-js/5.77.1-canary.v20250728193727/op-api-keys-page_clerk.chips.browser_6903b1_5.77.1-canary.v20250728193727.min.js.br
- clerk-js/5.77.1-canary.v20250728193727/op-api-keys-page_clerk.chips.browser_6903b1_5.77.1-canary.v20250728193727.min.js.gz
- clerk-js/5.77.1-canary.v20250728193727/op-api-keys-page_clerk.chips.browser_6903b1_5.77.1-canary.v20250728193727.min.js.sri
- clerk-js/5.77.1-canary.v20250728193727/op-api-keys-page_clerk.legacy.browser_378045_5.77.1-canary.v20250728193727.js.br
- clerk-js/5.77.1-canary.v20250728193727/op-api-keys-page_clerk.legacy.browser_378045_5.77.1-canary.v20250728193727.js.gz
- clerk-js/5.77.1-canary.v20250728193727/op-api-keys-page_clerk.legacy.browser_378045_5.77.1-canary.v20250728193727.js.sri
- clerk-js/5.77.1-canary.v20250728193727/op-api-keys-page_clerk.legacy.browser_378045_5.77.1-canary.v20250728193727.min.js.br
- clerk-js/5.77.1-canary.v20250728193727/op-api-keys-page_clerk.legacy.browser_378045_5.77.1-canary.v20250728193727.min.js.gz
- clerk-js/5.77.1-canary.v20250728193727/op-api-keys-page_clerk.legacy.browser_378045_5.77.1-canary.v20250728193727.min.js.sri
- clerk-js/5.77.1-canary.v20250728193727/op-billing-page_clerk.browser_4d86c5_5.77.1-canary.v20250728193727.js.br
- clerk-js/5.77.1-canary.v20250728193727/op-billing-page_clerk.browser_4d86c5_5.77.1-canary.v20250728193727.js.gz
- clerk-js/5.77.1-canary.v20250728193727/op-billing-page_clerk.browser_4d86c5_5.77.1-canary.v20250728193727.js.sri
- clerk-js/5.77.1-canary.v20250728193727/op-billing-page_clerk.browser_4d86c5_5.77.1-canary.v20250728193727.min.js.br
- clerk-js/5.77.1-canary.v20250728193727/op-billing-page_clerk.browser_4d86c5_5.77.1-canary.v20250728193727.min.js.gz
- clerk-js/5.77.1-canary.v20250728193727/op-billing-page_clerk.browser_4d86c5_5.77.1-canary.v20250728193727.min.js.sri
- clerk-js/5.77.1-canary.v20250728193727/op-billing-page_clerk.chips.browser_6903b1_5.77.1-canary.v20250728193727.js.br
- clerk-js/5.77.1-canary.v20250728193727/op-billing-page_clerk.chips.browser_6903b1_5.77.1-canary.v20250728193727.js.gz
- clerk-js/5.77.1-canary.v20250728193727/op-billing-page_clerk.chips.browser_6903b1_5.77.1-canary.v20250728193727.js.sri
- clerk-js/5.77.1-canary.v20250728193727/op-billing-page_clerk.chips.browser_6903b1_5.77.1-canary.v20250728193727.min.js.br
- clerk-js/5.77.1-canary.v20250728193727/op-billing-page_clerk.chips.browser_6903b1_5.77.1-canary.v20250728193727.min.js.gz
- clerk-js/5.77.1-canary.v20250728193727/op-billing-page_clerk.chips.browser_6903b1_5.77.1-canary.v20250728193727.min.js.sri
- clerk-js/5.77.1-canary.v20250728193727/op-billing-page_clerk.legacy.browser_378045_5.77.1-canary.v20250728193727.js.br
- clerk-js/5.77.1-canary.v20250728193727/op-billing-page_clerk.legacy.browser_378045_5.77.1-canary.v20250728193727.js.gz
- clerk-js/5.77.1-canary.v20250728193727/op-billing-page_clerk.legacy.browser_378045_5.77.1-canary.v20250728193727.js.sri
- clerk-js/5.77.1-canary.v20250728193727/op-billing-page_clerk.legacy.browser_378045_5.77.1-canary.v20250728193727.min.js.br
- clerk-js/5.77.1-canary.v20250728193727/op-billing-page_clerk.legacy.browser_378045_5.77.1-canary.v20250728193727.min.js.gz
- clerk-js/5.77.1-canary.v20250728193727/op-billing-page_clerk.legacy.browser_378045_5.77.1-canary.v20250728193727.min.js.sri
- clerk-js/5.77.1-canary.v20250728193727/op-plans-page_clerk.browser_4d86c5_5.77.1-canary.v20250728193727.js.br
- clerk-js/5.77.1-canary.v20250728193727/op-plans-page_clerk.browser_4d86c5_5.77.1-canary.v20250728193727.js.gz
- clerk-js/5.77.1-canary.v20250728193727/op-plans-page_clerk.browser_4d86c5_5.77.1-canary.v20250728193727.js.sri
- clerk-js/5.77.1-canary.v20250728193727/op-plans-page_clerk.browser_4d86c5_5.77.1-canary.v20250728193727.min.js.br
- clerk-js/5.77.1-canary.v20250728193727/op-plans-page_clerk.browser_4d86c5_5.77.1-canary.v20250728193727.min.js.gz
- clerk-js/5.77.1-canary.v20250728193727/op-plans-page_clerk.browser_4d86c5_5.77.1-canary.v20250728193727.min.js.sri
- clerk-js/5.77.1-canary.v20250728193727/op-plans-page_clerk.chips.browser_6903b1_5.77.1-canary.v20250728193727.js.br
- clerk-js/5.77.1-canary.v20250728193727/op-plans-page_clerk.chips.browser_6903b1_5.77.1-canary.v20250728193727.js.gz
- clerk-js/5.77.1-canary.v20250728193727/op-plans-page_clerk.chips.browser_6903b1_5.77.1-canary.v20250728193727.js.sri
- clerk-js/5.77.1-canary.v20250728193727/op-plans-page_clerk.chips.browser_6903b1_5.77.1-canary.v20250728193727.min.js.br
- clerk-js/5.77.1-canary.v20250728193727/op-plans-page_clerk.chips.browser_6903b1_5.77.1-canary.v20250728193727.min.js.gz
- clerk-js/5.77.1-canary.v20250728193727/op-plans-page_clerk.chips.browser_6903b1_5.77.1-canary.v20250728193727.min.js.sri
- clerk-js/5.77.1-canary.v20250728193727/op-plans-page_clerk.legacy.browser_378045_5.77.1-canary.v20250728193727.js.br
- clerk-js/5.77.1-canary.v20250728193727/op-plans-page_clerk.legacy.browser_378045_5.77.1-canary.v20250728193727.js.gz
- clerk-js/5.77.1-canary.v20250728193727/op-plans-page_clerk.legacy.browser_378045_5.77.1-canary.v20250728193727.js.sri
- clerk-js/5.77.1-canary.v20250728193727/op-plans-page_clerk.legacy.browser_378045_5.77.1-canary.v20250728193727.min.js.br
- clerk-js/5.77.1-canary.v20250728193727/op-plans-page_clerk.legacy.browser_378045_5.77.1-canary.v20250728193727.min.js.gz
- clerk-js/5.77.1-canary.v20250728193727/op-plans-page_clerk.legacy.browser_378045_5.77.1-canary.v20250728193727.min.js.sri
- clerk-js/5.77.1-canary.v20250728193727/organizationlist_clerk.browser_4d86c5_5.77.1-canary.v20250728193727.js.br
- clerk-js/5.77.1-canary.v20250728193727/organizationlist_clerk.browser_4d86c5_5.77.1-canary.v20250728193727.js.gz
- clerk-js/5.77.1-canary.v20250728193727/organizationlist_clerk.browser_4d86c5_5.77.1-canary.v20250728193727.js.sri
- clerk-js/5.77.1-canary.v20250728193727/organizationlist_clerk.browser_4d86c5_5.77.1-canary.v20250728193727.min.js.br
- clerk-js/5.77.1-canary.v20250728193727/organizationlist_clerk.browser_4d86c5_5.77.1-canary.v20250728193727.min.js.gz
- clerk-js/5.77.1-canary.v20250728193727/organizationlist_clerk.browser_4d86c5_5.77.1-canary.v20250728193727.min.js.sri
- clerk-js/5.77.1-canary.v20250728193727/organizationlist_clerk.chips.browser_6903b1_5.77.1-canary.v20250728193727.js.br
- clerk-js/5.77.1-canary.v20250728193727/organizationlist_clerk.chips.browser_6903b1_5.77.1-canary.v20250728193727.js.gz
- clerk-js/5.77.1-canary.v20250728193727/organizationlist_clerk.chips.browser_6903b1_5.77.1-canary.v20250728193727.js.sri
- clerk-js/5.77.1-canary.v20250728193727/organizationlist_clerk.chips.browser_6903b1_5.77.1-canary.v20250728193727.min.js.br
- clerk-js/5.77.1-canary.v20250728193727/organizationlist_clerk.chips.browser_6903b1_5.77.1-canary.v20250728193727.min.js.gz
- clerk-js/5.77.1-canary.v20250728193727/organizationlist_clerk.chips.browser_6903b1_5.77.1-canary.v20250728193727.min.js.sri
- clerk-js/5.77.1-canary.v20250728193727/organizationlist_clerk.legacy.browser_378045_5.77.1-canary.v20250728193727.js.br
- clerk-js/5.77.1-canary.v20250728193727/organizationlist_clerk.legacy.browser_378045_5.77.1-canary.v20250728193727.js.gz
- clerk-js/5.77.1-canary.v20250728193727/organizationlist_clerk.legacy.browser_378045_5.77.1-canary.v20250728193727.js.sri
- clerk-js/5.77.1-canary.v20250728193727/organizationlist_clerk.legacy.browser_378045_5.77.1-canary.v20250728193727.min.js.br
- clerk-js/5.77.1-canary.v20250728193727/organizationlist_clerk.legacy.browser_378045_5.77.1-canary.v20250728193727.min.js.gz
- clerk-js/5.77.1-canary.v20250728193727/organizationlist_clerk.legacy.browser_378045_5.77.1-canary.v20250728193727.min.js.sri
- clerk-js/5.77.1-canary.v20250728193727/organizationprofile_clerk.browser_4d86c5_5.77.1-canary.v20250728193727.js.br
- clerk-js/5.77.1-canary.v20250728193727/organizationprofile_clerk.browser_4d86c5_5.77.1-canary.v20250728193727.js.gz
- clerk-js/5.77.1-canary.v20250728193727/organizationprofile_clerk.browser_4d86c5_5.77.1-canary.v20250728193727.js.sri
- clerk-js/5.77.1-canary.v20250728193727/organizationprofile_clerk.browser_4d86c5_5.77.1-canary.v20250728193727.min.js.br
- clerk-js/5.77.1-canary.v20250728193727/organizationprofile_clerk.browser_4d86c5_5.77.1-canary.v20250728193727.min.js.gz
- clerk-js/5.77.1-canary.v20250728193727/organizationprofile_clerk.browser_4d86c5_5.77.1-canary.v20250728193727.min.js.sri
- clerk-js/5.77.1-canary.v20250728193727/organizationprofile_clerk.chips.browser_6903b1_5.77.1-canary.v20250728193727.js.br
- clerk-js/5.77.1-canary.v20250728193727/organizationprofile_clerk.chips.browser_6903b1_5.77.1-canary.v20250728193727.js.gz
- clerk-js/5.77.1-canary.v20250728193727/organizationprofile_clerk.chips.browser_6903b1_5.77.1-canary.v20250728193727.js.sri
- clerk-js/5.77.1-canary.v20250728193727/organizationprofile_clerk.chips.browser_6903b1_5.77.1-canary.v20250728193727.min.js.br
- clerk-js/5.77.1-canary.v20250728193727/organizationprofile_clerk.chips.browser_6903b1_5.77.1-canary.v20250728193727.min.js.gz
- clerk-js/5.77.1-canary.v20250728193727/organizationprofile_clerk.chips.browser_6903b1_5.77.1-canary.v20250728193727.min.js.sri
- clerk-js/5.77.1-canary.v20250728193727/organizationprofile_clerk.legacy.browser_378045_5.77.1-canary.v20250728193727.js.br
- clerk-js/5.77.1-canary.v20250728193727/organizationprofile_clerk.legacy.browser_378045_5.77.1-canary.v20250728193727.js.gz
- clerk-js/5.77.1-canary.v20250728193727/organizationprofile_clerk.legacy.browser_378045_5.77.1-canary.v20250728193727.js.sri
- clerk-js/5.77.1-canary.v20250728193727/organizationprofile_clerk.legacy.browser_378045_5.77.1-canary.v20250728193727.min.js.br
- clerk-js/5.77.1-canary.v20250728193727/organizationprofile_clerk.legacy.browser_378045_5.77.1-canary.v20250728193727.min.js.gz
- clerk-js/5.77.1-canary.v20250728193727/organizationprofile_clerk.legacy.browser_378045_5.77.1-canary.v20250728193727.min.js.sri
- clerk-js/5.77.1-canary.v20250728193727/organizationswitcher_clerk.browser_4d86c5_5.77.1-canary.v20250728193727.js.br
- clerk-js/5.77.1-canary.v20250728193727/organizationswitcher_clerk.browser_4d86c5_5.77.1-canary.v20250728193727.js.gz
- clerk-js/5.77.1-canary.v20250728193727/organizationswitcher_clerk.browser_4d86c5_5.77.1-canary.v20250728193727.js.sri
- clerk-js/5.77.1-canary.v20250728193727/organizationswitcher_clerk.browser_4d86c5_5.77.1-canary.v20250728193727.min.js.br
- clerk-js/5.77.1-canary.v20250728193727/organizationswitcher_clerk.browser_4d86c5_5.77.1-canary.v20250728193727.min.js.gz
- clerk-js/5.77.1-canary.v20250728193727/organizationswitcher_clerk.browser_4d86c5_5.77.1-canary.v20250728193727.min.js.sri
- clerk-js/5.77.1-canary.v20250728193727/organizationswitcher_clerk.chips.browser_6903b1_5.77.1-canary.v20250728193727.js.br
- clerk-js/5.77.1-canary.v20250728193727/organizationswitcher_clerk.chips.browser_6903b1_5.77.1-canary.v20250728193727.js.gz
- clerk-js/5.77.1-canary.v20250728193727/organizationswitcher_clerk.chips.browser_6903b1_5.77.1-canary.v20250728193727.js.sri
- clerk-js/5.77.1-canary.v20250728193727/organizationswitcher_clerk.chips.browser_6903b1_5.77.1-canary.v20250728193727.min.js.br
- clerk-js/5.77.1-canary.v20250728193727/organizationswitcher_clerk.chips.browser_6903b1_5.77.1-canary.v20250728193727.min.js.gz
- clerk-js/5.77.1-canary.v20250728193727/organizationswitcher_clerk.chips.browser_6903b1_5.77.1-canary.v20250728193727.min.js.sri
- clerk-js/5.77.1-canary.v20250728193727/organizationswitcher_clerk.legacy.browser_378045_5.77.1-canary.v20250728193727.js.br
- clerk-js/5.77.1-canary.v20250728193727/organizationswitcher_clerk.legacy.browser_378045_5.77.1-canary.v20250728193727.js.gz
- clerk-js/5.77.1-canary.v20250728193727/organizationswitcher_clerk.legacy.browser_378045_5.77.1-canary.v20250728193727.js.sri
- clerk-js/5.77.1-canary.v20250728193727/organizationswitcher_clerk.legacy.browser_378045_5.77.1-canary.v20250728193727.min.js.br
- clerk-js/5.77.1-canary.v20250728193727/organizationswitcher_clerk.legacy.browser_378045_5.77.1-canary.v20250728193727.min.js.gz
- clerk-js/5.77.1-canary.v20250728193727/organizationswitcher_clerk.legacy.browser_378045_5.77.1-canary.v20250728193727.min.js.sri
- clerk-js/5.77.1-canary.v20250728193727/payment-attempt-page_clerk.browser_4d86c5_5.77.1-canary.v20250728193727.js.br
- clerk-js/5.77.1-canary.v20250728193727/payment-attempt-page_clerk.browser_4d86c5_5.77.1-canary.v20250728193727.js.gz
- clerk-js/5.77.1-canary.v20250728193727/payment-attempt-page_clerk.browser_4d86c5_5.77.1-canary.v20250728193727.js.sri
- clerk-js/5.77.1-canary.v20250728193727/payment-attempt-page_clerk.browser_4d86c5_5.77.1-canary.v20250728193727.min.js.br
- clerk-js/5.77.1-canary.v20250728193727/payment-attempt-page_clerk.browser_4d86c5_5.77.1-canary.v20250728193727.min.js.gz
- clerk-js/5.77.1-canary.v20250728193727/payment-attempt-page_clerk.browser_4d86c5_5.77.1-canary.v20250728193727.min.js.sri
- clerk-js/5.77.1-canary.v20250728193727/payment-attempt-page_clerk.chips.browser_6903b1_5.77.1-canary.v20250728193727.js.br
- clerk-js/5.77.1-canary.v20250728193727/payment-attempt-page_clerk.chips.browser_6903b1_5.77.1-canary.v20250728193727.js.gz
- clerk-js/5.77.1-canary.v20250728193727/payment-attempt-page_clerk.chips.browser_6903b1_5.77.1-canary.v20250728193727.js.sri
- clerk-js/5.77.1-canary.v20250728193727/payment-attempt-page_clerk.chips.browser_6903b1_5.77.1-canary.v20250728193727.min.js.br
- clerk-js/5.77.1-canary.v20250728193727/payment-attempt-page_clerk.chips.browser_6903b1_5.77.1-canary.v20250728193727.min.js.gz
- clerk-js/5.77.1-canary.v20250728193727/payment-attempt-page_clerk.chips.browser_6903b1_5.77.1-canary.v20250728193727.min.js.sri
- clerk-js/5.77.1-canary.v20250728193727/payment-attempt-page_clerk.legacy.browser_378045_5.77.1-canary.v20250728193727.js.br
- clerk-js/5.77.1-canary.v20250728193727/payment-attempt-page_clerk.legacy.browser_378045_5.77.1-canary.v20250728193727.js.gz
- clerk-js/5.77.1-canary.v20250728193727/payment-attempt-page_clerk.legacy.browser_378045_5.77.1-canary.v20250728193727.js.sri
- clerk-js/5.77.1-canary.v20250728193727/payment-attempt-page_clerk.legacy.browser_378045_5.77.1-canary.v20250728193727.min.js.br
- clerk-js/5.77.1-canary.v20250728193727/payment-attempt-page_clerk.legacy.browser_378045_5.77.1-canary.v20250728193727.min.js.gz
- clerk-js/5.77.1-canary.v20250728193727/payment-attempt-page_clerk.legacy.browser_378045_5.77.1-canary.v20250728193727.min.js.sri
- clerk-js/5.77.1-canary.v20250728193727/planDetails_clerk.browser_4d86c5_5.77.1-canary.v20250728193727.js.br
- clerk-js/5.77.1-canary.v20250728193727/planDetails_clerk.browser_4d86c5_5.77.1-canary.v20250728193727.js.gz
- clerk-js/5.77.1-canary.v20250728193727/planDetails_clerk.browser_4d86c5_5.77.1-canary.v20250728193727.js.sri
- clerk-js/5.77.1-canary.v20250728193727/planDetails_clerk.browser_4d86c5_5.77.1-canary.v20250728193727.min.js.br
- clerk-js/5.77.1-canary.v20250728193727/planDetails_clerk.browser_4d86c5_5.77.1-canary.v20250728193727.min.js.gz
- clerk-js/5.77.1-canary.v20250728193727/planDetails_clerk.browser_4d86c5_5.77.1-canary.v20250728193727.min.js.sri
- clerk-js/5.77.1-canary.v20250728193727/planDetails_clerk.chips.browser_6903b1_5.77.1-canary.v20250728193727.js.br
- clerk-js/5.77.1-canary.v20250728193727/planDetails_clerk.chips.browser_6903b1_5.77.1-canary.v20250728193727.js.gz
- clerk-js/5.77.1-canary.v20250728193727/planDetails_clerk.chips.browser_6903b1_5.77.1-canary.v20250728193727.js.sri
- clerk-js/5.77.1-canary.v20250728193727/planDetails_clerk.chips.browser_6903b1_5.77.1-canary.v20250728193727.min.js.br
- clerk-js/5.77.1-canary.v20250728193727/planDetails_clerk.chips.browser_6903b1_5.77.1-canary.v20250728193727.min.js.gz
- clerk-js/5.77.1-canary.v20250728193727/planDetails_clerk.chips.browser_6903b1_5.77.1-canary.v20250728193727.min.js.sri
- clerk-js/5.77.1-canary.v20250728193727/planDetails_clerk.legacy.browser_378045_5.77.1-canary.v20250728193727.js.br
- clerk-js/5.77.1-canary.v20250728193727/planDetails_clerk.legacy.browser_378045_5.77.1-canary.v20250728193727.js.gz
- clerk-js/5.77.1-canary.v20250728193727/planDetails_clerk.legacy.browser_378045_5.77.1-canary.v20250728193727.js.sri
- clerk-js/5.77.1-canary.v20250728193727/planDetails_clerk.legacy.browser_378045_5.77.1-canary.v20250728193727.min.js.br
- clerk-js/5.77.1-canary.v20250728193727/planDetails_clerk.legacy.browser_378045_5.77.1-canary.v20250728193727.min.js.gz
- clerk-js/5.77.1-canary.v20250728193727/planDetails_clerk.legacy.browser_378045_5.77.1-canary.v20250728193727.min.js.sri
- clerk-js/5.77.1-canary.v20250728193727/prefetchorganizationlist_clerk.browser_4d86c5_5.77.1-canary.v20250728193727.js.br
- clerk-js/5.77.1-canary.v20250728193727/prefetchorganizationlist_clerk.browser_4d86c5_5.77.1-canary.v20250728193727.js.gz
- clerk-js/5.77.1-canary.v20250728193727/prefetchorganizationlist_clerk.browser_4d86c5_5.77.1-canary.v20250728193727.js.sri
- clerk-js/5.77.1-canary.v20250728193727/prefetchorganizationlist_clerk.browser_4d86c5_5.77.1-canary.v20250728193727.min.js.br
- clerk-js/5.77.1-canary.v20250728193727/prefetchorganizationlist_clerk.browser_4d86c5_5.77.1-canary.v20250728193727.min.js.gz
- clerk-js/5.77.1-canary.v20250728193727/prefetchorganizationlist_clerk.browser_4d86c5_5.77.1-canary.v20250728193727.min.js.sri
- clerk-js/5.77.1-canary.v20250728193727/prefetchorganizationlist_clerk.chips.browser_6903b1_5.77.1-canary.v20250728193727.js.br
- clerk-js/5.77.1-canary.v20250728193727/prefetchorganizationlist_clerk.chips.browser_6903b1_5.77.1-canary.v20250728193727.js.gz
- clerk-js/5.77.1-canary.v20250728193727/prefetchorganizationlist_clerk.chips.browser_6903b1_5.77.1-canary.v20250728193727.js.sri
- clerk-js/5.77.1-canary.v20250728193727/prefetchorganizationlist_clerk.chips.browser_6903b1_5.77.1-canary.v20250728193727.min.js.br
- clerk-js/5.77.1-canary.v20250728193727/prefetchorganizationlist_clerk.chips.browser_6903b1_5.77.1-canary.v20250728193727.min.js.gz
- clerk-js/5.77.1-canary.v20250728193727/prefetchorganizationlist_clerk.chips.browser_6903b1_5.77.1-canary.v20250728193727.min.js.sri
- clerk-js/5.77.1-canary.v20250728193727/prefetchorganizationlist_clerk.legacy.browser_378045_5.77.1-canary.v20250728193727.js.br
- clerk-js/5.77.1-canary.v20250728193727/prefetchorganizationlist_clerk.legacy.browser_378045_5.77.1-canary.v20250728193727.js.gz
- clerk-js/5.77.1-canary.v20250728193727/prefetchorganizationlist_clerk.legacy.browser_378045_5.77.1-canary.v20250728193727.js.sri
- clerk-js/5.77.1-canary.v20250728193727/prefetchorganizationlist_clerk.legacy.browser_378045_5.77.1-canary.v20250728193727.min.js.br
- clerk-js/5.77.1-canary.v20250728193727/prefetchorganizationlist_clerk.legacy.browser_378045_5.77.1-canary.v20250728193727.min.js.gz
- clerk-js/5.77.1-canary.v20250728193727/prefetchorganizationlist_clerk.legacy.browser_378045_5.77.1-canary.v20250728193727.min.js.sri
- clerk-js/5.77.1-canary.v20250728193727/pricingTable_clerk.browser_4d86c5_5.77.1-canary.v20250728193727.js.br
- clerk-js/5.77.1-canary.v20250728193727/pricingTable_clerk.browser_4d86c5_5.77.1-canary.v20250728193727.js.gz
- clerk-js/5.77.1-canary.v20250728193727/pricingTable_clerk.browser_4d86c5_5.77.1-canary.v20250728193727.js.sri
- clerk-js/5.77.1-canary.v20250728193727/pricingTable_clerk.browser_4d86c5_5.77.1-canary.v20250728193727.min.js.br
- clerk-js/5.77.1-canary.v20250728193727/pricingTable_clerk.browser_4d86c5_5.77.1-canary.v20250728193727.min.js.gz
- clerk-js/5.77.1-canary.v20250728193727/pricingTable_clerk.browser_4d86c5_5.77.1-canary.v20250728193727.min.js.sri
- clerk-js/5.77.1-canary.v20250728193727/pricingTable_clerk.chips.browser_6903b1_5.77.1-canary.v20250728193727.js.br
- clerk-js/5.77.1-canary.v20250728193727/pricingTable_clerk.chips.browser_6903b1_5.77.1-canary.v20250728193727.js.gz
- clerk-js/5.77.1-canary.v20250728193727/pricingTable_clerk.chips.browser_6903b1_5.77.1-canary.v20250728193727.js.sri
- clerk-js/5.77.1-canary.v20250728193727/pricingTable_clerk.chips.browser_6903b1_5.77.1-canary.v20250728193727.min.js.br
- clerk-js/5.77.1-canary.v20250728193727/pricingTable_clerk.chips.browser_6903b1_5.77.1-canary.v20250728193727.min.js.gz
- clerk-js/5.77.1-canary.v20250728193727/pricingTable_clerk.chips.browser_6903b1_5.77.1-canary.v20250728193727.min.js.sri
- clerk-js/5.77.1-canary.v20250728193727/pricingTable_clerk.legacy.browser_378045_5.77.1-canary.v20250728193727.js.br
- clerk-js/5.77.1-canary.v20250728193727/pricingTable_clerk.legacy.browser_378045_5.77.1-canary.v20250728193727.js.gz
- clerk-js/5.77.1-canary.v20250728193727/pricingTable_clerk.legacy.browser_378045_5.77.1-canary.v20250728193727.js.sri
- clerk-js/5.77.1-canary.v20250728193727/pricingTable_clerk.legacy.browser_378045_5.77.1-canary.v20250728193727.min.js.br
- clerk-js/5.77.1-canary.v20250728193727/pricingTable_clerk.legacy.browser_378045_5.77.1-canary.v20250728193727.min.js.gz
- clerk-js/5.77.1-canary.v20250728193727/pricingTable_clerk.legacy.browser_378045_5.77.1-canary.v20250728193727.min.js.sri
- clerk-js/5.77.1-canary.v20250728193727/revoke-api-key-modal_clerk.browser_4d86c5_5.77.1-canary.v20250728193727.js.br
- clerk-js/5.77.1-canary.v20250728193727/revoke-api-key-modal_clerk.browser_4d86c5_5.77.1-canary.v20250728193727.js.gz
- clerk-js/5.77.1-canary.v20250728193727/revoke-api-key-modal_clerk.browser_4d86c5_5.77.1-canary.v20250728193727.js.sri
- clerk-js/5.77.1-canary.v20250728193727/revoke-api-key-modal_clerk.browser_4d86c5_5.77.1-canary.v20250728193727.min.js.br
- clerk-js/5.77.1-canary.v20250728193727/revoke-api-key-modal_clerk.browser_4d86c5_5.77.1-canary.v20250728193727.min.js.gz
- clerk-js/5.77.1-canary.v20250728193727/revoke-api-key-modal_clerk.browser_4d86c5_5.77.1-canary.v20250728193727.min.js.sri
- clerk-js/5.77.1-canary.v20250728193727/revoke-api-key-modal_clerk.chips.browser_6903b1_5.77.1-canary.v20250728193727.js.br
- clerk-js/5.77.1-canary.v20250728193727/revoke-api-key-modal_clerk.chips.browser_6903b1_5.77.1-canary.v20250728193727.js.gz
- clerk-js/5.77.1-canary.v20250728193727/revoke-api-key-modal_clerk.chips.browser_6903b1_5.77.1-canary.v20250728193727.js.sri
- clerk-js/5.77.1-canary.v20250728193727/revoke-api-key-modal_clerk.chips.browser_6903b1_5.77.1-canary.v20250728193727.min.js.br
- clerk-js/5.77.1-canary.v20250728193727/revoke-api-key-modal_clerk.chips.browser_6903b1_5.77.1-canary.v20250728193727.min.js.gz
- clerk-js/5.77.1-canary.v20250728193727/revoke-api-key-modal_clerk.chips.browser_6903b1_5.77.1-canary.v20250728193727.min.js.sri
- clerk-js/5.77.1-canary.v20250728193727/revoke-api-key-modal_clerk.legacy.browser_378045_5.77.1-canary.v20250728193727.js.br
- clerk-js/5.77.1-canary.v20250728193727/revoke-api-key-modal_clerk.legacy.browser_378045_5.77.1-canary.v20250728193727.js.gz
- clerk-js/5.77.1-canary.v20250728193727/revoke-api-key-modal_clerk.legacy.browser_378045_5.77.1-canary.v20250728193727.js.sri
- clerk-js/5.77.1-canary.v20250728193727/revoke-api-key-modal_clerk.legacy.browser_378045_5.77.1-canary.v20250728193727.min.js.br
- clerk-js/5.77.1-canary.v20250728193727/revoke-api-key-modal_clerk.legacy.browser_378045_5.77.1-canary.v20250728193727.min.js.gz
- clerk-js/5.77.1-canary.v20250728193727/revoke-api-key-modal_clerk.legacy.browser_378045_5.77.1-canary.v20250728193727.min.js.sri
- clerk-js/5.77.1-canary.v20250728193727/sessionTasks_clerk.browser_4d86c5_5.77.1-canary.v20250728193727.js.br
- clerk-js/5.77.1-canary.v20250728193727/sessionTasks_clerk.browser_4d86c5_5.77.1-canary.v20250728193727.js.gz
- clerk-js/5.77.1-canary.v20250728193727/sessionTasks_clerk.browser_4d86c5_5.77.1-canary.v20250728193727.js.sri
- clerk-js/5.77.1-canary.v20250728193727/sessionTasks_clerk.browser_4d86c5_5.77.1-canary.v20250728193727.min.js.br
- clerk-js/5.77.1-canary.v20250728193727/sessionTasks_clerk.browser_4d86c5_5.77.1-canary.v20250728193727.min.js.gz
- clerk-js/5.77.1-canary.v20250728193727/sessionTasks_clerk.browser_4d86c5_5.77.1-canary.v20250728193727.min.js.sri
- clerk-js/5.77.1-canary.v20250728193727/sessionTasks_clerk.chips.browser_6903b1_5.77.1-canary.v20250728193727.js.br
- clerk-js/5.77.1-canary.v20250728193727/sessionTasks_clerk.chips.browser_6903b1_5.77.1-canary.v20250728193727.js.gz
- clerk-js/5.77.1-canary.v20250728193727/sessionTasks_clerk.chips.browser_6903b1_5.77.1-canary.v20250728193727.js.sri
- clerk-js/5.77.1-canary.v20250728193727/sessionTasks_clerk.chips.browser_6903b1_5.77.1-canary.v20250728193727.min.js.br
- clerk-js/5.77.1-canary.v20250728193727/sessionTasks_clerk.chips.browser_6903b1_5.77.1-canary.v20250728193727.min.js.gz
- clerk-js/5.77.1-canary.v20250728193727/sessionTasks_clerk.chips.browser_6903b1_5.77.1-canary.v20250728193727.min.js.sri
- clerk-js/5.77.1-canary.v20250728193727/sessionTasks_clerk.legacy.browser_378045_5.77.1-canary.v20250728193727.js.br
- clerk-js/5.77.1-canary.v20250728193727/sessionTasks_clerk.legacy.browser_378045_5.77.1-canary.v20250728193727.js.gz
- clerk-js/5.77.1-canary.v20250728193727/sessionTasks_clerk.legacy.browser_378045_5.77.1-canary.v20250728193727.js.sri
- clerk-js/5.77.1-canary.v20250728193727/sessionTasks_clerk.legacy.browser_378045_5.77.1-canary.v20250728193727.min.js.br
- clerk-js/5.77.1-canary.v20250728193727/sessionTasks_clerk.legacy.browser_378045_5.77.1-canary.v20250728193727.min.js.gz
- clerk-js/5.77.1-canary.v20250728193727/sessionTasks_clerk.legacy.browser_378045_5.77.1-canary.v20250728193727.min.js.sri
- clerk-js/5.77.1-canary.v20250728193727/signin_clerk.browser_4d86c5_5.77.1-canary.v20250728193727.js.br
- clerk-js/5.77.1-canary.v20250728193727/signin_clerk.browser_4d86c5_5.77.1-canary.v20250728193727.js.gz
- clerk-js/5.77.1-canary.v20250728193727/signin_clerk.browser_4d86c5_5.77.1-canary.v20250728193727.js.sri
- clerk-js/5.77.1-canary.v20250728193727/signin_clerk.browser_4d86c5_5.77.1-canary.v20250728193727.min.js.br
- clerk-js/5.77.1-canary.v20250728193727/signin_clerk.browser_4d86c5_5.77.1-canary.v20250728193727.min.js.gz
- clerk-js/5.77.1-canary.v20250728193727/signin_clerk.browser_4d86c5_5.77.1-canary.v20250728193727.min.js.sri
- clerk-js/5.77.1-canary.v20250728193727/signin_clerk.chips.browser_6903b1_5.77.1-canary.v20250728193727.js.br
- clerk-js/5.77.1-canary.v20250728193727/signin_clerk.chips.browser_6903b1_5.77.1-canary.v20250728193727.js.gz
- clerk-js/5.77.1-canary.v20250728193727/signin_clerk.chips.browser_6903b1_5.77.1-canary.v20250728193727.js.sri
- clerk-js/5.77.1-canary.v20250728193727/signin_clerk.chips.browser_6903b1_5.77.1-canary.v20250728193727.min.js.br
- clerk-js/5.77.1-canary.v20250728193727/signin_clerk.chips.browser_6903b1_5.77.1-canary.v20250728193727.min.js.gz
- clerk-js/5.77.1-canary.v20250728193727/signin_clerk.chips.browser_6903b1_5.77.1-canary.v20250728193727.min.js.sri
- clerk-js/5.77.1-canary.v20250728193727/signin_clerk.legacy.browser_378045_5.77.1-canary.v20250728193727.js.br
- clerk-js/5.77.1-canary.v20250728193727/signin_clerk.legacy.browser_378045_5.77.1-canary.v20250728193727.js.gz
- clerk-js/5.77.1-canary.v20250728193727/signin_clerk.legacy.browser_378045_5.77.1-canary.v20250728193727.js.sri
- clerk-js/5.77.1-canary.v20250728193727/signin_clerk.legacy.browser_378045_5.77.1-canary.v20250728193727.min.js.br
- clerk-js/5.77.1-canary.v20250728193727/signin_clerk.legacy.browser_378045_5.77.1-canary.v20250728193727.min.js.gz
- clerk-js/5.77.1-canary.v20250728193727/signin_clerk.legacy.browser_378045_5.77.1-canary.v20250728193727.min.js.sri
- clerk-js/5.77.1-canary.v20250728193727/signup_clerk.browser_4d86c5_5.77.1-canary.v20250728193727.js.br
- clerk-js/5.77.1-canary.v20250728193727/signup_clerk.browser_4d86c5_5.77.1-canary.v20250728193727.js.gz
- clerk-js/5.77.1-canary.v20250728193727/signup_clerk.browser_4d86c5_5.77.1-canary.v20250728193727.js.sri
- clerk-js/5.77.1-canary.v20250728193727/signup_clerk.browser_4d86c5_5.77.1-canary.v20250728193727.min.js.br
- clerk-js/5.77.1-canary.v20250728193727/signup_clerk.browser_4d86c5_5.77.1-canary.v20250728193727.min.js.gz
- clerk-js/5.77.1-canary.v20250728193727/signup_clerk.browser_4d86c5_5.77.1-canary.v20250728193727.min.js.sri
- clerk-js/5.77.1-canary.v20250728193727/signup_clerk.chips.browser_6903b1_5.77.1-canary.v20250728193727.js.br
- clerk-js/5.77.1-canary.v20250728193727/signup_clerk.chips.browser_6903b1_5.77.1-canary.v20250728193727.js.gz
- clerk-js/5.77.1-canary.v20250728193727/signup_clerk.chips.browser_6903b1_5.77.1-canary.v20250728193727.js.sri
- clerk-js/5.77.1-canary.v20250728193727/signup_clerk.chips.browser_6903b1_5.77.1-canary.v20250728193727.min.js.br
- clerk-js/5.77.1-canary.v20250728193727/signup_clerk.chips.browser_6903b1_5.77.1-canary.v20250728193727.min.js.gz
- clerk-js/5.77.1-canary.v20250728193727/signup_clerk.chips.browser_6903b1_5.77.1-canary.v20250728193727.min.js.sri
- clerk-js/5.77.1-canary.v20250728193727/signup_clerk.legacy.browser_378045_5.77.1-canary.v20250728193727.js.br
- clerk-js/5.77.1-canary.v20250728193727/signup_clerk.legacy.browser_378045_5.77.1-canary.v20250728193727.js.gz
- clerk-js/5.77.1-canary.v20250728193727/signup_clerk.legacy.browser_378045_5.77.1-canary.v20250728193727.js.sri
- clerk-js/5.77.1-canary.v20250728193727/signup_clerk.legacy.browser_378045_5.77.1-canary.v20250728193727.min.js.br
- clerk-js/5.77.1-canary.v20250728193727/signup_clerk.legacy.browser_378045_5.77.1-canary.v20250728193727.min.js.gz
- clerk-js/5.77.1-canary.v20250728193727/signup_clerk.legacy.browser_378045_5.77.1-canary.v20250728193727.min.js.sri
- clerk-js/5.77.1-canary.v20250728193727/statement-page_clerk.browser_4d86c5_5.77.1-canary.v20250728193727.js.br
- clerk-js/5.77.1-canary.v20250728193727/statement-page_clerk.browser_4d86c5_5.77.1-canary.v20250728193727.js.gz
- clerk-js/5.77.1-canary.v20250728193727/statement-page_clerk.browser_4d86c5_5.77.1-canary.v20250728193727.js.sri
- clerk-js/5.77.1-canary.v20250728193727/statement-page_clerk.browser_4d86c5_5.77.1-canary.v20250728193727.min.js.br
- clerk-js/5.77.1-canary.v20250728193727/statement-page_clerk.browser_4d86c5_5.77.1-canary.v20250728193727.min.js.gz
- clerk-js/5.77.1-canary.v20250728193727/statement-page_clerk.browser_4d86c5_5.77.1-canary.v20250728193727.min.js.sri
- clerk-js/5.77.1-canary.v20250728193727/statement-page_clerk.chips.browser_6903b1_5.77.1-canary.v20250728193727.js.br
- clerk-js/5.77.1-canary.v20250728193727/statement-page_clerk.chips.browser_6903b1_5.77.1-canary.v20250728193727.js.gz
- clerk-js/5.77.1-canary.v20250728193727/statement-page_clerk.chips.browser_6903b1_5.77.1-canary.v20250728193727.js.sri
- clerk-js/5.77.1-canary.v20250728193727/statement-page_clerk.chips.browser_6903b1_5.77.1-canary.v20250728193727.min.js.br
- clerk-js/5.77.1-canary.v20250728193727/statement-page_clerk.chips.browser_6903b1_5.77.1-canary.v20250728193727.min.js.gz
- clerk-js/5.77.1-canary.v20250728193727/statement-page_clerk.chips.browser_6903b1_5.77.1-canary.v20250728193727.min.js.sri
- clerk-js/5.77.1-canary.v20250728193727/statement-page_clerk.legacy.browser_378045_5.77.1-canary.v20250728193727.js.br
- clerk-js/5.77.1-canary.v20250728193727/statement-page_clerk.legacy.browser_378045_5.77.1-canary.v20250728193727.js.gz
- clerk-js/5.77.1-canary.v20250728193727/statement-page_clerk.legacy.browser_378045_5.77.1-canary.v20250728193727.js.sri
- clerk-js/5.77.1-canary.v20250728193727/statement-page_clerk.legacy.browser_378045_5.77.1-canary.v20250728193727.min.js.br
- clerk-js/5.77.1-canary.v20250728193727/statement-page_clerk.legacy.browser_378045_5.77.1-canary.v20250728193727.min.js.gz
- clerk-js/5.77.1-canary.v20250728193727/statement-page_clerk.legacy.browser_378045_5.77.1-canary.v20250728193727.min.js.sri
- clerk-js/5.77.1-canary.v20250728193727/stripe-vendors_clerk.browser_4d86c5_5.77.1-canary.v20250728193727.js.br
- clerk-js/5.77.1-canary.v20250728193727/stripe-vendors_clerk.browser_4d86c5_5.77.1-canary.v20250728193727.js.gz
- clerk-js/5.77.1-canary.v20250728193727/stripe-vendors_clerk.browser_4d86c5_5.77.1-canary.v20250728193727.js.sri
- clerk-js/5.77.1-canary.v20250728193727/stripe-vendors_clerk.browser_4d86c5_5.77.1-canary.v20250728193727.min.js.br
- clerk-js/5.77.1-canary.v20250728193727/stripe-vendors_clerk.browser_4d86c5_5.77.1-canary.v20250728193727.min.js.gz
- clerk-js/5.77.1-canary.v20250728193727/stripe-vendors_clerk.browser_4d86c5_5.77.1-canary.v20250728193727.min.js.sri
- clerk-js/5.77.1-canary.v20250728193727/stripe-vendors_clerk.chips.browser_6903b1_5.77.1-canary.v20250728193727.js.br
- clerk-js/5.77.1-canary.v20250728193727/stripe-vendors_clerk.chips.browser_6903b1_5.77.1-canary.v20250728193727.js.gz
- clerk-js/5.77.1-canary.v20250728193727/stripe-vendors_clerk.chips.browser_6903b1_5.77.1-canary.v20250728193727.js.sri
- clerk-js/5.77.1-canary.v20250728193727/stripe-vendors_clerk.chips.browser_6903b1_5.77.1-canary.v20250728193727.min.js.br
- clerk-js/5.77.1-canary.v20250728193727/stripe-vendors_clerk.chips.browser_6903b1_5.77.1-canary.v20250728193727.min.js.gz
- clerk-js/5.77.1-canary.v20250728193727/stripe-vendors_clerk.chips.browser_6903b1_5.77.1-canary.v20250728193727.min.js.sri
- clerk-js/5.77.1-canary.v20250728193727/stripe-vendors_clerk.headless.browser_7654fc_5.77.1-canary.v20250728193727.js.br
- clerk-js/5.77.1-canary.v20250728193727/stripe-vendors_clerk.headless.browser_7654fc_5.77.1-canary.v20250728193727.js.gz
- clerk-js/5.77.1-canary.v20250728193727/stripe-vendors_clerk.headless.browser_7654fc_5.77.1-canary.v20250728193727.js.sri
- clerk-js/5.77.1-canary.v20250728193727/stripe-vendors_clerk.headless.browser_7654fc_5.77.1-canary.v20250728193727.min.js.br
- clerk-js/5.77.1-canary.v20250728193727/stripe-vendors_clerk.headless.browser_7654fc_5.77.1-canary.v20250728193727.min.js.gz
- clerk-js/5.77.1-canary.v20250728193727/stripe-vendors_clerk.headless.browser_7654fc_5.77.1-canary.v20250728193727.min.js.sri
- clerk-js/5.77.1-canary.v20250728193727/stripe-vendors_clerk.legacy.browser_378045_5.77.1-canary.v20250728193727.js.br
- clerk-js/5.77.1-canary.v20250728193727/stripe-vendors_clerk.legacy.browser_378045_5.77.1-canary.v20250728193727.js.gz
- clerk-js/5.77.1-canary.v20250728193727/stripe-vendors_clerk.legacy.browser_378045_5.77.1-canary.v20250728193727.js.sri
- clerk-js/5.77.1-canary.v20250728193727/stripe-vendors_clerk.legacy.browser_378045_5.77.1-canary.v20250728193727.min.js.br
- clerk-js/5.77.1-canary.v20250728193727/stripe-vendors_clerk.legacy.browser_378045_5.77.1-canary.v20250728193727.min.js.gz
- clerk-js/5.77.1-canary.v20250728193727/stripe-vendors_clerk.legacy.browser_378045_5.77.1-canary.v20250728193727.min.js.sri
- clerk-js/5.77.1-canary.v20250728193727/subscriptionDetails_clerk.browser_4d86c5_5.77.1-canary.v20250728193727.js.br
- clerk-js/5.77.1-canary.v20250728193727/subscriptionDetails_clerk.browser_4d86c5_5.77.1-canary.v20250728193727.js.gz
- clerk-js/5.77.1-canary.v20250728193727/subscriptionDetails_clerk.browser_4d86c5_5.77.1-canary.v20250728193727.js.sri
- clerk-js/5.77.1-canary.v20250728193727/subscriptionDetails_clerk.browser_4d86c5_5.77.1-canary.v20250728193727.min.js.br
- clerk-js/5.77.1-canary.v20250728193727/subscriptionDetails_clerk.browser_4d86c5_5.77.1-canary.v20250728193727.min.js.gz
- clerk-js/5.77.1-canary.v20250728193727/subscriptionDetails_clerk.browser_4d86c5_5.77.1-canary.v20250728193727.min.js.sri
- clerk-js/5.77.1-canary.v20250728193727/subscriptionDetails_clerk.chips.browser_6903b1_5.77.1-canary.v20250728193727.js.br
- clerk-js/5.77.1-canary.v20250728193727/subscriptionDetails_clerk.chips.browser_6903b1_5.77.1-canary.v20250728193727.js.gz
- clerk-js/5.77.1-canary.v20250728193727/subscriptionDetails_clerk.chips.browser_6903b1_5.77.1-canary.v20250728193727.js.sri
- clerk-js/5.77.1-canary.v20250728193727/subscriptionDetails_clerk.chips.browser_6903b1_5.77.1-canary.v20250728193727.min.js.br
- clerk-js/5.77.1-canary.v20250728193727/subscriptionDetails_clerk.chips.browser_6903b1_5.77.1-canary.v20250728193727.min.js.gz
- clerk-js/5.77.1-canary.v20250728193727/subscriptionDetails_clerk.chips.browser_6903b1_5.77.1-canary.v20250728193727.min.js.sri
- clerk-js/5.77.1-canary.v20250728193727/subscriptionDetails_clerk.legacy.browser_378045_5.77.1-canary.v20250728193727.js.br
- clerk-js/5.77.1-canary.v20250728193727/subscriptionDetails_clerk.legacy.browser_378045_5.77.1-canary.v20250728193727.js.gz
- clerk-js/5.77.1-canary.v20250728193727/subscriptionDetails_clerk.legacy.browser_378045_5.77.1-canary.v20250728193727.js.sri
- clerk-js/5.77.1-canary.v20250728193727/subscriptionDetails_clerk.legacy.browser_378045_5.77.1-canary.v20250728193727.min.js.br
- clerk-js/5.77.1-canary.v20250728193727/subscriptionDetails_clerk.legacy.browser_378045_5.77.1-canary.v20250728193727.min.js.gz
- clerk-js/5.77.1-canary.v20250728193727/subscriptionDetails_clerk.legacy.browser_378045_5.77.1-canary.v20250728193727.min.js.sri
- clerk-js/5.77.1-canary.v20250728193727/taskSelectOrganization_clerk.browser_4d86c5_5.77.1-canary.v20250728193727.js.br
- clerk-js/5.77.1-canary.v20250728193727/taskSelectOrganization_clerk.browser_4d86c5_5.77.1-canary.v20250728193727.js.gz
- clerk-js/5.77.1-canary.v20250728193727/taskSelectOrganization_clerk.browser_4d86c5_5.77.1-canary.v20250728193727.js.sri
- clerk-js/5.77.1-canary.v20250728193727/taskSelectOrganization_clerk.browser_4d86c5_5.77.1-canary.v20250728193727.min.js.br
- clerk-js/5.77.1-canary.v20250728193727/taskSelectOrganization_clerk.browser_4d86c5_5.77.1-canary.v20250728193727.min.js.gz
- clerk-js/5.77.1-canary.v20250728193727/taskSelectOrganization_clerk.browser_4d86c5_5.77.1-canary.v20250728193727.min.js.sri
- clerk-js/5.77.1-canary.v20250728193727/taskSelectOrganization_clerk.chips.browser_6903b1_5.77.1-canary.v20250728193727.js.br
- clerk-js/5.77.1-canary.v20250728193727/taskSelectOrganization_clerk.chips.browser_6903b1_5.77.1-canary.v20250728193727.js.gz
- clerk-js/5.77.1-canary.v20250728193727/taskSelectOrganization_clerk.chips.browser_6903b1_5.77.1-canary.v20250728193727.js.sri
- clerk-js/5.77.1-canary.v20250728193727/taskSelectOrganization_clerk.chips.browser_6903b1_5.77.1-canary.v20250728193727.min.js.br
- clerk-js/5.77.1-canary.v20250728193727/taskSelectOrganization_clerk.chips.browser_6903b1_5.77.1-canary.v20250728193727.min.js.gz
- clerk-js/5.77.1-canary.v20250728193727/taskSelectOrganization_clerk.chips.browser_6903b1_5.77.1-canary.v20250728193727.min.js.sri
- clerk-js/5.77.1-canary.v20250728193727/taskSelectOrganization_clerk.legacy.browser_378045_5.77.1-canary.v20250728193727.js.br
- clerk-js/5.77.1-canary.v20250728193727/taskSelectOrganization_clerk.legacy.browser_378045_5.77.1-canary.v20250728193727.js.gz
- clerk-js/5.77.1-canary.v20250728193727/taskSelectOrganization_clerk.legacy.browser_378045_5.77.1-canary.v20250728193727.js.sri
- clerk-js/5.77.1-canary.v20250728193727/taskSelectOrganization_clerk.legacy.browser_378045_5.77.1-canary.v20250728193727.min.js.br
- clerk-js/5.77.1-canary.v20250728193727/taskSelectOrganization_clerk.legacy.browser_378045_5.77.1-canary.v20250728193727.min.js.gz
- clerk-js/5.77.1-canary.v20250728193727/taskSelectOrganization_clerk.legacy.browser_378045_5.77.1-canary.v20250728193727.min.js.sri
- clerk-js/5.77.1-canary.v20250728193727/ui-common_clerk.browser_4d86c5_5.77.1-canary.v20250728193727.js.br
- clerk-js/5.77.1-canary.v20250728193727/ui-common_clerk.browser_4d86c5_5.77.1-canary.v20250728193727.js.gz
- clerk-js/5.77.1-canary.v20250728193727/ui-common_clerk.browser_4d86c5_5.77.1-canary.v20250728193727.js.sri
- clerk-js/5.77.1-canary.v20250728193727/ui-common_clerk.browser_4d86c5_5.77.1-canary.v20250728193727.min.js.br
- clerk-js/5.77.1-canary.v20250728193727/ui-common_clerk.browser_4d86c5_5.77.1-canary.v20250728193727.min.js.gz
- clerk-js/5.77.1-canary.v20250728193727/ui-common_clerk.browser_4d86c5_5.77.1-canary.v20250728193727.min.js.sri
- clerk-js/5.77.1-canary.v20250728193727/ui-common_clerk.chips.browser_6903b1_5.77.1-canary.v20250728193727.js.br
- clerk-js/5.77.1-canary.v20250728193727/ui-common_clerk.chips.browser_6903b1_5.77.1-canary.v20250728193727.js.gz
- clerk-js/5.77.1-canary.v20250728193727/ui-common_clerk.chips.browser_6903b1_5.77.1-canary.v20250728193727.js.sri
- clerk-js/5.77.1-canary.v20250728193727/ui-common_clerk.chips.browser_6903b1_5.77.1-canary.v20250728193727.min.js.br
- clerk-js/5.77.1-canary.v20250728193727/ui-common_clerk.chips.browser_6903b1_5.77.1-canary.v20250728193727.min.js.gz
- clerk-js/5.77.1-canary.v20250728193727/ui-common_clerk.chips.browser_6903b1_5.77.1-canary.v20250728193727.min.js.sri
- clerk-js/5.77.1-canary.v20250728193727/ui-common_clerk.legacy.browser_378045_5.77.1-canary.v20250728193727.js.br
- clerk-js/5.77.1-canary.v20250728193727/ui-common_clerk.legacy.browser_378045_5.77.1-canary.v20250728193727.js.gz
- clerk-js/5.77.1-canary.v20250728193727/ui-common_clerk.legacy.browser_378045_5.77.1-canary.v20250728193727.js.sri
- clerk-js/5.77.1-canary.v20250728193727/ui-common_clerk.legacy.browser_378045_5.77.1-canary.v20250728193727.min.js.br
- clerk-js/5.77.1-canary.v20250728193727/ui-common_clerk.legacy.browser_378045_5.77.1-canary.v20250728193727.min.js.gz
- clerk-js/5.77.1-canary.v20250728193727/ui-common_clerk.legacy.browser_378045_5.77.1-canary.v20250728193727.min.js.sri
- clerk-js/5.77.1-canary.v20250728193727/up-api-keys-page_clerk.browser_4d86c5_5.77.1-canary.v20250728193727.js.br
- clerk-js/5.77.1-canary.v20250728193727/up-api-keys-page_clerk.browser_4d86c5_5.77.1-canary.v20250728193727.js.gz
- clerk-js/5.77.1-canary.v20250728193727/up-api-keys-page_clerk.browser_4d86c5_5.77.1-canary.v20250728193727.js.sri
- clerk-js/5.77.1-canary.v20250728193727/up-api-keys-page_clerk.browser_4d86c5_5.77.1-canary.v20250728193727.min.js.br
- clerk-js/5.77.1-canary.v20250728193727/up-api-keys-page_clerk.browser_4d86c5_5.77.1-canary.v20250728193727.min.js.gz
- clerk-js/5.77.1-canary.v20250728193727/up-api-keys-page_clerk.browser_4d86c5_5.77.1-canary.v20250728193727.min.js.sri
- clerk-js/5.77.1-canary.v20250728193727/up-api-keys-page_clerk.chips.browser_6903b1_5.77.1-canary.v20250728193727.js.br
- clerk-js/5.77.1-canary.v20250728193727/up-api-keys-page_clerk.chips.browser_6903b1_5.77.1-canary.v20250728193727.js.gz
- clerk-js/5.77.1-canary.v20250728193727/up-api-keys-page_clerk.chips.browser_6903b1_5.77.1-canary.v20250728193727.js.sri
- clerk-js/5.77.1-canary.v20250728193727/up-api-keys-page_clerk.chips.browser_6903b1_5.77.1-canary.v20250728193727.min.js.br
- clerk-js/5.77.1-canary.v20250728193727/up-api-keys-page_clerk.chips.browser_6903b1_5.77.1-canary.v20250728193727.min.js.gz
- clerk-js/5.77.1-canary.v20250728193727/up-api-keys-page_clerk.chips.browser_6903b1_5.77.1-canary.v20250728193727.min.js.sri
- clerk-js/5.77.1-canary.v20250728193727/up-api-keys-page_clerk.legacy.browser_378045_5.77.1-canary.v20250728193727.js.br
- clerk-js/5.77.1-canary.v20250728193727/up-api-keys-page_clerk.legacy.browser_378045_5.77.1-canary.v20250728193727.js.gz
- clerk-js/5.77.1-canary.v20250728193727/up-api-keys-page_clerk.legacy.browser_378045_5.77.1-canary.v20250728193727.js.sri
- clerk-js/5.77.1-canary.v20250728193727/up-api-keys-page_clerk.legacy.browser_378045_5.77.1-canary.v20250728193727.min.js.br
- clerk-js/5.77.1-canary.v20250728193727/up-api-keys-page_clerk.legacy.browser_378045_5.77.1-canary.v20250728193727.min.js.gz
- clerk-js/5.77.1-canary.v20250728193727/up-api-keys-page_clerk.legacy.browser_378045_5.77.1-canary.v20250728193727.min.js.sri
- clerk-js/5.77.1-canary.v20250728193727/up-billing-page_clerk.browser_4d86c5_5.77.1-canary.v20250728193727.js.br
- clerk-js/5.77.1-canary.v20250728193727/up-billing-page_clerk.browser_4d86c5_5.77.1-canary.v20250728193727.js.gz
- clerk-js/5.77.1-canary.v20250728193727/up-billing-page_clerk.browser_4d86c5_5.77.1-canary.v20250728193727.js.sri
- clerk-js/5.77.1-canary.v20250728193727/up-billing-page_clerk.browser_4d86c5_5.77.1-canary.v20250728193727.min.js.br
- clerk-js/5.77.1-canary.v20250728193727/up-billing-page_clerk.browser_4d86c5_5.77.1-canary.v20250728193727.min.js.gz
- clerk-js/5.77.1-canary.v20250728193727/up-billing-page_clerk.browser_4d86c5_5.77.1-canary.v20250728193727.min.js.sri
- clerk-js/5.77.1-canary.v20250728193727/up-billing-page_clerk.chips.browser_6903b1_5.77.1-canary.v20250728193727.js.br
- clerk-js/5.77.1-canary.v20250728193727/up-billing-page_clerk.chips.browser_6903b1_5.77.1-canary.v20250728193727.js.gz
- clerk-js/5.77.1-canary.v20250728193727/up-billing-page_clerk.chips.browser_6903b1_5.77.1-canary.v20250728193727.js.sri
- clerk-js/5.77.1-canary.v20250728193727/up-billing-page_clerk.chips.browser_6903b1_5.77.1-canary.v20250728193727.min.js.br
- clerk-js/5.77.1-canary.v20250728193727/up-billing-page_clerk.chips.browser_6903b1_5.77.1-canary.v20250728193727.min.js.gz
- clerk-js/5.77.1-canary.v20250728193727/up-billing-page_clerk.chips.browser_6903b1_5.77.1-canary.v20250728193727.min.js.sri
- clerk-js/5.77.1-canary.v20250728193727/up-billing-page_clerk.legacy.browser_378045_5.77.1-canary.v20250728193727.js.br
- clerk-js/5.77.1-canary.v20250728193727/up-billing-page_clerk.legacy.browser_378045_5.77.1-canary.v20250728193727.js.gz
- clerk-js/5.77.1-canary.v20250728193727/up-billing-page_clerk.legacy.browser_378045_5.77.1-canary.v20250728193727.js.sri
- clerk-js/5.77.1-canary.v20250728193727/up-billing-page_clerk.legacy.browser_378045_5.77.1-canary.v20250728193727.min.js.br
- clerk-js/5.77.1-canary.v20250728193727/up-billing-page_clerk.legacy.browser_378045_5.77.1-canary.v20250728193727.min.js.gz
- clerk-js/5.77.1-canary.v20250728193727/up-billing-page_clerk.legacy.browser_378045_5.77.1-canary.v20250728193727.min.js.sri
- clerk-js/5.77.1-canary.v20250728193727/up-plans-page_clerk.browser_4d86c5_5.77.1-canary.v20250728193727.js.br
- clerk-js/5.77.1-canary.v20250728193727/up-plans-page_clerk.browser_4d86c5_5.77.1-canary.v20250728193727.js.gz
- clerk-js/5.77.1-canary.v20250728193727/up-plans-page_clerk.browser_4d86c5_5.77.1-canary.v20250728193727.js.sri
- clerk-js/5.77.1-canary.v20250728193727/up-plans-page_clerk.browser_4d86c5_5.77.1-canary.v20250728193727.min.js.br
- clerk-js/5.77.1-canary.v20250728193727/up-plans-page_clerk.browser_4d86c5_5.77.1-canary.v20250728193727.min.js.gz
- clerk-js/5.77.1-canary.v20250728193727/up-plans-page_clerk.browser_4d86c5_5.77.1-canary.v20250728193727.min.js.sri
- clerk-js/5.77.1-canary.v20250728193727/up-plans-page_clerk.chips.browser_6903b1_5.77.1-canary.v20250728193727.js.br
- clerk-js/5.77.1-canary.v20250728193727/up-plans-page_clerk.chips.browser_6903b1_5.77.1-canary.v20250728193727.js.gz
- clerk-js/5.77.1-canary.v20250728193727/up-plans-page_clerk.chips.browser_6903b1_5.77.1-canary.v20250728193727.js.sri
- clerk-js/5.77.1-canary.v20250728193727/up-plans-page_clerk.chips.browser_6903b1_5.77.1-canary.v20250728193727.min.js.br
- clerk-js/5.77.1-canary.v20250728193727/up-plans-page_clerk.chips.browser_6903b1_5.77.1-canary.v20250728193727.min.js.gz
- clerk-js/5.77.1-canary.v20250728193727/up-plans-page_clerk.chips.browser_6903b1_5.77.1-canary.v20250728193727.min.js.sri
- clerk-js/5.77.1-canary.v20250728193727/up-plans-page_clerk.legacy.browser_378045_5.77.1-canary.v20250728193727.js.br
- clerk-js/5.77.1-canary.v20250728193727/up-plans-page_clerk.legacy.browser_378045_5.77.1-canary.v20250728193727.js.gz
- clerk-js/5.77.1-canary.v20250728193727/up-plans-page_clerk.legacy.browser_378045_5.77.1-canary.v20250728193727.js.sri
- clerk-js/5.77.1-canary.v20250728193727/up-plans-page_clerk.legacy.browser_378045_5.77.1-canary.v20250728193727.min.js.br
- clerk-js/5.77.1-canary.v20250728193727/up-plans-page_clerk.legacy.browser_378045_5.77.1-canary.v20250728193727.min.js.gz
- clerk-js/5.77.1-canary.v20250728193727/up-plans-page_clerk.legacy.browser_378045_5.77.1-canary.v20250728193727.min.js.sri
- clerk-js/5.77.1-canary.v20250728193727/userbutton_clerk.browser_4d86c5_5.77.1-canary.v20250728193727.js.br
- clerk-js/5.77.1-canary.v20250728193727/userbutton_clerk.browser_4d86c5_5.77.1-canary.v20250728193727.js.gz
- clerk-js/5.77.1-canary.v20250728193727/userbutton_clerk.browser_4d86c5_5.77.1-canary.v20250728193727.js.sri
- clerk-js/5.77.1-canary.v20250728193727/userbutton_clerk.browser_4d86c5_5.77.1-canary.v20250728193727.min.js.br
- clerk-js/5.77.1-canary.v20250728193727/userbutton_clerk.browser_4d86c5_5.77.1-canary.v20250728193727.min.js.gz
- clerk-js/5.77.1-canary.v20250728193727/userbutton_clerk.browser_4d86c5_5.77.1-canary.v20250728193727.min.js.sri
- clerk-js/5.77.1-canary.v20250728193727/userbutton_clerk.chips.browser_6903b1_5.77.1-canary.v20250728193727.js.br
- clerk-js/5.77.1-canary.v20250728193727/userbutton_clerk.chips.browser_6903b1_5.77.1-canary.v20250728193727.js.gz
- clerk-js/5.77.1-canary.v20250728193727/userbutton_clerk.chips.browser_6903b1_5.77.1-canary.v20250728193727.js.sri
- clerk-js/5.77.1-canary.v20250728193727/userbutton_clerk.chips.browser_6903b1_5.77.1-canary.v20250728193727.min.js.br
- clerk-js/5.77.1-canary.v20250728193727/userbutton_clerk.chips.browser_6903b1_5.77.1-canary.v20250728193727.min.js.gz
- clerk-js/5.77.1-canary.v20250728193727/userbutton_clerk.chips.browser_6903b1_5.77.1-canary.v20250728193727.min.js.sri
- clerk-js/5.77.1-canary.v20250728193727/userbutton_clerk.legacy.browser_378045_5.77.1-canary.v20250728193727.js.br
- clerk-js/5.77.1-canary.v20250728193727/userbutton_clerk.legacy.browser_378045_5.77.1-canary.v20250728193727.js.gz
- clerk-js/5.77.1-canary.v20250728193727/userbutton_clerk.legacy.browser_378045_5.77.1-canary.v20250728193727.js.sri
- clerk-js/5.77.1-canary.v20250728193727/userbutton_clerk.legacy.browser_378045_5.77.1-canary.v20250728193727.min.js.br
- clerk-js/5.77.1-canary.v20250728193727/userbutton_clerk.legacy.browser_378045_5.77.1-canary.v20250728193727.min.js.gz
- clerk-js/5.77.1-canary.v20250728193727/userbutton_clerk.legacy.browser_378045_5.77.1-canary.v20250728193727.min.js.sri
- clerk-js/5.77.1-canary.v20250728193727/userprofile_clerk.browser_4d86c5_5.77.1-canary.v20250728193727.js.br
- clerk-js/5.77.1-canary.v20250728193727/userprofile_clerk.browser_4d86c5_5.77.1-canary.v20250728193727.js.gz
- clerk-js/5.77.1-canary.v20250728193727/userprofile_clerk.browser_4d86c5_5.77.1-canary.v20250728193727.js.sri
- clerk-js/5.77.1-canary.v20250728193727/userprofile_clerk.browser_4d86c5_5.77.1-canary.v20250728193727.min.js.br
- clerk-js/5.77.1-canary.v20250728193727/userprofile_clerk.browser_4d86c5_5.77.1-canary.v20250728193727.min.js.gz
- clerk-js/5.77.1-canary.v20250728193727/userprofile_clerk.browser_4d86c5_5.77.1-canary.v20250728193727.min.js.sri
- clerk-js/5.77.1-canary.v20250728193727/userprofile_clerk.chips.browser_6903b1_5.77.1-canary.v20250728193727.js.br
- clerk-js/5.77.1-canary.v20250728193727/userprofile_clerk.chips.browser_6903b1_5.77.1-canary.v20250728193727.js.gz
- clerk-js/5.77.1-canary.v20250728193727/userprofile_clerk.chips.browser_6903b1_5.77.1-canary.v20250728193727.js.sri
- clerk-js/5.77.1-canary.v20250728193727/userprofile_clerk.chips.browser_6903b1_5.77.1-canary.v20250728193727.min.js.br
- clerk-js/5.77.1-canary.v20250728193727/userprofile_clerk.chips.browser_6903b1_5.77.1-canary.v20250728193727.min.js.gz
- clerk-js/5.77.1-canary.v20250728193727/userprofile_clerk.chips.browser_6903b1_5.77.1-canary.v20250728193727.min.js.sri
- clerk-js/5.77.1-canary.v20250728193727/userprofile_clerk.legacy.browser_378045_5.77.1-canary.v20250728193727.js.br
- clerk-js/5.77.1-canary.v20250728193727/userprofile_clerk.legacy.browser_378045_5.77.1-canary.v20250728193727.js.gz
- clerk-js/5.77.1-canary.v20250728193727/userprofile_clerk.legacy.browser_378045_5.77.1-canary.v20250728193727.js.sri
- clerk-js/5.77.1-canary.v20250728193727/userprofile_clerk.legacy.browser_378045_5.77.1-canary.v20250728193727.min.js.br
- clerk-js/5.77.1-canary.v20250728193727/userprofile_clerk.legacy.browser_378045_5.77.1-canary.v20250728193727.min.js.gz
- clerk-js/5.77.1-canary.v20250728193727/userprofile_clerk.legacy.browser_378045_5.77.1-canary.v20250728193727.min.js.sri
- clerk-js/5.77.1-canary.v20250728193727/userverification_clerk.browser_4d86c5_5.77.1-canary.v20250728193727.js.br
- clerk-js/5.77.1-canary.v20250728193727/userverification_clerk.browser_4d86c5_5.77.1-canary.v20250728193727.js.gz
- clerk-js/5.77.1-canary.v20250728193727/userverification_clerk.browser_4d86c5_5.77.1-canary.v20250728193727.js.sri
- clerk-js/5.77.1-canary.v20250728193727/userverification_clerk.browser_4d86c5_5.77.1-canary.v20250728193727.min.js.br
- clerk-js/5.77.1-canary.v20250728193727/userverification_clerk.browser_4d86c5_5.77.1-canary.v20250728193727.min.js.gz
- clerk-js/5.77.1-canary.v20250728193727/userverification_clerk.browser_4d86c5_5.77.1-canary.v20250728193727.min.js.sri
- clerk-js/5.77.1-canary.v20250728193727/userverification_clerk.chips.browser_6903b1_5.77.1-canary.v20250728193727.js.br
- clerk-js/5.77.1-canary.v20250728193727/userverification_clerk.chips.browser_6903b1_5.77.1-canary.v20250728193727.js.gz
- clerk-js/5.77.1-canary.v20250728193727/userverification_clerk.chips.browser_6903b1_5.77.1-canary.v20250728193727.js.sri
- clerk-js/5.77.1-canary.v20250728193727/userverification_clerk.chips.browser_6903b1_5.77.1-canary.v20250728193727.min.js.br
- clerk-js/5.77.1-canary.v20250728193727/userverification_clerk.chips.browser_6903b1_5.77.1-canary.v20250728193727.min.js.gz
- clerk-js/5.77.1-canary.v20250728193727/userverification_clerk.chips.browser_6903b1_5.77.1-canary.v20250728193727.min.js.sri
- clerk-js/5.77.1-canary.v20250728193727/userverification_clerk.legacy.browser_378045_5.77.1-canary.v20250728193727.js.br
- clerk-js/5.77.1-canary.v20250728193727/userverification_clerk.legacy.browser_378045_5.77.1-canary.v20250728193727.js.gz
- clerk-js/5.77.1-canary.v20250728193727/userverification_clerk.legacy.browser_378045_5.77.1-canary.v20250728193727.js.sri
- clerk-js/5.77.1-canary.v20250728193727/userverification_clerk.legacy.browser_378045_5.77.1-canary.v20250728193727.min.js.br
- clerk-js/5.77.1-canary.v20250728193727/userverification_clerk.legacy.browser_378045_5.77.1-canary.v20250728193727.min.js.gz
- clerk-js/5.77.1-canary.v20250728193727/userverification_clerk.legacy.browser_378045_5.77.1-canary.v20250728193727.min.js.sri
- clerk-js/5.77.1-canary.v20250728193727/vendors_clerk.browser_4d86c5_5.77.1-canary.v20250728193727.js.br
- clerk-js/5.77.1-canary.v20250728193727/vendors_clerk.browser_4d86c5_5.77.1-canary.v20250728193727.js.gz
- clerk-js/5.77.1-canary.v20250728193727/vendors_clerk.browser_4d86c5_5.77.1-canary.v20250728193727.js.sri
- clerk-js/5.77.1-canary.v20250728193727/vendors_clerk.browser_4d86c5_5.77.1-canary.v20250728193727.min.js.br
- clerk-js/5.77.1-canary.v20250728193727/vendors_clerk.browser_4d86c5_5.77.1-canary.v20250728193727.min.js.gz
- clerk-js/5.77.1-canary.v20250728193727/vendors_clerk.browser_4d86c5_5.77.1-canary.v20250728193727.min.js.sri
- clerk-js/5.77.1-canary.v20250728193727/vendors_clerk.chips.browser_6903b1_5.77.1-canary.v20250728193727.js.br
- clerk-js/5.77.1-canary.v20250728193727/vendors_clerk.chips.browser_6903b1_5.77.1-canary.v20250728193727.js.gz
- clerk-js/5.77.1-canary.v20250728193727/vendors_clerk.chips.browser_6903b1_5.77.1-canary.v20250728193727.js.sri
- clerk-js/5.77.1-canary.v20250728193727/vendors_clerk.chips.browser_6903b1_5.77.1-canary.v20250728193727.min.js.br
- clerk-js/5.77.1-canary.v20250728193727/vendors_clerk.chips.browser_6903b1_5.77.1-canary.v20250728193727.min.js.gz
- clerk-js/5.77.1-canary.v20250728193727/vendors_clerk.chips.browser_6903b1_5.77.1-canary.v20250728193727.min.js.sri
- clerk-js/5.77.1-canary.v20250728193727/vendors_clerk.headless.browser_7654fc_5.77.1-canary.v20250728193727.js.br
- clerk-js/5.77.1-canary.v20250728193727/vendors_clerk.headless.browser_7654fc_5.77.1-canary.v20250728193727.js.gz
- clerk-js/5.77.1-canary.v20250728193727/vendors_clerk.headless.browser_7654fc_5.77.1-canary.v20250728193727.js.sri
- clerk-js/5.77.1-canary.v20250728193727/vendors_clerk.headless.browser_7654fc_5.77.1-canary.v20250728193727.min.js.br
- clerk-js/5.77.1-canary.v20250728193727/vendors_clerk.headless.browser_7654fc_5.77.1-canary.v20250728193727.min.js.gz
- clerk-js/5.77.1-canary.v20250728193727/vendors_clerk.headless.browser_7654fc_5.77.1-canary.v20250728193727.min.js.sri
- clerk-js/5.77.1-canary.v20250728193727/vendors_clerk.legacy.browser_378045_5.77.1-canary.v20250728193727.js.br
- clerk-js/5.77.1-canary.v20250728193727/vendors_clerk.legacy.browser_378045_5.77.1-canary.v20250728193727.js.gz
- clerk-js/5.77.1-canary.v20250728193727/vendors_clerk.legacy.browser_378045_5.77.1-canary.v20250728193727.js.sri
- clerk-js/5.77.1-canary.v20250728193727/vendors_clerk.legacy.browser_378045_5.77.1-canary.v20250728193727.min.js.br
- clerk-js/5.77.1-canary.v20250728193727/vendors_clerk.legacy.browser_378045_5.77.1-canary.v20250728193727.min.js.gz
- clerk-js/5.77.1-canary.v20250728193727/vendors_clerk.legacy.browser_378045_5.77.1-canary.v20250728193727.min.js.sri
- clerk-js/5.77.1-canary.v20250728193727/waitlist_clerk.browser_4d86c5_5.77.1-canary.v20250728193727.js.br
- clerk-js/5.77.1-canary.v20250728193727/waitlist_clerk.browser_4d86c5_5.77.1-canary.v20250728193727.js.gz
- clerk-js/5.77.1-canary.v20250728193727/waitlist_clerk.browser_4d86c5_5.77.1-canary.v20250728193727.js.sri
- clerk-js/5.77.1-canary.v20250728193727/waitlist_clerk.browser_4d86c5_5.77.1-canary.v20250728193727.min.js.br
- clerk-js/5.77.1-canary.v20250728193727/waitlist_clerk.browser_4d86c5_5.77.1-canary.v20250728193727.min.js.gz
- clerk-js/5.77.1-canary.v20250728193727/waitlist_clerk.browser_4d86c5_5.77.1-canary.v20250728193727.min.js.sri
- clerk-js/5.77.1-canary.v20250728193727/waitlist_clerk.chips.browser_6903b1_5.77.1-canary.v20250728193727.js.br
- clerk-js/5.77.1-canary.v20250728193727/waitlist_clerk.chips.browser_6903b1_5.77.1-canary.v20250728193727.js.gz
- clerk-js/5.77.1-canary.v20250728193727/waitlist_clerk.chips.browser_6903b1_5.77.1-canary.v20250728193727.js.sri
- clerk-js/5.77.1-canary.v20250728193727/waitlist_clerk.chips.browser_6903b1_5.77.1-canary.v20250728193727.min.js.br
- clerk-js/5.77.1-canary.v20250728193727/waitlist_clerk.chips.browser_6903b1_5.77.1-canary.v20250728193727.min.js.gz
- clerk-js/5.77.1-canary.v20250728193727/waitlist_clerk.chips.browser_6903b1_5.77.1-canary.v20250728193727.min.js.sri
- clerk-js/5.77.1-canary.v20250728193727/waitlist_clerk.legacy.browser_378045_5.77.1-canary.v20250728193727.js.br
- clerk-js/5.77.1-canary.v20250728193727/waitlist_clerk.legacy.browser_378045_5.77.1-canary.v20250728193727.js.gz
- clerk-js/5.77.1-canary.v20250728193727/waitlist_clerk.legacy.browser_378045_5.77.1-canary.v20250728193727.js.sri
- clerk-js/5.77.1-canary.v20250728193727/waitlist_clerk.legacy.browser_378045_5.77.1-canary.v20250728193727.min.js.br
- clerk-js/5.77.1-canary.v20250728193727/waitlist_clerk.legacy.browser_378045_5.77.1-canary.v20250728193727.min.js.gz
- clerk-js/5.77.1-canary.v20250728193727/waitlist_clerk.legacy.browser_378045_5.77.1-canary.v20250728193727.min.js.sri
- clerk-js/5.77.1-canary.v20250728193727/zxcvbn-common_clerk.browser_4d86c5_5.77.1-canary.v20250728193727.js.br
- clerk-js/5.77.1-canary.v20250728193727/zxcvbn-common_clerk.browser_4d86c5_5.77.1-canary.v20250728193727.js.gz
- clerk-js/5.77.1-canary.v20250728193727/zxcvbn-common_clerk.browser_4d86c5_5.77.1-canary.v20250728193727.js.sri
- clerk-js/5.77.1-canary.v20250728193727/zxcvbn-common_clerk.browser_4d86c5_5.77.1-canary.v20250728193727.min.js.br
- clerk-js/5.77.1-canary.v20250728193727/zxcvbn-common_clerk.browser_4d86c5_5.77.1-canary.v20250728193727.min.js.gz
- clerk-js/5.77.1-canary.v20250728193727/zxcvbn-common_clerk.browser_4d86c5_5.77.1-canary.v20250728193727.min.js.sri
- clerk-js/5.77.1-canary.v20250728193727/zxcvbn-common_clerk.chips.browser_6903b1_5.77.1-canary.v20250728193727.js.br
- clerk-js/5.77.1-canary.v20250728193727/zxcvbn-common_clerk.chips.browser_6903b1_5.77.1-canary.v20250728193727.js.gz
- clerk-js/5.77.1-canary.v20250728193727/zxcvbn-common_clerk.chips.browser_6903b1_5.77.1-canary.v20250728193727.js.sri
- clerk-js/5.77.1-canary.v20250728193727/zxcvbn-common_clerk.chips.browser_6903b1_5.77.1-canary.v20250728193727.min.js.br
- clerk-js/5.77.1-canary.v20250728193727/zxcvbn-common_clerk.chips.browser_6903b1_5.77.1-canary.v20250728193727.min.js.gz
- clerk-js/5.77.1-canary.v20250728193727/zxcvbn-common_clerk.chips.browser_6903b1_5.77.1-canary.v20250728193727.min.js.sri
- clerk-js/5.77.1-canary.v20250728193727/zxcvbn-common_clerk.headless.browser_7654fc_5.77.1-canary.v20250728193727.js.br
- clerk-js/5.77.1-canary.v20250728193727/zxcvbn-common_clerk.headless.browser_7654fc_5.77.1-canary.v20250728193727.js.gz
- clerk-js/5.77.1-canary.v20250728193727/zxcvbn-common_clerk.headless.browser_7654fc_5.77.1-canary.v20250728193727.js.sri
- clerk-js/5.77.1-canary.v20250728193727/zxcvbn-common_clerk.headless.browser_7654fc_5.77.1-canary.v20250728193727.min.js.br
- clerk-js/5.77.1-canary.v20250728193727/zxcvbn-common_clerk.headless.browser_7654fc_5.77.1-canary.v20250728193727.min.js.gz
- clerk-js/5.77.1-canary.v20250728193727/zxcvbn-common_clerk.headless.browser_7654fc_5.77.1-canary.v20250728193727.min.js.sri
- clerk-js/5.77.1-canary.v20250728193727/zxcvbn-common_clerk.legacy.browser_378045_5.77.1-canary.v20250728193727.js.br
- clerk-js/5.77.1-canary.v20250728193727/zxcvbn-common_clerk.legacy.browser_378045_5.77.1-canary.v20250728193727.js.gz
- clerk-js/5.77.1-canary.v20250728193727/zxcvbn-common_clerk.legacy.browser_378045_5.77.1-canary.v20250728193727.js.sri
- clerk-js/5.77.1-canary.v20250728193727/zxcvbn-common_clerk.legacy.browser_378045_5.77.1-canary.v20250728193727.min.js.br
- clerk-js/5.77.1-canary.v20250728193727/zxcvbn-common_clerk.legacy.browser_378045_5.77.1-canary.v20250728193727.min.js.gz
- clerk-js/5.77.1-canary.v20250728193727/zxcvbn-common_clerk.legacy.browser_378045_5.77.1-canary.v20250728193727.min.js.sri
- clerk-js/5.77.1-canary.v20250728193727/zxcvbn-ts-core_clerk.browser_4d86c5_5.77.1-canary.v20250728193727.js.br
- clerk-js/5.77.1-canary.v20250728193727/zxcvbn-ts-core_clerk.browser_4d86c5_5.77.1-canary.v20250728193727.js.gz
- clerk-js/5.77.1-canary.v20250728193727/zxcvbn-ts-core_clerk.browser_4d86c5_5.77.1-canary.v20250728193727.js.sri
- clerk-js/5.77.1-canary.v20250728193727/zxcvbn-ts-core_clerk.browser_4d86c5_5.77.1-canary.v20250728193727.min.js.br
- clerk-js/5.77.1-canary.v20250728193727/zxcvbn-ts-core_clerk.browser_4d86c5_5.77.1-canary.v20250728193727.min.js.gz
- clerk-js/5.77.1-canary.v20250728193727/zxcvbn-ts-core_clerk.browser_4d86c5_5.77.1-canary.v20250728193727.min.js.sri
- clerk-js/5.77.1-canary.v20250728193727/zxcvbn-ts-core_clerk.chips.browser_6903b1_5.77.1-canary.v20250728193727.js.br
- clerk-js/5.77.1-canary.v20250728193727/zxcvbn-ts-core_clerk.chips.browser_6903b1_5.77.1-canary.v20250728193727.js.gz
- clerk-js/5.77.1-canary.v20250728193727/zxcvbn-ts-core_clerk.chips.browser_6903b1_5.77.1-canary.v20250728193727.js.sri
- clerk-js/5.77.1-canary.v20250728193727/zxcvbn-ts-core_clerk.chips.browser_6903b1_5.77.1-canary.v20250728193727.min.js.br
- clerk-js/5.77.1-canary.v20250728193727/zxcvbn-ts-core_clerk.chips.browser_6903b1_5.77.1-canary.v20250728193727.min.js.gz
- clerk-js/5.77.1-canary.v20250728193727/zxcvbn-ts-core_clerk.chips.browser_6903b1_5.77.1-canary.v20250728193727.min.js.sri
- clerk-js/5.77.1-canary.v20250728193727/zxcvbn-ts-core_clerk.headless.browser_7654fc_5.77.1-canary.v20250728193727.js.br
- clerk-js/5.77.1-canary.v20250728193727/zxcvbn-ts-core_clerk.headless.browser_7654fc_5.77.1-canary.v20250728193727.js.gz
- clerk-js/5.77.1-canary.v20250728193727/zxcvbn-ts-core_clerk.headless.browser_7654fc_5.77.1-canary.v20250728193727.js.sri
- clerk-js/5.77.1-canary.v20250728193727/zxcvbn-ts-core_clerk.headless.browser_7654fc_5.77.1-canary.v20250728193727.min.js.br
- clerk-js/5.77.1-canary.v20250728193727/zxcvbn-ts-core_clerk.headless.browser_7654fc_5.77.1-canary.v20250728193727.min.js.gz
- clerk-js/5.77.1-canary.v20250728193727/zxcvbn-ts-core_clerk.headless.browser_7654fc_5.77.1-canary.v20250728193727.min.js.sri
- clerk-js/5.77.1-canary.v20250728193727/zxcvbn-ts-core_clerk.legacy.browser_378045_5.77.1-canary.v20250728193727.js.br
- clerk-js/5.77.1-canary.v20250728193727/zxcvbn-ts-core_clerk.legacy.browser_378045_5.77.1-canary.v20250728193727.js.gz
- clerk-js/5.77.1-canary.v20250728193727/zxcvbn-ts-core_clerk.legacy.browser_378045_5.77.1-canary.v20250728193727.js.sri
- clerk-js/5.77.1-canary.v20250728193727/zxcvbn-ts-core_clerk.legacy.browser_378045_5.77.1-canary.v20250728193727.min.js.br
- clerk-js/5.77.1-canary.v20250728193727/zxcvbn-ts-core_clerk.legacy.browser_378045_5.77.1-canary.v20250728193727.min.js.gz
- clerk-js/5.77.1-canary.v20250728193727/zxcvbn-ts-core_clerk.legacy.browser_378045_5.77.1-canary.v20250728193727.min.js.sri
