2025/06/27 12:02:16 optimizing files (Js true, Css true, Png true, Jpg true)
2025/06/27 12:02:16 compress: run /node_modules/uglify-js/bin/uglifyjs (3.15.4) [--mangle --compress if_return=true -o /tmp/work/dist/377_clerk.headless_2551b6_5.62.2-canary.v20250424160306.min.js /tmp/work/dist/377_clerk.headless_2551b6_5.62.2-canary.v20250424160306.js]
2025/06/27 12:02:16 compress: run /node_modules/uglify-js/bin/uglifyjs (3.15.4) [--mangle --compress if_return=true -o /tmp/work/dist/192_clerk.legacy.browser_339638_5.62.2-canary.v20250424160306.min.js /tmp/work/dist/192_clerk.legacy.browser_339638_5.62.2-canary.v20250424160306.js]
2025/06/27 12:02:16 compress: run /node_modules/uglify-js/bin/uglifyjs (3.15.4) [--mangle --compress if_return=true -o /tmp/work/dist/965_clerk.headless_2551b6_5.62.2-canary.v20250424160306.min.js /tmp/work/dist/965_clerk.headless_2551b6_5.62.2-canary.v20250424160306.js]
2025/06/27 12:02:16 compress: run /node_modules/uglify-js/bin/uglifyjs (3.15.4) [--mangle --compress if_return=true -o /tmp/work/dist/527_clerk.browser_df51fe_5.62.2-canary.v20250424160306.min.js /tmp/work/dist/527_clerk.browser_df51fe_5.62.2-canary.v20250424160306.js]
2025/06/27 12:02:16 compress: run /node_modules/uglify-js/bin/uglifyjs (3.15.4) [--mangle --compress if_return=true -o /tmp/work/dist/890_clerk.headless_2551b6_5.62.2-canary.v20250424160306.min.js /tmp/work/dist/890_clerk.headless_2551b6_5.62.2-canary.v20250424160306.js]
2025/06/27 12:02:16 compress: run /node_modules/uglify-js/bin/uglifyjs (3.15.4) [--mangle --compress if_return=true -o /tmp/work/dist/527_clerk.legacy.browser_339638_5.62.2-canary.v20250424160306.min.js /tmp/work/dist/527_clerk.legacy.browser_339638_5.62.2-canary.v20250424160306.js]
2025/06/27 12:02:16 compress: run /node_modules/uglify-js/bin/uglifyjs (3.15.4) [--mangle --compress if_return=true -o /tmp/work/dist/blankcaptcha_clerk.browser_df51fe_5.62.2-canary.v20250424160306.min.js /tmp/work/dist/blankcaptcha_clerk.browser_df51fe_5.62.2-canary.v20250424160306.js]
2025/06/27 12:02:16 compress: run /node_modules/uglify-js/bin/uglifyjs (3.15.4) [--mangle --compress if_return=true -o /tmp/work/dist/192_clerk.browser_df51fe_5.62.2-canary.v20250424160306.min.js /tmp/work/dist/192_clerk.browser_df51fe_5.62.2-canary.v20250424160306.js]
2025/06/27 12:02:17 sri /tmp/work/dist/blankcaptcha_clerk.browser_df51fe_5.62.2-canary.v20250424160306.min.js -> /output/blankcaptcha_clerk.browser_df51fe_5.62.2-canary.v20250424160306.min.js.sri
2025/06/27 12:02:17 algorithm: run /usr/bin/brotli --quality=11 --output=/output/blankcaptcha_clerk.browser_df51fe_5.62.2-canary.v20250424160306.min.js.br /tmp/work/dist/blankcaptcha_clerk.browser_df51fe_5.62.2-canary.v20250424160306.min.js
2025/06/27 12:02:17 br /tmp/work/dist/blankcaptcha_clerk.browser_df51fe_5.62.2-canary.v20250424160306.min.js -> /output/blankcaptcha_clerk.browser_df51fe_5.62.2-canary.v20250424160306.min.js.br
2025/06/27 12:02:17 gz /tmp/work/dist/blankcaptcha_clerk.browser_df51fe_5.62.2-canary.v20250424160306.min.js -> /output/blankcaptcha_clerk.browser_df51fe_5.62.2-canary.v20250424160306.min.js.gz
2025/06/27 12:02:17 sri /tmp/work/dist/blankcaptcha_clerk.browser_df51fe_5.62.2-canary.v20250424160306.js -> /output/blankcaptcha_clerk.browser_df51fe_5.62.2-canary.v20250424160306.js.sri
2025/06/27 12:02:17 algorithm: run /usr/bin/brotli --quality=11 --output=/output/blankcaptcha_clerk.browser_df51fe_5.62.2-canary.v20250424160306.js.br /tmp/work/dist/blankcaptcha_clerk.browser_df51fe_5.62.2-canary.v20250424160306.js
2025/06/27 12:02:17 br /tmp/work/dist/blankcaptcha_clerk.browser_df51fe_5.62.2-canary.v20250424160306.js -> /output/blankcaptcha_clerk.browser_df51fe_5.62.2-canary.v20250424160306.js.br
2025/06/27 12:02:17 gz /tmp/work/dist/blankcaptcha_clerk.browser_df51fe_5.62.2-canary.v20250424160306.js -> /output/blankcaptcha_clerk.browser_df51fe_5.62.2-canary.v20250424160306.js.gz
2025/06/27 12:02:17 compress: run /node_modules/uglify-js/bin/uglifyjs (3.15.4) [--mangle --compress if_return=true -o /tmp/work/dist/blankcaptcha_clerk.legacy.browser_339638_5.62.2-canary.v20250424160306.min.js /tmp/work/dist/blankcaptcha_clerk.legacy.browser_339638_5.62.2-canary.v20250424160306.js]
2025/06/27 12:02:17 sri /tmp/work/dist/blankcaptcha_clerk.legacy.browser_339638_5.62.2-canary.v20250424160306.min.js -> /output/blankcaptcha_clerk.legacy.browser_339638_5.62.2-canary.v20250424160306.min.js.sri
2025/06/27 12:02:17 algorithm: run /usr/bin/brotli --quality=11 --output=/output/blankcaptcha_clerk.legacy.browser_339638_5.62.2-canary.v20250424160306.min.js.br /tmp/work/dist/blankcaptcha_clerk.legacy.browser_339638_5.62.2-canary.v20250424160306.min.js
2025/06/27 12:02:17 br /tmp/work/dist/blankcaptcha_clerk.legacy.browser_339638_5.62.2-canary.v20250424160306.min.js -> /output/blankcaptcha_clerk.legacy.browser_339638_5.62.2-canary.v20250424160306.min.js.br
2025/06/27 12:02:17 gz /tmp/work/dist/blankcaptcha_clerk.legacy.browser_339638_5.62.2-canary.v20250424160306.min.js -> /output/blankcaptcha_clerk.legacy.browser_339638_5.62.2-canary.v20250424160306.min.js.gz
2025/06/27 12:02:17 sri /tmp/work/dist/blankcaptcha_clerk.legacy.browser_339638_5.62.2-canary.v20250424160306.js -> /output/blankcaptcha_clerk.legacy.browser_339638_5.62.2-canary.v20250424160306.js.sri
2025/06/27 12:02:17 algorithm: run /usr/bin/brotli --quality=11 --output=/output/blankcaptcha_clerk.legacy.browser_339638_5.62.2-canary.v20250424160306.js.br /tmp/work/dist/blankcaptcha_clerk.legacy.browser_339638_5.62.2-canary.v20250424160306.js
2025/06/27 12:02:17 br /tmp/work/dist/blankcaptcha_clerk.legacy.browser_339638_5.62.2-canary.v20250424160306.js -> /output/blankcaptcha_clerk.legacy.browser_339638_5.62.2-canary.v20250424160306.js.br
2025/06/27 12:02:17 gz /tmp/work/dist/blankcaptcha_clerk.legacy.browser_339638_5.62.2-canary.v20250424160306.js -> /output/blankcaptcha_clerk.legacy.browser_339638_5.62.2-canary.v20250424160306.js.gz
2025/06/27 12:02:17 compress: run /node_modules/uglify-js/bin/uglifyjs (3.15.4) [--mangle --compress if_return=true -o /tmp/work/dist/checkout_clerk.browser_df51fe_5.62.2-canary.v20250424160306.min.js /tmp/work/dist/checkout_clerk.browser_df51fe_5.62.2-canary.v20250424160306.js]
2025/06/27 12:02:17 sri /tmp/work/dist/192_clerk.browser_df51fe_5.62.2-canary.v20250424160306.min.js -> /output/192_clerk.browser_df51fe_5.62.2-canary.v20250424160306.min.js.sri
2025/06/27 12:02:17 algorithm: run /usr/bin/brotli --quality=11 --output=/output/192_clerk.browser_df51fe_5.62.2-canary.v20250424160306.min.js.br /tmp/work/dist/192_clerk.browser_df51fe_5.62.2-canary.v20250424160306.min.js
2025/06/27 12:02:17 sri /tmp/work/dist/192_clerk.legacy.browser_339638_5.62.2-canary.v20250424160306.min.js -> /output/192_clerk.legacy.browser_339638_5.62.2-canary.v20250424160306.min.js.sri
2025/06/27 12:02:17 algorithm: run /usr/bin/brotli --quality=11 --output=/output/192_clerk.legacy.browser_339638_5.62.2-canary.v20250424160306.min.js.br /tmp/work/dist/192_clerk.legacy.browser_339638_5.62.2-canary.v20250424160306.min.js
2025/06/27 12:02:17 br /tmp/work/dist/192_clerk.browser_df51fe_5.62.2-canary.v20250424160306.min.js -> /output/192_clerk.browser_df51fe_5.62.2-canary.v20250424160306.min.js.br
2025/06/27 12:02:17 gz /tmp/work/dist/192_clerk.browser_df51fe_5.62.2-canary.v20250424160306.min.js -> /output/192_clerk.browser_df51fe_5.62.2-canary.v20250424160306.min.js.gz
2025/06/27 12:02:17 sri /tmp/work/dist/192_clerk.browser_df51fe_5.62.2-canary.v20250424160306.js -> /output/192_clerk.browser_df51fe_5.62.2-canary.v20250424160306.js.sri
2025/06/27 12:02:17 algorithm: run /usr/bin/brotli --quality=11 --output=/output/192_clerk.browser_df51fe_5.62.2-canary.v20250424160306.js.br /tmp/work/dist/192_clerk.browser_df51fe_5.62.2-canary.v20250424160306.js
2025/06/27 12:02:17 sri /tmp/work/dist/527_clerk.browser_df51fe_5.62.2-canary.v20250424160306.min.js -> /output/527_clerk.browser_df51fe_5.62.2-canary.v20250424160306.min.js.sri
2025/06/27 12:02:17 algorithm: run /usr/bin/brotli --quality=11 --output=/output/527_clerk.browser_df51fe_5.62.2-canary.v20250424160306.min.js.br /tmp/work/dist/527_clerk.browser_df51fe_5.62.2-canary.v20250424160306.min.js
2025/06/27 12:02:17 br /tmp/work/dist/192_clerk.legacy.browser_339638_5.62.2-canary.v20250424160306.min.js -> /output/192_clerk.legacy.browser_339638_5.62.2-canary.v20250424160306.min.js.br
2025/06/27 12:02:17 gz /tmp/work/dist/192_clerk.legacy.browser_339638_5.62.2-canary.v20250424160306.min.js -> /output/192_clerk.legacy.browser_339638_5.62.2-canary.v20250424160306.min.js.gz
2025/06/27 12:02:17 sri /tmp/work/dist/192_clerk.legacy.browser_339638_5.62.2-canary.v20250424160306.js -> /output/192_clerk.legacy.browser_339638_5.62.2-canary.v20250424160306.js.sri
2025/06/27 12:02:17 algorithm: run /usr/bin/brotli --quality=11 --output=/output/192_clerk.legacy.browser_339638_5.62.2-canary.v20250424160306.js.br /tmp/work/dist/192_clerk.legacy.browser_339638_5.62.2-canary.v20250424160306.js
2025/06/27 12:02:17 sri /tmp/work/dist/527_clerk.legacy.browser_339638_5.62.2-canary.v20250424160306.min.js -> /output/527_clerk.legacy.browser_339638_5.62.2-canary.v20250424160306.min.js.sri
2025/06/27 12:02:17 algorithm: run /usr/bin/brotli --quality=11 --output=/output/527_clerk.legacy.browser_339638_5.62.2-canary.v20250424160306.min.js.br /tmp/work/dist/527_clerk.legacy.browser_339638_5.62.2-canary.v20250424160306.min.js
2025/06/27 12:02:17 br /tmp/work/dist/192_clerk.browser_df51fe_5.62.2-canary.v20250424160306.js -> /output/192_clerk.browser_df51fe_5.62.2-canary.v20250424160306.js.br
2025/06/27 12:02:17 gz /tmp/work/dist/192_clerk.browser_df51fe_5.62.2-canary.v20250424160306.js -> /output/192_clerk.browser_df51fe_5.62.2-canary.v20250424160306.js.gz
2025/06/27 12:02:17 compress: run /node_modules/uglify-js/bin/uglifyjs (3.15.4) [--mangle --compress if_return=true -o /tmp/work/dist/checkout_clerk.legacy.browser_339638_5.62.2-canary.v20250424160306.min.js /tmp/work/dist/checkout_clerk.legacy.browser_339638_5.62.2-canary.v20250424160306.js]
2025/06/27 12:02:17 br /tmp/work/dist/192_clerk.legacy.browser_339638_5.62.2-canary.v20250424160306.js -> /output/192_clerk.legacy.browser_339638_5.62.2-canary.v20250424160306.js.br
2025/06/27 12:02:17 gz /tmp/work/dist/192_clerk.legacy.browser_339638_5.62.2-canary.v20250424160306.js -> /output/192_clerk.legacy.browser_339638_5.62.2-canary.v20250424160306.js.gz
2025/06/27 12:02:17 compress: run /node_modules/uglify-js/bin/uglifyjs (3.15.4) [--mangle --compress if_return=true -o /tmp/work/dist/clerk.browser.min.js /tmp/work/dist/clerk.browser.js]
2025/06/27 12:02:17 br /tmp/work/dist/527_clerk.browser_df51fe_5.62.2-canary.v20250424160306.min.js -> /output/527_clerk.browser_df51fe_5.62.2-canary.v20250424160306.min.js.br
2025/06/27 12:02:17 gz /tmp/work/dist/527_clerk.browser_df51fe_5.62.2-canary.v20250424160306.min.js -> /output/527_clerk.browser_df51fe_5.62.2-canary.v20250424160306.min.js.gz
2025/06/27 12:02:17 sri /tmp/work/dist/527_clerk.browser_df51fe_5.62.2-canary.v20250424160306.js -> /output/527_clerk.browser_df51fe_5.62.2-canary.v20250424160306.js.sri
2025/06/27 12:02:17 algorithm: run /usr/bin/brotli --quality=11 --output=/output/527_clerk.browser_df51fe_5.62.2-canary.v20250424160306.js.br /tmp/work/dist/527_clerk.browser_df51fe_5.62.2-canary.v20250424160306.js
2025/06/27 12:02:17 br /tmp/work/dist/527_clerk.legacy.browser_339638_5.62.2-canary.v20250424160306.min.js -> /output/527_clerk.legacy.browser_339638_5.62.2-canary.v20250424160306.min.js.br
2025/06/27 12:02:17 gz /tmp/work/dist/527_clerk.legacy.browser_339638_5.62.2-canary.v20250424160306.min.js -> /output/527_clerk.legacy.browser_339638_5.62.2-canary.v20250424160306.min.js.gz
2025/06/27 12:02:17 sri /tmp/work/dist/527_clerk.legacy.browser_339638_5.62.2-canary.v20250424160306.js -> /output/527_clerk.legacy.browser_339638_5.62.2-canary.v20250424160306.js.sri
2025/06/27 12:02:17 algorithm: run /usr/bin/brotli --quality=11 --output=/output/527_clerk.legacy.browser_339638_5.62.2-canary.v20250424160306.js.br /tmp/work/dist/527_clerk.legacy.browser_339638_5.62.2-canary.v20250424160306.js
2025/06/27 12:02:17 br /tmp/work/dist/527_clerk.browser_df51fe_5.62.2-canary.v20250424160306.js -> /output/527_clerk.browser_df51fe_5.62.2-canary.v20250424160306.js.br
2025/06/27 12:02:17 gz /tmp/work/dist/527_clerk.browser_df51fe_5.62.2-canary.v20250424160306.js -> /output/527_clerk.browser_df51fe_5.62.2-canary.v20250424160306.js.gz
2025/06/27 12:02:17 compress: run /node_modules/uglify-js/bin/uglifyjs (3.15.4) [--mangle --compress if_return=true -o /tmp/work/dist/clerk.headless.browser.min.js /tmp/work/dist/clerk.headless.browser.js]
2025/06/27 12:02:17 br /tmp/work/dist/527_clerk.legacy.browser_339638_5.62.2-canary.v20250424160306.js -> /output/527_clerk.legacy.browser_339638_5.62.2-canary.v20250424160306.js.br
2025/06/27 12:02:17 gz /tmp/work/dist/527_clerk.legacy.browser_339638_5.62.2-canary.v20250424160306.js -> /output/527_clerk.legacy.browser_339638_5.62.2-canary.v20250424160306.js.gz
2025/06/27 12:02:17 compress: run /node_modules/uglify-js/bin/uglifyjs (3.15.4) [--mangle --compress if_return=true -o /tmp/work/dist/clerk.headless.min.js /tmp/work/dist/clerk.headless.js]
2025/06/27 12:02:17 sri /tmp/work/dist/377_clerk.headless_2551b6_5.62.2-canary.v20250424160306.min.js -> /output/377_clerk.headless_2551b6_5.62.2-canary.v20250424160306.min.js.sri
2025/06/27 12:02:17 algorithm: run /usr/bin/brotli --quality=11 --output=/output/377_clerk.headless_2551b6_5.62.2-canary.v20250424160306.min.js.br /tmp/work/dist/377_clerk.headless_2551b6_5.62.2-canary.v20250424160306.min.js
2025/06/27 12:02:18 sri /tmp/work/dist/checkout_clerk.browser_df51fe_5.62.2-canary.v20250424160306.min.js -> /output/checkout_clerk.browser_df51fe_5.62.2-canary.v20250424160306.min.js.sri
2025/06/27 12:02:18 algorithm: run /usr/bin/brotli --quality=11 --output=/output/checkout_clerk.browser_df51fe_5.62.2-canary.v20250424160306.min.js.br /tmp/work/dist/checkout_clerk.browser_df51fe_5.62.2-canary.v20250424160306.min.js
2025/06/27 12:02:18 br /tmp/work/dist/checkout_clerk.browser_df51fe_5.62.2-canary.v20250424160306.min.js -> /output/checkout_clerk.browser_df51fe_5.62.2-canary.v20250424160306.min.js.br
2025/06/27 12:02:18 gz /tmp/work/dist/checkout_clerk.browser_df51fe_5.62.2-canary.v20250424160306.min.js -> /output/checkout_clerk.browser_df51fe_5.62.2-canary.v20250424160306.min.js.gz
2025/06/27 12:02:18 sri /tmp/work/dist/checkout_clerk.browser_df51fe_5.62.2-canary.v20250424160306.js -> /output/checkout_clerk.browser_df51fe_5.62.2-canary.v20250424160306.js.sri
2025/06/27 12:02:18 algorithm: run /usr/bin/brotli --quality=11 --output=/output/checkout_clerk.browser_df51fe_5.62.2-canary.v20250424160306.js.br /tmp/work/dist/checkout_clerk.browser_df51fe_5.62.2-canary.v20250424160306.js
2025/06/27 12:02:18 sri /tmp/work/dist/890_clerk.headless_2551b6_5.62.2-canary.v20250424160306.min.js -> /output/890_clerk.headless_2551b6_5.62.2-canary.v20250424160306.min.js.sri
2025/06/27 12:02:18 algorithm: run /usr/bin/brotli --quality=11 --output=/output/890_clerk.headless_2551b6_5.62.2-canary.v20250424160306.min.js.br /tmp/work/dist/890_clerk.headless_2551b6_5.62.2-canary.v20250424160306.min.js
2025/06/27 12:02:18 br /tmp/work/dist/checkout_clerk.browser_df51fe_5.62.2-canary.v20250424160306.js -> /output/checkout_clerk.browser_df51fe_5.62.2-canary.v20250424160306.js.br
2025/06/27 12:02:18 gz /tmp/work/dist/checkout_clerk.browser_df51fe_5.62.2-canary.v20250424160306.js -> /output/checkout_clerk.browser_df51fe_5.62.2-canary.v20250424160306.js.gz
2025/06/27 12:02:18 compress: run /node_modules/uglify-js/bin/uglifyjs (3.15.4) [--mangle --compress if_return=true -o /tmp/work/dist/clerk.min.js /tmp/work/dist/clerk.js]
2025/06/27 12:02:18 br /tmp/work/dist/890_clerk.headless_2551b6_5.62.2-canary.v20250424160306.min.js -> /output/890_clerk.headless_2551b6_5.62.2-canary.v20250424160306.min.js.br
2025/06/27 12:02:18 gz /tmp/work/dist/890_clerk.headless_2551b6_5.62.2-canary.v20250424160306.min.js -> /output/890_clerk.headless_2551b6_5.62.2-canary.v20250424160306.min.js.gz
2025/06/27 12:02:18 sri /tmp/work/dist/890_clerk.headless_2551b6_5.62.2-canary.v20250424160306.js -> /output/890_clerk.headless_2551b6_5.62.2-canary.v20250424160306.js.sri
2025/06/27 12:02:18 algorithm: run /usr/bin/brotli --quality=11 --output=/output/890_clerk.headless_2551b6_5.62.2-canary.v20250424160306.js.br /tmp/work/dist/890_clerk.headless_2551b6_5.62.2-canary.v20250424160306.js
2025/06/27 12:02:18 sri /tmp/work/dist/checkout_clerk.legacy.browser_339638_5.62.2-canary.v20250424160306.min.js -> /output/checkout_clerk.legacy.browser_339638_5.62.2-canary.v20250424160306.min.js.sri
2025/06/27 12:02:18 algorithm: run /usr/bin/brotli --quality=11 --output=/output/checkout_clerk.legacy.browser_339638_5.62.2-canary.v20250424160306.min.js.br /tmp/work/dist/checkout_clerk.legacy.browser_339638_5.62.2-canary.v20250424160306.min.js
2025/06/27 12:02:18 br /tmp/work/dist/checkout_clerk.legacy.browser_339638_5.62.2-canary.v20250424160306.min.js -> /output/checkout_clerk.legacy.browser_339638_5.62.2-canary.v20250424160306.min.js.br
2025/06/27 12:02:18 gz /tmp/work/dist/checkout_clerk.legacy.browser_339638_5.62.2-canary.v20250424160306.min.js -> /output/checkout_clerk.legacy.browser_339638_5.62.2-canary.v20250424160306.min.js.gz
2025/06/27 12:02:18 sri /tmp/work/dist/checkout_clerk.legacy.browser_339638_5.62.2-canary.v20250424160306.js -> /output/checkout_clerk.legacy.browser_339638_5.62.2-canary.v20250424160306.js.sri
2025/06/27 12:02:18 algorithm: run /usr/bin/brotli --quality=11 --output=/output/checkout_clerk.legacy.browser_339638_5.62.2-canary.v20250424160306.js.br /tmp/work/dist/checkout_clerk.legacy.browser_339638_5.62.2-canary.v20250424160306.js
2025/06/27 12:02:18 br /tmp/work/dist/checkout_clerk.legacy.browser_339638_5.62.2-canary.v20250424160306.js -> /output/checkout_clerk.legacy.browser_339638_5.62.2-canary.v20250424160306.js.br
2025/06/27 12:02:18 gz /tmp/work/dist/checkout_clerk.legacy.browser_339638_5.62.2-canary.v20250424160306.js -> /output/checkout_clerk.legacy.browser_339638_5.62.2-canary.v20250424160306.js.gz
2025/06/27 12:02:18 compress: run /node_modules/uglify-js/bin/uglifyjs (3.15.4) [--mangle --compress if_return=true -o /tmp/work/dist/clerk.legacy.browser.min.js /tmp/work/dist/clerk.legacy.browser.js]
2025/06/27 12:02:18 br /tmp/work/dist/890_clerk.headless_2551b6_5.62.2-canary.v20250424160306.js -> /output/890_clerk.headless_2551b6_5.62.2-canary.v20250424160306.js.br
2025/06/27 12:02:18 gz /tmp/work/dist/890_clerk.headless_2551b6_5.62.2-canary.v20250424160306.js -> /output/890_clerk.headless_2551b6_5.62.2-canary.v20250424160306.js.gz
2025/06/27 12:02:18 algorithm: run /usr/bin/brotli --quality=11 --output=/output/clerk.mjs.br /tmp/work/dist/clerk.mjs
2025/06/27 12:02:19 br /tmp/work/dist/377_clerk.headless_2551b6_5.62.2-canary.v20250424160306.min.js -> /output/377_clerk.headless_2551b6_5.62.2-canary.v20250424160306.min.js.br
2025/06/27 12:02:19 gz /tmp/work/dist/377_clerk.headless_2551b6_5.62.2-canary.v20250424160306.min.js -> /output/377_clerk.headless_2551b6_5.62.2-canary.v20250424160306.min.js.gz
2025/06/27 12:02:19 sri /tmp/work/dist/377_clerk.headless_2551b6_5.62.2-canary.v20250424160306.js -> /output/377_clerk.headless_2551b6_5.62.2-canary.v20250424160306.js.sri
2025/06/27 12:02:19 algorithm: run /usr/bin/brotli --quality=11 --output=/output/377_clerk.headless_2551b6_5.62.2-canary.v20250424160306.js.br /tmp/work/dist/377_clerk.headless_2551b6_5.62.2-canary.v20250424160306.js
2025/06/27 12:02:20 sri /tmp/work/dist/965_clerk.headless_2551b6_5.62.2-canary.v20250424160306.min.js -> /output/965_clerk.headless_2551b6_5.62.2-canary.v20250424160306.min.js.sri
2025/06/27 12:02:20 algorithm: run /usr/bin/brotli --quality=11 --output=/output/965_clerk.headless_2551b6_5.62.2-canary.v20250424160306.min.js.br /tmp/work/dist/965_clerk.headless_2551b6_5.62.2-canary.v20250424160306.min.js
2025/06/27 12:02:21 br /tmp/work/dist/965_clerk.headless_2551b6_5.62.2-canary.v20250424160306.min.js -> /output/965_clerk.headless_2551b6_5.62.2-canary.v20250424160306.min.js.br
2025/06/27 12:02:21 gz /tmp/work/dist/965_clerk.headless_2551b6_5.62.2-canary.v20250424160306.min.js -> /output/965_clerk.headless_2551b6_5.62.2-canary.v20250424160306.min.js.gz
2025/06/27 12:02:21 sri /tmp/work/dist/965_clerk.headless_2551b6_5.62.2-canary.v20250424160306.js -> /output/965_clerk.headless_2551b6_5.62.2-canary.v20250424160306.js.sri
2025/06/27 12:02:21 algorithm: run /usr/bin/brotli --quality=11 --output=/output/965_clerk.headless_2551b6_5.62.2-canary.v20250424160306.js.br /tmp/work/dist/965_clerk.headless_2551b6_5.62.2-canary.v20250424160306.js
2025/06/27 12:02:21 br /tmp/work/dist/377_clerk.headless_2551b6_5.62.2-canary.v20250424160306.js -> /output/377_clerk.headless_2551b6_5.62.2-canary.v20250424160306.js.br
2025/06/27 12:02:21 gz /tmp/work/dist/377_clerk.headless_2551b6_5.62.2-canary.v20250424160306.js -> /output/377_clerk.headless_2551b6_5.62.2-canary.v20250424160306.js.gz
2025/06/27 12:02:21 compress: run /node_modules/uglify-js/bin/uglifyjs (3.15.4) [--mangle --compress if_return=true -o /tmp/work/dist/clerk.no-rhc.min.js /tmp/work/dist/clerk.no-rhc.js]
2025/06/27 12:02:21 br /tmp/work/dist/965_clerk.headless_2551b6_5.62.2-canary.v20250424160306.js -> /output/965_clerk.headless_2551b6_5.62.2-canary.v20250424160306.js.br
2025/06/27 12:02:21 gz /tmp/work/dist/965_clerk.headless_2551b6_5.62.2-canary.v20250424160306.js -> /output/965_clerk.headless_2551b6_5.62.2-canary.v20250424160306.js.gz
2025/06/27 12:02:21 algorithm: run /usr/bin/brotli --quality=11 --output=/output/clerk.no-rhc.mjs.br /tmp/work/dist/clerk.no-rhc.mjs
2025/06/27 12:02:24 sri /tmp/work/dist/clerk.headless.browser.min.js -> /output/clerk.headless.browser.min.js.sri
2025/06/27 12:02:24 algorithm: run /usr/bin/brotli --quality=11 --output=/output/clerk.headless.browser.min.js.br /tmp/work/dist/clerk.headless.browser.min.js
2025/06/27 12:02:24 sri /tmp/work/dist/clerk.headless.min.js -> /output/clerk.headless.min.js.sri
2025/06/27 12:02:24 algorithm: run /usr/bin/brotli --quality=11 --output=/output/clerk.headless.min.js.br /tmp/work/dist/clerk.headless.min.js
2025/06/27 12:02:24 br /tmp/work/dist/clerk.headless.min.js -> /output/clerk.headless.min.js.br
2025/06/27 12:02:24 gz /tmp/work/dist/clerk.headless.min.js -> /output/clerk.headless.min.js.gz
2025/06/27 12:02:24 sri /tmp/work/dist/clerk.headless.js -> /output/clerk.headless.js.sri
2025/06/27 12:02:24 algorithm: run /usr/bin/brotli --quality=11 --output=/output/clerk.headless.js.br /tmp/work/dist/clerk.headless.js
2025/06/27 12:02:24 br /tmp/work/dist/clerk.headless.browser.min.js -> /output/clerk.headless.browser.min.js.br
2025/06/27 12:02:24 gz /tmp/work/dist/clerk.headless.browser.min.js -> /output/clerk.headless.browser.min.js.gz
2025/06/27 12:02:24 sri /tmp/work/dist/clerk.headless.browser.js -> /output/clerk.headless.browser.js.sri
2025/06/27 12:02:24 algorithm: run /usr/bin/brotli --quality=11 --output=/output/clerk.headless.browser.js.br /tmp/work/dist/clerk.headless.browser.js
2025/06/27 12:02:25 br /tmp/work/dist/clerk.headless.js -> /output/clerk.headless.js.br
2025/06/27 12:02:25 br /tmp/work/dist/clerk.mjs -> /output/clerk.mjs.br
2025/06/27 12:02:25 gz /tmp/work/dist/clerk.headless.js -> /output/clerk.headless.js.gz
2025/06/27 12:02:25 compress: run /node_modules/uglify-js/bin/uglifyjs (3.15.4) [--mangle --compress if_return=true -o /tmp/work/dist/coinbase-wallet-sdk_clerk.browser_df51fe_5.62.2-canary.v20250424160306.min.js /tmp/work/dist/coinbase-wallet-sdk_clerk.browser_df51fe_5.62.2-canary.v20250424160306.js]
2025/06/27 12:02:25 br /tmp/work/dist/clerk.headless.browser.js -> /output/clerk.headless.browser.js.br
2025/06/27 12:02:25 gz /tmp/work/dist/clerk.headless.browser.js -> /output/clerk.headless.browser.js.gz
2025/06/27 12:02:25 compress: run /node_modules/uglify-js/bin/uglifyjs (3.15.4) [--mangle --compress if_return=true -o /tmp/work/dist/coinbase-wallet-sdk_clerk.headless.browser_9bcf9e_5.62.2-canary.v20250424160306.min.js /tmp/work/dist/coinbase-wallet-sdk_clerk.headless.browser_9bcf9e_5.62.2-canary.v20250424160306.js]
2025/06/27 12:02:25 gz /tmp/work/dist/clerk.mjs -> /output/clerk.mjs.gz
2025/06/27 12:02:25 compress: run /node_modules/uglify-js/bin/uglifyjs (3.15.4) [--mangle --compress if_return=true -o /tmp/work/dist/coinbase-wallet-sdk_clerk.legacy.browser_339638_5.62.2-canary.v20250424160306.min.js /tmp/work/dist/coinbase-wallet-sdk_clerk.legacy.browser_339638_5.62.2-canary.v20250424160306.js]
2025/06/27 12:02:25 sri /tmp/work/dist/clerk.browser.min.js -> /output/clerk.browser.min.js.sri
2025/06/27 12:02:25 algorithm: run /usr/bin/brotli --quality=11 --output=/output/clerk.browser.min.js.br /tmp/work/dist/clerk.browser.min.js
2025/06/27 12:02:26 br /tmp/work/dist/clerk.browser.min.js -> /output/clerk.browser.min.js.br
2025/06/27 12:02:26 gz /tmp/work/dist/clerk.browser.min.js -> /output/clerk.browser.min.js.gz
2025/06/27 12:02:26 sri /tmp/work/dist/clerk.browser.js -> /output/clerk.browser.js.sri
2025/06/27 12:02:26 algorithm: run /usr/bin/brotli --quality=11 --output=/output/clerk.browser.js.br /tmp/work/dist/clerk.browser.js
2025/06/27 12:02:27 br /tmp/work/dist/clerk.browser.js -> /output/clerk.browser.js.br
2025/06/27 12:02:27 gz /tmp/work/dist/clerk.browser.js -> /output/clerk.browser.js.gz
2025/06/27 12:02:27 compress: run /node_modules/uglify-js/bin/uglifyjs (3.15.4) [--mangle --compress if_return=true -o /tmp/work/dist/cookieSuffix_clerk.browser_df51fe_5.62.2-canary.v20250424160306.min.js /tmp/work/dist/cookieSuffix_clerk.browser_df51fe_5.62.2-canary.v20250424160306.js]
2025/06/27 12:02:27 sri /tmp/work/dist/cookieSuffix_clerk.browser_df51fe_5.62.2-canary.v20250424160306.min.js -> /output/cookieSuffix_clerk.browser_df51fe_5.62.2-canary.v20250424160306.min.js.sri
2025/06/27 12:02:27 algorithm: run /usr/bin/brotli --quality=11 --output=/output/cookieSuffix_clerk.browser_df51fe_5.62.2-canary.v20250424160306.min.js.br /tmp/work/dist/cookieSuffix_clerk.browser_df51fe_5.62.2-canary.v20250424160306.min.js
2025/06/27 12:02:27 br /tmp/work/dist/cookieSuffix_clerk.browser_df51fe_5.62.2-canary.v20250424160306.min.js -> /output/cookieSuffix_clerk.browser_df51fe_5.62.2-canary.v20250424160306.min.js.br
2025/06/27 12:02:27 gz /tmp/work/dist/cookieSuffix_clerk.browser_df51fe_5.62.2-canary.v20250424160306.min.js -> /output/cookieSuffix_clerk.browser_df51fe_5.62.2-canary.v20250424160306.min.js.gz
2025/06/27 12:02:27 sri /tmp/work/dist/cookieSuffix_clerk.browser_df51fe_5.62.2-canary.v20250424160306.js -> /output/cookieSuffix_clerk.browser_df51fe_5.62.2-canary.v20250424160306.js.sri
2025/06/27 12:02:27 algorithm: run /usr/bin/brotli --quality=11 --output=/output/cookieSuffix_clerk.browser_df51fe_5.62.2-canary.v20250424160306.js.br /tmp/work/dist/cookieSuffix_clerk.browser_df51fe_5.62.2-canary.v20250424160306.js
2025/06/27 12:02:27 br /tmp/work/dist/cookieSuffix_clerk.browser_df51fe_5.62.2-canary.v20250424160306.js -> /output/cookieSuffix_clerk.browser_df51fe_5.62.2-canary.v20250424160306.js.br
2025/06/27 12:02:27 gz /tmp/work/dist/cookieSuffix_clerk.browser_df51fe_5.62.2-canary.v20250424160306.js -> /output/cookieSuffix_clerk.browser_df51fe_5.62.2-canary.v20250424160306.js.gz
2025/06/27 12:02:27 compress: run /node_modules/uglify-js/bin/uglifyjs (3.15.4) [--mangle --compress if_return=true -o /tmp/work/dist/cookieSuffix_clerk.headless_2551b6_5.62.2-canary.v20250424160306.min.js /tmp/work/dist/cookieSuffix_clerk.headless_2551b6_5.62.2-canary.v20250424160306.js]
2025/06/27 12:02:28 br /tmp/work/dist/clerk.no-rhc.mjs -> /output/clerk.no-rhc.mjs.br
2025/06/27 12:02:28 sri /tmp/work/dist/cookieSuffix_clerk.headless_2551b6_5.62.2-canary.v20250424160306.min.js -> /output/cookieSuffix_clerk.headless_2551b6_5.62.2-canary.v20250424160306.min.js.sri
2025/06/27 12:02:28 algorithm: run /usr/bin/brotli --quality=11 --output=/output/cookieSuffix_clerk.headless_2551b6_5.62.2-canary.v20250424160306.min.js.br /tmp/work/dist/cookieSuffix_clerk.headless_2551b6_5.62.2-canary.v20250424160306.min.js
2025/06/27 12:02:28 br /tmp/work/dist/cookieSuffix_clerk.headless_2551b6_5.62.2-canary.v20250424160306.min.js -> /output/cookieSuffix_clerk.headless_2551b6_5.62.2-canary.v20250424160306.min.js.br
2025/06/27 12:02:28 gz /tmp/work/dist/cookieSuffix_clerk.headless_2551b6_5.62.2-canary.v20250424160306.min.js -> /output/cookieSuffix_clerk.headless_2551b6_5.62.2-canary.v20250424160306.min.js.gz
2025/06/27 12:02:28 sri /tmp/work/dist/cookieSuffix_clerk.headless_2551b6_5.62.2-canary.v20250424160306.js -> /output/cookieSuffix_clerk.headless_2551b6_5.62.2-canary.v20250424160306.js.sri
2025/06/27 12:02:28 algorithm: run /usr/bin/brotli --quality=11 --output=/output/cookieSuffix_clerk.headless_2551b6_5.62.2-canary.v20250424160306.js.br /tmp/work/dist/cookieSuffix_clerk.headless_2551b6_5.62.2-canary.v20250424160306.js
2025/06/27 12:02:28 br /tmp/work/dist/cookieSuffix_clerk.headless_2551b6_5.62.2-canary.v20250424160306.js -> /output/cookieSuffix_clerk.headless_2551b6_5.62.2-canary.v20250424160306.js.br
2025/06/27 12:02:28 gz /tmp/work/dist/cookieSuffix_clerk.headless_2551b6_5.62.2-canary.v20250424160306.js -> /output/cookieSuffix_clerk.headless_2551b6_5.62.2-canary.v20250424160306.js.gz
2025/06/27 12:02:28 compress: run /node_modules/uglify-js/bin/uglifyjs (3.15.4) [--mangle --compress if_return=true -o /tmp/work/dist/cookieSuffix_clerk.headless.browser_9bcf9e_5.62.2-canary.v20250424160306.min.js /tmp/work/dist/cookieSuffix_clerk.headless.browser_9bcf9e_5.62.2-canary.v20250424160306.js]
2025/06/27 12:02:28 gz /tmp/work/dist/clerk.no-rhc.mjs -> /output/clerk.no-rhc.mjs.gz
2025/06/27 12:02:28 compress: run /node_modules/uglify-js/bin/uglifyjs (3.15.4) [--mangle --compress if_return=true -o /tmp/work/dist/cookieSuffix_clerk.legacy.browser_339638_5.62.2-canary.v20250424160306.min.js /tmp/work/dist/cookieSuffix_clerk.legacy.browser_339638_5.62.2-canary.v20250424160306.js]
2025/06/27 12:02:28 sri /tmp/work/dist/cookieSuffix_clerk.headless.browser_9bcf9e_5.62.2-canary.v20250424160306.min.js -> /output/cookieSuffix_clerk.headless.browser_9bcf9e_5.62.2-canary.v20250424160306.min.js.sri
2025/06/27 12:02:28 algorithm: run /usr/bin/brotli --quality=11 --output=/output/cookieSuffix_clerk.headless.browser_9bcf9e_5.62.2-canary.v20250424160306.min.js.br /tmp/work/dist/cookieSuffix_clerk.headless.browser_9bcf9e_5.62.2-canary.v20250424160306.min.js
2025/06/27 12:02:28 br /tmp/work/dist/cookieSuffix_clerk.headless.browser_9bcf9e_5.62.2-canary.v20250424160306.min.js -> /output/cookieSuffix_clerk.headless.browser_9bcf9e_5.62.2-canary.v20250424160306.min.js.br
2025/06/27 12:02:28 gz /tmp/work/dist/cookieSuffix_clerk.headless.browser_9bcf9e_5.62.2-canary.v20250424160306.min.js -> /output/cookieSuffix_clerk.headless.browser_9bcf9e_5.62.2-canary.v20250424160306.min.js.gz
2025/06/27 12:02:28 sri /tmp/work/dist/cookieSuffix_clerk.headless.browser_9bcf9e_5.62.2-canary.v20250424160306.js -> /output/cookieSuffix_clerk.headless.browser_9bcf9e_5.62.2-canary.v20250424160306.js.sri
2025/06/27 12:02:28 algorithm: run /usr/bin/brotli --quality=11 --output=/output/cookieSuffix_clerk.headless.browser_9bcf9e_5.62.2-canary.v20250424160306.js.br /tmp/work/dist/cookieSuffix_clerk.headless.browser_9bcf9e_5.62.2-canary.v20250424160306.js
2025/06/27 12:02:28 br /tmp/work/dist/cookieSuffix_clerk.headless.browser_9bcf9e_5.62.2-canary.v20250424160306.js -> /output/cookieSuffix_clerk.headless.browser_9bcf9e_5.62.2-canary.v20250424160306.js.br
2025/06/27 12:02:28 gz /tmp/work/dist/cookieSuffix_clerk.headless.browser_9bcf9e_5.62.2-canary.v20250424160306.js -> /output/cookieSuffix_clerk.headless.browser_9bcf9e_5.62.2-canary.v20250424160306.js.gz
2025/06/27 12:02:28 compress: run /node_modules/uglify-js/bin/uglifyjs (3.15.4) [--mangle --compress if_return=true -o /tmp/work/dist/createorganization_clerk.browser_df51fe_5.62.2-canary.v20250424160306.min.js /tmp/work/dist/createorganization_clerk.browser_df51fe_5.62.2-canary.v20250424160306.js]
2025/06/27 12:02:28 sri /tmp/work/dist/cookieSuffix_clerk.legacy.browser_339638_5.62.2-canary.v20250424160306.min.js -> /output/cookieSuffix_clerk.legacy.browser_339638_5.62.2-canary.v20250424160306.min.js.sri
2025/06/27 12:02:28 algorithm: run /usr/bin/brotli --quality=11 --output=/output/cookieSuffix_clerk.legacy.browser_339638_5.62.2-canary.v20250424160306.min.js.br /tmp/work/dist/cookieSuffix_clerk.legacy.browser_339638_5.62.2-canary.v20250424160306.min.js
2025/06/27 12:02:28 br /tmp/work/dist/cookieSuffix_clerk.legacy.browser_339638_5.62.2-canary.v20250424160306.min.js -> /output/cookieSuffix_clerk.legacy.browser_339638_5.62.2-canary.v20250424160306.min.js.br
2025/06/27 12:02:28 gz /tmp/work/dist/cookieSuffix_clerk.legacy.browser_339638_5.62.2-canary.v20250424160306.min.js -> /output/cookieSuffix_clerk.legacy.browser_339638_5.62.2-canary.v20250424160306.min.js.gz
2025/06/27 12:02:28 sri /tmp/work/dist/cookieSuffix_clerk.legacy.browser_339638_5.62.2-canary.v20250424160306.js -> /output/cookieSuffix_clerk.legacy.browser_339638_5.62.2-canary.v20250424160306.js.sri
2025/06/27 12:02:28 algorithm: run /usr/bin/brotli --quality=11 --output=/output/cookieSuffix_clerk.legacy.browser_339638_5.62.2-canary.v20250424160306.js.br /tmp/work/dist/cookieSuffix_clerk.legacy.browser_339638_5.62.2-canary.v20250424160306.js
2025/06/27 12:02:28 br /tmp/work/dist/cookieSuffix_clerk.legacy.browser_339638_5.62.2-canary.v20250424160306.js -> /output/cookieSuffix_clerk.legacy.browser_339638_5.62.2-canary.v20250424160306.js.br
2025/06/27 12:02:28 gz /tmp/work/dist/cookieSuffix_clerk.legacy.browser_339638_5.62.2-canary.v20250424160306.js -> /output/cookieSuffix_clerk.legacy.browser_339638_5.62.2-canary.v20250424160306.js.gz
2025/06/27 12:02:28 compress: run /node_modules/uglify-js/bin/uglifyjs (3.15.4) [--mangle --compress if_return=true -o /tmp/work/dist/createorganization_clerk.legacy.browser_339638_5.62.2-canary.v20250424160306.min.js /tmp/work/dist/createorganization_clerk.legacy.browser_339638_5.62.2-canary.v20250424160306.js]
2025/06/27 12:02:28 sri /tmp/work/dist/createorganization_clerk.browser_df51fe_5.62.2-canary.v20250424160306.min.js -> /output/createorganization_clerk.browser_df51fe_5.62.2-canary.v20250424160306.min.js.sri
2025/06/27 12:02:28 algorithm: run /usr/bin/brotli --quality=11 --output=/output/createorganization_clerk.browser_df51fe_5.62.2-canary.v20250424160306.min.js.br /tmp/work/dist/createorganization_clerk.browser_df51fe_5.62.2-canary.v20250424160306.min.js
2025/06/27 12:02:28 br /tmp/work/dist/createorganization_clerk.browser_df51fe_5.62.2-canary.v20250424160306.min.js -> /output/createorganization_clerk.browser_df51fe_5.62.2-canary.v20250424160306.min.js.br
2025/06/27 12:02:28 gz /tmp/work/dist/createorganization_clerk.browser_df51fe_5.62.2-canary.v20250424160306.min.js -> /output/createorganization_clerk.browser_df51fe_5.62.2-canary.v20250424160306.min.js.gz
2025/06/27 12:02:28 sri /tmp/work/dist/createorganization_clerk.browser_df51fe_5.62.2-canary.v20250424160306.js -> /output/createorganization_clerk.browser_df51fe_5.62.2-canary.v20250424160306.js.sri
2025/06/27 12:02:28 algorithm: run /usr/bin/brotli --quality=11 --output=/output/createorganization_clerk.browser_df51fe_5.62.2-canary.v20250424160306.js.br /tmp/work/dist/createorganization_clerk.browser_df51fe_5.62.2-canary.v20250424160306.js
2025/06/27 12:02:28 br /tmp/work/dist/createorganization_clerk.browser_df51fe_5.62.2-canary.v20250424160306.js -> /output/createorganization_clerk.browser_df51fe_5.62.2-canary.v20250424160306.js.br
2025/06/27 12:02:28 gz /tmp/work/dist/createorganization_clerk.browser_df51fe_5.62.2-canary.v20250424160306.js -> /output/createorganization_clerk.browser_df51fe_5.62.2-canary.v20250424160306.js.gz
2025/06/27 12:02:28 compress: run /node_modules/uglify-js/bin/uglifyjs (3.15.4) [--mangle --compress if_return=true -o /tmp/work/dist/framework_clerk.browser_df51fe_5.62.2-canary.v20250424160306.min.js /tmp/work/dist/framework_clerk.browser_df51fe_5.62.2-canary.v20250424160306.js]
2025/06/27 12:02:29 sri /tmp/work/dist/createorganization_clerk.legacy.browser_339638_5.62.2-canary.v20250424160306.min.js -> /output/createorganization_clerk.legacy.browser_339638_5.62.2-canary.v20250424160306.min.js.sri
2025/06/27 12:02:29 algorithm: run /usr/bin/brotli --quality=11 --output=/output/createorganization_clerk.legacy.browser_339638_5.62.2-canary.v20250424160306.min.js.br /tmp/work/dist/createorganization_clerk.legacy.browser_339638_5.62.2-canary.v20250424160306.min.js
2025/06/27 12:02:29 br /tmp/work/dist/createorganization_clerk.legacy.browser_339638_5.62.2-canary.v20250424160306.min.js -> /output/createorganization_clerk.legacy.browser_339638_5.62.2-canary.v20250424160306.min.js.br
2025/06/27 12:02:29 gz /tmp/work/dist/createorganization_clerk.legacy.browser_339638_5.62.2-canary.v20250424160306.min.js -> /output/createorganization_clerk.legacy.browser_339638_5.62.2-canary.v20250424160306.min.js.gz
2025/06/27 12:02:29 sri /tmp/work/dist/createorganization_clerk.legacy.browser_339638_5.62.2-canary.v20250424160306.js -> /output/createorganization_clerk.legacy.browser_339638_5.62.2-canary.v20250424160306.js.sri
2025/06/27 12:02:29 algorithm: run /usr/bin/brotli --quality=11 --output=/output/createorganization_clerk.legacy.browser_339638_5.62.2-canary.v20250424160306.js.br /tmp/work/dist/createorganization_clerk.legacy.browser_339638_5.62.2-canary.v20250424160306.js
2025/06/27 12:02:29 br /tmp/work/dist/createorganization_clerk.legacy.browser_339638_5.62.2-canary.v20250424160306.js -> /output/createorganization_clerk.legacy.browser_339638_5.62.2-canary.v20250424160306.js.br
2025/06/27 12:02:29 gz /tmp/work/dist/createorganization_clerk.legacy.browser_339638_5.62.2-canary.v20250424160306.js -> /output/createorganization_clerk.legacy.browser_339638_5.62.2-canary.v20250424160306.js.gz
2025/06/27 12:02:29 compress: run /node_modules/uglify-js/bin/uglifyjs (3.15.4) [--mangle --compress if_return=true -o /tmp/work/dist/framework_clerk.legacy.browser_339638_5.62.2-canary.v20250424160306.min.js /tmp/work/dist/framework_clerk.legacy.browser_339638_5.62.2-canary.v20250424160306.js]
2025/06/27 12:02:29 sri /tmp/work/dist/coinbase-wallet-sdk_clerk.headless.browser_9bcf9e_5.62.2-canary.v20250424160306.min.js -> /output/coinbase-wallet-sdk_clerk.headless.browser_9bcf9e_5.62.2-canary.v20250424160306.min.js.sri
2025/06/27 12:02:29 algorithm: run /usr/bin/brotli --quality=11 --output=/output/coinbase-wallet-sdk_clerk.headless.browser_9bcf9e_5.62.2-canary.v20250424160306.min.js.br /tmp/work/dist/coinbase-wallet-sdk_clerk.headless.browser_9bcf9e_5.62.2-canary.v20250424160306.min.js
2025/06/27 12:02:29 sri /tmp/work/dist/coinbase-wallet-sdk_clerk.browser_df51fe_5.62.2-canary.v20250424160306.min.js -> /output/coinbase-wallet-sdk_clerk.browser_df51fe_5.62.2-canary.v20250424160306.min.js.sri
2025/06/27 12:02:29 algorithm: run /usr/bin/brotli --quality=11 --output=/output/coinbase-wallet-sdk_clerk.browser_df51fe_5.62.2-canary.v20250424160306.min.js.br /tmp/work/dist/coinbase-wallet-sdk_clerk.browser_df51fe_5.62.2-canary.v20250424160306.min.js
2025/06/27 12:02:29 br /tmp/work/dist/coinbase-wallet-sdk_clerk.headless.browser_9bcf9e_5.62.2-canary.v20250424160306.min.js -> /output/coinbase-wallet-sdk_clerk.headless.browser_9bcf9e_5.62.2-canary.v20250424160306.min.js.br
2025/06/27 12:02:29 gz /tmp/work/dist/coinbase-wallet-sdk_clerk.headless.browser_9bcf9e_5.62.2-canary.v20250424160306.min.js -> /output/coinbase-wallet-sdk_clerk.headless.browser_9bcf9e_5.62.2-canary.v20250424160306.min.js.gz
2025/06/27 12:02:29 sri /tmp/work/dist/coinbase-wallet-sdk_clerk.headless.browser_9bcf9e_5.62.2-canary.v20250424160306.js -> /output/coinbase-wallet-sdk_clerk.headless.browser_9bcf9e_5.62.2-canary.v20250424160306.js.sri
2025/06/27 12:02:29 algorithm: run /usr/bin/brotli --quality=11 --output=/output/coinbase-wallet-sdk_clerk.headless.browser_9bcf9e_5.62.2-canary.v20250424160306.js.br /tmp/work/dist/coinbase-wallet-sdk_clerk.headless.browser_9bcf9e_5.62.2-canary.v20250424160306.js
2025/06/27 12:02:29 br /tmp/work/dist/coinbase-wallet-sdk_clerk.browser_df51fe_5.62.2-canary.v20250424160306.min.js -> /output/coinbase-wallet-sdk_clerk.browser_df51fe_5.62.2-canary.v20250424160306.min.js.br
2025/06/27 12:02:29 gz /tmp/work/dist/coinbase-wallet-sdk_clerk.browser_df51fe_5.62.2-canary.v20250424160306.min.js -> /output/coinbase-wallet-sdk_clerk.browser_df51fe_5.62.2-canary.v20250424160306.min.js.gz
2025/06/27 12:02:29 sri /tmp/work/dist/coinbase-wallet-sdk_clerk.browser_df51fe_5.62.2-canary.v20250424160306.js -> /output/coinbase-wallet-sdk_clerk.browser_df51fe_5.62.2-canary.v20250424160306.js.sri
2025/06/27 12:02:29 algorithm: run /usr/bin/brotli --quality=11 --output=/output/coinbase-wallet-sdk_clerk.browser_df51fe_5.62.2-canary.v20250424160306.js.br /tmp/work/dist/coinbase-wallet-sdk_clerk.browser_df51fe_5.62.2-canary.v20250424160306.js
2025/06/27 12:02:29 sri /tmp/work/dist/coinbase-wallet-sdk_clerk.legacy.browser_339638_5.62.2-canary.v20250424160306.min.js -> /output/coinbase-wallet-sdk_clerk.legacy.browser_339638_5.62.2-canary.v20250424160306.min.js.sri
2025/06/27 12:02:29 algorithm: run /usr/bin/brotli --quality=11 --output=/output/coinbase-wallet-sdk_clerk.legacy.browser_339638_5.62.2-canary.v20250424160306.min.js.br /tmp/work/dist/coinbase-wallet-sdk_clerk.legacy.browser_339638_5.62.2-canary.v20250424160306.min.js
2025/06/27 12:02:29 br /tmp/work/dist/coinbase-wallet-sdk_clerk.headless.browser_9bcf9e_5.62.2-canary.v20250424160306.js -> /output/coinbase-wallet-sdk_clerk.headless.browser_9bcf9e_5.62.2-canary.v20250424160306.js.br
2025/06/27 12:02:29 gz /tmp/work/dist/coinbase-wallet-sdk_clerk.headless.browser_9bcf9e_5.62.2-canary.v20250424160306.js -> /output/coinbase-wallet-sdk_clerk.headless.browser_9bcf9e_5.62.2-canary.v20250424160306.js.gz
2025/06/27 12:02:29 compress: run /node_modules/uglify-js/bin/uglifyjs (3.15.4) [--mangle --compress if_return=true -o /tmp/work/dist/impersonationfab_clerk.browser_df51fe_5.62.2-canary.v20250424160306.min.js /tmp/work/dist/impersonationfab_clerk.browser_df51fe_5.62.2-canary.v20250424160306.js]
2025/06/27 12:02:29 br /tmp/work/dist/coinbase-wallet-sdk_clerk.browser_df51fe_5.62.2-canary.v20250424160306.js -> /output/coinbase-wallet-sdk_clerk.browser_df51fe_5.62.2-canary.v20250424160306.js.br
2025/06/27 12:02:29 gz /tmp/work/dist/coinbase-wallet-sdk_clerk.browser_df51fe_5.62.2-canary.v20250424160306.js -> /output/coinbase-wallet-sdk_clerk.browser_df51fe_5.62.2-canary.v20250424160306.js.gz
2025/06/27 12:02:29 compress: run /node_modules/uglify-js/bin/uglifyjs (3.15.4) [--mangle --compress if_return=true -o /tmp/work/dist/impersonationfab_clerk.legacy.browser_339638_5.62.2-canary.v20250424160306.min.js /tmp/work/dist/impersonationfab_clerk.legacy.browser_339638_5.62.2-canary.v20250424160306.js]
2025/06/27 12:02:30 br /tmp/work/dist/coinbase-wallet-sdk_clerk.legacy.browser_339638_5.62.2-canary.v20250424160306.min.js -> /output/coinbase-wallet-sdk_clerk.legacy.browser_339638_5.62.2-canary.v20250424160306.min.js.br
2025/06/27 12:02:30 gz /tmp/work/dist/coinbase-wallet-sdk_clerk.legacy.browser_339638_5.62.2-canary.v20250424160306.min.js -> /output/coinbase-wallet-sdk_clerk.legacy.browser_339638_5.62.2-canary.v20250424160306.min.js.gz
2025/06/27 12:02:30 sri /tmp/work/dist/coinbase-wallet-sdk_clerk.legacy.browser_339638_5.62.2-canary.v20250424160306.js -> /output/coinbase-wallet-sdk_clerk.legacy.browser_339638_5.62.2-canary.v20250424160306.js.sri
2025/06/27 12:02:30 algorithm: run /usr/bin/brotli --quality=11 --output=/output/coinbase-wallet-sdk_clerk.legacy.browser_339638_5.62.2-canary.v20250424160306.js.br /tmp/work/dist/coinbase-wallet-sdk_clerk.legacy.browser_339638_5.62.2-canary.v20250424160306.js
2025/06/27 12:02:30 sri /tmp/work/dist/impersonationfab_clerk.browser_df51fe_5.62.2-canary.v20250424160306.min.js -> /output/impersonationfab_clerk.browser_df51fe_5.62.2-canary.v20250424160306.min.js.sri
2025/06/27 12:02:30 algorithm: run /usr/bin/brotli --quality=11 --output=/output/impersonationfab_clerk.browser_df51fe_5.62.2-canary.v20250424160306.min.js.br /tmp/work/dist/impersonationfab_clerk.browser_df51fe_5.62.2-canary.v20250424160306.min.js
2025/06/27 12:02:30 br /tmp/work/dist/impersonationfab_clerk.browser_df51fe_5.62.2-canary.v20250424160306.min.js -> /output/impersonationfab_clerk.browser_df51fe_5.62.2-canary.v20250424160306.min.js.br
2025/06/27 12:02:30 gz /tmp/work/dist/impersonationfab_clerk.browser_df51fe_5.62.2-canary.v20250424160306.min.js -> /output/impersonationfab_clerk.browser_df51fe_5.62.2-canary.v20250424160306.min.js.gz
2025/06/27 12:02:30 sri /tmp/work/dist/impersonationfab_clerk.browser_df51fe_5.62.2-canary.v20250424160306.js -> /output/impersonationfab_clerk.browser_df51fe_5.62.2-canary.v20250424160306.js.sri
2025/06/27 12:02:30 algorithm: run /usr/bin/brotli --quality=11 --output=/output/impersonationfab_clerk.browser_df51fe_5.62.2-canary.v20250424160306.js.br /tmp/work/dist/impersonationfab_clerk.browser_df51fe_5.62.2-canary.v20250424160306.js
2025/06/27 12:02:30 br /tmp/work/dist/impersonationfab_clerk.browser_df51fe_5.62.2-canary.v20250424160306.js -> /output/impersonationfab_clerk.browser_df51fe_5.62.2-canary.v20250424160306.js.br
2025/06/27 12:02:30 gz /tmp/work/dist/impersonationfab_clerk.browser_df51fe_5.62.2-canary.v20250424160306.js -> /output/impersonationfab_clerk.browser_df51fe_5.62.2-canary.v20250424160306.js.gz
2025/06/27 12:02:30 compress: run /node_modules/uglify-js/bin/uglifyjs (3.15.4) [--mangle --compress if_return=true -o /tmp/work/dist/keylessPrompt_clerk.browser_df51fe_5.62.2-canary.v20250424160306.min.js /tmp/work/dist/keylessPrompt_clerk.browser_df51fe_5.62.2-canary.v20250424160306.js]
2025/06/27 12:02:30 sri /tmp/work/dist/impersonationfab_clerk.legacy.browser_339638_5.62.2-canary.v20250424160306.min.js -> /output/impersonationfab_clerk.legacy.browser_339638_5.62.2-canary.v20250424160306.min.js.sri
2025/06/27 12:02:30 algorithm: run /usr/bin/brotli --quality=11 --output=/output/impersonationfab_clerk.legacy.browser_339638_5.62.2-canary.v20250424160306.min.js.br /tmp/work/dist/impersonationfab_clerk.legacy.browser_339638_5.62.2-canary.v20250424160306.min.js
2025/06/27 12:02:30 br /tmp/work/dist/impersonationfab_clerk.legacy.browser_339638_5.62.2-canary.v20250424160306.min.js -> /output/impersonationfab_clerk.legacy.browser_339638_5.62.2-canary.v20250424160306.min.js.br
2025/06/27 12:02:30 gz /tmp/work/dist/impersonationfab_clerk.legacy.browser_339638_5.62.2-canary.v20250424160306.min.js -> /output/impersonationfab_clerk.legacy.browser_339638_5.62.2-canary.v20250424160306.min.js.gz
2025/06/27 12:02:30 sri /tmp/work/dist/impersonationfab_clerk.legacy.browser_339638_5.62.2-canary.v20250424160306.js -> /output/impersonationfab_clerk.legacy.browser_339638_5.62.2-canary.v20250424160306.js.sri
2025/06/27 12:02:30 algorithm: run /usr/bin/brotli --quality=11 --output=/output/impersonationfab_clerk.legacy.browser_339638_5.62.2-canary.v20250424160306.js.br /tmp/work/dist/impersonationfab_clerk.legacy.browser_339638_5.62.2-canary.v20250424160306.js
2025/06/27 12:02:30 br /tmp/work/dist/coinbase-wallet-sdk_clerk.legacy.browser_339638_5.62.2-canary.v20250424160306.js -> /output/coinbase-wallet-sdk_clerk.legacy.browser_339638_5.62.2-canary.v20250424160306.js.br
2025/06/27 12:02:30 br /tmp/work/dist/impersonationfab_clerk.legacy.browser_339638_5.62.2-canary.v20250424160306.js -> /output/impersonationfab_clerk.legacy.browser_339638_5.62.2-canary.v20250424160306.js.br
2025/06/27 12:02:30 gz /tmp/work/dist/impersonationfab_clerk.legacy.browser_339638_5.62.2-canary.v20250424160306.js -> /output/impersonationfab_clerk.legacy.browser_339638_5.62.2-canary.v20250424160306.js.gz
2025/06/27 12:02:30 compress: run /node_modules/uglify-js/bin/uglifyjs (3.15.4) [--mangle --compress if_return=true -o /tmp/work/dist/keylessPrompt_clerk.legacy.browser_339638_5.62.2-canary.v20250424160306.min.js /tmp/work/dist/keylessPrompt_clerk.legacy.browser_339638_5.62.2-canary.v20250424160306.js]
2025/06/27 12:02:30 gz /tmp/work/dist/coinbase-wallet-sdk_clerk.legacy.browser_339638_5.62.2-canary.v20250424160306.js -> /output/coinbase-wallet-sdk_clerk.legacy.browser_339638_5.62.2-canary.v20250424160306.js.gz
2025/06/27 12:02:30 compress: run /node_modules/uglify-js/bin/uglifyjs (3.15.4) [--mangle --compress if_return=true -o /tmp/work/dist/onetap_clerk.browser_df51fe_5.62.2-canary.v20250424160306.min.js /tmp/work/dist/onetap_clerk.browser_df51fe_5.62.2-canary.v20250424160306.js]
2025/06/27 12:02:30 sri /tmp/work/dist/onetap_clerk.browser_df51fe_5.62.2-canary.v20250424160306.min.js -> /output/onetap_clerk.browser_df51fe_5.62.2-canary.v20250424160306.min.js.sri
2025/06/27 12:02:30 algorithm: run /usr/bin/brotli --quality=11 --output=/output/onetap_clerk.browser_df51fe_5.62.2-canary.v20250424160306.min.js.br /tmp/work/dist/onetap_clerk.browser_df51fe_5.62.2-canary.v20250424160306.min.js
2025/06/27 12:02:30 br /tmp/work/dist/onetap_clerk.browser_df51fe_5.62.2-canary.v20250424160306.min.js -> /output/onetap_clerk.browser_df51fe_5.62.2-canary.v20250424160306.min.js.br
2025/06/27 12:02:30 gz /tmp/work/dist/onetap_clerk.browser_df51fe_5.62.2-canary.v20250424160306.min.js -> /output/onetap_clerk.browser_df51fe_5.62.2-canary.v20250424160306.min.js.gz
2025/06/27 12:02:30 sri /tmp/work/dist/onetap_clerk.browser_df51fe_5.62.2-canary.v20250424160306.js -> /output/onetap_clerk.browser_df51fe_5.62.2-canary.v20250424160306.js.sri
2025/06/27 12:02:30 algorithm: run /usr/bin/brotli --quality=11 --output=/output/onetap_clerk.browser_df51fe_5.62.2-canary.v20250424160306.js.br /tmp/work/dist/onetap_clerk.browser_df51fe_5.62.2-canary.v20250424160306.js
2025/06/27 12:02:30 br /tmp/work/dist/onetap_clerk.browser_df51fe_5.62.2-canary.v20250424160306.js -> /output/onetap_clerk.browser_df51fe_5.62.2-canary.v20250424160306.js.br
2025/06/27 12:02:30 sri /tmp/work/dist/keylessPrompt_clerk.browser_df51fe_5.62.2-canary.v20250424160306.min.js -> /output/keylessPrompt_clerk.browser_df51fe_5.62.2-canary.v20250424160306.min.js.sri
2025/06/27 12:02:30 algorithm: run /usr/bin/brotli --quality=11 --output=/output/keylessPrompt_clerk.browser_df51fe_5.62.2-canary.v20250424160306.min.js.br /tmp/work/dist/keylessPrompt_clerk.browser_df51fe_5.62.2-canary.v20250424160306.min.js
2025/06/27 12:02:30 gz /tmp/work/dist/onetap_clerk.browser_df51fe_5.62.2-canary.v20250424160306.js -> /output/onetap_clerk.browser_df51fe_5.62.2-canary.v20250424160306.js.gz
2025/06/27 12:02:30 compress: run /node_modules/uglify-js/bin/uglifyjs (3.15.4) [--mangle --compress if_return=true -o /tmp/work/dist/onetap_clerk.legacy.browser_339638_5.62.2-canary.v20250424160306.min.js /tmp/work/dist/onetap_clerk.legacy.browser_339638_5.62.2-canary.v20250424160306.js]
2025/06/27 12:02:31 br /tmp/work/dist/keylessPrompt_clerk.browser_df51fe_5.62.2-canary.v20250424160306.min.js -> /output/keylessPrompt_clerk.browser_df51fe_5.62.2-canary.v20250424160306.min.js.br
2025/06/27 12:02:31 gz /tmp/work/dist/keylessPrompt_clerk.browser_df51fe_5.62.2-canary.v20250424160306.min.js -> /output/keylessPrompt_clerk.browser_df51fe_5.62.2-canary.v20250424160306.min.js.gz
2025/06/27 12:02:31 sri /tmp/work/dist/keylessPrompt_clerk.browser_df51fe_5.62.2-canary.v20250424160306.js -> /output/keylessPrompt_clerk.browser_df51fe_5.62.2-canary.v20250424160306.js.sri
2025/06/27 12:02:31 algorithm: run /usr/bin/brotli --quality=11 --output=/output/keylessPrompt_clerk.browser_df51fe_5.62.2-canary.v20250424160306.js.br /tmp/work/dist/keylessPrompt_clerk.browser_df51fe_5.62.2-canary.v20250424160306.js
2025/06/27 12:02:31 br /tmp/work/dist/keylessPrompt_clerk.browser_df51fe_5.62.2-canary.v20250424160306.js -> /output/keylessPrompt_clerk.browser_df51fe_5.62.2-canary.v20250424160306.js.br
2025/06/27 12:02:31 gz /tmp/work/dist/keylessPrompt_clerk.browser_df51fe_5.62.2-canary.v20250424160306.js -> /output/keylessPrompt_clerk.browser_df51fe_5.62.2-canary.v20250424160306.js.gz
2025/06/27 12:02:31 compress: run /node_modules/uglify-js/bin/uglifyjs (3.15.4) [--mangle --compress if_return=true -o /tmp/work/dist/op-billing-page_clerk.browser_df51fe_5.62.2-canary.v20250424160306.min.js /tmp/work/dist/op-billing-page_clerk.browser_df51fe_5.62.2-canary.v20250424160306.js]
2025/06/27 12:02:31 sri /tmp/work/dist/keylessPrompt_clerk.legacy.browser_339638_5.62.2-canary.v20250424160306.min.js -> /output/keylessPrompt_clerk.legacy.browser_339638_5.62.2-canary.v20250424160306.min.js.sri
2025/06/27 12:02:31 algorithm: run /usr/bin/brotli --quality=11 --output=/output/keylessPrompt_clerk.legacy.browser_339638_5.62.2-canary.v20250424160306.min.js.br /tmp/work/dist/keylessPrompt_clerk.legacy.browser_339638_5.62.2-canary.v20250424160306.min.js
2025/06/27 12:02:31 br /tmp/work/dist/keylessPrompt_clerk.legacy.browser_339638_5.62.2-canary.v20250424160306.min.js -> /output/keylessPrompt_clerk.legacy.browser_339638_5.62.2-canary.v20250424160306.min.js.br
2025/06/27 12:02:31 gz /tmp/work/dist/keylessPrompt_clerk.legacy.browser_339638_5.62.2-canary.v20250424160306.min.js -> /output/keylessPrompt_clerk.legacy.browser_339638_5.62.2-canary.v20250424160306.min.js.gz
2025/06/27 12:02:31 sri /tmp/work/dist/keylessPrompt_clerk.legacy.browser_339638_5.62.2-canary.v20250424160306.js -> /output/keylessPrompt_clerk.legacy.browser_339638_5.62.2-canary.v20250424160306.js.sri
2025/06/27 12:02:31 algorithm: run /usr/bin/brotli --quality=11 --output=/output/keylessPrompt_clerk.legacy.browser_339638_5.62.2-canary.v20250424160306.js.br /tmp/work/dist/keylessPrompt_clerk.legacy.browser_339638_5.62.2-canary.v20250424160306.js
2025/06/27 12:02:31 br /tmp/work/dist/keylessPrompt_clerk.legacy.browser_339638_5.62.2-canary.v20250424160306.js -> /output/keylessPrompt_clerk.legacy.browser_339638_5.62.2-canary.v20250424160306.js.br
2025/06/27 12:02:31 gz /tmp/work/dist/keylessPrompt_clerk.legacy.browser_339638_5.62.2-canary.v20250424160306.js -> /output/keylessPrompt_clerk.legacy.browser_339638_5.62.2-canary.v20250424160306.js.gz
2025/06/27 12:02:31 compress: run /node_modules/uglify-js/bin/uglifyjs (3.15.4) [--mangle --compress if_return=true -o /tmp/work/dist/op-billing-page_clerk.legacy.browser_339638_5.62.2-canary.v20250424160306.min.js /tmp/work/dist/op-billing-page_clerk.legacy.browser_339638_5.62.2-canary.v20250424160306.js]
2025/06/27 12:02:31 sri /tmp/work/dist/onetap_clerk.legacy.browser_339638_5.62.2-canary.v20250424160306.min.js -> /output/onetap_clerk.legacy.browser_339638_5.62.2-canary.v20250424160306.min.js.sri
2025/06/27 12:02:31 algorithm: run /usr/bin/brotli --quality=11 --output=/output/onetap_clerk.legacy.browser_339638_5.62.2-canary.v20250424160306.min.js.br /tmp/work/dist/onetap_clerk.legacy.browser_339638_5.62.2-canary.v20250424160306.min.js
2025/06/27 12:02:31 br /tmp/work/dist/onetap_clerk.legacy.browser_339638_5.62.2-canary.v20250424160306.min.js -> /output/onetap_clerk.legacy.browser_339638_5.62.2-canary.v20250424160306.min.js.br
2025/06/27 12:02:31 gz /tmp/work/dist/onetap_clerk.legacy.browser_339638_5.62.2-canary.v20250424160306.min.js -> /output/onetap_clerk.legacy.browser_339638_5.62.2-canary.v20250424160306.min.js.gz
2025/06/27 12:02:31 sri /tmp/work/dist/onetap_clerk.legacy.browser_339638_5.62.2-canary.v20250424160306.js -> /output/onetap_clerk.legacy.browser_339638_5.62.2-canary.v20250424160306.js.sri
2025/06/27 12:02:31 algorithm: run /usr/bin/brotli --quality=11 --output=/output/onetap_clerk.legacy.browser_339638_5.62.2-canary.v20250424160306.js.br /tmp/work/dist/onetap_clerk.legacy.browser_339638_5.62.2-canary.v20250424160306.js
2025/06/27 12:02:31 br /tmp/work/dist/onetap_clerk.legacy.browser_339638_5.62.2-canary.v20250424160306.js -> /output/onetap_clerk.legacy.browser_339638_5.62.2-canary.v20250424160306.js.br
2025/06/27 12:02:31 gz /tmp/work/dist/onetap_clerk.legacy.browser_339638_5.62.2-canary.v20250424160306.js -> /output/onetap_clerk.legacy.browser_339638_5.62.2-canary.v20250424160306.js.gz
2025/06/27 12:02:31 compress: run /node_modules/uglify-js/bin/uglifyjs (3.15.4) [--mangle --compress if_return=true -o /tmp/work/dist/organizationlist_clerk.browser_df51fe_5.62.2-canary.v20250424160306.min.js /tmp/work/dist/organizationlist_clerk.browser_df51fe_5.62.2-canary.v20250424160306.js]
2025/06/27 12:02:31 sri /tmp/work/dist/clerk.legacy.browser.min.js -> /output/clerk.legacy.browser.min.js.sri
2025/06/27 12:02:31 algorithm: run /usr/bin/brotli --quality=11 --output=/output/clerk.legacy.browser.min.js.br /tmp/work/dist/clerk.legacy.browser.min.js
2025/06/27 12:02:31 sri /tmp/work/dist/op-billing-page_clerk.browser_df51fe_5.62.2-canary.v20250424160306.min.js -> /output/op-billing-page_clerk.browser_df51fe_5.62.2-canary.v20250424160306.min.js.sri
2025/06/27 12:02:31 algorithm: run /usr/bin/brotli --quality=11 --output=/output/op-billing-page_clerk.browser_df51fe_5.62.2-canary.v20250424160306.min.js.br /tmp/work/dist/op-billing-page_clerk.browser_df51fe_5.62.2-canary.v20250424160306.min.js
2025/06/27 12:02:31 br /tmp/work/dist/op-billing-page_clerk.browser_df51fe_5.62.2-canary.v20250424160306.min.js -> /output/op-billing-page_clerk.browser_df51fe_5.62.2-canary.v20250424160306.min.js.br
2025/06/27 12:02:31 gz /tmp/work/dist/op-billing-page_clerk.browser_df51fe_5.62.2-canary.v20250424160306.min.js -> /output/op-billing-page_clerk.browser_df51fe_5.62.2-canary.v20250424160306.min.js.gz
2025/06/27 12:02:31 sri /tmp/work/dist/op-billing-page_clerk.browser_df51fe_5.62.2-canary.v20250424160306.js -> /output/op-billing-page_clerk.browser_df51fe_5.62.2-canary.v20250424160306.js.sri
2025/06/27 12:02:31 algorithm: run /usr/bin/brotli --quality=11 --output=/output/op-billing-page_clerk.browser_df51fe_5.62.2-canary.v20250424160306.js.br /tmp/work/dist/op-billing-page_clerk.browser_df51fe_5.62.2-canary.v20250424160306.js
2025/06/27 12:02:31 br /tmp/work/dist/op-billing-page_clerk.browser_df51fe_5.62.2-canary.v20250424160306.js -> /output/op-billing-page_clerk.browser_df51fe_5.62.2-canary.v20250424160306.js.br
2025/06/27 12:02:31 gz /tmp/work/dist/op-billing-page_clerk.browser_df51fe_5.62.2-canary.v20250424160306.js -> /output/op-billing-page_clerk.browser_df51fe_5.62.2-canary.v20250424160306.js.gz
2025/06/27 12:02:31 compress: run /node_modules/uglify-js/bin/uglifyjs (3.15.4) [--mangle --compress if_return=true -o /tmp/work/dist/organizationlist_clerk.legacy.browser_339638_5.62.2-canary.v20250424160306.min.js /tmp/work/dist/organizationlist_clerk.legacy.browser_339638_5.62.2-canary.v20250424160306.js]
2025/06/27 12:02:31 sri /tmp/work/dist/op-billing-page_clerk.legacy.browser_339638_5.62.2-canary.v20250424160306.min.js -> /output/op-billing-page_clerk.legacy.browser_339638_5.62.2-canary.v20250424160306.min.js.sri
2025/06/27 12:02:31 algorithm: run /usr/bin/brotli --quality=11 --output=/output/op-billing-page_clerk.legacy.browser_339638_5.62.2-canary.v20250424160306.min.js.br /tmp/work/dist/op-billing-page_clerk.legacy.browser_339638_5.62.2-canary.v20250424160306.min.js
2025/06/27 12:02:31 br /tmp/work/dist/op-billing-page_clerk.legacy.browser_339638_5.62.2-canary.v20250424160306.min.js -> /output/op-billing-page_clerk.legacy.browser_339638_5.62.2-canary.v20250424160306.min.js.br
2025/06/27 12:02:31 gz /tmp/work/dist/op-billing-page_clerk.legacy.browser_339638_5.62.2-canary.v20250424160306.min.js -> /output/op-billing-page_clerk.legacy.browser_339638_5.62.2-canary.v20250424160306.min.js.gz
2025/06/27 12:02:31 sri /tmp/work/dist/op-billing-page_clerk.legacy.browser_339638_5.62.2-canary.v20250424160306.js -> /output/op-billing-page_clerk.legacy.browser_339638_5.62.2-canary.v20250424160306.js.sri
2025/06/27 12:02:31 algorithm: run /usr/bin/brotli --quality=11 --output=/output/op-billing-page_clerk.legacy.browser_339638_5.62.2-canary.v20250424160306.js.br /tmp/work/dist/op-billing-page_clerk.legacy.browser_339638_5.62.2-canary.v20250424160306.js
2025/06/27 12:02:31 br /tmp/work/dist/op-billing-page_clerk.legacy.browser_339638_5.62.2-canary.v20250424160306.js -> /output/op-billing-page_clerk.legacy.browser_339638_5.62.2-canary.v20250424160306.js.br
2025/06/27 12:02:31 gz /tmp/work/dist/op-billing-page_clerk.legacy.browser_339638_5.62.2-canary.v20250424160306.js -> /output/op-billing-page_clerk.legacy.browser_339638_5.62.2-canary.v20250424160306.js.gz
2025/06/27 12:02:31 compress: run /node_modules/uglify-js/bin/uglifyjs (3.15.4) [--mangle --compress if_return=true -o /tmp/work/dist/organizationprofile_clerk.browser_df51fe_5.62.2-canary.v20250424160306.min.js /tmp/work/dist/organizationprofile_clerk.browser_df51fe_5.62.2-canary.v20250424160306.js]
2025/06/27 12:02:32 sri /tmp/work/dist/organizationlist_clerk.browser_df51fe_5.62.2-canary.v20250424160306.min.js -> /output/organizationlist_clerk.browser_df51fe_5.62.2-canary.v20250424160306.min.js.sri
2025/06/27 12:02:32 algorithm: run /usr/bin/brotli --quality=11 --output=/output/organizationlist_clerk.browser_df51fe_5.62.2-canary.v20250424160306.min.js.br /tmp/work/dist/organizationlist_clerk.browser_df51fe_5.62.2-canary.v20250424160306.min.js
2025/06/27 12:02:32 sri /tmp/work/dist/organizationlist_clerk.legacy.browser_339638_5.62.2-canary.v20250424160306.min.js -> /output/organizationlist_clerk.legacy.browser_339638_5.62.2-canary.v20250424160306.min.js.sri
2025/06/27 12:02:32 algorithm: run /usr/bin/brotli --quality=11 --output=/output/organizationlist_clerk.legacy.browser_339638_5.62.2-canary.v20250424160306.min.js.br /tmp/work/dist/organizationlist_clerk.legacy.browser_339638_5.62.2-canary.v20250424160306.min.js
2025/06/27 12:02:32 br /tmp/work/dist/organizationlist_clerk.legacy.browser_339638_5.62.2-canary.v20250424160306.min.js -> /output/organizationlist_clerk.legacy.browser_339638_5.62.2-canary.v20250424160306.min.js.br
2025/06/27 12:02:32 gz /tmp/work/dist/organizationlist_clerk.legacy.browser_339638_5.62.2-canary.v20250424160306.min.js -> /output/organizationlist_clerk.legacy.browser_339638_5.62.2-canary.v20250424160306.min.js.gz
2025/06/27 12:02:32 sri /tmp/work/dist/organizationlist_clerk.legacy.browser_339638_5.62.2-canary.v20250424160306.js -> /output/organizationlist_clerk.legacy.browser_339638_5.62.2-canary.v20250424160306.js.sri
2025/06/27 12:02:32 algorithm: run /usr/bin/brotli --quality=11 --output=/output/organizationlist_clerk.legacy.browser_339638_5.62.2-canary.v20250424160306.js.br /tmp/work/dist/organizationlist_clerk.legacy.browser_339638_5.62.2-canary.v20250424160306.js
2025/06/27 12:02:32 br /tmp/work/dist/organizationlist_clerk.browser_df51fe_5.62.2-canary.v20250424160306.min.js -> /output/organizationlist_clerk.browser_df51fe_5.62.2-canary.v20250424160306.min.js.br
2025/06/27 12:02:32 gz /tmp/work/dist/organizationlist_clerk.browser_df51fe_5.62.2-canary.v20250424160306.min.js -> /output/organizationlist_clerk.browser_df51fe_5.62.2-canary.v20250424160306.min.js.gz
2025/06/27 12:02:32 sri /tmp/work/dist/organizationlist_clerk.browser_df51fe_5.62.2-canary.v20250424160306.js -> /output/organizationlist_clerk.browser_df51fe_5.62.2-canary.v20250424160306.js.sri
2025/06/27 12:02:32 algorithm: run /usr/bin/brotli --quality=11 --output=/output/organizationlist_clerk.browser_df51fe_5.62.2-canary.v20250424160306.js.br /tmp/work/dist/organizationlist_clerk.browser_df51fe_5.62.2-canary.v20250424160306.js
2025/06/27 12:02:32 br /tmp/work/dist/organizationlist_clerk.legacy.browser_339638_5.62.2-canary.v20250424160306.js -> /output/organizationlist_clerk.legacy.browser_339638_5.62.2-canary.v20250424160306.js.br
2025/06/27 12:02:32 gz /tmp/work/dist/organizationlist_clerk.legacy.browser_339638_5.62.2-canary.v20250424160306.js -> /output/organizationlist_clerk.legacy.browser_339638_5.62.2-canary.v20250424160306.js.gz
2025/06/27 12:02:32 compress: run /node_modules/uglify-js/bin/uglifyjs (3.15.4) [--mangle --compress if_return=true -o /tmp/work/dist/organizationprofile_clerk.legacy.browser_339638_5.62.2-canary.v20250424160306.min.js /tmp/work/dist/organizationprofile_clerk.legacy.browser_339638_5.62.2-canary.v20250424160306.js]
2025/06/27 12:02:32 br /tmp/work/dist/organizationlist_clerk.browser_df51fe_5.62.2-canary.v20250424160306.js -> /output/organizationlist_clerk.browser_df51fe_5.62.2-canary.v20250424160306.js.br
2025/06/27 12:02:32 gz /tmp/work/dist/organizationlist_clerk.browser_df51fe_5.62.2-canary.v20250424160306.js -> /output/organizationlist_clerk.browser_df51fe_5.62.2-canary.v20250424160306.js.gz
2025/06/27 12:02:32 compress: run /node_modules/uglify-js/bin/uglifyjs (3.15.4) [--mangle --compress if_return=true -o /tmp/work/dist/organizationswitcher_clerk.browser_df51fe_5.62.2-canary.v20250424160306.min.js /tmp/work/dist/organizationswitcher_clerk.browser_df51fe_5.62.2-canary.v20250424160306.js]
2025/06/27 12:02:32 br /tmp/work/dist/clerk.legacy.browser.min.js -> /output/clerk.legacy.browser.min.js.br
2025/06/27 12:02:32 gz /tmp/work/dist/clerk.legacy.browser.min.js -> /output/clerk.legacy.browser.min.js.gz
2025/06/27 12:02:32 sri /tmp/work/dist/clerk.legacy.browser.js -> /output/clerk.legacy.browser.js.sri
2025/06/27 12:02:32 algorithm: run /usr/bin/brotli --quality=11 --output=/output/clerk.legacy.browser.js.br /tmp/work/dist/clerk.legacy.browser.js
2025/06/27 12:02:33 sri /tmp/work/dist/organizationswitcher_clerk.browser_df51fe_5.62.2-canary.v20250424160306.min.js -> /output/organizationswitcher_clerk.browser_df51fe_5.62.2-canary.v20250424160306.min.js.sri
2025/06/27 12:02:33 algorithm: run /usr/bin/brotli --quality=11 --output=/output/organizationswitcher_clerk.browser_df51fe_5.62.2-canary.v20250424160306.min.js.br /tmp/work/dist/organizationswitcher_clerk.browser_df51fe_5.62.2-canary.v20250424160306.min.js
2025/06/27 12:02:33 br /tmp/work/dist/organizationswitcher_clerk.browser_df51fe_5.62.2-canary.v20250424160306.min.js -> /output/organizationswitcher_clerk.browser_df51fe_5.62.2-canary.v20250424160306.min.js.br
2025/06/27 12:02:33 gz /tmp/work/dist/organizationswitcher_clerk.browser_df51fe_5.62.2-canary.v20250424160306.min.js -> /output/organizationswitcher_clerk.browser_df51fe_5.62.2-canary.v20250424160306.min.js.gz
2025/06/27 12:02:33 sri /tmp/work/dist/organizationswitcher_clerk.browser_df51fe_5.62.2-canary.v20250424160306.js -> /output/organizationswitcher_clerk.browser_df51fe_5.62.2-canary.v20250424160306.js.sri
2025/06/27 12:02:33 algorithm: run /usr/bin/brotli --quality=11 --output=/output/organizationswitcher_clerk.browser_df51fe_5.62.2-canary.v20250424160306.js.br /tmp/work/dist/organizationswitcher_clerk.browser_df51fe_5.62.2-canary.v20250424160306.js
2025/06/27 12:02:33 br /tmp/work/dist/organizationswitcher_clerk.browser_df51fe_5.62.2-canary.v20250424160306.js -> /output/organizationswitcher_clerk.browser_df51fe_5.62.2-canary.v20250424160306.js.br
2025/06/27 12:02:33 gz /tmp/work/dist/organizationswitcher_clerk.browser_df51fe_5.62.2-canary.v20250424160306.js -> /output/organizationswitcher_clerk.browser_df51fe_5.62.2-canary.v20250424160306.js.gz
2025/06/27 12:02:33 compress: run /node_modules/uglify-js/bin/uglifyjs (3.15.4) [--mangle --compress if_return=true -o /tmp/work/dist/organizationswitcher_clerk.legacy.browser_339638_5.62.2-canary.v20250424160306.min.js /tmp/work/dist/organizationswitcher_clerk.legacy.browser_339638_5.62.2-canary.v20250424160306.js]
2025/06/27 12:02:33 sri /tmp/work/dist/organizationprofile_clerk.browser_df51fe_5.62.2-canary.v20250424160306.min.js -> /output/organizationprofile_clerk.browser_df51fe_5.62.2-canary.v20250424160306.min.js.sri
2025/06/27 12:02:33 algorithm: run /usr/bin/brotli --quality=11 --output=/output/organizationprofile_clerk.browser_df51fe_5.62.2-canary.v20250424160306.min.js.br /tmp/work/dist/organizationprofile_clerk.browser_df51fe_5.62.2-canary.v20250424160306.min.js
2025/06/27 12:02:33 br /tmp/work/dist/organizationprofile_clerk.browser_df51fe_5.62.2-canary.v20250424160306.min.js -> /output/organizationprofile_clerk.browser_df51fe_5.62.2-canary.v20250424160306.min.js.br
2025/06/27 12:02:33 gz /tmp/work/dist/organizationprofile_clerk.browser_df51fe_5.62.2-canary.v20250424160306.min.js -> /output/organizationprofile_clerk.browser_df51fe_5.62.2-canary.v20250424160306.min.js.gz
2025/06/27 12:02:33 sri /tmp/work/dist/organizationprofile_clerk.browser_df51fe_5.62.2-canary.v20250424160306.js -> /output/organizationprofile_clerk.browser_df51fe_5.62.2-canary.v20250424160306.js.sri
2025/06/27 12:02:33 algorithm: run /usr/bin/brotli --quality=11 --output=/output/organizationprofile_clerk.browser_df51fe_5.62.2-canary.v20250424160306.js.br /tmp/work/dist/organizationprofile_clerk.browser_df51fe_5.62.2-canary.v20250424160306.js
2025/06/27 12:02:33 br /tmp/work/dist/organizationprofile_clerk.browser_df51fe_5.62.2-canary.v20250424160306.js -> /output/organizationprofile_clerk.browser_df51fe_5.62.2-canary.v20250424160306.js.br
2025/06/27 12:02:33 gz /tmp/work/dist/organizationprofile_clerk.browser_df51fe_5.62.2-canary.v20250424160306.js -> /output/organizationprofile_clerk.browser_df51fe_5.62.2-canary.v20250424160306.js.gz
2025/06/27 12:02:33 compress: run /node_modules/uglify-js/bin/uglifyjs (3.15.4) [--mangle --compress if_return=true -o /tmp/work/dist/paymentSources_clerk.browser_df51fe_5.62.2-canary.v20250424160306.min.js /tmp/work/dist/paymentSources_clerk.browser_df51fe_5.62.2-canary.v20250424160306.js]
2025/06/27 12:02:34 sri /tmp/work/dist/organizationswitcher_clerk.legacy.browser_339638_5.62.2-canary.v20250424160306.min.js -> /output/organizationswitcher_clerk.legacy.browser_339638_5.62.2-canary.v20250424160306.min.js.sri
2025/06/27 12:02:34 algorithm: run /usr/bin/brotli --quality=11 --output=/output/organizationswitcher_clerk.legacy.browser_339638_5.62.2-canary.v20250424160306.min.js.br /tmp/work/dist/organizationswitcher_clerk.legacy.browser_339638_5.62.2-canary.v20250424160306.min.js
2025/06/27 12:02:34 br /tmp/work/dist/organizationswitcher_clerk.legacy.browser_339638_5.62.2-canary.v20250424160306.min.js -> /output/organizationswitcher_clerk.legacy.browser_339638_5.62.2-canary.v20250424160306.min.js.br
2025/06/27 12:02:34 gz /tmp/work/dist/organizationswitcher_clerk.legacy.browser_339638_5.62.2-canary.v20250424160306.min.js -> /output/organizationswitcher_clerk.legacy.browser_339638_5.62.2-canary.v20250424160306.min.js.gz
2025/06/27 12:02:34 sri /tmp/work/dist/organizationswitcher_clerk.legacy.browser_339638_5.62.2-canary.v20250424160306.js -> /output/organizationswitcher_clerk.legacy.browser_339638_5.62.2-canary.v20250424160306.js.sri
2025/06/27 12:02:34 algorithm: run /usr/bin/brotli --quality=11 --output=/output/organizationswitcher_clerk.legacy.browser_339638_5.62.2-canary.v20250424160306.js.br /tmp/work/dist/organizationswitcher_clerk.legacy.browser_339638_5.62.2-canary.v20250424160306.js
2025/06/27 12:02:34 br /tmp/work/dist/organizationswitcher_clerk.legacy.browser_339638_5.62.2-canary.v20250424160306.js -> /output/organizationswitcher_clerk.legacy.browser_339638_5.62.2-canary.v20250424160306.js.br
2025/06/27 12:02:34 gz /tmp/work/dist/organizationswitcher_clerk.legacy.browser_339638_5.62.2-canary.v20250424160306.js -> /output/organizationswitcher_clerk.legacy.browser_339638_5.62.2-canary.v20250424160306.js.gz
2025/06/27 12:02:34 compress: run /node_modules/uglify-js/bin/uglifyjs (3.15.4) [--mangle --compress if_return=true -o /tmp/work/dist/paymentSources_clerk.legacy.browser_339638_5.62.2-canary.v20250424160306.min.js /tmp/work/dist/paymentSources_clerk.legacy.browser_339638_5.62.2-canary.v20250424160306.js]
2025/06/27 12:02:34 sri /tmp/work/dist/organizationprofile_clerk.legacy.browser_339638_5.62.2-canary.v20250424160306.min.js -> /output/organizationprofile_clerk.legacy.browser_339638_5.62.2-canary.v20250424160306.min.js.sri
2025/06/27 12:02:34 algorithm: run /usr/bin/brotli --quality=11 --output=/output/organizationprofile_clerk.legacy.browser_339638_5.62.2-canary.v20250424160306.min.js.br /tmp/work/dist/organizationprofile_clerk.legacy.browser_339638_5.62.2-canary.v20250424160306.min.js
2025/06/27 12:02:34 br /tmp/work/dist/clerk.legacy.browser.js -> /output/clerk.legacy.browser.js.br
2025/06/27 12:02:34 gz /tmp/work/dist/clerk.legacy.browser.js -> /output/clerk.legacy.browser.js.gz
2025/06/27 12:02:34 compress: run /node_modules/uglify-js/bin/uglifyjs (3.15.4) [--mangle --compress if_return=true -o /tmp/work/dist/prefetchorganizationlist_clerk.browser_df51fe_5.62.2-canary.v20250424160306.min.js /tmp/work/dist/prefetchorganizationlist_clerk.browser_df51fe_5.62.2-canary.v20250424160306.js]
2025/06/27 12:02:34 br /tmp/work/dist/organizationprofile_clerk.legacy.browser_339638_5.62.2-canary.v20250424160306.min.js -> /output/organizationprofile_clerk.legacy.browser_339638_5.62.2-canary.v20250424160306.min.js.br
2025/06/27 12:02:34 gz /tmp/work/dist/organizationprofile_clerk.legacy.browser_339638_5.62.2-canary.v20250424160306.min.js -> /output/organizationprofile_clerk.legacy.browser_339638_5.62.2-canary.v20250424160306.min.js.gz
2025/06/27 12:02:34 sri /tmp/work/dist/organizationprofile_clerk.legacy.browser_339638_5.62.2-canary.v20250424160306.js -> /output/organizationprofile_clerk.legacy.browser_339638_5.62.2-canary.v20250424160306.js.sri
2025/06/27 12:02:34 algorithm: run /usr/bin/brotli --quality=11 --output=/output/organizationprofile_clerk.legacy.browser_339638_5.62.2-canary.v20250424160306.js.br /tmp/work/dist/organizationprofile_clerk.legacy.browser_339638_5.62.2-canary.v20250424160306.js
2025/06/27 12:02:34 br /tmp/work/dist/organizationprofile_clerk.legacy.browser_339638_5.62.2-canary.v20250424160306.js -> /output/organizationprofile_clerk.legacy.browser_339638_5.62.2-canary.v20250424160306.js.br
2025/06/27 12:02:34 gz /tmp/work/dist/organizationprofile_clerk.legacy.browser_339638_5.62.2-canary.v20250424160306.js -> /output/organizationprofile_clerk.legacy.browser_339638_5.62.2-canary.v20250424160306.js.gz
2025/06/27 12:02:34 compress: run /node_modules/uglify-js/bin/uglifyjs (3.15.4) [--mangle --compress if_return=true -o /tmp/work/dist/prefetchorganizationlist_clerk.legacy.browser_339638_5.62.2-canary.v20250424160306.min.js /tmp/work/dist/prefetchorganizationlist_clerk.legacy.browser_339638_5.62.2-canary.v20250424160306.js]
2025/06/27 12:02:34 sri /tmp/work/dist/prefetchorganizationlist_clerk.browser_df51fe_5.62.2-canary.v20250424160306.min.js -> /output/prefetchorganizationlist_clerk.browser_df51fe_5.62.2-canary.v20250424160306.min.js.sri
2025/06/27 12:02:34 algorithm: run /usr/bin/brotli --quality=11 --output=/output/prefetchorganizationlist_clerk.browser_df51fe_5.62.2-canary.v20250424160306.min.js.br /tmp/work/dist/prefetchorganizationlist_clerk.browser_df51fe_5.62.2-canary.v20250424160306.min.js
2025/06/27 12:02:34 br /tmp/work/dist/prefetchorganizationlist_clerk.browser_df51fe_5.62.2-canary.v20250424160306.min.js -> /output/prefetchorganizationlist_clerk.browser_df51fe_5.62.2-canary.v20250424160306.min.js.br
2025/06/27 12:02:34 gz /tmp/work/dist/prefetchorganizationlist_clerk.browser_df51fe_5.62.2-canary.v20250424160306.min.js -> /output/prefetchorganizationlist_clerk.browser_df51fe_5.62.2-canary.v20250424160306.min.js.gz
2025/06/27 12:02:34 sri /tmp/work/dist/prefetchorganizationlist_clerk.browser_df51fe_5.62.2-canary.v20250424160306.js -> /output/prefetchorganizationlist_clerk.browser_df51fe_5.62.2-canary.v20250424160306.js.sri
2025/06/27 12:02:34 algorithm: run /usr/bin/brotli --quality=11 --output=/output/prefetchorganizationlist_clerk.browser_df51fe_5.62.2-canary.v20250424160306.js.br /tmp/work/dist/prefetchorganizationlist_clerk.browser_df51fe_5.62.2-canary.v20250424160306.js
2025/06/27 12:02:34 br /tmp/work/dist/prefetchorganizationlist_clerk.browser_df51fe_5.62.2-canary.v20250424160306.js -> /output/prefetchorganizationlist_clerk.browser_df51fe_5.62.2-canary.v20250424160306.js.br
2025/06/27 12:02:34 gz /tmp/work/dist/prefetchorganizationlist_clerk.browser_df51fe_5.62.2-canary.v20250424160306.js -> /output/prefetchorganizationlist_clerk.browser_df51fe_5.62.2-canary.v20250424160306.js.gz
2025/06/27 12:02:34 compress: run /node_modules/uglify-js/bin/uglifyjs (3.15.4) [--mangle --compress if_return=true -o /tmp/work/dist/pricingTable_clerk.browser_df51fe_5.62.2-canary.v20250424160306.min.js /tmp/work/dist/pricingTable_clerk.browser_df51fe_5.62.2-canary.v20250424160306.js]
2025/06/27 12:02:34 sri /tmp/work/dist/prefetchorganizationlist_clerk.legacy.browser_339638_5.62.2-canary.v20250424160306.min.js -> /output/prefetchorganizationlist_clerk.legacy.browser_339638_5.62.2-canary.v20250424160306.min.js.sri
2025/06/27 12:02:34 algorithm: run /usr/bin/brotli --quality=11 --output=/output/prefetchorganizationlist_clerk.legacy.browser_339638_5.62.2-canary.v20250424160306.min.js.br /tmp/work/dist/prefetchorganizationlist_clerk.legacy.browser_339638_5.62.2-canary.v20250424160306.min.js
2025/06/27 12:02:34 br /tmp/work/dist/prefetchorganizationlist_clerk.legacy.browser_339638_5.62.2-canary.v20250424160306.min.js -> /output/prefetchorganizationlist_clerk.legacy.browser_339638_5.62.2-canary.v20250424160306.min.js.br
2025/06/27 12:02:34 gz /tmp/work/dist/prefetchorganizationlist_clerk.legacy.browser_339638_5.62.2-canary.v20250424160306.min.js -> /output/prefetchorganizationlist_clerk.legacy.browser_339638_5.62.2-canary.v20250424160306.min.js.gz
2025/06/27 12:02:34 sri /tmp/work/dist/prefetchorganizationlist_clerk.legacy.browser_339638_5.62.2-canary.v20250424160306.js -> /output/prefetchorganizationlist_clerk.legacy.browser_339638_5.62.2-canary.v20250424160306.js.sri
2025/06/27 12:02:34 algorithm: run /usr/bin/brotli --quality=11 --output=/output/prefetchorganizationlist_clerk.legacy.browser_339638_5.62.2-canary.v20250424160306.js.br /tmp/work/dist/prefetchorganizationlist_clerk.legacy.browser_339638_5.62.2-canary.v20250424160306.js
2025/06/27 12:02:34 br /tmp/work/dist/prefetchorganizationlist_clerk.legacy.browser_339638_5.62.2-canary.v20250424160306.js -> /output/prefetchorganizationlist_clerk.legacy.browser_339638_5.62.2-canary.v20250424160306.js.br
2025/06/27 12:02:34 gz /tmp/work/dist/prefetchorganizationlist_clerk.legacy.browser_339638_5.62.2-canary.v20250424160306.js -> /output/prefetchorganizationlist_clerk.legacy.browser_339638_5.62.2-canary.v20250424160306.js.gz
2025/06/27 12:02:34 compress: run /node_modules/uglify-js/bin/uglifyjs (3.15.4) [--mangle --compress if_return=true -o /tmp/work/dist/pricingTable_clerk.legacy.browser_339638_5.62.2-canary.v20250424160306.min.js /tmp/work/dist/pricingTable_clerk.legacy.browser_339638_5.62.2-canary.v20250424160306.js]
2025/06/27 12:02:35 sri /tmp/work/dist/framework_clerk.browser_df51fe_5.62.2-canary.v20250424160306.min.js -> /output/framework_clerk.browser_df51fe_5.62.2-canary.v20250424160306.min.js.sri
2025/06/27 12:02:35 algorithm: run /usr/bin/brotli --quality=11 --output=/output/framework_clerk.browser_df51fe_5.62.2-canary.v20250424160306.min.js.br /tmp/work/dist/framework_clerk.browser_df51fe_5.62.2-canary.v20250424160306.min.js
2025/06/27 12:02:35 sri /tmp/work/dist/framework_clerk.legacy.browser_339638_5.62.2-canary.v20250424160306.min.js -> /output/framework_clerk.legacy.browser_339638_5.62.2-canary.v20250424160306.min.js.sri
2025/06/27 12:02:35 algorithm: run /usr/bin/brotli --quality=11 --output=/output/framework_clerk.legacy.browser_339638_5.62.2-canary.v20250424160306.min.js.br /tmp/work/dist/framework_clerk.legacy.browser_339638_5.62.2-canary.v20250424160306.min.js
2025/06/27 12:02:35 sri /tmp/work/dist/paymentSources_clerk.browser_df51fe_5.62.2-canary.v20250424160306.min.js -> /output/paymentSources_clerk.browser_df51fe_5.62.2-canary.v20250424160306.min.js.sri
2025/06/27 12:02:35 algorithm: run /usr/bin/brotli --quality=11 --output=/output/paymentSources_clerk.browser_df51fe_5.62.2-canary.v20250424160306.min.js.br /tmp/work/dist/paymentSources_clerk.browser_df51fe_5.62.2-canary.v20250424160306.min.js
2025/06/27 12:02:35 br /tmp/work/dist/paymentSources_clerk.browser_df51fe_5.62.2-canary.v20250424160306.min.js -> /output/paymentSources_clerk.browser_df51fe_5.62.2-canary.v20250424160306.min.js.br
2025/06/27 12:02:35 gz /tmp/work/dist/paymentSources_clerk.browser_df51fe_5.62.2-canary.v20250424160306.min.js -> /output/paymentSources_clerk.browser_df51fe_5.62.2-canary.v20250424160306.min.js.gz
2025/06/27 12:02:35 sri /tmp/work/dist/paymentSources_clerk.browser_df51fe_5.62.2-canary.v20250424160306.js -> /output/paymentSources_clerk.browser_df51fe_5.62.2-canary.v20250424160306.js.sri
2025/06/27 12:02:35 algorithm: run /usr/bin/brotli --quality=11 --output=/output/paymentSources_clerk.browser_df51fe_5.62.2-canary.v20250424160306.js.br /tmp/work/dist/paymentSources_clerk.browser_df51fe_5.62.2-canary.v20250424160306.js
2025/06/27 12:02:35 br /tmp/work/dist/paymentSources_clerk.browser_df51fe_5.62.2-canary.v20250424160306.js -> /output/paymentSources_clerk.browser_df51fe_5.62.2-canary.v20250424160306.js.br
2025/06/27 12:02:35 gz /tmp/work/dist/paymentSources_clerk.browser_df51fe_5.62.2-canary.v20250424160306.js -> /output/paymentSources_clerk.browser_df51fe_5.62.2-canary.v20250424160306.js.gz
2025/06/27 12:02:35 compress: run /node_modules/uglify-js/bin/uglifyjs (3.15.4) [--mangle --compress if_return=true -o /tmp/work/dist/sessionTasks_clerk.browser_df51fe_5.62.2-canary.v20250424160306.min.js /tmp/work/dist/sessionTasks_clerk.browser_df51fe_5.62.2-canary.v20250424160306.js]
2025/06/27 12:02:35 br /tmp/work/dist/framework_clerk.browser_df51fe_5.62.2-canary.v20250424160306.min.js -> /output/framework_clerk.browser_df51fe_5.62.2-canary.v20250424160306.min.js.br
2025/06/27 12:02:35 gz /tmp/work/dist/framework_clerk.browser_df51fe_5.62.2-canary.v20250424160306.min.js -> /output/framework_clerk.browser_df51fe_5.62.2-canary.v20250424160306.min.js.gz
2025/06/27 12:02:35 sri /tmp/work/dist/framework_clerk.browser_df51fe_5.62.2-canary.v20250424160306.js -> /output/framework_clerk.browser_df51fe_5.62.2-canary.v20250424160306.js.sri
2025/06/27 12:02:35 algorithm: run /usr/bin/brotli --quality=11 --output=/output/framework_clerk.browser_df51fe_5.62.2-canary.v20250424160306.js.br /tmp/work/dist/framework_clerk.browser_df51fe_5.62.2-canary.v20250424160306.js
2025/06/27 12:02:35 sri /tmp/work/dist/pricingTable_clerk.browser_df51fe_5.62.2-canary.v20250424160306.min.js -> /output/pricingTable_clerk.browser_df51fe_5.62.2-canary.v20250424160306.min.js.sri
2025/06/27 12:02:35 algorithm: run /usr/bin/brotli --quality=11 --output=/output/pricingTable_clerk.browser_df51fe_5.62.2-canary.v20250424160306.min.js.br /tmp/work/dist/pricingTable_clerk.browser_df51fe_5.62.2-canary.v20250424160306.min.js
2025/06/27 12:02:35 br /tmp/work/dist/pricingTable_clerk.browser_df51fe_5.62.2-canary.v20250424160306.min.js -> /output/pricingTable_clerk.browser_df51fe_5.62.2-canary.v20250424160306.min.js.br
2025/06/27 12:02:35 gz /tmp/work/dist/pricingTable_clerk.browser_df51fe_5.62.2-canary.v20250424160306.min.js -> /output/pricingTable_clerk.browser_df51fe_5.62.2-canary.v20250424160306.min.js.gz
2025/06/27 12:02:35 sri /tmp/work/dist/pricingTable_clerk.browser_df51fe_5.62.2-canary.v20250424160306.js -> /output/pricingTable_clerk.browser_df51fe_5.62.2-canary.v20250424160306.js.sri
2025/06/27 12:02:35 algorithm: run /usr/bin/brotli --quality=11 --output=/output/pricingTable_clerk.browser_df51fe_5.62.2-canary.v20250424160306.js.br /tmp/work/dist/pricingTable_clerk.browser_df51fe_5.62.2-canary.v20250424160306.js
2025/06/27 12:02:35 br /tmp/work/dist/framework_clerk.legacy.browser_339638_5.62.2-canary.v20250424160306.min.js -> /output/framework_clerk.legacy.browser_339638_5.62.2-canary.v20250424160306.min.js.br
2025/06/27 12:02:35 br /tmp/work/dist/pricingTable_clerk.browser_df51fe_5.62.2-canary.v20250424160306.js -> /output/pricingTable_clerk.browser_df51fe_5.62.2-canary.v20250424160306.js.br
2025/06/27 12:02:35 gz /tmp/work/dist/pricingTable_clerk.browser_df51fe_5.62.2-canary.v20250424160306.js -> /output/pricingTable_clerk.browser_df51fe_5.62.2-canary.v20250424160306.js.gz
2025/06/27 12:02:35 compress: run /node_modules/uglify-js/bin/uglifyjs (3.15.4) [--mangle --compress if_return=true -o /tmp/work/dist/sessionTasks_clerk.legacy.browser_339638_5.62.2-canary.v20250424160306.min.js /tmp/work/dist/sessionTasks_clerk.legacy.browser_339638_5.62.2-canary.v20250424160306.js]
2025/06/27 12:02:35 gz /tmp/work/dist/framework_clerk.legacy.browser_339638_5.62.2-canary.v20250424160306.min.js -> /output/framework_clerk.legacy.browser_339638_5.62.2-canary.v20250424160306.min.js.gz
2025/06/27 12:02:35 sri /tmp/work/dist/framework_clerk.legacy.browser_339638_5.62.2-canary.v20250424160306.js -> /output/framework_clerk.legacy.browser_339638_5.62.2-canary.v20250424160306.js.sri
2025/06/27 12:02:35 algorithm: run /usr/bin/brotli --quality=11 --output=/output/framework_clerk.legacy.browser_339638_5.62.2-canary.v20250424160306.js.br /tmp/work/dist/framework_clerk.legacy.browser_339638_5.62.2-canary.v20250424160306.js
2025/06/27 12:02:35 sri /tmp/work/dist/sessionTasks_clerk.browser_df51fe_5.62.2-canary.v20250424160306.min.js -> /output/sessionTasks_clerk.browser_df51fe_5.62.2-canary.v20250424160306.min.js.sri
2025/06/27 12:02:35 algorithm: run /usr/bin/brotli --quality=11 --output=/output/sessionTasks_clerk.browser_df51fe_5.62.2-canary.v20250424160306.min.js.br /tmp/work/dist/sessionTasks_clerk.browser_df51fe_5.62.2-canary.v20250424160306.min.js
2025/06/27 12:02:35 br /tmp/work/dist/sessionTasks_clerk.browser_df51fe_5.62.2-canary.v20250424160306.min.js -> /output/sessionTasks_clerk.browser_df51fe_5.62.2-canary.v20250424160306.min.js.br
2025/06/27 12:02:35 gz /tmp/work/dist/sessionTasks_clerk.browser_df51fe_5.62.2-canary.v20250424160306.min.js -> /output/sessionTasks_clerk.browser_df51fe_5.62.2-canary.v20250424160306.min.js.gz
2025/06/27 12:02:35 sri /tmp/work/dist/sessionTasks_clerk.browser_df51fe_5.62.2-canary.v20250424160306.js -> /output/sessionTasks_clerk.browser_df51fe_5.62.2-canary.v20250424160306.js.sri
2025/06/27 12:02:35 algorithm: run /usr/bin/brotli --quality=11 --output=/output/sessionTasks_clerk.browser_df51fe_5.62.2-canary.v20250424160306.js.br /tmp/work/dist/sessionTasks_clerk.browser_df51fe_5.62.2-canary.v20250424160306.js
2025/06/27 12:02:35 sri /tmp/work/dist/pricingTable_clerk.legacy.browser_339638_5.62.2-canary.v20250424160306.min.js -> /output/pricingTable_clerk.legacy.browser_339638_5.62.2-canary.v20250424160306.min.js.sri
2025/06/27 12:02:35 algorithm: run /usr/bin/brotli --quality=11 --output=/output/pricingTable_clerk.legacy.browser_339638_5.62.2-canary.v20250424160306.min.js.br /tmp/work/dist/pricingTable_clerk.legacy.browser_339638_5.62.2-canary.v20250424160306.min.js
2025/06/27 12:02:35 br /tmp/work/dist/sessionTasks_clerk.browser_df51fe_5.62.2-canary.v20250424160306.js -> /output/sessionTasks_clerk.browser_df51fe_5.62.2-canary.v20250424160306.js.br
2025/06/27 12:02:35 gz /tmp/work/dist/sessionTasks_clerk.browser_df51fe_5.62.2-canary.v20250424160306.js -> /output/sessionTasks_clerk.browser_df51fe_5.62.2-canary.v20250424160306.js.gz
2025/06/27 12:02:35 compress: run /node_modules/uglify-js/bin/uglifyjs (3.15.4) [--mangle --compress if_return=true -o /tmp/work/dist/signin_clerk.browser_df51fe_5.62.2-canary.v20250424160306.min.js /tmp/work/dist/signin_clerk.browser_df51fe_5.62.2-canary.v20250424160306.js]
2025/06/27 12:02:35 sri /tmp/work/dist/paymentSources_clerk.legacy.browser_339638_5.62.2-canary.v20250424160306.min.js -> /output/paymentSources_clerk.legacy.browser_339638_5.62.2-canary.v20250424160306.min.js.sri
2025/06/27 12:02:35 algorithm: run /usr/bin/brotli --quality=11 --output=/output/paymentSources_clerk.legacy.browser_339638_5.62.2-canary.v20250424160306.min.js.br /tmp/work/dist/paymentSources_clerk.legacy.browser_339638_5.62.2-canary.v20250424160306.min.js
2025/06/27 12:02:35 br /tmp/work/dist/pricingTable_clerk.legacy.browser_339638_5.62.2-canary.v20250424160306.min.js -> /output/pricingTable_clerk.legacy.browser_339638_5.62.2-canary.v20250424160306.min.js.br
2025/06/27 12:02:35 gz /tmp/work/dist/pricingTable_clerk.legacy.browser_339638_5.62.2-canary.v20250424160306.min.js -> /output/pricingTable_clerk.legacy.browser_339638_5.62.2-canary.v20250424160306.min.js.gz
2025/06/27 12:02:35 sri /tmp/work/dist/pricingTable_clerk.legacy.browser_339638_5.62.2-canary.v20250424160306.js -> /output/pricingTable_clerk.legacy.browser_339638_5.62.2-canary.v20250424160306.js.sri
2025/06/27 12:02:35 algorithm: run /usr/bin/brotli --quality=11 --output=/output/pricingTable_clerk.legacy.browser_339638_5.62.2-canary.v20250424160306.js.br /tmp/work/dist/pricingTable_clerk.legacy.browser_339638_5.62.2-canary.v20250424160306.js
2025/06/27 12:02:35 br /tmp/work/dist/framework_clerk.browser_df51fe_5.62.2-canary.v20250424160306.js -> /output/framework_clerk.browser_df51fe_5.62.2-canary.v20250424160306.js.br
2025/06/27 12:02:36 br /tmp/work/dist/paymentSources_clerk.legacy.browser_339638_5.62.2-canary.v20250424160306.min.js -> /output/paymentSources_clerk.legacy.browser_339638_5.62.2-canary.v20250424160306.min.js.br
2025/06/27 12:02:36 gz /tmp/work/dist/paymentSources_clerk.legacy.browser_339638_5.62.2-canary.v20250424160306.min.js -> /output/paymentSources_clerk.legacy.browser_339638_5.62.2-canary.v20250424160306.min.js.gz
2025/06/27 12:02:36 sri /tmp/work/dist/paymentSources_clerk.legacy.browser_339638_5.62.2-canary.v20250424160306.js -> /output/paymentSources_clerk.legacy.browser_339638_5.62.2-canary.v20250424160306.js.sri
2025/06/27 12:02:36 algorithm: run /usr/bin/brotli --quality=11 --output=/output/paymentSources_clerk.legacy.browser_339638_5.62.2-canary.v20250424160306.js.br /tmp/work/dist/paymentSources_clerk.legacy.browser_339638_5.62.2-canary.v20250424160306.js
2025/06/27 12:02:36 gz /tmp/work/dist/framework_clerk.browser_df51fe_5.62.2-canary.v20250424160306.js -> /output/framework_clerk.browser_df51fe_5.62.2-canary.v20250424160306.js.gz
2025/06/27 12:02:36 compress: run /node_modules/uglify-js/bin/uglifyjs (3.15.4) [--mangle --compress if_return=true -o /tmp/work/dist/signin_clerk.legacy.browser_339638_5.62.2-canary.v20250424160306.min.js /tmp/work/dist/signin_clerk.legacy.browser_339638_5.62.2-canary.v20250424160306.js]
2025/06/27 12:02:36 br /tmp/work/dist/pricingTable_clerk.legacy.browser_339638_5.62.2-canary.v20250424160306.js -> /output/pricingTable_clerk.legacy.browser_339638_5.62.2-canary.v20250424160306.js.br
2025/06/27 12:02:36 gz /tmp/work/dist/pricingTable_clerk.legacy.browser_339638_5.62.2-canary.v20250424160306.js -> /output/pricingTable_clerk.legacy.browser_339638_5.62.2-canary.v20250424160306.js.gz
2025/06/27 12:02:36 compress: run /node_modules/uglify-js/bin/uglifyjs (3.15.4) [--mangle --compress if_return=true -o /tmp/work/dist/signup_clerk.browser_df51fe_5.62.2-canary.v20250424160306.min.js /tmp/work/dist/signup_clerk.browser_df51fe_5.62.2-canary.v20250424160306.js]
2025/06/27 12:02:36 br /tmp/work/dist/paymentSources_clerk.legacy.browser_339638_5.62.2-canary.v20250424160306.js -> /output/paymentSources_clerk.legacy.browser_339638_5.62.2-canary.v20250424160306.js.br
2025/06/27 12:02:36 gz /tmp/work/dist/paymentSources_clerk.legacy.browser_339638_5.62.2-canary.v20250424160306.js -> /output/paymentSources_clerk.legacy.browser_339638_5.62.2-canary.v20250424160306.js.gz
2025/06/27 12:02:36 compress: run /node_modules/uglify-js/bin/uglifyjs (3.15.4) [--mangle --compress if_return=true -o /tmp/work/dist/signup_clerk.legacy.browser_339638_5.62.2-canary.v20250424160306.min.js /tmp/work/dist/signup_clerk.legacy.browser_339638_5.62.2-canary.v20250424160306.js]
2025/06/27 12:02:36 br /tmp/work/dist/framework_clerk.legacy.browser_339638_5.62.2-canary.v20250424160306.js -> /output/framework_clerk.legacy.browser_339638_5.62.2-canary.v20250424160306.js.br
2025/06/27 12:02:36 gz /tmp/work/dist/framework_clerk.legacy.browser_339638_5.62.2-canary.v20250424160306.js -> /output/framework_clerk.legacy.browser_339638_5.62.2-canary.v20250424160306.js.gz
2025/06/27 12:02:36 compress: run /node_modules/uglify-js/bin/uglifyjs (3.15.4) [--mangle --compress if_return=true -o /tmp/work/dist/subscriptionDetails_clerk.browser_df51fe_5.62.2-canary.v20250424160306.min.js /tmp/work/dist/subscriptionDetails_clerk.browser_df51fe_5.62.2-canary.v20250424160306.js]
2025/06/27 12:02:36 sri /tmp/work/dist/sessionTasks_clerk.legacy.browser_339638_5.62.2-canary.v20250424160306.min.js -> /output/sessionTasks_clerk.legacy.browser_339638_5.62.2-canary.v20250424160306.min.js.sri
2025/06/27 12:02:36 algorithm: run /usr/bin/brotli --quality=11 --output=/output/sessionTasks_clerk.legacy.browser_339638_5.62.2-canary.v20250424160306.min.js.br /tmp/work/dist/sessionTasks_clerk.legacy.browser_339638_5.62.2-canary.v20250424160306.min.js
2025/06/27 12:02:36 br /tmp/work/dist/sessionTasks_clerk.legacy.browser_339638_5.62.2-canary.v20250424160306.min.js -> /output/sessionTasks_clerk.legacy.browser_339638_5.62.2-canary.v20250424160306.min.js.br
2025/06/27 12:02:36 gz /tmp/work/dist/sessionTasks_clerk.legacy.browser_339638_5.62.2-canary.v20250424160306.min.js -> /output/sessionTasks_clerk.legacy.browser_339638_5.62.2-canary.v20250424160306.min.js.gz
2025/06/27 12:02:36 sri /tmp/work/dist/sessionTasks_clerk.legacy.browser_339638_5.62.2-canary.v20250424160306.js -> /output/sessionTasks_clerk.legacy.browser_339638_5.62.2-canary.v20250424160306.js.sri
2025/06/27 12:02:36 algorithm: run /usr/bin/brotli --quality=11 --output=/output/sessionTasks_clerk.legacy.browser_339638_5.62.2-canary.v20250424160306.js.br /tmp/work/dist/sessionTasks_clerk.legacy.browser_339638_5.62.2-canary.v20250424160306.js
2025/06/27 12:02:36 br /tmp/work/dist/sessionTasks_clerk.legacy.browser_339638_5.62.2-canary.v20250424160306.js -> /output/sessionTasks_clerk.legacy.browser_339638_5.62.2-canary.v20250424160306.js.br
2025/06/27 12:02:36 gz /tmp/work/dist/sessionTasks_clerk.legacy.browser_339638_5.62.2-canary.v20250424160306.js -> /output/sessionTasks_clerk.legacy.browser_339638_5.62.2-canary.v20250424160306.js.gz
2025/06/27 12:02:36 compress: run /node_modules/uglify-js/bin/uglifyjs (3.15.4) [--mangle --compress if_return=true -o /tmp/work/dist/subscriptionDetails_clerk.legacy.browser_339638_5.62.2-canary.v20250424160306.min.js /tmp/work/dist/subscriptionDetails_clerk.legacy.browser_339638_5.62.2-canary.v20250424160306.js]
2025/06/27 12:02:36 sri /tmp/work/dist/subscriptionDetails_clerk.browser_df51fe_5.62.2-canary.v20250424160306.min.js -> /output/subscriptionDetails_clerk.browser_df51fe_5.62.2-canary.v20250424160306.min.js.sri
2025/06/27 12:02:36 algorithm: run /usr/bin/brotli --quality=11 --output=/output/subscriptionDetails_clerk.browser_df51fe_5.62.2-canary.v20250424160306.min.js.br /tmp/work/dist/subscriptionDetails_clerk.browser_df51fe_5.62.2-canary.v20250424160306.min.js
2025/06/27 12:02:36 br /tmp/work/dist/subscriptionDetails_clerk.browser_df51fe_5.62.2-canary.v20250424160306.min.js -> /output/subscriptionDetails_clerk.browser_df51fe_5.62.2-canary.v20250424160306.min.js.br
2025/06/27 12:02:36 gz /tmp/work/dist/subscriptionDetails_clerk.browser_df51fe_5.62.2-canary.v20250424160306.min.js -> /output/subscriptionDetails_clerk.browser_df51fe_5.62.2-canary.v20250424160306.min.js.gz
2025/06/27 12:02:36 sri /tmp/work/dist/subscriptionDetails_clerk.browser_df51fe_5.62.2-canary.v20250424160306.js -> /output/subscriptionDetails_clerk.browser_df51fe_5.62.2-canary.v20250424160306.js.sri
2025/06/27 12:02:36 algorithm: run /usr/bin/brotli --quality=11 --output=/output/subscriptionDetails_clerk.browser_df51fe_5.62.2-canary.v20250424160306.js.br /tmp/work/dist/subscriptionDetails_clerk.browser_df51fe_5.62.2-canary.v20250424160306.js
2025/06/27 12:02:36 br /tmp/work/dist/subscriptionDetails_clerk.browser_df51fe_5.62.2-canary.v20250424160306.js -> /output/subscriptionDetails_clerk.browser_df51fe_5.62.2-canary.v20250424160306.js.br
2025/06/27 12:02:36 gz /tmp/work/dist/subscriptionDetails_clerk.browser_df51fe_5.62.2-canary.v20250424160306.js -> /output/subscriptionDetails_clerk.browser_df51fe_5.62.2-canary.v20250424160306.js.gz
2025/06/27 12:02:36 compress: run /node_modules/uglify-js/bin/uglifyjs (3.15.4) [--mangle --compress if_return=true -o /tmp/work/dist/ui-common_clerk.browser_df51fe_5.62.2-canary.v20250424160306.min.js /tmp/work/dist/ui-common_clerk.browser_df51fe_5.62.2-canary.v20250424160306.js]
2025/06/27 12:02:36 sri /tmp/work/dist/subscriptionDetails_clerk.legacy.browser_339638_5.62.2-canary.v20250424160306.min.js -> /output/subscriptionDetails_clerk.legacy.browser_339638_5.62.2-canary.v20250424160306.min.js.sri
2025/06/27 12:02:36 algorithm: run /usr/bin/brotli --quality=11 --output=/output/subscriptionDetails_clerk.legacy.browser_339638_5.62.2-canary.v20250424160306.min.js.br /tmp/work/dist/subscriptionDetails_clerk.legacy.browser_339638_5.62.2-canary.v20250424160306.min.js
2025/06/27 12:02:36 br /tmp/work/dist/subscriptionDetails_clerk.legacy.browser_339638_5.62.2-canary.v20250424160306.min.js -> /output/subscriptionDetails_clerk.legacy.browser_339638_5.62.2-canary.v20250424160306.min.js.br
2025/06/27 12:02:36 gz /tmp/work/dist/subscriptionDetails_clerk.legacy.browser_339638_5.62.2-canary.v20250424160306.min.js -> /output/subscriptionDetails_clerk.legacy.browser_339638_5.62.2-canary.v20250424160306.min.js.gz
2025/06/27 12:02:36 sri /tmp/work/dist/subscriptionDetails_clerk.legacy.browser_339638_5.62.2-canary.v20250424160306.js -> /output/subscriptionDetails_clerk.legacy.browser_339638_5.62.2-canary.v20250424160306.js.sri
2025/06/27 12:02:36 algorithm: run /usr/bin/brotli --quality=11 --output=/output/subscriptionDetails_clerk.legacy.browser_339638_5.62.2-canary.v20250424160306.js.br /tmp/work/dist/subscriptionDetails_clerk.legacy.browser_339638_5.62.2-canary.v20250424160306.js
2025/06/27 12:02:36 br /tmp/work/dist/subscriptionDetails_clerk.legacy.browser_339638_5.62.2-canary.v20250424160306.js -> /output/subscriptionDetails_clerk.legacy.browser_339638_5.62.2-canary.v20250424160306.js.br
2025/06/27 12:02:36 gz /tmp/work/dist/subscriptionDetails_clerk.legacy.browser_339638_5.62.2-canary.v20250424160306.js -> /output/subscriptionDetails_clerk.legacy.browser_339638_5.62.2-canary.v20250424160306.js.gz
2025/06/27 12:02:36 compress: run /node_modules/uglify-js/bin/uglifyjs (3.15.4) [--mangle --compress if_return=true -o /tmp/work/dist/ui-common_clerk.legacy.browser_339638_5.62.2-canary.v20250424160306.min.js /tmp/work/dist/ui-common_clerk.legacy.browser_339638_5.62.2-canary.v20250424160306.js]
2025/06/27 12:02:37 sri /tmp/work/dist/signup_clerk.browser_df51fe_5.62.2-canary.v20250424160306.min.js -> /output/signup_clerk.browser_df51fe_5.62.2-canary.v20250424160306.min.js.sri
2025/06/27 12:02:37 algorithm: run /usr/bin/brotli --quality=11 --output=/output/signup_clerk.browser_df51fe_5.62.2-canary.v20250424160306.min.js.br /tmp/work/dist/signup_clerk.browser_df51fe_5.62.2-canary.v20250424160306.min.js
2025/06/27 12:02:37 br /tmp/work/dist/signup_clerk.browser_df51fe_5.62.2-canary.v20250424160306.min.js -> /output/signup_clerk.browser_df51fe_5.62.2-canary.v20250424160306.min.js.br
2025/06/27 12:02:37 gz /tmp/work/dist/signup_clerk.browser_df51fe_5.62.2-canary.v20250424160306.min.js -> /output/signup_clerk.browser_df51fe_5.62.2-canary.v20250424160306.min.js.gz
2025/06/27 12:02:37 sri /tmp/work/dist/signup_clerk.browser_df51fe_5.62.2-canary.v20250424160306.js -> /output/signup_clerk.browser_df51fe_5.62.2-canary.v20250424160306.js.sri
2025/06/27 12:02:37 algorithm: run /usr/bin/brotli --quality=11 --output=/output/signup_clerk.browser_df51fe_5.62.2-canary.v20250424160306.js.br /tmp/work/dist/signup_clerk.browser_df51fe_5.62.2-canary.v20250424160306.js
2025/06/27 12:02:37 br /tmp/work/dist/signup_clerk.browser_df51fe_5.62.2-canary.v20250424160306.js -> /output/signup_clerk.browser_df51fe_5.62.2-canary.v20250424160306.js.br
2025/06/27 12:02:37 gz /tmp/work/dist/signup_clerk.browser_df51fe_5.62.2-canary.v20250424160306.js -> /output/signup_clerk.browser_df51fe_5.62.2-canary.v20250424160306.js.gz
2025/06/27 12:02:37 compress: run /node_modules/uglify-js/bin/uglifyjs (3.15.4) [--mangle --compress if_return=true -o /tmp/work/dist/up-billing-page_clerk.browser_df51fe_5.62.2-canary.v20250424160306.min.js /tmp/work/dist/up-billing-page_clerk.browser_df51fe_5.62.2-canary.v20250424160306.js]
2025/06/27 12:02:37 sri /tmp/work/dist/signup_clerk.legacy.browser_339638_5.62.2-canary.v20250424160306.min.js -> /output/signup_clerk.legacy.browser_339638_5.62.2-canary.v20250424160306.min.js.sri
2025/06/27 12:02:37 algorithm: run /usr/bin/brotli --quality=11 --output=/output/signup_clerk.legacy.browser_339638_5.62.2-canary.v20250424160306.min.js.br /tmp/work/dist/signup_clerk.legacy.browser_339638_5.62.2-canary.v20250424160306.min.js
2025/06/27 12:02:37 br /tmp/work/dist/signup_clerk.legacy.browser_339638_5.62.2-canary.v20250424160306.min.js -> /output/signup_clerk.legacy.browser_339638_5.62.2-canary.v20250424160306.min.js.br
2025/06/27 12:02:37 gz /tmp/work/dist/signup_clerk.legacy.browser_339638_5.62.2-canary.v20250424160306.min.js -> /output/signup_clerk.legacy.browser_339638_5.62.2-canary.v20250424160306.min.js.gz
2025/06/27 12:02:37 sri /tmp/work/dist/signup_clerk.legacy.browser_339638_5.62.2-canary.v20250424160306.js -> /output/signup_clerk.legacy.browser_339638_5.62.2-canary.v20250424160306.js.sri
2025/06/27 12:02:37 algorithm: run /usr/bin/brotli --quality=11 --output=/output/signup_clerk.legacy.browser_339638_5.62.2-canary.v20250424160306.js.br /tmp/work/dist/signup_clerk.legacy.browser_339638_5.62.2-canary.v20250424160306.js
2025/06/27 12:02:37 br /tmp/work/dist/signup_clerk.legacy.browser_339638_5.62.2-canary.v20250424160306.js -> /output/signup_clerk.legacy.browser_339638_5.62.2-canary.v20250424160306.js.br
2025/06/27 12:02:37 gz /tmp/work/dist/signup_clerk.legacy.browser_339638_5.62.2-canary.v20250424160306.js -> /output/signup_clerk.legacy.browser_339638_5.62.2-canary.v20250424160306.js.gz
2025/06/27 12:02:37 compress: run /node_modules/uglify-js/bin/uglifyjs (3.15.4) [--mangle --compress if_return=true -o /tmp/work/dist/up-billing-page_clerk.legacy.browser_339638_5.62.2-canary.v20250424160306.min.js /tmp/work/dist/up-billing-page_clerk.legacy.browser_339638_5.62.2-canary.v20250424160306.js]
2025/06/27 12:02:37 sri /tmp/work/dist/up-billing-page_clerk.browser_df51fe_5.62.2-canary.v20250424160306.min.js -> /output/up-billing-page_clerk.browser_df51fe_5.62.2-canary.v20250424160306.min.js.sri
2025/06/27 12:02:37 algorithm: run /usr/bin/brotli --quality=11 --output=/output/up-billing-page_clerk.browser_df51fe_5.62.2-canary.v20250424160306.min.js.br /tmp/work/dist/up-billing-page_clerk.browser_df51fe_5.62.2-canary.v20250424160306.min.js
2025/06/27 12:02:37 br /tmp/work/dist/up-billing-page_clerk.browser_df51fe_5.62.2-canary.v20250424160306.min.js -> /output/up-billing-page_clerk.browser_df51fe_5.62.2-canary.v20250424160306.min.js.br
2025/06/27 12:02:37 gz /tmp/work/dist/up-billing-page_clerk.browser_df51fe_5.62.2-canary.v20250424160306.min.js -> /output/up-billing-page_clerk.browser_df51fe_5.62.2-canary.v20250424160306.min.js.gz
2025/06/27 12:02:37 sri /tmp/work/dist/up-billing-page_clerk.browser_df51fe_5.62.2-canary.v20250424160306.js -> /output/up-billing-page_clerk.browser_df51fe_5.62.2-canary.v20250424160306.js.sri
2025/06/27 12:02:37 algorithm: run /usr/bin/brotli --quality=11 --output=/output/up-billing-page_clerk.browser_df51fe_5.62.2-canary.v20250424160306.js.br /tmp/work/dist/up-billing-page_clerk.browser_df51fe_5.62.2-canary.v20250424160306.js
2025/06/27 12:02:37 br /tmp/work/dist/up-billing-page_clerk.browser_df51fe_5.62.2-canary.v20250424160306.js -> /output/up-billing-page_clerk.browser_df51fe_5.62.2-canary.v20250424160306.js.br
2025/06/27 12:02:37 gz /tmp/work/dist/up-billing-page_clerk.browser_df51fe_5.62.2-canary.v20250424160306.js -> /output/up-billing-page_clerk.browser_df51fe_5.62.2-canary.v20250424160306.js.gz
2025/06/27 12:02:37 compress: run /node_modules/uglify-js/bin/uglifyjs (3.15.4) [--mangle --compress if_return=true -o /tmp/work/dist/userbutton_clerk.browser_df51fe_5.62.2-canary.v20250424160306.min.js /tmp/work/dist/userbutton_clerk.browser_df51fe_5.62.2-canary.v20250424160306.js]
2025/06/27 12:02:38 sri /tmp/work/dist/signin_clerk.legacy.browser_339638_5.62.2-canary.v20250424160306.min.js -> /output/signin_clerk.legacy.browser_339638_5.62.2-canary.v20250424160306.min.js.sri
2025/06/27 12:02:38 algorithm: run /usr/bin/brotli --quality=11 --output=/output/signin_clerk.legacy.browser_339638_5.62.2-canary.v20250424160306.min.js.br /tmp/work/dist/signin_clerk.legacy.browser_339638_5.62.2-canary.v20250424160306.min.js
2025/06/27 12:02:38 sri /tmp/work/dist/up-billing-page_clerk.legacy.browser_339638_5.62.2-canary.v20250424160306.min.js -> /output/up-billing-page_clerk.legacy.browser_339638_5.62.2-canary.v20250424160306.min.js.sri
2025/06/27 12:02:38 algorithm: run /usr/bin/brotli --quality=11 --output=/output/up-billing-page_clerk.legacy.browser_339638_5.62.2-canary.v20250424160306.min.js.br /tmp/work/dist/up-billing-page_clerk.legacy.browser_339638_5.62.2-canary.v20250424160306.min.js
2025/06/27 12:02:38 br /tmp/work/dist/up-billing-page_clerk.legacy.browser_339638_5.62.2-canary.v20250424160306.min.js -> /output/up-billing-page_clerk.legacy.browser_339638_5.62.2-canary.v20250424160306.min.js.br
2025/06/27 12:02:38 gz /tmp/work/dist/up-billing-page_clerk.legacy.browser_339638_5.62.2-canary.v20250424160306.min.js -> /output/up-billing-page_clerk.legacy.browser_339638_5.62.2-canary.v20250424160306.min.js.gz
2025/06/27 12:02:38 sri /tmp/work/dist/up-billing-page_clerk.legacy.browser_339638_5.62.2-canary.v20250424160306.js -> /output/up-billing-page_clerk.legacy.browser_339638_5.62.2-canary.v20250424160306.js.sri
2025/06/27 12:02:38 algorithm: run /usr/bin/brotli --quality=11 --output=/output/up-billing-page_clerk.legacy.browser_339638_5.62.2-canary.v20250424160306.js.br /tmp/work/dist/up-billing-page_clerk.legacy.browser_339638_5.62.2-canary.v20250424160306.js
2025/06/27 12:02:38 sri /tmp/work/dist/signin_clerk.browser_df51fe_5.62.2-canary.v20250424160306.min.js -> /output/signin_clerk.browser_df51fe_5.62.2-canary.v20250424160306.min.js.sri
2025/06/27 12:02:38 algorithm: run /usr/bin/brotli --quality=11 --output=/output/signin_clerk.browser_df51fe_5.62.2-canary.v20250424160306.min.js.br /tmp/work/dist/signin_clerk.browser_df51fe_5.62.2-canary.v20250424160306.min.js
2025/06/27 12:02:38 br /tmp/work/dist/up-billing-page_clerk.legacy.browser_339638_5.62.2-canary.v20250424160306.js -> /output/up-billing-page_clerk.legacy.browser_339638_5.62.2-canary.v20250424160306.js.br
2025/06/27 12:02:38 gz /tmp/work/dist/up-billing-page_clerk.legacy.browser_339638_5.62.2-canary.v20250424160306.js -> /output/up-billing-page_clerk.legacy.browser_339638_5.62.2-canary.v20250424160306.js.gz
2025/06/27 12:02:38 compress: run /node_modules/uglify-js/bin/uglifyjs (3.15.4) [--mangle --compress if_return=true -o /tmp/work/dist/userbutton_clerk.legacy.browser_339638_5.62.2-canary.v20250424160306.min.js /tmp/work/dist/userbutton_clerk.legacy.browser_339638_5.62.2-canary.v20250424160306.js]
2025/06/27 12:02:38 br /tmp/work/dist/signin_clerk.legacy.browser_339638_5.62.2-canary.v20250424160306.min.js -> /output/signin_clerk.legacy.browser_339638_5.62.2-canary.v20250424160306.min.js.br
2025/06/27 12:02:38 gz /tmp/work/dist/signin_clerk.legacy.browser_339638_5.62.2-canary.v20250424160306.min.js -> /output/signin_clerk.legacy.browser_339638_5.62.2-canary.v20250424160306.min.js.gz
2025/06/27 12:02:38 sri /tmp/work/dist/signin_clerk.legacy.browser_339638_5.62.2-canary.v20250424160306.js -> /output/signin_clerk.legacy.browser_339638_5.62.2-canary.v20250424160306.js.sri
2025/06/27 12:02:38 algorithm: run /usr/bin/brotli --quality=11 --output=/output/signin_clerk.legacy.browser_339638_5.62.2-canary.v20250424160306.js.br /tmp/work/dist/signin_clerk.legacy.browser_339638_5.62.2-canary.v20250424160306.js
2025/06/27 12:02:38 br /tmp/work/dist/signin_clerk.browser_df51fe_5.62.2-canary.v20250424160306.min.js -> /output/signin_clerk.browser_df51fe_5.62.2-canary.v20250424160306.min.js.br
2025/06/27 12:02:38 gz /tmp/work/dist/signin_clerk.browser_df51fe_5.62.2-canary.v20250424160306.min.js -> /output/signin_clerk.browser_df51fe_5.62.2-canary.v20250424160306.min.js.gz
2025/06/27 12:02:38 sri /tmp/work/dist/signin_clerk.browser_df51fe_5.62.2-canary.v20250424160306.js -> /output/signin_clerk.browser_df51fe_5.62.2-canary.v20250424160306.js.sri
2025/06/27 12:02:38 algorithm: run /usr/bin/brotli --quality=11 --output=/output/signin_clerk.browser_df51fe_5.62.2-canary.v20250424160306.js.br /tmp/work/dist/signin_clerk.browser_df51fe_5.62.2-canary.v20250424160306.js
2025/06/27 12:02:38 br /tmp/work/dist/signin_clerk.legacy.browser_339638_5.62.2-canary.v20250424160306.js -> /output/signin_clerk.legacy.browser_339638_5.62.2-canary.v20250424160306.js.br
2025/06/27 12:02:38 gz /tmp/work/dist/signin_clerk.legacy.browser_339638_5.62.2-canary.v20250424160306.js -> /output/signin_clerk.legacy.browser_339638_5.62.2-canary.v20250424160306.js.gz
2025/06/27 12:02:38 compress: run /node_modules/uglify-js/bin/uglifyjs (3.15.4) [--mangle --compress if_return=true -o /tmp/work/dist/userprofile_clerk.browser_df51fe_5.62.2-canary.v20250424160306.min.js /tmp/work/dist/userprofile_clerk.browser_df51fe_5.62.2-canary.v20250424160306.js]
2025/06/27 12:02:38 br /tmp/work/dist/signin_clerk.browser_df51fe_5.62.2-canary.v20250424160306.js -> /output/signin_clerk.browser_df51fe_5.62.2-canary.v20250424160306.js.br
2025/06/27 12:02:38 gz /tmp/work/dist/signin_clerk.browser_df51fe_5.62.2-canary.v20250424160306.js -> /output/signin_clerk.browser_df51fe_5.62.2-canary.v20250424160306.js.gz
2025/06/27 12:02:38 compress: run /node_modules/uglify-js/bin/uglifyjs (3.15.4) [--mangle --compress if_return=true -o /tmp/work/dist/userprofile_clerk.legacy.browser_339638_5.62.2-canary.v20250424160306.min.js /tmp/work/dist/userprofile_clerk.legacy.browser_339638_5.62.2-canary.v20250424160306.js]
2025/06/27 12:02:38 sri /tmp/work/dist/userbutton_clerk.browser_df51fe_5.62.2-canary.v20250424160306.min.js -> /output/userbutton_clerk.browser_df51fe_5.62.2-canary.v20250424160306.min.js.sri
2025/06/27 12:02:38 algorithm: run /usr/bin/brotli --quality=11 --output=/output/userbutton_clerk.browser_df51fe_5.62.2-canary.v20250424160306.min.js.br /tmp/work/dist/userbutton_clerk.browser_df51fe_5.62.2-canary.v20250424160306.min.js
2025/06/27 12:02:38 br /tmp/work/dist/userbutton_clerk.browser_df51fe_5.62.2-canary.v20250424160306.min.js -> /output/userbutton_clerk.browser_df51fe_5.62.2-canary.v20250424160306.min.js.br
2025/06/27 12:02:38 gz /tmp/work/dist/userbutton_clerk.browser_df51fe_5.62.2-canary.v20250424160306.min.js -> /output/userbutton_clerk.browser_df51fe_5.62.2-canary.v20250424160306.min.js.gz
2025/06/27 12:02:38 sri /tmp/work/dist/userbutton_clerk.browser_df51fe_5.62.2-canary.v20250424160306.js -> /output/userbutton_clerk.browser_df51fe_5.62.2-canary.v20250424160306.js.sri
2025/06/27 12:02:38 algorithm: run /usr/bin/brotli --quality=11 --output=/output/userbutton_clerk.browser_df51fe_5.62.2-canary.v20250424160306.js.br /tmp/work/dist/userbutton_clerk.browser_df51fe_5.62.2-canary.v20250424160306.js
2025/06/27 12:02:38 br /tmp/work/dist/userbutton_clerk.browser_df51fe_5.62.2-canary.v20250424160306.js -> /output/userbutton_clerk.browser_df51fe_5.62.2-canary.v20250424160306.js.br
2025/06/27 12:02:38 gz /tmp/work/dist/userbutton_clerk.browser_df51fe_5.62.2-canary.v20250424160306.js -> /output/userbutton_clerk.browser_df51fe_5.62.2-canary.v20250424160306.js.gz
2025/06/27 12:02:38 compress: run /node_modules/uglify-js/bin/uglifyjs (3.15.4) [--mangle --compress if_return=true -o /tmp/work/dist/userverification_clerk.browser_df51fe_5.62.2-canary.v20250424160306.min.js /tmp/work/dist/userverification_clerk.browser_df51fe_5.62.2-canary.v20250424160306.js]
2025/06/27 12:02:38 sri /tmp/work/dist/userbutton_clerk.legacy.browser_339638_5.62.2-canary.v20250424160306.min.js -> /output/userbutton_clerk.legacy.browser_339638_5.62.2-canary.v20250424160306.min.js.sri
2025/06/27 12:02:38 algorithm: run /usr/bin/brotli --quality=11 --output=/output/userbutton_clerk.legacy.browser_339638_5.62.2-canary.v20250424160306.min.js.br /tmp/work/dist/userbutton_clerk.legacy.browser_339638_5.62.2-canary.v20250424160306.min.js
2025/06/27 12:02:38 br /tmp/work/dist/userbutton_clerk.legacy.browser_339638_5.62.2-canary.v20250424160306.min.js -> /output/userbutton_clerk.legacy.browser_339638_5.62.2-canary.v20250424160306.min.js.br
2025/06/27 12:02:38 gz /tmp/work/dist/userbutton_clerk.legacy.browser_339638_5.62.2-canary.v20250424160306.min.js -> /output/userbutton_clerk.legacy.browser_339638_5.62.2-canary.v20250424160306.min.js.gz
2025/06/27 12:02:38 sri /tmp/work/dist/userbutton_clerk.legacy.browser_339638_5.62.2-canary.v20250424160306.js -> /output/userbutton_clerk.legacy.browser_339638_5.62.2-canary.v20250424160306.js.sri
2025/06/27 12:02:38 algorithm: run /usr/bin/brotli --quality=11 --output=/output/userbutton_clerk.legacy.browser_339638_5.62.2-canary.v20250424160306.js.br /tmp/work/dist/userbutton_clerk.legacy.browser_339638_5.62.2-canary.v20250424160306.js
2025/06/27 12:02:39 br /tmp/work/dist/userbutton_clerk.legacy.browser_339638_5.62.2-canary.v20250424160306.js -> /output/userbutton_clerk.legacy.browser_339638_5.62.2-canary.v20250424160306.js.br
2025/06/27 12:02:39 gz /tmp/work/dist/userbutton_clerk.legacy.browser_339638_5.62.2-canary.v20250424160306.js -> /output/userbutton_clerk.legacy.browser_339638_5.62.2-canary.v20250424160306.js.gz
2025/06/27 12:02:39 compress: run /node_modules/uglify-js/bin/uglifyjs (3.15.4) [--mangle --compress if_return=true -o /tmp/work/dist/userverification_clerk.legacy.browser_339638_5.62.2-canary.v20250424160306.min.js /tmp/work/dist/userverification_clerk.legacy.browser_339638_5.62.2-canary.v20250424160306.js]
2025/06/27 12:02:40 sri /tmp/work/dist/userverification_clerk.browser_df51fe_5.62.2-canary.v20250424160306.min.js -> /output/userverification_clerk.browser_df51fe_5.62.2-canary.v20250424160306.min.js.sri
2025/06/27 12:02:40 algorithm: run /usr/bin/brotli --quality=11 --output=/output/userverification_clerk.browser_df51fe_5.62.2-canary.v20250424160306.min.js.br /tmp/work/dist/userverification_clerk.browser_df51fe_5.62.2-canary.v20250424160306.min.js
2025/06/27 12:02:40 br /tmp/work/dist/userverification_clerk.browser_df51fe_5.62.2-canary.v20250424160306.min.js -> /output/userverification_clerk.browser_df51fe_5.62.2-canary.v20250424160306.min.js.br
2025/06/27 12:02:40 gz /tmp/work/dist/userverification_clerk.browser_df51fe_5.62.2-canary.v20250424160306.min.js -> /output/userverification_clerk.browser_df51fe_5.62.2-canary.v20250424160306.min.js.gz
2025/06/27 12:02:40 sri /tmp/work/dist/userverification_clerk.browser_df51fe_5.62.2-canary.v20250424160306.js -> /output/userverification_clerk.browser_df51fe_5.62.2-canary.v20250424160306.js.sri
2025/06/27 12:02:40 algorithm: run /usr/bin/brotli --quality=11 --output=/output/userverification_clerk.browser_df51fe_5.62.2-canary.v20250424160306.js.br /tmp/work/dist/userverification_clerk.browser_df51fe_5.62.2-canary.v20250424160306.js
2025/06/27 12:02:40 br /tmp/work/dist/userverification_clerk.browser_df51fe_5.62.2-canary.v20250424160306.js -> /output/userverification_clerk.browser_df51fe_5.62.2-canary.v20250424160306.js.br
2025/06/27 12:02:40 gz /tmp/work/dist/userverification_clerk.browser_df51fe_5.62.2-canary.v20250424160306.js -> /output/userverification_clerk.browser_df51fe_5.62.2-canary.v20250424160306.js.gz
2025/06/27 12:02:40 compress: run /node_modules/uglify-js/bin/uglifyjs (3.15.4) [--mangle --compress if_return=true -o /tmp/work/dist/vendors_clerk.browser_df51fe_5.62.2-canary.v20250424160306.min.js /tmp/work/dist/vendors_clerk.browser_df51fe_5.62.2-canary.v20250424160306.js]
2025/06/27 12:02:40 sri /tmp/work/dist/userverification_clerk.legacy.browser_339638_5.62.2-canary.v20250424160306.min.js -> /output/userverification_clerk.legacy.browser_339638_5.62.2-canary.v20250424160306.min.js.sri
2025/06/27 12:02:40 algorithm: run /usr/bin/brotli --quality=11 --output=/output/userverification_clerk.legacy.browser_339638_5.62.2-canary.v20250424160306.min.js.br /tmp/work/dist/userverification_clerk.legacy.browser_339638_5.62.2-canary.v20250424160306.min.js
2025/06/27 12:02:40 br /tmp/work/dist/userverification_clerk.legacy.browser_339638_5.62.2-canary.v20250424160306.min.js -> /output/userverification_clerk.legacy.browser_339638_5.62.2-canary.v20250424160306.min.js.br
2025/06/27 12:02:40 gz /tmp/work/dist/userverification_clerk.legacy.browser_339638_5.62.2-canary.v20250424160306.min.js -> /output/userverification_clerk.legacy.browser_339638_5.62.2-canary.v20250424160306.min.js.gz
2025/06/27 12:02:40 sri /tmp/work/dist/userverification_clerk.legacy.browser_339638_5.62.2-canary.v20250424160306.js -> /output/userverification_clerk.legacy.browser_339638_5.62.2-canary.v20250424160306.js.sri
2025/06/27 12:02:40 algorithm: run /usr/bin/brotli --quality=11 --output=/output/userverification_clerk.legacy.browser_339638_5.62.2-canary.v20250424160306.js.br /tmp/work/dist/userverification_clerk.legacy.browser_339638_5.62.2-canary.v20250424160306.js
2025/06/27 12:02:40 br /tmp/work/dist/userverification_clerk.legacy.browser_339638_5.62.2-canary.v20250424160306.js -> /output/userverification_clerk.legacy.browser_339638_5.62.2-canary.v20250424160306.js.br
2025/06/27 12:02:40 gz /tmp/work/dist/userverification_clerk.legacy.browser_339638_5.62.2-canary.v20250424160306.js -> /output/userverification_clerk.legacy.browser_339638_5.62.2-canary.v20250424160306.js.gz
2025/06/27 12:02:40 compress: run /node_modules/uglify-js/bin/uglifyjs (3.15.4) [--mangle --compress if_return=true -o /tmp/work/dist/vendors_clerk.headless.browser_9bcf9e_5.62.2-canary.v20250424160306.min.js /tmp/work/dist/vendors_clerk.headless.browser_9bcf9e_5.62.2-canary.v20250424160306.js]
2025/06/27 12:02:40 sri /tmp/work/dist/userprofile_clerk.browser_df51fe_5.62.2-canary.v20250424160306.min.js -> /output/userprofile_clerk.browser_df51fe_5.62.2-canary.v20250424160306.min.js.sri
2025/06/27 12:02:40 algorithm: run /usr/bin/brotli --quality=11 --output=/output/userprofile_clerk.browser_df51fe_5.62.2-canary.v20250424160306.min.js.br /tmp/work/dist/userprofile_clerk.browser_df51fe_5.62.2-canary.v20250424160306.min.js
2025/06/27 12:02:41 br /tmp/work/dist/userprofile_clerk.browser_df51fe_5.62.2-canary.v20250424160306.min.js -> /output/userprofile_clerk.browser_df51fe_5.62.2-canary.v20250424160306.min.js.br
2025/06/27 12:02:41 gz /tmp/work/dist/userprofile_clerk.browser_df51fe_5.62.2-canary.v20250424160306.min.js -> /output/userprofile_clerk.browser_df51fe_5.62.2-canary.v20250424160306.min.js.gz
2025/06/27 12:02:41 sri /tmp/work/dist/userprofile_clerk.browser_df51fe_5.62.2-canary.v20250424160306.js -> /output/userprofile_clerk.browser_df51fe_5.62.2-canary.v20250424160306.js.sri
2025/06/27 12:02:41 algorithm: run /usr/bin/brotli --quality=11 --output=/output/userprofile_clerk.browser_df51fe_5.62.2-canary.v20250424160306.js.br /tmp/work/dist/userprofile_clerk.browser_df51fe_5.62.2-canary.v20250424160306.js
2025/06/27 12:02:41 br /tmp/work/dist/userprofile_clerk.browser_df51fe_5.62.2-canary.v20250424160306.js -> /output/userprofile_clerk.browser_df51fe_5.62.2-canary.v20250424160306.js.br
2025/06/27 12:02:41 gz /tmp/work/dist/userprofile_clerk.browser_df51fe_5.62.2-canary.v20250424160306.js -> /output/userprofile_clerk.browser_df51fe_5.62.2-canary.v20250424160306.js.gz
2025/06/27 12:02:41 compress: run /node_modules/uglify-js/bin/uglifyjs (3.15.4) [--mangle --compress if_return=true -o /tmp/work/dist/vendors_clerk.legacy.browser_339638_5.62.2-canary.v20250424160306.min.js /tmp/work/dist/vendors_clerk.legacy.browser_339638_5.62.2-canary.v20250424160306.js]
2025/06/27 12:02:41 sri /tmp/work/dist/userprofile_clerk.legacy.browser_339638_5.62.2-canary.v20250424160306.min.js -> /output/userprofile_clerk.legacy.browser_339638_5.62.2-canary.v20250424160306.min.js.sri
2025/06/27 12:02:41 algorithm: run /usr/bin/brotli --quality=11 --output=/output/userprofile_clerk.legacy.browser_339638_5.62.2-canary.v20250424160306.min.js.br /tmp/work/dist/userprofile_clerk.legacy.browser_339638_5.62.2-canary.v20250424160306.min.js
2025/06/27 12:02:41 sri /tmp/work/dist/vendors_clerk.headless.browser_9bcf9e_5.62.2-canary.v20250424160306.min.js -> /output/vendors_clerk.headless.browser_9bcf9e_5.62.2-canary.v20250424160306.min.js.sri
2025/06/27 12:02:41 algorithm: run /usr/bin/brotli --quality=11 --output=/output/vendors_clerk.headless.browser_9bcf9e_5.62.2-canary.v20250424160306.min.js.br /tmp/work/dist/vendors_clerk.headless.browser_9bcf9e_5.62.2-canary.v20250424160306.min.js
2025/06/27 12:02:41 br /tmp/work/dist/vendors_clerk.headless.browser_9bcf9e_5.62.2-canary.v20250424160306.min.js -> /output/vendors_clerk.headless.browser_9bcf9e_5.62.2-canary.v20250424160306.min.js.br
2025/06/27 12:02:41 gz /tmp/work/dist/vendors_clerk.headless.browser_9bcf9e_5.62.2-canary.v20250424160306.min.js -> /output/vendors_clerk.headless.browser_9bcf9e_5.62.2-canary.v20250424160306.min.js.gz
2025/06/27 12:02:41 sri /tmp/work/dist/vendors_clerk.headless.browser_9bcf9e_5.62.2-canary.v20250424160306.js -> /output/vendors_clerk.headless.browser_9bcf9e_5.62.2-canary.v20250424160306.js.sri
2025/06/27 12:02:41 algorithm: run /usr/bin/brotli --quality=11 --output=/output/vendors_clerk.headless.browser_9bcf9e_5.62.2-canary.v20250424160306.js.br /tmp/work/dist/vendors_clerk.headless.browser_9bcf9e_5.62.2-canary.v20250424160306.js
2025/06/27 12:02:41 br /tmp/work/dist/vendors_clerk.headless.browser_9bcf9e_5.62.2-canary.v20250424160306.js -> /output/vendors_clerk.headless.browser_9bcf9e_5.62.2-canary.v20250424160306.js.br
2025/06/27 12:02:41 gz /tmp/work/dist/vendors_clerk.headless.browser_9bcf9e_5.62.2-canary.v20250424160306.js -> /output/vendors_clerk.headless.browser_9bcf9e_5.62.2-canary.v20250424160306.js.gz
2025/06/27 12:02:41 compress: run /node_modules/uglify-js/bin/uglifyjs (3.15.4) [--mangle --compress if_return=true -o /tmp/work/dist/waitlist_clerk.browser_df51fe_5.62.2-canary.v20250424160306.min.js /tmp/work/dist/waitlist_clerk.browser_df51fe_5.62.2-canary.v20250424160306.js]
2025/06/27 12:02:41 br /tmp/work/dist/userprofile_clerk.legacy.browser_339638_5.62.2-canary.v20250424160306.min.js -> /output/userprofile_clerk.legacy.browser_339638_5.62.2-canary.v20250424160306.min.js.br
2025/06/27 12:02:41 gz /tmp/work/dist/userprofile_clerk.legacy.browser_339638_5.62.2-canary.v20250424160306.min.js -> /output/userprofile_clerk.legacy.browser_339638_5.62.2-canary.v20250424160306.min.js.gz
2025/06/27 12:02:41 sri /tmp/work/dist/userprofile_clerk.legacy.browser_339638_5.62.2-canary.v20250424160306.js -> /output/userprofile_clerk.legacy.browser_339638_5.62.2-canary.v20250424160306.js.sri
2025/06/27 12:02:41 algorithm: run /usr/bin/brotli --quality=11 --output=/output/userprofile_clerk.legacy.browser_339638_5.62.2-canary.v20250424160306.js.br /tmp/work/dist/userprofile_clerk.legacy.browser_339638_5.62.2-canary.v20250424160306.js
2025/06/27 12:02:41 br /tmp/work/dist/userprofile_clerk.legacy.browser_339638_5.62.2-canary.v20250424160306.js -> /output/userprofile_clerk.legacy.browser_339638_5.62.2-canary.v20250424160306.js.br
2025/06/27 12:02:41 gz /tmp/work/dist/userprofile_clerk.legacy.browser_339638_5.62.2-canary.v20250424160306.js -> /output/userprofile_clerk.legacy.browser_339638_5.62.2-canary.v20250424160306.js.gz
2025/06/27 12:02:41 compress: run /node_modules/uglify-js/bin/uglifyjs (3.15.4) [--mangle --compress if_return=true -o /tmp/work/dist/waitlist_clerk.legacy.browser_339638_5.62.2-canary.v20250424160306.min.js /tmp/work/dist/waitlist_clerk.legacy.browser_339638_5.62.2-canary.v20250424160306.js]
2025/06/27 12:02:41 sri /tmp/work/dist/waitlist_clerk.browser_df51fe_5.62.2-canary.v20250424160306.min.js -> /output/waitlist_clerk.browser_df51fe_5.62.2-canary.v20250424160306.min.js.sri
2025/06/27 12:02:41 algorithm: run /usr/bin/brotli --quality=11 --output=/output/waitlist_clerk.browser_df51fe_5.62.2-canary.v20250424160306.min.js.br /tmp/work/dist/waitlist_clerk.browser_df51fe_5.62.2-canary.v20250424160306.min.js
2025/06/27 12:02:41 br /tmp/work/dist/waitlist_clerk.browser_df51fe_5.62.2-canary.v20250424160306.min.js -> /output/waitlist_clerk.browser_df51fe_5.62.2-canary.v20250424160306.min.js.br
2025/06/27 12:02:41 gz /tmp/work/dist/waitlist_clerk.browser_df51fe_5.62.2-canary.v20250424160306.min.js -> /output/waitlist_clerk.browser_df51fe_5.62.2-canary.v20250424160306.min.js.gz
2025/06/27 12:02:41 sri /tmp/work/dist/waitlist_clerk.browser_df51fe_5.62.2-canary.v20250424160306.js -> /output/waitlist_clerk.browser_df51fe_5.62.2-canary.v20250424160306.js.sri
2025/06/27 12:02:41 algorithm: run /usr/bin/brotli --quality=11 --output=/output/waitlist_clerk.browser_df51fe_5.62.2-canary.v20250424160306.js.br /tmp/work/dist/waitlist_clerk.browser_df51fe_5.62.2-canary.v20250424160306.js
2025/06/27 12:02:41 br /tmp/work/dist/waitlist_clerk.browser_df51fe_5.62.2-canary.v20250424160306.js -> /output/waitlist_clerk.browser_df51fe_5.62.2-canary.v20250424160306.js.br
2025/06/27 12:02:41 gz /tmp/work/dist/waitlist_clerk.browser_df51fe_5.62.2-canary.v20250424160306.js -> /output/waitlist_clerk.browser_df51fe_5.62.2-canary.v20250424160306.js.gz
2025/06/27 12:02:41 compress: run /node_modules/uglify-js/bin/uglifyjs (3.15.4) [--mangle --compress if_return=true -o /tmp/work/dist/zxcvbn-common_clerk.browser_df51fe_5.62.2-canary.v20250424160306.min.js /tmp/work/dist/zxcvbn-common_clerk.browser_df51fe_5.62.2-canary.v20250424160306.js]
2025/06/27 12:02:42 sri /tmp/work/dist/waitlist_clerk.legacy.browser_339638_5.62.2-canary.v20250424160306.min.js -> /output/waitlist_clerk.legacy.browser_339638_5.62.2-canary.v20250424160306.min.js.sri
2025/06/27 12:02:42 algorithm: run /usr/bin/brotli --quality=11 --output=/output/waitlist_clerk.legacy.browser_339638_5.62.2-canary.v20250424160306.min.js.br /tmp/work/dist/waitlist_clerk.legacy.browser_339638_5.62.2-canary.v20250424160306.min.js
2025/06/27 12:02:42 br /tmp/work/dist/waitlist_clerk.legacy.browser_339638_5.62.2-canary.v20250424160306.min.js -> /output/waitlist_clerk.legacy.browser_339638_5.62.2-canary.v20250424160306.min.js.br
2025/06/27 12:02:42 gz /tmp/work/dist/waitlist_clerk.legacy.browser_339638_5.62.2-canary.v20250424160306.min.js -> /output/waitlist_clerk.legacy.browser_339638_5.62.2-canary.v20250424160306.min.js.gz
2025/06/27 12:02:42 sri /tmp/work/dist/waitlist_clerk.legacy.browser_339638_5.62.2-canary.v20250424160306.js -> /output/waitlist_clerk.legacy.browser_339638_5.62.2-canary.v20250424160306.js.sri
2025/06/27 12:02:42 algorithm: run /usr/bin/brotli --quality=11 --output=/output/waitlist_clerk.legacy.browser_339638_5.62.2-canary.v20250424160306.js.br /tmp/work/dist/waitlist_clerk.legacy.browser_339638_5.62.2-canary.v20250424160306.js
2025/06/27 12:02:42 br /tmp/work/dist/waitlist_clerk.legacy.browser_339638_5.62.2-canary.v20250424160306.js -> /output/waitlist_clerk.legacy.browser_339638_5.62.2-canary.v20250424160306.js.br
2025/06/27 12:02:42 gz /tmp/work/dist/waitlist_clerk.legacy.browser_339638_5.62.2-canary.v20250424160306.js -> /output/waitlist_clerk.legacy.browser_339638_5.62.2-canary.v20250424160306.js.gz
2025/06/27 12:02:42 compress: run /node_modules/uglify-js/bin/uglifyjs (3.15.4) [--mangle --compress if_return=true -o /tmp/work/dist/zxcvbn-common_clerk.headless.browser_9bcf9e_5.62.2-canary.v20250424160306.min.js /tmp/work/dist/zxcvbn-common_clerk.headless.browser_9bcf9e_5.62.2-canary.v20250424160306.js]
2025/06/27 12:02:42 sri /tmp/work/dist/zxcvbn-common_clerk.browser_df51fe_5.62.2-canary.v20250424160306.min.js -> /output/zxcvbn-common_clerk.browser_df51fe_5.62.2-canary.v20250424160306.min.js.sri
2025/06/27 12:02:42 algorithm: run /usr/bin/brotli --quality=11 --output=/output/zxcvbn-common_clerk.browser_df51fe_5.62.2-canary.v20250424160306.min.js.br /tmp/work/dist/zxcvbn-common_clerk.browser_df51fe_5.62.2-canary.v20250424160306.min.js
2025/06/27 12:02:43 sri /tmp/work/dist/zxcvbn-common_clerk.headless.browser_9bcf9e_5.62.2-canary.v20250424160306.min.js -> /output/zxcvbn-common_clerk.headless.browser_9bcf9e_5.62.2-canary.v20250424160306.min.js.sri
2025/06/27 12:02:43 algorithm: run /usr/bin/brotli --quality=11 --output=/output/zxcvbn-common_clerk.headless.browser_9bcf9e_5.62.2-canary.v20250424160306.min.js.br /tmp/work/dist/zxcvbn-common_clerk.headless.browser_9bcf9e_5.62.2-canary.v20250424160306.min.js
2025/06/27 12:02:44 sri /tmp/work/dist/ui-common_clerk.browser_df51fe_5.62.2-canary.v20250424160306.min.js -> /output/ui-common_clerk.browser_df51fe_5.62.2-canary.v20250424160306.min.js.sri
2025/06/27 12:02:44 algorithm: run /usr/bin/brotli --quality=11 --output=/output/ui-common_clerk.browser_df51fe_5.62.2-canary.v20250424160306.min.js.br /tmp/work/dist/ui-common_clerk.browser_df51fe_5.62.2-canary.v20250424160306.min.js
2025/06/27 12:02:44 br /tmp/work/dist/zxcvbn-common_clerk.browser_df51fe_5.62.2-canary.v20250424160306.min.js -> /output/zxcvbn-common_clerk.browser_df51fe_5.62.2-canary.v20250424160306.min.js.br
2025/06/27 12:02:44 gz /tmp/work/dist/zxcvbn-common_clerk.browser_df51fe_5.62.2-canary.v20250424160306.min.js -> /output/zxcvbn-common_clerk.browser_df51fe_5.62.2-canary.v20250424160306.min.js.gz
2025/06/27 12:02:44 sri /tmp/work/dist/zxcvbn-common_clerk.browser_df51fe_5.62.2-canary.v20250424160306.js -> /output/zxcvbn-common_clerk.browser_df51fe_5.62.2-canary.v20250424160306.js.sri
2025/06/27 12:02:44 algorithm: run /usr/bin/brotli --quality=11 --output=/output/zxcvbn-common_clerk.browser_df51fe_5.62.2-canary.v20250424160306.js.br /tmp/work/dist/zxcvbn-common_clerk.browser_df51fe_5.62.2-canary.v20250424160306.js
2025/06/27 12:02:44 sri /tmp/work/dist/clerk.min.js -> /output/clerk.min.js.sri
2025/06/27 12:02:44 algorithm: run /usr/bin/brotli --quality=11 --output=/output/clerk.min.js.br /tmp/work/dist/clerk.min.js
2025/06/27 12:02:44 sri /tmp/work/dist/ui-common_clerk.legacy.browser_339638_5.62.2-canary.v20250424160306.min.js -> /output/ui-common_clerk.legacy.browser_339638_5.62.2-canary.v20250424160306.min.js.sri
2025/06/27 12:02:44 algorithm: run /usr/bin/brotli --quality=11 --output=/output/ui-common_clerk.legacy.browser_339638_5.62.2-canary.v20250424160306.min.js.br /tmp/work/dist/ui-common_clerk.legacy.browser_339638_5.62.2-canary.v20250424160306.min.js
2025/06/27 12:02:45 br /tmp/work/dist/zxcvbn-common_clerk.headless.browser_9bcf9e_5.62.2-canary.v20250424160306.min.js -> /output/zxcvbn-common_clerk.headless.browser_9bcf9e_5.62.2-canary.v20250424160306.min.js.br
2025/06/27 12:02:45 gz /tmp/work/dist/zxcvbn-common_clerk.headless.browser_9bcf9e_5.62.2-canary.v20250424160306.min.js -> /output/zxcvbn-common_clerk.headless.browser_9bcf9e_5.62.2-canary.v20250424160306.min.js.gz
2025/06/27 12:02:45 sri /tmp/work/dist/zxcvbn-common_clerk.headless.browser_9bcf9e_5.62.2-canary.v20250424160306.js -> /output/zxcvbn-common_clerk.headless.browser_9bcf9e_5.62.2-canary.v20250424160306.js.sri
2025/06/27 12:02:45 algorithm: run /usr/bin/brotli --quality=11 --output=/output/zxcvbn-common_clerk.headless.browser_9bcf9e_5.62.2-canary.v20250424160306.js.br /tmp/work/dist/zxcvbn-common_clerk.headless.browser_9bcf9e_5.62.2-canary.v20250424160306.js
2025/06/27 12:02:45 sri /tmp/work/dist/vendors_clerk.browser_df51fe_5.62.2-canary.v20250424160306.min.js -> /output/vendors_clerk.browser_df51fe_5.62.2-canary.v20250424160306.min.js.sri
2025/06/27 12:02:45 algorithm: run /usr/bin/brotli --quality=11 --output=/output/vendors_clerk.browser_df51fe_5.62.2-canary.v20250424160306.min.js.br /tmp/work/dist/vendors_clerk.browser_df51fe_5.62.2-canary.v20250424160306.min.js
2025/06/27 12:02:45 br /tmp/work/dist/vendors_clerk.browser_df51fe_5.62.2-canary.v20250424160306.min.js -> /output/vendors_clerk.browser_df51fe_5.62.2-canary.v20250424160306.min.js.br
2025/06/27 12:02:45 gz /tmp/work/dist/vendors_clerk.browser_df51fe_5.62.2-canary.v20250424160306.min.js -> /output/vendors_clerk.browser_df51fe_5.62.2-canary.v20250424160306.min.js.gz
2025/06/27 12:02:45 sri /tmp/work/dist/vendors_clerk.browser_df51fe_5.62.2-canary.v20250424160306.js -> /output/vendors_clerk.browser_df51fe_5.62.2-canary.v20250424160306.js.sri
2025/06/27 12:02:45 algorithm: run /usr/bin/brotli --quality=11 --output=/output/vendors_clerk.browser_df51fe_5.62.2-canary.v20250424160306.js.br /tmp/work/dist/vendors_clerk.browser_df51fe_5.62.2-canary.v20250424160306.js
2025/06/27 12:02:45 br /tmp/work/dist/ui-common_clerk.browser_df51fe_5.62.2-canary.v20250424160306.min.js -> /output/ui-common_clerk.browser_df51fe_5.62.2-canary.v20250424160306.min.js.br
2025/06/27 12:02:45 gz /tmp/work/dist/ui-common_clerk.browser_df51fe_5.62.2-canary.v20250424160306.min.js -> /output/ui-common_clerk.browser_df51fe_5.62.2-canary.v20250424160306.min.js.gz
2025/06/27 12:02:45 sri /tmp/work/dist/ui-common_clerk.browser_df51fe_5.62.2-canary.v20250424160306.js -> /output/ui-common_clerk.browser_df51fe_5.62.2-canary.v20250424160306.js.sri
2025/06/27 12:02:45 algorithm: run /usr/bin/brotli --quality=11 --output=/output/ui-common_clerk.browser_df51fe_5.62.2-canary.v20250424160306.js.br /tmp/work/dist/ui-common_clerk.browser_df51fe_5.62.2-canary.v20250424160306.js
2025/06/27 12:02:45 br /tmp/work/dist/vendors_clerk.browser_df51fe_5.62.2-canary.v20250424160306.js -> /output/vendors_clerk.browser_df51fe_5.62.2-canary.v20250424160306.js.br
2025/06/27 12:02:45 gz /tmp/work/dist/vendors_clerk.browser_df51fe_5.62.2-canary.v20250424160306.js -> /output/vendors_clerk.browser_df51fe_5.62.2-canary.v20250424160306.js.gz
2025/06/27 12:02:45 compress: run /node_modules/uglify-js/bin/uglifyjs (3.15.4) [--mangle --compress if_return=true -o /tmp/work/dist/zxcvbn-common_clerk.legacy.browser_339638_5.62.2-canary.v20250424160306.min.js /tmp/work/dist/zxcvbn-common_clerk.legacy.browser_339638_5.62.2-canary.v20250424160306.js]
2025/06/27 12:02:45 br /tmp/work/dist/ui-common_clerk.legacy.browser_339638_5.62.2-canary.v20250424160306.min.js -> /output/ui-common_clerk.legacy.browser_339638_5.62.2-canary.v20250424160306.min.js.br
2025/06/27 12:02:46 gz /tmp/work/dist/ui-common_clerk.legacy.browser_339638_5.62.2-canary.v20250424160306.min.js -> /output/ui-common_clerk.legacy.browser_339638_5.62.2-canary.v20250424160306.min.js.gz
2025/06/27 12:02:46 sri /tmp/work/dist/ui-common_clerk.legacy.browser_339638_5.62.2-canary.v20250424160306.js -> /output/ui-common_clerk.legacy.browser_339638_5.62.2-canary.v20250424160306.js.sri
2025/06/27 12:02:46 algorithm: run /usr/bin/brotli --quality=11 --output=/output/ui-common_clerk.legacy.browser_339638_5.62.2-canary.v20250424160306.js.br /tmp/work/dist/ui-common_clerk.legacy.browser_339638_5.62.2-canary.v20250424160306.js
2025/06/27 12:02:46 br /tmp/work/dist/zxcvbn-common_clerk.browser_df51fe_5.62.2-canary.v20250424160306.js -> /output/zxcvbn-common_clerk.browser_df51fe_5.62.2-canary.v20250424160306.js.br
2025/06/27 12:02:46 gz /tmp/work/dist/zxcvbn-common_clerk.browser_df51fe_5.62.2-canary.v20250424160306.js -> /output/zxcvbn-common_clerk.browser_df51fe_5.62.2-canary.v20250424160306.js.gz
2025/06/27 12:02:46 compress: run /node_modules/uglify-js/bin/uglifyjs (3.15.4) [--mangle --compress if_return=true -o /tmp/work/dist/zxcvbn-ts-core_clerk.browser_df51fe_5.62.2-canary.v20250424160306.min.js /tmp/work/dist/zxcvbn-ts-core_clerk.browser_df51fe_5.62.2-canary.v20250424160306.js]
2025/06/27 12:02:46 sri /tmp/work/dist/vendors_clerk.legacy.browser_339638_5.62.2-canary.v20250424160306.min.js -> /output/vendors_clerk.legacy.browser_339638_5.62.2-canary.v20250424160306.min.js.sri
2025/06/27 12:02:46 algorithm: run /usr/bin/brotli --quality=11 --output=/output/vendors_clerk.legacy.browser_339638_5.62.2-canary.v20250424160306.min.js.br /tmp/work/dist/vendors_clerk.legacy.browser_339638_5.62.2-canary.v20250424160306.min.js
2025/06/27 12:02:46 br /tmp/work/dist/zxcvbn-common_clerk.headless.browser_9bcf9e_5.62.2-canary.v20250424160306.js -> /output/zxcvbn-common_clerk.headless.browser_9bcf9e_5.62.2-canary.v20250424160306.js.br
2025/06/27 12:02:46 sri /tmp/work/dist/zxcvbn-common_clerk.legacy.browser_339638_5.62.2-canary.v20250424160306.min.js -> /output/zxcvbn-common_clerk.legacy.browser_339638_5.62.2-canary.v20250424160306.min.js.sri
2025/06/27 12:02:46 algorithm: run /usr/bin/brotli --quality=11 --output=/output/zxcvbn-common_clerk.legacy.browser_339638_5.62.2-canary.v20250424160306.min.js.br /tmp/work/dist/zxcvbn-common_clerk.legacy.browser_339638_5.62.2-canary.v20250424160306.min.js
2025/06/27 12:02:46 gz /tmp/work/dist/zxcvbn-common_clerk.headless.browser_9bcf9e_5.62.2-canary.v20250424160306.js -> /output/zxcvbn-common_clerk.headless.browser_9bcf9e_5.62.2-canary.v20250424160306.js.gz
2025/06/27 12:02:46 compress: run /node_modules/uglify-js/bin/uglifyjs (3.15.4) [--mangle --compress if_return=true -o /tmp/work/dist/zxcvbn-ts-core_clerk.headless.browser_9bcf9e_5.62.2-canary.v20250424160306.min.js /tmp/work/dist/zxcvbn-ts-core_clerk.headless.browser_9bcf9e_5.62.2-canary.v20250424160306.js]
2025/06/27 12:02:46 br /tmp/work/dist/vendors_clerk.legacy.browser_339638_5.62.2-canary.v20250424160306.min.js -> /output/vendors_clerk.legacy.browser_339638_5.62.2-canary.v20250424160306.min.js.br
2025/06/27 12:02:46 gz /tmp/work/dist/vendors_clerk.legacy.browser_339638_5.62.2-canary.v20250424160306.min.js -> /output/vendors_clerk.legacy.browser_339638_5.62.2-canary.v20250424160306.min.js.gz
2025/06/27 12:02:46 sri /tmp/work/dist/vendors_clerk.legacy.browser_339638_5.62.2-canary.v20250424160306.js -> /output/vendors_clerk.legacy.browser_339638_5.62.2-canary.v20250424160306.js.sri
2025/06/27 12:02:46 algorithm: run /usr/bin/brotli --quality=11 --output=/output/vendors_clerk.legacy.browser_339638_5.62.2-canary.v20250424160306.js.br /tmp/work/dist/vendors_clerk.legacy.browser_339638_5.62.2-canary.v20250424160306.js
2025/06/27 12:02:46 br /tmp/work/dist/ui-common_clerk.browser_df51fe_5.62.2-canary.v20250424160306.js -> /output/ui-common_clerk.browser_df51fe_5.62.2-canary.v20250424160306.js.br
2025/06/27 12:02:46 gz /tmp/work/dist/ui-common_clerk.browser_df51fe_5.62.2-canary.v20250424160306.js -> /output/ui-common_clerk.browser_df51fe_5.62.2-canary.v20250424160306.js.gz
2025/06/27 12:02:46 compress: run /node_modules/uglify-js/bin/uglifyjs (3.15.4) [--mangle --compress if_return=true -o /tmp/work/dist/zxcvbn-ts-core_clerk.legacy.browser_339638_5.62.2-canary.v20250424160306.min.js /tmp/work/dist/zxcvbn-ts-core_clerk.legacy.browser_339638_5.62.2-canary.v20250424160306.js]
2025/06/27 12:02:46 sri /tmp/work/dist/clerk.no-rhc.min.js -> /output/clerk.no-rhc.min.js.sri
2025/06/27 12:02:46 algorithm: run /usr/bin/brotli --quality=11 --output=/output/clerk.no-rhc.min.js.br /tmp/work/dist/clerk.no-rhc.min.js
2025/06/27 12:02:46 br /tmp/work/dist/vendors_clerk.legacy.browser_339638_5.62.2-canary.v20250424160306.js -> /output/vendors_clerk.legacy.browser_339638_5.62.2-canary.v20250424160306.js.br
2025/06/27 12:02:46 gz /tmp/work/dist/vendors_clerk.legacy.browser_339638_5.62.2-canary.v20250424160306.js -> /output/vendors_clerk.legacy.browser_339638_5.62.2-canary.v20250424160306.js.gz
2025/06/27 12:02:47 br /tmp/work/dist/ui-common_clerk.legacy.browser_339638_5.62.2-canary.v20250424160306.js -> /output/ui-common_clerk.legacy.browser_339638_5.62.2-canary.v20250424160306.js.br
2025/06/27 12:02:47 gz /tmp/work/dist/ui-common_clerk.legacy.browser_339638_5.62.2-canary.v20250424160306.js -> /output/ui-common_clerk.legacy.browser_339638_5.62.2-canary.v20250424160306.js.gz
2025/06/27 12:02:47 sri /tmp/work/dist/zxcvbn-ts-core_clerk.browser_df51fe_5.62.2-canary.v20250424160306.min.js -> /output/zxcvbn-ts-core_clerk.browser_df51fe_5.62.2-canary.v20250424160306.min.js.sri
2025/06/27 12:02:47 algorithm: run /usr/bin/brotli --quality=11 --output=/output/zxcvbn-ts-core_clerk.browser_df51fe_5.62.2-canary.v20250424160306.min.js.br /tmp/work/dist/zxcvbn-ts-core_clerk.browser_df51fe_5.62.2-canary.v20250424160306.min.js
2025/06/27 12:02:47 br /tmp/work/dist/zxcvbn-ts-core_clerk.browser_df51fe_5.62.2-canary.v20250424160306.min.js -> /output/zxcvbn-ts-core_clerk.browser_df51fe_5.62.2-canary.v20250424160306.min.js.br
2025/06/27 12:02:47 gz /tmp/work/dist/zxcvbn-ts-core_clerk.browser_df51fe_5.62.2-canary.v20250424160306.min.js -> /output/zxcvbn-ts-core_clerk.browser_df51fe_5.62.2-canary.v20250424160306.min.js.gz
2025/06/27 12:02:47 sri /tmp/work/dist/zxcvbn-ts-core_clerk.browser_df51fe_5.62.2-canary.v20250424160306.js -> /output/zxcvbn-ts-core_clerk.browser_df51fe_5.62.2-canary.v20250424160306.js.sri
2025/06/27 12:02:47 algorithm: run /usr/bin/brotli --quality=11 --output=/output/zxcvbn-ts-core_clerk.browser_df51fe_5.62.2-canary.v20250424160306.js.br /tmp/work/dist/zxcvbn-ts-core_clerk.browser_df51fe_5.62.2-canary.v20250424160306.js
2025/06/27 12:02:47 br /tmp/work/dist/zxcvbn-ts-core_clerk.browser_df51fe_5.62.2-canary.v20250424160306.js -> /output/zxcvbn-ts-core_clerk.browser_df51fe_5.62.2-canary.v20250424160306.js.br
2025/06/27 12:02:47 gz /tmp/work/dist/zxcvbn-ts-core_clerk.browser_df51fe_5.62.2-canary.v20250424160306.js -> /output/zxcvbn-ts-core_clerk.browser_df51fe_5.62.2-canary.v20250424160306.js.gz
2025/06/27 12:02:47 sri /tmp/work/dist/zxcvbn-ts-core_clerk.headless.browser_9bcf9e_5.62.2-canary.v20250424160306.min.js -> /output/zxcvbn-ts-core_clerk.headless.browser_9bcf9e_5.62.2-canary.v20250424160306.min.js.sri
2025/06/27 12:02:47 algorithm: run /usr/bin/brotli --quality=11 --output=/output/zxcvbn-ts-core_clerk.headless.browser_9bcf9e_5.62.2-canary.v20250424160306.min.js.br /tmp/work/dist/zxcvbn-ts-core_clerk.headless.browser_9bcf9e_5.62.2-canary.v20250424160306.min.js
2025/06/27 12:02:47 br /tmp/work/dist/zxcvbn-ts-core_clerk.headless.browser_9bcf9e_5.62.2-canary.v20250424160306.min.js -> /output/zxcvbn-ts-core_clerk.headless.browser_9bcf9e_5.62.2-canary.v20250424160306.min.js.br
2025/06/27 12:02:47 gz /tmp/work/dist/zxcvbn-ts-core_clerk.headless.browser_9bcf9e_5.62.2-canary.v20250424160306.min.js -> /output/zxcvbn-ts-core_clerk.headless.browser_9bcf9e_5.62.2-canary.v20250424160306.min.js.gz
2025/06/27 12:02:47 sri /tmp/work/dist/zxcvbn-ts-core_clerk.headless.browser_9bcf9e_5.62.2-canary.v20250424160306.js -> /output/zxcvbn-ts-core_clerk.headless.browser_9bcf9e_5.62.2-canary.v20250424160306.js.sri
2025/06/27 12:02:47 algorithm: run /usr/bin/brotli --quality=11 --output=/output/zxcvbn-ts-core_clerk.headless.browser_9bcf9e_5.62.2-canary.v20250424160306.js.br /tmp/work/dist/zxcvbn-ts-core_clerk.headless.browser_9bcf9e_5.62.2-canary.v20250424160306.js
2025/06/27 12:02:47 sri /tmp/work/dist/zxcvbn-ts-core_clerk.legacy.browser_339638_5.62.2-canary.v20250424160306.min.js -> /output/zxcvbn-ts-core_clerk.legacy.browser_339638_5.62.2-canary.v20250424160306.min.js.sri
2025/06/27 12:02:47 algorithm: run /usr/bin/brotli --quality=11 --output=/output/zxcvbn-ts-core_clerk.legacy.browser_339638_5.62.2-canary.v20250424160306.min.js.br /tmp/work/dist/zxcvbn-ts-core_clerk.legacy.browser_339638_5.62.2-canary.v20250424160306.min.js
2025/06/27 12:02:47 br /tmp/work/dist/zxcvbn-ts-core_clerk.headless.browser_9bcf9e_5.62.2-canary.v20250424160306.js -> /output/zxcvbn-ts-core_clerk.headless.browser_9bcf9e_5.62.2-canary.v20250424160306.js.br
2025/06/27 12:02:47 gz /tmp/work/dist/zxcvbn-ts-core_clerk.headless.browser_9bcf9e_5.62.2-canary.v20250424160306.js -> /output/zxcvbn-ts-core_clerk.headless.browser_9bcf9e_5.62.2-canary.v20250424160306.js.gz
2025/06/27 12:02:47 br /tmp/work/dist/zxcvbn-ts-core_clerk.legacy.browser_339638_5.62.2-canary.v20250424160306.min.js -> /output/zxcvbn-ts-core_clerk.legacy.browser_339638_5.62.2-canary.v20250424160306.min.js.br
2025/06/27 12:02:47 gz /tmp/work/dist/zxcvbn-ts-core_clerk.legacy.browser_339638_5.62.2-canary.v20250424160306.min.js -> /output/zxcvbn-ts-core_clerk.legacy.browser_339638_5.62.2-canary.v20250424160306.min.js.gz
2025/06/27 12:02:47 sri /tmp/work/dist/zxcvbn-ts-core_clerk.legacy.browser_339638_5.62.2-canary.v20250424160306.js -> /output/zxcvbn-ts-core_clerk.legacy.browser_339638_5.62.2-canary.v20250424160306.js.sri
2025/06/27 12:02:47 algorithm: run /usr/bin/brotli --quality=11 --output=/output/zxcvbn-ts-core_clerk.legacy.browser_339638_5.62.2-canary.v20250424160306.js.br /tmp/work/dist/zxcvbn-ts-core_clerk.legacy.browser_339638_5.62.2-canary.v20250424160306.js
2025/06/27 12:02:47 br /tmp/work/dist/zxcvbn-ts-core_clerk.legacy.browser_339638_5.62.2-canary.v20250424160306.js -> /output/zxcvbn-ts-core_clerk.legacy.browser_339638_5.62.2-canary.v20250424160306.js.br
2025/06/27 12:02:47 gz /tmp/work/dist/zxcvbn-ts-core_clerk.legacy.browser_339638_5.62.2-canary.v20250424160306.js -> /output/zxcvbn-ts-core_clerk.legacy.browser_339638_5.62.2-canary.v20250424160306.js.gz
2025/06/27 12:02:47 br /tmp/work/dist/zxcvbn-common_clerk.legacy.browser_339638_5.62.2-canary.v20250424160306.min.js -> /output/zxcvbn-common_clerk.legacy.browser_339638_5.62.2-canary.v20250424160306.min.js.br
2025/06/27 12:02:47 gz /tmp/work/dist/zxcvbn-common_clerk.legacy.browser_339638_5.62.2-canary.v20250424160306.min.js -> /output/zxcvbn-common_clerk.legacy.browser_339638_5.62.2-canary.v20250424160306.min.js.gz
2025/06/27 12:02:47 sri /tmp/work/dist/zxcvbn-common_clerk.legacy.browser_339638_5.62.2-canary.v20250424160306.js -> /output/zxcvbn-common_clerk.legacy.browser_339638_5.62.2-canary.v20250424160306.js.sri
2025/06/27 12:02:47 algorithm: run /usr/bin/brotli --quality=11 --output=/output/zxcvbn-common_clerk.legacy.browser_339638_5.62.2-canary.v20250424160306.js.br /tmp/work/dist/zxcvbn-common_clerk.legacy.browser_339638_5.62.2-canary.v20250424160306.js
2025/06/27 12:02:48 br /tmp/work/dist/zxcvbn-common_clerk.legacy.browser_339638_5.62.2-canary.v20250424160306.js -> /output/zxcvbn-common_clerk.legacy.browser_339638_5.62.2-canary.v20250424160306.js.br
2025/06/27 12:02:48 gz /tmp/work/dist/zxcvbn-common_clerk.legacy.browser_339638_5.62.2-canary.v20250424160306.js -> /output/zxcvbn-common_clerk.legacy.browser_339638_5.62.2-canary.v20250424160306.js.gz
2025/06/27 12:02:49 br /tmp/work/dist/clerk.min.js -> /output/clerk.min.js.br
2025/06/27 12:02:49 gz /tmp/work/dist/clerk.min.js -> /output/clerk.min.js.gz
2025/06/27 12:02:49 sri /tmp/work/dist/clerk.js -> /output/clerk.js.sri
2025/06/27 12:02:49 algorithm: run /usr/bin/brotli --quality=11 --output=/output/clerk.js.br /tmp/work/dist/clerk.js
2025/06/27 12:02:50 br /tmp/work/dist/clerk.no-rhc.min.js -> /output/clerk.no-rhc.min.js.br
2025/06/27 12:02:50 gz /tmp/work/dist/clerk.no-rhc.min.js -> /output/clerk.no-rhc.min.js.gz
2025/06/27 12:02:50 sri /tmp/work/dist/clerk.no-rhc.js -> /output/clerk.no-rhc.js.sri
2025/06/27 12:02:50 algorithm: run /usr/bin/brotli --quality=11 --output=/output/clerk.no-rhc.js.br /tmp/work/dist/clerk.no-rhc.js
2025/06/27 12:02:52 br /tmp/work/dist/clerk.js -> /output/clerk.js.br
2025/06/27 12:02:52 gz /tmp/work/dist/clerk.js -> /output/clerk.js.gz
2025/06/27 12:02:53 br /tmp/work/dist/clerk.no-rhc.js -> /output/clerk.no-rhc.js.br
2025/06/27 12:02:53 gz /tmp/work/dist/clerk.no-rhc.js -> /output/clerk.no-rhc.js.gz
2025/06/27 12:02:53 processed clerk-js
