Files:
- clerk-js/5.91.3-canary.v20250908161649/192_clerk.browser_0f0e6b_5.91.3-canary.v20250908161649.js.br
- clerk-js/5.91.3-canary.v20250908161649/192_clerk.browser_0f0e6b_5.91.3-canary.v20250908161649.js.gz
- clerk-js/5.91.3-canary.v20250908161649/192_clerk.browser_0f0e6b_5.91.3-canary.v20250908161649.js.sri
- clerk-js/5.91.3-canary.v20250908161649/192_clerk.browser_0f0e6b_5.91.3-canary.v20250908161649.min.js.br
- clerk-js/5.91.3-canary.v20250908161649/192_clerk.browser_0f0e6b_5.91.3-canary.v20250908161649.min.js.gz
- clerk-js/5.91.3-canary.v20250908161649/192_clerk.browser_0f0e6b_5.91.3-canary.v20250908161649.min.js.sri
- clerk-js/5.91.3-canary.v20250908161649/192_clerk.chips.browser_3c88c5_5.91.3-canary.v20250908161649.js.br
- clerk-js/5.91.3-canary.v20250908161649/192_clerk.chips.browser_3c88c5_5.91.3-canary.v20250908161649.js.gz
- clerk-js/5.91.3-canary.v20250908161649/192_clerk.chips.browser_3c88c5_5.91.3-canary.v20250908161649.js.sri
- clerk-js/5.91.3-canary.v20250908161649/192_clerk.chips.browser_3c88c5_5.91.3-canary.v20250908161649.min.js.br
- clerk-js/5.91.3-canary.v20250908161649/192_clerk.chips.browser_3c88c5_5.91.3-canary.v20250908161649.min.js.gz
- clerk-js/5.91.3-canary.v20250908161649/192_clerk.chips.browser_3c88c5_5.91.3-canary.v20250908161649.min.js.sri
- clerk-js/5.91.3-canary.v20250908161649/192_clerk.legacy.browser_e9bd95_5.91.3-canary.v20250908161649.js.br
- clerk-js/5.91.3-canary.v20250908161649/192_clerk.legacy.browser_e9bd95_5.91.3-canary.v20250908161649.js.gz
- clerk-js/5.91.3-canary.v20250908161649/192_clerk.legacy.browser_e9bd95_5.91.3-canary.v20250908161649.js.sri
- clerk-js/5.91.3-canary.v20250908161649/192_clerk.legacy.browser_e9bd95_5.91.3-canary.v20250908161649.min.js.br
- clerk-js/5.91.3-canary.v20250908161649/192_clerk.legacy.browser_e9bd95_5.91.3-canary.v20250908161649.min.js.gz
- clerk-js/5.91.3-canary.v20250908161649/192_clerk.legacy.browser_e9bd95_5.91.3-canary.v20250908161649.min.js.sri
- clerk-js/5.91.3-canary.v20250908161649/294_clerk.browser_0f0e6b_5.91.3-canary.v20250908161649.js.br
- clerk-js/5.91.3-canary.v20250908161649/294_clerk.browser_0f0e6b_5.91.3-canary.v20250908161649.js.gz
- clerk-js/5.91.3-canary.v20250908161649/294_clerk.browser_0f0e6b_5.91.3-canary.v20250908161649.js.sri
- clerk-js/5.91.3-canary.v20250908161649/294_clerk.browser_0f0e6b_5.91.3-canary.v20250908161649.min.js.br
- clerk-js/5.91.3-canary.v20250908161649/294_clerk.browser_0f0e6b_5.91.3-canary.v20250908161649.min.js.gz
- clerk-js/5.91.3-canary.v20250908161649/294_clerk.browser_0f0e6b_5.91.3-canary.v20250908161649.min.js.sri
- clerk-js/5.91.3-canary.v20250908161649/294_clerk.chips.browser_3c88c5_5.91.3-canary.v20250908161649.js.br
- clerk-js/5.91.3-canary.v20250908161649/294_clerk.chips.browser_3c88c5_5.91.3-canary.v20250908161649.js.gz
- clerk-js/5.91.3-canary.v20250908161649/294_clerk.chips.browser_3c88c5_5.91.3-canary.v20250908161649.js.sri
- clerk-js/5.91.3-canary.v20250908161649/294_clerk.chips.browser_3c88c5_5.91.3-canary.v20250908161649.min.js.br
- clerk-js/5.91.3-canary.v20250908161649/294_clerk.chips.browser_3c88c5_5.91.3-canary.v20250908161649.min.js.gz
- clerk-js/5.91.3-canary.v20250908161649/294_clerk.chips.browser_3c88c5_5.91.3-canary.v20250908161649.min.js.sri
- clerk-js/5.91.3-canary.v20250908161649/294_clerk.legacy.browser_e9bd95_5.91.3-canary.v20250908161649.js.br
- clerk-js/5.91.3-canary.v20250908161649/294_clerk.legacy.browser_e9bd95_5.91.3-canary.v20250908161649.js.gz
- clerk-js/5.91.3-canary.v20250908161649/294_clerk.legacy.browser_e9bd95_5.91.3-canary.v20250908161649.js.sri
- clerk-js/5.91.3-canary.v20250908161649/294_clerk.legacy.browser_e9bd95_5.91.3-canary.v20250908161649.min.js.br
- clerk-js/5.91.3-canary.v20250908161649/294_clerk.legacy.browser_e9bd95_5.91.3-canary.v20250908161649.min.js.gz
- clerk-js/5.91.3-canary.v20250908161649/294_clerk.legacy.browser_e9bd95_5.91.3-canary.v20250908161649.min.js.sri
- clerk-js/5.91.3-canary.v20250908161649/368_clerk.headless_7ba37f_5.91.3-canary.v20250908161649.js.br
- clerk-js/5.91.3-canary.v20250908161649/368_clerk.headless_7ba37f_5.91.3-canary.v20250908161649.js.gz
- clerk-js/5.91.3-canary.v20250908161649/368_clerk.headless_7ba37f_5.91.3-canary.v20250908161649.js.sri
- clerk-js/5.91.3-canary.v20250908161649/368_clerk.headless_7ba37f_5.91.3-canary.v20250908161649.min.js.br
- clerk-js/5.91.3-canary.v20250908161649/368_clerk.headless_7ba37f_5.91.3-canary.v20250908161649.min.js.gz
- clerk-js/5.91.3-canary.v20250908161649/368_clerk.headless_7ba37f_5.91.3-canary.v20250908161649.min.js.sri
- clerk-js/5.91.3-canary.v20250908161649/36_clerk.headless_7ba37f_5.91.3-canary.v20250908161649.js.br
- clerk-js/5.91.3-canary.v20250908161649/36_clerk.headless_7ba37f_5.91.3-canary.v20250908161649.js.gz
- clerk-js/5.91.3-canary.v20250908161649/36_clerk.headless_7ba37f_5.91.3-canary.v20250908161649.js.sri
- clerk-js/5.91.3-canary.v20250908161649/36_clerk.headless_7ba37f_5.91.3-canary.v20250908161649.min.js.br
- clerk-js/5.91.3-canary.v20250908161649/36_clerk.headless_7ba37f_5.91.3-canary.v20250908161649.min.js.gz
- clerk-js/5.91.3-canary.v20250908161649/36_clerk.headless_7ba37f_5.91.3-canary.v20250908161649.min.js.sri
- clerk-js/5.91.3-canary.v20250908161649/377_clerk.headless_7ba37f_5.91.3-canary.v20250908161649.js.br
- clerk-js/5.91.3-canary.v20250908161649/377_clerk.headless_7ba37f_5.91.3-canary.v20250908161649.js.gz
- clerk-js/5.91.3-canary.v20250908161649/377_clerk.headless_7ba37f_5.91.3-canary.v20250908161649.js.sri
- clerk-js/5.91.3-canary.v20250908161649/377_clerk.headless_7ba37f_5.91.3-canary.v20250908161649.min.js.br
- clerk-js/5.91.3-canary.v20250908161649/377_clerk.headless_7ba37f_5.91.3-canary.v20250908161649.min.js.gz
- clerk-js/5.91.3-canary.v20250908161649/377_clerk.headless_7ba37f_5.91.3-canary.v20250908161649.min.js.sri
- clerk-js/5.91.3-canary.v20250908161649/43_clerk.legacy.browser_e9bd95_5.91.3-canary.v20250908161649.js.br
- clerk-js/5.91.3-canary.v20250908161649/43_clerk.legacy.browser_e9bd95_5.91.3-canary.v20250908161649.js.gz
- clerk-js/5.91.3-canary.v20250908161649/43_clerk.legacy.browser_e9bd95_5.91.3-canary.v20250908161649.js.sri
- clerk-js/5.91.3-canary.v20250908161649/43_clerk.legacy.browser_e9bd95_5.91.3-canary.v20250908161649.min.js.br
- clerk-js/5.91.3-canary.v20250908161649/43_clerk.legacy.browser_e9bd95_5.91.3-canary.v20250908161649.min.js.gz
- clerk-js/5.91.3-canary.v20250908161649/43_clerk.legacy.browser_e9bd95_5.91.3-canary.v20250908161649.min.js.sri
- clerk-js/5.91.3-canary.v20250908161649/503_clerk.headless_7ba37f_5.91.3-canary.v20250908161649.js.br
- clerk-js/5.91.3-canary.v20250908161649/503_clerk.headless_7ba37f_5.91.3-canary.v20250908161649.js.gz
- clerk-js/5.91.3-canary.v20250908161649/503_clerk.headless_7ba37f_5.91.3-canary.v20250908161649.js.sri
- clerk-js/5.91.3-canary.v20250908161649/503_clerk.headless_7ba37f_5.91.3-canary.v20250908161649.min.js.br
- clerk-js/5.91.3-canary.v20250908161649/503_clerk.headless_7ba37f_5.91.3-canary.v20250908161649.min.js.gz
- clerk-js/5.91.3-canary.v20250908161649/503_clerk.headless_7ba37f_5.91.3-canary.v20250908161649.min.js.sri
- clerk-js/5.91.3-canary.v20250908161649/553_clerk.headless_7ba37f_5.91.3-canary.v20250908161649.js.br
- clerk-js/5.91.3-canary.v20250908161649/553_clerk.headless_7ba37f_5.91.3-canary.v20250908161649.js.gz
- clerk-js/5.91.3-canary.v20250908161649/553_clerk.headless_7ba37f_5.91.3-canary.v20250908161649.js.sri
- clerk-js/5.91.3-canary.v20250908161649/553_clerk.headless_7ba37f_5.91.3-canary.v20250908161649.min.js.br
- clerk-js/5.91.3-canary.v20250908161649/553_clerk.headless_7ba37f_5.91.3-canary.v20250908161649.min.js.gz
- clerk-js/5.91.3-canary.v20250908161649/553_clerk.headless_7ba37f_5.91.3-canary.v20250908161649.min.js.sri
- clerk-js/5.91.3-canary.v20250908161649/645_clerk.browser_0f0e6b_5.91.3-canary.v20250908161649.js.br
- clerk-js/5.91.3-canary.v20250908161649/645_clerk.browser_0f0e6b_5.91.3-canary.v20250908161649.js.gz
- clerk-js/5.91.3-canary.v20250908161649/645_clerk.browser_0f0e6b_5.91.3-canary.v20250908161649.js.sri
- clerk-js/5.91.3-canary.v20250908161649/645_clerk.browser_0f0e6b_5.91.3-canary.v20250908161649.min.js.br
- clerk-js/5.91.3-canary.v20250908161649/645_clerk.browser_0f0e6b_5.91.3-canary.v20250908161649.min.js.gz
- clerk-js/5.91.3-canary.v20250908161649/645_clerk.browser_0f0e6b_5.91.3-canary.v20250908161649.min.js.sri
- clerk-js/5.91.3-canary.v20250908161649/645_clerk.chips.browser_3c88c5_5.91.3-canary.v20250908161649.js.br
- clerk-js/5.91.3-canary.v20250908161649/645_clerk.chips.browser_3c88c5_5.91.3-canary.v20250908161649.js.gz
- clerk-js/5.91.3-canary.v20250908161649/645_clerk.chips.browser_3c88c5_5.91.3-canary.v20250908161649.js.sri
- clerk-js/5.91.3-canary.v20250908161649/645_clerk.chips.browser_3c88c5_5.91.3-canary.v20250908161649.min.js.br
- clerk-js/5.91.3-canary.v20250908161649/645_clerk.chips.browser_3c88c5_5.91.3-canary.v20250908161649.min.js.gz
- clerk-js/5.91.3-canary.v20250908161649/645_clerk.chips.browser_3c88c5_5.91.3-canary.v20250908161649.min.js.sri
- clerk-js/5.91.3-canary.v20250908161649/645_clerk.legacy.browser_e9bd95_5.91.3-canary.v20250908161649.js.br
- clerk-js/5.91.3-canary.v20250908161649/645_clerk.legacy.browser_e9bd95_5.91.3-canary.v20250908161649.js.gz
- clerk-js/5.91.3-canary.v20250908161649/645_clerk.legacy.browser_e9bd95_5.91.3-canary.v20250908161649.js.sri
- clerk-js/5.91.3-canary.v20250908161649/645_clerk.legacy.browser_e9bd95_5.91.3-canary.v20250908161649.min.js.br
- clerk-js/5.91.3-canary.v20250908161649/645_clerk.legacy.browser_e9bd95_5.91.3-canary.v20250908161649.min.js.gz
- clerk-js/5.91.3-canary.v20250908161649/645_clerk.legacy.browser_e9bd95_5.91.3-canary.v20250908161649.min.js.sri
- clerk-js/5.91.3-canary.v20250908161649/66_clerk.browser_0f0e6b_5.91.3-canary.v20250908161649.js.br
- clerk-js/5.91.3-canary.v20250908161649/66_clerk.browser_0f0e6b_5.91.3-canary.v20250908161649.js.gz
- clerk-js/5.91.3-canary.v20250908161649/66_clerk.browser_0f0e6b_5.91.3-canary.v20250908161649.js.sri
- clerk-js/5.91.3-canary.v20250908161649/66_clerk.browser_0f0e6b_5.91.3-canary.v20250908161649.min.js.br
- clerk-js/5.91.3-canary.v20250908161649/66_clerk.browser_0f0e6b_5.91.3-canary.v20250908161649.min.js.gz
- clerk-js/5.91.3-canary.v20250908161649/66_clerk.browser_0f0e6b_5.91.3-canary.v20250908161649.min.js.sri
- clerk-js/5.91.3-canary.v20250908161649/66_clerk.chips.browser_3c88c5_5.91.3-canary.v20250908161649.js.br
- clerk-js/5.91.3-canary.v20250908161649/66_clerk.chips.browser_3c88c5_5.91.3-canary.v20250908161649.js.gz
- clerk-js/5.91.3-canary.v20250908161649/66_clerk.chips.browser_3c88c5_5.91.3-canary.v20250908161649.js.sri
- clerk-js/5.91.3-canary.v20250908161649/66_clerk.chips.browser_3c88c5_5.91.3-canary.v20250908161649.min.js.br
- clerk-js/5.91.3-canary.v20250908161649/66_clerk.chips.browser_3c88c5_5.91.3-canary.v20250908161649.min.js.gz
- clerk-js/5.91.3-canary.v20250908161649/66_clerk.chips.browser_3c88c5_5.91.3-canary.v20250908161649.min.js.sri
- clerk-js/5.91.3-canary.v20250908161649/66_clerk.legacy.browser_e9bd95_5.91.3-canary.v20250908161649.js.br
- clerk-js/5.91.3-canary.v20250908161649/66_clerk.legacy.browser_e9bd95_5.91.3-canary.v20250908161649.js.gz
- clerk-js/5.91.3-canary.v20250908161649/66_clerk.legacy.browser_e9bd95_5.91.3-canary.v20250908161649.js.sri
- clerk-js/5.91.3-canary.v20250908161649/66_clerk.legacy.browser_e9bd95_5.91.3-canary.v20250908161649.min.js.br
- clerk-js/5.91.3-canary.v20250908161649/66_clerk.legacy.browser_e9bd95_5.91.3-canary.v20250908161649.min.js.gz
- clerk-js/5.91.3-canary.v20250908161649/66_clerk.legacy.browser_e9bd95_5.91.3-canary.v20250908161649.min.js.sri
- clerk-js/5.91.3-canary.v20250908161649/785_clerk.headless.browser_c71a22_5.91.3-canary.v20250908161649.js.br
- clerk-js/5.91.3-canary.v20250908161649/785_clerk.headless.browser_c71a22_5.91.3-canary.v20250908161649.js.gz
- clerk-js/5.91.3-canary.v20250908161649/785_clerk.headless.browser_c71a22_5.91.3-canary.v20250908161649.js.sri
- clerk-js/5.91.3-canary.v20250908161649/785_clerk.headless.browser_c71a22_5.91.3-canary.v20250908161649.min.js.br
- clerk-js/5.91.3-canary.v20250908161649/785_clerk.headless.browser_c71a22_5.91.3-canary.v20250908161649.min.js.gz
- clerk-js/5.91.3-canary.v20250908161649/785_clerk.headless.browser_c71a22_5.91.3-canary.v20250908161649.min.js.sri
- clerk-js/5.91.3-canary.v20250908161649/785_clerk.headless_7ba37f_5.91.3-canary.v20250908161649.js.br
- clerk-js/5.91.3-canary.v20250908161649/785_clerk.headless_7ba37f_5.91.3-canary.v20250908161649.js.gz
- clerk-js/5.91.3-canary.v20250908161649/785_clerk.headless_7ba37f_5.91.3-canary.v20250908161649.js.sri
- clerk-js/5.91.3-canary.v20250908161649/785_clerk.headless_7ba37f_5.91.3-canary.v20250908161649.min.js.br
- clerk-js/5.91.3-canary.v20250908161649/785_clerk.headless_7ba37f_5.91.3-canary.v20250908161649.min.js.gz
- clerk-js/5.91.3-canary.v20250908161649/785_clerk.headless_7ba37f_5.91.3-canary.v20250908161649.min.js.sri
- clerk-js/5.91.3-canary.v20250908161649/890_clerk.headless_7ba37f_5.91.3-canary.v20250908161649.js.br
- clerk-js/5.91.3-canary.v20250908161649/890_clerk.headless_7ba37f_5.91.3-canary.v20250908161649.js.gz
- clerk-js/5.91.3-canary.v20250908161649/890_clerk.headless_7ba37f_5.91.3-canary.v20250908161649.js.sri
- clerk-js/5.91.3-canary.v20250908161649/890_clerk.headless_7ba37f_5.91.3-canary.v20250908161649.min.js.br
- clerk-js/5.91.3-canary.v20250908161649/890_clerk.headless_7ba37f_5.91.3-canary.v20250908161649.min.js.gz
- clerk-js/5.91.3-canary.v20250908161649/890_clerk.headless_7ba37f_5.91.3-canary.v20250908161649.min.js.sri
- clerk-js/5.91.3-canary.v20250908161649/apiKeys_clerk.browser_0f0e6b_5.91.3-canary.v20250908161649.js.br
- clerk-js/5.91.3-canary.v20250908161649/apiKeys_clerk.browser_0f0e6b_5.91.3-canary.v20250908161649.js.gz
- clerk-js/5.91.3-canary.v20250908161649/apiKeys_clerk.browser_0f0e6b_5.91.3-canary.v20250908161649.js.sri
- clerk-js/5.91.3-canary.v20250908161649/apiKeys_clerk.browser_0f0e6b_5.91.3-canary.v20250908161649.min.js.br
- clerk-js/5.91.3-canary.v20250908161649/apiKeys_clerk.browser_0f0e6b_5.91.3-canary.v20250908161649.min.js.gz
- clerk-js/5.91.3-canary.v20250908161649/apiKeys_clerk.browser_0f0e6b_5.91.3-canary.v20250908161649.min.js.sri
- clerk-js/5.91.3-canary.v20250908161649/apiKeys_clerk.chips.browser_3c88c5_5.91.3-canary.v20250908161649.js.br
- clerk-js/5.91.3-canary.v20250908161649/apiKeys_clerk.chips.browser_3c88c5_5.91.3-canary.v20250908161649.js.gz
- clerk-js/5.91.3-canary.v20250908161649/apiKeys_clerk.chips.browser_3c88c5_5.91.3-canary.v20250908161649.js.sri
- clerk-js/5.91.3-canary.v20250908161649/apiKeys_clerk.chips.browser_3c88c5_5.91.3-canary.v20250908161649.min.js.br
- clerk-js/5.91.3-canary.v20250908161649/apiKeys_clerk.chips.browser_3c88c5_5.91.3-canary.v20250908161649.min.js.gz
- clerk-js/5.91.3-canary.v20250908161649/apiKeys_clerk.chips.browser_3c88c5_5.91.3-canary.v20250908161649.min.js.sri
- clerk-js/5.91.3-canary.v20250908161649/apiKeys_clerk.legacy.browser_e9bd95_5.91.3-canary.v20250908161649.js.br
- clerk-js/5.91.3-canary.v20250908161649/apiKeys_clerk.legacy.browser_e9bd95_5.91.3-canary.v20250908161649.js.gz
- clerk-js/5.91.3-canary.v20250908161649/apiKeys_clerk.legacy.browser_e9bd95_5.91.3-canary.v20250908161649.js.sri
- clerk-js/5.91.3-canary.v20250908161649/apiKeys_clerk.legacy.browser_e9bd95_5.91.3-canary.v20250908161649.min.js.br
- clerk-js/5.91.3-canary.v20250908161649/apiKeys_clerk.legacy.browser_e9bd95_5.91.3-canary.v20250908161649.min.js.gz
- clerk-js/5.91.3-canary.v20250908161649/apiKeys_clerk.legacy.browser_e9bd95_5.91.3-canary.v20250908161649.min.js.sri
- clerk-js/5.91.3-canary.v20250908161649/base-account-sdk_clerk.browser_0f0e6b_5.91.3-canary.v20250908161649.js.br
- clerk-js/5.91.3-canary.v20250908161649/base-account-sdk_clerk.browser_0f0e6b_5.91.3-canary.v20250908161649.js.gz
- clerk-js/5.91.3-canary.v20250908161649/base-account-sdk_clerk.browser_0f0e6b_5.91.3-canary.v20250908161649.js.sri
- clerk-js/5.91.3-canary.v20250908161649/base-account-sdk_clerk.browser_0f0e6b_5.91.3-canary.v20250908161649.min.js.br
- clerk-js/5.91.3-canary.v20250908161649/base-account-sdk_clerk.browser_0f0e6b_5.91.3-canary.v20250908161649.min.js.gz
- clerk-js/5.91.3-canary.v20250908161649/base-account-sdk_clerk.browser_0f0e6b_5.91.3-canary.v20250908161649.min.js.sri
- clerk-js/5.91.3-canary.v20250908161649/base-account-sdk_clerk.chips.browser_3c88c5_5.91.3-canary.v20250908161649.js.br
- clerk-js/5.91.3-canary.v20250908161649/base-account-sdk_clerk.chips.browser_3c88c5_5.91.3-canary.v20250908161649.js.gz
- clerk-js/5.91.3-canary.v20250908161649/base-account-sdk_clerk.chips.browser_3c88c5_5.91.3-canary.v20250908161649.js.sri
- clerk-js/5.91.3-canary.v20250908161649/base-account-sdk_clerk.chips.browser_3c88c5_5.91.3-canary.v20250908161649.min.js.br
- clerk-js/5.91.3-canary.v20250908161649/base-account-sdk_clerk.chips.browser_3c88c5_5.91.3-canary.v20250908161649.min.js.gz
- clerk-js/5.91.3-canary.v20250908161649/base-account-sdk_clerk.chips.browser_3c88c5_5.91.3-canary.v20250908161649.min.js.sri
- clerk-js/5.91.3-canary.v20250908161649/base-account-sdk_clerk.headless.browser_c71a22_5.91.3-canary.v20250908161649.js.br
- clerk-js/5.91.3-canary.v20250908161649/base-account-sdk_clerk.headless.browser_c71a22_5.91.3-canary.v20250908161649.js.gz
- clerk-js/5.91.3-canary.v20250908161649/base-account-sdk_clerk.headless.browser_c71a22_5.91.3-canary.v20250908161649.js.sri
- clerk-js/5.91.3-canary.v20250908161649/base-account-sdk_clerk.headless.browser_c71a22_5.91.3-canary.v20250908161649.min.js.br
- clerk-js/5.91.3-canary.v20250908161649/base-account-sdk_clerk.headless.browser_c71a22_5.91.3-canary.v20250908161649.min.js.gz
- clerk-js/5.91.3-canary.v20250908161649/base-account-sdk_clerk.headless.browser_c71a22_5.91.3-canary.v20250908161649.min.js.sri
- clerk-js/5.91.3-canary.v20250908161649/base-account-sdk_clerk.legacy.browser_e9bd95_5.91.3-canary.v20250908161649.js.br
- clerk-js/5.91.3-canary.v20250908161649/base-account-sdk_clerk.legacy.browser_e9bd95_5.91.3-canary.v20250908161649.js.gz
- clerk-js/5.91.3-canary.v20250908161649/base-account-sdk_clerk.legacy.browser_e9bd95_5.91.3-canary.v20250908161649.js.sri
- clerk-js/5.91.3-canary.v20250908161649/base-account-sdk_clerk.legacy.browser_e9bd95_5.91.3-canary.v20250908161649.min.js.br
- clerk-js/5.91.3-canary.v20250908161649/base-account-sdk_clerk.legacy.browser_e9bd95_5.91.3-canary.v20250908161649.min.js.gz
- clerk-js/5.91.3-canary.v20250908161649/base-account-sdk_clerk.legacy.browser_e9bd95_5.91.3-canary.v20250908161649.min.js.sri
- clerk-js/5.91.3-canary.v20250908161649/blankcaptcha_clerk.browser_0f0e6b_5.91.3-canary.v20250908161649.js.br
- clerk-js/5.91.3-canary.v20250908161649/blankcaptcha_clerk.browser_0f0e6b_5.91.3-canary.v20250908161649.js.gz
- clerk-js/5.91.3-canary.v20250908161649/blankcaptcha_clerk.browser_0f0e6b_5.91.3-canary.v20250908161649.js.sri
- clerk-js/5.91.3-canary.v20250908161649/blankcaptcha_clerk.browser_0f0e6b_5.91.3-canary.v20250908161649.min.js.br
- clerk-js/5.91.3-canary.v20250908161649/blankcaptcha_clerk.browser_0f0e6b_5.91.3-canary.v20250908161649.min.js.gz
- clerk-js/5.91.3-canary.v20250908161649/blankcaptcha_clerk.browser_0f0e6b_5.91.3-canary.v20250908161649.min.js.sri
- clerk-js/5.91.3-canary.v20250908161649/blankcaptcha_clerk.chips.browser_3c88c5_5.91.3-canary.v20250908161649.js.br
- clerk-js/5.91.3-canary.v20250908161649/blankcaptcha_clerk.chips.browser_3c88c5_5.91.3-canary.v20250908161649.js.gz
- clerk-js/5.91.3-canary.v20250908161649/blankcaptcha_clerk.chips.browser_3c88c5_5.91.3-canary.v20250908161649.js.sri
- clerk-js/5.91.3-canary.v20250908161649/blankcaptcha_clerk.chips.browser_3c88c5_5.91.3-canary.v20250908161649.min.js.br
- clerk-js/5.91.3-canary.v20250908161649/blankcaptcha_clerk.chips.browser_3c88c5_5.91.3-canary.v20250908161649.min.js.gz
- clerk-js/5.91.3-canary.v20250908161649/blankcaptcha_clerk.chips.browser_3c88c5_5.91.3-canary.v20250908161649.min.js.sri
- clerk-js/5.91.3-canary.v20250908161649/blankcaptcha_clerk.legacy.browser_e9bd95_5.91.3-canary.v20250908161649.js.br
- clerk-js/5.91.3-canary.v20250908161649/blankcaptcha_clerk.legacy.browser_e9bd95_5.91.3-canary.v20250908161649.js.gz
- clerk-js/5.91.3-canary.v20250908161649/blankcaptcha_clerk.legacy.browser_e9bd95_5.91.3-canary.v20250908161649.js.sri
- clerk-js/5.91.3-canary.v20250908161649/blankcaptcha_clerk.legacy.browser_e9bd95_5.91.3-canary.v20250908161649.min.js.br
- clerk-js/5.91.3-canary.v20250908161649/blankcaptcha_clerk.legacy.browser_e9bd95_5.91.3-canary.v20250908161649.min.js.gz
- clerk-js/5.91.3-canary.v20250908161649/blankcaptcha_clerk.legacy.browser_e9bd95_5.91.3-canary.v20250908161649.min.js.sri
- clerk-js/5.91.3-canary.v20250908161649/checkout_clerk.browser_0f0e6b_5.91.3-canary.v20250908161649.js.br
- clerk-js/5.91.3-canary.v20250908161649/checkout_clerk.browser_0f0e6b_5.91.3-canary.v20250908161649.js.gz
- clerk-js/5.91.3-canary.v20250908161649/checkout_clerk.browser_0f0e6b_5.91.3-canary.v20250908161649.js.sri
- clerk-js/5.91.3-canary.v20250908161649/checkout_clerk.browser_0f0e6b_5.91.3-canary.v20250908161649.min.js.br
- clerk-js/5.91.3-canary.v20250908161649/checkout_clerk.browser_0f0e6b_5.91.3-canary.v20250908161649.min.js.gz
- clerk-js/5.91.3-canary.v20250908161649/checkout_clerk.browser_0f0e6b_5.91.3-canary.v20250908161649.min.js.sri
- clerk-js/5.91.3-canary.v20250908161649/checkout_clerk.chips.browser_3c88c5_5.91.3-canary.v20250908161649.js.br
- clerk-js/5.91.3-canary.v20250908161649/checkout_clerk.chips.browser_3c88c5_5.91.3-canary.v20250908161649.js.gz
- clerk-js/5.91.3-canary.v20250908161649/checkout_clerk.chips.browser_3c88c5_5.91.3-canary.v20250908161649.js.sri
- clerk-js/5.91.3-canary.v20250908161649/checkout_clerk.chips.browser_3c88c5_5.91.3-canary.v20250908161649.min.js.br
- clerk-js/5.91.3-canary.v20250908161649/checkout_clerk.chips.browser_3c88c5_5.91.3-canary.v20250908161649.min.js.gz
- clerk-js/5.91.3-canary.v20250908161649/checkout_clerk.chips.browser_3c88c5_5.91.3-canary.v20250908161649.min.js.sri
- clerk-js/5.91.3-canary.v20250908161649/checkout_clerk.legacy.browser_e9bd95_5.91.3-canary.v20250908161649.js.br
- clerk-js/5.91.3-canary.v20250908161649/checkout_clerk.legacy.browser_e9bd95_5.91.3-canary.v20250908161649.js.gz
- clerk-js/5.91.3-canary.v20250908161649/checkout_clerk.legacy.browser_e9bd95_5.91.3-canary.v20250908161649.js.sri
- clerk-js/5.91.3-canary.v20250908161649/checkout_clerk.legacy.browser_e9bd95_5.91.3-canary.v20250908161649.min.js.br
- clerk-js/5.91.3-canary.v20250908161649/checkout_clerk.legacy.browser_e9bd95_5.91.3-canary.v20250908161649.min.js.gz
- clerk-js/5.91.3-canary.v20250908161649/checkout_clerk.legacy.browser_e9bd95_5.91.3-canary.v20250908161649.min.js.sri
- clerk-js/5.91.3-canary.v20250908161649/clerk.browser.js.br
- clerk-js/5.91.3-canary.v20250908161649/clerk.browser.js.gz
- clerk-js/5.91.3-canary.v20250908161649/clerk.browser.js.sri
- clerk-js/5.91.3-canary.v20250908161649/clerk.browser.min.js.br
- clerk-js/5.91.3-canary.v20250908161649/clerk.browser.min.js.gz
- clerk-js/5.91.3-canary.v20250908161649/clerk.browser.min.js.sri
- clerk-js/5.91.3-canary.v20250908161649/clerk.chips.browser.js.br
- clerk-js/5.91.3-canary.v20250908161649/clerk.chips.browser.js.gz
- clerk-js/5.91.3-canary.v20250908161649/clerk.chips.browser.js.sri
- clerk-js/5.91.3-canary.v20250908161649/clerk.chips.browser.min.js.br
- clerk-js/5.91.3-canary.v20250908161649/clerk.chips.browser.min.js.gz
- clerk-js/5.91.3-canary.v20250908161649/clerk.chips.browser.min.js.sri
- clerk-js/5.91.3-canary.v20250908161649/clerk.headless.browser.js.br
- clerk-js/5.91.3-canary.v20250908161649/clerk.headless.browser.js.gz
- clerk-js/5.91.3-canary.v20250908161649/clerk.headless.browser.js.sri
- clerk-js/5.91.3-canary.v20250908161649/clerk.headless.browser.min.js.br
- clerk-js/5.91.3-canary.v20250908161649/clerk.headless.browser.min.js.gz
- clerk-js/5.91.3-canary.v20250908161649/clerk.headless.browser.min.js.sri
- clerk-js/5.91.3-canary.v20250908161649/clerk.headless.js.br
- clerk-js/5.91.3-canary.v20250908161649/clerk.headless.js.gz
- clerk-js/5.91.3-canary.v20250908161649/clerk.headless.js.sri
- clerk-js/5.91.3-canary.v20250908161649/clerk.headless.min.js.br
- clerk-js/5.91.3-canary.v20250908161649/clerk.headless.min.js.gz
- clerk-js/5.91.3-canary.v20250908161649/clerk.headless.min.js.sri
- clerk-js/5.91.3-canary.v20250908161649/clerk.js.br
- clerk-js/5.91.3-canary.v20250908161649/clerk.js.gz
- clerk-js/5.91.3-canary.v20250908161649/clerk.js.sri
- clerk-js/5.91.3-canary.v20250908161649/clerk.legacy.browser.js.br
- clerk-js/5.91.3-canary.v20250908161649/clerk.legacy.browser.js.gz
- clerk-js/5.91.3-canary.v20250908161649/clerk.legacy.browser.js.sri
- clerk-js/5.91.3-canary.v20250908161649/clerk.legacy.browser.min.js.br
- clerk-js/5.91.3-canary.v20250908161649/clerk.legacy.browser.min.js.gz
- clerk-js/5.91.3-canary.v20250908161649/clerk.legacy.browser.min.js.sri
- clerk-js/5.91.3-canary.v20250908161649/clerk.min.js.br
- clerk-js/5.91.3-canary.v20250908161649/clerk.min.js.gz
- clerk-js/5.91.3-canary.v20250908161649/clerk.min.js.sri
- clerk-js/5.91.3-canary.v20250908161649/clerk.mjs.br
- clerk-js/5.91.3-canary.v20250908161649/clerk.mjs.gz
- clerk-js/5.91.3-canary.v20250908161649/clerk.no-rhc.js.br
- clerk-js/5.91.3-canary.v20250908161649/clerk.no-rhc.js.gz
- clerk-js/5.91.3-canary.v20250908161649/clerk.no-rhc.js.sri
- clerk-js/5.91.3-canary.v20250908161649/clerk.no-rhc.min.js.br
- clerk-js/5.91.3-canary.v20250908161649/clerk.no-rhc.min.js.gz
- clerk-js/5.91.3-canary.v20250908161649/clerk.no-rhc.min.js.sri
- clerk-js/5.91.3-canary.v20250908161649/clerk.no-rhc.mjs.br
- clerk-js/5.91.3-canary.v20250908161649/clerk.no-rhc.mjs.gz
- clerk-js/5.91.3-canary.v20250908161649/coinbase-wallet-sdk_clerk.browser_0f0e6b_5.91.3-canary.v20250908161649.js.br
- clerk-js/5.91.3-canary.v20250908161649/coinbase-wallet-sdk_clerk.browser_0f0e6b_5.91.3-canary.v20250908161649.js.gz
- clerk-js/5.91.3-canary.v20250908161649/coinbase-wallet-sdk_clerk.browser_0f0e6b_5.91.3-canary.v20250908161649.js.sri
- clerk-js/5.91.3-canary.v20250908161649/coinbase-wallet-sdk_clerk.browser_0f0e6b_5.91.3-canary.v20250908161649.min.js.br
- clerk-js/5.91.3-canary.v20250908161649/coinbase-wallet-sdk_clerk.browser_0f0e6b_5.91.3-canary.v20250908161649.min.js.gz
- clerk-js/5.91.3-canary.v20250908161649/coinbase-wallet-sdk_clerk.browser_0f0e6b_5.91.3-canary.v20250908161649.min.js.sri
- clerk-js/5.91.3-canary.v20250908161649/coinbase-wallet-sdk_clerk.chips.browser_3c88c5_5.91.3-canary.v20250908161649.js.br
- clerk-js/5.91.3-canary.v20250908161649/coinbase-wallet-sdk_clerk.chips.browser_3c88c5_5.91.3-canary.v20250908161649.js.gz
- clerk-js/5.91.3-canary.v20250908161649/coinbase-wallet-sdk_clerk.chips.browser_3c88c5_5.91.3-canary.v20250908161649.js.sri
- clerk-js/5.91.3-canary.v20250908161649/coinbase-wallet-sdk_clerk.chips.browser_3c88c5_5.91.3-canary.v20250908161649.min.js.br
- clerk-js/5.91.3-canary.v20250908161649/coinbase-wallet-sdk_clerk.chips.browser_3c88c5_5.91.3-canary.v20250908161649.min.js.gz
- clerk-js/5.91.3-canary.v20250908161649/coinbase-wallet-sdk_clerk.chips.browser_3c88c5_5.91.3-canary.v20250908161649.min.js.sri
- clerk-js/5.91.3-canary.v20250908161649/coinbase-wallet-sdk_clerk.headless.browser_c71a22_5.91.3-canary.v20250908161649.js.br
- clerk-js/5.91.3-canary.v20250908161649/coinbase-wallet-sdk_clerk.headless.browser_c71a22_5.91.3-canary.v20250908161649.js.gz
- clerk-js/5.91.3-canary.v20250908161649/coinbase-wallet-sdk_clerk.headless.browser_c71a22_5.91.3-canary.v20250908161649.js.sri
- clerk-js/5.91.3-canary.v20250908161649/coinbase-wallet-sdk_clerk.headless.browser_c71a22_5.91.3-canary.v20250908161649.min.js.br
- clerk-js/5.91.3-canary.v20250908161649/coinbase-wallet-sdk_clerk.headless.browser_c71a22_5.91.3-canary.v20250908161649.min.js.gz
- clerk-js/5.91.3-canary.v20250908161649/coinbase-wallet-sdk_clerk.headless.browser_c71a22_5.91.3-canary.v20250908161649.min.js.sri
- clerk-js/5.91.3-canary.v20250908161649/coinbase-wallet-sdk_clerk.legacy.browser_e9bd95_5.91.3-canary.v20250908161649.js.br
- clerk-js/5.91.3-canary.v20250908161649/coinbase-wallet-sdk_clerk.legacy.browser_e9bd95_5.91.3-canary.v20250908161649.js.gz
- clerk-js/5.91.3-canary.v20250908161649/coinbase-wallet-sdk_clerk.legacy.browser_e9bd95_5.91.3-canary.v20250908161649.js.sri
- clerk-js/5.91.3-canary.v20250908161649/coinbase-wallet-sdk_clerk.legacy.browser_e9bd95_5.91.3-canary.v20250908161649.min.js.br
- clerk-js/5.91.3-canary.v20250908161649/coinbase-wallet-sdk_clerk.legacy.browser_e9bd95_5.91.3-canary.v20250908161649.min.js.gz
- clerk-js/5.91.3-canary.v20250908161649/coinbase-wallet-sdk_clerk.legacy.browser_e9bd95_5.91.3-canary.v20250908161649.min.js.sri
- clerk-js/5.91.3-canary.v20250908161649/cookieSuffix_clerk.browser_0f0e6b_5.91.3-canary.v20250908161649.js.br
- clerk-js/5.91.3-canary.v20250908161649/cookieSuffix_clerk.browser_0f0e6b_5.91.3-canary.v20250908161649.js.gz
- clerk-js/5.91.3-canary.v20250908161649/cookieSuffix_clerk.browser_0f0e6b_5.91.3-canary.v20250908161649.js.sri
- clerk-js/5.91.3-canary.v20250908161649/cookieSuffix_clerk.browser_0f0e6b_5.91.3-canary.v20250908161649.min.js.br
- clerk-js/5.91.3-canary.v20250908161649/cookieSuffix_clerk.browser_0f0e6b_5.91.3-canary.v20250908161649.min.js.gz
- clerk-js/5.91.3-canary.v20250908161649/cookieSuffix_clerk.browser_0f0e6b_5.91.3-canary.v20250908161649.min.js.sri
- clerk-js/5.91.3-canary.v20250908161649/cookieSuffix_clerk.chips.browser_3c88c5_5.91.3-canary.v20250908161649.js.br
- clerk-js/5.91.3-canary.v20250908161649/cookieSuffix_clerk.chips.browser_3c88c5_5.91.3-canary.v20250908161649.js.gz
- clerk-js/5.91.3-canary.v20250908161649/cookieSuffix_clerk.chips.browser_3c88c5_5.91.3-canary.v20250908161649.js.sri
- clerk-js/5.91.3-canary.v20250908161649/cookieSuffix_clerk.chips.browser_3c88c5_5.91.3-canary.v20250908161649.min.js.br
- clerk-js/5.91.3-canary.v20250908161649/cookieSuffix_clerk.chips.browser_3c88c5_5.91.3-canary.v20250908161649.min.js.gz
- clerk-js/5.91.3-canary.v20250908161649/cookieSuffix_clerk.chips.browser_3c88c5_5.91.3-canary.v20250908161649.min.js.sri
- clerk-js/5.91.3-canary.v20250908161649/cookieSuffix_clerk.headless.browser_c71a22_5.91.3-canary.v20250908161649.js.br
- clerk-js/5.91.3-canary.v20250908161649/cookieSuffix_clerk.headless.browser_c71a22_5.91.3-canary.v20250908161649.js.gz
- clerk-js/5.91.3-canary.v20250908161649/cookieSuffix_clerk.headless.browser_c71a22_5.91.3-canary.v20250908161649.js.sri
- clerk-js/5.91.3-canary.v20250908161649/cookieSuffix_clerk.headless.browser_c71a22_5.91.3-canary.v20250908161649.min.js.br
- clerk-js/5.91.3-canary.v20250908161649/cookieSuffix_clerk.headless.browser_c71a22_5.91.3-canary.v20250908161649.min.js.gz
- clerk-js/5.91.3-canary.v20250908161649/cookieSuffix_clerk.headless.browser_c71a22_5.91.3-canary.v20250908161649.min.js.sri
- clerk-js/5.91.3-canary.v20250908161649/cookieSuffix_clerk.headless_7ba37f_5.91.3-canary.v20250908161649.js.br
- clerk-js/5.91.3-canary.v20250908161649/cookieSuffix_clerk.headless_7ba37f_5.91.3-canary.v20250908161649.js.gz
- clerk-js/5.91.3-canary.v20250908161649/cookieSuffix_clerk.headless_7ba37f_5.91.3-canary.v20250908161649.js.sri
- clerk-js/5.91.3-canary.v20250908161649/cookieSuffix_clerk.headless_7ba37f_5.91.3-canary.v20250908161649.min.js.br
- clerk-js/5.91.3-canary.v20250908161649/cookieSuffix_clerk.headless_7ba37f_5.91.3-canary.v20250908161649.min.js.gz
- clerk-js/5.91.3-canary.v20250908161649/cookieSuffix_clerk.headless_7ba37f_5.91.3-canary.v20250908161649.min.js.sri
- clerk-js/5.91.3-canary.v20250908161649/cookieSuffix_clerk.legacy.browser_e9bd95_5.91.3-canary.v20250908161649.js.br
- clerk-js/5.91.3-canary.v20250908161649/cookieSuffix_clerk.legacy.browser_e9bd95_5.91.3-canary.v20250908161649.js.gz
- clerk-js/5.91.3-canary.v20250908161649/cookieSuffix_clerk.legacy.browser_e9bd95_5.91.3-canary.v20250908161649.js.sri
- clerk-js/5.91.3-canary.v20250908161649/cookieSuffix_clerk.legacy.browser_e9bd95_5.91.3-canary.v20250908161649.min.js.br
- clerk-js/5.91.3-canary.v20250908161649/cookieSuffix_clerk.legacy.browser_e9bd95_5.91.3-canary.v20250908161649.min.js.gz
- clerk-js/5.91.3-canary.v20250908161649/cookieSuffix_clerk.legacy.browser_e9bd95_5.91.3-canary.v20250908161649.min.js.sri
- clerk-js/5.91.3-canary.v20250908161649/createorganization_clerk.browser_0f0e6b_5.91.3-canary.v20250908161649.js.br
- clerk-js/5.91.3-canary.v20250908161649/createorganization_clerk.browser_0f0e6b_5.91.3-canary.v20250908161649.js.gz
- clerk-js/5.91.3-canary.v20250908161649/createorganization_clerk.browser_0f0e6b_5.91.3-canary.v20250908161649.js.sri
- clerk-js/5.91.3-canary.v20250908161649/createorganization_clerk.browser_0f0e6b_5.91.3-canary.v20250908161649.min.js.br
- clerk-js/5.91.3-canary.v20250908161649/createorganization_clerk.browser_0f0e6b_5.91.3-canary.v20250908161649.min.js.gz
- clerk-js/5.91.3-canary.v20250908161649/createorganization_clerk.browser_0f0e6b_5.91.3-canary.v20250908161649.min.js.sri
- clerk-js/5.91.3-canary.v20250908161649/createorganization_clerk.chips.browser_3c88c5_5.91.3-canary.v20250908161649.js.br
- clerk-js/5.91.3-canary.v20250908161649/createorganization_clerk.chips.browser_3c88c5_5.91.3-canary.v20250908161649.js.gz
- clerk-js/5.91.3-canary.v20250908161649/createorganization_clerk.chips.browser_3c88c5_5.91.3-canary.v20250908161649.js.sri
- clerk-js/5.91.3-canary.v20250908161649/createorganization_clerk.chips.browser_3c88c5_5.91.3-canary.v20250908161649.min.js.br
- clerk-js/5.91.3-canary.v20250908161649/createorganization_clerk.chips.browser_3c88c5_5.91.3-canary.v20250908161649.min.js.gz
- clerk-js/5.91.3-canary.v20250908161649/createorganization_clerk.chips.browser_3c88c5_5.91.3-canary.v20250908161649.min.js.sri
- clerk-js/5.91.3-canary.v20250908161649/createorganization_clerk.legacy.browser_e9bd95_5.91.3-canary.v20250908161649.js.br
- clerk-js/5.91.3-canary.v20250908161649/createorganization_clerk.legacy.browser_e9bd95_5.91.3-canary.v20250908161649.js.gz
- clerk-js/5.91.3-canary.v20250908161649/createorganization_clerk.legacy.browser_e9bd95_5.91.3-canary.v20250908161649.js.sri
- clerk-js/5.91.3-canary.v20250908161649/createorganization_clerk.legacy.browser_e9bd95_5.91.3-canary.v20250908161649.min.js.br
- clerk-js/5.91.3-canary.v20250908161649/createorganization_clerk.legacy.browser_e9bd95_5.91.3-canary.v20250908161649.min.js.gz
- clerk-js/5.91.3-canary.v20250908161649/createorganization_clerk.legacy.browser_e9bd95_5.91.3-canary.v20250908161649.min.js.sri
- clerk-js/5.91.3-canary.v20250908161649/framework_clerk.browser_0f0e6b_5.91.3-canary.v20250908161649.js.br
- clerk-js/5.91.3-canary.v20250908161649/framework_clerk.browser_0f0e6b_5.91.3-canary.v20250908161649.js.gz
- clerk-js/5.91.3-canary.v20250908161649/framework_clerk.browser_0f0e6b_5.91.3-canary.v20250908161649.js.sri
- clerk-js/5.91.3-canary.v20250908161649/framework_clerk.browser_0f0e6b_5.91.3-canary.v20250908161649.min.js.br
- clerk-js/5.91.3-canary.v20250908161649/framework_clerk.browser_0f0e6b_5.91.3-canary.v20250908161649.min.js.gz
- clerk-js/5.91.3-canary.v20250908161649/framework_clerk.browser_0f0e6b_5.91.3-canary.v20250908161649.min.js.sri
- clerk-js/5.91.3-canary.v20250908161649/framework_clerk.chips.browser_3c88c5_5.91.3-canary.v20250908161649.js.br
- clerk-js/5.91.3-canary.v20250908161649/framework_clerk.chips.browser_3c88c5_5.91.3-canary.v20250908161649.js.gz
- clerk-js/5.91.3-canary.v20250908161649/framework_clerk.chips.browser_3c88c5_5.91.3-canary.v20250908161649.js.sri
- clerk-js/5.91.3-canary.v20250908161649/framework_clerk.chips.browser_3c88c5_5.91.3-canary.v20250908161649.min.js.br
- clerk-js/5.91.3-canary.v20250908161649/framework_clerk.chips.browser_3c88c5_5.91.3-canary.v20250908161649.min.js.gz
- clerk-js/5.91.3-canary.v20250908161649/framework_clerk.chips.browser_3c88c5_5.91.3-canary.v20250908161649.min.js.sri
- clerk-js/5.91.3-canary.v20250908161649/framework_clerk.legacy.browser_e9bd95_5.91.3-canary.v20250908161649.js.br
- clerk-js/5.91.3-canary.v20250908161649/framework_clerk.legacy.browser_e9bd95_5.91.3-canary.v20250908161649.js.gz
- clerk-js/5.91.3-canary.v20250908161649/framework_clerk.legacy.browser_e9bd95_5.91.3-canary.v20250908161649.js.sri
- clerk-js/5.91.3-canary.v20250908161649/framework_clerk.legacy.browser_e9bd95_5.91.3-canary.v20250908161649.min.js.br
- clerk-js/5.91.3-canary.v20250908161649/framework_clerk.legacy.browser_e9bd95_5.91.3-canary.v20250908161649.min.js.gz
- clerk-js/5.91.3-canary.v20250908161649/framework_clerk.legacy.browser_e9bd95_5.91.3-canary.v20250908161649.min.js.sri
- clerk-js/5.91.3-canary.v20250908161649/impersonationfab_clerk.browser_0f0e6b_5.91.3-canary.v20250908161649.js.br
- clerk-js/5.91.3-canary.v20250908161649/impersonationfab_clerk.browser_0f0e6b_5.91.3-canary.v20250908161649.js.gz
- clerk-js/5.91.3-canary.v20250908161649/impersonationfab_clerk.browser_0f0e6b_5.91.3-canary.v20250908161649.js.sri
- clerk-js/5.91.3-canary.v20250908161649/impersonationfab_clerk.browser_0f0e6b_5.91.3-canary.v20250908161649.min.js.br
- clerk-js/5.91.3-canary.v20250908161649/impersonationfab_clerk.browser_0f0e6b_5.91.3-canary.v20250908161649.min.js.gz
- clerk-js/5.91.3-canary.v20250908161649/impersonationfab_clerk.browser_0f0e6b_5.91.3-canary.v20250908161649.min.js.sri
- clerk-js/5.91.3-canary.v20250908161649/impersonationfab_clerk.chips.browser_3c88c5_5.91.3-canary.v20250908161649.js.br
- clerk-js/5.91.3-canary.v20250908161649/impersonationfab_clerk.chips.browser_3c88c5_5.91.3-canary.v20250908161649.js.gz
- clerk-js/5.91.3-canary.v20250908161649/impersonationfab_clerk.chips.browser_3c88c5_5.91.3-canary.v20250908161649.js.sri
- clerk-js/5.91.3-canary.v20250908161649/impersonationfab_clerk.chips.browser_3c88c5_5.91.3-canary.v20250908161649.min.js.br
- clerk-js/5.91.3-canary.v20250908161649/impersonationfab_clerk.chips.browser_3c88c5_5.91.3-canary.v20250908161649.min.js.gz
- clerk-js/5.91.3-canary.v20250908161649/impersonationfab_clerk.chips.browser_3c88c5_5.91.3-canary.v20250908161649.min.js.sri
- clerk-js/5.91.3-canary.v20250908161649/impersonationfab_clerk.legacy.browser_e9bd95_5.91.3-canary.v20250908161649.js.br
- clerk-js/5.91.3-canary.v20250908161649/impersonationfab_clerk.legacy.browser_e9bd95_5.91.3-canary.v20250908161649.js.gz
- clerk-js/5.91.3-canary.v20250908161649/impersonationfab_clerk.legacy.browser_e9bd95_5.91.3-canary.v20250908161649.js.sri
- clerk-js/5.91.3-canary.v20250908161649/impersonationfab_clerk.legacy.browser_e9bd95_5.91.3-canary.v20250908161649.min.js.br
- clerk-js/5.91.3-canary.v20250908161649/impersonationfab_clerk.legacy.browser_e9bd95_5.91.3-canary.v20250908161649.min.js.gz
- clerk-js/5.91.3-canary.v20250908161649/impersonationfab_clerk.legacy.browser_e9bd95_5.91.3-canary.v20250908161649.min.js.sri
- clerk-js/5.91.3-canary.v20250908161649/keylessPrompt_clerk.browser_0f0e6b_5.91.3-canary.v20250908161649.js.br
- clerk-js/5.91.3-canary.v20250908161649/keylessPrompt_clerk.browser_0f0e6b_5.91.3-canary.v20250908161649.js.gz
- clerk-js/5.91.3-canary.v20250908161649/keylessPrompt_clerk.browser_0f0e6b_5.91.3-canary.v20250908161649.js.sri
- clerk-js/5.91.3-canary.v20250908161649/keylessPrompt_clerk.browser_0f0e6b_5.91.3-canary.v20250908161649.min.js.br
- clerk-js/5.91.3-canary.v20250908161649/keylessPrompt_clerk.browser_0f0e6b_5.91.3-canary.v20250908161649.min.js.gz
- clerk-js/5.91.3-canary.v20250908161649/keylessPrompt_clerk.browser_0f0e6b_5.91.3-canary.v20250908161649.min.js.sri
- clerk-js/5.91.3-canary.v20250908161649/keylessPrompt_clerk.chips.browser_3c88c5_5.91.3-canary.v20250908161649.js.br
- clerk-js/5.91.3-canary.v20250908161649/keylessPrompt_clerk.chips.browser_3c88c5_5.91.3-canary.v20250908161649.js.gz
- clerk-js/5.91.3-canary.v20250908161649/keylessPrompt_clerk.chips.browser_3c88c5_5.91.3-canary.v20250908161649.js.sri
- clerk-js/5.91.3-canary.v20250908161649/keylessPrompt_clerk.chips.browser_3c88c5_5.91.3-canary.v20250908161649.min.js.br
- clerk-js/5.91.3-canary.v20250908161649/keylessPrompt_clerk.chips.browser_3c88c5_5.91.3-canary.v20250908161649.min.js.gz
- clerk-js/5.91.3-canary.v20250908161649/keylessPrompt_clerk.chips.browser_3c88c5_5.91.3-canary.v20250908161649.min.js.sri
- clerk-js/5.91.3-canary.v20250908161649/keylessPrompt_clerk.legacy.browser_e9bd95_5.91.3-canary.v20250908161649.js.br
- clerk-js/5.91.3-canary.v20250908161649/keylessPrompt_clerk.legacy.browser_e9bd95_5.91.3-canary.v20250908161649.js.gz
- clerk-js/5.91.3-canary.v20250908161649/keylessPrompt_clerk.legacy.browser_e9bd95_5.91.3-canary.v20250908161649.js.sri
- clerk-js/5.91.3-canary.v20250908161649/keylessPrompt_clerk.legacy.browser_e9bd95_5.91.3-canary.v20250908161649.min.js.br
- clerk-js/5.91.3-canary.v20250908161649/keylessPrompt_clerk.legacy.browser_e9bd95_5.91.3-canary.v20250908161649.min.js.gz
- clerk-js/5.91.3-canary.v20250908161649/keylessPrompt_clerk.legacy.browser_e9bd95_5.91.3-canary.v20250908161649.min.js.sri
- clerk-js/5.91.3-canary.v20250908161649/oauthConsent_clerk.browser_0f0e6b_5.91.3-canary.v20250908161649.js.br
- clerk-js/5.91.3-canary.v20250908161649/oauthConsent_clerk.browser_0f0e6b_5.91.3-canary.v20250908161649.js.gz
- clerk-js/5.91.3-canary.v20250908161649/oauthConsent_clerk.browser_0f0e6b_5.91.3-canary.v20250908161649.js.sri
- clerk-js/5.91.3-canary.v20250908161649/oauthConsent_clerk.browser_0f0e6b_5.91.3-canary.v20250908161649.min.js.br
- clerk-js/5.91.3-canary.v20250908161649/oauthConsent_clerk.browser_0f0e6b_5.91.3-canary.v20250908161649.min.js.gz
- clerk-js/5.91.3-canary.v20250908161649/oauthConsent_clerk.browser_0f0e6b_5.91.3-canary.v20250908161649.min.js.sri
- clerk-js/5.91.3-canary.v20250908161649/oauthConsent_clerk.chips.browser_3c88c5_5.91.3-canary.v20250908161649.js.br
- clerk-js/5.91.3-canary.v20250908161649/oauthConsent_clerk.chips.browser_3c88c5_5.91.3-canary.v20250908161649.js.gz
- clerk-js/5.91.3-canary.v20250908161649/oauthConsent_clerk.chips.browser_3c88c5_5.91.3-canary.v20250908161649.js.sri
- clerk-js/5.91.3-canary.v20250908161649/oauthConsent_clerk.chips.browser_3c88c5_5.91.3-canary.v20250908161649.min.js.br
- clerk-js/5.91.3-canary.v20250908161649/oauthConsent_clerk.chips.browser_3c88c5_5.91.3-canary.v20250908161649.min.js.gz
- clerk-js/5.91.3-canary.v20250908161649/oauthConsent_clerk.chips.browser_3c88c5_5.91.3-canary.v20250908161649.min.js.sri
- clerk-js/5.91.3-canary.v20250908161649/oauthConsent_clerk.legacy.browser_e9bd95_5.91.3-canary.v20250908161649.js.br
- clerk-js/5.91.3-canary.v20250908161649/oauthConsent_clerk.legacy.browser_e9bd95_5.91.3-canary.v20250908161649.js.gz
- clerk-js/5.91.3-canary.v20250908161649/oauthConsent_clerk.legacy.browser_e9bd95_5.91.3-canary.v20250908161649.js.sri
- clerk-js/5.91.3-canary.v20250908161649/oauthConsent_clerk.legacy.browser_e9bd95_5.91.3-canary.v20250908161649.min.js.br
- clerk-js/5.91.3-canary.v20250908161649/oauthConsent_clerk.legacy.browser_e9bd95_5.91.3-canary.v20250908161649.min.js.gz
- clerk-js/5.91.3-canary.v20250908161649/oauthConsent_clerk.legacy.browser_e9bd95_5.91.3-canary.v20250908161649.min.js.sri
- clerk-js/5.91.3-canary.v20250908161649/onetap_clerk.browser_0f0e6b_5.91.3-canary.v20250908161649.js.br
- clerk-js/5.91.3-canary.v20250908161649/onetap_clerk.browser_0f0e6b_5.91.3-canary.v20250908161649.js.gz
- clerk-js/5.91.3-canary.v20250908161649/onetap_clerk.browser_0f0e6b_5.91.3-canary.v20250908161649.js.sri
- clerk-js/5.91.3-canary.v20250908161649/onetap_clerk.browser_0f0e6b_5.91.3-canary.v20250908161649.min.js.br
- clerk-js/5.91.3-canary.v20250908161649/onetap_clerk.browser_0f0e6b_5.91.3-canary.v20250908161649.min.js.gz
- clerk-js/5.91.3-canary.v20250908161649/onetap_clerk.browser_0f0e6b_5.91.3-canary.v20250908161649.min.js.sri
- clerk-js/5.91.3-canary.v20250908161649/onetap_clerk.chips.browser_3c88c5_5.91.3-canary.v20250908161649.js.br
- clerk-js/5.91.3-canary.v20250908161649/onetap_clerk.chips.browser_3c88c5_5.91.3-canary.v20250908161649.js.gz
- clerk-js/5.91.3-canary.v20250908161649/onetap_clerk.chips.browser_3c88c5_5.91.3-canary.v20250908161649.js.sri
- clerk-js/5.91.3-canary.v20250908161649/onetap_clerk.chips.browser_3c88c5_5.91.3-canary.v20250908161649.min.js.br
- clerk-js/5.91.3-canary.v20250908161649/onetap_clerk.chips.browser_3c88c5_5.91.3-canary.v20250908161649.min.js.gz
- clerk-js/5.91.3-canary.v20250908161649/onetap_clerk.chips.browser_3c88c5_5.91.3-canary.v20250908161649.min.js.sri
- clerk-js/5.91.3-canary.v20250908161649/onetap_clerk.legacy.browser_e9bd95_5.91.3-canary.v20250908161649.js.br
- clerk-js/5.91.3-canary.v20250908161649/onetap_clerk.legacy.browser_e9bd95_5.91.3-canary.v20250908161649.js.gz
- clerk-js/5.91.3-canary.v20250908161649/onetap_clerk.legacy.browser_e9bd95_5.91.3-canary.v20250908161649.js.sri
- clerk-js/5.91.3-canary.v20250908161649/onetap_clerk.legacy.browser_e9bd95_5.91.3-canary.v20250908161649.min.js.br
- clerk-js/5.91.3-canary.v20250908161649/onetap_clerk.legacy.browser_e9bd95_5.91.3-canary.v20250908161649.min.js.gz
- clerk-js/5.91.3-canary.v20250908161649/onetap_clerk.legacy.browser_e9bd95_5.91.3-canary.v20250908161649.min.js.sri
- clerk-js/5.91.3-canary.v20250908161649/op-api-keys-page_clerk.browser_0f0e6b_5.91.3-canary.v20250908161649.js.br
- clerk-js/5.91.3-canary.v20250908161649/op-api-keys-page_clerk.browser_0f0e6b_5.91.3-canary.v20250908161649.js.gz
- clerk-js/5.91.3-canary.v20250908161649/op-api-keys-page_clerk.browser_0f0e6b_5.91.3-canary.v20250908161649.js.sri
- clerk-js/5.91.3-canary.v20250908161649/op-api-keys-page_clerk.browser_0f0e6b_5.91.3-canary.v20250908161649.min.js.br
- clerk-js/5.91.3-canary.v20250908161649/op-api-keys-page_clerk.browser_0f0e6b_5.91.3-canary.v20250908161649.min.js.gz
- clerk-js/5.91.3-canary.v20250908161649/op-api-keys-page_clerk.browser_0f0e6b_5.91.3-canary.v20250908161649.min.js.sri
- clerk-js/5.91.3-canary.v20250908161649/op-api-keys-page_clerk.chips.browser_3c88c5_5.91.3-canary.v20250908161649.js.br
- clerk-js/5.91.3-canary.v20250908161649/op-api-keys-page_clerk.chips.browser_3c88c5_5.91.3-canary.v20250908161649.js.gz
- clerk-js/5.91.3-canary.v20250908161649/op-api-keys-page_clerk.chips.browser_3c88c5_5.91.3-canary.v20250908161649.js.sri
- clerk-js/5.91.3-canary.v20250908161649/op-api-keys-page_clerk.chips.browser_3c88c5_5.91.3-canary.v20250908161649.min.js.br
- clerk-js/5.91.3-canary.v20250908161649/op-api-keys-page_clerk.chips.browser_3c88c5_5.91.3-canary.v20250908161649.min.js.gz
- clerk-js/5.91.3-canary.v20250908161649/op-api-keys-page_clerk.chips.browser_3c88c5_5.91.3-canary.v20250908161649.min.js.sri
- clerk-js/5.91.3-canary.v20250908161649/op-api-keys-page_clerk.legacy.browser_e9bd95_5.91.3-canary.v20250908161649.js.br
- clerk-js/5.91.3-canary.v20250908161649/op-api-keys-page_clerk.legacy.browser_e9bd95_5.91.3-canary.v20250908161649.js.gz
- clerk-js/5.91.3-canary.v20250908161649/op-api-keys-page_clerk.legacy.browser_e9bd95_5.91.3-canary.v20250908161649.js.sri
- clerk-js/5.91.3-canary.v20250908161649/op-api-keys-page_clerk.legacy.browser_e9bd95_5.91.3-canary.v20250908161649.min.js.br
- clerk-js/5.91.3-canary.v20250908161649/op-api-keys-page_clerk.legacy.browser_e9bd95_5.91.3-canary.v20250908161649.min.js.gz
- clerk-js/5.91.3-canary.v20250908161649/op-api-keys-page_clerk.legacy.browser_e9bd95_5.91.3-canary.v20250908161649.min.js.sri
- clerk-js/5.91.3-canary.v20250908161649/op-billing-page_clerk.browser_0f0e6b_5.91.3-canary.v20250908161649.js.br
- clerk-js/5.91.3-canary.v20250908161649/op-billing-page_clerk.browser_0f0e6b_5.91.3-canary.v20250908161649.js.gz
- clerk-js/5.91.3-canary.v20250908161649/op-billing-page_clerk.browser_0f0e6b_5.91.3-canary.v20250908161649.js.sri
- clerk-js/5.91.3-canary.v20250908161649/op-billing-page_clerk.browser_0f0e6b_5.91.3-canary.v20250908161649.min.js.br
- clerk-js/5.91.3-canary.v20250908161649/op-billing-page_clerk.browser_0f0e6b_5.91.3-canary.v20250908161649.min.js.gz
- clerk-js/5.91.3-canary.v20250908161649/op-billing-page_clerk.browser_0f0e6b_5.91.3-canary.v20250908161649.min.js.sri
- clerk-js/5.91.3-canary.v20250908161649/op-billing-page_clerk.chips.browser_3c88c5_5.91.3-canary.v20250908161649.js.br
- clerk-js/5.91.3-canary.v20250908161649/op-billing-page_clerk.chips.browser_3c88c5_5.91.3-canary.v20250908161649.js.gz
- clerk-js/5.91.3-canary.v20250908161649/op-billing-page_clerk.chips.browser_3c88c5_5.91.3-canary.v20250908161649.js.sri
- clerk-js/5.91.3-canary.v20250908161649/op-billing-page_clerk.chips.browser_3c88c5_5.91.3-canary.v20250908161649.min.js.br
- clerk-js/5.91.3-canary.v20250908161649/op-billing-page_clerk.chips.browser_3c88c5_5.91.3-canary.v20250908161649.min.js.gz
- clerk-js/5.91.3-canary.v20250908161649/op-billing-page_clerk.chips.browser_3c88c5_5.91.3-canary.v20250908161649.min.js.sri
- clerk-js/5.91.3-canary.v20250908161649/op-billing-page_clerk.legacy.browser_e9bd95_5.91.3-canary.v20250908161649.js.br
- clerk-js/5.91.3-canary.v20250908161649/op-billing-page_clerk.legacy.browser_e9bd95_5.91.3-canary.v20250908161649.js.gz
- clerk-js/5.91.3-canary.v20250908161649/op-billing-page_clerk.legacy.browser_e9bd95_5.91.3-canary.v20250908161649.js.sri
- clerk-js/5.91.3-canary.v20250908161649/op-billing-page_clerk.legacy.browser_e9bd95_5.91.3-canary.v20250908161649.min.js.br
- clerk-js/5.91.3-canary.v20250908161649/op-billing-page_clerk.legacy.browser_e9bd95_5.91.3-canary.v20250908161649.min.js.gz
- clerk-js/5.91.3-canary.v20250908161649/op-billing-page_clerk.legacy.browser_e9bd95_5.91.3-canary.v20250908161649.min.js.sri
- clerk-js/5.91.3-canary.v20250908161649/op-plans-page_clerk.browser_0f0e6b_5.91.3-canary.v20250908161649.js.br
- clerk-js/5.91.3-canary.v20250908161649/op-plans-page_clerk.browser_0f0e6b_5.91.3-canary.v20250908161649.js.gz
- clerk-js/5.91.3-canary.v20250908161649/op-plans-page_clerk.browser_0f0e6b_5.91.3-canary.v20250908161649.js.sri
- clerk-js/5.91.3-canary.v20250908161649/op-plans-page_clerk.browser_0f0e6b_5.91.3-canary.v20250908161649.min.js.br
- clerk-js/5.91.3-canary.v20250908161649/op-plans-page_clerk.browser_0f0e6b_5.91.3-canary.v20250908161649.min.js.gz
- clerk-js/5.91.3-canary.v20250908161649/op-plans-page_clerk.browser_0f0e6b_5.91.3-canary.v20250908161649.min.js.sri
- clerk-js/5.91.3-canary.v20250908161649/op-plans-page_clerk.chips.browser_3c88c5_5.91.3-canary.v20250908161649.js.br
- clerk-js/5.91.3-canary.v20250908161649/op-plans-page_clerk.chips.browser_3c88c5_5.91.3-canary.v20250908161649.js.gz
- clerk-js/5.91.3-canary.v20250908161649/op-plans-page_clerk.chips.browser_3c88c5_5.91.3-canary.v20250908161649.js.sri
- clerk-js/5.91.3-canary.v20250908161649/op-plans-page_clerk.chips.browser_3c88c5_5.91.3-canary.v20250908161649.min.js.br
- clerk-js/5.91.3-canary.v20250908161649/op-plans-page_clerk.chips.browser_3c88c5_5.91.3-canary.v20250908161649.min.js.gz
- clerk-js/5.91.3-canary.v20250908161649/op-plans-page_clerk.chips.browser_3c88c5_5.91.3-canary.v20250908161649.min.js.sri
- clerk-js/5.91.3-canary.v20250908161649/op-plans-page_clerk.legacy.browser_e9bd95_5.91.3-canary.v20250908161649.js.br
- clerk-js/5.91.3-canary.v20250908161649/op-plans-page_clerk.legacy.browser_e9bd95_5.91.3-canary.v20250908161649.js.gz
- clerk-js/5.91.3-canary.v20250908161649/op-plans-page_clerk.legacy.browser_e9bd95_5.91.3-canary.v20250908161649.js.sri
- clerk-js/5.91.3-canary.v20250908161649/op-plans-page_clerk.legacy.browser_e9bd95_5.91.3-canary.v20250908161649.min.js.br
- clerk-js/5.91.3-canary.v20250908161649/op-plans-page_clerk.legacy.browser_e9bd95_5.91.3-canary.v20250908161649.min.js.gz
- clerk-js/5.91.3-canary.v20250908161649/op-plans-page_clerk.legacy.browser_e9bd95_5.91.3-canary.v20250908161649.min.js.sri
- clerk-js/5.91.3-canary.v20250908161649/organizationlist_clerk.browser_0f0e6b_5.91.3-canary.v20250908161649.js.br
- clerk-js/5.91.3-canary.v20250908161649/organizationlist_clerk.browser_0f0e6b_5.91.3-canary.v20250908161649.js.gz
- clerk-js/5.91.3-canary.v20250908161649/organizationlist_clerk.browser_0f0e6b_5.91.3-canary.v20250908161649.js.sri
- clerk-js/5.91.3-canary.v20250908161649/organizationlist_clerk.browser_0f0e6b_5.91.3-canary.v20250908161649.min.js.br
- clerk-js/5.91.3-canary.v20250908161649/organizationlist_clerk.browser_0f0e6b_5.91.3-canary.v20250908161649.min.js.gz
- clerk-js/5.91.3-canary.v20250908161649/organizationlist_clerk.browser_0f0e6b_5.91.3-canary.v20250908161649.min.js.sri
- clerk-js/5.91.3-canary.v20250908161649/organizationlist_clerk.chips.browser_3c88c5_5.91.3-canary.v20250908161649.js.br
- clerk-js/5.91.3-canary.v20250908161649/organizationlist_clerk.chips.browser_3c88c5_5.91.3-canary.v20250908161649.js.gz
- clerk-js/5.91.3-canary.v20250908161649/organizationlist_clerk.chips.browser_3c88c5_5.91.3-canary.v20250908161649.js.sri
- clerk-js/5.91.3-canary.v20250908161649/organizationlist_clerk.chips.browser_3c88c5_5.91.3-canary.v20250908161649.min.js.br
- clerk-js/5.91.3-canary.v20250908161649/organizationlist_clerk.chips.browser_3c88c5_5.91.3-canary.v20250908161649.min.js.gz
- clerk-js/5.91.3-canary.v20250908161649/organizationlist_clerk.chips.browser_3c88c5_5.91.3-canary.v20250908161649.min.js.sri
- clerk-js/5.91.3-canary.v20250908161649/organizationlist_clerk.legacy.browser_e9bd95_5.91.3-canary.v20250908161649.js.br
- clerk-js/5.91.3-canary.v20250908161649/organizationlist_clerk.legacy.browser_e9bd95_5.91.3-canary.v20250908161649.js.gz
- clerk-js/5.91.3-canary.v20250908161649/organizationlist_clerk.legacy.browser_e9bd95_5.91.3-canary.v20250908161649.js.sri
- clerk-js/5.91.3-canary.v20250908161649/organizationlist_clerk.legacy.browser_e9bd95_5.91.3-canary.v20250908161649.min.js.br
- clerk-js/5.91.3-canary.v20250908161649/organizationlist_clerk.legacy.browser_e9bd95_5.91.3-canary.v20250908161649.min.js.gz
- clerk-js/5.91.3-canary.v20250908161649/organizationlist_clerk.legacy.browser_e9bd95_5.91.3-canary.v20250908161649.min.js.sri
- clerk-js/5.91.3-canary.v20250908161649/organizationprofile_clerk.browser_0f0e6b_5.91.3-canary.v20250908161649.js.br
- clerk-js/5.91.3-canary.v20250908161649/organizationprofile_clerk.browser_0f0e6b_5.91.3-canary.v20250908161649.js.gz
- clerk-js/5.91.3-canary.v20250908161649/organizationprofile_clerk.browser_0f0e6b_5.91.3-canary.v20250908161649.js.sri
- clerk-js/5.91.3-canary.v20250908161649/organizationprofile_clerk.browser_0f0e6b_5.91.3-canary.v20250908161649.min.js.br
- clerk-js/5.91.3-canary.v20250908161649/organizationprofile_clerk.browser_0f0e6b_5.91.3-canary.v20250908161649.min.js.gz
- clerk-js/5.91.3-canary.v20250908161649/organizationprofile_clerk.browser_0f0e6b_5.91.3-canary.v20250908161649.min.js.sri
- clerk-js/5.91.3-canary.v20250908161649/organizationprofile_clerk.chips.browser_3c88c5_5.91.3-canary.v20250908161649.js.br
- clerk-js/5.91.3-canary.v20250908161649/organizationprofile_clerk.chips.browser_3c88c5_5.91.3-canary.v20250908161649.js.gz
- clerk-js/5.91.3-canary.v20250908161649/organizationprofile_clerk.chips.browser_3c88c5_5.91.3-canary.v20250908161649.js.sri
- clerk-js/5.91.3-canary.v20250908161649/organizationprofile_clerk.chips.browser_3c88c5_5.91.3-canary.v20250908161649.min.js.br
- clerk-js/5.91.3-canary.v20250908161649/organizationprofile_clerk.chips.browser_3c88c5_5.91.3-canary.v20250908161649.min.js.gz
- clerk-js/5.91.3-canary.v20250908161649/organizationprofile_clerk.chips.browser_3c88c5_5.91.3-canary.v20250908161649.min.js.sri
- clerk-js/5.91.3-canary.v20250908161649/organizationprofile_clerk.legacy.browser_e9bd95_5.91.3-canary.v20250908161649.js.br
- clerk-js/5.91.3-canary.v20250908161649/organizationprofile_clerk.legacy.browser_e9bd95_5.91.3-canary.v20250908161649.js.gz
- clerk-js/5.91.3-canary.v20250908161649/organizationprofile_clerk.legacy.browser_e9bd95_5.91.3-canary.v20250908161649.js.sri
- clerk-js/5.91.3-canary.v20250908161649/organizationprofile_clerk.legacy.browser_e9bd95_5.91.3-canary.v20250908161649.min.js.br
- clerk-js/5.91.3-canary.v20250908161649/organizationprofile_clerk.legacy.browser_e9bd95_5.91.3-canary.v20250908161649.min.js.gz
- clerk-js/5.91.3-canary.v20250908161649/organizationprofile_clerk.legacy.browser_e9bd95_5.91.3-canary.v20250908161649.min.js.sri
- clerk-js/5.91.3-canary.v20250908161649/organizationswitcher_clerk.browser_0f0e6b_5.91.3-canary.v20250908161649.js.br
- clerk-js/5.91.3-canary.v20250908161649/organizationswitcher_clerk.browser_0f0e6b_5.91.3-canary.v20250908161649.js.gz
- clerk-js/5.91.3-canary.v20250908161649/organizationswitcher_clerk.browser_0f0e6b_5.91.3-canary.v20250908161649.js.sri
- clerk-js/5.91.3-canary.v20250908161649/organizationswitcher_clerk.browser_0f0e6b_5.91.3-canary.v20250908161649.min.js.br
- clerk-js/5.91.3-canary.v20250908161649/organizationswitcher_clerk.browser_0f0e6b_5.91.3-canary.v20250908161649.min.js.gz
- clerk-js/5.91.3-canary.v20250908161649/organizationswitcher_clerk.browser_0f0e6b_5.91.3-canary.v20250908161649.min.js.sri
- clerk-js/5.91.3-canary.v20250908161649/organizationswitcher_clerk.chips.browser_3c88c5_5.91.3-canary.v20250908161649.js.br
- clerk-js/5.91.3-canary.v20250908161649/organizationswitcher_clerk.chips.browser_3c88c5_5.91.3-canary.v20250908161649.js.gz
- clerk-js/5.91.3-canary.v20250908161649/organizationswitcher_clerk.chips.browser_3c88c5_5.91.3-canary.v20250908161649.js.sri
- clerk-js/5.91.3-canary.v20250908161649/organizationswitcher_clerk.chips.browser_3c88c5_5.91.3-canary.v20250908161649.min.js.br
- clerk-js/5.91.3-canary.v20250908161649/organizationswitcher_clerk.chips.browser_3c88c5_5.91.3-canary.v20250908161649.min.js.gz
- clerk-js/5.91.3-canary.v20250908161649/organizationswitcher_clerk.chips.browser_3c88c5_5.91.3-canary.v20250908161649.min.js.sri
- clerk-js/5.91.3-canary.v20250908161649/organizationswitcher_clerk.legacy.browser_e9bd95_5.91.3-canary.v20250908161649.js.br
- clerk-js/5.91.3-canary.v20250908161649/organizationswitcher_clerk.legacy.browser_e9bd95_5.91.3-canary.v20250908161649.js.gz
- clerk-js/5.91.3-canary.v20250908161649/organizationswitcher_clerk.legacy.browser_e9bd95_5.91.3-canary.v20250908161649.js.sri
- clerk-js/5.91.3-canary.v20250908161649/organizationswitcher_clerk.legacy.browser_e9bd95_5.91.3-canary.v20250908161649.min.js.br
- clerk-js/5.91.3-canary.v20250908161649/organizationswitcher_clerk.legacy.browser_e9bd95_5.91.3-canary.v20250908161649.min.js.gz
- clerk-js/5.91.3-canary.v20250908161649/organizationswitcher_clerk.legacy.browser_e9bd95_5.91.3-canary.v20250908161649.min.js.sri
- clerk-js/5.91.3-canary.v20250908161649/payment-attempt-page_clerk.browser_0f0e6b_5.91.3-canary.v20250908161649.js.br
- clerk-js/5.91.3-canary.v20250908161649/payment-attempt-page_clerk.browser_0f0e6b_5.91.3-canary.v20250908161649.js.gz
- clerk-js/5.91.3-canary.v20250908161649/payment-attempt-page_clerk.browser_0f0e6b_5.91.3-canary.v20250908161649.js.sri
- clerk-js/5.91.3-canary.v20250908161649/payment-attempt-page_clerk.browser_0f0e6b_5.91.3-canary.v20250908161649.min.js.br
- clerk-js/5.91.3-canary.v20250908161649/payment-attempt-page_clerk.browser_0f0e6b_5.91.3-canary.v20250908161649.min.js.gz
- clerk-js/5.91.3-canary.v20250908161649/payment-attempt-page_clerk.browser_0f0e6b_5.91.3-canary.v20250908161649.min.js.sri
- clerk-js/5.91.3-canary.v20250908161649/payment-attempt-page_clerk.chips.browser_3c88c5_5.91.3-canary.v20250908161649.js.br
- clerk-js/5.91.3-canary.v20250908161649/payment-attempt-page_clerk.chips.browser_3c88c5_5.91.3-canary.v20250908161649.js.gz
- clerk-js/5.91.3-canary.v20250908161649/payment-attempt-page_clerk.chips.browser_3c88c5_5.91.3-canary.v20250908161649.js.sri
- clerk-js/5.91.3-canary.v20250908161649/payment-attempt-page_clerk.chips.browser_3c88c5_5.91.3-canary.v20250908161649.min.js.br
- clerk-js/5.91.3-canary.v20250908161649/payment-attempt-page_clerk.chips.browser_3c88c5_5.91.3-canary.v20250908161649.min.js.gz
- clerk-js/5.91.3-canary.v20250908161649/payment-attempt-page_clerk.chips.browser_3c88c5_5.91.3-canary.v20250908161649.min.js.sri
- clerk-js/5.91.3-canary.v20250908161649/payment-attempt-page_clerk.legacy.browser_e9bd95_5.91.3-canary.v20250908161649.js.br
- clerk-js/5.91.3-canary.v20250908161649/payment-attempt-page_clerk.legacy.browser_e9bd95_5.91.3-canary.v20250908161649.js.gz
- clerk-js/5.91.3-canary.v20250908161649/payment-attempt-page_clerk.legacy.browser_e9bd95_5.91.3-canary.v20250908161649.js.sri
- clerk-js/5.91.3-canary.v20250908161649/payment-attempt-page_clerk.legacy.browser_e9bd95_5.91.3-canary.v20250908161649.min.js.br
- clerk-js/5.91.3-canary.v20250908161649/payment-attempt-page_clerk.legacy.browser_e9bd95_5.91.3-canary.v20250908161649.min.js.gz
- clerk-js/5.91.3-canary.v20250908161649/payment-attempt-page_clerk.legacy.browser_e9bd95_5.91.3-canary.v20250908161649.min.js.sri
- clerk-js/5.91.3-canary.v20250908161649/planDetails_clerk.browser_0f0e6b_5.91.3-canary.v20250908161649.js.br
- clerk-js/5.91.3-canary.v20250908161649/planDetails_clerk.browser_0f0e6b_5.91.3-canary.v20250908161649.js.gz
- clerk-js/5.91.3-canary.v20250908161649/planDetails_clerk.browser_0f0e6b_5.91.3-canary.v20250908161649.js.sri
- clerk-js/5.91.3-canary.v20250908161649/planDetails_clerk.browser_0f0e6b_5.91.3-canary.v20250908161649.min.js.br
- clerk-js/5.91.3-canary.v20250908161649/planDetails_clerk.browser_0f0e6b_5.91.3-canary.v20250908161649.min.js.gz
- clerk-js/5.91.3-canary.v20250908161649/planDetails_clerk.browser_0f0e6b_5.91.3-canary.v20250908161649.min.js.sri
- clerk-js/5.91.3-canary.v20250908161649/planDetails_clerk.chips.browser_3c88c5_5.91.3-canary.v20250908161649.js.br
- clerk-js/5.91.3-canary.v20250908161649/planDetails_clerk.chips.browser_3c88c5_5.91.3-canary.v20250908161649.js.gz
- clerk-js/5.91.3-canary.v20250908161649/planDetails_clerk.chips.browser_3c88c5_5.91.3-canary.v20250908161649.js.sri
- clerk-js/5.91.3-canary.v20250908161649/planDetails_clerk.chips.browser_3c88c5_5.91.3-canary.v20250908161649.min.js.br
- clerk-js/5.91.3-canary.v20250908161649/planDetails_clerk.chips.browser_3c88c5_5.91.3-canary.v20250908161649.min.js.gz
- clerk-js/5.91.3-canary.v20250908161649/planDetails_clerk.chips.browser_3c88c5_5.91.3-canary.v20250908161649.min.js.sri
- clerk-js/5.91.3-canary.v20250908161649/planDetails_clerk.legacy.browser_e9bd95_5.91.3-canary.v20250908161649.js.br
- clerk-js/5.91.3-canary.v20250908161649/planDetails_clerk.legacy.browser_e9bd95_5.91.3-canary.v20250908161649.js.gz
- clerk-js/5.91.3-canary.v20250908161649/planDetails_clerk.legacy.browser_e9bd95_5.91.3-canary.v20250908161649.js.sri
- clerk-js/5.91.3-canary.v20250908161649/planDetails_clerk.legacy.browser_e9bd95_5.91.3-canary.v20250908161649.min.js.br
- clerk-js/5.91.3-canary.v20250908161649/planDetails_clerk.legacy.browser_e9bd95_5.91.3-canary.v20250908161649.min.js.gz
- clerk-js/5.91.3-canary.v20250908161649/planDetails_clerk.legacy.browser_e9bd95_5.91.3-canary.v20250908161649.min.js.sri
- clerk-js/5.91.3-canary.v20250908161649/prefetchorganizationlist_clerk.browser_0f0e6b_5.91.3-canary.v20250908161649.js.br
- clerk-js/5.91.3-canary.v20250908161649/prefetchorganizationlist_clerk.browser_0f0e6b_5.91.3-canary.v20250908161649.js.gz
- clerk-js/5.91.3-canary.v20250908161649/prefetchorganizationlist_clerk.browser_0f0e6b_5.91.3-canary.v20250908161649.js.sri
- clerk-js/5.91.3-canary.v20250908161649/prefetchorganizationlist_clerk.browser_0f0e6b_5.91.3-canary.v20250908161649.min.js.br
- clerk-js/5.91.3-canary.v20250908161649/prefetchorganizationlist_clerk.browser_0f0e6b_5.91.3-canary.v20250908161649.min.js.gz
- clerk-js/5.91.3-canary.v20250908161649/prefetchorganizationlist_clerk.browser_0f0e6b_5.91.3-canary.v20250908161649.min.js.sri
- clerk-js/5.91.3-canary.v20250908161649/prefetchorganizationlist_clerk.chips.browser_3c88c5_5.91.3-canary.v20250908161649.js.br
- clerk-js/5.91.3-canary.v20250908161649/prefetchorganizationlist_clerk.chips.browser_3c88c5_5.91.3-canary.v20250908161649.js.gz
- clerk-js/5.91.3-canary.v20250908161649/prefetchorganizationlist_clerk.chips.browser_3c88c5_5.91.3-canary.v20250908161649.js.sri
- clerk-js/5.91.3-canary.v20250908161649/prefetchorganizationlist_clerk.chips.browser_3c88c5_5.91.3-canary.v20250908161649.min.js.br
- clerk-js/5.91.3-canary.v20250908161649/prefetchorganizationlist_clerk.chips.browser_3c88c5_5.91.3-canary.v20250908161649.min.js.gz
- clerk-js/5.91.3-canary.v20250908161649/prefetchorganizationlist_clerk.chips.browser_3c88c5_5.91.3-canary.v20250908161649.min.js.sri
- clerk-js/5.91.3-canary.v20250908161649/prefetchorganizationlist_clerk.legacy.browser_e9bd95_5.91.3-canary.v20250908161649.js.br
- clerk-js/5.91.3-canary.v20250908161649/prefetchorganizationlist_clerk.legacy.browser_e9bd95_5.91.3-canary.v20250908161649.js.gz
- clerk-js/5.91.3-canary.v20250908161649/prefetchorganizationlist_clerk.legacy.browser_e9bd95_5.91.3-canary.v20250908161649.js.sri
- clerk-js/5.91.3-canary.v20250908161649/prefetchorganizationlist_clerk.legacy.browser_e9bd95_5.91.3-canary.v20250908161649.min.js.br
- clerk-js/5.91.3-canary.v20250908161649/prefetchorganizationlist_clerk.legacy.browser_e9bd95_5.91.3-canary.v20250908161649.min.js.gz
- clerk-js/5.91.3-canary.v20250908161649/prefetchorganizationlist_clerk.legacy.browser_e9bd95_5.91.3-canary.v20250908161649.min.js.sri
- clerk-js/5.91.3-canary.v20250908161649/pricingTable_clerk.browser_0f0e6b_5.91.3-canary.v20250908161649.js.br
- clerk-js/5.91.3-canary.v20250908161649/pricingTable_clerk.browser_0f0e6b_5.91.3-canary.v20250908161649.js.gz
- clerk-js/5.91.3-canary.v20250908161649/pricingTable_clerk.browser_0f0e6b_5.91.3-canary.v20250908161649.js.sri
- clerk-js/5.91.3-canary.v20250908161649/pricingTable_clerk.browser_0f0e6b_5.91.3-canary.v20250908161649.min.js.br
- clerk-js/5.91.3-canary.v20250908161649/pricingTable_clerk.browser_0f0e6b_5.91.3-canary.v20250908161649.min.js.gz
- clerk-js/5.91.3-canary.v20250908161649/pricingTable_clerk.browser_0f0e6b_5.91.3-canary.v20250908161649.min.js.sri
- clerk-js/5.91.3-canary.v20250908161649/pricingTable_clerk.chips.browser_3c88c5_5.91.3-canary.v20250908161649.js.br
- clerk-js/5.91.3-canary.v20250908161649/pricingTable_clerk.chips.browser_3c88c5_5.91.3-canary.v20250908161649.js.gz
- clerk-js/5.91.3-canary.v20250908161649/pricingTable_clerk.chips.browser_3c88c5_5.91.3-canary.v20250908161649.js.sri
- clerk-js/5.91.3-canary.v20250908161649/pricingTable_clerk.chips.browser_3c88c5_5.91.3-canary.v20250908161649.min.js.br
- clerk-js/5.91.3-canary.v20250908161649/pricingTable_clerk.chips.browser_3c88c5_5.91.3-canary.v20250908161649.min.js.gz
- clerk-js/5.91.3-canary.v20250908161649/pricingTable_clerk.chips.browser_3c88c5_5.91.3-canary.v20250908161649.min.js.sri
- clerk-js/5.91.3-canary.v20250908161649/pricingTable_clerk.legacy.browser_e9bd95_5.91.3-canary.v20250908161649.js.br
- clerk-js/5.91.3-canary.v20250908161649/pricingTable_clerk.legacy.browser_e9bd95_5.91.3-canary.v20250908161649.js.gz
- clerk-js/5.91.3-canary.v20250908161649/pricingTable_clerk.legacy.browser_e9bd95_5.91.3-canary.v20250908161649.js.sri
- clerk-js/5.91.3-canary.v20250908161649/pricingTable_clerk.legacy.browser_e9bd95_5.91.3-canary.v20250908161649.min.js.br
- clerk-js/5.91.3-canary.v20250908161649/pricingTable_clerk.legacy.browser_e9bd95_5.91.3-canary.v20250908161649.min.js.gz
- clerk-js/5.91.3-canary.v20250908161649/pricingTable_clerk.legacy.browser_e9bd95_5.91.3-canary.v20250908161649.min.js.sri
- clerk-js/5.91.3-canary.v20250908161649/revoke-api-key-modal_clerk.browser_0f0e6b_5.91.3-canary.v20250908161649.js.br
- clerk-js/5.91.3-canary.v20250908161649/revoke-api-key-modal_clerk.browser_0f0e6b_5.91.3-canary.v20250908161649.js.gz
- clerk-js/5.91.3-canary.v20250908161649/revoke-api-key-modal_clerk.browser_0f0e6b_5.91.3-canary.v20250908161649.js.sri
- clerk-js/5.91.3-canary.v20250908161649/revoke-api-key-modal_clerk.browser_0f0e6b_5.91.3-canary.v20250908161649.min.js.br
- clerk-js/5.91.3-canary.v20250908161649/revoke-api-key-modal_clerk.browser_0f0e6b_5.91.3-canary.v20250908161649.min.js.gz
- clerk-js/5.91.3-canary.v20250908161649/revoke-api-key-modal_clerk.browser_0f0e6b_5.91.3-canary.v20250908161649.min.js.sri
- clerk-js/5.91.3-canary.v20250908161649/revoke-api-key-modal_clerk.chips.browser_3c88c5_5.91.3-canary.v20250908161649.js.br
- clerk-js/5.91.3-canary.v20250908161649/revoke-api-key-modal_clerk.chips.browser_3c88c5_5.91.3-canary.v20250908161649.js.gz
- clerk-js/5.91.3-canary.v20250908161649/revoke-api-key-modal_clerk.chips.browser_3c88c5_5.91.3-canary.v20250908161649.js.sri
- clerk-js/5.91.3-canary.v20250908161649/revoke-api-key-modal_clerk.chips.browser_3c88c5_5.91.3-canary.v20250908161649.min.js.br
- clerk-js/5.91.3-canary.v20250908161649/revoke-api-key-modal_clerk.chips.browser_3c88c5_5.91.3-canary.v20250908161649.min.js.gz
- clerk-js/5.91.3-canary.v20250908161649/revoke-api-key-modal_clerk.chips.browser_3c88c5_5.91.3-canary.v20250908161649.min.js.sri
- clerk-js/5.91.3-canary.v20250908161649/revoke-api-key-modal_clerk.legacy.browser_e9bd95_5.91.3-canary.v20250908161649.js.br
- clerk-js/5.91.3-canary.v20250908161649/revoke-api-key-modal_clerk.legacy.browser_e9bd95_5.91.3-canary.v20250908161649.js.gz
- clerk-js/5.91.3-canary.v20250908161649/revoke-api-key-modal_clerk.legacy.browser_e9bd95_5.91.3-canary.v20250908161649.js.sri
- clerk-js/5.91.3-canary.v20250908161649/revoke-api-key-modal_clerk.legacy.browser_e9bd95_5.91.3-canary.v20250908161649.min.js.br
- clerk-js/5.91.3-canary.v20250908161649/revoke-api-key-modal_clerk.legacy.browser_e9bd95_5.91.3-canary.v20250908161649.min.js.gz
- clerk-js/5.91.3-canary.v20250908161649/revoke-api-key-modal_clerk.legacy.browser_e9bd95_5.91.3-canary.v20250908161649.min.js.sri
- clerk-js/5.91.3-canary.v20250908161649/sessionTasks_clerk.browser_0f0e6b_5.91.3-canary.v20250908161649.js.br
- clerk-js/5.91.3-canary.v20250908161649/sessionTasks_clerk.browser_0f0e6b_5.91.3-canary.v20250908161649.js.gz
- clerk-js/5.91.3-canary.v20250908161649/sessionTasks_clerk.browser_0f0e6b_5.91.3-canary.v20250908161649.js.sri
- clerk-js/5.91.3-canary.v20250908161649/sessionTasks_clerk.browser_0f0e6b_5.91.3-canary.v20250908161649.min.js.br
- clerk-js/5.91.3-canary.v20250908161649/sessionTasks_clerk.browser_0f0e6b_5.91.3-canary.v20250908161649.min.js.gz
- clerk-js/5.91.3-canary.v20250908161649/sessionTasks_clerk.browser_0f0e6b_5.91.3-canary.v20250908161649.min.js.sri
- clerk-js/5.91.3-canary.v20250908161649/sessionTasks_clerk.chips.browser_3c88c5_5.91.3-canary.v20250908161649.js.br
- clerk-js/5.91.3-canary.v20250908161649/sessionTasks_clerk.chips.browser_3c88c5_5.91.3-canary.v20250908161649.js.gz
- clerk-js/5.91.3-canary.v20250908161649/sessionTasks_clerk.chips.browser_3c88c5_5.91.3-canary.v20250908161649.js.sri
- clerk-js/5.91.3-canary.v20250908161649/sessionTasks_clerk.chips.browser_3c88c5_5.91.3-canary.v20250908161649.min.js.br
- clerk-js/5.91.3-canary.v20250908161649/sessionTasks_clerk.chips.browser_3c88c5_5.91.3-canary.v20250908161649.min.js.gz
- clerk-js/5.91.3-canary.v20250908161649/sessionTasks_clerk.chips.browser_3c88c5_5.91.3-canary.v20250908161649.min.js.sri
- clerk-js/5.91.3-canary.v20250908161649/sessionTasks_clerk.legacy.browser_e9bd95_5.91.3-canary.v20250908161649.js.br
- clerk-js/5.91.3-canary.v20250908161649/sessionTasks_clerk.legacy.browser_e9bd95_5.91.3-canary.v20250908161649.js.gz
- clerk-js/5.91.3-canary.v20250908161649/sessionTasks_clerk.legacy.browser_e9bd95_5.91.3-canary.v20250908161649.js.sri
- clerk-js/5.91.3-canary.v20250908161649/sessionTasks_clerk.legacy.browser_e9bd95_5.91.3-canary.v20250908161649.min.js.br
- clerk-js/5.91.3-canary.v20250908161649/sessionTasks_clerk.legacy.browser_e9bd95_5.91.3-canary.v20250908161649.min.js.gz
- clerk-js/5.91.3-canary.v20250908161649/sessionTasks_clerk.legacy.browser_e9bd95_5.91.3-canary.v20250908161649.min.js.sri
- clerk-js/5.91.3-canary.v20250908161649/signin_clerk.browser_0f0e6b_5.91.3-canary.v20250908161649.js.br
- clerk-js/5.91.3-canary.v20250908161649/signin_clerk.browser_0f0e6b_5.91.3-canary.v20250908161649.js.gz
- clerk-js/5.91.3-canary.v20250908161649/signin_clerk.browser_0f0e6b_5.91.3-canary.v20250908161649.js.sri
- clerk-js/5.91.3-canary.v20250908161649/signin_clerk.browser_0f0e6b_5.91.3-canary.v20250908161649.min.js.br
- clerk-js/5.91.3-canary.v20250908161649/signin_clerk.browser_0f0e6b_5.91.3-canary.v20250908161649.min.js.gz
- clerk-js/5.91.3-canary.v20250908161649/signin_clerk.browser_0f0e6b_5.91.3-canary.v20250908161649.min.js.sri
- clerk-js/5.91.3-canary.v20250908161649/signin_clerk.chips.browser_3c88c5_5.91.3-canary.v20250908161649.js.br
- clerk-js/5.91.3-canary.v20250908161649/signin_clerk.chips.browser_3c88c5_5.91.3-canary.v20250908161649.js.gz
- clerk-js/5.91.3-canary.v20250908161649/signin_clerk.chips.browser_3c88c5_5.91.3-canary.v20250908161649.js.sri
- clerk-js/5.91.3-canary.v20250908161649/signin_clerk.chips.browser_3c88c5_5.91.3-canary.v20250908161649.min.js.br
- clerk-js/5.91.3-canary.v20250908161649/signin_clerk.chips.browser_3c88c5_5.91.3-canary.v20250908161649.min.js.gz
- clerk-js/5.91.3-canary.v20250908161649/signin_clerk.chips.browser_3c88c5_5.91.3-canary.v20250908161649.min.js.sri
- clerk-js/5.91.3-canary.v20250908161649/signin_clerk.legacy.browser_e9bd95_5.91.3-canary.v20250908161649.js.br
- clerk-js/5.91.3-canary.v20250908161649/signin_clerk.legacy.browser_e9bd95_5.91.3-canary.v20250908161649.js.gz
- clerk-js/5.91.3-canary.v20250908161649/signin_clerk.legacy.browser_e9bd95_5.91.3-canary.v20250908161649.js.sri
- clerk-js/5.91.3-canary.v20250908161649/signin_clerk.legacy.browser_e9bd95_5.91.3-canary.v20250908161649.min.js.br
- clerk-js/5.91.3-canary.v20250908161649/signin_clerk.legacy.browser_e9bd95_5.91.3-canary.v20250908161649.min.js.gz
- clerk-js/5.91.3-canary.v20250908161649/signin_clerk.legacy.browser_e9bd95_5.91.3-canary.v20250908161649.min.js.sri
- clerk-js/5.91.3-canary.v20250908161649/signup_clerk.browser_0f0e6b_5.91.3-canary.v20250908161649.js.br
- clerk-js/5.91.3-canary.v20250908161649/signup_clerk.browser_0f0e6b_5.91.3-canary.v20250908161649.js.gz
- clerk-js/5.91.3-canary.v20250908161649/signup_clerk.browser_0f0e6b_5.91.3-canary.v20250908161649.js.sri
- clerk-js/5.91.3-canary.v20250908161649/signup_clerk.browser_0f0e6b_5.91.3-canary.v20250908161649.min.js.br
- clerk-js/5.91.3-canary.v20250908161649/signup_clerk.browser_0f0e6b_5.91.3-canary.v20250908161649.min.js.gz
- clerk-js/5.91.3-canary.v20250908161649/signup_clerk.browser_0f0e6b_5.91.3-canary.v20250908161649.min.js.sri
- clerk-js/5.91.3-canary.v20250908161649/signup_clerk.chips.browser_3c88c5_5.91.3-canary.v20250908161649.js.br
- clerk-js/5.91.3-canary.v20250908161649/signup_clerk.chips.browser_3c88c5_5.91.3-canary.v20250908161649.js.gz
- clerk-js/5.91.3-canary.v20250908161649/signup_clerk.chips.browser_3c88c5_5.91.3-canary.v20250908161649.js.sri
- clerk-js/5.91.3-canary.v20250908161649/signup_clerk.chips.browser_3c88c5_5.91.3-canary.v20250908161649.min.js.br
- clerk-js/5.91.3-canary.v20250908161649/signup_clerk.chips.browser_3c88c5_5.91.3-canary.v20250908161649.min.js.gz
- clerk-js/5.91.3-canary.v20250908161649/signup_clerk.chips.browser_3c88c5_5.91.3-canary.v20250908161649.min.js.sri
- clerk-js/5.91.3-canary.v20250908161649/signup_clerk.legacy.browser_e9bd95_5.91.3-canary.v20250908161649.js.br
- clerk-js/5.91.3-canary.v20250908161649/signup_clerk.legacy.browser_e9bd95_5.91.3-canary.v20250908161649.js.gz
- clerk-js/5.91.3-canary.v20250908161649/signup_clerk.legacy.browser_e9bd95_5.91.3-canary.v20250908161649.js.sri
- clerk-js/5.91.3-canary.v20250908161649/signup_clerk.legacy.browser_e9bd95_5.91.3-canary.v20250908161649.min.js.br
- clerk-js/5.91.3-canary.v20250908161649/signup_clerk.legacy.browser_e9bd95_5.91.3-canary.v20250908161649.min.js.gz
- clerk-js/5.91.3-canary.v20250908161649/signup_clerk.legacy.browser_e9bd95_5.91.3-canary.v20250908161649.min.js.sri
- clerk-js/5.91.3-canary.v20250908161649/statement-page_clerk.browser_0f0e6b_5.91.3-canary.v20250908161649.js.br
- clerk-js/5.91.3-canary.v20250908161649/statement-page_clerk.browser_0f0e6b_5.91.3-canary.v20250908161649.js.gz
- clerk-js/5.91.3-canary.v20250908161649/statement-page_clerk.browser_0f0e6b_5.91.3-canary.v20250908161649.js.sri
- clerk-js/5.91.3-canary.v20250908161649/statement-page_clerk.browser_0f0e6b_5.91.3-canary.v20250908161649.min.js.br
- clerk-js/5.91.3-canary.v20250908161649/statement-page_clerk.browser_0f0e6b_5.91.3-canary.v20250908161649.min.js.gz
- clerk-js/5.91.3-canary.v20250908161649/statement-page_clerk.browser_0f0e6b_5.91.3-canary.v20250908161649.min.js.sri
- clerk-js/5.91.3-canary.v20250908161649/statement-page_clerk.chips.browser_3c88c5_5.91.3-canary.v20250908161649.js.br
- clerk-js/5.91.3-canary.v20250908161649/statement-page_clerk.chips.browser_3c88c5_5.91.3-canary.v20250908161649.js.gz
- clerk-js/5.91.3-canary.v20250908161649/statement-page_clerk.chips.browser_3c88c5_5.91.3-canary.v20250908161649.js.sri
- clerk-js/5.91.3-canary.v20250908161649/statement-page_clerk.chips.browser_3c88c5_5.91.3-canary.v20250908161649.min.js.br
- clerk-js/5.91.3-canary.v20250908161649/statement-page_clerk.chips.browser_3c88c5_5.91.3-canary.v20250908161649.min.js.gz
- clerk-js/5.91.3-canary.v20250908161649/statement-page_clerk.chips.browser_3c88c5_5.91.3-canary.v20250908161649.min.js.sri
- clerk-js/5.91.3-canary.v20250908161649/statement-page_clerk.legacy.browser_e9bd95_5.91.3-canary.v20250908161649.js.br
- clerk-js/5.91.3-canary.v20250908161649/statement-page_clerk.legacy.browser_e9bd95_5.91.3-canary.v20250908161649.js.gz
- clerk-js/5.91.3-canary.v20250908161649/statement-page_clerk.legacy.browser_e9bd95_5.91.3-canary.v20250908161649.js.sri
- clerk-js/5.91.3-canary.v20250908161649/statement-page_clerk.legacy.browser_e9bd95_5.91.3-canary.v20250908161649.min.js.br
- clerk-js/5.91.3-canary.v20250908161649/statement-page_clerk.legacy.browser_e9bd95_5.91.3-canary.v20250908161649.min.js.gz
- clerk-js/5.91.3-canary.v20250908161649/statement-page_clerk.legacy.browser_e9bd95_5.91.3-canary.v20250908161649.min.js.sri
- clerk-js/5.91.3-canary.v20250908161649/stripe-vendors_clerk.browser_0f0e6b_5.91.3-canary.v20250908161649.js.br
- clerk-js/5.91.3-canary.v20250908161649/stripe-vendors_clerk.browser_0f0e6b_5.91.3-canary.v20250908161649.js.gz
- clerk-js/5.91.3-canary.v20250908161649/stripe-vendors_clerk.browser_0f0e6b_5.91.3-canary.v20250908161649.js.sri
- clerk-js/5.91.3-canary.v20250908161649/stripe-vendors_clerk.browser_0f0e6b_5.91.3-canary.v20250908161649.min.js.br
- clerk-js/5.91.3-canary.v20250908161649/stripe-vendors_clerk.browser_0f0e6b_5.91.3-canary.v20250908161649.min.js.gz
- clerk-js/5.91.3-canary.v20250908161649/stripe-vendors_clerk.browser_0f0e6b_5.91.3-canary.v20250908161649.min.js.sri
- clerk-js/5.91.3-canary.v20250908161649/stripe-vendors_clerk.chips.browser_3c88c5_5.91.3-canary.v20250908161649.js.br
- clerk-js/5.91.3-canary.v20250908161649/stripe-vendors_clerk.chips.browser_3c88c5_5.91.3-canary.v20250908161649.js.gz
- clerk-js/5.91.3-canary.v20250908161649/stripe-vendors_clerk.chips.browser_3c88c5_5.91.3-canary.v20250908161649.js.sri
- clerk-js/5.91.3-canary.v20250908161649/stripe-vendors_clerk.chips.browser_3c88c5_5.91.3-canary.v20250908161649.min.js.br
- clerk-js/5.91.3-canary.v20250908161649/stripe-vendors_clerk.chips.browser_3c88c5_5.91.3-canary.v20250908161649.min.js.gz
- clerk-js/5.91.3-canary.v20250908161649/stripe-vendors_clerk.chips.browser_3c88c5_5.91.3-canary.v20250908161649.min.js.sri
- clerk-js/5.91.3-canary.v20250908161649/stripe-vendors_clerk.headless.browser_c71a22_5.91.3-canary.v20250908161649.js.br
- clerk-js/5.91.3-canary.v20250908161649/stripe-vendors_clerk.headless.browser_c71a22_5.91.3-canary.v20250908161649.js.gz
- clerk-js/5.91.3-canary.v20250908161649/stripe-vendors_clerk.headless.browser_c71a22_5.91.3-canary.v20250908161649.js.sri
- clerk-js/5.91.3-canary.v20250908161649/stripe-vendors_clerk.headless.browser_c71a22_5.91.3-canary.v20250908161649.min.js.br
- clerk-js/5.91.3-canary.v20250908161649/stripe-vendors_clerk.headless.browser_c71a22_5.91.3-canary.v20250908161649.min.js.gz
- clerk-js/5.91.3-canary.v20250908161649/stripe-vendors_clerk.headless.browser_c71a22_5.91.3-canary.v20250908161649.min.js.sri
- clerk-js/5.91.3-canary.v20250908161649/stripe-vendors_clerk.legacy.browser_e9bd95_5.91.3-canary.v20250908161649.js.br
- clerk-js/5.91.3-canary.v20250908161649/stripe-vendors_clerk.legacy.browser_e9bd95_5.91.3-canary.v20250908161649.js.gz
- clerk-js/5.91.3-canary.v20250908161649/stripe-vendors_clerk.legacy.browser_e9bd95_5.91.3-canary.v20250908161649.js.sri
- clerk-js/5.91.3-canary.v20250908161649/stripe-vendors_clerk.legacy.browser_e9bd95_5.91.3-canary.v20250908161649.min.js.br
- clerk-js/5.91.3-canary.v20250908161649/stripe-vendors_clerk.legacy.browser_e9bd95_5.91.3-canary.v20250908161649.min.js.gz
- clerk-js/5.91.3-canary.v20250908161649/stripe-vendors_clerk.legacy.browser_e9bd95_5.91.3-canary.v20250908161649.min.js.sri
- clerk-js/5.91.3-canary.v20250908161649/subscriptionDetails_clerk.browser_0f0e6b_5.91.3-canary.v20250908161649.js.br
- clerk-js/5.91.3-canary.v20250908161649/subscriptionDetails_clerk.browser_0f0e6b_5.91.3-canary.v20250908161649.js.gz
- clerk-js/5.91.3-canary.v20250908161649/subscriptionDetails_clerk.browser_0f0e6b_5.91.3-canary.v20250908161649.js.sri
- clerk-js/5.91.3-canary.v20250908161649/subscriptionDetails_clerk.browser_0f0e6b_5.91.3-canary.v20250908161649.min.js.br
- clerk-js/5.91.3-canary.v20250908161649/subscriptionDetails_clerk.browser_0f0e6b_5.91.3-canary.v20250908161649.min.js.gz
- clerk-js/5.91.3-canary.v20250908161649/subscriptionDetails_clerk.browser_0f0e6b_5.91.3-canary.v20250908161649.min.js.sri
- clerk-js/5.91.3-canary.v20250908161649/subscriptionDetails_clerk.chips.browser_3c88c5_5.91.3-canary.v20250908161649.js.br
- clerk-js/5.91.3-canary.v20250908161649/subscriptionDetails_clerk.chips.browser_3c88c5_5.91.3-canary.v20250908161649.js.gz
- clerk-js/5.91.3-canary.v20250908161649/subscriptionDetails_clerk.chips.browser_3c88c5_5.91.3-canary.v20250908161649.js.sri
- clerk-js/5.91.3-canary.v20250908161649/subscriptionDetails_clerk.chips.browser_3c88c5_5.91.3-canary.v20250908161649.min.js.br
- clerk-js/5.91.3-canary.v20250908161649/subscriptionDetails_clerk.chips.browser_3c88c5_5.91.3-canary.v20250908161649.min.js.gz
- clerk-js/5.91.3-canary.v20250908161649/subscriptionDetails_clerk.chips.browser_3c88c5_5.91.3-canary.v20250908161649.min.js.sri
- clerk-js/5.91.3-canary.v20250908161649/subscriptionDetails_clerk.legacy.browser_e9bd95_5.91.3-canary.v20250908161649.js.br
- clerk-js/5.91.3-canary.v20250908161649/subscriptionDetails_clerk.legacy.browser_e9bd95_5.91.3-canary.v20250908161649.js.gz
- clerk-js/5.91.3-canary.v20250908161649/subscriptionDetails_clerk.legacy.browser_e9bd95_5.91.3-canary.v20250908161649.js.sri
- clerk-js/5.91.3-canary.v20250908161649/subscriptionDetails_clerk.legacy.browser_e9bd95_5.91.3-canary.v20250908161649.min.js.br
- clerk-js/5.91.3-canary.v20250908161649/subscriptionDetails_clerk.legacy.browser_e9bd95_5.91.3-canary.v20250908161649.min.js.gz
- clerk-js/5.91.3-canary.v20250908161649/subscriptionDetails_clerk.legacy.browser_e9bd95_5.91.3-canary.v20250908161649.min.js.sri
- clerk-js/5.91.3-canary.v20250908161649/taskChooseOrganization_clerk.browser_0f0e6b_5.91.3-canary.v20250908161649.js.br
- clerk-js/5.91.3-canary.v20250908161649/taskChooseOrganization_clerk.browser_0f0e6b_5.91.3-canary.v20250908161649.js.gz
- clerk-js/5.91.3-canary.v20250908161649/taskChooseOrganization_clerk.browser_0f0e6b_5.91.3-canary.v20250908161649.js.sri
- clerk-js/5.91.3-canary.v20250908161649/taskChooseOrganization_clerk.browser_0f0e6b_5.91.3-canary.v20250908161649.min.js.br
- clerk-js/5.91.3-canary.v20250908161649/taskChooseOrganization_clerk.browser_0f0e6b_5.91.3-canary.v20250908161649.min.js.gz
- clerk-js/5.91.3-canary.v20250908161649/taskChooseOrganization_clerk.browser_0f0e6b_5.91.3-canary.v20250908161649.min.js.sri
- clerk-js/5.91.3-canary.v20250908161649/taskChooseOrganization_clerk.chips.browser_3c88c5_5.91.3-canary.v20250908161649.js.br
- clerk-js/5.91.3-canary.v20250908161649/taskChooseOrganization_clerk.chips.browser_3c88c5_5.91.3-canary.v20250908161649.js.gz
- clerk-js/5.91.3-canary.v20250908161649/taskChooseOrganization_clerk.chips.browser_3c88c5_5.91.3-canary.v20250908161649.js.sri
- clerk-js/5.91.3-canary.v20250908161649/taskChooseOrganization_clerk.chips.browser_3c88c5_5.91.3-canary.v20250908161649.min.js.br
- clerk-js/5.91.3-canary.v20250908161649/taskChooseOrganization_clerk.chips.browser_3c88c5_5.91.3-canary.v20250908161649.min.js.gz
- clerk-js/5.91.3-canary.v20250908161649/taskChooseOrganization_clerk.chips.browser_3c88c5_5.91.3-canary.v20250908161649.min.js.sri
- clerk-js/5.91.3-canary.v20250908161649/taskChooseOrganization_clerk.legacy.browser_e9bd95_5.91.3-canary.v20250908161649.js.br
- clerk-js/5.91.3-canary.v20250908161649/taskChooseOrganization_clerk.legacy.browser_e9bd95_5.91.3-canary.v20250908161649.js.gz
- clerk-js/5.91.3-canary.v20250908161649/taskChooseOrganization_clerk.legacy.browser_e9bd95_5.91.3-canary.v20250908161649.js.sri
- clerk-js/5.91.3-canary.v20250908161649/taskChooseOrganization_clerk.legacy.browser_e9bd95_5.91.3-canary.v20250908161649.min.js.br
- clerk-js/5.91.3-canary.v20250908161649/taskChooseOrganization_clerk.legacy.browser_e9bd95_5.91.3-canary.v20250908161649.min.js.gz
- clerk-js/5.91.3-canary.v20250908161649/taskChooseOrganization_clerk.legacy.browser_e9bd95_5.91.3-canary.v20250908161649.min.js.sri
- clerk-js/5.91.3-canary.v20250908161649/ui-common_clerk.browser_0f0e6b_5.91.3-canary.v20250908161649.js.br
- clerk-js/5.91.3-canary.v20250908161649/ui-common_clerk.browser_0f0e6b_5.91.3-canary.v20250908161649.js.gz
- clerk-js/5.91.3-canary.v20250908161649/ui-common_clerk.browser_0f0e6b_5.91.3-canary.v20250908161649.js.sri
- clerk-js/5.91.3-canary.v20250908161649/ui-common_clerk.browser_0f0e6b_5.91.3-canary.v20250908161649.min.js.br
- clerk-js/5.91.3-canary.v20250908161649/ui-common_clerk.browser_0f0e6b_5.91.3-canary.v20250908161649.min.js.gz
- clerk-js/5.91.3-canary.v20250908161649/ui-common_clerk.browser_0f0e6b_5.91.3-canary.v20250908161649.min.js.sri
- clerk-js/5.91.3-canary.v20250908161649/ui-common_clerk.chips.browser_3c88c5_5.91.3-canary.v20250908161649.js.br
- clerk-js/5.91.3-canary.v20250908161649/ui-common_clerk.chips.browser_3c88c5_5.91.3-canary.v20250908161649.js.gz
- clerk-js/5.91.3-canary.v20250908161649/ui-common_clerk.chips.browser_3c88c5_5.91.3-canary.v20250908161649.js.sri
- clerk-js/5.91.3-canary.v20250908161649/ui-common_clerk.chips.browser_3c88c5_5.91.3-canary.v20250908161649.min.js.br
- clerk-js/5.91.3-canary.v20250908161649/ui-common_clerk.chips.browser_3c88c5_5.91.3-canary.v20250908161649.min.js.gz
- clerk-js/5.91.3-canary.v20250908161649/ui-common_clerk.chips.browser_3c88c5_5.91.3-canary.v20250908161649.min.js.sri
- clerk-js/5.91.3-canary.v20250908161649/ui-common_clerk.legacy.browser_e9bd95_5.91.3-canary.v20250908161649.js.br
- clerk-js/5.91.3-canary.v20250908161649/ui-common_clerk.legacy.browser_e9bd95_5.91.3-canary.v20250908161649.js.gz
- clerk-js/5.91.3-canary.v20250908161649/ui-common_clerk.legacy.browser_e9bd95_5.91.3-canary.v20250908161649.js.sri
- clerk-js/5.91.3-canary.v20250908161649/ui-common_clerk.legacy.browser_e9bd95_5.91.3-canary.v20250908161649.min.js.br
- clerk-js/5.91.3-canary.v20250908161649/ui-common_clerk.legacy.browser_e9bd95_5.91.3-canary.v20250908161649.min.js.gz
- clerk-js/5.91.3-canary.v20250908161649/ui-common_clerk.legacy.browser_e9bd95_5.91.3-canary.v20250908161649.min.js.sri
- clerk-js/5.91.3-canary.v20250908161649/up-api-keys-page_clerk.browser_0f0e6b_5.91.3-canary.v20250908161649.js.br
- clerk-js/5.91.3-canary.v20250908161649/up-api-keys-page_clerk.browser_0f0e6b_5.91.3-canary.v20250908161649.js.gz
- clerk-js/5.91.3-canary.v20250908161649/up-api-keys-page_clerk.browser_0f0e6b_5.91.3-canary.v20250908161649.js.sri
- clerk-js/5.91.3-canary.v20250908161649/up-api-keys-page_clerk.browser_0f0e6b_5.91.3-canary.v20250908161649.min.js.br
- clerk-js/5.91.3-canary.v20250908161649/up-api-keys-page_clerk.browser_0f0e6b_5.91.3-canary.v20250908161649.min.js.gz
- clerk-js/5.91.3-canary.v20250908161649/up-api-keys-page_clerk.browser_0f0e6b_5.91.3-canary.v20250908161649.min.js.sri
- clerk-js/5.91.3-canary.v20250908161649/up-api-keys-page_clerk.chips.browser_3c88c5_5.91.3-canary.v20250908161649.js.br
- clerk-js/5.91.3-canary.v20250908161649/up-api-keys-page_clerk.chips.browser_3c88c5_5.91.3-canary.v20250908161649.js.gz
- clerk-js/5.91.3-canary.v20250908161649/up-api-keys-page_clerk.chips.browser_3c88c5_5.91.3-canary.v20250908161649.js.sri
- clerk-js/5.91.3-canary.v20250908161649/up-api-keys-page_clerk.chips.browser_3c88c5_5.91.3-canary.v20250908161649.min.js.br
- clerk-js/5.91.3-canary.v20250908161649/up-api-keys-page_clerk.chips.browser_3c88c5_5.91.3-canary.v20250908161649.min.js.gz
- clerk-js/5.91.3-canary.v20250908161649/up-api-keys-page_clerk.chips.browser_3c88c5_5.91.3-canary.v20250908161649.min.js.sri
- clerk-js/5.91.3-canary.v20250908161649/up-api-keys-page_clerk.legacy.browser_e9bd95_5.91.3-canary.v20250908161649.js.br
- clerk-js/5.91.3-canary.v20250908161649/up-api-keys-page_clerk.legacy.browser_e9bd95_5.91.3-canary.v20250908161649.js.gz
- clerk-js/5.91.3-canary.v20250908161649/up-api-keys-page_clerk.legacy.browser_e9bd95_5.91.3-canary.v20250908161649.js.sri
- clerk-js/5.91.3-canary.v20250908161649/up-api-keys-page_clerk.legacy.browser_e9bd95_5.91.3-canary.v20250908161649.min.js.br
- clerk-js/5.91.3-canary.v20250908161649/up-api-keys-page_clerk.legacy.browser_e9bd95_5.91.3-canary.v20250908161649.min.js.gz
- clerk-js/5.91.3-canary.v20250908161649/up-api-keys-page_clerk.legacy.browser_e9bd95_5.91.3-canary.v20250908161649.min.js.sri
- clerk-js/5.91.3-canary.v20250908161649/up-billing-page_clerk.browser_0f0e6b_5.91.3-canary.v20250908161649.js.br
- clerk-js/5.91.3-canary.v20250908161649/up-billing-page_clerk.browser_0f0e6b_5.91.3-canary.v20250908161649.js.gz
- clerk-js/5.91.3-canary.v20250908161649/up-billing-page_clerk.browser_0f0e6b_5.91.3-canary.v20250908161649.js.sri
- clerk-js/5.91.3-canary.v20250908161649/up-billing-page_clerk.browser_0f0e6b_5.91.3-canary.v20250908161649.min.js.br
- clerk-js/5.91.3-canary.v20250908161649/up-billing-page_clerk.browser_0f0e6b_5.91.3-canary.v20250908161649.min.js.gz
- clerk-js/5.91.3-canary.v20250908161649/up-billing-page_clerk.browser_0f0e6b_5.91.3-canary.v20250908161649.min.js.sri
- clerk-js/5.91.3-canary.v20250908161649/up-billing-page_clerk.chips.browser_3c88c5_5.91.3-canary.v20250908161649.js.br
- clerk-js/5.91.3-canary.v20250908161649/up-billing-page_clerk.chips.browser_3c88c5_5.91.3-canary.v20250908161649.js.gz
- clerk-js/5.91.3-canary.v20250908161649/up-billing-page_clerk.chips.browser_3c88c5_5.91.3-canary.v20250908161649.js.sri
- clerk-js/5.91.3-canary.v20250908161649/up-billing-page_clerk.chips.browser_3c88c5_5.91.3-canary.v20250908161649.min.js.br
- clerk-js/5.91.3-canary.v20250908161649/up-billing-page_clerk.chips.browser_3c88c5_5.91.3-canary.v20250908161649.min.js.gz
- clerk-js/5.91.3-canary.v20250908161649/up-billing-page_clerk.chips.browser_3c88c5_5.91.3-canary.v20250908161649.min.js.sri
- clerk-js/5.91.3-canary.v20250908161649/up-billing-page_clerk.legacy.browser_e9bd95_5.91.3-canary.v20250908161649.js.br
- clerk-js/5.91.3-canary.v20250908161649/up-billing-page_clerk.legacy.browser_e9bd95_5.91.3-canary.v20250908161649.js.gz
- clerk-js/5.91.3-canary.v20250908161649/up-billing-page_clerk.legacy.browser_e9bd95_5.91.3-canary.v20250908161649.js.sri
- clerk-js/5.91.3-canary.v20250908161649/up-billing-page_clerk.legacy.browser_e9bd95_5.91.3-canary.v20250908161649.min.js.br
- clerk-js/5.91.3-canary.v20250908161649/up-billing-page_clerk.legacy.browser_e9bd95_5.91.3-canary.v20250908161649.min.js.gz
- clerk-js/5.91.3-canary.v20250908161649/up-billing-page_clerk.legacy.browser_e9bd95_5.91.3-canary.v20250908161649.min.js.sri
- clerk-js/5.91.3-canary.v20250908161649/up-plans-page_clerk.browser_0f0e6b_5.91.3-canary.v20250908161649.js.br
- clerk-js/5.91.3-canary.v20250908161649/up-plans-page_clerk.browser_0f0e6b_5.91.3-canary.v20250908161649.js.gz
- clerk-js/5.91.3-canary.v20250908161649/up-plans-page_clerk.browser_0f0e6b_5.91.3-canary.v20250908161649.js.sri
- clerk-js/5.91.3-canary.v20250908161649/up-plans-page_clerk.browser_0f0e6b_5.91.3-canary.v20250908161649.min.js.br
- clerk-js/5.91.3-canary.v20250908161649/up-plans-page_clerk.browser_0f0e6b_5.91.3-canary.v20250908161649.min.js.gz
- clerk-js/5.91.3-canary.v20250908161649/up-plans-page_clerk.browser_0f0e6b_5.91.3-canary.v20250908161649.min.js.sri
- clerk-js/5.91.3-canary.v20250908161649/up-plans-page_clerk.chips.browser_3c88c5_5.91.3-canary.v20250908161649.js.br
- clerk-js/5.91.3-canary.v20250908161649/up-plans-page_clerk.chips.browser_3c88c5_5.91.3-canary.v20250908161649.js.gz
- clerk-js/5.91.3-canary.v20250908161649/up-plans-page_clerk.chips.browser_3c88c5_5.91.3-canary.v20250908161649.js.sri
- clerk-js/5.91.3-canary.v20250908161649/up-plans-page_clerk.chips.browser_3c88c5_5.91.3-canary.v20250908161649.min.js.br
- clerk-js/5.91.3-canary.v20250908161649/up-plans-page_clerk.chips.browser_3c88c5_5.91.3-canary.v20250908161649.min.js.gz
- clerk-js/5.91.3-canary.v20250908161649/up-plans-page_clerk.chips.browser_3c88c5_5.91.3-canary.v20250908161649.min.js.sri
- clerk-js/5.91.3-canary.v20250908161649/up-plans-page_clerk.legacy.browser_e9bd95_5.91.3-canary.v20250908161649.js.br
- clerk-js/5.91.3-canary.v20250908161649/up-plans-page_clerk.legacy.browser_e9bd95_5.91.3-canary.v20250908161649.js.gz
- clerk-js/5.91.3-canary.v20250908161649/up-plans-page_clerk.legacy.browser_e9bd95_5.91.3-canary.v20250908161649.js.sri
- clerk-js/5.91.3-canary.v20250908161649/up-plans-page_clerk.legacy.browser_e9bd95_5.91.3-canary.v20250908161649.min.js.br
- clerk-js/5.91.3-canary.v20250908161649/up-plans-page_clerk.legacy.browser_e9bd95_5.91.3-canary.v20250908161649.min.js.gz
- clerk-js/5.91.3-canary.v20250908161649/up-plans-page_clerk.legacy.browser_e9bd95_5.91.3-canary.v20250908161649.min.js.sri
- clerk-js/5.91.3-canary.v20250908161649/userbutton_clerk.browser_0f0e6b_5.91.3-canary.v20250908161649.js.br
- clerk-js/5.91.3-canary.v20250908161649/userbutton_clerk.browser_0f0e6b_5.91.3-canary.v20250908161649.js.gz
- clerk-js/5.91.3-canary.v20250908161649/userbutton_clerk.browser_0f0e6b_5.91.3-canary.v20250908161649.js.sri
- clerk-js/5.91.3-canary.v20250908161649/userbutton_clerk.browser_0f0e6b_5.91.3-canary.v20250908161649.min.js.br
- clerk-js/5.91.3-canary.v20250908161649/userbutton_clerk.browser_0f0e6b_5.91.3-canary.v20250908161649.min.js.gz
- clerk-js/5.91.3-canary.v20250908161649/userbutton_clerk.browser_0f0e6b_5.91.3-canary.v20250908161649.min.js.sri
- clerk-js/5.91.3-canary.v20250908161649/userbutton_clerk.chips.browser_3c88c5_5.91.3-canary.v20250908161649.js.br
- clerk-js/5.91.3-canary.v20250908161649/userbutton_clerk.chips.browser_3c88c5_5.91.3-canary.v20250908161649.js.gz
- clerk-js/5.91.3-canary.v20250908161649/userbutton_clerk.chips.browser_3c88c5_5.91.3-canary.v20250908161649.js.sri
- clerk-js/5.91.3-canary.v20250908161649/userbutton_clerk.chips.browser_3c88c5_5.91.3-canary.v20250908161649.min.js.br
- clerk-js/5.91.3-canary.v20250908161649/userbutton_clerk.chips.browser_3c88c5_5.91.3-canary.v20250908161649.min.js.gz
- clerk-js/5.91.3-canary.v20250908161649/userbutton_clerk.chips.browser_3c88c5_5.91.3-canary.v20250908161649.min.js.sri
- clerk-js/5.91.3-canary.v20250908161649/userbutton_clerk.legacy.browser_e9bd95_5.91.3-canary.v20250908161649.js.br
- clerk-js/5.91.3-canary.v20250908161649/userbutton_clerk.legacy.browser_e9bd95_5.91.3-canary.v20250908161649.js.gz
- clerk-js/5.91.3-canary.v20250908161649/userbutton_clerk.legacy.browser_e9bd95_5.91.3-canary.v20250908161649.js.sri
- clerk-js/5.91.3-canary.v20250908161649/userbutton_clerk.legacy.browser_e9bd95_5.91.3-canary.v20250908161649.min.js.br
- clerk-js/5.91.3-canary.v20250908161649/userbutton_clerk.legacy.browser_e9bd95_5.91.3-canary.v20250908161649.min.js.gz
- clerk-js/5.91.3-canary.v20250908161649/userbutton_clerk.legacy.browser_e9bd95_5.91.3-canary.v20250908161649.min.js.sri
- clerk-js/5.91.3-canary.v20250908161649/userprofile_clerk.browser_0f0e6b_5.91.3-canary.v20250908161649.js.br
- clerk-js/5.91.3-canary.v20250908161649/userprofile_clerk.browser_0f0e6b_5.91.3-canary.v20250908161649.js.gz
- clerk-js/5.91.3-canary.v20250908161649/userprofile_clerk.browser_0f0e6b_5.91.3-canary.v20250908161649.js.sri
- clerk-js/5.91.3-canary.v20250908161649/userprofile_clerk.browser_0f0e6b_5.91.3-canary.v20250908161649.min.js.br
- clerk-js/5.91.3-canary.v20250908161649/userprofile_clerk.browser_0f0e6b_5.91.3-canary.v20250908161649.min.js.gz
- clerk-js/5.91.3-canary.v20250908161649/userprofile_clerk.browser_0f0e6b_5.91.3-canary.v20250908161649.min.js.sri
- clerk-js/5.91.3-canary.v20250908161649/userprofile_clerk.chips.browser_3c88c5_5.91.3-canary.v20250908161649.js.br
- clerk-js/5.91.3-canary.v20250908161649/userprofile_clerk.chips.browser_3c88c5_5.91.3-canary.v20250908161649.js.gz
- clerk-js/5.91.3-canary.v20250908161649/userprofile_clerk.chips.browser_3c88c5_5.91.3-canary.v20250908161649.js.sri
- clerk-js/5.91.3-canary.v20250908161649/userprofile_clerk.chips.browser_3c88c5_5.91.3-canary.v20250908161649.min.js.br
- clerk-js/5.91.3-canary.v20250908161649/userprofile_clerk.chips.browser_3c88c5_5.91.3-canary.v20250908161649.min.js.gz
- clerk-js/5.91.3-canary.v20250908161649/userprofile_clerk.chips.browser_3c88c5_5.91.3-canary.v20250908161649.min.js.sri
- clerk-js/5.91.3-canary.v20250908161649/userprofile_clerk.legacy.browser_e9bd95_5.91.3-canary.v20250908161649.js.br
- clerk-js/5.91.3-canary.v20250908161649/userprofile_clerk.legacy.browser_e9bd95_5.91.3-canary.v20250908161649.js.gz
- clerk-js/5.91.3-canary.v20250908161649/userprofile_clerk.legacy.browser_e9bd95_5.91.3-canary.v20250908161649.js.sri
- clerk-js/5.91.3-canary.v20250908161649/userprofile_clerk.legacy.browser_e9bd95_5.91.3-canary.v20250908161649.min.js.br
- clerk-js/5.91.3-canary.v20250908161649/userprofile_clerk.legacy.browser_e9bd95_5.91.3-canary.v20250908161649.min.js.gz
- clerk-js/5.91.3-canary.v20250908161649/userprofile_clerk.legacy.browser_e9bd95_5.91.3-canary.v20250908161649.min.js.sri
- clerk-js/5.91.3-canary.v20250908161649/userverification_clerk.browser_0f0e6b_5.91.3-canary.v20250908161649.js.br
- clerk-js/5.91.3-canary.v20250908161649/userverification_clerk.browser_0f0e6b_5.91.3-canary.v20250908161649.js.gz
- clerk-js/5.91.3-canary.v20250908161649/userverification_clerk.browser_0f0e6b_5.91.3-canary.v20250908161649.js.sri
- clerk-js/5.91.3-canary.v20250908161649/userverification_clerk.browser_0f0e6b_5.91.3-canary.v20250908161649.min.js.br
- clerk-js/5.91.3-canary.v20250908161649/userverification_clerk.browser_0f0e6b_5.91.3-canary.v20250908161649.min.js.gz
- clerk-js/5.91.3-canary.v20250908161649/userverification_clerk.browser_0f0e6b_5.91.3-canary.v20250908161649.min.js.sri
- clerk-js/5.91.3-canary.v20250908161649/userverification_clerk.chips.browser_3c88c5_5.91.3-canary.v20250908161649.js.br
- clerk-js/5.91.3-canary.v20250908161649/userverification_clerk.chips.browser_3c88c5_5.91.3-canary.v20250908161649.js.gz
- clerk-js/5.91.3-canary.v20250908161649/userverification_clerk.chips.browser_3c88c5_5.91.3-canary.v20250908161649.js.sri
- clerk-js/5.91.3-canary.v20250908161649/userverification_clerk.chips.browser_3c88c5_5.91.3-canary.v20250908161649.min.js.br
- clerk-js/5.91.3-canary.v20250908161649/userverification_clerk.chips.browser_3c88c5_5.91.3-canary.v20250908161649.min.js.gz
- clerk-js/5.91.3-canary.v20250908161649/userverification_clerk.chips.browser_3c88c5_5.91.3-canary.v20250908161649.min.js.sri
- clerk-js/5.91.3-canary.v20250908161649/userverification_clerk.legacy.browser_e9bd95_5.91.3-canary.v20250908161649.js.br
- clerk-js/5.91.3-canary.v20250908161649/userverification_clerk.legacy.browser_e9bd95_5.91.3-canary.v20250908161649.js.gz
- clerk-js/5.91.3-canary.v20250908161649/userverification_clerk.legacy.browser_e9bd95_5.91.3-canary.v20250908161649.js.sri
- clerk-js/5.91.3-canary.v20250908161649/userverification_clerk.legacy.browser_e9bd95_5.91.3-canary.v20250908161649.min.js.br
- clerk-js/5.91.3-canary.v20250908161649/userverification_clerk.legacy.browser_e9bd95_5.91.3-canary.v20250908161649.min.js.gz
- clerk-js/5.91.3-canary.v20250908161649/userverification_clerk.legacy.browser_e9bd95_5.91.3-canary.v20250908161649.min.js.sri
- clerk-js/5.91.3-canary.v20250908161649/vendors_clerk.browser_0f0e6b_5.91.3-canary.v20250908161649.js.br
- clerk-js/5.91.3-canary.v20250908161649/vendors_clerk.browser_0f0e6b_5.91.3-canary.v20250908161649.js.gz
- clerk-js/5.91.3-canary.v20250908161649/vendors_clerk.browser_0f0e6b_5.91.3-canary.v20250908161649.js.sri
- clerk-js/5.91.3-canary.v20250908161649/vendors_clerk.browser_0f0e6b_5.91.3-canary.v20250908161649.min.js.br
- clerk-js/5.91.3-canary.v20250908161649/vendors_clerk.browser_0f0e6b_5.91.3-canary.v20250908161649.min.js.gz
- clerk-js/5.91.3-canary.v20250908161649/vendors_clerk.browser_0f0e6b_5.91.3-canary.v20250908161649.min.js.sri
- clerk-js/5.91.3-canary.v20250908161649/vendors_clerk.chips.browser_3c88c5_5.91.3-canary.v20250908161649.js.br
- clerk-js/5.91.3-canary.v20250908161649/vendors_clerk.chips.browser_3c88c5_5.91.3-canary.v20250908161649.js.gz
- clerk-js/5.91.3-canary.v20250908161649/vendors_clerk.chips.browser_3c88c5_5.91.3-canary.v20250908161649.js.sri
- clerk-js/5.91.3-canary.v20250908161649/vendors_clerk.chips.browser_3c88c5_5.91.3-canary.v20250908161649.min.js.br
- clerk-js/5.91.3-canary.v20250908161649/vendors_clerk.chips.browser_3c88c5_5.91.3-canary.v20250908161649.min.js.gz
- clerk-js/5.91.3-canary.v20250908161649/vendors_clerk.chips.browser_3c88c5_5.91.3-canary.v20250908161649.min.js.sri
- clerk-js/5.91.3-canary.v20250908161649/vendors_clerk.headless.browser_c71a22_5.91.3-canary.v20250908161649.js.br
- clerk-js/5.91.3-canary.v20250908161649/vendors_clerk.headless.browser_c71a22_5.91.3-canary.v20250908161649.js.gz
- clerk-js/5.91.3-canary.v20250908161649/vendors_clerk.headless.browser_c71a22_5.91.3-canary.v20250908161649.js.sri
- clerk-js/5.91.3-canary.v20250908161649/vendors_clerk.headless.browser_c71a22_5.91.3-canary.v20250908161649.min.js.br
- clerk-js/5.91.3-canary.v20250908161649/vendors_clerk.headless.browser_c71a22_5.91.3-canary.v20250908161649.min.js.gz
- clerk-js/5.91.3-canary.v20250908161649/vendors_clerk.headless.browser_c71a22_5.91.3-canary.v20250908161649.min.js.sri
- clerk-js/5.91.3-canary.v20250908161649/vendors_clerk.legacy.browser_e9bd95_5.91.3-canary.v20250908161649.js.br
- clerk-js/5.91.3-canary.v20250908161649/vendors_clerk.legacy.browser_e9bd95_5.91.3-canary.v20250908161649.js.gz
- clerk-js/5.91.3-canary.v20250908161649/vendors_clerk.legacy.browser_e9bd95_5.91.3-canary.v20250908161649.js.sri
- clerk-js/5.91.3-canary.v20250908161649/vendors_clerk.legacy.browser_e9bd95_5.91.3-canary.v20250908161649.min.js.br
- clerk-js/5.91.3-canary.v20250908161649/vendors_clerk.legacy.browser_e9bd95_5.91.3-canary.v20250908161649.min.js.gz
- clerk-js/5.91.3-canary.v20250908161649/vendors_clerk.legacy.browser_e9bd95_5.91.3-canary.v20250908161649.min.js.sri
- clerk-js/5.91.3-canary.v20250908161649/waitlist_clerk.browser_0f0e6b_5.91.3-canary.v20250908161649.js.br
- clerk-js/5.91.3-canary.v20250908161649/waitlist_clerk.browser_0f0e6b_5.91.3-canary.v20250908161649.js.gz
- clerk-js/5.91.3-canary.v20250908161649/waitlist_clerk.browser_0f0e6b_5.91.3-canary.v20250908161649.js.sri
- clerk-js/5.91.3-canary.v20250908161649/waitlist_clerk.browser_0f0e6b_5.91.3-canary.v20250908161649.min.js.br
- clerk-js/5.91.3-canary.v20250908161649/waitlist_clerk.browser_0f0e6b_5.91.3-canary.v20250908161649.min.js.gz
- clerk-js/5.91.3-canary.v20250908161649/waitlist_clerk.browser_0f0e6b_5.91.3-canary.v20250908161649.min.js.sri
- clerk-js/5.91.3-canary.v20250908161649/waitlist_clerk.chips.browser_3c88c5_5.91.3-canary.v20250908161649.js.br
- clerk-js/5.91.3-canary.v20250908161649/waitlist_clerk.chips.browser_3c88c5_5.91.3-canary.v20250908161649.js.gz
- clerk-js/5.91.3-canary.v20250908161649/waitlist_clerk.chips.browser_3c88c5_5.91.3-canary.v20250908161649.js.sri
- clerk-js/5.91.3-canary.v20250908161649/waitlist_clerk.chips.browser_3c88c5_5.91.3-canary.v20250908161649.min.js.br
- clerk-js/5.91.3-canary.v20250908161649/waitlist_clerk.chips.browser_3c88c5_5.91.3-canary.v20250908161649.min.js.gz
- clerk-js/5.91.3-canary.v20250908161649/waitlist_clerk.chips.browser_3c88c5_5.91.3-canary.v20250908161649.min.js.sri
- clerk-js/5.91.3-canary.v20250908161649/waitlist_clerk.legacy.browser_e9bd95_5.91.3-canary.v20250908161649.js.br
- clerk-js/5.91.3-canary.v20250908161649/waitlist_clerk.legacy.browser_e9bd95_5.91.3-canary.v20250908161649.js.gz
- clerk-js/5.91.3-canary.v20250908161649/waitlist_clerk.legacy.browser_e9bd95_5.91.3-canary.v20250908161649.js.sri
- clerk-js/5.91.3-canary.v20250908161649/waitlist_clerk.legacy.browser_e9bd95_5.91.3-canary.v20250908161649.min.js.br
- clerk-js/5.91.3-canary.v20250908161649/waitlist_clerk.legacy.browser_e9bd95_5.91.3-canary.v20250908161649.min.js.gz
- clerk-js/5.91.3-canary.v20250908161649/waitlist_clerk.legacy.browser_e9bd95_5.91.3-canary.v20250908161649.min.js.sri
- clerk-js/5.91.3-canary.v20250908161649/zxcvbn-common_clerk.browser_0f0e6b_5.91.3-canary.v20250908161649.js.br
- clerk-js/5.91.3-canary.v20250908161649/zxcvbn-common_clerk.browser_0f0e6b_5.91.3-canary.v20250908161649.js.gz
- clerk-js/5.91.3-canary.v20250908161649/zxcvbn-common_clerk.browser_0f0e6b_5.91.3-canary.v20250908161649.js.sri
- clerk-js/5.91.3-canary.v20250908161649/zxcvbn-common_clerk.browser_0f0e6b_5.91.3-canary.v20250908161649.min.js.br
- clerk-js/5.91.3-canary.v20250908161649/zxcvbn-common_clerk.browser_0f0e6b_5.91.3-canary.v20250908161649.min.js.gz
- clerk-js/5.91.3-canary.v20250908161649/zxcvbn-common_clerk.browser_0f0e6b_5.91.3-canary.v20250908161649.min.js.sri
- clerk-js/5.91.3-canary.v20250908161649/zxcvbn-common_clerk.chips.browser_3c88c5_5.91.3-canary.v20250908161649.js.br
- clerk-js/5.91.3-canary.v20250908161649/zxcvbn-common_clerk.chips.browser_3c88c5_5.91.3-canary.v20250908161649.js.gz
- clerk-js/5.91.3-canary.v20250908161649/zxcvbn-common_clerk.chips.browser_3c88c5_5.91.3-canary.v20250908161649.js.sri
- clerk-js/5.91.3-canary.v20250908161649/zxcvbn-common_clerk.chips.browser_3c88c5_5.91.3-canary.v20250908161649.min.js.br
- clerk-js/5.91.3-canary.v20250908161649/zxcvbn-common_clerk.chips.browser_3c88c5_5.91.3-canary.v20250908161649.min.js.gz
- clerk-js/5.91.3-canary.v20250908161649/zxcvbn-common_clerk.chips.browser_3c88c5_5.91.3-canary.v20250908161649.min.js.sri
- clerk-js/5.91.3-canary.v20250908161649/zxcvbn-common_clerk.headless.browser_c71a22_5.91.3-canary.v20250908161649.js.br
- clerk-js/5.91.3-canary.v20250908161649/zxcvbn-common_clerk.headless.browser_c71a22_5.91.3-canary.v20250908161649.js.gz
- clerk-js/5.91.3-canary.v20250908161649/zxcvbn-common_clerk.headless.browser_c71a22_5.91.3-canary.v20250908161649.js.sri
- clerk-js/5.91.3-canary.v20250908161649/zxcvbn-common_clerk.headless.browser_c71a22_5.91.3-canary.v20250908161649.min.js.br
- clerk-js/5.91.3-canary.v20250908161649/zxcvbn-common_clerk.headless.browser_c71a22_5.91.3-canary.v20250908161649.min.js.gz
- clerk-js/5.91.3-canary.v20250908161649/zxcvbn-common_clerk.headless.browser_c71a22_5.91.3-canary.v20250908161649.min.js.sri
- clerk-js/5.91.3-canary.v20250908161649/zxcvbn-common_clerk.legacy.browser_e9bd95_5.91.3-canary.v20250908161649.js.br
- clerk-js/5.91.3-canary.v20250908161649/zxcvbn-common_clerk.legacy.browser_e9bd95_5.91.3-canary.v20250908161649.js.gz
- clerk-js/5.91.3-canary.v20250908161649/zxcvbn-common_clerk.legacy.browser_e9bd95_5.91.3-canary.v20250908161649.js.sri
- clerk-js/5.91.3-canary.v20250908161649/zxcvbn-common_clerk.legacy.browser_e9bd95_5.91.3-canary.v20250908161649.min.js.br
- clerk-js/5.91.3-canary.v20250908161649/zxcvbn-common_clerk.legacy.browser_e9bd95_5.91.3-canary.v20250908161649.min.js.gz
- clerk-js/5.91.3-canary.v20250908161649/zxcvbn-common_clerk.legacy.browser_e9bd95_5.91.3-canary.v20250908161649.min.js.sri
- clerk-js/5.91.3-canary.v20250908161649/zxcvbn-ts-core_clerk.browser_0f0e6b_5.91.3-canary.v20250908161649.js.br
- clerk-js/5.91.3-canary.v20250908161649/zxcvbn-ts-core_clerk.browser_0f0e6b_5.91.3-canary.v20250908161649.js.gz
- clerk-js/5.91.3-canary.v20250908161649/zxcvbn-ts-core_clerk.browser_0f0e6b_5.91.3-canary.v20250908161649.js.sri
- clerk-js/5.91.3-canary.v20250908161649/zxcvbn-ts-core_clerk.browser_0f0e6b_5.91.3-canary.v20250908161649.min.js.br
- clerk-js/5.91.3-canary.v20250908161649/zxcvbn-ts-core_clerk.browser_0f0e6b_5.91.3-canary.v20250908161649.min.js.gz
- clerk-js/5.91.3-canary.v20250908161649/zxcvbn-ts-core_clerk.browser_0f0e6b_5.91.3-canary.v20250908161649.min.js.sri
- clerk-js/5.91.3-canary.v20250908161649/zxcvbn-ts-core_clerk.chips.browser_3c88c5_5.91.3-canary.v20250908161649.js.br
- clerk-js/5.91.3-canary.v20250908161649/zxcvbn-ts-core_clerk.chips.browser_3c88c5_5.91.3-canary.v20250908161649.js.gz
- clerk-js/5.91.3-canary.v20250908161649/zxcvbn-ts-core_clerk.chips.browser_3c88c5_5.91.3-canary.v20250908161649.js.sri
- clerk-js/5.91.3-canary.v20250908161649/zxcvbn-ts-core_clerk.chips.browser_3c88c5_5.91.3-canary.v20250908161649.min.js.br
- clerk-js/5.91.3-canary.v20250908161649/zxcvbn-ts-core_clerk.chips.browser_3c88c5_5.91.3-canary.v20250908161649.min.js.gz
- clerk-js/5.91.3-canary.v20250908161649/zxcvbn-ts-core_clerk.chips.browser_3c88c5_5.91.3-canary.v20250908161649.min.js.sri
- clerk-js/5.91.3-canary.v20250908161649/zxcvbn-ts-core_clerk.headless.browser_c71a22_5.91.3-canary.v20250908161649.js.br
- clerk-js/5.91.3-canary.v20250908161649/zxcvbn-ts-core_clerk.headless.browser_c71a22_5.91.3-canary.v20250908161649.js.gz
- clerk-js/5.91.3-canary.v20250908161649/zxcvbn-ts-core_clerk.headless.browser_c71a22_5.91.3-canary.v20250908161649.js.sri
- clerk-js/5.91.3-canary.v20250908161649/zxcvbn-ts-core_clerk.headless.browser_c71a22_5.91.3-canary.v20250908161649.min.js.br
- clerk-js/5.91.3-canary.v20250908161649/zxcvbn-ts-core_clerk.headless.browser_c71a22_5.91.3-canary.v20250908161649.min.js.gz
- clerk-js/5.91.3-canary.v20250908161649/zxcvbn-ts-core_clerk.headless.browser_c71a22_5.91.3-canary.v20250908161649.min.js.sri
- clerk-js/5.91.3-canary.v20250908161649/zxcvbn-ts-core_clerk.legacy.browser_e9bd95_5.91.3-canary.v20250908161649.js.br
- clerk-js/5.91.3-canary.v20250908161649/zxcvbn-ts-core_clerk.legacy.browser_e9bd95_5.91.3-canary.v20250908161649.js.gz
- clerk-js/5.91.3-canary.v20250908161649/zxcvbn-ts-core_clerk.legacy.browser_e9bd95_5.91.3-canary.v20250908161649.js.sri
- clerk-js/5.91.3-canary.v20250908161649/zxcvbn-ts-core_clerk.legacy.browser_e9bd95_5.91.3-canary.v20250908161649.min.js.br
- clerk-js/5.91.3-canary.v20250908161649/zxcvbn-ts-core_clerk.legacy.browser_e9bd95_5.91.3-canary.v20250908161649.min.js.gz
- clerk-js/5.91.3-canary.v20250908161649/zxcvbn-ts-core_clerk.legacy.browser_e9bd95_5.91.3-canary.v20250908161649.min.js.sri
