Files:
- clerk-js/5.83.0-canary.v20250813175711/192_clerk.browser_99cf56_5.83.0-canary.v20250813175711.js.br
- clerk-js/5.83.0-canary.v20250813175711/192_clerk.browser_99cf56_5.83.0-canary.v20250813175711.js.gz
- clerk-js/5.83.0-canary.v20250813175711/192_clerk.browser_99cf56_5.83.0-canary.v20250813175711.js.sri
- clerk-js/5.83.0-canary.v20250813175711/192_clerk.browser_99cf56_5.83.0-canary.v20250813175711.min.js.br
- clerk-js/5.83.0-canary.v20250813175711/192_clerk.browser_99cf56_5.83.0-canary.v20250813175711.min.js.gz
- clerk-js/5.83.0-canary.v20250813175711/192_clerk.browser_99cf56_5.83.0-canary.v20250813175711.min.js.sri
- clerk-js/5.83.0-canary.v20250813175711/192_clerk.chips.browser_3c6781_5.83.0-canary.v20250813175711.js.br
- clerk-js/5.83.0-canary.v20250813175711/192_clerk.chips.browser_3c6781_5.83.0-canary.v20250813175711.js.gz
- clerk-js/5.83.0-canary.v20250813175711/192_clerk.chips.browser_3c6781_5.83.0-canary.v20250813175711.js.sri
- clerk-js/5.83.0-canary.v20250813175711/192_clerk.chips.browser_3c6781_5.83.0-canary.v20250813175711.min.js.br
- clerk-js/5.83.0-canary.v20250813175711/192_clerk.chips.browser_3c6781_5.83.0-canary.v20250813175711.min.js.gz
- clerk-js/5.83.0-canary.v20250813175711/192_clerk.chips.browser_3c6781_5.83.0-canary.v20250813175711.min.js.sri
- clerk-js/5.83.0-canary.v20250813175711/192_clerk.legacy.browser_01d354_5.83.0-canary.v20250813175711.js.br
- clerk-js/5.83.0-canary.v20250813175711/192_clerk.legacy.browser_01d354_5.83.0-canary.v20250813175711.js.gz
- clerk-js/5.83.0-canary.v20250813175711/192_clerk.legacy.browser_01d354_5.83.0-canary.v20250813175711.js.sri
- clerk-js/5.83.0-canary.v20250813175711/192_clerk.legacy.browser_01d354_5.83.0-canary.v20250813175711.min.js.br
- clerk-js/5.83.0-canary.v20250813175711/192_clerk.legacy.browser_01d354_5.83.0-canary.v20250813175711.min.js.gz
- clerk-js/5.83.0-canary.v20250813175711/192_clerk.legacy.browser_01d354_5.83.0-canary.v20250813175711.min.js.sri
- clerk-js/5.83.0-canary.v20250813175711/294_clerk.browser_99cf56_5.83.0-canary.v20250813175711.js.br
- clerk-js/5.83.0-canary.v20250813175711/294_clerk.browser_99cf56_5.83.0-canary.v20250813175711.js.gz
- clerk-js/5.83.0-canary.v20250813175711/294_clerk.browser_99cf56_5.83.0-canary.v20250813175711.js.sri
- clerk-js/5.83.0-canary.v20250813175711/294_clerk.browser_99cf56_5.83.0-canary.v20250813175711.min.js.br
- clerk-js/5.83.0-canary.v20250813175711/294_clerk.browser_99cf56_5.83.0-canary.v20250813175711.min.js.gz
- clerk-js/5.83.0-canary.v20250813175711/294_clerk.browser_99cf56_5.83.0-canary.v20250813175711.min.js.sri
- clerk-js/5.83.0-canary.v20250813175711/294_clerk.chips.browser_3c6781_5.83.0-canary.v20250813175711.js.br
- clerk-js/5.83.0-canary.v20250813175711/294_clerk.chips.browser_3c6781_5.83.0-canary.v20250813175711.js.gz
- clerk-js/5.83.0-canary.v20250813175711/294_clerk.chips.browser_3c6781_5.83.0-canary.v20250813175711.js.sri
- clerk-js/5.83.0-canary.v20250813175711/294_clerk.chips.browser_3c6781_5.83.0-canary.v20250813175711.min.js.br
- clerk-js/5.83.0-canary.v20250813175711/294_clerk.chips.browser_3c6781_5.83.0-canary.v20250813175711.min.js.gz
- clerk-js/5.83.0-canary.v20250813175711/294_clerk.chips.browser_3c6781_5.83.0-canary.v20250813175711.min.js.sri
- clerk-js/5.83.0-canary.v20250813175711/294_clerk.legacy.browser_01d354_5.83.0-canary.v20250813175711.js.br
- clerk-js/5.83.0-canary.v20250813175711/294_clerk.legacy.browser_01d354_5.83.0-canary.v20250813175711.js.gz
- clerk-js/5.83.0-canary.v20250813175711/294_clerk.legacy.browser_01d354_5.83.0-canary.v20250813175711.js.sri
- clerk-js/5.83.0-canary.v20250813175711/294_clerk.legacy.browser_01d354_5.83.0-canary.v20250813175711.min.js.br
- clerk-js/5.83.0-canary.v20250813175711/294_clerk.legacy.browser_01d354_5.83.0-canary.v20250813175711.min.js.gz
- clerk-js/5.83.0-canary.v20250813175711/294_clerk.legacy.browser_01d354_5.83.0-canary.v20250813175711.min.js.sri
- clerk-js/5.83.0-canary.v20250813175711/377_clerk.headless_bed00c_5.83.0-canary.v20250813175711.js.br
- clerk-js/5.83.0-canary.v20250813175711/377_clerk.headless_bed00c_5.83.0-canary.v20250813175711.js.gz
- clerk-js/5.83.0-canary.v20250813175711/377_clerk.headless_bed00c_5.83.0-canary.v20250813175711.js.sri
- clerk-js/5.83.0-canary.v20250813175711/377_clerk.headless_bed00c_5.83.0-canary.v20250813175711.min.js.br
- clerk-js/5.83.0-canary.v20250813175711/377_clerk.headless_bed00c_5.83.0-canary.v20250813175711.min.js.gz
- clerk-js/5.83.0-canary.v20250813175711/377_clerk.headless_bed00c_5.83.0-canary.v20250813175711.min.js.sri
- clerk-js/5.83.0-canary.v20250813175711/553_clerk.headless_bed00c_5.83.0-canary.v20250813175711.js.br
- clerk-js/5.83.0-canary.v20250813175711/553_clerk.headless_bed00c_5.83.0-canary.v20250813175711.js.gz
- clerk-js/5.83.0-canary.v20250813175711/553_clerk.headless_bed00c_5.83.0-canary.v20250813175711.js.sri
- clerk-js/5.83.0-canary.v20250813175711/553_clerk.headless_bed00c_5.83.0-canary.v20250813175711.min.js.br
- clerk-js/5.83.0-canary.v20250813175711/553_clerk.headless_bed00c_5.83.0-canary.v20250813175711.min.js.gz
- clerk-js/5.83.0-canary.v20250813175711/553_clerk.headless_bed00c_5.83.0-canary.v20250813175711.min.js.sri
- clerk-js/5.83.0-canary.v20250813175711/645_clerk.browser_99cf56_5.83.0-canary.v20250813175711.js.br
- clerk-js/5.83.0-canary.v20250813175711/645_clerk.browser_99cf56_5.83.0-canary.v20250813175711.js.gz
- clerk-js/5.83.0-canary.v20250813175711/645_clerk.browser_99cf56_5.83.0-canary.v20250813175711.js.sri
- clerk-js/5.83.0-canary.v20250813175711/645_clerk.browser_99cf56_5.83.0-canary.v20250813175711.min.js.br
- clerk-js/5.83.0-canary.v20250813175711/645_clerk.browser_99cf56_5.83.0-canary.v20250813175711.min.js.gz
- clerk-js/5.83.0-canary.v20250813175711/645_clerk.browser_99cf56_5.83.0-canary.v20250813175711.min.js.sri
- clerk-js/5.83.0-canary.v20250813175711/645_clerk.chips.browser_3c6781_5.83.0-canary.v20250813175711.js.br
- clerk-js/5.83.0-canary.v20250813175711/645_clerk.chips.browser_3c6781_5.83.0-canary.v20250813175711.js.gz
- clerk-js/5.83.0-canary.v20250813175711/645_clerk.chips.browser_3c6781_5.83.0-canary.v20250813175711.js.sri
- clerk-js/5.83.0-canary.v20250813175711/645_clerk.chips.browser_3c6781_5.83.0-canary.v20250813175711.min.js.br
- clerk-js/5.83.0-canary.v20250813175711/645_clerk.chips.browser_3c6781_5.83.0-canary.v20250813175711.min.js.gz
- clerk-js/5.83.0-canary.v20250813175711/645_clerk.chips.browser_3c6781_5.83.0-canary.v20250813175711.min.js.sri
- clerk-js/5.83.0-canary.v20250813175711/645_clerk.legacy.browser_01d354_5.83.0-canary.v20250813175711.js.br
- clerk-js/5.83.0-canary.v20250813175711/645_clerk.legacy.browser_01d354_5.83.0-canary.v20250813175711.js.gz
- clerk-js/5.83.0-canary.v20250813175711/645_clerk.legacy.browser_01d354_5.83.0-canary.v20250813175711.js.sri
- clerk-js/5.83.0-canary.v20250813175711/645_clerk.legacy.browser_01d354_5.83.0-canary.v20250813175711.min.js.br
- clerk-js/5.83.0-canary.v20250813175711/645_clerk.legacy.browser_01d354_5.83.0-canary.v20250813175711.min.js.gz
- clerk-js/5.83.0-canary.v20250813175711/645_clerk.legacy.browser_01d354_5.83.0-canary.v20250813175711.min.js.sri
- clerk-js/5.83.0-canary.v20250813175711/66_clerk.browser_99cf56_5.83.0-canary.v20250813175711.js.br
- clerk-js/5.83.0-canary.v20250813175711/66_clerk.browser_99cf56_5.83.0-canary.v20250813175711.js.gz
- clerk-js/5.83.0-canary.v20250813175711/66_clerk.browser_99cf56_5.83.0-canary.v20250813175711.js.sri
- clerk-js/5.83.0-canary.v20250813175711/66_clerk.browser_99cf56_5.83.0-canary.v20250813175711.min.js.br
- clerk-js/5.83.0-canary.v20250813175711/66_clerk.browser_99cf56_5.83.0-canary.v20250813175711.min.js.gz
- clerk-js/5.83.0-canary.v20250813175711/66_clerk.browser_99cf56_5.83.0-canary.v20250813175711.min.js.sri
- clerk-js/5.83.0-canary.v20250813175711/66_clerk.chips.browser_3c6781_5.83.0-canary.v20250813175711.js.br
- clerk-js/5.83.0-canary.v20250813175711/66_clerk.chips.browser_3c6781_5.83.0-canary.v20250813175711.js.gz
- clerk-js/5.83.0-canary.v20250813175711/66_clerk.chips.browser_3c6781_5.83.0-canary.v20250813175711.js.sri
- clerk-js/5.83.0-canary.v20250813175711/66_clerk.chips.browser_3c6781_5.83.0-canary.v20250813175711.min.js.br
- clerk-js/5.83.0-canary.v20250813175711/66_clerk.chips.browser_3c6781_5.83.0-canary.v20250813175711.min.js.gz
- clerk-js/5.83.0-canary.v20250813175711/66_clerk.chips.browser_3c6781_5.83.0-canary.v20250813175711.min.js.sri
- clerk-js/5.83.0-canary.v20250813175711/66_clerk.legacy.browser_01d354_5.83.0-canary.v20250813175711.js.br
- clerk-js/5.83.0-canary.v20250813175711/66_clerk.legacy.browser_01d354_5.83.0-canary.v20250813175711.js.gz
- clerk-js/5.83.0-canary.v20250813175711/66_clerk.legacy.browser_01d354_5.83.0-canary.v20250813175711.js.sri
- clerk-js/5.83.0-canary.v20250813175711/66_clerk.legacy.browser_01d354_5.83.0-canary.v20250813175711.min.js.br
- clerk-js/5.83.0-canary.v20250813175711/66_clerk.legacy.browser_01d354_5.83.0-canary.v20250813175711.min.js.gz
- clerk-js/5.83.0-canary.v20250813175711/66_clerk.legacy.browser_01d354_5.83.0-canary.v20250813175711.min.js.sri
- clerk-js/5.83.0-canary.v20250813175711/890_clerk.headless_bed00c_5.83.0-canary.v20250813175711.js.br
- clerk-js/5.83.0-canary.v20250813175711/890_clerk.headless_bed00c_5.83.0-canary.v20250813175711.js.gz
- clerk-js/5.83.0-canary.v20250813175711/890_clerk.headless_bed00c_5.83.0-canary.v20250813175711.js.sri
- clerk-js/5.83.0-canary.v20250813175711/890_clerk.headless_bed00c_5.83.0-canary.v20250813175711.min.js.br
- clerk-js/5.83.0-canary.v20250813175711/890_clerk.headless_bed00c_5.83.0-canary.v20250813175711.min.js.gz
- clerk-js/5.83.0-canary.v20250813175711/890_clerk.headless_bed00c_5.83.0-canary.v20250813175711.min.js.sri
- clerk-js/5.83.0-canary.v20250813175711/965_clerk.headless_bed00c_5.83.0-canary.v20250813175711.js.br
- clerk-js/5.83.0-canary.v20250813175711/965_clerk.headless_bed00c_5.83.0-canary.v20250813175711.js.gz
- clerk-js/5.83.0-canary.v20250813175711/965_clerk.headless_bed00c_5.83.0-canary.v20250813175711.js.sri
- clerk-js/5.83.0-canary.v20250813175711/965_clerk.headless_bed00c_5.83.0-canary.v20250813175711.min.js.br
- clerk-js/5.83.0-canary.v20250813175711/965_clerk.headless_bed00c_5.83.0-canary.v20250813175711.min.js.gz
- clerk-js/5.83.0-canary.v20250813175711/965_clerk.headless_bed00c_5.83.0-canary.v20250813175711.min.js.sri
- clerk-js/5.83.0-canary.v20250813175711/apiKeys_clerk.browser_99cf56_5.83.0-canary.v20250813175711.js.br
- clerk-js/5.83.0-canary.v20250813175711/apiKeys_clerk.browser_99cf56_5.83.0-canary.v20250813175711.js.gz
- clerk-js/5.83.0-canary.v20250813175711/apiKeys_clerk.browser_99cf56_5.83.0-canary.v20250813175711.js.sri
- clerk-js/5.83.0-canary.v20250813175711/apiKeys_clerk.browser_99cf56_5.83.0-canary.v20250813175711.min.js.br
- clerk-js/5.83.0-canary.v20250813175711/apiKeys_clerk.browser_99cf56_5.83.0-canary.v20250813175711.min.js.gz
- clerk-js/5.83.0-canary.v20250813175711/apiKeys_clerk.browser_99cf56_5.83.0-canary.v20250813175711.min.js.sri
- clerk-js/5.83.0-canary.v20250813175711/apiKeys_clerk.chips.browser_3c6781_5.83.0-canary.v20250813175711.js.br
- clerk-js/5.83.0-canary.v20250813175711/apiKeys_clerk.chips.browser_3c6781_5.83.0-canary.v20250813175711.js.gz
- clerk-js/5.83.0-canary.v20250813175711/apiKeys_clerk.chips.browser_3c6781_5.83.0-canary.v20250813175711.js.sri
- clerk-js/5.83.0-canary.v20250813175711/apiKeys_clerk.chips.browser_3c6781_5.83.0-canary.v20250813175711.min.js.br
- clerk-js/5.83.0-canary.v20250813175711/apiKeys_clerk.chips.browser_3c6781_5.83.0-canary.v20250813175711.min.js.gz
- clerk-js/5.83.0-canary.v20250813175711/apiKeys_clerk.chips.browser_3c6781_5.83.0-canary.v20250813175711.min.js.sri
- clerk-js/5.83.0-canary.v20250813175711/apiKeys_clerk.legacy.browser_01d354_5.83.0-canary.v20250813175711.js.br
- clerk-js/5.83.0-canary.v20250813175711/apiKeys_clerk.legacy.browser_01d354_5.83.0-canary.v20250813175711.js.gz
- clerk-js/5.83.0-canary.v20250813175711/apiKeys_clerk.legacy.browser_01d354_5.83.0-canary.v20250813175711.js.sri
- clerk-js/5.83.0-canary.v20250813175711/apiKeys_clerk.legacy.browser_01d354_5.83.0-canary.v20250813175711.min.js.br
- clerk-js/5.83.0-canary.v20250813175711/apiKeys_clerk.legacy.browser_01d354_5.83.0-canary.v20250813175711.min.js.gz
- clerk-js/5.83.0-canary.v20250813175711/apiKeys_clerk.legacy.browser_01d354_5.83.0-canary.v20250813175711.min.js.sri
- clerk-js/5.83.0-canary.v20250813175711/blankcaptcha_clerk.browser_99cf56_5.83.0-canary.v20250813175711.js.br
- clerk-js/5.83.0-canary.v20250813175711/blankcaptcha_clerk.browser_99cf56_5.83.0-canary.v20250813175711.js.gz
- clerk-js/5.83.0-canary.v20250813175711/blankcaptcha_clerk.browser_99cf56_5.83.0-canary.v20250813175711.js.sri
- clerk-js/5.83.0-canary.v20250813175711/blankcaptcha_clerk.browser_99cf56_5.83.0-canary.v20250813175711.min.js.br
- clerk-js/5.83.0-canary.v20250813175711/blankcaptcha_clerk.browser_99cf56_5.83.0-canary.v20250813175711.min.js.gz
- clerk-js/5.83.0-canary.v20250813175711/blankcaptcha_clerk.browser_99cf56_5.83.0-canary.v20250813175711.min.js.sri
- clerk-js/5.83.0-canary.v20250813175711/blankcaptcha_clerk.chips.browser_3c6781_5.83.0-canary.v20250813175711.js.br
- clerk-js/5.83.0-canary.v20250813175711/blankcaptcha_clerk.chips.browser_3c6781_5.83.0-canary.v20250813175711.js.gz
- clerk-js/5.83.0-canary.v20250813175711/blankcaptcha_clerk.chips.browser_3c6781_5.83.0-canary.v20250813175711.js.sri
- clerk-js/5.83.0-canary.v20250813175711/blankcaptcha_clerk.chips.browser_3c6781_5.83.0-canary.v20250813175711.min.js.br
- clerk-js/5.83.0-canary.v20250813175711/blankcaptcha_clerk.chips.browser_3c6781_5.83.0-canary.v20250813175711.min.js.gz
- clerk-js/5.83.0-canary.v20250813175711/blankcaptcha_clerk.chips.browser_3c6781_5.83.0-canary.v20250813175711.min.js.sri
- clerk-js/5.83.0-canary.v20250813175711/blankcaptcha_clerk.legacy.browser_01d354_5.83.0-canary.v20250813175711.js.br
- clerk-js/5.83.0-canary.v20250813175711/blankcaptcha_clerk.legacy.browser_01d354_5.83.0-canary.v20250813175711.js.gz
- clerk-js/5.83.0-canary.v20250813175711/blankcaptcha_clerk.legacy.browser_01d354_5.83.0-canary.v20250813175711.js.sri
- clerk-js/5.83.0-canary.v20250813175711/blankcaptcha_clerk.legacy.browser_01d354_5.83.0-canary.v20250813175711.min.js.br
- clerk-js/5.83.0-canary.v20250813175711/blankcaptcha_clerk.legacy.browser_01d354_5.83.0-canary.v20250813175711.min.js.gz
- clerk-js/5.83.0-canary.v20250813175711/blankcaptcha_clerk.legacy.browser_01d354_5.83.0-canary.v20250813175711.min.js.sri
- clerk-js/5.83.0-canary.v20250813175711/checkout_clerk.browser_99cf56_5.83.0-canary.v20250813175711.js.br
- clerk-js/5.83.0-canary.v20250813175711/checkout_clerk.browser_99cf56_5.83.0-canary.v20250813175711.js.gz
- clerk-js/5.83.0-canary.v20250813175711/checkout_clerk.browser_99cf56_5.83.0-canary.v20250813175711.js.sri
- clerk-js/5.83.0-canary.v20250813175711/checkout_clerk.browser_99cf56_5.83.0-canary.v20250813175711.min.js.br
- clerk-js/5.83.0-canary.v20250813175711/checkout_clerk.browser_99cf56_5.83.0-canary.v20250813175711.min.js.gz
- clerk-js/5.83.0-canary.v20250813175711/checkout_clerk.browser_99cf56_5.83.0-canary.v20250813175711.min.js.sri
- clerk-js/5.83.0-canary.v20250813175711/checkout_clerk.chips.browser_3c6781_5.83.0-canary.v20250813175711.js.br
- clerk-js/5.83.0-canary.v20250813175711/checkout_clerk.chips.browser_3c6781_5.83.0-canary.v20250813175711.js.gz
- clerk-js/5.83.0-canary.v20250813175711/checkout_clerk.chips.browser_3c6781_5.83.0-canary.v20250813175711.js.sri
- clerk-js/5.83.0-canary.v20250813175711/checkout_clerk.chips.browser_3c6781_5.83.0-canary.v20250813175711.min.js.br
- clerk-js/5.83.0-canary.v20250813175711/checkout_clerk.chips.browser_3c6781_5.83.0-canary.v20250813175711.min.js.gz
- clerk-js/5.83.0-canary.v20250813175711/checkout_clerk.chips.browser_3c6781_5.83.0-canary.v20250813175711.min.js.sri
- clerk-js/5.83.0-canary.v20250813175711/checkout_clerk.legacy.browser_01d354_5.83.0-canary.v20250813175711.js.br
- clerk-js/5.83.0-canary.v20250813175711/checkout_clerk.legacy.browser_01d354_5.83.0-canary.v20250813175711.js.gz
- clerk-js/5.83.0-canary.v20250813175711/checkout_clerk.legacy.browser_01d354_5.83.0-canary.v20250813175711.js.sri
- clerk-js/5.83.0-canary.v20250813175711/checkout_clerk.legacy.browser_01d354_5.83.0-canary.v20250813175711.min.js.br
- clerk-js/5.83.0-canary.v20250813175711/checkout_clerk.legacy.browser_01d354_5.83.0-canary.v20250813175711.min.js.gz
- clerk-js/5.83.0-canary.v20250813175711/checkout_clerk.legacy.browser_01d354_5.83.0-canary.v20250813175711.min.js.sri
- clerk-js/5.83.0-canary.v20250813175711/clerk.browser.js.br
- clerk-js/5.83.0-canary.v20250813175711/clerk.browser.js.gz
- clerk-js/5.83.0-canary.v20250813175711/clerk.browser.js.sri
- clerk-js/5.83.0-canary.v20250813175711/clerk.browser.min.js.br
- clerk-js/5.83.0-canary.v20250813175711/clerk.browser.min.js.gz
- clerk-js/5.83.0-canary.v20250813175711/clerk.browser.min.js.sri
- clerk-js/5.83.0-canary.v20250813175711/clerk.chips.browser.js.br
- clerk-js/5.83.0-canary.v20250813175711/clerk.chips.browser.js.gz
- clerk-js/5.83.0-canary.v20250813175711/clerk.chips.browser.js.sri
- clerk-js/5.83.0-canary.v20250813175711/clerk.chips.browser.min.js.br
- clerk-js/5.83.0-canary.v20250813175711/clerk.chips.browser.min.js.gz
- clerk-js/5.83.0-canary.v20250813175711/clerk.chips.browser.min.js.sri
- clerk-js/5.83.0-canary.v20250813175711/clerk.headless.browser.js.br
- clerk-js/5.83.0-canary.v20250813175711/clerk.headless.browser.js.gz
- clerk-js/5.83.0-canary.v20250813175711/clerk.headless.browser.js.sri
- clerk-js/5.83.0-canary.v20250813175711/clerk.headless.browser.min.js.br
- clerk-js/5.83.0-canary.v20250813175711/clerk.headless.browser.min.js.gz
- clerk-js/5.83.0-canary.v20250813175711/clerk.headless.browser.min.js.sri
- clerk-js/5.83.0-canary.v20250813175711/clerk.headless.js.br
- clerk-js/5.83.0-canary.v20250813175711/clerk.headless.js.gz
- clerk-js/5.83.0-canary.v20250813175711/clerk.headless.js.sri
- clerk-js/5.83.0-canary.v20250813175711/clerk.headless.min.js.br
- clerk-js/5.83.0-canary.v20250813175711/clerk.headless.min.js.gz
- clerk-js/5.83.0-canary.v20250813175711/clerk.headless.min.js.sri
- clerk-js/5.83.0-canary.v20250813175711/clerk.js.br
- clerk-js/5.83.0-canary.v20250813175711/clerk.js.gz
- clerk-js/5.83.0-canary.v20250813175711/clerk.js.sri
- clerk-js/5.83.0-canary.v20250813175711/clerk.legacy.browser.js.br
- clerk-js/5.83.0-canary.v20250813175711/clerk.legacy.browser.js.gz
- clerk-js/5.83.0-canary.v20250813175711/clerk.legacy.browser.js.sri
- clerk-js/5.83.0-canary.v20250813175711/clerk.legacy.browser.min.js.br
- clerk-js/5.83.0-canary.v20250813175711/clerk.legacy.browser.min.js.gz
- clerk-js/5.83.0-canary.v20250813175711/clerk.legacy.browser.min.js.sri
- clerk-js/5.83.0-canary.v20250813175711/clerk.min.js.br
- clerk-js/5.83.0-canary.v20250813175711/clerk.min.js.gz
- clerk-js/5.83.0-canary.v20250813175711/clerk.min.js.sri
- clerk-js/5.83.0-canary.v20250813175711/clerk.mjs.br
- clerk-js/5.83.0-canary.v20250813175711/clerk.mjs.gz
- clerk-js/5.83.0-canary.v20250813175711/clerk.no-rhc.js.br
- clerk-js/5.83.0-canary.v20250813175711/clerk.no-rhc.js.gz
- clerk-js/5.83.0-canary.v20250813175711/clerk.no-rhc.js.sri
- clerk-js/5.83.0-canary.v20250813175711/clerk.no-rhc.min.js.br
- clerk-js/5.83.0-canary.v20250813175711/clerk.no-rhc.min.js.gz
- clerk-js/5.83.0-canary.v20250813175711/clerk.no-rhc.min.js.sri
- clerk-js/5.83.0-canary.v20250813175711/clerk.no-rhc.mjs.br
- clerk-js/5.83.0-canary.v20250813175711/clerk.no-rhc.mjs.gz
- clerk-js/5.83.0-canary.v20250813175711/coinbase-wallet-sdk_clerk.browser_99cf56_5.83.0-canary.v20250813175711.js.br
- clerk-js/5.83.0-canary.v20250813175711/coinbase-wallet-sdk_clerk.browser_99cf56_5.83.0-canary.v20250813175711.js.gz
- clerk-js/5.83.0-canary.v20250813175711/coinbase-wallet-sdk_clerk.browser_99cf56_5.83.0-canary.v20250813175711.js.sri
- clerk-js/5.83.0-canary.v20250813175711/coinbase-wallet-sdk_clerk.browser_99cf56_5.83.0-canary.v20250813175711.min.js.br
- clerk-js/5.83.0-canary.v20250813175711/coinbase-wallet-sdk_clerk.browser_99cf56_5.83.0-canary.v20250813175711.min.js.gz
- clerk-js/5.83.0-canary.v20250813175711/coinbase-wallet-sdk_clerk.browser_99cf56_5.83.0-canary.v20250813175711.min.js.sri
- clerk-js/5.83.0-canary.v20250813175711/coinbase-wallet-sdk_clerk.chips.browser_3c6781_5.83.0-canary.v20250813175711.js.br
- clerk-js/5.83.0-canary.v20250813175711/coinbase-wallet-sdk_clerk.chips.browser_3c6781_5.83.0-canary.v20250813175711.js.gz
- clerk-js/5.83.0-canary.v20250813175711/coinbase-wallet-sdk_clerk.chips.browser_3c6781_5.83.0-canary.v20250813175711.js.sri
- clerk-js/5.83.0-canary.v20250813175711/coinbase-wallet-sdk_clerk.chips.browser_3c6781_5.83.0-canary.v20250813175711.min.js.br
- clerk-js/5.83.0-canary.v20250813175711/coinbase-wallet-sdk_clerk.chips.browser_3c6781_5.83.0-canary.v20250813175711.min.js.gz
- clerk-js/5.83.0-canary.v20250813175711/coinbase-wallet-sdk_clerk.chips.browser_3c6781_5.83.0-canary.v20250813175711.min.js.sri
- clerk-js/5.83.0-canary.v20250813175711/coinbase-wallet-sdk_clerk.headless.browser_e8395d_5.83.0-canary.v20250813175711.js.br
- clerk-js/5.83.0-canary.v20250813175711/coinbase-wallet-sdk_clerk.headless.browser_e8395d_5.83.0-canary.v20250813175711.js.gz
- clerk-js/5.83.0-canary.v20250813175711/coinbase-wallet-sdk_clerk.headless.browser_e8395d_5.83.0-canary.v20250813175711.js.sri
- clerk-js/5.83.0-canary.v20250813175711/coinbase-wallet-sdk_clerk.headless.browser_e8395d_5.83.0-canary.v20250813175711.min.js.br
- clerk-js/5.83.0-canary.v20250813175711/coinbase-wallet-sdk_clerk.headless.browser_e8395d_5.83.0-canary.v20250813175711.min.js.gz
- clerk-js/5.83.0-canary.v20250813175711/coinbase-wallet-sdk_clerk.headless.browser_e8395d_5.83.0-canary.v20250813175711.min.js.sri
- clerk-js/5.83.0-canary.v20250813175711/coinbase-wallet-sdk_clerk.legacy.browser_01d354_5.83.0-canary.v20250813175711.js.br
- clerk-js/5.83.0-canary.v20250813175711/coinbase-wallet-sdk_clerk.legacy.browser_01d354_5.83.0-canary.v20250813175711.js.gz
- clerk-js/5.83.0-canary.v20250813175711/coinbase-wallet-sdk_clerk.legacy.browser_01d354_5.83.0-canary.v20250813175711.js.sri
- clerk-js/5.83.0-canary.v20250813175711/coinbase-wallet-sdk_clerk.legacy.browser_01d354_5.83.0-canary.v20250813175711.min.js.br
- clerk-js/5.83.0-canary.v20250813175711/coinbase-wallet-sdk_clerk.legacy.browser_01d354_5.83.0-canary.v20250813175711.min.js.gz
- clerk-js/5.83.0-canary.v20250813175711/coinbase-wallet-sdk_clerk.legacy.browser_01d354_5.83.0-canary.v20250813175711.min.js.sri
- clerk-js/5.83.0-canary.v20250813175711/cookieSuffix_clerk.browser_99cf56_5.83.0-canary.v20250813175711.js.br
- clerk-js/5.83.0-canary.v20250813175711/cookieSuffix_clerk.browser_99cf56_5.83.0-canary.v20250813175711.js.gz
- clerk-js/5.83.0-canary.v20250813175711/cookieSuffix_clerk.browser_99cf56_5.83.0-canary.v20250813175711.js.sri
- clerk-js/5.83.0-canary.v20250813175711/cookieSuffix_clerk.browser_99cf56_5.83.0-canary.v20250813175711.min.js.br
- clerk-js/5.83.0-canary.v20250813175711/cookieSuffix_clerk.browser_99cf56_5.83.0-canary.v20250813175711.min.js.gz
- clerk-js/5.83.0-canary.v20250813175711/cookieSuffix_clerk.browser_99cf56_5.83.0-canary.v20250813175711.min.js.sri
- clerk-js/5.83.0-canary.v20250813175711/cookieSuffix_clerk.chips.browser_3c6781_5.83.0-canary.v20250813175711.js.br
- clerk-js/5.83.0-canary.v20250813175711/cookieSuffix_clerk.chips.browser_3c6781_5.83.0-canary.v20250813175711.js.gz
- clerk-js/5.83.0-canary.v20250813175711/cookieSuffix_clerk.chips.browser_3c6781_5.83.0-canary.v20250813175711.js.sri
- clerk-js/5.83.0-canary.v20250813175711/cookieSuffix_clerk.chips.browser_3c6781_5.83.0-canary.v20250813175711.min.js.br
- clerk-js/5.83.0-canary.v20250813175711/cookieSuffix_clerk.chips.browser_3c6781_5.83.0-canary.v20250813175711.min.js.gz
- clerk-js/5.83.0-canary.v20250813175711/cookieSuffix_clerk.chips.browser_3c6781_5.83.0-canary.v20250813175711.min.js.sri
- clerk-js/5.83.0-canary.v20250813175711/cookieSuffix_clerk.headless.browser_e8395d_5.83.0-canary.v20250813175711.js.br
- clerk-js/5.83.0-canary.v20250813175711/cookieSuffix_clerk.headless.browser_e8395d_5.83.0-canary.v20250813175711.js.gz
- clerk-js/5.83.0-canary.v20250813175711/cookieSuffix_clerk.headless.browser_e8395d_5.83.0-canary.v20250813175711.js.sri
- clerk-js/5.83.0-canary.v20250813175711/cookieSuffix_clerk.headless.browser_e8395d_5.83.0-canary.v20250813175711.min.js.br
- clerk-js/5.83.0-canary.v20250813175711/cookieSuffix_clerk.headless.browser_e8395d_5.83.0-canary.v20250813175711.min.js.gz
- clerk-js/5.83.0-canary.v20250813175711/cookieSuffix_clerk.headless.browser_e8395d_5.83.0-canary.v20250813175711.min.js.sri
- clerk-js/5.83.0-canary.v20250813175711/cookieSuffix_clerk.headless_bed00c_5.83.0-canary.v20250813175711.js.br
- clerk-js/5.83.0-canary.v20250813175711/cookieSuffix_clerk.headless_bed00c_5.83.0-canary.v20250813175711.js.gz
- clerk-js/5.83.0-canary.v20250813175711/cookieSuffix_clerk.headless_bed00c_5.83.0-canary.v20250813175711.js.sri
- clerk-js/5.83.0-canary.v20250813175711/cookieSuffix_clerk.headless_bed00c_5.83.0-canary.v20250813175711.min.js.br
- clerk-js/5.83.0-canary.v20250813175711/cookieSuffix_clerk.headless_bed00c_5.83.0-canary.v20250813175711.min.js.gz
- clerk-js/5.83.0-canary.v20250813175711/cookieSuffix_clerk.headless_bed00c_5.83.0-canary.v20250813175711.min.js.sri
- clerk-js/5.83.0-canary.v20250813175711/cookieSuffix_clerk.legacy.browser_01d354_5.83.0-canary.v20250813175711.js.br
- clerk-js/5.83.0-canary.v20250813175711/cookieSuffix_clerk.legacy.browser_01d354_5.83.0-canary.v20250813175711.js.gz
- clerk-js/5.83.0-canary.v20250813175711/cookieSuffix_clerk.legacy.browser_01d354_5.83.0-canary.v20250813175711.js.sri
- clerk-js/5.83.0-canary.v20250813175711/cookieSuffix_clerk.legacy.browser_01d354_5.83.0-canary.v20250813175711.min.js.br
- clerk-js/5.83.0-canary.v20250813175711/cookieSuffix_clerk.legacy.browser_01d354_5.83.0-canary.v20250813175711.min.js.gz
- clerk-js/5.83.0-canary.v20250813175711/cookieSuffix_clerk.legacy.browser_01d354_5.83.0-canary.v20250813175711.min.js.sri
- clerk-js/5.83.0-canary.v20250813175711/createorganization_clerk.browser_99cf56_5.83.0-canary.v20250813175711.js.br
- clerk-js/5.83.0-canary.v20250813175711/createorganization_clerk.browser_99cf56_5.83.0-canary.v20250813175711.js.gz
- clerk-js/5.83.0-canary.v20250813175711/createorganization_clerk.browser_99cf56_5.83.0-canary.v20250813175711.js.sri
- clerk-js/5.83.0-canary.v20250813175711/createorganization_clerk.browser_99cf56_5.83.0-canary.v20250813175711.min.js.br
- clerk-js/5.83.0-canary.v20250813175711/createorganization_clerk.browser_99cf56_5.83.0-canary.v20250813175711.min.js.gz
- clerk-js/5.83.0-canary.v20250813175711/createorganization_clerk.browser_99cf56_5.83.0-canary.v20250813175711.min.js.sri
- clerk-js/5.83.0-canary.v20250813175711/createorganization_clerk.chips.browser_3c6781_5.83.0-canary.v20250813175711.js.br
- clerk-js/5.83.0-canary.v20250813175711/createorganization_clerk.chips.browser_3c6781_5.83.0-canary.v20250813175711.js.gz
- clerk-js/5.83.0-canary.v20250813175711/createorganization_clerk.chips.browser_3c6781_5.83.0-canary.v20250813175711.js.sri
- clerk-js/5.83.0-canary.v20250813175711/createorganization_clerk.chips.browser_3c6781_5.83.0-canary.v20250813175711.min.js.br
- clerk-js/5.83.0-canary.v20250813175711/createorganization_clerk.chips.browser_3c6781_5.83.0-canary.v20250813175711.min.js.gz
- clerk-js/5.83.0-canary.v20250813175711/createorganization_clerk.chips.browser_3c6781_5.83.0-canary.v20250813175711.min.js.sri
- clerk-js/5.83.0-canary.v20250813175711/createorganization_clerk.legacy.browser_01d354_5.83.0-canary.v20250813175711.js.br
- clerk-js/5.83.0-canary.v20250813175711/createorganization_clerk.legacy.browser_01d354_5.83.0-canary.v20250813175711.js.gz
- clerk-js/5.83.0-canary.v20250813175711/createorganization_clerk.legacy.browser_01d354_5.83.0-canary.v20250813175711.js.sri
- clerk-js/5.83.0-canary.v20250813175711/createorganization_clerk.legacy.browser_01d354_5.83.0-canary.v20250813175711.min.js.br
- clerk-js/5.83.0-canary.v20250813175711/createorganization_clerk.legacy.browser_01d354_5.83.0-canary.v20250813175711.min.js.gz
- clerk-js/5.83.0-canary.v20250813175711/createorganization_clerk.legacy.browser_01d354_5.83.0-canary.v20250813175711.min.js.sri
- clerk-js/5.83.0-canary.v20250813175711/framework_clerk.browser_99cf56_5.83.0-canary.v20250813175711.js.br
- clerk-js/5.83.0-canary.v20250813175711/framework_clerk.browser_99cf56_5.83.0-canary.v20250813175711.js.gz
- clerk-js/5.83.0-canary.v20250813175711/framework_clerk.browser_99cf56_5.83.0-canary.v20250813175711.js.sri
- clerk-js/5.83.0-canary.v20250813175711/framework_clerk.browser_99cf56_5.83.0-canary.v20250813175711.min.js.br
- clerk-js/5.83.0-canary.v20250813175711/framework_clerk.browser_99cf56_5.83.0-canary.v20250813175711.min.js.gz
- clerk-js/5.83.0-canary.v20250813175711/framework_clerk.browser_99cf56_5.83.0-canary.v20250813175711.min.js.sri
- clerk-js/5.83.0-canary.v20250813175711/framework_clerk.chips.browser_3c6781_5.83.0-canary.v20250813175711.js.br
- clerk-js/5.83.0-canary.v20250813175711/framework_clerk.chips.browser_3c6781_5.83.0-canary.v20250813175711.js.gz
- clerk-js/5.83.0-canary.v20250813175711/framework_clerk.chips.browser_3c6781_5.83.0-canary.v20250813175711.js.sri
- clerk-js/5.83.0-canary.v20250813175711/framework_clerk.chips.browser_3c6781_5.83.0-canary.v20250813175711.min.js.br
- clerk-js/5.83.0-canary.v20250813175711/framework_clerk.chips.browser_3c6781_5.83.0-canary.v20250813175711.min.js.gz
- clerk-js/5.83.0-canary.v20250813175711/framework_clerk.chips.browser_3c6781_5.83.0-canary.v20250813175711.min.js.sri
- clerk-js/5.83.0-canary.v20250813175711/framework_clerk.legacy.browser_01d354_5.83.0-canary.v20250813175711.js.br
- clerk-js/5.83.0-canary.v20250813175711/framework_clerk.legacy.browser_01d354_5.83.0-canary.v20250813175711.js.gz
- clerk-js/5.83.0-canary.v20250813175711/framework_clerk.legacy.browser_01d354_5.83.0-canary.v20250813175711.js.sri
- clerk-js/5.83.0-canary.v20250813175711/framework_clerk.legacy.browser_01d354_5.83.0-canary.v20250813175711.min.js.br
- clerk-js/5.83.0-canary.v20250813175711/framework_clerk.legacy.browser_01d354_5.83.0-canary.v20250813175711.min.js.gz
- clerk-js/5.83.0-canary.v20250813175711/framework_clerk.legacy.browser_01d354_5.83.0-canary.v20250813175711.min.js.sri
- clerk-js/5.83.0-canary.v20250813175711/impersonationfab_clerk.browser_99cf56_5.83.0-canary.v20250813175711.js.br
- clerk-js/5.83.0-canary.v20250813175711/impersonationfab_clerk.browser_99cf56_5.83.0-canary.v20250813175711.js.gz
- clerk-js/5.83.0-canary.v20250813175711/impersonationfab_clerk.browser_99cf56_5.83.0-canary.v20250813175711.js.sri
- clerk-js/5.83.0-canary.v20250813175711/impersonationfab_clerk.browser_99cf56_5.83.0-canary.v20250813175711.min.js.br
- clerk-js/5.83.0-canary.v20250813175711/impersonationfab_clerk.browser_99cf56_5.83.0-canary.v20250813175711.min.js.gz
- clerk-js/5.83.0-canary.v20250813175711/impersonationfab_clerk.browser_99cf56_5.83.0-canary.v20250813175711.min.js.sri
- clerk-js/5.83.0-canary.v20250813175711/impersonationfab_clerk.chips.browser_3c6781_5.83.0-canary.v20250813175711.js.br
- clerk-js/5.83.0-canary.v20250813175711/impersonationfab_clerk.chips.browser_3c6781_5.83.0-canary.v20250813175711.js.gz
- clerk-js/5.83.0-canary.v20250813175711/impersonationfab_clerk.chips.browser_3c6781_5.83.0-canary.v20250813175711.js.sri
- clerk-js/5.83.0-canary.v20250813175711/impersonationfab_clerk.chips.browser_3c6781_5.83.0-canary.v20250813175711.min.js.br
- clerk-js/5.83.0-canary.v20250813175711/impersonationfab_clerk.chips.browser_3c6781_5.83.0-canary.v20250813175711.min.js.gz
- clerk-js/5.83.0-canary.v20250813175711/impersonationfab_clerk.chips.browser_3c6781_5.83.0-canary.v20250813175711.min.js.sri
- clerk-js/5.83.0-canary.v20250813175711/impersonationfab_clerk.legacy.browser_01d354_5.83.0-canary.v20250813175711.js.br
- clerk-js/5.83.0-canary.v20250813175711/impersonationfab_clerk.legacy.browser_01d354_5.83.0-canary.v20250813175711.js.gz
- clerk-js/5.83.0-canary.v20250813175711/impersonationfab_clerk.legacy.browser_01d354_5.83.0-canary.v20250813175711.js.sri
- clerk-js/5.83.0-canary.v20250813175711/impersonationfab_clerk.legacy.browser_01d354_5.83.0-canary.v20250813175711.min.js.br
- clerk-js/5.83.0-canary.v20250813175711/impersonationfab_clerk.legacy.browser_01d354_5.83.0-canary.v20250813175711.min.js.gz
- clerk-js/5.83.0-canary.v20250813175711/impersonationfab_clerk.legacy.browser_01d354_5.83.0-canary.v20250813175711.min.js.sri
- clerk-js/5.83.0-canary.v20250813175711/keylessPrompt_clerk.browser_99cf56_5.83.0-canary.v20250813175711.js.br
- clerk-js/5.83.0-canary.v20250813175711/keylessPrompt_clerk.browser_99cf56_5.83.0-canary.v20250813175711.js.gz
- clerk-js/5.83.0-canary.v20250813175711/keylessPrompt_clerk.browser_99cf56_5.83.0-canary.v20250813175711.js.sri
- clerk-js/5.83.0-canary.v20250813175711/keylessPrompt_clerk.browser_99cf56_5.83.0-canary.v20250813175711.min.js.br
- clerk-js/5.83.0-canary.v20250813175711/keylessPrompt_clerk.browser_99cf56_5.83.0-canary.v20250813175711.min.js.gz
- clerk-js/5.83.0-canary.v20250813175711/keylessPrompt_clerk.browser_99cf56_5.83.0-canary.v20250813175711.min.js.sri
- clerk-js/5.83.0-canary.v20250813175711/keylessPrompt_clerk.chips.browser_3c6781_5.83.0-canary.v20250813175711.js.br
- clerk-js/5.83.0-canary.v20250813175711/keylessPrompt_clerk.chips.browser_3c6781_5.83.0-canary.v20250813175711.js.gz
- clerk-js/5.83.0-canary.v20250813175711/keylessPrompt_clerk.chips.browser_3c6781_5.83.0-canary.v20250813175711.js.sri
- clerk-js/5.83.0-canary.v20250813175711/keylessPrompt_clerk.chips.browser_3c6781_5.83.0-canary.v20250813175711.min.js.br
- clerk-js/5.83.0-canary.v20250813175711/keylessPrompt_clerk.chips.browser_3c6781_5.83.0-canary.v20250813175711.min.js.gz
- clerk-js/5.83.0-canary.v20250813175711/keylessPrompt_clerk.chips.browser_3c6781_5.83.0-canary.v20250813175711.min.js.sri
- clerk-js/5.83.0-canary.v20250813175711/keylessPrompt_clerk.legacy.browser_01d354_5.83.0-canary.v20250813175711.js.br
- clerk-js/5.83.0-canary.v20250813175711/keylessPrompt_clerk.legacy.browser_01d354_5.83.0-canary.v20250813175711.js.gz
- clerk-js/5.83.0-canary.v20250813175711/keylessPrompt_clerk.legacy.browser_01d354_5.83.0-canary.v20250813175711.js.sri
- clerk-js/5.83.0-canary.v20250813175711/keylessPrompt_clerk.legacy.browser_01d354_5.83.0-canary.v20250813175711.min.js.br
- clerk-js/5.83.0-canary.v20250813175711/keylessPrompt_clerk.legacy.browser_01d354_5.83.0-canary.v20250813175711.min.js.gz
- clerk-js/5.83.0-canary.v20250813175711/keylessPrompt_clerk.legacy.browser_01d354_5.83.0-canary.v20250813175711.min.js.sri
- clerk-js/5.83.0-canary.v20250813175711/oauthConsent_clerk.browser_99cf56_5.83.0-canary.v20250813175711.js.br
- clerk-js/5.83.0-canary.v20250813175711/oauthConsent_clerk.browser_99cf56_5.83.0-canary.v20250813175711.js.gz
- clerk-js/5.83.0-canary.v20250813175711/oauthConsent_clerk.browser_99cf56_5.83.0-canary.v20250813175711.js.sri
- clerk-js/5.83.0-canary.v20250813175711/oauthConsent_clerk.browser_99cf56_5.83.0-canary.v20250813175711.min.js.br
- clerk-js/5.83.0-canary.v20250813175711/oauthConsent_clerk.browser_99cf56_5.83.0-canary.v20250813175711.min.js.gz
- clerk-js/5.83.0-canary.v20250813175711/oauthConsent_clerk.browser_99cf56_5.83.0-canary.v20250813175711.min.js.sri
- clerk-js/5.83.0-canary.v20250813175711/oauthConsent_clerk.chips.browser_3c6781_5.83.0-canary.v20250813175711.js.br
- clerk-js/5.83.0-canary.v20250813175711/oauthConsent_clerk.chips.browser_3c6781_5.83.0-canary.v20250813175711.js.gz
- clerk-js/5.83.0-canary.v20250813175711/oauthConsent_clerk.chips.browser_3c6781_5.83.0-canary.v20250813175711.js.sri
- clerk-js/5.83.0-canary.v20250813175711/oauthConsent_clerk.chips.browser_3c6781_5.83.0-canary.v20250813175711.min.js.br
- clerk-js/5.83.0-canary.v20250813175711/oauthConsent_clerk.chips.browser_3c6781_5.83.0-canary.v20250813175711.min.js.gz
- clerk-js/5.83.0-canary.v20250813175711/oauthConsent_clerk.chips.browser_3c6781_5.83.0-canary.v20250813175711.min.js.sri
- clerk-js/5.83.0-canary.v20250813175711/oauthConsent_clerk.legacy.browser_01d354_5.83.0-canary.v20250813175711.js.br
- clerk-js/5.83.0-canary.v20250813175711/oauthConsent_clerk.legacy.browser_01d354_5.83.0-canary.v20250813175711.js.gz
- clerk-js/5.83.0-canary.v20250813175711/oauthConsent_clerk.legacy.browser_01d354_5.83.0-canary.v20250813175711.js.sri
- clerk-js/5.83.0-canary.v20250813175711/oauthConsent_clerk.legacy.browser_01d354_5.83.0-canary.v20250813175711.min.js.br
- clerk-js/5.83.0-canary.v20250813175711/oauthConsent_clerk.legacy.browser_01d354_5.83.0-canary.v20250813175711.min.js.gz
- clerk-js/5.83.0-canary.v20250813175711/oauthConsent_clerk.legacy.browser_01d354_5.83.0-canary.v20250813175711.min.js.sri
- clerk-js/5.83.0-canary.v20250813175711/onetap_clerk.browser_99cf56_5.83.0-canary.v20250813175711.js.br
- clerk-js/5.83.0-canary.v20250813175711/onetap_clerk.browser_99cf56_5.83.0-canary.v20250813175711.js.gz
- clerk-js/5.83.0-canary.v20250813175711/onetap_clerk.browser_99cf56_5.83.0-canary.v20250813175711.js.sri
- clerk-js/5.83.0-canary.v20250813175711/onetap_clerk.browser_99cf56_5.83.0-canary.v20250813175711.min.js.br
- clerk-js/5.83.0-canary.v20250813175711/onetap_clerk.browser_99cf56_5.83.0-canary.v20250813175711.min.js.gz
- clerk-js/5.83.0-canary.v20250813175711/onetap_clerk.browser_99cf56_5.83.0-canary.v20250813175711.min.js.sri
- clerk-js/5.83.0-canary.v20250813175711/onetap_clerk.chips.browser_3c6781_5.83.0-canary.v20250813175711.js.br
- clerk-js/5.83.0-canary.v20250813175711/onetap_clerk.chips.browser_3c6781_5.83.0-canary.v20250813175711.js.gz
- clerk-js/5.83.0-canary.v20250813175711/onetap_clerk.chips.browser_3c6781_5.83.0-canary.v20250813175711.js.sri
- clerk-js/5.83.0-canary.v20250813175711/onetap_clerk.chips.browser_3c6781_5.83.0-canary.v20250813175711.min.js.br
- clerk-js/5.83.0-canary.v20250813175711/onetap_clerk.chips.browser_3c6781_5.83.0-canary.v20250813175711.min.js.gz
- clerk-js/5.83.0-canary.v20250813175711/onetap_clerk.chips.browser_3c6781_5.83.0-canary.v20250813175711.min.js.sri
- clerk-js/5.83.0-canary.v20250813175711/onetap_clerk.legacy.browser_01d354_5.83.0-canary.v20250813175711.js.br
- clerk-js/5.83.0-canary.v20250813175711/onetap_clerk.legacy.browser_01d354_5.83.0-canary.v20250813175711.js.gz
- clerk-js/5.83.0-canary.v20250813175711/onetap_clerk.legacy.browser_01d354_5.83.0-canary.v20250813175711.js.sri
- clerk-js/5.83.0-canary.v20250813175711/onetap_clerk.legacy.browser_01d354_5.83.0-canary.v20250813175711.min.js.br
- clerk-js/5.83.0-canary.v20250813175711/onetap_clerk.legacy.browser_01d354_5.83.0-canary.v20250813175711.min.js.gz
- clerk-js/5.83.0-canary.v20250813175711/onetap_clerk.legacy.browser_01d354_5.83.0-canary.v20250813175711.min.js.sri
- clerk-js/5.83.0-canary.v20250813175711/op-api-keys-page_clerk.browser_99cf56_5.83.0-canary.v20250813175711.js.br
- clerk-js/5.83.0-canary.v20250813175711/op-api-keys-page_clerk.browser_99cf56_5.83.0-canary.v20250813175711.js.gz
- clerk-js/5.83.0-canary.v20250813175711/op-api-keys-page_clerk.browser_99cf56_5.83.0-canary.v20250813175711.js.sri
- clerk-js/5.83.0-canary.v20250813175711/op-api-keys-page_clerk.browser_99cf56_5.83.0-canary.v20250813175711.min.js.br
- clerk-js/5.83.0-canary.v20250813175711/op-api-keys-page_clerk.browser_99cf56_5.83.0-canary.v20250813175711.min.js.gz
- clerk-js/5.83.0-canary.v20250813175711/op-api-keys-page_clerk.browser_99cf56_5.83.0-canary.v20250813175711.min.js.sri
- clerk-js/5.83.0-canary.v20250813175711/op-api-keys-page_clerk.chips.browser_3c6781_5.83.0-canary.v20250813175711.js.br
- clerk-js/5.83.0-canary.v20250813175711/op-api-keys-page_clerk.chips.browser_3c6781_5.83.0-canary.v20250813175711.js.gz
- clerk-js/5.83.0-canary.v20250813175711/op-api-keys-page_clerk.chips.browser_3c6781_5.83.0-canary.v20250813175711.js.sri
- clerk-js/5.83.0-canary.v20250813175711/op-api-keys-page_clerk.chips.browser_3c6781_5.83.0-canary.v20250813175711.min.js.br
- clerk-js/5.83.0-canary.v20250813175711/op-api-keys-page_clerk.chips.browser_3c6781_5.83.0-canary.v20250813175711.min.js.gz
- clerk-js/5.83.0-canary.v20250813175711/op-api-keys-page_clerk.chips.browser_3c6781_5.83.0-canary.v20250813175711.min.js.sri
- clerk-js/5.83.0-canary.v20250813175711/op-api-keys-page_clerk.legacy.browser_01d354_5.83.0-canary.v20250813175711.js.br
- clerk-js/5.83.0-canary.v20250813175711/op-api-keys-page_clerk.legacy.browser_01d354_5.83.0-canary.v20250813175711.js.gz
- clerk-js/5.83.0-canary.v20250813175711/op-api-keys-page_clerk.legacy.browser_01d354_5.83.0-canary.v20250813175711.js.sri
- clerk-js/5.83.0-canary.v20250813175711/op-api-keys-page_clerk.legacy.browser_01d354_5.83.0-canary.v20250813175711.min.js.br
- clerk-js/5.83.0-canary.v20250813175711/op-api-keys-page_clerk.legacy.browser_01d354_5.83.0-canary.v20250813175711.min.js.gz
- clerk-js/5.83.0-canary.v20250813175711/op-api-keys-page_clerk.legacy.browser_01d354_5.83.0-canary.v20250813175711.min.js.sri
- clerk-js/5.83.0-canary.v20250813175711/op-billing-page_clerk.browser_99cf56_5.83.0-canary.v20250813175711.js.br
- clerk-js/5.83.0-canary.v20250813175711/op-billing-page_clerk.browser_99cf56_5.83.0-canary.v20250813175711.js.gz
- clerk-js/5.83.0-canary.v20250813175711/op-billing-page_clerk.browser_99cf56_5.83.0-canary.v20250813175711.js.sri
- clerk-js/5.83.0-canary.v20250813175711/op-billing-page_clerk.browser_99cf56_5.83.0-canary.v20250813175711.min.js.br
- clerk-js/5.83.0-canary.v20250813175711/op-billing-page_clerk.browser_99cf56_5.83.0-canary.v20250813175711.min.js.gz
- clerk-js/5.83.0-canary.v20250813175711/op-billing-page_clerk.browser_99cf56_5.83.0-canary.v20250813175711.min.js.sri
- clerk-js/5.83.0-canary.v20250813175711/op-billing-page_clerk.chips.browser_3c6781_5.83.0-canary.v20250813175711.js.br
- clerk-js/5.83.0-canary.v20250813175711/op-billing-page_clerk.chips.browser_3c6781_5.83.0-canary.v20250813175711.js.gz
- clerk-js/5.83.0-canary.v20250813175711/op-billing-page_clerk.chips.browser_3c6781_5.83.0-canary.v20250813175711.js.sri
- clerk-js/5.83.0-canary.v20250813175711/op-billing-page_clerk.chips.browser_3c6781_5.83.0-canary.v20250813175711.min.js.br
- clerk-js/5.83.0-canary.v20250813175711/op-billing-page_clerk.chips.browser_3c6781_5.83.0-canary.v20250813175711.min.js.gz
- clerk-js/5.83.0-canary.v20250813175711/op-billing-page_clerk.chips.browser_3c6781_5.83.0-canary.v20250813175711.min.js.sri
- clerk-js/5.83.0-canary.v20250813175711/op-billing-page_clerk.legacy.browser_01d354_5.83.0-canary.v20250813175711.js.br
- clerk-js/5.83.0-canary.v20250813175711/op-billing-page_clerk.legacy.browser_01d354_5.83.0-canary.v20250813175711.js.gz
- clerk-js/5.83.0-canary.v20250813175711/op-billing-page_clerk.legacy.browser_01d354_5.83.0-canary.v20250813175711.js.sri
- clerk-js/5.83.0-canary.v20250813175711/op-billing-page_clerk.legacy.browser_01d354_5.83.0-canary.v20250813175711.min.js.br
- clerk-js/5.83.0-canary.v20250813175711/op-billing-page_clerk.legacy.browser_01d354_5.83.0-canary.v20250813175711.min.js.gz
- clerk-js/5.83.0-canary.v20250813175711/op-billing-page_clerk.legacy.browser_01d354_5.83.0-canary.v20250813175711.min.js.sri
- clerk-js/5.83.0-canary.v20250813175711/op-plans-page_clerk.browser_99cf56_5.83.0-canary.v20250813175711.js.br
- clerk-js/5.83.0-canary.v20250813175711/op-plans-page_clerk.browser_99cf56_5.83.0-canary.v20250813175711.js.gz
- clerk-js/5.83.0-canary.v20250813175711/op-plans-page_clerk.browser_99cf56_5.83.0-canary.v20250813175711.js.sri
- clerk-js/5.83.0-canary.v20250813175711/op-plans-page_clerk.browser_99cf56_5.83.0-canary.v20250813175711.min.js.br
- clerk-js/5.83.0-canary.v20250813175711/op-plans-page_clerk.browser_99cf56_5.83.0-canary.v20250813175711.min.js.gz
- clerk-js/5.83.0-canary.v20250813175711/op-plans-page_clerk.browser_99cf56_5.83.0-canary.v20250813175711.min.js.sri
- clerk-js/5.83.0-canary.v20250813175711/op-plans-page_clerk.chips.browser_3c6781_5.83.0-canary.v20250813175711.js.br
- clerk-js/5.83.0-canary.v20250813175711/op-plans-page_clerk.chips.browser_3c6781_5.83.0-canary.v20250813175711.js.gz
- clerk-js/5.83.0-canary.v20250813175711/op-plans-page_clerk.chips.browser_3c6781_5.83.0-canary.v20250813175711.js.sri
- clerk-js/5.83.0-canary.v20250813175711/op-plans-page_clerk.chips.browser_3c6781_5.83.0-canary.v20250813175711.min.js.br
- clerk-js/5.83.0-canary.v20250813175711/op-plans-page_clerk.chips.browser_3c6781_5.83.0-canary.v20250813175711.min.js.gz
- clerk-js/5.83.0-canary.v20250813175711/op-plans-page_clerk.chips.browser_3c6781_5.83.0-canary.v20250813175711.min.js.sri
- clerk-js/5.83.0-canary.v20250813175711/op-plans-page_clerk.legacy.browser_01d354_5.83.0-canary.v20250813175711.js.br
- clerk-js/5.83.0-canary.v20250813175711/op-plans-page_clerk.legacy.browser_01d354_5.83.0-canary.v20250813175711.js.gz
- clerk-js/5.83.0-canary.v20250813175711/op-plans-page_clerk.legacy.browser_01d354_5.83.0-canary.v20250813175711.js.sri
- clerk-js/5.83.0-canary.v20250813175711/op-plans-page_clerk.legacy.browser_01d354_5.83.0-canary.v20250813175711.min.js.br
- clerk-js/5.83.0-canary.v20250813175711/op-plans-page_clerk.legacy.browser_01d354_5.83.0-canary.v20250813175711.min.js.gz
- clerk-js/5.83.0-canary.v20250813175711/op-plans-page_clerk.legacy.browser_01d354_5.83.0-canary.v20250813175711.min.js.sri
- clerk-js/5.83.0-canary.v20250813175711/organizationlist_clerk.browser_99cf56_5.83.0-canary.v20250813175711.js.br
- clerk-js/5.83.0-canary.v20250813175711/organizationlist_clerk.browser_99cf56_5.83.0-canary.v20250813175711.js.gz
- clerk-js/5.83.0-canary.v20250813175711/organizationlist_clerk.browser_99cf56_5.83.0-canary.v20250813175711.js.sri
- clerk-js/5.83.0-canary.v20250813175711/organizationlist_clerk.browser_99cf56_5.83.0-canary.v20250813175711.min.js.br
- clerk-js/5.83.0-canary.v20250813175711/organizationlist_clerk.browser_99cf56_5.83.0-canary.v20250813175711.min.js.gz
- clerk-js/5.83.0-canary.v20250813175711/organizationlist_clerk.browser_99cf56_5.83.0-canary.v20250813175711.min.js.sri
- clerk-js/5.83.0-canary.v20250813175711/organizationlist_clerk.chips.browser_3c6781_5.83.0-canary.v20250813175711.js.br
- clerk-js/5.83.0-canary.v20250813175711/organizationlist_clerk.chips.browser_3c6781_5.83.0-canary.v20250813175711.js.gz
- clerk-js/5.83.0-canary.v20250813175711/organizationlist_clerk.chips.browser_3c6781_5.83.0-canary.v20250813175711.js.sri
- clerk-js/5.83.0-canary.v20250813175711/organizationlist_clerk.chips.browser_3c6781_5.83.0-canary.v20250813175711.min.js.br
- clerk-js/5.83.0-canary.v20250813175711/organizationlist_clerk.chips.browser_3c6781_5.83.0-canary.v20250813175711.min.js.gz
- clerk-js/5.83.0-canary.v20250813175711/organizationlist_clerk.chips.browser_3c6781_5.83.0-canary.v20250813175711.min.js.sri
- clerk-js/5.83.0-canary.v20250813175711/organizationlist_clerk.legacy.browser_01d354_5.83.0-canary.v20250813175711.js.br
- clerk-js/5.83.0-canary.v20250813175711/organizationlist_clerk.legacy.browser_01d354_5.83.0-canary.v20250813175711.js.gz
- clerk-js/5.83.0-canary.v20250813175711/organizationlist_clerk.legacy.browser_01d354_5.83.0-canary.v20250813175711.js.sri
- clerk-js/5.83.0-canary.v20250813175711/organizationlist_clerk.legacy.browser_01d354_5.83.0-canary.v20250813175711.min.js.br
- clerk-js/5.83.0-canary.v20250813175711/organizationlist_clerk.legacy.browser_01d354_5.83.0-canary.v20250813175711.min.js.gz
- clerk-js/5.83.0-canary.v20250813175711/organizationlist_clerk.legacy.browser_01d354_5.83.0-canary.v20250813175711.min.js.sri
- clerk-js/5.83.0-canary.v20250813175711/organizationprofile_clerk.browser_99cf56_5.83.0-canary.v20250813175711.js.br
- clerk-js/5.83.0-canary.v20250813175711/organizationprofile_clerk.browser_99cf56_5.83.0-canary.v20250813175711.js.gz
- clerk-js/5.83.0-canary.v20250813175711/organizationprofile_clerk.browser_99cf56_5.83.0-canary.v20250813175711.js.sri
- clerk-js/5.83.0-canary.v20250813175711/organizationprofile_clerk.browser_99cf56_5.83.0-canary.v20250813175711.min.js.br
- clerk-js/5.83.0-canary.v20250813175711/organizationprofile_clerk.browser_99cf56_5.83.0-canary.v20250813175711.min.js.gz
- clerk-js/5.83.0-canary.v20250813175711/organizationprofile_clerk.browser_99cf56_5.83.0-canary.v20250813175711.min.js.sri
- clerk-js/5.83.0-canary.v20250813175711/organizationprofile_clerk.chips.browser_3c6781_5.83.0-canary.v20250813175711.js.br
- clerk-js/5.83.0-canary.v20250813175711/organizationprofile_clerk.chips.browser_3c6781_5.83.0-canary.v20250813175711.js.gz
- clerk-js/5.83.0-canary.v20250813175711/organizationprofile_clerk.chips.browser_3c6781_5.83.0-canary.v20250813175711.js.sri
- clerk-js/5.83.0-canary.v20250813175711/organizationprofile_clerk.chips.browser_3c6781_5.83.0-canary.v20250813175711.min.js.br
- clerk-js/5.83.0-canary.v20250813175711/organizationprofile_clerk.chips.browser_3c6781_5.83.0-canary.v20250813175711.min.js.gz
- clerk-js/5.83.0-canary.v20250813175711/organizationprofile_clerk.chips.browser_3c6781_5.83.0-canary.v20250813175711.min.js.sri
- clerk-js/5.83.0-canary.v20250813175711/organizationprofile_clerk.legacy.browser_01d354_5.83.0-canary.v20250813175711.js.br
- clerk-js/5.83.0-canary.v20250813175711/organizationprofile_clerk.legacy.browser_01d354_5.83.0-canary.v20250813175711.js.gz
- clerk-js/5.83.0-canary.v20250813175711/organizationprofile_clerk.legacy.browser_01d354_5.83.0-canary.v20250813175711.js.sri
- clerk-js/5.83.0-canary.v20250813175711/organizationprofile_clerk.legacy.browser_01d354_5.83.0-canary.v20250813175711.min.js.br
- clerk-js/5.83.0-canary.v20250813175711/organizationprofile_clerk.legacy.browser_01d354_5.83.0-canary.v20250813175711.min.js.gz
- clerk-js/5.83.0-canary.v20250813175711/organizationprofile_clerk.legacy.browser_01d354_5.83.0-canary.v20250813175711.min.js.sri
- clerk-js/5.83.0-canary.v20250813175711/organizationswitcher_clerk.browser_99cf56_5.83.0-canary.v20250813175711.js.br
- clerk-js/5.83.0-canary.v20250813175711/organizationswitcher_clerk.browser_99cf56_5.83.0-canary.v20250813175711.js.gz
- clerk-js/5.83.0-canary.v20250813175711/organizationswitcher_clerk.browser_99cf56_5.83.0-canary.v20250813175711.js.sri
- clerk-js/5.83.0-canary.v20250813175711/organizationswitcher_clerk.browser_99cf56_5.83.0-canary.v20250813175711.min.js.br
- clerk-js/5.83.0-canary.v20250813175711/organizationswitcher_clerk.browser_99cf56_5.83.0-canary.v20250813175711.min.js.gz
- clerk-js/5.83.0-canary.v20250813175711/organizationswitcher_clerk.browser_99cf56_5.83.0-canary.v20250813175711.min.js.sri
- clerk-js/5.83.0-canary.v20250813175711/organizationswitcher_clerk.chips.browser_3c6781_5.83.0-canary.v20250813175711.js.br
- clerk-js/5.83.0-canary.v20250813175711/organizationswitcher_clerk.chips.browser_3c6781_5.83.0-canary.v20250813175711.js.gz
- clerk-js/5.83.0-canary.v20250813175711/organizationswitcher_clerk.chips.browser_3c6781_5.83.0-canary.v20250813175711.js.sri
- clerk-js/5.83.0-canary.v20250813175711/organizationswitcher_clerk.chips.browser_3c6781_5.83.0-canary.v20250813175711.min.js.br
- clerk-js/5.83.0-canary.v20250813175711/organizationswitcher_clerk.chips.browser_3c6781_5.83.0-canary.v20250813175711.min.js.gz
- clerk-js/5.83.0-canary.v20250813175711/organizationswitcher_clerk.chips.browser_3c6781_5.83.0-canary.v20250813175711.min.js.sri
- clerk-js/5.83.0-canary.v20250813175711/organizationswitcher_clerk.legacy.browser_01d354_5.83.0-canary.v20250813175711.js.br
- clerk-js/5.83.0-canary.v20250813175711/organizationswitcher_clerk.legacy.browser_01d354_5.83.0-canary.v20250813175711.js.gz
- clerk-js/5.83.0-canary.v20250813175711/organizationswitcher_clerk.legacy.browser_01d354_5.83.0-canary.v20250813175711.js.sri
- clerk-js/5.83.0-canary.v20250813175711/organizationswitcher_clerk.legacy.browser_01d354_5.83.0-canary.v20250813175711.min.js.br
- clerk-js/5.83.0-canary.v20250813175711/organizationswitcher_clerk.legacy.browser_01d354_5.83.0-canary.v20250813175711.min.js.gz
- clerk-js/5.83.0-canary.v20250813175711/organizationswitcher_clerk.legacy.browser_01d354_5.83.0-canary.v20250813175711.min.js.sri
- clerk-js/5.83.0-canary.v20250813175711/payment-attempt-page_clerk.browser_99cf56_5.83.0-canary.v20250813175711.js.br
- clerk-js/5.83.0-canary.v20250813175711/payment-attempt-page_clerk.browser_99cf56_5.83.0-canary.v20250813175711.js.gz
- clerk-js/5.83.0-canary.v20250813175711/payment-attempt-page_clerk.browser_99cf56_5.83.0-canary.v20250813175711.js.sri
- clerk-js/5.83.0-canary.v20250813175711/payment-attempt-page_clerk.browser_99cf56_5.83.0-canary.v20250813175711.min.js.br
- clerk-js/5.83.0-canary.v20250813175711/payment-attempt-page_clerk.browser_99cf56_5.83.0-canary.v20250813175711.min.js.gz
- clerk-js/5.83.0-canary.v20250813175711/payment-attempt-page_clerk.browser_99cf56_5.83.0-canary.v20250813175711.min.js.sri
- clerk-js/5.83.0-canary.v20250813175711/payment-attempt-page_clerk.chips.browser_3c6781_5.83.0-canary.v20250813175711.js.br
- clerk-js/5.83.0-canary.v20250813175711/payment-attempt-page_clerk.chips.browser_3c6781_5.83.0-canary.v20250813175711.js.gz
- clerk-js/5.83.0-canary.v20250813175711/payment-attempt-page_clerk.chips.browser_3c6781_5.83.0-canary.v20250813175711.js.sri
- clerk-js/5.83.0-canary.v20250813175711/payment-attempt-page_clerk.chips.browser_3c6781_5.83.0-canary.v20250813175711.min.js.br
- clerk-js/5.83.0-canary.v20250813175711/payment-attempt-page_clerk.chips.browser_3c6781_5.83.0-canary.v20250813175711.min.js.gz
- clerk-js/5.83.0-canary.v20250813175711/payment-attempt-page_clerk.chips.browser_3c6781_5.83.0-canary.v20250813175711.min.js.sri
- clerk-js/5.83.0-canary.v20250813175711/payment-attempt-page_clerk.legacy.browser_01d354_5.83.0-canary.v20250813175711.js.br
- clerk-js/5.83.0-canary.v20250813175711/payment-attempt-page_clerk.legacy.browser_01d354_5.83.0-canary.v20250813175711.js.gz
- clerk-js/5.83.0-canary.v20250813175711/payment-attempt-page_clerk.legacy.browser_01d354_5.83.0-canary.v20250813175711.js.sri
- clerk-js/5.83.0-canary.v20250813175711/payment-attempt-page_clerk.legacy.browser_01d354_5.83.0-canary.v20250813175711.min.js.br
- clerk-js/5.83.0-canary.v20250813175711/payment-attempt-page_clerk.legacy.browser_01d354_5.83.0-canary.v20250813175711.min.js.gz
- clerk-js/5.83.0-canary.v20250813175711/payment-attempt-page_clerk.legacy.browser_01d354_5.83.0-canary.v20250813175711.min.js.sri
- clerk-js/5.83.0-canary.v20250813175711/planDetails_clerk.browser_99cf56_5.83.0-canary.v20250813175711.js.br
- clerk-js/5.83.0-canary.v20250813175711/planDetails_clerk.browser_99cf56_5.83.0-canary.v20250813175711.js.gz
- clerk-js/5.83.0-canary.v20250813175711/planDetails_clerk.browser_99cf56_5.83.0-canary.v20250813175711.js.sri
- clerk-js/5.83.0-canary.v20250813175711/planDetails_clerk.browser_99cf56_5.83.0-canary.v20250813175711.min.js.br
- clerk-js/5.83.0-canary.v20250813175711/planDetails_clerk.browser_99cf56_5.83.0-canary.v20250813175711.min.js.gz
- clerk-js/5.83.0-canary.v20250813175711/planDetails_clerk.browser_99cf56_5.83.0-canary.v20250813175711.min.js.sri
- clerk-js/5.83.0-canary.v20250813175711/planDetails_clerk.chips.browser_3c6781_5.83.0-canary.v20250813175711.js.br
- clerk-js/5.83.0-canary.v20250813175711/planDetails_clerk.chips.browser_3c6781_5.83.0-canary.v20250813175711.js.gz
- clerk-js/5.83.0-canary.v20250813175711/planDetails_clerk.chips.browser_3c6781_5.83.0-canary.v20250813175711.js.sri
- clerk-js/5.83.0-canary.v20250813175711/planDetails_clerk.chips.browser_3c6781_5.83.0-canary.v20250813175711.min.js.br
- clerk-js/5.83.0-canary.v20250813175711/planDetails_clerk.chips.browser_3c6781_5.83.0-canary.v20250813175711.min.js.gz
- clerk-js/5.83.0-canary.v20250813175711/planDetails_clerk.chips.browser_3c6781_5.83.0-canary.v20250813175711.min.js.sri
- clerk-js/5.83.0-canary.v20250813175711/planDetails_clerk.legacy.browser_01d354_5.83.0-canary.v20250813175711.js.br
- clerk-js/5.83.0-canary.v20250813175711/planDetails_clerk.legacy.browser_01d354_5.83.0-canary.v20250813175711.js.gz
- clerk-js/5.83.0-canary.v20250813175711/planDetails_clerk.legacy.browser_01d354_5.83.0-canary.v20250813175711.js.sri
- clerk-js/5.83.0-canary.v20250813175711/planDetails_clerk.legacy.browser_01d354_5.83.0-canary.v20250813175711.min.js.br
- clerk-js/5.83.0-canary.v20250813175711/planDetails_clerk.legacy.browser_01d354_5.83.0-canary.v20250813175711.min.js.gz
- clerk-js/5.83.0-canary.v20250813175711/planDetails_clerk.legacy.browser_01d354_5.83.0-canary.v20250813175711.min.js.sri
- clerk-js/5.83.0-canary.v20250813175711/prefetchorganizationlist_clerk.browser_99cf56_5.83.0-canary.v20250813175711.js.br
- clerk-js/5.83.0-canary.v20250813175711/prefetchorganizationlist_clerk.browser_99cf56_5.83.0-canary.v20250813175711.js.gz
- clerk-js/5.83.0-canary.v20250813175711/prefetchorganizationlist_clerk.browser_99cf56_5.83.0-canary.v20250813175711.js.sri
- clerk-js/5.83.0-canary.v20250813175711/prefetchorganizationlist_clerk.browser_99cf56_5.83.0-canary.v20250813175711.min.js.br
- clerk-js/5.83.0-canary.v20250813175711/prefetchorganizationlist_clerk.browser_99cf56_5.83.0-canary.v20250813175711.min.js.gz
- clerk-js/5.83.0-canary.v20250813175711/prefetchorganizationlist_clerk.browser_99cf56_5.83.0-canary.v20250813175711.min.js.sri
- clerk-js/5.83.0-canary.v20250813175711/prefetchorganizationlist_clerk.chips.browser_3c6781_5.83.0-canary.v20250813175711.js.br
- clerk-js/5.83.0-canary.v20250813175711/prefetchorganizationlist_clerk.chips.browser_3c6781_5.83.0-canary.v20250813175711.js.gz
- clerk-js/5.83.0-canary.v20250813175711/prefetchorganizationlist_clerk.chips.browser_3c6781_5.83.0-canary.v20250813175711.js.sri
- clerk-js/5.83.0-canary.v20250813175711/prefetchorganizationlist_clerk.chips.browser_3c6781_5.83.0-canary.v20250813175711.min.js.br
- clerk-js/5.83.0-canary.v20250813175711/prefetchorganizationlist_clerk.chips.browser_3c6781_5.83.0-canary.v20250813175711.min.js.gz
- clerk-js/5.83.0-canary.v20250813175711/prefetchorganizationlist_clerk.chips.browser_3c6781_5.83.0-canary.v20250813175711.min.js.sri
- clerk-js/5.83.0-canary.v20250813175711/prefetchorganizationlist_clerk.legacy.browser_01d354_5.83.0-canary.v20250813175711.js.br
- clerk-js/5.83.0-canary.v20250813175711/prefetchorganizationlist_clerk.legacy.browser_01d354_5.83.0-canary.v20250813175711.js.gz
- clerk-js/5.83.0-canary.v20250813175711/prefetchorganizationlist_clerk.legacy.browser_01d354_5.83.0-canary.v20250813175711.js.sri
- clerk-js/5.83.0-canary.v20250813175711/prefetchorganizationlist_clerk.legacy.browser_01d354_5.83.0-canary.v20250813175711.min.js.br
- clerk-js/5.83.0-canary.v20250813175711/prefetchorganizationlist_clerk.legacy.browser_01d354_5.83.0-canary.v20250813175711.min.js.gz
- clerk-js/5.83.0-canary.v20250813175711/prefetchorganizationlist_clerk.legacy.browser_01d354_5.83.0-canary.v20250813175711.min.js.sri
- clerk-js/5.83.0-canary.v20250813175711/pricingTable_clerk.browser_99cf56_5.83.0-canary.v20250813175711.js.br
- clerk-js/5.83.0-canary.v20250813175711/pricingTable_clerk.browser_99cf56_5.83.0-canary.v20250813175711.js.gz
- clerk-js/5.83.0-canary.v20250813175711/pricingTable_clerk.browser_99cf56_5.83.0-canary.v20250813175711.js.sri
- clerk-js/5.83.0-canary.v20250813175711/pricingTable_clerk.browser_99cf56_5.83.0-canary.v20250813175711.min.js.br
- clerk-js/5.83.0-canary.v20250813175711/pricingTable_clerk.browser_99cf56_5.83.0-canary.v20250813175711.min.js.gz
- clerk-js/5.83.0-canary.v20250813175711/pricingTable_clerk.browser_99cf56_5.83.0-canary.v20250813175711.min.js.sri
- clerk-js/5.83.0-canary.v20250813175711/pricingTable_clerk.chips.browser_3c6781_5.83.0-canary.v20250813175711.js.br
- clerk-js/5.83.0-canary.v20250813175711/pricingTable_clerk.chips.browser_3c6781_5.83.0-canary.v20250813175711.js.gz
- clerk-js/5.83.0-canary.v20250813175711/pricingTable_clerk.chips.browser_3c6781_5.83.0-canary.v20250813175711.js.sri
- clerk-js/5.83.0-canary.v20250813175711/pricingTable_clerk.chips.browser_3c6781_5.83.0-canary.v20250813175711.min.js.br
- clerk-js/5.83.0-canary.v20250813175711/pricingTable_clerk.chips.browser_3c6781_5.83.0-canary.v20250813175711.min.js.gz
- clerk-js/5.83.0-canary.v20250813175711/pricingTable_clerk.chips.browser_3c6781_5.83.0-canary.v20250813175711.min.js.sri
- clerk-js/5.83.0-canary.v20250813175711/pricingTable_clerk.legacy.browser_01d354_5.83.0-canary.v20250813175711.js.br
- clerk-js/5.83.0-canary.v20250813175711/pricingTable_clerk.legacy.browser_01d354_5.83.0-canary.v20250813175711.js.gz
- clerk-js/5.83.0-canary.v20250813175711/pricingTable_clerk.legacy.browser_01d354_5.83.0-canary.v20250813175711.js.sri
- clerk-js/5.83.0-canary.v20250813175711/pricingTable_clerk.legacy.browser_01d354_5.83.0-canary.v20250813175711.min.js.br
- clerk-js/5.83.0-canary.v20250813175711/pricingTable_clerk.legacy.browser_01d354_5.83.0-canary.v20250813175711.min.js.gz
- clerk-js/5.83.0-canary.v20250813175711/pricingTable_clerk.legacy.browser_01d354_5.83.0-canary.v20250813175711.min.js.sri
- clerk-js/5.83.0-canary.v20250813175711/revoke-api-key-modal_clerk.browser_99cf56_5.83.0-canary.v20250813175711.js.br
- clerk-js/5.83.0-canary.v20250813175711/revoke-api-key-modal_clerk.browser_99cf56_5.83.0-canary.v20250813175711.js.gz
- clerk-js/5.83.0-canary.v20250813175711/revoke-api-key-modal_clerk.browser_99cf56_5.83.0-canary.v20250813175711.js.sri
- clerk-js/5.83.0-canary.v20250813175711/revoke-api-key-modal_clerk.browser_99cf56_5.83.0-canary.v20250813175711.min.js.br
- clerk-js/5.83.0-canary.v20250813175711/revoke-api-key-modal_clerk.browser_99cf56_5.83.0-canary.v20250813175711.min.js.gz
- clerk-js/5.83.0-canary.v20250813175711/revoke-api-key-modal_clerk.browser_99cf56_5.83.0-canary.v20250813175711.min.js.sri
- clerk-js/5.83.0-canary.v20250813175711/revoke-api-key-modal_clerk.chips.browser_3c6781_5.83.0-canary.v20250813175711.js.br
- clerk-js/5.83.0-canary.v20250813175711/revoke-api-key-modal_clerk.chips.browser_3c6781_5.83.0-canary.v20250813175711.js.gz
- clerk-js/5.83.0-canary.v20250813175711/revoke-api-key-modal_clerk.chips.browser_3c6781_5.83.0-canary.v20250813175711.js.sri
- clerk-js/5.83.0-canary.v20250813175711/revoke-api-key-modal_clerk.chips.browser_3c6781_5.83.0-canary.v20250813175711.min.js.br
- clerk-js/5.83.0-canary.v20250813175711/revoke-api-key-modal_clerk.chips.browser_3c6781_5.83.0-canary.v20250813175711.min.js.gz
- clerk-js/5.83.0-canary.v20250813175711/revoke-api-key-modal_clerk.chips.browser_3c6781_5.83.0-canary.v20250813175711.min.js.sri
- clerk-js/5.83.0-canary.v20250813175711/revoke-api-key-modal_clerk.legacy.browser_01d354_5.83.0-canary.v20250813175711.js.br
- clerk-js/5.83.0-canary.v20250813175711/revoke-api-key-modal_clerk.legacy.browser_01d354_5.83.0-canary.v20250813175711.js.gz
- clerk-js/5.83.0-canary.v20250813175711/revoke-api-key-modal_clerk.legacy.browser_01d354_5.83.0-canary.v20250813175711.js.sri
- clerk-js/5.83.0-canary.v20250813175711/revoke-api-key-modal_clerk.legacy.browser_01d354_5.83.0-canary.v20250813175711.min.js.br
- clerk-js/5.83.0-canary.v20250813175711/revoke-api-key-modal_clerk.legacy.browser_01d354_5.83.0-canary.v20250813175711.min.js.gz
- clerk-js/5.83.0-canary.v20250813175711/revoke-api-key-modal_clerk.legacy.browser_01d354_5.83.0-canary.v20250813175711.min.js.sri
- clerk-js/5.83.0-canary.v20250813175711/sessionTasks_clerk.browser_99cf56_5.83.0-canary.v20250813175711.js.br
- clerk-js/5.83.0-canary.v20250813175711/sessionTasks_clerk.browser_99cf56_5.83.0-canary.v20250813175711.js.gz
- clerk-js/5.83.0-canary.v20250813175711/sessionTasks_clerk.browser_99cf56_5.83.0-canary.v20250813175711.js.sri
- clerk-js/5.83.0-canary.v20250813175711/sessionTasks_clerk.browser_99cf56_5.83.0-canary.v20250813175711.min.js.br
- clerk-js/5.83.0-canary.v20250813175711/sessionTasks_clerk.browser_99cf56_5.83.0-canary.v20250813175711.min.js.gz
- clerk-js/5.83.0-canary.v20250813175711/sessionTasks_clerk.browser_99cf56_5.83.0-canary.v20250813175711.min.js.sri
- clerk-js/5.83.0-canary.v20250813175711/sessionTasks_clerk.chips.browser_3c6781_5.83.0-canary.v20250813175711.js.br
- clerk-js/5.83.0-canary.v20250813175711/sessionTasks_clerk.chips.browser_3c6781_5.83.0-canary.v20250813175711.js.gz
- clerk-js/5.83.0-canary.v20250813175711/sessionTasks_clerk.chips.browser_3c6781_5.83.0-canary.v20250813175711.js.sri
- clerk-js/5.83.0-canary.v20250813175711/sessionTasks_clerk.chips.browser_3c6781_5.83.0-canary.v20250813175711.min.js.br
- clerk-js/5.83.0-canary.v20250813175711/sessionTasks_clerk.chips.browser_3c6781_5.83.0-canary.v20250813175711.min.js.gz
- clerk-js/5.83.0-canary.v20250813175711/sessionTasks_clerk.chips.browser_3c6781_5.83.0-canary.v20250813175711.min.js.sri
- clerk-js/5.83.0-canary.v20250813175711/sessionTasks_clerk.legacy.browser_01d354_5.83.0-canary.v20250813175711.js.br
- clerk-js/5.83.0-canary.v20250813175711/sessionTasks_clerk.legacy.browser_01d354_5.83.0-canary.v20250813175711.js.gz
- clerk-js/5.83.0-canary.v20250813175711/sessionTasks_clerk.legacy.browser_01d354_5.83.0-canary.v20250813175711.js.sri
- clerk-js/5.83.0-canary.v20250813175711/sessionTasks_clerk.legacy.browser_01d354_5.83.0-canary.v20250813175711.min.js.br
- clerk-js/5.83.0-canary.v20250813175711/sessionTasks_clerk.legacy.browser_01d354_5.83.0-canary.v20250813175711.min.js.gz
- clerk-js/5.83.0-canary.v20250813175711/sessionTasks_clerk.legacy.browser_01d354_5.83.0-canary.v20250813175711.min.js.sri
- clerk-js/5.83.0-canary.v20250813175711/signin_clerk.browser_99cf56_5.83.0-canary.v20250813175711.js.br
- clerk-js/5.83.0-canary.v20250813175711/signin_clerk.browser_99cf56_5.83.0-canary.v20250813175711.js.gz
- clerk-js/5.83.0-canary.v20250813175711/signin_clerk.browser_99cf56_5.83.0-canary.v20250813175711.js.sri
- clerk-js/5.83.0-canary.v20250813175711/signin_clerk.browser_99cf56_5.83.0-canary.v20250813175711.min.js.br
- clerk-js/5.83.0-canary.v20250813175711/signin_clerk.browser_99cf56_5.83.0-canary.v20250813175711.min.js.gz
- clerk-js/5.83.0-canary.v20250813175711/signin_clerk.browser_99cf56_5.83.0-canary.v20250813175711.min.js.sri
- clerk-js/5.83.0-canary.v20250813175711/signin_clerk.chips.browser_3c6781_5.83.0-canary.v20250813175711.js.br
- clerk-js/5.83.0-canary.v20250813175711/signin_clerk.chips.browser_3c6781_5.83.0-canary.v20250813175711.js.gz
- clerk-js/5.83.0-canary.v20250813175711/signin_clerk.chips.browser_3c6781_5.83.0-canary.v20250813175711.js.sri
- clerk-js/5.83.0-canary.v20250813175711/signin_clerk.chips.browser_3c6781_5.83.0-canary.v20250813175711.min.js.br
- clerk-js/5.83.0-canary.v20250813175711/signin_clerk.chips.browser_3c6781_5.83.0-canary.v20250813175711.min.js.gz
- clerk-js/5.83.0-canary.v20250813175711/signin_clerk.chips.browser_3c6781_5.83.0-canary.v20250813175711.min.js.sri
- clerk-js/5.83.0-canary.v20250813175711/signin_clerk.legacy.browser_01d354_5.83.0-canary.v20250813175711.js.br
- clerk-js/5.83.0-canary.v20250813175711/signin_clerk.legacy.browser_01d354_5.83.0-canary.v20250813175711.js.gz
- clerk-js/5.83.0-canary.v20250813175711/signin_clerk.legacy.browser_01d354_5.83.0-canary.v20250813175711.js.sri
- clerk-js/5.83.0-canary.v20250813175711/signin_clerk.legacy.browser_01d354_5.83.0-canary.v20250813175711.min.js.br
- clerk-js/5.83.0-canary.v20250813175711/signin_clerk.legacy.browser_01d354_5.83.0-canary.v20250813175711.min.js.gz
- clerk-js/5.83.0-canary.v20250813175711/signin_clerk.legacy.browser_01d354_5.83.0-canary.v20250813175711.min.js.sri
- clerk-js/5.83.0-canary.v20250813175711/signup_clerk.browser_99cf56_5.83.0-canary.v20250813175711.js.br
- clerk-js/5.83.0-canary.v20250813175711/signup_clerk.browser_99cf56_5.83.0-canary.v20250813175711.js.gz
- clerk-js/5.83.0-canary.v20250813175711/signup_clerk.browser_99cf56_5.83.0-canary.v20250813175711.js.sri
- clerk-js/5.83.0-canary.v20250813175711/signup_clerk.browser_99cf56_5.83.0-canary.v20250813175711.min.js.br
- clerk-js/5.83.0-canary.v20250813175711/signup_clerk.browser_99cf56_5.83.0-canary.v20250813175711.min.js.gz
- clerk-js/5.83.0-canary.v20250813175711/signup_clerk.browser_99cf56_5.83.0-canary.v20250813175711.min.js.sri
- clerk-js/5.83.0-canary.v20250813175711/signup_clerk.chips.browser_3c6781_5.83.0-canary.v20250813175711.js.br
- clerk-js/5.83.0-canary.v20250813175711/signup_clerk.chips.browser_3c6781_5.83.0-canary.v20250813175711.js.gz
- clerk-js/5.83.0-canary.v20250813175711/signup_clerk.chips.browser_3c6781_5.83.0-canary.v20250813175711.js.sri
- clerk-js/5.83.0-canary.v20250813175711/signup_clerk.chips.browser_3c6781_5.83.0-canary.v20250813175711.min.js.br
- clerk-js/5.83.0-canary.v20250813175711/signup_clerk.chips.browser_3c6781_5.83.0-canary.v20250813175711.min.js.gz
- clerk-js/5.83.0-canary.v20250813175711/signup_clerk.chips.browser_3c6781_5.83.0-canary.v20250813175711.min.js.sri
- clerk-js/5.83.0-canary.v20250813175711/signup_clerk.legacy.browser_01d354_5.83.0-canary.v20250813175711.js.br
- clerk-js/5.83.0-canary.v20250813175711/signup_clerk.legacy.browser_01d354_5.83.0-canary.v20250813175711.js.gz
- clerk-js/5.83.0-canary.v20250813175711/signup_clerk.legacy.browser_01d354_5.83.0-canary.v20250813175711.js.sri
- clerk-js/5.83.0-canary.v20250813175711/signup_clerk.legacy.browser_01d354_5.83.0-canary.v20250813175711.min.js.br
- clerk-js/5.83.0-canary.v20250813175711/signup_clerk.legacy.browser_01d354_5.83.0-canary.v20250813175711.min.js.gz
- clerk-js/5.83.0-canary.v20250813175711/signup_clerk.legacy.browser_01d354_5.83.0-canary.v20250813175711.min.js.sri
- clerk-js/5.83.0-canary.v20250813175711/statement-page_clerk.browser_99cf56_5.83.0-canary.v20250813175711.js.br
- clerk-js/5.83.0-canary.v20250813175711/statement-page_clerk.browser_99cf56_5.83.0-canary.v20250813175711.js.gz
- clerk-js/5.83.0-canary.v20250813175711/statement-page_clerk.browser_99cf56_5.83.0-canary.v20250813175711.js.sri
- clerk-js/5.83.0-canary.v20250813175711/statement-page_clerk.browser_99cf56_5.83.0-canary.v20250813175711.min.js.br
- clerk-js/5.83.0-canary.v20250813175711/statement-page_clerk.browser_99cf56_5.83.0-canary.v20250813175711.min.js.gz
- clerk-js/5.83.0-canary.v20250813175711/statement-page_clerk.browser_99cf56_5.83.0-canary.v20250813175711.min.js.sri
- clerk-js/5.83.0-canary.v20250813175711/statement-page_clerk.chips.browser_3c6781_5.83.0-canary.v20250813175711.js.br
- clerk-js/5.83.0-canary.v20250813175711/statement-page_clerk.chips.browser_3c6781_5.83.0-canary.v20250813175711.js.gz
- clerk-js/5.83.0-canary.v20250813175711/statement-page_clerk.chips.browser_3c6781_5.83.0-canary.v20250813175711.js.sri
- clerk-js/5.83.0-canary.v20250813175711/statement-page_clerk.chips.browser_3c6781_5.83.0-canary.v20250813175711.min.js.br
- clerk-js/5.83.0-canary.v20250813175711/statement-page_clerk.chips.browser_3c6781_5.83.0-canary.v20250813175711.min.js.gz
- clerk-js/5.83.0-canary.v20250813175711/statement-page_clerk.chips.browser_3c6781_5.83.0-canary.v20250813175711.min.js.sri
- clerk-js/5.83.0-canary.v20250813175711/statement-page_clerk.legacy.browser_01d354_5.83.0-canary.v20250813175711.js.br
- clerk-js/5.83.0-canary.v20250813175711/statement-page_clerk.legacy.browser_01d354_5.83.0-canary.v20250813175711.js.gz
- clerk-js/5.83.0-canary.v20250813175711/statement-page_clerk.legacy.browser_01d354_5.83.0-canary.v20250813175711.js.sri
- clerk-js/5.83.0-canary.v20250813175711/statement-page_clerk.legacy.browser_01d354_5.83.0-canary.v20250813175711.min.js.br
- clerk-js/5.83.0-canary.v20250813175711/statement-page_clerk.legacy.browser_01d354_5.83.0-canary.v20250813175711.min.js.gz
- clerk-js/5.83.0-canary.v20250813175711/statement-page_clerk.legacy.browser_01d354_5.83.0-canary.v20250813175711.min.js.sri
- clerk-js/5.83.0-canary.v20250813175711/stripe-vendors_clerk.browser_99cf56_5.83.0-canary.v20250813175711.js.br
- clerk-js/5.83.0-canary.v20250813175711/stripe-vendors_clerk.browser_99cf56_5.83.0-canary.v20250813175711.js.gz
- clerk-js/5.83.0-canary.v20250813175711/stripe-vendors_clerk.browser_99cf56_5.83.0-canary.v20250813175711.js.sri
- clerk-js/5.83.0-canary.v20250813175711/stripe-vendors_clerk.browser_99cf56_5.83.0-canary.v20250813175711.min.js.br
- clerk-js/5.83.0-canary.v20250813175711/stripe-vendors_clerk.browser_99cf56_5.83.0-canary.v20250813175711.min.js.gz
- clerk-js/5.83.0-canary.v20250813175711/stripe-vendors_clerk.browser_99cf56_5.83.0-canary.v20250813175711.min.js.sri
- clerk-js/5.83.0-canary.v20250813175711/stripe-vendors_clerk.chips.browser_3c6781_5.83.0-canary.v20250813175711.js.br
- clerk-js/5.83.0-canary.v20250813175711/stripe-vendors_clerk.chips.browser_3c6781_5.83.0-canary.v20250813175711.js.gz
- clerk-js/5.83.0-canary.v20250813175711/stripe-vendors_clerk.chips.browser_3c6781_5.83.0-canary.v20250813175711.js.sri
- clerk-js/5.83.0-canary.v20250813175711/stripe-vendors_clerk.chips.browser_3c6781_5.83.0-canary.v20250813175711.min.js.br
- clerk-js/5.83.0-canary.v20250813175711/stripe-vendors_clerk.chips.browser_3c6781_5.83.0-canary.v20250813175711.min.js.gz
- clerk-js/5.83.0-canary.v20250813175711/stripe-vendors_clerk.chips.browser_3c6781_5.83.0-canary.v20250813175711.min.js.sri
- clerk-js/5.83.0-canary.v20250813175711/stripe-vendors_clerk.headless.browser_e8395d_5.83.0-canary.v20250813175711.js.br
- clerk-js/5.83.0-canary.v20250813175711/stripe-vendors_clerk.headless.browser_e8395d_5.83.0-canary.v20250813175711.js.gz
- clerk-js/5.83.0-canary.v20250813175711/stripe-vendors_clerk.headless.browser_e8395d_5.83.0-canary.v20250813175711.js.sri
- clerk-js/5.83.0-canary.v20250813175711/stripe-vendors_clerk.headless.browser_e8395d_5.83.0-canary.v20250813175711.min.js.br
- clerk-js/5.83.0-canary.v20250813175711/stripe-vendors_clerk.headless.browser_e8395d_5.83.0-canary.v20250813175711.min.js.gz
- clerk-js/5.83.0-canary.v20250813175711/stripe-vendors_clerk.headless.browser_e8395d_5.83.0-canary.v20250813175711.min.js.sri
- clerk-js/5.83.0-canary.v20250813175711/stripe-vendors_clerk.legacy.browser_01d354_5.83.0-canary.v20250813175711.js.br
- clerk-js/5.83.0-canary.v20250813175711/stripe-vendors_clerk.legacy.browser_01d354_5.83.0-canary.v20250813175711.js.gz
- clerk-js/5.83.0-canary.v20250813175711/stripe-vendors_clerk.legacy.browser_01d354_5.83.0-canary.v20250813175711.js.sri
- clerk-js/5.83.0-canary.v20250813175711/stripe-vendors_clerk.legacy.browser_01d354_5.83.0-canary.v20250813175711.min.js.br
- clerk-js/5.83.0-canary.v20250813175711/stripe-vendors_clerk.legacy.browser_01d354_5.83.0-canary.v20250813175711.min.js.gz
- clerk-js/5.83.0-canary.v20250813175711/stripe-vendors_clerk.legacy.browser_01d354_5.83.0-canary.v20250813175711.min.js.sri
- clerk-js/5.83.0-canary.v20250813175711/subscriptionDetails_clerk.browser_99cf56_5.83.0-canary.v20250813175711.js.br
- clerk-js/5.83.0-canary.v20250813175711/subscriptionDetails_clerk.browser_99cf56_5.83.0-canary.v20250813175711.js.gz
- clerk-js/5.83.0-canary.v20250813175711/subscriptionDetails_clerk.browser_99cf56_5.83.0-canary.v20250813175711.js.sri
- clerk-js/5.83.0-canary.v20250813175711/subscriptionDetails_clerk.browser_99cf56_5.83.0-canary.v20250813175711.min.js.br
- clerk-js/5.83.0-canary.v20250813175711/subscriptionDetails_clerk.browser_99cf56_5.83.0-canary.v20250813175711.min.js.gz
- clerk-js/5.83.0-canary.v20250813175711/subscriptionDetails_clerk.browser_99cf56_5.83.0-canary.v20250813175711.min.js.sri
- clerk-js/5.83.0-canary.v20250813175711/subscriptionDetails_clerk.chips.browser_3c6781_5.83.0-canary.v20250813175711.js.br
- clerk-js/5.83.0-canary.v20250813175711/subscriptionDetails_clerk.chips.browser_3c6781_5.83.0-canary.v20250813175711.js.gz
- clerk-js/5.83.0-canary.v20250813175711/subscriptionDetails_clerk.chips.browser_3c6781_5.83.0-canary.v20250813175711.js.sri
- clerk-js/5.83.0-canary.v20250813175711/subscriptionDetails_clerk.chips.browser_3c6781_5.83.0-canary.v20250813175711.min.js.br
- clerk-js/5.83.0-canary.v20250813175711/subscriptionDetails_clerk.chips.browser_3c6781_5.83.0-canary.v20250813175711.min.js.gz
- clerk-js/5.83.0-canary.v20250813175711/subscriptionDetails_clerk.chips.browser_3c6781_5.83.0-canary.v20250813175711.min.js.sri
- clerk-js/5.83.0-canary.v20250813175711/subscriptionDetails_clerk.legacy.browser_01d354_5.83.0-canary.v20250813175711.js.br
- clerk-js/5.83.0-canary.v20250813175711/subscriptionDetails_clerk.legacy.browser_01d354_5.83.0-canary.v20250813175711.js.gz
- clerk-js/5.83.0-canary.v20250813175711/subscriptionDetails_clerk.legacy.browser_01d354_5.83.0-canary.v20250813175711.js.sri
- clerk-js/5.83.0-canary.v20250813175711/subscriptionDetails_clerk.legacy.browser_01d354_5.83.0-canary.v20250813175711.min.js.br
- clerk-js/5.83.0-canary.v20250813175711/subscriptionDetails_clerk.legacy.browser_01d354_5.83.0-canary.v20250813175711.min.js.gz
- clerk-js/5.83.0-canary.v20250813175711/subscriptionDetails_clerk.legacy.browser_01d354_5.83.0-canary.v20250813175711.min.js.sri
- clerk-js/5.83.0-canary.v20250813175711/taskChooseOrganization_clerk.browser_99cf56_5.83.0-canary.v20250813175711.js.br
- clerk-js/5.83.0-canary.v20250813175711/taskChooseOrganization_clerk.browser_99cf56_5.83.0-canary.v20250813175711.js.gz
- clerk-js/5.83.0-canary.v20250813175711/taskChooseOrganization_clerk.browser_99cf56_5.83.0-canary.v20250813175711.js.sri
- clerk-js/5.83.0-canary.v20250813175711/taskChooseOrganization_clerk.browser_99cf56_5.83.0-canary.v20250813175711.min.js.br
- clerk-js/5.83.0-canary.v20250813175711/taskChooseOrganization_clerk.browser_99cf56_5.83.0-canary.v20250813175711.min.js.gz
- clerk-js/5.83.0-canary.v20250813175711/taskChooseOrganization_clerk.browser_99cf56_5.83.0-canary.v20250813175711.min.js.sri
- clerk-js/5.83.0-canary.v20250813175711/taskChooseOrganization_clerk.chips.browser_3c6781_5.83.0-canary.v20250813175711.js.br
- clerk-js/5.83.0-canary.v20250813175711/taskChooseOrganization_clerk.chips.browser_3c6781_5.83.0-canary.v20250813175711.js.gz
- clerk-js/5.83.0-canary.v20250813175711/taskChooseOrganization_clerk.chips.browser_3c6781_5.83.0-canary.v20250813175711.js.sri
- clerk-js/5.83.0-canary.v20250813175711/taskChooseOrganization_clerk.chips.browser_3c6781_5.83.0-canary.v20250813175711.min.js.br
- clerk-js/5.83.0-canary.v20250813175711/taskChooseOrganization_clerk.chips.browser_3c6781_5.83.0-canary.v20250813175711.min.js.gz
- clerk-js/5.83.0-canary.v20250813175711/taskChooseOrganization_clerk.chips.browser_3c6781_5.83.0-canary.v20250813175711.min.js.sri
- clerk-js/5.83.0-canary.v20250813175711/taskChooseOrganization_clerk.legacy.browser_01d354_5.83.0-canary.v20250813175711.js.br
- clerk-js/5.83.0-canary.v20250813175711/taskChooseOrganization_clerk.legacy.browser_01d354_5.83.0-canary.v20250813175711.js.gz
- clerk-js/5.83.0-canary.v20250813175711/taskChooseOrganization_clerk.legacy.browser_01d354_5.83.0-canary.v20250813175711.js.sri
- clerk-js/5.83.0-canary.v20250813175711/taskChooseOrganization_clerk.legacy.browser_01d354_5.83.0-canary.v20250813175711.min.js.br
- clerk-js/5.83.0-canary.v20250813175711/taskChooseOrganization_clerk.legacy.browser_01d354_5.83.0-canary.v20250813175711.min.js.gz
- clerk-js/5.83.0-canary.v20250813175711/taskChooseOrganization_clerk.legacy.browser_01d354_5.83.0-canary.v20250813175711.min.js.sri
- clerk-js/5.83.0-canary.v20250813175711/ui-common_clerk.browser_99cf56_5.83.0-canary.v20250813175711.js.br
- clerk-js/5.83.0-canary.v20250813175711/ui-common_clerk.browser_99cf56_5.83.0-canary.v20250813175711.js.gz
- clerk-js/5.83.0-canary.v20250813175711/ui-common_clerk.browser_99cf56_5.83.0-canary.v20250813175711.js.sri
- clerk-js/5.83.0-canary.v20250813175711/ui-common_clerk.browser_99cf56_5.83.0-canary.v20250813175711.min.js.br
- clerk-js/5.83.0-canary.v20250813175711/ui-common_clerk.browser_99cf56_5.83.0-canary.v20250813175711.min.js.gz
- clerk-js/5.83.0-canary.v20250813175711/ui-common_clerk.browser_99cf56_5.83.0-canary.v20250813175711.min.js.sri
- clerk-js/5.83.0-canary.v20250813175711/ui-common_clerk.chips.browser_3c6781_5.83.0-canary.v20250813175711.js.br
- clerk-js/5.83.0-canary.v20250813175711/ui-common_clerk.chips.browser_3c6781_5.83.0-canary.v20250813175711.js.gz
- clerk-js/5.83.0-canary.v20250813175711/ui-common_clerk.chips.browser_3c6781_5.83.0-canary.v20250813175711.js.sri
- clerk-js/5.83.0-canary.v20250813175711/ui-common_clerk.chips.browser_3c6781_5.83.0-canary.v20250813175711.min.js.br
- clerk-js/5.83.0-canary.v20250813175711/ui-common_clerk.chips.browser_3c6781_5.83.0-canary.v20250813175711.min.js.gz
- clerk-js/5.83.0-canary.v20250813175711/ui-common_clerk.chips.browser_3c6781_5.83.0-canary.v20250813175711.min.js.sri
- clerk-js/5.83.0-canary.v20250813175711/ui-common_clerk.legacy.browser_01d354_5.83.0-canary.v20250813175711.js.br
- clerk-js/5.83.0-canary.v20250813175711/ui-common_clerk.legacy.browser_01d354_5.83.0-canary.v20250813175711.js.gz
- clerk-js/5.83.0-canary.v20250813175711/ui-common_clerk.legacy.browser_01d354_5.83.0-canary.v20250813175711.js.sri
- clerk-js/5.83.0-canary.v20250813175711/ui-common_clerk.legacy.browser_01d354_5.83.0-canary.v20250813175711.min.js.br
- clerk-js/5.83.0-canary.v20250813175711/ui-common_clerk.legacy.browser_01d354_5.83.0-canary.v20250813175711.min.js.gz
- clerk-js/5.83.0-canary.v20250813175711/ui-common_clerk.legacy.browser_01d354_5.83.0-canary.v20250813175711.min.js.sri
- clerk-js/5.83.0-canary.v20250813175711/up-api-keys-page_clerk.browser_99cf56_5.83.0-canary.v20250813175711.js.br
- clerk-js/5.83.0-canary.v20250813175711/up-api-keys-page_clerk.browser_99cf56_5.83.0-canary.v20250813175711.js.gz
- clerk-js/5.83.0-canary.v20250813175711/up-api-keys-page_clerk.browser_99cf56_5.83.0-canary.v20250813175711.js.sri
- clerk-js/5.83.0-canary.v20250813175711/up-api-keys-page_clerk.browser_99cf56_5.83.0-canary.v20250813175711.min.js.br
- clerk-js/5.83.0-canary.v20250813175711/up-api-keys-page_clerk.browser_99cf56_5.83.0-canary.v20250813175711.min.js.gz
- clerk-js/5.83.0-canary.v20250813175711/up-api-keys-page_clerk.browser_99cf56_5.83.0-canary.v20250813175711.min.js.sri
- clerk-js/5.83.0-canary.v20250813175711/up-api-keys-page_clerk.chips.browser_3c6781_5.83.0-canary.v20250813175711.js.br
- clerk-js/5.83.0-canary.v20250813175711/up-api-keys-page_clerk.chips.browser_3c6781_5.83.0-canary.v20250813175711.js.gz
- clerk-js/5.83.0-canary.v20250813175711/up-api-keys-page_clerk.chips.browser_3c6781_5.83.0-canary.v20250813175711.js.sri
- clerk-js/5.83.0-canary.v20250813175711/up-api-keys-page_clerk.chips.browser_3c6781_5.83.0-canary.v20250813175711.min.js.br
- clerk-js/5.83.0-canary.v20250813175711/up-api-keys-page_clerk.chips.browser_3c6781_5.83.0-canary.v20250813175711.min.js.gz
- clerk-js/5.83.0-canary.v20250813175711/up-api-keys-page_clerk.chips.browser_3c6781_5.83.0-canary.v20250813175711.min.js.sri
- clerk-js/5.83.0-canary.v20250813175711/up-api-keys-page_clerk.legacy.browser_01d354_5.83.0-canary.v20250813175711.js.br
- clerk-js/5.83.0-canary.v20250813175711/up-api-keys-page_clerk.legacy.browser_01d354_5.83.0-canary.v20250813175711.js.gz
- clerk-js/5.83.0-canary.v20250813175711/up-api-keys-page_clerk.legacy.browser_01d354_5.83.0-canary.v20250813175711.js.sri
- clerk-js/5.83.0-canary.v20250813175711/up-api-keys-page_clerk.legacy.browser_01d354_5.83.0-canary.v20250813175711.min.js.br
- clerk-js/5.83.0-canary.v20250813175711/up-api-keys-page_clerk.legacy.browser_01d354_5.83.0-canary.v20250813175711.min.js.gz
- clerk-js/5.83.0-canary.v20250813175711/up-api-keys-page_clerk.legacy.browser_01d354_5.83.0-canary.v20250813175711.min.js.sri
- clerk-js/5.83.0-canary.v20250813175711/up-billing-page_clerk.browser_99cf56_5.83.0-canary.v20250813175711.js.br
- clerk-js/5.83.0-canary.v20250813175711/up-billing-page_clerk.browser_99cf56_5.83.0-canary.v20250813175711.js.gz
- clerk-js/5.83.0-canary.v20250813175711/up-billing-page_clerk.browser_99cf56_5.83.0-canary.v20250813175711.js.sri
- clerk-js/5.83.0-canary.v20250813175711/up-billing-page_clerk.browser_99cf56_5.83.0-canary.v20250813175711.min.js.br
- clerk-js/5.83.0-canary.v20250813175711/up-billing-page_clerk.browser_99cf56_5.83.0-canary.v20250813175711.min.js.gz
- clerk-js/5.83.0-canary.v20250813175711/up-billing-page_clerk.browser_99cf56_5.83.0-canary.v20250813175711.min.js.sri
- clerk-js/5.83.0-canary.v20250813175711/up-billing-page_clerk.chips.browser_3c6781_5.83.0-canary.v20250813175711.js.br
- clerk-js/5.83.0-canary.v20250813175711/up-billing-page_clerk.chips.browser_3c6781_5.83.0-canary.v20250813175711.js.gz
- clerk-js/5.83.0-canary.v20250813175711/up-billing-page_clerk.chips.browser_3c6781_5.83.0-canary.v20250813175711.js.sri
- clerk-js/5.83.0-canary.v20250813175711/up-billing-page_clerk.chips.browser_3c6781_5.83.0-canary.v20250813175711.min.js.br
- clerk-js/5.83.0-canary.v20250813175711/up-billing-page_clerk.chips.browser_3c6781_5.83.0-canary.v20250813175711.min.js.gz
- clerk-js/5.83.0-canary.v20250813175711/up-billing-page_clerk.chips.browser_3c6781_5.83.0-canary.v20250813175711.min.js.sri
- clerk-js/5.83.0-canary.v20250813175711/up-billing-page_clerk.legacy.browser_01d354_5.83.0-canary.v20250813175711.js.br
- clerk-js/5.83.0-canary.v20250813175711/up-billing-page_clerk.legacy.browser_01d354_5.83.0-canary.v20250813175711.js.gz
- clerk-js/5.83.0-canary.v20250813175711/up-billing-page_clerk.legacy.browser_01d354_5.83.0-canary.v20250813175711.js.sri
- clerk-js/5.83.0-canary.v20250813175711/up-billing-page_clerk.legacy.browser_01d354_5.83.0-canary.v20250813175711.min.js.br
- clerk-js/5.83.0-canary.v20250813175711/up-billing-page_clerk.legacy.browser_01d354_5.83.0-canary.v20250813175711.min.js.gz
- clerk-js/5.83.0-canary.v20250813175711/up-billing-page_clerk.legacy.browser_01d354_5.83.0-canary.v20250813175711.min.js.sri
- clerk-js/5.83.0-canary.v20250813175711/up-plans-page_clerk.browser_99cf56_5.83.0-canary.v20250813175711.js.br
- clerk-js/5.83.0-canary.v20250813175711/up-plans-page_clerk.browser_99cf56_5.83.0-canary.v20250813175711.js.gz
- clerk-js/5.83.0-canary.v20250813175711/up-plans-page_clerk.browser_99cf56_5.83.0-canary.v20250813175711.js.sri
- clerk-js/5.83.0-canary.v20250813175711/up-plans-page_clerk.browser_99cf56_5.83.0-canary.v20250813175711.min.js.br
- clerk-js/5.83.0-canary.v20250813175711/up-plans-page_clerk.browser_99cf56_5.83.0-canary.v20250813175711.min.js.gz
- clerk-js/5.83.0-canary.v20250813175711/up-plans-page_clerk.browser_99cf56_5.83.0-canary.v20250813175711.min.js.sri
- clerk-js/5.83.0-canary.v20250813175711/up-plans-page_clerk.chips.browser_3c6781_5.83.0-canary.v20250813175711.js.br
- clerk-js/5.83.0-canary.v20250813175711/up-plans-page_clerk.chips.browser_3c6781_5.83.0-canary.v20250813175711.js.gz
- clerk-js/5.83.0-canary.v20250813175711/up-plans-page_clerk.chips.browser_3c6781_5.83.0-canary.v20250813175711.js.sri
- clerk-js/5.83.0-canary.v20250813175711/up-plans-page_clerk.chips.browser_3c6781_5.83.0-canary.v20250813175711.min.js.br
- clerk-js/5.83.0-canary.v20250813175711/up-plans-page_clerk.chips.browser_3c6781_5.83.0-canary.v20250813175711.min.js.gz
- clerk-js/5.83.0-canary.v20250813175711/up-plans-page_clerk.chips.browser_3c6781_5.83.0-canary.v20250813175711.min.js.sri
- clerk-js/5.83.0-canary.v20250813175711/up-plans-page_clerk.legacy.browser_01d354_5.83.0-canary.v20250813175711.js.br
- clerk-js/5.83.0-canary.v20250813175711/up-plans-page_clerk.legacy.browser_01d354_5.83.0-canary.v20250813175711.js.gz
- clerk-js/5.83.0-canary.v20250813175711/up-plans-page_clerk.legacy.browser_01d354_5.83.0-canary.v20250813175711.js.sri
- clerk-js/5.83.0-canary.v20250813175711/up-plans-page_clerk.legacy.browser_01d354_5.83.0-canary.v20250813175711.min.js.br
- clerk-js/5.83.0-canary.v20250813175711/up-plans-page_clerk.legacy.browser_01d354_5.83.0-canary.v20250813175711.min.js.gz
- clerk-js/5.83.0-canary.v20250813175711/up-plans-page_clerk.legacy.browser_01d354_5.83.0-canary.v20250813175711.min.js.sri
- clerk-js/5.83.0-canary.v20250813175711/userbutton_clerk.browser_99cf56_5.83.0-canary.v20250813175711.js.br
- clerk-js/5.83.0-canary.v20250813175711/userbutton_clerk.browser_99cf56_5.83.0-canary.v20250813175711.js.gz
- clerk-js/5.83.0-canary.v20250813175711/userbutton_clerk.browser_99cf56_5.83.0-canary.v20250813175711.js.sri
- clerk-js/5.83.0-canary.v20250813175711/userbutton_clerk.browser_99cf56_5.83.0-canary.v20250813175711.min.js.br
- clerk-js/5.83.0-canary.v20250813175711/userbutton_clerk.browser_99cf56_5.83.0-canary.v20250813175711.min.js.gz
- clerk-js/5.83.0-canary.v20250813175711/userbutton_clerk.browser_99cf56_5.83.0-canary.v20250813175711.min.js.sri
- clerk-js/5.83.0-canary.v20250813175711/userbutton_clerk.chips.browser_3c6781_5.83.0-canary.v20250813175711.js.br
- clerk-js/5.83.0-canary.v20250813175711/userbutton_clerk.chips.browser_3c6781_5.83.0-canary.v20250813175711.js.gz
- clerk-js/5.83.0-canary.v20250813175711/userbutton_clerk.chips.browser_3c6781_5.83.0-canary.v20250813175711.js.sri
- clerk-js/5.83.0-canary.v20250813175711/userbutton_clerk.chips.browser_3c6781_5.83.0-canary.v20250813175711.min.js.br
- clerk-js/5.83.0-canary.v20250813175711/userbutton_clerk.chips.browser_3c6781_5.83.0-canary.v20250813175711.min.js.gz
- clerk-js/5.83.0-canary.v20250813175711/userbutton_clerk.chips.browser_3c6781_5.83.0-canary.v20250813175711.min.js.sri
- clerk-js/5.83.0-canary.v20250813175711/userbutton_clerk.legacy.browser_01d354_5.83.0-canary.v20250813175711.js.br
- clerk-js/5.83.0-canary.v20250813175711/userbutton_clerk.legacy.browser_01d354_5.83.0-canary.v20250813175711.js.gz
- clerk-js/5.83.0-canary.v20250813175711/userbutton_clerk.legacy.browser_01d354_5.83.0-canary.v20250813175711.js.sri
- clerk-js/5.83.0-canary.v20250813175711/userbutton_clerk.legacy.browser_01d354_5.83.0-canary.v20250813175711.min.js.br
- clerk-js/5.83.0-canary.v20250813175711/userbutton_clerk.legacy.browser_01d354_5.83.0-canary.v20250813175711.min.js.gz
- clerk-js/5.83.0-canary.v20250813175711/userbutton_clerk.legacy.browser_01d354_5.83.0-canary.v20250813175711.min.js.sri
- clerk-js/5.83.0-canary.v20250813175711/userprofile_clerk.browser_99cf56_5.83.0-canary.v20250813175711.js.br
- clerk-js/5.83.0-canary.v20250813175711/userprofile_clerk.browser_99cf56_5.83.0-canary.v20250813175711.js.gz
- clerk-js/5.83.0-canary.v20250813175711/userprofile_clerk.browser_99cf56_5.83.0-canary.v20250813175711.js.sri
- clerk-js/5.83.0-canary.v20250813175711/userprofile_clerk.browser_99cf56_5.83.0-canary.v20250813175711.min.js.br
- clerk-js/5.83.0-canary.v20250813175711/userprofile_clerk.browser_99cf56_5.83.0-canary.v20250813175711.min.js.gz
- clerk-js/5.83.0-canary.v20250813175711/userprofile_clerk.browser_99cf56_5.83.0-canary.v20250813175711.min.js.sri
- clerk-js/5.83.0-canary.v20250813175711/userprofile_clerk.chips.browser_3c6781_5.83.0-canary.v20250813175711.js.br
- clerk-js/5.83.0-canary.v20250813175711/userprofile_clerk.chips.browser_3c6781_5.83.0-canary.v20250813175711.js.gz
- clerk-js/5.83.0-canary.v20250813175711/userprofile_clerk.chips.browser_3c6781_5.83.0-canary.v20250813175711.js.sri
- clerk-js/5.83.0-canary.v20250813175711/userprofile_clerk.chips.browser_3c6781_5.83.0-canary.v20250813175711.min.js.br
- clerk-js/5.83.0-canary.v20250813175711/userprofile_clerk.chips.browser_3c6781_5.83.0-canary.v20250813175711.min.js.gz
- clerk-js/5.83.0-canary.v20250813175711/userprofile_clerk.chips.browser_3c6781_5.83.0-canary.v20250813175711.min.js.sri
- clerk-js/5.83.0-canary.v20250813175711/userprofile_clerk.legacy.browser_01d354_5.83.0-canary.v20250813175711.js.br
- clerk-js/5.83.0-canary.v20250813175711/userprofile_clerk.legacy.browser_01d354_5.83.0-canary.v20250813175711.js.gz
- clerk-js/5.83.0-canary.v20250813175711/userprofile_clerk.legacy.browser_01d354_5.83.0-canary.v20250813175711.js.sri
- clerk-js/5.83.0-canary.v20250813175711/userprofile_clerk.legacy.browser_01d354_5.83.0-canary.v20250813175711.min.js.br
- clerk-js/5.83.0-canary.v20250813175711/userprofile_clerk.legacy.browser_01d354_5.83.0-canary.v20250813175711.min.js.gz
- clerk-js/5.83.0-canary.v20250813175711/userprofile_clerk.legacy.browser_01d354_5.83.0-canary.v20250813175711.min.js.sri
- clerk-js/5.83.0-canary.v20250813175711/userverification_clerk.browser_99cf56_5.83.0-canary.v20250813175711.js.br
- clerk-js/5.83.0-canary.v20250813175711/userverification_clerk.browser_99cf56_5.83.0-canary.v20250813175711.js.gz
- clerk-js/5.83.0-canary.v20250813175711/userverification_clerk.browser_99cf56_5.83.0-canary.v20250813175711.js.sri
- clerk-js/5.83.0-canary.v20250813175711/userverification_clerk.browser_99cf56_5.83.0-canary.v20250813175711.min.js.br
- clerk-js/5.83.0-canary.v20250813175711/userverification_clerk.browser_99cf56_5.83.0-canary.v20250813175711.min.js.gz
- clerk-js/5.83.0-canary.v20250813175711/userverification_clerk.browser_99cf56_5.83.0-canary.v20250813175711.min.js.sri
- clerk-js/5.83.0-canary.v20250813175711/userverification_clerk.chips.browser_3c6781_5.83.0-canary.v20250813175711.js.br
- clerk-js/5.83.0-canary.v20250813175711/userverification_clerk.chips.browser_3c6781_5.83.0-canary.v20250813175711.js.gz
- clerk-js/5.83.0-canary.v20250813175711/userverification_clerk.chips.browser_3c6781_5.83.0-canary.v20250813175711.js.sri
- clerk-js/5.83.0-canary.v20250813175711/userverification_clerk.chips.browser_3c6781_5.83.0-canary.v20250813175711.min.js.br
- clerk-js/5.83.0-canary.v20250813175711/userverification_clerk.chips.browser_3c6781_5.83.0-canary.v20250813175711.min.js.gz
- clerk-js/5.83.0-canary.v20250813175711/userverification_clerk.chips.browser_3c6781_5.83.0-canary.v20250813175711.min.js.sri
- clerk-js/5.83.0-canary.v20250813175711/userverification_clerk.legacy.browser_01d354_5.83.0-canary.v20250813175711.js.br
- clerk-js/5.83.0-canary.v20250813175711/userverification_clerk.legacy.browser_01d354_5.83.0-canary.v20250813175711.js.gz
- clerk-js/5.83.0-canary.v20250813175711/userverification_clerk.legacy.browser_01d354_5.83.0-canary.v20250813175711.js.sri
- clerk-js/5.83.0-canary.v20250813175711/userverification_clerk.legacy.browser_01d354_5.83.0-canary.v20250813175711.min.js.br
- clerk-js/5.83.0-canary.v20250813175711/userverification_clerk.legacy.browser_01d354_5.83.0-canary.v20250813175711.min.js.gz
- clerk-js/5.83.0-canary.v20250813175711/userverification_clerk.legacy.browser_01d354_5.83.0-canary.v20250813175711.min.js.sri
- clerk-js/5.83.0-canary.v20250813175711/vendors_clerk.browser_99cf56_5.83.0-canary.v20250813175711.js.br
- clerk-js/5.83.0-canary.v20250813175711/vendors_clerk.browser_99cf56_5.83.0-canary.v20250813175711.js.gz
- clerk-js/5.83.0-canary.v20250813175711/vendors_clerk.browser_99cf56_5.83.0-canary.v20250813175711.js.sri
- clerk-js/5.83.0-canary.v20250813175711/vendors_clerk.browser_99cf56_5.83.0-canary.v20250813175711.min.js.br
- clerk-js/5.83.0-canary.v20250813175711/vendors_clerk.browser_99cf56_5.83.0-canary.v20250813175711.min.js.gz
- clerk-js/5.83.0-canary.v20250813175711/vendors_clerk.browser_99cf56_5.83.0-canary.v20250813175711.min.js.sri
- clerk-js/5.83.0-canary.v20250813175711/vendors_clerk.chips.browser_3c6781_5.83.0-canary.v20250813175711.js.br
- clerk-js/5.83.0-canary.v20250813175711/vendors_clerk.chips.browser_3c6781_5.83.0-canary.v20250813175711.js.gz
- clerk-js/5.83.0-canary.v20250813175711/vendors_clerk.chips.browser_3c6781_5.83.0-canary.v20250813175711.js.sri
- clerk-js/5.83.0-canary.v20250813175711/vendors_clerk.chips.browser_3c6781_5.83.0-canary.v20250813175711.min.js.br
- clerk-js/5.83.0-canary.v20250813175711/vendors_clerk.chips.browser_3c6781_5.83.0-canary.v20250813175711.min.js.gz
- clerk-js/5.83.0-canary.v20250813175711/vendors_clerk.chips.browser_3c6781_5.83.0-canary.v20250813175711.min.js.sri
- clerk-js/5.83.0-canary.v20250813175711/vendors_clerk.headless.browser_e8395d_5.83.0-canary.v20250813175711.js.br
- clerk-js/5.83.0-canary.v20250813175711/vendors_clerk.headless.browser_e8395d_5.83.0-canary.v20250813175711.js.gz
- clerk-js/5.83.0-canary.v20250813175711/vendors_clerk.headless.browser_e8395d_5.83.0-canary.v20250813175711.js.sri
- clerk-js/5.83.0-canary.v20250813175711/vendors_clerk.headless.browser_e8395d_5.83.0-canary.v20250813175711.min.js.br
- clerk-js/5.83.0-canary.v20250813175711/vendors_clerk.headless.browser_e8395d_5.83.0-canary.v20250813175711.min.js.gz
- clerk-js/5.83.0-canary.v20250813175711/vendors_clerk.headless.browser_e8395d_5.83.0-canary.v20250813175711.min.js.sri
- clerk-js/5.83.0-canary.v20250813175711/vendors_clerk.legacy.browser_01d354_5.83.0-canary.v20250813175711.js.br
- clerk-js/5.83.0-canary.v20250813175711/vendors_clerk.legacy.browser_01d354_5.83.0-canary.v20250813175711.js.gz
- clerk-js/5.83.0-canary.v20250813175711/vendors_clerk.legacy.browser_01d354_5.83.0-canary.v20250813175711.js.sri
- clerk-js/5.83.0-canary.v20250813175711/vendors_clerk.legacy.browser_01d354_5.83.0-canary.v20250813175711.min.js.br
- clerk-js/5.83.0-canary.v20250813175711/vendors_clerk.legacy.browser_01d354_5.83.0-canary.v20250813175711.min.js.gz
- clerk-js/5.83.0-canary.v20250813175711/vendors_clerk.legacy.browser_01d354_5.83.0-canary.v20250813175711.min.js.sri
- clerk-js/5.83.0-canary.v20250813175711/waitlist_clerk.browser_99cf56_5.83.0-canary.v20250813175711.js.br
- clerk-js/5.83.0-canary.v20250813175711/waitlist_clerk.browser_99cf56_5.83.0-canary.v20250813175711.js.gz
- clerk-js/5.83.0-canary.v20250813175711/waitlist_clerk.browser_99cf56_5.83.0-canary.v20250813175711.js.sri
- clerk-js/5.83.0-canary.v20250813175711/waitlist_clerk.browser_99cf56_5.83.0-canary.v20250813175711.min.js.br
- clerk-js/5.83.0-canary.v20250813175711/waitlist_clerk.browser_99cf56_5.83.0-canary.v20250813175711.min.js.gz
- clerk-js/5.83.0-canary.v20250813175711/waitlist_clerk.browser_99cf56_5.83.0-canary.v20250813175711.min.js.sri
- clerk-js/5.83.0-canary.v20250813175711/waitlist_clerk.chips.browser_3c6781_5.83.0-canary.v20250813175711.js.br
- clerk-js/5.83.0-canary.v20250813175711/waitlist_clerk.chips.browser_3c6781_5.83.0-canary.v20250813175711.js.gz
- clerk-js/5.83.0-canary.v20250813175711/waitlist_clerk.chips.browser_3c6781_5.83.0-canary.v20250813175711.js.sri
- clerk-js/5.83.0-canary.v20250813175711/waitlist_clerk.chips.browser_3c6781_5.83.0-canary.v20250813175711.min.js.br
- clerk-js/5.83.0-canary.v20250813175711/waitlist_clerk.chips.browser_3c6781_5.83.0-canary.v20250813175711.min.js.gz
- clerk-js/5.83.0-canary.v20250813175711/waitlist_clerk.chips.browser_3c6781_5.83.0-canary.v20250813175711.min.js.sri
- clerk-js/5.83.0-canary.v20250813175711/waitlist_clerk.legacy.browser_01d354_5.83.0-canary.v20250813175711.js.br
- clerk-js/5.83.0-canary.v20250813175711/waitlist_clerk.legacy.browser_01d354_5.83.0-canary.v20250813175711.js.gz
- clerk-js/5.83.0-canary.v20250813175711/waitlist_clerk.legacy.browser_01d354_5.83.0-canary.v20250813175711.js.sri
- clerk-js/5.83.0-canary.v20250813175711/waitlist_clerk.legacy.browser_01d354_5.83.0-canary.v20250813175711.min.js.br
- clerk-js/5.83.0-canary.v20250813175711/waitlist_clerk.legacy.browser_01d354_5.83.0-canary.v20250813175711.min.js.gz
- clerk-js/5.83.0-canary.v20250813175711/waitlist_clerk.legacy.browser_01d354_5.83.0-canary.v20250813175711.min.js.sri
- clerk-js/5.83.0-canary.v20250813175711/zxcvbn-common_clerk.browser_99cf56_5.83.0-canary.v20250813175711.js.br
- clerk-js/5.83.0-canary.v20250813175711/zxcvbn-common_clerk.browser_99cf56_5.83.0-canary.v20250813175711.js.gz
- clerk-js/5.83.0-canary.v20250813175711/zxcvbn-common_clerk.browser_99cf56_5.83.0-canary.v20250813175711.js.sri
- clerk-js/5.83.0-canary.v20250813175711/zxcvbn-common_clerk.browser_99cf56_5.83.0-canary.v20250813175711.min.js.br
- clerk-js/5.83.0-canary.v20250813175711/zxcvbn-common_clerk.browser_99cf56_5.83.0-canary.v20250813175711.min.js.gz
- clerk-js/5.83.0-canary.v20250813175711/zxcvbn-common_clerk.browser_99cf56_5.83.0-canary.v20250813175711.min.js.sri
- clerk-js/5.83.0-canary.v20250813175711/zxcvbn-common_clerk.chips.browser_3c6781_5.83.0-canary.v20250813175711.js.br
- clerk-js/5.83.0-canary.v20250813175711/zxcvbn-common_clerk.chips.browser_3c6781_5.83.0-canary.v20250813175711.js.gz
- clerk-js/5.83.0-canary.v20250813175711/zxcvbn-common_clerk.chips.browser_3c6781_5.83.0-canary.v20250813175711.js.sri
- clerk-js/5.83.0-canary.v20250813175711/zxcvbn-common_clerk.chips.browser_3c6781_5.83.0-canary.v20250813175711.min.js.br
- clerk-js/5.83.0-canary.v20250813175711/zxcvbn-common_clerk.chips.browser_3c6781_5.83.0-canary.v20250813175711.min.js.gz
- clerk-js/5.83.0-canary.v20250813175711/zxcvbn-common_clerk.chips.browser_3c6781_5.83.0-canary.v20250813175711.min.js.sri
- clerk-js/5.83.0-canary.v20250813175711/zxcvbn-common_clerk.headless.browser_e8395d_5.83.0-canary.v20250813175711.js.br
- clerk-js/5.83.0-canary.v20250813175711/zxcvbn-common_clerk.headless.browser_e8395d_5.83.0-canary.v20250813175711.js.gz
- clerk-js/5.83.0-canary.v20250813175711/zxcvbn-common_clerk.headless.browser_e8395d_5.83.0-canary.v20250813175711.js.sri
- clerk-js/5.83.0-canary.v20250813175711/zxcvbn-common_clerk.headless.browser_e8395d_5.83.0-canary.v20250813175711.min.js.br
- clerk-js/5.83.0-canary.v20250813175711/zxcvbn-common_clerk.headless.browser_e8395d_5.83.0-canary.v20250813175711.min.js.gz
- clerk-js/5.83.0-canary.v20250813175711/zxcvbn-common_clerk.headless.browser_e8395d_5.83.0-canary.v20250813175711.min.js.sri
- clerk-js/5.83.0-canary.v20250813175711/zxcvbn-common_clerk.legacy.browser_01d354_5.83.0-canary.v20250813175711.js.br
- clerk-js/5.83.0-canary.v20250813175711/zxcvbn-common_clerk.legacy.browser_01d354_5.83.0-canary.v20250813175711.js.gz
- clerk-js/5.83.0-canary.v20250813175711/zxcvbn-common_clerk.legacy.browser_01d354_5.83.0-canary.v20250813175711.js.sri
- clerk-js/5.83.0-canary.v20250813175711/zxcvbn-common_clerk.legacy.browser_01d354_5.83.0-canary.v20250813175711.min.js.br
- clerk-js/5.83.0-canary.v20250813175711/zxcvbn-common_clerk.legacy.browser_01d354_5.83.0-canary.v20250813175711.min.js.gz
- clerk-js/5.83.0-canary.v20250813175711/zxcvbn-common_clerk.legacy.browser_01d354_5.83.0-canary.v20250813175711.min.js.sri
- clerk-js/5.83.0-canary.v20250813175711/zxcvbn-ts-core_clerk.browser_99cf56_5.83.0-canary.v20250813175711.js.br
- clerk-js/5.83.0-canary.v20250813175711/zxcvbn-ts-core_clerk.browser_99cf56_5.83.0-canary.v20250813175711.js.gz
- clerk-js/5.83.0-canary.v20250813175711/zxcvbn-ts-core_clerk.browser_99cf56_5.83.0-canary.v20250813175711.js.sri
- clerk-js/5.83.0-canary.v20250813175711/zxcvbn-ts-core_clerk.browser_99cf56_5.83.0-canary.v20250813175711.min.js.br
- clerk-js/5.83.0-canary.v20250813175711/zxcvbn-ts-core_clerk.browser_99cf56_5.83.0-canary.v20250813175711.min.js.gz
- clerk-js/5.83.0-canary.v20250813175711/zxcvbn-ts-core_clerk.browser_99cf56_5.83.0-canary.v20250813175711.min.js.sri
- clerk-js/5.83.0-canary.v20250813175711/zxcvbn-ts-core_clerk.chips.browser_3c6781_5.83.0-canary.v20250813175711.js.br
- clerk-js/5.83.0-canary.v20250813175711/zxcvbn-ts-core_clerk.chips.browser_3c6781_5.83.0-canary.v20250813175711.js.gz
- clerk-js/5.83.0-canary.v20250813175711/zxcvbn-ts-core_clerk.chips.browser_3c6781_5.83.0-canary.v20250813175711.js.sri
- clerk-js/5.83.0-canary.v20250813175711/zxcvbn-ts-core_clerk.chips.browser_3c6781_5.83.0-canary.v20250813175711.min.js.br
- clerk-js/5.83.0-canary.v20250813175711/zxcvbn-ts-core_clerk.chips.browser_3c6781_5.83.0-canary.v20250813175711.min.js.gz
- clerk-js/5.83.0-canary.v20250813175711/zxcvbn-ts-core_clerk.chips.browser_3c6781_5.83.0-canary.v20250813175711.min.js.sri
- clerk-js/5.83.0-canary.v20250813175711/zxcvbn-ts-core_clerk.headless.browser_e8395d_5.83.0-canary.v20250813175711.js.br
- clerk-js/5.83.0-canary.v20250813175711/zxcvbn-ts-core_clerk.headless.browser_e8395d_5.83.0-canary.v20250813175711.js.gz
- clerk-js/5.83.0-canary.v20250813175711/zxcvbn-ts-core_clerk.headless.browser_e8395d_5.83.0-canary.v20250813175711.js.sri
- clerk-js/5.83.0-canary.v20250813175711/zxcvbn-ts-core_clerk.headless.browser_e8395d_5.83.0-canary.v20250813175711.min.js.br
- clerk-js/5.83.0-canary.v20250813175711/zxcvbn-ts-core_clerk.headless.browser_e8395d_5.83.0-canary.v20250813175711.min.js.gz
- clerk-js/5.83.0-canary.v20250813175711/zxcvbn-ts-core_clerk.headless.browser_e8395d_5.83.0-canary.v20250813175711.min.js.sri
- clerk-js/5.83.0-canary.v20250813175711/zxcvbn-ts-core_clerk.legacy.browser_01d354_5.83.0-canary.v20250813175711.js.br
- clerk-js/5.83.0-canary.v20250813175711/zxcvbn-ts-core_clerk.legacy.browser_01d354_5.83.0-canary.v20250813175711.js.gz
- clerk-js/5.83.0-canary.v20250813175711/zxcvbn-ts-core_clerk.legacy.browser_01d354_5.83.0-canary.v20250813175711.js.sri
- clerk-js/5.83.0-canary.v20250813175711/zxcvbn-ts-core_clerk.legacy.browser_01d354_5.83.0-canary.v20250813175711.min.js.br
- clerk-js/5.83.0-canary.v20250813175711/zxcvbn-ts-core_clerk.legacy.browser_01d354_5.83.0-canary.v20250813175711.min.js.gz
- clerk-js/5.83.0-canary.v20250813175711/zxcvbn-ts-core_clerk.legacy.browser_01d354_5.83.0-canary.v20250813175711.min.js.sri
