Files:
- clerk-js/5.91.1-canary.v20250902162217/192_clerk.browser_ca84dc_5.91.1-canary.v20250902162217.js.br
- clerk-js/5.91.1-canary.v20250902162217/192_clerk.browser_ca84dc_5.91.1-canary.v20250902162217.js.gz
- clerk-js/5.91.1-canary.v20250902162217/192_clerk.browser_ca84dc_5.91.1-canary.v20250902162217.js.sri
- clerk-js/5.91.1-canary.v20250902162217/192_clerk.browser_ca84dc_5.91.1-canary.v20250902162217.min.js.br
- clerk-js/5.91.1-canary.v20250902162217/192_clerk.browser_ca84dc_5.91.1-canary.v20250902162217.min.js.gz
- clerk-js/5.91.1-canary.v20250902162217/192_clerk.browser_ca84dc_5.91.1-canary.v20250902162217.min.js.sri
- clerk-js/5.91.1-canary.v20250902162217/192_clerk.chips.browser_b533a3_5.91.1-canary.v20250902162217.js.br
- clerk-js/5.91.1-canary.v20250902162217/192_clerk.chips.browser_b533a3_5.91.1-canary.v20250902162217.js.gz
- clerk-js/5.91.1-canary.v20250902162217/192_clerk.chips.browser_b533a3_5.91.1-canary.v20250902162217.js.sri
- clerk-js/5.91.1-canary.v20250902162217/192_clerk.chips.browser_b533a3_5.91.1-canary.v20250902162217.min.js.br
- clerk-js/5.91.1-canary.v20250902162217/192_clerk.chips.browser_b533a3_5.91.1-canary.v20250902162217.min.js.gz
- clerk-js/5.91.1-canary.v20250902162217/192_clerk.chips.browser_b533a3_5.91.1-canary.v20250902162217.min.js.sri
- clerk-js/5.91.1-canary.v20250902162217/192_clerk.legacy.browser_5528b6_5.91.1-canary.v20250902162217.js.br
- clerk-js/5.91.1-canary.v20250902162217/192_clerk.legacy.browser_5528b6_5.91.1-canary.v20250902162217.js.gz
- clerk-js/5.91.1-canary.v20250902162217/192_clerk.legacy.browser_5528b6_5.91.1-canary.v20250902162217.js.sri
- clerk-js/5.91.1-canary.v20250902162217/192_clerk.legacy.browser_5528b6_5.91.1-canary.v20250902162217.min.js.br
- clerk-js/5.91.1-canary.v20250902162217/192_clerk.legacy.browser_5528b6_5.91.1-canary.v20250902162217.min.js.gz
- clerk-js/5.91.1-canary.v20250902162217/192_clerk.legacy.browser_5528b6_5.91.1-canary.v20250902162217.min.js.sri
- clerk-js/5.91.1-canary.v20250902162217/236_clerk.headless_aeaab1_5.91.1-canary.v20250902162217.js.br
- clerk-js/5.91.1-canary.v20250902162217/236_clerk.headless_aeaab1_5.91.1-canary.v20250902162217.js.gz
- clerk-js/5.91.1-canary.v20250902162217/236_clerk.headless_aeaab1_5.91.1-canary.v20250902162217.js.sri
- clerk-js/5.91.1-canary.v20250902162217/236_clerk.headless_aeaab1_5.91.1-canary.v20250902162217.min.js.br
- clerk-js/5.91.1-canary.v20250902162217/236_clerk.headless_aeaab1_5.91.1-canary.v20250902162217.min.js.gz
- clerk-js/5.91.1-canary.v20250902162217/236_clerk.headless_aeaab1_5.91.1-canary.v20250902162217.min.js.sri
- clerk-js/5.91.1-canary.v20250902162217/294_clerk.browser_ca84dc_5.91.1-canary.v20250902162217.js.br
- clerk-js/5.91.1-canary.v20250902162217/294_clerk.browser_ca84dc_5.91.1-canary.v20250902162217.js.gz
- clerk-js/5.91.1-canary.v20250902162217/294_clerk.browser_ca84dc_5.91.1-canary.v20250902162217.js.sri
- clerk-js/5.91.1-canary.v20250902162217/294_clerk.browser_ca84dc_5.91.1-canary.v20250902162217.min.js.br
- clerk-js/5.91.1-canary.v20250902162217/294_clerk.browser_ca84dc_5.91.1-canary.v20250902162217.min.js.gz
- clerk-js/5.91.1-canary.v20250902162217/294_clerk.browser_ca84dc_5.91.1-canary.v20250902162217.min.js.sri
- clerk-js/5.91.1-canary.v20250902162217/294_clerk.chips.browser_b533a3_5.91.1-canary.v20250902162217.js.br
- clerk-js/5.91.1-canary.v20250902162217/294_clerk.chips.browser_b533a3_5.91.1-canary.v20250902162217.js.gz
- clerk-js/5.91.1-canary.v20250902162217/294_clerk.chips.browser_b533a3_5.91.1-canary.v20250902162217.js.sri
- clerk-js/5.91.1-canary.v20250902162217/294_clerk.chips.browser_b533a3_5.91.1-canary.v20250902162217.min.js.br
- clerk-js/5.91.1-canary.v20250902162217/294_clerk.chips.browser_b533a3_5.91.1-canary.v20250902162217.min.js.gz
- clerk-js/5.91.1-canary.v20250902162217/294_clerk.chips.browser_b533a3_5.91.1-canary.v20250902162217.min.js.sri
- clerk-js/5.91.1-canary.v20250902162217/294_clerk.legacy.browser_5528b6_5.91.1-canary.v20250902162217.js.br
- clerk-js/5.91.1-canary.v20250902162217/294_clerk.legacy.browser_5528b6_5.91.1-canary.v20250902162217.js.gz
- clerk-js/5.91.1-canary.v20250902162217/294_clerk.legacy.browser_5528b6_5.91.1-canary.v20250902162217.js.sri
- clerk-js/5.91.1-canary.v20250902162217/294_clerk.legacy.browser_5528b6_5.91.1-canary.v20250902162217.min.js.br
- clerk-js/5.91.1-canary.v20250902162217/294_clerk.legacy.browser_5528b6_5.91.1-canary.v20250902162217.min.js.gz
- clerk-js/5.91.1-canary.v20250902162217/294_clerk.legacy.browser_5528b6_5.91.1-canary.v20250902162217.min.js.sri
- clerk-js/5.91.1-canary.v20250902162217/368_clerk.headless_aeaab1_5.91.1-canary.v20250902162217.js.br
- clerk-js/5.91.1-canary.v20250902162217/368_clerk.headless_aeaab1_5.91.1-canary.v20250902162217.js.gz
- clerk-js/5.91.1-canary.v20250902162217/368_clerk.headless_aeaab1_5.91.1-canary.v20250902162217.js.sri
- clerk-js/5.91.1-canary.v20250902162217/368_clerk.headless_aeaab1_5.91.1-canary.v20250902162217.min.js.br
- clerk-js/5.91.1-canary.v20250902162217/368_clerk.headless_aeaab1_5.91.1-canary.v20250902162217.min.js.gz
- clerk-js/5.91.1-canary.v20250902162217/368_clerk.headless_aeaab1_5.91.1-canary.v20250902162217.min.js.sri
- clerk-js/5.91.1-canary.v20250902162217/36_clerk.headless_aeaab1_5.91.1-canary.v20250902162217.js.br
- clerk-js/5.91.1-canary.v20250902162217/36_clerk.headless_aeaab1_5.91.1-canary.v20250902162217.js.gz
- clerk-js/5.91.1-canary.v20250902162217/36_clerk.headless_aeaab1_5.91.1-canary.v20250902162217.js.sri
- clerk-js/5.91.1-canary.v20250902162217/36_clerk.headless_aeaab1_5.91.1-canary.v20250902162217.min.js.br
- clerk-js/5.91.1-canary.v20250902162217/36_clerk.headless_aeaab1_5.91.1-canary.v20250902162217.min.js.gz
- clerk-js/5.91.1-canary.v20250902162217/36_clerk.headless_aeaab1_5.91.1-canary.v20250902162217.min.js.sri
- clerk-js/5.91.1-canary.v20250902162217/377_clerk.headless_aeaab1_5.91.1-canary.v20250902162217.js.br
- clerk-js/5.91.1-canary.v20250902162217/377_clerk.headless_aeaab1_5.91.1-canary.v20250902162217.js.gz
- clerk-js/5.91.1-canary.v20250902162217/377_clerk.headless_aeaab1_5.91.1-canary.v20250902162217.js.sri
- clerk-js/5.91.1-canary.v20250902162217/377_clerk.headless_aeaab1_5.91.1-canary.v20250902162217.min.js.br
- clerk-js/5.91.1-canary.v20250902162217/377_clerk.headless_aeaab1_5.91.1-canary.v20250902162217.min.js.gz
- clerk-js/5.91.1-canary.v20250902162217/377_clerk.headless_aeaab1_5.91.1-canary.v20250902162217.min.js.sri
- clerk-js/5.91.1-canary.v20250902162217/43_clerk.legacy.browser_5528b6_5.91.1-canary.v20250902162217.js.br
- clerk-js/5.91.1-canary.v20250902162217/43_clerk.legacy.browser_5528b6_5.91.1-canary.v20250902162217.js.gz
- clerk-js/5.91.1-canary.v20250902162217/43_clerk.legacy.browser_5528b6_5.91.1-canary.v20250902162217.js.sri
- clerk-js/5.91.1-canary.v20250902162217/43_clerk.legacy.browser_5528b6_5.91.1-canary.v20250902162217.min.js.br
- clerk-js/5.91.1-canary.v20250902162217/43_clerk.legacy.browser_5528b6_5.91.1-canary.v20250902162217.min.js.gz
- clerk-js/5.91.1-canary.v20250902162217/43_clerk.legacy.browser_5528b6_5.91.1-canary.v20250902162217.min.js.sri
- clerk-js/5.91.1-canary.v20250902162217/553_clerk.headless_aeaab1_5.91.1-canary.v20250902162217.js.br
- clerk-js/5.91.1-canary.v20250902162217/553_clerk.headless_aeaab1_5.91.1-canary.v20250902162217.js.gz
- clerk-js/5.91.1-canary.v20250902162217/553_clerk.headless_aeaab1_5.91.1-canary.v20250902162217.js.sri
- clerk-js/5.91.1-canary.v20250902162217/553_clerk.headless_aeaab1_5.91.1-canary.v20250902162217.min.js.br
- clerk-js/5.91.1-canary.v20250902162217/553_clerk.headless_aeaab1_5.91.1-canary.v20250902162217.min.js.gz
- clerk-js/5.91.1-canary.v20250902162217/553_clerk.headless_aeaab1_5.91.1-canary.v20250902162217.min.js.sri
- clerk-js/5.91.1-canary.v20250902162217/645_clerk.browser_ca84dc_5.91.1-canary.v20250902162217.js.br
- clerk-js/5.91.1-canary.v20250902162217/645_clerk.browser_ca84dc_5.91.1-canary.v20250902162217.js.gz
- clerk-js/5.91.1-canary.v20250902162217/645_clerk.browser_ca84dc_5.91.1-canary.v20250902162217.js.sri
- clerk-js/5.91.1-canary.v20250902162217/645_clerk.browser_ca84dc_5.91.1-canary.v20250902162217.min.js.br
- clerk-js/5.91.1-canary.v20250902162217/645_clerk.browser_ca84dc_5.91.1-canary.v20250902162217.min.js.gz
- clerk-js/5.91.1-canary.v20250902162217/645_clerk.browser_ca84dc_5.91.1-canary.v20250902162217.min.js.sri
- clerk-js/5.91.1-canary.v20250902162217/645_clerk.chips.browser_b533a3_5.91.1-canary.v20250902162217.js.br
- clerk-js/5.91.1-canary.v20250902162217/645_clerk.chips.browser_b533a3_5.91.1-canary.v20250902162217.js.gz
- clerk-js/5.91.1-canary.v20250902162217/645_clerk.chips.browser_b533a3_5.91.1-canary.v20250902162217.js.sri
- clerk-js/5.91.1-canary.v20250902162217/645_clerk.chips.browser_b533a3_5.91.1-canary.v20250902162217.min.js.br
- clerk-js/5.91.1-canary.v20250902162217/645_clerk.chips.browser_b533a3_5.91.1-canary.v20250902162217.min.js.gz
- clerk-js/5.91.1-canary.v20250902162217/645_clerk.chips.browser_b533a3_5.91.1-canary.v20250902162217.min.js.sri
- clerk-js/5.91.1-canary.v20250902162217/645_clerk.legacy.browser_5528b6_5.91.1-canary.v20250902162217.js.br
- clerk-js/5.91.1-canary.v20250902162217/645_clerk.legacy.browser_5528b6_5.91.1-canary.v20250902162217.js.gz
- clerk-js/5.91.1-canary.v20250902162217/645_clerk.legacy.browser_5528b6_5.91.1-canary.v20250902162217.js.sri
- clerk-js/5.91.1-canary.v20250902162217/645_clerk.legacy.browser_5528b6_5.91.1-canary.v20250902162217.min.js.br
- clerk-js/5.91.1-canary.v20250902162217/645_clerk.legacy.browser_5528b6_5.91.1-canary.v20250902162217.min.js.gz
- clerk-js/5.91.1-canary.v20250902162217/645_clerk.legacy.browser_5528b6_5.91.1-canary.v20250902162217.min.js.sri
- clerk-js/5.91.1-canary.v20250902162217/66_clerk.browser_ca84dc_5.91.1-canary.v20250902162217.js.br
- clerk-js/5.91.1-canary.v20250902162217/66_clerk.browser_ca84dc_5.91.1-canary.v20250902162217.js.gz
- clerk-js/5.91.1-canary.v20250902162217/66_clerk.browser_ca84dc_5.91.1-canary.v20250902162217.js.sri
- clerk-js/5.91.1-canary.v20250902162217/66_clerk.browser_ca84dc_5.91.1-canary.v20250902162217.min.js.br
- clerk-js/5.91.1-canary.v20250902162217/66_clerk.browser_ca84dc_5.91.1-canary.v20250902162217.min.js.gz
- clerk-js/5.91.1-canary.v20250902162217/66_clerk.browser_ca84dc_5.91.1-canary.v20250902162217.min.js.sri
- clerk-js/5.91.1-canary.v20250902162217/66_clerk.chips.browser_b533a3_5.91.1-canary.v20250902162217.js.br
- clerk-js/5.91.1-canary.v20250902162217/66_clerk.chips.browser_b533a3_5.91.1-canary.v20250902162217.js.gz
- clerk-js/5.91.1-canary.v20250902162217/66_clerk.chips.browser_b533a3_5.91.1-canary.v20250902162217.js.sri
- clerk-js/5.91.1-canary.v20250902162217/66_clerk.chips.browser_b533a3_5.91.1-canary.v20250902162217.min.js.br
- clerk-js/5.91.1-canary.v20250902162217/66_clerk.chips.browser_b533a3_5.91.1-canary.v20250902162217.min.js.gz
- clerk-js/5.91.1-canary.v20250902162217/66_clerk.chips.browser_b533a3_5.91.1-canary.v20250902162217.min.js.sri
- clerk-js/5.91.1-canary.v20250902162217/66_clerk.legacy.browser_5528b6_5.91.1-canary.v20250902162217.js.br
- clerk-js/5.91.1-canary.v20250902162217/66_clerk.legacy.browser_5528b6_5.91.1-canary.v20250902162217.js.gz
- clerk-js/5.91.1-canary.v20250902162217/66_clerk.legacy.browser_5528b6_5.91.1-canary.v20250902162217.js.sri
- clerk-js/5.91.1-canary.v20250902162217/66_clerk.legacy.browser_5528b6_5.91.1-canary.v20250902162217.min.js.br
- clerk-js/5.91.1-canary.v20250902162217/66_clerk.legacy.browser_5528b6_5.91.1-canary.v20250902162217.min.js.gz
- clerk-js/5.91.1-canary.v20250902162217/66_clerk.legacy.browser_5528b6_5.91.1-canary.v20250902162217.min.js.sri
- clerk-js/5.91.1-canary.v20250902162217/785_clerk.headless.browser_ec6a45_5.91.1-canary.v20250902162217.js.br
- clerk-js/5.91.1-canary.v20250902162217/785_clerk.headless.browser_ec6a45_5.91.1-canary.v20250902162217.js.gz
- clerk-js/5.91.1-canary.v20250902162217/785_clerk.headless.browser_ec6a45_5.91.1-canary.v20250902162217.js.sri
- clerk-js/5.91.1-canary.v20250902162217/785_clerk.headless.browser_ec6a45_5.91.1-canary.v20250902162217.min.js.br
- clerk-js/5.91.1-canary.v20250902162217/785_clerk.headless.browser_ec6a45_5.91.1-canary.v20250902162217.min.js.gz
- clerk-js/5.91.1-canary.v20250902162217/785_clerk.headless.browser_ec6a45_5.91.1-canary.v20250902162217.min.js.sri
- clerk-js/5.91.1-canary.v20250902162217/785_clerk.headless_aeaab1_5.91.1-canary.v20250902162217.js.br
- clerk-js/5.91.1-canary.v20250902162217/785_clerk.headless_aeaab1_5.91.1-canary.v20250902162217.js.gz
- clerk-js/5.91.1-canary.v20250902162217/785_clerk.headless_aeaab1_5.91.1-canary.v20250902162217.js.sri
- clerk-js/5.91.1-canary.v20250902162217/785_clerk.headless_aeaab1_5.91.1-canary.v20250902162217.min.js.br
- clerk-js/5.91.1-canary.v20250902162217/785_clerk.headless_aeaab1_5.91.1-canary.v20250902162217.min.js.gz
- clerk-js/5.91.1-canary.v20250902162217/785_clerk.headless_aeaab1_5.91.1-canary.v20250902162217.min.js.sri
- clerk-js/5.91.1-canary.v20250902162217/890_clerk.headless_aeaab1_5.91.1-canary.v20250902162217.js.br
- clerk-js/5.91.1-canary.v20250902162217/890_clerk.headless_aeaab1_5.91.1-canary.v20250902162217.js.gz
- clerk-js/5.91.1-canary.v20250902162217/890_clerk.headless_aeaab1_5.91.1-canary.v20250902162217.js.sri
- clerk-js/5.91.1-canary.v20250902162217/890_clerk.headless_aeaab1_5.91.1-canary.v20250902162217.min.js.br
- clerk-js/5.91.1-canary.v20250902162217/890_clerk.headless_aeaab1_5.91.1-canary.v20250902162217.min.js.gz
- clerk-js/5.91.1-canary.v20250902162217/890_clerk.headless_aeaab1_5.91.1-canary.v20250902162217.min.js.sri
- clerk-js/5.91.1-canary.v20250902162217/apiKeys_clerk.browser_ca84dc_5.91.1-canary.v20250902162217.js.br
- clerk-js/5.91.1-canary.v20250902162217/apiKeys_clerk.browser_ca84dc_5.91.1-canary.v20250902162217.js.gz
- clerk-js/5.91.1-canary.v20250902162217/apiKeys_clerk.browser_ca84dc_5.91.1-canary.v20250902162217.js.sri
- clerk-js/5.91.1-canary.v20250902162217/apiKeys_clerk.browser_ca84dc_5.91.1-canary.v20250902162217.min.js.br
- clerk-js/5.91.1-canary.v20250902162217/apiKeys_clerk.browser_ca84dc_5.91.1-canary.v20250902162217.min.js.gz
- clerk-js/5.91.1-canary.v20250902162217/apiKeys_clerk.browser_ca84dc_5.91.1-canary.v20250902162217.min.js.sri
- clerk-js/5.91.1-canary.v20250902162217/apiKeys_clerk.chips.browser_b533a3_5.91.1-canary.v20250902162217.js.br
- clerk-js/5.91.1-canary.v20250902162217/apiKeys_clerk.chips.browser_b533a3_5.91.1-canary.v20250902162217.js.gz
- clerk-js/5.91.1-canary.v20250902162217/apiKeys_clerk.chips.browser_b533a3_5.91.1-canary.v20250902162217.js.sri
- clerk-js/5.91.1-canary.v20250902162217/apiKeys_clerk.chips.browser_b533a3_5.91.1-canary.v20250902162217.min.js.br
- clerk-js/5.91.1-canary.v20250902162217/apiKeys_clerk.chips.browser_b533a3_5.91.1-canary.v20250902162217.min.js.gz
- clerk-js/5.91.1-canary.v20250902162217/apiKeys_clerk.chips.browser_b533a3_5.91.1-canary.v20250902162217.min.js.sri
- clerk-js/5.91.1-canary.v20250902162217/apiKeys_clerk.legacy.browser_5528b6_5.91.1-canary.v20250902162217.js.br
- clerk-js/5.91.1-canary.v20250902162217/apiKeys_clerk.legacy.browser_5528b6_5.91.1-canary.v20250902162217.js.gz
- clerk-js/5.91.1-canary.v20250902162217/apiKeys_clerk.legacy.browser_5528b6_5.91.1-canary.v20250902162217.js.sri
- clerk-js/5.91.1-canary.v20250902162217/apiKeys_clerk.legacy.browser_5528b6_5.91.1-canary.v20250902162217.min.js.br
- clerk-js/5.91.1-canary.v20250902162217/apiKeys_clerk.legacy.browser_5528b6_5.91.1-canary.v20250902162217.min.js.gz
- clerk-js/5.91.1-canary.v20250902162217/apiKeys_clerk.legacy.browser_5528b6_5.91.1-canary.v20250902162217.min.js.sri
- clerk-js/5.91.1-canary.v20250902162217/base-account-sdk_clerk.browser_ca84dc_5.91.1-canary.v20250902162217.js.br
- clerk-js/5.91.1-canary.v20250902162217/base-account-sdk_clerk.browser_ca84dc_5.91.1-canary.v20250902162217.js.gz
- clerk-js/5.91.1-canary.v20250902162217/base-account-sdk_clerk.browser_ca84dc_5.91.1-canary.v20250902162217.js.sri
- clerk-js/5.91.1-canary.v20250902162217/base-account-sdk_clerk.browser_ca84dc_5.91.1-canary.v20250902162217.min.js.br
- clerk-js/5.91.1-canary.v20250902162217/base-account-sdk_clerk.browser_ca84dc_5.91.1-canary.v20250902162217.min.js.gz
- clerk-js/5.91.1-canary.v20250902162217/base-account-sdk_clerk.browser_ca84dc_5.91.1-canary.v20250902162217.min.js.sri
- clerk-js/5.91.1-canary.v20250902162217/base-account-sdk_clerk.chips.browser_b533a3_5.91.1-canary.v20250902162217.js.br
- clerk-js/5.91.1-canary.v20250902162217/base-account-sdk_clerk.chips.browser_b533a3_5.91.1-canary.v20250902162217.js.gz
- clerk-js/5.91.1-canary.v20250902162217/base-account-sdk_clerk.chips.browser_b533a3_5.91.1-canary.v20250902162217.js.sri
- clerk-js/5.91.1-canary.v20250902162217/base-account-sdk_clerk.chips.browser_b533a3_5.91.1-canary.v20250902162217.min.js.br
- clerk-js/5.91.1-canary.v20250902162217/base-account-sdk_clerk.chips.browser_b533a3_5.91.1-canary.v20250902162217.min.js.gz
- clerk-js/5.91.1-canary.v20250902162217/base-account-sdk_clerk.chips.browser_b533a3_5.91.1-canary.v20250902162217.min.js.sri
- clerk-js/5.91.1-canary.v20250902162217/base-account-sdk_clerk.headless.browser_ec6a45_5.91.1-canary.v20250902162217.js.br
- clerk-js/5.91.1-canary.v20250902162217/base-account-sdk_clerk.headless.browser_ec6a45_5.91.1-canary.v20250902162217.js.gz
- clerk-js/5.91.1-canary.v20250902162217/base-account-sdk_clerk.headless.browser_ec6a45_5.91.1-canary.v20250902162217.js.sri
- clerk-js/5.91.1-canary.v20250902162217/base-account-sdk_clerk.headless.browser_ec6a45_5.91.1-canary.v20250902162217.min.js.br
- clerk-js/5.91.1-canary.v20250902162217/base-account-sdk_clerk.headless.browser_ec6a45_5.91.1-canary.v20250902162217.min.js.gz
- clerk-js/5.91.1-canary.v20250902162217/base-account-sdk_clerk.headless.browser_ec6a45_5.91.1-canary.v20250902162217.min.js.sri
- clerk-js/5.91.1-canary.v20250902162217/base-account-sdk_clerk.legacy.browser_5528b6_5.91.1-canary.v20250902162217.js.br
- clerk-js/5.91.1-canary.v20250902162217/base-account-sdk_clerk.legacy.browser_5528b6_5.91.1-canary.v20250902162217.js.gz
- clerk-js/5.91.1-canary.v20250902162217/base-account-sdk_clerk.legacy.browser_5528b6_5.91.1-canary.v20250902162217.js.sri
- clerk-js/5.91.1-canary.v20250902162217/base-account-sdk_clerk.legacy.browser_5528b6_5.91.1-canary.v20250902162217.min.js.br
- clerk-js/5.91.1-canary.v20250902162217/base-account-sdk_clerk.legacy.browser_5528b6_5.91.1-canary.v20250902162217.min.js.gz
- clerk-js/5.91.1-canary.v20250902162217/base-account-sdk_clerk.legacy.browser_5528b6_5.91.1-canary.v20250902162217.min.js.sri
- clerk-js/5.91.1-canary.v20250902162217/blankcaptcha_clerk.browser_ca84dc_5.91.1-canary.v20250902162217.js.br
- clerk-js/5.91.1-canary.v20250902162217/blankcaptcha_clerk.browser_ca84dc_5.91.1-canary.v20250902162217.js.gz
- clerk-js/5.91.1-canary.v20250902162217/blankcaptcha_clerk.browser_ca84dc_5.91.1-canary.v20250902162217.js.sri
- clerk-js/5.91.1-canary.v20250902162217/blankcaptcha_clerk.browser_ca84dc_5.91.1-canary.v20250902162217.min.js.br
- clerk-js/5.91.1-canary.v20250902162217/blankcaptcha_clerk.browser_ca84dc_5.91.1-canary.v20250902162217.min.js.gz
- clerk-js/5.91.1-canary.v20250902162217/blankcaptcha_clerk.browser_ca84dc_5.91.1-canary.v20250902162217.min.js.sri
- clerk-js/5.91.1-canary.v20250902162217/blankcaptcha_clerk.chips.browser_b533a3_5.91.1-canary.v20250902162217.js.br
- clerk-js/5.91.1-canary.v20250902162217/blankcaptcha_clerk.chips.browser_b533a3_5.91.1-canary.v20250902162217.js.gz
- clerk-js/5.91.1-canary.v20250902162217/blankcaptcha_clerk.chips.browser_b533a3_5.91.1-canary.v20250902162217.js.sri
- clerk-js/5.91.1-canary.v20250902162217/blankcaptcha_clerk.chips.browser_b533a3_5.91.1-canary.v20250902162217.min.js.br
- clerk-js/5.91.1-canary.v20250902162217/blankcaptcha_clerk.chips.browser_b533a3_5.91.1-canary.v20250902162217.min.js.gz
- clerk-js/5.91.1-canary.v20250902162217/blankcaptcha_clerk.chips.browser_b533a3_5.91.1-canary.v20250902162217.min.js.sri
- clerk-js/5.91.1-canary.v20250902162217/blankcaptcha_clerk.legacy.browser_5528b6_5.91.1-canary.v20250902162217.js.br
- clerk-js/5.91.1-canary.v20250902162217/blankcaptcha_clerk.legacy.browser_5528b6_5.91.1-canary.v20250902162217.js.gz
- clerk-js/5.91.1-canary.v20250902162217/blankcaptcha_clerk.legacy.browser_5528b6_5.91.1-canary.v20250902162217.js.sri
- clerk-js/5.91.1-canary.v20250902162217/blankcaptcha_clerk.legacy.browser_5528b6_5.91.1-canary.v20250902162217.min.js.br
- clerk-js/5.91.1-canary.v20250902162217/blankcaptcha_clerk.legacy.browser_5528b6_5.91.1-canary.v20250902162217.min.js.gz
- clerk-js/5.91.1-canary.v20250902162217/blankcaptcha_clerk.legacy.browser_5528b6_5.91.1-canary.v20250902162217.min.js.sri
- clerk-js/5.91.1-canary.v20250902162217/checkout_clerk.browser_ca84dc_5.91.1-canary.v20250902162217.js.br
- clerk-js/5.91.1-canary.v20250902162217/checkout_clerk.browser_ca84dc_5.91.1-canary.v20250902162217.js.gz
- clerk-js/5.91.1-canary.v20250902162217/checkout_clerk.browser_ca84dc_5.91.1-canary.v20250902162217.js.sri
- clerk-js/5.91.1-canary.v20250902162217/checkout_clerk.browser_ca84dc_5.91.1-canary.v20250902162217.min.js.br
- clerk-js/5.91.1-canary.v20250902162217/checkout_clerk.browser_ca84dc_5.91.1-canary.v20250902162217.min.js.gz
- clerk-js/5.91.1-canary.v20250902162217/checkout_clerk.browser_ca84dc_5.91.1-canary.v20250902162217.min.js.sri
- clerk-js/5.91.1-canary.v20250902162217/checkout_clerk.chips.browser_b533a3_5.91.1-canary.v20250902162217.js.br
- clerk-js/5.91.1-canary.v20250902162217/checkout_clerk.chips.browser_b533a3_5.91.1-canary.v20250902162217.js.gz
- clerk-js/5.91.1-canary.v20250902162217/checkout_clerk.chips.browser_b533a3_5.91.1-canary.v20250902162217.js.sri
- clerk-js/5.91.1-canary.v20250902162217/checkout_clerk.chips.browser_b533a3_5.91.1-canary.v20250902162217.min.js.br
- clerk-js/5.91.1-canary.v20250902162217/checkout_clerk.chips.browser_b533a3_5.91.1-canary.v20250902162217.min.js.gz
- clerk-js/5.91.1-canary.v20250902162217/checkout_clerk.chips.browser_b533a3_5.91.1-canary.v20250902162217.min.js.sri
- clerk-js/5.91.1-canary.v20250902162217/checkout_clerk.legacy.browser_5528b6_5.91.1-canary.v20250902162217.js.br
- clerk-js/5.91.1-canary.v20250902162217/checkout_clerk.legacy.browser_5528b6_5.91.1-canary.v20250902162217.js.gz
- clerk-js/5.91.1-canary.v20250902162217/checkout_clerk.legacy.browser_5528b6_5.91.1-canary.v20250902162217.js.sri
- clerk-js/5.91.1-canary.v20250902162217/checkout_clerk.legacy.browser_5528b6_5.91.1-canary.v20250902162217.min.js.br
- clerk-js/5.91.1-canary.v20250902162217/checkout_clerk.legacy.browser_5528b6_5.91.1-canary.v20250902162217.min.js.gz
- clerk-js/5.91.1-canary.v20250902162217/checkout_clerk.legacy.browser_5528b6_5.91.1-canary.v20250902162217.min.js.sri
- clerk-js/5.91.1-canary.v20250902162217/clerk.browser.js.br
- clerk-js/5.91.1-canary.v20250902162217/clerk.browser.js.gz
- clerk-js/5.91.1-canary.v20250902162217/clerk.browser.js.sri
- clerk-js/5.91.1-canary.v20250902162217/clerk.browser.min.js.br
- clerk-js/5.91.1-canary.v20250902162217/clerk.browser.min.js.gz
- clerk-js/5.91.1-canary.v20250902162217/clerk.browser.min.js.sri
- clerk-js/5.91.1-canary.v20250902162217/clerk.chips.browser.js.br
- clerk-js/5.91.1-canary.v20250902162217/clerk.chips.browser.js.gz
- clerk-js/5.91.1-canary.v20250902162217/clerk.chips.browser.js.sri
- clerk-js/5.91.1-canary.v20250902162217/clerk.chips.browser.min.js.br
- clerk-js/5.91.1-canary.v20250902162217/clerk.chips.browser.min.js.gz
- clerk-js/5.91.1-canary.v20250902162217/clerk.chips.browser.min.js.sri
- clerk-js/5.91.1-canary.v20250902162217/clerk.headless.browser.js.br
- clerk-js/5.91.1-canary.v20250902162217/clerk.headless.browser.js.gz
- clerk-js/5.91.1-canary.v20250902162217/clerk.headless.browser.js.sri
- clerk-js/5.91.1-canary.v20250902162217/clerk.headless.browser.min.js.br
- clerk-js/5.91.1-canary.v20250902162217/clerk.headless.browser.min.js.gz
- clerk-js/5.91.1-canary.v20250902162217/clerk.headless.browser.min.js.sri
- clerk-js/5.91.1-canary.v20250902162217/clerk.headless.js.br
- clerk-js/5.91.1-canary.v20250902162217/clerk.headless.js.gz
- clerk-js/5.91.1-canary.v20250902162217/clerk.headless.js.sri
- clerk-js/5.91.1-canary.v20250902162217/clerk.headless.min.js.br
- clerk-js/5.91.1-canary.v20250902162217/clerk.headless.min.js.gz
- clerk-js/5.91.1-canary.v20250902162217/clerk.headless.min.js.sri
- clerk-js/5.91.1-canary.v20250902162217/clerk.js.br
- clerk-js/5.91.1-canary.v20250902162217/clerk.js.gz
- clerk-js/5.91.1-canary.v20250902162217/clerk.js.sri
- clerk-js/5.91.1-canary.v20250902162217/clerk.legacy.browser.js.br
- clerk-js/5.91.1-canary.v20250902162217/clerk.legacy.browser.js.gz
- clerk-js/5.91.1-canary.v20250902162217/clerk.legacy.browser.js.sri
- clerk-js/5.91.1-canary.v20250902162217/clerk.legacy.browser.min.js.br
- clerk-js/5.91.1-canary.v20250902162217/clerk.legacy.browser.min.js.gz
- clerk-js/5.91.1-canary.v20250902162217/clerk.legacy.browser.min.js.sri
- clerk-js/5.91.1-canary.v20250902162217/clerk.min.js.br
- clerk-js/5.91.1-canary.v20250902162217/clerk.min.js.gz
- clerk-js/5.91.1-canary.v20250902162217/clerk.min.js.sri
- clerk-js/5.91.1-canary.v20250902162217/clerk.mjs.br
- clerk-js/5.91.1-canary.v20250902162217/clerk.mjs.gz
- clerk-js/5.91.1-canary.v20250902162217/clerk.no-rhc.js.br
- clerk-js/5.91.1-canary.v20250902162217/clerk.no-rhc.js.gz
- clerk-js/5.91.1-canary.v20250902162217/clerk.no-rhc.js.sri
- clerk-js/5.91.1-canary.v20250902162217/clerk.no-rhc.min.js.br
- clerk-js/5.91.1-canary.v20250902162217/clerk.no-rhc.min.js.gz
- clerk-js/5.91.1-canary.v20250902162217/clerk.no-rhc.min.js.sri
- clerk-js/5.91.1-canary.v20250902162217/clerk.no-rhc.mjs.br
- clerk-js/5.91.1-canary.v20250902162217/clerk.no-rhc.mjs.gz
- clerk-js/5.91.1-canary.v20250902162217/coinbase-wallet-sdk_clerk.browser_ca84dc_5.91.1-canary.v20250902162217.js.br
- clerk-js/5.91.1-canary.v20250902162217/coinbase-wallet-sdk_clerk.browser_ca84dc_5.91.1-canary.v20250902162217.js.gz
- clerk-js/5.91.1-canary.v20250902162217/coinbase-wallet-sdk_clerk.browser_ca84dc_5.91.1-canary.v20250902162217.js.sri
- clerk-js/5.91.1-canary.v20250902162217/coinbase-wallet-sdk_clerk.browser_ca84dc_5.91.1-canary.v20250902162217.min.js.br
- clerk-js/5.91.1-canary.v20250902162217/coinbase-wallet-sdk_clerk.browser_ca84dc_5.91.1-canary.v20250902162217.min.js.gz
- clerk-js/5.91.1-canary.v20250902162217/coinbase-wallet-sdk_clerk.browser_ca84dc_5.91.1-canary.v20250902162217.min.js.sri
- clerk-js/5.91.1-canary.v20250902162217/coinbase-wallet-sdk_clerk.chips.browser_b533a3_5.91.1-canary.v20250902162217.js.br
- clerk-js/5.91.1-canary.v20250902162217/coinbase-wallet-sdk_clerk.chips.browser_b533a3_5.91.1-canary.v20250902162217.js.gz
- clerk-js/5.91.1-canary.v20250902162217/coinbase-wallet-sdk_clerk.chips.browser_b533a3_5.91.1-canary.v20250902162217.js.sri
- clerk-js/5.91.1-canary.v20250902162217/coinbase-wallet-sdk_clerk.chips.browser_b533a3_5.91.1-canary.v20250902162217.min.js.br
- clerk-js/5.91.1-canary.v20250902162217/coinbase-wallet-sdk_clerk.chips.browser_b533a3_5.91.1-canary.v20250902162217.min.js.gz
- clerk-js/5.91.1-canary.v20250902162217/coinbase-wallet-sdk_clerk.chips.browser_b533a3_5.91.1-canary.v20250902162217.min.js.sri
- clerk-js/5.91.1-canary.v20250902162217/coinbase-wallet-sdk_clerk.headless.browser_ec6a45_5.91.1-canary.v20250902162217.js.br
- clerk-js/5.91.1-canary.v20250902162217/coinbase-wallet-sdk_clerk.headless.browser_ec6a45_5.91.1-canary.v20250902162217.js.gz
- clerk-js/5.91.1-canary.v20250902162217/coinbase-wallet-sdk_clerk.headless.browser_ec6a45_5.91.1-canary.v20250902162217.js.sri
- clerk-js/5.91.1-canary.v20250902162217/coinbase-wallet-sdk_clerk.headless.browser_ec6a45_5.91.1-canary.v20250902162217.min.js.br
- clerk-js/5.91.1-canary.v20250902162217/coinbase-wallet-sdk_clerk.headless.browser_ec6a45_5.91.1-canary.v20250902162217.min.js.gz
- clerk-js/5.91.1-canary.v20250902162217/coinbase-wallet-sdk_clerk.headless.browser_ec6a45_5.91.1-canary.v20250902162217.min.js.sri
- clerk-js/5.91.1-canary.v20250902162217/coinbase-wallet-sdk_clerk.legacy.browser_5528b6_5.91.1-canary.v20250902162217.js.br
- clerk-js/5.91.1-canary.v20250902162217/coinbase-wallet-sdk_clerk.legacy.browser_5528b6_5.91.1-canary.v20250902162217.js.gz
- clerk-js/5.91.1-canary.v20250902162217/coinbase-wallet-sdk_clerk.legacy.browser_5528b6_5.91.1-canary.v20250902162217.js.sri
- clerk-js/5.91.1-canary.v20250902162217/coinbase-wallet-sdk_clerk.legacy.browser_5528b6_5.91.1-canary.v20250902162217.min.js.br
- clerk-js/5.91.1-canary.v20250902162217/coinbase-wallet-sdk_clerk.legacy.browser_5528b6_5.91.1-canary.v20250902162217.min.js.gz
- clerk-js/5.91.1-canary.v20250902162217/coinbase-wallet-sdk_clerk.legacy.browser_5528b6_5.91.1-canary.v20250902162217.min.js.sri
- clerk-js/5.91.1-canary.v20250902162217/cookieSuffix_clerk.browser_ca84dc_5.91.1-canary.v20250902162217.js.br
- clerk-js/5.91.1-canary.v20250902162217/cookieSuffix_clerk.browser_ca84dc_5.91.1-canary.v20250902162217.js.gz
- clerk-js/5.91.1-canary.v20250902162217/cookieSuffix_clerk.browser_ca84dc_5.91.1-canary.v20250902162217.js.sri
- clerk-js/5.91.1-canary.v20250902162217/cookieSuffix_clerk.browser_ca84dc_5.91.1-canary.v20250902162217.min.js.br
- clerk-js/5.91.1-canary.v20250902162217/cookieSuffix_clerk.browser_ca84dc_5.91.1-canary.v20250902162217.min.js.gz
- clerk-js/5.91.1-canary.v20250902162217/cookieSuffix_clerk.browser_ca84dc_5.91.1-canary.v20250902162217.min.js.sri
- clerk-js/5.91.1-canary.v20250902162217/cookieSuffix_clerk.chips.browser_b533a3_5.91.1-canary.v20250902162217.js.br
- clerk-js/5.91.1-canary.v20250902162217/cookieSuffix_clerk.chips.browser_b533a3_5.91.1-canary.v20250902162217.js.gz
- clerk-js/5.91.1-canary.v20250902162217/cookieSuffix_clerk.chips.browser_b533a3_5.91.1-canary.v20250902162217.js.sri
- clerk-js/5.91.1-canary.v20250902162217/cookieSuffix_clerk.chips.browser_b533a3_5.91.1-canary.v20250902162217.min.js.br
- clerk-js/5.91.1-canary.v20250902162217/cookieSuffix_clerk.chips.browser_b533a3_5.91.1-canary.v20250902162217.min.js.gz
- clerk-js/5.91.1-canary.v20250902162217/cookieSuffix_clerk.chips.browser_b533a3_5.91.1-canary.v20250902162217.min.js.sri
- clerk-js/5.91.1-canary.v20250902162217/cookieSuffix_clerk.headless.browser_ec6a45_5.91.1-canary.v20250902162217.js.br
- clerk-js/5.91.1-canary.v20250902162217/cookieSuffix_clerk.headless.browser_ec6a45_5.91.1-canary.v20250902162217.js.gz
- clerk-js/5.91.1-canary.v20250902162217/cookieSuffix_clerk.headless.browser_ec6a45_5.91.1-canary.v20250902162217.js.sri
- clerk-js/5.91.1-canary.v20250902162217/cookieSuffix_clerk.headless.browser_ec6a45_5.91.1-canary.v20250902162217.min.js.br
- clerk-js/5.91.1-canary.v20250902162217/cookieSuffix_clerk.headless.browser_ec6a45_5.91.1-canary.v20250902162217.min.js.gz
- clerk-js/5.91.1-canary.v20250902162217/cookieSuffix_clerk.headless.browser_ec6a45_5.91.1-canary.v20250902162217.min.js.sri
- clerk-js/5.91.1-canary.v20250902162217/cookieSuffix_clerk.headless_aeaab1_5.91.1-canary.v20250902162217.js.br
- clerk-js/5.91.1-canary.v20250902162217/cookieSuffix_clerk.headless_aeaab1_5.91.1-canary.v20250902162217.js.gz
- clerk-js/5.91.1-canary.v20250902162217/cookieSuffix_clerk.headless_aeaab1_5.91.1-canary.v20250902162217.js.sri
- clerk-js/5.91.1-canary.v20250902162217/cookieSuffix_clerk.headless_aeaab1_5.91.1-canary.v20250902162217.min.js.br
- clerk-js/5.91.1-canary.v20250902162217/cookieSuffix_clerk.headless_aeaab1_5.91.1-canary.v20250902162217.min.js.gz
- clerk-js/5.91.1-canary.v20250902162217/cookieSuffix_clerk.headless_aeaab1_5.91.1-canary.v20250902162217.min.js.sri
- clerk-js/5.91.1-canary.v20250902162217/cookieSuffix_clerk.legacy.browser_5528b6_5.91.1-canary.v20250902162217.js.br
- clerk-js/5.91.1-canary.v20250902162217/cookieSuffix_clerk.legacy.browser_5528b6_5.91.1-canary.v20250902162217.js.gz
- clerk-js/5.91.1-canary.v20250902162217/cookieSuffix_clerk.legacy.browser_5528b6_5.91.1-canary.v20250902162217.js.sri
- clerk-js/5.91.1-canary.v20250902162217/cookieSuffix_clerk.legacy.browser_5528b6_5.91.1-canary.v20250902162217.min.js.br
- clerk-js/5.91.1-canary.v20250902162217/cookieSuffix_clerk.legacy.browser_5528b6_5.91.1-canary.v20250902162217.min.js.gz
- clerk-js/5.91.1-canary.v20250902162217/cookieSuffix_clerk.legacy.browser_5528b6_5.91.1-canary.v20250902162217.min.js.sri
- clerk-js/5.91.1-canary.v20250902162217/createorganization_clerk.browser_ca84dc_5.91.1-canary.v20250902162217.js.br
- clerk-js/5.91.1-canary.v20250902162217/createorganization_clerk.browser_ca84dc_5.91.1-canary.v20250902162217.js.gz
- clerk-js/5.91.1-canary.v20250902162217/createorganization_clerk.browser_ca84dc_5.91.1-canary.v20250902162217.js.sri
- clerk-js/5.91.1-canary.v20250902162217/createorganization_clerk.browser_ca84dc_5.91.1-canary.v20250902162217.min.js.br
- clerk-js/5.91.1-canary.v20250902162217/createorganization_clerk.browser_ca84dc_5.91.1-canary.v20250902162217.min.js.gz
- clerk-js/5.91.1-canary.v20250902162217/createorganization_clerk.browser_ca84dc_5.91.1-canary.v20250902162217.min.js.sri
- clerk-js/5.91.1-canary.v20250902162217/createorganization_clerk.chips.browser_b533a3_5.91.1-canary.v20250902162217.js.br
- clerk-js/5.91.1-canary.v20250902162217/createorganization_clerk.chips.browser_b533a3_5.91.1-canary.v20250902162217.js.gz
- clerk-js/5.91.1-canary.v20250902162217/createorganization_clerk.chips.browser_b533a3_5.91.1-canary.v20250902162217.js.sri
- clerk-js/5.91.1-canary.v20250902162217/createorganization_clerk.chips.browser_b533a3_5.91.1-canary.v20250902162217.min.js.br
- clerk-js/5.91.1-canary.v20250902162217/createorganization_clerk.chips.browser_b533a3_5.91.1-canary.v20250902162217.min.js.gz
- clerk-js/5.91.1-canary.v20250902162217/createorganization_clerk.chips.browser_b533a3_5.91.1-canary.v20250902162217.min.js.sri
- clerk-js/5.91.1-canary.v20250902162217/createorganization_clerk.legacy.browser_5528b6_5.91.1-canary.v20250902162217.js.br
- clerk-js/5.91.1-canary.v20250902162217/createorganization_clerk.legacy.browser_5528b6_5.91.1-canary.v20250902162217.js.gz
- clerk-js/5.91.1-canary.v20250902162217/createorganization_clerk.legacy.browser_5528b6_5.91.1-canary.v20250902162217.js.sri
- clerk-js/5.91.1-canary.v20250902162217/createorganization_clerk.legacy.browser_5528b6_5.91.1-canary.v20250902162217.min.js.br
- clerk-js/5.91.1-canary.v20250902162217/createorganization_clerk.legacy.browser_5528b6_5.91.1-canary.v20250902162217.min.js.gz
- clerk-js/5.91.1-canary.v20250902162217/createorganization_clerk.legacy.browser_5528b6_5.91.1-canary.v20250902162217.min.js.sri
- clerk-js/5.91.1-canary.v20250902162217/framework_clerk.browser_ca84dc_5.91.1-canary.v20250902162217.js.br
- clerk-js/5.91.1-canary.v20250902162217/framework_clerk.browser_ca84dc_5.91.1-canary.v20250902162217.js.gz
- clerk-js/5.91.1-canary.v20250902162217/framework_clerk.browser_ca84dc_5.91.1-canary.v20250902162217.js.sri
- clerk-js/5.91.1-canary.v20250902162217/framework_clerk.browser_ca84dc_5.91.1-canary.v20250902162217.min.js.br
- clerk-js/5.91.1-canary.v20250902162217/framework_clerk.browser_ca84dc_5.91.1-canary.v20250902162217.min.js.gz
- clerk-js/5.91.1-canary.v20250902162217/framework_clerk.browser_ca84dc_5.91.1-canary.v20250902162217.min.js.sri
- clerk-js/5.91.1-canary.v20250902162217/framework_clerk.chips.browser_b533a3_5.91.1-canary.v20250902162217.js.br
- clerk-js/5.91.1-canary.v20250902162217/framework_clerk.chips.browser_b533a3_5.91.1-canary.v20250902162217.js.gz
- clerk-js/5.91.1-canary.v20250902162217/framework_clerk.chips.browser_b533a3_5.91.1-canary.v20250902162217.js.sri
- clerk-js/5.91.1-canary.v20250902162217/framework_clerk.chips.browser_b533a3_5.91.1-canary.v20250902162217.min.js.br
- clerk-js/5.91.1-canary.v20250902162217/framework_clerk.chips.browser_b533a3_5.91.1-canary.v20250902162217.min.js.gz
- clerk-js/5.91.1-canary.v20250902162217/framework_clerk.chips.browser_b533a3_5.91.1-canary.v20250902162217.min.js.sri
- clerk-js/5.91.1-canary.v20250902162217/framework_clerk.legacy.browser_5528b6_5.91.1-canary.v20250902162217.js.br
- clerk-js/5.91.1-canary.v20250902162217/framework_clerk.legacy.browser_5528b6_5.91.1-canary.v20250902162217.js.gz
- clerk-js/5.91.1-canary.v20250902162217/framework_clerk.legacy.browser_5528b6_5.91.1-canary.v20250902162217.js.sri
- clerk-js/5.91.1-canary.v20250902162217/framework_clerk.legacy.browser_5528b6_5.91.1-canary.v20250902162217.min.js.br
- clerk-js/5.91.1-canary.v20250902162217/framework_clerk.legacy.browser_5528b6_5.91.1-canary.v20250902162217.min.js.gz
- clerk-js/5.91.1-canary.v20250902162217/framework_clerk.legacy.browser_5528b6_5.91.1-canary.v20250902162217.min.js.sri
- clerk-js/5.91.1-canary.v20250902162217/impersonationfab_clerk.browser_ca84dc_5.91.1-canary.v20250902162217.js.br
- clerk-js/5.91.1-canary.v20250902162217/impersonationfab_clerk.browser_ca84dc_5.91.1-canary.v20250902162217.js.gz
- clerk-js/5.91.1-canary.v20250902162217/impersonationfab_clerk.browser_ca84dc_5.91.1-canary.v20250902162217.js.sri
- clerk-js/5.91.1-canary.v20250902162217/impersonationfab_clerk.browser_ca84dc_5.91.1-canary.v20250902162217.min.js.br
- clerk-js/5.91.1-canary.v20250902162217/impersonationfab_clerk.browser_ca84dc_5.91.1-canary.v20250902162217.min.js.gz
- clerk-js/5.91.1-canary.v20250902162217/impersonationfab_clerk.browser_ca84dc_5.91.1-canary.v20250902162217.min.js.sri
- clerk-js/5.91.1-canary.v20250902162217/impersonationfab_clerk.chips.browser_b533a3_5.91.1-canary.v20250902162217.js.br
- clerk-js/5.91.1-canary.v20250902162217/impersonationfab_clerk.chips.browser_b533a3_5.91.1-canary.v20250902162217.js.gz
- clerk-js/5.91.1-canary.v20250902162217/impersonationfab_clerk.chips.browser_b533a3_5.91.1-canary.v20250902162217.js.sri
- clerk-js/5.91.1-canary.v20250902162217/impersonationfab_clerk.chips.browser_b533a3_5.91.1-canary.v20250902162217.min.js.br
- clerk-js/5.91.1-canary.v20250902162217/impersonationfab_clerk.chips.browser_b533a3_5.91.1-canary.v20250902162217.min.js.gz
- clerk-js/5.91.1-canary.v20250902162217/impersonationfab_clerk.chips.browser_b533a3_5.91.1-canary.v20250902162217.min.js.sri
- clerk-js/5.91.1-canary.v20250902162217/impersonationfab_clerk.legacy.browser_5528b6_5.91.1-canary.v20250902162217.js.br
- clerk-js/5.91.1-canary.v20250902162217/impersonationfab_clerk.legacy.browser_5528b6_5.91.1-canary.v20250902162217.js.gz
- clerk-js/5.91.1-canary.v20250902162217/impersonationfab_clerk.legacy.browser_5528b6_5.91.1-canary.v20250902162217.js.sri
- clerk-js/5.91.1-canary.v20250902162217/impersonationfab_clerk.legacy.browser_5528b6_5.91.1-canary.v20250902162217.min.js.br
- clerk-js/5.91.1-canary.v20250902162217/impersonationfab_clerk.legacy.browser_5528b6_5.91.1-canary.v20250902162217.min.js.gz
- clerk-js/5.91.1-canary.v20250902162217/impersonationfab_clerk.legacy.browser_5528b6_5.91.1-canary.v20250902162217.min.js.sri
- clerk-js/5.91.1-canary.v20250902162217/keylessPrompt_clerk.browser_ca84dc_5.91.1-canary.v20250902162217.js.br
- clerk-js/5.91.1-canary.v20250902162217/keylessPrompt_clerk.browser_ca84dc_5.91.1-canary.v20250902162217.js.gz
- clerk-js/5.91.1-canary.v20250902162217/keylessPrompt_clerk.browser_ca84dc_5.91.1-canary.v20250902162217.js.sri
- clerk-js/5.91.1-canary.v20250902162217/keylessPrompt_clerk.browser_ca84dc_5.91.1-canary.v20250902162217.min.js.br
- clerk-js/5.91.1-canary.v20250902162217/keylessPrompt_clerk.browser_ca84dc_5.91.1-canary.v20250902162217.min.js.gz
- clerk-js/5.91.1-canary.v20250902162217/keylessPrompt_clerk.browser_ca84dc_5.91.1-canary.v20250902162217.min.js.sri
- clerk-js/5.91.1-canary.v20250902162217/keylessPrompt_clerk.chips.browser_b533a3_5.91.1-canary.v20250902162217.js.br
- clerk-js/5.91.1-canary.v20250902162217/keylessPrompt_clerk.chips.browser_b533a3_5.91.1-canary.v20250902162217.js.gz
- clerk-js/5.91.1-canary.v20250902162217/keylessPrompt_clerk.chips.browser_b533a3_5.91.1-canary.v20250902162217.js.sri
- clerk-js/5.91.1-canary.v20250902162217/keylessPrompt_clerk.chips.browser_b533a3_5.91.1-canary.v20250902162217.min.js.br
- clerk-js/5.91.1-canary.v20250902162217/keylessPrompt_clerk.chips.browser_b533a3_5.91.1-canary.v20250902162217.min.js.gz
- clerk-js/5.91.1-canary.v20250902162217/keylessPrompt_clerk.chips.browser_b533a3_5.91.1-canary.v20250902162217.min.js.sri
- clerk-js/5.91.1-canary.v20250902162217/keylessPrompt_clerk.legacy.browser_5528b6_5.91.1-canary.v20250902162217.js.br
- clerk-js/5.91.1-canary.v20250902162217/keylessPrompt_clerk.legacy.browser_5528b6_5.91.1-canary.v20250902162217.js.gz
- clerk-js/5.91.1-canary.v20250902162217/keylessPrompt_clerk.legacy.browser_5528b6_5.91.1-canary.v20250902162217.js.sri
- clerk-js/5.91.1-canary.v20250902162217/keylessPrompt_clerk.legacy.browser_5528b6_5.91.1-canary.v20250902162217.min.js.br
- clerk-js/5.91.1-canary.v20250902162217/keylessPrompt_clerk.legacy.browser_5528b6_5.91.1-canary.v20250902162217.min.js.gz
- clerk-js/5.91.1-canary.v20250902162217/keylessPrompt_clerk.legacy.browser_5528b6_5.91.1-canary.v20250902162217.min.js.sri
- clerk-js/5.91.1-canary.v20250902162217/oauthConsent_clerk.browser_ca84dc_5.91.1-canary.v20250902162217.js.br
- clerk-js/5.91.1-canary.v20250902162217/oauthConsent_clerk.browser_ca84dc_5.91.1-canary.v20250902162217.js.gz
- clerk-js/5.91.1-canary.v20250902162217/oauthConsent_clerk.browser_ca84dc_5.91.1-canary.v20250902162217.js.sri
- clerk-js/5.91.1-canary.v20250902162217/oauthConsent_clerk.browser_ca84dc_5.91.1-canary.v20250902162217.min.js.br
- clerk-js/5.91.1-canary.v20250902162217/oauthConsent_clerk.browser_ca84dc_5.91.1-canary.v20250902162217.min.js.gz
- clerk-js/5.91.1-canary.v20250902162217/oauthConsent_clerk.browser_ca84dc_5.91.1-canary.v20250902162217.min.js.sri
- clerk-js/5.91.1-canary.v20250902162217/oauthConsent_clerk.chips.browser_b533a3_5.91.1-canary.v20250902162217.js.br
- clerk-js/5.91.1-canary.v20250902162217/oauthConsent_clerk.chips.browser_b533a3_5.91.1-canary.v20250902162217.js.gz
- clerk-js/5.91.1-canary.v20250902162217/oauthConsent_clerk.chips.browser_b533a3_5.91.1-canary.v20250902162217.js.sri
- clerk-js/5.91.1-canary.v20250902162217/oauthConsent_clerk.chips.browser_b533a3_5.91.1-canary.v20250902162217.min.js.br
- clerk-js/5.91.1-canary.v20250902162217/oauthConsent_clerk.chips.browser_b533a3_5.91.1-canary.v20250902162217.min.js.gz
- clerk-js/5.91.1-canary.v20250902162217/oauthConsent_clerk.chips.browser_b533a3_5.91.1-canary.v20250902162217.min.js.sri
- clerk-js/5.91.1-canary.v20250902162217/oauthConsent_clerk.legacy.browser_5528b6_5.91.1-canary.v20250902162217.js.br
- clerk-js/5.91.1-canary.v20250902162217/oauthConsent_clerk.legacy.browser_5528b6_5.91.1-canary.v20250902162217.js.gz
- clerk-js/5.91.1-canary.v20250902162217/oauthConsent_clerk.legacy.browser_5528b6_5.91.1-canary.v20250902162217.js.sri
- clerk-js/5.91.1-canary.v20250902162217/oauthConsent_clerk.legacy.browser_5528b6_5.91.1-canary.v20250902162217.min.js.br
- clerk-js/5.91.1-canary.v20250902162217/oauthConsent_clerk.legacy.browser_5528b6_5.91.1-canary.v20250902162217.min.js.gz
- clerk-js/5.91.1-canary.v20250902162217/oauthConsent_clerk.legacy.browser_5528b6_5.91.1-canary.v20250902162217.min.js.sri
- clerk-js/5.91.1-canary.v20250902162217/onetap_clerk.browser_ca84dc_5.91.1-canary.v20250902162217.js.br
- clerk-js/5.91.1-canary.v20250902162217/onetap_clerk.browser_ca84dc_5.91.1-canary.v20250902162217.js.gz
- clerk-js/5.91.1-canary.v20250902162217/onetap_clerk.browser_ca84dc_5.91.1-canary.v20250902162217.js.sri
- clerk-js/5.91.1-canary.v20250902162217/onetap_clerk.browser_ca84dc_5.91.1-canary.v20250902162217.min.js.br
- clerk-js/5.91.1-canary.v20250902162217/onetap_clerk.browser_ca84dc_5.91.1-canary.v20250902162217.min.js.gz
- clerk-js/5.91.1-canary.v20250902162217/onetap_clerk.browser_ca84dc_5.91.1-canary.v20250902162217.min.js.sri
- clerk-js/5.91.1-canary.v20250902162217/onetap_clerk.chips.browser_b533a3_5.91.1-canary.v20250902162217.js.br
- clerk-js/5.91.1-canary.v20250902162217/onetap_clerk.chips.browser_b533a3_5.91.1-canary.v20250902162217.js.gz
- clerk-js/5.91.1-canary.v20250902162217/onetap_clerk.chips.browser_b533a3_5.91.1-canary.v20250902162217.js.sri
- clerk-js/5.91.1-canary.v20250902162217/onetap_clerk.chips.browser_b533a3_5.91.1-canary.v20250902162217.min.js.br
- clerk-js/5.91.1-canary.v20250902162217/onetap_clerk.chips.browser_b533a3_5.91.1-canary.v20250902162217.min.js.gz
- clerk-js/5.91.1-canary.v20250902162217/onetap_clerk.chips.browser_b533a3_5.91.1-canary.v20250902162217.min.js.sri
- clerk-js/5.91.1-canary.v20250902162217/onetap_clerk.legacy.browser_5528b6_5.91.1-canary.v20250902162217.js.br
- clerk-js/5.91.1-canary.v20250902162217/onetap_clerk.legacy.browser_5528b6_5.91.1-canary.v20250902162217.js.gz
- clerk-js/5.91.1-canary.v20250902162217/onetap_clerk.legacy.browser_5528b6_5.91.1-canary.v20250902162217.js.sri
- clerk-js/5.91.1-canary.v20250902162217/onetap_clerk.legacy.browser_5528b6_5.91.1-canary.v20250902162217.min.js.br
- clerk-js/5.91.1-canary.v20250902162217/onetap_clerk.legacy.browser_5528b6_5.91.1-canary.v20250902162217.min.js.gz
- clerk-js/5.91.1-canary.v20250902162217/onetap_clerk.legacy.browser_5528b6_5.91.1-canary.v20250902162217.min.js.sri
- clerk-js/5.91.1-canary.v20250902162217/op-api-keys-page_clerk.browser_ca84dc_5.91.1-canary.v20250902162217.js.br
- clerk-js/5.91.1-canary.v20250902162217/op-api-keys-page_clerk.browser_ca84dc_5.91.1-canary.v20250902162217.js.gz
- clerk-js/5.91.1-canary.v20250902162217/op-api-keys-page_clerk.browser_ca84dc_5.91.1-canary.v20250902162217.js.sri
- clerk-js/5.91.1-canary.v20250902162217/op-api-keys-page_clerk.browser_ca84dc_5.91.1-canary.v20250902162217.min.js.br
- clerk-js/5.91.1-canary.v20250902162217/op-api-keys-page_clerk.browser_ca84dc_5.91.1-canary.v20250902162217.min.js.gz
- clerk-js/5.91.1-canary.v20250902162217/op-api-keys-page_clerk.browser_ca84dc_5.91.1-canary.v20250902162217.min.js.sri
- clerk-js/5.91.1-canary.v20250902162217/op-api-keys-page_clerk.chips.browser_b533a3_5.91.1-canary.v20250902162217.js.br
- clerk-js/5.91.1-canary.v20250902162217/op-api-keys-page_clerk.chips.browser_b533a3_5.91.1-canary.v20250902162217.js.gz
- clerk-js/5.91.1-canary.v20250902162217/op-api-keys-page_clerk.chips.browser_b533a3_5.91.1-canary.v20250902162217.js.sri
- clerk-js/5.91.1-canary.v20250902162217/op-api-keys-page_clerk.chips.browser_b533a3_5.91.1-canary.v20250902162217.min.js.br
- clerk-js/5.91.1-canary.v20250902162217/op-api-keys-page_clerk.chips.browser_b533a3_5.91.1-canary.v20250902162217.min.js.gz
- clerk-js/5.91.1-canary.v20250902162217/op-api-keys-page_clerk.chips.browser_b533a3_5.91.1-canary.v20250902162217.min.js.sri
- clerk-js/5.91.1-canary.v20250902162217/op-api-keys-page_clerk.legacy.browser_5528b6_5.91.1-canary.v20250902162217.js.br
- clerk-js/5.91.1-canary.v20250902162217/op-api-keys-page_clerk.legacy.browser_5528b6_5.91.1-canary.v20250902162217.js.gz
- clerk-js/5.91.1-canary.v20250902162217/op-api-keys-page_clerk.legacy.browser_5528b6_5.91.1-canary.v20250902162217.js.sri
- clerk-js/5.91.1-canary.v20250902162217/op-api-keys-page_clerk.legacy.browser_5528b6_5.91.1-canary.v20250902162217.min.js.br
- clerk-js/5.91.1-canary.v20250902162217/op-api-keys-page_clerk.legacy.browser_5528b6_5.91.1-canary.v20250902162217.min.js.gz
- clerk-js/5.91.1-canary.v20250902162217/op-api-keys-page_clerk.legacy.browser_5528b6_5.91.1-canary.v20250902162217.min.js.sri
- clerk-js/5.91.1-canary.v20250902162217/op-billing-page_clerk.browser_ca84dc_5.91.1-canary.v20250902162217.js.br
- clerk-js/5.91.1-canary.v20250902162217/op-billing-page_clerk.browser_ca84dc_5.91.1-canary.v20250902162217.js.gz
- clerk-js/5.91.1-canary.v20250902162217/op-billing-page_clerk.browser_ca84dc_5.91.1-canary.v20250902162217.js.sri
- clerk-js/5.91.1-canary.v20250902162217/op-billing-page_clerk.browser_ca84dc_5.91.1-canary.v20250902162217.min.js.br
- clerk-js/5.91.1-canary.v20250902162217/op-billing-page_clerk.browser_ca84dc_5.91.1-canary.v20250902162217.min.js.gz
- clerk-js/5.91.1-canary.v20250902162217/op-billing-page_clerk.browser_ca84dc_5.91.1-canary.v20250902162217.min.js.sri
- clerk-js/5.91.1-canary.v20250902162217/op-billing-page_clerk.chips.browser_b533a3_5.91.1-canary.v20250902162217.js.br
- clerk-js/5.91.1-canary.v20250902162217/op-billing-page_clerk.chips.browser_b533a3_5.91.1-canary.v20250902162217.js.gz
- clerk-js/5.91.1-canary.v20250902162217/op-billing-page_clerk.chips.browser_b533a3_5.91.1-canary.v20250902162217.js.sri
- clerk-js/5.91.1-canary.v20250902162217/op-billing-page_clerk.chips.browser_b533a3_5.91.1-canary.v20250902162217.min.js.br
- clerk-js/5.91.1-canary.v20250902162217/op-billing-page_clerk.chips.browser_b533a3_5.91.1-canary.v20250902162217.min.js.gz
- clerk-js/5.91.1-canary.v20250902162217/op-billing-page_clerk.chips.browser_b533a3_5.91.1-canary.v20250902162217.min.js.sri
- clerk-js/5.91.1-canary.v20250902162217/op-billing-page_clerk.legacy.browser_5528b6_5.91.1-canary.v20250902162217.js.br
- clerk-js/5.91.1-canary.v20250902162217/op-billing-page_clerk.legacy.browser_5528b6_5.91.1-canary.v20250902162217.js.gz
- clerk-js/5.91.1-canary.v20250902162217/op-billing-page_clerk.legacy.browser_5528b6_5.91.1-canary.v20250902162217.js.sri
- clerk-js/5.91.1-canary.v20250902162217/op-billing-page_clerk.legacy.browser_5528b6_5.91.1-canary.v20250902162217.min.js.br
- clerk-js/5.91.1-canary.v20250902162217/op-billing-page_clerk.legacy.browser_5528b6_5.91.1-canary.v20250902162217.min.js.gz
- clerk-js/5.91.1-canary.v20250902162217/op-billing-page_clerk.legacy.browser_5528b6_5.91.1-canary.v20250902162217.min.js.sri
- clerk-js/5.91.1-canary.v20250902162217/op-plans-page_clerk.browser_ca84dc_5.91.1-canary.v20250902162217.js.br
- clerk-js/5.91.1-canary.v20250902162217/op-plans-page_clerk.browser_ca84dc_5.91.1-canary.v20250902162217.js.gz
- clerk-js/5.91.1-canary.v20250902162217/op-plans-page_clerk.browser_ca84dc_5.91.1-canary.v20250902162217.js.sri
- clerk-js/5.91.1-canary.v20250902162217/op-plans-page_clerk.browser_ca84dc_5.91.1-canary.v20250902162217.min.js.br
- clerk-js/5.91.1-canary.v20250902162217/op-plans-page_clerk.browser_ca84dc_5.91.1-canary.v20250902162217.min.js.gz
- clerk-js/5.91.1-canary.v20250902162217/op-plans-page_clerk.browser_ca84dc_5.91.1-canary.v20250902162217.min.js.sri
- clerk-js/5.91.1-canary.v20250902162217/op-plans-page_clerk.chips.browser_b533a3_5.91.1-canary.v20250902162217.js.br
- clerk-js/5.91.1-canary.v20250902162217/op-plans-page_clerk.chips.browser_b533a3_5.91.1-canary.v20250902162217.js.gz
- clerk-js/5.91.1-canary.v20250902162217/op-plans-page_clerk.chips.browser_b533a3_5.91.1-canary.v20250902162217.js.sri
- clerk-js/5.91.1-canary.v20250902162217/op-plans-page_clerk.chips.browser_b533a3_5.91.1-canary.v20250902162217.min.js.br
- clerk-js/5.91.1-canary.v20250902162217/op-plans-page_clerk.chips.browser_b533a3_5.91.1-canary.v20250902162217.min.js.gz
- clerk-js/5.91.1-canary.v20250902162217/op-plans-page_clerk.chips.browser_b533a3_5.91.1-canary.v20250902162217.min.js.sri
- clerk-js/5.91.1-canary.v20250902162217/op-plans-page_clerk.legacy.browser_5528b6_5.91.1-canary.v20250902162217.js.br
- clerk-js/5.91.1-canary.v20250902162217/op-plans-page_clerk.legacy.browser_5528b6_5.91.1-canary.v20250902162217.js.gz
- clerk-js/5.91.1-canary.v20250902162217/op-plans-page_clerk.legacy.browser_5528b6_5.91.1-canary.v20250902162217.js.sri
- clerk-js/5.91.1-canary.v20250902162217/op-plans-page_clerk.legacy.browser_5528b6_5.91.1-canary.v20250902162217.min.js.br
- clerk-js/5.91.1-canary.v20250902162217/op-plans-page_clerk.legacy.browser_5528b6_5.91.1-canary.v20250902162217.min.js.gz
- clerk-js/5.91.1-canary.v20250902162217/op-plans-page_clerk.legacy.browser_5528b6_5.91.1-canary.v20250902162217.min.js.sri
- clerk-js/5.91.1-canary.v20250902162217/organizationlist_clerk.browser_ca84dc_5.91.1-canary.v20250902162217.js.br
- clerk-js/5.91.1-canary.v20250902162217/organizationlist_clerk.browser_ca84dc_5.91.1-canary.v20250902162217.js.gz
- clerk-js/5.91.1-canary.v20250902162217/organizationlist_clerk.browser_ca84dc_5.91.1-canary.v20250902162217.js.sri
- clerk-js/5.91.1-canary.v20250902162217/organizationlist_clerk.browser_ca84dc_5.91.1-canary.v20250902162217.min.js.br
- clerk-js/5.91.1-canary.v20250902162217/organizationlist_clerk.browser_ca84dc_5.91.1-canary.v20250902162217.min.js.gz
- clerk-js/5.91.1-canary.v20250902162217/organizationlist_clerk.browser_ca84dc_5.91.1-canary.v20250902162217.min.js.sri
- clerk-js/5.91.1-canary.v20250902162217/organizationlist_clerk.chips.browser_b533a3_5.91.1-canary.v20250902162217.js.br
- clerk-js/5.91.1-canary.v20250902162217/organizationlist_clerk.chips.browser_b533a3_5.91.1-canary.v20250902162217.js.gz
- clerk-js/5.91.1-canary.v20250902162217/organizationlist_clerk.chips.browser_b533a3_5.91.1-canary.v20250902162217.js.sri
- clerk-js/5.91.1-canary.v20250902162217/organizationlist_clerk.chips.browser_b533a3_5.91.1-canary.v20250902162217.min.js.br
- clerk-js/5.91.1-canary.v20250902162217/organizationlist_clerk.chips.browser_b533a3_5.91.1-canary.v20250902162217.min.js.gz
- clerk-js/5.91.1-canary.v20250902162217/organizationlist_clerk.chips.browser_b533a3_5.91.1-canary.v20250902162217.min.js.sri
- clerk-js/5.91.1-canary.v20250902162217/organizationlist_clerk.legacy.browser_5528b6_5.91.1-canary.v20250902162217.js.br
- clerk-js/5.91.1-canary.v20250902162217/organizationlist_clerk.legacy.browser_5528b6_5.91.1-canary.v20250902162217.js.gz
- clerk-js/5.91.1-canary.v20250902162217/organizationlist_clerk.legacy.browser_5528b6_5.91.1-canary.v20250902162217.js.sri
- clerk-js/5.91.1-canary.v20250902162217/organizationlist_clerk.legacy.browser_5528b6_5.91.1-canary.v20250902162217.min.js.br
- clerk-js/5.91.1-canary.v20250902162217/organizationlist_clerk.legacy.browser_5528b6_5.91.1-canary.v20250902162217.min.js.gz
- clerk-js/5.91.1-canary.v20250902162217/organizationlist_clerk.legacy.browser_5528b6_5.91.1-canary.v20250902162217.min.js.sri
- clerk-js/5.91.1-canary.v20250902162217/organizationprofile_clerk.browser_ca84dc_5.91.1-canary.v20250902162217.js.br
- clerk-js/5.91.1-canary.v20250902162217/organizationprofile_clerk.browser_ca84dc_5.91.1-canary.v20250902162217.js.gz
- clerk-js/5.91.1-canary.v20250902162217/organizationprofile_clerk.browser_ca84dc_5.91.1-canary.v20250902162217.js.sri
- clerk-js/5.91.1-canary.v20250902162217/organizationprofile_clerk.browser_ca84dc_5.91.1-canary.v20250902162217.min.js.br
- clerk-js/5.91.1-canary.v20250902162217/organizationprofile_clerk.browser_ca84dc_5.91.1-canary.v20250902162217.min.js.gz
- clerk-js/5.91.1-canary.v20250902162217/organizationprofile_clerk.browser_ca84dc_5.91.1-canary.v20250902162217.min.js.sri
- clerk-js/5.91.1-canary.v20250902162217/organizationprofile_clerk.chips.browser_b533a3_5.91.1-canary.v20250902162217.js.br
- clerk-js/5.91.1-canary.v20250902162217/organizationprofile_clerk.chips.browser_b533a3_5.91.1-canary.v20250902162217.js.gz
- clerk-js/5.91.1-canary.v20250902162217/organizationprofile_clerk.chips.browser_b533a3_5.91.1-canary.v20250902162217.js.sri
- clerk-js/5.91.1-canary.v20250902162217/organizationprofile_clerk.chips.browser_b533a3_5.91.1-canary.v20250902162217.min.js.br
- clerk-js/5.91.1-canary.v20250902162217/organizationprofile_clerk.chips.browser_b533a3_5.91.1-canary.v20250902162217.min.js.gz
- clerk-js/5.91.1-canary.v20250902162217/organizationprofile_clerk.chips.browser_b533a3_5.91.1-canary.v20250902162217.min.js.sri
- clerk-js/5.91.1-canary.v20250902162217/organizationprofile_clerk.legacy.browser_5528b6_5.91.1-canary.v20250902162217.js.br
- clerk-js/5.91.1-canary.v20250902162217/organizationprofile_clerk.legacy.browser_5528b6_5.91.1-canary.v20250902162217.js.gz
- clerk-js/5.91.1-canary.v20250902162217/organizationprofile_clerk.legacy.browser_5528b6_5.91.1-canary.v20250902162217.js.sri
- clerk-js/5.91.1-canary.v20250902162217/organizationprofile_clerk.legacy.browser_5528b6_5.91.1-canary.v20250902162217.min.js.br
- clerk-js/5.91.1-canary.v20250902162217/organizationprofile_clerk.legacy.browser_5528b6_5.91.1-canary.v20250902162217.min.js.gz
- clerk-js/5.91.1-canary.v20250902162217/organizationprofile_clerk.legacy.browser_5528b6_5.91.1-canary.v20250902162217.min.js.sri
- clerk-js/5.91.1-canary.v20250902162217/organizationswitcher_clerk.browser_ca84dc_5.91.1-canary.v20250902162217.js.br
- clerk-js/5.91.1-canary.v20250902162217/organizationswitcher_clerk.browser_ca84dc_5.91.1-canary.v20250902162217.js.gz
- clerk-js/5.91.1-canary.v20250902162217/organizationswitcher_clerk.browser_ca84dc_5.91.1-canary.v20250902162217.js.sri
- clerk-js/5.91.1-canary.v20250902162217/organizationswitcher_clerk.browser_ca84dc_5.91.1-canary.v20250902162217.min.js.br
- clerk-js/5.91.1-canary.v20250902162217/organizationswitcher_clerk.browser_ca84dc_5.91.1-canary.v20250902162217.min.js.gz
- clerk-js/5.91.1-canary.v20250902162217/organizationswitcher_clerk.browser_ca84dc_5.91.1-canary.v20250902162217.min.js.sri
- clerk-js/5.91.1-canary.v20250902162217/organizationswitcher_clerk.chips.browser_b533a3_5.91.1-canary.v20250902162217.js.br
- clerk-js/5.91.1-canary.v20250902162217/organizationswitcher_clerk.chips.browser_b533a3_5.91.1-canary.v20250902162217.js.gz
- clerk-js/5.91.1-canary.v20250902162217/organizationswitcher_clerk.chips.browser_b533a3_5.91.1-canary.v20250902162217.js.sri
- clerk-js/5.91.1-canary.v20250902162217/organizationswitcher_clerk.chips.browser_b533a3_5.91.1-canary.v20250902162217.min.js.br
- clerk-js/5.91.1-canary.v20250902162217/organizationswitcher_clerk.chips.browser_b533a3_5.91.1-canary.v20250902162217.min.js.gz
- clerk-js/5.91.1-canary.v20250902162217/organizationswitcher_clerk.chips.browser_b533a3_5.91.1-canary.v20250902162217.min.js.sri
- clerk-js/5.91.1-canary.v20250902162217/organizationswitcher_clerk.legacy.browser_5528b6_5.91.1-canary.v20250902162217.js.br
- clerk-js/5.91.1-canary.v20250902162217/organizationswitcher_clerk.legacy.browser_5528b6_5.91.1-canary.v20250902162217.js.gz
- clerk-js/5.91.1-canary.v20250902162217/organizationswitcher_clerk.legacy.browser_5528b6_5.91.1-canary.v20250902162217.js.sri
- clerk-js/5.91.1-canary.v20250902162217/organizationswitcher_clerk.legacy.browser_5528b6_5.91.1-canary.v20250902162217.min.js.br
- clerk-js/5.91.1-canary.v20250902162217/organizationswitcher_clerk.legacy.browser_5528b6_5.91.1-canary.v20250902162217.min.js.gz
- clerk-js/5.91.1-canary.v20250902162217/organizationswitcher_clerk.legacy.browser_5528b6_5.91.1-canary.v20250902162217.min.js.sri
- clerk-js/5.91.1-canary.v20250902162217/payment-attempt-page_clerk.browser_ca84dc_5.91.1-canary.v20250902162217.js.br
- clerk-js/5.91.1-canary.v20250902162217/payment-attempt-page_clerk.browser_ca84dc_5.91.1-canary.v20250902162217.js.gz
- clerk-js/5.91.1-canary.v20250902162217/payment-attempt-page_clerk.browser_ca84dc_5.91.1-canary.v20250902162217.js.sri
- clerk-js/5.91.1-canary.v20250902162217/payment-attempt-page_clerk.browser_ca84dc_5.91.1-canary.v20250902162217.min.js.br
- clerk-js/5.91.1-canary.v20250902162217/payment-attempt-page_clerk.browser_ca84dc_5.91.1-canary.v20250902162217.min.js.gz
- clerk-js/5.91.1-canary.v20250902162217/payment-attempt-page_clerk.browser_ca84dc_5.91.1-canary.v20250902162217.min.js.sri
- clerk-js/5.91.1-canary.v20250902162217/payment-attempt-page_clerk.chips.browser_b533a3_5.91.1-canary.v20250902162217.js.br
- clerk-js/5.91.1-canary.v20250902162217/payment-attempt-page_clerk.chips.browser_b533a3_5.91.1-canary.v20250902162217.js.gz
- clerk-js/5.91.1-canary.v20250902162217/payment-attempt-page_clerk.chips.browser_b533a3_5.91.1-canary.v20250902162217.js.sri
- clerk-js/5.91.1-canary.v20250902162217/payment-attempt-page_clerk.chips.browser_b533a3_5.91.1-canary.v20250902162217.min.js.br
- clerk-js/5.91.1-canary.v20250902162217/payment-attempt-page_clerk.chips.browser_b533a3_5.91.1-canary.v20250902162217.min.js.gz
- clerk-js/5.91.1-canary.v20250902162217/payment-attempt-page_clerk.chips.browser_b533a3_5.91.1-canary.v20250902162217.min.js.sri
- clerk-js/5.91.1-canary.v20250902162217/payment-attempt-page_clerk.legacy.browser_5528b6_5.91.1-canary.v20250902162217.js.br
- clerk-js/5.91.1-canary.v20250902162217/payment-attempt-page_clerk.legacy.browser_5528b6_5.91.1-canary.v20250902162217.js.gz
- clerk-js/5.91.1-canary.v20250902162217/payment-attempt-page_clerk.legacy.browser_5528b6_5.91.1-canary.v20250902162217.js.sri
- clerk-js/5.91.1-canary.v20250902162217/payment-attempt-page_clerk.legacy.browser_5528b6_5.91.1-canary.v20250902162217.min.js.br
- clerk-js/5.91.1-canary.v20250902162217/payment-attempt-page_clerk.legacy.browser_5528b6_5.91.1-canary.v20250902162217.min.js.gz
- clerk-js/5.91.1-canary.v20250902162217/payment-attempt-page_clerk.legacy.browser_5528b6_5.91.1-canary.v20250902162217.min.js.sri
- clerk-js/5.91.1-canary.v20250902162217/planDetails_clerk.browser_ca84dc_5.91.1-canary.v20250902162217.js.br
- clerk-js/5.91.1-canary.v20250902162217/planDetails_clerk.browser_ca84dc_5.91.1-canary.v20250902162217.js.gz
- clerk-js/5.91.1-canary.v20250902162217/planDetails_clerk.browser_ca84dc_5.91.1-canary.v20250902162217.js.sri
- clerk-js/5.91.1-canary.v20250902162217/planDetails_clerk.browser_ca84dc_5.91.1-canary.v20250902162217.min.js.br
- clerk-js/5.91.1-canary.v20250902162217/planDetails_clerk.browser_ca84dc_5.91.1-canary.v20250902162217.min.js.gz
- clerk-js/5.91.1-canary.v20250902162217/planDetails_clerk.browser_ca84dc_5.91.1-canary.v20250902162217.min.js.sri
- clerk-js/5.91.1-canary.v20250902162217/planDetails_clerk.chips.browser_b533a3_5.91.1-canary.v20250902162217.js.br
- clerk-js/5.91.1-canary.v20250902162217/planDetails_clerk.chips.browser_b533a3_5.91.1-canary.v20250902162217.js.gz
- clerk-js/5.91.1-canary.v20250902162217/planDetails_clerk.chips.browser_b533a3_5.91.1-canary.v20250902162217.js.sri
- clerk-js/5.91.1-canary.v20250902162217/planDetails_clerk.chips.browser_b533a3_5.91.1-canary.v20250902162217.min.js.br
- clerk-js/5.91.1-canary.v20250902162217/planDetails_clerk.chips.browser_b533a3_5.91.1-canary.v20250902162217.min.js.gz
- clerk-js/5.91.1-canary.v20250902162217/planDetails_clerk.chips.browser_b533a3_5.91.1-canary.v20250902162217.min.js.sri
- clerk-js/5.91.1-canary.v20250902162217/planDetails_clerk.legacy.browser_5528b6_5.91.1-canary.v20250902162217.js.br
- clerk-js/5.91.1-canary.v20250902162217/planDetails_clerk.legacy.browser_5528b6_5.91.1-canary.v20250902162217.js.gz
- clerk-js/5.91.1-canary.v20250902162217/planDetails_clerk.legacy.browser_5528b6_5.91.1-canary.v20250902162217.js.sri
- clerk-js/5.91.1-canary.v20250902162217/planDetails_clerk.legacy.browser_5528b6_5.91.1-canary.v20250902162217.min.js.br
- clerk-js/5.91.1-canary.v20250902162217/planDetails_clerk.legacy.browser_5528b6_5.91.1-canary.v20250902162217.min.js.gz
- clerk-js/5.91.1-canary.v20250902162217/planDetails_clerk.legacy.browser_5528b6_5.91.1-canary.v20250902162217.min.js.sri
- clerk-js/5.91.1-canary.v20250902162217/prefetchorganizationlist_clerk.browser_ca84dc_5.91.1-canary.v20250902162217.js.br
- clerk-js/5.91.1-canary.v20250902162217/prefetchorganizationlist_clerk.browser_ca84dc_5.91.1-canary.v20250902162217.js.gz
- clerk-js/5.91.1-canary.v20250902162217/prefetchorganizationlist_clerk.browser_ca84dc_5.91.1-canary.v20250902162217.js.sri
- clerk-js/5.91.1-canary.v20250902162217/prefetchorganizationlist_clerk.browser_ca84dc_5.91.1-canary.v20250902162217.min.js.br
- clerk-js/5.91.1-canary.v20250902162217/prefetchorganizationlist_clerk.browser_ca84dc_5.91.1-canary.v20250902162217.min.js.gz
- clerk-js/5.91.1-canary.v20250902162217/prefetchorganizationlist_clerk.browser_ca84dc_5.91.1-canary.v20250902162217.min.js.sri
- clerk-js/5.91.1-canary.v20250902162217/prefetchorganizationlist_clerk.chips.browser_b533a3_5.91.1-canary.v20250902162217.js.br
- clerk-js/5.91.1-canary.v20250902162217/prefetchorganizationlist_clerk.chips.browser_b533a3_5.91.1-canary.v20250902162217.js.gz
- clerk-js/5.91.1-canary.v20250902162217/prefetchorganizationlist_clerk.chips.browser_b533a3_5.91.1-canary.v20250902162217.js.sri
- clerk-js/5.91.1-canary.v20250902162217/prefetchorganizationlist_clerk.chips.browser_b533a3_5.91.1-canary.v20250902162217.min.js.br
- clerk-js/5.91.1-canary.v20250902162217/prefetchorganizationlist_clerk.chips.browser_b533a3_5.91.1-canary.v20250902162217.min.js.gz
- clerk-js/5.91.1-canary.v20250902162217/prefetchorganizationlist_clerk.chips.browser_b533a3_5.91.1-canary.v20250902162217.min.js.sri
- clerk-js/5.91.1-canary.v20250902162217/prefetchorganizationlist_clerk.legacy.browser_5528b6_5.91.1-canary.v20250902162217.js.br
- clerk-js/5.91.1-canary.v20250902162217/prefetchorganizationlist_clerk.legacy.browser_5528b6_5.91.1-canary.v20250902162217.js.gz
- clerk-js/5.91.1-canary.v20250902162217/prefetchorganizationlist_clerk.legacy.browser_5528b6_5.91.1-canary.v20250902162217.js.sri
- clerk-js/5.91.1-canary.v20250902162217/prefetchorganizationlist_clerk.legacy.browser_5528b6_5.91.1-canary.v20250902162217.min.js.br
- clerk-js/5.91.1-canary.v20250902162217/prefetchorganizationlist_clerk.legacy.browser_5528b6_5.91.1-canary.v20250902162217.min.js.gz
- clerk-js/5.91.1-canary.v20250902162217/prefetchorganizationlist_clerk.legacy.browser_5528b6_5.91.1-canary.v20250902162217.min.js.sri
- clerk-js/5.91.1-canary.v20250902162217/pricingTable_clerk.browser_ca84dc_5.91.1-canary.v20250902162217.js.br
- clerk-js/5.91.1-canary.v20250902162217/pricingTable_clerk.browser_ca84dc_5.91.1-canary.v20250902162217.js.gz
- clerk-js/5.91.1-canary.v20250902162217/pricingTable_clerk.browser_ca84dc_5.91.1-canary.v20250902162217.js.sri
- clerk-js/5.91.1-canary.v20250902162217/pricingTable_clerk.browser_ca84dc_5.91.1-canary.v20250902162217.min.js.br
- clerk-js/5.91.1-canary.v20250902162217/pricingTable_clerk.browser_ca84dc_5.91.1-canary.v20250902162217.min.js.gz
- clerk-js/5.91.1-canary.v20250902162217/pricingTable_clerk.browser_ca84dc_5.91.1-canary.v20250902162217.min.js.sri
- clerk-js/5.91.1-canary.v20250902162217/pricingTable_clerk.chips.browser_b533a3_5.91.1-canary.v20250902162217.js.br
- clerk-js/5.91.1-canary.v20250902162217/pricingTable_clerk.chips.browser_b533a3_5.91.1-canary.v20250902162217.js.gz
- clerk-js/5.91.1-canary.v20250902162217/pricingTable_clerk.chips.browser_b533a3_5.91.1-canary.v20250902162217.js.sri
- clerk-js/5.91.1-canary.v20250902162217/pricingTable_clerk.chips.browser_b533a3_5.91.1-canary.v20250902162217.min.js.br
- clerk-js/5.91.1-canary.v20250902162217/pricingTable_clerk.chips.browser_b533a3_5.91.1-canary.v20250902162217.min.js.gz
- clerk-js/5.91.1-canary.v20250902162217/pricingTable_clerk.chips.browser_b533a3_5.91.1-canary.v20250902162217.min.js.sri
- clerk-js/5.91.1-canary.v20250902162217/pricingTable_clerk.legacy.browser_5528b6_5.91.1-canary.v20250902162217.js.br
- clerk-js/5.91.1-canary.v20250902162217/pricingTable_clerk.legacy.browser_5528b6_5.91.1-canary.v20250902162217.js.gz
- clerk-js/5.91.1-canary.v20250902162217/pricingTable_clerk.legacy.browser_5528b6_5.91.1-canary.v20250902162217.js.sri
- clerk-js/5.91.1-canary.v20250902162217/pricingTable_clerk.legacy.browser_5528b6_5.91.1-canary.v20250902162217.min.js.br
- clerk-js/5.91.1-canary.v20250902162217/pricingTable_clerk.legacy.browser_5528b6_5.91.1-canary.v20250902162217.min.js.gz
- clerk-js/5.91.1-canary.v20250902162217/pricingTable_clerk.legacy.browser_5528b6_5.91.1-canary.v20250902162217.min.js.sri
- clerk-js/5.91.1-canary.v20250902162217/revoke-api-key-modal_clerk.browser_ca84dc_5.91.1-canary.v20250902162217.js.br
- clerk-js/5.91.1-canary.v20250902162217/revoke-api-key-modal_clerk.browser_ca84dc_5.91.1-canary.v20250902162217.js.gz
- clerk-js/5.91.1-canary.v20250902162217/revoke-api-key-modal_clerk.browser_ca84dc_5.91.1-canary.v20250902162217.js.sri
- clerk-js/5.91.1-canary.v20250902162217/revoke-api-key-modal_clerk.browser_ca84dc_5.91.1-canary.v20250902162217.min.js.br
- clerk-js/5.91.1-canary.v20250902162217/revoke-api-key-modal_clerk.browser_ca84dc_5.91.1-canary.v20250902162217.min.js.gz
- clerk-js/5.91.1-canary.v20250902162217/revoke-api-key-modal_clerk.browser_ca84dc_5.91.1-canary.v20250902162217.min.js.sri
- clerk-js/5.91.1-canary.v20250902162217/revoke-api-key-modal_clerk.chips.browser_b533a3_5.91.1-canary.v20250902162217.js.br
- clerk-js/5.91.1-canary.v20250902162217/revoke-api-key-modal_clerk.chips.browser_b533a3_5.91.1-canary.v20250902162217.js.gz
- clerk-js/5.91.1-canary.v20250902162217/revoke-api-key-modal_clerk.chips.browser_b533a3_5.91.1-canary.v20250902162217.js.sri
- clerk-js/5.91.1-canary.v20250902162217/revoke-api-key-modal_clerk.chips.browser_b533a3_5.91.1-canary.v20250902162217.min.js.br
- clerk-js/5.91.1-canary.v20250902162217/revoke-api-key-modal_clerk.chips.browser_b533a3_5.91.1-canary.v20250902162217.min.js.gz
- clerk-js/5.91.1-canary.v20250902162217/revoke-api-key-modal_clerk.chips.browser_b533a3_5.91.1-canary.v20250902162217.min.js.sri
- clerk-js/5.91.1-canary.v20250902162217/revoke-api-key-modal_clerk.legacy.browser_5528b6_5.91.1-canary.v20250902162217.js.br
- clerk-js/5.91.1-canary.v20250902162217/revoke-api-key-modal_clerk.legacy.browser_5528b6_5.91.1-canary.v20250902162217.js.gz
- clerk-js/5.91.1-canary.v20250902162217/revoke-api-key-modal_clerk.legacy.browser_5528b6_5.91.1-canary.v20250902162217.js.sri
- clerk-js/5.91.1-canary.v20250902162217/revoke-api-key-modal_clerk.legacy.browser_5528b6_5.91.1-canary.v20250902162217.min.js.br
- clerk-js/5.91.1-canary.v20250902162217/revoke-api-key-modal_clerk.legacy.browser_5528b6_5.91.1-canary.v20250902162217.min.js.gz
- clerk-js/5.91.1-canary.v20250902162217/revoke-api-key-modal_clerk.legacy.browser_5528b6_5.91.1-canary.v20250902162217.min.js.sri
- clerk-js/5.91.1-canary.v20250902162217/sessionTasks_clerk.browser_ca84dc_5.91.1-canary.v20250902162217.js.br
- clerk-js/5.91.1-canary.v20250902162217/sessionTasks_clerk.browser_ca84dc_5.91.1-canary.v20250902162217.js.gz
- clerk-js/5.91.1-canary.v20250902162217/sessionTasks_clerk.browser_ca84dc_5.91.1-canary.v20250902162217.js.sri
- clerk-js/5.91.1-canary.v20250902162217/sessionTasks_clerk.browser_ca84dc_5.91.1-canary.v20250902162217.min.js.br
- clerk-js/5.91.1-canary.v20250902162217/sessionTasks_clerk.browser_ca84dc_5.91.1-canary.v20250902162217.min.js.gz
- clerk-js/5.91.1-canary.v20250902162217/sessionTasks_clerk.browser_ca84dc_5.91.1-canary.v20250902162217.min.js.sri
- clerk-js/5.91.1-canary.v20250902162217/sessionTasks_clerk.chips.browser_b533a3_5.91.1-canary.v20250902162217.js.br
- clerk-js/5.91.1-canary.v20250902162217/sessionTasks_clerk.chips.browser_b533a3_5.91.1-canary.v20250902162217.js.gz
- clerk-js/5.91.1-canary.v20250902162217/sessionTasks_clerk.chips.browser_b533a3_5.91.1-canary.v20250902162217.js.sri
- clerk-js/5.91.1-canary.v20250902162217/sessionTasks_clerk.chips.browser_b533a3_5.91.1-canary.v20250902162217.min.js.br
- clerk-js/5.91.1-canary.v20250902162217/sessionTasks_clerk.chips.browser_b533a3_5.91.1-canary.v20250902162217.min.js.gz
- clerk-js/5.91.1-canary.v20250902162217/sessionTasks_clerk.chips.browser_b533a3_5.91.1-canary.v20250902162217.min.js.sri
- clerk-js/5.91.1-canary.v20250902162217/sessionTasks_clerk.legacy.browser_5528b6_5.91.1-canary.v20250902162217.js.br
- clerk-js/5.91.1-canary.v20250902162217/sessionTasks_clerk.legacy.browser_5528b6_5.91.1-canary.v20250902162217.js.gz
- clerk-js/5.91.1-canary.v20250902162217/sessionTasks_clerk.legacy.browser_5528b6_5.91.1-canary.v20250902162217.js.sri
- clerk-js/5.91.1-canary.v20250902162217/sessionTasks_clerk.legacy.browser_5528b6_5.91.1-canary.v20250902162217.min.js.br
- clerk-js/5.91.1-canary.v20250902162217/sessionTasks_clerk.legacy.browser_5528b6_5.91.1-canary.v20250902162217.min.js.gz
- clerk-js/5.91.1-canary.v20250902162217/sessionTasks_clerk.legacy.browser_5528b6_5.91.1-canary.v20250902162217.min.js.sri
- clerk-js/5.91.1-canary.v20250902162217/signin_clerk.browser_ca84dc_5.91.1-canary.v20250902162217.js.br
- clerk-js/5.91.1-canary.v20250902162217/signin_clerk.browser_ca84dc_5.91.1-canary.v20250902162217.js.gz
- clerk-js/5.91.1-canary.v20250902162217/signin_clerk.browser_ca84dc_5.91.1-canary.v20250902162217.js.sri
- clerk-js/5.91.1-canary.v20250902162217/signin_clerk.browser_ca84dc_5.91.1-canary.v20250902162217.min.js.br
- clerk-js/5.91.1-canary.v20250902162217/signin_clerk.browser_ca84dc_5.91.1-canary.v20250902162217.min.js.gz
- clerk-js/5.91.1-canary.v20250902162217/signin_clerk.browser_ca84dc_5.91.1-canary.v20250902162217.min.js.sri
- clerk-js/5.91.1-canary.v20250902162217/signin_clerk.chips.browser_b533a3_5.91.1-canary.v20250902162217.js.br
- clerk-js/5.91.1-canary.v20250902162217/signin_clerk.chips.browser_b533a3_5.91.1-canary.v20250902162217.js.gz
- clerk-js/5.91.1-canary.v20250902162217/signin_clerk.chips.browser_b533a3_5.91.1-canary.v20250902162217.js.sri
- clerk-js/5.91.1-canary.v20250902162217/signin_clerk.chips.browser_b533a3_5.91.1-canary.v20250902162217.min.js.br
- clerk-js/5.91.1-canary.v20250902162217/signin_clerk.chips.browser_b533a3_5.91.1-canary.v20250902162217.min.js.gz
- clerk-js/5.91.1-canary.v20250902162217/signin_clerk.chips.browser_b533a3_5.91.1-canary.v20250902162217.min.js.sri
- clerk-js/5.91.1-canary.v20250902162217/signin_clerk.legacy.browser_5528b6_5.91.1-canary.v20250902162217.js.br
- clerk-js/5.91.1-canary.v20250902162217/signin_clerk.legacy.browser_5528b6_5.91.1-canary.v20250902162217.js.gz
- clerk-js/5.91.1-canary.v20250902162217/signin_clerk.legacy.browser_5528b6_5.91.1-canary.v20250902162217.js.sri
- clerk-js/5.91.1-canary.v20250902162217/signin_clerk.legacy.browser_5528b6_5.91.1-canary.v20250902162217.min.js.br
- clerk-js/5.91.1-canary.v20250902162217/signin_clerk.legacy.browser_5528b6_5.91.1-canary.v20250902162217.min.js.gz
- clerk-js/5.91.1-canary.v20250902162217/signin_clerk.legacy.browser_5528b6_5.91.1-canary.v20250902162217.min.js.sri
- clerk-js/5.91.1-canary.v20250902162217/signup_clerk.browser_ca84dc_5.91.1-canary.v20250902162217.js.br
- clerk-js/5.91.1-canary.v20250902162217/signup_clerk.browser_ca84dc_5.91.1-canary.v20250902162217.js.gz
- clerk-js/5.91.1-canary.v20250902162217/signup_clerk.browser_ca84dc_5.91.1-canary.v20250902162217.js.sri
- clerk-js/5.91.1-canary.v20250902162217/signup_clerk.browser_ca84dc_5.91.1-canary.v20250902162217.min.js.br
- clerk-js/5.91.1-canary.v20250902162217/signup_clerk.browser_ca84dc_5.91.1-canary.v20250902162217.min.js.gz
- clerk-js/5.91.1-canary.v20250902162217/signup_clerk.browser_ca84dc_5.91.1-canary.v20250902162217.min.js.sri
- clerk-js/5.91.1-canary.v20250902162217/signup_clerk.chips.browser_b533a3_5.91.1-canary.v20250902162217.js.br
- clerk-js/5.91.1-canary.v20250902162217/signup_clerk.chips.browser_b533a3_5.91.1-canary.v20250902162217.js.gz
- clerk-js/5.91.1-canary.v20250902162217/signup_clerk.chips.browser_b533a3_5.91.1-canary.v20250902162217.js.sri
- clerk-js/5.91.1-canary.v20250902162217/signup_clerk.chips.browser_b533a3_5.91.1-canary.v20250902162217.min.js.br
- clerk-js/5.91.1-canary.v20250902162217/signup_clerk.chips.browser_b533a3_5.91.1-canary.v20250902162217.min.js.gz
- clerk-js/5.91.1-canary.v20250902162217/signup_clerk.chips.browser_b533a3_5.91.1-canary.v20250902162217.min.js.sri
- clerk-js/5.91.1-canary.v20250902162217/signup_clerk.legacy.browser_5528b6_5.91.1-canary.v20250902162217.js.br
- clerk-js/5.91.1-canary.v20250902162217/signup_clerk.legacy.browser_5528b6_5.91.1-canary.v20250902162217.js.gz
- clerk-js/5.91.1-canary.v20250902162217/signup_clerk.legacy.browser_5528b6_5.91.1-canary.v20250902162217.js.sri
- clerk-js/5.91.1-canary.v20250902162217/signup_clerk.legacy.browser_5528b6_5.91.1-canary.v20250902162217.min.js.br
- clerk-js/5.91.1-canary.v20250902162217/signup_clerk.legacy.browser_5528b6_5.91.1-canary.v20250902162217.min.js.gz
- clerk-js/5.91.1-canary.v20250902162217/signup_clerk.legacy.browser_5528b6_5.91.1-canary.v20250902162217.min.js.sri
- clerk-js/5.91.1-canary.v20250902162217/statement-page_clerk.browser_ca84dc_5.91.1-canary.v20250902162217.js.br
- clerk-js/5.91.1-canary.v20250902162217/statement-page_clerk.browser_ca84dc_5.91.1-canary.v20250902162217.js.gz
- clerk-js/5.91.1-canary.v20250902162217/statement-page_clerk.browser_ca84dc_5.91.1-canary.v20250902162217.js.sri
- clerk-js/5.91.1-canary.v20250902162217/statement-page_clerk.browser_ca84dc_5.91.1-canary.v20250902162217.min.js.br
- clerk-js/5.91.1-canary.v20250902162217/statement-page_clerk.browser_ca84dc_5.91.1-canary.v20250902162217.min.js.gz
- clerk-js/5.91.1-canary.v20250902162217/statement-page_clerk.browser_ca84dc_5.91.1-canary.v20250902162217.min.js.sri
- clerk-js/5.91.1-canary.v20250902162217/statement-page_clerk.chips.browser_b533a3_5.91.1-canary.v20250902162217.js.br
- clerk-js/5.91.1-canary.v20250902162217/statement-page_clerk.chips.browser_b533a3_5.91.1-canary.v20250902162217.js.gz
- clerk-js/5.91.1-canary.v20250902162217/statement-page_clerk.chips.browser_b533a3_5.91.1-canary.v20250902162217.js.sri
- clerk-js/5.91.1-canary.v20250902162217/statement-page_clerk.chips.browser_b533a3_5.91.1-canary.v20250902162217.min.js.br
- clerk-js/5.91.1-canary.v20250902162217/statement-page_clerk.chips.browser_b533a3_5.91.1-canary.v20250902162217.min.js.gz
- clerk-js/5.91.1-canary.v20250902162217/statement-page_clerk.chips.browser_b533a3_5.91.1-canary.v20250902162217.min.js.sri
- clerk-js/5.91.1-canary.v20250902162217/statement-page_clerk.legacy.browser_5528b6_5.91.1-canary.v20250902162217.js.br
- clerk-js/5.91.1-canary.v20250902162217/statement-page_clerk.legacy.browser_5528b6_5.91.1-canary.v20250902162217.js.gz
- clerk-js/5.91.1-canary.v20250902162217/statement-page_clerk.legacy.browser_5528b6_5.91.1-canary.v20250902162217.js.sri
- clerk-js/5.91.1-canary.v20250902162217/statement-page_clerk.legacy.browser_5528b6_5.91.1-canary.v20250902162217.min.js.br
- clerk-js/5.91.1-canary.v20250902162217/statement-page_clerk.legacy.browser_5528b6_5.91.1-canary.v20250902162217.min.js.gz
- clerk-js/5.91.1-canary.v20250902162217/statement-page_clerk.legacy.browser_5528b6_5.91.1-canary.v20250902162217.min.js.sri
- clerk-js/5.91.1-canary.v20250902162217/stripe-vendors_clerk.browser_ca84dc_5.91.1-canary.v20250902162217.js.br
- clerk-js/5.91.1-canary.v20250902162217/stripe-vendors_clerk.browser_ca84dc_5.91.1-canary.v20250902162217.js.gz
- clerk-js/5.91.1-canary.v20250902162217/stripe-vendors_clerk.browser_ca84dc_5.91.1-canary.v20250902162217.js.sri
- clerk-js/5.91.1-canary.v20250902162217/stripe-vendors_clerk.browser_ca84dc_5.91.1-canary.v20250902162217.min.js.br
- clerk-js/5.91.1-canary.v20250902162217/stripe-vendors_clerk.browser_ca84dc_5.91.1-canary.v20250902162217.min.js.gz
- clerk-js/5.91.1-canary.v20250902162217/stripe-vendors_clerk.browser_ca84dc_5.91.1-canary.v20250902162217.min.js.sri
- clerk-js/5.91.1-canary.v20250902162217/stripe-vendors_clerk.chips.browser_b533a3_5.91.1-canary.v20250902162217.js.br
- clerk-js/5.91.1-canary.v20250902162217/stripe-vendors_clerk.chips.browser_b533a3_5.91.1-canary.v20250902162217.js.gz
- clerk-js/5.91.1-canary.v20250902162217/stripe-vendors_clerk.chips.browser_b533a3_5.91.1-canary.v20250902162217.js.sri
- clerk-js/5.91.1-canary.v20250902162217/stripe-vendors_clerk.chips.browser_b533a3_5.91.1-canary.v20250902162217.min.js.br
- clerk-js/5.91.1-canary.v20250902162217/stripe-vendors_clerk.chips.browser_b533a3_5.91.1-canary.v20250902162217.min.js.gz
- clerk-js/5.91.1-canary.v20250902162217/stripe-vendors_clerk.chips.browser_b533a3_5.91.1-canary.v20250902162217.min.js.sri
- clerk-js/5.91.1-canary.v20250902162217/stripe-vendors_clerk.headless.browser_ec6a45_5.91.1-canary.v20250902162217.js.br
- clerk-js/5.91.1-canary.v20250902162217/stripe-vendors_clerk.headless.browser_ec6a45_5.91.1-canary.v20250902162217.js.gz
- clerk-js/5.91.1-canary.v20250902162217/stripe-vendors_clerk.headless.browser_ec6a45_5.91.1-canary.v20250902162217.js.sri
- clerk-js/5.91.1-canary.v20250902162217/stripe-vendors_clerk.headless.browser_ec6a45_5.91.1-canary.v20250902162217.min.js.br
- clerk-js/5.91.1-canary.v20250902162217/stripe-vendors_clerk.headless.browser_ec6a45_5.91.1-canary.v20250902162217.min.js.gz
- clerk-js/5.91.1-canary.v20250902162217/stripe-vendors_clerk.headless.browser_ec6a45_5.91.1-canary.v20250902162217.min.js.sri
- clerk-js/5.91.1-canary.v20250902162217/stripe-vendors_clerk.legacy.browser_5528b6_5.91.1-canary.v20250902162217.js.br
- clerk-js/5.91.1-canary.v20250902162217/stripe-vendors_clerk.legacy.browser_5528b6_5.91.1-canary.v20250902162217.js.gz
- clerk-js/5.91.1-canary.v20250902162217/stripe-vendors_clerk.legacy.browser_5528b6_5.91.1-canary.v20250902162217.js.sri
- clerk-js/5.91.1-canary.v20250902162217/stripe-vendors_clerk.legacy.browser_5528b6_5.91.1-canary.v20250902162217.min.js.br
- clerk-js/5.91.1-canary.v20250902162217/stripe-vendors_clerk.legacy.browser_5528b6_5.91.1-canary.v20250902162217.min.js.gz
- clerk-js/5.91.1-canary.v20250902162217/stripe-vendors_clerk.legacy.browser_5528b6_5.91.1-canary.v20250902162217.min.js.sri
- clerk-js/5.91.1-canary.v20250902162217/subscriptionDetails_clerk.browser_ca84dc_5.91.1-canary.v20250902162217.js.br
- clerk-js/5.91.1-canary.v20250902162217/subscriptionDetails_clerk.browser_ca84dc_5.91.1-canary.v20250902162217.js.gz
- clerk-js/5.91.1-canary.v20250902162217/subscriptionDetails_clerk.browser_ca84dc_5.91.1-canary.v20250902162217.js.sri
- clerk-js/5.91.1-canary.v20250902162217/subscriptionDetails_clerk.browser_ca84dc_5.91.1-canary.v20250902162217.min.js.br
- clerk-js/5.91.1-canary.v20250902162217/subscriptionDetails_clerk.browser_ca84dc_5.91.1-canary.v20250902162217.min.js.gz
- clerk-js/5.91.1-canary.v20250902162217/subscriptionDetails_clerk.browser_ca84dc_5.91.1-canary.v20250902162217.min.js.sri
- clerk-js/5.91.1-canary.v20250902162217/subscriptionDetails_clerk.chips.browser_b533a3_5.91.1-canary.v20250902162217.js.br
- clerk-js/5.91.1-canary.v20250902162217/subscriptionDetails_clerk.chips.browser_b533a3_5.91.1-canary.v20250902162217.js.gz
- clerk-js/5.91.1-canary.v20250902162217/subscriptionDetails_clerk.chips.browser_b533a3_5.91.1-canary.v20250902162217.js.sri
- clerk-js/5.91.1-canary.v20250902162217/subscriptionDetails_clerk.chips.browser_b533a3_5.91.1-canary.v20250902162217.min.js.br
- clerk-js/5.91.1-canary.v20250902162217/subscriptionDetails_clerk.chips.browser_b533a3_5.91.1-canary.v20250902162217.min.js.gz
- clerk-js/5.91.1-canary.v20250902162217/subscriptionDetails_clerk.chips.browser_b533a3_5.91.1-canary.v20250902162217.min.js.sri
- clerk-js/5.91.1-canary.v20250902162217/subscriptionDetails_clerk.legacy.browser_5528b6_5.91.1-canary.v20250902162217.js.br
- clerk-js/5.91.1-canary.v20250902162217/subscriptionDetails_clerk.legacy.browser_5528b6_5.91.1-canary.v20250902162217.js.gz
- clerk-js/5.91.1-canary.v20250902162217/subscriptionDetails_clerk.legacy.browser_5528b6_5.91.1-canary.v20250902162217.js.sri
- clerk-js/5.91.1-canary.v20250902162217/subscriptionDetails_clerk.legacy.browser_5528b6_5.91.1-canary.v20250902162217.min.js.br
- clerk-js/5.91.1-canary.v20250902162217/subscriptionDetails_clerk.legacy.browser_5528b6_5.91.1-canary.v20250902162217.min.js.gz
- clerk-js/5.91.1-canary.v20250902162217/subscriptionDetails_clerk.legacy.browser_5528b6_5.91.1-canary.v20250902162217.min.js.sri
- clerk-js/5.91.1-canary.v20250902162217/taskChooseOrganization_clerk.browser_ca84dc_5.91.1-canary.v20250902162217.js.br
- clerk-js/5.91.1-canary.v20250902162217/taskChooseOrganization_clerk.browser_ca84dc_5.91.1-canary.v20250902162217.js.gz
- clerk-js/5.91.1-canary.v20250902162217/taskChooseOrganization_clerk.browser_ca84dc_5.91.1-canary.v20250902162217.js.sri
- clerk-js/5.91.1-canary.v20250902162217/taskChooseOrganization_clerk.browser_ca84dc_5.91.1-canary.v20250902162217.min.js.br
- clerk-js/5.91.1-canary.v20250902162217/taskChooseOrganization_clerk.browser_ca84dc_5.91.1-canary.v20250902162217.min.js.gz
- clerk-js/5.91.1-canary.v20250902162217/taskChooseOrganization_clerk.browser_ca84dc_5.91.1-canary.v20250902162217.min.js.sri
- clerk-js/5.91.1-canary.v20250902162217/taskChooseOrganization_clerk.chips.browser_b533a3_5.91.1-canary.v20250902162217.js.br
- clerk-js/5.91.1-canary.v20250902162217/taskChooseOrganization_clerk.chips.browser_b533a3_5.91.1-canary.v20250902162217.js.gz
- clerk-js/5.91.1-canary.v20250902162217/taskChooseOrganization_clerk.chips.browser_b533a3_5.91.1-canary.v20250902162217.js.sri
- clerk-js/5.91.1-canary.v20250902162217/taskChooseOrganization_clerk.chips.browser_b533a3_5.91.1-canary.v20250902162217.min.js.br
- clerk-js/5.91.1-canary.v20250902162217/taskChooseOrganization_clerk.chips.browser_b533a3_5.91.1-canary.v20250902162217.min.js.gz
- clerk-js/5.91.1-canary.v20250902162217/taskChooseOrganization_clerk.chips.browser_b533a3_5.91.1-canary.v20250902162217.min.js.sri
- clerk-js/5.91.1-canary.v20250902162217/taskChooseOrganization_clerk.legacy.browser_5528b6_5.91.1-canary.v20250902162217.js.br
- clerk-js/5.91.1-canary.v20250902162217/taskChooseOrganization_clerk.legacy.browser_5528b6_5.91.1-canary.v20250902162217.js.gz
- clerk-js/5.91.1-canary.v20250902162217/taskChooseOrganization_clerk.legacy.browser_5528b6_5.91.1-canary.v20250902162217.js.sri
- clerk-js/5.91.1-canary.v20250902162217/taskChooseOrganization_clerk.legacy.browser_5528b6_5.91.1-canary.v20250902162217.min.js.br
- clerk-js/5.91.1-canary.v20250902162217/taskChooseOrganization_clerk.legacy.browser_5528b6_5.91.1-canary.v20250902162217.min.js.gz
- clerk-js/5.91.1-canary.v20250902162217/taskChooseOrganization_clerk.legacy.browser_5528b6_5.91.1-canary.v20250902162217.min.js.sri
- clerk-js/5.91.1-canary.v20250902162217/ui-common_clerk.browser_ca84dc_5.91.1-canary.v20250902162217.js.br
- clerk-js/5.91.1-canary.v20250902162217/ui-common_clerk.browser_ca84dc_5.91.1-canary.v20250902162217.js.gz
- clerk-js/5.91.1-canary.v20250902162217/ui-common_clerk.browser_ca84dc_5.91.1-canary.v20250902162217.js.sri
- clerk-js/5.91.1-canary.v20250902162217/ui-common_clerk.browser_ca84dc_5.91.1-canary.v20250902162217.min.js.br
- clerk-js/5.91.1-canary.v20250902162217/ui-common_clerk.browser_ca84dc_5.91.1-canary.v20250902162217.min.js.gz
- clerk-js/5.91.1-canary.v20250902162217/ui-common_clerk.browser_ca84dc_5.91.1-canary.v20250902162217.min.js.sri
- clerk-js/5.91.1-canary.v20250902162217/ui-common_clerk.chips.browser_b533a3_5.91.1-canary.v20250902162217.js.br
- clerk-js/5.91.1-canary.v20250902162217/ui-common_clerk.chips.browser_b533a3_5.91.1-canary.v20250902162217.js.gz
- clerk-js/5.91.1-canary.v20250902162217/ui-common_clerk.chips.browser_b533a3_5.91.1-canary.v20250902162217.js.sri
- clerk-js/5.91.1-canary.v20250902162217/ui-common_clerk.chips.browser_b533a3_5.91.1-canary.v20250902162217.min.js.br
- clerk-js/5.91.1-canary.v20250902162217/ui-common_clerk.chips.browser_b533a3_5.91.1-canary.v20250902162217.min.js.gz
- clerk-js/5.91.1-canary.v20250902162217/ui-common_clerk.chips.browser_b533a3_5.91.1-canary.v20250902162217.min.js.sri
- clerk-js/5.91.1-canary.v20250902162217/ui-common_clerk.legacy.browser_5528b6_5.91.1-canary.v20250902162217.js.br
- clerk-js/5.91.1-canary.v20250902162217/ui-common_clerk.legacy.browser_5528b6_5.91.1-canary.v20250902162217.js.gz
- clerk-js/5.91.1-canary.v20250902162217/ui-common_clerk.legacy.browser_5528b6_5.91.1-canary.v20250902162217.js.sri
- clerk-js/5.91.1-canary.v20250902162217/ui-common_clerk.legacy.browser_5528b6_5.91.1-canary.v20250902162217.min.js.br
- clerk-js/5.91.1-canary.v20250902162217/ui-common_clerk.legacy.browser_5528b6_5.91.1-canary.v20250902162217.min.js.gz
- clerk-js/5.91.1-canary.v20250902162217/ui-common_clerk.legacy.browser_5528b6_5.91.1-canary.v20250902162217.min.js.sri
- clerk-js/5.91.1-canary.v20250902162217/up-api-keys-page_clerk.browser_ca84dc_5.91.1-canary.v20250902162217.js.br
- clerk-js/5.91.1-canary.v20250902162217/up-api-keys-page_clerk.browser_ca84dc_5.91.1-canary.v20250902162217.js.gz
- clerk-js/5.91.1-canary.v20250902162217/up-api-keys-page_clerk.browser_ca84dc_5.91.1-canary.v20250902162217.js.sri
- clerk-js/5.91.1-canary.v20250902162217/up-api-keys-page_clerk.browser_ca84dc_5.91.1-canary.v20250902162217.min.js.br
- clerk-js/5.91.1-canary.v20250902162217/up-api-keys-page_clerk.browser_ca84dc_5.91.1-canary.v20250902162217.min.js.gz
- clerk-js/5.91.1-canary.v20250902162217/up-api-keys-page_clerk.browser_ca84dc_5.91.1-canary.v20250902162217.min.js.sri
- clerk-js/5.91.1-canary.v20250902162217/up-api-keys-page_clerk.chips.browser_b533a3_5.91.1-canary.v20250902162217.js.br
- clerk-js/5.91.1-canary.v20250902162217/up-api-keys-page_clerk.chips.browser_b533a3_5.91.1-canary.v20250902162217.js.gz
- clerk-js/5.91.1-canary.v20250902162217/up-api-keys-page_clerk.chips.browser_b533a3_5.91.1-canary.v20250902162217.js.sri
- clerk-js/5.91.1-canary.v20250902162217/up-api-keys-page_clerk.chips.browser_b533a3_5.91.1-canary.v20250902162217.min.js.br
- clerk-js/5.91.1-canary.v20250902162217/up-api-keys-page_clerk.chips.browser_b533a3_5.91.1-canary.v20250902162217.min.js.gz
- clerk-js/5.91.1-canary.v20250902162217/up-api-keys-page_clerk.chips.browser_b533a3_5.91.1-canary.v20250902162217.min.js.sri
- clerk-js/5.91.1-canary.v20250902162217/up-api-keys-page_clerk.legacy.browser_5528b6_5.91.1-canary.v20250902162217.js.br
- clerk-js/5.91.1-canary.v20250902162217/up-api-keys-page_clerk.legacy.browser_5528b6_5.91.1-canary.v20250902162217.js.gz
- clerk-js/5.91.1-canary.v20250902162217/up-api-keys-page_clerk.legacy.browser_5528b6_5.91.1-canary.v20250902162217.js.sri
- clerk-js/5.91.1-canary.v20250902162217/up-api-keys-page_clerk.legacy.browser_5528b6_5.91.1-canary.v20250902162217.min.js.br
- clerk-js/5.91.1-canary.v20250902162217/up-api-keys-page_clerk.legacy.browser_5528b6_5.91.1-canary.v20250902162217.min.js.gz
- clerk-js/5.91.1-canary.v20250902162217/up-api-keys-page_clerk.legacy.browser_5528b6_5.91.1-canary.v20250902162217.min.js.sri
- clerk-js/5.91.1-canary.v20250902162217/up-billing-page_clerk.browser_ca84dc_5.91.1-canary.v20250902162217.js.br
- clerk-js/5.91.1-canary.v20250902162217/up-billing-page_clerk.browser_ca84dc_5.91.1-canary.v20250902162217.js.gz
- clerk-js/5.91.1-canary.v20250902162217/up-billing-page_clerk.browser_ca84dc_5.91.1-canary.v20250902162217.js.sri
- clerk-js/5.91.1-canary.v20250902162217/up-billing-page_clerk.browser_ca84dc_5.91.1-canary.v20250902162217.min.js.br
- clerk-js/5.91.1-canary.v20250902162217/up-billing-page_clerk.browser_ca84dc_5.91.1-canary.v20250902162217.min.js.gz
- clerk-js/5.91.1-canary.v20250902162217/up-billing-page_clerk.browser_ca84dc_5.91.1-canary.v20250902162217.min.js.sri
- clerk-js/5.91.1-canary.v20250902162217/up-billing-page_clerk.chips.browser_b533a3_5.91.1-canary.v20250902162217.js.br
- clerk-js/5.91.1-canary.v20250902162217/up-billing-page_clerk.chips.browser_b533a3_5.91.1-canary.v20250902162217.js.gz
- clerk-js/5.91.1-canary.v20250902162217/up-billing-page_clerk.chips.browser_b533a3_5.91.1-canary.v20250902162217.js.sri
- clerk-js/5.91.1-canary.v20250902162217/up-billing-page_clerk.chips.browser_b533a3_5.91.1-canary.v20250902162217.min.js.br
- clerk-js/5.91.1-canary.v20250902162217/up-billing-page_clerk.chips.browser_b533a3_5.91.1-canary.v20250902162217.min.js.gz
- clerk-js/5.91.1-canary.v20250902162217/up-billing-page_clerk.chips.browser_b533a3_5.91.1-canary.v20250902162217.min.js.sri
- clerk-js/5.91.1-canary.v20250902162217/up-billing-page_clerk.legacy.browser_5528b6_5.91.1-canary.v20250902162217.js.br
- clerk-js/5.91.1-canary.v20250902162217/up-billing-page_clerk.legacy.browser_5528b6_5.91.1-canary.v20250902162217.js.gz
- clerk-js/5.91.1-canary.v20250902162217/up-billing-page_clerk.legacy.browser_5528b6_5.91.1-canary.v20250902162217.js.sri
- clerk-js/5.91.1-canary.v20250902162217/up-billing-page_clerk.legacy.browser_5528b6_5.91.1-canary.v20250902162217.min.js.br
- clerk-js/5.91.1-canary.v20250902162217/up-billing-page_clerk.legacy.browser_5528b6_5.91.1-canary.v20250902162217.min.js.gz
- clerk-js/5.91.1-canary.v20250902162217/up-billing-page_clerk.legacy.browser_5528b6_5.91.1-canary.v20250902162217.min.js.sri
- clerk-js/5.91.1-canary.v20250902162217/up-plans-page_clerk.browser_ca84dc_5.91.1-canary.v20250902162217.js.br
- clerk-js/5.91.1-canary.v20250902162217/up-plans-page_clerk.browser_ca84dc_5.91.1-canary.v20250902162217.js.gz
- clerk-js/5.91.1-canary.v20250902162217/up-plans-page_clerk.browser_ca84dc_5.91.1-canary.v20250902162217.js.sri
- clerk-js/5.91.1-canary.v20250902162217/up-plans-page_clerk.browser_ca84dc_5.91.1-canary.v20250902162217.min.js.br
- clerk-js/5.91.1-canary.v20250902162217/up-plans-page_clerk.browser_ca84dc_5.91.1-canary.v20250902162217.min.js.gz
- clerk-js/5.91.1-canary.v20250902162217/up-plans-page_clerk.browser_ca84dc_5.91.1-canary.v20250902162217.min.js.sri
- clerk-js/5.91.1-canary.v20250902162217/up-plans-page_clerk.chips.browser_b533a3_5.91.1-canary.v20250902162217.js.br
- clerk-js/5.91.1-canary.v20250902162217/up-plans-page_clerk.chips.browser_b533a3_5.91.1-canary.v20250902162217.js.gz
- clerk-js/5.91.1-canary.v20250902162217/up-plans-page_clerk.chips.browser_b533a3_5.91.1-canary.v20250902162217.js.sri
- clerk-js/5.91.1-canary.v20250902162217/up-plans-page_clerk.chips.browser_b533a3_5.91.1-canary.v20250902162217.min.js.br
- clerk-js/5.91.1-canary.v20250902162217/up-plans-page_clerk.chips.browser_b533a3_5.91.1-canary.v20250902162217.min.js.gz
- clerk-js/5.91.1-canary.v20250902162217/up-plans-page_clerk.chips.browser_b533a3_5.91.1-canary.v20250902162217.min.js.sri
- clerk-js/5.91.1-canary.v20250902162217/up-plans-page_clerk.legacy.browser_5528b6_5.91.1-canary.v20250902162217.js.br
- clerk-js/5.91.1-canary.v20250902162217/up-plans-page_clerk.legacy.browser_5528b6_5.91.1-canary.v20250902162217.js.gz
- clerk-js/5.91.1-canary.v20250902162217/up-plans-page_clerk.legacy.browser_5528b6_5.91.1-canary.v20250902162217.js.sri
- clerk-js/5.91.1-canary.v20250902162217/up-plans-page_clerk.legacy.browser_5528b6_5.91.1-canary.v20250902162217.min.js.br
- clerk-js/5.91.1-canary.v20250902162217/up-plans-page_clerk.legacy.browser_5528b6_5.91.1-canary.v20250902162217.min.js.gz
- clerk-js/5.91.1-canary.v20250902162217/up-plans-page_clerk.legacy.browser_5528b6_5.91.1-canary.v20250902162217.min.js.sri
- clerk-js/5.91.1-canary.v20250902162217/userbutton_clerk.browser_ca84dc_5.91.1-canary.v20250902162217.js.br
- clerk-js/5.91.1-canary.v20250902162217/userbutton_clerk.browser_ca84dc_5.91.1-canary.v20250902162217.js.gz
- clerk-js/5.91.1-canary.v20250902162217/userbutton_clerk.browser_ca84dc_5.91.1-canary.v20250902162217.js.sri
- clerk-js/5.91.1-canary.v20250902162217/userbutton_clerk.browser_ca84dc_5.91.1-canary.v20250902162217.min.js.br
- clerk-js/5.91.1-canary.v20250902162217/userbutton_clerk.browser_ca84dc_5.91.1-canary.v20250902162217.min.js.gz
- clerk-js/5.91.1-canary.v20250902162217/userbutton_clerk.browser_ca84dc_5.91.1-canary.v20250902162217.min.js.sri
- clerk-js/5.91.1-canary.v20250902162217/userbutton_clerk.chips.browser_b533a3_5.91.1-canary.v20250902162217.js.br
- clerk-js/5.91.1-canary.v20250902162217/userbutton_clerk.chips.browser_b533a3_5.91.1-canary.v20250902162217.js.gz
- clerk-js/5.91.1-canary.v20250902162217/userbutton_clerk.chips.browser_b533a3_5.91.1-canary.v20250902162217.js.sri
- clerk-js/5.91.1-canary.v20250902162217/userbutton_clerk.chips.browser_b533a3_5.91.1-canary.v20250902162217.min.js.br
- clerk-js/5.91.1-canary.v20250902162217/userbutton_clerk.chips.browser_b533a3_5.91.1-canary.v20250902162217.min.js.gz
- clerk-js/5.91.1-canary.v20250902162217/userbutton_clerk.chips.browser_b533a3_5.91.1-canary.v20250902162217.min.js.sri
- clerk-js/5.91.1-canary.v20250902162217/userbutton_clerk.legacy.browser_5528b6_5.91.1-canary.v20250902162217.js.br
- clerk-js/5.91.1-canary.v20250902162217/userbutton_clerk.legacy.browser_5528b6_5.91.1-canary.v20250902162217.js.gz
- clerk-js/5.91.1-canary.v20250902162217/userbutton_clerk.legacy.browser_5528b6_5.91.1-canary.v20250902162217.js.sri
- clerk-js/5.91.1-canary.v20250902162217/userbutton_clerk.legacy.browser_5528b6_5.91.1-canary.v20250902162217.min.js.br
- clerk-js/5.91.1-canary.v20250902162217/userbutton_clerk.legacy.browser_5528b6_5.91.1-canary.v20250902162217.min.js.gz
- clerk-js/5.91.1-canary.v20250902162217/userbutton_clerk.legacy.browser_5528b6_5.91.1-canary.v20250902162217.min.js.sri
- clerk-js/5.91.1-canary.v20250902162217/userprofile_clerk.browser_ca84dc_5.91.1-canary.v20250902162217.js.br
- clerk-js/5.91.1-canary.v20250902162217/userprofile_clerk.browser_ca84dc_5.91.1-canary.v20250902162217.js.gz
- clerk-js/5.91.1-canary.v20250902162217/userprofile_clerk.browser_ca84dc_5.91.1-canary.v20250902162217.js.sri
- clerk-js/5.91.1-canary.v20250902162217/userprofile_clerk.browser_ca84dc_5.91.1-canary.v20250902162217.min.js.br
- clerk-js/5.91.1-canary.v20250902162217/userprofile_clerk.browser_ca84dc_5.91.1-canary.v20250902162217.min.js.gz
- clerk-js/5.91.1-canary.v20250902162217/userprofile_clerk.browser_ca84dc_5.91.1-canary.v20250902162217.min.js.sri
- clerk-js/5.91.1-canary.v20250902162217/userprofile_clerk.chips.browser_b533a3_5.91.1-canary.v20250902162217.js.br
- clerk-js/5.91.1-canary.v20250902162217/userprofile_clerk.chips.browser_b533a3_5.91.1-canary.v20250902162217.js.gz
- clerk-js/5.91.1-canary.v20250902162217/userprofile_clerk.chips.browser_b533a3_5.91.1-canary.v20250902162217.js.sri
- clerk-js/5.91.1-canary.v20250902162217/userprofile_clerk.chips.browser_b533a3_5.91.1-canary.v20250902162217.min.js.br
- clerk-js/5.91.1-canary.v20250902162217/userprofile_clerk.chips.browser_b533a3_5.91.1-canary.v20250902162217.min.js.gz
- clerk-js/5.91.1-canary.v20250902162217/userprofile_clerk.chips.browser_b533a3_5.91.1-canary.v20250902162217.min.js.sri
- clerk-js/5.91.1-canary.v20250902162217/userprofile_clerk.legacy.browser_5528b6_5.91.1-canary.v20250902162217.js.br
- clerk-js/5.91.1-canary.v20250902162217/userprofile_clerk.legacy.browser_5528b6_5.91.1-canary.v20250902162217.js.gz
- clerk-js/5.91.1-canary.v20250902162217/userprofile_clerk.legacy.browser_5528b6_5.91.1-canary.v20250902162217.js.sri
- clerk-js/5.91.1-canary.v20250902162217/userprofile_clerk.legacy.browser_5528b6_5.91.1-canary.v20250902162217.min.js.br
- clerk-js/5.91.1-canary.v20250902162217/userprofile_clerk.legacy.browser_5528b6_5.91.1-canary.v20250902162217.min.js.gz
- clerk-js/5.91.1-canary.v20250902162217/userprofile_clerk.legacy.browser_5528b6_5.91.1-canary.v20250902162217.min.js.sri
- clerk-js/5.91.1-canary.v20250902162217/userverification_clerk.browser_ca84dc_5.91.1-canary.v20250902162217.js.br
- clerk-js/5.91.1-canary.v20250902162217/userverification_clerk.browser_ca84dc_5.91.1-canary.v20250902162217.js.gz
- clerk-js/5.91.1-canary.v20250902162217/userverification_clerk.browser_ca84dc_5.91.1-canary.v20250902162217.js.sri
- clerk-js/5.91.1-canary.v20250902162217/userverification_clerk.browser_ca84dc_5.91.1-canary.v20250902162217.min.js.br
- clerk-js/5.91.1-canary.v20250902162217/userverification_clerk.browser_ca84dc_5.91.1-canary.v20250902162217.min.js.gz
- clerk-js/5.91.1-canary.v20250902162217/userverification_clerk.browser_ca84dc_5.91.1-canary.v20250902162217.min.js.sri
- clerk-js/5.91.1-canary.v20250902162217/userverification_clerk.chips.browser_b533a3_5.91.1-canary.v20250902162217.js.br
- clerk-js/5.91.1-canary.v20250902162217/userverification_clerk.chips.browser_b533a3_5.91.1-canary.v20250902162217.js.gz
- clerk-js/5.91.1-canary.v20250902162217/userverification_clerk.chips.browser_b533a3_5.91.1-canary.v20250902162217.js.sri
- clerk-js/5.91.1-canary.v20250902162217/userverification_clerk.chips.browser_b533a3_5.91.1-canary.v20250902162217.min.js.br
- clerk-js/5.91.1-canary.v20250902162217/userverification_clerk.chips.browser_b533a3_5.91.1-canary.v20250902162217.min.js.gz
- clerk-js/5.91.1-canary.v20250902162217/userverification_clerk.chips.browser_b533a3_5.91.1-canary.v20250902162217.min.js.sri
- clerk-js/5.91.1-canary.v20250902162217/userverification_clerk.legacy.browser_5528b6_5.91.1-canary.v20250902162217.js.br
- clerk-js/5.91.1-canary.v20250902162217/userverification_clerk.legacy.browser_5528b6_5.91.1-canary.v20250902162217.js.gz
- clerk-js/5.91.1-canary.v20250902162217/userverification_clerk.legacy.browser_5528b6_5.91.1-canary.v20250902162217.js.sri
- clerk-js/5.91.1-canary.v20250902162217/userverification_clerk.legacy.browser_5528b6_5.91.1-canary.v20250902162217.min.js.br
- clerk-js/5.91.1-canary.v20250902162217/userverification_clerk.legacy.browser_5528b6_5.91.1-canary.v20250902162217.min.js.gz
- clerk-js/5.91.1-canary.v20250902162217/userverification_clerk.legacy.browser_5528b6_5.91.1-canary.v20250902162217.min.js.sri
- clerk-js/5.91.1-canary.v20250902162217/vendors_clerk.browser_ca84dc_5.91.1-canary.v20250902162217.js.br
- clerk-js/5.91.1-canary.v20250902162217/vendors_clerk.browser_ca84dc_5.91.1-canary.v20250902162217.js.gz
- clerk-js/5.91.1-canary.v20250902162217/vendors_clerk.browser_ca84dc_5.91.1-canary.v20250902162217.js.sri
- clerk-js/5.91.1-canary.v20250902162217/vendors_clerk.browser_ca84dc_5.91.1-canary.v20250902162217.min.js.br
- clerk-js/5.91.1-canary.v20250902162217/vendors_clerk.browser_ca84dc_5.91.1-canary.v20250902162217.min.js.gz
- clerk-js/5.91.1-canary.v20250902162217/vendors_clerk.browser_ca84dc_5.91.1-canary.v20250902162217.min.js.sri
- clerk-js/5.91.1-canary.v20250902162217/vendors_clerk.chips.browser_b533a3_5.91.1-canary.v20250902162217.js.br
- clerk-js/5.91.1-canary.v20250902162217/vendors_clerk.chips.browser_b533a3_5.91.1-canary.v20250902162217.js.gz
- clerk-js/5.91.1-canary.v20250902162217/vendors_clerk.chips.browser_b533a3_5.91.1-canary.v20250902162217.js.sri
- clerk-js/5.91.1-canary.v20250902162217/vendors_clerk.chips.browser_b533a3_5.91.1-canary.v20250902162217.min.js.br
- clerk-js/5.91.1-canary.v20250902162217/vendors_clerk.chips.browser_b533a3_5.91.1-canary.v20250902162217.min.js.gz
- clerk-js/5.91.1-canary.v20250902162217/vendors_clerk.chips.browser_b533a3_5.91.1-canary.v20250902162217.min.js.sri
- clerk-js/5.91.1-canary.v20250902162217/vendors_clerk.headless.browser_ec6a45_5.91.1-canary.v20250902162217.js.br
- clerk-js/5.91.1-canary.v20250902162217/vendors_clerk.headless.browser_ec6a45_5.91.1-canary.v20250902162217.js.gz
- clerk-js/5.91.1-canary.v20250902162217/vendors_clerk.headless.browser_ec6a45_5.91.1-canary.v20250902162217.js.sri
- clerk-js/5.91.1-canary.v20250902162217/vendors_clerk.headless.browser_ec6a45_5.91.1-canary.v20250902162217.min.js.br
- clerk-js/5.91.1-canary.v20250902162217/vendors_clerk.headless.browser_ec6a45_5.91.1-canary.v20250902162217.min.js.gz
- clerk-js/5.91.1-canary.v20250902162217/vendors_clerk.headless.browser_ec6a45_5.91.1-canary.v20250902162217.min.js.sri
- clerk-js/5.91.1-canary.v20250902162217/vendors_clerk.legacy.browser_5528b6_5.91.1-canary.v20250902162217.js.br
- clerk-js/5.91.1-canary.v20250902162217/vendors_clerk.legacy.browser_5528b6_5.91.1-canary.v20250902162217.js.gz
- clerk-js/5.91.1-canary.v20250902162217/vendors_clerk.legacy.browser_5528b6_5.91.1-canary.v20250902162217.js.sri
- clerk-js/5.91.1-canary.v20250902162217/vendors_clerk.legacy.browser_5528b6_5.91.1-canary.v20250902162217.min.js.br
- clerk-js/5.91.1-canary.v20250902162217/vendors_clerk.legacy.browser_5528b6_5.91.1-canary.v20250902162217.min.js.gz
- clerk-js/5.91.1-canary.v20250902162217/vendors_clerk.legacy.browser_5528b6_5.91.1-canary.v20250902162217.min.js.sri
- clerk-js/5.91.1-canary.v20250902162217/waitlist_clerk.browser_ca84dc_5.91.1-canary.v20250902162217.js.br
- clerk-js/5.91.1-canary.v20250902162217/waitlist_clerk.browser_ca84dc_5.91.1-canary.v20250902162217.js.gz
- clerk-js/5.91.1-canary.v20250902162217/waitlist_clerk.browser_ca84dc_5.91.1-canary.v20250902162217.js.sri
- clerk-js/5.91.1-canary.v20250902162217/waitlist_clerk.browser_ca84dc_5.91.1-canary.v20250902162217.min.js.br
- clerk-js/5.91.1-canary.v20250902162217/waitlist_clerk.browser_ca84dc_5.91.1-canary.v20250902162217.min.js.gz
- clerk-js/5.91.1-canary.v20250902162217/waitlist_clerk.browser_ca84dc_5.91.1-canary.v20250902162217.min.js.sri
- clerk-js/5.91.1-canary.v20250902162217/waitlist_clerk.chips.browser_b533a3_5.91.1-canary.v20250902162217.js.br
- clerk-js/5.91.1-canary.v20250902162217/waitlist_clerk.chips.browser_b533a3_5.91.1-canary.v20250902162217.js.gz
- clerk-js/5.91.1-canary.v20250902162217/waitlist_clerk.chips.browser_b533a3_5.91.1-canary.v20250902162217.js.sri
- clerk-js/5.91.1-canary.v20250902162217/waitlist_clerk.chips.browser_b533a3_5.91.1-canary.v20250902162217.min.js.br
- clerk-js/5.91.1-canary.v20250902162217/waitlist_clerk.chips.browser_b533a3_5.91.1-canary.v20250902162217.min.js.gz
- clerk-js/5.91.1-canary.v20250902162217/waitlist_clerk.chips.browser_b533a3_5.91.1-canary.v20250902162217.min.js.sri
- clerk-js/5.91.1-canary.v20250902162217/waitlist_clerk.legacy.browser_5528b6_5.91.1-canary.v20250902162217.js.br
- clerk-js/5.91.1-canary.v20250902162217/waitlist_clerk.legacy.browser_5528b6_5.91.1-canary.v20250902162217.js.gz
- clerk-js/5.91.1-canary.v20250902162217/waitlist_clerk.legacy.browser_5528b6_5.91.1-canary.v20250902162217.js.sri
- clerk-js/5.91.1-canary.v20250902162217/waitlist_clerk.legacy.browser_5528b6_5.91.1-canary.v20250902162217.min.js.br
- clerk-js/5.91.1-canary.v20250902162217/waitlist_clerk.legacy.browser_5528b6_5.91.1-canary.v20250902162217.min.js.gz
- clerk-js/5.91.1-canary.v20250902162217/waitlist_clerk.legacy.browser_5528b6_5.91.1-canary.v20250902162217.min.js.sri
- clerk-js/5.91.1-canary.v20250902162217/zxcvbn-common_clerk.browser_ca84dc_5.91.1-canary.v20250902162217.js.br
- clerk-js/5.91.1-canary.v20250902162217/zxcvbn-common_clerk.browser_ca84dc_5.91.1-canary.v20250902162217.js.gz
- clerk-js/5.91.1-canary.v20250902162217/zxcvbn-common_clerk.browser_ca84dc_5.91.1-canary.v20250902162217.js.sri
- clerk-js/5.91.1-canary.v20250902162217/zxcvbn-common_clerk.browser_ca84dc_5.91.1-canary.v20250902162217.min.js.br
- clerk-js/5.91.1-canary.v20250902162217/zxcvbn-common_clerk.browser_ca84dc_5.91.1-canary.v20250902162217.min.js.gz
- clerk-js/5.91.1-canary.v20250902162217/zxcvbn-common_clerk.browser_ca84dc_5.91.1-canary.v20250902162217.min.js.sri
- clerk-js/5.91.1-canary.v20250902162217/zxcvbn-common_clerk.chips.browser_b533a3_5.91.1-canary.v20250902162217.js.br
- clerk-js/5.91.1-canary.v20250902162217/zxcvbn-common_clerk.chips.browser_b533a3_5.91.1-canary.v20250902162217.js.gz
- clerk-js/5.91.1-canary.v20250902162217/zxcvbn-common_clerk.chips.browser_b533a3_5.91.1-canary.v20250902162217.js.sri
- clerk-js/5.91.1-canary.v20250902162217/zxcvbn-common_clerk.chips.browser_b533a3_5.91.1-canary.v20250902162217.min.js.br
- clerk-js/5.91.1-canary.v20250902162217/zxcvbn-common_clerk.chips.browser_b533a3_5.91.1-canary.v20250902162217.min.js.gz
- clerk-js/5.91.1-canary.v20250902162217/zxcvbn-common_clerk.chips.browser_b533a3_5.91.1-canary.v20250902162217.min.js.sri
- clerk-js/5.91.1-canary.v20250902162217/zxcvbn-common_clerk.headless.browser_ec6a45_5.91.1-canary.v20250902162217.js.br
- clerk-js/5.91.1-canary.v20250902162217/zxcvbn-common_clerk.headless.browser_ec6a45_5.91.1-canary.v20250902162217.js.gz
- clerk-js/5.91.1-canary.v20250902162217/zxcvbn-common_clerk.headless.browser_ec6a45_5.91.1-canary.v20250902162217.js.sri
- clerk-js/5.91.1-canary.v20250902162217/zxcvbn-common_clerk.headless.browser_ec6a45_5.91.1-canary.v20250902162217.min.js.br
- clerk-js/5.91.1-canary.v20250902162217/zxcvbn-common_clerk.headless.browser_ec6a45_5.91.1-canary.v20250902162217.min.js.gz
- clerk-js/5.91.1-canary.v20250902162217/zxcvbn-common_clerk.headless.browser_ec6a45_5.91.1-canary.v20250902162217.min.js.sri
- clerk-js/5.91.1-canary.v20250902162217/zxcvbn-common_clerk.legacy.browser_5528b6_5.91.1-canary.v20250902162217.js.br
- clerk-js/5.91.1-canary.v20250902162217/zxcvbn-common_clerk.legacy.browser_5528b6_5.91.1-canary.v20250902162217.js.gz
- clerk-js/5.91.1-canary.v20250902162217/zxcvbn-common_clerk.legacy.browser_5528b6_5.91.1-canary.v20250902162217.js.sri
- clerk-js/5.91.1-canary.v20250902162217/zxcvbn-common_clerk.legacy.browser_5528b6_5.91.1-canary.v20250902162217.min.js.br
- clerk-js/5.91.1-canary.v20250902162217/zxcvbn-common_clerk.legacy.browser_5528b6_5.91.1-canary.v20250902162217.min.js.gz
- clerk-js/5.91.1-canary.v20250902162217/zxcvbn-common_clerk.legacy.browser_5528b6_5.91.1-canary.v20250902162217.min.js.sri
- clerk-js/5.91.1-canary.v20250902162217/zxcvbn-ts-core_clerk.browser_ca84dc_5.91.1-canary.v20250902162217.js.br
- clerk-js/5.91.1-canary.v20250902162217/zxcvbn-ts-core_clerk.browser_ca84dc_5.91.1-canary.v20250902162217.js.gz
- clerk-js/5.91.1-canary.v20250902162217/zxcvbn-ts-core_clerk.browser_ca84dc_5.91.1-canary.v20250902162217.js.sri
- clerk-js/5.91.1-canary.v20250902162217/zxcvbn-ts-core_clerk.browser_ca84dc_5.91.1-canary.v20250902162217.min.js.br
- clerk-js/5.91.1-canary.v20250902162217/zxcvbn-ts-core_clerk.browser_ca84dc_5.91.1-canary.v20250902162217.min.js.gz
- clerk-js/5.91.1-canary.v20250902162217/zxcvbn-ts-core_clerk.browser_ca84dc_5.91.1-canary.v20250902162217.min.js.sri
- clerk-js/5.91.1-canary.v20250902162217/zxcvbn-ts-core_clerk.chips.browser_b533a3_5.91.1-canary.v20250902162217.js.br
- clerk-js/5.91.1-canary.v20250902162217/zxcvbn-ts-core_clerk.chips.browser_b533a3_5.91.1-canary.v20250902162217.js.gz
- clerk-js/5.91.1-canary.v20250902162217/zxcvbn-ts-core_clerk.chips.browser_b533a3_5.91.1-canary.v20250902162217.js.sri
- clerk-js/5.91.1-canary.v20250902162217/zxcvbn-ts-core_clerk.chips.browser_b533a3_5.91.1-canary.v20250902162217.min.js.br
- clerk-js/5.91.1-canary.v20250902162217/zxcvbn-ts-core_clerk.chips.browser_b533a3_5.91.1-canary.v20250902162217.min.js.gz
- clerk-js/5.91.1-canary.v20250902162217/zxcvbn-ts-core_clerk.chips.browser_b533a3_5.91.1-canary.v20250902162217.min.js.sri
- clerk-js/5.91.1-canary.v20250902162217/zxcvbn-ts-core_clerk.headless.browser_ec6a45_5.91.1-canary.v20250902162217.js.br
- clerk-js/5.91.1-canary.v20250902162217/zxcvbn-ts-core_clerk.headless.browser_ec6a45_5.91.1-canary.v20250902162217.js.gz
- clerk-js/5.91.1-canary.v20250902162217/zxcvbn-ts-core_clerk.headless.browser_ec6a45_5.91.1-canary.v20250902162217.js.sri
- clerk-js/5.91.1-canary.v20250902162217/zxcvbn-ts-core_clerk.headless.browser_ec6a45_5.91.1-canary.v20250902162217.min.js.br
- clerk-js/5.91.1-canary.v20250902162217/zxcvbn-ts-core_clerk.headless.browser_ec6a45_5.91.1-canary.v20250902162217.min.js.gz
- clerk-js/5.91.1-canary.v20250902162217/zxcvbn-ts-core_clerk.headless.browser_ec6a45_5.91.1-canary.v20250902162217.min.js.sri
- clerk-js/5.91.1-canary.v20250902162217/zxcvbn-ts-core_clerk.legacy.browser_5528b6_5.91.1-canary.v20250902162217.js.br
- clerk-js/5.91.1-canary.v20250902162217/zxcvbn-ts-core_clerk.legacy.browser_5528b6_5.91.1-canary.v20250902162217.js.gz
- clerk-js/5.91.1-canary.v20250902162217/zxcvbn-ts-core_clerk.legacy.browser_5528b6_5.91.1-canary.v20250902162217.js.sri
- clerk-js/5.91.1-canary.v20250902162217/zxcvbn-ts-core_clerk.legacy.browser_5528b6_5.91.1-canary.v20250902162217.min.js.br
- clerk-js/5.91.1-canary.v20250902162217/zxcvbn-ts-core_clerk.legacy.browser_5528b6_5.91.1-canary.v20250902162217.min.js.gz
- clerk-js/5.91.1-canary.v20250902162217/zxcvbn-ts-core_clerk.legacy.browser_5528b6_5.91.1-canary.v20250902162217.min.js.sri
