Files:
- clerk-js/5.75.0-canary.v20250718205651/192_clerk.browser_41a7be_5.75.0-canary.v20250718205651.js.br
- clerk-js/5.75.0-canary.v20250718205651/192_clerk.browser_41a7be_5.75.0-canary.v20250718205651.js.gz
- clerk-js/5.75.0-canary.v20250718205651/192_clerk.browser_41a7be_5.75.0-canary.v20250718205651.js.sri
- clerk-js/5.75.0-canary.v20250718205651/192_clerk.browser_41a7be_5.75.0-canary.v20250718205651.min.js.br
- clerk-js/5.75.0-canary.v20250718205651/192_clerk.browser_41a7be_5.75.0-canary.v20250718205651.min.js.gz
- clerk-js/5.75.0-canary.v20250718205651/192_clerk.browser_41a7be_5.75.0-canary.v20250718205651.min.js.sri
- clerk-js/5.75.0-canary.v20250718205651/192_clerk.chips.browser_660552_5.75.0-canary.v20250718205651.js.br
- clerk-js/5.75.0-canary.v20250718205651/192_clerk.chips.browser_660552_5.75.0-canary.v20250718205651.js.gz
- clerk-js/5.75.0-canary.v20250718205651/192_clerk.chips.browser_660552_5.75.0-canary.v20250718205651.js.sri
- clerk-js/5.75.0-canary.v20250718205651/192_clerk.chips.browser_660552_5.75.0-canary.v20250718205651.min.js.br
- clerk-js/5.75.0-canary.v20250718205651/192_clerk.chips.browser_660552_5.75.0-canary.v20250718205651.min.js.gz
- clerk-js/5.75.0-canary.v20250718205651/192_clerk.chips.browser_660552_5.75.0-canary.v20250718205651.min.js.sri
- clerk-js/5.75.0-canary.v20250718205651/192_clerk.legacy.browser_2bd779_5.75.0-canary.v20250718205651.js.br
- clerk-js/5.75.0-canary.v20250718205651/192_clerk.legacy.browser_2bd779_5.75.0-canary.v20250718205651.js.gz
- clerk-js/5.75.0-canary.v20250718205651/192_clerk.legacy.browser_2bd779_5.75.0-canary.v20250718205651.js.sri
- clerk-js/5.75.0-canary.v20250718205651/192_clerk.legacy.browser_2bd779_5.75.0-canary.v20250718205651.min.js.br
- clerk-js/5.75.0-canary.v20250718205651/192_clerk.legacy.browser_2bd779_5.75.0-canary.v20250718205651.min.js.gz
- clerk-js/5.75.0-canary.v20250718205651/192_clerk.legacy.browser_2bd779_5.75.0-canary.v20250718205651.min.js.sri
- clerk-js/5.75.0-canary.v20250718205651/294_clerk.browser_41a7be_5.75.0-canary.v20250718205651.js.br
- clerk-js/5.75.0-canary.v20250718205651/294_clerk.browser_41a7be_5.75.0-canary.v20250718205651.js.gz
- clerk-js/5.75.0-canary.v20250718205651/294_clerk.browser_41a7be_5.75.0-canary.v20250718205651.js.sri
- clerk-js/5.75.0-canary.v20250718205651/294_clerk.browser_41a7be_5.75.0-canary.v20250718205651.min.js.br
- clerk-js/5.75.0-canary.v20250718205651/294_clerk.browser_41a7be_5.75.0-canary.v20250718205651.min.js.gz
- clerk-js/5.75.0-canary.v20250718205651/294_clerk.browser_41a7be_5.75.0-canary.v20250718205651.min.js.sri
- clerk-js/5.75.0-canary.v20250718205651/294_clerk.chips.browser_660552_5.75.0-canary.v20250718205651.js.br
- clerk-js/5.75.0-canary.v20250718205651/294_clerk.chips.browser_660552_5.75.0-canary.v20250718205651.js.gz
- clerk-js/5.75.0-canary.v20250718205651/294_clerk.chips.browser_660552_5.75.0-canary.v20250718205651.js.sri
- clerk-js/5.75.0-canary.v20250718205651/294_clerk.chips.browser_660552_5.75.0-canary.v20250718205651.min.js.br
- clerk-js/5.75.0-canary.v20250718205651/294_clerk.chips.browser_660552_5.75.0-canary.v20250718205651.min.js.gz
- clerk-js/5.75.0-canary.v20250718205651/294_clerk.chips.browser_660552_5.75.0-canary.v20250718205651.min.js.sri
- clerk-js/5.75.0-canary.v20250718205651/294_clerk.legacy.browser_2bd779_5.75.0-canary.v20250718205651.js.br
- clerk-js/5.75.0-canary.v20250718205651/294_clerk.legacy.browser_2bd779_5.75.0-canary.v20250718205651.js.gz
- clerk-js/5.75.0-canary.v20250718205651/294_clerk.legacy.browser_2bd779_5.75.0-canary.v20250718205651.js.sri
- clerk-js/5.75.0-canary.v20250718205651/294_clerk.legacy.browser_2bd779_5.75.0-canary.v20250718205651.min.js.br
- clerk-js/5.75.0-canary.v20250718205651/294_clerk.legacy.browser_2bd779_5.75.0-canary.v20250718205651.min.js.gz
- clerk-js/5.75.0-canary.v20250718205651/294_clerk.legacy.browser_2bd779_5.75.0-canary.v20250718205651.min.js.sri
- clerk-js/5.75.0-canary.v20250718205651/377_clerk.headless_39d13f_5.75.0-canary.v20250718205651.js.br
- clerk-js/5.75.0-canary.v20250718205651/377_clerk.headless_39d13f_5.75.0-canary.v20250718205651.js.gz
- clerk-js/5.75.0-canary.v20250718205651/377_clerk.headless_39d13f_5.75.0-canary.v20250718205651.js.sri
- clerk-js/5.75.0-canary.v20250718205651/377_clerk.headless_39d13f_5.75.0-canary.v20250718205651.min.js.br
- clerk-js/5.75.0-canary.v20250718205651/377_clerk.headless_39d13f_5.75.0-canary.v20250718205651.min.js.gz
- clerk-js/5.75.0-canary.v20250718205651/377_clerk.headless_39d13f_5.75.0-canary.v20250718205651.min.js.sri
- clerk-js/5.75.0-canary.v20250718205651/544_clerk.browser_41a7be_5.75.0-canary.v20250718205651.js.br
- clerk-js/5.75.0-canary.v20250718205651/544_clerk.browser_41a7be_5.75.0-canary.v20250718205651.js.gz
- clerk-js/5.75.0-canary.v20250718205651/544_clerk.browser_41a7be_5.75.0-canary.v20250718205651.js.sri
- clerk-js/5.75.0-canary.v20250718205651/544_clerk.browser_41a7be_5.75.0-canary.v20250718205651.min.js.br
- clerk-js/5.75.0-canary.v20250718205651/544_clerk.browser_41a7be_5.75.0-canary.v20250718205651.min.js.gz
- clerk-js/5.75.0-canary.v20250718205651/544_clerk.browser_41a7be_5.75.0-canary.v20250718205651.min.js.sri
- clerk-js/5.75.0-canary.v20250718205651/544_clerk.chips.browser_660552_5.75.0-canary.v20250718205651.js.br
- clerk-js/5.75.0-canary.v20250718205651/544_clerk.chips.browser_660552_5.75.0-canary.v20250718205651.js.gz
- clerk-js/5.75.0-canary.v20250718205651/544_clerk.chips.browser_660552_5.75.0-canary.v20250718205651.js.sri
- clerk-js/5.75.0-canary.v20250718205651/544_clerk.chips.browser_660552_5.75.0-canary.v20250718205651.min.js.br
- clerk-js/5.75.0-canary.v20250718205651/544_clerk.chips.browser_660552_5.75.0-canary.v20250718205651.min.js.gz
- clerk-js/5.75.0-canary.v20250718205651/544_clerk.chips.browser_660552_5.75.0-canary.v20250718205651.min.js.sri
- clerk-js/5.75.0-canary.v20250718205651/544_clerk.legacy.browser_2bd779_5.75.0-canary.v20250718205651.js.br
- clerk-js/5.75.0-canary.v20250718205651/544_clerk.legacy.browser_2bd779_5.75.0-canary.v20250718205651.js.gz
- clerk-js/5.75.0-canary.v20250718205651/544_clerk.legacy.browser_2bd779_5.75.0-canary.v20250718205651.js.sri
- clerk-js/5.75.0-canary.v20250718205651/544_clerk.legacy.browser_2bd779_5.75.0-canary.v20250718205651.min.js.br
- clerk-js/5.75.0-canary.v20250718205651/544_clerk.legacy.browser_2bd779_5.75.0-canary.v20250718205651.min.js.gz
- clerk-js/5.75.0-canary.v20250718205651/544_clerk.legacy.browser_2bd779_5.75.0-canary.v20250718205651.min.js.sri
- clerk-js/5.75.0-canary.v20250718205651/553_clerk.headless_39d13f_5.75.0-canary.v20250718205651.js.br
- clerk-js/5.75.0-canary.v20250718205651/553_clerk.headless_39d13f_5.75.0-canary.v20250718205651.js.gz
- clerk-js/5.75.0-canary.v20250718205651/553_clerk.headless_39d13f_5.75.0-canary.v20250718205651.js.sri
- clerk-js/5.75.0-canary.v20250718205651/553_clerk.headless_39d13f_5.75.0-canary.v20250718205651.min.js.br
- clerk-js/5.75.0-canary.v20250718205651/553_clerk.headless_39d13f_5.75.0-canary.v20250718205651.min.js.gz
- clerk-js/5.75.0-canary.v20250718205651/553_clerk.headless_39d13f_5.75.0-canary.v20250718205651.min.js.sri
- clerk-js/5.75.0-canary.v20250718205651/645_clerk.browser_41a7be_5.75.0-canary.v20250718205651.js.br
- clerk-js/5.75.0-canary.v20250718205651/645_clerk.browser_41a7be_5.75.0-canary.v20250718205651.js.gz
- clerk-js/5.75.0-canary.v20250718205651/645_clerk.browser_41a7be_5.75.0-canary.v20250718205651.js.sri
- clerk-js/5.75.0-canary.v20250718205651/645_clerk.browser_41a7be_5.75.0-canary.v20250718205651.min.js.br
- clerk-js/5.75.0-canary.v20250718205651/645_clerk.browser_41a7be_5.75.0-canary.v20250718205651.min.js.gz
- clerk-js/5.75.0-canary.v20250718205651/645_clerk.browser_41a7be_5.75.0-canary.v20250718205651.min.js.sri
- clerk-js/5.75.0-canary.v20250718205651/645_clerk.chips.browser_660552_5.75.0-canary.v20250718205651.js.br
- clerk-js/5.75.0-canary.v20250718205651/645_clerk.chips.browser_660552_5.75.0-canary.v20250718205651.js.gz
- clerk-js/5.75.0-canary.v20250718205651/645_clerk.chips.browser_660552_5.75.0-canary.v20250718205651.js.sri
- clerk-js/5.75.0-canary.v20250718205651/645_clerk.chips.browser_660552_5.75.0-canary.v20250718205651.min.js.br
- clerk-js/5.75.0-canary.v20250718205651/645_clerk.chips.browser_660552_5.75.0-canary.v20250718205651.min.js.gz
- clerk-js/5.75.0-canary.v20250718205651/645_clerk.chips.browser_660552_5.75.0-canary.v20250718205651.min.js.sri
- clerk-js/5.75.0-canary.v20250718205651/645_clerk.legacy.browser_2bd779_5.75.0-canary.v20250718205651.js.br
- clerk-js/5.75.0-canary.v20250718205651/645_clerk.legacy.browser_2bd779_5.75.0-canary.v20250718205651.js.gz
- clerk-js/5.75.0-canary.v20250718205651/645_clerk.legacy.browser_2bd779_5.75.0-canary.v20250718205651.js.sri
- clerk-js/5.75.0-canary.v20250718205651/645_clerk.legacy.browser_2bd779_5.75.0-canary.v20250718205651.min.js.br
- clerk-js/5.75.0-canary.v20250718205651/645_clerk.legacy.browser_2bd779_5.75.0-canary.v20250718205651.min.js.gz
- clerk-js/5.75.0-canary.v20250718205651/645_clerk.legacy.browser_2bd779_5.75.0-canary.v20250718205651.min.js.sri
- clerk-js/5.75.0-canary.v20250718205651/66_clerk.browser_41a7be_5.75.0-canary.v20250718205651.js.br
- clerk-js/5.75.0-canary.v20250718205651/66_clerk.browser_41a7be_5.75.0-canary.v20250718205651.js.gz
- clerk-js/5.75.0-canary.v20250718205651/66_clerk.browser_41a7be_5.75.0-canary.v20250718205651.js.sri
- clerk-js/5.75.0-canary.v20250718205651/66_clerk.browser_41a7be_5.75.0-canary.v20250718205651.min.js.br
- clerk-js/5.75.0-canary.v20250718205651/66_clerk.browser_41a7be_5.75.0-canary.v20250718205651.min.js.gz
- clerk-js/5.75.0-canary.v20250718205651/66_clerk.browser_41a7be_5.75.0-canary.v20250718205651.min.js.sri
- clerk-js/5.75.0-canary.v20250718205651/66_clerk.chips.browser_660552_5.75.0-canary.v20250718205651.js.br
- clerk-js/5.75.0-canary.v20250718205651/66_clerk.chips.browser_660552_5.75.0-canary.v20250718205651.js.gz
- clerk-js/5.75.0-canary.v20250718205651/66_clerk.chips.browser_660552_5.75.0-canary.v20250718205651.js.sri
- clerk-js/5.75.0-canary.v20250718205651/66_clerk.chips.browser_660552_5.75.0-canary.v20250718205651.min.js.br
- clerk-js/5.75.0-canary.v20250718205651/66_clerk.chips.browser_660552_5.75.0-canary.v20250718205651.min.js.gz
- clerk-js/5.75.0-canary.v20250718205651/66_clerk.chips.browser_660552_5.75.0-canary.v20250718205651.min.js.sri
- clerk-js/5.75.0-canary.v20250718205651/66_clerk.legacy.browser_2bd779_5.75.0-canary.v20250718205651.js.br
- clerk-js/5.75.0-canary.v20250718205651/66_clerk.legacy.browser_2bd779_5.75.0-canary.v20250718205651.js.gz
- clerk-js/5.75.0-canary.v20250718205651/66_clerk.legacy.browser_2bd779_5.75.0-canary.v20250718205651.js.sri
- clerk-js/5.75.0-canary.v20250718205651/66_clerk.legacy.browser_2bd779_5.75.0-canary.v20250718205651.min.js.br
- clerk-js/5.75.0-canary.v20250718205651/66_clerk.legacy.browser_2bd779_5.75.0-canary.v20250718205651.min.js.gz
- clerk-js/5.75.0-canary.v20250718205651/66_clerk.legacy.browser_2bd779_5.75.0-canary.v20250718205651.min.js.sri
- clerk-js/5.75.0-canary.v20250718205651/890_clerk.headless_39d13f_5.75.0-canary.v20250718205651.js.br
- clerk-js/5.75.0-canary.v20250718205651/890_clerk.headless_39d13f_5.75.0-canary.v20250718205651.js.gz
- clerk-js/5.75.0-canary.v20250718205651/890_clerk.headless_39d13f_5.75.0-canary.v20250718205651.js.sri
- clerk-js/5.75.0-canary.v20250718205651/890_clerk.headless_39d13f_5.75.0-canary.v20250718205651.min.js.br
- clerk-js/5.75.0-canary.v20250718205651/890_clerk.headless_39d13f_5.75.0-canary.v20250718205651.min.js.gz
- clerk-js/5.75.0-canary.v20250718205651/890_clerk.headless_39d13f_5.75.0-canary.v20250718205651.min.js.sri
- clerk-js/5.75.0-canary.v20250718205651/965_clerk.headless_39d13f_5.75.0-canary.v20250718205651.js.br
- clerk-js/5.75.0-canary.v20250718205651/965_clerk.headless_39d13f_5.75.0-canary.v20250718205651.js.gz
- clerk-js/5.75.0-canary.v20250718205651/965_clerk.headless_39d13f_5.75.0-canary.v20250718205651.js.sri
- clerk-js/5.75.0-canary.v20250718205651/965_clerk.headless_39d13f_5.75.0-canary.v20250718205651.min.js.br
- clerk-js/5.75.0-canary.v20250718205651/965_clerk.headless_39d13f_5.75.0-canary.v20250718205651.min.js.gz
- clerk-js/5.75.0-canary.v20250718205651/965_clerk.headless_39d13f_5.75.0-canary.v20250718205651.min.js.sri
- clerk-js/5.75.0-canary.v20250718205651/apiKeys_clerk.browser_41a7be_5.75.0-canary.v20250718205651.js.br
- clerk-js/5.75.0-canary.v20250718205651/apiKeys_clerk.browser_41a7be_5.75.0-canary.v20250718205651.js.gz
- clerk-js/5.75.0-canary.v20250718205651/apiKeys_clerk.browser_41a7be_5.75.0-canary.v20250718205651.js.sri
- clerk-js/5.75.0-canary.v20250718205651/apiKeys_clerk.browser_41a7be_5.75.0-canary.v20250718205651.min.js.br
- clerk-js/5.75.0-canary.v20250718205651/apiKeys_clerk.browser_41a7be_5.75.0-canary.v20250718205651.min.js.gz
- clerk-js/5.75.0-canary.v20250718205651/apiKeys_clerk.browser_41a7be_5.75.0-canary.v20250718205651.min.js.sri
- clerk-js/5.75.0-canary.v20250718205651/apiKeys_clerk.chips.browser_660552_5.75.0-canary.v20250718205651.js.br
- clerk-js/5.75.0-canary.v20250718205651/apiKeys_clerk.chips.browser_660552_5.75.0-canary.v20250718205651.js.gz
- clerk-js/5.75.0-canary.v20250718205651/apiKeys_clerk.chips.browser_660552_5.75.0-canary.v20250718205651.js.sri
- clerk-js/5.75.0-canary.v20250718205651/apiKeys_clerk.chips.browser_660552_5.75.0-canary.v20250718205651.min.js.br
- clerk-js/5.75.0-canary.v20250718205651/apiKeys_clerk.chips.browser_660552_5.75.0-canary.v20250718205651.min.js.gz
- clerk-js/5.75.0-canary.v20250718205651/apiKeys_clerk.chips.browser_660552_5.75.0-canary.v20250718205651.min.js.sri
- clerk-js/5.75.0-canary.v20250718205651/apiKeys_clerk.legacy.browser_2bd779_5.75.0-canary.v20250718205651.js.br
- clerk-js/5.75.0-canary.v20250718205651/apiKeys_clerk.legacy.browser_2bd779_5.75.0-canary.v20250718205651.js.gz
- clerk-js/5.75.0-canary.v20250718205651/apiKeys_clerk.legacy.browser_2bd779_5.75.0-canary.v20250718205651.js.sri
- clerk-js/5.75.0-canary.v20250718205651/apiKeys_clerk.legacy.browser_2bd779_5.75.0-canary.v20250718205651.min.js.br
- clerk-js/5.75.0-canary.v20250718205651/apiKeys_clerk.legacy.browser_2bd779_5.75.0-canary.v20250718205651.min.js.gz
- clerk-js/5.75.0-canary.v20250718205651/apiKeys_clerk.legacy.browser_2bd779_5.75.0-canary.v20250718205651.min.js.sri
- clerk-js/5.75.0-canary.v20250718205651/blankcaptcha_clerk.browser_41a7be_5.75.0-canary.v20250718205651.js.br
- clerk-js/5.75.0-canary.v20250718205651/blankcaptcha_clerk.browser_41a7be_5.75.0-canary.v20250718205651.js.gz
- clerk-js/5.75.0-canary.v20250718205651/blankcaptcha_clerk.browser_41a7be_5.75.0-canary.v20250718205651.js.sri
- clerk-js/5.75.0-canary.v20250718205651/blankcaptcha_clerk.browser_41a7be_5.75.0-canary.v20250718205651.min.js.br
- clerk-js/5.75.0-canary.v20250718205651/blankcaptcha_clerk.browser_41a7be_5.75.0-canary.v20250718205651.min.js.gz
- clerk-js/5.75.0-canary.v20250718205651/blankcaptcha_clerk.browser_41a7be_5.75.0-canary.v20250718205651.min.js.sri
- clerk-js/5.75.0-canary.v20250718205651/blankcaptcha_clerk.chips.browser_660552_5.75.0-canary.v20250718205651.js.br
- clerk-js/5.75.0-canary.v20250718205651/blankcaptcha_clerk.chips.browser_660552_5.75.0-canary.v20250718205651.js.gz
- clerk-js/5.75.0-canary.v20250718205651/blankcaptcha_clerk.chips.browser_660552_5.75.0-canary.v20250718205651.js.sri
- clerk-js/5.75.0-canary.v20250718205651/blankcaptcha_clerk.chips.browser_660552_5.75.0-canary.v20250718205651.min.js.br
- clerk-js/5.75.0-canary.v20250718205651/blankcaptcha_clerk.chips.browser_660552_5.75.0-canary.v20250718205651.min.js.gz
- clerk-js/5.75.0-canary.v20250718205651/blankcaptcha_clerk.chips.browser_660552_5.75.0-canary.v20250718205651.min.js.sri
- clerk-js/5.75.0-canary.v20250718205651/blankcaptcha_clerk.legacy.browser_2bd779_5.75.0-canary.v20250718205651.js.br
- clerk-js/5.75.0-canary.v20250718205651/blankcaptcha_clerk.legacy.browser_2bd779_5.75.0-canary.v20250718205651.js.gz
- clerk-js/5.75.0-canary.v20250718205651/blankcaptcha_clerk.legacy.browser_2bd779_5.75.0-canary.v20250718205651.js.sri
- clerk-js/5.75.0-canary.v20250718205651/blankcaptcha_clerk.legacy.browser_2bd779_5.75.0-canary.v20250718205651.min.js.br
- clerk-js/5.75.0-canary.v20250718205651/blankcaptcha_clerk.legacy.browser_2bd779_5.75.0-canary.v20250718205651.min.js.gz
- clerk-js/5.75.0-canary.v20250718205651/blankcaptcha_clerk.legacy.browser_2bd779_5.75.0-canary.v20250718205651.min.js.sri
- clerk-js/5.75.0-canary.v20250718205651/checkout_clerk.browser_41a7be_5.75.0-canary.v20250718205651.js.br
- clerk-js/5.75.0-canary.v20250718205651/checkout_clerk.browser_41a7be_5.75.0-canary.v20250718205651.js.gz
- clerk-js/5.75.0-canary.v20250718205651/checkout_clerk.browser_41a7be_5.75.0-canary.v20250718205651.js.sri
- clerk-js/5.75.0-canary.v20250718205651/checkout_clerk.browser_41a7be_5.75.0-canary.v20250718205651.min.js.br
- clerk-js/5.75.0-canary.v20250718205651/checkout_clerk.browser_41a7be_5.75.0-canary.v20250718205651.min.js.gz
- clerk-js/5.75.0-canary.v20250718205651/checkout_clerk.browser_41a7be_5.75.0-canary.v20250718205651.min.js.sri
- clerk-js/5.75.0-canary.v20250718205651/checkout_clerk.chips.browser_660552_5.75.0-canary.v20250718205651.js.br
- clerk-js/5.75.0-canary.v20250718205651/checkout_clerk.chips.browser_660552_5.75.0-canary.v20250718205651.js.gz
- clerk-js/5.75.0-canary.v20250718205651/checkout_clerk.chips.browser_660552_5.75.0-canary.v20250718205651.js.sri
- clerk-js/5.75.0-canary.v20250718205651/checkout_clerk.chips.browser_660552_5.75.0-canary.v20250718205651.min.js.br
- clerk-js/5.75.0-canary.v20250718205651/checkout_clerk.chips.browser_660552_5.75.0-canary.v20250718205651.min.js.gz
- clerk-js/5.75.0-canary.v20250718205651/checkout_clerk.chips.browser_660552_5.75.0-canary.v20250718205651.min.js.sri
- clerk-js/5.75.0-canary.v20250718205651/checkout_clerk.legacy.browser_2bd779_5.75.0-canary.v20250718205651.js.br
- clerk-js/5.75.0-canary.v20250718205651/checkout_clerk.legacy.browser_2bd779_5.75.0-canary.v20250718205651.js.gz
- clerk-js/5.75.0-canary.v20250718205651/checkout_clerk.legacy.browser_2bd779_5.75.0-canary.v20250718205651.js.sri
- clerk-js/5.75.0-canary.v20250718205651/checkout_clerk.legacy.browser_2bd779_5.75.0-canary.v20250718205651.min.js.br
- clerk-js/5.75.0-canary.v20250718205651/checkout_clerk.legacy.browser_2bd779_5.75.0-canary.v20250718205651.min.js.gz
- clerk-js/5.75.0-canary.v20250718205651/checkout_clerk.legacy.browser_2bd779_5.75.0-canary.v20250718205651.min.js.sri
- clerk-js/5.75.0-canary.v20250718205651/clerk.browser.js.br
- clerk-js/5.75.0-canary.v20250718205651/clerk.browser.js.gz
- clerk-js/5.75.0-canary.v20250718205651/clerk.browser.js.sri
- clerk-js/5.75.0-canary.v20250718205651/clerk.browser.min.js.br
- clerk-js/5.75.0-canary.v20250718205651/clerk.browser.min.js.gz
- clerk-js/5.75.0-canary.v20250718205651/clerk.browser.min.js.sri
- clerk-js/5.75.0-canary.v20250718205651/clerk.chips.browser.js.br
- clerk-js/5.75.0-canary.v20250718205651/clerk.chips.browser.js.gz
- clerk-js/5.75.0-canary.v20250718205651/clerk.chips.browser.js.sri
- clerk-js/5.75.0-canary.v20250718205651/clerk.chips.browser.min.js.br
- clerk-js/5.75.0-canary.v20250718205651/clerk.chips.browser.min.js.gz
- clerk-js/5.75.0-canary.v20250718205651/clerk.chips.browser.min.js.sri
- clerk-js/5.75.0-canary.v20250718205651/clerk.headless.browser.js.br
- clerk-js/5.75.0-canary.v20250718205651/clerk.headless.browser.js.gz
- clerk-js/5.75.0-canary.v20250718205651/clerk.headless.browser.js.sri
- clerk-js/5.75.0-canary.v20250718205651/clerk.headless.browser.min.js.br
- clerk-js/5.75.0-canary.v20250718205651/clerk.headless.browser.min.js.gz
- clerk-js/5.75.0-canary.v20250718205651/clerk.headless.browser.min.js.sri
- clerk-js/5.75.0-canary.v20250718205651/clerk.headless.js.br
- clerk-js/5.75.0-canary.v20250718205651/clerk.headless.js.gz
- clerk-js/5.75.0-canary.v20250718205651/clerk.headless.js.sri
- clerk-js/5.75.0-canary.v20250718205651/clerk.headless.min.js.br
- clerk-js/5.75.0-canary.v20250718205651/clerk.headless.min.js.gz
- clerk-js/5.75.0-canary.v20250718205651/clerk.headless.min.js.sri
- clerk-js/5.75.0-canary.v20250718205651/clerk.js.br
- clerk-js/5.75.0-canary.v20250718205651/clerk.js.gz
- clerk-js/5.75.0-canary.v20250718205651/clerk.js.sri
- clerk-js/5.75.0-canary.v20250718205651/clerk.legacy.browser.js.br
- clerk-js/5.75.0-canary.v20250718205651/clerk.legacy.browser.js.gz
- clerk-js/5.75.0-canary.v20250718205651/clerk.legacy.browser.js.sri
- clerk-js/5.75.0-canary.v20250718205651/clerk.legacy.browser.min.js.br
- clerk-js/5.75.0-canary.v20250718205651/clerk.legacy.browser.min.js.gz
- clerk-js/5.75.0-canary.v20250718205651/clerk.legacy.browser.min.js.sri
- clerk-js/5.75.0-canary.v20250718205651/clerk.min.js.br
- clerk-js/5.75.0-canary.v20250718205651/clerk.min.js.gz
- clerk-js/5.75.0-canary.v20250718205651/clerk.min.js.sri
- clerk-js/5.75.0-canary.v20250718205651/clerk.mjs.br
- clerk-js/5.75.0-canary.v20250718205651/clerk.mjs.gz
- clerk-js/5.75.0-canary.v20250718205651/clerk.no-rhc.js.br
- clerk-js/5.75.0-canary.v20250718205651/clerk.no-rhc.js.gz
- clerk-js/5.75.0-canary.v20250718205651/clerk.no-rhc.js.sri
- clerk-js/5.75.0-canary.v20250718205651/clerk.no-rhc.min.js.br
- clerk-js/5.75.0-canary.v20250718205651/clerk.no-rhc.min.js.gz
- clerk-js/5.75.0-canary.v20250718205651/clerk.no-rhc.min.js.sri
- clerk-js/5.75.0-canary.v20250718205651/clerk.no-rhc.mjs.br
- clerk-js/5.75.0-canary.v20250718205651/clerk.no-rhc.mjs.gz
- clerk-js/5.75.0-canary.v20250718205651/coinbase-wallet-sdk_clerk.browser_41a7be_5.75.0-canary.v20250718205651.js.br
- clerk-js/5.75.0-canary.v20250718205651/coinbase-wallet-sdk_clerk.browser_41a7be_5.75.0-canary.v20250718205651.js.gz
- clerk-js/5.75.0-canary.v20250718205651/coinbase-wallet-sdk_clerk.browser_41a7be_5.75.0-canary.v20250718205651.js.sri
- clerk-js/5.75.0-canary.v20250718205651/coinbase-wallet-sdk_clerk.browser_41a7be_5.75.0-canary.v20250718205651.min.js.br
- clerk-js/5.75.0-canary.v20250718205651/coinbase-wallet-sdk_clerk.browser_41a7be_5.75.0-canary.v20250718205651.min.js.gz
- clerk-js/5.75.0-canary.v20250718205651/coinbase-wallet-sdk_clerk.browser_41a7be_5.75.0-canary.v20250718205651.min.js.sri
- clerk-js/5.75.0-canary.v20250718205651/coinbase-wallet-sdk_clerk.chips.browser_660552_5.75.0-canary.v20250718205651.js.br
- clerk-js/5.75.0-canary.v20250718205651/coinbase-wallet-sdk_clerk.chips.browser_660552_5.75.0-canary.v20250718205651.js.gz
- clerk-js/5.75.0-canary.v20250718205651/coinbase-wallet-sdk_clerk.chips.browser_660552_5.75.0-canary.v20250718205651.js.sri
- clerk-js/5.75.0-canary.v20250718205651/coinbase-wallet-sdk_clerk.chips.browser_660552_5.75.0-canary.v20250718205651.min.js.br
- clerk-js/5.75.0-canary.v20250718205651/coinbase-wallet-sdk_clerk.chips.browser_660552_5.75.0-canary.v20250718205651.min.js.gz
- clerk-js/5.75.0-canary.v20250718205651/coinbase-wallet-sdk_clerk.chips.browser_660552_5.75.0-canary.v20250718205651.min.js.sri
- clerk-js/5.75.0-canary.v20250718205651/coinbase-wallet-sdk_clerk.headless.browser_d4e62c_5.75.0-canary.v20250718205651.js.br
- clerk-js/5.75.0-canary.v20250718205651/coinbase-wallet-sdk_clerk.headless.browser_d4e62c_5.75.0-canary.v20250718205651.js.gz
- clerk-js/5.75.0-canary.v20250718205651/coinbase-wallet-sdk_clerk.headless.browser_d4e62c_5.75.0-canary.v20250718205651.js.sri
- clerk-js/5.75.0-canary.v20250718205651/coinbase-wallet-sdk_clerk.headless.browser_d4e62c_5.75.0-canary.v20250718205651.min.js.br
- clerk-js/5.75.0-canary.v20250718205651/coinbase-wallet-sdk_clerk.headless.browser_d4e62c_5.75.0-canary.v20250718205651.min.js.gz
- clerk-js/5.75.0-canary.v20250718205651/coinbase-wallet-sdk_clerk.headless.browser_d4e62c_5.75.0-canary.v20250718205651.min.js.sri
- clerk-js/5.75.0-canary.v20250718205651/coinbase-wallet-sdk_clerk.legacy.browser_2bd779_5.75.0-canary.v20250718205651.js.br
- clerk-js/5.75.0-canary.v20250718205651/coinbase-wallet-sdk_clerk.legacy.browser_2bd779_5.75.0-canary.v20250718205651.js.gz
- clerk-js/5.75.0-canary.v20250718205651/coinbase-wallet-sdk_clerk.legacy.browser_2bd779_5.75.0-canary.v20250718205651.js.sri
- clerk-js/5.75.0-canary.v20250718205651/coinbase-wallet-sdk_clerk.legacy.browser_2bd779_5.75.0-canary.v20250718205651.min.js.br
- clerk-js/5.75.0-canary.v20250718205651/coinbase-wallet-sdk_clerk.legacy.browser_2bd779_5.75.0-canary.v20250718205651.min.js.gz
- clerk-js/5.75.0-canary.v20250718205651/coinbase-wallet-sdk_clerk.legacy.browser_2bd779_5.75.0-canary.v20250718205651.min.js.sri
- clerk-js/5.75.0-canary.v20250718205651/cookieSuffix_clerk.browser_41a7be_5.75.0-canary.v20250718205651.js.br
- clerk-js/5.75.0-canary.v20250718205651/cookieSuffix_clerk.browser_41a7be_5.75.0-canary.v20250718205651.js.gz
- clerk-js/5.75.0-canary.v20250718205651/cookieSuffix_clerk.browser_41a7be_5.75.0-canary.v20250718205651.js.sri
- clerk-js/5.75.0-canary.v20250718205651/cookieSuffix_clerk.browser_41a7be_5.75.0-canary.v20250718205651.min.js.br
- clerk-js/5.75.0-canary.v20250718205651/cookieSuffix_clerk.browser_41a7be_5.75.0-canary.v20250718205651.min.js.gz
- clerk-js/5.75.0-canary.v20250718205651/cookieSuffix_clerk.browser_41a7be_5.75.0-canary.v20250718205651.min.js.sri
- clerk-js/5.75.0-canary.v20250718205651/cookieSuffix_clerk.chips.browser_660552_5.75.0-canary.v20250718205651.js.br
- clerk-js/5.75.0-canary.v20250718205651/cookieSuffix_clerk.chips.browser_660552_5.75.0-canary.v20250718205651.js.gz
- clerk-js/5.75.0-canary.v20250718205651/cookieSuffix_clerk.chips.browser_660552_5.75.0-canary.v20250718205651.js.sri
- clerk-js/5.75.0-canary.v20250718205651/cookieSuffix_clerk.chips.browser_660552_5.75.0-canary.v20250718205651.min.js.br
- clerk-js/5.75.0-canary.v20250718205651/cookieSuffix_clerk.chips.browser_660552_5.75.0-canary.v20250718205651.min.js.gz
- clerk-js/5.75.0-canary.v20250718205651/cookieSuffix_clerk.chips.browser_660552_5.75.0-canary.v20250718205651.min.js.sri
- clerk-js/5.75.0-canary.v20250718205651/cookieSuffix_clerk.headless.browser_d4e62c_5.75.0-canary.v20250718205651.js.br
- clerk-js/5.75.0-canary.v20250718205651/cookieSuffix_clerk.headless.browser_d4e62c_5.75.0-canary.v20250718205651.js.gz
- clerk-js/5.75.0-canary.v20250718205651/cookieSuffix_clerk.headless.browser_d4e62c_5.75.0-canary.v20250718205651.js.sri
- clerk-js/5.75.0-canary.v20250718205651/cookieSuffix_clerk.headless.browser_d4e62c_5.75.0-canary.v20250718205651.min.js.br
- clerk-js/5.75.0-canary.v20250718205651/cookieSuffix_clerk.headless.browser_d4e62c_5.75.0-canary.v20250718205651.min.js.gz
- clerk-js/5.75.0-canary.v20250718205651/cookieSuffix_clerk.headless.browser_d4e62c_5.75.0-canary.v20250718205651.min.js.sri
- clerk-js/5.75.0-canary.v20250718205651/cookieSuffix_clerk.headless_39d13f_5.75.0-canary.v20250718205651.js.br
- clerk-js/5.75.0-canary.v20250718205651/cookieSuffix_clerk.headless_39d13f_5.75.0-canary.v20250718205651.js.gz
- clerk-js/5.75.0-canary.v20250718205651/cookieSuffix_clerk.headless_39d13f_5.75.0-canary.v20250718205651.js.sri
- clerk-js/5.75.0-canary.v20250718205651/cookieSuffix_clerk.headless_39d13f_5.75.0-canary.v20250718205651.min.js.br
- clerk-js/5.75.0-canary.v20250718205651/cookieSuffix_clerk.headless_39d13f_5.75.0-canary.v20250718205651.min.js.gz
- clerk-js/5.75.0-canary.v20250718205651/cookieSuffix_clerk.headless_39d13f_5.75.0-canary.v20250718205651.min.js.sri
- clerk-js/5.75.0-canary.v20250718205651/cookieSuffix_clerk.legacy.browser_2bd779_5.75.0-canary.v20250718205651.js.br
- clerk-js/5.75.0-canary.v20250718205651/cookieSuffix_clerk.legacy.browser_2bd779_5.75.0-canary.v20250718205651.js.gz
- clerk-js/5.75.0-canary.v20250718205651/cookieSuffix_clerk.legacy.browser_2bd779_5.75.0-canary.v20250718205651.js.sri
- clerk-js/5.75.0-canary.v20250718205651/cookieSuffix_clerk.legacy.browser_2bd779_5.75.0-canary.v20250718205651.min.js.br
- clerk-js/5.75.0-canary.v20250718205651/cookieSuffix_clerk.legacy.browser_2bd779_5.75.0-canary.v20250718205651.min.js.gz
- clerk-js/5.75.0-canary.v20250718205651/cookieSuffix_clerk.legacy.browser_2bd779_5.75.0-canary.v20250718205651.min.js.sri
- clerk-js/5.75.0-canary.v20250718205651/createorganization_clerk.browser_41a7be_5.75.0-canary.v20250718205651.js.br
- clerk-js/5.75.0-canary.v20250718205651/createorganization_clerk.browser_41a7be_5.75.0-canary.v20250718205651.js.gz
- clerk-js/5.75.0-canary.v20250718205651/createorganization_clerk.browser_41a7be_5.75.0-canary.v20250718205651.js.sri
- clerk-js/5.75.0-canary.v20250718205651/createorganization_clerk.browser_41a7be_5.75.0-canary.v20250718205651.min.js.br
- clerk-js/5.75.0-canary.v20250718205651/createorganization_clerk.browser_41a7be_5.75.0-canary.v20250718205651.min.js.gz
- clerk-js/5.75.0-canary.v20250718205651/createorganization_clerk.browser_41a7be_5.75.0-canary.v20250718205651.min.js.sri
- clerk-js/5.75.0-canary.v20250718205651/createorganization_clerk.chips.browser_660552_5.75.0-canary.v20250718205651.js.br
- clerk-js/5.75.0-canary.v20250718205651/createorganization_clerk.chips.browser_660552_5.75.0-canary.v20250718205651.js.gz
- clerk-js/5.75.0-canary.v20250718205651/createorganization_clerk.chips.browser_660552_5.75.0-canary.v20250718205651.js.sri
- clerk-js/5.75.0-canary.v20250718205651/createorganization_clerk.chips.browser_660552_5.75.0-canary.v20250718205651.min.js.br
- clerk-js/5.75.0-canary.v20250718205651/createorganization_clerk.chips.browser_660552_5.75.0-canary.v20250718205651.min.js.gz
- clerk-js/5.75.0-canary.v20250718205651/createorganization_clerk.chips.browser_660552_5.75.0-canary.v20250718205651.min.js.sri
- clerk-js/5.75.0-canary.v20250718205651/createorganization_clerk.legacy.browser_2bd779_5.75.0-canary.v20250718205651.js.br
- clerk-js/5.75.0-canary.v20250718205651/createorganization_clerk.legacy.browser_2bd779_5.75.0-canary.v20250718205651.js.gz
- clerk-js/5.75.0-canary.v20250718205651/createorganization_clerk.legacy.browser_2bd779_5.75.0-canary.v20250718205651.js.sri
- clerk-js/5.75.0-canary.v20250718205651/createorganization_clerk.legacy.browser_2bd779_5.75.0-canary.v20250718205651.min.js.br
- clerk-js/5.75.0-canary.v20250718205651/createorganization_clerk.legacy.browser_2bd779_5.75.0-canary.v20250718205651.min.js.gz
- clerk-js/5.75.0-canary.v20250718205651/createorganization_clerk.legacy.browser_2bd779_5.75.0-canary.v20250718205651.min.js.sri
- clerk-js/5.75.0-canary.v20250718205651/framework_clerk.browser_41a7be_5.75.0-canary.v20250718205651.js.br
- clerk-js/5.75.0-canary.v20250718205651/framework_clerk.browser_41a7be_5.75.0-canary.v20250718205651.js.gz
- clerk-js/5.75.0-canary.v20250718205651/framework_clerk.browser_41a7be_5.75.0-canary.v20250718205651.js.sri
- clerk-js/5.75.0-canary.v20250718205651/framework_clerk.browser_41a7be_5.75.0-canary.v20250718205651.min.js.br
- clerk-js/5.75.0-canary.v20250718205651/framework_clerk.browser_41a7be_5.75.0-canary.v20250718205651.min.js.gz
- clerk-js/5.75.0-canary.v20250718205651/framework_clerk.browser_41a7be_5.75.0-canary.v20250718205651.min.js.sri
- clerk-js/5.75.0-canary.v20250718205651/framework_clerk.chips.browser_660552_5.75.0-canary.v20250718205651.js.br
- clerk-js/5.75.0-canary.v20250718205651/framework_clerk.chips.browser_660552_5.75.0-canary.v20250718205651.js.gz
- clerk-js/5.75.0-canary.v20250718205651/framework_clerk.chips.browser_660552_5.75.0-canary.v20250718205651.js.sri
- clerk-js/5.75.0-canary.v20250718205651/framework_clerk.chips.browser_660552_5.75.0-canary.v20250718205651.min.js.br
- clerk-js/5.75.0-canary.v20250718205651/framework_clerk.chips.browser_660552_5.75.0-canary.v20250718205651.min.js.gz
- clerk-js/5.75.0-canary.v20250718205651/framework_clerk.chips.browser_660552_5.75.0-canary.v20250718205651.min.js.sri
- clerk-js/5.75.0-canary.v20250718205651/framework_clerk.legacy.browser_2bd779_5.75.0-canary.v20250718205651.js.br
- clerk-js/5.75.0-canary.v20250718205651/framework_clerk.legacy.browser_2bd779_5.75.0-canary.v20250718205651.js.gz
- clerk-js/5.75.0-canary.v20250718205651/framework_clerk.legacy.browser_2bd779_5.75.0-canary.v20250718205651.js.sri
- clerk-js/5.75.0-canary.v20250718205651/framework_clerk.legacy.browser_2bd779_5.75.0-canary.v20250718205651.min.js.br
- clerk-js/5.75.0-canary.v20250718205651/framework_clerk.legacy.browser_2bd779_5.75.0-canary.v20250718205651.min.js.gz
- clerk-js/5.75.0-canary.v20250718205651/framework_clerk.legacy.browser_2bd779_5.75.0-canary.v20250718205651.min.js.sri
- clerk-js/5.75.0-canary.v20250718205651/impersonationfab_clerk.browser_41a7be_5.75.0-canary.v20250718205651.js.br
- clerk-js/5.75.0-canary.v20250718205651/impersonationfab_clerk.browser_41a7be_5.75.0-canary.v20250718205651.js.gz
- clerk-js/5.75.0-canary.v20250718205651/impersonationfab_clerk.browser_41a7be_5.75.0-canary.v20250718205651.js.sri
- clerk-js/5.75.0-canary.v20250718205651/impersonationfab_clerk.browser_41a7be_5.75.0-canary.v20250718205651.min.js.br
- clerk-js/5.75.0-canary.v20250718205651/impersonationfab_clerk.browser_41a7be_5.75.0-canary.v20250718205651.min.js.gz
- clerk-js/5.75.0-canary.v20250718205651/impersonationfab_clerk.browser_41a7be_5.75.0-canary.v20250718205651.min.js.sri
- clerk-js/5.75.0-canary.v20250718205651/impersonationfab_clerk.chips.browser_660552_5.75.0-canary.v20250718205651.js.br
- clerk-js/5.75.0-canary.v20250718205651/impersonationfab_clerk.chips.browser_660552_5.75.0-canary.v20250718205651.js.gz
- clerk-js/5.75.0-canary.v20250718205651/impersonationfab_clerk.chips.browser_660552_5.75.0-canary.v20250718205651.js.sri
- clerk-js/5.75.0-canary.v20250718205651/impersonationfab_clerk.chips.browser_660552_5.75.0-canary.v20250718205651.min.js.br
- clerk-js/5.75.0-canary.v20250718205651/impersonationfab_clerk.chips.browser_660552_5.75.0-canary.v20250718205651.min.js.gz
- clerk-js/5.75.0-canary.v20250718205651/impersonationfab_clerk.chips.browser_660552_5.75.0-canary.v20250718205651.min.js.sri
- clerk-js/5.75.0-canary.v20250718205651/impersonationfab_clerk.legacy.browser_2bd779_5.75.0-canary.v20250718205651.js.br
- clerk-js/5.75.0-canary.v20250718205651/impersonationfab_clerk.legacy.browser_2bd779_5.75.0-canary.v20250718205651.js.gz
- clerk-js/5.75.0-canary.v20250718205651/impersonationfab_clerk.legacy.browser_2bd779_5.75.0-canary.v20250718205651.js.sri
- clerk-js/5.75.0-canary.v20250718205651/impersonationfab_clerk.legacy.browser_2bd779_5.75.0-canary.v20250718205651.min.js.br
- clerk-js/5.75.0-canary.v20250718205651/impersonationfab_clerk.legacy.browser_2bd779_5.75.0-canary.v20250718205651.min.js.gz
- clerk-js/5.75.0-canary.v20250718205651/impersonationfab_clerk.legacy.browser_2bd779_5.75.0-canary.v20250718205651.min.js.sri
- clerk-js/5.75.0-canary.v20250718205651/keylessPrompt_clerk.browser_41a7be_5.75.0-canary.v20250718205651.js.br
- clerk-js/5.75.0-canary.v20250718205651/keylessPrompt_clerk.browser_41a7be_5.75.0-canary.v20250718205651.js.gz
- clerk-js/5.75.0-canary.v20250718205651/keylessPrompt_clerk.browser_41a7be_5.75.0-canary.v20250718205651.js.sri
- clerk-js/5.75.0-canary.v20250718205651/keylessPrompt_clerk.browser_41a7be_5.75.0-canary.v20250718205651.min.js.br
- clerk-js/5.75.0-canary.v20250718205651/keylessPrompt_clerk.browser_41a7be_5.75.0-canary.v20250718205651.min.js.gz
- clerk-js/5.75.0-canary.v20250718205651/keylessPrompt_clerk.browser_41a7be_5.75.0-canary.v20250718205651.min.js.sri
- clerk-js/5.75.0-canary.v20250718205651/keylessPrompt_clerk.chips.browser_660552_5.75.0-canary.v20250718205651.js.br
- clerk-js/5.75.0-canary.v20250718205651/keylessPrompt_clerk.chips.browser_660552_5.75.0-canary.v20250718205651.js.gz
- clerk-js/5.75.0-canary.v20250718205651/keylessPrompt_clerk.chips.browser_660552_5.75.0-canary.v20250718205651.js.sri
- clerk-js/5.75.0-canary.v20250718205651/keylessPrompt_clerk.chips.browser_660552_5.75.0-canary.v20250718205651.min.js.br
- clerk-js/5.75.0-canary.v20250718205651/keylessPrompt_clerk.chips.browser_660552_5.75.0-canary.v20250718205651.min.js.gz
- clerk-js/5.75.0-canary.v20250718205651/keylessPrompt_clerk.chips.browser_660552_5.75.0-canary.v20250718205651.min.js.sri
- clerk-js/5.75.0-canary.v20250718205651/keylessPrompt_clerk.legacy.browser_2bd779_5.75.0-canary.v20250718205651.js.br
- clerk-js/5.75.0-canary.v20250718205651/keylessPrompt_clerk.legacy.browser_2bd779_5.75.0-canary.v20250718205651.js.gz
- clerk-js/5.75.0-canary.v20250718205651/keylessPrompt_clerk.legacy.browser_2bd779_5.75.0-canary.v20250718205651.js.sri
- clerk-js/5.75.0-canary.v20250718205651/keylessPrompt_clerk.legacy.browser_2bd779_5.75.0-canary.v20250718205651.min.js.br
- clerk-js/5.75.0-canary.v20250718205651/keylessPrompt_clerk.legacy.browser_2bd779_5.75.0-canary.v20250718205651.min.js.gz
- clerk-js/5.75.0-canary.v20250718205651/keylessPrompt_clerk.legacy.browser_2bd779_5.75.0-canary.v20250718205651.min.js.sri
- clerk-js/5.75.0-canary.v20250718205651/oauthConsent_clerk.browser_41a7be_5.75.0-canary.v20250718205651.js.br
- clerk-js/5.75.0-canary.v20250718205651/oauthConsent_clerk.browser_41a7be_5.75.0-canary.v20250718205651.js.gz
- clerk-js/5.75.0-canary.v20250718205651/oauthConsent_clerk.browser_41a7be_5.75.0-canary.v20250718205651.js.sri
- clerk-js/5.75.0-canary.v20250718205651/oauthConsent_clerk.browser_41a7be_5.75.0-canary.v20250718205651.min.js.br
- clerk-js/5.75.0-canary.v20250718205651/oauthConsent_clerk.browser_41a7be_5.75.0-canary.v20250718205651.min.js.gz
- clerk-js/5.75.0-canary.v20250718205651/oauthConsent_clerk.browser_41a7be_5.75.0-canary.v20250718205651.min.js.sri
- clerk-js/5.75.0-canary.v20250718205651/oauthConsent_clerk.chips.browser_660552_5.75.0-canary.v20250718205651.js.br
- clerk-js/5.75.0-canary.v20250718205651/oauthConsent_clerk.chips.browser_660552_5.75.0-canary.v20250718205651.js.gz
- clerk-js/5.75.0-canary.v20250718205651/oauthConsent_clerk.chips.browser_660552_5.75.0-canary.v20250718205651.js.sri
- clerk-js/5.75.0-canary.v20250718205651/oauthConsent_clerk.chips.browser_660552_5.75.0-canary.v20250718205651.min.js.br
- clerk-js/5.75.0-canary.v20250718205651/oauthConsent_clerk.chips.browser_660552_5.75.0-canary.v20250718205651.min.js.gz
- clerk-js/5.75.0-canary.v20250718205651/oauthConsent_clerk.chips.browser_660552_5.75.0-canary.v20250718205651.min.js.sri
- clerk-js/5.75.0-canary.v20250718205651/oauthConsent_clerk.legacy.browser_2bd779_5.75.0-canary.v20250718205651.js.br
- clerk-js/5.75.0-canary.v20250718205651/oauthConsent_clerk.legacy.browser_2bd779_5.75.0-canary.v20250718205651.js.gz
- clerk-js/5.75.0-canary.v20250718205651/oauthConsent_clerk.legacy.browser_2bd779_5.75.0-canary.v20250718205651.js.sri
- clerk-js/5.75.0-canary.v20250718205651/oauthConsent_clerk.legacy.browser_2bd779_5.75.0-canary.v20250718205651.min.js.br
- clerk-js/5.75.0-canary.v20250718205651/oauthConsent_clerk.legacy.browser_2bd779_5.75.0-canary.v20250718205651.min.js.gz
- clerk-js/5.75.0-canary.v20250718205651/oauthConsent_clerk.legacy.browser_2bd779_5.75.0-canary.v20250718205651.min.js.sri
- clerk-js/5.75.0-canary.v20250718205651/onetap_clerk.browser_41a7be_5.75.0-canary.v20250718205651.js.br
- clerk-js/5.75.0-canary.v20250718205651/onetap_clerk.browser_41a7be_5.75.0-canary.v20250718205651.js.gz
- clerk-js/5.75.0-canary.v20250718205651/onetap_clerk.browser_41a7be_5.75.0-canary.v20250718205651.js.sri
- clerk-js/5.75.0-canary.v20250718205651/onetap_clerk.browser_41a7be_5.75.0-canary.v20250718205651.min.js.br
- clerk-js/5.75.0-canary.v20250718205651/onetap_clerk.browser_41a7be_5.75.0-canary.v20250718205651.min.js.gz
- clerk-js/5.75.0-canary.v20250718205651/onetap_clerk.browser_41a7be_5.75.0-canary.v20250718205651.min.js.sri
- clerk-js/5.75.0-canary.v20250718205651/onetap_clerk.chips.browser_660552_5.75.0-canary.v20250718205651.js.br
- clerk-js/5.75.0-canary.v20250718205651/onetap_clerk.chips.browser_660552_5.75.0-canary.v20250718205651.js.gz
- clerk-js/5.75.0-canary.v20250718205651/onetap_clerk.chips.browser_660552_5.75.0-canary.v20250718205651.js.sri
- clerk-js/5.75.0-canary.v20250718205651/onetap_clerk.chips.browser_660552_5.75.0-canary.v20250718205651.min.js.br
- clerk-js/5.75.0-canary.v20250718205651/onetap_clerk.chips.browser_660552_5.75.0-canary.v20250718205651.min.js.gz
- clerk-js/5.75.0-canary.v20250718205651/onetap_clerk.chips.browser_660552_5.75.0-canary.v20250718205651.min.js.sri
- clerk-js/5.75.0-canary.v20250718205651/onetap_clerk.legacy.browser_2bd779_5.75.0-canary.v20250718205651.js.br
- clerk-js/5.75.0-canary.v20250718205651/onetap_clerk.legacy.browser_2bd779_5.75.0-canary.v20250718205651.js.gz
- clerk-js/5.75.0-canary.v20250718205651/onetap_clerk.legacy.browser_2bd779_5.75.0-canary.v20250718205651.js.sri
- clerk-js/5.75.0-canary.v20250718205651/onetap_clerk.legacy.browser_2bd779_5.75.0-canary.v20250718205651.min.js.br
- clerk-js/5.75.0-canary.v20250718205651/onetap_clerk.legacy.browser_2bd779_5.75.0-canary.v20250718205651.min.js.gz
- clerk-js/5.75.0-canary.v20250718205651/onetap_clerk.legacy.browser_2bd779_5.75.0-canary.v20250718205651.min.js.sri
- clerk-js/5.75.0-canary.v20250718205651/op-api-keys-page_clerk.browser_41a7be_5.75.0-canary.v20250718205651.js.br
- clerk-js/5.75.0-canary.v20250718205651/op-api-keys-page_clerk.browser_41a7be_5.75.0-canary.v20250718205651.js.gz
- clerk-js/5.75.0-canary.v20250718205651/op-api-keys-page_clerk.browser_41a7be_5.75.0-canary.v20250718205651.js.sri
- clerk-js/5.75.0-canary.v20250718205651/op-api-keys-page_clerk.browser_41a7be_5.75.0-canary.v20250718205651.min.js.br
- clerk-js/5.75.0-canary.v20250718205651/op-api-keys-page_clerk.browser_41a7be_5.75.0-canary.v20250718205651.min.js.gz
- clerk-js/5.75.0-canary.v20250718205651/op-api-keys-page_clerk.browser_41a7be_5.75.0-canary.v20250718205651.min.js.sri
- clerk-js/5.75.0-canary.v20250718205651/op-api-keys-page_clerk.chips.browser_660552_5.75.0-canary.v20250718205651.js.br
- clerk-js/5.75.0-canary.v20250718205651/op-api-keys-page_clerk.chips.browser_660552_5.75.0-canary.v20250718205651.js.gz
- clerk-js/5.75.0-canary.v20250718205651/op-api-keys-page_clerk.chips.browser_660552_5.75.0-canary.v20250718205651.js.sri
- clerk-js/5.75.0-canary.v20250718205651/op-api-keys-page_clerk.chips.browser_660552_5.75.0-canary.v20250718205651.min.js.br
- clerk-js/5.75.0-canary.v20250718205651/op-api-keys-page_clerk.chips.browser_660552_5.75.0-canary.v20250718205651.min.js.gz
- clerk-js/5.75.0-canary.v20250718205651/op-api-keys-page_clerk.chips.browser_660552_5.75.0-canary.v20250718205651.min.js.sri
- clerk-js/5.75.0-canary.v20250718205651/op-api-keys-page_clerk.legacy.browser_2bd779_5.75.0-canary.v20250718205651.js.br
- clerk-js/5.75.0-canary.v20250718205651/op-api-keys-page_clerk.legacy.browser_2bd779_5.75.0-canary.v20250718205651.js.gz
- clerk-js/5.75.0-canary.v20250718205651/op-api-keys-page_clerk.legacy.browser_2bd779_5.75.0-canary.v20250718205651.js.sri
- clerk-js/5.75.0-canary.v20250718205651/op-api-keys-page_clerk.legacy.browser_2bd779_5.75.0-canary.v20250718205651.min.js.br
- clerk-js/5.75.0-canary.v20250718205651/op-api-keys-page_clerk.legacy.browser_2bd779_5.75.0-canary.v20250718205651.min.js.gz
- clerk-js/5.75.0-canary.v20250718205651/op-api-keys-page_clerk.legacy.browser_2bd779_5.75.0-canary.v20250718205651.min.js.sri
- clerk-js/5.75.0-canary.v20250718205651/op-billing-page_clerk.browser_41a7be_5.75.0-canary.v20250718205651.js.br
- clerk-js/5.75.0-canary.v20250718205651/op-billing-page_clerk.browser_41a7be_5.75.0-canary.v20250718205651.js.gz
- clerk-js/5.75.0-canary.v20250718205651/op-billing-page_clerk.browser_41a7be_5.75.0-canary.v20250718205651.js.sri
- clerk-js/5.75.0-canary.v20250718205651/op-billing-page_clerk.browser_41a7be_5.75.0-canary.v20250718205651.min.js.br
- clerk-js/5.75.0-canary.v20250718205651/op-billing-page_clerk.browser_41a7be_5.75.0-canary.v20250718205651.min.js.gz
- clerk-js/5.75.0-canary.v20250718205651/op-billing-page_clerk.browser_41a7be_5.75.0-canary.v20250718205651.min.js.sri
- clerk-js/5.75.0-canary.v20250718205651/op-billing-page_clerk.chips.browser_660552_5.75.0-canary.v20250718205651.js.br
- clerk-js/5.75.0-canary.v20250718205651/op-billing-page_clerk.chips.browser_660552_5.75.0-canary.v20250718205651.js.gz
- clerk-js/5.75.0-canary.v20250718205651/op-billing-page_clerk.chips.browser_660552_5.75.0-canary.v20250718205651.js.sri
- clerk-js/5.75.0-canary.v20250718205651/op-billing-page_clerk.chips.browser_660552_5.75.0-canary.v20250718205651.min.js.br
- clerk-js/5.75.0-canary.v20250718205651/op-billing-page_clerk.chips.browser_660552_5.75.0-canary.v20250718205651.min.js.gz
- clerk-js/5.75.0-canary.v20250718205651/op-billing-page_clerk.chips.browser_660552_5.75.0-canary.v20250718205651.min.js.sri
- clerk-js/5.75.0-canary.v20250718205651/op-billing-page_clerk.legacy.browser_2bd779_5.75.0-canary.v20250718205651.js.br
- clerk-js/5.75.0-canary.v20250718205651/op-billing-page_clerk.legacy.browser_2bd779_5.75.0-canary.v20250718205651.js.gz
- clerk-js/5.75.0-canary.v20250718205651/op-billing-page_clerk.legacy.browser_2bd779_5.75.0-canary.v20250718205651.js.sri
- clerk-js/5.75.0-canary.v20250718205651/op-billing-page_clerk.legacy.browser_2bd779_5.75.0-canary.v20250718205651.min.js.br
- clerk-js/5.75.0-canary.v20250718205651/op-billing-page_clerk.legacy.browser_2bd779_5.75.0-canary.v20250718205651.min.js.gz
- clerk-js/5.75.0-canary.v20250718205651/op-billing-page_clerk.legacy.browser_2bd779_5.75.0-canary.v20250718205651.min.js.sri
- clerk-js/5.75.0-canary.v20250718205651/op-plans-page_clerk.browser_41a7be_5.75.0-canary.v20250718205651.js.br
- clerk-js/5.75.0-canary.v20250718205651/op-plans-page_clerk.browser_41a7be_5.75.0-canary.v20250718205651.js.gz
- clerk-js/5.75.0-canary.v20250718205651/op-plans-page_clerk.browser_41a7be_5.75.0-canary.v20250718205651.js.sri
- clerk-js/5.75.0-canary.v20250718205651/op-plans-page_clerk.browser_41a7be_5.75.0-canary.v20250718205651.min.js.br
- clerk-js/5.75.0-canary.v20250718205651/op-plans-page_clerk.browser_41a7be_5.75.0-canary.v20250718205651.min.js.gz
- clerk-js/5.75.0-canary.v20250718205651/op-plans-page_clerk.browser_41a7be_5.75.0-canary.v20250718205651.min.js.sri
- clerk-js/5.75.0-canary.v20250718205651/op-plans-page_clerk.chips.browser_660552_5.75.0-canary.v20250718205651.js.br
- clerk-js/5.75.0-canary.v20250718205651/op-plans-page_clerk.chips.browser_660552_5.75.0-canary.v20250718205651.js.gz
- clerk-js/5.75.0-canary.v20250718205651/op-plans-page_clerk.chips.browser_660552_5.75.0-canary.v20250718205651.js.sri
- clerk-js/5.75.0-canary.v20250718205651/op-plans-page_clerk.chips.browser_660552_5.75.0-canary.v20250718205651.min.js.br
- clerk-js/5.75.0-canary.v20250718205651/op-plans-page_clerk.chips.browser_660552_5.75.0-canary.v20250718205651.min.js.gz
- clerk-js/5.75.0-canary.v20250718205651/op-plans-page_clerk.chips.browser_660552_5.75.0-canary.v20250718205651.min.js.sri
- clerk-js/5.75.0-canary.v20250718205651/op-plans-page_clerk.legacy.browser_2bd779_5.75.0-canary.v20250718205651.js.br
- clerk-js/5.75.0-canary.v20250718205651/op-plans-page_clerk.legacy.browser_2bd779_5.75.0-canary.v20250718205651.js.gz
- clerk-js/5.75.0-canary.v20250718205651/op-plans-page_clerk.legacy.browser_2bd779_5.75.0-canary.v20250718205651.js.sri
- clerk-js/5.75.0-canary.v20250718205651/op-plans-page_clerk.legacy.browser_2bd779_5.75.0-canary.v20250718205651.min.js.br
- clerk-js/5.75.0-canary.v20250718205651/op-plans-page_clerk.legacy.browser_2bd779_5.75.0-canary.v20250718205651.min.js.gz
- clerk-js/5.75.0-canary.v20250718205651/op-plans-page_clerk.legacy.browser_2bd779_5.75.0-canary.v20250718205651.min.js.sri
- clerk-js/5.75.0-canary.v20250718205651/organizationlist_clerk.browser_41a7be_5.75.0-canary.v20250718205651.js.br
- clerk-js/5.75.0-canary.v20250718205651/organizationlist_clerk.browser_41a7be_5.75.0-canary.v20250718205651.js.gz
- clerk-js/5.75.0-canary.v20250718205651/organizationlist_clerk.browser_41a7be_5.75.0-canary.v20250718205651.js.sri
- clerk-js/5.75.0-canary.v20250718205651/organizationlist_clerk.browser_41a7be_5.75.0-canary.v20250718205651.min.js.br
- clerk-js/5.75.0-canary.v20250718205651/organizationlist_clerk.browser_41a7be_5.75.0-canary.v20250718205651.min.js.gz
- clerk-js/5.75.0-canary.v20250718205651/organizationlist_clerk.browser_41a7be_5.75.0-canary.v20250718205651.min.js.sri
- clerk-js/5.75.0-canary.v20250718205651/organizationlist_clerk.chips.browser_660552_5.75.0-canary.v20250718205651.js.br
- clerk-js/5.75.0-canary.v20250718205651/organizationlist_clerk.chips.browser_660552_5.75.0-canary.v20250718205651.js.gz
- clerk-js/5.75.0-canary.v20250718205651/organizationlist_clerk.chips.browser_660552_5.75.0-canary.v20250718205651.js.sri
- clerk-js/5.75.0-canary.v20250718205651/organizationlist_clerk.chips.browser_660552_5.75.0-canary.v20250718205651.min.js.br
- clerk-js/5.75.0-canary.v20250718205651/organizationlist_clerk.chips.browser_660552_5.75.0-canary.v20250718205651.min.js.gz
- clerk-js/5.75.0-canary.v20250718205651/organizationlist_clerk.chips.browser_660552_5.75.0-canary.v20250718205651.min.js.sri
- clerk-js/5.75.0-canary.v20250718205651/organizationlist_clerk.legacy.browser_2bd779_5.75.0-canary.v20250718205651.js.br
- clerk-js/5.75.0-canary.v20250718205651/organizationlist_clerk.legacy.browser_2bd779_5.75.0-canary.v20250718205651.js.gz
- clerk-js/5.75.0-canary.v20250718205651/organizationlist_clerk.legacy.browser_2bd779_5.75.0-canary.v20250718205651.js.sri
- clerk-js/5.75.0-canary.v20250718205651/organizationlist_clerk.legacy.browser_2bd779_5.75.0-canary.v20250718205651.min.js.br
- clerk-js/5.75.0-canary.v20250718205651/organizationlist_clerk.legacy.browser_2bd779_5.75.0-canary.v20250718205651.min.js.gz
- clerk-js/5.75.0-canary.v20250718205651/organizationlist_clerk.legacy.browser_2bd779_5.75.0-canary.v20250718205651.min.js.sri
- clerk-js/5.75.0-canary.v20250718205651/organizationprofile_clerk.browser_41a7be_5.75.0-canary.v20250718205651.js.br
- clerk-js/5.75.0-canary.v20250718205651/organizationprofile_clerk.browser_41a7be_5.75.0-canary.v20250718205651.js.gz
- clerk-js/5.75.0-canary.v20250718205651/organizationprofile_clerk.browser_41a7be_5.75.0-canary.v20250718205651.js.sri
- clerk-js/5.75.0-canary.v20250718205651/organizationprofile_clerk.browser_41a7be_5.75.0-canary.v20250718205651.min.js.br
- clerk-js/5.75.0-canary.v20250718205651/organizationprofile_clerk.browser_41a7be_5.75.0-canary.v20250718205651.min.js.gz
- clerk-js/5.75.0-canary.v20250718205651/organizationprofile_clerk.browser_41a7be_5.75.0-canary.v20250718205651.min.js.sri
- clerk-js/5.75.0-canary.v20250718205651/organizationprofile_clerk.chips.browser_660552_5.75.0-canary.v20250718205651.js.br
- clerk-js/5.75.0-canary.v20250718205651/organizationprofile_clerk.chips.browser_660552_5.75.0-canary.v20250718205651.js.gz
- clerk-js/5.75.0-canary.v20250718205651/organizationprofile_clerk.chips.browser_660552_5.75.0-canary.v20250718205651.js.sri
- clerk-js/5.75.0-canary.v20250718205651/organizationprofile_clerk.chips.browser_660552_5.75.0-canary.v20250718205651.min.js.br
- clerk-js/5.75.0-canary.v20250718205651/organizationprofile_clerk.chips.browser_660552_5.75.0-canary.v20250718205651.min.js.gz
- clerk-js/5.75.0-canary.v20250718205651/organizationprofile_clerk.chips.browser_660552_5.75.0-canary.v20250718205651.min.js.sri
- clerk-js/5.75.0-canary.v20250718205651/organizationprofile_clerk.legacy.browser_2bd779_5.75.0-canary.v20250718205651.js.br
- clerk-js/5.75.0-canary.v20250718205651/organizationprofile_clerk.legacy.browser_2bd779_5.75.0-canary.v20250718205651.js.gz
- clerk-js/5.75.0-canary.v20250718205651/organizationprofile_clerk.legacy.browser_2bd779_5.75.0-canary.v20250718205651.js.sri
- clerk-js/5.75.0-canary.v20250718205651/organizationprofile_clerk.legacy.browser_2bd779_5.75.0-canary.v20250718205651.min.js.br
- clerk-js/5.75.0-canary.v20250718205651/organizationprofile_clerk.legacy.browser_2bd779_5.75.0-canary.v20250718205651.min.js.gz
- clerk-js/5.75.0-canary.v20250718205651/organizationprofile_clerk.legacy.browser_2bd779_5.75.0-canary.v20250718205651.min.js.sri
- clerk-js/5.75.0-canary.v20250718205651/organizationswitcher_clerk.browser_41a7be_5.75.0-canary.v20250718205651.js.br
- clerk-js/5.75.0-canary.v20250718205651/organizationswitcher_clerk.browser_41a7be_5.75.0-canary.v20250718205651.js.gz
- clerk-js/5.75.0-canary.v20250718205651/organizationswitcher_clerk.browser_41a7be_5.75.0-canary.v20250718205651.js.sri
- clerk-js/5.75.0-canary.v20250718205651/organizationswitcher_clerk.browser_41a7be_5.75.0-canary.v20250718205651.min.js.br
- clerk-js/5.75.0-canary.v20250718205651/organizationswitcher_clerk.browser_41a7be_5.75.0-canary.v20250718205651.min.js.gz
- clerk-js/5.75.0-canary.v20250718205651/organizationswitcher_clerk.browser_41a7be_5.75.0-canary.v20250718205651.min.js.sri
- clerk-js/5.75.0-canary.v20250718205651/organizationswitcher_clerk.chips.browser_660552_5.75.0-canary.v20250718205651.js.br
- clerk-js/5.75.0-canary.v20250718205651/organizationswitcher_clerk.chips.browser_660552_5.75.0-canary.v20250718205651.js.gz
- clerk-js/5.75.0-canary.v20250718205651/organizationswitcher_clerk.chips.browser_660552_5.75.0-canary.v20250718205651.js.sri
- clerk-js/5.75.0-canary.v20250718205651/organizationswitcher_clerk.chips.browser_660552_5.75.0-canary.v20250718205651.min.js.br
- clerk-js/5.75.0-canary.v20250718205651/organizationswitcher_clerk.chips.browser_660552_5.75.0-canary.v20250718205651.min.js.gz
- clerk-js/5.75.0-canary.v20250718205651/organizationswitcher_clerk.chips.browser_660552_5.75.0-canary.v20250718205651.min.js.sri
- clerk-js/5.75.0-canary.v20250718205651/organizationswitcher_clerk.legacy.browser_2bd779_5.75.0-canary.v20250718205651.js.br
- clerk-js/5.75.0-canary.v20250718205651/organizationswitcher_clerk.legacy.browser_2bd779_5.75.0-canary.v20250718205651.js.gz
- clerk-js/5.75.0-canary.v20250718205651/organizationswitcher_clerk.legacy.browser_2bd779_5.75.0-canary.v20250718205651.js.sri
- clerk-js/5.75.0-canary.v20250718205651/organizationswitcher_clerk.legacy.browser_2bd779_5.75.0-canary.v20250718205651.min.js.br
- clerk-js/5.75.0-canary.v20250718205651/organizationswitcher_clerk.legacy.browser_2bd779_5.75.0-canary.v20250718205651.min.js.gz
- clerk-js/5.75.0-canary.v20250718205651/organizationswitcher_clerk.legacy.browser_2bd779_5.75.0-canary.v20250718205651.min.js.sri
- clerk-js/5.75.0-canary.v20250718205651/payment-attempt-page_clerk.browser_41a7be_5.75.0-canary.v20250718205651.js.br
- clerk-js/5.75.0-canary.v20250718205651/payment-attempt-page_clerk.browser_41a7be_5.75.0-canary.v20250718205651.js.gz
- clerk-js/5.75.0-canary.v20250718205651/payment-attempt-page_clerk.browser_41a7be_5.75.0-canary.v20250718205651.js.sri
- clerk-js/5.75.0-canary.v20250718205651/payment-attempt-page_clerk.browser_41a7be_5.75.0-canary.v20250718205651.min.js.br
- clerk-js/5.75.0-canary.v20250718205651/payment-attempt-page_clerk.browser_41a7be_5.75.0-canary.v20250718205651.min.js.gz
- clerk-js/5.75.0-canary.v20250718205651/payment-attempt-page_clerk.browser_41a7be_5.75.0-canary.v20250718205651.min.js.sri
- clerk-js/5.75.0-canary.v20250718205651/payment-attempt-page_clerk.chips.browser_660552_5.75.0-canary.v20250718205651.js.br
- clerk-js/5.75.0-canary.v20250718205651/payment-attempt-page_clerk.chips.browser_660552_5.75.0-canary.v20250718205651.js.gz
- clerk-js/5.75.0-canary.v20250718205651/payment-attempt-page_clerk.chips.browser_660552_5.75.0-canary.v20250718205651.js.sri
- clerk-js/5.75.0-canary.v20250718205651/payment-attempt-page_clerk.chips.browser_660552_5.75.0-canary.v20250718205651.min.js.br
- clerk-js/5.75.0-canary.v20250718205651/payment-attempt-page_clerk.chips.browser_660552_5.75.0-canary.v20250718205651.min.js.gz
- clerk-js/5.75.0-canary.v20250718205651/payment-attempt-page_clerk.chips.browser_660552_5.75.0-canary.v20250718205651.min.js.sri
- clerk-js/5.75.0-canary.v20250718205651/payment-attempt-page_clerk.legacy.browser_2bd779_5.75.0-canary.v20250718205651.js.br
- clerk-js/5.75.0-canary.v20250718205651/payment-attempt-page_clerk.legacy.browser_2bd779_5.75.0-canary.v20250718205651.js.gz
- clerk-js/5.75.0-canary.v20250718205651/payment-attempt-page_clerk.legacy.browser_2bd779_5.75.0-canary.v20250718205651.js.sri
- clerk-js/5.75.0-canary.v20250718205651/payment-attempt-page_clerk.legacy.browser_2bd779_5.75.0-canary.v20250718205651.min.js.br
- clerk-js/5.75.0-canary.v20250718205651/payment-attempt-page_clerk.legacy.browser_2bd779_5.75.0-canary.v20250718205651.min.js.gz
- clerk-js/5.75.0-canary.v20250718205651/payment-attempt-page_clerk.legacy.browser_2bd779_5.75.0-canary.v20250718205651.min.js.sri
- clerk-js/5.75.0-canary.v20250718205651/planDetails_clerk.browser_41a7be_5.75.0-canary.v20250718205651.js.br
- clerk-js/5.75.0-canary.v20250718205651/planDetails_clerk.browser_41a7be_5.75.0-canary.v20250718205651.js.gz
- clerk-js/5.75.0-canary.v20250718205651/planDetails_clerk.browser_41a7be_5.75.0-canary.v20250718205651.js.sri
- clerk-js/5.75.0-canary.v20250718205651/planDetails_clerk.browser_41a7be_5.75.0-canary.v20250718205651.min.js.br
- clerk-js/5.75.0-canary.v20250718205651/planDetails_clerk.browser_41a7be_5.75.0-canary.v20250718205651.min.js.gz
- clerk-js/5.75.0-canary.v20250718205651/planDetails_clerk.browser_41a7be_5.75.0-canary.v20250718205651.min.js.sri
- clerk-js/5.75.0-canary.v20250718205651/planDetails_clerk.chips.browser_660552_5.75.0-canary.v20250718205651.js.br
- clerk-js/5.75.0-canary.v20250718205651/planDetails_clerk.chips.browser_660552_5.75.0-canary.v20250718205651.js.gz
- clerk-js/5.75.0-canary.v20250718205651/planDetails_clerk.chips.browser_660552_5.75.0-canary.v20250718205651.js.sri
- clerk-js/5.75.0-canary.v20250718205651/planDetails_clerk.chips.browser_660552_5.75.0-canary.v20250718205651.min.js.br
- clerk-js/5.75.0-canary.v20250718205651/planDetails_clerk.chips.browser_660552_5.75.0-canary.v20250718205651.min.js.gz
- clerk-js/5.75.0-canary.v20250718205651/planDetails_clerk.chips.browser_660552_5.75.0-canary.v20250718205651.min.js.sri
- clerk-js/5.75.0-canary.v20250718205651/planDetails_clerk.legacy.browser_2bd779_5.75.0-canary.v20250718205651.js.br
- clerk-js/5.75.0-canary.v20250718205651/planDetails_clerk.legacy.browser_2bd779_5.75.0-canary.v20250718205651.js.gz
- clerk-js/5.75.0-canary.v20250718205651/planDetails_clerk.legacy.browser_2bd779_5.75.0-canary.v20250718205651.js.sri
- clerk-js/5.75.0-canary.v20250718205651/planDetails_clerk.legacy.browser_2bd779_5.75.0-canary.v20250718205651.min.js.br
- clerk-js/5.75.0-canary.v20250718205651/planDetails_clerk.legacy.browser_2bd779_5.75.0-canary.v20250718205651.min.js.gz
- clerk-js/5.75.0-canary.v20250718205651/planDetails_clerk.legacy.browser_2bd779_5.75.0-canary.v20250718205651.min.js.sri
- clerk-js/5.75.0-canary.v20250718205651/prefetchorganizationlist_clerk.browser_41a7be_5.75.0-canary.v20250718205651.js.br
- clerk-js/5.75.0-canary.v20250718205651/prefetchorganizationlist_clerk.browser_41a7be_5.75.0-canary.v20250718205651.js.gz
- clerk-js/5.75.0-canary.v20250718205651/prefetchorganizationlist_clerk.browser_41a7be_5.75.0-canary.v20250718205651.js.sri
- clerk-js/5.75.0-canary.v20250718205651/prefetchorganizationlist_clerk.browser_41a7be_5.75.0-canary.v20250718205651.min.js.br
- clerk-js/5.75.0-canary.v20250718205651/prefetchorganizationlist_clerk.browser_41a7be_5.75.0-canary.v20250718205651.min.js.gz
- clerk-js/5.75.0-canary.v20250718205651/prefetchorganizationlist_clerk.browser_41a7be_5.75.0-canary.v20250718205651.min.js.sri
- clerk-js/5.75.0-canary.v20250718205651/prefetchorganizationlist_clerk.chips.browser_660552_5.75.0-canary.v20250718205651.js.br
- clerk-js/5.75.0-canary.v20250718205651/prefetchorganizationlist_clerk.chips.browser_660552_5.75.0-canary.v20250718205651.js.gz
- clerk-js/5.75.0-canary.v20250718205651/prefetchorganizationlist_clerk.chips.browser_660552_5.75.0-canary.v20250718205651.js.sri
- clerk-js/5.75.0-canary.v20250718205651/prefetchorganizationlist_clerk.chips.browser_660552_5.75.0-canary.v20250718205651.min.js.br
- clerk-js/5.75.0-canary.v20250718205651/prefetchorganizationlist_clerk.chips.browser_660552_5.75.0-canary.v20250718205651.min.js.gz
- clerk-js/5.75.0-canary.v20250718205651/prefetchorganizationlist_clerk.chips.browser_660552_5.75.0-canary.v20250718205651.min.js.sri
- clerk-js/5.75.0-canary.v20250718205651/prefetchorganizationlist_clerk.legacy.browser_2bd779_5.75.0-canary.v20250718205651.js.br
- clerk-js/5.75.0-canary.v20250718205651/prefetchorganizationlist_clerk.legacy.browser_2bd779_5.75.0-canary.v20250718205651.js.gz
- clerk-js/5.75.0-canary.v20250718205651/prefetchorganizationlist_clerk.legacy.browser_2bd779_5.75.0-canary.v20250718205651.js.sri
- clerk-js/5.75.0-canary.v20250718205651/prefetchorganizationlist_clerk.legacy.browser_2bd779_5.75.0-canary.v20250718205651.min.js.br
- clerk-js/5.75.0-canary.v20250718205651/prefetchorganizationlist_clerk.legacy.browser_2bd779_5.75.0-canary.v20250718205651.min.js.gz
- clerk-js/5.75.0-canary.v20250718205651/prefetchorganizationlist_clerk.legacy.browser_2bd779_5.75.0-canary.v20250718205651.min.js.sri
- clerk-js/5.75.0-canary.v20250718205651/pricingTable_clerk.browser_41a7be_5.75.0-canary.v20250718205651.js.br
- clerk-js/5.75.0-canary.v20250718205651/pricingTable_clerk.browser_41a7be_5.75.0-canary.v20250718205651.js.gz
- clerk-js/5.75.0-canary.v20250718205651/pricingTable_clerk.browser_41a7be_5.75.0-canary.v20250718205651.js.sri
- clerk-js/5.75.0-canary.v20250718205651/pricingTable_clerk.browser_41a7be_5.75.0-canary.v20250718205651.min.js.br
- clerk-js/5.75.0-canary.v20250718205651/pricingTable_clerk.browser_41a7be_5.75.0-canary.v20250718205651.min.js.gz
- clerk-js/5.75.0-canary.v20250718205651/pricingTable_clerk.browser_41a7be_5.75.0-canary.v20250718205651.min.js.sri
- clerk-js/5.75.0-canary.v20250718205651/pricingTable_clerk.chips.browser_660552_5.75.0-canary.v20250718205651.js.br
- clerk-js/5.75.0-canary.v20250718205651/pricingTable_clerk.chips.browser_660552_5.75.0-canary.v20250718205651.js.gz
- clerk-js/5.75.0-canary.v20250718205651/pricingTable_clerk.chips.browser_660552_5.75.0-canary.v20250718205651.js.sri
- clerk-js/5.75.0-canary.v20250718205651/pricingTable_clerk.chips.browser_660552_5.75.0-canary.v20250718205651.min.js.br
- clerk-js/5.75.0-canary.v20250718205651/pricingTable_clerk.chips.browser_660552_5.75.0-canary.v20250718205651.min.js.gz
- clerk-js/5.75.0-canary.v20250718205651/pricingTable_clerk.chips.browser_660552_5.75.0-canary.v20250718205651.min.js.sri
- clerk-js/5.75.0-canary.v20250718205651/pricingTable_clerk.legacy.browser_2bd779_5.75.0-canary.v20250718205651.js.br
- clerk-js/5.75.0-canary.v20250718205651/pricingTable_clerk.legacy.browser_2bd779_5.75.0-canary.v20250718205651.js.gz
- clerk-js/5.75.0-canary.v20250718205651/pricingTable_clerk.legacy.browser_2bd779_5.75.0-canary.v20250718205651.js.sri
- clerk-js/5.75.0-canary.v20250718205651/pricingTable_clerk.legacy.browser_2bd779_5.75.0-canary.v20250718205651.min.js.br
- clerk-js/5.75.0-canary.v20250718205651/pricingTable_clerk.legacy.browser_2bd779_5.75.0-canary.v20250718205651.min.js.gz
- clerk-js/5.75.0-canary.v20250718205651/pricingTable_clerk.legacy.browser_2bd779_5.75.0-canary.v20250718205651.min.js.sri
- clerk-js/5.75.0-canary.v20250718205651/revoke-api-key-modal_clerk.browser_41a7be_5.75.0-canary.v20250718205651.js.br
- clerk-js/5.75.0-canary.v20250718205651/revoke-api-key-modal_clerk.browser_41a7be_5.75.0-canary.v20250718205651.js.gz
- clerk-js/5.75.0-canary.v20250718205651/revoke-api-key-modal_clerk.browser_41a7be_5.75.0-canary.v20250718205651.js.sri
- clerk-js/5.75.0-canary.v20250718205651/revoke-api-key-modal_clerk.browser_41a7be_5.75.0-canary.v20250718205651.min.js.br
- clerk-js/5.75.0-canary.v20250718205651/revoke-api-key-modal_clerk.browser_41a7be_5.75.0-canary.v20250718205651.min.js.gz
- clerk-js/5.75.0-canary.v20250718205651/revoke-api-key-modal_clerk.browser_41a7be_5.75.0-canary.v20250718205651.min.js.sri
- clerk-js/5.75.0-canary.v20250718205651/revoke-api-key-modal_clerk.chips.browser_660552_5.75.0-canary.v20250718205651.js.br
- clerk-js/5.75.0-canary.v20250718205651/revoke-api-key-modal_clerk.chips.browser_660552_5.75.0-canary.v20250718205651.js.gz
- clerk-js/5.75.0-canary.v20250718205651/revoke-api-key-modal_clerk.chips.browser_660552_5.75.0-canary.v20250718205651.js.sri
- clerk-js/5.75.0-canary.v20250718205651/revoke-api-key-modal_clerk.chips.browser_660552_5.75.0-canary.v20250718205651.min.js.br
- clerk-js/5.75.0-canary.v20250718205651/revoke-api-key-modal_clerk.chips.browser_660552_5.75.0-canary.v20250718205651.min.js.gz
- clerk-js/5.75.0-canary.v20250718205651/revoke-api-key-modal_clerk.chips.browser_660552_5.75.0-canary.v20250718205651.min.js.sri
- clerk-js/5.75.0-canary.v20250718205651/revoke-api-key-modal_clerk.legacy.browser_2bd779_5.75.0-canary.v20250718205651.js.br
- clerk-js/5.75.0-canary.v20250718205651/revoke-api-key-modal_clerk.legacy.browser_2bd779_5.75.0-canary.v20250718205651.js.gz
- clerk-js/5.75.0-canary.v20250718205651/revoke-api-key-modal_clerk.legacy.browser_2bd779_5.75.0-canary.v20250718205651.js.sri
- clerk-js/5.75.0-canary.v20250718205651/revoke-api-key-modal_clerk.legacy.browser_2bd779_5.75.0-canary.v20250718205651.min.js.br
- clerk-js/5.75.0-canary.v20250718205651/revoke-api-key-modal_clerk.legacy.browser_2bd779_5.75.0-canary.v20250718205651.min.js.gz
- clerk-js/5.75.0-canary.v20250718205651/revoke-api-key-modal_clerk.legacy.browser_2bd779_5.75.0-canary.v20250718205651.min.js.sri
- clerk-js/5.75.0-canary.v20250718205651/sessionTasks_clerk.browser_41a7be_5.75.0-canary.v20250718205651.js.br
- clerk-js/5.75.0-canary.v20250718205651/sessionTasks_clerk.browser_41a7be_5.75.0-canary.v20250718205651.js.gz
- clerk-js/5.75.0-canary.v20250718205651/sessionTasks_clerk.browser_41a7be_5.75.0-canary.v20250718205651.js.sri
- clerk-js/5.75.0-canary.v20250718205651/sessionTasks_clerk.browser_41a7be_5.75.0-canary.v20250718205651.min.js.br
- clerk-js/5.75.0-canary.v20250718205651/sessionTasks_clerk.browser_41a7be_5.75.0-canary.v20250718205651.min.js.gz
- clerk-js/5.75.0-canary.v20250718205651/sessionTasks_clerk.browser_41a7be_5.75.0-canary.v20250718205651.min.js.sri
- clerk-js/5.75.0-canary.v20250718205651/sessionTasks_clerk.chips.browser_660552_5.75.0-canary.v20250718205651.js.br
- clerk-js/5.75.0-canary.v20250718205651/sessionTasks_clerk.chips.browser_660552_5.75.0-canary.v20250718205651.js.gz
- clerk-js/5.75.0-canary.v20250718205651/sessionTasks_clerk.chips.browser_660552_5.75.0-canary.v20250718205651.js.sri
- clerk-js/5.75.0-canary.v20250718205651/sessionTasks_clerk.chips.browser_660552_5.75.0-canary.v20250718205651.min.js.br
- clerk-js/5.75.0-canary.v20250718205651/sessionTasks_clerk.chips.browser_660552_5.75.0-canary.v20250718205651.min.js.gz
- clerk-js/5.75.0-canary.v20250718205651/sessionTasks_clerk.chips.browser_660552_5.75.0-canary.v20250718205651.min.js.sri
- clerk-js/5.75.0-canary.v20250718205651/sessionTasks_clerk.legacy.browser_2bd779_5.75.0-canary.v20250718205651.js.br
- clerk-js/5.75.0-canary.v20250718205651/sessionTasks_clerk.legacy.browser_2bd779_5.75.0-canary.v20250718205651.js.gz
- clerk-js/5.75.0-canary.v20250718205651/sessionTasks_clerk.legacy.browser_2bd779_5.75.0-canary.v20250718205651.js.sri
- clerk-js/5.75.0-canary.v20250718205651/sessionTasks_clerk.legacy.browser_2bd779_5.75.0-canary.v20250718205651.min.js.br
- clerk-js/5.75.0-canary.v20250718205651/sessionTasks_clerk.legacy.browser_2bd779_5.75.0-canary.v20250718205651.min.js.gz
- clerk-js/5.75.0-canary.v20250718205651/sessionTasks_clerk.legacy.browser_2bd779_5.75.0-canary.v20250718205651.min.js.sri
- clerk-js/5.75.0-canary.v20250718205651/signin_clerk.browser_41a7be_5.75.0-canary.v20250718205651.js.br
- clerk-js/5.75.0-canary.v20250718205651/signin_clerk.browser_41a7be_5.75.0-canary.v20250718205651.js.gz
- clerk-js/5.75.0-canary.v20250718205651/signin_clerk.browser_41a7be_5.75.0-canary.v20250718205651.js.sri
- clerk-js/5.75.0-canary.v20250718205651/signin_clerk.browser_41a7be_5.75.0-canary.v20250718205651.min.js.br
- clerk-js/5.75.0-canary.v20250718205651/signin_clerk.browser_41a7be_5.75.0-canary.v20250718205651.min.js.gz
- clerk-js/5.75.0-canary.v20250718205651/signin_clerk.browser_41a7be_5.75.0-canary.v20250718205651.min.js.sri
- clerk-js/5.75.0-canary.v20250718205651/signin_clerk.chips.browser_660552_5.75.0-canary.v20250718205651.js.br
- clerk-js/5.75.0-canary.v20250718205651/signin_clerk.chips.browser_660552_5.75.0-canary.v20250718205651.js.gz
- clerk-js/5.75.0-canary.v20250718205651/signin_clerk.chips.browser_660552_5.75.0-canary.v20250718205651.js.sri
- clerk-js/5.75.0-canary.v20250718205651/signin_clerk.chips.browser_660552_5.75.0-canary.v20250718205651.min.js.br
- clerk-js/5.75.0-canary.v20250718205651/signin_clerk.chips.browser_660552_5.75.0-canary.v20250718205651.min.js.gz
- clerk-js/5.75.0-canary.v20250718205651/signin_clerk.chips.browser_660552_5.75.0-canary.v20250718205651.min.js.sri
- clerk-js/5.75.0-canary.v20250718205651/signin_clerk.legacy.browser_2bd779_5.75.0-canary.v20250718205651.js.br
- clerk-js/5.75.0-canary.v20250718205651/signin_clerk.legacy.browser_2bd779_5.75.0-canary.v20250718205651.js.gz
- clerk-js/5.75.0-canary.v20250718205651/signin_clerk.legacy.browser_2bd779_5.75.0-canary.v20250718205651.js.sri
- clerk-js/5.75.0-canary.v20250718205651/signin_clerk.legacy.browser_2bd779_5.75.0-canary.v20250718205651.min.js.br
- clerk-js/5.75.0-canary.v20250718205651/signin_clerk.legacy.browser_2bd779_5.75.0-canary.v20250718205651.min.js.gz
- clerk-js/5.75.0-canary.v20250718205651/signin_clerk.legacy.browser_2bd779_5.75.0-canary.v20250718205651.min.js.sri
- clerk-js/5.75.0-canary.v20250718205651/signup_clerk.browser_41a7be_5.75.0-canary.v20250718205651.js.br
- clerk-js/5.75.0-canary.v20250718205651/signup_clerk.browser_41a7be_5.75.0-canary.v20250718205651.js.gz
- clerk-js/5.75.0-canary.v20250718205651/signup_clerk.browser_41a7be_5.75.0-canary.v20250718205651.js.sri
- clerk-js/5.75.0-canary.v20250718205651/signup_clerk.browser_41a7be_5.75.0-canary.v20250718205651.min.js.br
- clerk-js/5.75.0-canary.v20250718205651/signup_clerk.browser_41a7be_5.75.0-canary.v20250718205651.min.js.gz
- clerk-js/5.75.0-canary.v20250718205651/signup_clerk.browser_41a7be_5.75.0-canary.v20250718205651.min.js.sri
- clerk-js/5.75.0-canary.v20250718205651/signup_clerk.chips.browser_660552_5.75.0-canary.v20250718205651.js.br
- clerk-js/5.75.0-canary.v20250718205651/signup_clerk.chips.browser_660552_5.75.0-canary.v20250718205651.js.gz
- clerk-js/5.75.0-canary.v20250718205651/signup_clerk.chips.browser_660552_5.75.0-canary.v20250718205651.js.sri
- clerk-js/5.75.0-canary.v20250718205651/signup_clerk.chips.browser_660552_5.75.0-canary.v20250718205651.min.js.br
- clerk-js/5.75.0-canary.v20250718205651/signup_clerk.chips.browser_660552_5.75.0-canary.v20250718205651.min.js.gz
- clerk-js/5.75.0-canary.v20250718205651/signup_clerk.chips.browser_660552_5.75.0-canary.v20250718205651.min.js.sri
- clerk-js/5.75.0-canary.v20250718205651/signup_clerk.legacy.browser_2bd779_5.75.0-canary.v20250718205651.js.br
- clerk-js/5.75.0-canary.v20250718205651/signup_clerk.legacy.browser_2bd779_5.75.0-canary.v20250718205651.js.gz
- clerk-js/5.75.0-canary.v20250718205651/signup_clerk.legacy.browser_2bd779_5.75.0-canary.v20250718205651.js.sri
- clerk-js/5.75.0-canary.v20250718205651/signup_clerk.legacy.browser_2bd779_5.75.0-canary.v20250718205651.min.js.br
- clerk-js/5.75.0-canary.v20250718205651/signup_clerk.legacy.browser_2bd779_5.75.0-canary.v20250718205651.min.js.gz
- clerk-js/5.75.0-canary.v20250718205651/signup_clerk.legacy.browser_2bd779_5.75.0-canary.v20250718205651.min.js.sri
- clerk-js/5.75.0-canary.v20250718205651/statement-page_clerk.browser_41a7be_5.75.0-canary.v20250718205651.js.br
- clerk-js/5.75.0-canary.v20250718205651/statement-page_clerk.browser_41a7be_5.75.0-canary.v20250718205651.js.gz
- clerk-js/5.75.0-canary.v20250718205651/statement-page_clerk.browser_41a7be_5.75.0-canary.v20250718205651.js.sri
- clerk-js/5.75.0-canary.v20250718205651/statement-page_clerk.browser_41a7be_5.75.0-canary.v20250718205651.min.js.br
- clerk-js/5.75.0-canary.v20250718205651/statement-page_clerk.browser_41a7be_5.75.0-canary.v20250718205651.min.js.gz
- clerk-js/5.75.0-canary.v20250718205651/statement-page_clerk.browser_41a7be_5.75.0-canary.v20250718205651.min.js.sri
- clerk-js/5.75.0-canary.v20250718205651/statement-page_clerk.chips.browser_660552_5.75.0-canary.v20250718205651.js.br
- clerk-js/5.75.0-canary.v20250718205651/statement-page_clerk.chips.browser_660552_5.75.0-canary.v20250718205651.js.gz
- clerk-js/5.75.0-canary.v20250718205651/statement-page_clerk.chips.browser_660552_5.75.0-canary.v20250718205651.js.sri
- clerk-js/5.75.0-canary.v20250718205651/statement-page_clerk.chips.browser_660552_5.75.0-canary.v20250718205651.min.js.br
- clerk-js/5.75.0-canary.v20250718205651/statement-page_clerk.chips.browser_660552_5.75.0-canary.v20250718205651.min.js.gz
- clerk-js/5.75.0-canary.v20250718205651/statement-page_clerk.chips.browser_660552_5.75.0-canary.v20250718205651.min.js.sri
- clerk-js/5.75.0-canary.v20250718205651/statement-page_clerk.legacy.browser_2bd779_5.75.0-canary.v20250718205651.js.br
- clerk-js/5.75.0-canary.v20250718205651/statement-page_clerk.legacy.browser_2bd779_5.75.0-canary.v20250718205651.js.gz
- clerk-js/5.75.0-canary.v20250718205651/statement-page_clerk.legacy.browser_2bd779_5.75.0-canary.v20250718205651.js.sri
- clerk-js/5.75.0-canary.v20250718205651/statement-page_clerk.legacy.browser_2bd779_5.75.0-canary.v20250718205651.min.js.br
- clerk-js/5.75.0-canary.v20250718205651/statement-page_clerk.legacy.browser_2bd779_5.75.0-canary.v20250718205651.min.js.gz
- clerk-js/5.75.0-canary.v20250718205651/statement-page_clerk.legacy.browser_2bd779_5.75.0-canary.v20250718205651.min.js.sri
- clerk-js/5.75.0-canary.v20250718205651/stripe-vendors_clerk.browser_41a7be_5.75.0-canary.v20250718205651.js.br
- clerk-js/5.75.0-canary.v20250718205651/stripe-vendors_clerk.browser_41a7be_5.75.0-canary.v20250718205651.js.gz
- clerk-js/5.75.0-canary.v20250718205651/stripe-vendors_clerk.browser_41a7be_5.75.0-canary.v20250718205651.js.sri
- clerk-js/5.75.0-canary.v20250718205651/stripe-vendors_clerk.browser_41a7be_5.75.0-canary.v20250718205651.min.js.br
- clerk-js/5.75.0-canary.v20250718205651/stripe-vendors_clerk.browser_41a7be_5.75.0-canary.v20250718205651.min.js.gz
- clerk-js/5.75.0-canary.v20250718205651/stripe-vendors_clerk.browser_41a7be_5.75.0-canary.v20250718205651.min.js.sri
- clerk-js/5.75.0-canary.v20250718205651/stripe-vendors_clerk.chips.browser_660552_5.75.0-canary.v20250718205651.js.br
- clerk-js/5.75.0-canary.v20250718205651/stripe-vendors_clerk.chips.browser_660552_5.75.0-canary.v20250718205651.js.gz
- clerk-js/5.75.0-canary.v20250718205651/stripe-vendors_clerk.chips.browser_660552_5.75.0-canary.v20250718205651.js.sri
- clerk-js/5.75.0-canary.v20250718205651/stripe-vendors_clerk.chips.browser_660552_5.75.0-canary.v20250718205651.min.js.br
- clerk-js/5.75.0-canary.v20250718205651/stripe-vendors_clerk.chips.browser_660552_5.75.0-canary.v20250718205651.min.js.gz
- clerk-js/5.75.0-canary.v20250718205651/stripe-vendors_clerk.chips.browser_660552_5.75.0-canary.v20250718205651.min.js.sri
- clerk-js/5.75.0-canary.v20250718205651/stripe-vendors_clerk.headless.browser_d4e62c_5.75.0-canary.v20250718205651.js.br
- clerk-js/5.75.0-canary.v20250718205651/stripe-vendors_clerk.headless.browser_d4e62c_5.75.0-canary.v20250718205651.js.gz
- clerk-js/5.75.0-canary.v20250718205651/stripe-vendors_clerk.headless.browser_d4e62c_5.75.0-canary.v20250718205651.js.sri
- clerk-js/5.75.0-canary.v20250718205651/stripe-vendors_clerk.headless.browser_d4e62c_5.75.0-canary.v20250718205651.min.js.br
- clerk-js/5.75.0-canary.v20250718205651/stripe-vendors_clerk.headless.browser_d4e62c_5.75.0-canary.v20250718205651.min.js.gz
- clerk-js/5.75.0-canary.v20250718205651/stripe-vendors_clerk.headless.browser_d4e62c_5.75.0-canary.v20250718205651.min.js.sri
- clerk-js/5.75.0-canary.v20250718205651/stripe-vendors_clerk.legacy.browser_2bd779_5.75.0-canary.v20250718205651.js.br
- clerk-js/5.75.0-canary.v20250718205651/stripe-vendors_clerk.legacy.browser_2bd779_5.75.0-canary.v20250718205651.js.gz
- clerk-js/5.75.0-canary.v20250718205651/stripe-vendors_clerk.legacy.browser_2bd779_5.75.0-canary.v20250718205651.js.sri
- clerk-js/5.75.0-canary.v20250718205651/stripe-vendors_clerk.legacy.browser_2bd779_5.75.0-canary.v20250718205651.min.js.br
- clerk-js/5.75.0-canary.v20250718205651/stripe-vendors_clerk.legacy.browser_2bd779_5.75.0-canary.v20250718205651.min.js.gz
- clerk-js/5.75.0-canary.v20250718205651/stripe-vendors_clerk.legacy.browser_2bd779_5.75.0-canary.v20250718205651.min.js.sri
- clerk-js/5.75.0-canary.v20250718205651/subscriptionDetails_clerk.browser_41a7be_5.75.0-canary.v20250718205651.js.br
- clerk-js/5.75.0-canary.v20250718205651/subscriptionDetails_clerk.browser_41a7be_5.75.0-canary.v20250718205651.js.gz
- clerk-js/5.75.0-canary.v20250718205651/subscriptionDetails_clerk.browser_41a7be_5.75.0-canary.v20250718205651.js.sri
- clerk-js/5.75.0-canary.v20250718205651/subscriptionDetails_clerk.browser_41a7be_5.75.0-canary.v20250718205651.min.js.br
- clerk-js/5.75.0-canary.v20250718205651/subscriptionDetails_clerk.browser_41a7be_5.75.0-canary.v20250718205651.min.js.gz
- clerk-js/5.75.0-canary.v20250718205651/subscriptionDetails_clerk.browser_41a7be_5.75.0-canary.v20250718205651.min.js.sri
- clerk-js/5.75.0-canary.v20250718205651/subscriptionDetails_clerk.chips.browser_660552_5.75.0-canary.v20250718205651.js.br
- clerk-js/5.75.0-canary.v20250718205651/subscriptionDetails_clerk.chips.browser_660552_5.75.0-canary.v20250718205651.js.gz
- clerk-js/5.75.0-canary.v20250718205651/subscriptionDetails_clerk.chips.browser_660552_5.75.0-canary.v20250718205651.js.sri
- clerk-js/5.75.0-canary.v20250718205651/subscriptionDetails_clerk.chips.browser_660552_5.75.0-canary.v20250718205651.min.js.br
- clerk-js/5.75.0-canary.v20250718205651/subscriptionDetails_clerk.chips.browser_660552_5.75.0-canary.v20250718205651.min.js.gz
- clerk-js/5.75.0-canary.v20250718205651/subscriptionDetails_clerk.chips.browser_660552_5.75.0-canary.v20250718205651.min.js.sri
- clerk-js/5.75.0-canary.v20250718205651/subscriptionDetails_clerk.legacy.browser_2bd779_5.75.0-canary.v20250718205651.js.br
- clerk-js/5.75.0-canary.v20250718205651/subscriptionDetails_clerk.legacy.browser_2bd779_5.75.0-canary.v20250718205651.js.gz
- clerk-js/5.75.0-canary.v20250718205651/subscriptionDetails_clerk.legacy.browser_2bd779_5.75.0-canary.v20250718205651.js.sri
- clerk-js/5.75.0-canary.v20250718205651/subscriptionDetails_clerk.legacy.browser_2bd779_5.75.0-canary.v20250718205651.min.js.br
- clerk-js/5.75.0-canary.v20250718205651/subscriptionDetails_clerk.legacy.browser_2bd779_5.75.0-canary.v20250718205651.min.js.gz
- clerk-js/5.75.0-canary.v20250718205651/subscriptionDetails_clerk.legacy.browser_2bd779_5.75.0-canary.v20250718205651.min.js.sri
- clerk-js/5.75.0-canary.v20250718205651/ui-common_clerk.browser_41a7be_5.75.0-canary.v20250718205651.js.br
- clerk-js/5.75.0-canary.v20250718205651/ui-common_clerk.browser_41a7be_5.75.0-canary.v20250718205651.js.gz
- clerk-js/5.75.0-canary.v20250718205651/ui-common_clerk.browser_41a7be_5.75.0-canary.v20250718205651.js.sri
- clerk-js/5.75.0-canary.v20250718205651/ui-common_clerk.browser_41a7be_5.75.0-canary.v20250718205651.min.js.br
- clerk-js/5.75.0-canary.v20250718205651/ui-common_clerk.browser_41a7be_5.75.0-canary.v20250718205651.min.js.gz
- clerk-js/5.75.0-canary.v20250718205651/ui-common_clerk.browser_41a7be_5.75.0-canary.v20250718205651.min.js.sri
- clerk-js/5.75.0-canary.v20250718205651/ui-common_clerk.chips.browser_660552_5.75.0-canary.v20250718205651.js.br
- clerk-js/5.75.0-canary.v20250718205651/ui-common_clerk.chips.browser_660552_5.75.0-canary.v20250718205651.js.gz
- clerk-js/5.75.0-canary.v20250718205651/ui-common_clerk.chips.browser_660552_5.75.0-canary.v20250718205651.js.sri
- clerk-js/5.75.0-canary.v20250718205651/ui-common_clerk.chips.browser_660552_5.75.0-canary.v20250718205651.min.js.br
- clerk-js/5.75.0-canary.v20250718205651/ui-common_clerk.chips.browser_660552_5.75.0-canary.v20250718205651.min.js.gz
- clerk-js/5.75.0-canary.v20250718205651/ui-common_clerk.chips.browser_660552_5.75.0-canary.v20250718205651.min.js.sri
- clerk-js/5.75.0-canary.v20250718205651/ui-common_clerk.legacy.browser_2bd779_5.75.0-canary.v20250718205651.js.br
- clerk-js/5.75.0-canary.v20250718205651/ui-common_clerk.legacy.browser_2bd779_5.75.0-canary.v20250718205651.js.gz
- clerk-js/5.75.0-canary.v20250718205651/ui-common_clerk.legacy.browser_2bd779_5.75.0-canary.v20250718205651.js.sri
- clerk-js/5.75.0-canary.v20250718205651/ui-common_clerk.legacy.browser_2bd779_5.75.0-canary.v20250718205651.min.js.br
- clerk-js/5.75.0-canary.v20250718205651/ui-common_clerk.legacy.browser_2bd779_5.75.0-canary.v20250718205651.min.js.gz
- clerk-js/5.75.0-canary.v20250718205651/ui-common_clerk.legacy.browser_2bd779_5.75.0-canary.v20250718205651.min.js.sri
- clerk-js/5.75.0-canary.v20250718205651/up-api-keys-page_clerk.browser_41a7be_5.75.0-canary.v20250718205651.js.br
- clerk-js/5.75.0-canary.v20250718205651/up-api-keys-page_clerk.browser_41a7be_5.75.0-canary.v20250718205651.js.gz
- clerk-js/5.75.0-canary.v20250718205651/up-api-keys-page_clerk.browser_41a7be_5.75.0-canary.v20250718205651.js.sri
- clerk-js/5.75.0-canary.v20250718205651/up-api-keys-page_clerk.browser_41a7be_5.75.0-canary.v20250718205651.min.js.br
- clerk-js/5.75.0-canary.v20250718205651/up-api-keys-page_clerk.browser_41a7be_5.75.0-canary.v20250718205651.min.js.gz
- clerk-js/5.75.0-canary.v20250718205651/up-api-keys-page_clerk.browser_41a7be_5.75.0-canary.v20250718205651.min.js.sri
- clerk-js/5.75.0-canary.v20250718205651/up-api-keys-page_clerk.chips.browser_660552_5.75.0-canary.v20250718205651.js.br
- clerk-js/5.75.0-canary.v20250718205651/up-api-keys-page_clerk.chips.browser_660552_5.75.0-canary.v20250718205651.js.gz
- clerk-js/5.75.0-canary.v20250718205651/up-api-keys-page_clerk.chips.browser_660552_5.75.0-canary.v20250718205651.js.sri
- clerk-js/5.75.0-canary.v20250718205651/up-api-keys-page_clerk.chips.browser_660552_5.75.0-canary.v20250718205651.min.js.br
- clerk-js/5.75.0-canary.v20250718205651/up-api-keys-page_clerk.chips.browser_660552_5.75.0-canary.v20250718205651.min.js.gz
- clerk-js/5.75.0-canary.v20250718205651/up-api-keys-page_clerk.chips.browser_660552_5.75.0-canary.v20250718205651.min.js.sri
- clerk-js/5.75.0-canary.v20250718205651/up-api-keys-page_clerk.legacy.browser_2bd779_5.75.0-canary.v20250718205651.js.br
- clerk-js/5.75.0-canary.v20250718205651/up-api-keys-page_clerk.legacy.browser_2bd779_5.75.0-canary.v20250718205651.js.gz
- clerk-js/5.75.0-canary.v20250718205651/up-api-keys-page_clerk.legacy.browser_2bd779_5.75.0-canary.v20250718205651.js.sri
- clerk-js/5.75.0-canary.v20250718205651/up-api-keys-page_clerk.legacy.browser_2bd779_5.75.0-canary.v20250718205651.min.js.br
- clerk-js/5.75.0-canary.v20250718205651/up-api-keys-page_clerk.legacy.browser_2bd779_5.75.0-canary.v20250718205651.min.js.gz
- clerk-js/5.75.0-canary.v20250718205651/up-api-keys-page_clerk.legacy.browser_2bd779_5.75.0-canary.v20250718205651.min.js.sri
- clerk-js/5.75.0-canary.v20250718205651/up-billing-page_clerk.browser_41a7be_5.75.0-canary.v20250718205651.js.br
- clerk-js/5.75.0-canary.v20250718205651/up-billing-page_clerk.browser_41a7be_5.75.0-canary.v20250718205651.js.gz
- clerk-js/5.75.0-canary.v20250718205651/up-billing-page_clerk.browser_41a7be_5.75.0-canary.v20250718205651.js.sri
- clerk-js/5.75.0-canary.v20250718205651/up-billing-page_clerk.browser_41a7be_5.75.0-canary.v20250718205651.min.js.br
- clerk-js/5.75.0-canary.v20250718205651/up-billing-page_clerk.browser_41a7be_5.75.0-canary.v20250718205651.min.js.gz
- clerk-js/5.75.0-canary.v20250718205651/up-billing-page_clerk.browser_41a7be_5.75.0-canary.v20250718205651.min.js.sri
- clerk-js/5.75.0-canary.v20250718205651/up-billing-page_clerk.chips.browser_660552_5.75.0-canary.v20250718205651.js.br
- clerk-js/5.75.0-canary.v20250718205651/up-billing-page_clerk.chips.browser_660552_5.75.0-canary.v20250718205651.js.gz
- clerk-js/5.75.0-canary.v20250718205651/up-billing-page_clerk.chips.browser_660552_5.75.0-canary.v20250718205651.js.sri
- clerk-js/5.75.0-canary.v20250718205651/up-billing-page_clerk.chips.browser_660552_5.75.0-canary.v20250718205651.min.js.br
- clerk-js/5.75.0-canary.v20250718205651/up-billing-page_clerk.chips.browser_660552_5.75.0-canary.v20250718205651.min.js.gz
- clerk-js/5.75.0-canary.v20250718205651/up-billing-page_clerk.chips.browser_660552_5.75.0-canary.v20250718205651.min.js.sri
- clerk-js/5.75.0-canary.v20250718205651/up-billing-page_clerk.legacy.browser_2bd779_5.75.0-canary.v20250718205651.js.br
- clerk-js/5.75.0-canary.v20250718205651/up-billing-page_clerk.legacy.browser_2bd779_5.75.0-canary.v20250718205651.js.gz
- clerk-js/5.75.0-canary.v20250718205651/up-billing-page_clerk.legacy.browser_2bd779_5.75.0-canary.v20250718205651.js.sri
- clerk-js/5.75.0-canary.v20250718205651/up-billing-page_clerk.legacy.browser_2bd779_5.75.0-canary.v20250718205651.min.js.br
- clerk-js/5.75.0-canary.v20250718205651/up-billing-page_clerk.legacy.browser_2bd779_5.75.0-canary.v20250718205651.min.js.gz
- clerk-js/5.75.0-canary.v20250718205651/up-billing-page_clerk.legacy.browser_2bd779_5.75.0-canary.v20250718205651.min.js.sri
- clerk-js/5.75.0-canary.v20250718205651/up-plans-page_clerk.browser_41a7be_5.75.0-canary.v20250718205651.js.br
- clerk-js/5.75.0-canary.v20250718205651/up-plans-page_clerk.browser_41a7be_5.75.0-canary.v20250718205651.js.gz
- clerk-js/5.75.0-canary.v20250718205651/up-plans-page_clerk.browser_41a7be_5.75.0-canary.v20250718205651.js.sri
- clerk-js/5.75.0-canary.v20250718205651/up-plans-page_clerk.browser_41a7be_5.75.0-canary.v20250718205651.min.js.br
- clerk-js/5.75.0-canary.v20250718205651/up-plans-page_clerk.browser_41a7be_5.75.0-canary.v20250718205651.min.js.gz
- clerk-js/5.75.0-canary.v20250718205651/up-plans-page_clerk.browser_41a7be_5.75.0-canary.v20250718205651.min.js.sri
- clerk-js/5.75.0-canary.v20250718205651/up-plans-page_clerk.chips.browser_660552_5.75.0-canary.v20250718205651.js.br
- clerk-js/5.75.0-canary.v20250718205651/up-plans-page_clerk.chips.browser_660552_5.75.0-canary.v20250718205651.js.gz
- clerk-js/5.75.0-canary.v20250718205651/up-plans-page_clerk.chips.browser_660552_5.75.0-canary.v20250718205651.js.sri
- clerk-js/5.75.0-canary.v20250718205651/up-plans-page_clerk.chips.browser_660552_5.75.0-canary.v20250718205651.min.js.br
- clerk-js/5.75.0-canary.v20250718205651/up-plans-page_clerk.chips.browser_660552_5.75.0-canary.v20250718205651.min.js.gz
- clerk-js/5.75.0-canary.v20250718205651/up-plans-page_clerk.chips.browser_660552_5.75.0-canary.v20250718205651.min.js.sri
- clerk-js/5.75.0-canary.v20250718205651/up-plans-page_clerk.legacy.browser_2bd779_5.75.0-canary.v20250718205651.js.br
- clerk-js/5.75.0-canary.v20250718205651/up-plans-page_clerk.legacy.browser_2bd779_5.75.0-canary.v20250718205651.js.gz
- clerk-js/5.75.0-canary.v20250718205651/up-plans-page_clerk.legacy.browser_2bd779_5.75.0-canary.v20250718205651.js.sri
- clerk-js/5.75.0-canary.v20250718205651/up-plans-page_clerk.legacy.browser_2bd779_5.75.0-canary.v20250718205651.min.js.br
- clerk-js/5.75.0-canary.v20250718205651/up-plans-page_clerk.legacy.browser_2bd779_5.75.0-canary.v20250718205651.min.js.gz
- clerk-js/5.75.0-canary.v20250718205651/up-plans-page_clerk.legacy.browser_2bd779_5.75.0-canary.v20250718205651.min.js.sri
- clerk-js/5.75.0-canary.v20250718205651/userbutton_clerk.browser_41a7be_5.75.0-canary.v20250718205651.js.br
- clerk-js/5.75.0-canary.v20250718205651/userbutton_clerk.browser_41a7be_5.75.0-canary.v20250718205651.js.gz
- clerk-js/5.75.0-canary.v20250718205651/userbutton_clerk.browser_41a7be_5.75.0-canary.v20250718205651.js.sri
- clerk-js/5.75.0-canary.v20250718205651/userbutton_clerk.browser_41a7be_5.75.0-canary.v20250718205651.min.js.br
- clerk-js/5.75.0-canary.v20250718205651/userbutton_clerk.browser_41a7be_5.75.0-canary.v20250718205651.min.js.gz
- clerk-js/5.75.0-canary.v20250718205651/userbutton_clerk.browser_41a7be_5.75.0-canary.v20250718205651.min.js.sri
- clerk-js/5.75.0-canary.v20250718205651/userbutton_clerk.chips.browser_660552_5.75.0-canary.v20250718205651.js.br
- clerk-js/5.75.0-canary.v20250718205651/userbutton_clerk.chips.browser_660552_5.75.0-canary.v20250718205651.js.gz
- clerk-js/5.75.0-canary.v20250718205651/userbutton_clerk.chips.browser_660552_5.75.0-canary.v20250718205651.js.sri
- clerk-js/5.75.0-canary.v20250718205651/userbutton_clerk.chips.browser_660552_5.75.0-canary.v20250718205651.min.js.br
- clerk-js/5.75.0-canary.v20250718205651/userbutton_clerk.chips.browser_660552_5.75.0-canary.v20250718205651.min.js.gz
- clerk-js/5.75.0-canary.v20250718205651/userbutton_clerk.chips.browser_660552_5.75.0-canary.v20250718205651.min.js.sri
- clerk-js/5.75.0-canary.v20250718205651/userbutton_clerk.legacy.browser_2bd779_5.75.0-canary.v20250718205651.js.br
- clerk-js/5.75.0-canary.v20250718205651/userbutton_clerk.legacy.browser_2bd779_5.75.0-canary.v20250718205651.js.gz
- clerk-js/5.75.0-canary.v20250718205651/userbutton_clerk.legacy.browser_2bd779_5.75.0-canary.v20250718205651.js.sri
- clerk-js/5.75.0-canary.v20250718205651/userbutton_clerk.legacy.browser_2bd779_5.75.0-canary.v20250718205651.min.js.br
- clerk-js/5.75.0-canary.v20250718205651/userbutton_clerk.legacy.browser_2bd779_5.75.0-canary.v20250718205651.min.js.gz
- clerk-js/5.75.0-canary.v20250718205651/userbutton_clerk.legacy.browser_2bd779_5.75.0-canary.v20250718205651.min.js.sri
- clerk-js/5.75.0-canary.v20250718205651/userprofile_clerk.browser_41a7be_5.75.0-canary.v20250718205651.js.br
- clerk-js/5.75.0-canary.v20250718205651/userprofile_clerk.browser_41a7be_5.75.0-canary.v20250718205651.js.gz
- clerk-js/5.75.0-canary.v20250718205651/userprofile_clerk.browser_41a7be_5.75.0-canary.v20250718205651.js.sri
- clerk-js/5.75.0-canary.v20250718205651/userprofile_clerk.browser_41a7be_5.75.0-canary.v20250718205651.min.js.br
- clerk-js/5.75.0-canary.v20250718205651/userprofile_clerk.browser_41a7be_5.75.0-canary.v20250718205651.min.js.gz
- clerk-js/5.75.0-canary.v20250718205651/userprofile_clerk.browser_41a7be_5.75.0-canary.v20250718205651.min.js.sri
- clerk-js/5.75.0-canary.v20250718205651/userprofile_clerk.chips.browser_660552_5.75.0-canary.v20250718205651.js.br
- clerk-js/5.75.0-canary.v20250718205651/userprofile_clerk.chips.browser_660552_5.75.0-canary.v20250718205651.js.gz
- clerk-js/5.75.0-canary.v20250718205651/userprofile_clerk.chips.browser_660552_5.75.0-canary.v20250718205651.js.sri
- clerk-js/5.75.0-canary.v20250718205651/userprofile_clerk.chips.browser_660552_5.75.0-canary.v20250718205651.min.js.br
- clerk-js/5.75.0-canary.v20250718205651/userprofile_clerk.chips.browser_660552_5.75.0-canary.v20250718205651.min.js.gz
- clerk-js/5.75.0-canary.v20250718205651/userprofile_clerk.chips.browser_660552_5.75.0-canary.v20250718205651.min.js.sri
- clerk-js/5.75.0-canary.v20250718205651/userprofile_clerk.legacy.browser_2bd779_5.75.0-canary.v20250718205651.js.br
- clerk-js/5.75.0-canary.v20250718205651/userprofile_clerk.legacy.browser_2bd779_5.75.0-canary.v20250718205651.js.gz
- clerk-js/5.75.0-canary.v20250718205651/userprofile_clerk.legacy.browser_2bd779_5.75.0-canary.v20250718205651.js.sri
- clerk-js/5.75.0-canary.v20250718205651/userprofile_clerk.legacy.browser_2bd779_5.75.0-canary.v20250718205651.min.js.br
- clerk-js/5.75.0-canary.v20250718205651/userprofile_clerk.legacy.browser_2bd779_5.75.0-canary.v20250718205651.min.js.gz
- clerk-js/5.75.0-canary.v20250718205651/userprofile_clerk.legacy.browser_2bd779_5.75.0-canary.v20250718205651.min.js.sri
- clerk-js/5.75.0-canary.v20250718205651/userverification_clerk.browser_41a7be_5.75.0-canary.v20250718205651.js.br
- clerk-js/5.75.0-canary.v20250718205651/userverification_clerk.browser_41a7be_5.75.0-canary.v20250718205651.js.gz
- clerk-js/5.75.0-canary.v20250718205651/userverification_clerk.browser_41a7be_5.75.0-canary.v20250718205651.js.sri
- clerk-js/5.75.0-canary.v20250718205651/userverification_clerk.browser_41a7be_5.75.0-canary.v20250718205651.min.js.br
- clerk-js/5.75.0-canary.v20250718205651/userverification_clerk.browser_41a7be_5.75.0-canary.v20250718205651.min.js.gz
- clerk-js/5.75.0-canary.v20250718205651/userverification_clerk.browser_41a7be_5.75.0-canary.v20250718205651.min.js.sri
- clerk-js/5.75.0-canary.v20250718205651/userverification_clerk.chips.browser_660552_5.75.0-canary.v20250718205651.js.br
- clerk-js/5.75.0-canary.v20250718205651/userverification_clerk.chips.browser_660552_5.75.0-canary.v20250718205651.js.gz
- clerk-js/5.75.0-canary.v20250718205651/userverification_clerk.chips.browser_660552_5.75.0-canary.v20250718205651.js.sri
- clerk-js/5.75.0-canary.v20250718205651/userverification_clerk.chips.browser_660552_5.75.0-canary.v20250718205651.min.js.br
- clerk-js/5.75.0-canary.v20250718205651/userverification_clerk.chips.browser_660552_5.75.0-canary.v20250718205651.min.js.gz
- clerk-js/5.75.0-canary.v20250718205651/userverification_clerk.chips.browser_660552_5.75.0-canary.v20250718205651.min.js.sri
- clerk-js/5.75.0-canary.v20250718205651/userverification_clerk.legacy.browser_2bd779_5.75.0-canary.v20250718205651.js.br
- clerk-js/5.75.0-canary.v20250718205651/userverification_clerk.legacy.browser_2bd779_5.75.0-canary.v20250718205651.js.gz
- clerk-js/5.75.0-canary.v20250718205651/userverification_clerk.legacy.browser_2bd779_5.75.0-canary.v20250718205651.js.sri
- clerk-js/5.75.0-canary.v20250718205651/userverification_clerk.legacy.browser_2bd779_5.75.0-canary.v20250718205651.min.js.br
- clerk-js/5.75.0-canary.v20250718205651/userverification_clerk.legacy.browser_2bd779_5.75.0-canary.v20250718205651.min.js.gz
- clerk-js/5.75.0-canary.v20250718205651/userverification_clerk.legacy.browser_2bd779_5.75.0-canary.v20250718205651.min.js.sri
- clerk-js/5.75.0-canary.v20250718205651/vendors_clerk.browser_41a7be_5.75.0-canary.v20250718205651.js.br
- clerk-js/5.75.0-canary.v20250718205651/vendors_clerk.browser_41a7be_5.75.0-canary.v20250718205651.js.gz
- clerk-js/5.75.0-canary.v20250718205651/vendors_clerk.browser_41a7be_5.75.0-canary.v20250718205651.js.sri
- clerk-js/5.75.0-canary.v20250718205651/vendors_clerk.browser_41a7be_5.75.0-canary.v20250718205651.min.js.br
- clerk-js/5.75.0-canary.v20250718205651/vendors_clerk.browser_41a7be_5.75.0-canary.v20250718205651.min.js.gz
- clerk-js/5.75.0-canary.v20250718205651/vendors_clerk.browser_41a7be_5.75.0-canary.v20250718205651.min.js.sri
- clerk-js/5.75.0-canary.v20250718205651/vendors_clerk.chips.browser_660552_5.75.0-canary.v20250718205651.js.br
- clerk-js/5.75.0-canary.v20250718205651/vendors_clerk.chips.browser_660552_5.75.0-canary.v20250718205651.js.gz
- clerk-js/5.75.0-canary.v20250718205651/vendors_clerk.chips.browser_660552_5.75.0-canary.v20250718205651.js.sri
- clerk-js/5.75.0-canary.v20250718205651/vendors_clerk.chips.browser_660552_5.75.0-canary.v20250718205651.min.js.br
- clerk-js/5.75.0-canary.v20250718205651/vendors_clerk.chips.browser_660552_5.75.0-canary.v20250718205651.min.js.gz
- clerk-js/5.75.0-canary.v20250718205651/vendors_clerk.chips.browser_660552_5.75.0-canary.v20250718205651.min.js.sri
- clerk-js/5.75.0-canary.v20250718205651/vendors_clerk.headless.browser_d4e62c_5.75.0-canary.v20250718205651.js.br
- clerk-js/5.75.0-canary.v20250718205651/vendors_clerk.headless.browser_d4e62c_5.75.0-canary.v20250718205651.js.gz
- clerk-js/5.75.0-canary.v20250718205651/vendors_clerk.headless.browser_d4e62c_5.75.0-canary.v20250718205651.js.sri
- clerk-js/5.75.0-canary.v20250718205651/vendors_clerk.headless.browser_d4e62c_5.75.0-canary.v20250718205651.min.js.br
- clerk-js/5.75.0-canary.v20250718205651/vendors_clerk.headless.browser_d4e62c_5.75.0-canary.v20250718205651.min.js.gz
- clerk-js/5.75.0-canary.v20250718205651/vendors_clerk.headless.browser_d4e62c_5.75.0-canary.v20250718205651.min.js.sri
- clerk-js/5.75.0-canary.v20250718205651/vendors_clerk.legacy.browser_2bd779_5.75.0-canary.v20250718205651.js.br
- clerk-js/5.75.0-canary.v20250718205651/vendors_clerk.legacy.browser_2bd779_5.75.0-canary.v20250718205651.js.gz
- clerk-js/5.75.0-canary.v20250718205651/vendors_clerk.legacy.browser_2bd779_5.75.0-canary.v20250718205651.js.sri
- clerk-js/5.75.0-canary.v20250718205651/vendors_clerk.legacy.browser_2bd779_5.75.0-canary.v20250718205651.min.js.br
- clerk-js/5.75.0-canary.v20250718205651/vendors_clerk.legacy.browser_2bd779_5.75.0-canary.v20250718205651.min.js.gz
- clerk-js/5.75.0-canary.v20250718205651/vendors_clerk.legacy.browser_2bd779_5.75.0-canary.v20250718205651.min.js.sri
- clerk-js/5.75.0-canary.v20250718205651/waitlist_clerk.browser_41a7be_5.75.0-canary.v20250718205651.js.br
- clerk-js/5.75.0-canary.v20250718205651/waitlist_clerk.browser_41a7be_5.75.0-canary.v20250718205651.js.gz
- clerk-js/5.75.0-canary.v20250718205651/waitlist_clerk.browser_41a7be_5.75.0-canary.v20250718205651.js.sri
- clerk-js/5.75.0-canary.v20250718205651/waitlist_clerk.browser_41a7be_5.75.0-canary.v20250718205651.min.js.br
- clerk-js/5.75.0-canary.v20250718205651/waitlist_clerk.browser_41a7be_5.75.0-canary.v20250718205651.min.js.gz
- clerk-js/5.75.0-canary.v20250718205651/waitlist_clerk.browser_41a7be_5.75.0-canary.v20250718205651.min.js.sri
- clerk-js/5.75.0-canary.v20250718205651/waitlist_clerk.chips.browser_660552_5.75.0-canary.v20250718205651.js.br
- clerk-js/5.75.0-canary.v20250718205651/waitlist_clerk.chips.browser_660552_5.75.0-canary.v20250718205651.js.gz
- clerk-js/5.75.0-canary.v20250718205651/waitlist_clerk.chips.browser_660552_5.75.0-canary.v20250718205651.js.sri
- clerk-js/5.75.0-canary.v20250718205651/waitlist_clerk.chips.browser_660552_5.75.0-canary.v20250718205651.min.js.br
- clerk-js/5.75.0-canary.v20250718205651/waitlist_clerk.chips.browser_660552_5.75.0-canary.v20250718205651.min.js.gz
- clerk-js/5.75.0-canary.v20250718205651/waitlist_clerk.chips.browser_660552_5.75.0-canary.v20250718205651.min.js.sri
- clerk-js/5.75.0-canary.v20250718205651/waitlist_clerk.legacy.browser_2bd779_5.75.0-canary.v20250718205651.js.br
- clerk-js/5.75.0-canary.v20250718205651/waitlist_clerk.legacy.browser_2bd779_5.75.0-canary.v20250718205651.js.gz
- clerk-js/5.75.0-canary.v20250718205651/waitlist_clerk.legacy.browser_2bd779_5.75.0-canary.v20250718205651.js.sri
- clerk-js/5.75.0-canary.v20250718205651/waitlist_clerk.legacy.browser_2bd779_5.75.0-canary.v20250718205651.min.js.br
- clerk-js/5.75.0-canary.v20250718205651/waitlist_clerk.legacy.browser_2bd779_5.75.0-canary.v20250718205651.min.js.gz
- clerk-js/5.75.0-canary.v20250718205651/waitlist_clerk.legacy.browser_2bd779_5.75.0-canary.v20250718205651.min.js.sri
- clerk-js/5.75.0-canary.v20250718205651/zxcvbn-common_clerk.browser_41a7be_5.75.0-canary.v20250718205651.js.br
- clerk-js/5.75.0-canary.v20250718205651/zxcvbn-common_clerk.browser_41a7be_5.75.0-canary.v20250718205651.js.gz
- clerk-js/5.75.0-canary.v20250718205651/zxcvbn-common_clerk.browser_41a7be_5.75.0-canary.v20250718205651.js.sri
- clerk-js/5.75.0-canary.v20250718205651/zxcvbn-common_clerk.browser_41a7be_5.75.0-canary.v20250718205651.min.js.br
- clerk-js/5.75.0-canary.v20250718205651/zxcvbn-common_clerk.browser_41a7be_5.75.0-canary.v20250718205651.min.js.gz
- clerk-js/5.75.0-canary.v20250718205651/zxcvbn-common_clerk.browser_41a7be_5.75.0-canary.v20250718205651.min.js.sri
- clerk-js/5.75.0-canary.v20250718205651/zxcvbn-common_clerk.chips.browser_660552_5.75.0-canary.v20250718205651.js.br
- clerk-js/5.75.0-canary.v20250718205651/zxcvbn-common_clerk.chips.browser_660552_5.75.0-canary.v20250718205651.js.gz
- clerk-js/5.75.0-canary.v20250718205651/zxcvbn-common_clerk.chips.browser_660552_5.75.0-canary.v20250718205651.js.sri
- clerk-js/5.75.0-canary.v20250718205651/zxcvbn-common_clerk.chips.browser_660552_5.75.0-canary.v20250718205651.min.js.br
- clerk-js/5.75.0-canary.v20250718205651/zxcvbn-common_clerk.chips.browser_660552_5.75.0-canary.v20250718205651.min.js.gz
- clerk-js/5.75.0-canary.v20250718205651/zxcvbn-common_clerk.chips.browser_660552_5.75.0-canary.v20250718205651.min.js.sri
- clerk-js/5.75.0-canary.v20250718205651/zxcvbn-common_clerk.headless.browser_d4e62c_5.75.0-canary.v20250718205651.js.br
- clerk-js/5.75.0-canary.v20250718205651/zxcvbn-common_clerk.headless.browser_d4e62c_5.75.0-canary.v20250718205651.js.gz
- clerk-js/5.75.0-canary.v20250718205651/zxcvbn-common_clerk.headless.browser_d4e62c_5.75.0-canary.v20250718205651.js.sri
- clerk-js/5.75.0-canary.v20250718205651/zxcvbn-common_clerk.headless.browser_d4e62c_5.75.0-canary.v20250718205651.min.js.br
- clerk-js/5.75.0-canary.v20250718205651/zxcvbn-common_clerk.headless.browser_d4e62c_5.75.0-canary.v20250718205651.min.js.gz
- clerk-js/5.75.0-canary.v20250718205651/zxcvbn-common_clerk.headless.browser_d4e62c_5.75.0-canary.v20250718205651.min.js.sri
- clerk-js/5.75.0-canary.v20250718205651/zxcvbn-common_clerk.legacy.browser_2bd779_5.75.0-canary.v20250718205651.js.br
- clerk-js/5.75.0-canary.v20250718205651/zxcvbn-common_clerk.legacy.browser_2bd779_5.75.0-canary.v20250718205651.js.gz
- clerk-js/5.75.0-canary.v20250718205651/zxcvbn-common_clerk.legacy.browser_2bd779_5.75.0-canary.v20250718205651.js.sri
- clerk-js/5.75.0-canary.v20250718205651/zxcvbn-common_clerk.legacy.browser_2bd779_5.75.0-canary.v20250718205651.min.js.br
- clerk-js/5.75.0-canary.v20250718205651/zxcvbn-common_clerk.legacy.browser_2bd779_5.75.0-canary.v20250718205651.min.js.gz
- clerk-js/5.75.0-canary.v20250718205651/zxcvbn-common_clerk.legacy.browser_2bd779_5.75.0-canary.v20250718205651.min.js.sri
- clerk-js/5.75.0-canary.v20250718205651/zxcvbn-ts-core_clerk.browser_41a7be_5.75.0-canary.v20250718205651.js.br
- clerk-js/5.75.0-canary.v20250718205651/zxcvbn-ts-core_clerk.browser_41a7be_5.75.0-canary.v20250718205651.js.gz
- clerk-js/5.75.0-canary.v20250718205651/zxcvbn-ts-core_clerk.browser_41a7be_5.75.0-canary.v20250718205651.js.sri
- clerk-js/5.75.0-canary.v20250718205651/zxcvbn-ts-core_clerk.browser_41a7be_5.75.0-canary.v20250718205651.min.js.br
- clerk-js/5.75.0-canary.v20250718205651/zxcvbn-ts-core_clerk.browser_41a7be_5.75.0-canary.v20250718205651.min.js.gz
- clerk-js/5.75.0-canary.v20250718205651/zxcvbn-ts-core_clerk.browser_41a7be_5.75.0-canary.v20250718205651.min.js.sri
- clerk-js/5.75.0-canary.v20250718205651/zxcvbn-ts-core_clerk.chips.browser_660552_5.75.0-canary.v20250718205651.js.br
- clerk-js/5.75.0-canary.v20250718205651/zxcvbn-ts-core_clerk.chips.browser_660552_5.75.0-canary.v20250718205651.js.gz
- clerk-js/5.75.0-canary.v20250718205651/zxcvbn-ts-core_clerk.chips.browser_660552_5.75.0-canary.v20250718205651.js.sri
- clerk-js/5.75.0-canary.v20250718205651/zxcvbn-ts-core_clerk.chips.browser_660552_5.75.0-canary.v20250718205651.min.js.br
- clerk-js/5.75.0-canary.v20250718205651/zxcvbn-ts-core_clerk.chips.browser_660552_5.75.0-canary.v20250718205651.min.js.gz
- clerk-js/5.75.0-canary.v20250718205651/zxcvbn-ts-core_clerk.chips.browser_660552_5.75.0-canary.v20250718205651.min.js.sri
- clerk-js/5.75.0-canary.v20250718205651/zxcvbn-ts-core_clerk.headless.browser_d4e62c_5.75.0-canary.v20250718205651.js.br
- clerk-js/5.75.0-canary.v20250718205651/zxcvbn-ts-core_clerk.headless.browser_d4e62c_5.75.0-canary.v20250718205651.js.gz
- clerk-js/5.75.0-canary.v20250718205651/zxcvbn-ts-core_clerk.headless.browser_d4e62c_5.75.0-canary.v20250718205651.js.sri
- clerk-js/5.75.0-canary.v20250718205651/zxcvbn-ts-core_clerk.headless.browser_d4e62c_5.75.0-canary.v20250718205651.min.js.br
- clerk-js/5.75.0-canary.v20250718205651/zxcvbn-ts-core_clerk.headless.browser_d4e62c_5.75.0-canary.v20250718205651.min.js.gz
- clerk-js/5.75.0-canary.v20250718205651/zxcvbn-ts-core_clerk.headless.browser_d4e62c_5.75.0-canary.v20250718205651.min.js.sri
- clerk-js/5.75.0-canary.v20250718205651/zxcvbn-ts-core_clerk.legacy.browser_2bd779_5.75.0-canary.v20250718205651.js.br
- clerk-js/5.75.0-canary.v20250718205651/zxcvbn-ts-core_clerk.legacy.browser_2bd779_5.75.0-canary.v20250718205651.js.gz
- clerk-js/5.75.0-canary.v20250718205651/zxcvbn-ts-core_clerk.legacy.browser_2bd779_5.75.0-canary.v20250718205651.js.sri
- clerk-js/5.75.0-canary.v20250718205651/zxcvbn-ts-core_clerk.legacy.browser_2bd779_5.75.0-canary.v20250718205651.min.js.br
- clerk-js/5.75.0-canary.v20250718205651/zxcvbn-ts-core_clerk.legacy.browser_2bd779_5.75.0-canary.v20250718205651.min.js.gz
- clerk-js/5.75.0-canary.v20250718205651/zxcvbn-ts-core_clerk.legacy.browser_2bd779_5.75.0-canary.v20250718205651.min.js.sri
