2025/09/24 16:40:35 optimizing files (Js true, Css true, Png true, Jpg true)
2025/09/24 16:40:36 algorithm: run /usr/bin/brotli --quality=11 --output=/output/emoji_pretty.json.br /tmp/work/emoji_pretty.json
2025/09/24 16:40:36 algorithm: run /usr/bin/brotli --quality=11 --output=/output/emoji.json.br /tmp/work/emoji.json
2025/09/24 16:40:36 compress: run /usr/bin/zopflipng --iterations=60 --keepchunks=iCCP --lossy_transparent --splitting=3 -my /tmp/work/img/google/64/002a-fe0f-20e3.png /tmp/work/img/google/64/002a-fe0f-20e3.png
2025/09/24 16:40:36 compress: run /usr/bin/zopflipng --iterations=60 --keepchunks=iCCP --lossy_transparent --splitting=3 -my /tmp/work/img/google/64/0023-fe0f-20e3.png /tmp/work/img/google/64/0023-fe0f-20e3.png
2025/09/24 16:40:36 compress: run /usr/bin/zopflipng --iterations=60 --keepchunks=iCCP --lossy_transparent --splitting=3 -my /tmp/work/img/google/64/0031-fe0f-20e3.png /tmp/work/img/google/64/0031-fe0f-20e3.png
2025/09/24 16:40:36 compress: run /usr/bin/zopflipng --iterations=60 --keepchunks=iCCP --lossy_transparent --splitting=3 -my /tmp/work/img/google/64/0030-fe0f-20e3.png /tmp/work/img/google/64/0030-fe0f-20e3.png
2025/09/24 16:40:36 compress: run /usr/bin/zopflipng --iterations=60 --keepchunks=iCCP --lossy_transparent --splitting=3 -my /tmp/work/img/google/64/0032-fe0f-20e3.png /tmp/work/img/google/64/0032-fe0f-20e3.png
2025/09/24 16:40:36 compress: run /usr/bin/zopflipng --iterations=60 --keepchunks=iCCP --lossy_transparent --splitting=3 -my /tmp/work/img/google/64/0033-fe0f-20e3.png /tmp/work/img/google/64/0033-fe0f-20e3.png
2025/09/24 16:40:41 Optimizing /tmp/work/img/google/64/0033-fe0f-20e3.png
Input size: 1756 (1K)
Result size: 1756 (1K). Percentage of original: 100.000%
Result has exact same size


2025/09/24 16:40:41 algorithm: run /usr/bin/brotli --quality=11 --output=/output/img/google/64/0033-fe0f-20e3.png.br /tmp/work/img/google/64/0033-fe0f-20e3.png
2025/09/24 16:40:41 br /tmp/work/img/google/64/0033-fe0f-20e3.png -> /output/img/google/64/0033-fe0f-20e3.png.br
2025/09/24 16:40:41 gz /tmp/work/img/google/64/0033-fe0f-20e3.png -> /output/img/google/64/0033-fe0f-20e3.png.gz
2025/09/24 16:40:41 compress: run /usr/bin/zopflipng --iterations=60 --keepchunks=iCCP --lossy_transparent --splitting=3 -my /tmp/work/img/google/64/0034-fe0f-20e3.png /tmp/work/img/google/64/0034-fe0f-20e3.png
2025/09/24 16:40:54 Optimizing /tmp/work/img/google/64/0032-fe0f-20e3.png
Input size: 1616 (1K)
Result size: 1614 (1K). Percentage of original: 99.876%
Result is smaller


2025/09/24 16:40:54 algorithm: run /usr/bin/brotli --quality=11 --output=/output/img/google/64/0032-fe0f-20e3.png.br /tmp/work/img/google/64/0032-fe0f-20e3.png
2025/09/24 16:40:54 br /tmp/work/img/google/64/0032-fe0f-20e3.png -> /output/img/google/64/0032-fe0f-20e3.png.br
2025/09/24 16:40:54 gz /tmp/work/img/google/64/0032-fe0f-20e3.png -> /output/img/google/64/0032-fe0f-20e3.png.gz
2025/09/24 16:40:54 compress: run /usr/bin/zopflipng --iterations=60 --keepchunks=iCCP --lossy_transparent --splitting=3 -my /tmp/work/img/google/64/0035-fe0f-20e3.png /tmp/work/img/google/64/0035-fe0f-20e3.png
2025/09/24 16:40:54 Optimizing /tmp/work/img/google/64/0030-fe0f-20e3.png
Input size: 1633 (1K)
Result size: 1630 (1K). Percentage of original: 99.816%
Result is smaller


2025/09/24 16:40:54 algorithm: run /usr/bin/brotli --quality=11 --output=/output/img/google/64/0030-fe0f-20e3.png.br /tmp/work/img/google/64/0030-fe0f-20e3.png
2025/09/24 16:40:55 br /tmp/work/img/google/64/0030-fe0f-20e3.png -> /output/img/google/64/0030-fe0f-20e3.png.br
2025/09/24 16:40:55 gz /tmp/work/img/google/64/0030-fe0f-20e3.png -> /output/img/google/64/0030-fe0f-20e3.png.gz
2025/09/24 16:40:55 compress: run /usr/bin/zopflipng --iterations=60 --keepchunks=iCCP --lossy_transparent --splitting=3 -my /tmp/work/img/google/64/0036-fe0f-20e3.png /tmp/work/img/google/64/0036-fe0f-20e3.png
2025/09/24 16:40:55 Optimizing /tmp/work/img/google/64/0031-fe0f-20e3.png
Input size: 1073 (1K)
Result size: 1066 (1K). Percentage of original: 99.348%
Result is smaller


2025/09/24 16:40:55 algorithm: run /usr/bin/brotli --quality=11 --output=/output/img/google/64/0031-fe0f-20e3.png.br /tmp/work/img/google/64/0031-fe0f-20e3.png
2025/09/24 16:40:55 br /tmp/work/img/google/64/0031-fe0f-20e3.png -> /output/img/google/64/0031-fe0f-20e3.png.br
2025/09/24 16:40:55 gz /tmp/work/img/google/64/0031-fe0f-20e3.png -> /output/img/google/64/0031-fe0f-20e3.png.gz
2025/09/24 16:40:55 compress: run /usr/bin/zopflipng --iterations=60 --keepchunks=iCCP --lossy_transparent --splitting=3 -my /tmp/work/img/google/64/0037-fe0f-20e3.png /tmp/work/img/google/64/0037-fe0f-20e3.png
2025/09/24 16:40:55 br /tmp/work/emoji.json -> /output/emoji.json.br
2025/09/24 16:40:56 gz /tmp/work/emoji.json -> /output/emoji.json.gz
2025/09/24 16:40:56 compress: run /usr/bin/zopflipng --iterations=60 --keepchunks=iCCP --lossy_transparent --splitting=3 -my /tmp/work/img/google/64/0038-fe0f-20e3.png /tmp/work/img/google/64/0038-fe0f-20e3.png
2025/09/24 16:40:56 Optimizing /tmp/work/img/google/64/002a-fe0f-20e3.png
Input size: 1786 (1K)
Result size: 1785 (1K). Percentage of original: 99.944%
Result is smaller


2025/09/24 16:40:56 algorithm: run /usr/bin/brotli --quality=11 --output=/output/img/google/64/002a-fe0f-20e3.png.br /tmp/work/img/google/64/002a-fe0f-20e3.png
2025/09/24 16:40:56 br /tmp/work/img/google/64/002a-fe0f-20e3.png -> /output/img/google/64/002a-fe0f-20e3.png.br
2025/09/24 16:40:56 gz /tmp/work/img/google/64/002a-fe0f-20e3.png -> /output/img/google/64/002a-fe0f-20e3.png.gz
2025/09/24 16:40:56 compress: run /usr/bin/zopflipng --iterations=60 --keepchunks=iCCP --lossy_transparent --splitting=3 -my /tmp/work/img/google/64/0039-fe0f-20e3.png /tmp/work/img/google/64/0039-fe0f-20e3.png
2025/09/24 16:41:05 Optimizing /tmp/work/img/google/64/0023-fe0f-20e3.png
Input size: 1878 (1K)
Result size: 1871 (1K). Percentage of original: 99.627%
Result is smaller


2025/09/24 16:41:05 algorithm: run /usr/bin/brotli --quality=11 --output=/output/img/google/64/0023-fe0f-20e3.png.br /tmp/work/img/google/64/0023-fe0f-20e3.png
2025/09/24 16:41:05 br /tmp/work/img/google/64/0023-fe0f-20e3.png -> /output/img/google/64/0023-fe0f-20e3.png.br
2025/09/24 16:41:05 gz /tmp/work/img/google/64/0023-fe0f-20e3.png -> /output/img/google/64/0023-fe0f-20e3.png.gz
2025/09/24 16:41:05 compress: run /usr/bin/zopflipng --iterations=60 --keepchunks=iCCP --lossy_transparent --splitting=3 -my /tmp/work/img/google/64/00a9-fe0f.png /tmp/work/img/google/64/00a9-fe0f.png
2025/09/24 16:41:05 Optimizing /tmp/work/img/google/64/0038-fe0f-20e3.png
Input size: 1839 (1K)
Result size: 1838 (1K). Percentage of original: 99.946%
Result is smaller


2025/09/24 16:41:05 algorithm: run /usr/bin/brotli --quality=11 --output=/output/img/google/64/0038-fe0f-20e3.png.br /tmp/work/img/google/64/0038-fe0f-20e3.png
2025/09/24 16:41:05 br /tmp/work/img/google/64/0038-fe0f-20e3.png -> /output/img/google/64/0038-fe0f-20e3.png.br
2025/09/24 16:41:05 gz /tmp/work/img/google/64/0038-fe0f-20e3.png -> /output/img/google/64/0038-fe0f-20e3.png.gz
2025/09/24 16:41:05 compress: run /usr/bin/zopflipng --iterations=60 --keepchunks=iCCP --lossy_transparent --splitting=3 -my /tmp/work/img/google/64/00ae-fe0f.png /tmp/work/img/google/64/00ae-fe0f.png
2025/09/24 16:41:06 Optimizing /tmp/work/img/google/64/0039-fe0f-20e3.png
Input size: 1770 (1K)
Result size: 1768 (1K). Percentage of original: 99.887%
Result is smaller


2025/09/24 16:41:06 algorithm: run /usr/bin/brotli --quality=11 --output=/output/img/google/64/0039-fe0f-20e3.png.br /tmp/work/img/google/64/0039-fe0f-20e3.png
2025/09/24 16:41:07 br /tmp/work/img/google/64/0039-fe0f-20e3.png -> /output/img/google/64/0039-fe0f-20e3.png.br
2025/09/24 16:41:07 gz /tmp/work/img/google/64/0039-fe0f-20e3.png -> /output/img/google/64/0039-fe0f-20e3.png.gz
2025/09/24 16:41:07 compress: run /usr/bin/zopflipng --iterations=60 --keepchunks=iCCP --lossy_transparent --splitting=3 -my /tmp/work/img/google/64/1f004.png /tmp/work/img/google/64/1f004.png
2025/09/24 16:41:09 Optimizing /tmp/work/img/google/64/0034-fe0f-20e3.png
Input size: 1382 (1K)
Result size: 1378 (1K). Percentage of original: 99.711%
Result is smaller


2025/09/24 16:41:09 algorithm: run /usr/bin/brotli --quality=11 --output=/output/img/google/64/0034-fe0f-20e3.png.br /tmp/work/img/google/64/0034-fe0f-20e3.png
2025/09/24 16:41:09 br /tmp/work/img/google/64/0034-fe0f-20e3.png -> /output/img/google/64/0034-fe0f-20e3.png.br
2025/09/24 16:41:09 gz /tmp/work/img/google/64/0034-fe0f-20e3.png -> /output/img/google/64/0034-fe0f-20e3.png.gz
2025/09/24 16:41:09 compress: run /usr/bin/zopflipng --iterations=60 --keepchunks=iCCP --lossy_transparent --splitting=3 -my /tmp/work/img/google/64/1f0cf.png /tmp/work/img/google/64/1f0cf.png
2025/09/24 16:41:17 Optimizing /tmp/work/img/google/64/00ae-fe0f.png
Input size: 3189 (3K)
Result size: 3186 (3K). Percentage of original: 99.906%
Result is smaller


2025/09/24 16:41:17 algorithm: run /usr/bin/brotli --quality=11 --output=/output/img/google/64/00ae-fe0f.png.br /tmp/work/img/google/64/00ae-fe0f.png
2025/09/24 16:41:17 br /tmp/work/img/google/64/00ae-fe0f.png -> /output/img/google/64/00ae-fe0f.png.br
2025/09/24 16:41:17 gz /tmp/work/img/google/64/00ae-fe0f.png -> /output/img/google/64/00ae-fe0f.png.gz
2025/09/24 16:41:17 compress: run /usr/bin/zopflipng --iterations=60 --keepchunks=iCCP --lossy_transparent --splitting=3 -my /tmp/work/img/google/64/1f170-fe0f.png /tmp/work/img/google/64/1f170-fe0f.png
2025/09/24 16:41:20 Optimizing /tmp/work/img/google/64/1f0cf.png
Input size: 2993 (2K)
Result size: 2980 (2K). Percentage of original: 99.566%
Result is smaller


2025/09/24 16:41:20 algorithm: run /usr/bin/brotli --quality=11 --output=/output/img/google/64/1f0cf.png.br /tmp/work/img/google/64/1f0cf.png
2025/09/24 16:41:20 br /tmp/work/img/google/64/1f0cf.png -> /output/img/google/64/1f0cf.png.br
2025/09/24 16:41:20 gz /tmp/work/img/google/64/1f0cf.png -> /output/img/google/64/1f0cf.png.gz
2025/09/24 16:41:20 compress: run /usr/bin/zopflipng --iterations=60 --keepchunks=iCCP --lossy_transparent --splitting=3 -my /tmp/work/img/google/64/1f171-fe0f.png /tmp/work/img/google/64/1f171-fe0f.png
2025/09/24 16:41:20 Optimizing /tmp/work/img/google/64/1f004.png
Input size: 2376 (2K)
Result size: 2418 (2K). Percentage of original: 101.768%
Preserving original PNG since it was smaller


2025/09/24 16:41:20 algorithm: run /usr/bin/brotli --quality=11 --output=/output/img/google/64/1f004.png.br /tmp/work/img/google/64/1f004.png
2025/09/24 16:41:20 br /tmp/work/img/google/64/1f004.png -> /output/img/google/64/1f004.png.br
2025/09/24 16:41:20 gz /tmp/work/img/google/64/1f004.png -> /output/img/google/64/1f004.png.gz
2025/09/24 16:41:20 compress: run /usr/bin/zopflipng --iterations=60 --keepchunks=iCCP --lossy_transparent --splitting=3 -my /tmp/work/img/google/64/1f17e-fe0f.png /tmp/work/img/google/64/1f17e-fe0f.png
2025/09/24 16:41:23 Optimizing /tmp/work/img/google/64/00a9-fe0f.png
Input size: 3412 (3K)
Result size: 3408 (3K). Percentage of original: 99.883%
Result is smaller


2025/09/24 16:41:23 algorithm: run /usr/bin/brotli --quality=11 --output=/output/img/google/64/00a9-fe0f.png.br /tmp/work/img/google/64/00a9-fe0f.png
2025/09/24 16:41:23 br /tmp/work/img/google/64/00a9-fe0f.png -> /output/img/google/64/00a9-fe0f.png.br
2025/09/24 16:41:23 gz /tmp/work/img/google/64/00a9-fe0f.png -> /output/img/google/64/00a9-fe0f.png.gz
2025/09/24 16:41:23 compress: run /usr/bin/zopflipng --iterations=60 --keepchunks=iCCP --lossy_transparent --splitting=3 -my /tmp/work/img/google/64/1f17f-fe0f.png /tmp/work/img/google/64/1f17f-fe0f.png
2025/09/24 16:41:24 Optimizing /tmp/work/img/google/64/0035-fe0f-20e3.png
Input size: 1687 (1K)
Result size: 1681 (1K). Percentage of original: 99.644%
Result is smaller


2025/09/24 16:41:24 algorithm: run /usr/bin/brotli --quality=11 --output=/output/img/google/64/0035-fe0f-20e3.png.br /tmp/work/img/google/64/0035-fe0f-20e3.png
2025/09/24 16:41:24 br /tmp/work/img/google/64/0035-fe0f-20e3.png -> /output/img/google/64/0035-fe0f-20e3.png.br
2025/09/24 16:41:24 gz /tmp/work/img/google/64/0035-fe0f-20e3.png -> /output/img/google/64/0035-fe0f-20e3.png.gz
2025/09/24 16:41:24 compress: run /usr/bin/zopflipng --iterations=60 --keepchunks=iCCP --lossy_transparent --splitting=3 -my /tmp/work/img/google/64/1f18e.png /tmp/work/img/google/64/1f18e.png
2025/09/24 16:41:25 Optimizing /tmp/work/img/google/64/0036-fe0f-20e3.png
Input size: 1759 (1K)
Result size: 1749 (1K). Percentage of original: 99.431%
Result is smaller


2025/09/24 16:41:25 algorithm: run /usr/bin/brotli --quality=11 --output=/output/img/google/64/0036-fe0f-20e3.png.br /tmp/work/img/google/64/0036-fe0f-20e3.png
2025/09/24 16:41:25 br /tmp/work/img/google/64/0036-fe0f-20e3.png -> /output/img/google/64/0036-fe0f-20e3.png.br
2025/09/24 16:41:25 gz /tmp/work/img/google/64/0036-fe0f-20e3.png -> /output/img/google/64/0036-fe0f-20e3.png.gz
2025/09/24 16:41:25 compress: run /usr/bin/zopflipng --iterations=60 --keepchunks=iCCP --lossy_transparent --splitting=3 -my /tmp/work/img/google/64/1f191.png /tmp/work/img/google/64/1f191.png
2025/09/24 16:41:26 br /tmp/work/emoji_pretty.json -> /output/emoji_pretty.json.br
2025/09/24 16:41:27 gz /tmp/work/emoji_pretty.json -> /output/emoji_pretty.json.gz
2025/09/24 16:41:27 compress: run /usr/bin/zopflipng --iterations=60 --keepchunks=iCCP --lossy_transparent --splitting=3 -my /tmp/work/img/google/64/1f192.png /tmp/work/img/google/64/1f192.png
2025/09/24 16:41:27 Optimizing /tmp/work/img/google/64/1f170-fe0f.png
Input size: 2033 (1K)
Result size: 2028 (1K). Percentage of original: 99.754%
Result is smaller


2025/09/24 16:41:27 algorithm: run /usr/bin/brotli --quality=11 --output=/output/img/google/64/1f170-fe0f.png.br /tmp/work/img/google/64/1f170-fe0f.png
2025/09/24 16:41:27 br /tmp/work/img/google/64/1f170-fe0f.png -> /output/img/google/64/1f170-fe0f.png.br
2025/09/24 16:41:27 gz /tmp/work/img/google/64/1f170-fe0f.png -> /output/img/google/64/1f170-fe0f.png.gz
2025/09/24 16:41:27 compress: run /usr/bin/zopflipng --iterations=60 --keepchunks=iCCP --lossy_transparent --splitting=3 -my /tmp/work/img/google/64/1f193.png /tmp/work/img/google/64/1f193.png
2025/09/24 16:41:29 Optimizing /tmp/work/img/google/64/1f171-fe0f.png
Input size: 1844 (1K)
Result size: 1841 (1K). Percentage of original: 99.837%
Result is smaller


2025/09/24 16:41:29 algorithm: run /usr/bin/brotli --quality=11 --output=/output/img/google/64/1f171-fe0f.png.br /tmp/work/img/google/64/1f171-fe0f.png
2025/09/24 16:41:29 br /tmp/work/img/google/64/1f171-fe0f.png -> /output/img/google/64/1f171-fe0f.png.br
2025/09/24 16:41:29 gz /tmp/work/img/google/64/1f171-fe0f.png -> /output/img/google/64/1f171-fe0f.png.gz
2025/09/24 16:41:29 compress: run /usr/bin/zopflipng --iterations=60 --keepchunks=iCCP --lossy_transparent --splitting=3 -my /tmp/work/img/google/64/1f194.png /tmp/work/img/google/64/1f194.png
2025/09/24 16:41:29 Optimizing /tmp/work/img/google/64/0037-fe0f-20e3.png
Input size: 1397 (1K)
Result size: 1396 (1K). Percentage of original: 99.928%
Result is smaller


2025/09/24 16:41:29 algorithm: run /usr/bin/brotli --quality=11 --output=/output/img/google/64/0037-fe0f-20e3.png.br /tmp/work/img/google/64/0037-fe0f-20e3.png
2025/09/24 16:41:29 br /tmp/work/img/google/64/0037-fe0f-20e3.png -> /output/img/google/64/0037-fe0f-20e3.png.br
2025/09/24 16:41:29 gz /tmp/work/img/google/64/0037-fe0f-20e3.png -> /output/img/google/64/0037-fe0f-20e3.png.gz
2025/09/24 16:41:29 compress: run /usr/bin/zopflipng --iterations=60 --keepchunks=iCCP --lossy_transparent --splitting=3 -my /tmp/work/img/google/64/1f195.png /tmp/work/img/google/64/1f195.png
2025/09/24 16:41:29 Optimizing /tmp/work/img/google/64/1f17e-fe0f.png
Input size: 2286 (2K)
Result size: 2286 (2K). Percentage of original: 100.000%
Result has exact same size


2025/09/24 16:41:29 algorithm: run /usr/bin/brotli --quality=11 --output=/output/img/google/64/1f17e-fe0f.png.br /tmp/work/img/google/64/1f17e-fe0f.png
2025/09/24 16:41:29 br /tmp/work/img/google/64/1f17e-fe0f.png -> /output/img/google/64/1f17e-fe0f.png.br
2025/09/24 16:41:29 gz /tmp/work/img/google/64/1f17e-fe0f.png -> /output/img/google/64/1f17e-fe0f.png.gz
2025/09/24 16:41:29 compress: run /usr/bin/zopflipng --iterations=60 --keepchunks=iCCP --lossy_transparent --splitting=3 -my /tmp/work/img/google/64/1f196.png /tmp/work/img/google/64/1f196.png
2025/09/24 16:41:34 Optimizing /tmp/work/img/google/64/1f18e.png
Input size: 2167 (2K)
Result size: 2165 (2K). Percentage of original: 99.908%
Result is smaller


2025/09/24 16:41:34 algorithm: run /usr/bin/brotli --quality=11 --output=/output/img/google/64/1f18e.png.br /tmp/work/img/google/64/1f18e.png
2025/09/24 16:41:34 br /tmp/work/img/google/64/1f18e.png -> /output/img/google/64/1f18e.png.br
2025/09/24 16:41:34 gz /tmp/work/img/google/64/1f18e.png -> /output/img/google/64/1f18e.png.gz
2025/09/24 16:41:34 compress: run /usr/bin/zopflipng --iterations=60 --keepchunks=iCCP --lossy_transparent --splitting=3 -my /tmp/work/img/google/64/1f197.png /tmp/work/img/google/64/1f197.png
2025/09/24 16:41:36 Optimizing /tmp/work/img/google/64/1f191.png
Input size: 1912 (1K)
Result size: 1906 (1K). Percentage of original: 99.686%
Result is smaller


2025/09/24 16:41:36 algorithm: run /usr/bin/brotli --quality=11 --output=/output/img/google/64/1f191.png.br /tmp/work/img/google/64/1f191.png
2025/09/24 16:41:36 br /tmp/work/img/google/64/1f191.png -> /output/img/google/64/1f191.png.br
2025/09/24 16:41:36 gz /tmp/work/img/google/64/1f191.png -> /output/img/google/64/1f191.png.gz
2025/09/24 16:41:36 compress: run /usr/bin/zopflipng --iterations=60 --keepchunks=iCCP --lossy_transparent --splitting=3 -my /tmp/work/img/google/64/1f198.png /tmp/work/img/google/64/1f198.png
2025/09/24 16:41:40 Optimizing /tmp/work/img/google/64/1f192.png
Input size: 2098 (2K)
Result size: 2095 (2K). Percentage of original: 99.857%
Result is smaller


2025/09/24 16:41:40 algorithm: run /usr/bin/brotli --quality=11 --output=/output/img/google/64/1f192.png.br /tmp/work/img/google/64/1f192.png
2025/09/24 16:41:40 br /tmp/work/img/google/64/1f192.png -> /output/img/google/64/1f192.png.br
2025/09/24 16:41:40 gz /tmp/work/img/google/64/1f192.png -> /output/img/google/64/1f192.png.gz
2025/09/24 16:41:40 compress: run /usr/bin/zopflipng --iterations=60 --keepchunks=iCCP --lossy_transparent --splitting=3 -my /tmp/work/img/google/64/1f199.png /tmp/work/img/google/64/1f199.png
2025/09/24 16:41:42 Optimizing /tmp/work/img/google/64/1f195.png
Input size: 1996 (1K)
Result size: 1986 (1K). Percentage of original: 99.499%
Result is smaller


2025/09/24 16:41:42 algorithm: run /usr/bin/brotli --quality=11 --output=/output/img/google/64/1f195.png.br /tmp/work/img/google/64/1f195.png
2025/09/24 16:41:42 br /tmp/work/img/google/64/1f195.png -> /output/img/google/64/1f195.png.br
2025/09/24 16:41:43 gz /tmp/work/img/google/64/1f195.png -> /output/img/google/64/1f195.png.gz
2025/09/24 16:41:43 compress: run /usr/bin/zopflipng --iterations=60 --keepchunks=iCCP --lossy_transparent --splitting=3 -my /tmp/work/img/google/64/1f19a.png /tmp/work/img/google/64/1f19a.png
2025/09/24 16:41:45 Optimizing /tmp/work/img/google/64/1f197.png
Input size: 2253 (2K)
Result size: 2250 (2K). Percentage of original: 99.867%
Result is smaller


2025/09/24 16:41:45 algorithm: run /usr/bin/brotli --quality=11 --output=/output/img/google/64/1f197.png.br /tmp/work/img/google/64/1f197.png
2025/09/24 16:41:45 br /tmp/work/img/google/64/1f197.png -> /output/img/google/64/1f197.png.br
2025/09/24 16:41:45 gz /tmp/work/img/google/64/1f197.png -> /output/img/google/64/1f197.png.gz
2025/09/24 16:41:45 compress: run /usr/bin/zopflipng --iterations=60 --keepchunks=iCCP --lossy_transparent --splitting=3 -my /tmp/work/img/google/64/1f1e6-1f1e8.png /tmp/work/img/google/64/1f1e6-1f1e8.png
2025/09/24 16:41:47 Optimizing /tmp/work/img/google/64/1f198.png
Input size: 2813 (2K)
Result size: 2807 (2K). Percentage of original: 99.787%
Result is smaller


2025/09/24 16:41:47 algorithm: run /usr/bin/brotli --quality=11 --output=/output/img/google/64/1f198.png.br /tmp/work/img/google/64/1f198.png
2025/09/24 16:41:47 br /tmp/work/img/google/64/1f198.png -> /output/img/google/64/1f198.png.br
2025/09/24 16:41:47 gz /tmp/work/img/google/64/1f198.png -> /output/img/google/64/1f198.png.gz
2025/09/24 16:41:47 compress: run /usr/bin/zopflipng --iterations=60 --keepchunks=iCCP --lossy_transparent --splitting=3 -my /tmp/work/img/google/64/1f1e6-1f1e9.png /tmp/work/img/google/64/1f1e6-1f1e9.png
2025/09/24 16:41:53 Optimizing /tmp/work/img/google/64/1f193.png
Input size: 1618 (1K)
Result size: 1612 (1K). Percentage of original: 99.629%
Result is smaller


2025/09/24 16:41:53 algorithm: run /usr/bin/brotli --quality=11 --output=/output/img/google/64/1f193.png.br /tmp/work/img/google/64/1f193.png
2025/09/24 16:41:53 br /tmp/work/img/google/64/1f193.png -> /output/img/google/64/1f193.png.br
2025/09/24 16:41:53 gz /tmp/work/img/google/64/1f193.png -> /output/img/google/64/1f193.png.gz
2025/09/24 16:41:53 compress: run /usr/bin/zopflipng --iterations=60 --keepchunks=iCCP --lossy_transparent --splitting=3 -my /tmp/work/img/google/64/1f1e6-1f1ea.png /tmp/work/img/google/64/1f1e6-1f1ea.png
2025/09/24 16:41:54 Optimizing /tmp/work/img/google/64/1f19a.png
Input size: 2215 (2K)
Result size: 2211 (2K). Percentage of original: 99.819%
Result is smaller


2025/09/24 16:41:54 algorithm: run /usr/bin/brotli --quality=11 --output=/output/img/google/64/1f19a.png.br /tmp/work/img/google/64/1f19a.png
2025/09/24 16:41:54 br /tmp/work/img/google/64/1f19a.png -> /output/img/google/64/1f19a.png.br
2025/09/24 16:41:54 gz /tmp/work/img/google/64/1f19a.png -> /output/img/google/64/1f19a.png.gz
2025/09/24 16:41:54 compress: run /usr/bin/zopflipng --iterations=60 --keepchunks=iCCP --lossy_transparent --splitting=3 -my /tmp/work/img/google/64/1f1e6-1f1eb.png /tmp/work/img/google/64/1f1e6-1f1eb.png
2025/09/24 16:41:55 Optimizing /tmp/work/img/google/64/1f17f-fe0f.png
Input size: 1460 (1K)
Result size: 1452 (1K). Percentage of original: 99.452%
Result is smaller


2025/09/24 16:41:55 algorithm: run /usr/bin/brotli --quality=11 --output=/output/img/google/64/1f17f-fe0f.png.br /tmp/work/img/google/64/1f17f-fe0f.png
2025/09/24 16:41:55 br /tmp/work/img/google/64/1f17f-fe0f.png -> /output/img/google/64/1f17f-fe0f.png.br
2025/09/24 16:41:55 gz /tmp/work/img/google/64/1f17f-fe0f.png -> /output/img/google/64/1f17f-fe0f.png.gz
2025/09/24 16:41:55 compress: run /usr/bin/zopflipng --iterations=60 --keepchunks=iCCP --lossy_transparent --splitting=3 -my /tmp/work/img/google/64/1f1e6-1f1ec.png /tmp/work/img/google/64/1f1e6-1f1ec.png
2025/09/24 16:41:58 Optimizing /tmp/work/img/google/64/1f194.png
Input size: 1550 (1K)
Result size: 1545 (1K). Percentage of original: 99.677%
Result is smaller


2025/09/24 16:41:58 algorithm: run /usr/bin/brotli --quality=11 --output=/output/img/google/64/1f194.png.br /tmp/work/img/google/64/1f194.png
2025/09/24 16:41:58 br /tmp/work/img/google/64/1f194.png -> /output/img/google/64/1f194.png.br
2025/09/24 16:41:58 gz /tmp/work/img/google/64/1f194.png -> /output/img/google/64/1f194.png.gz
2025/09/24 16:41:58 compress: run /usr/bin/zopflipng --iterations=60 --keepchunks=iCCP --lossy_transparent --splitting=3 -my /tmp/work/img/google/64/1f1e6-1f1ee.png /tmp/work/img/google/64/1f1e6-1f1ee.png
2025/09/24 16:41:59 Optimizing /tmp/work/img/google/64/1f1e6-1f1e9.png
Input size: 2985 (2K)
Result size: 2973 (2K). Percentage of original: 99.598%
Result is smaller


2025/09/24 16:41:59 algorithm: run /usr/bin/brotli --quality=11 --output=/output/img/google/64/1f1e6-1f1e9.png.br /tmp/work/img/google/64/1f1e6-1f1e9.png
2025/09/24 16:41:59 br /tmp/work/img/google/64/1f1e6-1f1e9.png -> /output/img/google/64/1f1e6-1f1e9.png.br
2025/09/24 16:41:59 gz /tmp/work/img/google/64/1f1e6-1f1e9.png -> /output/img/google/64/1f1e6-1f1e9.png.gz
2025/09/24 16:41:59 compress: run /usr/bin/zopflipng --iterations=60 --keepchunks=iCCP --lossy_transparent --splitting=3 -my /tmp/work/img/google/64/1f1e6-1f1f1.png /tmp/work/img/google/64/1f1e6-1f1f1.png
2025/09/24 16:42:00 Optimizing /tmp/work/img/google/64/1f1e6-1f1e8.png
Input size: 4613 (4K)
Result size: 4608 (4K). Percentage of original: 99.892%
Result is smaller


2025/09/24 16:42:00 algorithm: run /usr/bin/brotli --quality=11 --output=/output/img/google/64/1f1e6-1f1e8.png.br /tmp/work/img/google/64/1f1e6-1f1e8.png
2025/09/24 16:42:00 br /tmp/work/img/google/64/1f1e6-1f1e8.png -> /output/img/google/64/1f1e6-1f1e8.png.br
2025/09/24 16:42:00 gz /tmp/work/img/google/64/1f1e6-1f1e8.png -> /output/img/google/64/1f1e6-1f1e8.png.gz
2025/09/24 16:42:00 compress: run /usr/bin/zopflipng --iterations=60 --keepchunks=iCCP --lossy_transparent --splitting=3 -my /tmp/work/img/google/64/1f1e6-1f1f2.png /tmp/work/img/google/64/1f1e6-1f1f2.png
2025/09/24 16:42:00 Optimizing /tmp/work/img/google/64/1f196.png
Input size: 2008 (1K)
Result size: 2006 (1K). Percentage of original: 99.900%
Result is smaller


2025/09/24 16:42:00 algorithm: run /usr/bin/brotli --quality=11 --output=/output/img/google/64/1f196.png.br /tmp/work/img/google/64/1f196.png
2025/09/24 16:42:01 br /tmp/work/img/google/64/1f196.png -> /output/img/google/64/1f196.png.br
2025/09/24 16:42:01 gz /tmp/work/img/google/64/1f196.png -> /output/img/google/64/1f196.png.gz
2025/09/24 16:42:01 compress: run /usr/bin/zopflipng --iterations=60 --keepchunks=iCCP --lossy_transparent --splitting=3 -my /tmp/work/img/google/64/1f1e6-1f1f4.png /tmp/work/img/google/64/1f1e6-1f1f4.png
2025/09/24 16:42:02 Optimizing /tmp/work/img/google/64/1f1e6-1f1ea.png
Input size: 1885 (1K)
Result size: 1873 (1K). Percentage of original: 99.363%
Result is smaller


2025/09/24 16:42:02 algorithm: run /usr/bin/brotli --quality=11 --output=/output/img/google/64/1f1e6-1f1ea.png.br /tmp/work/img/google/64/1f1e6-1f1ea.png
2025/09/24 16:42:02 br /tmp/work/img/google/64/1f1e6-1f1ea.png -> /output/img/google/64/1f1e6-1f1ea.png.br
2025/09/24 16:42:02 gz /tmp/work/img/google/64/1f1e6-1f1ea.png -> /output/img/google/64/1f1e6-1f1ea.png.gz
2025/09/24 16:42:02 compress: run /usr/bin/zopflipng --iterations=60 --keepchunks=iCCP --lossy_transparent --splitting=3 -my /tmp/work/img/google/64/1f1e6-1f1f6.png /tmp/work/img/google/64/1f1e6-1f1f6.png
2025/09/24 16:42:05 Optimizing /tmp/work/img/google/64/1f1e6-1f1eb.png
Input size: 3201 (3K)
Result size: 3201 (3K). Percentage of original: 100.000%
Result has exact same size


2025/09/24 16:42:05 algorithm: run /usr/bin/brotli --quality=11 --output=/output/img/google/64/1f1e6-1f1eb.png.br /tmp/work/img/google/64/1f1e6-1f1eb.png
2025/09/24 16:42:05 br /tmp/work/img/google/64/1f1e6-1f1eb.png -> /output/img/google/64/1f1e6-1f1eb.png.br
2025/09/24 16:42:05 gz /tmp/work/img/google/64/1f1e6-1f1eb.png -> /output/img/google/64/1f1e6-1f1eb.png.gz
2025/09/24 16:42:05 compress: run /usr/bin/zopflipng --iterations=60 --keepchunks=iCCP --lossy_transparent --splitting=3 -my /tmp/work/img/google/64/1f1e6-1f1f7.png /tmp/work/img/google/64/1f1e6-1f1f7.png
2025/09/24 16:42:05 Optimizing /tmp/work/img/google/64/1f1e6-1f1ec.png
Input size: 3536 (3K)
Result size: 3534 (3K). Percentage of original: 99.943%
Result is smaller


2025/09/24 16:42:05 algorithm: run /usr/bin/brotli --quality=11 --output=/output/img/google/64/1f1e6-1f1ec.png.br /tmp/work/img/google/64/1f1e6-1f1ec.png
2025/09/24 16:42:05 br /tmp/work/img/google/64/1f1e6-1f1ec.png -> /output/img/google/64/1f1e6-1f1ec.png.br
2025/09/24 16:42:05 gz /tmp/work/img/google/64/1f1e6-1f1ec.png -> /output/img/google/64/1f1e6-1f1ec.png.gz
2025/09/24 16:42:05 compress: run /usr/bin/zopflipng --iterations=60 --keepchunks=iCCP --lossy_transparent --splitting=3 -my /tmp/work/img/google/64/1f1e6-1f1f8.png /tmp/work/img/google/64/1f1e6-1f1f8.png
2025/09/24 16:42:07 Optimizing /tmp/work/img/google/64/1f199.png
Input size: 1863 (1K)
Result size: 1860 (1K). Percentage of original: 99.839%
Result is smaller


2025/09/24 16:42:07 algorithm: run /usr/bin/brotli --quality=11 --output=/output/img/google/64/1f199.png.br /tmp/work/img/google/64/1f199.png
2025/09/24 16:42:08 br /tmp/work/img/google/64/1f199.png -> /output/img/google/64/1f199.png.br
2025/09/24 16:42:08 gz /tmp/work/img/google/64/1f199.png -> /output/img/google/64/1f199.png.gz
2025/09/24 16:42:08 compress: run /usr/bin/zopflipng --iterations=60 --keepchunks=iCCP --lossy_transparent --splitting=3 -my /tmp/work/img/google/64/1f1e6-1f1f9.png /tmp/work/img/google/64/1f1e6-1f1f9.png
2025/09/24 16:42:09 Optimizing /tmp/work/img/google/64/1f1e6-1f1ee.png
Input size: 4110 (4K)
Result size: 4102 (4K). Percentage of original: 99.805%
Result is smaller


2025/09/24 16:42:09 algorithm: run /usr/bin/brotli --quality=11 --output=/output/img/google/64/1f1e6-1f1ee.png.br /tmp/work/img/google/64/1f1e6-1f1ee.png
2025/09/24 16:42:09 br /tmp/work/img/google/64/1f1e6-1f1ee.png -> /output/img/google/64/1f1e6-1f1ee.png.br
2025/09/24 16:42:09 gz /tmp/work/img/google/64/1f1e6-1f1ee.png -> /output/img/google/64/1f1e6-1f1ee.png.gz
2025/09/24 16:42:09 compress: run /usr/bin/zopflipng --iterations=60 --keepchunks=iCCP --lossy_transparent --splitting=3 -my /tmp/work/img/google/64/1f1e6-1f1fa.png /tmp/work/img/google/64/1f1e6-1f1fa.png
2025/09/24 16:42:09 Optimizing /tmp/work/img/google/64/1f1e6-1f1f1.png
Input size: 3254 (3K)
Result size: 3254 (3K). Percentage of original: 100.000%
Result has exact same size


2025/09/24 16:42:09 algorithm: run /usr/bin/brotli --quality=11 --output=/output/img/google/64/1f1e6-1f1f1.png.br /tmp/work/img/google/64/1f1e6-1f1f1.png
2025/09/24 16:42:09 br /tmp/work/img/google/64/1f1e6-1f1f1.png -> /output/img/google/64/1f1e6-1f1f1.png.br
2025/09/24 16:42:09 gz /tmp/work/img/google/64/1f1e6-1f1f1.png -> /output/img/google/64/1f1e6-1f1f1.png.gz
2025/09/24 16:42:09 compress: run /usr/bin/zopflipng --iterations=60 --keepchunks=iCCP --lossy_transparent --splitting=3 -my /tmp/work/img/google/64/1f1e6-1f1fc.png /tmp/work/img/google/64/1f1e6-1f1fc.png
2025/09/24 16:42:11 Optimizing /tmp/work/img/google/64/1f1e6-1f1f4.png
Input size: 3001 (2K)
Result size: 2997 (2K). Percentage of original: 99.867%
Result is smaller


2025/09/24 16:42:11 algorithm: run /usr/bin/brotli --quality=11 --output=/output/img/google/64/1f1e6-1f1f4.png.br /tmp/work/img/google/64/1f1e6-1f1f4.png
2025/09/24 16:42:11 br /tmp/work/img/google/64/1f1e6-1f1f4.png -> /output/img/google/64/1f1e6-1f1f4.png.br
2025/09/24 16:42:11 gz /tmp/work/img/google/64/1f1e6-1f1f4.png -> /output/img/google/64/1f1e6-1f1f4.png.gz
2025/09/24 16:42:11 compress: run /usr/bin/zopflipng --iterations=60 --keepchunks=iCCP --lossy_transparent --splitting=3 -my /tmp/work/img/google/64/1f1e6-1f1fd.png /tmp/work/img/google/64/1f1e6-1f1fd.png
2025/09/24 16:42:12 Optimizing /tmp/work/img/google/64/1f1e6-1f1f2.png
Input size: 2621 (2K)
Result size: 2615 (2K). Percentage of original: 99.771%
Result is smaller


2025/09/24 16:42:12 algorithm: run /usr/bin/brotli --quality=11 --output=/output/img/google/64/1f1e6-1f1f2.png.br /tmp/work/img/google/64/1f1e6-1f1f2.png
2025/09/24 16:42:12 br /tmp/work/img/google/64/1f1e6-1f1f2.png -> /output/img/google/64/1f1e6-1f1f2.png.br
2025/09/24 16:42:12 gz /tmp/work/img/google/64/1f1e6-1f1f2.png -> /output/img/google/64/1f1e6-1f1f2.png.gz
2025/09/24 16:42:12 compress: run /usr/bin/zopflipng --iterations=60 --keepchunks=iCCP --lossy_transparent --splitting=3 -my /tmp/work/img/google/64/1f1e6-1f1ff.png /tmp/work/img/google/64/1f1e6-1f1ff.png
2025/09/24 16:42:16 Optimizing /tmp/work/img/google/64/1f1e6-1f1f7.png
Input size: 2935 (2K)
Result size: 2926 (2K). Percentage of original: 99.693%
Result is smaller


2025/09/24 16:42:16 algorithm: run /usr/bin/brotli --quality=11 --output=/output/img/google/64/1f1e6-1f1f7.png.br /tmp/work/img/google/64/1f1e6-1f1f7.png
2025/09/24 16:42:16 br /tmp/work/img/google/64/1f1e6-1f1f7.png -> /output/img/google/64/1f1e6-1f1f7.png.br
2025/09/24 16:42:16 Optimizing /tmp/work/img/google/64/1f1e6-1f1f8.png
Input size: 3923 (3K)
Result size: 3917 (3K). Percentage of original: 99.847%
Result is smaller


2025/09/24 16:42:16 algorithm: run /usr/bin/brotli --quality=11 --output=/output/img/google/64/1f1e6-1f1f8.png.br /tmp/work/img/google/64/1f1e6-1f1f8.png
2025/09/24 16:42:16 gz /tmp/work/img/google/64/1f1e6-1f1f7.png -> /output/img/google/64/1f1e6-1f1f7.png.gz
2025/09/24 16:42:16 compress: run /usr/bin/zopflipng --iterations=60 --keepchunks=iCCP --lossy_transparent --splitting=3 -my /tmp/work/img/google/64/1f1e7-1f1e6.png /tmp/work/img/google/64/1f1e7-1f1e6.png
2025/09/24 16:42:16 br /tmp/work/img/google/64/1f1e6-1f1f8.png -> /output/img/google/64/1f1e6-1f1f8.png.br
2025/09/24 16:42:16 gz /tmp/work/img/google/64/1f1e6-1f1f8.png -> /output/img/google/64/1f1e6-1f1f8.png.gz
2025/09/24 16:42:16 compress: run /usr/bin/zopflipng --iterations=60 --keepchunks=iCCP --lossy_transparent --splitting=3 -my /tmp/work/img/google/64/1f1e7-1f1e7.png /tmp/work/img/google/64/1f1e7-1f1e7.png
2025/09/24 16:42:17 Optimizing /tmp/work/img/google/64/1f1e6-1f1f6.png
Input size: 3042 (2K)
Result size: 3046 (2K). Percentage of original: 100.131%
Preserving original PNG since it was smaller


2025/09/24 16:42:17 algorithm: run /usr/bin/brotli --quality=11 --output=/output/img/google/64/1f1e6-1f1f6.png.br /tmp/work/img/google/64/1f1e6-1f1f6.png
2025/09/24 16:42:17 br /tmp/work/img/google/64/1f1e6-1f1f6.png -> /output/img/google/64/1f1e6-1f1f6.png.br
2025/09/24 16:42:17 gz /tmp/work/img/google/64/1f1e6-1f1f6.png -> /output/img/google/64/1f1e6-1f1f6.png.gz
2025/09/24 16:42:17 compress: run /usr/bin/zopflipng --iterations=60 --keepchunks=iCCP --lossy_transparent --splitting=3 -my /tmp/work/img/google/64/1f1e7-1f1e9.png /tmp/work/img/google/64/1f1e7-1f1e9.png
2025/09/24 16:42:20 Optimizing /tmp/work/img/google/64/1f1e6-1f1fc.png
Input size: 3697 (3K)
Result size: 3693 (3K). Percentage of original: 99.892%
Result is smaller


2025/09/24 16:42:20 algorithm: run /usr/bin/brotli --quality=11 --output=/output/img/google/64/1f1e6-1f1fc.png.br /tmp/work/img/google/64/1f1e6-1f1fc.png
2025/09/24 16:42:20 br /tmp/work/img/google/64/1f1e6-1f1fc.png -> /output/img/google/64/1f1e6-1f1fc.png.br
2025/09/24 16:42:20 gz /tmp/work/img/google/64/1f1e6-1f1fc.png -> /output/img/google/64/1f1e6-1f1fc.png.gz
2025/09/24 16:42:20 compress: run /usr/bin/zopflipng --iterations=60 --keepchunks=iCCP --lossy_transparent --splitting=3 -my /tmp/work/img/google/64/1f1e7-1f1ea.png /tmp/work/img/google/64/1f1e7-1f1ea.png
2025/09/24 16:42:20 Optimizing /tmp/work/img/google/64/1f1e6-1f1fa.png
Input size: 3733 (3K)
Result size: 3728 (3K). Percentage of original: 99.866%
Result is smaller


2025/09/24 16:42:20 algorithm: run /usr/bin/brotli --quality=11 --output=/output/img/google/64/1f1e6-1f1fa.png.br /tmp/work/img/google/64/1f1e6-1f1fa.png
2025/09/24 16:42:20 Optimizing /tmp/work/img/google/64/1f1e6-1f1f9.png
Input size: 2513 (2K)
Result size: 2498 (2K). Percentage of original: 99.403%
Result is smaller


2025/09/24 16:42:20 algorithm: run /usr/bin/brotli --quality=11 --output=/output/img/google/64/1f1e6-1f1f9.png.br /tmp/work/img/google/64/1f1e6-1f1f9.png
2025/09/24 16:42:20 br /tmp/work/img/google/64/1f1e6-1f1fa.png -> /output/img/google/64/1f1e6-1f1fa.png.br
2025/09/24 16:42:20 gz /tmp/work/img/google/64/1f1e6-1f1fa.png -> /output/img/google/64/1f1e6-1f1fa.png.gz
2025/09/24 16:42:20 compress: run /usr/bin/zopflipng --iterations=60 --keepchunks=iCCP --lossy_transparent --splitting=3 -my /tmp/work/img/google/64/1f1e7-1f1eb.png /tmp/work/img/google/64/1f1e7-1f1eb.png
2025/09/24 16:42:20 br /tmp/work/img/google/64/1f1e6-1f1f9.png -> /output/img/google/64/1f1e6-1f1f9.png.br
2025/09/24 16:42:20 gz /tmp/work/img/google/64/1f1e6-1f1f9.png -> /output/img/google/64/1f1e6-1f1f9.png.gz
2025/09/24 16:42:20 compress: run /usr/bin/zopflipng --iterations=60 --keepchunks=iCCP --lossy_transparent --splitting=3 -my /tmp/work/img/google/64/1f1e7-1f1ec.png /tmp/work/img/google/64/1f1e7-1f1ec.png
2025/09/24 16:42:23 Optimizing /tmp/work/img/google/64/1f1e6-1f1fd.png
Input size: 3476 (3K)
Result size: 3467 (3K). Percentage of original: 99.741%
Result is smaller


2025/09/24 16:42:23 algorithm: run /usr/bin/brotli --quality=11 --output=/output/img/google/64/1f1e6-1f1fd.png.br /tmp/work/img/google/64/1f1e6-1f1fd.png
2025/09/24 16:42:23 br /tmp/work/img/google/64/1f1e6-1f1fd.png -> /output/img/google/64/1f1e6-1f1fd.png.br
2025/09/24 16:42:23 gz /tmp/work/img/google/64/1f1e6-1f1fd.png -> /output/img/google/64/1f1e6-1f1fd.png.gz
2025/09/24 16:42:23 compress: run /usr/bin/zopflipng --iterations=60 --keepchunks=iCCP --lossy_transparent --splitting=3 -my /tmp/work/img/google/64/1f1e7-1f1ed.png /tmp/work/img/google/64/1f1e7-1f1ed.png
2025/09/24 16:42:23 Optimizing /tmp/work/img/google/64/1f1e6-1f1ff.png
Input size: 3092 (3K)
Result size: 3076 (3K). Percentage of original: 99.483%
Result is smaller


2025/09/24 16:42:23 algorithm: run /usr/bin/brotli --quality=11 --output=/output/img/google/64/1f1e6-1f1ff.png.br /tmp/work/img/google/64/1f1e6-1f1ff.png
2025/09/24 16:42:23 br /tmp/work/img/google/64/1f1e6-1f1ff.png -> /output/img/google/64/1f1e6-1f1ff.png.br
2025/09/24 16:42:23 gz /tmp/work/img/google/64/1f1e6-1f1ff.png -> /output/img/google/64/1f1e6-1f1ff.png.gz
2025/09/24 16:42:23 compress: run /usr/bin/zopflipng --iterations=60 --keepchunks=iCCP --lossy_transparent --splitting=3 -my /tmp/work/img/google/64/1f1e7-1f1ee.png /tmp/work/img/google/64/1f1e7-1f1ee.png
2025/09/24 16:42:27 Optimizing /tmp/work/img/google/64/1f1e7-1f1e6.png
Input size: 3383 (3K)
Result size: 3378 (3K). Percentage of original: 99.852%
Result is smaller


2025/09/24 16:42:27 algorithm: run /usr/bin/brotli --quality=11 --output=/output/img/google/64/1f1e7-1f1e6.png.br /tmp/work/img/google/64/1f1e7-1f1e6.png
2025/09/24 16:42:27 br /tmp/work/img/google/64/1f1e7-1f1e6.png -> /output/img/google/64/1f1e7-1f1e6.png.br
2025/09/24 16:42:27 gz /tmp/work/img/google/64/1f1e7-1f1e6.png -> /output/img/google/64/1f1e7-1f1e6.png.gz
2025/09/24 16:42:27 compress: run /usr/bin/zopflipng --iterations=60 --keepchunks=iCCP --lossy_transparent --splitting=3 -my /tmp/work/img/google/64/1f1e7-1f1ef.png /tmp/work/img/google/64/1f1e7-1f1ef.png
2025/09/24 16:42:28 Optimizing /tmp/work/img/google/64/1f1e7-1f1e7.png
Input size: 2664 (2K)
Result size: 2655 (2K). Percentage of original: 99.662%
Result is smaller


2025/09/24 16:42:28 algorithm: run /usr/bin/brotli --quality=11 --output=/output/img/google/64/1f1e7-1f1e7.png.br /tmp/work/img/google/64/1f1e7-1f1e7.png
2025/09/24 16:42:28 br /tmp/work/img/google/64/1f1e7-1f1e7.png -> /output/img/google/64/1f1e7-1f1e7.png.br
2025/09/24 16:42:28 gz /tmp/work/img/google/64/1f1e7-1f1e7.png -> /output/img/google/64/1f1e7-1f1e7.png.gz
2025/09/24 16:42:28 compress: run /usr/bin/zopflipng --iterations=60 --keepchunks=iCCP --lossy_transparent --splitting=3 -my /tmp/work/img/google/64/1f1e7-1f1f1.png /tmp/work/img/google/64/1f1e7-1f1f1.png
2025/09/24 16:42:30 Optimizing /tmp/work/img/google/64/1f1e7-1f1e9.png
Input size: 2380 (2K)
Result size: 2371 (2K). Percentage of original: 99.622%
Result is smaller


2025/09/24 16:42:30 algorithm: run /usr/bin/brotli --quality=11 --output=/output/img/google/64/1f1e7-1f1e9.png.br /tmp/work/img/google/64/1f1e7-1f1e9.png
2025/09/24 16:42:30 br /tmp/work/img/google/64/1f1e7-1f1e9.png -> /output/img/google/64/1f1e7-1f1e9.png.br
2025/09/24 16:42:30 gz /tmp/work/img/google/64/1f1e7-1f1e9.png -> /output/img/google/64/1f1e7-1f1e9.png.gz
2025/09/24 16:42:30 compress: run /usr/bin/zopflipng --iterations=60 --keepchunks=iCCP --lossy_transparent --splitting=3 -my /tmp/work/img/google/64/1f1e7-1f1f2.png /tmp/work/img/google/64/1f1e7-1f1f2.png
2025/09/24 16:42:31 Optimizing /tmp/work/img/google/64/1f1e7-1f1eb.png
Input size: 2466 (2K)
Result size: 2459 (2K). Percentage of original: 99.716%
Result is smaller


2025/09/24 16:42:31 algorithm: run /usr/bin/brotli --quality=11 --output=/output/img/google/64/1f1e7-1f1eb.png.br /tmp/work/img/google/64/1f1e7-1f1eb.png
2025/09/24 16:42:31 br /tmp/work/img/google/64/1f1e7-1f1eb.png -> /output/img/google/64/1f1e7-1f1eb.png.br
2025/09/24 16:42:31 gz /tmp/work/img/google/64/1f1e7-1f1eb.png -> /output/img/google/64/1f1e7-1f1eb.png.gz
2025/09/24 16:42:31 compress: run /usr/bin/zopflipng --iterations=60 --keepchunks=iCCP --lossy_transparent --splitting=3 -my /tmp/work/img/google/64/1f1e7-1f1f3.png /tmp/work/img/google/64/1f1e7-1f1f3.png
2025/09/24 16:42:31 Optimizing /tmp/work/img/google/64/1f1e7-1f1ec.png
Input size: 2542 (2K)
Result size: 2542 (2K). Percentage of original: 100.000%
Result has exact same size


2025/09/24 16:42:31 algorithm: run /usr/bin/brotli --quality=11 --output=/output/img/google/64/1f1e7-1f1ec.png.br /tmp/work/img/google/64/1f1e7-1f1ec.png
2025/09/24 16:42:31 br /tmp/work/img/google/64/1f1e7-1f1ec.png -> /output/img/google/64/1f1e7-1f1ec.png.br
2025/09/24 16:42:31 gz /tmp/work/img/google/64/1f1e7-1f1ec.png -> /output/img/google/64/1f1e7-1f1ec.png.gz
2025/09/24 16:42:31 compress: run /usr/bin/zopflipng --iterations=60 --keepchunks=iCCP --lossy_transparent --splitting=3 -my /tmp/work/img/google/64/1f1e7-1f1f4.png /tmp/work/img/google/64/1f1e7-1f1f4.png
2025/09/24 16:42:34 Optimizing /tmp/work/img/google/64/1f1e7-1f1ee.png
Input size: 4382 (4K)
Result size: 4376 (4K). Percentage of original: 99.863%
Result is smaller


2025/09/24 16:42:34 algorithm: run /usr/bin/brotli --quality=11 --output=/output/img/google/64/1f1e7-1f1ee.png.br /tmp/work/img/google/64/1f1e7-1f1ee.png
2025/09/24 16:42:34 br /tmp/work/img/google/64/1f1e7-1f1ee.png -> /output/img/google/64/1f1e7-1f1ee.png.br
2025/09/24 16:42:34 gz /tmp/work/img/google/64/1f1e7-1f1ee.png -> /output/img/google/64/1f1e7-1f1ee.png.gz
2025/09/24 16:42:34 compress: run /usr/bin/zopflipng --iterations=60 --keepchunks=iCCP --lossy_transparent --splitting=3 -my /tmp/work/img/google/64/1f1e7-1f1f6.png /tmp/work/img/google/64/1f1e7-1f1f6.png
2025/09/24 16:42:34 Optimizing /tmp/work/img/google/64/1f1e7-1f1ed.png
Input size: 2572 (2K)
Result size: 2565 (2K). Percentage of original: 99.728%
Result is smaller


2025/09/24 16:42:34 algorithm: run /usr/bin/brotli --quality=11 --output=/output/img/google/64/1f1e7-1f1ed.png.br /tmp/work/img/google/64/1f1e7-1f1ed.png
2025/09/24 16:42:35 br /tmp/work/img/google/64/1f1e7-1f1ed.png -> /output/img/google/64/1f1e7-1f1ed.png.br
2025/09/24 16:42:35 gz /tmp/work/img/google/64/1f1e7-1f1ed.png -> /output/img/google/64/1f1e7-1f1ed.png.gz
2025/09/24 16:42:35 compress: run /usr/bin/zopflipng --iterations=60 --keepchunks=iCCP --lossy_transparent --splitting=3 -my /tmp/work/img/google/64/1f1e7-1f1f7.png /tmp/work/img/google/64/1f1e7-1f1f7.png
2025/09/24 16:42:37 Optimizing /tmp/work/img/google/64/1f1e7-1f1f1.png
Input size: 4262 (4K)
Result size: 4260 (4K). Percentage of original: 99.953%
Result is smaller


2025/09/24 16:42:37 algorithm: run /usr/bin/brotli --quality=11 --output=/output/img/google/64/1f1e7-1f1f1.png.br /tmp/work/img/google/64/1f1e7-1f1f1.png
2025/09/24 16:42:37 br /tmp/work/img/google/64/1f1e7-1f1f1.png -> /output/img/google/64/1f1e7-1f1f1.png.br
2025/09/24 16:42:37 gz /tmp/work/img/google/64/1f1e7-1f1f1.png -> /output/img/google/64/1f1e7-1f1f1.png.gz
2025/09/24 16:42:37 compress: run /usr/bin/zopflipng --iterations=60 --keepchunks=iCCP --lossy_transparent --splitting=3 -my /tmp/work/img/google/64/1f1e7-1f1f8.png /tmp/work/img/google/64/1f1e7-1f1f8.png
2025/09/24 16:42:37 Optimizing /tmp/work/img/google/64/1f1e7-1f1ef.png
Input size: 2181 (2K)
Result size: 2176 (2K). Percentage of original: 99.771%
Result is smaller


2025/09/24 16:42:37 algorithm: run /usr/bin/brotli --quality=11 --output=/output/img/google/64/1f1e7-1f1ef.png.br /tmp/work/img/google/64/1f1e7-1f1ef.png
2025/09/24 16:42:37 br /tmp/work/img/google/64/1f1e7-1f1ef.png -> /output/img/google/64/1f1e7-1f1ef.png.br
2025/09/24 16:42:37 gz /tmp/work/img/google/64/1f1e7-1f1ef.png -> /output/img/google/64/1f1e7-1f1ef.png.gz
2025/09/24 16:42:37 compress: run /usr/bin/zopflipng --iterations=60 --keepchunks=iCCP --lossy_transparent --splitting=3 -my /tmp/work/img/google/64/1f1e7-1f1f9.png /tmp/work/img/google/64/1f1e7-1f1f9.png
2025/09/24 16:42:38 Optimizing /tmp/work/img/google/64/1f1e7-1f1ea.png
Input size: 1768 (1K)
Result size: 1757 (1K). Percentage of original: 99.378%
Result is smaller


2025/09/24 16:42:38 algorithm: run /usr/bin/brotli --quality=11 --output=/output/img/google/64/1f1e7-1f1ea.png.br /tmp/work/img/google/64/1f1e7-1f1ea.png
2025/09/24 16:42:38 br /tmp/work/img/google/64/1f1e7-1f1ea.png -> /output/img/google/64/1f1e7-1f1ea.png.br
2025/09/24 16:42:38 gz /tmp/work/img/google/64/1f1e7-1f1ea.png -> /output/img/google/64/1f1e7-1f1ea.png.gz
2025/09/24 16:42:38 compress: run /usr/bin/zopflipng --iterations=60 --keepchunks=iCCP --lossy_transparent --splitting=3 -my /tmp/work/img/google/64/1f1e7-1f1fb.png /tmp/work/img/google/64/1f1e7-1f1fb.png
2025/09/24 16:42:38 Optimizing /tmp/work/img/google/64/1f1e7-1f1f2.png
Input size: 4626 (4K)
Result size: 4621 (4K). Percentage of original: 99.892%
Result is smaller


2025/09/24 16:42:38 algorithm: run /usr/bin/brotli --quality=11 --output=/output/img/google/64/1f1e7-1f1f2.png.br /tmp/work/img/google/64/1f1e7-1f1f2.png
2025/09/24 16:42:39 br /tmp/work/img/google/64/1f1e7-1f1f2.png -> /output/img/google/64/1f1e7-1f1f2.png.br
2025/09/24 16:42:39 gz /tmp/work/img/google/64/1f1e7-1f1f2.png -> /output/img/google/64/1f1e7-1f1f2.png.gz
2025/09/24 16:42:39 compress: run /usr/bin/zopflipng --iterations=60 --keepchunks=iCCP --lossy_transparent --splitting=3 -my /tmp/work/img/google/64/1f1e7-1f1fc.png /tmp/work/img/google/64/1f1e7-1f1fc.png
2025/09/24 16:42:40 Optimizing /tmp/work/img/google/64/1f1e7-1f1f4.png
Input size: 2506 (2K)
Result size: 2501 (2K). Percentage of original: 99.800%
Result is smaller


2025/09/24 16:42:40 algorithm: run /usr/bin/brotli --quality=11 --output=/output/img/google/64/1f1e7-1f1f4.png.br /tmp/work/img/google/64/1f1e7-1f1f4.png
2025/09/24 16:42:40 br /tmp/work/img/google/64/1f1e7-1f1f4.png -> /output/img/google/64/1f1e7-1f1f4.png.br
2025/09/24 16:42:40 gz /tmp/work/img/google/64/1f1e7-1f1f4.png -> /output/img/google/64/1f1e7-1f1f4.png.gz
2025/09/24 16:42:40 compress: run /usr/bin/zopflipng --iterations=60 --keepchunks=iCCP --lossy_transparent --splitting=3 -my /tmp/work/img/google/64/1f1e7-1f1fe.png /tmp/work/img/google/64/1f1e7-1f1fe.png
2025/09/24 16:42:41 Optimizing /tmp/work/img/google/64/1f1e7-1f1f6.png
Input size: 3300 (3K)
Result size: 3297 (3K). Percentage of original: 99.909%
Result is smaller


2025/09/24 16:42:41 algorithm: run /usr/bin/brotli --quality=11 --output=/output/img/google/64/1f1e7-1f1f6.png.br /tmp/work/img/google/64/1f1e7-1f1f6.png
2025/09/24 16:42:41 br /tmp/work/img/google/64/1f1e7-1f1f6.png -> /output/img/google/64/1f1e7-1f1f6.png.br
2025/09/24 16:42:41 gz /tmp/work/img/google/64/1f1e7-1f1f6.png -> /output/img/google/64/1f1e7-1f1f6.png.gz
2025/09/24 16:42:41 compress: run /usr/bin/zopflipng --iterations=60 --keepchunks=iCCP --lossy_transparent --splitting=3 -my /tmp/work/img/google/64/1f1e7-1f1ff.png /tmp/work/img/google/64/1f1e7-1f1ff.png
2025/09/24 16:42:43 Optimizing /tmp/work/img/google/64/1f1e7-1f1f3.png
Input size: 3919 (3K)
Result size: 3913 (3K). Percentage of original: 99.847%
Result is smaller


2025/09/24 16:42:43 algorithm: run /usr/bin/brotli --quality=11 --output=/output/img/google/64/1f1e7-1f1f3.png.br /tmp/work/img/google/64/1f1e7-1f1f3.png
2025/09/24 16:42:43 br /tmp/work/img/google/64/1f1e7-1f1f3.png -> /output/img/google/64/1f1e7-1f1f3.png.br
2025/09/24 16:42:43 gz /tmp/work/img/google/64/1f1e7-1f1f3.png -> /output/img/google/64/1f1e7-1f1f3.png.gz
2025/09/24 16:42:43 compress: run /usr/bin/zopflipng --iterations=60 --keepchunks=iCCP --lossy_transparent --splitting=3 -my /tmp/work/img/google/64/1f1e8-1f1e6.png /tmp/work/img/google/64/1f1e8-1f1e6.png
2025/09/24 16:42:43 Optimizing /tmp/work/img/google/64/1f1e7-1f1f7.png
Input size: 3874 (3K)
Result size: 3871 (3K). Percentage of original: 99.923%
Result is smaller


2025/09/24 16:42:43 algorithm: run /usr/bin/brotli --quality=11 --output=/output/img/google/64/1f1e7-1f1f7.png.br /tmp/work/img/google/64/1f1e7-1f1f7.png
2025/09/24 16:42:43 br /tmp/work/img/google/64/1f1e7-1f1f7.png -> /output/img/google/64/1f1e7-1f1f7.png.br
2025/09/24 16:42:43 gz /tmp/work/img/google/64/1f1e7-1f1f7.png -> /output/img/google/64/1f1e7-1f1f7.png.gz
2025/09/24 16:42:43 compress: run /usr/bin/zopflipng --iterations=60 --keepchunks=iCCP --lossy_transparent --splitting=3 -my /tmp/work/img/google/64/1f1e8-1f1e8.png /tmp/work/img/google/64/1f1e8-1f1e8.png
2025/09/24 16:42:45 Optimizing /tmp/work/img/google/64/1f1e7-1f1f9.png
Input size: 3948 (3K)
Result size: 3940 (3K). Percentage of original: 99.797%
Result is smaller


2025/09/24 16:42:45 algorithm: run /usr/bin/brotli --quality=11 --output=/output/img/google/64/1f1e7-1f1f9.png.br /tmp/work/img/google/64/1f1e7-1f1f9.png
2025/09/24 16:42:45 br /tmp/work/img/google/64/1f1e7-1f1f9.png -> /output/img/google/64/1f1e7-1f1f9.png.br
2025/09/24 16:42:45 gz /tmp/work/img/google/64/1f1e7-1f1f9.png -> /output/img/google/64/1f1e7-1f1f9.png.gz
2025/09/24 16:42:45 compress: run /usr/bin/zopflipng --iterations=60 --keepchunks=iCCP --lossy_transparent --splitting=3 -my /tmp/work/img/google/64/1f1e8-1f1e9.png /tmp/work/img/google/64/1f1e8-1f1e9.png
2025/09/24 16:42:45 Optimizing /tmp/work/img/google/64/1f1e7-1f1fb.png
Input size: 3588 (3K)
Result size: 3587 (3K). Percentage of original: 99.972%
Result is smaller


2025/09/24 16:42:45 algorithm: run /usr/bin/brotli --quality=11 --output=/output/img/google/64/1f1e7-1f1fb.png.br /tmp/work/img/google/64/1f1e7-1f1fb.png
2025/09/24 16:42:45 br /tmp/work/img/google/64/1f1e7-1f1fb.png -> /output/img/google/64/1f1e7-1f1fb.png.br
2025/09/24 16:42:45 gz /tmp/work/img/google/64/1f1e7-1f1fb.png -> /output/img/google/64/1f1e7-1f1fb.png.gz
2025/09/24 16:42:45 compress: run /usr/bin/zopflipng --iterations=60 --keepchunks=iCCP --lossy_transparent --splitting=3 -my /tmp/work/img/google/64/1f1e8-1f1eb.png /tmp/work/img/google/64/1f1e8-1f1eb.png
2025/09/24 16:42:46 Optimizing /tmp/work/img/google/64/1f1e7-1f1f8.png
Input size: 2667 (2K)
Result size: 2657 (2K). Percentage of original: 99.625%
Result is smaller


2025/09/24 16:42:46 algorithm: run /usr/bin/brotli --quality=11 --output=/output/img/google/64/1f1e7-1f1f8.png.br /tmp/work/img/google/64/1f1e7-1f1f8.png
2025/09/24 16:42:46 br /tmp/work/img/google/64/1f1e7-1f1f8.png -> /output/img/google/64/1f1e7-1f1f8.png.br
2025/09/24 16:42:46 gz /tmp/work/img/google/64/1f1e7-1f1f8.png -> /output/img/google/64/1f1e7-1f1f8.png.gz
2025/09/24 16:42:46 compress: run /usr/bin/zopflipng --iterations=60 --keepchunks=iCCP --lossy_transparent --splitting=3 -my /tmp/work/img/google/64/1f1e8-1f1ec.png /tmp/work/img/google/64/1f1e8-1f1ec.png
2025/09/24 16:42:46 Optimizing /tmp/work/img/google/64/1f1e7-1f1fc.png
Input size: 3218 (3K)
Result size: 3212 (3K). Percentage of original: 99.814%
Result is smaller


2025/09/24 16:42:46 algorithm: run /usr/bin/brotli --quality=11 --output=/output/img/google/64/1f1e7-1f1fc.png.br /tmp/work/img/google/64/1f1e7-1f1fc.png
2025/09/24 16:42:46 br /tmp/work/img/google/64/1f1e7-1f1fc.png -> /output/img/google/64/1f1e7-1f1fc.png.br
2025/09/24 16:42:46 gz /tmp/work/img/google/64/1f1e7-1f1fc.png -> /output/img/google/64/1f1e7-1f1fc.png.gz
2025/09/24 16:42:46 compress: run /usr/bin/zopflipng --iterations=60 --keepchunks=iCCP --lossy_transparent --splitting=3 -my /tmp/work/img/google/64/1f1e8-1f1ed.png /tmp/work/img/google/64/1f1e8-1f1ed.png
2025/09/24 16:42:47 Optimizing /tmp/work/img/google/64/1f1e7-1f1fe.png
Input size: 3224 (3K)
Result size: 3218 (3K). Percentage of original: 99.814%
Result is smaller


2025/09/24 16:42:47 algorithm: run /usr/bin/brotli --quality=11 --output=/output/img/google/64/1f1e7-1f1fe.png.br /tmp/work/img/google/64/1f1e7-1f1fe.png
2025/09/24 16:42:47 br /tmp/work/img/google/64/1f1e7-1f1fe.png -> /output/img/google/64/1f1e7-1f1fe.png.br
2025/09/24 16:42:47 gz /tmp/work/img/google/64/1f1e7-1f1fe.png -> /output/img/google/64/1f1e7-1f1fe.png.gz
2025/09/24 16:42:47 compress: run /usr/bin/zopflipng --iterations=60 --keepchunks=iCCP --lossy_transparent --splitting=3 -my /tmp/work/img/google/64/1f1e8-1f1ee.png /tmp/work/img/google/64/1f1e8-1f1ee.png
2025/09/24 16:42:51 Optimizing /tmp/work/img/google/64/1f1e8-1f1e6.png
Input size: 1990 (1K)
Result size: 1986 (1K). Percentage of original: 99.799%
Result is smaller


2025/09/24 16:42:51 algorithm: run /usr/bin/brotli --quality=11 --output=/output/img/google/64/1f1e8-1f1e6.png.br /tmp/work/img/google/64/1f1e8-1f1e6.png
2025/09/24 16:42:51 br /tmp/work/img/google/64/1f1e8-1f1e6.png -> /output/img/google/64/1f1e8-1f1e6.png.br
2025/09/24 16:42:51 gz /tmp/work/img/google/64/1f1e8-1f1e6.png -> /output/img/google/64/1f1e8-1f1e6.png.gz
2025/09/24 16:42:51 compress: run /usr/bin/zopflipng --iterations=60 --keepchunks=iCCP --lossy_transparent --splitting=3 -my /tmp/work/img/google/64/1f1e8-1f1f0.png /tmp/work/img/google/64/1f1e8-1f1f0.png
2025/09/24 16:42:52 Optimizing /tmp/work/img/google/64/1f1e8-1f1e8.png
Input size: 2571 (2K)
Result size: 2569 (2K). Percentage of original: 99.922%
Result is smaller


2025/09/24 16:42:52 algorithm: run /usr/bin/brotli --quality=11 --output=/output/img/google/64/1f1e8-1f1e8.png.br /tmp/work/img/google/64/1f1e8-1f1e8.png
2025/09/24 16:42:52 br /tmp/work/img/google/64/1f1e8-1f1e8.png -> /output/img/google/64/1f1e8-1f1e8.png.br
2025/09/24 16:42:52 gz /tmp/work/img/google/64/1f1e8-1f1e8.png -> /output/img/google/64/1f1e8-1f1e8.png.gz
2025/09/24 16:42:52 compress: run /usr/bin/zopflipng --iterations=60 --keepchunks=iCCP --lossy_transparent --splitting=3 -my /tmp/work/img/google/64/1f1e8-1f1f1.png /tmp/work/img/google/64/1f1e8-1f1f1.png
2025/09/24 16:42:53 Optimizing /tmp/work/img/google/64/1f1e8-1f1e9.png
Input size: 3778 (3K)
Result size: 3774 (3K). Percentage of original: 99.894%
Result is smaller


2025/09/24 16:42:53 algorithm: run /usr/bin/brotli --quality=11 --output=/output/img/google/64/1f1e8-1f1e9.png.br /tmp/work/img/google/64/1f1e8-1f1e9.png
2025/09/24 16:42:53 br /tmp/work/img/google/64/1f1e8-1f1e9.png -> /output/img/google/64/1f1e8-1f1e9.png.br
2025/09/24 16:42:53 gz /tmp/work/img/google/64/1f1e8-1f1e9.png -> /output/img/google/64/1f1e8-1f1e9.png.gz
2025/09/24 16:42:53 compress: run /usr/bin/zopflipng --iterations=60 --keepchunks=iCCP --lossy_transparent --splitting=3 -my /tmp/work/img/google/64/1f1e8-1f1f2.png /tmp/work/img/google/64/1f1e8-1f1f2.png
2025/09/24 16:42:54 Optimizing /tmp/work/img/google/64/1f1e8-1f1eb.png
Input size: 3274 (3K)
Result size: 3263 (3K). Percentage of original: 99.664%
Result is smaller


2025/09/24 16:42:54 algorithm: run /usr/bin/brotli --quality=11 --output=/output/img/google/64/1f1e8-1f1eb.png.br /tmp/work/img/google/64/1f1e8-1f1eb.png
2025/09/24 16:42:54 br /tmp/work/img/google/64/1f1e8-1f1eb.png -> /output/img/google/64/1f1e8-1f1eb.png.br
2025/09/24 16:42:54 gz /tmp/work/img/google/64/1f1e8-1f1eb.png -> /output/img/google/64/1f1e8-1f1eb.png.gz
2025/09/24 16:42:54 compress: run /usr/bin/zopflipng --iterations=60 --keepchunks=iCCP --lossy_transparent --splitting=3 -my /tmp/work/img/google/64/1f1e8-1f1f3.png /tmp/work/img/google/64/1f1e8-1f1f3.png
2025/09/24 16:42:54 Optimizing /tmp/work/img/google/64/1f1e8-1f1ec.png
Input size: 2753 (2K)
Result size: 2743 (2K). Percentage of original: 99.637%
Result is smaller


2025/09/24 16:42:54 algorithm: run /usr/bin/brotli --quality=11 --output=/output/img/google/64/1f1e8-1f1ec.png.br /tmp/work/img/google/64/1f1e8-1f1ec.png
2025/09/24 16:42:54 br /tmp/work/img/google/64/1f1e8-1f1ec.png -> /output/img/google/64/1f1e8-1f1ec.png.br
2025/09/24 16:42:54 gz /tmp/work/img/google/64/1f1e8-1f1ec.png -> /output/img/google/64/1f1e8-1f1ec.png.gz
2025/09/24 16:42:54 compress: run /usr/bin/zopflipng --iterations=60 --keepchunks=iCCP --lossy_transparent --splitting=3 -my /tmp/work/img/google/64/1f1e8-1f1f4.png /tmp/work/img/google/64/1f1e8-1f1f4.png
2025/09/24 16:42:55 Optimizing /tmp/work/img/google/64/1f1e8-1f1ee.png
Input size: 1860 (1K)
Result size: 1860 (1K). Percentage of original: 100.000%
Result has exact same size


2025/09/24 16:42:55 algorithm: run /usr/bin/brotli --quality=11 --output=/output/img/google/64/1f1e8-1f1ee.png.br /tmp/work/img/google/64/1f1e8-1f1ee.png
2025/09/24 16:42:55 br /tmp/work/img/google/64/1f1e8-1f1ee.png -> /output/img/google/64/1f1e8-1f1ee.png.br
2025/09/24 16:42:55 gz /tmp/work/img/google/64/1f1e8-1f1ee.png -> /output/img/google/64/1f1e8-1f1ee.png.gz
2025/09/24 16:42:55 compress: run /usr/bin/zopflipng --iterations=60 --keepchunks=iCCP --lossy_transparent --splitting=3 -my /tmp/work/img/google/64/1f1e8-1f1f5.png /tmp/work/img/google/64/1f1e8-1f1f5.png
2025/09/24 16:42:56 Optimizing /tmp/work/img/google/64/1f1e8-1f1ed.png
Input size: 1463 (1K)
Result size: 1451 (1K). Percentage of original: 99.180%
Result is smaller


2025/09/24 16:42:56 algorithm: run /usr/bin/brotli --quality=11 --output=/output/img/google/64/1f1e8-1f1ed.png.br /tmp/work/img/google/64/1f1e8-1f1ed.png
2025/09/24 16:42:56 br /tmp/work/img/google/64/1f1e8-1f1ed.png -> /output/img/google/64/1f1e8-1f1ed.png.br
2025/09/24 16:42:56 gz /tmp/work/img/google/64/1f1e8-1f1ed.png -> /output/img/google/64/1f1e8-1f1ed.png.gz
2025/09/24 16:42:56 compress: run /usr/bin/zopflipng --iterations=60 --keepchunks=iCCP --lossy_transparent --splitting=3 -my /tmp/work/img/google/64/1f1e8-1f1f6.png /tmp/work/img/google/64/1f1e8-1f1f6.png
2025/09/24 16:42:58 Optimizing /tmp/work/img/google/64/1f1e7-1f1ff.png
Input size: 5064 (4K)
Result size: 5062 (4K). Percentage of original: 99.961%
Result is smaller


2025/09/24 16:42:58 algorithm: run /usr/bin/brotli --quality=11 --output=/output/img/google/64/1f1e7-1f1ff.png.br /tmp/work/img/google/64/1f1e7-1f1ff.png
2025/09/24 16:42:58 br /tmp/work/img/google/64/1f1e7-1f1ff.png -> /output/img/google/64/1f1e7-1f1ff.png.br
2025/09/24 16:42:58 gz /tmp/work/img/google/64/1f1e7-1f1ff.png -> /output/img/google/64/1f1e7-1f1ff.png.gz
2025/09/24 16:42:58 compress: run /usr/bin/zopflipng --iterations=60 --keepchunks=iCCP --lossy_transparent --splitting=3 -my /tmp/work/img/google/64/1f1e8-1f1f7.png /tmp/work/img/google/64/1f1e8-1f1f7.png
2025/09/24 16:42:58 Optimizing /tmp/work/img/google/64/1f1e8-1f1f0.png
Input size: 4787 (4K)
Result size: 4781 (4K). Percentage of original: 99.875%
Result is smaller


2025/09/24 16:42:58 algorithm: run /usr/bin/brotli --quality=11 --output=/output/img/google/64/1f1e8-1f1f0.png.br /tmp/work/img/google/64/1f1e8-1f1f0.png
2025/09/24 16:42:58 br /tmp/work/img/google/64/1f1e8-1f1f0.png -> /output/img/google/64/1f1e8-1f1f0.png.br
2025/09/24 16:42:58 gz /tmp/work/img/google/64/1f1e8-1f1f0.png -> /output/img/google/64/1f1e8-1f1f0.png.gz
2025/09/24 16:42:58 compress: run /usr/bin/zopflipng --iterations=60 --keepchunks=iCCP --lossy_transparent --splitting=3 -my /tmp/work/img/google/64/1f1e8-1f1fa.png /tmp/work/img/google/64/1f1e8-1f1fa.png
2025/09/24 16:43:00 Optimizing /tmp/work/img/google/64/1f1e8-1f1f1.png
Input size: 2505 (2K)
Result size: 2501 (2K). Percentage of original: 99.840%
Result is smaller


2025/09/24 16:43:00 algorithm: run /usr/bin/brotli --quality=11 --output=/output/img/google/64/1f1e8-1f1f1.png.br /tmp/work/img/google/64/1f1e8-1f1f1.png
2025/09/24 16:43:00 br /tmp/work/img/google/64/1f1e8-1f1f1.png -> /output/img/google/64/1f1e8-1f1f1.png.br
2025/09/24 16:43:00 gz /tmp/work/img/google/64/1f1e8-1f1f1.png -> /output/img/google/64/1f1e8-1f1f1.png.gz
2025/09/24 16:43:00 compress: run /usr/bin/zopflipng --iterations=60 --keepchunks=iCCP --lossy_transparent --splitting=3 -my /tmp/work/img/google/64/1f1e8-1f1fb.png /tmp/work/img/google/64/1f1e8-1f1fb.png
2025/09/24 16:43:03 Optimizing /tmp/work/img/google/64/1f1e8-1f1f4.png
Input size: 2688 (2K)
Result size: 2685 (2K). Percentage of original: 99.888%
Result is smaller


2025/09/24 16:43:03 algorithm: run /usr/bin/brotli --quality=11 --output=/output/img/google/64/1f1e8-1f1f4.png.br /tmp/work/img/google/64/1f1e8-1f1f4.png
2025/09/24 16:43:03 br /tmp/work/img/google/64/1f1e8-1f1f4.png -> /output/img/google/64/1f1e8-1f1f4.png.br
2025/09/24 16:43:03 gz /tmp/work/img/google/64/1f1e8-1f1f4.png -> /output/img/google/64/1f1e8-1f1f4.png.gz
2025/09/24 16:43:03 compress: run /usr/bin/zopflipng --iterations=60 --keepchunks=iCCP --lossy_transparent --splitting=3 -my /tmp/work/img/google/64/1f1e8-1f1fc.png /tmp/work/img/google/64/1f1e8-1f1fc.png
2025/09/24 16:43:03 Optimizing /tmp/work/img/google/64/1f1e8-1f1f3.png
Input size: 2395 (2K)
Result size: 2394 (2K). Percentage of original: 99.958%
Result is smaller


2025/09/24 16:43:03 algorithm: run /usr/bin/brotli --quality=11 --output=/output/img/google/64/1f1e8-1f1f3.png.br /tmp/work/img/google/64/1f1e8-1f1f3.png
2025/09/24 16:43:03 br /tmp/work/img/google/64/1f1e8-1f1f3.png -> /output/img/google/64/1f1e8-1f1f3.png.br
2025/09/24 16:43:03 gz /tmp/work/img/google/64/1f1e8-1f1f3.png -> /output/img/google/64/1f1e8-1f1f3.png.gz
2025/09/24 16:43:03 compress: run /usr/bin/zopflipng --iterations=60 --keepchunks=iCCP --lossy_transparent --splitting=3 -my /tmp/work/img/google/64/1f1e8-1f1fd.png /tmp/work/img/google/64/1f1e8-1f1fd.png
2025/09/24 16:43:04 Optimizing /tmp/work/img/google/64/1f1e8-1f1f2.png
Input size: 2384 (2K)
Result size: 2380 (2K). Percentage of original: 99.832%
Result is smaller


2025/09/24 16:43:04 algorithm: run /usr/bin/brotli --quality=11 --output=/output/img/google/64/1f1e8-1f1f2.png.br /tmp/work/img/google/64/1f1e8-1f1f2.png
2025/09/24 16:43:04 br /tmp/work/img/google/64/1f1e8-1f1f2.png -> /output/img/google/64/1f1e8-1f1f2.png.br
2025/09/24 16:43:04 gz /tmp/work/img/google/64/1f1e8-1f1f2.png -> /output/img/google/64/1f1e8-1f1f2.png.gz
2025/09/24 16:43:04 compress: run /usr/bin/zopflipng --iterations=60 --keepchunks=iCCP --lossy_transparent --splitting=3 -my /tmp/work/img/google/64/1f1e8-1f1fe.png /tmp/work/img/google/64/1f1e8-1f1fe.png
2025/09/24 16:43:05 Optimizing /tmp/work/img/google/64/1f1e8-1f1f7.png
Input size: 3254 (3K)
Result size: 3249 (3K). Percentage of original: 99.846%
Result is smaller


2025/09/24 16:43:05 algorithm: run /usr/bin/brotli --quality=11 --output=/output/img/google/64/1f1e8-1f1f7.png.br /tmp/work/img/google/64/1f1e8-1f1f7.png
2025/09/24 16:43:05 br /tmp/work/img/google/64/1f1e8-1f1f7.png -> /output/img/google/64/1f1e8-1f1f7.png.br
2025/09/24 16:43:05 gz /tmp/work/img/google/64/1f1e8-1f1f7.png -> /output/img/google/64/1f1e8-1f1f7.png.gz
2025/09/24 16:43:05 compress: run /usr/bin/zopflipng --iterations=60 --keepchunks=iCCP --lossy_transparent --splitting=3 -my /tmp/work/img/google/64/1f1e8-1f1ff.png /tmp/work/img/google/64/1f1e8-1f1ff.png
2025/09/24 16:43:06 Optimizing /tmp/work/img/google/64/1f1e8-1f1fa.png
Input size: 3662 (3K)
Result size: 3652 (3K). Percentage of original: 99.727%
Result is smaller


2025/09/24 16:43:06 algorithm: run /usr/bin/brotli --quality=11 --output=/output/img/google/64/1f1e8-1f1fa.png.br /tmp/work/img/google/64/1f1e8-1f1fa.png
2025/09/24 16:43:06 Optimizing /tmp/work/img/google/64/1f1e8-1f1f6.png
Input size: 3220 (3K)
Result size: 3208 (3K). Percentage of original: 99.627%
Result is smaller


2025/09/24 16:43:06 algorithm: run /usr/bin/brotli --quality=11 --output=/output/img/google/64/1f1e8-1f1f6.png.br /tmp/work/img/google/64/1f1e8-1f1f6.png
2025/09/24 16:43:06 br /tmp/work/img/google/64/1f1e8-1f1fa.png -> /output/img/google/64/1f1e8-1f1fa.png.br
2025/09/24 16:43:06 gz /tmp/work/img/google/64/1f1e8-1f1fa.png -> /output/img/google/64/1f1e8-1f1fa.png.gz
2025/09/24 16:43:06 compress: run /usr/bin/zopflipng --iterations=60 --keepchunks=iCCP --lossy_transparent --splitting=3 -my /tmp/work/img/google/64/1f1e9-1f1ea.png /tmp/work/img/google/64/1f1e9-1f1ea.png
2025/09/24 16:43:06 br /tmp/work/img/google/64/1f1e8-1f1f6.png -> /output/img/google/64/1f1e8-1f1f6.png.br
2025/09/24 16:43:06 gz /tmp/work/img/google/64/1f1e8-1f1f6.png -> /output/img/google/64/1f1e8-1f1f6.png.gz
2025/09/24 16:43:06 compress: run /usr/bin/zopflipng --iterations=60 --keepchunks=iCCP --lossy_transparent --splitting=3 -my /tmp/work/img/google/64/1f1e9-1f1ec.png /tmp/work/img/google/64/1f1e9-1f1ec.png
2025/09/24 16:43:08 Optimizing /tmp/work/img/google/64/1f1e8-1f1fb.png
Input size: 3735 (3K)
Result size: 3730 (3K). Percentage of original: 99.866%
Result is smaller


2025/09/24 16:43:08 algorithm: run /usr/bin/brotli --quality=11 --output=/output/img/google/64/1f1e8-1f1fb.png.br /tmp/work/img/google/64/1f1e8-1f1fb.png
2025/09/24 16:43:08 br /tmp/work/img/google/64/1f1e8-1f1fb.png -> /output/img/google/64/1f1e8-1f1fb.png.br
2025/09/24 16:43:08 gz /tmp/work/img/google/64/1f1e8-1f1fb.png -> /output/img/google/64/1f1e8-1f1fb.png.gz
2025/09/24 16:43:08 compress: run /usr/bin/zopflipng --iterations=60 --keepchunks=iCCP --lossy_transparent --splitting=3 -my /tmp/work/img/google/64/1f1e9-1f1ef.png /tmp/work/img/google/64/1f1e9-1f1ef.png
2025/09/24 16:43:12 Optimizing /tmp/work/img/google/64/1f1e8-1f1fd.png
Input size: 3806 (3K)
Result size: 3789 (3K). Percentage of original: 99.553%
Result is smaller


2025/09/24 16:43:12 algorithm: run /usr/bin/brotli --quality=11 --output=/output/img/google/64/1f1e8-1f1fd.png.br /tmp/work/img/google/64/1f1e8-1f1fd.png
2025/09/24 16:43:12 Optimizing /tmp/work/img/google/64/1f1e8-1f1fc.png
Input size: 2962 (2K)
Result size: 2954 (2K). Percentage of original: 99.730%
Result is smaller


2025/09/24 16:43:12 algorithm: run /usr/bin/brotli --quality=11 --output=/output/img/google/64/1f1e8-1f1fc.png.br /tmp/work/img/google/64/1f1e8-1f1fc.png
2025/09/24 16:43:12 br /tmp/work/img/google/64/1f1e8-1f1fd.png -> /output/img/google/64/1f1e8-1f1fd.png.br
2025/09/24 16:43:12 gz /tmp/work/img/google/64/1f1e8-1f1fd.png -> /output/img/google/64/1f1e8-1f1fd.png.gz
2025/09/24 16:43:12 compress: run /usr/bin/zopflipng --iterations=60 --keepchunks=iCCP --lossy_transparent --splitting=3 -my /tmp/work/img/google/64/1f1e9-1f1f0.png /tmp/work/img/google/64/1f1e9-1f1f0.png
2025/09/24 16:43:12 br /tmp/work/img/google/64/1f1e8-1f1fc.png -> /output/img/google/64/1f1e8-1f1fc.png.br
2025/09/24 16:43:12 gz /tmp/work/img/google/64/1f1e8-1f1fc.png -> /output/img/google/64/1f1e8-1f1fc.png.gz
2025/09/24 16:43:12 compress: run /usr/bin/zopflipng --iterations=60 --keepchunks=iCCP --lossy_transparent --splitting=3 -my /tmp/work/img/google/64/1f1e9-1f1f2.png /tmp/work/img/google/64/1f1e9-1f1f2.png
2025/09/24 16:43:12 Optimizing /tmp/work/img/google/64/1f1e9-1f1ec.png
Input size: 7757 (7K)
Result size: 7739 (7K). Percentage of original: 99.768%
Result is smaller


2025/09/24 16:43:12 algorithm: run /usr/bin/brotli --quality=11 --output=/output/img/google/64/1f1e9-1f1ec.png.br /tmp/work/img/google/64/1f1e9-1f1ec.png
2025/09/24 16:43:12 br /tmp/work/img/google/64/1f1e9-1f1ec.png -> /output/img/google/64/1f1e9-1f1ec.png.br
2025/09/24 16:43:12 gz /tmp/work/img/google/64/1f1e9-1f1ec.png -> /output/img/google/64/1f1e9-1f1ec.png.gz
2025/09/24 16:43:12 compress: run /usr/bin/zopflipng --iterations=60 --keepchunks=iCCP --lossy_transparent --splitting=3 -my /tmp/work/img/google/64/1f1e9-1f1f4.png /tmp/work/img/google/64/1f1e9-1f1f4.png
2025/09/24 16:43:13 Optimizing /tmp/work/img/google/64/1f1e8-1f1fe.png
Input size: 2431 (2K)
Result size: 2427 (2K). Percentage of original: 99.835%
Result is smaller


2025/09/24 16:43:13 algorithm: run /usr/bin/brotli --quality=11 --output=/output/img/google/64/1f1e8-1f1fe.png.br /tmp/work/img/google/64/1f1e8-1f1fe.png
2025/09/24 16:43:13 br /tmp/work/img/google/64/1f1e8-1f1fe.png -> /output/img/google/64/1f1e8-1f1fe.png.br
2025/09/24 16:43:13 gz /tmp/work/img/google/64/1f1e8-1f1fe.png -> /output/img/google/64/1f1e8-1f1fe.png.gz
2025/09/24 16:43:13 compress: run /usr/bin/zopflipng --iterations=60 --keepchunks=iCCP --lossy_transparent --splitting=3 -my /tmp/work/img/google/64/1f1e9-1f1ff.png /tmp/work/img/google/64/1f1e9-1f1ff.png
2025/09/24 16:43:14 Optimizing /tmp/work/img/google/64/1f1e8-1f1f5.png
Input size: 2011 (1K)
Result size: 1985 (1K). Percentage of original: 98.707%
Result is smaller


2025/09/24 16:43:14 algorithm: run /usr/bin/brotli --quality=11 --output=/output/img/google/64/1f1e8-1f1f5.png.br /tmp/work/img/google/64/1f1e8-1f1f5.png
2025/09/24 16:43:14 br /tmp/work/img/google/64/1f1e8-1f1f5.png -> /output/img/google/64/1f1e8-1f1f5.png.br
2025/09/24 16:43:14 gz /tmp/work/img/google/64/1f1e8-1f1f5.png -> /output/img/google/64/1f1e8-1f1f5.png.gz
2025/09/24 16:43:14 compress: run /usr/bin/zopflipng --iterations=60 --keepchunks=iCCP --lossy_transparent --splitting=3 -my /tmp/work/img/google/64/1f1ea-1f1e6.png /tmp/work/img/google/64/1f1ea-1f1e6.png
2025/09/24 16:43:15 Optimizing /tmp/work/img/google/64/1f1e8-1f1ff.png
Input size: 2698 (2K)
Result size: 2693 (2K). Percentage of original: 99.815%
Result is smaller


2025/09/24 16:43:15 algorithm: run /usr/bin/brotli --quality=11 --output=/output/img/google/64/1f1e8-1f1ff.png.br /tmp/work/img/google/64/1f1e8-1f1ff.png
2025/09/24 16:43:15 br /tmp/work/img/google/64/1f1e8-1f1ff.png -> /output/img/google/64/1f1e8-1f1ff.png.br
2025/09/24 16:43:15 gz /tmp/work/img/google/64/1f1e8-1f1ff.png -> /output/img/google/64/1f1e8-1f1ff.png.gz
2025/09/24 16:43:15 compress: run /usr/bin/zopflipng --iterations=60 --keepchunks=iCCP --lossy_transparent --splitting=3 -my /tmp/work/img/google/64/1f1ea-1f1e8.png /tmp/work/img/google/64/1f1ea-1f1e8.png
2025/09/24 16:43:16 Optimizing /tmp/work/img/google/64/1f1e9-1f1ea.png
Input size: 1789 (1K)
Result size: 1740 (1K). Percentage of original: 97.261%
Result is smaller


2025/09/24 16:43:16 algorithm: run /usr/bin/brotli --quality=11 --output=/output/img/google/64/1f1e9-1f1ea.png.br /tmp/work/img/google/64/1f1e9-1f1ea.png
2025/09/24 16:43:16 br /tmp/work/img/google/64/1f1e9-1f1ea.png -> /output/img/google/64/1f1e9-1f1ea.png.br
2025/09/24 16:43:16 gz /tmp/work/img/google/64/1f1e9-1f1ea.png -> /output/img/google/64/1f1e9-1f1ea.png.gz
2025/09/24 16:43:16 compress: run /usr/bin/zopflipng --iterations=60 --keepchunks=iCCP --lossy_transparent --splitting=3 -my /tmp/work/img/google/64/1f1ea-1f1ea.png /tmp/work/img/google/64/1f1ea-1f1ea.png
2025/09/24 16:43:16 Optimizing /tmp/work/img/google/64/1f1e9-1f1ef.png
Input size: 2975 (2K)
Result size: 2975 (2K). Percentage of original: 100.000%
Result has exact same size


2025/09/24 16:43:16 algorithm: run /usr/bin/brotli --quality=11 --output=/output/img/google/64/1f1e9-1f1ef.png.br /tmp/work/img/google/64/1f1e9-1f1ef.png
2025/09/24 16:43:16 br /tmp/work/img/google/64/1f1e9-1f1ef.png -> /output/img/google/64/1f1e9-1f1ef.png.br
2025/09/24 16:43:16 gz /tmp/work/img/google/64/1f1e9-1f1ef.png -> /output/img/google/64/1f1e9-1f1ef.png.gz
2025/09/24 16:43:16 compress: run /usr/bin/zopflipng --iterations=60 --keepchunks=iCCP --lossy_transparent --splitting=3 -my /tmp/work/img/google/64/1f1ea-1f1ec.png /tmp/work/img/google/64/1f1ea-1f1ec.png
2025/09/24 16:43:20 Optimizing /tmp/work/img/google/64/1f1e9-1f1f0.png
Input size: 2688 (2K)
Result size: 2682 (2K). Percentage of original: 99.777%
Result is smaller


2025/09/24 16:43:20 algorithm: run /usr/bin/brotli --quality=11 --output=/output/img/google/64/1f1e9-1f1f0.png.br /tmp/work/img/google/64/1f1e9-1f1f0.png
2025/09/24 16:43:20 br /tmp/work/img/google/64/1f1e9-1f1f0.png -> /output/img/google/64/1f1e9-1f1f0.png.br
2025/09/24 16:43:20 gz /tmp/work/img/google/64/1f1e9-1f1f0.png -> /output/img/google/64/1f1e9-1f1f0.png.gz
2025/09/24 16:43:20 compress: run /usr/bin/zopflipng --iterations=60 --keepchunks=iCCP --lossy_transparent --splitting=3 -my /tmp/work/img/google/64/1f1ea-1f1ed.png /tmp/work/img/google/64/1f1ea-1f1ed.png
2025/09/24 16:43:20 Optimizing /tmp/work/img/google/64/1f1e9-1f1f4.png
Input size: 2938 (2K)
Result size: 2927 (2K). Percentage of original: 99.626%
Result is smaller


2025/09/24 16:43:20 algorithm: run /usr/bin/brotli --quality=11 --output=/output/img/google/64/1f1e9-1f1f4.png.br /tmp/work/img/google/64/1f1e9-1f1f4.png
2025/09/24 16:43:20 br /tmp/work/img/google/64/1f1e9-1f1f4.png -> /output/img/google/64/1f1e9-1f1f4.png.br
2025/09/24 16:43:20 gz /tmp/work/img/google/64/1f1e9-1f1f4.png -> /output/img/google/64/1f1e9-1f1f4.png.gz
2025/09/24 16:43:20 compress: run /usr/bin/zopflipng --iterations=60 --keepchunks=iCCP --lossy_transparent --splitting=3 -my /tmp/work/img/google/64/1f1ea-1f1f7.png /tmp/work/img/google/64/1f1ea-1f1f7.png
2025/09/24 16:43:20 Optimizing /tmp/work/img/google/64/1f1e9-1f1ff.png
Input size: 2533 (2K)
Result size: 2528 (2K). Percentage of original: 99.803%
Result is smaller


2025/09/24 16:43:20 algorithm: run /usr/bin/brotli --quality=11 --output=/output/img/google/64/1f1e9-1f1ff.png.br /tmp/work/img/google/64/1f1e9-1f1ff.png
2025/09/24 16:43:20 br /tmp/work/img/google/64/1f1e9-1f1ff.png -> /output/img/google/64/1f1e9-1f1ff.png.br
2025/09/24 16:43:20 gz /tmp/work/img/google/64/1f1e9-1f1ff.png -> /output/img/google/64/1f1e9-1f1ff.png.gz
2025/09/24 16:43:20 compress: run /usr/bin/zopflipng --iterations=60 --keepchunks=iCCP --lossy_transparent --splitting=3 -my /tmp/work/img/google/64/1f1ea-1f1f8.png /tmp/work/img/google/64/1f1ea-1f1f8.png
2025/09/24 16:43:21 Optimizing /tmp/work/img/google/64/1f1e9-1f1f2.png
Input size: 3841 (3K)
Result size: 3831 (3K). Percentage of original: 99.740%
Result is smaller


2025/09/24 16:43:21 algorithm: run /usr/bin/brotli --quality=11 --output=/output/img/google/64/1f1e9-1f1f2.png.br /tmp/work/img/google/64/1f1e9-1f1f2.png
2025/09/24 16:43:21 br /tmp/work/img/google/64/1f1e9-1f1f2.png -> /output/img/google/64/1f1e9-1f1f2.png.br
2025/09/24 16:43:21 gz /tmp/work/img/google/64/1f1e9-1f1f2.png -> /output/img/google/64/1f1e9-1f1f2.png.gz
2025/09/24 16:43:21 compress: run /usr/bin/zopflipng --iterations=60 --keepchunks=iCCP --lossy_transparent --splitting=3 -my /tmp/work/img/google/64/1f1ea-1f1f9.png /tmp/work/img/google/64/1f1ea-1f1f9.png
2025/09/24 16:43:22 Optimizing /tmp/work/img/google/64/1f1ea-1f1e6.png
Input size: 3196 (3K)
Result size: 3190 (3K). Percentage of original: 99.812%
Result is smaller


2025/09/24 16:43:22 algorithm: run /usr/bin/brotli --quality=11 --output=/output/img/google/64/1f1ea-1f1e6.png.br /tmp/work/img/google/64/1f1ea-1f1e6.png
2025/09/24 16:43:22 br /tmp/work/img/google/64/1f1ea-1f1e6.png -> /output/img/google/64/1f1ea-1f1e6.png.br
2025/09/24 16:43:22 gz /tmp/work/img/google/64/1f1ea-1f1e6.png -> /output/img/google/64/1f1ea-1f1e6.png.gz
2025/09/24 16:43:22 compress: run /usr/bin/zopflipng --iterations=60 --keepchunks=iCCP --lossy_transparent --splitting=3 -my /tmp/work/img/google/64/1f1ea-1f1fa.png /tmp/work/img/google/64/1f1ea-1f1fa.png
2025/09/24 16:43:22 Optimizing /tmp/work/img/google/64/1f1ea-1f1e8.png
Input size: 3568 (3K)
Result size: 3565 (3K). Percentage of original: 99.916%
Result is smaller


2025/09/24 16:43:22 algorithm: run /usr/bin/brotli --quality=11 --output=/output/img/google/64/1f1ea-1f1e8.png.br /tmp/work/img/google/64/1f1ea-1f1e8.png
2025/09/24 16:43:23 br /tmp/work/img/google/64/1f1ea-1f1e8.png -> /output/img/google/64/1f1ea-1f1e8.png.br
2025/09/24 16:43:23 gz /tmp/work/img/google/64/1f1ea-1f1e8.png -> /output/img/google/64/1f1ea-1f1e8.png.gz
2025/09/24 16:43:23 compress: run /usr/bin/zopflipng --iterations=60 --keepchunks=iCCP --lossy_transparent --splitting=3 -my /tmp/work/img/google/64/1f1eb-1f1ee.png /tmp/work/img/google/64/1f1eb-1f1ee.png
2025/09/24 16:43:24 Optimizing /tmp/work/img/google/64/1f1ea-1f1ea.png
Input size: 2089 (2K)
Result size: 2081 (2K). Percentage of original: 99.617%
Result is smaller


2025/09/24 16:43:24 algorithm: run /usr/bin/brotli --quality=11 --output=/output/img/google/64/1f1ea-1f1ea.png.br /tmp/work/img/google/64/1f1ea-1f1ea.png
2025/09/24 16:43:24 br /tmp/work/img/google/64/1f1ea-1f1ea.png -> /output/img/google/64/1f1ea-1f1ea.png.br
2025/09/24 16:43:24 gz /tmp/work/img/google/64/1f1ea-1f1ea.png -> /output/img/google/64/1f1ea-1f1ea.png.gz
2025/09/24 16:43:24 compress: run /usr/bin/zopflipng --iterations=60 --keepchunks=iCCP --lossy_transparent --splitting=3 -my /tmp/work/img/google/64/1f1eb-1f1ef.png /tmp/work/img/google/64/1f1eb-1f1ef.png
2025/09/24 16:43:25 Optimizing /tmp/work/img/google/64/1f1ea-1f1f9.png
Input size: 3834 (3K)
Result size: 3825 (3K). Percentage of original: 99.765%
Result is smaller


2025/09/24 16:43:25 algorithm: run /usr/bin/brotli --quality=11 --output=/output/img/google/64/1f1ea-1f1f9.png.br /tmp/work/img/google/64/1f1ea-1f1f9.png
2025/09/24 16:43:25 br /tmp/work/img/google/64/1f1ea-1f1f9.png -> /output/img/google/64/1f1ea-1f1f9.png.br
2025/09/24 16:43:25 gz /tmp/work/img/google/64/1f1ea-1f1f9.png -> /output/img/google/64/1f1ea-1f1f9.png.gz
2025/09/24 16:43:25 compress: run /usr/bin/zopflipng --iterations=60 --keepchunks=iCCP --lossy_transparent --splitting=3 -my /tmp/work/img/google/64/1f1eb-1f1f0.png /tmp/work/img/google/64/1f1eb-1f1f0.png
2025/09/24 16:43:26 Optimizing /tmp/work/img/google/64/1f1ea-1f1f8.png
Input size: 3196 (3K)
Result size: 3190 (3K). Percentage of original: 99.812%
Result is smaller


2025/09/24 16:43:26 algorithm: run /usr/bin/brotli --quality=11 --output=/output/img/google/64/1f1ea-1f1f8.png.br /tmp/work/img/google/64/1f1ea-1f1f8.png
2025/09/24 16:43:26 br /tmp/work/img/google/64/1f1ea-1f1f8.png -> /output/img/google/64/1f1ea-1f1f8.png.br
2025/09/24 16:43:26 gz /tmp/work/img/google/64/1f1ea-1f1f8.png -> /output/img/google/64/1f1ea-1f1f8.png.gz
2025/09/24 16:43:26 compress: run /usr/bin/zopflipng --iterations=60 --keepchunks=iCCP --lossy_transparent --splitting=3 -my /tmp/work/img/google/64/1f1eb-1f1f2.png /tmp/work/img/google/64/1f1eb-1f1f2.png
2025/09/24 16:43:26 Optimizing /tmp/work/img/google/64/1f1ea-1f1ed.png
Input size: 2772 (2K)
Result size: 2772 (2K). Percentage of original: 100.000%
Result has exact same size


2025/09/24 16:43:26 algorithm: run /usr/bin/brotli --quality=11 --output=/output/img/google/64/1f1ea-1f1ed.png.br /tmp/work/img/google/64/1f1ea-1f1ed.png
2025/09/24 16:43:26 br /tmp/work/img/google/64/1f1ea-1f1ed.png -> /output/img/google/64/1f1ea-1f1ed.png.br
2025/09/24 16:43:26 gz /tmp/work/img/google/64/1f1ea-1f1ed.png -> /output/img/google/64/1f1ea-1f1ed.png.gz
2025/09/24 16:43:26 compress: run /usr/bin/zopflipng --iterations=60 --keepchunks=iCCP --lossy_transparent --splitting=3 -my /tmp/work/img/google/64/1f1eb-1f1f4.png /tmp/work/img/google/64/1f1eb-1f1f4.png
2025/09/24 16:43:26 Optimizing /tmp/work/img/google/64/1f1ea-1f1f7.png
Input size: 3940 (3K)
Result size: 3933 (3K). Percentage of original: 99.822%
Result is smaller


2025/09/24 16:43:26 algorithm: run /usr/bin/brotli --quality=11 --output=/output/img/google/64/1f1ea-1f1f7.png.br /tmp/work/img/google/64/1f1ea-1f1f7.png
2025/09/24 16:43:26 br /tmp/work/img/google/64/1f1ea-1f1f7.png -> /output/img/google/64/1f1ea-1f1f7.png.br
2025/09/24 16:43:26 gz /tmp/work/img/google/64/1f1ea-1f1f7.png -> /output/img/google/64/1f1ea-1f1f7.png.gz
2025/09/24 16:43:26 compress: run /usr/bin/zopflipng --iterations=60 --keepchunks=iCCP --lossy_transparent --splitting=3 -my /tmp/work/img/google/64/1f1eb-1f1f7.png /tmp/work/img/google/64/1f1eb-1f1f7.png
2025/09/24 16:43:28 Optimizing /tmp/work/img/google/64/1f1eb-1f1ee.png
Input size: 2540 (2K)
Result size: 2534 (2K). Percentage of original: 99.764%
Result is smaller


2025/09/24 16:43:28 algorithm: run /usr/bin/brotli --quality=11 --output=/output/img/google/64/1f1eb-1f1ee.png.br /tmp/work/img/google/64/1f1eb-1f1ee.png
2025/09/24 16:43:28 br /tmp/work/img/google/64/1f1eb-1f1ee.png -> /output/img/google/64/1f1eb-1f1ee.png.br
2025/09/24 16:43:28 gz /tmp/work/img/google/64/1f1eb-1f1ee.png -> /output/img/google/64/1f1eb-1f1ee.png.gz
2025/09/24 16:43:28 compress: run /usr/bin/zopflipng --iterations=60 --keepchunks=iCCP --lossy_transparent --splitting=3 -my /tmp/work/img/google/64/1f1ec-1f1e6.png /tmp/work/img/google/64/1f1ec-1f1e6.png
2025/09/24 16:43:28 Optimizing /tmp/work/img/google/64/1f1ea-1f1fa.png
Input size: 2919 (2K)
Result size: 2912 (2K). Percentage of original: 99.760%
Result is smaller


2025/09/24 16:43:28 algorithm: run /usr/bin/brotli --quality=11 --output=/output/img/google/64/1f1ea-1f1fa.png.br /tmp/work/img/google/64/1f1ea-1f1fa.png
2025/09/24 16:43:28 br /tmp/work/img/google/64/1f1ea-1f1fa.png -> /output/img/google/64/1f1ea-1f1fa.png.br
2025/09/24 16:43:28 gz /tmp/work/img/google/64/1f1ea-1f1fa.png -> /output/img/google/64/1f1ea-1f1fa.png.gz
2025/09/24 16:43:28 compress: run /usr/bin/zopflipng --iterations=60 --keepchunks=iCCP --lossy_transparent --splitting=3 -my /tmp/work/img/google/64/1f1ec-1f1e7.png /tmp/work/img/google/64/1f1ec-1f1e7.png
2025/09/24 16:43:28 Optimizing /tmp/work/img/google/64/1f1eb-1f1ef.png
Input size: 4677 (4K)
Result size: 4670 (4K). Percentage of original: 99.850%
Result is smaller


2025/09/24 16:43:28 algorithm: run /usr/bin/brotli --quality=11 --output=/output/img/google/64/1f1eb-1f1ef.png.br /tmp/work/img/google/64/1f1eb-1f1ef.png
2025/09/24 16:43:28 br /tmp/work/img/google/64/1f1eb-1f1ef.png -> /output/img/google/64/1f1eb-1f1ef.png.br
2025/09/24 16:43:28 gz /tmp/work/img/google/64/1f1eb-1f1ef.png -> /output/img/google/64/1f1eb-1f1ef.png.gz
2025/09/24 16:43:28 compress: run /usr/bin/zopflipng --iterations=60 --keepchunks=iCCP --lossy_transparent --splitting=3 -my /tmp/work/img/google/64/1f1ec-1f1e9.png /tmp/work/img/google/64/1f1ec-1f1e9.png
2025/09/24 16:43:29 Optimizing /tmp/work/img/google/64/1f1ea-1f1ec.png
Input size: 2380 (2K)
Result size: 2369 (2K). Percentage of original: 99.538%
Result is smaller


2025/09/24 16:43:29 algorithm: run /usr/bin/brotli --quality=11 --output=/output/img/google/64/1f1ea-1f1ec.png.br /tmp/work/img/google/64/1f1ea-1f1ec.png
2025/09/24 16:43:29 br /tmp/work/img/google/64/1f1ea-1f1ec.png -> /output/img/google/64/1f1ea-1f1ec.png.br
2025/09/24 16:43:29 gz /tmp/work/img/google/64/1f1ea-1f1ec.png -> /output/img/google/64/1f1ea-1f1ec.png.gz
2025/09/24 16:43:29 compress: run /usr/bin/zopflipng --iterations=60 --keepchunks=iCCP --lossy_transparent --splitting=3 -my /tmp/work/img/google/64/1f1ec-1f1ea.png /tmp/work/img/google/64/1f1ec-1f1ea.png
2025/09/24 16:43:30 Optimizing /tmp/work/img/google/64/1f1eb-1f1f4.png
Input size: 3209 (3K)
Result size: 3209 (3K). Percentage of original: 100.000%
Result has exact same size


2025/09/24 16:43:30 algorithm: run /usr/bin/brotli --quality=11 --output=/output/img/google/64/1f1eb-1f1f4.png.br /tmp/work/img/google/64/1f1eb-1f1f4.png
2025/09/24 16:43:30 br /tmp/work/img/google/64/1f1eb-1f1f4.png -> /output/img/google/64/1f1eb-1f1f4.png.br
2025/09/24 16:43:30 gz /tmp/work/img/google/64/1f1eb-1f1f4.png -> /output/img/google/64/1f1eb-1f1f4.png.gz
2025/09/24 16:43:30 compress: run /usr/bin/zopflipng --iterations=60 --keepchunks=iCCP --lossy_transparent --splitting=3 -my /tmp/work/img/google/64/1f1ec-1f1eb.png /tmp/work/img/google/64/1f1ec-1f1eb.png
2025/09/24 16:43:30 Optimizing /tmp/work/img/google/64/1f1eb-1f1f0.png
Input size: 4491 (4K)
Result size: 4487 (4K). Percentage of original: 99.911%
Result is smaller


2025/09/24 16:43:30 algorithm: run /usr/bin/brotli --quality=11 --output=/output/img/google/64/1f1eb-1f1f0.png.br /tmp/work/img/google/64/1f1eb-1f1f0.png
2025/09/24 16:43:30 br /tmp/work/img/google/64/1f1eb-1f1f0.png -> /output/img/google/64/1f1eb-1f1f0.png.br
2025/09/24 16:43:30 gz /tmp/work/img/google/64/1f1eb-1f1f0.png -> /output/img/google/64/1f1eb-1f1f0.png.gz
2025/09/24 16:43:30 compress: run /usr/bin/zopflipng --iterations=60 --keepchunks=iCCP --lossy_transparent --splitting=3 -my /tmp/work/img/google/64/1f1ec-1f1ec.png /tmp/work/img/google/64/1f1ec-1f1ec.png
2025/09/24 16:43:31 Optimizing /tmp/work/img/google/64/1f1ec-1f1e7.png
Input size: 5779 (5K)
Result size: 5770 (5K). Percentage of original: 99.844%
Result is smaller


2025/09/24 16:43:31 algorithm: run /usr/bin/brotli --quality=11 --output=/output/img/google/64/1f1ec-1f1e7.png.br /tmp/work/img/google/64/1f1ec-1f1e7.png
2025/09/24 16:43:31 br /tmp/work/img/google/64/1f1ec-1f1e7.png -> /output/img/google/64/1f1ec-1f1e7.png.br
2025/09/24 16:43:31 gz /tmp/work/img/google/64/1f1ec-1f1e7.png -> /output/img/google/64/1f1ec-1f1e7.png.gz
2025/09/24 16:43:31 compress: run /usr/bin/zopflipng --iterations=60 --keepchunks=iCCP --lossy_transparent --splitting=3 -my /tmp/work/img/google/64/1f1ec-1f1ed.png /tmp/work/img/google/64/1f1ec-1f1ed.png
2025/09/24 16:43:32 Optimizing /tmp/work/img/google/64/1f1ec-1f1e9.png
Input size: 4125 (4K)
Result size: 4113 (4K). Percentage of original: 99.709%
Result is smaller


2025/09/24 16:43:32 algorithm: run /usr/bin/brotli --quality=11 --output=/output/img/google/64/1f1ec-1f1e9.png.br /tmp/work/img/google/64/1f1ec-1f1e9.png
2025/09/24 16:43:32 br /tmp/work/img/google/64/1f1ec-1f1e9.png -> /output/img/google/64/1f1ec-1f1e9.png.br
2025/09/24 16:43:32 gz /tmp/work/img/google/64/1f1ec-1f1e9.png -> /output/img/google/64/1f1ec-1f1e9.png.gz
2025/09/24 16:43:32 compress: run /usr/bin/zopflipng --iterations=60 --keepchunks=iCCP --lossy_transparent --splitting=3 -my /tmp/work/img/google/64/1f1ec-1f1ee.png /tmp/work/img/google/64/1f1ec-1f1ee.png
2025/09/24 16:43:33 Optimizing /tmp/work/img/google/64/1f1ec-1f1e6.png
Input size: 2642 (2K)
Result size: 2632 (2K). Percentage of original: 99.621%
Result is smaller


2025/09/24 16:43:33 algorithm: run /usr/bin/brotli --quality=11 --output=/output/img/google/64/1f1ec-1f1e6.png.br /tmp/work/img/google/64/1f1ec-1f1e6.png
2025/09/24 16:43:33 br /tmp/work/img/google/64/1f1ec-1f1e6.png -> /output/img/google/64/1f1ec-1f1e6.png.br
2025/09/24 16:43:33 gz /tmp/work/img/google/64/1f1ec-1f1e6.png -> /output/img/google/64/1f1ec-1f1e6.png.gz
2025/09/24 16:43:33 compress: run /usr/bin/zopflipng --iterations=60 --keepchunks=iCCP --lossy_transparent --splitting=3 -my /tmp/work/img/google/64/1f1ec-1f1f1.png /tmp/work/img/google/64/1f1ec-1f1f1.png
2025/09/24 16:43:33 Optimizing /tmp/work/img/google/64/1f1eb-1f1f2.png
Input size: 2783 (2K)
Result size: 2744 (2K). Percentage of original: 98.599%
Result is smaller


2025/09/24 16:43:33 algorithm: run /usr/bin/brotli --quality=11 --output=/output/img/google/64/1f1eb-1f1f2.png.br /tmp/work/img/google/64/1f1eb-1f1f2.png
2025/09/24 16:43:33 br /tmp/work/img/google/64/1f1eb-1f1f2.png -> /output/img/google/64/1f1eb-1f1f2.png.br
2025/09/24 16:43:33 gz /tmp/work/img/google/64/1f1eb-1f1f2.png -> /output/img/google/64/1f1eb-1f1f2.png.gz
2025/09/24 16:43:33 compress: run /usr/bin/zopflipng --iterations=60 --keepchunks=iCCP --lossy_transparent --splitting=3 -my /tmp/work/img/google/64/1f1ec-1f1f2.png /tmp/work/img/google/64/1f1ec-1f1f2.png
2025/09/24 16:43:34 Optimizing /tmp/work/img/google/64/1f1ec-1f1ea.png
Input size: 2542 (2K)
Result size: 2540 (2K). Percentage of original: 99.921%
Result is smaller


2025/09/24 16:43:34 algorithm: run /usr/bin/brotli --quality=11 --output=/output/img/google/64/1f1ec-1f1ea.png.br /tmp/work/img/google/64/1f1ec-1f1ea.png
2025/09/24 16:43:34 br /tmp/work/img/google/64/1f1ec-1f1ea.png -> /output/img/google/64/1f1ec-1f1ea.png.br
2025/09/24 16:43:34 gz /tmp/work/img/google/64/1f1ec-1f1ea.png -> /output/img/google/64/1f1ec-1f1ea.png.gz
2025/09/24 16:43:34 compress: run /usr/bin/zopflipng --iterations=60 --keepchunks=iCCP --lossy_transparent --splitting=3 -my /tmp/work/img/google/64/1f1ec-1f1f3.png /tmp/work/img/google/64/1f1ec-1f1f3.png
2025/09/24 16:43:35 Optimizing /tmp/work/img/google/64/1f1ec-1f1ed.png
Input size: 2925 (2K)
Result size: 2916 (2K). Percentage of original: 99.692%
Result is smaller


2025/09/24 16:43:35 algorithm: run /usr/bin/brotli --quality=11 --output=/output/img/google/64/1f1ec-1f1ed.png.br /tmp/work/img/google/64/1f1ec-1f1ed.png
2025/09/24 16:43:35 br /tmp/work/img/google/64/1f1ec-1f1ed.png -> /output/img/google/64/1f1ec-1f1ed.png.br
2025/09/24 16:43:35 gz /tmp/work/img/google/64/1f1ec-1f1ed.png -> /output/img/google/64/1f1ec-1f1ed.png.gz
2025/09/24 16:43:35 compress: run /usr/bin/zopflipng --iterations=60 --keepchunks=iCCP --lossy_transparent --splitting=3 -my /tmp/work/img/google/64/1f1ec-1f1f5.png /tmp/work/img/google/64/1f1ec-1f1f5.png
2025/09/24 16:43:36 Optimizing /tmp/work/img/google/64/1f1ec-1f1ec.png
Input size: 2966 (2K)
Result size: 2959 (2K). Percentage of original: 99.764%
Result is smaller


2025/09/24 16:43:36 algorithm: run /usr/bin/brotli --quality=11 --output=/output/img/google/64/1f1ec-1f1ec.png.br /tmp/work/img/google/64/1f1ec-1f1ec.png
2025/09/24 16:43:36 br /tmp/work/img/google/64/1f1ec-1f1ec.png -> /output/img/google/64/1f1ec-1f1ec.png.br
2025/09/24 16:43:36 gz /tmp/work/img/google/64/1f1ec-1f1ec.png -> /output/img/google/64/1f1ec-1f1ec.png.gz
2025/09/24 16:43:36 compress: run /usr/bin/zopflipng --iterations=60 --keepchunks=iCCP --lossy_transparent --splitting=3 -my /tmp/work/img/google/64/1f1ec-1f1f6.png /tmp/work/img/google/64/1f1ec-1f1f6.png
2025/09/24 16:43:36 Optimizing /tmp/work/img/google/64/1f1ec-1f1eb.png
Input size: 2646 (2K)
Result size: 2621 (2K). Percentage of original: 99.055%
Result is smaller


2025/09/24 16:43:36 algorithm: run /usr/bin/brotli --quality=11 --output=/output/img/google/64/1f1ec-1f1eb.png.br /tmp/work/img/google/64/1f1ec-1f1eb.png
2025/09/24 16:43:36 br /tmp/work/img/google/64/1f1ec-1f1eb.png -> /output/img/google/64/1f1ec-1f1eb.png.br
2025/09/24 16:43:36 gz /tmp/work/img/google/64/1f1ec-1f1eb.png -> /output/img/google/64/1f1ec-1f1eb.png.gz
2025/09/24 16:43:36 compress: run /usr/bin/zopflipng --iterations=60 --keepchunks=iCCP --lossy_transparent --splitting=3 -my /tmp/work/img/google/64/1f1ec-1f1f7.png /tmp/work/img/google/64/1f1ec-1f1f7.png
2025/09/24 16:43:37 Optimizing /tmp/work/img/google/64/1f1ec-1f1ee.png
Input size: 2818 (2K)
Result size: 2809 (2K). Percentage of original: 99.681%
Result is smaller


2025/09/24 16:43:37 algorithm: run /usr/bin/brotli --quality=11 --output=/output/img/google/64/1f1ec-1f1ee.png.br /tmp/work/img/google/64/1f1ec-1f1ee.png
2025/09/24 16:43:37 br /tmp/work/img/google/64/1f1ec-1f1ee.png -> /output/img/google/64/1f1ec-1f1ee.png.br
2025/09/24 16:43:37 gz /tmp/work/img/google/64/1f1ec-1f1ee.png -> /output/img/google/64/1f1ec-1f1ee.png.gz
2025/09/24 16:43:37 compress: run /usr/bin/zopflipng --iterations=60 --keepchunks=iCCP --lossy_transparent --splitting=3 -my /tmp/work/img/google/64/1f1ec-1f1f8.png /tmp/work/img/google/64/1f1ec-1f1f8.png
2025/09/24 16:43:38 Optimizing /tmp/work/img/google/64/1f1eb-1f1f7.png
Input size: 2011 (1K)
Result size: 1985 (1K). Percentage of original: 98.707%
Result is smaller


2025/09/24 16:43:38 algorithm: run /usr/bin/brotli --quality=11 --output=/output/img/google/64/1f1eb-1f1f7.png.br /tmp/work/img/google/64/1f1eb-1f1f7.png
2025/09/24 16:43:38 br /tmp/work/img/google/64/1f1eb-1f1f7.png -> /output/img/google/64/1f1eb-1f1f7.png.br
2025/09/24 16:43:38 gz /tmp/work/img/google/64/1f1eb-1f1f7.png -> /output/img/google/64/1f1eb-1f1f7.png.gz
2025/09/24 16:43:38 compress: run /usr/bin/zopflipng --iterations=60 --keepchunks=iCCP --lossy_transparent --splitting=3 -my /tmp/work/img/google/64/1f1ec-1f1f9.png /tmp/work/img/google/64/1f1ec-1f1f9.png
2025/09/24 16:43:38 Optimizing /tmp/work/img/google/64/1f1ec-1f1f5.png
Input size: 3669 (3K)
Result size: 3663 (3K). Percentage of original: 99.836%
Result is smaller


2025/09/24 16:43:38 algorithm: run /usr/bin/brotli --quality=11 --output=/output/img/google/64/1f1ec-1f1f5.png.br /tmp/work/img/google/64/1f1ec-1f1f5.png
2025/09/24 16:43:38 br /tmp/work/img/google/64/1f1ec-1f1f5.png -> /output/img/google/64/1f1ec-1f1f5.png.br
2025/09/24 16:43:38 gz /tmp/work/img/google/64/1f1ec-1f1f5.png -> /output/img/google/64/1f1ec-1f1f5.png.gz
2025/09/24 16:43:38 compress: run /usr/bin/zopflipng --iterations=60 --keepchunks=iCCP --lossy_transparent --splitting=3 -my /tmp/work/img/google/64/1f1ec-1f1fa.png /tmp/work/img/google/64/1f1ec-1f1fa.png
2025/09/24 16:43:38 Optimizing /tmp/work/img/google/64/1f1ec-1f1f1.png
Input size: 2805 (2K)
Result size: 2802 (2K). Percentage of original: 99.893%
Result is smaller


2025/09/24 16:43:38 algorithm: run /usr/bin/brotli --quality=11 --output=/output/img/google/64/1f1ec-1f1f1.png.br /tmp/work/img/google/64/1f1ec-1f1f1.png
2025/09/24 16:43:38 br /tmp/work/img/google/64/1f1ec-1f1f1.png -> /output/img/google/64/1f1ec-1f1f1.png.br
2025/09/24 16:43:38 gz /tmp/work/img/google/64/1f1ec-1f1f1.png -> /output/img/google/64/1f1ec-1f1f1.png.gz
2025/09/24 16:43:38 compress: run /usr/bin/zopflipng --iterations=60 --keepchunks=iCCP --lossy_transparent --splitting=3 -my /tmp/work/img/google/64/1f1ec-1f1fc.png /tmp/work/img/google/64/1f1ec-1f1fc.png
2025/09/24 16:43:39 Optimizing /tmp/work/img/google/64/1f1ec-1f1f2.png
Input size: 3514 (3K)
Result size: 3501 (3K). Percentage of original: 99.630%
Result is smaller


2025/09/24 16:43:39 algorithm: run /usr/bin/brotli --quality=11 --output=/output/img/google/64/1f1ec-1f1f2.png.br /tmp/work/img/google/64/1f1ec-1f1f2.png
2025/09/24 16:43:39 br /tmp/work/img/google/64/1f1ec-1f1f2.png -> /output/img/google/64/1f1ec-1f1f2.png.br
2025/09/24 16:43:39 gz /tmp/work/img/google/64/1f1ec-1f1f2.png -> /output/img/google/64/1f1ec-1f1f2.png.gz
2025/09/24 16:43:39 compress: run /usr/bin/zopflipng --iterations=60 --keepchunks=iCCP --lossy_transparent --splitting=3 -my /tmp/work/img/google/64/1f1ec-1f1fe.png /tmp/work/img/google/64/1f1ec-1f1fe.png
2025/09/24 16:43:40 Optimizing /tmp/work/img/google/64/1f1ec-1f1f6.png
Input size: 3162 (3K)
Result size: 3155 (3K). Percentage of original: 99.779%
Result is smaller


2025/09/24 16:43:40 algorithm: run /usr/bin/brotli --quality=11 --output=/output/img/google/64/1f1ec-1f1f6.png.br /tmp/work/img/google/64/1f1ec-1f1f6.png
2025/09/24 16:43:40 br /tmp/work/img/google/64/1f1ec-1f1f6.png -> /output/img/google/64/1f1ec-1f1f6.png.br
2025/09/24 16:43:40 gz /tmp/work/img/google/64/1f1ec-1f1f6.png -> /output/img/google/64/1f1ec-1f1f6.png.gz
2025/09/24 16:43:40 compress: run /usr/bin/zopflipng --iterations=60 --keepchunks=iCCP --lossy_transparent --splitting=3 -my /tmp/work/img/google/64/1f1ed-1f1f0.png /tmp/work/img/google/64/1f1ed-1f1f0.png
2025/09/24 16:43:41 Optimizing /tmp/work/img/google/64/1f1ec-1f1f8.png
Input size: 4737 (4K)
Result size: 4733 (4K). Percentage of original: 99.916%
Result is smaller


2025/09/24 16:43:41 algorithm: run /usr/bin/brotli --quality=11 --output=/output/img/google/64/1f1ec-1f1f8.png.br /tmp/work/img/google/64/1f1ec-1f1f8.png
2025/09/24 16:43:41 br /tmp/work/img/google/64/1f1ec-1f1f8.png -> /output/img/google/64/1f1ec-1f1f8.png.br
2025/09/24 16:43:41 gz /tmp/work/img/google/64/1f1ec-1f1f8.png -> /output/img/google/64/1f1ec-1f1f8.png.gz
2025/09/24 16:43:41 compress: run /usr/bin/zopflipng --iterations=60 --keepchunks=iCCP --lossy_transparent --splitting=3 -my /tmp/work/img/google/64/1f1ed-1f1f2.png /tmp/work/img/google/64/1f1ed-1f1f2.png
2025/09/24 16:43:42 Optimizing /tmp/work/img/google/64/1f1ec-1f1f7.png
Input size: 4520 (4K)
Result size: 4514 (4K). Percentage of original: 99.867%
Result is smaller


2025/09/24 16:43:42 algorithm: run /usr/bin/brotli --quality=11 --output=/output/img/google/64/1f1ec-1f1f7.png.br /tmp/work/img/google/64/1f1ec-1f1f7.png
2025/09/24 16:43:42 br /tmp/work/img/google/64/1f1ec-1f1f7.png -> /output/img/google/64/1f1ec-1f1f7.png.br
2025/09/24 16:43:42 gz /tmp/work/img/google/64/1f1ec-1f1f7.png -> /output/img/google/64/1f1ec-1f1f7.png.gz
2025/09/24 16:43:42 compress: run /usr/bin/zopflipng --iterations=60 --keepchunks=iCCP --lossy_transparent --splitting=3 -my /tmp/work/img/google/64/1f1ed-1f1f3.png /tmp/work/img/google/64/1f1ed-1f1f3.png
2025/09/24 16:43:44 Optimizing /tmp/work/img/google/64/1f1ec-1f1fa.png
Input size: 2857 (2K)
Result size: 2852 (2K). Percentage of original: 99.825%
Result is smaller


2025/09/24 16:43:44 algorithm: run /usr/bin/brotli --quality=11 --output=/output/img/google/64/1f1ec-1f1fa.png.br /tmp/work/img/google/64/1f1ec-1f1fa.png
2025/09/24 16:43:44 br /tmp/work/img/google/64/1f1ec-1f1fa.png -> /output/img/google/64/1f1ec-1f1fa.png.br
2025/09/24 16:43:44 gz /tmp/work/img/google/64/1f1ec-1f1fa.png -> /output/img/google/64/1f1ec-1f1fa.png.gz
2025/09/24 16:43:44 compress: run /usr/bin/zopflipng --iterations=60 --keepchunks=iCCP --lossy_transparent --splitting=3 -my /tmp/work/img/google/64/1f1ed-1f1f7.png /tmp/work/img/google/64/1f1ed-1f1f7.png
2025/09/24 16:43:44 Optimizing /tmp/work/img/google/64/1f1ec-1f1fc.png
Input size: 2613 (2K)
Result size: 2611 (2K). Percentage of original: 99.923%
Result is smaller


2025/09/24 16:43:44 algorithm: run /usr/bin/brotli --quality=11 --output=/output/img/google/64/1f1ec-1f1fc.png.br /tmp/work/img/google/64/1f1ec-1f1fc.png
2025/09/24 16:43:44 br /tmp/work/img/google/64/1f1ec-1f1fc.png -> /output/img/google/64/1f1ec-1f1fc.png.br
2025/09/24 16:43:44 gz /tmp/work/img/google/64/1f1ec-1f1fc.png -> /output/img/google/64/1f1ec-1f1fc.png.gz
2025/09/24 16:43:44 compress: run /usr/bin/zopflipng --iterations=60 --keepchunks=iCCP --lossy_transparent --splitting=3 -my /tmp/work/img/google/64/1f1ed-1f1f9.png /tmp/work/img/google/64/1f1ed-1f1f9.png
2025/09/24 16:43:45 Optimizing /tmp/work/img/google/64/1f1ec-1f1fe.png
Input size: 4257 (4K)
Result size: 4245 (4K). Percentage of original: 99.718%
Result is smaller


2025/09/24 16:43:45 algorithm: run /usr/bin/brotli --quality=11 --output=/output/img/google/64/1f1ec-1f1fe.png.br /tmp/work/img/google/64/1f1ec-1f1fe.png
2025/09/24 16:43:45 br /tmp/work/img/google/64/1f1ec-1f1fe.png -> /output/img/google/64/1f1ec-1f1fe.png.br
2025/09/24 16:43:45 gz /tmp/work/img/google/64/1f1ec-1f1fe.png -> /output/img/google/64/1f1ec-1f1fe.png.gz
2025/09/24 16:43:45 compress: run /usr/bin/zopflipng --iterations=60 --keepchunks=iCCP --lossy_transparent --splitting=3 -my /tmp/work/img/google/64/1f1ed-1f1fa.png /tmp/work/img/google/64/1f1ed-1f1fa.png
2025/09/24 16:43:45 Optimizing /tmp/work/img/google/64/1f1ed-1f1f0.png
Input size: 3155 (3K)
Result size: 3147 (3K). Percentage of original: 99.746%
Result is smaller


2025/09/24 16:43:45 algorithm: run /usr/bin/brotli --quality=11 --output=/output/img/google/64/1f1ed-1f1f0.png.br /tmp/work/img/google/64/1f1ed-1f1f0.png
2025/09/24 16:43:45 br /tmp/work/img/google/64/1f1ed-1f1f0.png -> /output/img/google/64/1f1ed-1f1f0.png.br
2025/09/24 16:43:45 gz /tmp/work/img/google/64/1f1ed-1f1f0.png -> /output/img/google/64/1f1ed-1f1f0.png.gz
2025/09/24 16:43:45 compress: run /usr/bin/zopflipng --iterations=60 --keepchunks=iCCP --lossy_transparent --splitting=3 -my /tmp/work/img/google/64/1f1ee-1f1e8.png /tmp/work/img/google/64/1f1ee-1f1e8.png
2025/09/24 16:43:46 Optimizing /tmp/work/img/google/64/1f1ec-1f1f3.png
Input size: 2098 (2K)
Result size: 2089 (2K). Percentage of original: 99.571%
Result is smaller


2025/09/24 16:43:46 algorithm: run /usr/bin/brotli --quality=11 --output=/output/img/google/64/1f1ec-1f1f3.png.br /tmp/work/img/google/64/1f1ec-1f1f3.png
2025/09/24 16:43:46 br /tmp/work/img/google/64/1f1ec-1f1f3.png -> /output/img/google/64/1f1ec-1f1f3.png.br
2025/09/24 16:43:46 gz /tmp/work/img/google/64/1f1ec-1f1f3.png -> /output/img/google/64/1f1ec-1f1f3.png.gz
2025/09/24 16:43:46 compress: run /usr/bin/zopflipng --iterations=60 --keepchunks=iCCP --lossy_transparent --splitting=3 -my /tmp/work/img/google/64/1f1ee-1f1e9.png /tmp/work/img/google/64/1f1ee-1f1e9.png
2025/09/24 16:43:47 Optimizing /tmp/work/img/google/64/1f1ed-1f1f2.png
Input size: 3733 (3K)
Result size: 3728 (3K). Percentage of original: 99.866%
Result is smaller


2025/09/24 16:43:47 algorithm: run /usr/bin/brotli --quality=11 --output=/output/img/google/64/1f1ed-1f1f2.png.br /tmp/work/img/google/64/1f1ed-1f1f2.png
2025/09/24 16:43:47 br /tmp/work/img/google/64/1f1ed-1f1f2.png -> /output/img/google/64/1f1ed-1f1f2.png.br
2025/09/24 16:43:47 gz /tmp/work/img/google/64/1f1ed-1f1f2.png -> /output/img/google/64/1f1ed-1f1f2.png.gz
2025/09/24 16:43:47 compress: run /usr/bin/zopflipng --iterations=60 --keepchunks=iCCP --lossy_transparent --splitting=3 -my /tmp/work/img/google/64/1f1ee-1f1ea.png /tmp/work/img/google/64/1f1ee-1f1ea.png
2025/09/24 16:43:47 Optimizing /tmp/work/img/google/64/1f1ed-1f1f3.png
Input size: 2747 (2K)
Result size: 2742 (2K). Percentage of original: 99.818%
Result is smaller


2025/09/24 16:43:47 algorithm: run /usr/bin/brotli --quality=11 --output=/output/img/google/64/1f1ed-1f1f3.png.br /tmp/work/img/google/64/1f1ed-1f1f3.png
2025/09/24 16:43:47 br /tmp/work/img/google/64/1f1ed-1f1f3.png -> /output/img/google/64/1f1ed-1f1f3.png.br
2025/09/24 16:43:47 gz /tmp/work/img/google/64/1f1ed-1f1f3.png -> /output/img/google/64/1f1ed-1f1f3.png.gz
2025/09/24 16:43:47 compress: run /usr/bin/zopflipng --iterations=60 --keepchunks=iCCP --lossy_transparent --splitting=3 -my /tmp/work/img/google/64/1f1ee-1f1f1.png /tmp/work/img/google/64/1f1ee-1f1f1.png
2025/09/24 16:43:48 Optimizing /tmp/work/img/google/64/1f1ed-1f1f7.png
Input size: 2963 (2K)
Result size: 2951 (2K). Percentage of original: 99.595%
Result is smaller


2025/09/24 16:43:48 algorithm: run /usr/bin/brotli --quality=11 --output=/output/img/google/64/1f1ed-1f1f7.png.br /tmp/work/img/google/64/1f1ed-1f1f7.png
2025/09/24 16:43:48 br /tmp/work/img/google/64/1f1ed-1f1f7.png -> /output/img/google/64/1f1ed-1f1f7.png.br
2025/09/24 16:43:48 gz /tmp/work/img/google/64/1f1ed-1f1f7.png -> /output/img/google/64/1f1ed-1f1f7.png.gz
2025/09/24 16:43:48 compress: run /usr/bin/zopflipng --iterations=60 --keepchunks=iCCP --lossy_transparent --splitting=3 -my /tmp/work/img/google/64/1f1ee-1f1f2.png /tmp/work/img/google/64/1f1ee-1f1f2.png
2025/09/24 16:43:49 Optimizing /tmp/work/img/google/64/1f1ec-1f1f9.png
Input size: 2830 (2K)
Result size: 2807 (2K). Percentage of original: 99.187%
Result is smaller


2025/09/24 16:43:49 algorithm: run /usr/bin/brotli --quality=11 --output=/output/img/google/64/1f1ec-1f1f9.png.br /tmp/work/img/google/64/1f1ec-1f1f9.png
2025/09/24 16:43:49 br /tmp/work/img/google/64/1f1ec-1f1f9.png -> /output/img/google/64/1f1ec-1f1f9.png.br
2025/09/24 16:43:49 gz /tmp/work/img/google/64/1f1ec-1f1f9.png -> /output/img/google/64/1f1ec-1f1f9.png.gz
2025/09/24 16:43:49 compress: run /usr/bin/zopflipng --iterations=60 --keepchunks=iCCP --lossy_transparent --splitting=3 -my /tmp/work/img/google/64/1f1ee-1f1f3.png /tmp/work/img/google/64/1f1ee-1f1f3.png
2025/09/24 16:43:49 Optimizing /tmp/work/img/google/64/1f1ed-1f1f9.png
Input size: 2677 (2K)
Result size: 2670 (2K). Percentage of original: 99.739%
Result is smaller


2025/09/24 16:43:49 algorithm: run /usr/bin/brotli --quality=11 --output=/output/img/google/64/1f1ed-1f1f9.png.br /tmp/work/img/google/64/1f1ed-1f1f9.png
2025/09/24 16:43:49 br /tmp/work/img/google/64/1f1ed-1f1f9.png -> /output/img/google/64/1f1ed-1f1f9.png.br
2025/09/24 16:43:49 gz /tmp/work/img/google/64/1f1ed-1f1f9.png -> /output/img/google/64/1f1ed-1f1f9.png.gz
2025/09/24 16:43:49 compress: run /usr/bin/zopflipng --iterations=60 --keepchunks=iCCP --lossy_transparent --splitting=3 -my /tmp/work/img/google/64/1f1ee-1f1f4.png /tmp/work/img/google/64/1f1ee-1f1f4.png
2025/09/24 16:43:50 Optimizing /tmp/work/img/google/64/1f1ed-1f1fa.png
Input size: 2576 (2K)
Result size: 2571 (2K). Percentage of original: 99.806%
Result is smaller


2025/09/24 16:43:50 algorithm: run /usr/bin/brotli --quality=11 --output=/output/img/google/64/1f1ed-1f1fa.png.br /tmp/work/img/google/64/1f1ed-1f1fa.png
2025/09/24 16:43:50 br /tmp/work/img/google/64/1f1ed-1f1fa.png -> /output/img/google/64/1f1ed-1f1fa.png.br
2025/09/24 16:43:50 gz /tmp/work/img/google/64/1f1ed-1f1fa.png -> /output/img/google/64/1f1ed-1f1fa.png.gz
2025/09/24 16:43:50 compress: run /usr/bin/zopflipng --iterations=60 --keepchunks=iCCP --lossy_transparent --splitting=3 -my /tmp/work/img/google/64/1f1ee-1f1f6.png /tmp/work/img/google/64/1f1ee-1f1f6.png
2025/09/24 16:43:50 Optimizing /tmp/work/img/google/64/1f1ee-1f1e8.png
Input size: 1890 (1K)
Result size: 1882 (1K). Percentage of original: 99.577%
Result is smaller


2025/09/24 16:43:50 algorithm: run /usr/bin/brotli --quality=11 --output=/output/img/google/64/1f1ee-1f1e8.png.br /tmp/work/img/google/64/1f1ee-1f1e8.png
2025/09/24 16:43:50 br /tmp/work/img/google/64/1f1ee-1f1e8.png -> /output/img/google/64/1f1ee-1f1e8.png.br
2025/09/24 16:43:50 gz /tmp/work/img/google/64/1f1ee-1f1e8.png -> /output/img/google/64/1f1ee-1f1e8.png.gz
2025/09/24 16:43:50 compress: run /usr/bin/zopflipng --iterations=60 --keepchunks=iCCP --lossy_transparent --splitting=3 -my /tmp/work/img/google/64/1f1ee-1f1f7.png /tmp/work/img/google/64/1f1ee-1f1f7.png
2025/09/24 16:43:52 Optimizing /tmp/work/img/google/64/1f1ee-1f1e9.png
Input size: 1507 (1K)
Result size: 1507 (1K). Percentage of original: 100.000%
Result has exact same size


2025/09/24 16:43:52 algorithm: run /usr/bin/brotli --quality=11 --output=/output/img/google/64/1f1ee-1f1e9.png.br /tmp/work/img/google/64/1f1ee-1f1e9.png
2025/09/24 16:43:52 br /tmp/work/img/google/64/1f1ee-1f1e9.png -> /output/img/google/64/1f1ee-1f1e9.png.br
2025/09/24 16:43:52 gz /tmp/work/img/google/64/1f1ee-1f1e9.png -> /output/img/google/64/1f1ee-1f1e9.png.gz
2025/09/24 16:43:52 compress: run /usr/bin/zopflipng --iterations=60 --keepchunks=iCCP --lossy_transparent --splitting=3 -my /tmp/work/img/google/64/1f1ee-1f1f8.png /tmp/work/img/google/64/1f1ee-1f1f8.png
2025/09/24 16:43:52 Optimizing /tmp/work/img/google/64/1f1ee-1f1f1.png
Input size: 3732 (3K)
Result size: 3717 (3K). Percentage of original: 99.598%
Result is smaller


2025/09/24 16:43:52 algorithm: run /usr/bin/brotli --quality=11 --output=/output/img/google/64/1f1ee-1f1f1.png.br /tmp/work/img/google/64/1f1ee-1f1f1.png
2025/09/24 16:43:52 br /tmp/work/img/google/64/1f1ee-1f1f1.png -> /output/img/google/64/1f1ee-1f1f1.png.br
2025/09/24 16:43:52 gz /tmp/work/img/google/64/1f1ee-1f1f1.png -> /output/img/google/64/1f1ee-1f1f1.png.gz
2025/09/24 16:43:52 compress: run /usr/bin/zopflipng --iterations=60 --keepchunks=iCCP --lossy_transparent --splitting=3 -my /tmp/work/img/google/64/1f1ee-1f1f9.png /tmp/work/img/google/64/1f1ee-1f1f9.png
2025/09/24 16:43:53 Optimizing /tmp/work/img/google/64/1f1ee-1f1f4.png
Input size: 7757 (7K)
Result size: 7739 (7K). Percentage of original: 99.768%
Result is smaller


2025/09/24 16:43:53 algorithm: run /usr/bin/brotli --quality=11 --output=/output/img/google/64/1f1ee-1f1f4.png.br /tmp/work/img/google/64/1f1ee-1f1f4.png
2025/09/24 16:43:53 br /tmp/work/img/google/64/1f1ee-1f1f4.png -> /output/img/google/64/1f1ee-1f1f4.png.br
2025/09/24 16:43:53 gz /tmp/work/img/google/64/1f1ee-1f1f4.png -> /output/img/google/64/1f1ee-1f1f4.png.gz
2025/09/24 16:43:53 compress: run /usr/bin/zopflipng --iterations=60 --keepchunks=iCCP --lossy_transparent --splitting=3 -my /tmp/work/img/google/64/1f1ef-1f1ea.png /tmp/work/img/google/64/1f1ef-1f1ea.png
2025/09/24 16:43:53 Optimizing /tmp/work/img/google/64/1f1ee-1f1f2.png
Input size: 2917 (2K)
Result size: 2911 (2K). Percentage of original: 99.794%
Result is smaller


2025/09/24 16:43:53 algorithm: run /usr/bin/brotli --quality=11 --output=/output/img/google/64/1f1ee-1f1f2.png.br /tmp/work/img/google/64/1f1ee-1f1f2.png
2025/09/24 16:43:53 br /tmp/work/img/google/64/1f1ee-1f1f2.png -> /output/img/google/64/1f1ee-1f1f2.png.br
2025/09/24 16:43:53 gz /tmp/work/img/google/64/1f1ee-1f1f2.png -> /output/img/google/64/1f1ee-1f1f2.png.gz
2025/09/24 16:43:53 compress: run /usr/bin/zopflipng --iterations=60 --keepchunks=iCCP --lossy_transparent --splitting=3 -my /tmp/work/img/google/64/1f1ef-1f1f2.png /tmp/work/img/google/64/1f1ef-1f1f2.png
2025/09/24 16:43:54 Optimizing /tmp/work/img/google/64/1f1ee-1f1f3.png
Input size: 2887 (2K)
Result size: 2881 (2K). Percentage of original: 99.792%
Result is smaller


2025/09/24 16:43:54 algorithm: run /usr/bin/brotli --quality=11 --output=/output/img/google/64/1f1ee-1f1f3.png.br /tmp/work/img/google/64/1f1ee-1f1f3.png
2025/09/24 16:43:54 br /tmp/work/img/google/64/1f1ee-1f1f3.png -> /output/img/google/64/1f1ee-1f1f3.png.br
2025/09/24 16:43:54 gz /tmp/work/img/google/64/1f1ee-1f1f3.png -> /output/img/google/64/1f1ee-1f1f3.png.gz
2025/09/24 16:43:54 compress: run /usr/bin/zopflipng --iterations=60 --keepchunks=iCCP --lossy_transparent --splitting=3 -my /tmp/work/img/google/64/1f1ef-1f1f4.png /tmp/work/img/google/64/1f1ef-1f1f4.png
2025/09/24 16:43:55 Optimizing /tmp/work/img/google/64/1f1ee-1f1f7.png
Input size: 2987 (2K)
Result size: 2979 (2K). Percentage of original: 99.732%
Result is smaller


2025/09/24 16:43:55 algorithm: run /usr/bin/brotli --quality=11 --output=/output/img/google/64/1f1ee-1f1f7.png.br /tmp/work/img/google/64/1f1ee-1f1f7.png
2025/09/24 16:43:55 br /tmp/work/img/google/64/1f1ee-1f1f7.png -> /output/img/google/64/1f1ee-1f1f7.png.br
2025/09/24 16:43:55 gz /tmp/work/img/google/64/1f1ee-1f1f7.png -> /output/img/google/64/1f1ee-1f1f7.png.gz
2025/09/24 16:43:55 compress: run /usr/bin/zopflipng --iterations=60 --keepchunks=iCCP --lossy_transparent --splitting=3 -my /tmp/work/img/google/64/1f1ef-1f1f5.png /tmp/work/img/google/64/1f1ef-1f1f5.png
2025/09/24 16:43:57 Optimizing /tmp/work/img/google/64/1f1ee-1f1f8.png
Input size: 3535 (3K)
Result size: 3532 (3K). Percentage of original: 99.915%
Result is smaller


2025/09/24 16:43:57 algorithm: run /usr/bin/brotli --quality=11 --output=/output/img/google/64/1f1ee-1f1f8.png.br /tmp/work/img/google/64/1f1ee-1f1f8.png
2025/09/24 16:43:57 br /tmp/work/img/google/64/1f1ee-1f1f8.png -> /output/img/google/64/1f1ee-1f1f8.png.br
2025/09/24 16:43:57 gz /tmp/work/img/google/64/1f1ee-1f1f8.png -> /output/img/google/64/1f1ee-1f1f8.png.gz
2025/09/24 16:43:57 compress: run /usr/bin/zopflipng --iterations=60 --keepchunks=iCCP --lossy_transparent --splitting=3 -my /tmp/work/img/google/64/1f1f0-1f1ea.png /tmp/work/img/google/64/1f1f0-1f1ea.png
2025/09/24 16:43:57 Optimizing /tmp/work/img/google/64/1f1ee-1f1f6.png
Input size: 2605 (2K)
Result size: 2587 (2K). Percentage of original: 99.309%
Result is smaller


2025/09/24 16:43:57 algorithm: run /usr/bin/brotli --quality=11 --output=/output/img/google/64/1f1ee-1f1f6.png.br /tmp/work/img/google/64/1f1ee-1f1f6.png
2025/09/24 16:43:57 br /tmp/work/img/google/64/1f1ee-1f1f6.png -> /output/img/google/64/1f1ee-1f1f6.png.br
2025/09/24 16:43:57 gz /tmp/work/img/google/64/1f1ee-1f1f6.png -> /output/img/google/64/1f1ee-1f1f6.png.gz
2025/09/24 16:43:57 compress: run /usr/bin/zopflipng --iterations=60 --keepchunks=iCCP --lossy_transparent --splitting=3 -my /tmp/work/img/google/64/1f1f0-1f1ec.png /tmp/work/img/google/64/1f1f0-1f1ec.png
2025/09/24 16:43:58 Optimizing /tmp/work/img/google/64/1f1ef-1f1ea.png
Input size: 4010 (3K)
Result size: 4008 (3K). Percentage of original: 99.950%
Result is smaller


2025/09/24 16:43:58 algorithm: run /usr/bin/brotli --quality=11 --output=/output/img/google/64/1f1ef-1f1ea.png.br /tmp/work/img/google/64/1f1ef-1f1ea.png
2025/09/24 16:43:58 Optimizing /tmp/work/img/google/64/1f1ef-1f1f4.png
Input size: 2725 (2K)
Result size: 2724 (2K). Percentage of original: 99.963%
Result is smaller


2025/09/24 16:43:58 algorithm: run /usr/bin/brotli --quality=11 --output=/output/img/google/64/1f1ef-1f1f4.png.br /tmp/work/img/google/64/1f1ef-1f1f4.png
2025/09/24 16:43:58 br /tmp/work/img/google/64/1f1ef-1f1ea.png -> /output/img/google/64/1f1ef-1f1ea.png.br
2025/09/24 16:43:58 br /tmp/work/img/google/64/1f1ef-1f1f4.png -> /output/img/google/64/1f1ef-1f1f4.png.br
2025/09/24 16:43:58 gz /tmp/work/img/google/64/1f1ef-1f1ea.png -> /output/img/google/64/1f1ef-1f1ea.png.gz
2025/09/24 16:43:58 compress: run /usr/bin/zopflipng --iterations=60 --keepchunks=iCCP --lossy_transparent --splitting=3 -my /tmp/work/img/google/64/1f1f0-1f1ed.png /tmp/work/img/google/64/1f1f0-1f1ed.png
2025/09/24 16:43:58 gz /tmp/work/img/google/64/1f1ef-1f1f4.png -> /output/img/google/64/1f1ef-1f1f4.png.gz
2025/09/24 16:43:58 compress: run /usr/bin/zopflipng --iterations=60 --keepchunks=iCCP --lossy_transparent --splitting=3 -my /tmp/work/img/google/64/1f1f0-1f1ee.png /tmp/work/img/google/64/1f1f0-1f1ee.png
2025/09/24 16:43:59 Optimizing /tmp/work/img/google/64/1f1ee-1f1ea.png
Input size: 2077 (2K)
Result size: 2062 (2K). Percentage of original: 99.278%
Result is smaller


2025/09/24 16:43:59 algorithm: run /usr/bin/brotli --quality=11 --output=/output/img/google/64/1f1ee-1f1ea.png.br /tmp/work/img/google/64/1f1ee-1f1ea.png
2025/09/24 16:43:59 br /tmp/work/img/google/64/1f1ee-1f1ea.png -> /output/img/google/64/1f1ee-1f1ea.png.br
2025/09/24 16:43:59 gz /tmp/work/img/google/64/1f1ee-1f1ea.png -> /output/img/google/64/1f1ee-1f1ea.png.gz
2025/09/24 16:43:59 compress: run /usr/bin/zopflipng --iterations=60 --keepchunks=iCCP --lossy_transparent --splitting=3 -my /tmp/work/img/google/64/1f1f0-1f1f2.png /tmp/work/img/google/64/1f1f0-1f1f2.png
2025/09/24 16:43:59 Optimizing /tmp/work/img/google/64/1f1ef-1f1f2.png
Input size: 3245 (3K)
Result size: 3193 (3K). Percentage of original: 98.398%
Result is smaller


2025/09/24 16:43:59 algorithm: run /usr/bin/brotli --quality=11 --output=/output/img/google/64/1f1ef-1f1f2.png.br /tmp/work/img/google/64/1f1ef-1f1f2.png
2025/09/24 16:43:59 br /tmp/work/img/google/64/1f1ef-1f1f2.png -> /output/img/google/64/1f1ef-1f1f2.png.br
2025/09/24 16:43:59 gz /tmp/work/img/google/64/1f1ef-1f1f2.png -> /output/img/google/64/1f1ef-1f1f2.png.gz
2025/09/24 16:43:59 compress: run /usr/bin/zopflipng --iterations=60 --keepchunks=iCCP --lossy_transparent --splitting=3 -my /tmp/work/img/google/64/1f1f0-1f1f3.png /tmp/work/img/google/64/1f1f0-1f1f3.png
2025/09/24 16:44:00 Optimizing /tmp/work/img/google/64/1f1ef-1f1f5.png
Input size: 2097 (2K)
Result size: 2091 (2K). Percentage of original: 99.714%
Result is smaller


2025/09/24 16:44:00 algorithm: run /usr/bin/brotli --quality=11 --output=/output/img/google/64/1f1ef-1f1f5.png.br /tmp/work/img/google/64/1f1ef-1f1f5.png
2025/09/24 16:44:01 br /tmp/work/img/google/64/1f1ef-1f1f5.png -> /output/img/google/64/1f1ef-1f1f5.png.br
2025/09/24 16:44:01 gz /tmp/work/img/google/64/1f1ef-1f1f5.png -> /output/img/google/64/1f1ef-1f1f5.png.gz
2025/09/24 16:44:01 compress: run /usr/bin/zopflipng --iterations=60 --keepchunks=iCCP --lossy_transparent --splitting=3 -my /tmp/work/img/google/64/1f1f0-1f1f5.png /tmp/work/img/google/64/1f1f0-1f1f5.png
2025/09/24 16:44:03 Optimizing /tmp/work/img/google/64/1f1f0-1f1ec.png
Input size: 3079 (3K)
Result size: 3071 (2K). Percentage of original: 99.740%
Result is smaller


2025/09/24 16:44:03 algorithm: run /usr/bin/brotli --quality=11 --output=/output/img/google/64/1f1f0-1f1ec.png.br /tmp/work/img/google/64/1f1f0-1f1ec.png
2025/09/24 16:44:03 br /tmp/work/img/google/64/1f1f0-1f1ec.png -> /output/img/google/64/1f1f0-1f1ec.png.br
2025/09/24 16:44:03 gz /tmp/work/img/google/64/1f1f0-1f1ec.png -> /output/img/google/64/1f1f0-1f1ec.png.gz
2025/09/24 16:44:03 compress: run /usr/bin/zopflipng --iterations=60 --keepchunks=iCCP --lossy_transparent --splitting=3 -my /tmp/work/img/google/64/1f1f0-1f1f7.png /tmp/work/img/google/64/1f1f0-1f1f7.png
2025/09/24 16:44:03 Optimizing /tmp/work/img/google/64/1f1f0-1f1ea.png
Input size: 3204 (3K)
Result size: 3182 (3K). Percentage of original: 99.313%
Result is smaller


2025/09/24 16:44:03 algorithm: run /usr/bin/brotli --quality=11 --output=/output/img/google/64/1f1f0-1f1ea.png.br /tmp/work/img/google/64/1f1f0-1f1ea.png
2025/09/24 16:44:03 Optimizing /tmp/work/img/google/64/1f1ee-1f1f9.png
Input size: 2005 (1K)
Result size: 1995 (1K). Percentage of original: 99.501%
Result is smaller


2025/09/24 16:44:03 algorithm: run /usr/bin/brotli --quality=11 --output=/output/img/google/64/1f1ee-1f1f9.png.br /tmp/work/img/google/64/1f1ee-1f1f9.png
2025/09/24 16:44:03 br /tmp/work/img/google/64/1f1f0-1f1ea.png -> /output/img/google/64/1f1f0-1f1ea.png.br
2025/09/24 16:44:03 gz /tmp/work/img/google/64/1f1f0-1f1ea.png -> /output/img/google/64/1f1f0-1f1ea.png.gz
2025/09/24 16:44:03 compress: run /usr/bin/zopflipng --iterations=60 --keepchunks=iCCP --lossy_transparent --splitting=3 -my /tmp/work/img/google/64/1f1f0-1f1fc.png /tmp/work/img/google/64/1f1f0-1f1fc.png
2025/09/24 16:44:03 br /tmp/work/img/google/64/1f1ee-1f1f9.png -> /output/img/google/64/1f1ee-1f1f9.png.br
2025/09/24 16:44:03 gz /tmp/work/img/google/64/1f1ee-1f1f9.png -> /output/img/google/64/1f1ee-1f1f9.png.gz
2025/09/24 16:44:03 compress: run /usr/bin/zopflipng --iterations=60 --keepchunks=iCCP --lossy_transparent --splitting=3 -my /tmp/work/img/google/64/1f1f0-1f1fe.png /tmp/work/img/google/64/1f1f0-1f1fe.png
2025/09/24 16:44:03 Optimizing /tmp/work/img/google/64/1f1f0-1f1ed.png
Input size: 3464 (3K)
Result size: 3460 (3K). Percentage of original: 99.885%
Result is smaller


2025/09/24 16:44:03 algorithm: run /usr/bin/brotli --quality=11 --output=/output/img/google/64/1f1f0-1f1ed.png.br /tmp/work/img/google/64/1f1f0-1f1ed.png
2025/09/24 16:44:03 br /tmp/work/img/google/64/1f1f0-1f1ed.png -> /output/img/google/64/1f1f0-1f1ed.png.br
2025/09/24 16:44:03 gz /tmp/work/img/google/64/1f1f0-1f1ed.png -> /output/img/google/64/1f1f0-1f1ed.png.gz
2025/09/24 16:44:03 compress: run /usr/bin/zopflipng --iterations=60 --keepchunks=iCCP --lossy_transparent --splitting=3 -my /tmp/work/img/google/64/1f1f0-1f1ff.png /tmp/work/img/google/64/1f1f0-1f1ff.png
2025/09/24 16:44:04 Optimizing /tmp/work/img/google/64/1f1f0-1f1f2.png
Input size: 3867 (3K)
Result size: 3859 (3K). Percentage of original: 99.793%
Result is smaller


2025/09/24 16:44:04 algorithm: run /usr/bin/brotli --quality=11 --output=/output/img/google/64/1f1f0-1f1f2.png.br /tmp/work/img/google/64/1f1f0-1f1f2.png
2025/09/24 16:44:04 br /tmp/work/img/google/64/1f1f0-1f1f2.png -> /output/img/google/64/1f1f0-1f1f2.png.br
2025/09/24 16:44:04 gz /tmp/work/img/google/64/1f1f0-1f1f2.png -> /output/img/google/64/1f1f0-1f1f2.png.gz
2025/09/24 16:44:04 compress: run /usr/bin/zopflipng --iterations=60 --keepchunks=iCCP --lossy_transparent --splitting=3 -my /tmp/work/img/google/64/1f1f1-1f1e6.png /tmp/work/img/google/64/1f1f1-1f1e6.png
2025/09/24 16:44:04 Optimizing /tmp/work/img/google/64/1f1f0-1f1ee.png
Input size: 4957 (4K)
Result size: 4946 (4K). Percentage of original: 99.778%
Result is smaller


2025/09/24 16:44:04 algorithm: run /usr/bin/brotli --quality=11 --output=/output/img/google/64/1f1f0-1f1ee.png.br /tmp/work/img/google/64/1f1f0-1f1ee.png
2025/09/24 16:44:04 br /tmp/work/img/google/64/1f1f0-1f1ee.png -> /output/img/google/64/1f1f0-1f1ee.png.br
2025/09/24 16:44:04 gz /tmp/work/img/google/64/1f1f0-1f1ee.png -> /output/img/google/64/1f1f0-1f1ee.png.gz
2025/09/24 16:44:04 compress: run /usr/bin/zopflipng --iterations=60 --keepchunks=iCCP --lossy_transparent --splitting=3 -my /tmp/work/img/google/64/1f1f1-1f1e7.png /tmp/work/img/google/64/1f1f1-1f1e7.png
2025/09/24 16:44:04 Optimizing /tmp/work/img/google/64/1f1f0-1f1f3.png
Input size: 3805 (3K)
Result size: 3799 (3K). Percentage of original: 99.842%
Result is smaller


2025/09/24 16:44:04 algorithm: run /usr/bin/brotli --quality=11 --output=/output/img/google/64/1f1f0-1f1f3.png.br /tmp/work/img/google/64/1f1f0-1f1f3.png
2025/09/24 16:44:04 br /tmp/work/img/google/64/1f1f0-1f1f3.png -> /output/img/google/64/1f1f0-1f1f3.png.br
2025/09/24 16:44:04 gz /tmp/work/img/google/64/1f1f0-1f1f3.png -> /output/img/google/64/1f1f0-1f1f3.png.gz
2025/09/24 16:44:04 compress: run /usr/bin/zopflipng --iterations=60 --keepchunks=iCCP --lossy_transparent --splitting=3 -my /tmp/work/img/google/64/1f1f1-1f1e8.png /tmp/work/img/google/64/1f1f1-1f1e8.png
2025/09/24 16:44:06 Optimizing /tmp/work/img/google/64/1f1f0-1f1f5.png
Input size: 3806 (3K)
Result size: 3803 (3K). Percentage of original: 99.921%
Result is smaller


2025/09/24 16:44:06 algorithm: run /usr/bin/brotli --quality=11 --output=/output/img/google/64/1f1f0-1f1f5.png.br /tmp/work/img/google/64/1f1f0-1f1f5.png
2025/09/24 16:44:06 br /tmp/work/img/google/64/1f1f0-1f1f5.png -> /output/img/google/64/1f1f0-1f1f5.png.br
2025/09/24 16:44:06 gz /tmp/work/img/google/64/1f1f0-1f1f5.png -> /output/img/google/64/1f1f0-1f1f5.png.gz
2025/09/24 16:44:06 compress: run /usr/bin/zopflipng --iterations=60 --keepchunks=iCCP --lossy_transparent --splitting=3 -my /tmp/work/img/google/64/1f1f1-1f1ee.png /tmp/work/img/google/64/1f1f1-1f1ee.png
2025/09/24 16:44:08 Optimizing /tmp/work/img/google/64/1f1f0-1f1fe.png
Input size: 4493 (4K)
Result size: 4489 (4K). Percentage of original: 99.911%
Result is smaller


2025/09/24 16:44:08 algorithm: run /usr/bin/brotli --quality=11 --output=/output/img/google/64/1f1f0-1f1fe.png.br /tmp/work/img/google/64/1f1f0-1f1fe.png
2025/09/24 16:44:08 br /tmp/work/img/google/64/1f1f0-1f1fe.png -> /output/img/google/64/1f1f0-1f1fe.png.br
2025/09/24 16:44:08 gz /tmp/work/img/google/64/1f1f0-1f1fe.png -> /output/img/google/64/1f1f0-1f1fe.png.gz
2025/09/24 16:44:08 compress: run /usr/bin/zopflipng --iterations=60 --keepchunks=iCCP --lossy_transparent --splitting=3 -my /tmp/work/img/google/64/1f1f1-1f1f0.png /tmp/work/img/google/64/1f1f1-1f1f0.png
2025/09/24 16:44:09 Optimizing /tmp/work/img/google/64/1f1f1-1f1e6.png
Input size: 3058 (2K)
Result size: 3054 (2K). Percentage of original: 99.869%
Result is smaller


2025/09/24 16:44:09 algorithm: run /usr/bin/brotli --quality=11 --output=/output/img/google/64/1f1f1-1f1e6.png.br /tmp/work/img/google/64/1f1f1-1f1e6.png
2025/09/24 16:44:09 br /tmp/work/img/google/64/1f1f1-1f1e6.png -> /output/img/google/64/1f1f1-1f1e6.png.br
2025/09/24 16:44:09 gz /tmp/work/img/google/64/1f1f1-1f1e6.png -> /output/img/google/64/1f1f1-1f1e6.png.gz
2025/09/24 16:44:09 compress: run /usr/bin/zopflipng --iterations=60 --keepchunks=iCCP --lossy_transparent --splitting=3 -my /tmp/work/img/google/64/1f1f1-1f1f7.png /tmp/work/img/google/64/1f1f1-1f1f7.png
2025/09/24 16:44:09 Optimizing /tmp/work/img/google/64/1f1f1-1f1e7.png
Input size: 3303 (3K)
Result size: 3297 (3K). Percentage of original: 99.818%
Result is smaller


2025/09/24 16:44:09 algorithm: run /usr/bin/brotli --quality=11 --output=/output/img/google/64/1f1f1-1f1e7.png.br /tmp/work/img/google/64/1f1f1-1f1e7.png
2025/09/24 16:44:09 Optimizing /tmp/work/img/google/64/1f1f0-1f1ff.png
Input size: 3158 (3K)
Result size: 3153 (3K). Percentage of original: 99.842%
Result is smaller


2025/09/24 16:44:09 algorithm: run /usr/bin/brotli --quality=11 --output=/output/img/google/64/1f1f0-1f1ff.png.br /tmp/work/img/google/64/1f1f0-1f1ff.png
2025/09/24 16:44:09 br /tmp/work/img/google/64/1f1f1-1f1e7.png -> /output/img/google/64/1f1f1-1f1e7.png.br
2025/09/24 16:44:09 gz /tmp/work/img/google/64/1f1f1-1f1e7.png -> /output/img/google/64/1f1f1-1f1e7.png.gz
2025/09/24 16:44:09 compress: run /usr/bin/zopflipng --iterations=60 --keepchunks=iCCP --lossy_transparent --splitting=3 -my /tmp/work/img/google/64/1f1f1-1f1f8.png /tmp/work/img/google/64/1f1f1-1f1f8.png
2025/09/24 16:44:09 br /tmp/work/img/google/64/1f1f0-1f1ff.png -> /output/img/google/64/1f1f0-1f1ff.png.br
2025/09/24 16:44:09 gz /tmp/work/img/google/64/1f1f0-1f1ff.png -> /output/img/google/64/1f1f0-1f1ff.png.gz
2025/09/24 16:44:09 compress: run /usr/bin/zopflipng --iterations=60 --keepchunks=iCCP --lossy_transparent --splitting=3 -my /tmp/work/img/google/64/1f1f1-1f1f9.png /tmp/work/img/google/64/1f1f1-1f1f9.png
2025/09/24 16:44:09 Optimizing /tmp/work/img/google/64/1f1f0-1f1fc.png
Input size: 2479 (2K)
Result size: 2473 (2K). Percentage of original: 99.758%
Result is smaller


2025/09/24 16:44:09 algorithm: run /usr/bin/brotli --quality=11 --output=/output/img/google/64/1f1f0-1f1fc.png.br /tmp/work/img/google/64/1f1f0-1f1fc.png
2025/09/24 16:44:09 br /tmp/work/img/google/64/1f1f0-1f1fc.png -> /output/img/google/64/1f1f0-1f1fc.png.br
2025/09/24 16:44:09 gz /tmp/work/img/google/64/1f1f0-1f1fc.png -> /output/img/google/64/1f1f0-1f1fc.png.gz
2025/09/24 16:44:09 compress: run /usr/bin/zopflipng --iterations=60 --keepchunks=iCCP --lossy_transparent --splitting=3 -my /tmp/work/img/google/64/1f1f1-1f1fa.png /tmp/work/img/google/64/1f1f1-1f1fa.png
2025/09/24 16:44:10 Optimizing /tmp/work/img/google/64/1f1f0-1f1f7.png
Input size: 3431 (3K)
Result size: 3427 (3K). Percentage of original: 99.883%
Result is smaller


2025/09/24 16:44:10 algorithm: run /usr/bin/brotli --quality=11 --output=/output/img/google/64/1f1f0-1f1f7.png.br /tmp/work/img/google/64/1f1f0-1f1f7.png
2025/09/24 16:44:10 br /tmp/work/img/google/64/1f1f0-1f1f7.png -> /output/img/google/64/1f1f0-1f1f7.png.br
2025/09/24 16:44:10 gz /tmp/work/img/google/64/1f1f0-1f1f7.png -> /output/img/google/64/1f1f0-1f1f7.png.gz
2025/09/24 16:44:10 compress: run /usr/bin/zopflipng --iterations=60 --keepchunks=iCCP --lossy_transparent --splitting=3 -my /tmp/work/img/google/64/1f1f1-1f1fb.png /tmp/work/img/google/64/1f1f1-1f1fb.png
2025/09/24 16:44:11 Optimizing /tmp/work/img/google/64/1f1f1-1f1ee.png
Input size: 2640 (2K)
Result size: 2638 (2K). Percentage of original: 99.924%
Result is smaller


2025/09/24 16:44:11 algorithm: run /usr/bin/brotli --quality=11 --output=/output/img/google/64/1f1f1-1f1ee.png.br /tmp/work/img/google/64/1f1f1-1f1ee.png
2025/09/24 16:44:11 br /tmp/work/img/google/64/1f1f1-1f1ee.png -> /output/img/google/64/1f1f1-1f1ee.png.br
2025/09/24 16:44:11 gz /tmp/work/img/google/64/1f1f1-1f1ee.png -> /output/img/google/64/1f1f1-1f1ee.png.gz
2025/09/24 16:44:11 compress: run /usr/bin/zopflipng --iterations=60 --keepchunks=iCCP --lossy_transparent --splitting=3 -my /tmp/work/img/google/64/1f1f1-1f1fe.png /tmp/work/img/google/64/1f1f1-1f1fe.png
2025/09/24 16:44:12 Optimizing /tmp/work/img/google/64/1f1f1-1f1f0.png
Input size: 4215 (4K)
Result size: 4207 (4K). Percentage of original: 99.810%
Result is smaller


2025/09/24 16:44:12 algorithm: run /usr/bin/brotli --quality=11 --output=/output/img/google/64/1f1f1-1f1f0.png.br /tmp/work/img/google/64/1f1f1-1f1f0.png
2025/09/24 16:44:12 br /tmp/work/img/google/64/1f1f1-1f1f0.png -> /output/img/google/64/1f1f1-1f1f0.png.br
2025/09/24 16:44:12 gz /tmp/work/img/google/64/1f1f1-1f1f0.png -> /output/img/google/64/1f1f1-1f1f0.png.gz
2025/09/24 16:44:12 compress: run /usr/bin/zopflipng --iterations=60 --keepchunks=iCCP --lossy_transparent --splitting=3 -my /tmp/work/img/google/64/1f1f2-1f1e6.png /tmp/work/img/google/64/1f1f2-1f1e6.png
2025/09/24 16:44:13 Optimizing /tmp/work/img/google/64/1f1f1-1f1e8.png
Input size: 3051 (2K)
Result size: 3045 (2K). Percentage of original: 99.803%
Result is smaller


2025/09/24 16:44:13 algorithm: run /usr/bin/brotli --quality=11 --output=/output/img/google/64/1f1f1-1f1e8.png.br /tmp/work/img/google/64/1f1f1-1f1e8.png
2025/09/24 16:44:13 br /tmp/work/img/google/64/1f1f1-1f1e8.png -> /output/img/google/64/1f1f1-1f1e8.png.br
2025/09/24 16:44:13 gz /tmp/work/img/google/64/1f1f1-1f1e8.png -> /output/img/google/64/1f1f1-1f1e8.png.gz
2025/09/24 16:44:13 compress: run /usr/bin/zopflipng --iterations=60 --keepchunks=iCCP --lossy_transparent --splitting=3 -my /tmp/work/img/google/64/1f1f2-1f1e8.png /tmp/work/img/google/64/1f1f2-1f1e8.png
2025/09/24 16:44:14 Optimizing /tmp/work/img/google/64/1f1f1-1f1f9.png
Input size: 2703 (2K)
Result size: 2686 (2K). Percentage of original: 99.371%
Result is smaller


2025/09/24 16:44:14 algorithm: run /usr/bin/brotli --quality=11 --output=/output/img/google/64/1f1f1-1f1f9.png.br /tmp/work/img/google/64/1f1f1-1f1f9.png
2025/09/24 16:44:14 br /tmp/work/img/google/64/1f1f1-1f1f9.png -> /output/img/google/64/1f1f1-1f1f9.png.br
2025/09/24 16:44:14 gz /tmp/work/img/google/64/1f1f1-1f1f9.png -> /output/img/google/64/1f1f1-1f1f9.png.gz
2025/09/24 16:44:14 compress: run /usr/bin/zopflipng --iterations=60 --keepchunks=iCCP --lossy_transparent --splitting=3 -my /tmp/work/img/google/64/1f1f2-1f1e9.png /tmp/work/img/google/64/1f1f2-1f1e9.png
2025/09/24 16:44:14 Optimizing /tmp/work/img/google/64/1f1f1-1f1f8.png
Input size: 2808 (2K)
Result size: 2806 (2K). Percentage of original: 99.929%
Result is smaller


2025/09/24 16:44:14 algorithm: run /usr/bin/brotli --quality=11 --output=/output/img/google/64/1f1f1-1f1f8.png.br /tmp/work/img/google/64/1f1f1-1f1f8.png
2025/09/24 16:44:14 br /tmp/work/img/google/64/1f1f1-1f1f8.png -> /output/img/google/64/1f1f1-1f1f8.png.br
2025/09/24 16:44:14 gz /tmp/work/img/google/64/1f1f1-1f1f8.png -> /output/img/google/64/1f1f1-1f1f8.png.gz
2025/09/24 16:44:14 compress: run /usr/bin/zopflipng --iterations=60 --keepchunks=iCCP --lossy_transparent --splitting=3 -my /tmp/work/img/google/64/1f1f2-1f1ea.png /tmp/work/img/google/64/1f1f2-1f1ea.png
2025/09/24 16:44:14 Optimizing /tmp/work/img/google/64/1f1f1-1f1f7.png
Input size: 4989 (4K)
Result size: 4987 (4K). Percentage of original: 99.960%
Result is smaller


2025/09/24 16:44:14 algorithm: run /usr/bin/brotli --quality=11 --output=/output/img/google/64/1f1f1-1f1f7.png.br /tmp/work/img/google/64/1f1f1-1f1f7.png
2025/09/24 16:44:14 br /tmp/work/img/google/64/1f1f1-1f1f7.png -> /output/img/google/64/1f1f1-1f1f7.png.br
2025/09/24 16:44:14 gz /tmp/work/img/google/64/1f1f1-1f1f7.png -> /output/img/google/64/1f1f1-1f1f7.png.gz
2025/09/24 16:44:14 compress: run /usr/bin/zopflipng --iterations=60 --keepchunks=iCCP --lossy_transparent --splitting=3 -my /tmp/work/img/google/64/1f1f2-1f1eb.png /tmp/work/img/google/64/1f1f2-1f1eb.png
2025/09/24 16:44:15 Optimizing /tmp/work/img/google/64/1f1f1-1f1fa.png
Input size: 2438 (2K)
Result size: 2432 (2K). Percentage of original: 99.754%
Result is smaller


2025/09/24 16:44:15 algorithm: run /usr/bin/brotli --quality=11 --output=/output/img/google/64/1f1f1-1f1fa.png.br /tmp/work/img/google/64/1f1f1-1f1fa.png
2025/09/24 16:44:15 br /tmp/work/img/google/64/1f1f1-1f1fa.png -> /output/img/google/64/1f1f1-1f1fa.png.br
2025/09/24 16:44:15 gz /tmp/work/img/google/64/1f1f1-1f1fa.png -> /output/img/google/64/1f1f1-1f1fa.png.gz
2025/09/24 16:44:15 compress: run /usr/bin/zopflipng --iterations=60 --keepchunks=iCCP --lossy_transparent --splitting=3 -my /tmp/work/img/google/64/1f1f2-1f1ec.png /tmp/work/img/google/64/1f1f2-1f1ec.png
2025/09/24 16:44:16 Optimizing /tmp/work/img/google/64/1f1f1-1f1fb.png
Input size: 2631 (2K)
Result size: 2628 (2K). Percentage of original: 99.886%
Result is smaller


2025/09/24 16:44:16 algorithm: run /usr/bin/brotli --quality=11 --output=/output/img/google/64/1f1f1-1f1fb.png.br /tmp/work/img/google/64/1f1f1-1f1fb.png
2025/09/24 16:44:16 br /tmp/work/img/google/64/1f1f1-1f1fb.png -> /output/img/google/64/1f1f1-1f1fb.png.br
2025/09/24 16:44:16 gz /tmp/work/img/google/64/1f1f1-1f1fb.png -> /output/img/google/64/1f1f1-1f1fb.png.gz
2025/09/24 16:44:16 compress: run /usr/bin/zopflipng --iterations=60 --keepchunks=iCCP --lossy_transparent --splitting=3 -my /tmp/work/img/google/64/1f1f2-1f1ed.png /tmp/work/img/google/64/1f1f2-1f1ed.png
2025/09/24 16:44:16 Optimizing /tmp/work/img/google/64/1f1f1-1f1fe.png
Input size: 2419 (2K)
Result size: 2418 (2K). Percentage of original: 99.959%
Result is smaller


2025/09/24 16:44:16 algorithm: run /usr/bin/brotli --quality=11 --output=/output/img/google/64/1f1f1-1f1fe.png.br /tmp/work/img/google/64/1f1f1-1f1fe.png
2025/09/24 16:44:16 br /tmp/work/img/google/64/1f1f1-1f1fe.png -> /output/img/google/64/1f1f1-1f1fe.png.br
2025/09/24 16:44:16 gz /tmp/work/img/google/64/1f1f1-1f1fe.png -> /output/img/google/64/1f1f1-1f1fe.png.gz
2025/09/24 16:44:16 compress: run /usr/bin/zopflipng --iterations=60 --keepchunks=iCCP --lossy_transparent --splitting=3 -my /tmp/work/img/google/64/1f1f2-1f1f0.png /tmp/work/img/google/64/1f1f2-1f1f0.png
2025/09/24 16:44:18 Optimizing /tmp/work/img/google/64/1f1f2-1f1e6.png
Input size: 2297 (2K)
Result size: 2289 (2K). Percentage of original: 99.652%
Result is smaller


2025/09/24 16:44:18 algorithm: run /usr/bin/brotli --quality=11 --output=/output/img/google/64/1f1f2-1f1e6.png.br /tmp/work/img/google/64/1f1f2-1f1e6.png
2025/09/24 16:44:18 br /tmp/work/img/google/64/1f1f2-1f1e6.png -> /output/img/google/64/1f1f2-1f1e6.png.br
2025/09/24 16:44:18 gz /tmp/work/img/google/64/1f1f2-1f1e6.png -> /output/img/google/64/1f1f2-1f1e6.png.gz
2025/09/24 16:44:18 compress: run /usr/bin/zopflipng --iterations=60 --keepchunks=iCCP --lossy_transparent --splitting=3 -my /tmp/work/img/google/64/1f1f2-1f1f1.png /tmp/work/img/google/64/1f1f2-1f1f1.png
2025/09/24 16:44:18 Optimizing /tmp/work/img/google/64/1f1f2-1f1e8.png
Input size: 2101 (2K)
Result size: 2098 (2K). Percentage of original: 99.857%
Result is smaller


2025/09/24 16:44:18 algorithm: run /usr/bin/brotli --quality=11 --output=/output/img/google/64/1f1f2-1f1e8.png.br /tmp/work/img/google/64/1f1f2-1f1e8.png
2025/09/24 16:44:18 br /tmp/work/img/google/64/1f1f2-1f1e8.png -> /output/img/google/64/1f1f2-1f1e8.png.br
2025/09/24 16:44:18 gz /tmp/work/img/google/64/1f1f2-1f1e8.png -> /output/img/google/64/1f1f2-1f1e8.png.gz
2025/09/24 16:44:18 compress: run /usr/bin/zopflipng --iterations=60 --keepchunks=iCCP --lossy_transparent --splitting=3 -my /tmp/work/img/google/64/1f1f2-1f1f2.png /tmp/work/img/google/64/1f1f2-1f1f2.png
2025/09/24 16:44:19 Optimizing /tmp/work/img/google/64/1f1f2-1f1e9.png
Input size: 2903 (2K)
Result size: 2897 (2K). Percentage of original: 99.793%
Result is smaller


2025/09/24 16:44:19 algorithm: run /usr/bin/brotli --quality=11 --output=/output/img/google/64/1f1f2-1f1e9.png.br /tmp/work/img/google/64/1f1f2-1f1e9.png
2025/09/24 16:44:19 br /tmp/work/img/google/64/1f1f2-1f1e9.png -> /output/img/google/64/1f1f2-1f1e9.png.br
2025/09/24 16:44:19 gz /tmp/work/img/google/64/1f1f2-1f1e9.png -> /output/img/google/64/1f1f2-1f1e9.png.gz
2025/09/24 16:44:19 compress: run /usr/bin/zopflipng --iterations=60 --keepchunks=iCCP --lossy_transparent --splitting=3 -my /tmp/work/img/google/64/1f1f2-1f1f3.png /tmp/work/img/google/64/1f1f2-1f1f3.png
2025/09/24 16:44:20 Optimizing /tmp/work/img/google/64/1f1f2-1f1ea.png
Input size: 3114 (3K)
Result size: 3108 (3K). Percentage of original: 99.807%
Result is smaller


2025/09/24 16:44:20 algorithm: run /usr/bin/brotli --quality=11 --output=/output/img/google/64/1f1f2-1f1ea.png.br /tmp/work/img/google/64/1f1f2-1f1ea.png
2025/09/24 16:44:20 br /tmp/work/img/google/64/1f1f2-1f1ea.png -> /output/img/google/64/1f1f2-1f1ea.png.br
2025/09/24 16:44:20 gz /tmp/work/img/google/64/1f1f2-1f1ea.png -> /output/img/google/64/1f1f2-1f1ea.png.gz
2025/09/24 16:44:20 compress: run /usr/bin/zopflipng --iterations=60 --keepchunks=iCCP --lossy_transparent --splitting=3 -my /tmp/work/img/google/64/1f1f2-1f1f4.png /tmp/work/img/google/64/1f1f2-1f1f4.png
2025/09/24 16:44:20 Optimizing /tmp/work/img/google/64/1f1f2-1f1ec.png
Input size: 1987 (1K)
Result size: 1984 (1K). Percentage of original: 99.849%
Result is smaller


2025/09/24 16:44:20 algorithm: run /usr/bin/brotli --quality=11 --output=/output/img/google/64/1f1f2-1f1ec.png.br /tmp/work/img/google/64/1f1f2-1f1ec.png
2025/09/24 16:44:20 br /tmp/work/img/google/64/1f1f2-1f1ec.png -> /output/img/google/64/1f1f2-1f1ec.png.br
2025/09/24 16:44:20 gz /tmp/work/img/google/64/1f1f2-1f1ec.png -> /output/img/google/64/1f1f2-1f1ec.png.gz
2025/09/24 16:44:20 compress: run /usr/bin/zopflipng --iterations=60 --keepchunks=iCCP --lossy_transparent --splitting=3 -my /tmp/work/img/google/64/1f1f2-1f1f5.png /tmp/work/img/google/64/1f1f2-1f1f5.png
2025/09/24 16:44:20 Optimizing /tmp/work/img/google/64/1f1f2-1f1ed.png
Input size: 3892 (3K)
Result size: 3889 (3K). Percentage of original: 99.923%
Result is smaller


2025/09/24 16:44:20 algorithm: run /usr/bin/brotli --quality=11 --output=/output/img/google/64/1f1f2-1f1ed.png.br /tmp/work/img/google/64/1f1f2-1f1ed.png
2025/09/24 16:44:20 br /tmp/work/img/google/64/1f1f2-1f1ed.png -> /output/img/google/64/1f1f2-1f1ed.png.br
2025/09/24 16:44:20 gz /tmp/work/img/google/64/1f1f2-1f1ed.png -> /output/img/google/64/1f1f2-1f1ed.png.gz
2025/09/24 16:44:20 compress: run /usr/bin/zopflipng --iterations=60 --keepchunks=iCCP --lossy_transparent --splitting=3 -my /tmp/work/img/google/64/1f1f2-1f1f6.png /tmp/work/img/google/64/1f1f2-1f1f6.png
2025/09/24 16:44:21 Optimizing /tmp/work/img/google/64/1f1f2-1f1f0.png
Input size: 3642 (3K)
Result size: 3637 (3K). Percentage of original: 99.863%
Result is smaller


2025/09/24 16:44:21 algorithm: run /usr/bin/brotli --quality=11 --output=/output/img/google/64/1f1f2-1f1f0.png.br /tmp/work/img/google/64/1f1f2-1f1f0.png
2025/09/24 16:44:21 br /tmp/work/img/google/64/1f1f2-1f1f0.png -> /output/img/google/64/1f1f2-1f1f0.png.br
2025/09/24 16:44:21 gz /tmp/work/img/google/64/1f1f2-1f1f0.png -> /output/img/google/64/1f1f2-1f1f0.png.gz
2025/09/24 16:44:21 compress: run /usr/bin/zopflipng --iterations=60 --keepchunks=iCCP --lossy_transparent --splitting=3 -my /tmp/work/img/google/64/1f1f2-1f1f7.png /tmp/work/img/google/64/1f1f2-1f1f7.png
2025/09/24 16:44:22 Optimizing /tmp/work/img/google/64/1f1f2-1f1f2.png
Input size: 3313 (3K)
Result size: 3307 (3K). Percentage of original: 99.819%
Result is smaller


2025/09/24 16:44:22 algorithm: run /usr/bin/brotli --quality=11 --output=/output/img/google/64/1f1f2-1f1f2.png.br /tmp/work/img/google/64/1f1f2-1f1f2.png
2025/09/24 16:44:22 br /tmp/work/img/google/64/1f1f2-1f1f2.png -> /output/img/google/64/1f1f2-1f1f2.png.br
2025/09/24 16:44:22 gz /tmp/work/img/google/64/1f1f2-1f1f2.png -> /output/img/google/64/1f1f2-1f1f2.png.gz
2025/09/24 16:44:22 compress: run /usr/bin/zopflipng --iterations=60 --keepchunks=iCCP --lossy_transparent --splitting=3 -my /tmp/work/img/google/64/1f1f2-1f1f8.png /tmp/work/img/google/64/1f1f2-1f1f8.png
2025/09/24 16:44:25 Optimizing /tmp/work/img/google/64/1f1f2-1f1f3.png
Input size: 2898 (2K)
Result size: 2893 (2K). Percentage of original: 99.827%
Result is smaller


2025/09/24 16:44:25 algorithm: run /usr/bin/brotli --quality=11 --output=/output/img/google/64/1f1f2-1f1f3.png.br /tmp/work/img/google/64/1f1f2-1f1f3.png
2025/09/24 16:44:25 br /tmp/work/img/google/64/1f1f2-1f1f3.png -> /output/img/google/64/1f1f2-1f1f3.png.br
2025/09/24 16:44:25 gz /tmp/work/img/google/64/1f1f2-1f1f3.png -> /output/img/google/64/1f1f2-1f1f3.png.gz
2025/09/24 16:44:25 compress: run /usr/bin/zopflipng --iterations=60 --keepchunks=iCCP --lossy_transparent --splitting=3 -my /tmp/work/img/google/64/1f1f2-1f1f9.png /tmp/work/img/google/64/1f1f2-1f1f9.png
2025/09/24 16:44:25 Optimizing /tmp/work/img/google/64/1f1f2-1f1f6.png
Input size: 2242 (2K)
Result size: 2232 (2K). Percentage of original: 99.554%
Result is smaller


2025/09/24 16:44:25 algorithm: run /usr/bin/brotli --quality=11 --output=/output/img/google/64/1f1f2-1f1f6.png.br /tmp/work/img/google/64/1f1f2-1f1f6.png
2025/09/24 16:44:25 br /tmp/work/img/google/64/1f1f2-1f1f6.png -> /output/img/google/64/1f1f2-1f1f6.png.br
2025/09/24 16:44:25 gz /tmp/work/img/google/64/1f1f2-1f1f6.png -> /output/img/google/64/1f1f2-1f1f6.png.gz
2025/09/24 16:44:25 compress: run /usr/bin/zopflipng --iterations=60 --keepchunks=iCCP --lossy_transparent --splitting=3 -my /tmp/work/img/google/64/1f1f2-1f1fa.png /tmp/work/img/google/64/1f1f2-1f1fa.png
2025/09/24 16:44:25 Optimizing /tmp/work/img/google/64/1f1f2-1f1f5.png
Input size: 4184 (4K)
Result size: 4178 (4K). Percentage of original: 99.857%
Result is smaller


2025/09/24 16:44:25 algorithm: run /usr/bin/brotli --quality=11 --output=/output/img/google/64/1f1f2-1f1f5.png.br /tmp/work/img/google/64/1f1f2-1f1f5.png
2025/09/24 16:44:25 br /tmp/work/img/google/64/1f1f2-1f1f5.png -> /output/img/google/64/1f1f2-1f1f5.png.br
2025/09/24 16:44:25 gz /tmp/work/img/google/64/1f1f2-1f1f5.png -> /output/img/google/64/1f1f2-1f1f5.png.gz
2025/09/24 16:44:25 compress: run /usr/bin/zopflipng --iterations=60 --keepchunks=iCCP --lossy_transparent --splitting=3 -my /tmp/work/img/google/64/1f1f2-1f1fb.png /tmp/work/img/google/64/1f1f2-1f1fb.png
2025/09/24 16:44:26 Optimizing /tmp/work/img/google/64/1f1f2-1f1f7.png
Input size: 3425 (3K)
Result size: 3428 (3K). Percentage of original: 100.088%
Preserving original PNG since it was smaller


2025/09/24 16:44:26 algorithm: run /usr/bin/brotli --quality=11 --output=/output/img/google/64/1f1f2-1f1f7.png.br /tmp/work/img/google/64/1f1f2-1f1f7.png
2025/09/24 16:44:26 br /tmp/work/img/google/64/1f1f2-1f1f7.png -> /output/img/google/64/1f1f2-1f1f7.png.br
2025/09/24 16:44:26 gz /tmp/work/img/google/64/1f1f2-1f1f7.png -> /output/img/google/64/1f1f2-1f1f7.png.gz
2025/09/24 16:44:26 compress: run /usr/bin/zopflipng --iterations=60 --keepchunks=iCCP --lossy_transparent --splitting=3 -my /tmp/work/img/google/64/1f1f2-1f1fc.png /tmp/work/img/google/64/1f1f2-1f1fc.png
2025/09/24 16:44:27 Optimizing /tmp/work/img/google/64/1f1f2-1f1eb.png
Input size: 2011 (1K)
Result size: 1985 (1K). Percentage of original: 98.707%
Result is smaller


2025/09/24 16:44:27 algorithm: run /usr/bin/brotli --quality=11 --output=/output/img/google/64/1f1f2-1f1eb.png.br /tmp/work/img/google/64/1f1f2-1f1eb.png
2025/09/24 16:44:27 br /tmp/work/img/google/64/1f1f2-1f1eb.png -> /output/img/google/64/1f1f2-1f1eb.png.br
2025/09/24 16:44:27 gz /tmp/work/img/google/64/1f1f2-1f1eb.png -> /output/img/google/64/1f1f2-1f1eb.png.gz
2025/09/24 16:44:27 compress: run /usr/bin/zopflipng --iterations=60 --keepchunks=iCCP --lossy_transparent --splitting=3 -my /tmp/work/img/google/64/1f1f2-1f1fd.png /tmp/work/img/google/64/1f1f2-1f1fd.png
2025/09/24 16:44:27 Optimizing /tmp/work/img/google/64/1f1f2-1f1f8.png
Input size: 4168 (4K)
Result size: 4167 (4K). Percentage of original: 99.976%
Result is smaller


2025/09/24 16:44:27 algorithm: run /usr/bin/brotli --quality=11 --output=/output/img/google/64/1f1f2-1f1f8.png.br /tmp/work/img/google/64/1f1f2-1f1f8.png
2025/09/24 16:44:27 br /tmp/work/img/google/64/1f1f2-1f1f8.png -> /output/img/google/64/1f1f2-1f1f8.png.br
2025/09/24 16:44:27 gz /tmp/work/img/google/64/1f1f2-1f1f8.png -> /output/img/google/64/1f1f2-1f1f8.png.gz
2025/09/24 16:44:27 compress: run /usr/bin/zopflipng --iterations=60 --keepchunks=iCCP --lossy_transparent --splitting=3 -my /tmp/work/img/google/64/1f1f2-1f1fe.png /tmp/work/img/google/64/1f1f2-1f1fe.png
2025/09/24 16:44:28 Optimizing /tmp/work/img/google/64/1f1f2-1f1f4.png
Input size: 2927 (2K)
Result size: 2923 (2K). Percentage of original: 99.863%
Result is smaller


2025/09/24 16:44:28 algorithm: run /usr/bin/brotli --quality=11 --output=/output/img/google/64/1f1f2-1f1f4.png.br /tmp/work/img/google/64/1f1f2-1f1f4.png
2025/09/24 16:44:28 br /tmp/work/img/google/64/1f1f2-1f1f4.png -> /output/img/google/64/1f1f2-1f1f4.png.br
2025/09/24 16:44:28 gz /tmp/work/img/google/64/1f1f2-1f1f4.png -> /output/img/google/64/1f1f2-1f1f4.png.gz
2025/09/24 16:44:28 compress: run /usr/bin/zopflipng --iterations=60 --keepchunks=iCCP --lossy_transparent --splitting=3 -my /tmp/work/img/google/64/1f1f2-1f1ff.png /tmp/work/img/google/64/1f1f2-1f1ff.png
2025/09/24 16:44:29 Optimizing /tmp/work/img/google/64/1f1f2-1f1fa.png
Input size: 2991 (2K)
Result size: 2989 (2K). Percentage of original: 99.933%
Result is smaller


2025/09/24 16:44:29 algorithm: run /usr/bin/brotli --quality=11 --output=/output/img/google/64/1f1f2-1f1fa.png.br /tmp/work/img/google/64/1f1f2-1f1fa.png
2025/09/24 16:44:29 br /tmp/work/img/google/64/1f1f2-1f1fa.png -> /output/img/google/64/1f1f2-1f1fa.png.br
2025/09/24 16:44:29 gz /tmp/work/img/google/64/1f1f2-1f1fa.png -> /output/img/google/64/1f1f2-1f1fa.png.gz
2025/09/24 16:44:29 compress: run /usr/bin/zopflipng --iterations=60 --keepchunks=iCCP --lossy_transparent --splitting=3 -my /tmp/work/img/google/64/1f1f3-1f1e6.png /tmp/work/img/google/64/1f1f3-1f1e6.png
2025/09/24 16:44:30 Optimizing /tmp/work/img/google/64/1f1f2-1f1f1.png
Input size: 2164 (2K)
Result size: 2151 (2K). Percentage of original: 99.399%
Result is smaller


2025/09/24 16:44:30 algorithm: run /usr/bin/brotli --quality=11 --output=/output/img/google/64/1f1f2-1f1f1.png.br /tmp/work/img/google/64/1f1f2-1f1f1.png
2025/09/24 16:44:30 br /tmp/work/img/google/64/1f1f2-1f1f1.png -> /output/img/google/64/1f1f2-1f1f1.png.br
2025/09/24 16:44:30 gz /tmp/work/img/google/64/1f1f2-1f1f1.png -> /output/img/google/64/1f1f2-1f1f1.png.gz
2025/09/24 16:44:30 compress: run /usr/bin/zopflipng --iterations=60 --keepchunks=iCCP --lossy_transparent --splitting=3 -my /tmp/work/img/google/64/1f1f3-1f1e8.png /tmp/work/img/google/64/1f1f3-1f1e8.png
2025/09/24 16:44:30 Optimizing /tmp/work/img/google/64/1f1f2-1f1f9.png
Input size: 2120 (2K)
Result size: 2107 (2K). Percentage of original: 99.387%
Result is smaller


2025/09/24 16:44:30 algorithm: run /usr/bin/brotli --quality=11 --output=/output/img/google/64/1f1f2-1f1f9.png.br /tmp/work/img/google/64/1f1f2-1f1f9.png
2025/09/24 16:44:30 br /tmp/work/img/google/64/1f1f2-1f1f9.png -> /output/img/google/64/1f1f2-1f1f9.png.br
2025/09/24 16:44:30 gz /tmp/work/img/google/64/1f1f2-1f1f9.png -> /output/img/google/64/1f1f2-1f1f9.png.gz
2025/09/24 16:44:30 compress: run /usr/bin/zopflipng --iterations=60 --keepchunks=iCCP --lossy_transparent --splitting=3 -my /tmp/work/img/google/64/1f1f3-1f1ea.png /tmp/work/img/google/64/1f1f3-1f1ea.png
2025/09/24 16:44:30 Optimizing /tmp/work/img/google/64/1f1f2-1f1fb.png
Input size: 2769 (2K)
Result size: 2768 (2K). Percentage of original: 99.964%
Result is smaller


2025/09/24 16:44:30 algorithm: run /usr/bin/brotli --quality=11 --output=/output/img/google/64/1f1f2-1f1fb.png.br /tmp/work/img/google/64/1f1f2-1f1fb.png
2025/09/24 16:44:30 br /tmp/work/img/google/64/1f1f2-1f1fb.png -> /output/img/google/64/1f1f2-1f1fb.png.br
2025/09/24 16:44:30 gz /tmp/work/img/google/64/1f1f2-1f1fb.png -> /output/img/google/64/1f1f2-1f1fb.png.gz
2025/09/24 16:44:30 compress: run /usr/bin/zopflipng --iterations=60 --keepchunks=iCCP --lossy_transparent --splitting=3 -my /tmp/work/img/google/64/1f1f3-1f1eb.png /tmp/work/img/google/64/1f1f3-1f1eb.png
2025/09/24 16:44:32 Optimizing /tmp/work/img/google/64/1f1f2-1f1fe.png
Input size: 5334 (5K)
Result size: 5323 (5K). Percentage of original: 99.794%
Result is smaller


2025/09/24 16:44:32 algorithm: run /usr/bin/brotli --quality=11 --output=/output/img/google/64/1f1f2-1f1fe.png.br /tmp/work/img/google/64/1f1f2-1f1fe.png
2025/09/24 16:44:32 Optimizing /tmp/work/img/google/64/1f1f2-1f1fc.png
Input size: 2925 (2K)
Result size: 2914 (2K). Percentage of original: 99.624%
Result is smaller


2025/09/24 16:44:32 algorithm: run /usr/bin/brotli --quality=11 --output=/output/img/google/64/1f1f2-1f1fc.png.br /tmp/work/img/google/64/1f1f2-1f1fc.png
2025/09/24 16:44:32 br /tmp/work/img/google/64/1f1f2-1f1fe.png -> /output/img/google/64/1f1f2-1f1fe.png.br
2025/09/24 16:44:32 gz /tmp/work/img/google/64/1f1f2-1f1fe.png -> /output/img/google/64/1f1f2-1f1fe.png.gz
2025/09/24 16:44:32 br /tmp/work/img/google/64/1f1f2-1f1fc.png -> /output/img/google/64/1f1f2-1f1fc.png.br
2025/09/24 16:44:32 gz /tmp/work/img/google/64/1f1f2-1f1fc.png -> /output/img/google/64/1f1f2-1f1fc.png.gz
2025/09/24 16:44:32 compress: run /usr/bin/zopflipng --iterations=60 --keepchunks=iCCP --lossy_transparent --splitting=3 -my /tmp/work/img/google/64/1f1f3-1f1ee.png /tmp/work/img/google/64/1f1f3-1f1ee.png
2025/09/24 16:44:32 compress: run /usr/bin/zopflipng --iterations=60 --keepchunks=iCCP --lossy_transparent --splitting=3 -my /tmp/work/img/google/64/1f1f3-1f1ec.png /tmp/work/img/google/64/1f1f3-1f1ec.png
2025/09/24 16:44:32 Optimizing /tmp/work/img/google/64/1f1f2-1f1fd.png
Input size: 2746 (2K)
Result size: 2745 (2K). Percentage of original: 99.964%
Result is smaller


2025/09/24 16:44:32 algorithm: run /usr/bin/brotli --quality=11 --output=/output/img/google/64/1f1f2-1f1fd.png.br /tmp/work/img/google/64/1f1f2-1f1fd.png
2025/09/24 16:44:32 br /tmp/work/img/google/64/1f1f2-1f1fd.png -> /output/img/google/64/1f1f2-1f1fd.png.br
2025/09/24 16:44:32 gz /tmp/work/img/google/64/1f1f2-1f1fd.png -> /output/img/google/64/1f1f2-1f1fd.png.gz
2025/09/24 16:44:32 compress: run /usr/bin/zopflipng --iterations=60 --keepchunks=iCCP --lossy_transparent --splitting=3 -my /tmp/work/img/google/64/1f1f3-1f1f1.png /tmp/work/img/google/64/1f1f3-1f1f1.png
2025/09/24 16:44:33 Optimizing /tmp/work/img/google/64/1f1f2-1f1ff.png
Input size: 3697 (3K)
Result size: 3692 (3K). Percentage of original: 99.865%
Result is smaller


2025/09/24 16:44:33 algorithm: run /usr/bin/brotli --quality=11 --output=/output/img/google/64/1f1f2-1f1ff.png.br /tmp/work/img/google/64/1f1f2-1f1ff.png
2025/09/24 16:44:33 br /tmp/work/img/google/64/1f1f2-1f1ff.png -> /output/img/google/64/1f1f2-1f1ff.png.br
2025/09/24 16:44:33 gz /tmp/work/img/google/64/1f1f2-1f1ff.png -> /output/img/google/64/1f1f2-1f1ff.png.gz
2025/09/24 16:44:33 compress: run /usr/bin/zopflipng --iterations=60 --keepchunks=iCCP --lossy_transparent --splitting=3 -my /tmp/work/img/google/64/1f1f3-1f1f4.png /tmp/work/img/google/64/1f1f3-1f1f4.png
2025/09/24 16:44:34 Optimizing /tmp/work/img/google/64/1f1f3-1f1e8.png
Input size: 3373 (3K)
Result size: 3364 (3K). Percentage of original: 99.733%
Result is smaller


2025/09/24 16:44:34 algorithm: run /usr/bin/brotli --quality=11 --output=/output/img/google/64/1f1f3-1f1e8.png.br /tmp/work/img/google/64/1f1f3-1f1e8.png
2025/09/24 16:44:34 br /tmp/work/img/google/64/1f1f3-1f1e8.png -> /output/img/google/64/1f1f3-1f1e8.png.br
2025/09/24 16:44:34 gz /tmp/work/img/google/64/1f1f3-1f1e8.png -> /output/img/google/64/1f1f3-1f1e8.png.gz
2025/09/24 16:44:34 compress: run /usr/bin/zopflipng --iterations=60 --keepchunks=iCCP --lossy_transparent --splitting=3 -my /tmp/work/img/google/64/1f1f3-1f1f5.png /tmp/work/img/google/64/1f1f3-1f1f5.png
2025/09/24 16:44:35 Optimizing /tmp/work/img/google/64/1f1f3-1f1e6.png
Input size: 4091 (3K)
Result size: 4090 (3K). Percentage of original: 99.976%
Result is smaller


2025/09/24 16:44:35 algorithm: run /usr/bin/brotli --quality=11 --output=/output/img/google/64/1f1f3-1f1e6.png.br /tmp/work/img/google/64/1f1f3-1f1e6.png
2025/09/24 16:44:35 br /tmp/work/img/google/64/1f1f3-1f1e6.png -> /output/img/google/64/1f1f3-1f1e6.png.br
2025/09/24 16:44:35 gz /tmp/work/img/google/64/1f1f3-1f1e6.png -> /output/img/google/64/1f1f3-1f1e6.png.gz
2025/09/24 16:44:35 compress: run /usr/bin/zopflipng --iterations=60 --keepchunks=iCCP --lossy_transparent --splitting=3 -my /tmp/work/img/google/64/1f1f3-1f1f7.png /tmp/work/img/google/64/1f1f3-1f1f7.png
2025/09/24 16:44:35 Optimizing /tmp/work/img/google/64/1f1f3-1f1eb.png
Input size: 2953 (2K)
Result size: 2951 (2K). Percentage of original: 99.932%
Result is smaller


2025/09/24 16:44:35 algorithm: run /usr/bin/brotli --quality=11 --output=/output/img/google/64/1f1f3-1f1eb.png.br /tmp/work/img/google/64/1f1f3-1f1eb.png
2025/09/24 16:44:35 br /tmp/work/img/google/64/1f1f3-1f1eb.png -> /output/img/google/64/1f1f3-1f1eb.png.br
2025/09/24 16:44:35 gz /tmp/work/img/google/64/1f1f3-1f1eb.png -> /output/img/google/64/1f1f3-1f1eb.png.gz
2025/09/24 16:44:35 compress: run /usr/bin/zopflipng --iterations=60 --keepchunks=iCCP --lossy_transparent --splitting=3 -my /tmp/work/img/google/64/1f1f3-1f1fa.png /tmp/work/img/google/64/1f1f3-1f1fa.png
2025/09/24 16:44:35 Optimizing /tmp/work/img/google/64/1f1f3-1f1ea.png
Input size: 2796 (2K)
Result size: 2791 (2K). Percentage of original: 99.821%
Result is smaller


2025/09/24 16:44:35 algorithm: run /usr/bin/brotli --quality=11 --output=/output/img/google/64/1f1f3-1f1ea.png.br /tmp/work/img/google/64/1f1f3-1f1ea.png
2025/09/24 16:44:35 br /tmp/work/img/google/64/1f1f3-1f1ea.png -> /output/img/google/64/1f1f3-1f1ea.png.br
2025/09/24 16:44:35 gz /tmp/work/img/google/64/1f1f3-1f1ea.png -> /output/img/google/64/1f1f3-1f1ea.png.gz
2025/09/24 16:44:35 compress: run /usr/bin/zopflipng --iterations=60 --keepchunks=iCCP --lossy_transparent --splitting=3 -my /tmp/work/img/google/64/1f1f3-1f1ff.png /tmp/work/img/google/64/1f1f3-1f1ff.png
2025/09/24 16:44:37 Optimizing /tmp/work/img/google/64/1f1f3-1f1ee.png
Input size: 2773 (2K)
Result size: 2764 (2K). Percentage of original: 99.675%
Result is smaller


2025/09/24 16:44:37 algorithm: run /usr/bin/brotli --quality=11 --output=/output/img/google/64/1f1f3-1f1ee.png.br /tmp/work/img/google/64/1f1f3-1f1ee.png
2025/09/24 16:44:37 br /tmp/work/img/google/64/1f1f3-1f1ee.png -> /output/img/google/64/1f1f3-1f1ee.png.br
2025/09/24 16:44:37 gz /tmp/work/img/google/64/1f1f3-1f1ee.png -> /output/img/google/64/1f1f3-1f1ee.png.gz
2025/09/24 16:44:37 compress: run /usr/bin/zopflipng --iterations=60 --keepchunks=iCCP --lossy_transparent --splitting=3 -my /tmp/work/img/google/64/1f1f4-1f1f2.png /tmp/work/img/google/64/1f1f4-1f1f2.png
2025/09/24 16:44:37 Optimizing /tmp/work/img/google/64/1f1f3-1f1f1.png
Input size: 2629 (2K)
Result size: 2624 (2K). Percentage of original: 99.810%
Result is smaller


2025/09/24 16:44:37 algorithm: run /usr/bin/brotli --quality=11 --output=/output/img/google/64/1f1f3-1f1f1.png.br /tmp/work/img/google/64/1f1f3-1f1f1.png
2025/09/24 16:44:37 br /tmp/work/img/google/64/1f1f3-1f1f1.png -> /output/img/google/64/1f1f3-1f1f1.png.br
2025/09/24 16:44:37 gz /tmp/work/img/google/64/1f1f3-1f1f1.png -> /output/img/google/64/1f1f3-1f1f1.png.gz
2025/09/24 16:44:37 compress: run /usr/bin/zopflipng --iterations=60 --keepchunks=iCCP --lossy_transparent --splitting=3 -my /tmp/work/img/google/64/1f1f5-1f1e6.png /tmp/work/img/google/64/1f1f5-1f1e6.png
2025/09/24 16:44:38 Optimizing /tmp/work/img/google/64/1f1f3-1f1f4.png
Input size: 3588 (3K)
Result size: 3587 (3K). Percentage of original: 99.972%
Result is smaller


2025/09/24 16:44:38 algorithm: run /usr/bin/brotli --quality=11 --output=/output/img/google/64/1f1f3-1f1f4.png.br /tmp/work/img/google/64/1f1f3-1f1f4.png
2025/09/24 16:44:38 br /tmp/work/img/google/64/1f1f3-1f1f4.png -> /output/img/google/64/1f1f3-1f1f4.png.br
2025/09/24 16:44:38 gz /tmp/work/img/google/64/1f1f3-1f1f4.png -> /output/img/google/64/1f1f3-1f1f4.png.gz
2025/09/24 16:44:38 compress: run /usr/bin/zopflipng --iterations=60 --keepchunks=iCCP --lossy_transparent --splitting=3 -my /tmp/work/img/google/64/1f1f5-1f1ea.png /tmp/work/img/google/64/1f1f5-1f1ea.png
2025/09/24 16:44:38 Optimizing /tmp/work/img/google/64/1f1f3-1f1f5.png
Input size: 3155 (3K)
Result size: 3152 (3K). Percentage of original: 99.905%
Result is smaller


2025/09/24 16:44:38 algorithm: run /usr/bin/brotli --quality=11 --output=/output/img/google/64/1f1f3-1f1f5.png.br /tmp/work/img/google/64/1f1f3-1f1f5.png
2025/09/24 16:44:38 br /tmp/work/img/google/64/1f1f3-1f1f5.png -> /output/img/google/64/1f1f3-1f1f5.png.br
2025/09/24 16:44:38 gz /tmp/work/img/google/64/1f1f3-1f1f5.png -> /output/img/google/64/1f1f3-1f1f5.png.gz
2025/09/24 16:44:38 compress: run /usr/bin/zopflipng --iterations=60 --keepchunks=iCCP --lossy_transparent --splitting=3 -my /tmp/work/img/google/64/1f1f5-1f1eb.png /tmp/work/img/google/64/1f1f5-1f1eb.png
2025/09/24 16:44:40 Optimizing /tmp/work/img/google/64/1f1f3-1f1f7.png
Input size: 2880 (2K)
Result size: 2876 (2K). Percentage of original: 99.861%
Result is smaller


2025/09/24 16:44:40 algorithm: run /usr/bin/brotli --quality=11 --output=/output/img/google/64/1f1f3-1f1f7.png.br /tmp/work/img/google/64/1f1f3-1f1f7.png
2025/09/24 16:44:40 br /tmp/work/img/google/64/1f1f3-1f1f7.png -> /output/img/google/64/1f1f3-1f1f7.png.br
2025/09/24 16:44:40 gz /tmp/work/img/google/64/1f1f3-1f1f7.png -> /output/img/google/64/1f1f3-1f1f7.png.gz
2025/09/24 16:44:40 compress: run /usr/bin/zopflipng --iterations=60 --keepchunks=iCCP --lossy_transparent --splitting=3 -my /tmp/work/img/google/64/1f1f5-1f1ec.png /tmp/work/img/google/64/1f1f5-1f1ec.png
2025/09/24 16:44:41 Optimizing /tmp/work/img/google/64/1f1f3-1f1fa.png
Input size: 3792 (3K)
Result size: 3790 (3K). Percentage of original: 99.947%
Result is smaller


2025/09/24 16:44:41 algorithm: run /usr/bin/brotli --quality=11 --output=/output/img/google/64/1f1f3-1f1fa.png.br /tmp/work/img/google/64/1f1f3-1f1fa.png
2025/09/24 16:44:41 br /tmp/work/img/google/64/1f1f3-1f1fa.png -> /output/img/google/64/1f1f3-1f1fa.png.br
2025/09/24 16:44:41 gz /tmp/work/img/google/64/1f1f3-1f1fa.png -> /output/img/google/64/1f1f3-1f1fa.png.gz
2025/09/24 16:44:41 compress: run /usr/bin/zopflipng --iterations=60 --keepchunks=iCCP --lossy_transparent --splitting=3 -my /tmp/work/img/google/64/1f1f5-1f1ed.png /tmp/work/img/google/64/1f1f5-1f1ed.png
2025/09/24 16:44:42 Optimizing /tmp/work/img/google/64/1f1f3-1f1ff.png
Input size: 3907 (3K)
Result size: 3903 (3K). Percentage of original: 99.898%
Result is smaller


2025/09/24 16:44:42 algorithm: run /usr/bin/brotli --quality=11 --output=/output/img/google/64/1f1f3-1f1ff.png.br /tmp/work/img/google/64/1f1f3-1f1ff.png
2025/09/24 16:44:42 br /tmp/work/img/google/64/1f1f3-1f1ff.png -> /output/img/google/64/1f1f3-1f1ff.png.br
2025/09/24 16:44:42 gz /tmp/work/img/google/64/1f1f3-1f1ff.png -> /output/img/google/64/1f1f3-1f1ff.png.gz
2025/09/24 16:44:42 compress: run /usr/bin/zopflipng --iterations=60 --keepchunks=iCCP --lossy_transparent --splitting=3 -my /tmp/work/img/google/64/1f1f5-1f1f0.png /tmp/work/img/google/64/1f1f5-1f1f0.png
2025/09/24 16:44:43 Optimizing /tmp/work/img/google/64/1f1f4-1f1f2.png
Input size: 2705 (2K)
Result size: 2701 (2K). Percentage of original: 99.852%
Result is smaller


2025/09/24 16:44:43 algorithm: run /usr/bin/brotli --quality=11 --output=/output/img/google/64/1f1f4-1f1f2.png.br /tmp/work/img/google/64/1f1f4-1f1f2.png
2025/09/24 16:44:43 br /tmp/work/img/google/64/1f1f4-1f1f2.png -> /output/img/google/64/1f1f4-1f1f2.png.br
2025/09/24 16:44:43 gz /tmp/work/img/google/64/1f1f4-1f1f2.png -> /output/img/google/64/1f1f4-1f1f2.png.gz
2025/09/24 16:44:43 compress: run /usr/bin/zopflipng --iterations=60 --keepchunks=iCCP --lossy_transparent --splitting=3 -my /tmp/work/img/google/64/1f1f5-1f1f1.png /tmp/work/img/google/64/1f1f5-1f1f1.png
2025/09/24 16:44:43 Optimizing /tmp/work/img/google/64/1f1f5-1f1e6.png
Input size: 2743 (2K)
Result size: 2737 (2K). Percentage of original: 99.781%
Result is smaller


2025/09/24 16:44:43 algorithm: run /usr/bin/brotli --quality=11 --output=/output/img/google/64/1f1f5-1f1e6.png.br /tmp/work/img/google/64/1f1f5-1f1e6.png
2025/09/24 16:44:43 br /tmp/work/img/google/64/1f1f5-1f1e6.png -> /output/img/google/64/1f1f5-1f1e6.png.br
2025/09/24 16:44:43 gz /tmp/work/img/google/64/1f1f5-1f1e6.png -> /output/img/google/64/1f1f5-1f1e6.png.gz
2025/09/24 16:44:43 compress: run /usr/bin/zopflipng --iterations=60 --keepchunks=iCCP --lossy_transparent --splitting=3 -my /tmp/work/img/google/64/1f1f5-1f1f2.png /tmp/work/img/google/64/1f1f5-1f1f2.png
2025/09/24 16:44:43 Optimizing /tmp/work/img/google/64/1f1f5-1f1ec.png
Input size: 3064 (2K)
Result size: 3060 (2K). Percentage of original: 99.869%
Result is smaller


2025/09/24 16:44:43 algorithm: run /usr/bin/brotli --quality=11 --output=/output/img/google/64/1f1f5-1f1ec.png.br /tmp/work/img/google/64/1f1f5-1f1ec.png
2025/09/24 16:44:43 br /tmp/work/img/google/64/1f1f5-1f1ec.png -> /output/img/google/64/1f1f5-1f1ec.png.br
2025/09/24 16:44:43 gz /tmp/work/img/google/64/1f1f5-1f1ec.png -> /output/img/google/64/1f1f5-1f1ec.png.gz
2025/09/24 16:44:43 compress: run /usr/bin/zopflipng --iterations=60 --keepchunks=iCCP --lossy_transparent --splitting=3 -my /tmp/work/img/google/64/1f1f5-1f1f3.png /tmp/work/img/google/64/1f1f5-1f1f3.png
2025/09/24 16:44:44 Optimizing /tmp/work/img/google/64/1f1f3-1f1ec.png
Input size: 1893 (1K)
Result size: 1860 (1K). Percentage of original: 98.257%
Result is smaller


2025/09/24 16:44:44 algorithm: run /usr/bin/brotli --quality=11 --output=/output/img/google/64/1f1f3-1f1ec.png.br /tmp/work/img/google/64/1f1f3-1f1ec.png
2025/09/24 16:44:44 br /tmp/work/img/google/64/1f1f3-1f1ec.png -> /output/img/google/64/1f1f3-1f1ec.png.br
2025/09/24 16:44:44 gz /tmp/work/img/google/64/1f1f3-1f1ec.png -> /output/img/google/64/1f1f3-1f1ec.png.gz
2025/09/24 16:44:44 compress: run /usr/bin/zopflipng --iterations=60 --keepchunks=iCCP --lossy_transparent --splitting=3 -my /tmp/work/img/google/64/1f1f5-1f1f7.png /tmp/work/img/google/64/1f1f5-1f1f7.png
2025/09/24 16:44:46 Optimizing /tmp/work/img/google/64/1f1f5-1f1eb.png
Input size: 3302 (3K)
Result size: 3300 (3K). Percentage of original: 99.939%
Result is smaller


2025/09/24 16:44:46 algorithm: run /usr/bin/brotli --quality=11 --output=/output/img/google/64/1f1f5-1f1eb.png.br /tmp/work/img/google/64/1f1f5-1f1eb.png
2025/09/24 16:44:46 br /tmp/work/img/google/64/1f1f5-1f1eb.png -> /output/img/google/64/1f1f5-1f1eb.png.br
2025/09/24 16:44:46 gz /tmp/work/img/google/64/1f1f5-1f1eb.png -> /output/img/google/64/1f1f5-1f1eb.png.gz
2025/09/24 16:44:46 compress: run /usr/bin/zopflipng --iterations=60 --keepchunks=iCCP --lossy_transparent --splitting=3 -my /tmp/work/img/google/64/1f1f5-1f1f8.png /tmp/work/img/google/64/1f1f5-1f1f8.png
2025/09/24 16:44:46 Optimizing /tmp/work/img/google/64/1f1f5-1f1ed.png
Input size: 3174 (3K)
Result size: 3160 (3K). Percentage of original: 99.559%
Result is smaller


2025/09/24 16:44:46 algorithm: run /usr/bin/brotli --quality=11 --output=/output/img/google/64/1f1f5-1f1ed.png.br /tmp/work/img/google/64/1f1f5-1f1ed.png
2025/09/24 16:44:46 br /tmp/work/img/google/64/1f1f5-1f1ed.png -> /output/img/google/64/1f1f5-1f1ed.png.br
2025/09/24 16:44:46 gz /tmp/work/img/google/64/1f1f5-1f1ed.png -> /output/img/google/64/1f1f5-1f1ed.png.gz
2025/09/24 16:44:46 compress: run /usr/bin/zopflipng --iterations=60 --keepchunks=iCCP --lossy_transparent --splitting=3 -my /tmp/work/img/google/64/1f1f5-1f1f9.png /tmp/work/img/google/64/1f1f5-1f1f9.png
2025/09/24 16:44:47 Optimizing /tmp/work/img/google/64/1f1f5-1f1f2.png
Input size: 6490 (6K)
Result size: 6483 (6K). Percentage of original: 99.892%
Result is smaller


2025/09/24 16:44:47 algorithm: run /usr/bin/brotli --quality=11 --output=/output/img/google/64/1f1f5-1f1f2.png.br /tmp/work/img/google/64/1f1f5-1f1f2.png
2025/09/24 16:44:47 br /tmp/work/img/google/64/1f1f5-1f1f2.png -> /output/img/google/64/1f1f5-1f1f2.png.br
2025/09/24 16:44:47 gz /tmp/work/img/google/64/1f1f5-1f1f2.png -> /output/img/google/64/1f1f5-1f1f2.png.gz
2025/09/24 16:44:47 compress: run /usr/bin/zopflipng --iterations=60 --keepchunks=iCCP --lossy_transparent --splitting=3 -my /tmp/work/img/google/64/1f1f5-1f1fc.png /tmp/work/img/google/64/1f1f5-1f1fc.png
2025/09/24 16:44:47 Optimizing /tmp/work/img/google/64/1f1f5-1f1f3.png
Input size: 4997 (4K)
Result size: 4991 (4K). Percentage of original: 99.880%
Result is smaller


2025/09/24 16:44:47 algorithm: run /usr/bin/brotli --quality=11 --output=/output/img/google/64/1f1f5-1f1f3.png.br /tmp/work/img/google/64/1f1f5-1f1f3.png
2025/09/24 16:44:47 br /tmp/work/img/google/64/1f1f5-1f1f3.png -> /output/img/google/64/1f1f5-1f1f3.png.br
2025/09/24 16:44:47 gz /tmp/work/img/google/64/1f1f5-1f1f3.png -> /output/img/google/64/1f1f5-1f1f3.png.gz
2025/09/24 16:44:47 compress: run /usr/bin/zopflipng --iterations=60 --keepchunks=iCCP --lossy_transparent --splitting=3 -my /tmp/work/img/google/64/1f1f5-1f1fe.png /tmp/work/img/google/64/1f1f5-1f1fe.png
2025/09/24 16:44:48 Optimizing /tmp/work/img/google/64/1f1f5-1f1f1.png
Input size: 2038 (1K)
Result size: 2033 (1K). Percentage of original: 99.755%
Result is smaller


2025/09/24 16:44:48 algorithm: run /usr/bin/brotli --quality=11 --output=/output/img/google/64/1f1f5-1f1f1.png.br /tmp/work/img/google/64/1f1f5-1f1f1.png
2025/09/24 16:44:48 br /tmp/work/img/google/64/1f1f5-1f1f1.png -> /output/img/google/64/1f1f5-1f1f1.png.br
2025/09/24 16:44:48 gz /tmp/work/img/google/64/1f1f5-1f1f1.png -> /output/img/google/64/1f1f5-1f1f1.png.gz
2025/09/24 16:44:48 compress: run /usr/bin/zopflipng --iterations=60 --keepchunks=iCCP --lossy_transparent --splitting=3 -my /tmp/work/img/google/64/1f1f6-1f1e6.png /tmp/work/img/google/64/1f1f6-1f1e6.png
2025/09/24 16:44:48 Optimizing /tmp/work/img/google/64/1f1f5-1f1f0.png
Input size: 2682 (2K)
Result size: 2679 (2K). Percentage of original: 99.888%
Result is smaller


2025/09/24 16:44:48 algorithm: run /usr/bin/brotli --quality=11 --output=/output/img/google/64/1f1f5-1f1f0.png.br /tmp/work/img/google/64/1f1f5-1f1f0.png
2025/09/24 16:44:48 br /tmp/work/img/google/64/1f1f5-1f1f0.png -> /output/img/google/64/1f1f5-1f1f0.png.br
2025/09/24 16:44:48 gz /tmp/work/img/google/64/1f1f5-1f1f0.png -> /output/img/google/64/1f1f5-1f1f0.png.gz
2025/09/24 16:44:48 compress: run /usr/bin/zopflipng --iterations=60 --keepchunks=iCCP --lossy_transparent --splitting=3 -my /tmp/work/img/google/64/1f1f7-1f1ea.png /tmp/work/img/google/64/1f1f7-1f1ea.png
2025/09/24 16:44:48 Optimizing /tmp/work/img/google/64/1f1f5-1f1f7.png
Input size: 3324 (3K)
Result size: 3317 (3K). Percentage of original: 99.789%
Result is smaller


2025/09/24 16:44:48 algorithm: run /usr/bin/brotli --quality=11 --output=/output/img/google/64/1f1f5-1f1f7.png.br /tmp/work/img/google/64/1f1f5-1f1f7.png
2025/09/24 16:44:48 br /tmp/work/img/google/64/1f1f5-1f1f7.png -> /output/img/google/64/1f1f5-1f1f7.png.br
2025/09/24 16:44:48 gz /tmp/work/img/google/64/1f1f5-1f1f7.png -> /output/img/google/64/1f1f5-1f1f7.png.gz
2025/09/24 16:44:48 compress: run /usr/bin/zopflipng --iterations=60 --keepchunks=iCCP --lossy_transparent --splitting=3 -my /tmp/work/img/google/64/1f1f7-1f1f4.png /tmp/work/img/google/64/1f1f7-1f1f4.png
2025/09/24 16:44:50 Optimizing /tmp/work/img/google/64/1f1f5-1f1ea.png
Input size: 2036 (1K)
Result size: 2030 (1K). Percentage of original: 99.705%
Result is smaller


2025/09/24 16:44:50 algorithm: run /usr/bin/brotli --quality=11 --output=/output/img/google/64/1f1f5-1f1ea.png.br /tmp/work/img/google/64/1f1f5-1f1ea.png
2025/09/24 16:44:50 br /tmp/work/img/google/64/1f1f5-1f1ea.png -> /output/img/google/64/1f1f5-1f1ea.png.br
2025/09/24 16:44:50 gz /tmp/work/img/google/64/1f1f5-1f1ea.png -> /output/img/google/64/1f1f5-1f1ea.png.gz
2025/09/24 16:44:50 compress: run /usr/bin/zopflipng --iterations=60 --keepchunks=iCCP --lossy_transparent --splitting=3 -my /tmp/work/img/google/64/1f1f7-1f1f8.png /tmp/work/img/google/64/1f1f7-1f1f8.png
2025/09/24 16:44:52 Optimizing /tmp/work/img/google/64/1f1f5-1f1fc.png
Input size: 2796 (2K)
Result size: 2791 (2K). Percentage of original: 99.821%
Result is smaller


2025/09/24 16:44:52 algorithm: run /usr/bin/brotli --quality=11 --output=/output/img/google/64/1f1f5-1f1fc.png.br /tmp/work/img/google/64/1f1f5-1f1fc.png
2025/09/24 16:44:52 br /tmp/work/img/google/64/1f1f5-1f1fc.png -> /output/img/google/64/1f1f5-1f1fc.png.br
2025/09/24 16:44:52 gz /tmp/work/img/google/64/1f1f5-1f1fc.png -> /output/img/google/64/1f1f5-1f1fc.png.gz
2025/09/24 16:44:52 compress: run /usr/bin/zopflipng --iterations=60 --keepchunks=iCCP --lossy_transparent --splitting=3 -my /tmp/work/img/google/64/1f1f7-1f1fa.png /tmp/work/img/google/64/1f1f7-1f1fa.png
2025/09/24 16:44:52 Optimizing /tmp/work/img/google/64/1f1f7-1f1ea.png
Input size: 4273 (4K)
Result size: 4265 (4K). Percentage of original: 99.813%
Result is smaller


2025/09/24 16:44:52 algorithm: run /usr/bin/brotli --quality=11 --output=/output/img/google/64/1f1f7-1f1ea.png.br /tmp/work/img/google/64/1f1f7-1f1ea.png
2025/09/24 16:44:52 br /tmp/work/img/google/64/1f1f7-1f1ea.png -> /output/img/google/64/1f1f7-1f1ea.png.br
2025/09/24 16:44:52 gz /tmp/work/img/google/64/1f1f7-1f1ea.png -> /output/img/google/64/1f1f7-1f1ea.png.gz
2025/09/24 16:44:52 compress: run /usr/bin/zopflipng --iterations=60 --keepchunks=iCCP --lossy_transparent --splitting=3 -my /tmp/work/img/google/64/1f1f7-1f1fc.png /tmp/work/img/google/64/1f1f7-1f1fc.png
2025/09/24 16:44:52 Optimizing /tmp/work/img/google/64/1f1f5-1f1f9.png
Input size: 2412 (2K)
Result size: 2410 (2K). Percentage of original: 99.917%
Result is smaller


2025/09/24 16:44:52 algorithm: run /usr/bin/brotli --quality=11 --output=/output/img/google/64/1f1f5-1f1f9.png.br /tmp/work/img/google/64/1f1f5-1f1f9.png
2025/09/24 16:44:52 Optimizing /tmp/work/img/google/64/1f1f5-1f1f8.png
Input size: 2484 (2K)
Result size: 2482 (2K). Percentage of original: 99.919%
Result is smaller


2025/09/24 16:44:52 algorithm: run /usr/bin/brotli --quality=11 --output=/output/img/google/64/1f1f5-1f1f8.png.br /tmp/work/img/google/64/1f1f5-1f1f8.png
2025/09/24 16:44:52 br /tmp/work/img/google/64/1f1f5-1f1f9.png -> /output/img/google/64/1f1f5-1f1f9.png.br
2025/09/24 16:44:52 gz /tmp/work/img/google/64/1f1f5-1f1f9.png -> /output/img/google/64/1f1f5-1f1f9.png.gz
2025/09/24 16:44:52 compress: run /usr/bin/zopflipng --iterations=60 --keepchunks=iCCP --lossy_transparent --splitting=3 -my /tmp/work/img/google/64/1f1f8-1f1e6.png /tmp/work/img/google/64/1f1f8-1f1e6.png
2025/09/24 16:44:52 br /tmp/work/img/google/64/1f1f5-1f1f8.png -> /output/img/google/64/1f1f5-1f1f8.png.br
2025/09/24 16:44:52 gz /tmp/work/img/google/64/1f1f5-1f1f8.png -> /output/img/google/64/1f1f5-1f1f8.png.gz
2025/09/24 16:44:52 compress: run /usr/bin/zopflipng --iterations=60 --keepchunks=iCCP --lossy_transparent --splitting=3 -my /tmp/work/img/google/64/1f1f8-1f1e7.png /tmp/work/img/google/64/1f1f8-1f1e7.png
2025/09/24 16:44:53 Optimizing /tmp/work/img/google/64/1f1f5-1f1fe.png
Input size: 2853 (2K)
Result size: 2846 (2K). Percentage of original: 99.755%
Result is smaller


2025/09/24 16:44:53 algorithm: run /usr/bin/brotli --quality=11 --output=/output/img/google/64/1f1f5-1f1fe.png.br /tmp/work/img/google/64/1f1f5-1f1fe.png
2025/09/24 16:44:53 br /tmp/work/img/google/64/1f1f5-1f1fe.png -> /output/img/google/64/1f1f5-1f1fe.png.br
2025/09/24 16:44:53 gz /tmp/work/img/google/64/1f1f5-1f1fe.png -> /output/img/google/64/1f1f5-1f1fe.png.gz
2025/09/24 16:44:53 compress: run /usr/bin/zopflipng --iterations=60 --keepchunks=iCCP --lossy_transparent --splitting=3 -my /tmp/work/img/google/64/1f1f8-1f1e8.png /tmp/work/img/google/64/1f1f8-1f1e8.png
2025/09/24 16:44:53 Optimizing /tmp/work/img/google/64/1f1f6-1f1e6.png
Input size: 2225 (2K)
Result size: 2223 (2K). Percentage of original: 99.910%
Result is smaller


2025/09/24 16:44:53 algorithm: run /usr/bin/brotli --quality=11 --output=/output/img/google/64/1f1f6-1f1e6.png.br /tmp/work/img/google/64/1f1f6-1f1e6.png
2025/09/24 16:44:53 br /tmp/work/img/google/64/1f1f6-1f1e6.png -> /output/img/google/64/1f1f6-1f1e6.png.br
2025/09/24 16:44:53 gz /tmp/work/img/google/64/1f1f6-1f1e6.png -> /output/img/google/64/1f1f6-1f1e6.png.gz
2025/09/24 16:44:53 compress: run /usr/bin/zopflipng --iterations=60 --keepchunks=iCCP --lossy_transparent --splitting=3 -my /tmp/work/img/google/64/1f1f8-1f1e9.png /tmp/work/img/google/64/1f1f8-1f1e9.png
2025/09/24 16:44:54 Optimizing /tmp/work/img/google/64/1f1f7-1f1f8.png
Input size: 3716 (3K)
Result size: 3708 (3K). Percentage of original: 99.785%
Result is smaller


2025/09/24 16:44:54 algorithm: run /usr/bin/brotli --quality=11 --output=/output/img/google/64/1f1f7-1f1f8.png.br /tmp/work/img/google/64/1f1f7-1f1f8.png
2025/09/24 16:44:54 br /tmp/work/img/google/64/1f1f7-1f1f8.png -> /output/img/google/64/1f1f7-1f1f8.png.br
2025/09/24 16:44:54 gz /tmp/work/img/google/64/1f1f7-1f1f8.png -> /output/img/google/64/1f1f7-1f1f8.png.gz
2025/09/24 16:44:54 compress: run /usr/bin/zopflipng --iterations=60 --keepchunks=iCCP --lossy_transparent --splitting=3 -my /tmp/work/img/google/64/1f1f8-1f1ea.png /tmp/work/img/google/64/1f1f8-1f1ea.png
2025/09/24 16:44:57 Optimizing /tmp/work/img/google/64/1f1f7-1f1fc.png
Input size: 2973 (2K)
Result size: 2966 (2K). Percentage of original: 99.765%
Result is smaller


2025/09/24 16:44:57 algorithm: run /usr/bin/brotli --quality=11 --output=/output/img/google/64/1f1f7-1f1fc.png.br /tmp/work/img/google/64/1f1f7-1f1fc.png
2025/09/24 16:44:57 br /tmp/work/img/google/64/1f1f7-1f1fc.png -> /output/img/google/64/1f1f7-1f1fc.png.br
2025/09/24 16:44:57 gz /tmp/work/img/google/64/1f1f7-1f1fc.png -> /output/img/google/64/1f1f7-1f1fc.png.gz
2025/09/24 16:44:57 compress: run /usr/bin/zopflipng --iterations=60 --keepchunks=iCCP --lossy_transparent --splitting=3 -my /tmp/work/img/google/64/1f1f8-1f1ec.png /tmp/work/img/google/64/1f1f8-1f1ec.png
2025/09/24 16:44:57 Optimizing /tmp/work/img/google/64/1f1f8-1f1e9.png
Input size: 2470 (2K)
Result size: 2465 (2K). Percentage of original: 99.798%
Result is smaller


2025/09/24 16:44:57 algorithm: run /usr/bin/brotli --quality=11 --output=/output/img/google/64/1f1f8-1f1e9.png.br /tmp/work/img/google/64/1f1f8-1f1e9.png
2025/09/24 16:44:57 br /tmp/work/img/google/64/1f1f8-1f1e9.png -> /output/img/google/64/1f1f8-1f1e9.png.br
2025/09/24 16:44:57 gz /tmp/work/img/google/64/1f1f8-1f1e9.png -> /output/img/google/64/1f1f8-1f1e9.png.gz
2025/09/24 16:44:57 compress: run /usr/bin/zopflipng --iterations=60 --keepchunks=iCCP --lossy_transparent --splitting=3 -my /tmp/work/img/google/64/1f1f8-1f1ed.png /tmp/work/img/google/64/1f1f8-1f1ed.png
2025/09/24 16:44:57 Optimizing /tmp/work/img/google/64/1f1f8-1f1e7.png
Input size: 3721 (3K)
Result size: 3715 (3K). Percentage of original: 99.839%
Result is smaller


2025/09/24 16:44:57 algorithm: run /usr/bin/brotli --quality=11 --output=/output/img/google/64/1f1f8-1f1e7.png.br /tmp/work/img/google/64/1f1f8-1f1e7.png
2025/09/24 16:44:57 br /tmp/work/img/google/64/1f1f8-1f1e7.png -> /output/img/google/64/1f1f8-1f1e7.png.br
2025/09/24 16:44:57 gz /tmp/work/img/google/64/1f1f8-1f1e7.png -> /output/img/google/64/1f1f8-1f1e7.png.gz
2025/09/24 16:44:57 compress: run /usr/bin/zopflipng --iterations=60 --keepchunks=iCCP --lossy_transparent --splitting=3 -my /tmp/work/img/google/64/1f1f8-1f1ee.png /tmp/work/img/google/64/1f1f8-1f1ee.png
2025/09/24 16:44:57 Optimizing /tmp/work/img/google/64/1f1f7-1f1fa.png
Input size: 2524 (2K)
Result size: 2519 (2K). Percentage of original: 99.802%
Result is smaller


2025/09/24 16:44:57 algorithm: run /usr/bin/brotli --quality=11 --output=/output/img/google/64/1f1f7-1f1fa.png.br /tmp/work/img/google/64/1f1f7-1f1fa.png
2025/09/24 16:44:57 br /tmp/work/img/google/64/1f1f7-1f1fa.png -> /output/img/google/64/1f1f7-1f1fa.png.br
2025/09/24 16:44:57 gz /tmp/work/img/google/64/1f1f7-1f1fa.png -> /output/img/google/64/1f1f7-1f1fa.png.gz
2025/09/24 16:44:57 compress: run /usr/bin/zopflipng --iterations=60 --keepchunks=iCCP --lossy_transparent --splitting=3 -my /tmp/work/img/google/64/1f1f8-1f1ef.png /tmp/work/img/google/64/1f1f8-1f1ef.png
2025/09/24 16:44:58 Optimizing /tmp/work/img/google/64/1f1f8-1f1e8.png
Input size: 3403 (3K)
Result size: 3398 (3K). Percentage of original: 99.853%
Result is smaller


2025/09/24 16:44:58 algorithm: run /usr/bin/brotli --quality=11 --output=/output/img/google/64/1f1f8-1f1e8.png.br /tmp/work/img/google/64/1f1f8-1f1e8.png
2025/09/24 16:44:58 br /tmp/work/img/google/64/1f1f8-1f1e8.png -> /output/img/google/64/1f1f8-1f1e8.png.br
2025/09/24 16:44:58 gz /tmp/work/img/google/64/1f1f8-1f1e8.png -> /output/img/google/64/1f1f8-1f1e8.png.gz
2025/09/24 16:44:58 compress: run /usr/bin/zopflipng --iterations=60 --keepchunks=iCCP --lossy_transparent --splitting=3 -my /tmp/work/img/google/64/1f1f8-1f1f0.png /tmp/work/img/google/64/1f1f8-1f1f0.png
2025/09/24 16:44:58 Optimizing /tmp/work/img/google/64/1f1f8-1f1e6.png
Input size: 3220 (3K)
Result size: 3208 (3K). Percentage of original: 99.627%
Result is smaller


2025/09/24 16:44:58 algorithm: run /usr/bin/brotli --quality=11 --output=/output/img/google/64/1f1f8-1f1e6.png.br /tmp/work/img/google/64/1f1f8-1f1e6.png
2025/09/24 16:44:58 br /tmp/work/img/google/64/1f1f8-1f1e6.png -> /output/img/google/64/1f1f8-1f1e6.png.br
2025/09/24 16:44:58 gz /tmp/work/img/google/64/1f1f8-1f1e6.png -> /output/img/google/64/1f1f8-1f1e6.png.gz
2025/09/24 16:44:58 compress: run /usr/bin/zopflipng --iterations=60 --keepchunks=iCCP --lossy_transparent --splitting=3 -my /tmp/work/img/google/64/1f1f8-1f1f1.png /tmp/work/img/google/64/1f1f8-1f1f1.png
2025/09/24 16:44:59 Optimizing /tmp/work/img/google/64/1f1f8-1f1ea.png
Input size: 2704 (2K)
Result size: 2701 (2K). Percentage of original: 99.889%
Result is smaller


2025/09/24 16:44:59 algorithm: run /usr/bin/brotli --quality=11 --output=/output/img/google/64/1f1f8-1f1ea.png.br /tmp/work/img/google/64/1f1f8-1f1ea.png
2025/09/24 16:44:59 br /tmp/work/img/google/64/1f1f8-1f1ea.png -> /output/img/google/64/1f1f8-1f1ea.png.br
2025/09/24 16:44:59 gz /tmp/work/img/google/64/1f1f8-1f1ea.png -> /output/img/google/64/1f1f8-1f1ea.png.gz
2025/09/24 16:44:59 compress: run /usr/bin/zopflipng --iterations=60 --keepchunks=iCCP --lossy_transparent --splitting=3 -my /tmp/work/img/google/64/1f1f8-1f1f2.png /tmp/work/img/google/64/1f1f8-1f1f2.png
2025/09/24 16:45:02 Optimizing /tmp/work/img/google/64/1f1f7-1f1f4.png
Input size: 2047 (1K)
Result size: 2035 (1K). Percentage of original: 99.414%
Result is smaller


2025/09/24 16:45:02 algorithm: run /usr/bin/brotli --quality=11 --output=/output/img/google/64/1f1f7-1f1f4.png.br /tmp/work/img/google/64/1f1f7-1f1f4.png
2025/09/24 16:45:02 br /tmp/work/img/google/64/1f1f7-1f1f4.png -> /output/img/google/64/1f1f7-1f1f4.png.br
2025/09/24 16:45:02 gz /tmp/work/img/google/64/1f1f7-1f1f4.png -> /output/img/google/64/1f1f7-1f1f4.png.gz
2025/09/24 16:45:02 compress: run /usr/bin/zopflipng --iterations=60 --keepchunks=iCCP --lossy_transparent --splitting=3 -my /tmp/work/img/google/64/1f1f8-1f1f3.png /tmp/work/img/google/64/1f1f8-1f1f3.png
2025/09/24 16:45:02 Optimizing /tmp/work/img/google/64/1f1f8-1f1ed.png
Input size: 4013 (3K)
Result size: 4011 (3K). Percentage of original: 99.950%
Result is smaller


2025/09/24 16:45:02 algorithm: run /usr/bin/brotli --quality=11 --output=/output/img/google/64/1f1f8-1f1ed.png.br /tmp/work/img/google/64/1f1f8-1f1ed.png
2025/09/24 16:45:02 br /tmp/work/img/google/64/1f1f8-1f1ed.png -> /output/img/google/64/1f1f8-1f1ed.png.br
2025/09/24 16:45:02 gz /tmp/work/img/google/64/1f1f8-1f1ed.png -> /output/img/google/64/1f1f8-1f1ed.png.gz
2025/09/24 16:45:02 compress: run /usr/bin/zopflipng --iterations=60 --keepchunks=iCCP --lossy_transparent --splitting=3 -my /tmp/work/img/google/64/1f1f8-1f1f4.png /tmp/work/img/google/64/1f1f8-1f1f4.png
2025/09/24 16:45:02 Optimizing /tmp/work/img/google/64/1f1f8-1f1ee.png
Input size: 2929 (2K)
Result size: 2928 (2K). Percentage of original: 99.966%
Result is smaller


2025/09/24 16:45:02 algorithm: run /usr/bin/brotli --quality=11 --output=/output/img/google/64/1f1f8-1f1ee.png.br /tmp/work/img/google/64/1f1f8-1f1ee.png
2025/09/24 16:45:02 br /tmp/work/img/google/64/1f1f8-1f1ee.png -> /output/img/google/64/1f1f8-1f1ee.png.br
2025/09/24 16:45:02 gz /tmp/work/img/google/64/1f1f8-1f1ee.png -> /output/img/google/64/1f1f8-1f1ee.png.gz
2025/09/24 16:45:02 compress: run /usr/bin/zopflipng --iterations=60 --keepchunks=iCCP --lossy_transparent --splitting=3 -my /tmp/work/img/google/64/1f1f8-1f1f7.png /tmp/work/img/google/64/1f1f8-1f1f7.png
2025/09/24 16:45:02 Optimizing /tmp/work/img/google/64/1f1f8-1f1ec.png
Input size: 2627 (2K)
Result size: 2622 (2K). Percentage of original: 99.810%
Result is smaller


2025/09/24 16:45:02 algorithm: run /usr/bin/brotli --quality=11 --output=/output/img/google/64/1f1f8-1f1ec.png.br /tmp/work/img/google/64/1f1f8-1f1ec.png
2025/09/24 16:45:02 br /tmp/work/img/google/64/1f1f8-1f1ec.png -> /output/img/google/64/1f1f8-1f1ec.png.br
2025/09/24 16:45:02 gz /tmp/work/img/google/64/1f1f8-1f1ec.png -> /output/img/google/64/1f1f8-1f1ec.png.gz
2025/09/24 16:45:02 compress: run /usr/bin/zopflipng --iterations=60 --keepchunks=iCCP --lossy_transparent --splitting=3 -my /tmp/work/img/google/64/1f1f8-1f1f8.png /tmp/work/img/google/64/1f1f8-1f1f8.png
2025/09/24 16:45:02 Optimizing /tmp/work/img/google/64/1f1f8-1f1ef.png
Input size: 3588 (3K)
Result size: 3587 (3K). Percentage of original: 99.972%
Result is smaller


2025/09/24 16:45:02 algorithm: run /usr/bin/brotli --quality=11 --output=/output/img/google/64/1f1f8-1f1ef.png.br /tmp/work/img/google/64/1f1f8-1f1ef.png
2025/09/24 16:45:02 br /tmp/work/img/google/64/1f1f8-1f1ef.png -> /output/img/google/64/1f1f8-1f1ef.png.br
2025/09/24 16:45:02 gz /tmp/work/img/google/64/1f1f8-1f1ef.png -> /output/img/google/64/1f1f8-1f1ef.png.gz
2025/09/24 16:45:02 compress: run /usr/bin/zopflipng --iterations=60 --keepchunks=iCCP --lossy_transparent --splitting=3 -my /tmp/work/img/google/64/1f1f8-1f1f9.png /tmp/work/img/google/64/1f1f8-1f1f9.png
2025/09/24 16:45:03 Optimizing /tmp/work/img/google/64/1f1f8-1f1f1.png
Input size: 2553 (2K)
Result size: 2543 (2K). Percentage of original: 99.608%
Result is smaller


2025/09/24 16:45:03 algorithm: run /usr/bin/brotli --quality=11 --output=/output/img/google/64/1f1f8-1f1f1.png.br /tmp/work/img/google/64/1f1f8-1f1f1.png
2025/09/24 16:45:03 br /tmp/work/img/google/64/1f1f8-1f1f1.png -> /output/img/google/64/1f1f8-1f1f1.png.br
2025/09/24 16:45:03 gz /tmp/work/img/google/64/1f1f8-1f1f1.png -> /output/img/google/64/1f1f8-1f1f1.png.gz
2025/09/24 16:45:03 compress: run /usr/bin/zopflipng --iterations=60 --keepchunks=iCCP --lossy_transparent --splitting=3 -my /tmp/work/img/google/64/1f1f8-1f1fb.png /tmp/work/img/google/64/1f1f8-1f1fb.png
2025/09/24 16:45:05 Optimizing /tmp/work/img/google/64/1f1f8-1f1f2.png
Input size: 3159 (3K)
Result size: 3153 (3K). Percentage of original: 99.810%
Result is smaller


2025/09/24 16:45:05 algorithm: run /usr/bin/brotli --quality=11 --output=/output/img/google/64/1f1f8-1f1f2.png.br /tmp/work/img/google/64/1f1f8-1f1f2.png
2025/09/24 16:45:05 br /tmp/work/img/google/64/1f1f8-1f1f2.png -> /output/img/google/64/1f1f8-1f1f2.png.br
2025/09/24 16:45:05 gz /tmp/work/img/google/64/1f1f8-1f1f2.png -> /output/img/google/64/1f1f8-1f1f2.png.gz
2025/09/24 16:45:05 compress: run /usr/bin/zopflipng --iterations=60 --keepchunks=iCCP --lossy_transparent --splitting=3 -my /tmp/work/img/google/64/1f1f8-1f1fd.png /tmp/work/img/google/64/1f1f8-1f1fd.png
2025/09/24 16:45:05 Optimizing /tmp/work/img/google/64/1f1f8-1f1f0.png
Input size: 3384 (3K)
Result size: 3384 (3K). Percentage of original: 100.000%
Result has exact same size


2025/09/24 16:45:05 algorithm: run /usr/bin/brotli --quality=11 --output=/output/img/google/64/1f1f8-1f1f0.png.br /tmp/work/img/google/64/1f1f8-1f1f0.png
2025/09/24 16:45:05 br /tmp/work/img/google/64/1f1f8-1f1f0.png -> /output/img/google/64/1f1f8-1f1f0.png.br
2025/09/24 16:45:05 gz /tmp/work/img/google/64/1f1f8-1f1f0.png -> /output/img/google/64/1f1f8-1f1f0.png.gz
2025/09/24 16:45:05 compress: run /usr/bin/zopflipng --iterations=60 --keepchunks=iCCP --lossy_transparent --splitting=3 -my /tmp/work/img/google/64/1f1f8-1f1fe.png /tmp/work/img/google/64/1f1f8-1f1fe.png
2025/09/24 16:45:06 Optimizing /tmp/work/img/google/64/1f1f8-1f1f4.png
Input size: 2633 (2K)
Result size: 2628 (2K). Percentage of original: 99.810%
Result is smaller


2025/09/24 16:45:06 algorithm: run /usr/bin/brotli --quality=11 --output=/output/img/google/64/1f1f8-1f1f4.png.br /tmp/work/img/google/64/1f1f8-1f1f4.png
2025/09/24 16:45:06 br /tmp/work/img/google/64/1f1f8-1f1f4.png -> /output/img/google/64/1f1f8-1f1f4.png.br
2025/09/24 16:45:06 gz /tmp/work/img/google/64/1f1f8-1f1f4.png -> /output/img/google/64/1f1f8-1f1f4.png.gz
2025/09/24 16:45:06 compress: run /usr/bin/zopflipng --iterations=60 --keepchunks=iCCP --lossy_transparent --splitting=3 -my /tmp/work/img/google/64/1f1f8-1f1ff.png /tmp/work/img/google/64/1f1f8-1f1ff.png
2025/09/24 16:45:07 Optimizing /tmp/work/img/google/64/1f1f8-1f1f8.png
Input size: 3490 (3K)
Result size: 3486 (3K). Percentage of original: 99.885%
Result is smaller


2025/09/24 16:45:07 algorithm: run /usr/bin/brotli --quality=11 --output=/output/img/google/64/1f1f8-1f1f8.png.br /tmp/work/img/google/64/1f1f8-1f1f8.png
2025/09/24 16:45:07 br /tmp/work/img/google/64/1f1f8-1f1f8.png -> /output/img/google/64/1f1f8-1f1f8.png.br
2025/09/24 16:45:07 gz /tmp/work/img/google/64/1f1f8-1f1f8.png -> /output/img/google/64/1f1f8-1f1f8.png.gz
2025/09/24 16:45:07 compress: run /usr/bin/zopflipng --iterations=60 --keepchunks=iCCP --lossy_transparent --splitting=3 -my /tmp/work/img/google/64/1f1f9-1f1e6.png /tmp/work/img/google/64/1f1f9-1f1e6.png
2025/09/24 16:45:07 Optimizing /tmp/work/img/google/64/1f1f8-1f1f9.png
Input size: 3298 (3K)
Result size: 3289 (3K). Percentage of original: 99.727%
Result is smaller


2025/09/24 16:45:07 algorithm: run /usr/bin/brotli --quality=11 --output=/output/img/google/64/1f1f8-1f1f9.png.br /tmp/work/img/google/64/1f1f8-1f1f9.png
2025/09/24 16:45:07 br /tmp/work/img/google/64/1f1f8-1f1f9.png -> /output/img/google/64/1f1f8-1f1f9.png.br
2025/09/24 16:45:07 gz /tmp/work/img/google/64/1f1f8-1f1f9.png -> /output/img/google/64/1f1f8-1f1f9.png.gz
2025/09/24 16:45:07 compress: run /usr/bin/zopflipng --iterations=60 --keepchunks=iCCP --lossy_transparent --splitting=3 -my /tmp/work/img/google/64/1f1f9-1f1e8.png /tmp/work/img/google/64/1f1f9-1f1e8.png
2025/09/24 16:45:08 Optimizing /tmp/work/img/google/64/1f1f8-1f1f3.png
Input size: 2468 (2K)
Result size: 2459 (2K). Percentage of original: 99.635%
Result is smaller


2025/09/24 16:45:08 algorithm: run /usr/bin/brotli --quality=11 --output=/output/img/google/64/1f1f8-1f1f3.png.br /tmp/work/img/google/64/1f1f8-1f1f3.png
2025/09/24 16:45:08 br /tmp/work/img/google/64/1f1f8-1f1f3.png -> /output/img/google/64/1f1f8-1f1f3.png.br
2025/09/24 16:45:08 gz /tmp/work/img/google/64/1f1f8-1f1f3.png -> /output/img/google/64/1f1f8-1f1f3.png.gz
2025/09/24 16:45:08 compress: run /usr/bin/zopflipng --iterations=60 --keepchunks=iCCP --lossy_transparent --splitting=3 -my /tmp/work/img/google/64/1f1f9-1f1e9.png /tmp/work/img/google/64/1f1f9-1f1e9.png
2025/09/24 16:45:08 Optimizing /tmp/work/img/google/64/1f1f8-1f1f7.png
Input size: 3803 (3K)
Result size: 3797 (3K). Percentage of original: 99.842%
Result is smaller


2025/09/24 16:45:08 algorithm: run /usr/bin/brotli --quality=11 --output=/output/img/google/64/1f1f8-1f1f7.png.br /tmp/work/img/google/64/1f1f8-1f1f7.png
2025/09/24 16:45:08 br /tmp/work/img/google/64/1f1f8-1f1f7.png -> /output/img/google/64/1f1f8-1f1f7.png.br
2025/09/24 16:45:08 gz /tmp/work/img/google/64/1f1f8-1f1f7.png -> /output/img/google/64/1f1f8-1f1f7.png.gz
2025/09/24 16:45:08 compress: run /usr/bin/zopflipng --iterations=60 --keepchunks=iCCP --lossy_transparent --splitting=3 -my /tmp/work/img/google/64/1f1f9-1f1eb.png /tmp/work/img/google/64/1f1f9-1f1eb.png
2025/09/24 16:45:08 Optimizing /tmp/work/img/google/64/1f1f8-1f1fb.png
Input size: 2956 (2K)
Result size: 2952 (2K). Percentage of original: 99.865%
Result is smaller


2025/09/24 16:45:08 algorithm: run /usr/bin/brotli --quality=11 --output=/output/img/google/64/1f1f8-1f1fb.png.br /tmp/work/img/google/64/1f1f8-1f1fb.png
2025/09/24 16:45:08 br /tmp/work/img/google/64/1f1f8-1f1fb.png -> /output/img/google/64/1f1f8-1f1fb.png.br
2025/09/24 16:45:08 gz /tmp/work/img/google/64/1f1f8-1f1fb.png -> /output/img/google/64/1f1f8-1f1fb.png.gz
2025/09/24 16:45:08 compress: run /usr/bin/zopflipng --iterations=60 --keepchunks=iCCP --lossy_transparent --splitting=3 -my /tmp/work/img/google/64/1f1f9-1f1ec.png /tmp/work/img/google/64/1f1f9-1f1ec.png
2025/09/24 16:45:10 Optimizing /tmp/work/img/google/64/1f1f8-1f1fd.png
Input size: 3342 (3K)
Result size: 3342 (3K). Percentage of original: 100.000%
Result has exact same size


2025/09/24 16:45:10 algorithm: run /usr/bin/brotli --quality=11 --output=/output/img/google/64/1f1f8-1f1fd.png.br /tmp/work/img/google/64/1f1f8-1f1fd.png
2025/09/24 16:45:10 br /tmp/work/img/google/64/1f1f8-1f1fd.png -> /output/img/google/64/1f1f8-1f1fd.png.br
2025/09/24 16:45:10 gz /tmp/work/img/google/64/1f1f8-1f1fd.png -> /output/img/google/64/1f1f8-1f1fd.png.gz
2025/09/24 16:45:10 compress: run /usr/bin/zopflipng --iterations=60 --keepchunks=iCCP --lossy_transparent --splitting=3 -my /tmp/work/img/google/64/1f1f9-1f1ed.png /tmp/work/img/google/64/1f1f9-1f1ed.png
2025/09/24 16:45:11 Optimizing /tmp/work/img/google/64/1f1f8-1f1ff.png
Input size: 4901 (4K)
Result size: 4897 (4K). Percentage of original: 99.918%
Result is smaller


2025/09/24 16:45:11 algorithm: run /usr/bin/brotli --quality=11 --output=/output/img/google/64/1f1f8-1f1ff.png.br /tmp/work/img/google/64/1f1f8-1f1ff.png
2025/09/24 16:45:11 br /tmp/work/img/google/64/1f1f8-1f1ff.png -> /output/img/google/64/1f1f8-1f1ff.png.br
2025/09/24 16:45:11 gz /tmp/work/img/google/64/1f1f8-1f1ff.png -> /output/img/google/64/1f1f8-1f1ff.png.gz
2025/09/24 16:45:11 compress: run /usr/bin/zopflipng --iterations=60 --keepchunks=iCCP --lossy_transparent --splitting=3 -my /tmp/work/img/google/64/1f1f9-1f1ef.png /tmp/work/img/google/64/1f1f9-1f1ef.png
2025/09/24 16:45:11 Optimizing /tmp/work/img/google/64/1f1f9-1f1e6.png
Input size: 5075 (4K)
Result size: 5072 (4K). Percentage of original: 99.941%
Result is smaller


2025/09/24 16:45:11 algorithm: run /usr/bin/brotli --quality=11 --output=/output/img/google/64/1f1f9-1f1e6.png.br /tmp/work/img/google/64/1f1f9-1f1e6.png
2025/09/24 16:45:11 br /tmp/work/img/google/64/1f1f9-1f1e6.png -> /output/img/google/64/1f1f9-1f1e6.png.br
2025/09/24 16:45:11 gz /tmp/work/img/google/64/1f1f9-1f1e6.png -> /output/img/google/64/1f1f9-1f1e6.png.gz
2025/09/24 16:45:11 compress: run /usr/bin/zopflipng --iterations=60 --keepchunks=iCCP --lossy_transparent --splitting=3 -my /tmp/work/img/google/64/1f1f9-1f1f0.png /tmp/work/img/google/64/1f1f9-1f1f0.png
2025/09/24 16:45:11 Optimizing /tmp/work/img/google/64/1f1f9-1f1e8.png
Input size: 4025 (3K)
Result size: 4020 (3K). Percentage of original: 99.876%
Result is smaller


2025/09/24 16:45:11 algorithm: run /usr/bin/brotli --quality=11 --output=/output/img/google/64/1f1f9-1f1e8.png.br /tmp/work/img/google/64/1f1f9-1f1e8.png
2025/09/24 16:45:11 br /tmp/work/img/google/64/1f1f9-1f1e8.png -> /output/img/google/64/1f1f9-1f1e8.png.br
2025/09/24 16:45:11 gz /tmp/work/img/google/64/1f1f9-1f1e8.png -> /output/img/google/64/1f1f9-1f1e8.png.gz
2025/09/24 16:45:11 compress: run /usr/bin/zopflipng --iterations=60 --keepchunks=iCCP --lossy_transparent --splitting=3 -my /tmp/work/img/google/64/1f1f9-1f1f1.png /tmp/work/img/google/64/1f1f9-1f1f1.png
2025/09/24 16:45:14 Optimizing /tmp/work/img/google/64/1f1f9-1f1ec.png
Input size: 3478 (3K)
Result size: 3468 (3K). Percentage of original: 99.712%
Result is smaller


2025/09/24 16:45:14 algorithm: run /usr/bin/brotli --quality=11 --output=/output/img/google/64/1f1f9-1f1ec.png.br /tmp/work/img/google/64/1f1f9-1f1ec.png
2025/09/24 16:45:14 br /tmp/work/img/google/64/1f1f9-1f1ec.png -> /output/img/google/64/1f1f9-1f1ec.png.br
2025/09/24 16:45:14 gz /tmp/work/img/google/64/1f1f9-1f1ec.png -> /output/img/google/64/1f1f9-1f1ec.png.gz
2025/09/24 16:45:14 compress: run /usr/bin/zopflipng --iterations=60 --keepchunks=iCCP --lossy_transparent --splitting=3 -my /tmp/work/img/google/64/1f1f9-1f1f2.png /tmp/work/img/google/64/1f1f9-1f1f2.png
2025/09/24 16:45:14 Optimizing /tmp/work/img/google/64/1f1f9-1f1eb.png
Input size: 3063 (2K)
Result size: 3061 (2K). Percentage of original: 99.935%
Result is smaller


2025/09/24 16:45:14 algorithm: run /usr/bin/brotli --quality=11 --output=/output/img/google/64/1f1f9-1f1eb.png.br /tmp/work/img/google/64/1f1f9-1f1eb.png
2025/09/24 16:45:14 br /tmp/work/img/google/64/1f1f9-1f1eb.png -> /output/img/google/64/1f1f9-1f1eb.png.br
2025/09/24 16:45:14 gz /tmp/work/img/google/64/1f1f9-1f1eb.png -> /output/img/google/64/1f1f9-1f1eb.png.gz
2025/09/24 16:45:14 compress: run /usr/bin/zopflipng --iterations=60 --keepchunks=iCCP --lossy_transparent --splitting=3 -my /tmp/work/img/google/64/1f1f9-1f1f3.png /tmp/work/img/google/64/1f1f9-1f1f3.png
2025/09/24 16:45:14 Optimizing /tmp/work/img/google/64/1f1f9-1f1ed.png
Input size: 3400 (3K)
Result size: 3395 (3K). Percentage of original: 99.853%
Result is smaller


2025/09/24 16:45:14 algorithm: run /usr/bin/brotli --quality=11 --output=/output/img/google/64/1f1f9-1f1ed.png.br /tmp/work/img/google/64/1f1f9-1f1ed.png
2025/09/24 16:45:14 br /tmp/work/img/google/64/1f1f9-1f1ed.png -> /output/img/google/64/1f1f9-1f1ed.png.br
2025/09/24 16:45:14 gz /tmp/work/img/google/64/1f1f9-1f1ed.png -> /output/img/google/64/1f1f9-1f1ed.png.gz
2025/09/24 16:45:14 compress: run /usr/bin/zopflipng --iterations=60 --keepchunks=iCCP --lossy_transparent --splitting=3 -my /tmp/work/img/google/64/1f1f9-1f1f4.png /tmp/work/img/google/64/1f1f9-1f1f4.png
2025/09/24 16:45:16 Optimizing /tmp/work/img/google/64/1f1f9-1f1ef.png
Input size: 2555 (2K)
Result size: 2553 (2K). Percentage of original: 99.922%
Result is smaller


2025/09/24 16:45:16 algorithm: run /usr/bin/brotli --quality=11 --output=/output/img/google/64/1f1f9-1f1ef.png.br /tmp/work/img/google/64/1f1f9-1f1ef.png
2025/09/24 16:45:17 br /tmp/work/img/google/64/1f1f9-1f1ef.png -> /output/img/google/64/1f1f9-1f1ef.png.br
2025/09/24 16:45:17 gz /tmp/work/img/google/64/1f1f9-1f1ef.png -> /output/img/google/64/1f1f9-1f1ef.png.gz
2025/09/24 16:45:17 compress: run /usr/bin/zopflipng --iterations=60 --keepchunks=iCCP --lossy_transparent --splitting=3 -my /tmp/work/img/google/64/1f1f9-1f1f7.png /tmp/work/img/google/64/1f1f9-1f1f7.png
2025/09/24 16:45:17 Optimizing /tmp/work/img/google/64/1f1f8-1f1fe.png
Input size: 2786 (2K)
Result size: 2784 (2K). Percentage of original: 99.928%
Result is smaller


2025/09/24 16:45:17 algorithm: run /usr/bin/brotli --quality=11 --output=/output/img/google/64/1f1f8-1f1fe.png.br /tmp/work/img/google/64/1f1f8-1f1fe.png
2025/09/24 16:45:17 br /tmp/work/img/google/64/1f1f8-1f1fe.png -> /output/img/google/64/1f1f8-1f1fe.png.br
2025/09/24 16:45:17 gz /tmp/work/img/google/64/1f1f8-1f1fe.png -> /output/img/google/64/1f1f8-1f1fe.png.gz
2025/09/24 16:45:17 compress: run /usr/bin/zopflipng --iterations=60 --keepchunks=iCCP --lossy_transparent --splitting=3 -my /tmp/work/img/google/64/1f1f9-1f1f9.png /tmp/work/img/google/64/1f1f9-1f1f9.png
2025/09/24 16:45:17 Optimizing /tmp/work/img/google/64/1f1f9-1f1f1.png
Input size: 3088 (3K)
Result size: 3085 (3K). Percentage of original: 99.903%
Result is smaller


2025/09/24 16:45:17 algorithm: run /usr/bin/brotli --quality=11 --output=/output/img/google/64/1f1f9-1f1f1.png.br /tmp/work/img/google/64/1f1f9-1f1f1.png
2025/09/24 16:45:17 br /tmp/work/img/google/64/1f1f9-1f1f1.png -> /output/img/google/64/1f1f9-1f1f1.png.br
2025/09/24 16:45:17 gz /tmp/work/img/google/64/1f1f9-1f1f1.png -> /output/img/google/64/1f1f9-1f1f1.png.gz
2025/09/24 16:45:17 compress: run /usr/bin/zopflipng --iterations=60 --keepchunks=iCCP --lossy_transparent --splitting=3 -my /tmp/work/img/google/64/1f1f9-1f1fb.png /tmp/work/img/google/64/1f1f9-1f1fb.png
2025/09/24 16:45:17 Optimizing /tmp/work/img/google/64/1f1f9-1f1f0.png
Input size: 3270 (3K)
Result size: 3264 (3K). Percentage of original: 99.817%
Result is smaller


2025/09/24 16:45:17 algorithm: run /usr/bin/brotli --quality=11 --output=/output/img/google/64/1f1f9-1f1f0.png.br /tmp/work/img/google/64/1f1f9-1f1f0.png
2025/09/24 16:45:17 br /tmp/work/img/google/64/1f1f9-1f1f0.png -> /output/img/google/64/1f1f9-1f1f0.png.br
2025/09/24 16:45:17 gz /tmp/work/img/google/64/1f1f9-1f1f0.png -> /output/img/google/64/1f1f9-1f1f0.png.gz
2025/09/24 16:45:17 compress: run /usr/bin/zopflipng --iterations=60 --keepchunks=iCCP --lossy_transparent --splitting=3 -my /tmp/work/img/google/64/1f1f9-1f1fc.png /tmp/work/img/google/64/1f1f9-1f1fc.png
2025/09/24 16:45:18 Optimizing /tmp/work/img/google/64/1f1f9-1f1f2.png
Input size: 3579 (3K)
Result size: 3578 (3K). Percentage of original: 99.972%
Result is smaller


2025/09/24 16:45:18 algorithm: run /usr/bin/brotli --quality=11 --output=/output/img/google/64/1f1f9-1f1f2.png.br /tmp/work/img/google/64/1f1f9-1f1f2.png
2025/09/24 16:45:18 br /tmp/work/img/google/64/1f1f9-1f1f2.png -> /output/img/google/64/1f1f9-1f1f2.png.br
2025/09/24 16:45:18 gz /tmp/work/img/google/64/1f1f9-1f1f2.png -> /output/img/google/64/1f1f9-1f1f2.png.gz
2025/09/24 16:45:18 compress: run /usr/bin/zopflipng --iterations=60 --keepchunks=iCCP --lossy_transparent --splitting=3 -my /tmp/work/img/google/64/1f1f9-1f1ff.png /tmp/work/img/google/64/1f1f9-1f1ff.png
2025/09/24 16:45:20 Optimizing /tmp/work/img/google/64/1f1f9-1f1f3.png
Input size: 2774 (2K)
Result size: 2770 (2K). Percentage of original: 99.856%
Result is smaller


2025/09/24 16:45:20 algorithm: run /usr/bin/brotli --quality=11 --output=/output/img/google/64/1f1f9-1f1f3.png.br /tmp/work/img/google/64/1f1f9-1f1f3.png
2025/09/24 16:45:20 br /tmp/work/img/google/64/1f1f9-1f1f3.png -> /output/img/google/64/1f1f9-1f1f3.png.br
2025/09/24 16:45:20 gz /tmp/work/img/google/64/1f1f9-1f1f3.png -> /output/img/google/64/1f1f9-1f1f3.png.gz
2025/09/24 16:45:20 compress: run /usr/bin/zopflipng --iterations=60 --keepchunks=iCCP --lossy_transparent --splitting=3 -my /tmp/work/img/google/64/1f1fa-1f1e6.png /tmp/work/img/google/64/1f1fa-1f1e6.png
2025/09/24 16:45:20 Optimizing /tmp/work/img/google/64/1f1f9-1f1f4.png
Input size: 1907 (1K)
Result size: 1906 (1K). Percentage of original: 99.948%
Result is smaller


2025/09/24 16:45:20 algorithm: run /usr/bin/brotli --quality=11 --output=/output/img/google/64/1f1f9-1f1f4.png.br /tmp/work/img/google/64/1f1f9-1f1f4.png
2025/09/24 16:45:20 br /tmp/work/img/google/64/1f1f9-1f1f4.png -> /output/img/google/64/1f1f9-1f1f4.png.br
2025/09/24 16:45:20 gz /tmp/work/img/google/64/1f1f9-1f1f4.png -> /output/img/google/64/1f1f9-1f1f4.png.gz
2025/09/24 16:45:20 compress: run /usr/bin/zopflipng --iterations=60 --keepchunks=iCCP --lossy_transparent --splitting=3 -my /tmp/work/img/google/64/1f1fa-1f1ec.png /tmp/work/img/google/64/1f1fa-1f1ec.png
2025/09/24 16:45:20 Optimizing /tmp/work/img/google/64/1f1f9-1f1f9.png
Input size: 3819 (3K)
Result size: 3814 (3K). Percentage of original: 99.869%
Result is smaller


2025/09/24 16:45:20 algorithm: run /usr/bin/brotli --quality=11 --output=/output/img/google/64/1f1f9-1f1f9.png.br /tmp/work/img/google/64/1f1f9-1f1f9.png
2025/09/24 16:45:20 br /tmp/work/img/google/64/1f1f9-1f1f9.png -> /output/img/google/64/1f1f9-1f1f9.png.br
2025/09/24 16:45:20 gz /tmp/work/img/google/64/1f1f9-1f1f9.png -> /output/img/google/64/1f1f9-1f1f9.png.gz
2025/09/24 16:45:20 compress: run /usr/bin/zopflipng --iterations=60 --keepchunks=iCCP --lossy_transparent --splitting=3 -my /tmp/work/img/google/64/1f1fa-1f1f2.png /tmp/work/img/google/64/1f1fa-1f1f2.png
2025/09/24 16:45:21 Optimizing /tmp/work/img/google/64/1f1f9-1f1fb.png
Input size: 4739 (4K)
Result size: 4737 (4K). Percentage of original: 99.958%
Result is smaller


2025/09/24 16:45:21 algorithm: run /usr/bin/brotli --quality=11 --output=/output/img/google/64/1f1f9-1f1fb.png.br /tmp/work/img/google/64/1f1f9-1f1fb.png
2025/09/24 16:45:21 br /tmp/work/img/google/64/1f1f9-1f1fb.png -> /output/img/google/64/1f1f9-1f1fb.png.br
2025/09/24 16:45:21 gz /tmp/work/img/google/64/1f1f9-1f1fb.png -> /output/img/google/64/1f1f9-1f1fb.png.gz
2025/09/24 16:45:21 compress: run /usr/bin/zopflipng --iterations=60 --keepchunks=iCCP --lossy_transparent --splitting=3 -my /tmp/work/img/google/64/1f1fa-1f1f3.png /tmp/work/img/google/64/1f1fa-1f1f3.png
2025/09/24 16:45:21 Optimizing /tmp/work/img/google/64/1f1f9-1f1e9.png
Input size: 2004 (1K)
Result size: 1992 (1K). Percentage of original: 99.401%
Result is smaller


2025/09/24 16:45:21 algorithm: run /usr/bin/brotli --quality=11 --output=/output/img/google/64/1f1f9-1f1e9.png.br /tmp/work/img/google/64/1f1f9-1f1e9.png
2025/09/24 16:45:21 br /tmp/work/img/google/64/1f1f9-1f1e9.png -> /output/img/google/64/1f1f9-1f1e9.png.br
2025/09/24 16:45:21 gz /tmp/work/img/google/64/1f1f9-1f1e9.png -> /output/img/google/64/1f1f9-1f1e9.png.gz
2025/09/24 16:45:21 compress: run /usr/bin/zopflipng --iterations=60 --keepchunks=iCCP --lossy_transparent --splitting=3 -my /tmp/work/img/google/64/1f1fa-1f1f8.png /tmp/work/img/google/64/1f1fa-1f1f8.png
2025/09/24 16:45:22 Optimizing /tmp/work/img/google/64/1f1f9-1f1f7.png
Input size: 2819 (2K)
Result size: 2811 (2K). Percentage of original: 99.716%
Result is smaller


2025/09/24 16:45:22 algorithm: run /usr/bin/brotli --quality=11 --output=/output/img/google/64/1f1f9-1f1f7.png.br /tmp/work/img/google/64/1f1f9-1f1f7.png
2025/09/24 16:45:22 br /tmp/work/img/google/64/1f1f9-1f1f7.png -> /output/img/google/64/1f1f9-1f1f7.png.br
2025/09/24 16:45:22 gz /tmp/work/img/google/64/1f1f9-1f1f7.png -> /output/img/google/64/1f1f9-1f1f7.png.gz
2025/09/24 16:45:22 compress: run /usr/bin/zopflipng --iterations=60 --keepchunks=iCCP --lossy_transparent --splitting=3 -my /tmp/work/img/google/64/1f1fa-1f1fe.png /tmp/work/img/google/64/1f1fa-1f1fe.png
2025/09/24 16:45:22 Optimizing /tmp/work/img/google/64/1f1f9-1f1ff.png
Input size: 3468 (3K)
Result size: 3464 (3K). Percentage of original: 99.885%
Result is smaller


2025/09/24 16:45:22 algorithm: run /usr/bin/brotli --quality=11 --output=/output/img/google/64/1f1f9-1f1ff.png.br /tmp/work/img/google/64/1f1f9-1f1ff.png
2025/09/24 16:45:22 br /tmp/work/img/google/64/1f1f9-1f1ff.png -> /output/img/google/64/1f1f9-1f1ff.png.br
2025/09/24 16:45:22 gz /tmp/work/img/google/64/1f1f9-1f1ff.png -> /output/img/google/64/1f1f9-1f1ff.png.gz
2025/09/24 16:45:22 compress: run /usr/bin/zopflipng --iterations=60 --keepchunks=iCCP --lossy_transparent --splitting=3 -my /tmp/work/img/google/64/1f1fa-1f1ff.png /tmp/work/img/google/64/1f1fa-1f1ff.png
2025/09/24 16:45:23 Optimizing /tmp/work/img/google/64/1f1f9-1f1fc.png
Input size: 2046 (1K)
Result size: 2044 (1K). Percentage of original: 99.902%
Result is smaller


2025/09/24 16:45:23 algorithm: run /usr/bin/brotli --quality=11 --output=/output/img/google/64/1f1f9-1f1fc.png.br /tmp/work/img/google/64/1f1f9-1f1fc.png
2025/09/24 16:45:23 br /tmp/work/img/google/64/1f1f9-1f1fc.png -> /output/img/google/64/1f1f9-1f1fc.png.br
2025/09/24 16:45:23 gz /tmp/work/img/google/64/1f1f9-1f1fc.png -> /output/img/google/64/1f1f9-1f1fc.png.gz
2025/09/24 16:45:23 compress: run /usr/bin/zopflipng --iterations=60 --keepchunks=iCCP --lossy_transparent --splitting=3 -my /tmp/work/img/google/64/1f1fb-1f1e6.png /tmp/work/img/google/64/1f1fb-1f1e6.png
2025/09/24 16:45:25 Optimizing /tmp/work/img/google/64/1f1fa-1f1e6.png
Input size: 2125 (2K)
Result size: 2120 (2K). Percentage of original: 99.765%
Result is smaller


2025/09/24 16:45:25 algorithm: run /usr/bin/brotli --quality=11 --output=/output/img/google/64/1f1fa-1f1e6.png.br /tmp/work/img/google/64/1f1fa-1f1e6.png
2025/09/24 16:45:25 br /tmp/work/img/google/64/1f1fa-1f1e6.png -> /output/img/google/64/1f1fa-1f1e6.png.br
2025/09/24 16:45:25 gz /tmp/work/img/google/64/1f1fa-1f1e6.png -> /output/img/google/64/1f1fa-1f1e6.png.gz
2025/09/24 16:45:25 compress: run /usr/bin/zopflipng --iterations=60 --keepchunks=iCCP --lossy_transparent --splitting=3 -my /tmp/work/img/google/64/1f1fb-1f1e8.png /tmp/work/img/google/64/1f1fb-1f1e8.png
2025/09/24 16:45:25 Optimizing /tmp/work/img/google/64/1f1fa-1f1ec.png
Input size: 3263 (3K)
Result size: 3253 (3K). Percentage of original: 99.694%
Result is smaller


2025/09/24 16:45:25 algorithm: run /usr/bin/brotli --quality=11 --output=/output/img/google/64/1f1fa-1f1ec.png.br /tmp/work/img/google/64/1f1fa-1f1ec.png
2025/09/24 16:45:25 br /tmp/work/img/google/64/1f1fa-1f1ec.png -> /output/img/google/64/1f1fa-1f1ec.png.br
2025/09/24 16:45:25 gz /tmp/work/img/google/64/1f1fa-1f1ec.png -> /output/img/google/64/1f1fa-1f1ec.png.gz
2025/09/24 16:45:25 compress: run /usr/bin/zopflipng --iterations=60 --keepchunks=iCCP --lossy_transparent --splitting=3 -my /tmp/work/img/google/64/1f1fb-1f1ea.png /tmp/work/img/google/64/1f1fb-1f1ea.png
2025/09/24 16:45:26 Optimizing /tmp/work/img/google/64/1f1fa-1f1f2.png
Input size: 5820 (5K)
Result size: 5832 (5K). Percentage of original: 100.206%
Preserving original PNG since it was smaller


2025/09/24 16:45:26 algorithm: run /usr/bin/brotli --quality=11 --output=/output/img/google/64/1f1fa-1f1f2.png.br /tmp/work/img/google/64/1f1fa-1f1f2.png
2025/09/24 16:45:26 br /tmp/work/img/google/64/1f1fa-1f1f2.png -> /output/img/google/64/1f1fa-1f1f2.png.br
2025/09/24 16:45:26 gz /tmp/work/img/google/64/1f1fa-1f1f2.png -> /output/img/google/64/1f1fa-1f1f2.png.gz
2025/09/24 16:45:26 compress: run /usr/bin/zopflipng --iterations=60 --keepchunks=iCCP --lossy_transparent --splitting=3 -my /tmp/work/img/google/64/1f1fb-1f1ec.png /tmp/work/img/google/64/1f1fb-1f1ec.png
2025/09/24 16:45:26 Optimizing /tmp/work/img/google/64/1f1fa-1f1f3.png
Input size: 3291 (3K)
Result size: 3290 (3K). Percentage of original: 99.970%
Result is smaller


2025/09/24 16:45:26 algorithm: run /usr/bin/brotli --quality=11 --output=/output/img/google/64/1f1fa-1f1f3.png.br /tmp/work/img/google/64/1f1fa-1f1f3.png
2025/09/24 16:45:26 br /tmp/work/img/google/64/1f1fa-1f1f3.png -> /output/img/google/64/1f1fa-1f1f3.png.br
2025/09/24 16:45:26 gz /tmp/work/img/google/64/1f1fa-1f1f3.png -> /output/img/google/64/1f1fa-1f1f3.png.gz
2025/09/24 16:45:26 compress: run /usr/bin/zopflipng --iterations=60 --keepchunks=iCCP --lossy_transparent --splitting=3 -my /tmp/work/img/google/64/1f1fb-1f1ee.png /tmp/work/img/google/64/1f1fb-1f1ee.png
2025/09/24 16:45:27 Optimizing /tmp/work/img/google/64/1f1fa-1f1fe.png
Input size: 4865 (4K)
Result size: 4851 (4K). Percentage of original: 99.712%
Result is smaller


2025/09/24 16:45:27 algorithm: run /usr/bin/brotli --quality=11 --output=/output/img/google/64/1f1fa-1f1fe.png.br /tmp/work/img/google/64/1f1fa-1f1fe.png
2025/09/24 16:45:27 br /tmp/work/img/google/64/1f1fa-1f1fe.png -> /output/img/google/64/1f1fa-1f1fe.png.br
2025/09/24 16:45:27 gz /tmp/work/img/google/64/1f1fa-1f1fe.png -> /output/img/google/64/1f1fa-1f1fe.png.gz
2025/09/24 16:45:27 compress: run /usr/bin/zopflipng --iterations=60 --keepchunks=iCCP --lossy_transparent --splitting=3 -my /tmp/work/img/google/64/1f1fb-1f1f3.png /tmp/work/img/google/64/1f1fb-1f1f3.png
2025/09/24 16:45:27 Optimizing /tmp/work/img/google/64/1f1fa-1f1f8.png
Input size: 5820 (5K)
Result size: 5832 (5K). Percentage of original: 100.206%
Preserving original PNG since it was smaller


2025/09/24 16:45:27 algorithm: run /usr/bin/brotli --quality=11 --output=/output/img/google/64/1f1fa-1f1f8.png.br /tmp/work/img/google/64/1f1fa-1f1f8.png
2025/09/24 16:45:27 br /tmp/work/img/google/64/1f1fa-1f1f8.png -> /output/img/google/64/1f1fa-1f1f8.png.br
2025/09/24 16:45:27 gz /tmp/work/img/google/64/1f1fa-1f1f8.png -> /output/img/google/64/1f1fa-1f1f8.png.gz
2025/09/24 16:45:27 compress: run /usr/bin/zopflipng --iterations=60 --keepchunks=iCCP --lossy_transparent --splitting=3 -my /tmp/work/img/google/64/1f1fb-1f1fa.png /tmp/work/img/google/64/1f1fb-1f1fa.png
2025/09/24 16:45:27 Optimizing /tmp/work/img/google/64/1f1fa-1f1ff.png
Input size: 3233 (3K)
Result size: 3227 (3K). Percentage of original: 99.814%
Result is smaller


2025/09/24 16:45:27 algorithm: run /usr/bin/brotli --quality=11 --output=/output/img/google/64/1f1fa-1f1ff.png.br /tmp/work/img/google/64/1f1fa-1f1ff.png
2025/09/24 16:45:27 br /tmp/work/img/google/64/1f1fa-1f1ff.png -> /output/img/google/64/1f1fa-1f1ff.png.br
2025/09/24 16:45:27 gz /tmp/work/img/google/64/1f1fa-1f1ff.png -> /output/img/google/64/1f1fa-1f1ff.png.gz
2025/09/24 16:45:27 compress: run /usr/bin/zopflipng --iterations=60 --keepchunks=iCCP --lossy_transparent --splitting=3 -my /tmp/work/img/google/64/1f1fc-1f1eb.png /tmp/work/img/google/64/1f1fc-1f1eb.png
2025/09/24 16:45:28 Optimizing /tmp/work/img/google/64/1f1fb-1f1e6.png
Input size: 2360 (2K)
Result size: 2359 (2K). Percentage of original: 99.958%
Result is smaller


2025/09/24 16:45:28 algorithm: run /usr/bin/brotli --quality=11 --output=/output/img/google/64/1f1fb-1f1e6.png.br /tmp/work/img/google/64/1f1fb-1f1e6.png
2025/09/24 16:45:28 br /tmp/work/img/google/64/1f1fb-1f1e6.png -> /output/img/google/64/1f1fb-1f1e6.png.br
2025/09/24 16:45:28 gz /tmp/work/img/google/64/1f1fb-1f1e6.png -> /output/img/google/64/1f1fb-1f1e6.png.gz
2025/09/24 16:45:28 compress: run /usr/bin/zopflipng --iterations=60 --keepchunks=iCCP --lossy_transparent --splitting=3 -my /tmp/work/img/google/64/1f1fc-1f1f8.png /tmp/work/img/google/64/1f1fc-1f1f8.png
2025/09/24 16:45:31 Optimizing /tmp/work/img/google/64/1f1fb-1f1ec.png
Input size: 4507 (4K)
Result size: 4501 (4K). Percentage of original: 99.867%
Result is smaller


2025/09/24 16:45:31 algorithm: run /usr/bin/brotli --quality=11 --output=/output/img/google/64/1f1fb-1f1ec.png.br /tmp/work/img/google/64/1f1fb-1f1ec.png
2025/09/24 16:45:31 br /tmp/work/img/google/64/1f1fb-1f1ec.png -> /output/img/google/64/1f1fb-1f1ec.png.br
2025/09/24 16:45:31 gz /tmp/work/img/google/64/1f1fb-1f1ec.png -> /output/img/google/64/1f1fb-1f1ec.png.gz
2025/09/24 16:45:31 compress: run /usr/bin/zopflipng --iterations=60 --keepchunks=iCCP --lossy_transparent --splitting=3 -my /tmp/work/img/google/64/1f1fd-1f1f0.png /tmp/work/img/google/64/1f1fd-1f1f0.png
2025/09/24 16:45:31 Optimizing /tmp/work/img/google/64/1f1fb-1f1ea.png
Input size: 3104 (3K)
Result size: 3090 (3K). Percentage of original: 99.549%
Result is smaller


2025/09/24 16:45:31 algorithm: run /usr/bin/brotli --quality=11 --output=/output/img/google/64/1f1fb-1f1ea.png.br /tmp/work/img/google/64/1f1fb-1f1ea.png
2025/09/24 16:45:31 br /tmp/work/img/google/64/1f1fb-1f1ea.png -> /output/img/google/64/1f1fb-1f1ea.png.br
2025/09/24 16:45:31 gz /tmp/work/img/google/64/1f1fb-1f1ea.png -> /output/img/google/64/1f1fb-1f1ea.png.gz
2025/09/24 16:45:31 compress: run /usr/bin/zopflipng --iterations=60 --keepchunks=iCCP --lossy_transparent --splitting=3 -my /tmp/work/img/google/64/1f1fe-1f1ea.png /tmp/work/img/google/64/1f1fe-1f1ea.png
2025/09/24 16:45:31 Optimizing /tmp/work/img/google/64/1f1fb-1f1e8.png
Input size: 2773 (2K)
Result size: 2766 (2K). Percentage of original: 99.748%
Result is smaller


2025/09/24 16:45:31 algorithm: run /usr/bin/brotli --quality=11 --output=/output/img/google/64/1f1fb-1f1e8.png.br /tmp/work/img/google/64/1f1fb-1f1e8.png
2025/09/24 16:45:31 br /tmp/work/img/google/64/1f1fb-1f1e8.png -> /output/img/google/64/1f1fb-1f1e8.png.br
2025/09/24 16:45:31 gz /tmp/work/img/google/64/1f1fb-1f1e8.png -> /output/img/google/64/1f1fb-1f1e8.png.gz
2025/09/24 16:45:31 compress: run /usr/bin/zopflipng --iterations=60 --keepchunks=iCCP --lossy_transparent --splitting=3 -my /tmp/work/img/google/64/1f1fe-1f1f9.png /tmp/work/img/google/64/1f1fe-1f1f9.png
2025/09/24 16:45:32 Optimizing /tmp/work/img/google/64/1f1fb-1f1fa.png
Input size: 4073 (3K)
Result size: 4065 (3K). Percentage of original: 99.804%
Result is smaller


2025/09/24 16:45:32 algorithm: run /usr/bin/brotli --quality=11 --output=/output/img/google/64/1f1fb-1f1fa.png.br /tmp/work/img/google/64/1f1fb-1f1fa.png
2025/09/24 16:45:32 br /tmp/work/img/google/64/1f1fb-1f1fa.png -> /output/img/google/64/1f1fb-1f1fa.png.br
2025/09/24 16:45:32 gz /tmp/work/img/google/64/1f1fb-1f1fa.png -> /output/img/google/64/1f1fb-1f1fa.png.gz
2025/09/24 16:45:32 compress: run /usr/bin/zopflipng --iterations=60 --keepchunks=iCCP --lossy_transparent --splitting=3 -my /tmp/work/img/google/64/1f1ff-1f1e6.png /tmp/work/img/google/64/1f1ff-1f1e6.png
2025/09/24 16:45:32 Optimizing /tmp/work/img/google/64/1f1fb-1f1f3.png
Input size: 2613 (2K)
Result size: 2609 (2K). Percentage of original: 99.847%
Result is smaller


2025/09/24 16:45:32 algorithm: run /usr/bin/brotli --quality=11 --output=/output/img/google/64/1f1fb-1f1f3.png.br /tmp/work/img/google/64/1f1fb-1f1f3.png
2025/09/24 16:45:32 br /tmp/work/img/google/64/1f1fb-1f1f3.png -> /output/img/google/64/1f1fb-1f1f3.png.br
2025/09/24 16:45:32 gz /tmp/work/img/google/64/1f1fb-1f1f3.png -> /output/img/google/64/1f1fb-1f1f3.png.gz
2025/09/24 16:45:32 compress: run /usr/bin/zopflipng --iterations=60 --keepchunks=iCCP --lossy_transparent --splitting=3 -my /tmp/work/img/google/64/1f1ff-1f1f2.png /tmp/work/img/google/64/1f1ff-1f1f2.png
2025/09/24 16:45:33 Optimizing /tmp/work/img/google/64/1f1fc-1f1eb.png
Input size: 2843 (2K)
Result size: 2829 (2K). Percentage of original: 99.508%
Result is smaller


2025/09/24 16:45:33 algorithm: run /usr/bin/brotli --quality=11 --output=/output/img/google/64/1f1fc-1f1eb.png.br /tmp/work/img/google/64/1f1fc-1f1eb.png
2025/09/24 16:45:33 br /tmp/work/img/google/64/1f1fc-1f1eb.png -> /output/img/google/64/1f1fc-1f1eb.png.br
2025/09/24 16:45:33 gz /tmp/work/img/google/64/1f1fc-1f1eb.png -> /output/img/google/64/1f1fc-1f1eb.png.gz
2025/09/24 16:45:33 compress: run /usr/bin/zopflipng --iterations=60 --keepchunks=iCCP --lossy_transparent --splitting=3 -my /tmp/work/img/google/64/1f1ff-1f1fc.png /tmp/work/img/google/64/1f1ff-1f1fc.png
2025/09/24 16:45:34 Optimizing /tmp/work/img/google/64/1f1fc-1f1f8.png
Input size: 2538 (2K)
Result size: 2531 (2K). Percentage of original: 99.724%
Result is smaller


2025/09/24 16:45:34 algorithm: run /usr/bin/brotli --quality=11 --output=/output/img/google/64/1f1fc-1f1f8.png.br /tmp/work/img/google/64/1f1fc-1f1f8.png
2025/09/24 16:45:34 br /tmp/work/img/google/64/1f1fc-1f1f8.png -> /output/img/google/64/1f1fc-1f1f8.png.br
2025/09/24 16:45:34 gz /tmp/work/img/google/64/1f1fc-1f1f8.png -> /output/img/google/64/1f1fc-1f1f8.png.gz
2025/09/24 16:45:34 compress: run /usr/bin/zopflipng --iterations=60 --keepchunks=iCCP --lossy_transparent --splitting=3 -my /tmp/work/img/google/64/1f201.png /tmp/work/img/google/64/1f201.png
2025/09/24 16:45:35 Optimizing /tmp/work/img/google/64/1f1fb-1f1ee.png
Input size: 4769 (4K)
Result size: 4756 (4K). Percentage of original: 99.727%
Result is smaller


2025/09/24 16:45:35 algorithm: run /usr/bin/brotli --quality=11 --output=/output/img/google/64/1f1fb-1f1ee.png.br /tmp/work/img/google/64/1f1fb-1f1ee.png
2025/09/24 16:45:35 br /tmp/work/img/google/64/1f1fb-1f1ee.png -> /output/img/google/64/1f1fb-1f1ee.png.br
2025/09/24 16:45:35 gz /tmp/work/img/google/64/1f1fb-1f1ee.png -> /output/img/google/64/1f1fb-1f1ee.png.gz
2025/09/24 16:45:35 compress: run /usr/bin/zopflipng --iterations=60 --keepchunks=iCCP --lossy_transparent --splitting=3 -my /tmp/work/img/google/64/1f202-fe0f.png /tmp/work/img/google/64/1f202-fe0f.png
2025/09/24 16:45:36 Optimizing /tmp/work/img/google/64/1f1fe-1f1f9.png
Input size: 4026 (3K)
Result size: 4026 (3K). Percentage of original: 100.000%
Result has exact same size


2025/09/24 16:45:36 algorithm: run /usr/bin/brotli --quality=11 --output=/output/img/google/64/1f1fe-1f1f9.png.br /tmp/work/img/google/64/1f1fe-1f1f9.png
2025/09/24 16:45:36 br /tmp/work/img/google/64/1f1fe-1f1f9.png -> /output/img/google/64/1f1fe-1f1f9.png.br
2025/09/24 16:45:36 gz /tmp/work/img/google/64/1f1fe-1f1f9.png -> /output/img/google/64/1f1fe-1f1f9.png.gz
2025/09/24 16:45:36 compress: run /usr/bin/zopflipng --iterations=60 --keepchunks=iCCP --lossy_transparent --splitting=3 -my /tmp/work/img/google/64/1f21a.png /tmp/work/img/google/64/1f21a.png
2025/09/24 16:45:36 Optimizing /tmp/work/img/google/64/1f1ff-1f1e6.png
Input size: 4247 (4K)
Result size: 4241 (4K). Percentage of original: 99.859%
Result is smaller


2025/09/24 16:45:36 algorithm: run /usr/bin/brotli --quality=11 --output=/output/img/google/64/1f1ff-1f1e6.png.br /tmp/work/img/google/64/1f1ff-1f1e6.png
2025/09/24 16:45:36 br /tmp/work/img/google/64/1f1ff-1f1e6.png -> /output/img/google/64/1f1ff-1f1e6.png.br
2025/09/24 16:45:36 gz /tmp/work/img/google/64/1f1ff-1f1e6.png -> /output/img/google/64/1f1ff-1f1e6.png.gz
2025/09/24 16:45:36 compress: run /usr/bin/zopflipng --iterations=60 --keepchunks=iCCP --lossy_transparent --splitting=3 -my /tmp/work/img/google/64/1f22f.png /tmp/work/img/google/64/1f22f.png
2025/09/24 16:45:37 Optimizing /tmp/work/img/google/64/1f1fe-1f1ea.png
Input size: 2046 (1K)
Result size: 2039 (1K). Percentage of original: 99.658%
Result is smaller


2025/09/24 16:45:37 algorithm: run /usr/bin/brotli --quality=11 --output=/output/img/google/64/1f1fe-1f1ea.png.br /tmp/work/img/google/64/1f1fe-1f1ea.png
2025/09/24 16:45:37 br /tmp/work/img/google/64/1f1fe-1f1ea.png -> /output/img/google/64/1f1fe-1f1ea.png.br
2025/09/24 16:45:37 gz /tmp/work/img/google/64/1f1fe-1f1ea.png -> /output/img/google/64/1f1fe-1f1ea.png.gz
2025/09/24 16:45:37 compress: run /usr/bin/zopflipng --iterations=60 --keepchunks=iCCP --lossy_transparent --splitting=3 -my /tmp/work/img/google/64/1f232.png /tmp/work/img/google/64/1f232.png
2025/09/24 16:45:38 Optimizing /tmp/work/img/google/64/1f1fd-1f1f0.png
Input size: 3426 (3K)
Result size: 3409 (3K). Percentage of original: 99.504%
Result is smaller


2025/09/24 16:45:38 algorithm: run /usr/bin/brotli --quality=11 --output=/output/img/google/64/1f1fd-1f1f0.png.br /tmp/work/img/google/64/1f1fd-1f1f0.png
2025/09/24 16:45:38 br /tmp/work/img/google/64/1f1fd-1f1f0.png -> /output/img/google/64/1f1fd-1f1f0.png.br
2025/09/24 16:45:38 gz /tmp/work/img/google/64/1f1fd-1f1f0.png -> /output/img/google/64/1f1fd-1f1f0.png.gz
2025/09/24 16:45:38 compress: run /usr/bin/zopflipng --iterations=60 --keepchunks=iCCP --lossy_transparent --splitting=3 -my /tmp/work/img/google/64/1f233.png /tmp/work/img/google/64/1f233.png
2025/09/24 16:45:39 Optimizing /tmp/work/img/google/64/1f1ff-1f1f2.png
Input size: 2165 (2K)
Result size: 2165 (2K). Percentage of original: 100.000%
Result has exact same size


2025/09/24 16:45:39 algorithm: run /usr/bin/brotli --quality=11 --output=/output/img/google/64/1f1ff-1f1f2.png.br /tmp/work/img/google/64/1f1ff-1f1f2.png
2025/09/24 16:45:39 br /tmp/work/img/google/64/1f1ff-1f1f2.png -> /output/img/google/64/1f1ff-1f1f2.png.br
2025/09/24 16:45:39 gz /tmp/work/img/google/64/1f1ff-1f1f2.png -> /output/img/google/64/1f1ff-1f1f2.png.gz
2025/09/24 16:45:39 compress: run /usr/bin/zopflipng --iterations=60 --keepchunks=iCCP --lossy_transparent --splitting=3 -my /tmp/work/img/google/64/1f234.png /tmp/work/img/google/64/1f234.png
2025/09/24 16:45:39 Optimizing /tmp/work/img/google/64/1f1ff-1f1fc.png
Input size: 3633 (3K)
Result size: 3628 (3K). Percentage of original: 99.862%
Result is smaller


2025/09/24 16:45:39 algorithm: run /usr/bin/brotli --quality=11 --output=/output/img/google/64/1f1ff-1f1fc.png.br /tmp/work/img/google/64/1f1ff-1f1fc.png
2025/09/24 16:45:39 br /tmp/work/img/google/64/1f1ff-1f1fc.png -> /output/img/google/64/1f1ff-1f1fc.png.br
2025/09/24 16:45:39 gz /tmp/work/img/google/64/1f1ff-1f1fc.png -> /output/img/google/64/1f1ff-1f1fc.png.gz
2025/09/24 16:45:39 compress: run /usr/bin/zopflipng --iterations=60 --keepchunks=iCCP --lossy_transparent --splitting=3 -my /tmp/work/img/google/64/1f235.png /tmp/work/img/google/64/1f235.png
2025/09/24 16:45:40 Optimizing /tmp/work/img/google/64/1f22f.png
Input size: 2323 (2K)
Result size: 2313 (2K). Percentage of original: 99.570%
Result is smaller


2025/09/24 16:45:40 algorithm: run /usr/bin/brotli --quality=11 --output=/output/img/google/64/1f22f.png.br /tmp/work/img/google/64/1f22f.png
2025/09/24 16:45:40 br /tmp/work/img/google/64/1f22f.png -> /output/img/google/64/1f22f.png.br
2025/09/24 16:45:40 gz /tmp/work/img/google/64/1f22f.png -> /output/img/google/64/1f22f.png.gz
2025/09/24 16:45:40 compress: run /usr/bin/zopflipng --iterations=60 --keepchunks=iCCP --lossy_transparent --splitting=3 -my /tmp/work/img/google/64/1f236.png /tmp/work/img/google/64/1f236.png
2025/09/24 16:45:40 Optimizing /tmp/work/img/google/64/1f21a.png
Input size: 2398 (2K)
Result size: 2398 (2K). Percentage of original: 100.000%
Result has exact same size


2025/09/24 16:45:40 algorithm: run /usr/bin/brotli --quality=11 --output=/output/img/google/64/1f21a.png.br /tmp/work/img/google/64/1f21a.png
2025/09/24 16:45:40 br /tmp/work/img/google/64/1f21a.png -> /output/img/google/64/1f21a.png.br
2025/09/24 16:45:40 gz /tmp/work/img/google/64/1f21a.png -> /output/img/google/64/1f21a.png.gz
2025/09/24 16:45:40 compress: run /usr/bin/zopflipng --iterations=60 --keepchunks=iCCP --lossy_transparent --splitting=3 -my /tmp/work/img/google/64/1f237-fe0f.png /tmp/work/img/google/64/1f237-fe0f.png
2025/09/24 16:45:41 Optimizing /tmp/work/img/google/64/1f232.png
Input size: 2635 (2K)
Result size: 2632 (2K). Percentage of original: 99.886%
Result is smaller


2025/09/24 16:45:41 algorithm: run /usr/bin/brotli --quality=11 --output=/output/img/google/64/1f232.png.br /tmp/work/img/google/64/1f232.png
2025/09/24 16:45:41 br /tmp/work/img/google/64/1f232.png -> /output/img/google/64/1f232.png.br
2025/09/24 16:45:41 gz /tmp/work/img/google/64/1f232.png -> /output/img/google/64/1f232.png.gz
2025/09/24 16:45:41 compress: run /usr/bin/zopflipng --iterations=60 --keepchunks=iCCP --lossy_transparent --splitting=3 -my /tmp/work/img/google/64/1f238.png /tmp/work/img/google/64/1f238.png
2025/09/24 16:45:42 Optimizing /tmp/work/img/google/64/1f235.png
Input size: 2800 (2K)
Result size: 2799 (2K). Percentage of original: 99.964%
Result is smaller


2025/09/24 16:45:42 algorithm: run /usr/bin/brotli --quality=11 --output=/output/img/google/64/1f235.png.br /tmp/work/img/google/64/1f235.png
2025/09/24 16:45:42 br /tmp/work/img/google/64/1f235.png -> /output/img/google/64/1f235.png.br
2025/09/24 16:45:42 gz /tmp/work/img/google/64/1f235.png -> /output/img/google/64/1f235.png.gz
2025/09/24 16:45:42 compress: run /usr/bin/zopflipng --iterations=60 --keepchunks=iCCP --lossy_transparent --splitting=3 -my /tmp/work/img/google/64/1f239.png /tmp/work/img/google/64/1f239.png
2025/09/24 16:45:44 Optimizing /tmp/work/img/google/64/1f234.png
Input size: 1970 (1K)
Result size: 1968 (1K). Percentage of original: 99.898%
Result is smaller


2025/09/24 16:45:44 algorithm: run /usr/bin/brotli --quality=11 --output=/output/img/google/64/1f234.png.br /tmp/work/img/google/64/1f234.png
2025/09/24 16:45:44 br /tmp/work/img/google/64/1f234.png -> /output/img/google/64/1f234.png.br
2025/09/24 16:45:44 gz /tmp/work/img/google/64/1f234.png -> /output/img/google/64/1f234.png.gz
2025/09/24 16:45:44 compress: run /usr/bin/zopflipng --iterations=60 --keepchunks=iCCP --lossy_transparent --splitting=3 -my /tmp/work/img/google/64/1f23a.png /tmp/work/img/google/64/1f23a.png
2025/09/24 16:45:44 Optimizing /tmp/work/img/google/64/1f201.png
Input size: 1365 (1K)
Result size: 1365 (1K). Percentage of original: 100.000%
Result has exact same size


2025/09/24 16:45:44 algorithm: run /usr/bin/brotli --quality=11 --output=/output/img/google/64/1f201.png.br /tmp/work/img/google/64/1f201.png
2025/09/24 16:45:44 br /tmp/work/img/google/64/1f201.png -> /output/img/google/64/1f201.png.br
2025/09/24 16:45:44 gz /tmp/work/img/google/64/1f201.png -> /output/img/google/64/1f201.png.gz
2025/09/24 16:45:44 compress: run /usr/bin/zopflipng --iterations=60 --keepchunks=iCCP --lossy_transparent --splitting=3 -my /tmp/work/img/google/64/1f250.png /tmp/work/img/google/64/1f250.png
2025/09/24 16:45:44 Optimizing /tmp/work/img/google/64/1f236.png
Input size: 1900 (1K)
Result size: 1897 (1K). Percentage of original: 99.842%
Result is smaller


2025/09/24 16:45:44 algorithm: run /usr/bin/brotli --quality=11 --output=/output/img/google/64/1f236.png.br /tmp/work/img/google/64/1f236.png
2025/09/24 16:45:44 br /tmp/work/img/google/64/1f236.png -> /output/img/google/64/1f236.png.br
2025/09/24 16:45:44 gz /tmp/work/img/google/64/1f236.png -> /output/img/google/64/1f236.png.gz
2025/09/24 16:45:44 compress: run /usr/bin/zopflipng --iterations=60 --keepchunks=iCCP --lossy_transparent --splitting=3 -my /tmp/work/img/google/64/1f251.png /tmp/work/img/google/64/1f251.png
2025/09/24 16:45:46 Optimizing /tmp/work/img/google/64/1f239.png
Input size: 2274 (2K)
Result size: 2272 (2K). Percentage of original: 99.912%
Result is smaller


2025/09/24 16:45:46 algorithm: run /usr/bin/brotli --quality=11 --output=/output/img/google/64/1f239.png.br /tmp/work/img/google/64/1f239.png
2025/09/24 16:45:46 br /tmp/work/img/google/64/1f239.png -> /output/img/google/64/1f239.png.br
2025/09/24 16:45:46 gz /tmp/work/img/google/64/1f239.png -> /output/img/google/64/1f239.png.gz
2025/09/24 16:45:46 compress: run /usr/bin/zopflipng --iterations=60 --keepchunks=iCCP --lossy_transparent --splitting=3 -my /tmp/work/img/google/64/1f300.png /tmp/work/img/google/64/1f300.png
2025/09/24 16:45:47 Optimizing /tmp/work/img/google/64/1f202-fe0f.png
Input size: 1816 (1K)
Result size: 1812 (1K). Percentage of original: 99.780%
Result is smaller


2025/09/24 16:45:47 algorithm: run /usr/bin/brotli --quality=11 --output=/output/img/google/64/1f202-fe0f.png.br /tmp/work/img/google/64/1f202-fe0f.png
2025/09/24 16:45:47 br /tmp/work/img/google/64/1f202-fe0f.png -> /output/img/google/64/1f202-fe0f.png.br
2025/09/24 16:45:47 gz /tmp/work/img/google/64/1f202-fe0f.png -> /output/img/google/64/1f202-fe0f.png.gz
2025/09/24 16:45:47 compress: run /usr/bin/zopflipng --iterations=60 --keepchunks=iCCP --lossy_transparent --splitting=3 -my /tmp/work/img/google/64/1f301.png /tmp/work/img/google/64/1f301.png
2025/09/24 16:45:48 Optimizing /tmp/work/img/google/64/1f250.png
Input size: 3383 (3K)
Result size: 3367 (3K). Percentage of original: 99.527%
Result is smaller


2025/09/24 16:45:48 algorithm: run /usr/bin/brotli --quality=11 --output=/output/img/google/64/1f250.png.br /tmp/work/img/google/64/1f250.png
2025/09/24 16:45:48 br /tmp/work/img/google/64/1f250.png -> /output/img/google/64/1f250.png.br
2025/09/24 16:45:48 gz /tmp/work/img/google/64/1f250.png -> /output/img/google/64/1f250.png.gz
2025/09/24 16:45:48 compress: run /usr/bin/zopflipng --iterations=60 --keepchunks=iCCP --lossy_transparent --splitting=3 -my /tmp/work/img/google/64/1f302.png /tmp/work/img/google/64/1f302.png
2025/09/24 16:45:49 Optimizing /tmp/work/img/google/64/1f23a.png
Input size: 1912 (1K)
Result size: 1905 (1K). Percentage of original: 99.634%
Result is smaller


2025/09/24 16:45:49 Optimizing /tmp/work/img/google/64/1f251.png
Input size: 2365 (2K)
Result size: 2361 (2K). Percentage of original: 99.831%
Result is smaller


2025/09/24 16:45:49 algorithm: run /usr/bin/brotli --quality=11 --output=/output/img/google/64/1f251.png.br /tmp/work/img/google/64/1f251.png
2025/09/24 16:45:49 algorithm: run /usr/bin/brotli --quality=11 --output=/output/img/google/64/1f23a.png.br /tmp/work/img/google/64/1f23a.png
2025/09/24 16:45:49 br /tmp/work/img/google/64/1f251.png -> /output/img/google/64/1f251.png.br
2025/09/24 16:45:49 gz /tmp/work/img/google/64/1f251.png -> /output/img/google/64/1f251.png.gz
2025/09/24 16:45:49 compress: run /usr/bin/zopflipng --iterations=60 --keepchunks=iCCP --lossy_transparent --splitting=3 -my /tmp/work/img/google/64/1f303.png /tmp/work/img/google/64/1f303.png
2025/09/24 16:45:49 br /tmp/work/img/google/64/1f23a.png -> /output/img/google/64/1f23a.png.br
2025/09/24 16:45:49 gz /tmp/work/img/google/64/1f23a.png -> /output/img/google/64/1f23a.png.gz
2025/09/24 16:45:49 compress: run /usr/bin/zopflipng --iterations=60 --keepchunks=iCCP --lossy_transparent --splitting=3 -my /tmp/work/img/google/64/1f304.png /tmp/work/img/google/64/1f304.png
2025/09/24 16:45:49 Optimizing /tmp/work/img/google/64/1f233.png
Input size: 1960 (1K)
Result size: 1951 (1K). Percentage of original: 99.541%
Result is smaller


2025/09/24 16:45:49 algorithm: run /usr/bin/brotli --quality=11 --output=/output/img/google/64/1f233.png.br /tmp/work/img/google/64/1f233.png
2025/09/24 16:45:49 br /tmp/work/img/google/64/1f233.png -> /output/img/google/64/1f233.png.br
2025/09/24 16:45:49 gz /tmp/work/img/google/64/1f233.png -> /output/img/google/64/1f233.png.gz
2025/09/24 16:45:49 compress: run /usr/bin/zopflipng --iterations=60 --keepchunks=iCCP --lossy_transparent --splitting=3 -my /tmp/work/img/google/64/1f305.png /tmp/work/img/google/64/1f305.png
2025/09/24 16:45:51 Optimizing /tmp/work/img/google/64/1f237-fe0f.png
Input size: 1559 (1K)
Result size: 1555 (1K). Percentage of original: 99.743%
Result is smaller


2025/09/24 16:45:51 algorithm: run /usr/bin/brotli --quality=11 --output=/output/img/google/64/1f237-fe0f.png.br /tmp/work/img/google/64/1f237-fe0f.png
2025/09/24 16:45:51 br /tmp/work/img/google/64/1f237-fe0f.png -> /output/img/google/64/1f237-fe0f.png.br
2025/09/24 16:45:51 gz /tmp/work/img/google/64/1f237-fe0f.png -> /output/img/google/64/1f237-fe0f.png.gz
2025/09/24 16:45:51 compress: run /usr/bin/zopflipng --iterations=60 --keepchunks=iCCP --lossy_transparent --splitting=3 -my /tmp/work/img/google/64/1f306.png /tmp/work/img/google/64/1f306.png
2025/09/24 16:45:52 Optimizing /tmp/work/img/google/64/1f303.png
Input size: 5624 (5K)
Result size: 5617 (5K). Percentage of original: 99.876%
Result is smaller


2025/09/24 16:45:52 algorithm: run /usr/bin/brotli --quality=11 --output=/output/img/google/64/1f303.png.br /tmp/work/img/google/64/1f303.png
2025/09/24 16:45:52 br /tmp/work/img/google/64/1f303.png -> /output/img/google/64/1f303.png.br
2025/09/24 16:45:52 gz /tmp/work/img/google/64/1f303.png -> /output/img/google/64/1f303.png.gz
2025/09/24 16:45:52 compress: run /usr/bin/zopflipng --iterations=60 --keepchunks=iCCP --lossy_transparent --splitting=3 -my /tmp/work/img/google/64/1f307.png /tmp/work/img/google/64/1f307.png
2025/09/24 16:45:54 Optimizing /tmp/work/img/google/64/1f302.png
Input size: 2687 (2K)
Result size: 2684 (2K). Percentage of original: 99.888%
Result is smaller


2025/09/24 16:45:54 algorithm: run /usr/bin/brotli --quality=11 --output=/output/img/google/64/1f302.png.br /tmp/work/img/google/64/1f302.png
2025/09/24 16:45:54 br /tmp/work/img/google/64/1f302.png -> /output/img/google/64/1f302.png.br
2025/09/24 16:45:54 gz /tmp/work/img/google/64/1f302.png -> /output/img/google/64/1f302.png.gz
2025/09/24 16:45:54 compress: run /usr/bin/zopflipng --iterations=60 --keepchunks=iCCP --lossy_transparent --splitting=3 -my /tmp/work/img/google/64/1f308.png /tmp/work/img/google/64/1f308.png
2025/09/24 16:45:54 Optimizing /tmp/work/img/google/64/1f304.png
Input size: 6664 (6K)
Result size: 6549 (6K). Percentage of original: 98.274%
Result is smaller


2025/09/24 16:45:54 algorithm: run /usr/bin/brotli --quality=11 --output=/output/img/google/64/1f304.png.br /tmp/work/img/google/64/1f304.png
2025/09/24 16:45:54 Optimizing /tmp/work/img/google/64/1f238.png
Input size: 1413 (1K)
Result size: 1411 (1K). Percentage of original: 99.858%
Result is smaller


2025/09/24 16:45:54 algorithm: run /usr/bin/brotli --quality=11 --output=/output/img/google/64/1f238.png.br /tmp/work/img/google/64/1f238.png
2025/09/24 16:45:54 br /tmp/work/img/google/64/1f238.png -> /output/img/google/64/1f238.png.br
2025/09/24 16:45:54 gz /tmp/work/img/google/64/1f238.png -> /output/img/google/64/1f238.png.gz
2025/09/24 16:45:54 compress: run /usr/bin/zopflipng --iterations=60 --keepchunks=iCCP --lossy_transparent --splitting=3 -my /tmp/work/img/google/64/1f309.png /tmp/work/img/google/64/1f309.png
2025/09/24 16:45:54 br /tmp/work/img/google/64/1f304.png -> /output/img/google/64/1f304.png.br
2025/09/24 16:45:54 gz /tmp/work/img/google/64/1f304.png -> /output/img/google/64/1f304.png.gz
2025/09/24 16:45:54 compress: run /usr/bin/zopflipng --iterations=60 --keepchunks=iCCP --lossy_transparent --splitting=3 -my /tmp/work/img/google/64/1f30a.png /tmp/work/img/google/64/1f30a.png
2025/09/24 16:45:54 Optimizing /tmp/work/img/google/64/1f301.png
Input size: 5085 (4K)
Result size: 5078 (4K). Percentage of original: 99.862%
Result is smaller


2025/09/24 16:45:54 algorithm: run /usr/bin/brotli --quality=11 --output=/output/img/google/64/1f301.png.br /tmp/work/img/google/64/1f301.png
2025/09/24 16:45:54 br /tmp/work/img/google/64/1f301.png -> /output/img/google/64/1f301.png.br
2025/09/24 16:45:54 gz /tmp/work/img/google/64/1f301.png -> /output/img/google/64/1f301.png.gz
2025/09/24 16:45:54 compress: run /usr/bin/zopflipng --iterations=60 --keepchunks=iCCP --lossy_transparent --splitting=3 -my /tmp/work/img/google/64/1f30b.png /tmp/work/img/google/64/1f30b.png
2025/09/24 16:45:55 Optimizing /tmp/work/img/google/64/1f305.png
Input size: 5557 (5K)
Result size: 5441 (5K). Percentage of original: 97.913%
Result is smaller


2025/09/24 16:45:55 algorithm: run /usr/bin/brotli --quality=11 --output=/output/img/google/64/1f305.png.br /tmp/work/img/google/64/1f305.png
2025/09/24 16:45:55 br /tmp/work/img/google/64/1f305.png -> /output/img/google/64/1f305.png.br
2025/09/24 16:45:55 gz /tmp/work/img/google/64/1f305.png -> /output/img/google/64/1f305.png.gz
2025/09/24 16:45:55 compress: run /usr/bin/zopflipng --iterations=60 --keepchunks=iCCP --lossy_transparent --splitting=3 -my /tmp/work/img/google/64/1f30c.png /tmp/work/img/google/64/1f30c.png
2025/09/24 16:45:58 Optimizing /tmp/work/img/google/64/1f306.png
Input size: 5059 (4K)
Result size: 5054 (4K). Percentage of original: 99.901%
Result is smaller


2025/09/24 16:45:58 algorithm: run /usr/bin/brotli --quality=11 --output=/output/img/google/64/1f306.png.br /tmp/work/img/google/64/1f306.png
2025/09/24 16:45:58 br /tmp/work/img/google/64/1f306.png -> /output/img/google/64/1f306.png.br
2025/09/24 16:45:58 gz /tmp/work/img/google/64/1f306.png -> /output/img/google/64/1f306.png.gz
2025/09/24 16:45:58 compress: run /usr/bin/zopflipng --iterations=60 --keepchunks=iCCP --lossy_transparent --splitting=3 -my /tmp/work/img/google/64/1f30d.png /tmp/work/img/google/64/1f30d.png
2025/09/24 16:45:59 Optimizing /tmp/work/img/google/64/1f308.png
Input size: 2896 (2K)
Result size: 2862 (2K). Percentage of original: 98.826%
Result is smaller


2025/09/24 16:45:59 algorithm: run /usr/bin/brotli --quality=11 --output=/output/img/google/64/1f308.png.br /tmp/work/img/google/64/1f308.png
2025/09/24 16:46:00 br /tmp/work/img/google/64/1f308.png -> /output/img/google/64/1f308.png.br
2025/09/24 16:46:00 Optimizing /tmp/work/img/google/64/1f307.png
Input size: 5732 (5K)
Result size: 5708 (5K). Percentage of original: 99.581%
Result is smaller


2025/09/24 16:46:00 Optimizing /tmp/work/img/google/64/1f300.png
Input size: 1856 (1K)
Result size: 1853 (1K). Percentage of original: 99.838%
Result is smaller


panic: open /output/img/google/64/1f308.png.gz: no space left on device

goroutine 10 [running]:
github.com/cdnjs/tools/util.Check(...)
	/go/src/github.com/util/check.go:10
github.com/cdnjs/tools/compress.Gzip9Native(0x870280, 0xc000016060, 0xc00019e060, 0x21, 0xc00019e270, 0x22)
	/go/src/github.com/compress/algorithm.go:58 +0xeb
main.optimizeJob.emitFromWorkspace(0x870280, 0xc000016060, 0x0, 0xc000014a38, 0x17, 0xc0005e03fc, 0x17, 0xc00019e060, 0x21)
	/go/src/github.com/cmd/process-version/main.go:113 +0x6c5
main.optimizeJob.emit(0x870280, 0xc000016060, 0x0, 0xc000014a38, 0x17, 0xc0005e03fc, 0x17, 0xc000014a38, 0x17)
	/go/src/github.com/cmd/process-version/main.go:126 +0xc6
main.optimizeWorker(0xc0001c22c0, 0xc000344000)
	/go/src/github.com/cmd/process-version/main.go:245 +0x14a
created by main.optimizePackage
	/go/src/github.com/cmd/process-version/main.go:266 +0x24a
