Files:
- clerk-js/5.73.0-canary.v20250714171150/192_clerk.browser_a58485_5.73.0-canary.v20250714171150.js.br
- clerk-js/5.73.0-canary.v20250714171150/192_clerk.browser_a58485_5.73.0-canary.v20250714171150.js.gz
- clerk-js/5.73.0-canary.v20250714171150/192_clerk.browser_a58485_5.73.0-canary.v20250714171150.js.sri
- clerk-js/5.73.0-canary.v20250714171150/192_clerk.browser_a58485_5.73.0-canary.v20250714171150.min.js.br
- clerk-js/5.73.0-canary.v20250714171150/192_clerk.browser_a58485_5.73.0-canary.v20250714171150.min.js.gz
- clerk-js/5.73.0-canary.v20250714171150/192_clerk.browser_a58485_5.73.0-canary.v20250714171150.min.js.sri
- clerk-js/5.73.0-canary.v20250714171150/192_clerk.chips.browser_553f77_5.73.0-canary.v20250714171150.js.br
- clerk-js/5.73.0-canary.v20250714171150/192_clerk.chips.browser_553f77_5.73.0-canary.v20250714171150.js.gz
- clerk-js/5.73.0-canary.v20250714171150/192_clerk.chips.browser_553f77_5.73.0-canary.v20250714171150.js.sri
- clerk-js/5.73.0-canary.v20250714171150/192_clerk.chips.browser_553f77_5.73.0-canary.v20250714171150.min.js.br
- clerk-js/5.73.0-canary.v20250714171150/192_clerk.chips.browser_553f77_5.73.0-canary.v20250714171150.min.js.gz
- clerk-js/5.73.0-canary.v20250714171150/192_clerk.chips.browser_553f77_5.73.0-canary.v20250714171150.min.js.sri
- clerk-js/5.73.0-canary.v20250714171150/192_clerk.legacy.browser_c3a066_5.73.0-canary.v20250714171150.js.br
- clerk-js/5.73.0-canary.v20250714171150/192_clerk.legacy.browser_c3a066_5.73.0-canary.v20250714171150.js.gz
- clerk-js/5.73.0-canary.v20250714171150/192_clerk.legacy.browser_c3a066_5.73.0-canary.v20250714171150.js.sri
- clerk-js/5.73.0-canary.v20250714171150/192_clerk.legacy.browser_c3a066_5.73.0-canary.v20250714171150.min.js.br
- clerk-js/5.73.0-canary.v20250714171150/192_clerk.legacy.browser_c3a066_5.73.0-canary.v20250714171150.min.js.gz
- clerk-js/5.73.0-canary.v20250714171150/192_clerk.legacy.browser_c3a066_5.73.0-canary.v20250714171150.min.js.sri
- clerk-js/5.73.0-canary.v20250714171150/294_clerk.browser_a58485_5.73.0-canary.v20250714171150.js.br
- clerk-js/5.73.0-canary.v20250714171150/294_clerk.browser_a58485_5.73.0-canary.v20250714171150.js.gz
- clerk-js/5.73.0-canary.v20250714171150/294_clerk.browser_a58485_5.73.0-canary.v20250714171150.js.sri
- clerk-js/5.73.0-canary.v20250714171150/294_clerk.browser_a58485_5.73.0-canary.v20250714171150.min.js.br
- clerk-js/5.73.0-canary.v20250714171150/294_clerk.browser_a58485_5.73.0-canary.v20250714171150.min.js.gz
- clerk-js/5.73.0-canary.v20250714171150/294_clerk.browser_a58485_5.73.0-canary.v20250714171150.min.js.sri
- clerk-js/5.73.0-canary.v20250714171150/294_clerk.chips.browser_553f77_5.73.0-canary.v20250714171150.js.br
- clerk-js/5.73.0-canary.v20250714171150/294_clerk.chips.browser_553f77_5.73.0-canary.v20250714171150.js.gz
- clerk-js/5.73.0-canary.v20250714171150/294_clerk.chips.browser_553f77_5.73.0-canary.v20250714171150.js.sri
- clerk-js/5.73.0-canary.v20250714171150/294_clerk.chips.browser_553f77_5.73.0-canary.v20250714171150.min.js.br
- clerk-js/5.73.0-canary.v20250714171150/294_clerk.chips.browser_553f77_5.73.0-canary.v20250714171150.min.js.gz
- clerk-js/5.73.0-canary.v20250714171150/294_clerk.chips.browser_553f77_5.73.0-canary.v20250714171150.min.js.sri
- clerk-js/5.73.0-canary.v20250714171150/294_clerk.legacy.browser_c3a066_5.73.0-canary.v20250714171150.js.br
- clerk-js/5.73.0-canary.v20250714171150/294_clerk.legacy.browser_c3a066_5.73.0-canary.v20250714171150.js.gz
- clerk-js/5.73.0-canary.v20250714171150/294_clerk.legacy.browser_c3a066_5.73.0-canary.v20250714171150.js.sri
- clerk-js/5.73.0-canary.v20250714171150/294_clerk.legacy.browser_c3a066_5.73.0-canary.v20250714171150.min.js.br
- clerk-js/5.73.0-canary.v20250714171150/294_clerk.legacy.browser_c3a066_5.73.0-canary.v20250714171150.min.js.gz
- clerk-js/5.73.0-canary.v20250714171150/294_clerk.legacy.browser_c3a066_5.73.0-canary.v20250714171150.min.js.sri
- clerk-js/5.73.0-canary.v20250714171150/377_clerk.headless_7720c7_5.73.0-canary.v20250714171150.js.br
- clerk-js/5.73.0-canary.v20250714171150/377_clerk.headless_7720c7_5.73.0-canary.v20250714171150.js.gz
- clerk-js/5.73.0-canary.v20250714171150/377_clerk.headless_7720c7_5.73.0-canary.v20250714171150.js.sri
- clerk-js/5.73.0-canary.v20250714171150/377_clerk.headless_7720c7_5.73.0-canary.v20250714171150.min.js.br
- clerk-js/5.73.0-canary.v20250714171150/377_clerk.headless_7720c7_5.73.0-canary.v20250714171150.min.js.gz
- clerk-js/5.73.0-canary.v20250714171150/377_clerk.headless_7720c7_5.73.0-canary.v20250714171150.min.js.sri
- clerk-js/5.73.0-canary.v20250714171150/544_clerk.browser_a58485_5.73.0-canary.v20250714171150.js.br
- clerk-js/5.73.0-canary.v20250714171150/544_clerk.browser_a58485_5.73.0-canary.v20250714171150.js.gz
- clerk-js/5.73.0-canary.v20250714171150/544_clerk.browser_a58485_5.73.0-canary.v20250714171150.js.sri
- clerk-js/5.73.0-canary.v20250714171150/544_clerk.browser_a58485_5.73.0-canary.v20250714171150.min.js.br
- clerk-js/5.73.0-canary.v20250714171150/544_clerk.browser_a58485_5.73.0-canary.v20250714171150.min.js.gz
- clerk-js/5.73.0-canary.v20250714171150/544_clerk.browser_a58485_5.73.0-canary.v20250714171150.min.js.sri
- clerk-js/5.73.0-canary.v20250714171150/544_clerk.chips.browser_553f77_5.73.0-canary.v20250714171150.js.br
- clerk-js/5.73.0-canary.v20250714171150/544_clerk.chips.browser_553f77_5.73.0-canary.v20250714171150.js.gz
- clerk-js/5.73.0-canary.v20250714171150/544_clerk.chips.browser_553f77_5.73.0-canary.v20250714171150.js.sri
- clerk-js/5.73.0-canary.v20250714171150/544_clerk.chips.browser_553f77_5.73.0-canary.v20250714171150.min.js.br
- clerk-js/5.73.0-canary.v20250714171150/544_clerk.chips.browser_553f77_5.73.0-canary.v20250714171150.min.js.gz
- clerk-js/5.73.0-canary.v20250714171150/544_clerk.chips.browser_553f77_5.73.0-canary.v20250714171150.min.js.sri
- clerk-js/5.73.0-canary.v20250714171150/544_clerk.legacy.browser_c3a066_5.73.0-canary.v20250714171150.js.br
- clerk-js/5.73.0-canary.v20250714171150/544_clerk.legacy.browser_c3a066_5.73.0-canary.v20250714171150.js.gz
- clerk-js/5.73.0-canary.v20250714171150/544_clerk.legacy.browser_c3a066_5.73.0-canary.v20250714171150.js.sri
- clerk-js/5.73.0-canary.v20250714171150/544_clerk.legacy.browser_c3a066_5.73.0-canary.v20250714171150.min.js.br
- clerk-js/5.73.0-canary.v20250714171150/544_clerk.legacy.browser_c3a066_5.73.0-canary.v20250714171150.min.js.gz
- clerk-js/5.73.0-canary.v20250714171150/544_clerk.legacy.browser_c3a066_5.73.0-canary.v20250714171150.min.js.sri
- clerk-js/5.73.0-canary.v20250714171150/553_clerk.headless_7720c7_5.73.0-canary.v20250714171150.js.br
- clerk-js/5.73.0-canary.v20250714171150/553_clerk.headless_7720c7_5.73.0-canary.v20250714171150.js.gz
- clerk-js/5.73.0-canary.v20250714171150/553_clerk.headless_7720c7_5.73.0-canary.v20250714171150.js.sri
- clerk-js/5.73.0-canary.v20250714171150/553_clerk.headless_7720c7_5.73.0-canary.v20250714171150.min.js.br
- clerk-js/5.73.0-canary.v20250714171150/553_clerk.headless_7720c7_5.73.0-canary.v20250714171150.min.js.gz
- clerk-js/5.73.0-canary.v20250714171150/553_clerk.headless_7720c7_5.73.0-canary.v20250714171150.min.js.sri
- clerk-js/5.73.0-canary.v20250714171150/645_clerk.browser_a58485_5.73.0-canary.v20250714171150.js.br
- clerk-js/5.73.0-canary.v20250714171150/645_clerk.browser_a58485_5.73.0-canary.v20250714171150.js.gz
- clerk-js/5.73.0-canary.v20250714171150/645_clerk.browser_a58485_5.73.0-canary.v20250714171150.js.sri
- clerk-js/5.73.0-canary.v20250714171150/645_clerk.browser_a58485_5.73.0-canary.v20250714171150.min.js.br
- clerk-js/5.73.0-canary.v20250714171150/645_clerk.browser_a58485_5.73.0-canary.v20250714171150.min.js.gz
- clerk-js/5.73.0-canary.v20250714171150/645_clerk.browser_a58485_5.73.0-canary.v20250714171150.min.js.sri
- clerk-js/5.73.0-canary.v20250714171150/645_clerk.chips.browser_553f77_5.73.0-canary.v20250714171150.js.br
- clerk-js/5.73.0-canary.v20250714171150/645_clerk.chips.browser_553f77_5.73.0-canary.v20250714171150.js.gz
- clerk-js/5.73.0-canary.v20250714171150/645_clerk.chips.browser_553f77_5.73.0-canary.v20250714171150.js.sri
- clerk-js/5.73.0-canary.v20250714171150/645_clerk.chips.browser_553f77_5.73.0-canary.v20250714171150.min.js.br
- clerk-js/5.73.0-canary.v20250714171150/645_clerk.chips.browser_553f77_5.73.0-canary.v20250714171150.min.js.gz
- clerk-js/5.73.0-canary.v20250714171150/645_clerk.chips.browser_553f77_5.73.0-canary.v20250714171150.min.js.sri
- clerk-js/5.73.0-canary.v20250714171150/645_clerk.legacy.browser_c3a066_5.73.0-canary.v20250714171150.js.br
- clerk-js/5.73.0-canary.v20250714171150/645_clerk.legacy.browser_c3a066_5.73.0-canary.v20250714171150.js.gz
- clerk-js/5.73.0-canary.v20250714171150/645_clerk.legacy.browser_c3a066_5.73.0-canary.v20250714171150.js.sri
- clerk-js/5.73.0-canary.v20250714171150/645_clerk.legacy.browser_c3a066_5.73.0-canary.v20250714171150.min.js.br
- clerk-js/5.73.0-canary.v20250714171150/645_clerk.legacy.browser_c3a066_5.73.0-canary.v20250714171150.min.js.gz
- clerk-js/5.73.0-canary.v20250714171150/645_clerk.legacy.browser_c3a066_5.73.0-canary.v20250714171150.min.js.sri
- clerk-js/5.73.0-canary.v20250714171150/66_clerk.browser_a58485_5.73.0-canary.v20250714171150.js.br
- clerk-js/5.73.0-canary.v20250714171150/66_clerk.browser_a58485_5.73.0-canary.v20250714171150.js.gz
- clerk-js/5.73.0-canary.v20250714171150/66_clerk.browser_a58485_5.73.0-canary.v20250714171150.js.sri
- clerk-js/5.73.0-canary.v20250714171150/66_clerk.browser_a58485_5.73.0-canary.v20250714171150.min.js.br
- clerk-js/5.73.0-canary.v20250714171150/66_clerk.browser_a58485_5.73.0-canary.v20250714171150.min.js.gz
- clerk-js/5.73.0-canary.v20250714171150/66_clerk.browser_a58485_5.73.0-canary.v20250714171150.min.js.sri
- clerk-js/5.73.0-canary.v20250714171150/66_clerk.chips.browser_553f77_5.73.0-canary.v20250714171150.js.br
- clerk-js/5.73.0-canary.v20250714171150/66_clerk.chips.browser_553f77_5.73.0-canary.v20250714171150.js.gz
- clerk-js/5.73.0-canary.v20250714171150/66_clerk.chips.browser_553f77_5.73.0-canary.v20250714171150.js.sri
- clerk-js/5.73.0-canary.v20250714171150/66_clerk.chips.browser_553f77_5.73.0-canary.v20250714171150.min.js.br
- clerk-js/5.73.0-canary.v20250714171150/66_clerk.chips.browser_553f77_5.73.0-canary.v20250714171150.min.js.gz
- clerk-js/5.73.0-canary.v20250714171150/66_clerk.chips.browser_553f77_5.73.0-canary.v20250714171150.min.js.sri
- clerk-js/5.73.0-canary.v20250714171150/66_clerk.legacy.browser_c3a066_5.73.0-canary.v20250714171150.js.br
- clerk-js/5.73.0-canary.v20250714171150/66_clerk.legacy.browser_c3a066_5.73.0-canary.v20250714171150.js.gz
- clerk-js/5.73.0-canary.v20250714171150/66_clerk.legacy.browser_c3a066_5.73.0-canary.v20250714171150.js.sri
- clerk-js/5.73.0-canary.v20250714171150/66_clerk.legacy.browser_c3a066_5.73.0-canary.v20250714171150.min.js.br
- clerk-js/5.73.0-canary.v20250714171150/66_clerk.legacy.browser_c3a066_5.73.0-canary.v20250714171150.min.js.gz
- clerk-js/5.73.0-canary.v20250714171150/66_clerk.legacy.browser_c3a066_5.73.0-canary.v20250714171150.min.js.sri
- clerk-js/5.73.0-canary.v20250714171150/890_clerk.headless_7720c7_5.73.0-canary.v20250714171150.js.br
- clerk-js/5.73.0-canary.v20250714171150/890_clerk.headless_7720c7_5.73.0-canary.v20250714171150.js.gz
- clerk-js/5.73.0-canary.v20250714171150/890_clerk.headless_7720c7_5.73.0-canary.v20250714171150.js.sri
- clerk-js/5.73.0-canary.v20250714171150/890_clerk.headless_7720c7_5.73.0-canary.v20250714171150.min.js.br
- clerk-js/5.73.0-canary.v20250714171150/890_clerk.headless_7720c7_5.73.0-canary.v20250714171150.min.js.gz
- clerk-js/5.73.0-canary.v20250714171150/890_clerk.headless_7720c7_5.73.0-canary.v20250714171150.min.js.sri
- clerk-js/5.73.0-canary.v20250714171150/965_clerk.headless_7720c7_5.73.0-canary.v20250714171150.js.br
- clerk-js/5.73.0-canary.v20250714171150/965_clerk.headless_7720c7_5.73.0-canary.v20250714171150.js.gz
- clerk-js/5.73.0-canary.v20250714171150/965_clerk.headless_7720c7_5.73.0-canary.v20250714171150.js.sri
- clerk-js/5.73.0-canary.v20250714171150/965_clerk.headless_7720c7_5.73.0-canary.v20250714171150.min.js.br
- clerk-js/5.73.0-canary.v20250714171150/965_clerk.headless_7720c7_5.73.0-canary.v20250714171150.min.js.gz
- clerk-js/5.73.0-canary.v20250714171150/965_clerk.headless_7720c7_5.73.0-canary.v20250714171150.min.js.sri
- clerk-js/5.73.0-canary.v20250714171150/apiKeys_clerk.browser_a58485_5.73.0-canary.v20250714171150.js.br
- clerk-js/5.73.0-canary.v20250714171150/apiKeys_clerk.browser_a58485_5.73.0-canary.v20250714171150.js.gz
- clerk-js/5.73.0-canary.v20250714171150/apiKeys_clerk.browser_a58485_5.73.0-canary.v20250714171150.js.sri
- clerk-js/5.73.0-canary.v20250714171150/apiKeys_clerk.browser_a58485_5.73.0-canary.v20250714171150.min.js.br
- clerk-js/5.73.0-canary.v20250714171150/apiKeys_clerk.browser_a58485_5.73.0-canary.v20250714171150.min.js.gz
- clerk-js/5.73.0-canary.v20250714171150/apiKeys_clerk.browser_a58485_5.73.0-canary.v20250714171150.min.js.sri
- clerk-js/5.73.0-canary.v20250714171150/apiKeys_clerk.chips.browser_553f77_5.73.0-canary.v20250714171150.js.br
- clerk-js/5.73.0-canary.v20250714171150/apiKeys_clerk.chips.browser_553f77_5.73.0-canary.v20250714171150.js.gz
- clerk-js/5.73.0-canary.v20250714171150/apiKeys_clerk.chips.browser_553f77_5.73.0-canary.v20250714171150.js.sri
- clerk-js/5.73.0-canary.v20250714171150/apiKeys_clerk.chips.browser_553f77_5.73.0-canary.v20250714171150.min.js.br
- clerk-js/5.73.0-canary.v20250714171150/apiKeys_clerk.chips.browser_553f77_5.73.0-canary.v20250714171150.min.js.gz
- clerk-js/5.73.0-canary.v20250714171150/apiKeys_clerk.chips.browser_553f77_5.73.0-canary.v20250714171150.min.js.sri
- clerk-js/5.73.0-canary.v20250714171150/apiKeys_clerk.legacy.browser_c3a066_5.73.0-canary.v20250714171150.js.br
- clerk-js/5.73.0-canary.v20250714171150/apiKeys_clerk.legacy.browser_c3a066_5.73.0-canary.v20250714171150.js.gz
- clerk-js/5.73.0-canary.v20250714171150/apiKeys_clerk.legacy.browser_c3a066_5.73.0-canary.v20250714171150.js.sri
- clerk-js/5.73.0-canary.v20250714171150/apiKeys_clerk.legacy.browser_c3a066_5.73.0-canary.v20250714171150.min.js.br
- clerk-js/5.73.0-canary.v20250714171150/apiKeys_clerk.legacy.browser_c3a066_5.73.0-canary.v20250714171150.min.js.gz
- clerk-js/5.73.0-canary.v20250714171150/apiKeys_clerk.legacy.browser_c3a066_5.73.0-canary.v20250714171150.min.js.sri
- clerk-js/5.73.0-canary.v20250714171150/blankcaptcha_clerk.browser_a58485_5.73.0-canary.v20250714171150.js.br
- clerk-js/5.73.0-canary.v20250714171150/blankcaptcha_clerk.browser_a58485_5.73.0-canary.v20250714171150.js.gz
- clerk-js/5.73.0-canary.v20250714171150/blankcaptcha_clerk.browser_a58485_5.73.0-canary.v20250714171150.js.sri
- clerk-js/5.73.0-canary.v20250714171150/blankcaptcha_clerk.browser_a58485_5.73.0-canary.v20250714171150.min.js.br
- clerk-js/5.73.0-canary.v20250714171150/blankcaptcha_clerk.browser_a58485_5.73.0-canary.v20250714171150.min.js.gz
- clerk-js/5.73.0-canary.v20250714171150/blankcaptcha_clerk.browser_a58485_5.73.0-canary.v20250714171150.min.js.sri
- clerk-js/5.73.0-canary.v20250714171150/blankcaptcha_clerk.chips.browser_553f77_5.73.0-canary.v20250714171150.js.br
- clerk-js/5.73.0-canary.v20250714171150/blankcaptcha_clerk.chips.browser_553f77_5.73.0-canary.v20250714171150.js.gz
- clerk-js/5.73.0-canary.v20250714171150/blankcaptcha_clerk.chips.browser_553f77_5.73.0-canary.v20250714171150.js.sri
- clerk-js/5.73.0-canary.v20250714171150/blankcaptcha_clerk.chips.browser_553f77_5.73.0-canary.v20250714171150.min.js.br
- clerk-js/5.73.0-canary.v20250714171150/blankcaptcha_clerk.chips.browser_553f77_5.73.0-canary.v20250714171150.min.js.gz
- clerk-js/5.73.0-canary.v20250714171150/blankcaptcha_clerk.chips.browser_553f77_5.73.0-canary.v20250714171150.min.js.sri
- clerk-js/5.73.0-canary.v20250714171150/blankcaptcha_clerk.legacy.browser_c3a066_5.73.0-canary.v20250714171150.js.br
- clerk-js/5.73.0-canary.v20250714171150/blankcaptcha_clerk.legacy.browser_c3a066_5.73.0-canary.v20250714171150.js.gz
- clerk-js/5.73.0-canary.v20250714171150/blankcaptcha_clerk.legacy.browser_c3a066_5.73.0-canary.v20250714171150.js.sri
- clerk-js/5.73.0-canary.v20250714171150/blankcaptcha_clerk.legacy.browser_c3a066_5.73.0-canary.v20250714171150.min.js.br
- clerk-js/5.73.0-canary.v20250714171150/blankcaptcha_clerk.legacy.browser_c3a066_5.73.0-canary.v20250714171150.min.js.gz
- clerk-js/5.73.0-canary.v20250714171150/blankcaptcha_clerk.legacy.browser_c3a066_5.73.0-canary.v20250714171150.min.js.sri
- clerk-js/5.73.0-canary.v20250714171150/checkout_clerk.browser_a58485_5.73.0-canary.v20250714171150.js.br
- clerk-js/5.73.0-canary.v20250714171150/checkout_clerk.browser_a58485_5.73.0-canary.v20250714171150.js.gz
- clerk-js/5.73.0-canary.v20250714171150/checkout_clerk.browser_a58485_5.73.0-canary.v20250714171150.js.sri
- clerk-js/5.73.0-canary.v20250714171150/checkout_clerk.browser_a58485_5.73.0-canary.v20250714171150.min.js.br
- clerk-js/5.73.0-canary.v20250714171150/checkout_clerk.browser_a58485_5.73.0-canary.v20250714171150.min.js.gz
- clerk-js/5.73.0-canary.v20250714171150/checkout_clerk.browser_a58485_5.73.0-canary.v20250714171150.min.js.sri
- clerk-js/5.73.0-canary.v20250714171150/checkout_clerk.chips.browser_553f77_5.73.0-canary.v20250714171150.js.br
- clerk-js/5.73.0-canary.v20250714171150/checkout_clerk.chips.browser_553f77_5.73.0-canary.v20250714171150.js.gz
- clerk-js/5.73.0-canary.v20250714171150/checkout_clerk.chips.browser_553f77_5.73.0-canary.v20250714171150.js.sri
- clerk-js/5.73.0-canary.v20250714171150/checkout_clerk.chips.browser_553f77_5.73.0-canary.v20250714171150.min.js.br
- clerk-js/5.73.0-canary.v20250714171150/checkout_clerk.chips.browser_553f77_5.73.0-canary.v20250714171150.min.js.gz
- clerk-js/5.73.0-canary.v20250714171150/checkout_clerk.chips.browser_553f77_5.73.0-canary.v20250714171150.min.js.sri
- clerk-js/5.73.0-canary.v20250714171150/checkout_clerk.legacy.browser_c3a066_5.73.0-canary.v20250714171150.js.br
- clerk-js/5.73.0-canary.v20250714171150/checkout_clerk.legacy.browser_c3a066_5.73.0-canary.v20250714171150.js.gz
- clerk-js/5.73.0-canary.v20250714171150/checkout_clerk.legacy.browser_c3a066_5.73.0-canary.v20250714171150.js.sri
- clerk-js/5.73.0-canary.v20250714171150/checkout_clerk.legacy.browser_c3a066_5.73.0-canary.v20250714171150.min.js.br
- clerk-js/5.73.0-canary.v20250714171150/checkout_clerk.legacy.browser_c3a066_5.73.0-canary.v20250714171150.min.js.gz
- clerk-js/5.73.0-canary.v20250714171150/checkout_clerk.legacy.browser_c3a066_5.73.0-canary.v20250714171150.min.js.sri
- clerk-js/5.73.0-canary.v20250714171150/clerk.browser.js.br
- clerk-js/5.73.0-canary.v20250714171150/clerk.browser.js.gz
- clerk-js/5.73.0-canary.v20250714171150/clerk.browser.js.sri
- clerk-js/5.73.0-canary.v20250714171150/clerk.browser.min.js.br
- clerk-js/5.73.0-canary.v20250714171150/clerk.browser.min.js.gz
- clerk-js/5.73.0-canary.v20250714171150/clerk.browser.min.js.sri
- clerk-js/5.73.0-canary.v20250714171150/clerk.chips.browser.js.br
- clerk-js/5.73.0-canary.v20250714171150/clerk.chips.browser.js.gz
- clerk-js/5.73.0-canary.v20250714171150/clerk.chips.browser.js.sri
- clerk-js/5.73.0-canary.v20250714171150/clerk.chips.browser.min.js.br
- clerk-js/5.73.0-canary.v20250714171150/clerk.chips.browser.min.js.gz
- clerk-js/5.73.0-canary.v20250714171150/clerk.chips.browser.min.js.sri
- clerk-js/5.73.0-canary.v20250714171150/clerk.headless.browser.js.br
- clerk-js/5.73.0-canary.v20250714171150/clerk.headless.browser.js.gz
- clerk-js/5.73.0-canary.v20250714171150/clerk.headless.browser.js.sri
- clerk-js/5.73.0-canary.v20250714171150/clerk.headless.browser.min.js.br
- clerk-js/5.73.0-canary.v20250714171150/clerk.headless.browser.min.js.gz
- clerk-js/5.73.0-canary.v20250714171150/clerk.headless.browser.min.js.sri
- clerk-js/5.73.0-canary.v20250714171150/clerk.headless.js.br
- clerk-js/5.73.0-canary.v20250714171150/clerk.headless.js.gz
- clerk-js/5.73.0-canary.v20250714171150/clerk.headless.js.sri
- clerk-js/5.73.0-canary.v20250714171150/clerk.headless.min.js.br
- clerk-js/5.73.0-canary.v20250714171150/clerk.headless.min.js.gz
- clerk-js/5.73.0-canary.v20250714171150/clerk.headless.min.js.sri
- clerk-js/5.73.0-canary.v20250714171150/clerk.js.br
- clerk-js/5.73.0-canary.v20250714171150/clerk.js.gz
- clerk-js/5.73.0-canary.v20250714171150/clerk.js.sri
- clerk-js/5.73.0-canary.v20250714171150/clerk.legacy.browser.js.br
- clerk-js/5.73.0-canary.v20250714171150/clerk.legacy.browser.js.gz
- clerk-js/5.73.0-canary.v20250714171150/clerk.legacy.browser.js.sri
- clerk-js/5.73.0-canary.v20250714171150/clerk.legacy.browser.min.js.br
- clerk-js/5.73.0-canary.v20250714171150/clerk.legacy.browser.min.js.gz
- clerk-js/5.73.0-canary.v20250714171150/clerk.legacy.browser.min.js.sri
- clerk-js/5.73.0-canary.v20250714171150/clerk.min.js.br
- clerk-js/5.73.0-canary.v20250714171150/clerk.min.js.gz
- clerk-js/5.73.0-canary.v20250714171150/clerk.min.js.sri
- clerk-js/5.73.0-canary.v20250714171150/clerk.mjs.br
- clerk-js/5.73.0-canary.v20250714171150/clerk.mjs.gz
- clerk-js/5.73.0-canary.v20250714171150/clerk.no-rhc.js.br
- clerk-js/5.73.0-canary.v20250714171150/clerk.no-rhc.js.gz
- clerk-js/5.73.0-canary.v20250714171150/clerk.no-rhc.js.sri
- clerk-js/5.73.0-canary.v20250714171150/clerk.no-rhc.min.js.br
- clerk-js/5.73.0-canary.v20250714171150/clerk.no-rhc.min.js.gz
- clerk-js/5.73.0-canary.v20250714171150/clerk.no-rhc.min.js.sri
- clerk-js/5.73.0-canary.v20250714171150/clerk.no-rhc.mjs.br
- clerk-js/5.73.0-canary.v20250714171150/clerk.no-rhc.mjs.gz
- clerk-js/5.73.0-canary.v20250714171150/coinbase-wallet-sdk_clerk.browser_a58485_5.73.0-canary.v20250714171150.js.br
- clerk-js/5.73.0-canary.v20250714171150/coinbase-wallet-sdk_clerk.browser_a58485_5.73.0-canary.v20250714171150.js.gz
- clerk-js/5.73.0-canary.v20250714171150/coinbase-wallet-sdk_clerk.browser_a58485_5.73.0-canary.v20250714171150.js.sri
- clerk-js/5.73.0-canary.v20250714171150/coinbase-wallet-sdk_clerk.browser_a58485_5.73.0-canary.v20250714171150.min.js.br
- clerk-js/5.73.0-canary.v20250714171150/coinbase-wallet-sdk_clerk.browser_a58485_5.73.0-canary.v20250714171150.min.js.gz
- clerk-js/5.73.0-canary.v20250714171150/coinbase-wallet-sdk_clerk.browser_a58485_5.73.0-canary.v20250714171150.min.js.sri
- clerk-js/5.73.0-canary.v20250714171150/coinbase-wallet-sdk_clerk.chips.browser_553f77_5.73.0-canary.v20250714171150.js.br
- clerk-js/5.73.0-canary.v20250714171150/coinbase-wallet-sdk_clerk.chips.browser_553f77_5.73.0-canary.v20250714171150.js.gz
- clerk-js/5.73.0-canary.v20250714171150/coinbase-wallet-sdk_clerk.chips.browser_553f77_5.73.0-canary.v20250714171150.js.sri
- clerk-js/5.73.0-canary.v20250714171150/coinbase-wallet-sdk_clerk.chips.browser_553f77_5.73.0-canary.v20250714171150.min.js.br
- clerk-js/5.73.0-canary.v20250714171150/coinbase-wallet-sdk_clerk.chips.browser_553f77_5.73.0-canary.v20250714171150.min.js.gz
- clerk-js/5.73.0-canary.v20250714171150/coinbase-wallet-sdk_clerk.chips.browser_553f77_5.73.0-canary.v20250714171150.min.js.sri
- clerk-js/5.73.0-canary.v20250714171150/coinbase-wallet-sdk_clerk.headless.browser_942157_5.73.0-canary.v20250714171150.js.br
- clerk-js/5.73.0-canary.v20250714171150/coinbase-wallet-sdk_clerk.headless.browser_942157_5.73.0-canary.v20250714171150.js.gz
- clerk-js/5.73.0-canary.v20250714171150/coinbase-wallet-sdk_clerk.headless.browser_942157_5.73.0-canary.v20250714171150.js.sri
- clerk-js/5.73.0-canary.v20250714171150/coinbase-wallet-sdk_clerk.headless.browser_942157_5.73.0-canary.v20250714171150.min.js.br
- clerk-js/5.73.0-canary.v20250714171150/coinbase-wallet-sdk_clerk.headless.browser_942157_5.73.0-canary.v20250714171150.min.js.gz
- clerk-js/5.73.0-canary.v20250714171150/coinbase-wallet-sdk_clerk.headless.browser_942157_5.73.0-canary.v20250714171150.min.js.sri
- clerk-js/5.73.0-canary.v20250714171150/coinbase-wallet-sdk_clerk.legacy.browser_c3a066_5.73.0-canary.v20250714171150.js.br
- clerk-js/5.73.0-canary.v20250714171150/coinbase-wallet-sdk_clerk.legacy.browser_c3a066_5.73.0-canary.v20250714171150.js.gz
- clerk-js/5.73.0-canary.v20250714171150/coinbase-wallet-sdk_clerk.legacy.browser_c3a066_5.73.0-canary.v20250714171150.js.sri
- clerk-js/5.73.0-canary.v20250714171150/coinbase-wallet-sdk_clerk.legacy.browser_c3a066_5.73.0-canary.v20250714171150.min.js.br
- clerk-js/5.73.0-canary.v20250714171150/coinbase-wallet-sdk_clerk.legacy.browser_c3a066_5.73.0-canary.v20250714171150.min.js.gz
- clerk-js/5.73.0-canary.v20250714171150/coinbase-wallet-sdk_clerk.legacy.browser_c3a066_5.73.0-canary.v20250714171150.min.js.sri
- clerk-js/5.73.0-canary.v20250714171150/cookieSuffix_clerk.browser_a58485_5.73.0-canary.v20250714171150.js.br
- clerk-js/5.73.0-canary.v20250714171150/cookieSuffix_clerk.browser_a58485_5.73.0-canary.v20250714171150.js.gz
- clerk-js/5.73.0-canary.v20250714171150/cookieSuffix_clerk.browser_a58485_5.73.0-canary.v20250714171150.js.sri
- clerk-js/5.73.0-canary.v20250714171150/cookieSuffix_clerk.browser_a58485_5.73.0-canary.v20250714171150.min.js.br
- clerk-js/5.73.0-canary.v20250714171150/cookieSuffix_clerk.browser_a58485_5.73.0-canary.v20250714171150.min.js.gz
- clerk-js/5.73.0-canary.v20250714171150/cookieSuffix_clerk.browser_a58485_5.73.0-canary.v20250714171150.min.js.sri
- clerk-js/5.73.0-canary.v20250714171150/cookieSuffix_clerk.chips.browser_553f77_5.73.0-canary.v20250714171150.js.br
- clerk-js/5.73.0-canary.v20250714171150/cookieSuffix_clerk.chips.browser_553f77_5.73.0-canary.v20250714171150.js.gz
- clerk-js/5.73.0-canary.v20250714171150/cookieSuffix_clerk.chips.browser_553f77_5.73.0-canary.v20250714171150.js.sri
- clerk-js/5.73.0-canary.v20250714171150/cookieSuffix_clerk.chips.browser_553f77_5.73.0-canary.v20250714171150.min.js.br
- clerk-js/5.73.0-canary.v20250714171150/cookieSuffix_clerk.chips.browser_553f77_5.73.0-canary.v20250714171150.min.js.gz
- clerk-js/5.73.0-canary.v20250714171150/cookieSuffix_clerk.chips.browser_553f77_5.73.0-canary.v20250714171150.min.js.sri
- clerk-js/5.73.0-canary.v20250714171150/cookieSuffix_clerk.headless.browser_942157_5.73.0-canary.v20250714171150.js.br
- clerk-js/5.73.0-canary.v20250714171150/cookieSuffix_clerk.headless.browser_942157_5.73.0-canary.v20250714171150.js.gz
- clerk-js/5.73.0-canary.v20250714171150/cookieSuffix_clerk.headless.browser_942157_5.73.0-canary.v20250714171150.js.sri
- clerk-js/5.73.0-canary.v20250714171150/cookieSuffix_clerk.headless.browser_942157_5.73.0-canary.v20250714171150.min.js.br
- clerk-js/5.73.0-canary.v20250714171150/cookieSuffix_clerk.headless.browser_942157_5.73.0-canary.v20250714171150.min.js.gz
- clerk-js/5.73.0-canary.v20250714171150/cookieSuffix_clerk.headless.browser_942157_5.73.0-canary.v20250714171150.min.js.sri
- clerk-js/5.73.0-canary.v20250714171150/cookieSuffix_clerk.headless_7720c7_5.73.0-canary.v20250714171150.js.br
- clerk-js/5.73.0-canary.v20250714171150/cookieSuffix_clerk.headless_7720c7_5.73.0-canary.v20250714171150.js.gz
- clerk-js/5.73.0-canary.v20250714171150/cookieSuffix_clerk.headless_7720c7_5.73.0-canary.v20250714171150.js.sri
- clerk-js/5.73.0-canary.v20250714171150/cookieSuffix_clerk.headless_7720c7_5.73.0-canary.v20250714171150.min.js.br
- clerk-js/5.73.0-canary.v20250714171150/cookieSuffix_clerk.headless_7720c7_5.73.0-canary.v20250714171150.min.js.gz
- clerk-js/5.73.0-canary.v20250714171150/cookieSuffix_clerk.headless_7720c7_5.73.0-canary.v20250714171150.min.js.sri
- clerk-js/5.73.0-canary.v20250714171150/cookieSuffix_clerk.legacy.browser_c3a066_5.73.0-canary.v20250714171150.js.br
- clerk-js/5.73.0-canary.v20250714171150/cookieSuffix_clerk.legacy.browser_c3a066_5.73.0-canary.v20250714171150.js.gz
- clerk-js/5.73.0-canary.v20250714171150/cookieSuffix_clerk.legacy.browser_c3a066_5.73.0-canary.v20250714171150.js.sri
- clerk-js/5.73.0-canary.v20250714171150/cookieSuffix_clerk.legacy.browser_c3a066_5.73.0-canary.v20250714171150.min.js.br
- clerk-js/5.73.0-canary.v20250714171150/cookieSuffix_clerk.legacy.browser_c3a066_5.73.0-canary.v20250714171150.min.js.gz
- clerk-js/5.73.0-canary.v20250714171150/cookieSuffix_clerk.legacy.browser_c3a066_5.73.0-canary.v20250714171150.min.js.sri
- clerk-js/5.73.0-canary.v20250714171150/createorganization_clerk.browser_a58485_5.73.0-canary.v20250714171150.js.br
- clerk-js/5.73.0-canary.v20250714171150/createorganization_clerk.browser_a58485_5.73.0-canary.v20250714171150.js.gz
- clerk-js/5.73.0-canary.v20250714171150/createorganization_clerk.browser_a58485_5.73.0-canary.v20250714171150.js.sri
- clerk-js/5.73.0-canary.v20250714171150/createorganization_clerk.browser_a58485_5.73.0-canary.v20250714171150.min.js.br
- clerk-js/5.73.0-canary.v20250714171150/createorganization_clerk.browser_a58485_5.73.0-canary.v20250714171150.min.js.gz
- clerk-js/5.73.0-canary.v20250714171150/createorganization_clerk.browser_a58485_5.73.0-canary.v20250714171150.min.js.sri
- clerk-js/5.73.0-canary.v20250714171150/createorganization_clerk.chips.browser_553f77_5.73.0-canary.v20250714171150.js.br
- clerk-js/5.73.0-canary.v20250714171150/createorganization_clerk.chips.browser_553f77_5.73.0-canary.v20250714171150.js.gz
- clerk-js/5.73.0-canary.v20250714171150/createorganization_clerk.chips.browser_553f77_5.73.0-canary.v20250714171150.js.sri
- clerk-js/5.73.0-canary.v20250714171150/createorganization_clerk.chips.browser_553f77_5.73.0-canary.v20250714171150.min.js.br
- clerk-js/5.73.0-canary.v20250714171150/createorganization_clerk.chips.browser_553f77_5.73.0-canary.v20250714171150.min.js.gz
- clerk-js/5.73.0-canary.v20250714171150/createorganization_clerk.chips.browser_553f77_5.73.0-canary.v20250714171150.min.js.sri
- clerk-js/5.73.0-canary.v20250714171150/createorganization_clerk.legacy.browser_c3a066_5.73.0-canary.v20250714171150.js.br
- clerk-js/5.73.0-canary.v20250714171150/createorganization_clerk.legacy.browser_c3a066_5.73.0-canary.v20250714171150.js.gz
- clerk-js/5.73.0-canary.v20250714171150/createorganization_clerk.legacy.browser_c3a066_5.73.0-canary.v20250714171150.js.sri
- clerk-js/5.73.0-canary.v20250714171150/createorganization_clerk.legacy.browser_c3a066_5.73.0-canary.v20250714171150.min.js.br
- clerk-js/5.73.0-canary.v20250714171150/createorganization_clerk.legacy.browser_c3a066_5.73.0-canary.v20250714171150.min.js.gz
- clerk-js/5.73.0-canary.v20250714171150/createorganization_clerk.legacy.browser_c3a066_5.73.0-canary.v20250714171150.min.js.sri
- clerk-js/5.73.0-canary.v20250714171150/framework_clerk.browser_a58485_5.73.0-canary.v20250714171150.js.br
- clerk-js/5.73.0-canary.v20250714171150/framework_clerk.browser_a58485_5.73.0-canary.v20250714171150.js.gz
- clerk-js/5.73.0-canary.v20250714171150/framework_clerk.browser_a58485_5.73.0-canary.v20250714171150.js.sri
- clerk-js/5.73.0-canary.v20250714171150/framework_clerk.browser_a58485_5.73.0-canary.v20250714171150.min.js.br
- clerk-js/5.73.0-canary.v20250714171150/framework_clerk.browser_a58485_5.73.0-canary.v20250714171150.min.js.gz
- clerk-js/5.73.0-canary.v20250714171150/framework_clerk.browser_a58485_5.73.0-canary.v20250714171150.min.js.sri
- clerk-js/5.73.0-canary.v20250714171150/framework_clerk.chips.browser_553f77_5.73.0-canary.v20250714171150.js.br
- clerk-js/5.73.0-canary.v20250714171150/framework_clerk.chips.browser_553f77_5.73.0-canary.v20250714171150.js.gz
- clerk-js/5.73.0-canary.v20250714171150/framework_clerk.chips.browser_553f77_5.73.0-canary.v20250714171150.js.sri
- clerk-js/5.73.0-canary.v20250714171150/framework_clerk.chips.browser_553f77_5.73.0-canary.v20250714171150.min.js.br
- clerk-js/5.73.0-canary.v20250714171150/framework_clerk.chips.browser_553f77_5.73.0-canary.v20250714171150.min.js.gz
- clerk-js/5.73.0-canary.v20250714171150/framework_clerk.chips.browser_553f77_5.73.0-canary.v20250714171150.min.js.sri
- clerk-js/5.73.0-canary.v20250714171150/framework_clerk.legacy.browser_c3a066_5.73.0-canary.v20250714171150.js.br
- clerk-js/5.73.0-canary.v20250714171150/framework_clerk.legacy.browser_c3a066_5.73.0-canary.v20250714171150.js.gz
- clerk-js/5.73.0-canary.v20250714171150/framework_clerk.legacy.browser_c3a066_5.73.0-canary.v20250714171150.js.sri
- clerk-js/5.73.0-canary.v20250714171150/framework_clerk.legacy.browser_c3a066_5.73.0-canary.v20250714171150.min.js.br
- clerk-js/5.73.0-canary.v20250714171150/framework_clerk.legacy.browser_c3a066_5.73.0-canary.v20250714171150.min.js.gz
- clerk-js/5.73.0-canary.v20250714171150/framework_clerk.legacy.browser_c3a066_5.73.0-canary.v20250714171150.min.js.sri
- clerk-js/5.73.0-canary.v20250714171150/impersonationfab_clerk.browser_a58485_5.73.0-canary.v20250714171150.js.br
- clerk-js/5.73.0-canary.v20250714171150/impersonationfab_clerk.browser_a58485_5.73.0-canary.v20250714171150.js.gz
- clerk-js/5.73.0-canary.v20250714171150/impersonationfab_clerk.browser_a58485_5.73.0-canary.v20250714171150.js.sri
- clerk-js/5.73.0-canary.v20250714171150/impersonationfab_clerk.browser_a58485_5.73.0-canary.v20250714171150.min.js.br
- clerk-js/5.73.0-canary.v20250714171150/impersonationfab_clerk.browser_a58485_5.73.0-canary.v20250714171150.min.js.gz
- clerk-js/5.73.0-canary.v20250714171150/impersonationfab_clerk.browser_a58485_5.73.0-canary.v20250714171150.min.js.sri
- clerk-js/5.73.0-canary.v20250714171150/impersonationfab_clerk.chips.browser_553f77_5.73.0-canary.v20250714171150.js.br
- clerk-js/5.73.0-canary.v20250714171150/impersonationfab_clerk.chips.browser_553f77_5.73.0-canary.v20250714171150.js.gz
- clerk-js/5.73.0-canary.v20250714171150/impersonationfab_clerk.chips.browser_553f77_5.73.0-canary.v20250714171150.js.sri
- clerk-js/5.73.0-canary.v20250714171150/impersonationfab_clerk.chips.browser_553f77_5.73.0-canary.v20250714171150.min.js.br
- clerk-js/5.73.0-canary.v20250714171150/impersonationfab_clerk.chips.browser_553f77_5.73.0-canary.v20250714171150.min.js.gz
- clerk-js/5.73.0-canary.v20250714171150/impersonationfab_clerk.chips.browser_553f77_5.73.0-canary.v20250714171150.min.js.sri
- clerk-js/5.73.0-canary.v20250714171150/impersonationfab_clerk.legacy.browser_c3a066_5.73.0-canary.v20250714171150.js.br
- clerk-js/5.73.0-canary.v20250714171150/impersonationfab_clerk.legacy.browser_c3a066_5.73.0-canary.v20250714171150.js.gz
- clerk-js/5.73.0-canary.v20250714171150/impersonationfab_clerk.legacy.browser_c3a066_5.73.0-canary.v20250714171150.js.sri
- clerk-js/5.73.0-canary.v20250714171150/impersonationfab_clerk.legacy.browser_c3a066_5.73.0-canary.v20250714171150.min.js.br
- clerk-js/5.73.0-canary.v20250714171150/impersonationfab_clerk.legacy.browser_c3a066_5.73.0-canary.v20250714171150.min.js.gz
- clerk-js/5.73.0-canary.v20250714171150/impersonationfab_clerk.legacy.browser_c3a066_5.73.0-canary.v20250714171150.min.js.sri
- clerk-js/5.73.0-canary.v20250714171150/keylessPrompt_clerk.browser_a58485_5.73.0-canary.v20250714171150.js.br
- clerk-js/5.73.0-canary.v20250714171150/keylessPrompt_clerk.browser_a58485_5.73.0-canary.v20250714171150.js.gz
- clerk-js/5.73.0-canary.v20250714171150/keylessPrompt_clerk.browser_a58485_5.73.0-canary.v20250714171150.js.sri
- clerk-js/5.73.0-canary.v20250714171150/keylessPrompt_clerk.browser_a58485_5.73.0-canary.v20250714171150.min.js.br
- clerk-js/5.73.0-canary.v20250714171150/keylessPrompt_clerk.browser_a58485_5.73.0-canary.v20250714171150.min.js.gz
- clerk-js/5.73.0-canary.v20250714171150/keylessPrompt_clerk.browser_a58485_5.73.0-canary.v20250714171150.min.js.sri
- clerk-js/5.73.0-canary.v20250714171150/keylessPrompt_clerk.chips.browser_553f77_5.73.0-canary.v20250714171150.js.br
- clerk-js/5.73.0-canary.v20250714171150/keylessPrompt_clerk.chips.browser_553f77_5.73.0-canary.v20250714171150.js.gz
- clerk-js/5.73.0-canary.v20250714171150/keylessPrompt_clerk.chips.browser_553f77_5.73.0-canary.v20250714171150.js.sri
- clerk-js/5.73.0-canary.v20250714171150/keylessPrompt_clerk.chips.browser_553f77_5.73.0-canary.v20250714171150.min.js.br
- clerk-js/5.73.0-canary.v20250714171150/keylessPrompt_clerk.chips.browser_553f77_5.73.0-canary.v20250714171150.min.js.gz
- clerk-js/5.73.0-canary.v20250714171150/keylessPrompt_clerk.chips.browser_553f77_5.73.0-canary.v20250714171150.min.js.sri
- clerk-js/5.73.0-canary.v20250714171150/keylessPrompt_clerk.legacy.browser_c3a066_5.73.0-canary.v20250714171150.js.br
- clerk-js/5.73.0-canary.v20250714171150/keylessPrompt_clerk.legacy.browser_c3a066_5.73.0-canary.v20250714171150.js.gz
- clerk-js/5.73.0-canary.v20250714171150/keylessPrompt_clerk.legacy.browser_c3a066_5.73.0-canary.v20250714171150.js.sri
- clerk-js/5.73.0-canary.v20250714171150/keylessPrompt_clerk.legacy.browser_c3a066_5.73.0-canary.v20250714171150.min.js.br
- clerk-js/5.73.0-canary.v20250714171150/keylessPrompt_clerk.legacy.browser_c3a066_5.73.0-canary.v20250714171150.min.js.gz
- clerk-js/5.73.0-canary.v20250714171150/keylessPrompt_clerk.legacy.browser_c3a066_5.73.0-canary.v20250714171150.min.js.sri
- clerk-js/5.73.0-canary.v20250714171150/oauthConsent_clerk.browser_a58485_5.73.0-canary.v20250714171150.js.br
- clerk-js/5.73.0-canary.v20250714171150/oauthConsent_clerk.browser_a58485_5.73.0-canary.v20250714171150.js.gz
- clerk-js/5.73.0-canary.v20250714171150/oauthConsent_clerk.browser_a58485_5.73.0-canary.v20250714171150.js.sri
- clerk-js/5.73.0-canary.v20250714171150/oauthConsent_clerk.browser_a58485_5.73.0-canary.v20250714171150.min.js.br
- clerk-js/5.73.0-canary.v20250714171150/oauthConsent_clerk.browser_a58485_5.73.0-canary.v20250714171150.min.js.gz
- clerk-js/5.73.0-canary.v20250714171150/oauthConsent_clerk.browser_a58485_5.73.0-canary.v20250714171150.min.js.sri
- clerk-js/5.73.0-canary.v20250714171150/oauthConsent_clerk.chips.browser_553f77_5.73.0-canary.v20250714171150.js.br
- clerk-js/5.73.0-canary.v20250714171150/oauthConsent_clerk.chips.browser_553f77_5.73.0-canary.v20250714171150.js.gz
- clerk-js/5.73.0-canary.v20250714171150/oauthConsent_clerk.chips.browser_553f77_5.73.0-canary.v20250714171150.js.sri
- clerk-js/5.73.0-canary.v20250714171150/oauthConsent_clerk.chips.browser_553f77_5.73.0-canary.v20250714171150.min.js.br
- clerk-js/5.73.0-canary.v20250714171150/oauthConsent_clerk.chips.browser_553f77_5.73.0-canary.v20250714171150.min.js.gz
- clerk-js/5.73.0-canary.v20250714171150/oauthConsent_clerk.chips.browser_553f77_5.73.0-canary.v20250714171150.min.js.sri
- clerk-js/5.73.0-canary.v20250714171150/oauthConsent_clerk.legacy.browser_c3a066_5.73.0-canary.v20250714171150.js.br
- clerk-js/5.73.0-canary.v20250714171150/oauthConsent_clerk.legacy.browser_c3a066_5.73.0-canary.v20250714171150.js.gz
- clerk-js/5.73.0-canary.v20250714171150/oauthConsent_clerk.legacy.browser_c3a066_5.73.0-canary.v20250714171150.js.sri
- clerk-js/5.73.0-canary.v20250714171150/oauthConsent_clerk.legacy.browser_c3a066_5.73.0-canary.v20250714171150.min.js.br
- clerk-js/5.73.0-canary.v20250714171150/oauthConsent_clerk.legacy.browser_c3a066_5.73.0-canary.v20250714171150.min.js.gz
- clerk-js/5.73.0-canary.v20250714171150/oauthConsent_clerk.legacy.browser_c3a066_5.73.0-canary.v20250714171150.min.js.sri
- clerk-js/5.73.0-canary.v20250714171150/onetap_clerk.browser_a58485_5.73.0-canary.v20250714171150.js.br
- clerk-js/5.73.0-canary.v20250714171150/onetap_clerk.browser_a58485_5.73.0-canary.v20250714171150.js.gz
- clerk-js/5.73.0-canary.v20250714171150/onetap_clerk.browser_a58485_5.73.0-canary.v20250714171150.js.sri
- clerk-js/5.73.0-canary.v20250714171150/onetap_clerk.browser_a58485_5.73.0-canary.v20250714171150.min.js.br
- clerk-js/5.73.0-canary.v20250714171150/onetap_clerk.browser_a58485_5.73.0-canary.v20250714171150.min.js.gz
- clerk-js/5.73.0-canary.v20250714171150/onetap_clerk.browser_a58485_5.73.0-canary.v20250714171150.min.js.sri
- clerk-js/5.73.0-canary.v20250714171150/onetap_clerk.chips.browser_553f77_5.73.0-canary.v20250714171150.js.br
- clerk-js/5.73.0-canary.v20250714171150/onetap_clerk.chips.browser_553f77_5.73.0-canary.v20250714171150.js.gz
- clerk-js/5.73.0-canary.v20250714171150/onetap_clerk.chips.browser_553f77_5.73.0-canary.v20250714171150.js.sri
- clerk-js/5.73.0-canary.v20250714171150/onetap_clerk.chips.browser_553f77_5.73.0-canary.v20250714171150.min.js.br
- clerk-js/5.73.0-canary.v20250714171150/onetap_clerk.chips.browser_553f77_5.73.0-canary.v20250714171150.min.js.gz
- clerk-js/5.73.0-canary.v20250714171150/onetap_clerk.chips.browser_553f77_5.73.0-canary.v20250714171150.min.js.sri
- clerk-js/5.73.0-canary.v20250714171150/onetap_clerk.legacy.browser_c3a066_5.73.0-canary.v20250714171150.js.br
- clerk-js/5.73.0-canary.v20250714171150/onetap_clerk.legacy.browser_c3a066_5.73.0-canary.v20250714171150.js.gz
- clerk-js/5.73.0-canary.v20250714171150/onetap_clerk.legacy.browser_c3a066_5.73.0-canary.v20250714171150.js.sri
- clerk-js/5.73.0-canary.v20250714171150/onetap_clerk.legacy.browser_c3a066_5.73.0-canary.v20250714171150.min.js.br
- clerk-js/5.73.0-canary.v20250714171150/onetap_clerk.legacy.browser_c3a066_5.73.0-canary.v20250714171150.min.js.gz
- clerk-js/5.73.0-canary.v20250714171150/onetap_clerk.legacy.browser_c3a066_5.73.0-canary.v20250714171150.min.js.sri
- clerk-js/5.73.0-canary.v20250714171150/op-api-keys-page_clerk.browser_a58485_5.73.0-canary.v20250714171150.js.br
- clerk-js/5.73.0-canary.v20250714171150/op-api-keys-page_clerk.browser_a58485_5.73.0-canary.v20250714171150.js.gz
- clerk-js/5.73.0-canary.v20250714171150/op-api-keys-page_clerk.browser_a58485_5.73.0-canary.v20250714171150.js.sri
- clerk-js/5.73.0-canary.v20250714171150/op-api-keys-page_clerk.browser_a58485_5.73.0-canary.v20250714171150.min.js.br
- clerk-js/5.73.0-canary.v20250714171150/op-api-keys-page_clerk.browser_a58485_5.73.0-canary.v20250714171150.min.js.gz
- clerk-js/5.73.0-canary.v20250714171150/op-api-keys-page_clerk.browser_a58485_5.73.0-canary.v20250714171150.min.js.sri
- clerk-js/5.73.0-canary.v20250714171150/op-api-keys-page_clerk.chips.browser_553f77_5.73.0-canary.v20250714171150.js.br
- clerk-js/5.73.0-canary.v20250714171150/op-api-keys-page_clerk.chips.browser_553f77_5.73.0-canary.v20250714171150.js.gz
- clerk-js/5.73.0-canary.v20250714171150/op-api-keys-page_clerk.chips.browser_553f77_5.73.0-canary.v20250714171150.js.sri
- clerk-js/5.73.0-canary.v20250714171150/op-api-keys-page_clerk.chips.browser_553f77_5.73.0-canary.v20250714171150.min.js.br
- clerk-js/5.73.0-canary.v20250714171150/op-api-keys-page_clerk.chips.browser_553f77_5.73.0-canary.v20250714171150.min.js.gz
- clerk-js/5.73.0-canary.v20250714171150/op-api-keys-page_clerk.chips.browser_553f77_5.73.0-canary.v20250714171150.min.js.sri
- clerk-js/5.73.0-canary.v20250714171150/op-api-keys-page_clerk.legacy.browser_c3a066_5.73.0-canary.v20250714171150.js.br
- clerk-js/5.73.0-canary.v20250714171150/op-api-keys-page_clerk.legacy.browser_c3a066_5.73.0-canary.v20250714171150.js.gz
- clerk-js/5.73.0-canary.v20250714171150/op-api-keys-page_clerk.legacy.browser_c3a066_5.73.0-canary.v20250714171150.js.sri
- clerk-js/5.73.0-canary.v20250714171150/op-api-keys-page_clerk.legacy.browser_c3a066_5.73.0-canary.v20250714171150.min.js.br
- clerk-js/5.73.0-canary.v20250714171150/op-api-keys-page_clerk.legacy.browser_c3a066_5.73.0-canary.v20250714171150.min.js.gz
- clerk-js/5.73.0-canary.v20250714171150/op-api-keys-page_clerk.legacy.browser_c3a066_5.73.0-canary.v20250714171150.min.js.sri
- clerk-js/5.73.0-canary.v20250714171150/op-billing-page_clerk.browser_a58485_5.73.0-canary.v20250714171150.js.br
- clerk-js/5.73.0-canary.v20250714171150/op-billing-page_clerk.browser_a58485_5.73.0-canary.v20250714171150.js.gz
- clerk-js/5.73.0-canary.v20250714171150/op-billing-page_clerk.browser_a58485_5.73.0-canary.v20250714171150.js.sri
- clerk-js/5.73.0-canary.v20250714171150/op-billing-page_clerk.browser_a58485_5.73.0-canary.v20250714171150.min.js.br
- clerk-js/5.73.0-canary.v20250714171150/op-billing-page_clerk.browser_a58485_5.73.0-canary.v20250714171150.min.js.gz
- clerk-js/5.73.0-canary.v20250714171150/op-billing-page_clerk.browser_a58485_5.73.0-canary.v20250714171150.min.js.sri
- clerk-js/5.73.0-canary.v20250714171150/op-billing-page_clerk.chips.browser_553f77_5.73.0-canary.v20250714171150.js.br
- clerk-js/5.73.0-canary.v20250714171150/op-billing-page_clerk.chips.browser_553f77_5.73.0-canary.v20250714171150.js.gz
- clerk-js/5.73.0-canary.v20250714171150/op-billing-page_clerk.chips.browser_553f77_5.73.0-canary.v20250714171150.js.sri
- clerk-js/5.73.0-canary.v20250714171150/op-billing-page_clerk.chips.browser_553f77_5.73.0-canary.v20250714171150.min.js.br
- clerk-js/5.73.0-canary.v20250714171150/op-billing-page_clerk.chips.browser_553f77_5.73.0-canary.v20250714171150.min.js.gz
- clerk-js/5.73.0-canary.v20250714171150/op-billing-page_clerk.chips.browser_553f77_5.73.0-canary.v20250714171150.min.js.sri
- clerk-js/5.73.0-canary.v20250714171150/op-billing-page_clerk.legacy.browser_c3a066_5.73.0-canary.v20250714171150.js.br
- clerk-js/5.73.0-canary.v20250714171150/op-billing-page_clerk.legacy.browser_c3a066_5.73.0-canary.v20250714171150.js.gz
- clerk-js/5.73.0-canary.v20250714171150/op-billing-page_clerk.legacy.browser_c3a066_5.73.0-canary.v20250714171150.js.sri
- clerk-js/5.73.0-canary.v20250714171150/op-billing-page_clerk.legacy.browser_c3a066_5.73.0-canary.v20250714171150.min.js.br
- clerk-js/5.73.0-canary.v20250714171150/op-billing-page_clerk.legacy.browser_c3a066_5.73.0-canary.v20250714171150.min.js.gz
- clerk-js/5.73.0-canary.v20250714171150/op-billing-page_clerk.legacy.browser_c3a066_5.73.0-canary.v20250714171150.min.js.sri
- clerk-js/5.73.0-canary.v20250714171150/op-plans-page_clerk.browser_a58485_5.73.0-canary.v20250714171150.js.br
- clerk-js/5.73.0-canary.v20250714171150/op-plans-page_clerk.browser_a58485_5.73.0-canary.v20250714171150.js.gz
- clerk-js/5.73.0-canary.v20250714171150/op-plans-page_clerk.browser_a58485_5.73.0-canary.v20250714171150.js.sri
- clerk-js/5.73.0-canary.v20250714171150/op-plans-page_clerk.browser_a58485_5.73.0-canary.v20250714171150.min.js.br
- clerk-js/5.73.0-canary.v20250714171150/op-plans-page_clerk.browser_a58485_5.73.0-canary.v20250714171150.min.js.gz
- clerk-js/5.73.0-canary.v20250714171150/op-plans-page_clerk.browser_a58485_5.73.0-canary.v20250714171150.min.js.sri
- clerk-js/5.73.0-canary.v20250714171150/op-plans-page_clerk.chips.browser_553f77_5.73.0-canary.v20250714171150.js.br
- clerk-js/5.73.0-canary.v20250714171150/op-plans-page_clerk.chips.browser_553f77_5.73.0-canary.v20250714171150.js.gz
- clerk-js/5.73.0-canary.v20250714171150/op-plans-page_clerk.chips.browser_553f77_5.73.0-canary.v20250714171150.js.sri
- clerk-js/5.73.0-canary.v20250714171150/op-plans-page_clerk.chips.browser_553f77_5.73.0-canary.v20250714171150.min.js.br
- clerk-js/5.73.0-canary.v20250714171150/op-plans-page_clerk.chips.browser_553f77_5.73.0-canary.v20250714171150.min.js.gz
- clerk-js/5.73.0-canary.v20250714171150/op-plans-page_clerk.chips.browser_553f77_5.73.0-canary.v20250714171150.min.js.sri
- clerk-js/5.73.0-canary.v20250714171150/op-plans-page_clerk.legacy.browser_c3a066_5.73.0-canary.v20250714171150.js.br
- clerk-js/5.73.0-canary.v20250714171150/op-plans-page_clerk.legacy.browser_c3a066_5.73.0-canary.v20250714171150.js.gz
- clerk-js/5.73.0-canary.v20250714171150/op-plans-page_clerk.legacy.browser_c3a066_5.73.0-canary.v20250714171150.js.sri
- clerk-js/5.73.0-canary.v20250714171150/op-plans-page_clerk.legacy.browser_c3a066_5.73.0-canary.v20250714171150.min.js.br
- clerk-js/5.73.0-canary.v20250714171150/op-plans-page_clerk.legacy.browser_c3a066_5.73.0-canary.v20250714171150.min.js.gz
- clerk-js/5.73.0-canary.v20250714171150/op-plans-page_clerk.legacy.browser_c3a066_5.73.0-canary.v20250714171150.min.js.sri
- clerk-js/5.73.0-canary.v20250714171150/organizationlist_clerk.browser_a58485_5.73.0-canary.v20250714171150.js.br
- clerk-js/5.73.0-canary.v20250714171150/organizationlist_clerk.browser_a58485_5.73.0-canary.v20250714171150.js.gz
- clerk-js/5.73.0-canary.v20250714171150/organizationlist_clerk.browser_a58485_5.73.0-canary.v20250714171150.js.sri
- clerk-js/5.73.0-canary.v20250714171150/organizationlist_clerk.browser_a58485_5.73.0-canary.v20250714171150.min.js.br
- clerk-js/5.73.0-canary.v20250714171150/organizationlist_clerk.browser_a58485_5.73.0-canary.v20250714171150.min.js.gz
- clerk-js/5.73.0-canary.v20250714171150/organizationlist_clerk.browser_a58485_5.73.0-canary.v20250714171150.min.js.sri
- clerk-js/5.73.0-canary.v20250714171150/organizationlist_clerk.chips.browser_553f77_5.73.0-canary.v20250714171150.js.br
- clerk-js/5.73.0-canary.v20250714171150/organizationlist_clerk.chips.browser_553f77_5.73.0-canary.v20250714171150.js.gz
- clerk-js/5.73.0-canary.v20250714171150/organizationlist_clerk.chips.browser_553f77_5.73.0-canary.v20250714171150.js.sri
- clerk-js/5.73.0-canary.v20250714171150/organizationlist_clerk.chips.browser_553f77_5.73.0-canary.v20250714171150.min.js.br
- clerk-js/5.73.0-canary.v20250714171150/organizationlist_clerk.chips.browser_553f77_5.73.0-canary.v20250714171150.min.js.gz
- clerk-js/5.73.0-canary.v20250714171150/organizationlist_clerk.chips.browser_553f77_5.73.0-canary.v20250714171150.min.js.sri
- clerk-js/5.73.0-canary.v20250714171150/organizationlist_clerk.legacy.browser_c3a066_5.73.0-canary.v20250714171150.js.br
- clerk-js/5.73.0-canary.v20250714171150/organizationlist_clerk.legacy.browser_c3a066_5.73.0-canary.v20250714171150.js.gz
- clerk-js/5.73.0-canary.v20250714171150/organizationlist_clerk.legacy.browser_c3a066_5.73.0-canary.v20250714171150.js.sri
- clerk-js/5.73.0-canary.v20250714171150/organizationlist_clerk.legacy.browser_c3a066_5.73.0-canary.v20250714171150.min.js.br
- clerk-js/5.73.0-canary.v20250714171150/organizationlist_clerk.legacy.browser_c3a066_5.73.0-canary.v20250714171150.min.js.gz
- clerk-js/5.73.0-canary.v20250714171150/organizationlist_clerk.legacy.browser_c3a066_5.73.0-canary.v20250714171150.min.js.sri
- clerk-js/5.73.0-canary.v20250714171150/organizationprofile_clerk.browser_a58485_5.73.0-canary.v20250714171150.js.br
- clerk-js/5.73.0-canary.v20250714171150/organizationprofile_clerk.browser_a58485_5.73.0-canary.v20250714171150.js.gz
- clerk-js/5.73.0-canary.v20250714171150/organizationprofile_clerk.browser_a58485_5.73.0-canary.v20250714171150.js.sri
- clerk-js/5.73.0-canary.v20250714171150/organizationprofile_clerk.browser_a58485_5.73.0-canary.v20250714171150.min.js.br
- clerk-js/5.73.0-canary.v20250714171150/organizationprofile_clerk.browser_a58485_5.73.0-canary.v20250714171150.min.js.gz
- clerk-js/5.73.0-canary.v20250714171150/organizationprofile_clerk.browser_a58485_5.73.0-canary.v20250714171150.min.js.sri
- clerk-js/5.73.0-canary.v20250714171150/organizationprofile_clerk.chips.browser_553f77_5.73.0-canary.v20250714171150.js.br
- clerk-js/5.73.0-canary.v20250714171150/organizationprofile_clerk.chips.browser_553f77_5.73.0-canary.v20250714171150.js.gz
- clerk-js/5.73.0-canary.v20250714171150/organizationprofile_clerk.chips.browser_553f77_5.73.0-canary.v20250714171150.js.sri
- clerk-js/5.73.0-canary.v20250714171150/organizationprofile_clerk.chips.browser_553f77_5.73.0-canary.v20250714171150.min.js.br
- clerk-js/5.73.0-canary.v20250714171150/organizationprofile_clerk.chips.browser_553f77_5.73.0-canary.v20250714171150.min.js.gz
- clerk-js/5.73.0-canary.v20250714171150/organizationprofile_clerk.chips.browser_553f77_5.73.0-canary.v20250714171150.min.js.sri
- clerk-js/5.73.0-canary.v20250714171150/organizationprofile_clerk.legacy.browser_c3a066_5.73.0-canary.v20250714171150.js.br
- clerk-js/5.73.0-canary.v20250714171150/organizationprofile_clerk.legacy.browser_c3a066_5.73.0-canary.v20250714171150.js.gz
- clerk-js/5.73.0-canary.v20250714171150/organizationprofile_clerk.legacy.browser_c3a066_5.73.0-canary.v20250714171150.js.sri
- clerk-js/5.73.0-canary.v20250714171150/organizationprofile_clerk.legacy.browser_c3a066_5.73.0-canary.v20250714171150.min.js.br
- clerk-js/5.73.0-canary.v20250714171150/organizationprofile_clerk.legacy.browser_c3a066_5.73.0-canary.v20250714171150.min.js.gz
- clerk-js/5.73.0-canary.v20250714171150/organizationprofile_clerk.legacy.browser_c3a066_5.73.0-canary.v20250714171150.min.js.sri
- clerk-js/5.73.0-canary.v20250714171150/organizationswitcher_clerk.browser_a58485_5.73.0-canary.v20250714171150.js.br
- clerk-js/5.73.0-canary.v20250714171150/organizationswitcher_clerk.browser_a58485_5.73.0-canary.v20250714171150.js.gz
- clerk-js/5.73.0-canary.v20250714171150/organizationswitcher_clerk.browser_a58485_5.73.0-canary.v20250714171150.js.sri
- clerk-js/5.73.0-canary.v20250714171150/organizationswitcher_clerk.browser_a58485_5.73.0-canary.v20250714171150.min.js.br
- clerk-js/5.73.0-canary.v20250714171150/organizationswitcher_clerk.browser_a58485_5.73.0-canary.v20250714171150.min.js.gz
- clerk-js/5.73.0-canary.v20250714171150/organizationswitcher_clerk.browser_a58485_5.73.0-canary.v20250714171150.min.js.sri
- clerk-js/5.73.0-canary.v20250714171150/organizationswitcher_clerk.chips.browser_553f77_5.73.0-canary.v20250714171150.js.br
- clerk-js/5.73.0-canary.v20250714171150/organizationswitcher_clerk.chips.browser_553f77_5.73.0-canary.v20250714171150.js.gz
- clerk-js/5.73.0-canary.v20250714171150/organizationswitcher_clerk.chips.browser_553f77_5.73.0-canary.v20250714171150.js.sri
- clerk-js/5.73.0-canary.v20250714171150/organizationswitcher_clerk.chips.browser_553f77_5.73.0-canary.v20250714171150.min.js.br
- clerk-js/5.73.0-canary.v20250714171150/organizationswitcher_clerk.chips.browser_553f77_5.73.0-canary.v20250714171150.min.js.gz
- clerk-js/5.73.0-canary.v20250714171150/organizationswitcher_clerk.chips.browser_553f77_5.73.0-canary.v20250714171150.min.js.sri
- clerk-js/5.73.0-canary.v20250714171150/organizationswitcher_clerk.legacy.browser_c3a066_5.73.0-canary.v20250714171150.js.br
- clerk-js/5.73.0-canary.v20250714171150/organizationswitcher_clerk.legacy.browser_c3a066_5.73.0-canary.v20250714171150.js.gz
- clerk-js/5.73.0-canary.v20250714171150/organizationswitcher_clerk.legacy.browser_c3a066_5.73.0-canary.v20250714171150.js.sri
- clerk-js/5.73.0-canary.v20250714171150/organizationswitcher_clerk.legacy.browser_c3a066_5.73.0-canary.v20250714171150.min.js.br
- clerk-js/5.73.0-canary.v20250714171150/organizationswitcher_clerk.legacy.browser_c3a066_5.73.0-canary.v20250714171150.min.js.gz
- clerk-js/5.73.0-canary.v20250714171150/organizationswitcher_clerk.legacy.browser_c3a066_5.73.0-canary.v20250714171150.min.js.sri
- clerk-js/5.73.0-canary.v20250714171150/payment-attempt-page_clerk.browser_a58485_5.73.0-canary.v20250714171150.js.br
- clerk-js/5.73.0-canary.v20250714171150/payment-attempt-page_clerk.browser_a58485_5.73.0-canary.v20250714171150.js.gz
- clerk-js/5.73.0-canary.v20250714171150/payment-attempt-page_clerk.browser_a58485_5.73.0-canary.v20250714171150.js.sri
- clerk-js/5.73.0-canary.v20250714171150/payment-attempt-page_clerk.browser_a58485_5.73.0-canary.v20250714171150.min.js.br
- clerk-js/5.73.0-canary.v20250714171150/payment-attempt-page_clerk.browser_a58485_5.73.0-canary.v20250714171150.min.js.gz
- clerk-js/5.73.0-canary.v20250714171150/payment-attempt-page_clerk.browser_a58485_5.73.0-canary.v20250714171150.min.js.sri
- clerk-js/5.73.0-canary.v20250714171150/payment-attempt-page_clerk.chips.browser_553f77_5.73.0-canary.v20250714171150.js.br
- clerk-js/5.73.0-canary.v20250714171150/payment-attempt-page_clerk.chips.browser_553f77_5.73.0-canary.v20250714171150.js.gz
- clerk-js/5.73.0-canary.v20250714171150/payment-attempt-page_clerk.chips.browser_553f77_5.73.0-canary.v20250714171150.js.sri
- clerk-js/5.73.0-canary.v20250714171150/payment-attempt-page_clerk.chips.browser_553f77_5.73.0-canary.v20250714171150.min.js.br
- clerk-js/5.73.0-canary.v20250714171150/payment-attempt-page_clerk.chips.browser_553f77_5.73.0-canary.v20250714171150.min.js.gz
- clerk-js/5.73.0-canary.v20250714171150/payment-attempt-page_clerk.chips.browser_553f77_5.73.0-canary.v20250714171150.min.js.sri
- clerk-js/5.73.0-canary.v20250714171150/payment-attempt-page_clerk.legacy.browser_c3a066_5.73.0-canary.v20250714171150.js.br
- clerk-js/5.73.0-canary.v20250714171150/payment-attempt-page_clerk.legacy.browser_c3a066_5.73.0-canary.v20250714171150.js.gz
- clerk-js/5.73.0-canary.v20250714171150/payment-attempt-page_clerk.legacy.browser_c3a066_5.73.0-canary.v20250714171150.js.sri
- clerk-js/5.73.0-canary.v20250714171150/payment-attempt-page_clerk.legacy.browser_c3a066_5.73.0-canary.v20250714171150.min.js.br
- clerk-js/5.73.0-canary.v20250714171150/payment-attempt-page_clerk.legacy.browser_c3a066_5.73.0-canary.v20250714171150.min.js.gz
- clerk-js/5.73.0-canary.v20250714171150/payment-attempt-page_clerk.legacy.browser_c3a066_5.73.0-canary.v20250714171150.min.js.sri
- clerk-js/5.73.0-canary.v20250714171150/planDetails_clerk.browser_a58485_5.73.0-canary.v20250714171150.js.br
- clerk-js/5.73.0-canary.v20250714171150/planDetails_clerk.browser_a58485_5.73.0-canary.v20250714171150.js.gz
- clerk-js/5.73.0-canary.v20250714171150/planDetails_clerk.browser_a58485_5.73.0-canary.v20250714171150.js.sri
- clerk-js/5.73.0-canary.v20250714171150/planDetails_clerk.browser_a58485_5.73.0-canary.v20250714171150.min.js.br
- clerk-js/5.73.0-canary.v20250714171150/planDetails_clerk.browser_a58485_5.73.0-canary.v20250714171150.min.js.gz
- clerk-js/5.73.0-canary.v20250714171150/planDetails_clerk.browser_a58485_5.73.0-canary.v20250714171150.min.js.sri
- clerk-js/5.73.0-canary.v20250714171150/planDetails_clerk.chips.browser_553f77_5.73.0-canary.v20250714171150.js.br
- clerk-js/5.73.0-canary.v20250714171150/planDetails_clerk.chips.browser_553f77_5.73.0-canary.v20250714171150.js.gz
- clerk-js/5.73.0-canary.v20250714171150/planDetails_clerk.chips.browser_553f77_5.73.0-canary.v20250714171150.js.sri
- clerk-js/5.73.0-canary.v20250714171150/planDetails_clerk.chips.browser_553f77_5.73.0-canary.v20250714171150.min.js.br
- clerk-js/5.73.0-canary.v20250714171150/planDetails_clerk.chips.browser_553f77_5.73.0-canary.v20250714171150.min.js.gz
- clerk-js/5.73.0-canary.v20250714171150/planDetails_clerk.chips.browser_553f77_5.73.0-canary.v20250714171150.min.js.sri
- clerk-js/5.73.0-canary.v20250714171150/planDetails_clerk.legacy.browser_c3a066_5.73.0-canary.v20250714171150.js.br
- clerk-js/5.73.0-canary.v20250714171150/planDetails_clerk.legacy.browser_c3a066_5.73.0-canary.v20250714171150.js.gz
- clerk-js/5.73.0-canary.v20250714171150/planDetails_clerk.legacy.browser_c3a066_5.73.0-canary.v20250714171150.js.sri
- clerk-js/5.73.0-canary.v20250714171150/planDetails_clerk.legacy.browser_c3a066_5.73.0-canary.v20250714171150.min.js.br
- clerk-js/5.73.0-canary.v20250714171150/planDetails_clerk.legacy.browser_c3a066_5.73.0-canary.v20250714171150.min.js.gz
- clerk-js/5.73.0-canary.v20250714171150/planDetails_clerk.legacy.browser_c3a066_5.73.0-canary.v20250714171150.min.js.sri
- clerk-js/5.73.0-canary.v20250714171150/prefetchorganizationlist_clerk.browser_a58485_5.73.0-canary.v20250714171150.js.br
- clerk-js/5.73.0-canary.v20250714171150/prefetchorganizationlist_clerk.browser_a58485_5.73.0-canary.v20250714171150.js.gz
- clerk-js/5.73.0-canary.v20250714171150/prefetchorganizationlist_clerk.browser_a58485_5.73.0-canary.v20250714171150.js.sri
- clerk-js/5.73.0-canary.v20250714171150/prefetchorganizationlist_clerk.browser_a58485_5.73.0-canary.v20250714171150.min.js.br
- clerk-js/5.73.0-canary.v20250714171150/prefetchorganizationlist_clerk.browser_a58485_5.73.0-canary.v20250714171150.min.js.gz
- clerk-js/5.73.0-canary.v20250714171150/prefetchorganizationlist_clerk.browser_a58485_5.73.0-canary.v20250714171150.min.js.sri
- clerk-js/5.73.0-canary.v20250714171150/prefetchorganizationlist_clerk.chips.browser_553f77_5.73.0-canary.v20250714171150.js.br
- clerk-js/5.73.0-canary.v20250714171150/prefetchorganizationlist_clerk.chips.browser_553f77_5.73.0-canary.v20250714171150.js.gz
- clerk-js/5.73.0-canary.v20250714171150/prefetchorganizationlist_clerk.chips.browser_553f77_5.73.0-canary.v20250714171150.js.sri
- clerk-js/5.73.0-canary.v20250714171150/prefetchorganizationlist_clerk.chips.browser_553f77_5.73.0-canary.v20250714171150.min.js.br
- clerk-js/5.73.0-canary.v20250714171150/prefetchorganizationlist_clerk.chips.browser_553f77_5.73.0-canary.v20250714171150.min.js.gz
- clerk-js/5.73.0-canary.v20250714171150/prefetchorganizationlist_clerk.chips.browser_553f77_5.73.0-canary.v20250714171150.min.js.sri
- clerk-js/5.73.0-canary.v20250714171150/prefetchorganizationlist_clerk.legacy.browser_c3a066_5.73.0-canary.v20250714171150.js.br
- clerk-js/5.73.0-canary.v20250714171150/prefetchorganizationlist_clerk.legacy.browser_c3a066_5.73.0-canary.v20250714171150.js.gz
- clerk-js/5.73.0-canary.v20250714171150/prefetchorganizationlist_clerk.legacy.browser_c3a066_5.73.0-canary.v20250714171150.js.sri
- clerk-js/5.73.0-canary.v20250714171150/prefetchorganizationlist_clerk.legacy.browser_c3a066_5.73.0-canary.v20250714171150.min.js.br
- clerk-js/5.73.0-canary.v20250714171150/prefetchorganizationlist_clerk.legacy.browser_c3a066_5.73.0-canary.v20250714171150.min.js.gz
- clerk-js/5.73.0-canary.v20250714171150/prefetchorganizationlist_clerk.legacy.browser_c3a066_5.73.0-canary.v20250714171150.min.js.sri
- clerk-js/5.73.0-canary.v20250714171150/pricingTable_clerk.browser_a58485_5.73.0-canary.v20250714171150.js.br
- clerk-js/5.73.0-canary.v20250714171150/pricingTable_clerk.browser_a58485_5.73.0-canary.v20250714171150.js.gz
- clerk-js/5.73.0-canary.v20250714171150/pricingTable_clerk.browser_a58485_5.73.0-canary.v20250714171150.js.sri
- clerk-js/5.73.0-canary.v20250714171150/pricingTable_clerk.browser_a58485_5.73.0-canary.v20250714171150.min.js.br
- clerk-js/5.73.0-canary.v20250714171150/pricingTable_clerk.browser_a58485_5.73.0-canary.v20250714171150.min.js.gz
- clerk-js/5.73.0-canary.v20250714171150/pricingTable_clerk.browser_a58485_5.73.0-canary.v20250714171150.min.js.sri
- clerk-js/5.73.0-canary.v20250714171150/pricingTable_clerk.chips.browser_553f77_5.73.0-canary.v20250714171150.js.br
- clerk-js/5.73.0-canary.v20250714171150/pricingTable_clerk.chips.browser_553f77_5.73.0-canary.v20250714171150.js.gz
- clerk-js/5.73.0-canary.v20250714171150/pricingTable_clerk.chips.browser_553f77_5.73.0-canary.v20250714171150.js.sri
- clerk-js/5.73.0-canary.v20250714171150/pricingTable_clerk.chips.browser_553f77_5.73.0-canary.v20250714171150.min.js.br
- clerk-js/5.73.0-canary.v20250714171150/pricingTable_clerk.chips.browser_553f77_5.73.0-canary.v20250714171150.min.js.gz
- clerk-js/5.73.0-canary.v20250714171150/pricingTable_clerk.chips.browser_553f77_5.73.0-canary.v20250714171150.min.js.sri
- clerk-js/5.73.0-canary.v20250714171150/pricingTable_clerk.legacy.browser_c3a066_5.73.0-canary.v20250714171150.js.br
- clerk-js/5.73.0-canary.v20250714171150/pricingTable_clerk.legacy.browser_c3a066_5.73.0-canary.v20250714171150.js.gz
- clerk-js/5.73.0-canary.v20250714171150/pricingTable_clerk.legacy.browser_c3a066_5.73.0-canary.v20250714171150.js.sri
- clerk-js/5.73.0-canary.v20250714171150/pricingTable_clerk.legacy.browser_c3a066_5.73.0-canary.v20250714171150.min.js.br
- clerk-js/5.73.0-canary.v20250714171150/pricingTable_clerk.legacy.browser_c3a066_5.73.0-canary.v20250714171150.min.js.gz
- clerk-js/5.73.0-canary.v20250714171150/pricingTable_clerk.legacy.browser_c3a066_5.73.0-canary.v20250714171150.min.js.sri
- clerk-js/5.73.0-canary.v20250714171150/revoke-api-key-modal_clerk.browser_a58485_5.73.0-canary.v20250714171150.js.br
- clerk-js/5.73.0-canary.v20250714171150/revoke-api-key-modal_clerk.browser_a58485_5.73.0-canary.v20250714171150.js.gz
- clerk-js/5.73.0-canary.v20250714171150/revoke-api-key-modal_clerk.browser_a58485_5.73.0-canary.v20250714171150.js.sri
- clerk-js/5.73.0-canary.v20250714171150/revoke-api-key-modal_clerk.browser_a58485_5.73.0-canary.v20250714171150.min.js.br
- clerk-js/5.73.0-canary.v20250714171150/revoke-api-key-modal_clerk.browser_a58485_5.73.0-canary.v20250714171150.min.js.gz
- clerk-js/5.73.0-canary.v20250714171150/revoke-api-key-modal_clerk.browser_a58485_5.73.0-canary.v20250714171150.min.js.sri
- clerk-js/5.73.0-canary.v20250714171150/revoke-api-key-modal_clerk.chips.browser_553f77_5.73.0-canary.v20250714171150.js.br
- clerk-js/5.73.0-canary.v20250714171150/revoke-api-key-modal_clerk.chips.browser_553f77_5.73.0-canary.v20250714171150.js.gz
- clerk-js/5.73.0-canary.v20250714171150/revoke-api-key-modal_clerk.chips.browser_553f77_5.73.0-canary.v20250714171150.js.sri
- clerk-js/5.73.0-canary.v20250714171150/revoke-api-key-modal_clerk.chips.browser_553f77_5.73.0-canary.v20250714171150.min.js.br
- clerk-js/5.73.0-canary.v20250714171150/revoke-api-key-modal_clerk.chips.browser_553f77_5.73.0-canary.v20250714171150.min.js.gz
- clerk-js/5.73.0-canary.v20250714171150/revoke-api-key-modal_clerk.chips.browser_553f77_5.73.0-canary.v20250714171150.min.js.sri
- clerk-js/5.73.0-canary.v20250714171150/revoke-api-key-modal_clerk.legacy.browser_c3a066_5.73.0-canary.v20250714171150.js.br
- clerk-js/5.73.0-canary.v20250714171150/revoke-api-key-modal_clerk.legacy.browser_c3a066_5.73.0-canary.v20250714171150.js.gz
- clerk-js/5.73.0-canary.v20250714171150/revoke-api-key-modal_clerk.legacy.browser_c3a066_5.73.0-canary.v20250714171150.js.sri
- clerk-js/5.73.0-canary.v20250714171150/revoke-api-key-modal_clerk.legacy.browser_c3a066_5.73.0-canary.v20250714171150.min.js.br
- clerk-js/5.73.0-canary.v20250714171150/revoke-api-key-modal_clerk.legacy.browser_c3a066_5.73.0-canary.v20250714171150.min.js.gz
- clerk-js/5.73.0-canary.v20250714171150/revoke-api-key-modal_clerk.legacy.browser_c3a066_5.73.0-canary.v20250714171150.min.js.sri
- clerk-js/5.73.0-canary.v20250714171150/sessionTasks_clerk.browser_a58485_5.73.0-canary.v20250714171150.js.br
- clerk-js/5.73.0-canary.v20250714171150/sessionTasks_clerk.browser_a58485_5.73.0-canary.v20250714171150.js.gz
- clerk-js/5.73.0-canary.v20250714171150/sessionTasks_clerk.browser_a58485_5.73.0-canary.v20250714171150.js.sri
- clerk-js/5.73.0-canary.v20250714171150/sessionTasks_clerk.browser_a58485_5.73.0-canary.v20250714171150.min.js.br
- clerk-js/5.73.0-canary.v20250714171150/sessionTasks_clerk.browser_a58485_5.73.0-canary.v20250714171150.min.js.gz
- clerk-js/5.73.0-canary.v20250714171150/sessionTasks_clerk.browser_a58485_5.73.0-canary.v20250714171150.min.js.sri
- clerk-js/5.73.0-canary.v20250714171150/sessionTasks_clerk.chips.browser_553f77_5.73.0-canary.v20250714171150.js.br
- clerk-js/5.73.0-canary.v20250714171150/sessionTasks_clerk.chips.browser_553f77_5.73.0-canary.v20250714171150.js.gz
- clerk-js/5.73.0-canary.v20250714171150/sessionTasks_clerk.chips.browser_553f77_5.73.0-canary.v20250714171150.js.sri
- clerk-js/5.73.0-canary.v20250714171150/sessionTasks_clerk.chips.browser_553f77_5.73.0-canary.v20250714171150.min.js.br
- clerk-js/5.73.0-canary.v20250714171150/sessionTasks_clerk.chips.browser_553f77_5.73.0-canary.v20250714171150.min.js.gz
- clerk-js/5.73.0-canary.v20250714171150/sessionTasks_clerk.chips.browser_553f77_5.73.0-canary.v20250714171150.min.js.sri
- clerk-js/5.73.0-canary.v20250714171150/sessionTasks_clerk.legacy.browser_c3a066_5.73.0-canary.v20250714171150.js.br
- clerk-js/5.73.0-canary.v20250714171150/sessionTasks_clerk.legacy.browser_c3a066_5.73.0-canary.v20250714171150.js.gz
- clerk-js/5.73.0-canary.v20250714171150/sessionTasks_clerk.legacy.browser_c3a066_5.73.0-canary.v20250714171150.js.sri
- clerk-js/5.73.0-canary.v20250714171150/sessionTasks_clerk.legacy.browser_c3a066_5.73.0-canary.v20250714171150.min.js.br
- clerk-js/5.73.0-canary.v20250714171150/sessionTasks_clerk.legacy.browser_c3a066_5.73.0-canary.v20250714171150.min.js.gz
- clerk-js/5.73.0-canary.v20250714171150/sessionTasks_clerk.legacy.browser_c3a066_5.73.0-canary.v20250714171150.min.js.sri
- clerk-js/5.73.0-canary.v20250714171150/signin_clerk.browser_a58485_5.73.0-canary.v20250714171150.js.br
- clerk-js/5.73.0-canary.v20250714171150/signin_clerk.browser_a58485_5.73.0-canary.v20250714171150.js.gz
- clerk-js/5.73.0-canary.v20250714171150/signin_clerk.browser_a58485_5.73.0-canary.v20250714171150.js.sri
- clerk-js/5.73.0-canary.v20250714171150/signin_clerk.browser_a58485_5.73.0-canary.v20250714171150.min.js.br
- clerk-js/5.73.0-canary.v20250714171150/signin_clerk.browser_a58485_5.73.0-canary.v20250714171150.min.js.gz
- clerk-js/5.73.0-canary.v20250714171150/signin_clerk.browser_a58485_5.73.0-canary.v20250714171150.min.js.sri
- clerk-js/5.73.0-canary.v20250714171150/signin_clerk.chips.browser_553f77_5.73.0-canary.v20250714171150.js.br
- clerk-js/5.73.0-canary.v20250714171150/signin_clerk.chips.browser_553f77_5.73.0-canary.v20250714171150.js.gz
- clerk-js/5.73.0-canary.v20250714171150/signin_clerk.chips.browser_553f77_5.73.0-canary.v20250714171150.js.sri
- clerk-js/5.73.0-canary.v20250714171150/signin_clerk.chips.browser_553f77_5.73.0-canary.v20250714171150.min.js.br
- clerk-js/5.73.0-canary.v20250714171150/signin_clerk.chips.browser_553f77_5.73.0-canary.v20250714171150.min.js.gz
- clerk-js/5.73.0-canary.v20250714171150/signin_clerk.chips.browser_553f77_5.73.0-canary.v20250714171150.min.js.sri
- clerk-js/5.73.0-canary.v20250714171150/signin_clerk.legacy.browser_c3a066_5.73.0-canary.v20250714171150.js.br
- clerk-js/5.73.0-canary.v20250714171150/signin_clerk.legacy.browser_c3a066_5.73.0-canary.v20250714171150.js.gz
- clerk-js/5.73.0-canary.v20250714171150/signin_clerk.legacy.browser_c3a066_5.73.0-canary.v20250714171150.js.sri
- clerk-js/5.73.0-canary.v20250714171150/signin_clerk.legacy.browser_c3a066_5.73.0-canary.v20250714171150.min.js.br
- clerk-js/5.73.0-canary.v20250714171150/signin_clerk.legacy.browser_c3a066_5.73.0-canary.v20250714171150.min.js.gz
- clerk-js/5.73.0-canary.v20250714171150/signin_clerk.legacy.browser_c3a066_5.73.0-canary.v20250714171150.min.js.sri
- clerk-js/5.73.0-canary.v20250714171150/signup_clerk.browser_a58485_5.73.0-canary.v20250714171150.js.br
- clerk-js/5.73.0-canary.v20250714171150/signup_clerk.browser_a58485_5.73.0-canary.v20250714171150.js.gz
- clerk-js/5.73.0-canary.v20250714171150/signup_clerk.browser_a58485_5.73.0-canary.v20250714171150.js.sri
- clerk-js/5.73.0-canary.v20250714171150/signup_clerk.browser_a58485_5.73.0-canary.v20250714171150.min.js.br
- clerk-js/5.73.0-canary.v20250714171150/signup_clerk.browser_a58485_5.73.0-canary.v20250714171150.min.js.gz
- clerk-js/5.73.0-canary.v20250714171150/signup_clerk.browser_a58485_5.73.0-canary.v20250714171150.min.js.sri
- clerk-js/5.73.0-canary.v20250714171150/signup_clerk.chips.browser_553f77_5.73.0-canary.v20250714171150.js.br
- clerk-js/5.73.0-canary.v20250714171150/signup_clerk.chips.browser_553f77_5.73.0-canary.v20250714171150.js.gz
- clerk-js/5.73.0-canary.v20250714171150/signup_clerk.chips.browser_553f77_5.73.0-canary.v20250714171150.js.sri
- clerk-js/5.73.0-canary.v20250714171150/signup_clerk.chips.browser_553f77_5.73.0-canary.v20250714171150.min.js.br
- clerk-js/5.73.0-canary.v20250714171150/signup_clerk.chips.browser_553f77_5.73.0-canary.v20250714171150.min.js.gz
- clerk-js/5.73.0-canary.v20250714171150/signup_clerk.chips.browser_553f77_5.73.0-canary.v20250714171150.min.js.sri
- clerk-js/5.73.0-canary.v20250714171150/signup_clerk.legacy.browser_c3a066_5.73.0-canary.v20250714171150.js.br
- clerk-js/5.73.0-canary.v20250714171150/signup_clerk.legacy.browser_c3a066_5.73.0-canary.v20250714171150.js.gz
- clerk-js/5.73.0-canary.v20250714171150/signup_clerk.legacy.browser_c3a066_5.73.0-canary.v20250714171150.js.sri
- clerk-js/5.73.0-canary.v20250714171150/signup_clerk.legacy.browser_c3a066_5.73.0-canary.v20250714171150.min.js.br
- clerk-js/5.73.0-canary.v20250714171150/signup_clerk.legacy.browser_c3a066_5.73.0-canary.v20250714171150.min.js.gz
- clerk-js/5.73.0-canary.v20250714171150/signup_clerk.legacy.browser_c3a066_5.73.0-canary.v20250714171150.min.js.sri
- clerk-js/5.73.0-canary.v20250714171150/statement-page_clerk.browser_a58485_5.73.0-canary.v20250714171150.js.br
- clerk-js/5.73.0-canary.v20250714171150/statement-page_clerk.browser_a58485_5.73.0-canary.v20250714171150.js.gz
- clerk-js/5.73.0-canary.v20250714171150/statement-page_clerk.browser_a58485_5.73.0-canary.v20250714171150.js.sri
- clerk-js/5.73.0-canary.v20250714171150/statement-page_clerk.browser_a58485_5.73.0-canary.v20250714171150.min.js.br
- clerk-js/5.73.0-canary.v20250714171150/statement-page_clerk.browser_a58485_5.73.0-canary.v20250714171150.min.js.gz
- clerk-js/5.73.0-canary.v20250714171150/statement-page_clerk.browser_a58485_5.73.0-canary.v20250714171150.min.js.sri
- clerk-js/5.73.0-canary.v20250714171150/statement-page_clerk.chips.browser_553f77_5.73.0-canary.v20250714171150.js.br
- clerk-js/5.73.0-canary.v20250714171150/statement-page_clerk.chips.browser_553f77_5.73.0-canary.v20250714171150.js.gz
- clerk-js/5.73.0-canary.v20250714171150/statement-page_clerk.chips.browser_553f77_5.73.0-canary.v20250714171150.js.sri
- clerk-js/5.73.0-canary.v20250714171150/statement-page_clerk.chips.browser_553f77_5.73.0-canary.v20250714171150.min.js.br
- clerk-js/5.73.0-canary.v20250714171150/statement-page_clerk.chips.browser_553f77_5.73.0-canary.v20250714171150.min.js.gz
- clerk-js/5.73.0-canary.v20250714171150/statement-page_clerk.chips.browser_553f77_5.73.0-canary.v20250714171150.min.js.sri
- clerk-js/5.73.0-canary.v20250714171150/statement-page_clerk.legacy.browser_c3a066_5.73.0-canary.v20250714171150.js.br
- clerk-js/5.73.0-canary.v20250714171150/statement-page_clerk.legacy.browser_c3a066_5.73.0-canary.v20250714171150.js.gz
- clerk-js/5.73.0-canary.v20250714171150/statement-page_clerk.legacy.browser_c3a066_5.73.0-canary.v20250714171150.js.sri
- clerk-js/5.73.0-canary.v20250714171150/statement-page_clerk.legacy.browser_c3a066_5.73.0-canary.v20250714171150.min.js.br
- clerk-js/5.73.0-canary.v20250714171150/statement-page_clerk.legacy.browser_c3a066_5.73.0-canary.v20250714171150.min.js.gz
- clerk-js/5.73.0-canary.v20250714171150/statement-page_clerk.legacy.browser_c3a066_5.73.0-canary.v20250714171150.min.js.sri
- clerk-js/5.73.0-canary.v20250714171150/stripe-vendors_clerk.browser_a58485_5.73.0-canary.v20250714171150.js.br
- clerk-js/5.73.0-canary.v20250714171150/stripe-vendors_clerk.browser_a58485_5.73.0-canary.v20250714171150.js.gz
- clerk-js/5.73.0-canary.v20250714171150/stripe-vendors_clerk.browser_a58485_5.73.0-canary.v20250714171150.js.sri
- clerk-js/5.73.0-canary.v20250714171150/stripe-vendors_clerk.browser_a58485_5.73.0-canary.v20250714171150.min.js.br
- clerk-js/5.73.0-canary.v20250714171150/stripe-vendors_clerk.browser_a58485_5.73.0-canary.v20250714171150.min.js.gz
- clerk-js/5.73.0-canary.v20250714171150/stripe-vendors_clerk.browser_a58485_5.73.0-canary.v20250714171150.min.js.sri
- clerk-js/5.73.0-canary.v20250714171150/stripe-vendors_clerk.chips.browser_553f77_5.73.0-canary.v20250714171150.js.br
- clerk-js/5.73.0-canary.v20250714171150/stripe-vendors_clerk.chips.browser_553f77_5.73.0-canary.v20250714171150.js.gz
- clerk-js/5.73.0-canary.v20250714171150/stripe-vendors_clerk.chips.browser_553f77_5.73.0-canary.v20250714171150.js.sri
- clerk-js/5.73.0-canary.v20250714171150/stripe-vendors_clerk.chips.browser_553f77_5.73.0-canary.v20250714171150.min.js.br
- clerk-js/5.73.0-canary.v20250714171150/stripe-vendors_clerk.chips.browser_553f77_5.73.0-canary.v20250714171150.min.js.gz
- clerk-js/5.73.0-canary.v20250714171150/stripe-vendors_clerk.chips.browser_553f77_5.73.0-canary.v20250714171150.min.js.sri
- clerk-js/5.73.0-canary.v20250714171150/stripe-vendors_clerk.headless.browser_942157_5.73.0-canary.v20250714171150.js.br
- clerk-js/5.73.0-canary.v20250714171150/stripe-vendors_clerk.headless.browser_942157_5.73.0-canary.v20250714171150.js.gz
- clerk-js/5.73.0-canary.v20250714171150/stripe-vendors_clerk.headless.browser_942157_5.73.0-canary.v20250714171150.js.sri
- clerk-js/5.73.0-canary.v20250714171150/stripe-vendors_clerk.headless.browser_942157_5.73.0-canary.v20250714171150.min.js.br
- clerk-js/5.73.0-canary.v20250714171150/stripe-vendors_clerk.headless.browser_942157_5.73.0-canary.v20250714171150.min.js.gz
- clerk-js/5.73.0-canary.v20250714171150/stripe-vendors_clerk.headless.browser_942157_5.73.0-canary.v20250714171150.min.js.sri
- clerk-js/5.73.0-canary.v20250714171150/stripe-vendors_clerk.legacy.browser_c3a066_5.73.0-canary.v20250714171150.js.br
- clerk-js/5.73.0-canary.v20250714171150/stripe-vendors_clerk.legacy.browser_c3a066_5.73.0-canary.v20250714171150.js.gz
- clerk-js/5.73.0-canary.v20250714171150/stripe-vendors_clerk.legacy.browser_c3a066_5.73.0-canary.v20250714171150.js.sri
- clerk-js/5.73.0-canary.v20250714171150/stripe-vendors_clerk.legacy.browser_c3a066_5.73.0-canary.v20250714171150.min.js.br
- clerk-js/5.73.0-canary.v20250714171150/stripe-vendors_clerk.legacy.browser_c3a066_5.73.0-canary.v20250714171150.min.js.gz
- clerk-js/5.73.0-canary.v20250714171150/stripe-vendors_clerk.legacy.browser_c3a066_5.73.0-canary.v20250714171150.min.js.sri
- clerk-js/5.73.0-canary.v20250714171150/subscriptionDetails_clerk.browser_a58485_5.73.0-canary.v20250714171150.js.br
- clerk-js/5.73.0-canary.v20250714171150/subscriptionDetails_clerk.browser_a58485_5.73.0-canary.v20250714171150.js.gz
- clerk-js/5.73.0-canary.v20250714171150/subscriptionDetails_clerk.browser_a58485_5.73.0-canary.v20250714171150.js.sri
- clerk-js/5.73.0-canary.v20250714171150/subscriptionDetails_clerk.browser_a58485_5.73.0-canary.v20250714171150.min.js.br
- clerk-js/5.73.0-canary.v20250714171150/subscriptionDetails_clerk.browser_a58485_5.73.0-canary.v20250714171150.min.js.gz
- clerk-js/5.73.0-canary.v20250714171150/subscriptionDetails_clerk.browser_a58485_5.73.0-canary.v20250714171150.min.js.sri
- clerk-js/5.73.0-canary.v20250714171150/subscriptionDetails_clerk.chips.browser_553f77_5.73.0-canary.v20250714171150.js.br
- clerk-js/5.73.0-canary.v20250714171150/subscriptionDetails_clerk.chips.browser_553f77_5.73.0-canary.v20250714171150.js.gz
- clerk-js/5.73.0-canary.v20250714171150/subscriptionDetails_clerk.chips.browser_553f77_5.73.0-canary.v20250714171150.js.sri
- clerk-js/5.73.0-canary.v20250714171150/subscriptionDetails_clerk.chips.browser_553f77_5.73.0-canary.v20250714171150.min.js.br
- clerk-js/5.73.0-canary.v20250714171150/subscriptionDetails_clerk.chips.browser_553f77_5.73.0-canary.v20250714171150.min.js.gz
- clerk-js/5.73.0-canary.v20250714171150/subscriptionDetails_clerk.chips.browser_553f77_5.73.0-canary.v20250714171150.min.js.sri
- clerk-js/5.73.0-canary.v20250714171150/subscriptionDetails_clerk.legacy.browser_c3a066_5.73.0-canary.v20250714171150.js.br
- clerk-js/5.73.0-canary.v20250714171150/subscriptionDetails_clerk.legacy.browser_c3a066_5.73.0-canary.v20250714171150.js.gz
- clerk-js/5.73.0-canary.v20250714171150/subscriptionDetails_clerk.legacy.browser_c3a066_5.73.0-canary.v20250714171150.js.sri
- clerk-js/5.73.0-canary.v20250714171150/subscriptionDetails_clerk.legacy.browser_c3a066_5.73.0-canary.v20250714171150.min.js.br
- clerk-js/5.73.0-canary.v20250714171150/subscriptionDetails_clerk.legacy.browser_c3a066_5.73.0-canary.v20250714171150.min.js.gz
- clerk-js/5.73.0-canary.v20250714171150/subscriptionDetails_clerk.legacy.browser_c3a066_5.73.0-canary.v20250714171150.min.js.sri
- clerk-js/5.73.0-canary.v20250714171150/ui-common_clerk.browser_a58485_5.73.0-canary.v20250714171150.js.br
- clerk-js/5.73.0-canary.v20250714171150/ui-common_clerk.browser_a58485_5.73.0-canary.v20250714171150.js.gz
- clerk-js/5.73.0-canary.v20250714171150/ui-common_clerk.browser_a58485_5.73.0-canary.v20250714171150.js.sri
- clerk-js/5.73.0-canary.v20250714171150/ui-common_clerk.browser_a58485_5.73.0-canary.v20250714171150.min.js.br
- clerk-js/5.73.0-canary.v20250714171150/ui-common_clerk.browser_a58485_5.73.0-canary.v20250714171150.min.js.gz
- clerk-js/5.73.0-canary.v20250714171150/ui-common_clerk.browser_a58485_5.73.0-canary.v20250714171150.min.js.sri
- clerk-js/5.73.0-canary.v20250714171150/ui-common_clerk.chips.browser_553f77_5.73.0-canary.v20250714171150.js.br
- clerk-js/5.73.0-canary.v20250714171150/ui-common_clerk.chips.browser_553f77_5.73.0-canary.v20250714171150.js.gz
- clerk-js/5.73.0-canary.v20250714171150/ui-common_clerk.chips.browser_553f77_5.73.0-canary.v20250714171150.js.sri
- clerk-js/5.73.0-canary.v20250714171150/ui-common_clerk.chips.browser_553f77_5.73.0-canary.v20250714171150.min.js.br
- clerk-js/5.73.0-canary.v20250714171150/ui-common_clerk.chips.browser_553f77_5.73.0-canary.v20250714171150.min.js.gz
- clerk-js/5.73.0-canary.v20250714171150/ui-common_clerk.chips.browser_553f77_5.73.0-canary.v20250714171150.min.js.sri
- clerk-js/5.73.0-canary.v20250714171150/ui-common_clerk.legacy.browser_c3a066_5.73.0-canary.v20250714171150.js.br
- clerk-js/5.73.0-canary.v20250714171150/ui-common_clerk.legacy.browser_c3a066_5.73.0-canary.v20250714171150.js.gz
- clerk-js/5.73.0-canary.v20250714171150/ui-common_clerk.legacy.browser_c3a066_5.73.0-canary.v20250714171150.js.sri
- clerk-js/5.73.0-canary.v20250714171150/ui-common_clerk.legacy.browser_c3a066_5.73.0-canary.v20250714171150.min.js.br
- clerk-js/5.73.0-canary.v20250714171150/ui-common_clerk.legacy.browser_c3a066_5.73.0-canary.v20250714171150.min.js.gz
- clerk-js/5.73.0-canary.v20250714171150/ui-common_clerk.legacy.browser_c3a066_5.73.0-canary.v20250714171150.min.js.sri
- clerk-js/5.73.0-canary.v20250714171150/up-api-keys-page_clerk.browser_a58485_5.73.0-canary.v20250714171150.js.br
- clerk-js/5.73.0-canary.v20250714171150/up-api-keys-page_clerk.browser_a58485_5.73.0-canary.v20250714171150.js.gz
- clerk-js/5.73.0-canary.v20250714171150/up-api-keys-page_clerk.browser_a58485_5.73.0-canary.v20250714171150.js.sri
- clerk-js/5.73.0-canary.v20250714171150/up-api-keys-page_clerk.browser_a58485_5.73.0-canary.v20250714171150.min.js.br
- clerk-js/5.73.0-canary.v20250714171150/up-api-keys-page_clerk.browser_a58485_5.73.0-canary.v20250714171150.min.js.gz
- clerk-js/5.73.0-canary.v20250714171150/up-api-keys-page_clerk.browser_a58485_5.73.0-canary.v20250714171150.min.js.sri
- clerk-js/5.73.0-canary.v20250714171150/up-api-keys-page_clerk.chips.browser_553f77_5.73.0-canary.v20250714171150.js.br
- clerk-js/5.73.0-canary.v20250714171150/up-api-keys-page_clerk.chips.browser_553f77_5.73.0-canary.v20250714171150.js.gz
- clerk-js/5.73.0-canary.v20250714171150/up-api-keys-page_clerk.chips.browser_553f77_5.73.0-canary.v20250714171150.js.sri
- clerk-js/5.73.0-canary.v20250714171150/up-api-keys-page_clerk.chips.browser_553f77_5.73.0-canary.v20250714171150.min.js.br
- clerk-js/5.73.0-canary.v20250714171150/up-api-keys-page_clerk.chips.browser_553f77_5.73.0-canary.v20250714171150.min.js.gz
- clerk-js/5.73.0-canary.v20250714171150/up-api-keys-page_clerk.chips.browser_553f77_5.73.0-canary.v20250714171150.min.js.sri
- clerk-js/5.73.0-canary.v20250714171150/up-api-keys-page_clerk.legacy.browser_c3a066_5.73.0-canary.v20250714171150.js.br
- clerk-js/5.73.0-canary.v20250714171150/up-api-keys-page_clerk.legacy.browser_c3a066_5.73.0-canary.v20250714171150.js.gz
- clerk-js/5.73.0-canary.v20250714171150/up-api-keys-page_clerk.legacy.browser_c3a066_5.73.0-canary.v20250714171150.js.sri
- clerk-js/5.73.0-canary.v20250714171150/up-api-keys-page_clerk.legacy.browser_c3a066_5.73.0-canary.v20250714171150.min.js.br
- clerk-js/5.73.0-canary.v20250714171150/up-api-keys-page_clerk.legacy.browser_c3a066_5.73.0-canary.v20250714171150.min.js.gz
- clerk-js/5.73.0-canary.v20250714171150/up-api-keys-page_clerk.legacy.browser_c3a066_5.73.0-canary.v20250714171150.min.js.sri
- clerk-js/5.73.0-canary.v20250714171150/up-billing-page_clerk.browser_a58485_5.73.0-canary.v20250714171150.js.br
- clerk-js/5.73.0-canary.v20250714171150/up-billing-page_clerk.browser_a58485_5.73.0-canary.v20250714171150.js.gz
- clerk-js/5.73.0-canary.v20250714171150/up-billing-page_clerk.browser_a58485_5.73.0-canary.v20250714171150.js.sri
- clerk-js/5.73.0-canary.v20250714171150/up-billing-page_clerk.browser_a58485_5.73.0-canary.v20250714171150.min.js.br
- clerk-js/5.73.0-canary.v20250714171150/up-billing-page_clerk.browser_a58485_5.73.0-canary.v20250714171150.min.js.gz
- clerk-js/5.73.0-canary.v20250714171150/up-billing-page_clerk.browser_a58485_5.73.0-canary.v20250714171150.min.js.sri
- clerk-js/5.73.0-canary.v20250714171150/up-billing-page_clerk.chips.browser_553f77_5.73.0-canary.v20250714171150.js.br
- clerk-js/5.73.0-canary.v20250714171150/up-billing-page_clerk.chips.browser_553f77_5.73.0-canary.v20250714171150.js.gz
- clerk-js/5.73.0-canary.v20250714171150/up-billing-page_clerk.chips.browser_553f77_5.73.0-canary.v20250714171150.js.sri
- clerk-js/5.73.0-canary.v20250714171150/up-billing-page_clerk.chips.browser_553f77_5.73.0-canary.v20250714171150.min.js.br
- clerk-js/5.73.0-canary.v20250714171150/up-billing-page_clerk.chips.browser_553f77_5.73.0-canary.v20250714171150.min.js.gz
- clerk-js/5.73.0-canary.v20250714171150/up-billing-page_clerk.chips.browser_553f77_5.73.0-canary.v20250714171150.min.js.sri
- clerk-js/5.73.0-canary.v20250714171150/up-billing-page_clerk.legacy.browser_c3a066_5.73.0-canary.v20250714171150.js.br
- clerk-js/5.73.0-canary.v20250714171150/up-billing-page_clerk.legacy.browser_c3a066_5.73.0-canary.v20250714171150.js.gz
- clerk-js/5.73.0-canary.v20250714171150/up-billing-page_clerk.legacy.browser_c3a066_5.73.0-canary.v20250714171150.js.sri
- clerk-js/5.73.0-canary.v20250714171150/up-billing-page_clerk.legacy.browser_c3a066_5.73.0-canary.v20250714171150.min.js.br
- clerk-js/5.73.0-canary.v20250714171150/up-billing-page_clerk.legacy.browser_c3a066_5.73.0-canary.v20250714171150.min.js.gz
- clerk-js/5.73.0-canary.v20250714171150/up-billing-page_clerk.legacy.browser_c3a066_5.73.0-canary.v20250714171150.min.js.sri
- clerk-js/5.73.0-canary.v20250714171150/up-plans-page_clerk.browser_a58485_5.73.0-canary.v20250714171150.js.br
- clerk-js/5.73.0-canary.v20250714171150/up-plans-page_clerk.browser_a58485_5.73.0-canary.v20250714171150.js.gz
- clerk-js/5.73.0-canary.v20250714171150/up-plans-page_clerk.browser_a58485_5.73.0-canary.v20250714171150.js.sri
- clerk-js/5.73.0-canary.v20250714171150/up-plans-page_clerk.browser_a58485_5.73.0-canary.v20250714171150.min.js.br
- clerk-js/5.73.0-canary.v20250714171150/up-plans-page_clerk.browser_a58485_5.73.0-canary.v20250714171150.min.js.gz
- clerk-js/5.73.0-canary.v20250714171150/up-plans-page_clerk.browser_a58485_5.73.0-canary.v20250714171150.min.js.sri
- clerk-js/5.73.0-canary.v20250714171150/up-plans-page_clerk.chips.browser_553f77_5.73.0-canary.v20250714171150.js.br
- clerk-js/5.73.0-canary.v20250714171150/up-plans-page_clerk.chips.browser_553f77_5.73.0-canary.v20250714171150.js.gz
- clerk-js/5.73.0-canary.v20250714171150/up-plans-page_clerk.chips.browser_553f77_5.73.0-canary.v20250714171150.js.sri
- clerk-js/5.73.0-canary.v20250714171150/up-plans-page_clerk.chips.browser_553f77_5.73.0-canary.v20250714171150.min.js.br
- clerk-js/5.73.0-canary.v20250714171150/up-plans-page_clerk.chips.browser_553f77_5.73.0-canary.v20250714171150.min.js.gz
- clerk-js/5.73.0-canary.v20250714171150/up-plans-page_clerk.chips.browser_553f77_5.73.0-canary.v20250714171150.min.js.sri
- clerk-js/5.73.0-canary.v20250714171150/up-plans-page_clerk.legacy.browser_c3a066_5.73.0-canary.v20250714171150.js.br
- clerk-js/5.73.0-canary.v20250714171150/up-plans-page_clerk.legacy.browser_c3a066_5.73.0-canary.v20250714171150.js.gz
- clerk-js/5.73.0-canary.v20250714171150/up-plans-page_clerk.legacy.browser_c3a066_5.73.0-canary.v20250714171150.js.sri
- clerk-js/5.73.0-canary.v20250714171150/up-plans-page_clerk.legacy.browser_c3a066_5.73.0-canary.v20250714171150.min.js.br
- clerk-js/5.73.0-canary.v20250714171150/up-plans-page_clerk.legacy.browser_c3a066_5.73.0-canary.v20250714171150.min.js.gz
- clerk-js/5.73.0-canary.v20250714171150/up-plans-page_clerk.legacy.browser_c3a066_5.73.0-canary.v20250714171150.min.js.sri
- clerk-js/5.73.0-canary.v20250714171150/userbutton_clerk.browser_a58485_5.73.0-canary.v20250714171150.js.br
- clerk-js/5.73.0-canary.v20250714171150/userbutton_clerk.browser_a58485_5.73.0-canary.v20250714171150.js.gz
- clerk-js/5.73.0-canary.v20250714171150/userbutton_clerk.browser_a58485_5.73.0-canary.v20250714171150.js.sri
- clerk-js/5.73.0-canary.v20250714171150/userbutton_clerk.browser_a58485_5.73.0-canary.v20250714171150.min.js.br
- clerk-js/5.73.0-canary.v20250714171150/userbutton_clerk.browser_a58485_5.73.0-canary.v20250714171150.min.js.gz
- clerk-js/5.73.0-canary.v20250714171150/userbutton_clerk.browser_a58485_5.73.0-canary.v20250714171150.min.js.sri
- clerk-js/5.73.0-canary.v20250714171150/userbutton_clerk.chips.browser_553f77_5.73.0-canary.v20250714171150.js.br
- clerk-js/5.73.0-canary.v20250714171150/userbutton_clerk.chips.browser_553f77_5.73.0-canary.v20250714171150.js.gz
- clerk-js/5.73.0-canary.v20250714171150/userbutton_clerk.chips.browser_553f77_5.73.0-canary.v20250714171150.js.sri
- clerk-js/5.73.0-canary.v20250714171150/userbutton_clerk.chips.browser_553f77_5.73.0-canary.v20250714171150.min.js.br
- clerk-js/5.73.0-canary.v20250714171150/userbutton_clerk.chips.browser_553f77_5.73.0-canary.v20250714171150.min.js.gz
- clerk-js/5.73.0-canary.v20250714171150/userbutton_clerk.chips.browser_553f77_5.73.0-canary.v20250714171150.min.js.sri
- clerk-js/5.73.0-canary.v20250714171150/userbutton_clerk.legacy.browser_c3a066_5.73.0-canary.v20250714171150.js.br
- clerk-js/5.73.0-canary.v20250714171150/userbutton_clerk.legacy.browser_c3a066_5.73.0-canary.v20250714171150.js.gz
- clerk-js/5.73.0-canary.v20250714171150/userbutton_clerk.legacy.browser_c3a066_5.73.0-canary.v20250714171150.js.sri
- clerk-js/5.73.0-canary.v20250714171150/userbutton_clerk.legacy.browser_c3a066_5.73.0-canary.v20250714171150.min.js.br
- clerk-js/5.73.0-canary.v20250714171150/userbutton_clerk.legacy.browser_c3a066_5.73.0-canary.v20250714171150.min.js.gz
- clerk-js/5.73.0-canary.v20250714171150/userbutton_clerk.legacy.browser_c3a066_5.73.0-canary.v20250714171150.min.js.sri
- clerk-js/5.73.0-canary.v20250714171150/userprofile_clerk.browser_a58485_5.73.0-canary.v20250714171150.js.br
- clerk-js/5.73.0-canary.v20250714171150/userprofile_clerk.browser_a58485_5.73.0-canary.v20250714171150.js.gz
- clerk-js/5.73.0-canary.v20250714171150/userprofile_clerk.browser_a58485_5.73.0-canary.v20250714171150.js.sri
- clerk-js/5.73.0-canary.v20250714171150/userprofile_clerk.browser_a58485_5.73.0-canary.v20250714171150.min.js.br
- clerk-js/5.73.0-canary.v20250714171150/userprofile_clerk.browser_a58485_5.73.0-canary.v20250714171150.min.js.gz
- clerk-js/5.73.0-canary.v20250714171150/userprofile_clerk.browser_a58485_5.73.0-canary.v20250714171150.min.js.sri
- clerk-js/5.73.0-canary.v20250714171150/userprofile_clerk.chips.browser_553f77_5.73.0-canary.v20250714171150.js.br
- clerk-js/5.73.0-canary.v20250714171150/userprofile_clerk.chips.browser_553f77_5.73.0-canary.v20250714171150.js.gz
- clerk-js/5.73.0-canary.v20250714171150/userprofile_clerk.chips.browser_553f77_5.73.0-canary.v20250714171150.js.sri
- clerk-js/5.73.0-canary.v20250714171150/userprofile_clerk.chips.browser_553f77_5.73.0-canary.v20250714171150.min.js.br
- clerk-js/5.73.0-canary.v20250714171150/userprofile_clerk.chips.browser_553f77_5.73.0-canary.v20250714171150.min.js.gz
- clerk-js/5.73.0-canary.v20250714171150/userprofile_clerk.chips.browser_553f77_5.73.0-canary.v20250714171150.min.js.sri
- clerk-js/5.73.0-canary.v20250714171150/userprofile_clerk.legacy.browser_c3a066_5.73.0-canary.v20250714171150.js.br
- clerk-js/5.73.0-canary.v20250714171150/userprofile_clerk.legacy.browser_c3a066_5.73.0-canary.v20250714171150.js.gz
- clerk-js/5.73.0-canary.v20250714171150/userprofile_clerk.legacy.browser_c3a066_5.73.0-canary.v20250714171150.js.sri
- clerk-js/5.73.0-canary.v20250714171150/userprofile_clerk.legacy.browser_c3a066_5.73.0-canary.v20250714171150.min.js.br
- clerk-js/5.73.0-canary.v20250714171150/userprofile_clerk.legacy.browser_c3a066_5.73.0-canary.v20250714171150.min.js.gz
- clerk-js/5.73.0-canary.v20250714171150/userprofile_clerk.legacy.browser_c3a066_5.73.0-canary.v20250714171150.min.js.sri
- clerk-js/5.73.0-canary.v20250714171150/userverification_clerk.browser_a58485_5.73.0-canary.v20250714171150.js.br
- clerk-js/5.73.0-canary.v20250714171150/userverification_clerk.browser_a58485_5.73.0-canary.v20250714171150.js.gz
- clerk-js/5.73.0-canary.v20250714171150/userverification_clerk.browser_a58485_5.73.0-canary.v20250714171150.js.sri
- clerk-js/5.73.0-canary.v20250714171150/userverification_clerk.browser_a58485_5.73.0-canary.v20250714171150.min.js.br
- clerk-js/5.73.0-canary.v20250714171150/userverification_clerk.browser_a58485_5.73.0-canary.v20250714171150.min.js.gz
- clerk-js/5.73.0-canary.v20250714171150/userverification_clerk.browser_a58485_5.73.0-canary.v20250714171150.min.js.sri
- clerk-js/5.73.0-canary.v20250714171150/userverification_clerk.chips.browser_553f77_5.73.0-canary.v20250714171150.js.br
- clerk-js/5.73.0-canary.v20250714171150/userverification_clerk.chips.browser_553f77_5.73.0-canary.v20250714171150.js.gz
- clerk-js/5.73.0-canary.v20250714171150/userverification_clerk.chips.browser_553f77_5.73.0-canary.v20250714171150.js.sri
- clerk-js/5.73.0-canary.v20250714171150/userverification_clerk.chips.browser_553f77_5.73.0-canary.v20250714171150.min.js.br
- clerk-js/5.73.0-canary.v20250714171150/userverification_clerk.chips.browser_553f77_5.73.0-canary.v20250714171150.min.js.gz
- clerk-js/5.73.0-canary.v20250714171150/userverification_clerk.chips.browser_553f77_5.73.0-canary.v20250714171150.min.js.sri
- clerk-js/5.73.0-canary.v20250714171150/userverification_clerk.legacy.browser_c3a066_5.73.0-canary.v20250714171150.js.br
- clerk-js/5.73.0-canary.v20250714171150/userverification_clerk.legacy.browser_c3a066_5.73.0-canary.v20250714171150.js.gz
- clerk-js/5.73.0-canary.v20250714171150/userverification_clerk.legacy.browser_c3a066_5.73.0-canary.v20250714171150.js.sri
- clerk-js/5.73.0-canary.v20250714171150/userverification_clerk.legacy.browser_c3a066_5.73.0-canary.v20250714171150.min.js.br
- clerk-js/5.73.0-canary.v20250714171150/userverification_clerk.legacy.browser_c3a066_5.73.0-canary.v20250714171150.min.js.gz
- clerk-js/5.73.0-canary.v20250714171150/userverification_clerk.legacy.browser_c3a066_5.73.0-canary.v20250714171150.min.js.sri
- clerk-js/5.73.0-canary.v20250714171150/vendors_clerk.browser_a58485_5.73.0-canary.v20250714171150.js.br
- clerk-js/5.73.0-canary.v20250714171150/vendors_clerk.browser_a58485_5.73.0-canary.v20250714171150.js.gz
- clerk-js/5.73.0-canary.v20250714171150/vendors_clerk.browser_a58485_5.73.0-canary.v20250714171150.js.sri
- clerk-js/5.73.0-canary.v20250714171150/vendors_clerk.browser_a58485_5.73.0-canary.v20250714171150.min.js.br
- clerk-js/5.73.0-canary.v20250714171150/vendors_clerk.browser_a58485_5.73.0-canary.v20250714171150.min.js.gz
- clerk-js/5.73.0-canary.v20250714171150/vendors_clerk.browser_a58485_5.73.0-canary.v20250714171150.min.js.sri
- clerk-js/5.73.0-canary.v20250714171150/vendors_clerk.chips.browser_553f77_5.73.0-canary.v20250714171150.js.br
- clerk-js/5.73.0-canary.v20250714171150/vendors_clerk.chips.browser_553f77_5.73.0-canary.v20250714171150.js.gz
- clerk-js/5.73.0-canary.v20250714171150/vendors_clerk.chips.browser_553f77_5.73.0-canary.v20250714171150.js.sri
- clerk-js/5.73.0-canary.v20250714171150/vendors_clerk.chips.browser_553f77_5.73.0-canary.v20250714171150.min.js.br
- clerk-js/5.73.0-canary.v20250714171150/vendors_clerk.chips.browser_553f77_5.73.0-canary.v20250714171150.min.js.gz
- clerk-js/5.73.0-canary.v20250714171150/vendors_clerk.chips.browser_553f77_5.73.0-canary.v20250714171150.min.js.sri
- clerk-js/5.73.0-canary.v20250714171150/vendors_clerk.headless.browser_942157_5.73.0-canary.v20250714171150.js.br
- clerk-js/5.73.0-canary.v20250714171150/vendors_clerk.headless.browser_942157_5.73.0-canary.v20250714171150.js.gz
- clerk-js/5.73.0-canary.v20250714171150/vendors_clerk.headless.browser_942157_5.73.0-canary.v20250714171150.js.sri
- clerk-js/5.73.0-canary.v20250714171150/vendors_clerk.headless.browser_942157_5.73.0-canary.v20250714171150.min.js.br
- clerk-js/5.73.0-canary.v20250714171150/vendors_clerk.headless.browser_942157_5.73.0-canary.v20250714171150.min.js.gz
- clerk-js/5.73.0-canary.v20250714171150/vendors_clerk.headless.browser_942157_5.73.0-canary.v20250714171150.min.js.sri
- clerk-js/5.73.0-canary.v20250714171150/vendors_clerk.legacy.browser_c3a066_5.73.0-canary.v20250714171150.js.br
- clerk-js/5.73.0-canary.v20250714171150/vendors_clerk.legacy.browser_c3a066_5.73.0-canary.v20250714171150.js.gz
- clerk-js/5.73.0-canary.v20250714171150/vendors_clerk.legacy.browser_c3a066_5.73.0-canary.v20250714171150.js.sri
- clerk-js/5.73.0-canary.v20250714171150/vendors_clerk.legacy.browser_c3a066_5.73.0-canary.v20250714171150.min.js.br
- clerk-js/5.73.0-canary.v20250714171150/vendors_clerk.legacy.browser_c3a066_5.73.0-canary.v20250714171150.min.js.gz
- clerk-js/5.73.0-canary.v20250714171150/vendors_clerk.legacy.browser_c3a066_5.73.0-canary.v20250714171150.min.js.sri
- clerk-js/5.73.0-canary.v20250714171150/waitlist_clerk.browser_a58485_5.73.0-canary.v20250714171150.js.br
- clerk-js/5.73.0-canary.v20250714171150/waitlist_clerk.browser_a58485_5.73.0-canary.v20250714171150.js.gz
- clerk-js/5.73.0-canary.v20250714171150/waitlist_clerk.browser_a58485_5.73.0-canary.v20250714171150.js.sri
- clerk-js/5.73.0-canary.v20250714171150/waitlist_clerk.browser_a58485_5.73.0-canary.v20250714171150.min.js.br
- clerk-js/5.73.0-canary.v20250714171150/waitlist_clerk.browser_a58485_5.73.0-canary.v20250714171150.min.js.gz
- clerk-js/5.73.0-canary.v20250714171150/waitlist_clerk.browser_a58485_5.73.0-canary.v20250714171150.min.js.sri
- clerk-js/5.73.0-canary.v20250714171150/waitlist_clerk.chips.browser_553f77_5.73.0-canary.v20250714171150.js.br
- clerk-js/5.73.0-canary.v20250714171150/waitlist_clerk.chips.browser_553f77_5.73.0-canary.v20250714171150.js.gz
- clerk-js/5.73.0-canary.v20250714171150/waitlist_clerk.chips.browser_553f77_5.73.0-canary.v20250714171150.js.sri
- clerk-js/5.73.0-canary.v20250714171150/waitlist_clerk.chips.browser_553f77_5.73.0-canary.v20250714171150.min.js.br
- clerk-js/5.73.0-canary.v20250714171150/waitlist_clerk.chips.browser_553f77_5.73.0-canary.v20250714171150.min.js.gz
- clerk-js/5.73.0-canary.v20250714171150/waitlist_clerk.chips.browser_553f77_5.73.0-canary.v20250714171150.min.js.sri
- clerk-js/5.73.0-canary.v20250714171150/waitlist_clerk.legacy.browser_c3a066_5.73.0-canary.v20250714171150.js.br
- clerk-js/5.73.0-canary.v20250714171150/waitlist_clerk.legacy.browser_c3a066_5.73.0-canary.v20250714171150.js.gz
- clerk-js/5.73.0-canary.v20250714171150/waitlist_clerk.legacy.browser_c3a066_5.73.0-canary.v20250714171150.js.sri
- clerk-js/5.73.0-canary.v20250714171150/waitlist_clerk.legacy.browser_c3a066_5.73.0-canary.v20250714171150.min.js.br
- clerk-js/5.73.0-canary.v20250714171150/waitlist_clerk.legacy.browser_c3a066_5.73.0-canary.v20250714171150.min.js.gz
- clerk-js/5.73.0-canary.v20250714171150/waitlist_clerk.legacy.browser_c3a066_5.73.0-canary.v20250714171150.min.js.sri
- clerk-js/5.73.0-canary.v20250714171150/zxcvbn-common_clerk.browser_a58485_5.73.0-canary.v20250714171150.js.br
- clerk-js/5.73.0-canary.v20250714171150/zxcvbn-common_clerk.browser_a58485_5.73.0-canary.v20250714171150.js.gz
- clerk-js/5.73.0-canary.v20250714171150/zxcvbn-common_clerk.browser_a58485_5.73.0-canary.v20250714171150.js.sri
- clerk-js/5.73.0-canary.v20250714171150/zxcvbn-common_clerk.browser_a58485_5.73.0-canary.v20250714171150.min.js.br
- clerk-js/5.73.0-canary.v20250714171150/zxcvbn-common_clerk.browser_a58485_5.73.0-canary.v20250714171150.min.js.gz
- clerk-js/5.73.0-canary.v20250714171150/zxcvbn-common_clerk.browser_a58485_5.73.0-canary.v20250714171150.min.js.sri
- clerk-js/5.73.0-canary.v20250714171150/zxcvbn-common_clerk.chips.browser_553f77_5.73.0-canary.v20250714171150.js.br
- clerk-js/5.73.0-canary.v20250714171150/zxcvbn-common_clerk.chips.browser_553f77_5.73.0-canary.v20250714171150.js.gz
- clerk-js/5.73.0-canary.v20250714171150/zxcvbn-common_clerk.chips.browser_553f77_5.73.0-canary.v20250714171150.js.sri
- clerk-js/5.73.0-canary.v20250714171150/zxcvbn-common_clerk.chips.browser_553f77_5.73.0-canary.v20250714171150.min.js.br
- clerk-js/5.73.0-canary.v20250714171150/zxcvbn-common_clerk.chips.browser_553f77_5.73.0-canary.v20250714171150.min.js.gz
- clerk-js/5.73.0-canary.v20250714171150/zxcvbn-common_clerk.chips.browser_553f77_5.73.0-canary.v20250714171150.min.js.sri
- clerk-js/5.73.0-canary.v20250714171150/zxcvbn-common_clerk.headless.browser_942157_5.73.0-canary.v20250714171150.js.br
- clerk-js/5.73.0-canary.v20250714171150/zxcvbn-common_clerk.headless.browser_942157_5.73.0-canary.v20250714171150.js.gz
- clerk-js/5.73.0-canary.v20250714171150/zxcvbn-common_clerk.headless.browser_942157_5.73.0-canary.v20250714171150.js.sri
- clerk-js/5.73.0-canary.v20250714171150/zxcvbn-common_clerk.headless.browser_942157_5.73.0-canary.v20250714171150.min.js.br
- clerk-js/5.73.0-canary.v20250714171150/zxcvbn-common_clerk.headless.browser_942157_5.73.0-canary.v20250714171150.min.js.gz
- clerk-js/5.73.0-canary.v20250714171150/zxcvbn-common_clerk.headless.browser_942157_5.73.0-canary.v20250714171150.min.js.sri
- clerk-js/5.73.0-canary.v20250714171150/zxcvbn-common_clerk.legacy.browser_c3a066_5.73.0-canary.v20250714171150.js.br
- clerk-js/5.73.0-canary.v20250714171150/zxcvbn-common_clerk.legacy.browser_c3a066_5.73.0-canary.v20250714171150.js.gz
- clerk-js/5.73.0-canary.v20250714171150/zxcvbn-common_clerk.legacy.browser_c3a066_5.73.0-canary.v20250714171150.js.sri
- clerk-js/5.73.0-canary.v20250714171150/zxcvbn-common_clerk.legacy.browser_c3a066_5.73.0-canary.v20250714171150.min.js.br
- clerk-js/5.73.0-canary.v20250714171150/zxcvbn-common_clerk.legacy.browser_c3a066_5.73.0-canary.v20250714171150.min.js.gz
- clerk-js/5.73.0-canary.v20250714171150/zxcvbn-common_clerk.legacy.browser_c3a066_5.73.0-canary.v20250714171150.min.js.sri
- clerk-js/5.73.0-canary.v20250714171150/zxcvbn-ts-core_clerk.browser_a58485_5.73.0-canary.v20250714171150.js.br
- clerk-js/5.73.0-canary.v20250714171150/zxcvbn-ts-core_clerk.browser_a58485_5.73.0-canary.v20250714171150.js.gz
- clerk-js/5.73.0-canary.v20250714171150/zxcvbn-ts-core_clerk.browser_a58485_5.73.0-canary.v20250714171150.js.sri
- clerk-js/5.73.0-canary.v20250714171150/zxcvbn-ts-core_clerk.browser_a58485_5.73.0-canary.v20250714171150.min.js.br
- clerk-js/5.73.0-canary.v20250714171150/zxcvbn-ts-core_clerk.browser_a58485_5.73.0-canary.v20250714171150.min.js.gz
- clerk-js/5.73.0-canary.v20250714171150/zxcvbn-ts-core_clerk.browser_a58485_5.73.0-canary.v20250714171150.min.js.sri
- clerk-js/5.73.0-canary.v20250714171150/zxcvbn-ts-core_clerk.chips.browser_553f77_5.73.0-canary.v20250714171150.js.br
- clerk-js/5.73.0-canary.v20250714171150/zxcvbn-ts-core_clerk.chips.browser_553f77_5.73.0-canary.v20250714171150.js.gz
- clerk-js/5.73.0-canary.v20250714171150/zxcvbn-ts-core_clerk.chips.browser_553f77_5.73.0-canary.v20250714171150.js.sri
- clerk-js/5.73.0-canary.v20250714171150/zxcvbn-ts-core_clerk.chips.browser_553f77_5.73.0-canary.v20250714171150.min.js.br
- clerk-js/5.73.0-canary.v20250714171150/zxcvbn-ts-core_clerk.chips.browser_553f77_5.73.0-canary.v20250714171150.min.js.gz
- clerk-js/5.73.0-canary.v20250714171150/zxcvbn-ts-core_clerk.chips.browser_553f77_5.73.0-canary.v20250714171150.min.js.sri
- clerk-js/5.73.0-canary.v20250714171150/zxcvbn-ts-core_clerk.headless.browser_942157_5.73.0-canary.v20250714171150.js.br
- clerk-js/5.73.0-canary.v20250714171150/zxcvbn-ts-core_clerk.headless.browser_942157_5.73.0-canary.v20250714171150.js.gz
- clerk-js/5.73.0-canary.v20250714171150/zxcvbn-ts-core_clerk.headless.browser_942157_5.73.0-canary.v20250714171150.js.sri
- clerk-js/5.73.0-canary.v20250714171150/zxcvbn-ts-core_clerk.headless.browser_942157_5.73.0-canary.v20250714171150.min.js.br
- clerk-js/5.73.0-canary.v20250714171150/zxcvbn-ts-core_clerk.headless.browser_942157_5.73.0-canary.v20250714171150.min.js.gz
- clerk-js/5.73.0-canary.v20250714171150/zxcvbn-ts-core_clerk.headless.browser_942157_5.73.0-canary.v20250714171150.min.js.sri
- clerk-js/5.73.0-canary.v20250714171150/zxcvbn-ts-core_clerk.legacy.browser_c3a066_5.73.0-canary.v20250714171150.js.br
- clerk-js/5.73.0-canary.v20250714171150/zxcvbn-ts-core_clerk.legacy.browser_c3a066_5.73.0-canary.v20250714171150.js.gz
- clerk-js/5.73.0-canary.v20250714171150/zxcvbn-ts-core_clerk.legacy.browser_c3a066_5.73.0-canary.v20250714171150.js.sri
- clerk-js/5.73.0-canary.v20250714171150/zxcvbn-ts-core_clerk.legacy.browser_c3a066_5.73.0-canary.v20250714171150.min.js.br
- clerk-js/5.73.0-canary.v20250714171150/zxcvbn-ts-core_clerk.legacy.browser_c3a066_5.73.0-canary.v20250714171150.min.js.gz
- clerk-js/5.73.0-canary.v20250714171150/zxcvbn-ts-core_clerk.legacy.browser_c3a066_5.73.0-canary.v20250714171150.min.js.sri
