2025/06/19 09:30:17 optimizing files (Js true, Css true, Png true, Jpg true)
2025/06/19 09:30:18 compress: run /node_modules/uglify-js/bin/uglifyjs (3.15.4) [--mangle --compress if_return=true -o /tmp/work/dist/zonos-elements/index.esm.min.js /tmp/work/dist/zonos-elements/index.esm.js]
2025/06/19 09:30:18 compress: run /node_modules/uglify-js/bin/uglifyjs (3.15.4) [--mangle --compress if_return=true -o /tmp/work/dist/zonos-elements/p-00e5d2be.system.min.js /tmp/work/dist/zonos-elements/p-00e5d2be.system.js]
2025/06/19 09:30:18 compress: run /node_modules/uglify-js/bin/uglifyjs (3.15.4) [--mangle --compress if_return=true -o /tmp/work/dist/zonos-elements/p-0c64dbbb.min.js /tmp/work/dist/zonos-elements/p-0c64dbbb.js]
2025/06/19 09:30:18 compress: run /node_modules/uglify-js/bin/uglifyjs (3.15.4) [--mangle --compress if_return=true -o /tmp/work/dist/zonos-elements/p-09fbafe4.entry.min.js /tmp/work/dist/zonos-elements/p-09fbafe4.entry.js]
2025/06/19 09:30:18 compress: run /node_modules/uglify-js/bin/uglifyjs (3.15.4) [--mangle --compress if_return=true -o /tmp/work/dist/zonos-elements/p-0e63259c.system.entry.min.js /tmp/work/dist/zonos-elements/p-0e63259c.system.entry.js]
2025/06/19 09:30:18 compress: run /node_modules/uglify-js/bin/uglifyjs (3.15.4) [--mangle --compress if_return=true -o /tmp/work/dist/zonos-elements/p-12a6b7bd.system.min.js /tmp/work/dist/zonos-elements/p-12a6b7bd.system.js]
2025/06/19 09:30:18 compress: run /node_modules/uglify-js/bin/uglifyjs (3.15.4) [--mangle --compress if_return=true -o /tmp/work/dist/zonos-elements/p-08e7107d.min.js /tmp/work/dist/zonos-elements/p-08e7107d.js]
2025/06/19 09:30:18 compress: run /node_modules/uglify-js/bin/uglifyjs (3.15.4) [--mangle --compress if_return=true -o /tmp/work/dist/zonos-elements/p-0fc02cde.min.js /tmp/work/dist/zonos-elements/p-0fc02cde.js]
2025/06/19 09:30:18 sri /tmp/work/dist/zonos-elements/p-0e63259c.system.entry.min.js -> /output/dist/zonos-elements/p-0e63259c.system.entry.min.js.sri
2025/06/19 09:30:18 algorithm: run /usr/bin/brotli --quality=11 --output=/output/dist/zonos-elements/p-0e63259c.system.entry.min.js.br /tmp/work/dist/zonos-elements/p-0e63259c.system.entry.min.js
2025/06/19 09:30:18 br /tmp/work/dist/zonos-elements/p-0e63259c.system.entry.min.js -> /output/dist/zonos-elements/p-0e63259c.system.entry.min.js.br
2025/06/19 09:30:18 gz /tmp/work/dist/zonos-elements/p-0e63259c.system.entry.min.js -> /output/dist/zonos-elements/p-0e63259c.system.entry.min.js.gz
2025/06/19 09:30:18 sri /tmp/work/dist/zonos-elements/p-0e63259c.system.entry.js -> /output/dist/zonos-elements/p-0e63259c.system.entry.js.sri
2025/06/19 09:30:18 algorithm: run /usr/bin/brotli --quality=11 --output=/output/dist/zonos-elements/p-0e63259c.system.entry.js.br /tmp/work/dist/zonos-elements/p-0e63259c.system.entry.js
2025/06/19 09:30:18 br /tmp/work/dist/zonos-elements/p-0e63259c.system.entry.js -> /output/dist/zonos-elements/p-0e63259c.system.entry.js.br
2025/06/19 09:30:18 gz /tmp/work/dist/zonos-elements/p-0e63259c.system.entry.js -> /output/dist/zonos-elements/p-0e63259c.system.entry.js.gz
2025/06/19 09:30:18 compress: run /node_modules/uglify-js/bin/uglifyjs (3.15.4) [--mangle --compress if_return=true -o /tmp/work/dist/zonos-elements/p-18ec705b.min.js /tmp/work/dist/zonos-elements/p-18ec705b.js]
2025/06/19 09:30:18 sri /tmp/work/dist/zonos-elements/p-08e7107d.min.js -> /output/dist/zonos-elements/p-08e7107d.min.js.sri
2025/06/19 09:30:18 algorithm: run /usr/bin/brotli --quality=11 --output=/output/dist/zonos-elements/p-08e7107d.min.js.br /tmp/work/dist/zonos-elements/p-08e7107d.min.js
2025/06/19 09:30:18 br /tmp/work/dist/zonos-elements/p-08e7107d.min.js -> /output/dist/zonos-elements/p-08e7107d.min.js.br
2025/06/19 09:30:18 gz /tmp/work/dist/zonos-elements/p-08e7107d.min.js -> /output/dist/zonos-elements/p-08e7107d.min.js.gz
2025/06/19 09:30:18 sri /tmp/work/dist/zonos-elements/p-08e7107d.js -> /output/dist/zonos-elements/p-08e7107d.js.sri
2025/06/19 09:30:18 algorithm: run /usr/bin/brotli --quality=11 --output=/output/dist/zonos-elements/p-08e7107d.js.br /tmp/work/dist/zonos-elements/p-08e7107d.js
2025/06/19 09:30:18 br /tmp/work/dist/zonos-elements/p-08e7107d.js -> /output/dist/zonos-elements/p-08e7107d.js.br
2025/06/19 09:30:18 gz /tmp/work/dist/zonos-elements/p-08e7107d.js -> /output/dist/zonos-elements/p-08e7107d.js.gz
2025/06/19 09:30:18 compress: run /node_modules/uglify-js/bin/uglifyjs (3.15.4) [--mangle --compress if_return=true -o /tmp/work/dist/zonos-elements/p-1aa93d1e.system.min.js /tmp/work/dist/zonos-elements/p-1aa93d1e.system.js]
2025/06/19 09:30:18 sri /tmp/work/dist/zonos-elements/p-12a6b7bd.system.min.js -> /output/dist/zonos-elements/p-12a6b7bd.system.min.js.sri
2025/06/19 09:30:18 algorithm: run /usr/bin/brotli --quality=11 --output=/output/dist/zonos-elements/p-12a6b7bd.system.min.js.br /tmp/work/dist/zonos-elements/p-12a6b7bd.system.min.js
2025/06/19 09:30:18 sri /tmp/work/dist/zonos-elements/p-0c64dbbb.min.js -> /output/dist/zonos-elements/p-0c64dbbb.min.js.sri
2025/06/19 09:30:18 algorithm: run /usr/bin/brotli --quality=11 --output=/output/dist/zonos-elements/p-0c64dbbb.min.js.br /tmp/work/dist/zonos-elements/p-0c64dbbb.min.js
2025/06/19 09:30:18 br /tmp/work/dist/zonos-elements/p-12a6b7bd.system.min.js -> /output/dist/zonos-elements/p-12a6b7bd.system.min.js.br
2025/06/19 09:30:18 gz /tmp/work/dist/zonos-elements/p-12a6b7bd.system.min.js -> /output/dist/zonos-elements/p-12a6b7bd.system.min.js.gz
2025/06/19 09:30:18 sri /tmp/work/dist/zonos-elements/p-12a6b7bd.system.js -> /output/dist/zonos-elements/p-12a6b7bd.system.js.sri
2025/06/19 09:30:18 algorithm: run /usr/bin/brotli --quality=11 --output=/output/dist/zonos-elements/p-12a6b7bd.system.js.br /tmp/work/dist/zonos-elements/p-12a6b7bd.system.js
2025/06/19 09:30:18 br /tmp/work/dist/zonos-elements/p-0c64dbbb.min.js -> /output/dist/zonos-elements/p-0c64dbbb.min.js.br
2025/06/19 09:30:18 gz /tmp/work/dist/zonos-elements/p-0c64dbbb.min.js -> /output/dist/zonos-elements/p-0c64dbbb.min.js.gz
2025/06/19 09:30:18 sri /tmp/work/dist/zonos-elements/p-0c64dbbb.js -> /output/dist/zonos-elements/p-0c64dbbb.js.sri
2025/06/19 09:30:18 algorithm: run /usr/bin/brotli --quality=11 --output=/output/dist/zonos-elements/p-0c64dbbb.js.br /tmp/work/dist/zonos-elements/p-0c64dbbb.js
2025/06/19 09:30:18 br /tmp/work/dist/zonos-elements/p-12a6b7bd.system.js -> /output/dist/zonos-elements/p-12a6b7bd.system.js.br
2025/06/19 09:30:18 gz /tmp/work/dist/zonos-elements/p-12a6b7bd.system.js -> /output/dist/zonos-elements/p-12a6b7bd.system.js.gz
2025/06/19 09:30:18 compress: run /node_modules/uglify-js/bin/uglifyjs (3.15.4) [--mangle --compress if_return=true -o /tmp/work/dist/zonos-elements/p-1b1cdb4c.system.entry.min.js /tmp/work/dist/zonos-elements/p-1b1cdb4c.system.entry.js]
2025/06/19 09:30:18 br /tmp/work/dist/zonos-elements/p-0c64dbbb.js -> /output/dist/zonos-elements/p-0c64dbbb.js.br
2025/06/19 09:30:18 gz /tmp/work/dist/zonos-elements/p-0c64dbbb.js -> /output/dist/zonos-elements/p-0c64dbbb.js.gz
2025/06/19 09:30:18 compress: run /node_modules/uglify-js/bin/uglifyjs (3.15.4) [--mangle --compress if_return=true -o /tmp/work/dist/zonos-elements/p-1b75aa35.system.min.js /tmp/work/dist/zonos-elements/p-1b75aa35.system.js]
2025/06/19 09:30:18 sri /tmp/work/dist/zonos-elements/p-1aa93d1e.system.min.js -> /output/dist/zonos-elements/p-1aa93d1e.system.min.js.sri
2025/06/19 09:30:18 algorithm: run /usr/bin/brotli --quality=11 --output=/output/dist/zonos-elements/p-1aa93d1e.system.min.js.br /tmp/work/dist/zonos-elements/p-1aa93d1e.system.min.js
2025/06/19 09:30:18 br /tmp/work/dist/zonos-elements/p-1aa93d1e.system.min.js -> /output/dist/zonos-elements/p-1aa93d1e.system.min.js.br
2025/06/19 09:30:18 gz /tmp/work/dist/zonos-elements/p-1aa93d1e.system.min.js -> /output/dist/zonos-elements/p-1aa93d1e.system.min.js.gz
2025/06/19 09:30:18 sri /tmp/work/dist/zonos-elements/p-1aa93d1e.system.js -> /output/dist/zonos-elements/p-1aa93d1e.system.js.sri
2025/06/19 09:30:18 algorithm: run /usr/bin/brotli --quality=11 --output=/output/dist/zonos-elements/p-1aa93d1e.system.js.br /tmp/work/dist/zonos-elements/p-1aa93d1e.system.js
2025/06/19 09:30:18 br /tmp/work/dist/zonos-elements/p-1aa93d1e.system.js -> /output/dist/zonos-elements/p-1aa93d1e.system.js.br
2025/06/19 09:30:18 gz /tmp/work/dist/zonos-elements/p-1aa93d1e.system.js -> /output/dist/zonos-elements/p-1aa93d1e.system.js.gz
2025/06/19 09:30:18 compress: run /node_modules/uglify-js/bin/uglifyjs (3.15.4) [--mangle --compress if_return=true -o /tmp/work/dist/zonos-elements/p-1cebd67c.entry.min.js /tmp/work/dist/zonos-elements/p-1cebd67c.entry.js]
2025/06/19 09:30:18 sri /tmp/work/dist/zonos-elements/p-0fc02cde.min.js -> /output/dist/zonos-elements/p-0fc02cde.min.js.sri
2025/06/19 09:30:18 algorithm: run /usr/bin/brotli --quality=11 --output=/output/dist/zonos-elements/p-0fc02cde.min.js.br /tmp/work/dist/zonos-elements/p-0fc02cde.min.js
2025/06/19 09:30:18 br /tmp/work/dist/zonos-elements/p-0fc02cde.min.js -> /output/dist/zonos-elements/p-0fc02cde.min.js.br
2025/06/19 09:30:18 gz /tmp/work/dist/zonos-elements/p-0fc02cde.min.js -> /output/dist/zonos-elements/p-0fc02cde.min.js.gz
2025/06/19 09:30:18 sri /tmp/work/dist/zonos-elements/p-0fc02cde.js -> /output/dist/zonos-elements/p-0fc02cde.js.sri
2025/06/19 09:30:18 algorithm: run /usr/bin/brotli --quality=11 --output=/output/dist/zonos-elements/p-0fc02cde.js.br /tmp/work/dist/zonos-elements/p-0fc02cde.js
2025/06/19 09:30:18 br /tmp/work/dist/zonos-elements/p-0fc02cde.js -> /output/dist/zonos-elements/p-0fc02cde.js.br
2025/06/19 09:30:18 gz /tmp/work/dist/zonos-elements/p-0fc02cde.js -> /output/dist/zonos-elements/p-0fc02cde.js.gz
2025/06/19 09:30:18 compress: run /node_modules/uglify-js/bin/uglifyjs (3.15.4) [--mangle --compress if_return=true -o /tmp/work/dist/zonos-elements/p-236f32c8.system.entry.min.js /tmp/work/dist/zonos-elements/p-236f32c8.system.entry.js]
2025/06/19 09:30:18 sri /tmp/work/dist/zonos-elements/index.esm.min.js -> /output/dist/zonos-elements/index.esm.min.js.sri
2025/06/19 09:30:18 algorithm: run /usr/bin/brotli --quality=11 --output=/output/dist/zonos-elements/index.esm.min.js.br /tmp/work/dist/zonos-elements/index.esm.min.js
2025/06/19 09:30:18 br /tmp/work/dist/zonos-elements/index.esm.min.js -> /output/dist/zonos-elements/index.esm.min.js.br
2025/06/19 09:30:18 gz /tmp/work/dist/zonos-elements/index.esm.min.js -> /output/dist/zonos-elements/index.esm.min.js.gz
2025/06/19 09:30:18 sri /tmp/work/dist/zonos-elements/index.esm.js -> /output/dist/zonos-elements/index.esm.js.sri
2025/06/19 09:30:18 algorithm: run /usr/bin/brotli --quality=11 --output=/output/dist/zonos-elements/index.esm.js.br /tmp/work/dist/zonos-elements/index.esm.js
2025/06/19 09:30:18 br /tmp/work/dist/zonos-elements/index.esm.js -> /output/dist/zonos-elements/index.esm.js.br
2025/06/19 09:30:18 gz /tmp/work/dist/zonos-elements/index.esm.js -> /output/dist/zonos-elements/index.esm.js.gz
2025/06/19 09:30:18 compress: run /node_modules/uglify-js/bin/uglifyjs (3.15.4) [--mangle --compress if_return=true -o /tmp/work/dist/zonos-elements/p-23e7c655.system.min.js /tmp/work/dist/zonos-elements/p-23e7c655.system.js]
2025/06/19 09:30:19 sri /tmp/work/dist/zonos-elements/p-1cebd67c.entry.min.js -> /output/dist/zonos-elements/p-1cebd67c.entry.min.js.sri
2025/06/19 09:30:19 algorithm: run /usr/bin/brotli --quality=11 --output=/output/dist/zonos-elements/p-1cebd67c.entry.min.js.br /tmp/work/dist/zonos-elements/p-1cebd67c.entry.min.js
2025/06/19 09:30:19 br /tmp/work/dist/zonos-elements/p-1cebd67c.entry.min.js -> /output/dist/zonos-elements/p-1cebd67c.entry.min.js.br
2025/06/19 09:30:19 gz /tmp/work/dist/zonos-elements/p-1cebd67c.entry.min.js -> /output/dist/zonos-elements/p-1cebd67c.entry.min.js.gz
2025/06/19 09:30:19 sri /tmp/work/dist/zonos-elements/p-1cebd67c.entry.js -> /output/dist/zonos-elements/p-1cebd67c.entry.js.sri
2025/06/19 09:30:19 algorithm: run /usr/bin/brotli --quality=11 --output=/output/dist/zonos-elements/p-1cebd67c.entry.js.br /tmp/work/dist/zonos-elements/p-1cebd67c.entry.js
2025/06/19 09:30:19 br /tmp/work/dist/zonos-elements/p-1cebd67c.entry.js -> /output/dist/zonos-elements/p-1cebd67c.entry.js.br
2025/06/19 09:30:19 gz /tmp/work/dist/zonos-elements/p-1cebd67c.entry.js -> /output/dist/zonos-elements/p-1cebd67c.entry.js.gz
2025/06/19 09:30:19 compress: run /node_modules/uglify-js/bin/uglifyjs (3.15.4) [--mangle --compress if_return=true -o /tmp/work/dist/zonos-elements/p-2670438c.system.min.js /tmp/work/dist/zonos-elements/p-2670438c.system.js]
2025/06/19 09:30:19 sri /tmp/work/dist/zonos-elements/p-236f32c8.system.entry.min.js -> /output/dist/zonos-elements/p-236f32c8.system.entry.min.js.sri
2025/06/19 09:30:19 algorithm: run /usr/bin/brotli --quality=11 --output=/output/dist/zonos-elements/p-236f32c8.system.entry.min.js.br /tmp/work/dist/zonos-elements/p-236f32c8.system.entry.min.js
2025/06/19 09:30:19 br /tmp/work/dist/zonos-elements/p-236f32c8.system.entry.min.js -> /output/dist/zonos-elements/p-236f32c8.system.entry.min.js.br
2025/06/19 09:30:19 gz /tmp/work/dist/zonos-elements/p-236f32c8.system.entry.min.js -> /output/dist/zonos-elements/p-236f32c8.system.entry.min.js.gz
2025/06/19 09:30:19 sri /tmp/work/dist/zonos-elements/p-236f32c8.system.entry.js -> /output/dist/zonos-elements/p-236f32c8.system.entry.js.sri
2025/06/19 09:30:19 algorithm: run /usr/bin/brotli --quality=11 --output=/output/dist/zonos-elements/p-236f32c8.system.entry.js.br /tmp/work/dist/zonos-elements/p-236f32c8.system.entry.js
2025/06/19 09:30:19 br /tmp/work/dist/zonos-elements/p-236f32c8.system.entry.js -> /output/dist/zonos-elements/p-236f32c8.system.entry.js.br
2025/06/19 09:30:19 gz /tmp/work/dist/zonos-elements/p-236f32c8.system.entry.js -> /output/dist/zonos-elements/p-236f32c8.system.entry.js.gz
2025/06/19 09:30:19 compress: run /node_modules/uglify-js/bin/uglifyjs (3.15.4) [--mangle --compress if_return=true -o /tmp/work/dist/zonos-elements/p-2770ba48.system.min.js /tmp/work/dist/zonos-elements/p-2770ba48.system.js]
2025/06/19 09:30:19 sri /tmp/work/dist/zonos-elements/p-09fbafe4.entry.min.js -> /output/dist/zonos-elements/p-09fbafe4.entry.min.js.sri
2025/06/19 09:30:19 algorithm: run /usr/bin/brotli --quality=11 --output=/output/dist/zonos-elements/p-09fbafe4.entry.min.js.br /tmp/work/dist/zonos-elements/p-09fbafe4.entry.min.js
2025/06/19 09:30:19 sri /tmp/work/dist/zonos-elements/p-2670438c.system.min.js -> /output/dist/zonos-elements/p-2670438c.system.min.js.sri
2025/06/19 09:30:19 algorithm: run /usr/bin/brotli --quality=11 --output=/output/dist/zonos-elements/p-2670438c.system.min.js.br /tmp/work/dist/zonos-elements/p-2670438c.system.min.js
2025/06/19 09:30:19 br /tmp/work/dist/zonos-elements/p-2670438c.system.min.js -> /output/dist/zonos-elements/p-2670438c.system.min.js.br
2025/06/19 09:30:19 gz /tmp/work/dist/zonos-elements/p-2670438c.system.min.js -> /output/dist/zonos-elements/p-2670438c.system.min.js.gz
2025/06/19 09:30:19 sri /tmp/work/dist/zonos-elements/p-2670438c.system.js -> /output/dist/zonos-elements/p-2670438c.system.js.sri
2025/06/19 09:30:19 algorithm: run /usr/bin/brotli --quality=11 --output=/output/dist/zonos-elements/p-2670438c.system.js.br /tmp/work/dist/zonos-elements/p-2670438c.system.js
2025/06/19 09:30:19 br /tmp/work/dist/zonos-elements/p-2670438c.system.js -> /output/dist/zonos-elements/p-2670438c.system.js.br
2025/06/19 09:30:19 gz /tmp/work/dist/zonos-elements/p-2670438c.system.js -> /output/dist/zonos-elements/p-2670438c.system.js.gz
2025/06/19 09:30:19 compress: run /node_modules/uglify-js/bin/uglifyjs (3.15.4) [--mangle --compress if_return=true -o /tmp/work/dist/zonos-elements/p-2d6557ee.system.min.js /tmp/work/dist/zonos-elements/p-2d6557ee.system.js]
2025/06/19 09:30:19 sri /tmp/work/dist/zonos-elements/p-00e5d2be.system.min.js -> /output/dist/zonos-elements/p-00e5d2be.system.min.js.sri
2025/06/19 09:30:19 algorithm: run /usr/bin/brotli --quality=11 --output=/output/dist/zonos-elements/p-00e5d2be.system.min.js.br /tmp/work/dist/zonos-elements/p-00e5d2be.system.min.js
2025/06/19 09:30:19 sri /tmp/work/dist/zonos-elements/p-2770ba48.system.min.js -> /output/dist/zonos-elements/p-2770ba48.system.min.js.sri
2025/06/19 09:30:19 algorithm: run /usr/bin/brotli --quality=11 --output=/output/dist/zonos-elements/p-2770ba48.system.min.js.br /tmp/work/dist/zonos-elements/p-2770ba48.system.min.js
2025/06/19 09:30:19 br /tmp/work/dist/zonos-elements/p-2770ba48.system.min.js -> /output/dist/zonos-elements/p-2770ba48.system.min.js.br
2025/06/19 09:30:19 sri /tmp/work/dist/zonos-elements/p-23e7c655.system.min.js -> /output/dist/zonos-elements/p-23e7c655.system.min.js.sri
2025/06/19 09:30:19 algorithm: run /usr/bin/brotli --quality=11 --output=/output/dist/zonos-elements/p-23e7c655.system.min.js.br /tmp/work/dist/zonos-elements/p-23e7c655.system.min.js
2025/06/19 09:30:19 gz /tmp/work/dist/zonos-elements/p-2770ba48.system.min.js -> /output/dist/zonos-elements/p-2770ba48.system.min.js.gz
2025/06/19 09:30:19 sri /tmp/work/dist/zonos-elements/p-2770ba48.system.js -> /output/dist/zonos-elements/p-2770ba48.system.js.sri
2025/06/19 09:30:19 algorithm: run /usr/bin/brotli --quality=11 --output=/output/dist/zonos-elements/p-2770ba48.system.js.br /tmp/work/dist/zonos-elements/p-2770ba48.system.js
2025/06/19 09:30:19 br /tmp/work/dist/zonos-elements/p-23e7c655.system.min.js -> /output/dist/zonos-elements/p-23e7c655.system.min.js.br
2025/06/19 09:30:19 gz /tmp/work/dist/zonos-elements/p-23e7c655.system.min.js -> /output/dist/zonos-elements/p-23e7c655.system.min.js.gz
2025/06/19 09:30:19 sri /tmp/work/dist/zonos-elements/p-23e7c655.system.js -> /output/dist/zonos-elements/p-23e7c655.system.js.sri
2025/06/19 09:30:19 algorithm: run /usr/bin/brotli --quality=11 --output=/output/dist/zonos-elements/p-23e7c655.system.js.br /tmp/work/dist/zonos-elements/p-23e7c655.system.js
2025/06/19 09:30:19 br /tmp/work/dist/zonos-elements/p-2770ba48.system.js -> /output/dist/zonos-elements/p-2770ba48.system.js.br
2025/06/19 09:30:19 gz /tmp/work/dist/zonos-elements/p-2770ba48.system.js -> /output/dist/zonos-elements/p-2770ba48.system.js.gz
2025/06/19 09:30:19 compress: run /node_modules/uglify-js/bin/uglifyjs (3.15.4) [--mangle --compress if_return=true -o /tmp/work/dist/zonos-elements/p-30fdcbee.min.js /tmp/work/dist/zonos-elements/p-30fdcbee.js]
2025/06/19 09:30:19 br /tmp/work/dist/zonos-elements/p-23e7c655.system.js -> /output/dist/zonos-elements/p-23e7c655.system.js.br
2025/06/19 09:30:19 gz /tmp/work/dist/zonos-elements/p-23e7c655.system.js -> /output/dist/zonos-elements/p-23e7c655.system.js.gz
2025/06/19 09:30:19 compress: run /node_modules/uglify-js/bin/uglifyjs (3.15.4) [--mangle --compress if_return=true -o /tmp/work/dist/zonos-elements/p-33de55b8.system.entry.min.js /tmp/work/dist/zonos-elements/p-33de55b8.system.entry.js]
2025/06/19 09:30:19 br /tmp/work/dist/zonos-elements/p-00e5d2be.system.min.js -> /output/dist/zonos-elements/p-00e5d2be.system.min.js.br
2025/06/19 09:30:19 gz /tmp/work/dist/zonos-elements/p-00e5d2be.system.min.js -> /output/dist/zonos-elements/p-00e5d2be.system.min.js.gz
2025/06/19 09:30:19 sri /tmp/work/dist/zonos-elements/p-00e5d2be.system.js -> /output/dist/zonos-elements/p-00e5d2be.system.js.sri
2025/06/19 09:30:19 algorithm: run /usr/bin/brotli --quality=11 --output=/output/dist/zonos-elements/p-00e5d2be.system.js.br /tmp/work/dist/zonos-elements/p-00e5d2be.system.js
2025/06/19 09:30:19 br /tmp/work/dist/zonos-elements/p-09fbafe4.entry.min.js -> /output/dist/zonos-elements/p-09fbafe4.entry.min.js.br
2025/06/19 09:30:19 gz /tmp/work/dist/zonos-elements/p-09fbafe4.entry.min.js -> /output/dist/zonos-elements/p-09fbafe4.entry.min.js.gz
2025/06/19 09:30:19 sri /tmp/work/dist/zonos-elements/p-09fbafe4.entry.js -> /output/dist/zonos-elements/p-09fbafe4.entry.js.sri
2025/06/19 09:30:19 algorithm: run /usr/bin/brotli --quality=11 --output=/output/dist/zonos-elements/p-09fbafe4.entry.js.br /tmp/work/dist/zonos-elements/p-09fbafe4.entry.js
2025/06/19 09:30:19 br /tmp/work/dist/zonos-elements/p-00e5d2be.system.js -> /output/dist/zonos-elements/p-00e5d2be.system.js.br
2025/06/19 09:30:19 gz /tmp/work/dist/zonos-elements/p-00e5d2be.system.js -> /output/dist/zonos-elements/p-00e5d2be.system.js.gz
2025/06/19 09:30:19 compress: run /node_modules/uglify-js/bin/uglifyjs (3.15.4) [--mangle --compress if_return=true -o /tmp/work/dist/zonos-elements/p-3731e7f5.entry.min.js /tmp/work/dist/zonos-elements/p-3731e7f5.entry.js]
2025/06/19 09:30:19 sri /tmp/work/dist/zonos-elements/p-1b75aa35.system.min.js -> /output/dist/zonos-elements/p-1b75aa35.system.min.js.sri
2025/06/19 09:30:19 algorithm: run /usr/bin/brotli --quality=11 --output=/output/dist/zonos-elements/p-1b75aa35.system.min.js.br /tmp/work/dist/zonos-elements/p-1b75aa35.system.min.js
2025/06/19 09:30:19 br /tmp/work/dist/zonos-elements/p-1b75aa35.system.min.js -> /output/dist/zonos-elements/p-1b75aa35.system.min.js.br
2025/06/19 09:30:19 gz /tmp/work/dist/zonos-elements/p-1b75aa35.system.min.js -> /output/dist/zonos-elements/p-1b75aa35.system.min.js.gz
2025/06/19 09:30:19 sri /tmp/work/dist/zonos-elements/p-1b75aa35.system.js -> /output/dist/zonos-elements/p-1b75aa35.system.js.sri
2025/06/19 09:30:19 algorithm: run /usr/bin/brotli --quality=11 --output=/output/dist/zonos-elements/p-1b75aa35.system.js.br /tmp/work/dist/zonos-elements/p-1b75aa35.system.js
2025/06/19 09:30:19 sri /tmp/work/dist/zonos-elements/p-2d6557ee.system.min.js -> /output/dist/zonos-elements/p-2d6557ee.system.min.js.sri
2025/06/19 09:30:19 algorithm: run /usr/bin/brotli --quality=11 --output=/output/dist/zonos-elements/p-2d6557ee.system.min.js.br /tmp/work/dist/zonos-elements/p-2d6557ee.system.min.js
2025/06/19 09:30:19 br /tmp/work/dist/zonos-elements/p-2d6557ee.system.min.js -> /output/dist/zonos-elements/p-2d6557ee.system.min.js.br
2025/06/19 09:30:19 gz /tmp/work/dist/zonos-elements/p-2d6557ee.system.min.js -> /output/dist/zonos-elements/p-2d6557ee.system.min.js.gz
2025/06/19 09:30:19 sri /tmp/work/dist/zonos-elements/p-2d6557ee.system.js -> /output/dist/zonos-elements/p-2d6557ee.system.js.sri
2025/06/19 09:30:19 algorithm: run /usr/bin/brotli --quality=11 --output=/output/dist/zonos-elements/p-2d6557ee.system.js.br /tmp/work/dist/zonos-elements/p-2d6557ee.system.js
2025/06/19 09:30:19 br /tmp/work/dist/zonos-elements/p-09fbafe4.entry.js -> /output/dist/zonos-elements/p-09fbafe4.entry.js.br
2025/06/19 09:30:19 gz /tmp/work/dist/zonos-elements/p-09fbafe4.entry.js -> /output/dist/zonos-elements/p-09fbafe4.entry.js.gz
2025/06/19 09:30:19 compress: run /node_modules/uglify-js/bin/uglifyjs (3.15.4) [--mangle --compress if_return=true -o /tmp/work/dist/zonos-elements/p-3d221556.system.entry.min.js /tmp/work/dist/zonos-elements/p-3d221556.system.entry.js]
2025/06/19 09:30:19 br /tmp/work/dist/zonos-elements/p-2d6557ee.system.js -> /output/dist/zonos-elements/p-2d6557ee.system.js.br
2025/06/19 09:30:19 gz /tmp/work/dist/zonos-elements/p-2d6557ee.system.js -> /output/dist/zonos-elements/p-2d6557ee.system.js.gz
2025/06/19 09:30:19 compress: run /node_modules/uglify-js/bin/uglifyjs (3.15.4) [--mangle --compress if_return=true -o /tmp/work/dist/zonos-elements/p-3eac4b10.entry.min.js /tmp/work/dist/zonos-elements/p-3eac4b10.entry.js]
2025/06/19 09:30:19 br /tmp/work/dist/zonos-elements/p-1b75aa35.system.js -> /output/dist/zonos-elements/p-1b75aa35.system.js.br
2025/06/19 09:30:19 gz /tmp/work/dist/zonos-elements/p-1b75aa35.system.js -> /output/dist/zonos-elements/p-1b75aa35.system.js.gz
2025/06/19 09:30:19 compress: run /node_modules/uglify-js/bin/uglifyjs (3.15.4) [--mangle --compress if_return=true -o /tmp/work/dist/zonos-elements/p-41dfc828.entry.min.js /tmp/work/dist/zonos-elements/p-41dfc828.entry.js]
2025/06/19 09:30:19 sri /tmp/work/dist/zonos-elements/p-33de55b8.system.entry.min.js -> /output/dist/zonos-elements/p-33de55b8.system.entry.min.js.sri
2025/06/19 09:30:19 algorithm: run /usr/bin/brotli --quality=11 --output=/output/dist/zonos-elements/p-33de55b8.system.entry.min.js.br /tmp/work/dist/zonos-elements/p-33de55b8.system.entry.min.js
2025/06/19 09:30:19 br /tmp/work/dist/zonos-elements/p-33de55b8.system.entry.min.js -> /output/dist/zonos-elements/p-33de55b8.system.entry.min.js.br
2025/06/19 09:30:19 gz /tmp/work/dist/zonos-elements/p-33de55b8.system.entry.min.js -> /output/dist/zonos-elements/p-33de55b8.system.entry.min.js.gz
2025/06/19 09:30:19 sri /tmp/work/dist/zonos-elements/p-33de55b8.system.entry.js -> /output/dist/zonos-elements/p-33de55b8.system.entry.js.sri
2025/06/19 09:30:19 algorithm: run /usr/bin/brotli --quality=11 --output=/output/dist/zonos-elements/p-33de55b8.system.entry.js.br /tmp/work/dist/zonos-elements/p-33de55b8.system.entry.js
2025/06/19 09:30:19 sri /tmp/work/dist/zonos-elements/p-3731e7f5.entry.min.js -> /output/dist/zonos-elements/p-3731e7f5.entry.min.js.sri
2025/06/19 09:30:19 algorithm: run /usr/bin/brotli --quality=11 --output=/output/dist/zonos-elements/p-3731e7f5.entry.min.js.br /tmp/work/dist/zonos-elements/p-3731e7f5.entry.min.js
2025/06/19 09:30:19 br /tmp/work/dist/zonos-elements/p-3731e7f5.entry.min.js -> /output/dist/zonos-elements/p-3731e7f5.entry.min.js.br
2025/06/19 09:30:19 gz /tmp/work/dist/zonos-elements/p-3731e7f5.entry.min.js -> /output/dist/zonos-elements/p-3731e7f5.entry.min.js.gz
2025/06/19 09:30:19 sri /tmp/work/dist/zonos-elements/p-3731e7f5.entry.js -> /output/dist/zonos-elements/p-3731e7f5.entry.js.sri
2025/06/19 09:30:19 algorithm: run /usr/bin/brotli --quality=11 --output=/output/dist/zonos-elements/p-3731e7f5.entry.js.br /tmp/work/dist/zonos-elements/p-3731e7f5.entry.js
2025/06/19 09:30:19 br /tmp/work/dist/zonos-elements/p-33de55b8.system.entry.js -> /output/dist/zonos-elements/p-33de55b8.system.entry.js.br
2025/06/19 09:30:19 gz /tmp/work/dist/zonos-elements/p-33de55b8.system.entry.js -> /output/dist/zonos-elements/p-33de55b8.system.entry.js.gz
2025/06/19 09:30:19 compress: run /node_modules/uglify-js/bin/uglifyjs (3.15.4) [--mangle --compress if_return=true -o /tmp/work/dist/zonos-elements/p-42abd4dd.system.entry.min.js /tmp/work/dist/zonos-elements/p-42abd4dd.system.entry.js]
2025/06/19 09:30:19 sri /tmp/work/dist/zonos-elements/p-3eac4b10.entry.min.js -> /output/dist/zonos-elements/p-3eac4b10.entry.min.js.sri
2025/06/19 09:30:19 algorithm: run /usr/bin/brotli --quality=11 --output=/output/dist/zonos-elements/p-3eac4b10.entry.min.js.br /tmp/work/dist/zonos-elements/p-3eac4b10.entry.min.js
2025/06/19 09:30:19 br /tmp/work/dist/zonos-elements/p-3731e7f5.entry.js -> /output/dist/zonos-elements/p-3731e7f5.entry.js.br
2025/06/19 09:30:19 sri /tmp/work/dist/zonos-elements/p-3d221556.system.entry.min.js -> /output/dist/zonos-elements/p-3d221556.system.entry.min.js.sri
2025/06/19 09:30:19 algorithm: run /usr/bin/brotli --quality=11 --output=/output/dist/zonos-elements/p-3d221556.system.entry.min.js.br /tmp/work/dist/zonos-elements/p-3d221556.system.entry.min.js
2025/06/19 09:30:19 gz /tmp/work/dist/zonos-elements/p-3731e7f5.entry.js -> /output/dist/zonos-elements/p-3731e7f5.entry.js.gz
2025/06/19 09:30:19 compress: run /node_modules/uglify-js/bin/uglifyjs (3.15.4) [--mangle --compress if_return=true -o /tmp/work/dist/zonos-elements/p-46f6e5e9.system.min.js /tmp/work/dist/zonos-elements/p-46f6e5e9.system.js]
2025/06/19 09:30:19 br /tmp/work/dist/zonos-elements/p-3eac4b10.entry.min.js -> /output/dist/zonos-elements/p-3eac4b10.entry.min.js.br
2025/06/19 09:30:19 gz /tmp/work/dist/zonos-elements/p-3eac4b10.entry.min.js -> /output/dist/zonos-elements/p-3eac4b10.entry.min.js.gz
2025/06/19 09:30:19 sri /tmp/work/dist/zonos-elements/p-3eac4b10.entry.js -> /output/dist/zonos-elements/p-3eac4b10.entry.js.sri
2025/06/19 09:30:19 algorithm: run /usr/bin/brotli --quality=11 --output=/output/dist/zonos-elements/p-3eac4b10.entry.js.br /tmp/work/dist/zonos-elements/p-3eac4b10.entry.js
2025/06/19 09:30:19 br /tmp/work/dist/zonos-elements/p-3d221556.system.entry.min.js -> /output/dist/zonos-elements/p-3d221556.system.entry.min.js.br
2025/06/19 09:30:19 gz /tmp/work/dist/zonos-elements/p-3d221556.system.entry.min.js -> /output/dist/zonos-elements/p-3d221556.system.entry.min.js.gz
2025/06/19 09:30:19 sri /tmp/work/dist/zonos-elements/p-3d221556.system.entry.js -> /output/dist/zonos-elements/p-3d221556.system.entry.js.sri
2025/06/19 09:30:19 algorithm: run /usr/bin/brotli --quality=11 --output=/output/dist/zonos-elements/p-3d221556.system.entry.js.br /tmp/work/dist/zonos-elements/p-3d221556.system.entry.js
2025/06/19 09:30:19 br /tmp/work/dist/zonos-elements/p-3eac4b10.entry.js -> /output/dist/zonos-elements/p-3eac4b10.entry.js.br
2025/06/19 09:30:19 gz /tmp/work/dist/zonos-elements/p-3eac4b10.entry.js -> /output/dist/zonos-elements/p-3eac4b10.entry.js.gz
2025/06/19 09:30:19 compress: run /node_modules/uglify-js/bin/uglifyjs (3.15.4) [--mangle --compress if_return=true -o /tmp/work/dist/zonos-elements/p-4caffd96.system.min.js /tmp/work/dist/zonos-elements/p-4caffd96.system.js]
2025/06/19 09:30:19 br /tmp/work/dist/zonos-elements/p-3d221556.system.entry.js -> /output/dist/zonos-elements/p-3d221556.system.entry.js.br
2025/06/19 09:30:19 gz /tmp/work/dist/zonos-elements/p-3d221556.system.entry.js -> /output/dist/zonos-elements/p-3d221556.system.entry.js.gz
2025/06/19 09:30:19 compress: run /node_modules/uglify-js/bin/uglifyjs (3.15.4) [--mangle --compress if_return=true -o /tmp/work/dist/zonos-elements/p-5187ba8f.system.min.js /tmp/work/dist/zonos-elements/p-5187ba8f.system.js]
2025/06/19 09:30:20 sri /tmp/work/dist/zonos-elements/p-41dfc828.entry.min.js -> /output/dist/zonos-elements/p-41dfc828.entry.min.js.sri
2025/06/19 09:30:20 algorithm: run /usr/bin/brotli --quality=11 --output=/output/dist/zonos-elements/p-41dfc828.entry.min.js.br /tmp/work/dist/zonos-elements/p-41dfc828.entry.min.js
2025/06/19 09:30:20 br /tmp/work/dist/zonos-elements/p-41dfc828.entry.min.js -> /output/dist/zonos-elements/p-41dfc828.entry.min.js.br
2025/06/19 09:30:20 gz /tmp/work/dist/zonos-elements/p-41dfc828.entry.min.js -> /output/dist/zonos-elements/p-41dfc828.entry.min.js.gz
2025/06/19 09:30:20 sri /tmp/work/dist/zonos-elements/p-41dfc828.entry.js -> /output/dist/zonos-elements/p-41dfc828.entry.js.sri
2025/06/19 09:30:20 algorithm: run /usr/bin/brotli --quality=11 --output=/output/dist/zonos-elements/p-41dfc828.entry.js.br /tmp/work/dist/zonos-elements/p-41dfc828.entry.js
2025/06/19 09:30:20 br /tmp/work/dist/zonos-elements/p-41dfc828.entry.js -> /output/dist/zonos-elements/p-41dfc828.entry.js.br
2025/06/19 09:30:20 gz /tmp/work/dist/zonos-elements/p-41dfc828.entry.js -> /output/dist/zonos-elements/p-41dfc828.entry.js.gz
2025/06/19 09:30:20 compress: run /node_modules/uglify-js/bin/uglifyjs (3.15.4) [--mangle --compress if_return=true -o /tmp/work/dist/zonos-elements/p-56ba5cbf.system.min.js /tmp/work/dist/zonos-elements/p-56ba5cbf.system.js]
2025/06/19 09:30:20 sri /tmp/work/dist/zonos-elements/p-46f6e5e9.system.min.js -> /output/dist/zonos-elements/p-46f6e5e9.system.min.js.sri
2025/06/19 09:30:20 algorithm: run /usr/bin/brotli --quality=11 --output=/output/dist/zonos-elements/p-46f6e5e9.system.min.js.br /tmp/work/dist/zonos-elements/p-46f6e5e9.system.min.js
2025/06/19 09:30:20 sri /tmp/work/dist/zonos-elements/p-1b1cdb4c.system.entry.min.js -> /output/dist/zonos-elements/p-1b1cdb4c.system.entry.min.js.sri
2025/06/19 09:30:20 algorithm: run /usr/bin/brotli --quality=11 --output=/output/dist/zonos-elements/p-1b1cdb4c.system.entry.min.js.br /tmp/work/dist/zonos-elements/p-1b1cdb4c.system.entry.min.js
2025/06/19 09:30:20 sri /tmp/work/dist/zonos-elements/p-56ba5cbf.system.min.js -> /output/dist/zonos-elements/p-56ba5cbf.system.min.js.sri
2025/06/19 09:30:20 algorithm: run /usr/bin/brotli --quality=11 --output=/output/dist/zonos-elements/p-56ba5cbf.system.min.js.br /tmp/work/dist/zonos-elements/p-56ba5cbf.system.min.js
2025/06/19 09:30:20 br /tmp/work/dist/zonos-elements/p-56ba5cbf.system.min.js -> /output/dist/zonos-elements/p-56ba5cbf.system.min.js.br
2025/06/19 09:30:20 gz /tmp/work/dist/zonos-elements/p-56ba5cbf.system.min.js -> /output/dist/zonos-elements/p-56ba5cbf.system.min.js.gz
2025/06/19 09:30:20 sri /tmp/work/dist/zonos-elements/p-56ba5cbf.system.js -> /output/dist/zonos-elements/p-56ba5cbf.system.js.sri
2025/06/19 09:30:20 algorithm: run /usr/bin/brotli --quality=11 --output=/output/dist/zonos-elements/p-56ba5cbf.system.js.br /tmp/work/dist/zonos-elements/p-56ba5cbf.system.js
2025/06/19 09:30:20 br /tmp/work/dist/zonos-elements/p-56ba5cbf.system.js -> /output/dist/zonos-elements/p-56ba5cbf.system.js.br
2025/06/19 09:30:20 gz /tmp/work/dist/zonos-elements/p-56ba5cbf.system.js -> /output/dist/zonos-elements/p-56ba5cbf.system.js.gz
2025/06/19 09:30:20 compress: run /node_modules/uglify-js/bin/uglifyjs (3.15.4) [--mangle --compress if_return=true -o /tmp/work/dist/zonos-elements/p-57af5f9c.entry.min.js /tmp/work/dist/zonos-elements/p-57af5f9c.entry.js]
2025/06/19 09:30:20 br /tmp/work/dist/zonos-elements/p-46f6e5e9.system.min.js -> /output/dist/zonos-elements/p-46f6e5e9.system.min.js.br
2025/06/19 09:30:20 gz /tmp/work/dist/zonos-elements/p-46f6e5e9.system.min.js -> /output/dist/zonos-elements/p-46f6e5e9.system.min.js.gz
2025/06/19 09:30:20 sri /tmp/work/dist/zonos-elements/p-46f6e5e9.system.js -> /output/dist/zonos-elements/p-46f6e5e9.system.js.sri
2025/06/19 09:30:20 algorithm: run /usr/bin/brotli --quality=11 --output=/output/dist/zonos-elements/p-46f6e5e9.system.js.br /tmp/work/dist/zonos-elements/p-46f6e5e9.system.js
2025/06/19 09:30:20 br /tmp/work/dist/zonos-elements/p-46f6e5e9.system.js -> /output/dist/zonos-elements/p-46f6e5e9.system.js.br
2025/06/19 09:30:20 gz /tmp/work/dist/zonos-elements/p-46f6e5e9.system.js -> /output/dist/zonos-elements/p-46f6e5e9.system.js.gz
2025/06/19 09:30:20 compress: run /node_modules/uglify-js/bin/uglifyjs (3.15.4) [--mangle --compress if_return=true -o /tmp/work/dist/zonos-elements/p-5883217a.min.js /tmp/work/dist/zonos-elements/p-5883217a.js]
2025/06/19 09:30:20 br /tmp/work/dist/zonos-elements/p-1b1cdb4c.system.entry.min.js -> /output/dist/zonos-elements/p-1b1cdb4c.system.entry.min.js.br
2025/06/19 09:30:20 gz /tmp/work/dist/zonos-elements/p-1b1cdb4c.system.entry.min.js -> /output/dist/zonos-elements/p-1b1cdb4c.system.entry.min.js.gz
2025/06/19 09:30:20 sri /tmp/work/dist/zonos-elements/p-1b1cdb4c.system.entry.js -> /output/dist/zonos-elements/p-1b1cdb4c.system.entry.js.sri
2025/06/19 09:30:20 algorithm: run /usr/bin/brotli --quality=11 --output=/output/dist/zonos-elements/p-1b1cdb4c.system.entry.js.br /tmp/work/dist/zonos-elements/p-1b1cdb4c.system.entry.js
2025/06/19 09:30:21 sri /tmp/work/dist/zonos-elements/p-5883217a.min.js -> /output/dist/zonos-elements/p-5883217a.min.js.sri
2025/06/19 09:30:21 algorithm: run /usr/bin/brotli --quality=11 --output=/output/dist/zonos-elements/p-5883217a.min.js.br /tmp/work/dist/zonos-elements/p-5883217a.min.js
2025/06/19 09:30:21 br /tmp/work/dist/zonos-elements/p-5883217a.min.js -> /output/dist/zonos-elements/p-5883217a.min.js.br
2025/06/19 09:30:21 gz /tmp/work/dist/zonos-elements/p-5883217a.min.js -> /output/dist/zonos-elements/p-5883217a.min.js.gz
2025/06/19 09:30:21 sri /tmp/work/dist/zonos-elements/p-5883217a.js -> /output/dist/zonos-elements/p-5883217a.js.sri
2025/06/19 09:30:21 algorithm: run /usr/bin/brotli --quality=11 --output=/output/dist/zonos-elements/p-5883217a.js.br /tmp/work/dist/zonos-elements/p-5883217a.js
2025/06/19 09:30:21 br /tmp/work/dist/zonos-elements/p-5883217a.js -> /output/dist/zonos-elements/p-5883217a.js.br
2025/06/19 09:30:21 gz /tmp/work/dist/zonos-elements/p-5883217a.js -> /output/dist/zonos-elements/p-5883217a.js.gz
2025/06/19 09:30:21 compress: run /node_modules/uglify-js/bin/uglifyjs (3.15.4) [--mangle --compress if_return=true -o /tmp/work/dist/zonos-elements/p-58f660d4.system.entry.min.js /tmp/work/dist/zonos-elements/p-58f660d4.system.entry.js]
2025/06/19 09:30:21 br /tmp/work/dist/zonos-elements/p-1b1cdb4c.system.entry.js -> /output/dist/zonos-elements/p-1b1cdb4c.system.entry.js.br
2025/06/19 09:30:21 gz /tmp/work/dist/zonos-elements/p-1b1cdb4c.system.entry.js -> /output/dist/zonos-elements/p-1b1cdb4c.system.entry.js.gz
2025/06/19 09:30:21 compress: run /node_modules/uglify-js/bin/uglifyjs (3.15.4) [--mangle --compress if_return=true -o /tmp/work/dist/zonos-elements/p-5957eff5.system.entry.min.js /tmp/work/dist/zonos-elements/p-5957eff5.system.entry.js]
2025/06/19 09:30:21 sri /tmp/work/dist/zonos-elements/p-30fdcbee.min.js -> /output/dist/zonos-elements/p-30fdcbee.min.js.sri
2025/06/19 09:30:21 algorithm: run /usr/bin/brotli --quality=11 --output=/output/dist/zonos-elements/p-30fdcbee.min.js.br /tmp/work/dist/zonos-elements/p-30fdcbee.min.js
2025/06/19 09:30:21 sri /tmp/work/dist/zonos-elements/p-42abd4dd.system.entry.min.js -> /output/dist/zonos-elements/p-42abd4dd.system.entry.min.js.sri
2025/06/19 09:30:21 algorithm: run /usr/bin/brotli --quality=11 --output=/output/dist/zonos-elements/p-42abd4dd.system.entry.min.js.br /tmp/work/dist/zonos-elements/p-42abd4dd.system.entry.min.js
2025/06/19 09:30:21 br /tmp/work/dist/zonos-elements/p-30fdcbee.min.js -> /output/dist/zonos-elements/p-30fdcbee.min.js.br
2025/06/19 09:30:21 gz /tmp/work/dist/zonos-elements/p-30fdcbee.min.js -> /output/dist/zonos-elements/p-30fdcbee.min.js.gz
2025/06/19 09:30:21 sri /tmp/work/dist/zonos-elements/p-30fdcbee.js -> /output/dist/zonos-elements/p-30fdcbee.js.sri
2025/06/19 09:30:21 algorithm: run /usr/bin/brotli --quality=11 --output=/output/dist/zonos-elements/p-30fdcbee.js.br /tmp/work/dist/zonos-elements/p-30fdcbee.js
2025/06/19 09:30:21 br /tmp/work/dist/zonos-elements/p-30fdcbee.js -> /output/dist/zonos-elements/p-30fdcbee.js.br
2025/06/19 09:30:21 gz /tmp/work/dist/zonos-elements/p-30fdcbee.js -> /output/dist/zonos-elements/p-30fdcbee.js.gz
2025/06/19 09:30:21 compress: run /node_modules/uglify-js/bin/uglifyjs (3.15.4) [--mangle --compress if_return=true -o /tmp/work/dist/zonos-elements/p-595f5dd2.min.js /tmp/work/dist/zonos-elements/p-595f5dd2.js]
2025/06/19 09:30:21 br /tmp/work/dist/zonos-elements/p-42abd4dd.system.entry.min.js -> /output/dist/zonos-elements/p-42abd4dd.system.entry.min.js.br
2025/06/19 09:30:21 gz /tmp/work/dist/zonos-elements/p-42abd4dd.system.entry.min.js -> /output/dist/zonos-elements/p-42abd4dd.system.entry.min.js.gz
2025/06/19 09:30:21 sri /tmp/work/dist/zonos-elements/p-42abd4dd.system.entry.js -> /output/dist/zonos-elements/p-42abd4dd.system.entry.js.sri
2025/06/19 09:30:21 algorithm: run /usr/bin/brotli --quality=11 --output=/output/dist/zonos-elements/p-42abd4dd.system.entry.js.br /tmp/work/dist/zonos-elements/p-42abd4dd.system.entry.js
2025/06/19 09:30:21 br /tmp/work/dist/zonos-elements/p-42abd4dd.system.entry.js -> /output/dist/zonos-elements/p-42abd4dd.system.entry.js.br
2025/06/19 09:30:21 gz /tmp/work/dist/zonos-elements/p-42abd4dd.system.entry.js -> /output/dist/zonos-elements/p-42abd4dd.system.entry.js.gz
2025/06/19 09:30:21 compress: run /node_modules/uglify-js/bin/uglifyjs (3.15.4) [--mangle --compress if_return=true -o /tmp/work/dist/zonos-elements/p-5a71d418.entry.min.js /tmp/work/dist/zonos-elements/p-5a71d418.entry.js]
2025/06/19 09:30:22 sri /tmp/work/dist/zonos-elements/p-58f660d4.system.entry.min.js -> /output/dist/zonos-elements/p-58f660d4.system.entry.min.js.sri
2025/06/19 09:30:22 algorithm: run /usr/bin/brotli --quality=11 --output=/output/dist/zonos-elements/p-58f660d4.system.entry.min.js.br /tmp/work/dist/zonos-elements/p-58f660d4.system.entry.min.js
2025/06/19 09:30:22 br /tmp/work/dist/zonos-elements/p-58f660d4.system.entry.min.js -> /output/dist/zonos-elements/p-58f660d4.system.entry.min.js.br
2025/06/19 09:30:22 gz /tmp/work/dist/zonos-elements/p-58f660d4.system.entry.min.js -> /output/dist/zonos-elements/p-58f660d4.system.entry.min.js.gz
2025/06/19 09:30:22 sri /tmp/work/dist/zonos-elements/p-58f660d4.system.entry.js -> /output/dist/zonos-elements/p-58f660d4.system.entry.js.sri
2025/06/19 09:30:22 algorithm: run /usr/bin/brotli --quality=11 --output=/output/dist/zonos-elements/p-58f660d4.system.entry.js.br /tmp/work/dist/zonos-elements/p-58f660d4.system.entry.js
2025/06/19 09:30:22 sri /tmp/work/dist/zonos-elements/p-595f5dd2.min.js -> /output/dist/zonos-elements/p-595f5dd2.min.js.sri
2025/06/19 09:30:22 algorithm: run /usr/bin/brotli --quality=11 --output=/output/dist/zonos-elements/p-595f5dd2.min.js.br /tmp/work/dist/zonos-elements/p-595f5dd2.min.js
2025/06/19 09:30:22 br /tmp/work/dist/zonos-elements/p-595f5dd2.min.js -> /output/dist/zonos-elements/p-595f5dd2.min.js.br
2025/06/19 09:30:22 br /tmp/work/dist/zonos-elements/p-58f660d4.system.entry.js -> /output/dist/zonos-elements/p-58f660d4.system.entry.js.br
2025/06/19 09:30:22 gz /tmp/work/dist/zonos-elements/p-58f660d4.system.entry.js -> /output/dist/zonos-elements/p-58f660d4.system.entry.js.gz
2025/06/19 09:30:22 compress: run /node_modules/uglify-js/bin/uglifyjs (3.15.4) [--mangle --compress if_return=true -o /tmp/work/dist/zonos-elements/p-5bd927f2.min.js /tmp/work/dist/zonos-elements/p-5bd927f2.js]
2025/06/19 09:30:22 gz /tmp/work/dist/zonos-elements/p-595f5dd2.min.js -> /output/dist/zonos-elements/p-595f5dd2.min.js.gz
2025/06/19 09:30:22 sri /tmp/work/dist/zonos-elements/p-595f5dd2.js -> /output/dist/zonos-elements/p-595f5dd2.js.sri
2025/06/19 09:30:22 algorithm: run /usr/bin/brotli --quality=11 --output=/output/dist/zonos-elements/p-595f5dd2.js.br /tmp/work/dist/zonos-elements/p-595f5dd2.js
2025/06/19 09:30:22 br /tmp/work/dist/zonos-elements/p-595f5dd2.js -> /output/dist/zonos-elements/p-595f5dd2.js.br
2025/06/19 09:30:22 gz /tmp/work/dist/zonos-elements/p-595f5dd2.js -> /output/dist/zonos-elements/p-595f5dd2.js.gz
2025/06/19 09:30:22 compress: run /node_modules/uglify-js/bin/uglifyjs (3.15.4) [--mangle --compress if_return=true -o /tmp/work/dist/zonos-elements/p-5be6b837.system.entry.min.js /tmp/work/dist/zonos-elements/p-5be6b837.system.entry.js]
2025/06/19 09:30:22 sri /tmp/work/dist/zonos-elements/p-18ec705b.min.js -> /output/dist/zonos-elements/p-18ec705b.min.js.sri
2025/06/19 09:30:22 algorithm: run /usr/bin/brotli --quality=11 --output=/output/dist/zonos-elements/p-18ec705b.min.js.br /tmp/work/dist/zonos-elements/p-18ec705b.min.js
2025/06/19 09:30:22 sri /tmp/work/dist/zonos-elements/p-5187ba8f.system.min.js -> /output/dist/zonos-elements/p-5187ba8f.system.min.js.sri
2025/06/19 09:30:22 algorithm: run /usr/bin/brotli --quality=11 --output=/output/dist/zonos-elements/p-5187ba8f.system.min.js.br /tmp/work/dist/zonos-elements/p-5187ba8f.system.min.js
2025/06/19 09:30:22 sri /tmp/work/dist/zonos-elements/p-5bd927f2.min.js -> /output/dist/zonos-elements/p-5bd927f2.min.js.sri
2025/06/19 09:30:22 algorithm: run /usr/bin/brotli --quality=11 --output=/output/dist/zonos-elements/p-5bd927f2.min.js.br /tmp/work/dist/zonos-elements/p-5bd927f2.min.js
2025/06/19 09:30:22 br /tmp/work/dist/zonos-elements/p-5bd927f2.min.js -> /output/dist/zonos-elements/p-5bd927f2.min.js.br
2025/06/19 09:30:22 gz /tmp/work/dist/zonos-elements/p-5bd927f2.min.js -> /output/dist/zonos-elements/p-5bd927f2.min.js.gz
2025/06/19 09:30:22 sri /tmp/work/dist/zonos-elements/p-5bd927f2.js -> /output/dist/zonos-elements/p-5bd927f2.js.sri
2025/06/19 09:30:22 algorithm: run /usr/bin/brotli --quality=11 --output=/output/dist/zonos-elements/p-5bd927f2.js.br /tmp/work/dist/zonos-elements/p-5bd927f2.js
2025/06/19 09:30:22 br /tmp/work/dist/zonos-elements/p-5bd927f2.js -> /output/dist/zonos-elements/p-5bd927f2.js.br
2025/06/19 09:30:22 gz /tmp/work/dist/zonos-elements/p-5bd927f2.js -> /output/dist/zonos-elements/p-5bd927f2.js.gz
2025/06/19 09:30:22 compress: run /node_modules/uglify-js/bin/uglifyjs (3.15.4) [--mangle --compress if_return=true -o /tmp/work/dist/zonos-elements/p-5c695748.entry.min.js /tmp/work/dist/zonos-elements/p-5c695748.entry.js]
2025/06/19 09:30:22 sri /tmp/work/dist/zonos-elements/p-57af5f9c.entry.min.js -> /output/dist/zonos-elements/p-57af5f9c.entry.min.js.sri
2025/06/19 09:30:22 algorithm: run /usr/bin/brotli --quality=11 --output=/output/dist/zonos-elements/p-57af5f9c.entry.min.js.br /tmp/work/dist/zonos-elements/p-57af5f9c.entry.min.js
2025/06/19 09:30:22 br /tmp/work/dist/zonos-elements/p-5187ba8f.system.min.js -> /output/dist/zonos-elements/p-5187ba8f.system.min.js.br
2025/06/19 09:30:22 gz /tmp/work/dist/zonos-elements/p-5187ba8f.system.min.js -> /output/dist/zonos-elements/p-5187ba8f.system.min.js.gz
2025/06/19 09:30:22 sri /tmp/work/dist/zonos-elements/p-5187ba8f.system.js -> /output/dist/zonos-elements/p-5187ba8f.system.js.sri
2025/06/19 09:30:22 algorithm: run /usr/bin/brotli --quality=11 --output=/output/dist/zonos-elements/p-5187ba8f.system.js.br /tmp/work/dist/zonos-elements/p-5187ba8f.system.js
2025/06/19 09:30:22 br /tmp/work/dist/zonos-elements/p-5187ba8f.system.js -> /output/dist/zonos-elements/p-5187ba8f.system.js.br
2025/06/19 09:30:22 gz /tmp/work/dist/zonos-elements/p-5187ba8f.system.js -> /output/dist/zonos-elements/p-5187ba8f.system.js.gz
2025/06/19 09:30:22 compress: run /node_modules/uglify-js/bin/uglifyjs (3.15.4) [--mangle --compress if_return=true -o /tmp/work/dist/zonos-elements/p-5e1a782a.system.entry.min.js /tmp/work/dist/zonos-elements/p-5e1a782a.system.entry.js]
2025/06/19 09:30:23 sri /tmp/work/dist/zonos-elements/p-5a71d418.entry.min.js -> /output/dist/zonos-elements/p-5a71d418.entry.min.js.sri
2025/06/19 09:30:23 algorithm: run /usr/bin/brotli --quality=11 --output=/output/dist/zonos-elements/p-5a71d418.entry.min.js.br /tmp/work/dist/zonos-elements/p-5a71d418.entry.min.js
2025/06/19 09:30:23 br /tmp/work/dist/zonos-elements/p-5a71d418.entry.min.js -> /output/dist/zonos-elements/p-5a71d418.entry.min.js.br
2025/06/19 09:30:23 gz /tmp/work/dist/zonos-elements/p-5a71d418.entry.min.js -> /output/dist/zonos-elements/p-5a71d418.entry.min.js.gz
2025/06/19 09:30:23 sri /tmp/work/dist/zonos-elements/p-5a71d418.entry.js -> /output/dist/zonos-elements/p-5a71d418.entry.js.sri
2025/06/19 09:30:23 algorithm: run /usr/bin/brotli --quality=11 --output=/output/dist/zonos-elements/p-5a71d418.entry.js.br /tmp/work/dist/zonos-elements/p-5a71d418.entry.js
2025/06/19 09:30:23 br /tmp/work/dist/zonos-elements/p-57af5f9c.entry.min.js -> /output/dist/zonos-elements/p-57af5f9c.entry.min.js.br
2025/06/19 09:30:23 gz /tmp/work/dist/zonos-elements/p-57af5f9c.entry.min.js -> /output/dist/zonos-elements/p-57af5f9c.entry.min.js.gz
2025/06/19 09:30:23 sri /tmp/work/dist/zonos-elements/p-57af5f9c.entry.js -> /output/dist/zonos-elements/p-57af5f9c.entry.js.sri
2025/06/19 09:30:23 algorithm: run /usr/bin/brotli --quality=11 --output=/output/dist/zonos-elements/p-57af5f9c.entry.js.br /tmp/work/dist/zonos-elements/p-57af5f9c.entry.js
2025/06/19 09:30:23 sri /tmp/work/dist/zonos-elements/p-5c695748.entry.min.js -> /output/dist/zonos-elements/p-5c695748.entry.min.js.sri
2025/06/19 09:30:23 algorithm: run /usr/bin/brotli --quality=11 --output=/output/dist/zonos-elements/p-5c695748.entry.min.js.br /tmp/work/dist/zonos-elements/p-5c695748.entry.min.js
2025/06/19 09:30:23 br /tmp/work/dist/zonos-elements/p-5c695748.entry.min.js -> /output/dist/zonos-elements/p-5c695748.entry.min.js.br
2025/06/19 09:30:23 br /tmp/work/dist/zonos-elements/p-5a71d418.entry.js -> /output/dist/zonos-elements/p-5a71d418.entry.js.br
2025/06/19 09:30:23 gz /tmp/work/dist/zonos-elements/p-5a71d418.entry.js -> /output/dist/zonos-elements/p-5a71d418.entry.js.gz
2025/06/19 09:30:23 compress: run /node_modules/uglify-js/bin/uglifyjs (3.15.4) [--mangle --compress if_return=true -o /tmp/work/dist/zonos-elements/p-69255ed2.system.min.js /tmp/work/dist/zonos-elements/p-69255ed2.system.js]
2025/06/19 09:30:23 gz /tmp/work/dist/zonos-elements/p-5c695748.entry.min.js -> /output/dist/zonos-elements/p-5c695748.entry.min.js.gz
2025/06/19 09:30:23 sri /tmp/work/dist/zonos-elements/p-5c695748.entry.js -> /output/dist/zonos-elements/p-5c695748.entry.js.sri
2025/06/19 09:30:23 algorithm: run /usr/bin/brotli --quality=11 --output=/output/dist/zonos-elements/p-5c695748.entry.js.br /tmp/work/dist/zonos-elements/p-5c695748.entry.js
2025/06/19 09:30:23 br /tmp/work/dist/zonos-elements/p-5c695748.entry.js -> /output/dist/zonos-elements/p-5c695748.entry.js.br
2025/06/19 09:30:23 gz /tmp/work/dist/zonos-elements/p-5c695748.entry.js -> /output/dist/zonos-elements/p-5c695748.entry.js.gz
2025/06/19 09:30:23 compress: run /node_modules/uglify-js/bin/uglifyjs (3.15.4) [--mangle --compress if_return=true -o /tmp/work/dist/zonos-elements/p-69f84611.entry.min.js /tmp/work/dist/zonos-elements/p-69f84611.entry.js]
2025/06/19 09:30:23 br /tmp/work/dist/zonos-elements/p-57af5f9c.entry.js -> /output/dist/zonos-elements/p-57af5f9c.entry.js.br
2025/06/19 09:30:23 gz /tmp/work/dist/zonos-elements/p-57af5f9c.entry.js -> /output/dist/zonos-elements/p-57af5f9c.entry.js.gz
2025/06/19 09:30:23 compress: run /node_modules/uglify-js/bin/uglifyjs (3.15.4) [--mangle --compress if_return=true -o /tmp/work/dist/zonos-elements/p-6c0c8722.system.entry.min.js /tmp/work/dist/zonos-elements/p-6c0c8722.system.entry.js]
2025/06/19 09:30:23 sri /tmp/work/dist/zonos-elements/p-5be6b837.system.entry.min.js -> /output/dist/zonos-elements/p-5be6b837.system.entry.min.js.sri
2025/06/19 09:30:23 algorithm: run /usr/bin/brotli --quality=11 --output=/output/dist/zonos-elements/p-5be6b837.system.entry.min.js.br /tmp/work/dist/zonos-elements/p-5be6b837.system.entry.min.js
2025/06/19 09:30:23 sri /tmp/work/dist/zonos-elements/p-4caffd96.system.min.js -> /output/dist/zonos-elements/p-4caffd96.system.min.js.sri
2025/06/19 09:30:23 algorithm: run /usr/bin/brotli --quality=11 --output=/output/dist/zonos-elements/p-4caffd96.system.min.js.br /tmp/work/dist/zonos-elements/p-4caffd96.system.min.js
2025/06/19 09:30:23 br /tmp/work/dist/zonos-elements/p-5be6b837.system.entry.min.js -> /output/dist/zonos-elements/p-5be6b837.system.entry.min.js.br
2025/06/19 09:30:23 gz /tmp/work/dist/zonos-elements/p-5be6b837.system.entry.min.js -> /output/dist/zonos-elements/p-5be6b837.system.entry.min.js.gz
2025/06/19 09:30:23 sri /tmp/work/dist/zonos-elements/p-5be6b837.system.entry.js -> /output/dist/zonos-elements/p-5be6b837.system.entry.js.sri
2025/06/19 09:30:23 algorithm: run /usr/bin/brotli --quality=11 --output=/output/dist/zonos-elements/p-5be6b837.system.entry.js.br /tmp/work/dist/zonos-elements/p-5be6b837.system.entry.js
2025/06/19 09:30:23 sri /tmp/work/dist/zonos-elements/p-6c0c8722.system.entry.min.js -> /output/dist/zonos-elements/p-6c0c8722.system.entry.min.js.sri
2025/06/19 09:30:23 algorithm: run /usr/bin/brotli --quality=11 --output=/output/dist/zonos-elements/p-6c0c8722.system.entry.min.js.br /tmp/work/dist/zonos-elements/p-6c0c8722.system.entry.min.js
2025/06/19 09:30:23 br /tmp/work/dist/zonos-elements/p-4caffd96.system.min.js -> /output/dist/zonos-elements/p-4caffd96.system.min.js.br
2025/06/19 09:30:23 gz /tmp/work/dist/zonos-elements/p-4caffd96.system.min.js -> /output/dist/zonos-elements/p-4caffd96.system.min.js.gz
2025/06/19 09:30:23 sri /tmp/work/dist/zonos-elements/p-4caffd96.system.js -> /output/dist/zonos-elements/p-4caffd96.system.js.sri
2025/06/19 09:30:23 algorithm: run /usr/bin/brotli --quality=11 --output=/output/dist/zonos-elements/p-4caffd96.system.js.br /tmp/work/dist/zonos-elements/p-4caffd96.system.js
2025/06/19 09:30:23 br /tmp/work/dist/zonos-elements/p-6c0c8722.system.entry.min.js -> /output/dist/zonos-elements/p-6c0c8722.system.entry.min.js.br
2025/06/19 09:30:23 gz /tmp/work/dist/zonos-elements/p-6c0c8722.system.entry.min.js -> /output/dist/zonos-elements/p-6c0c8722.system.entry.min.js.gz
2025/06/19 09:30:23 sri /tmp/work/dist/zonos-elements/p-6c0c8722.system.entry.js -> /output/dist/zonos-elements/p-6c0c8722.system.entry.js.sri
2025/06/19 09:30:23 algorithm: run /usr/bin/brotli --quality=11 --output=/output/dist/zonos-elements/p-6c0c8722.system.entry.js.br /tmp/work/dist/zonos-elements/p-6c0c8722.system.entry.js
2025/06/19 09:30:23 br /tmp/work/dist/zonos-elements/p-5be6b837.system.entry.js -> /output/dist/zonos-elements/p-5be6b837.system.entry.js.br
2025/06/19 09:30:23 gz /tmp/work/dist/zonos-elements/p-5be6b837.system.entry.js -> /output/dist/zonos-elements/p-5be6b837.system.entry.js.gz
2025/06/19 09:30:23 compress: run /node_modules/uglify-js/bin/uglifyjs (3.15.4) [--mangle --compress if_return=true -o /tmp/work/dist/zonos-elements/p-739014f8.system.entry.min.js /tmp/work/dist/zonos-elements/p-739014f8.system.entry.js]
2025/06/19 09:30:23 br /tmp/work/dist/zonos-elements/p-6c0c8722.system.entry.js -> /output/dist/zonos-elements/p-6c0c8722.system.entry.js.br
2025/06/19 09:30:23 gz /tmp/work/dist/zonos-elements/p-6c0c8722.system.entry.js -> /output/dist/zonos-elements/p-6c0c8722.system.entry.js.gz
2025/06/19 09:30:23 compress: run /node_modules/uglify-js/bin/uglifyjs (3.15.4) [--mangle --compress if_return=true -o /tmp/work/dist/zonos-elements/p-753811b7.system.entry.min.js /tmp/work/dist/zonos-elements/p-753811b7.system.entry.js]
2025/06/19 09:30:23 br /tmp/work/dist/zonos-elements/p-4caffd96.system.js -> /output/dist/zonos-elements/p-4caffd96.system.js.br
2025/06/19 09:30:23 gz /tmp/work/dist/zonos-elements/p-4caffd96.system.js -> /output/dist/zonos-elements/p-4caffd96.system.js.gz
2025/06/19 09:30:23 compress: run /node_modules/uglify-js/bin/uglifyjs (3.15.4) [--mangle --compress if_return=true -o /tmp/work/dist/zonos-elements/p-79e43df6.system.entry.min.js /tmp/work/dist/zonos-elements/p-79e43df6.system.entry.js]
2025/06/19 09:30:23 sri /tmp/work/dist/zonos-elements/p-69f84611.entry.min.js -> /output/dist/zonos-elements/p-69f84611.entry.min.js.sri
2025/06/19 09:30:23 algorithm: run /usr/bin/brotli --quality=11 --output=/output/dist/zonos-elements/p-69f84611.entry.min.js.br /tmp/work/dist/zonos-elements/p-69f84611.entry.min.js
2025/06/19 09:30:23 br /tmp/work/dist/zonos-elements/p-69f84611.entry.min.js -> /output/dist/zonos-elements/p-69f84611.entry.min.js.br
2025/06/19 09:30:23 gz /tmp/work/dist/zonos-elements/p-69f84611.entry.min.js -> /output/dist/zonos-elements/p-69f84611.entry.min.js.gz
2025/06/19 09:30:23 sri /tmp/work/dist/zonos-elements/p-69f84611.entry.js -> /output/dist/zonos-elements/p-69f84611.entry.js.sri
2025/06/19 09:30:23 algorithm: run /usr/bin/brotli --quality=11 --output=/output/dist/zonos-elements/p-69f84611.entry.js.br /tmp/work/dist/zonos-elements/p-69f84611.entry.js
2025/06/19 09:30:23 br /tmp/work/dist/zonos-elements/p-69f84611.entry.js -> /output/dist/zonos-elements/p-69f84611.entry.js.br
2025/06/19 09:30:23 gz /tmp/work/dist/zonos-elements/p-69f84611.entry.js -> /output/dist/zonos-elements/p-69f84611.entry.js.gz
2025/06/19 09:30:23 compress: run /node_modules/uglify-js/bin/uglifyjs (3.15.4) [--mangle --compress if_return=true -o /tmp/work/dist/zonos-elements/p-8048932d.entry.min.js /tmp/work/dist/zonos-elements/p-8048932d.entry.js]
2025/06/19 09:30:24 br /tmp/work/dist/zonos-elements/p-18ec705b.min.js -> /output/dist/zonos-elements/p-18ec705b.min.js.br
2025/06/19 09:30:24 gz /tmp/work/dist/zonos-elements/p-18ec705b.min.js -> /output/dist/zonos-elements/p-18ec705b.min.js.gz
2025/06/19 09:30:24 sri /tmp/work/dist/zonos-elements/p-18ec705b.js -> /output/dist/zonos-elements/p-18ec705b.js.sri
2025/06/19 09:30:24 algorithm: run /usr/bin/brotli --quality=11 --output=/output/dist/zonos-elements/p-18ec705b.js.br /tmp/work/dist/zonos-elements/p-18ec705b.js
2025/06/19 09:30:24 sri /tmp/work/dist/zonos-elements/p-739014f8.system.entry.min.js -> /output/dist/zonos-elements/p-739014f8.system.entry.min.js.sri
2025/06/19 09:30:24 algorithm: run /usr/bin/brotli --quality=11 --output=/output/dist/zonos-elements/p-739014f8.system.entry.min.js.br /tmp/work/dist/zonos-elements/p-739014f8.system.entry.min.js
2025/06/19 09:30:24 br /tmp/work/dist/zonos-elements/p-739014f8.system.entry.min.js -> /output/dist/zonos-elements/p-739014f8.system.entry.min.js.br
2025/06/19 09:30:24 gz /tmp/work/dist/zonos-elements/p-739014f8.system.entry.min.js -> /output/dist/zonos-elements/p-739014f8.system.entry.min.js.gz
2025/06/19 09:30:24 sri /tmp/work/dist/zonos-elements/p-739014f8.system.entry.js -> /output/dist/zonos-elements/p-739014f8.system.entry.js.sri
2025/06/19 09:30:24 algorithm: run /usr/bin/brotli --quality=11 --output=/output/dist/zonos-elements/p-739014f8.system.entry.js.br /tmp/work/dist/zonos-elements/p-739014f8.system.entry.js
2025/06/19 09:30:24 sri /tmp/work/dist/zonos-elements/p-753811b7.system.entry.min.js -> /output/dist/zonos-elements/p-753811b7.system.entry.min.js.sri
2025/06/19 09:30:24 algorithm: run /usr/bin/brotli --quality=11 --output=/output/dist/zonos-elements/p-753811b7.system.entry.min.js.br /tmp/work/dist/zonos-elements/p-753811b7.system.entry.min.js
2025/06/19 09:30:24 br /tmp/work/dist/zonos-elements/p-753811b7.system.entry.min.js -> /output/dist/zonos-elements/p-753811b7.system.entry.min.js.br
2025/06/19 09:30:24 gz /tmp/work/dist/zonos-elements/p-753811b7.system.entry.min.js -> /output/dist/zonos-elements/p-753811b7.system.entry.min.js.gz
2025/06/19 09:30:24 sri /tmp/work/dist/zonos-elements/p-753811b7.system.entry.js -> /output/dist/zonos-elements/p-753811b7.system.entry.js.sri
2025/06/19 09:30:24 algorithm: run /usr/bin/brotli --quality=11 --output=/output/dist/zonos-elements/p-753811b7.system.entry.js.br /tmp/work/dist/zonos-elements/p-753811b7.system.entry.js
2025/06/19 09:30:24 br /tmp/work/dist/zonos-elements/p-739014f8.system.entry.js -> /output/dist/zonos-elements/p-739014f8.system.entry.js.br
2025/06/19 09:30:24 gz /tmp/work/dist/zonos-elements/p-739014f8.system.entry.js -> /output/dist/zonos-elements/p-739014f8.system.entry.js.gz
2025/06/19 09:30:24 compress: run /node_modules/uglify-js/bin/uglifyjs (3.15.4) [--mangle --compress if_return=true -o /tmp/work/dist/zonos-elements/p-81084be5.system.entry.min.js /tmp/work/dist/zonos-elements/p-81084be5.system.entry.js]
2025/06/19 09:30:24 br /tmp/work/dist/zonos-elements/p-753811b7.system.entry.js -> /output/dist/zonos-elements/p-753811b7.system.entry.js.br
2025/06/19 09:30:24 gz /tmp/work/dist/zonos-elements/p-753811b7.system.entry.js -> /output/dist/zonos-elements/p-753811b7.system.entry.js.gz
2025/06/19 09:30:24 compress: run /node_modules/uglify-js/bin/uglifyjs (3.15.4) [--mangle --compress if_return=true -o /tmp/work/dist/zonos-elements/p-829f6a40.entry.min.js /tmp/work/dist/zonos-elements/p-829f6a40.entry.js]
2025/06/19 09:30:24 sri /tmp/work/dist/zonos-elements/p-8048932d.entry.min.js -> /output/dist/zonos-elements/p-8048932d.entry.min.js.sri
2025/06/19 09:30:24 algorithm: run /usr/bin/brotli --quality=11 --output=/output/dist/zonos-elements/p-8048932d.entry.min.js.br /tmp/work/dist/zonos-elements/p-8048932d.entry.min.js
2025/06/19 09:30:24 br /tmp/work/dist/zonos-elements/p-8048932d.entry.min.js -> /output/dist/zonos-elements/p-8048932d.entry.min.js.br
2025/06/19 09:30:24 gz /tmp/work/dist/zonos-elements/p-8048932d.entry.min.js -> /output/dist/zonos-elements/p-8048932d.entry.min.js.gz
2025/06/19 09:30:24 sri /tmp/work/dist/zonos-elements/p-8048932d.entry.js -> /output/dist/zonos-elements/p-8048932d.entry.js.sri
2025/06/19 09:30:24 algorithm: run /usr/bin/brotli --quality=11 --output=/output/dist/zonos-elements/p-8048932d.entry.js.br /tmp/work/dist/zonos-elements/p-8048932d.entry.js
2025/06/19 09:30:24 br /tmp/work/dist/zonos-elements/p-8048932d.entry.js -> /output/dist/zonos-elements/p-8048932d.entry.js.br
2025/06/19 09:30:24 gz /tmp/work/dist/zonos-elements/p-8048932d.entry.js -> /output/dist/zonos-elements/p-8048932d.entry.js.gz
2025/06/19 09:30:24 compress: run /node_modules/uglify-js/bin/uglifyjs (3.15.4) [--mangle --compress if_return=true -o /tmp/work/dist/zonos-elements/p-8ee34712.system.min.js /tmp/work/dist/zonos-elements/p-8ee34712.system.js]
2025/06/19 09:30:25 sri /tmp/work/dist/zonos-elements/p-5957eff5.system.entry.min.js -> /output/dist/zonos-elements/p-5957eff5.system.entry.min.js.sri
2025/06/19 09:30:25 algorithm: run /usr/bin/brotli --quality=11 --output=/output/dist/zonos-elements/p-5957eff5.system.entry.min.js.br /tmp/work/dist/zonos-elements/p-5957eff5.system.entry.min.js
2025/06/19 09:30:25 br /tmp/work/dist/zonos-elements/p-5957eff5.system.entry.min.js -> /output/dist/zonos-elements/p-5957eff5.system.entry.min.js.br
2025/06/19 09:30:25 gz /tmp/work/dist/zonos-elements/p-5957eff5.system.entry.min.js -> /output/dist/zonos-elements/p-5957eff5.system.entry.min.js.gz
2025/06/19 09:30:25 sri /tmp/work/dist/zonos-elements/p-5957eff5.system.entry.js -> /output/dist/zonos-elements/p-5957eff5.system.entry.js.sri
2025/06/19 09:30:25 algorithm: run /usr/bin/brotli --quality=11 --output=/output/dist/zonos-elements/p-5957eff5.system.entry.js.br /tmp/work/dist/zonos-elements/p-5957eff5.system.entry.js
2025/06/19 09:30:25 sri /tmp/work/dist/zonos-elements/p-79e43df6.system.entry.min.js -> /output/dist/zonos-elements/p-79e43df6.system.entry.min.js.sri
2025/06/19 09:30:25 algorithm: run /usr/bin/brotli --quality=11 --output=/output/dist/zonos-elements/p-79e43df6.system.entry.min.js.br /tmp/work/dist/zonos-elements/p-79e43df6.system.entry.min.js
2025/06/19 09:30:25 sri /tmp/work/dist/zonos-elements/p-8ee34712.system.min.js -> /output/dist/zonos-elements/p-8ee34712.system.min.js.sri
2025/06/19 09:30:25 algorithm: run /usr/bin/brotli --quality=11 --output=/output/dist/zonos-elements/p-8ee34712.system.min.js.br /tmp/work/dist/zonos-elements/p-8ee34712.system.min.js
2025/06/19 09:30:25 sri /tmp/work/dist/zonos-elements/p-69255ed2.system.min.js -> /output/dist/zonos-elements/p-69255ed2.system.min.js.sri
2025/06/19 09:30:25 algorithm: run /usr/bin/brotli --quality=11 --output=/output/dist/zonos-elements/p-69255ed2.system.min.js.br /tmp/work/dist/zonos-elements/p-69255ed2.system.min.js
2025/06/19 09:30:25 br /tmp/work/dist/zonos-elements/p-8ee34712.system.min.js -> /output/dist/zonos-elements/p-8ee34712.system.min.js.br
2025/06/19 09:30:25 gz /tmp/work/dist/zonos-elements/p-8ee34712.system.min.js -> /output/dist/zonos-elements/p-8ee34712.system.min.js.gz
2025/06/19 09:30:25 sri /tmp/work/dist/zonos-elements/p-8ee34712.system.js -> /output/dist/zonos-elements/p-8ee34712.system.js.sri
2025/06/19 09:30:25 algorithm: run /usr/bin/brotli --quality=11 --output=/output/dist/zonos-elements/p-8ee34712.system.js.br /tmp/work/dist/zonos-elements/p-8ee34712.system.js
2025/06/19 09:30:25 sri /tmp/work/dist/zonos-elements/p-81084be5.system.entry.min.js -> /output/dist/zonos-elements/p-81084be5.system.entry.min.js.sri
2025/06/19 09:30:25 algorithm: run /usr/bin/brotli --quality=11 --output=/output/dist/zonos-elements/p-81084be5.system.entry.min.js.br /tmp/work/dist/zonos-elements/p-81084be5.system.entry.min.js
2025/06/19 09:30:25 br /tmp/work/dist/zonos-elements/p-8ee34712.system.js -> /output/dist/zonos-elements/p-8ee34712.system.js.br
2025/06/19 09:30:25 gz /tmp/work/dist/zonos-elements/p-8ee34712.system.js -> /output/dist/zonos-elements/p-8ee34712.system.js.gz
2025/06/19 09:30:25 compress: run /node_modules/uglify-js/bin/uglifyjs (3.15.4) [--mangle --compress if_return=true -o /tmp/work/dist/zonos-elements/p-90633d63.entry.min.js /tmp/work/dist/zonos-elements/p-90633d63.entry.js]
2025/06/19 09:30:25 br /tmp/work/dist/zonos-elements/p-81084be5.system.entry.min.js -> /output/dist/zonos-elements/p-81084be5.system.entry.min.js.br
2025/06/19 09:30:25 gz /tmp/work/dist/zonos-elements/p-81084be5.system.entry.min.js -> /output/dist/zonos-elements/p-81084be5.system.entry.min.js.gz
2025/06/19 09:30:25 sri /tmp/work/dist/zonos-elements/p-81084be5.system.entry.js -> /output/dist/zonos-elements/p-81084be5.system.entry.js.sri
2025/06/19 09:30:25 algorithm: run /usr/bin/brotli --quality=11 --output=/output/dist/zonos-elements/p-81084be5.system.entry.js.br /tmp/work/dist/zonos-elements/p-81084be5.system.entry.js
2025/06/19 09:30:25 sri /tmp/work/dist/zonos-elements/p-829f6a40.entry.min.js -> /output/dist/zonos-elements/p-829f6a40.entry.min.js.sri
2025/06/19 09:30:25 algorithm: run /usr/bin/brotli --quality=11 --output=/output/dist/zonos-elements/p-829f6a40.entry.min.js.br /tmp/work/dist/zonos-elements/p-829f6a40.entry.min.js
2025/06/19 09:30:25 br /tmp/work/dist/zonos-elements/p-81084be5.system.entry.js -> /output/dist/zonos-elements/p-81084be5.system.entry.js.br
2025/06/19 09:30:25 gz /tmp/work/dist/zonos-elements/p-81084be5.system.entry.js -> /output/dist/zonos-elements/p-81084be5.system.entry.js.gz
2025/06/19 09:30:25 compress: run /node_modules/uglify-js/bin/uglifyjs (3.15.4) [--mangle --compress if_return=true -o /tmp/work/dist/zonos-elements/p-91bc2187.system.min.js /tmp/work/dist/zonos-elements/p-91bc2187.system.js]
2025/06/19 09:30:25 br /tmp/work/dist/zonos-elements/p-79e43df6.system.entry.min.js -> /output/dist/zonos-elements/p-79e43df6.system.entry.min.js.br
2025/06/19 09:30:25 gz /tmp/work/dist/zonos-elements/p-79e43df6.system.entry.min.js -> /output/dist/zonos-elements/p-79e43df6.system.entry.min.js.gz
2025/06/19 09:30:25 br /tmp/work/dist/zonos-elements/p-69255ed2.system.min.js -> /output/dist/zonos-elements/p-69255ed2.system.min.js.br
2025/06/19 09:30:25 gz /tmp/work/dist/zonos-elements/p-69255ed2.system.min.js -> /output/dist/zonos-elements/p-69255ed2.system.min.js.gz
2025/06/19 09:30:25 sri /tmp/work/dist/zonos-elements/p-69255ed2.system.js -> /output/dist/zonos-elements/p-69255ed2.system.js.sri
2025/06/19 09:30:25 algorithm: run /usr/bin/brotli --quality=11 --output=/output/dist/zonos-elements/p-69255ed2.system.js.br /tmp/work/dist/zonos-elements/p-69255ed2.system.js
2025/06/19 09:30:25 sri /tmp/work/dist/zonos-elements/p-79e43df6.system.entry.js -> /output/dist/zonos-elements/p-79e43df6.system.entry.js.sri
2025/06/19 09:30:25 algorithm: run /usr/bin/brotli --quality=11 --output=/output/dist/zonos-elements/p-79e43df6.system.entry.js.br /tmp/work/dist/zonos-elements/p-79e43df6.system.entry.js
2025/06/19 09:30:25 br /tmp/work/dist/zonos-elements/p-69255ed2.system.js -> /output/dist/zonos-elements/p-69255ed2.system.js.br
2025/06/19 09:30:25 gz /tmp/work/dist/zonos-elements/p-69255ed2.system.js -> /output/dist/zonos-elements/p-69255ed2.system.js.gz
2025/06/19 09:30:25 compress: run /node_modules/uglify-js/bin/uglifyjs (3.15.4) [--mangle --compress if_return=true -o /tmp/work/dist/zonos-elements/p-96d77739.min.js /tmp/work/dist/zonos-elements/p-96d77739.js]
2025/06/19 09:30:25 br /tmp/work/dist/zonos-elements/p-829f6a40.entry.min.js -> /output/dist/zonos-elements/p-829f6a40.entry.min.js.br
2025/06/19 09:30:25 gz /tmp/work/dist/zonos-elements/p-829f6a40.entry.min.js -> /output/dist/zonos-elements/p-829f6a40.entry.min.js.gz
2025/06/19 09:30:25 sri /tmp/work/dist/zonos-elements/p-829f6a40.entry.js -> /output/dist/zonos-elements/p-829f6a40.entry.js.sri
2025/06/19 09:30:25 algorithm: run /usr/bin/brotli --quality=11 --output=/output/dist/zonos-elements/p-829f6a40.entry.js.br /tmp/work/dist/zonos-elements/p-829f6a40.entry.js
2025/06/19 09:30:25 br /tmp/work/dist/zonos-elements/p-829f6a40.entry.js -> /output/dist/zonos-elements/p-829f6a40.entry.js.br
2025/06/19 09:30:25 gz /tmp/work/dist/zonos-elements/p-829f6a40.entry.js -> /output/dist/zonos-elements/p-829f6a40.entry.js.gz
2025/06/19 09:30:25 compress: run /node_modules/uglify-js/bin/uglifyjs (3.15.4) [--mangle --compress if_return=true -o /tmp/work/dist/zonos-elements/p-97aceb11.min.js /tmp/work/dist/zonos-elements/p-97aceb11.js]
2025/06/19 09:30:25 sri /tmp/work/dist/zonos-elements/p-90633d63.entry.min.js -> /output/dist/zonos-elements/p-90633d63.entry.min.js.sri
2025/06/19 09:30:25 algorithm: run /usr/bin/brotli --quality=11 --output=/output/dist/zonos-elements/p-90633d63.entry.min.js.br /tmp/work/dist/zonos-elements/p-90633d63.entry.min.js
2025/06/19 09:30:25 br /tmp/work/dist/zonos-elements/p-90633d63.entry.min.js -> /output/dist/zonos-elements/p-90633d63.entry.min.js.br
2025/06/19 09:30:25 gz /tmp/work/dist/zonos-elements/p-90633d63.entry.min.js -> /output/dist/zonos-elements/p-90633d63.entry.min.js.gz
2025/06/19 09:30:25 sri /tmp/work/dist/zonos-elements/p-90633d63.entry.js -> /output/dist/zonos-elements/p-90633d63.entry.js.sri
2025/06/19 09:30:25 algorithm: run /usr/bin/brotli --quality=11 --output=/output/dist/zonos-elements/p-90633d63.entry.js.br /tmp/work/dist/zonos-elements/p-90633d63.entry.js
2025/06/19 09:30:25 br /tmp/work/dist/zonos-elements/p-79e43df6.system.entry.js -> /output/dist/zonos-elements/p-79e43df6.system.entry.js.br
2025/06/19 09:30:25 gz /tmp/work/dist/zonos-elements/p-79e43df6.system.entry.js -> /output/dist/zonos-elements/p-79e43df6.system.entry.js.gz
2025/06/19 09:30:25 compress: run /node_modules/uglify-js/bin/uglifyjs (3.15.4) [--mangle --compress if_return=true -o /tmp/work/dist/zonos-elements/p-98aa88b1.min.js /tmp/work/dist/zonos-elements/p-98aa88b1.js]
2025/06/19 09:30:25 br /tmp/work/dist/zonos-elements/p-90633d63.entry.js -> /output/dist/zonos-elements/p-90633d63.entry.js.br
2025/06/19 09:30:25 gz /tmp/work/dist/zonos-elements/p-90633d63.entry.js -> /output/dist/zonos-elements/p-90633d63.entry.js.gz
2025/06/19 09:30:25 compress: run /node_modules/uglify-js/bin/uglifyjs (3.15.4) [--mangle --compress if_return=true -o /tmp/work/dist/zonos-elements/p-99f17671.entry.min.js /tmp/work/dist/zonos-elements/p-99f17671.entry.js]
2025/06/19 09:30:25 br /tmp/work/dist/zonos-elements/p-5957eff5.system.entry.js -> /output/dist/zonos-elements/p-5957eff5.system.entry.js.br
2025/06/19 09:30:26 gz /tmp/work/dist/zonos-elements/p-5957eff5.system.entry.js -> /output/dist/zonos-elements/p-5957eff5.system.entry.js.gz
2025/06/19 09:30:26 compress: run /node_modules/uglify-js/bin/uglifyjs (3.15.4) [--mangle --compress if_return=true -o /tmp/work/dist/zonos-elements/p-99f50bf3.system.min.js /tmp/work/dist/zonos-elements/p-99f50bf3.system.js]
2025/06/19 09:30:26 sri /tmp/work/dist/zonos-elements/p-96d77739.min.js -> /output/dist/zonos-elements/p-96d77739.min.js.sri
2025/06/19 09:30:26 algorithm: run /usr/bin/brotli --quality=11 --output=/output/dist/zonos-elements/p-96d77739.min.js.br /tmp/work/dist/zonos-elements/p-96d77739.min.js
2025/06/19 09:30:26 br /tmp/work/dist/zonos-elements/p-96d77739.min.js -> /output/dist/zonos-elements/p-96d77739.min.js.br
2025/06/19 09:30:26 gz /tmp/work/dist/zonos-elements/p-96d77739.min.js -> /output/dist/zonos-elements/p-96d77739.min.js.gz
2025/06/19 09:30:26 sri /tmp/work/dist/zonos-elements/p-96d77739.js -> /output/dist/zonos-elements/p-96d77739.js.sri
2025/06/19 09:30:26 algorithm: run /usr/bin/brotli --quality=11 --output=/output/dist/zonos-elements/p-96d77739.js.br /tmp/work/dist/zonos-elements/p-96d77739.js
2025/06/19 09:30:26 sri /tmp/work/dist/zonos-elements/p-5e1a782a.system.entry.min.js -> /output/dist/zonos-elements/p-5e1a782a.system.entry.min.js.sri
2025/06/19 09:30:26 algorithm: run /usr/bin/brotli --quality=11 --output=/output/dist/zonos-elements/p-5e1a782a.system.entry.min.js.br /tmp/work/dist/zonos-elements/p-5e1a782a.system.entry.min.js
2025/06/19 09:30:26 br /tmp/work/dist/zonos-elements/p-96d77739.js -> /output/dist/zonos-elements/p-96d77739.js.br
2025/06/19 09:30:26 gz /tmp/work/dist/zonos-elements/p-96d77739.js -> /output/dist/zonos-elements/p-96d77739.js.gz
2025/06/19 09:30:26 compress: run /node_modules/uglify-js/bin/uglifyjs (3.15.4) [--mangle --compress if_return=true -o /tmp/work/dist/zonos-elements/p-9d014d94.system.entry.min.js /tmp/work/dist/zonos-elements/p-9d014d94.system.entry.js]
2025/06/19 09:30:26 sri /tmp/work/dist/zonos-elements/p-97aceb11.min.js -> /output/dist/zonos-elements/p-97aceb11.min.js.sri
2025/06/19 09:30:26 algorithm: run /usr/bin/brotli --quality=11 --output=/output/dist/zonos-elements/p-97aceb11.min.js.br /tmp/work/dist/zonos-elements/p-97aceb11.min.js
2025/06/19 09:30:26 br /tmp/work/dist/zonos-elements/p-97aceb11.min.js -> /output/dist/zonos-elements/p-97aceb11.min.js.br
2025/06/19 09:30:26 gz /tmp/work/dist/zonos-elements/p-97aceb11.min.js -> /output/dist/zonos-elements/p-97aceb11.min.js.gz
2025/06/19 09:30:26 sri /tmp/work/dist/zonos-elements/p-97aceb11.js -> /output/dist/zonos-elements/p-97aceb11.js.sri
2025/06/19 09:30:26 algorithm: run /usr/bin/brotli --quality=11 --output=/output/dist/zonos-elements/p-97aceb11.js.br /tmp/work/dist/zonos-elements/p-97aceb11.js
2025/06/19 09:30:26 br /tmp/work/dist/zonos-elements/p-97aceb11.js -> /output/dist/zonos-elements/p-97aceb11.js.br
2025/06/19 09:30:26 gz /tmp/work/dist/zonos-elements/p-97aceb11.js -> /output/dist/zonos-elements/p-97aceb11.js.gz
2025/06/19 09:30:26 compress: run /node_modules/uglify-js/bin/uglifyjs (3.15.4) [--mangle --compress if_return=true -o /tmp/work/dist/zonos-elements/p-a1cfbd0a.min.js /tmp/work/dist/zonos-elements/p-a1cfbd0a.js]
2025/06/19 09:30:26 br /tmp/work/dist/zonos-elements/p-18ec705b.js -> /output/dist/zonos-elements/p-18ec705b.js.br
2025/06/19 09:30:26 gz /tmp/work/dist/zonos-elements/p-18ec705b.js -> /output/dist/zonos-elements/p-18ec705b.js.gz
2025/06/19 09:30:26 compress: run /node_modules/uglify-js/bin/uglifyjs (3.15.4) [--mangle --compress if_return=true -o /tmp/work/dist/zonos-elements/p-a2368c1c.system.entry.min.js /tmp/work/dist/zonos-elements/p-a2368c1c.system.entry.js]
2025/06/19 09:30:26 br /tmp/work/dist/zonos-elements/p-5e1a782a.system.entry.min.js -> /output/dist/zonos-elements/p-5e1a782a.system.entry.min.js.br
2025/06/19 09:30:26 gz /tmp/work/dist/zonos-elements/p-5e1a782a.system.entry.min.js -> /output/dist/zonos-elements/p-5e1a782a.system.entry.min.js.gz
2025/06/19 09:30:26 sri /tmp/work/dist/zonos-elements/p-5e1a782a.system.entry.js -> /output/dist/zonos-elements/p-5e1a782a.system.entry.js.sri
2025/06/19 09:30:26 algorithm: run /usr/bin/brotli --quality=11 --output=/output/dist/zonos-elements/p-5e1a782a.system.entry.js.br /tmp/work/dist/zonos-elements/p-5e1a782a.system.entry.js
2025/06/19 09:30:26 sri /tmp/work/dist/zonos-elements/p-a1cfbd0a.min.js -> /output/dist/zonos-elements/p-a1cfbd0a.min.js.sri
2025/06/19 09:30:26 algorithm: run /usr/bin/brotli --quality=11 --output=/output/dist/zonos-elements/p-a1cfbd0a.min.js.br /tmp/work/dist/zonos-elements/p-a1cfbd0a.min.js
2025/06/19 09:30:26 br /tmp/work/dist/zonos-elements/p-a1cfbd0a.min.js -> /output/dist/zonos-elements/p-a1cfbd0a.min.js.br
2025/06/19 09:30:26 gz /tmp/work/dist/zonos-elements/p-a1cfbd0a.min.js -> /output/dist/zonos-elements/p-a1cfbd0a.min.js.gz
2025/06/19 09:30:26 sri /tmp/work/dist/zonos-elements/p-a1cfbd0a.js -> /output/dist/zonos-elements/p-a1cfbd0a.js.sri
2025/06/19 09:30:26 algorithm: run /usr/bin/brotli --quality=11 --output=/output/dist/zonos-elements/p-a1cfbd0a.js.br /tmp/work/dist/zonos-elements/p-a1cfbd0a.js
2025/06/19 09:30:26 br /tmp/work/dist/zonos-elements/p-a1cfbd0a.js -> /output/dist/zonos-elements/p-a1cfbd0a.js.br
2025/06/19 09:30:26 gz /tmp/work/dist/zonos-elements/p-a1cfbd0a.js -> /output/dist/zonos-elements/p-a1cfbd0a.js.gz
2025/06/19 09:30:26 compress: run /node_modules/uglify-js/bin/uglifyjs (3.15.4) [--mangle --compress if_return=true -o /tmp/work/dist/zonos-elements/p-a43fba41.min.js /tmp/work/dist/zonos-elements/p-a43fba41.js]
2025/06/19 09:30:26 br /tmp/work/dist/zonos-elements/p-5e1a782a.system.entry.js -> /output/dist/zonos-elements/p-5e1a782a.system.entry.js.br
2025/06/19 09:30:26 gz /tmp/work/dist/zonos-elements/p-5e1a782a.system.entry.js -> /output/dist/zonos-elements/p-5e1a782a.system.entry.js.gz
2025/06/19 09:30:26 compress: run /node_modules/uglify-js/bin/uglifyjs (3.15.4) [--mangle --compress if_return=true -o /tmp/work/dist/zonos-elements/p-a87561b8.min.js /tmp/work/dist/zonos-elements/p-a87561b8.js]
2025/06/19 09:30:27 sri /tmp/work/dist/zonos-elements/p-99f17671.entry.min.js -> /output/dist/zonos-elements/p-99f17671.entry.min.js.sri
2025/06/19 09:30:27 algorithm: run /usr/bin/brotli --quality=11 --output=/output/dist/zonos-elements/p-99f17671.entry.min.js.br /tmp/work/dist/zonos-elements/p-99f17671.entry.min.js
2025/06/19 09:30:27 sri /tmp/work/dist/zonos-elements/p-9d014d94.system.entry.min.js -> /output/dist/zonos-elements/p-9d014d94.system.entry.min.js.sri
2025/06/19 09:30:27 algorithm: run /usr/bin/brotli --quality=11 --output=/output/dist/zonos-elements/p-9d014d94.system.entry.min.js.br /tmp/work/dist/zonos-elements/p-9d014d94.system.entry.min.js
2025/06/19 09:30:27 sri /tmp/work/dist/zonos-elements/p-a87561b8.min.js -> /output/dist/zonos-elements/p-a87561b8.min.js.sri
2025/06/19 09:30:27 algorithm: run /usr/bin/brotli --quality=11 --output=/output/dist/zonos-elements/p-a87561b8.min.js.br /tmp/work/dist/zonos-elements/p-a87561b8.min.js
2025/06/19 09:30:27 br /tmp/work/dist/zonos-elements/p-a87561b8.min.js -> /output/dist/zonos-elements/p-a87561b8.min.js.br
2025/06/19 09:30:27 gz /tmp/work/dist/zonos-elements/p-a87561b8.min.js -> /output/dist/zonos-elements/p-a87561b8.min.js.gz
2025/06/19 09:30:27 sri /tmp/work/dist/zonos-elements/p-a87561b8.js -> /output/dist/zonos-elements/p-a87561b8.js.sri
2025/06/19 09:30:27 algorithm: run /usr/bin/brotli --quality=11 --output=/output/dist/zonos-elements/p-a87561b8.js.br /tmp/work/dist/zonos-elements/p-a87561b8.js
2025/06/19 09:30:27 sri /tmp/work/dist/zonos-elements/p-99f50bf3.system.min.js -> /output/dist/zonos-elements/p-99f50bf3.system.min.js.sri
2025/06/19 09:30:27 algorithm: run /usr/bin/brotli --quality=11 --output=/output/dist/zonos-elements/p-99f50bf3.system.min.js.br /tmp/work/dist/zonos-elements/p-99f50bf3.system.min.js
2025/06/19 09:30:27 br /tmp/work/dist/zonos-elements/p-a87561b8.js -> /output/dist/zonos-elements/p-a87561b8.js.br
2025/06/19 09:30:27 gz /tmp/work/dist/zonos-elements/p-a87561b8.js -> /output/dist/zonos-elements/p-a87561b8.js.gz
2025/06/19 09:30:27 compress: run /node_modules/uglify-js/bin/uglifyjs (3.15.4) [--mangle --compress if_return=true -o /tmp/work/dist/zonos-elements/p-ab68ad11.min.js /tmp/work/dist/zonos-elements/p-ab68ad11.js]
2025/06/19 09:30:27 br /tmp/work/dist/zonos-elements/p-99f17671.entry.min.js -> /output/dist/zonos-elements/p-99f17671.entry.min.js.br
2025/06/19 09:30:27 gz /tmp/work/dist/zonos-elements/p-99f17671.entry.min.js -> /output/dist/zonos-elements/p-99f17671.entry.min.js.gz
2025/06/19 09:30:27 sri /tmp/work/dist/zonos-elements/p-99f17671.entry.js -> /output/dist/zonos-elements/p-99f17671.entry.js.sri
2025/06/19 09:30:27 algorithm: run /usr/bin/brotli --quality=11 --output=/output/dist/zonos-elements/p-99f17671.entry.js.br /tmp/work/dist/zonos-elements/p-99f17671.entry.js
2025/06/19 09:30:27 br /tmp/work/dist/zonos-elements/p-99f50bf3.system.min.js -> /output/dist/zonos-elements/p-99f50bf3.system.min.js.br
2025/06/19 09:30:27 gz /tmp/work/dist/zonos-elements/p-99f50bf3.system.min.js -> /output/dist/zonos-elements/p-99f50bf3.system.min.js.gz
2025/06/19 09:30:27 sri /tmp/work/dist/zonos-elements/p-99f50bf3.system.js -> /output/dist/zonos-elements/p-99f50bf3.system.js.sri
2025/06/19 09:30:27 algorithm: run /usr/bin/brotli --quality=11 --output=/output/dist/zonos-elements/p-99f50bf3.system.js.br /tmp/work/dist/zonos-elements/p-99f50bf3.system.js
2025/06/19 09:30:27 br /tmp/work/dist/zonos-elements/p-9d014d94.system.entry.min.js -> /output/dist/zonos-elements/p-9d014d94.system.entry.min.js.br
2025/06/19 09:30:27 gz /tmp/work/dist/zonos-elements/p-9d014d94.system.entry.min.js -> /output/dist/zonos-elements/p-9d014d94.system.entry.min.js.gz
2025/06/19 09:30:27 sri /tmp/work/dist/zonos-elements/p-9d014d94.system.entry.js -> /output/dist/zonos-elements/p-9d014d94.system.entry.js.sri
2025/06/19 09:30:27 algorithm: run /usr/bin/brotli --quality=11 --output=/output/dist/zonos-elements/p-9d014d94.system.entry.js.br /tmp/work/dist/zonos-elements/p-9d014d94.system.entry.js
2025/06/19 09:30:27 br /tmp/work/dist/zonos-elements/p-99f50bf3.system.js -> /output/dist/zonos-elements/p-99f50bf3.system.js.br
2025/06/19 09:30:27 gz /tmp/work/dist/zonos-elements/p-99f50bf3.system.js -> /output/dist/zonos-elements/p-99f50bf3.system.js.gz
2025/06/19 09:30:27 compress: run /node_modules/uglify-js/bin/uglifyjs (3.15.4) [--mangle --compress if_return=true -o /tmp/work/dist/zonos-elements/p-ae393255.min.js /tmp/work/dist/zonos-elements/p-ae393255.js]
2025/06/19 09:30:27 br /tmp/work/dist/zonos-elements/p-99f17671.entry.js -> /output/dist/zonos-elements/p-99f17671.entry.js.br
2025/06/19 09:30:27 gz /tmp/work/dist/zonos-elements/p-99f17671.entry.js -> /output/dist/zonos-elements/p-99f17671.entry.js.gz
2025/06/19 09:30:27 compress: run /node_modules/uglify-js/bin/uglifyjs (3.15.4) [--mangle --compress if_return=true -o /tmp/work/dist/zonos-elements/p-b4b7f705.min.js /tmp/work/dist/zonos-elements/p-b4b7f705.js]
2025/06/19 09:30:27 br /tmp/work/dist/zonos-elements/p-9d014d94.system.entry.js -> /output/dist/zonos-elements/p-9d014d94.system.entry.js.br
2025/06/19 09:30:27 gz /tmp/work/dist/zonos-elements/p-9d014d94.system.entry.js -> /output/dist/zonos-elements/p-9d014d94.system.entry.js.gz
2025/06/19 09:30:27 compress: run /node_modules/uglify-js/bin/uglifyjs (3.15.4) [--mangle --compress if_return=true -o /tmp/work/dist/zonos-elements/p-b5b9aa6c.entry.min.js /tmp/work/dist/zonos-elements/p-b5b9aa6c.entry.js]
2025/06/19 09:30:27 sri /tmp/work/dist/zonos-elements/p-98aa88b1.min.js -> /output/dist/zonos-elements/p-98aa88b1.min.js.sri
2025/06/19 09:30:27 algorithm: run /usr/bin/brotli --quality=11 --output=/output/dist/zonos-elements/p-98aa88b1.min.js.br /tmp/work/dist/zonos-elements/p-98aa88b1.min.js
2025/06/19 09:30:27 sri /tmp/work/dist/zonos-elements/p-a2368c1c.system.entry.min.js -> /output/dist/zonos-elements/p-a2368c1c.system.entry.min.js.sri
2025/06/19 09:30:27 algorithm: run /usr/bin/brotli --quality=11 --output=/output/dist/zonos-elements/p-a2368c1c.system.entry.min.js.br /tmp/work/dist/zonos-elements/p-a2368c1c.system.entry.min.js
2025/06/19 09:30:27 br /tmp/work/dist/zonos-elements/p-98aa88b1.min.js -> /output/dist/zonos-elements/p-98aa88b1.min.js.br
2025/06/19 09:30:27 gz /tmp/work/dist/zonos-elements/p-98aa88b1.min.js -> /output/dist/zonos-elements/p-98aa88b1.min.js.gz
2025/06/19 09:30:27 sri /tmp/work/dist/zonos-elements/p-98aa88b1.js -> /output/dist/zonos-elements/p-98aa88b1.js.sri
2025/06/19 09:30:27 algorithm: run /usr/bin/brotli --quality=11 --output=/output/dist/zonos-elements/p-98aa88b1.js.br /tmp/work/dist/zonos-elements/p-98aa88b1.js
2025/06/19 09:30:27 br /tmp/work/dist/zonos-elements/p-a2368c1c.system.entry.min.js -> /output/dist/zonos-elements/p-a2368c1c.system.entry.min.js.br
2025/06/19 09:30:27 gz /tmp/work/dist/zonos-elements/p-a2368c1c.system.entry.min.js -> /output/dist/zonos-elements/p-a2368c1c.system.entry.min.js.gz
2025/06/19 09:30:27 sri /tmp/work/dist/zonos-elements/p-a2368c1c.system.entry.js -> /output/dist/zonos-elements/p-a2368c1c.system.entry.js.sri
2025/06/19 09:30:27 algorithm: run /usr/bin/brotli --quality=11 --output=/output/dist/zonos-elements/p-a2368c1c.system.entry.js.br /tmp/work/dist/zonos-elements/p-a2368c1c.system.entry.js
2025/06/19 09:30:27 br /tmp/work/dist/zonos-elements/p-98aa88b1.js -> /output/dist/zonos-elements/p-98aa88b1.js.br
2025/06/19 09:30:27 gz /tmp/work/dist/zonos-elements/p-98aa88b1.js -> /output/dist/zonos-elements/p-98aa88b1.js.gz
2025/06/19 09:30:27 compress: run /node_modules/uglify-js/bin/uglifyjs (3.15.4) [--mangle --compress if_return=true -o /tmp/work/dist/zonos-elements/p-bc7bf53e.system.min.js /tmp/work/dist/zonos-elements/p-bc7bf53e.system.js]
2025/06/19 09:30:27 br /tmp/work/dist/zonos-elements/p-a2368c1c.system.entry.js -> /output/dist/zonos-elements/p-a2368c1c.system.entry.js.br
2025/06/19 09:30:27 gz /tmp/work/dist/zonos-elements/p-a2368c1c.system.entry.js -> /output/dist/zonos-elements/p-a2368c1c.system.entry.js.gz
2025/06/19 09:30:27 compress: run /node_modules/uglify-js/bin/uglifyjs (3.15.4) [--mangle --compress if_return=true -o /tmp/work/dist/zonos-elements/p-be9e1818.system.entry.min.js /tmp/work/dist/zonos-elements/p-be9e1818.system.entry.js]
2025/06/19 09:30:27 sri /tmp/work/dist/zonos-elements/p-b4b7f705.min.js -> /output/dist/zonos-elements/p-b4b7f705.min.js.sri
2025/06/19 09:30:27 algorithm: run /usr/bin/brotli --quality=11 --output=/output/dist/zonos-elements/p-b4b7f705.min.js.br /tmp/work/dist/zonos-elements/p-b4b7f705.min.js
2025/06/19 09:30:27 br /tmp/work/dist/zonos-elements/p-b4b7f705.min.js -> /output/dist/zonos-elements/p-b4b7f705.min.js.br
2025/06/19 09:30:27 gz /tmp/work/dist/zonos-elements/p-b4b7f705.min.js -> /output/dist/zonos-elements/p-b4b7f705.min.js.gz
2025/06/19 09:30:27 sri /tmp/work/dist/zonos-elements/p-b4b7f705.js -> /output/dist/zonos-elements/p-b4b7f705.js.sri
2025/06/19 09:30:27 algorithm: run /usr/bin/brotli --quality=11 --output=/output/dist/zonos-elements/p-b4b7f705.js.br /tmp/work/dist/zonos-elements/p-b4b7f705.js
2025/06/19 09:30:28 br /tmp/work/dist/zonos-elements/p-b4b7f705.js -> /output/dist/zonos-elements/p-b4b7f705.js.br
2025/06/19 09:30:28 gz /tmp/work/dist/zonos-elements/p-b4b7f705.js -> /output/dist/zonos-elements/p-b4b7f705.js.gz
2025/06/19 09:30:28 compress: run /node_modules/uglify-js/bin/uglifyjs (3.15.4) [--mangle --compress if_return=true -o /tmp/work/dist/zonos-elements/p-bf37ccc7.system.min.js /tmp/work/dist/zonos-elements/p-bf37ccc7.system.js]
2025/06/19 09:30:28 sri /tmp/work/dist/zonos-elements/p-a43fba41.min.js -> /output/dist/zonos-elements/p-a43fba41.min.js.sri
2025/06/19 09:30:28 algorithm: run /usr/bin/brotli --quality=11 --output=/output/dist/zonos-elements/p-a43fba41.min.js.br /tmp/work/dist/zonos-elements/p-a43fba41.min.js
2025/06/19 09:30:28 sri /tmp/work/dist/zonos-elements/p-ae393255.min.js -> /output/dist/zonos-elements/p-ae393255.min.js.sri
2025/06/19 09:30:28 algorithm: run /usr/bin/brotli --quality=11 --output=/output/dist/zonos-elements/p-ae393255.min.js.br /tmp/work/dist/zonos-elements/p-ae393255.min.js
2025/06/19 09:30:28 br /tmp/work/dist/zonos-elements/p-ae393255.min.js -> /output/dist/zonos-elements/p-ae393255.min.js.br
2025/06/19 09:30:28 gz /tmp/work/dist/zonos-elements/p-ae393255.min.js -> /output/dist/zonos-elements/p-ae393255.min.js.gz
2025/06/19 09:30:28 sri /tmp/work/dist/zonos-elements/p-ae393255.js -> /output/dist/zonos-elements/p-ae393255.js.sri
2025/06/19 09:30:28 algorithm: run /usr/bin/brotli --quality=11 --output=/output/dist/zonos-elements/p-ae393255.js.br /tmp/work/dist/zonos-elements/p-ae393255.js
2025/06/19 09:30:28 br /tmp/work/dist/zonos-elements/p-ae393255.js -> /output/dist/zonos-elements/p-ae393255.js.br
2025/06/19 09:30:28 gz /tmp/work/dist/zonos-elements/p-ae393255.js -> /output/dist/zonos-elements/p-ae393255.js.gz
2025/06/19 09:30:28 compress: run /node_modules/uglify-js/bin/uglifyjs (3.15.4) [--mangle --compress if_return=true -o /tmp/work/dist/zonos-elements/p-c3f2b86c.entry.min.js /tmp/work/dist/zonos-elements/p-c3f2b86c.entry.js]
2025/06/19 09:30:28 br /tmp/work/dist/zonos-elements/p-a43fba41.min.js -> /output/dist/zonos-elements/p-a43fba41.min.js.br
2025/06/19 09:30:28 gz /tmp/work/dist/zonos-elements/p-a43fba41.min.js -> /output/dist/zonos-elements/p-a43fba41.min.js.gz
2025/06/19 09:30:28 sri /tmp/work/dist/zonos-elements/p-a43fba41.js -> /output/dist/zonos-elements/p-a43fba41.js.sri
2025/06/19 09:30:28 algorithm: run /usr/bin/brotli --quality=11 --output=/output/dist/zonos-elements/p-a43fba41.js.br /tmp/work/dist/zonos-elements/p-a43fba41.js
2025/06/19 09:30:28 br /tmp/work/dist/zonos-elements/p-a43fba41.js -> /output/dist/zonos-elements/p-a43fba41.js.br
2025/06/19 09:30:28 gz /tmp/work/dist/zonos-elements/p-a43fba41.js -> /output/dist/zonos-elements/p-a43fba41.js.gz
2025/06/19 09:30:28 compress: run /node_modules/uglify-js/bin/uglifyjs (3.15.4) [--mangle --compress if_return=true -o /tmp/work/dist/zonos-elements/p-c4fa8524.system.entry.min.js /tmp/work/dist/zonos-elements/p-c4fa8524.system.entry.js]
2025/06/19 09:30:28 sri /tmp/work/dist/zonos-elements/p-bc7bf53e.system.min.js -> /output/dist/zonos-elements/p-bc7bf53e.system.min.js.sri
2025/06/19 09:30:28 algorithm: run /usr/bin/brotli --quality=11 --output=/output/dist/zonos-elements/p-bc7bf53e.system.min.js.br /tmp/work/dist/zonos-elements/p-bc7bf53e.system.min.js
2025/06/19 09:30:28 br /tmp/work/dist/zonos-elements/p-bc7bf53e.system.min.js -> /output/dist/zonos-elements/p-bc7bf53e.system.min.js.br
2025/06/19 09:30:28 gz /tmp/work/dist/zonos-elements/p-bc7bf53e.system.min.js -> /output/dist/zonos-elements/p-bc7bf53e.system.min.js.gz
2025/06/19 09:30:28 sri /tmp/work/dist/zonos-elements/p-bc7bf53e.system.js -> /output/dist/zonos-elements/p-bc7bf53e.system.js.sri
2025/06/19 09:30:28 algorithm: run /usr/bin/brotli --quality=11 --output=/output/dist/zonos-elements/p-bc7bf53e.system.js.br /tmp/work/dist/zonos-elements/p-bc7bf53e.system.js
2025/06/19 09:30:28 sri /tmp/work/dist/zonos-elements/p-b5b9aa6c.entry.min.js -> /output/dist/zonos-elements/p-b5b9aa6c.entry.min.js.sri
2025/06/19 09:30:28 algorithm: run /usr/bin/brotli --quality=11 --output=/output/dist/zonos-elements/p-b5b9aa6c.entry.min.js.br /tmp/work/dist/zonos-elements/p-b5b9aa6c.entry.min.js
2025/06/19 09:30:28 br /tmp/work/dist/zonos-elements/p-bc7bf53e.system.js -> /output/dist/zonos-elements/p-bc7bf53e.system.js.br
2025/06/19 09:30:28 gz /tmp/work/dist/zonos-elements/p-bc7bf53e.system.js -> /output/dist/zonos-elements/p-bc7bf53e.system.js.gz
2025/06/19 09:30:28 compress: run /node_modules/uglify-js/bin/uglifyjs (3.15.4) [--mangle --compress if_return=true -o /tmp/work/dist/zonos-elements/p-c5d1217f.system.min.js /tmp/work/dist/zonos-elements/p-c5d1217f.system.js]
2025/06/19 09:30:28 br /tmp/work/dist/zonos-elements/p-b5b9aa6c.entry.min.js -> /output/dist/zonos-elements/p-b5b9aa6c.entry.min.js.br
2025/06/19 09:30:28 gz /tmp/work/dist/zonos-elements/p-b5b9aa6c.entry.min.js -> /output/dist/zonos-elements/p-b5b9aa6c.entry.min.js.gz
2025/06/19 09:30:28 sri /tmp/work/dist/zonos-elements/p-b5b9aa6c.entry.js -> /output/dist/zonos-elements/p-b5b9aa6c.entry.js.sri
2025/06/19 09:30:28 algorithm: run /usr/bin/brotli --quality=11 --output=/output/dist/zonos-elements/p-b5b9aa6c.entry.js.br /tmp/work/dist/zonos-elements/p-b5b9aa6c.entry.js
2025/06/19 09:30:28 br /tmp/work/dist/zonos-elements/p-b5b9aa6c.entry.js -> /output/dist/zonos-elements/p-b5b9aa6c.entry.js.br
2025/06/19 09:30:28 gz /tmp/work/dist/zonos-elements/p-b5b9aa6c.entry.js -> /output/dist/zonos-elements/p-b5b9aa6c.entry.js.gz
2025/06/19 09:30:28 compress: run /node_modules/uglify-js/bin/uglifyjs (3.15.4) [--mangle --compress if_return=true -o /tmp/work/dist/zonos-elements/p-c9e433c0.system.min.js /tmp/work/dist/zonos-elements/p-c9e433c0.system.js]
2025/06/19 09:30:28 sri /tmp/work/dist/zonos-elements/p-c5d1217f.system.min.js -> /output/dist/zonos-elements/p-c5d1217f.system.min.js.sri
2025/06/19 09:30:28 algorithm: run /usr/bin/brotli --quality=11 --output=/output/dist/zonos-elements/p-c5d1217f.system.min.js.br /tmp/work/dist/zonos-elements/p-c5d1217f.system.min.js
2025/06/19 09:30:28 br /tmp/work/dist/zonos-elements/p-c5d1217f.system.min.js -> /output/dist/zonos-elements/p-c5d1217f.system.min.js.br
2025/06/19 09:30:28 gz /tmp/work/dist/zonos-elements/p-c5d1217f.system.min.js -> /output/dist/zonos-elements/p-c5d1217f.system.min.js.gz
2025/06/19 09:30:28 sri /tmp/work/dist/zonos-elements/p-c5d1217f.system.js -> /output/dist/zonos-elements/p-c5d1217f.system.js.sri
2025/06/19 09:30:28 algorithm: run /usr/bin/brotli --quality=11 --output=/output/dist/zonos-elements/p-c5d1217f.system.js.br /tmp/work/dist/zonos-elements/p-c5d1217f.system.js
2025/06/19 09:30:28 br /tmp/work/dist/zonos-elements/p-c5d1217f.system.js -> /output/dist/zonos-elements/p-c5d1217f.system.js.br
2025/06/19 09:30:28 gz /tmp/work/dist/zonos-elements/p-c5d1217f.system.js -> /output/dist/zonos-elements/p-c5d1217f.system.js.gz
2025/06/19 09:30:28 compress: run /node_modules/uglify-js/bin/uglifyjs (3.15.4) [--mangle --compress if_return=true -o /tmp/work/dist/zonos-elements/p-cc6d9f7d.entry.min.js /tmp/work/dist/zonos-elements/p-cc6d9f7d.entry.js]
2025/06/19 09:30:28 sri /tmp/work/dist/zonos-elements/p-c4fa8524.system.entry.min.js -> /output/dist/zonos-elements/p-c4fa8524.system.entry.min.js.sri
2025/06/19 09:30:28 algorithm: run /usr/bin/brotli --quality=11 --output=/output/dist/zonos-elements/p-c4fa8524.system.entry.min.js.br /tmp/work/dist/zonos-elements/p-c4fa8524.system.entry.min.js
2025/06/19 09:30:28 br /tmp/work/dist/zonos-elements/p-c4fa8524.system.entry.min.js -> /output/dist/zonos-elements/p-c4fa8524.system.entry.min.js.br
2025/06/19 09:30:28 gz /tmp/work/dist/zonos-elements/p-c4fa8524.system.entry.min.js -> /output/dist/zonos-elements/p-c4fa8524.system.entry.min.js.gz
2025/06/19 09:30:28 sri /tmp/work/dist/zonos-elements/p-c4fa8524.system.entry.js -> /output/dist/zonos-elements/p-c4fa8524.system.entry.js.sri
2025/06/19 09:30:28 algorithm: run /usr/bin/brotli --quality=11 --output=/output/dist/zonos-elements/p-c4fa8524.system.entry.js.br /tmp/work/dist/zonos-elements/p-c4fa8524.system.entry.js
2025/06/19 09:30:28 br /tmp/work/dist/zonos-elements/p-c4fa8524.system.entry.js -> /output/dist/zonos-elements/p-c4fa8524.system.entry.js.br
2025/06/19 09:30:28 gz /tmp/work/dist/zonos-elements/p-c4fa8524.system.entry.js -> /output/dist/zonos-elements/p-c4fa8524.system.entry.js.gz
2025/06/19 09:30:28 compress: run /node_modules/uglify-js/bin/uglifyjs (3.15.4) [--mangle --compress if_return=true -o /tmp/work/dist/zonos-elements/p-ce853f8f.system.entry.min.js /tmp/work/dist/zonos-elements/p-ce853f8f.system.entry.js]
2025/06/19 09:30:28 sri /tmp/work/dist/zonos-elements/p-bf37ccc7.system.min.js -> /output/dist/zonos-elements/p-bf37ccc7.system.min.js.sri
2025/06/19 09:30:28 algorithm: run /usr/bin/brotli --quality=11 --output=/output/dist/zonos-elements/p-bf37ccc7.system.min.js.br /tmp/work/dist/zonos-elements/p-bf37ccc7.system.min.js
2025/06/19 09:30:28 br /tmp/work/dist/zonos-elements/p-bf37ccc7.system.min.js -> /output/dist/zonos-elements/p-bf37ccc7.system.min.js.br
2025/06/19 09:30:28 gz /tmp/work/dist/zonos-elements/p-bf37ccc7.system.min.js -> /output/dist/zonos-elements/p-bf37ccc7.system.min.js.gz
2025/06/19 09:30:28 sri /tmp/work/dist/zonos-elements/p-bf37ccc7.system.js -> /output/dist/zonos-elements/p-bf37ccc7.system.js.sri
2025/06/19 09:30:28 algorithm: run /usr/bin/brotli --quality=11 --output=/output/dist/zonos-elements/p-bf37ccc7.system.js.br /tmp/work/dist/zonos-elements/p-bf37ccc7.system.js
2025/06/19 09:30:28 br /tmp/work/dist/zonos-elements/p-bf37ccc7.system.js -> /output/dist/zonos-elements/p-bf37ccc7.system.js.br
2025/06/19 09:30:28 gz /tmp/work/dist/zonos-elements/p-bf37ccc7.system.js -> /output/dist/zonos-elements/p-bf37ccc7.system.js.gz
2025/06/19 09:30:28 compress: run /node_modules/uglify-js/bin/uglifyjs (3.15.4) [--mangle --compress if_return=true -o /tmp/work/dist/zonos-elements/p-cedf08f0.entry.min.js /tmp/work/dist/zonos-elements/p-cedf08f0.entry.js]
2025/06/19 09:30:28 sri /tmp/work/dist/zonos-elements/p-be9e1818.system.entry.min.js -> /output/dist/zonos-elements/p-be9e1818.system.entry.min.js.sri
2025/06/19 09:30:28 algorithm: run /usr/bin/brotli --quality=11 --output=/output/dist/zonos-elements/p-be9e1818.system.entry.min.js.br /tmp/work/dist/zonos-elements/p-be9e1818.system.entry.min.js
2025/06/19 09:30:29 br /tmp/work/dist/zonos-elements/p-be9e1818.system.entry.min.js -> /output/dist/zonos-elements/p-be9e1818.system.entry.min.js.br
2025/06/19 09:30:29 gz /tmp/work/dist/zonos-elements/p-be9e1818.system.entry.min.js -> /output/dist/zonos-elements/p-be9e1818.system.entry.min.js.gz
2025/06/19 09:30:29 sri /tmp/work/dist/zonos-elements/p-be9e1818.system.entry.js -> /output/dist/zonos-elements/p-be9e1818.system.entry.js.sri
2025/06/19 09:30:29 algorithm: run /usr/bin/brotli --quality=11 --output=/output/dist/zonos-elements/p-be9e1818.system.entry.js.br /tmp/work/dist/zonos-elements/p-be9e1818.system.entry.js
2025/06/19 09:30:29 br /tmp/work/dist/zonos-elements/p-be9e1818.system.entry.js -> /output/dist/zonos-elements/p-be9e1818.system.entry.js.br
2025/06/19 09:30:29 gz /tmp/work/dist/zonos-elements/p-be9e1818.system.entry.js -> /output/dist/zonos-elements/p-be9e1818.system.entry.js.gz
2025/06/19 09:30:29 compress: run /node_modules/uglify-js/bin/uglifyjs (3.15.4) [--mangle --compress if_return=true -o /tmp/work/dist/zonos-elements/p-d00049db.entry.min.js /tmp/work/dist/zonos-elements/p-d00049db.entry.js]
2025/06/19 09:30:29 sri /tmp/work/dist/zonos-elements/p-c9e433c0.system.min.js -> /output/dist/zonos-elements/p-c9e433c0.system.min.js.sri
2025/06/19 09:30:29 algorithm: run /usr/bin/brotli --quality=11 --output=/output/dist/zonos-elements/p-c9e433c0.system.min.js.br /tmp/work/dist/zonos-elements/p-c9e433c0.system.min.js
2025/06/19 09:30:29 br /tmp/work/dist/zonos-elements/p-c9e433c0.system.min.js -> /output/dist/zonos-elements/p-c9e433c0.system.min.js.br
2025/06/19 09:30:29 gz /tmp/work/dist/zonos-elements/p-c9e433c0.system.min.js -> /output/dist/zonos-elements/p-c9e433c0.system.min.js.gz
2025/06/19 09:30:29 sri /tmp/work/dist/zonos-elements/p-c9e433c0.system.js -> /output/dist/zonos-elements/p-c9e433c0.system.js.sri
2025/06/19 09:30:29 algorithm: run /usr/bin/brotli --quality=11 --output=/output/dist/zonos-elements/p-c9e433c0.system.js.br /tmp/work/dist/zonos-elements/p-c9e433c0.system.js
2025/06/19 09:30:29 br /tmp/work/dist/zonos-elements/p-c9e433c0.system.js -> /output/dist/zonos-elements/p-c9e433c0.system.js.br
2025/06/19 09:30:29 gz /tmp/work/dist/zonos-elements/p-c9e433c0.system.js -> /output/dist/zonos-elements/p-c9e433c0.system.js.gz
2025/06/19 09:30:29 compress: run /node_modules/uglify-js/bin/uglifyjs (3.15.4) [--mangle --compress if_return=true -o /tmp/work/dist/zonos-elements/p-d0944cc8.system.entry.min.js /tmp/work/dist/zonos-elements/p-d0944cc8.system.entry.js]
2025/06/19 09:30:29 sri /tmp/work/dist/zonos-elements/p-cc6d9f7d.entry.min.js -> /output/dist/zonos-elements/p-cc6d9f7d.entry.min.js.sri
2025/06/19 09:30:29 algorithm: run /usr/bin/brotli --quality=11 --output=/output/dist/zonos-elements/p-cc6d9f7d.entry.min.js.br /tmp/work/dist/zonos-elements/p-cc6d9f7d.entry.min.js
2025/06/19 09:30:29 br /tmp/work/dist/zonos-elements/p-cc6d9f7d.entry.min.js -> /output/dist/zonos-elements/p-cc6d9f7d.entry.min.js.br
2025/06/19 09:30:29 gz /tmp/work/dist/zonos-elements/p-cc6d9f7d.entry.min.js -> /output/dist/zonos-elements/p-cc6d9f7d.entry.min.js.gz
2025/06/19 09:30:29 sri /tmp/work/dist/zonos-elements/p-cc6d9f7d.entry.js -> /output/dist/zonos-elements/p-cc6d9f7d.entry.js.sri
2025/06/19 09:30:29 algorithm: run /usr/bin/brotli --quality=11 --output=/output/dist/zonos-elements/p-cc6d9f7d.entry.js.br /tmp/work/dist/zonos-elements/p-cc6d9f7d.entry.js
2025/06/19 09:30:29 br /tmp/work/dist/zonos-elements/p-cc6d9f7d.entry.js -> /output/dist/zonos-elements/p-cc6d9f7d.entry.js.br
2025/06/19 09:30:29 gz /tmp/work/dist/zonos-elements/p-cc6d9f7d.entry.js -> /output/dist/zonos-elements/p-cc6d9f7d.entry.js.gz
2025/06/19 09:30:29 compress: run /node_modules/uglify-js/bin/uglifyjs (3.15.4) [--mangle --compress if_return=true -o /tmp/work/dist/zonos-elements/p-d49c6a3e.system.entry.min.js /tmp/work/dist/zonos-elements/p-d49c6a3e.system.entry.js]
2025/06/19 09:30:29 sri /tmp/work/dist/zonos-elements/p-cedf08f0.entry.min.js -> /output/dist/zonos-elements/p-cedf08f0.entry.min.js.sri
2025/06/19 09:30:29 algorithm: run /usr/bin/brotli --quality=11 --output=/output/dist/zonos-elements/p-cedf08f0.entry.min.js.br /tmp/work/dist/zonos-elements/p-cedf08f0.entry.min.js
2025/06/19 09:30:29 br /tmp/work/dist/zonos-elements/p-cedf08f0.entry.min.js -> /output/dist/zonos-elements/p-cedf08f0.entry.min.js.br
2025/06/19 09:30:29 gz /tmp/work/dist/zonos-elements/p-cedf08f0.entry.min.js -> /output/dist/zonos-elements/p-cedf08f0.entry.min.js.gz
2025/06/19 09:30:29 sri /tmp/work/dist/zonos-elements/p-cedf08f0.entry.js -> /output/dist/zonos-elements/p-cedf08f0.entry.js.sri
2025/06/19 09:30:29 algorithm: run /usr/bin/brotli --quality=11 --output=/output/dist/zonos-elements/p-cedf08f0.entry.js.br /tmp/work/dist/zonos-elements/p-cedf08f0.entry.js
2025/06/19 09:30:29 br /tmp/work/dist/zonos-elements/p-cedf08f0.entry.js -> /output/dist/zonos-elements/p-cedf08f0.entry.js.br
2025/06/19 09:30:29 gz /tmp/work/dist/zonos-elements/p-cedf08f0.entry.js -> /output/dist/zonos-elements/p-cedf08f0.entry.js.gz
2025/06/19 09:30:29 compress: run /node_modules/uglify-js/bin/uglifyjs (3.15.4) [--mangle --compress if_return=true -o /tmp/work/dist/zonos-elements/p-db3f381d.entry.min.js /tmp/work/dist/zonos-elements/p-db3f381d.entry.js]
2025/06/19 09:30:29 sri /tmp/work/dist/zonos-elements/p-ce853f8f.system.entry.min.js -> /output/dist/zonos-elements/p-ce853f8f.system.entry.min.js.sri
2025/06/19 09:30:29 algorithm: run /usr/bin/brotli --quality=11 --output=/output/dist/zonos-elements/p-ce853f8f.system.entry.min.js.br /tmp/work/dist/zonos-elements/p-ce853f8f.system.entry.min.js
2025/06/19 09:30:29 br /tmp/work/dist/zonos-elements/p-ce853f8f.system.entry.min.js -> /output/dist/zonos-elements/p-ce853f8f.system.entry.min.js.br
2025/06/19 09:30:29 gz /tmp/work/dist/zonos-elements/p-ce853f8f.system.entry.min.js -> /output/dist/zonos-elements/p-ce853f8f.system.entry.min.js.gz
2025/06/19 09:30:29 sri /tmp/work/dist/zonos-elements/p-ce853f8f.system.entry.js -> /output/dist/zonos-elements/p-ce853f8f.system.entry.js.sri
2025/06/19 09:30:29 algorithm: run /usr/bin/brotli --quality=11 --output=/output/dist/zonos-elements/p-ce853f8f.system.entry.js.br /tmp/work/dist/zonos-elements/p-ce853f8f.system.entry.js
2025/06/19 09:30:30 sri /tmp/work/dist/zonos-elements/p-ab68ad11.min.js -> /output/dist/zonos-elements/p-ab68ad11.min.js.sri
2025/06/19 09:30:30 algorithm: run /usr/bin/brotli --quality=11 --output=/output/dist/zonos-elements/p-ab68ad11.min.js.br /tmp/work/dist/zonos-elements/p-ab68ad11.min.js
2025/06/19 09:30:30 br /tmp/work/dist/zonos-elements/p-ce853f8f.system.entry.js -> /output/dist/zonos-elements/p-ce853f8f.system.entry.js.br
2025/06/19 09:30:30 gz /tmp/work/dist/zonos-elements/p-ce853f8f.system.entry.js -> /output/dist/zonos-elements/p-ce853f8f.system.entry.js.gz
2025/06/19 09:30:30 compress: run /node_modules/uglify-js/bin/uglifyjs (3.15.4) [--mangle --compress if_return=true -o /tmp/work/dist/zonos-elements/p-de221545.entry.min.js /tmp/work/dist/zonos-elements/p-de221545.entry.js]
2025/06/19 09:30:30 sri /tmp/work/dist/zonos-elements/p-d49c6a3e.system.entry.min.js -> /output/dist/zonos-elements/p-d49c6a3e.system.entry.min.js.sri
2025/06/19 09:30:30 algorithm: run /usr/bin/brotli --quality=11 --output=/output/dist/zonos-elements/p-d49c6a3e.system.entry.min.js.br /tmp/work/dist/zonos-elements/p-d49c6a3e.system.entry.min.js
2025/06/19 09:30:30 br /tmp/work/dist/zonos-elements/p-ab68ad11.min.js -> /output/dist/zonos-elements/p-ab68ad11.min.js.br
2025/06/19 09:30:30 gz /tmp/work/dist/zonos-elements/p-ab68ad11.min.js -> /output/dist/zonos-elements/p-ab68ad11.min.js.gz
2025/06/19 09:30:30 sri /tmp/work/dist/zonos-elements/p-ab68ad11.js -> /output/dist/zonos-elements/p-ab68ad11.js.sri
2025/06/19 09:30:30 algorithm: run /usr/bin/brotli --quality=11 --output=/output/dist/zonos-elements/p-ab68ad11.js.br /tmp/work/dist/zonos-elements/p-ab68ad11.js
2025/06/19 09:30:30 br /tmp/work/dist/zonos-elements/p-d49c6a3e.system.entry.min.js -> /output/dist/zonos-elements/p-d49c6a3e.system.entry.min.js.br
2025/06/19 09:30:30 gz /tmp/work/dist/zonos-elements/p-d49c6a3e.system.entry.min.js -> /output/dist/zonos-elements/p-d49c6a3e.system.entry.min.js.gz
2025/06/19 09:30:30 sri /tmp/work/dist/zonos-elements/p-d49c6a3e.system.entry.js -> /output/dist/zonos-elements/p-d49c6a3e.system.entry.js.sri
2025/06/19 09:30:30 algorithm: run /usr/bin/brotli --quality=11 --output=/output/dist/zonos-elements/p-d49c6a3e.system.entry.js.br /tmp/work/dist/zonos-elements/p-d49c6a3e.system.entry.js
2025/06/19 09:30:30 br /tmp/work/dist/zonos-elements/p-d49c6a3e.system.entry.js -> /output/dist/zonos-elements/p-d49c6a3e.system.entry.js.br
2025/06/19 09:30:30 gz /tmp/work/dist/zonos-elements/p-d49c6a3e.system.entry.js -> /output/dist/zonos-elements/p-d49c6a3e.system.entry.js.gz
2025/06/19 09:30:30 compress: run /node_modules/uglify-js/bin/uglifyjs (3.15.4) [--mangle --compress if_return=true -o /tmp/work/dist/zonos-elements/p-e1255160.min.js /tmp/work/dist/zonos-elements/p-e1255160.js]
2025/06/19 09:30:30 sri /tmp/work/dist/zonos-elements/p-db3f381d.entry.min.js -> /output/dist/zonos-elements/p-db3f381d.entry.min.js.sri
2025/06/19 09:30:30 algorithm: run /usr/bin/brotli --quality=11 --output=/output/dist/zonos-elements/p-db3f381d.entry.min.js.br /tmp/work/dist/zonos-elements/p-db3f381d.entry.min.js
2025/06/19 09:30:30 br /tmp/work/dist/zonos-elements/p-db3f381d.entry.min.js -> /output/dist/zonos-elements/p-db3f381d.entry.min.js.br
2025/06/19 09:30:30 gz /tmp/work/dist/zonos-elements/p-db3f381d.entry.min.js -> /output/dist/zonos-elements/p-db3f381d.entry.min.js.gz
2025/06/19 09:30:30 sri /tmp/work/dist/zonos-elements/p-db3f381d.entry.js -> /output/dist/zonos-elements/p-db3f381d.entry.js.sri
2025/06/19 09:30:30 algorithm: run /usr/bin/brotli --quality=11 --output=/output/dist/zonos-elements/p-db3f381d.entry.js.br /tmp/work/dist/zonos-elements/p-db3f381d.entry.js
2025/06/19 09:30:30 br /tmp/work/dist/zonos-elements/p-db3f381d.entry.js -> /output/dist/zonos-elements/p-db3f381d.entry.js.br
2025/06/19 09:30:30 gz /tmp/work/dist/zonos-elements/p-db3f381d.entry.js -> /output/dist/zonos-elements/p-db3f381d.entry.js.gz
2025/06/19 09:30:30 compress: run /node_modules/uglify-js/bin/uglifyjs (3.15.4) [--mangle --compress if_return=true -o /tmp/work/dist/zonos-elements/p-e42e0cdb.entry.min.js /tmp/work/dist/zonos-elements/p-e42e0cdb.entry.js]
2025/06/19 09:30:30 br /tmp/work/dist/zonos-elements/p-ab68ad11.js -> /output/dist/zonos-elements/p-ab68ad11.js.br
2025/06/19 09:30:30 gz /tmp/work/dist/zonos-elements/p-ab68ad11.js -> /output/dist/zonos-elements/p-ab68ad11.js.gz
2025/06/19 09:30:30 compress: run /node_modules/uglify-js/bin/uglifyjs (3.15.4) [--mangle --compress if_return=true -o /tmp/work/dist/zonos-elements/p-e4f8114a.system.min.js /tmp/work/dist/zonos-elements/p-e4f8114a.system.js]
2025/06/19 09:30:30 sri /tmp/work/dist/zonos-elements/p-e1255160.min.js -> /output/dist/zonos-elements/p-e1255160.min.js.sri
2025/06/19 09:30:30 algorithm: run /usr/bin/brotli --quality=11 --output=/output/dist/zonos-elements/p-e1255160.min.js.br /tmp/work/dist/zonos-elements/p-e1255160.min.js
2025/06/19 09:30:30 sri /tmp/work/dist/zonos-elements/p-d0944cc8.system.entry.min.js -> /output/dist/zonos-elements/p-d0944cc8.system.entry.min.js.sri
2025/06/19 09:30:30 algorithm: run /usr/bin/brotli --quality=11 --output=/output/dist/zonos-elements/p-d0944cc8.system.entry.min.js.br /tmp/work/dist/zonos-elements/p-d0944cc8.system.entry.min.js
2025/06/19 09:30:30 br /tmp/work/dist/zonos-elements/p-d0944cc8.system.entry.min.js -> /output/dist/zonos-elements/p-d0944cc8.system.entry.min.js.br
2025/06/19 09:30:30 gz /tmp/work/dist/zonos-elements/p-d0944cc8.system.entry.min.js -> /output/dist/zonos-elements/p-d0944cc8.system.entry.min.js.gz
2025/06/19 09:30:30 sri /tmp/work/dist/zonos-elements/p-d0944cc8.system.entry.js -> /output/dist/zonos-elements/p-d0944cc8.system.entry.js.sri
2025/06/19 09:30:30 algorithm: run /usr/bin/brotli --quality=11 --output=/output/dist/zonos-elements/p-d0944cc8.system.entry.js.br /tmp/work/dist/zonos-elements/p-d0944cc8.system.entry.js
2025/06/19 09:30:30 br /tmp/work/dist/zonos-elements/p-e1255160.min.js -> /output/dist/zonos-elements/p-e1255160.min.js.br
2025/06/19 09:30:30 gz /tmp/work/dist/zonos-elements/p-e1255160.min.js -> /output/dist/zonos-elements/p-e1255160.min.js.gz
2025/06/19 09:30:30 sri /tmp/work/dist/zonos-elements/p-e1255160.js -> /output/dist/zonos-elements/p-e1255160.js.sri
2025/06/19 09:30:30 algorithm: run /usr/bin/brotli --quality=11 --output=/output/dist/zonos-elements/p-e1255160.js.br /tmp/work/dist/zonos-elements/p-e1255160.js
2025/06/19 09:30:30 br /tmp/work/dist/zonos-elements/p-e1255160.js -> /output/dist/zonos-elements/p-e1255160.js.br
2025/06/19 09:30:30 br /tmp/work/dist/zonos-elements/p-d0944cc8.system.entry.js -> /output/dist/zonos-elements/p-d0944cc8.system.entry.js.br
2025/06/19 09:30:30 gz /tmp/work/dist/zonos-elements/p-e1255160.js -> /output/dist/zonos-elements/p-e1255160.js.gz
2025/06/19 09:30:30 compress: run /node_modules/uglify-js/bin/uglifyjs (3.15.4) [--mangle --compress if_return=true -o /tmp/work/dist/zonos-elements/p-e8c70c7d.system.entry.min.js /tmp/work/dist/zonos-elements/p-e8c70c7d.system.entry.js]
2025/06/19 09:30:30 gz /tmp/work/dist/zonos-elements/p-d0944cc8.system.entry.js -> /output/dist/zonos-elements/p-d0944cc8.system.entry.js.gz
2025/06/19 09:30:30 compress: run /node_modules/uglify-js/bin/uglifyjs (3.15.4) [--mangle --compress if_return=true -o /tmp/work/dist/zonos-elements/p-e99e75dd.system.entry.min.js /tmp/work/dist/zonos-elements/p-e99e75dd.system.entry.js]
2025/06/19 09:30:30 sri /tmp/work/dist/zonos-elements/p-de221545.entry.min.js -> /output/dist/zonos-elements/p-de221545.entry.min.js.sri
2025/06/19 09:30:30 algorithm: run /usr/bin/brotli --quality=11 --output=/output/dist/zonos-elements/p-de221545.entry.min.js.br /tmp/work/dist/zonos-elements/p-de221545.entry.min.js
2025/06/19 09:30:30 br /tmp/work/dist/zonos-elements/p-de221545.entry.min.js -> /output/dist/zonos-elements/p-de221545.entry.min.js.br
2025/06/19 09:30:30 gz /tmp/work/dist/zonos-elements/p-de221545.entry.min.js -> /output/dist/zonos-elements/p-de221545.entry.min.js.gz
2025/06/19 09:30:30 sri /tmp/work/dist/zonos-elements/p-de221545.entry.js -> /output/dist/zonos-elements/p-de221545.entry.js.sri
2025/06/19 09:30:30 algorithm: run /usr/bin/brotli --quality=11 --output=/output/dist/zonos-elements/p-de221545.entry.js.br /tmp/work/dist/zonos-elements/p-de221545.entry.js
2025/06/19 09:30:30 br /tmp/work/dist/zonos-elements/p-de221545.entry.js -> /output/dist/zonos-elements/p-de221545.entry.js.br
2025/06/19 09:30:30 gz /tmp/work/dist/zonos-elements/p-de221545.entry.js -> /output/dist/zonos-elements/p-de221545.entry.js.gz
2025/06/19 09:30:30 compress: run /node_modules/uglify-js/bin/uglifyjs (3.15.4) [--mangle --compress if_return=true -o /tmp/work/dist/zonos-elements/p-eb294265.entry.min.js /tmp/work/dist/zonos-elements/p-eb294265.entry.js]
2025/06/19 09:30:30 sri /tmp/work/dist/zonos-elements/p-e4f8114a.system.min.js -> /output/dist/zonos-elements/p-e4f8114a.system.min.js.sri
2025/06/19 09:30:30 algorithm: run /usr/bin/brotli --quality=11 --output=/output/dist/zonos-elements/p-e4f8114a.system.min.js.br /tmp/work/dist/zonos-elements/p-e4f8114a.system.min.js
2025/06/19 09:30:30 br /tmp/work/dist/zonos-elements/p-e4f8114a.system.min.js -> /output/dist/zonos-elements/p-e4f8114a.system.min.js.br
2025/06/19 09:30:30 gz /tmp/work/dist/zonos-elements/p-e4f8114a.system.min.js -> /output/dist/zonos-elements/p-e4f8114a.system.min.js.gz
2025/06/19 09:30:30 sri /tmp/work/dist/zonos-elements/p-e4f8114a.system.js -> /output/dist/zonos-elements/p-e4f8114a.system.js.sri
2025/06/19 09:30:30 algorithm: run /usr/bin/brotli --quality=11 --output=/output/dist/zonos-elements/p-e4f8114a.system.js.br /tmp/work/dist/zonos-elements/p-e4f8114a.system.js
2025/06/19 09:30:30 br /tmp/work/dist/zonos-elements/p-e4f8114a.system.js -> /output/dist/zonos-elements/p-e4f8114a.system.js.br
2025/06/19 09:30:30 gz /tmp/work/dist/zonos-elements/p-e4f8114a.system.js -> /output/dist/zonos-elements/p-e4f8114a.system.js.gz
2025/06/19 09:30:30 compress: run /node_modules/uglify-js/bin/uglifyjs (3.15.4) [--mangle --compress if_return=true -o /tmp/work/dist/zonos-elements/p-f378b4d3.system.entry.min.js /tmp/work/dist/zonos-elements/p-f378b4d3.system.entry.js]
2025/06/19 09:30:31 sri /tmp/work/dist/zonos-elements/p-e8c70c7d.system.entry.min.js -> /output/dist/zonos-elements/p-e8c70c7d.system.entry.min.js.sri
2025/06/19 09:30:31 algorithm: run /usr/bin/brotli --quality=11 --output=/output/dist/zonos-elements/p-e8c70c7d.system.entry.min.js.br /tmp/work/dist/zonos-elements/p-e8c70c7d.system.entry.min.js
2025/06/19 09:30:31 br /tmp/work/dist/zonos-elements/p-e8c70c7d.system.entry.min.js -> /output/dist/zonos-elements/p-e8c70c7d.system.entry.min.js.br
2025/06/19 09:30:31 gz /tmp/work/dist/zonos-elements/p-e8c70c7d.system.entry.min.js -> /output/dist/zonos-elements/p-e8c70c7d.system.entry.min.js.gz
2025/06/19 09:30:31 sri /tmp/work/dist/zonos-elements/p-e8c70c7d.system.entry.js -> /output/dist/zonos-elements/p-e8c70c7d.system.entry.js.sri
2025/06/19 09:30:31 algorithm: run /usr/bin/brotli --quality=11 --output=/output/dist/zonos-elements/p-e8c70c7d.system.entry.js.br /tmp/work/dist/zonos-elements/p-e8c70c7d.system.entry.js
2025/06/19 09:30:31 br /tmp/work/dist/zonos-elements/p-e8c70c7d.system.entry.js -> /output/dist/zonos-elements/p-e8c70c7d.system.entry.js.br
2025/06/19 09:30:31 gz /tmp/work/dist/zonos-elements/p-e8c70c7d.system.entry.js -> /output/dist/zonos-elements/p-e8c70c7d.system.entry.js.gz
2025/06/19 09:30:31 compress: run /node_modules/uglify-js/bin/uglifyjs (3.15.4) [--mangle --compress if_return=true -o /tmp/work/dist/zonos-elements/p-fe253cc1.min.js /tmp/work/dist/zonos-elements/p-fe253cc1.js]
2025/06/19 09:30:31 sri /tmp/work/dist/zonos-elements/p-eb294265.entry.min.js -> /output/dist/zonos-elements/p-eb294265.entry.min.js.sri
2025/06/19 09:30:31 algorithm: run /usr/bin/brotli --quality=11 --output=/output/dist/zonos-elements/p-eb294265.entry.min.js.br /tmp/work/dist/zonos-elements/p-eb294265.entry.min.js
2025/06/19 09:30:31 sri /tmp/work/dist/zonos-elements/p-e42e0cdb.entry.min.js -> /output/dist/zonos-elements/p-e42e0cdb.entry.min.js.sri
2025/06/19 09:30:31 algorithm: run /usr/bin/brotli --quality=11 --output=/output/dist/zonos-elements/p-e42e0cdb.entry.min.js.br /tmp/work/dist/zonos-elements/p-e42e0cdb.entry.min.js
2025/06/19 09:30:31 sri /tmp/work/dist/zonos-elements/p-f378b4d3.system.entry.min.js -> /output/dist/zonos-elements/p-f378b4d3.system.entry.min.js.sri
2025/06/19 09:30:31 algorithm: run /usr/bin/brotli --quality=11 --output=/output/dist/zonos-elements/p-f378b4d3.system.entry.min.js.br /tmp/work/dist/zonos-elements/p-f378b4d3.system.entry.min.js
2025/06/19 09:30:31 sri /tmp/work/dist/zonos-elements/p-e99e75dd.system.entry.min.js -> /output/dist/zonos-elements/p-e99e75dd.system.entry.min.js.sri
2025/06/19 09:30:31 algorithm: run /usr/bin/brotli --quality=11 --output=/output/dist/zonos-elements/p-e99e75dd.system.entry.min.js.br /tmp/work/dist/zonos-elements/p-e99e75dd.system.entry.min.js
2025/06/19 09:30:31 br /tmp/work/dist/zonos-elements/p-f378b4d3.system.entry.min.js -> /output/dist/zonos-elements/p-f378b4d3.system.entry.min.js.br
2025/06/19 09:30:31 gz /tmp/work/dist/zonos-elements/p-f378b4d3.system.entry.min.js -> /output/dist/zonos-elements/p-f378b4d3.system.entry.min.js.gz
2025/06/19 09:30:31 sri /tmp/work/dist/zonos-elements/p-f378b4d3.system.entry.js -> /output/dist/zonos-elements/p-f378b4d3.system.entry.js.sri
2025/06/19 09:30:31 algorithm: run /usr/bin/brotli --quality=11 --output=/output/dist/zonos-elements/p-f378b4d3.system.entry.js.br /tmp/work/dist/zonos-elements/p-f378b4d3.system.entry.js
2025/06/19 09:30:31 br /tmp/work/dist/zonos-elements/p-eb294265.entry.min.js -> /output/dist/zonos-elements/p-eb294265.entry.min.js.br
2025/06/19 09:30:31 gz /tmp/work/dist/zonos-elements/p-eb294265.entry.min.js -> /output/dist/zonos-elements/p-eb294265.entry.min.js.gz
2025/06/19 09:30:31 sri /tmp/work/dist/zonos-elements/p-eb294265.entry.js -> /output/dist/zonos-elements/p-eb294265.entry.js.sri
2025/06/19 09:30:31 algorithm: run /usr/bin/brotli --quality=11 --output=/output/dist/zonos-elements/p-eb294265.entry.js.br /tmp/work/dist/zonos-elements/p-eb294265.entry.js
2025/06/19 09:30:31 br /tmp/work/dist/zonos-elements/p-f378b4d3.system.entry.js -> /output/dist/zonos-elements/p-f378b4d3.system.entry.js.br
2025/06/19 09:30:31 gz /tmp/work/dist/zonos-elements/p-f378b4d3.system.entry.js -> /output/dist/zonos-elements/p-f378b4d3.system.entry.js.gz
2025/06/19 09:30:31 compress: run /node_modules/uglify-js/bin/uglifyjs (3.15.4) [--mangle --compress if_return=true -o /tmp/work/dist/zonos-elements/p-fe2c27c4.entry.min.js /tmp/work/dist/zonos-elements/p-fe2c27c4.entry.js]
2025/06/19 09:30:32 br /tmp/work/dist/zonos-elements/p-eb294265.entry.js -> /output/dist/zonos-elements/p-eb294265.entry.js.br
2025/06/19 09:30:32 sri /tmp/work/dist/zonos-elements/p-d00049db.entry.min.js -> /output/dist/zonos-elements/p-d00049db.entry.min.js.sri
2025/06/19 09:30:32 algorithm: run /usr/bin/brotli --quality=11 --output=/output/dist/zonos-elements/p-d00049db.entry.min.js.br /tmp/work/dist/zonos-elements/p-d00049db.entry.min.js
2025/06/19 09:30:32 gz /tmp/work/dist/zonos-elements/p-eb294265.entry.js -> /output/dist/zonos-elements/p-eb294265.entry.js.gz
2025/06/19 09:30:32 compress: run /node_modules/uglify-js/bin/uglifyjs (3.15.4) [--mangle --compress if_return=true -o /tmp/work/dist/zonos-elements/p-febb90e0.entry.min.js /tmp/work/dist/zonos-elements/p-febb90e0.entry.js]
2025/06/19 09:30:32 br /tmp/work/dist/zonos-elements/p-e99e75dd.system.entry.min.js -> /output/dist/zonos-elements/p-e99e75dd.system.entry.min.js.br
2025/06/19 09:30:32 gz /tmp/work/dist/zonos-elements/p-e99e75dd.system.entry.min.js -> /output/dist/zonos-elements/p-e99e75dd.system.entry.min.js.gz
2025/06/19 09:30:32 sri /tmp/work/dist/zonos-elements/p-e99e75dd.system.entry.js -> /output/dist/zonos-elements/p-e99e75dd.system.entry.js.sri
2025/06/19 09:30:32 algorithm: run /usr/bin/brotli --quality=11 --output=/output/dist/zonos-elements/p-e99e75dd.system.entry.js.br /tmp/work/dist/zonos-elements/p-e99e75dd.system.entry.js
2025/06/19 09:30:32 br /tmp/work/dist/zonos-elements/p-e42e0cdb.entry.min.js -> /output/dist/zonos-elements/p-e42e0cdb.entry.min.js.br
2025/06/19 09:30:32 gz /tmp/work/dist/zonos-elements/p-e42e0cdb.entry.min.js -> /output/dist/zonos-elements/p-e42e0cdb.entry.min.js.gz
2025/06/19 09:30:32 sri /tmp/work/dist/zonos-elements/p-e42e0cdb.entry.js -> /output/dist/zonos-elements/p-e42e0cdb.entry.js.sri
2025/06/19 09:30:32 algorithm: run /usr/bin/brotli --quality=11 --output=/output/dist/zonos-elements/p-e42e0cdb.entry.js.br /tmp/work/dist/zonos-elements/p-e42e0cdb.entry.js
2025/06/19 09:30:32 br /tmp/work/dist/zonos-elements/p-e99e75dd.system.entry.js -> /output/dist/zonos-elements/p-e99e75dd.system.entry.js.br
2025/06/19 09:30:32 gz /tmp/work/dist/zonos-elements/p-e99e75dd.system.entry.js -> /output/dist/zonos-elements/p-e99e75dd.system.entry.js.gz
2025/06/19 09:30:32 compress: run /node_modules/uglify-js/bin/uglifyjs (3.15.4) [--mangle --compress if_return=true -o /tmp/work/dist/zonos-elements/p-ff8d9f3a.entry.min.js /tmp/work/dist/zonos-elements/p-ff8d9f3a.entry.js]
2025/06/19 09:30:32 br /tmp/work/dist/zonos-elements/p-e42e0cdb.entry.js -> /output/dist/zonos-elements/p-e42e0cdb.entry.js.br
2025/06/19 09:30:32 gz /tmp/work/dist/zonos-elements/p-e42e0cdb.entry.js -> /output/dist/zonos-elements/p-e42e0cdb.entry.js.gz
2025/06/19 09:30:32 compress: run /node_modules/clean-css-cli/bin/cleancss (3.3.10) [--compatibility --s0 -o /tmp/work/dist/zonos-elements/zonos-elements.min.css /tmp/work/dist/zonos-elements/zonos-elements.css]
2025/06/19 09:30:32 sri /tmp/work/dist/zonos-elements/p-91bc2187.system.min.js -> /output/dist/zonos-elements/p-91bc2187.system.min.js.sri
2025/06/19 09:30:32 algorithm: run /usr/bin/brotli --quality=11 --output=/output/dist/zonos-elements/p-91bc2187.system.min.js.br /tmp/work/dist/zonos-elements/p-91bc2187.system.min.js
2025/06/19 09:30:32 br /tmp/work/dist/zonos-elements/p-d00049db.entry.min.js -> /output/dist/zonos-elements/p-d00049db.entry.min.js.br
2025/06/19 09:30:32 gz /tmp/work/dist/zonos-elements/p-d00049db.entry.min.js -> /output/dist/zonos-elements/p-d00049db.entry.min.js.gz
2025/06/19 09:30:32 sri /tmp/work/dist/zonos-elements/p-d00049db.entry.js -> /output/dist/zonos-elements/p-d00049db.entry.js.sri
2025/06/19 09:30:32 algorithm: run /usr/bin/brotli --quality=11 --output=/output/dist/zonos-elements/p-d00049db.entry.js.br /tmp/work/dist/zonos-elements/p-d00049db.entry.js
2025/06/19 09:30:32 sri /tmp/work/dist/zonos-elements/p-febb90e0.entry.min.js -> /output/dist/zonos-elements/p-febb90e0.entry.min.js.sri
2025/06/19 09:30:32 algorithm: run /usr/bin/brotli --quality=11 --output=/output/dist/zonos-elements/p-febb90e0.entry.min.js.br /tmp/work/dist/zonos-elements/p-febb90e0.entry.min.js
2025/06/19 09:30:32 sri /tmp/work/dist/zonos-elements/p-fe253cc1.min.js -> /output/dist/zonos-elements/p-fe253cc1.min.js.sri
2025/06/19 09:30:32 algorithm: run /usr/bin/brotli --quality=11 --output=/output/dist/zonos-elements/p-fe253cc1.min.js.br /tmp/work/dist/zonos-elements/p-fe253cc1.min.js
2025/06/19 09:30:32 sri /tmp/work/dist/zonos-elements/p-c3f2b86c.entry.min.js -> /output/dist/zonos-elements/p-c3f2b86c.entry.min.js.sri
2025/06/19 09:30:32 algorithm: run /usr/bin/brotli --quality=11 --output=/output/dist/zonos-elements/p-c3f2b86c.entry.min.js.br /tmp/work/dist/zonos-elements/p-c3f2b86c.entry.min.js
2025/06/19 09:30:32 br /tmp/work/dist/zonos-elements/p-fe253cc1.min.js -> /output/dist/zonos-elements/p-fe253cc1.min.js.br
2025/06/19 09:30:32 gz /tmp/work/dist/zonos-elements/p-fe253cc1.min.js -> /output/dist/zonos-elements/p-fe253cc1.min.js.gz
2025/06/19 09:30:32 sri /tmp/work/dist/zonos-elements/p-fe253cc1.js -> /output/dist/zonos-elements/p-fe253cc1.js.sri
2025/06/19 09:30:32 algorithm: run /usr/bin/brotli --quality=11 --output=/output/dist/zonos-elements/p-fe253cc1.js.br /tmp/work/dist/zonos-elements/p-fe253cc1.js
2025/06/19 09:30:32 br /tmp/work/dist/zonos-elements/p-fe253cc1.js -> /output/dist/zonos-elements/p-fe253cc1.js.br
2025/06/19 09:30:32 gz /tmp/work/dist/zonos-elements/p-fe253cc1.js -> /output/dist/zonos-elements/p-fe253cc1.js.gz
2025/06/19 09:30:32 compress: run /node_modules/uglify-js/bin/uglifyjs (3.15.4) [--mangle --compress if_return=true -o /tmp/work/dist/zonos-elements/zonos-elements.esm.min.js /tmp/work/dist/zonos-elements/zonos-elements.esm.js]
2025/06/19 09:30:32 br /tmp/work/dist/zonos-elements/p-febb90e0.entry.min.js -> /output/dist/zonos-elements/p-febb90e0.entry.min.js.br
2025/06/19 09:30:32 gz /tmp/work/dist/zonos-elements/p-febb90e0.entry.min.js -> /output/dist/zonos-elements/p-febb90e0.entry.min.js.gz
2025/06/19 09:30:32 sri /tmp/work/dist/zonos-elements/p-febb90e0.entry.js -> /output/dist/zonos-elements/p-febb90e0.entry.js.sri
2025/06/19 09:30:32 algorithm: run /usr/bin/brotli --quality=11 --output=/output/dist/zonos-elements/p-febb90e0.entry.js.br /tmp/work/dist/zonos-elements/p-febb90e0.entry.js
2025/06/19 09:30:32 br /tmp/work/dist/zonos-elements/p-febb90e0.entry.js -> /output/dist/zonos-elements/p-febb90e0.entry.js.br
2025/06/19 09:30:32 gz /tmp/work/dist/zonos-elements/p-febb90e0.entry.js -> /output/dist/zonos-elements/p-febb90e0.entry.js.gz
2025/06/19 09:30:32 compress: run /node_modules/uglify-js/bin/uglifyjs (3.15.4) [--mangle --compress if_return=true -o /tmp/work/dist/zonos-elements/zonos-elements.min.js /tmp/work/dist/zonos-elements/zonos-elements.js]
2025/06/19 09:30:32 br /tmp/work/dist/zonos-elements/p-d00049db.entry.js -> /output/dist/zonos-elements/p-d00049db.entry.js.br
2025/06/19 09:30:32 gz /tmp/work/dist/zonos-elements/p-d00049db.entry.js -> /output/dist/zonos-elements/p-d00049db.entry.js.gz
2025/06/19 09:30:32 algorithm: run /usr/bin/brotli --quality=11 --output=/output/dist/zonos-elements/assets/bagIcon.svg.br /tmp/work/dist/zonos-elements/assets/bagIcon.svg
2025/06/19 09:30:32 br /tmp/work/dist/zonos-elements/assets/bagIcon.svg -> /output/dist/zonos-elements/assets/bagIcon.svg.br
2025/06/19 09:30:32 gz /tmp/work/dist/zonos-elements/assets/bagIcon.svg -> /output/dist/zonos-elements/assets/bagIcon.svg.gz
2025/06/19 09:30:32 compress: run /usr/bin/zopflipng --iterations=60 --keepchunks=iCCP --lossy_transparent --splitting=3 -my /tmp/work/dist/zonos-elements/assets/Boxes.png /tmp/work/dist/zonos-elements/assets/Boxes.png
2025/06/19 09:30:32 sri /tmp/work/dist/zonos-elements/p-fe2c27c4.entry.min.js -> /output/dist/zonos-elements/p-fe2c27c4.entry.min.js.sri
2025/06/19 09:30:32 algorithm: run /usr/bin/brotli --quality=11 --output=/output/dist/zonos-elements/p-fe2c27c4.entry.min.js.br /tmp/work/dist/zonos-elements/p-fe2c27c4.entry.min.js
2025/06/19 09:30:32 br /tmp/work/dist/zonos-elements/p-fe2c27c4.entry.min.js -> /output/dist/zonos-elements/p-fe2c27c4.entry.min.js.br
2025/06/19 09:30:32 gz /tmp/work/dist/zonos-elements/p-fe2c27c4.entry.min.js -> /output/dist/zonos-elements/p-fe2c27c4.entry.min.js.gz
2025/06/19 09:30:32 sri /tmp/work/dist/zonos-elements/p-fe2c27c4.entry.js -> /output/dist/zonos-elements/p-fe2c27c4.entry.js.sri
2025/06/19 09:30:32 algorithm: run /usr/bin/brotli --quality=11 --output=/output/dist/zonos-elements/p-fe2c27c4.entry.js.br /tmp/work/dist/zonos-elements/p-fe2c27c4.entry.js
2025/06/19 09:30:33 br /tmp/work/dist/zonos-elements/p-fe2c27c4.entry.js -> /output/dist/zonos-elements/p-fe2c27c4.entry.js.br
2025/06/19 09:30:33 gz /tmp/work/dist/zonos-elements/p-fe2c27c4.entry.js -> /output/dist/zonos-elements/p-fe2c27c4.entry.js.gz
2025/06/19 09:30:33 algorithm: run /usr/bin/brotli --quality=11 --output=/output/dist/zonos-elements/assets/ChevronDownIcon.svg.br /tmp/work/dist/zonos-elements/assets/ChevronDownIcon.svg
2025/06/19 09:30:33 br /tmp/work/dist/zonos-elements/assets/ChevronDownIcon.svg -> /output/dist/zonos-elements/assets/ChevronDownIcon.svg.br
2025/06/19 09:30:33 gz /tmp/work/dist/zonos-elements/assets/ChevronDownIcon.svg -> /output/dist/zonos-elements/assets/ChevronDownIcon.svg.gz
2025/06/19 09:30:33 algorithm: run /usr/bin/brotli --quality=11 --output=/output/dist/zonos-elements/assets/ChevronUpIcon.svg.br /tmp/work/dist/zonos-elements/assets/ChevronUpIcon.svg
2025/06/19 09:30:33 br /tmp/work/dist/zonos-elements/assets/ChevronUpIcon.svg -> /output/dist/zonos-elements/assets/ChevronUpIcon.svg.br
2025/06/19 09:30:33 gz /tmp/work/dist/zonos-elements/assets/ChevronUpIcon.svg -> /output/dist/zonos-elements/assets/ChevronUpIcon.svg.gz
2025/06/19 09:30:33 compress: run /usr/bin/zopflipng --iterations=60 --keepchunks=iCCP --lossy_transparent --splitting=3 -my /tmp/work/dist/zonos-elements/assets/Earth.png /tmp/work/dist/zonos-elements/assets/Earth.png
2025/06/19 09:30:33 sri /tmp/work/dist/zonos-elements/zonos-elements.min.css -> /output/dist/zonos-elements/zonos-elements.min.css.sri
2025/06/19 09:30:33 algorithm: run /usr/bin/brotli --quality=11 --output=/output/dist/zonos-elements/zonos-elements.min.css.br /tmp/work/dist/zonos-elements/zonos-elements.min.css
2025/06/19 09:30:33 sri /tmp/work/dist/zonos-elements/zonos-elements.esm.min.js -> /output/dist/zonos-elements/zonos-elements.esm.min.js.sri
2025/06/19 09:30:33 algorithm: run /usr/bin/brotli --quality=11 --output=/output/dist/zonos-elements/zonos-elements.esm.min.js.br /tmp/work/dist/zonos-elements/zonos-elements.esm.min.js
2025/06/19 09:30:33 br /tmp/work/dist/zonos-elements/zonos-elements.min.css -> /output/dist/zonos-elements/zonos-elements.min.css.br
2025/06/19 09:30:33 gz /tmp/work/dist/zonos-elements/zonos-elements.min.css -> /output/dist/zonos-elements/zonos-elements.min.css.gz
2025/06/19 09:30:33 sri /tmp/work/dist/zonos-elements/zonos-elements.css -> /output/dist/zonos-elements/zonos-elements.css.sri
2025/06/19 09:30:33 algorithm: run /usr/bin/brotli --quality=11 --output=/output/dist/zonos-elements/zonos-elements.css.br /tmp/work/dist/zonos-elements/zonos-elements.css
2025/06/19 09:30:33 br /tmp/work/dist/zonos-elements/zonos-elements.esm.min.js -> /output/dist/zonos-elements/zonos-elements.esm.min.js.br
2025/06/19 09:30:33 br /tmp/work/dist/zonos-elements/p-c3f2b86c.entry.min.js -> /output/dist/zonos-elements/p-c3f2b86c.entry.min.js.br
2025/06/19 09:30:33 gz /tmp/work/dist/zonos-elements/zonos-elements.esm.min.js -> /output/dist/zonos-elements/zonos-elements.esm.min.js.gz
2025/06/19 09:30:33 sri /tmp/work/dist/zonos-elements/zonos-elements.esm.js -> /output/dist/zonos-elements/zonos-elements.esm.js.sri
2025/06/19 09:30:33 algorithm: run /usr/bin/brotli --quality=11 --output=/output/dist/zonos-elements/zonos-elements.esm.js.br /tmp/work/dist/zonos-elements/zonos-elements.esm.js
2025/06/19 09:30:33 gz /tmp/work/dist/zonos-elements/p-c3f2b86c.entry.min.js -> /output/dist/zonos-elements/p-c3f2b86c.entry.min.js.gz
2025/06/19 09:30:33 sri /tmp/work/dist/zonos-elements/p-c3f2b86c.entry.js -> /output/dist/zonos-elements/p-c3f2b86c.entry.js.sri
2025/06/19 09:30:33 algorithm: run /usr/bin/brotli --quality=11 --output=/output/dist/zonos-elements/p-c3f2b86c.entry.js.br /tmp/work/dist/zonos-elements/p-c3f2b86c.entry.js
2025/06/19 09:30:33 br /tmp/work/dist/zonos-elements/zonos-elements.esm.js -> /output/dist/zonos-elements/zonos-elements.esm.js.br
2025/06/19 09:30:33 sri /tmp/work/dist/zonos-elements/p-ff8d9f3a.entry.min.js -> /output/dist/zonos-elements/p-ff8d9f3a.entry.min.js.sri
2025/06/19 09:30:33 algorithm: run /usr/bin/brotli --quality=11 --output=/output/dist/zonos-elements/p-ff8d9f3a.entry.min.js.br /tmp/work/dist/zonos-elements/p-ff8d9f3a.entry.min.js
2025/06/19 09:30:33 gz /tmp/work/dist/zonos-elements/zonos-elements.esm.js -> /output/dist/zonos-elements/zonos-elements.esm.js.gz
2025/06/19 09:30:33 compress: run /usr/bin/jpegoptim /tmp/work/dist/zonos-elements/assets/empty-item.jpeg
2025/06/19 09:30:33 /tmp/work/dist/zonos-elements/assets/empty-item.jpeg 49x48 24bit N  [OK] 569 --> 569 bytes (0.00%), skipped.

2025/06/19 09:30:33 algorithm: run /usr/bin/brotli --quality=11 --output=/output/dist/zonos-elements/assets/empty-item.jpeg.br /tmp/work/dist/zonos-elements/assets/empty-item.jpeg
2025/06/19 09:30:33 br /tmp/work/dist/zonos-elements/assets/empty-item.jpeg -> /output/dist/zonos-elements/assets/empty-item.jpeg.br
2025/06/19 09:30:33 gz /tmp/work/dist/zonos-elements/assets/empty-item.jpeg -> /output/dist/zonos-elements/assets/empty-item.jpeg.gz
2025/06/19 09:30:33 compress: run /usr/bin/zopflipng --iterations=60 --keepchunks=iCCP --lossy_transparent --splitting=3 -my /tmp/work/dist/zonos-elements/assets/EmptyBox.png /tmp/work/dist/zonos-elements/assets/EmptyBox.png
2025/06/19 09:30:33 br /tmp/work/dist/zonos-elements/zonos-elements.css -> /output/dist/zonos-elements/zonos-elements.css.br
2025/06/19 09:30:33 gz /tmp/work/dist/zonos-elements/zonos-elements.css -> /output/dist/zonos-elements/zonos-elements.css.gz
2025/06/19 09:30:33 algorithm: run /usr/bin/brotli --quality=11 --output=/output/dist/zonos-elements/assets/ExclamationMarkDuotoneIcon.svg.br /tmp/work/dist/zonos-elements/assets/ExclamationMarkDuotoneIcon.svg
2025/06/19 09:30:33 br /tmp/work/dist/zonos-elements/p-ff8d9f3a.entry.min.js -> /output/dist/zonos-elements/p-ff8d9f3a.entry.min.js.br
2025/06/19 09:30:33 gz /tmp/work/dist/zonos-elements/p-ff8d9f3a.entry.min.js -> /output/dist/zonos-elements/p-ff8d9f3a.entry.min.js.gz
2025/06/19 09:30:33 sri /tmp/work/dist/zonos-elements/p-ff8d9f3a.entry.js -> /output/dist/zonos-elements/p-ff8d9f3a.entry.js.sri
2025/06/19 09:30:33 algorithm: run /usr/bin/brotli --quality=11 --output=/output/dist/zonos-elements/p-ff8d9f3a.entry.js.br /tmp/work/dist/zonos-elements/p-ff8d9f3a.entry.js
2025/06/19 09:30:33 br /tmp/work/dist/zonos-elements/assets/ExclamationMarkDuotoneIcon.svg -> /output/dist/zonos-elements/assets/ExclamationMarkDuotoneIcon.svg.br
2025/06/19 09:30:33 gz /tmp/work/dist/zonos-elements/assets/ExclamationMarkDuotoneIcon.svg -> /output/dist/zonos-elements/assets/ExclamationMarkDuotoneIcon.svg.gz
2025/06/19 09:30:33 algorithm: run /usr/bin/brotli --quality=11 --output=/output/dist/zonos-elements/assets/HelpDuotoneIcon.svg.br /tmp/work/dist/zonos-elements/assets/HelpDuotoneIcon.svg
2025/06/19 09:30:33 br /tmp/work/dist/zonos-elements/assets/HelpDuotoneIcon.svg -> /output/dist/zonos-elements/assets/HelpDuotoneIcon.svg.br
2025/06/19 09:30:33 gz /tmp/work/dist/zonos-elements/assets/HelpDuotoneIcon.svg -> /output/dist/zonos-elements/assets/HelpDuotoneIcon.svg.gz
2025/06/19 09:30:33 algorithm: run /usr/bin/brotli --quality=11 --output=/output/dist/zonos-elements/assets/importIcon.svg.br /tmp/work/dist/zonos-elements/assets/importIcon.svg
2025/06/19 09:30:33 br /tmp/work/dist/zonos-elements/assets/importIcon.svg -> /output/dist/zonos-elements/assets/importIcon.svg.br
2025/06/19 09:30:33 gz /tmp/work/dist/zonos-elements/assets/importIcon.svg -> /output/dist/zonos-elements/assets/importIcon.svg.gz
2025/06/19 09:30:33 algorithm: run /usr/bin/brotli --quality=11 --output=/output/dist/zonos-elements/assets/inclusivePricingIcon.svg.br /tmp/work/dist/zonos-elements/assets/inclusivePricingIcon.svg
2025/06/19 09:30:33 br /tmp/work/dist/zonos-elements/assets/inclusivePricingIcon.svg -> /output/dist/zonos-elements/assets/inclusivePricingIcon.svg.br
2025/06/19 09:30:33 gz /tmp/work/dist/zonos-elements/assets/inclusivePricingIcon.svg -> /output/dist/zonos-elements/assets/inclusivePricingIcon.svg.gz
2025/06/19 09:30:33 algorithm: run /usr/bin/brotli --quality=11 --output=/output/dist/zonos-elements/assets/InfoIcon.svg.br /tmp/work/dist/zonos-elements/assets/InfoIcon.svg
2025/06/19 09:30:33 br /tmp/work/dist/zonos-elements/assets/InfoIcon.svg -> /output/dist/zonos-elements/assets/InfoIcon.svg.br
2025/06/19 09:30:33 gz /tmp/work/dist/zonos-elements/assets/InfoIcon.svg -> /output/dist/zonos-elements/assets/InfoIcon.svg.gz
2025/06/19 09:30:33 algorithm: run /usr/bin/brotli --quality=11 --output=/output/dist/zonos-elements/assets/LeftArrow.svg.br /tmp/work/dist/zonos-elements/assets/LeftArrow.svg
2025/06/19 09:30:33 br /tmp/work/dist/zonos-elements/assets/LeftArrow.svg -> /output/dist/zonos-elements/assets/LeftArrow.svg.br
2025/06/19 09:30:33 gz /tmp/work/dist/zonos-elements/assets/LeftArrow.svg -> /output/dist/zonos-elements/assets/LeftArrow.svg.gz
2025/06/19 09:30:33 compress: run /usr/bin/zopflipng --iterations=60 --keepchunks=iCCP --lossy_transparent --splitting=3 -my /tmp/work/dist/zonos-elements/assets/Lock.png /tmp/work/dist/zonos-elements/assets/Lock.png
2025/06/19 09:30:33 br /tmp/work/dist/zonos-elements/p-ff8d9f3a.entry.js -> /output/dist/zonos-elements/p-ff8d9f3a.entry.js.br
2025/06/19 09:30:33 gz /tmp/work/dist/zonos-elements/p-ff8d9f3a.entry.js -> /output/dist/zonos-elements/p-ff8d9f3a.entry.js.gz
2025/06/19 09:30:33 algorithm: run /usr/bin/brotli --quality=11 --output=/output/dist/zonos-elements/assets/messageIcon.svg.br /tmp/work/dist/zonos-elements/assets/messageIcon.svg
2025/06/19 09:30:33 br /tmp/work/dist/zonos-elements/assets/messageIcon.svg -> /output/dist/zonos-elements/assets/messageIcon.svg.br
2025/06/19 09:30:33 gz /tmp/work/dist/zonos-elements/assets/messageIcon.svg -> /output/dist/zonos-elements/assets/messageIcon.svg.gz
2025/06/19 09:30:33 algorithm: run /usr/bin/brotli --quality=11 --output=/output/dist/zonos-elements/assets/MessageIcon.svg.br /tmp/work/dist/zonos-elements/assets/MessageIcon.svg
2025/06/19 09:30:33 br /tmp/work/dist/zonos-elements/assets/MessageIcon.svg -> /output/dist/zonos-elements/assets/MessageIcon.svg.br
2025/06/19 09:30:33 gz /tmp/work/dist/zonos-elements/assets/MessageIcon.svg -> /output/dist/zonos-elements/assets/MessageIcon.svg.gz
2025/06/19 09:30:33 algorithm: run /usr/bin/brotli --quality=11 --output=/output/dist/zonos-elements/assets/moneyIcon.svg.br /tmp/work/dist/zonos-elements/assets/moneyIcon.svg
2025/06/19 09:30:33 br /tmp/work/dist/zonos-elements/assets/moneyIcon.svg -> /output/dist/zonos-elements/assets/moneyIcon.svg.br
2025/06/19 09:30:33 gz /tmp/work/dist/zonos-elements/assets/moneyIcon.svg -> /output/dist/zonos-elements/assets/moneyIcon.svg.gz
2025/06/19 09:30:33 compress: run /usr/bin/zopflipng --iterations=60 --keepchunks=iCCP --lossy_transparent --splitting=3 -my /tmp/work/dist/zonos-elements/assets/PigBank.png /tmp/work/dist/zonos-elements/assets/PigBank.png
2025/06/19 09:30:34 br /tmp/work/dist/zonos-elements/p-c3f2b86c.entry.js -> /output/dist/zonos-elements/p-c3f2b86c.entry.js.br
2025/06/19 09:30:34 gz /tmp/work/dist/zonos-elements/p-c3f2b86c.entry.js -> /output/dist/zonos-elements/p-c3f2b86c.entry.js.gz
2025/06/19 09:30:34 algorithm: run /usr/bin/brotli --quality=11 --output=/output/dist/zonos-elements/assets/removeIcon.svg.br /tmp/work/dist/zonos-elements/assets/removeIcon.svg
2025/06/19 09:30:34 br /tmp/work/dist/zonos-elements/assets/removeIcon.svg -> /output/dist/zonos-elements/assets/removeIcon.svg.br
2025/06/19 09:30:34 gz /tmp/work/dist/zonos-elements/assets/removeIcon.svg -> /output/dist/zonos-elements/assets/removeIcon.svg.gz
2025/06/19 09:30:34 algorithm: run /usr/bin/brotli --quality=11 --output=/output/dist/zonos-elements/assets/RemoveIcon.svg.br /tmp/work/dist/zonos-elements/assets/RemoveIcon.svg
2025/06/19 09:30:34 br /tmp/work/dist/zonos-elements/assets/RemoveIcon.svg -> /output/dist/zonos-elements/assets/RemoveIcon.svg.br
2025/06/19 09:30:34 gz /tmp/work/dist/zonos-elements/assets/RemoveIcon.svg -> /output/dist/zonos-elements/assets/RemoveIcon.svg.gz
2025/06/19 09:30:34 compress: run /usr/bin/zopflipng --iterations=60 --keepchunks=iCCP --lossy_transparent --splitting=3 -my /tmp/work/dist/zonos-elements/assets/Scribble.png /tmp/work/dist/zonos-elements/assets/Scribble.png
2025/06/19 09:30:36 br /tmp/work/dist/zonos-elements/p-91bc2187.system.min.js -> /output/dist/zonos-elements/p-91bc2187.system.min.js.br
2025/06/19 09:30:36 gz /tmp/work/dist/zonos-elements/p-91bc2187.system.min.js -> /output/dist/zonos-elements/p-91bc2187.system.min.js.gz
2025/06/19 09:30:36 sri /tmp/work/dist/zonos-elements/p-91bc2187.system.js -> /output/dist/zonos-elements/p-91bc2187.system.js.sri
2025/06/19 09:30:36 algorithm: run /usr/bin/brotli --quality=11 --output=/output/dist/zonos-elements/p-91bc2187.system.js.br /tmp/work/dist/zonos-elements/p-91bc2187.system.js
2025/06/19 09:30:41 br /tmp/work/dist/zonos-elements/p-91bc2187.system.js -> /output/dist/zonos-elements/p-91bc2187.system.js.br
2025/06/19 09:30:41 gz /tmp/work/dist/zonos-elements/p-91bc2187.system.js -> /output/dist/zonos-elements/p-91bc2187.system.js.gz
2025/06/19 09:30:41 compress: run /usr/bin/zopflipng --iterations=60 --keepchunks=iCCP --lossy_transparent --splitting=3 -my /tmp/work/dist/zonos-elements/assets/Search.png /tmp/work/dist/zonos-elements/assets/Search.png
2025/06/19 09:30:46 sri /tmp/work/dist/zonos-elements/zonos-elements.min.js -> /output/dist/zonos-elements/zonos-elements.min.js.sri
2025/06/19 09:30:46 algorithm: run /usr/bin/brotli --quality=11 --output=/output/dist/zonos-elements/zonos-elements.min.js.br /tmp/work/dist/zonos-elements/zonos-elements.min.js
2025/06/19 09:30:47 br /tmp/work/dist/zonos-elements/zonos-elements.min.js -> /output/dist/zonos-elements/zonos-elements.min.js.br
2025/06/19 09:30:47 gz /tmp/work/dist/zonos-elements/zonos-elements.min.js -> /output/dist/zonos-elements/zonos-elements.min.js.gz
2025/06/19 09:30:47 sri /tmp/work/dist/zonos-elements/zonos-elements.js -> /output/dist/zonos-elements/zonos-elements.js.sri
2025/06/19 09:30:47 algorithm: run /usr/bin/brotli --quality=11 --output=/output/dist/zonos-elements/zonos-elements.js.br /tmp/work/dist/zonos-elements/zonos-elements.js
2025/06/19 09:30:48 br /tmp/work/dist/zonos-elements/zonos-elements.js -> /output/dist/zonos-elements/zonos-elements.js.br
2025/06/19 09:30:48 gz /tmp/work/dist/zonos-elements/zonos-elements.js -> /output/dist/zonos-elements/zonos-elements.js.gz
2025/06/19 09:30:48 compress: run /usr/bin/zopflipng --iterations=60 --keepchunks=iCCP --lossy_transparent --splitting=3 -my /tmp/work/dist/zonos-elements/assets/Settings.png /tmp/work/dist/zonos-elements/assets/Settings.png
2025/06/19 09:31:41 Optimizing /tmp/work/dist/zonos-elements/assets/Earth.png
Input size: 44264 (43K)
Result size: 41513 (40K). Percentage of original: 93.785%
Result is smaller


2025/06/19 09:31:41 algorithm: run /usr/bin/brotli --quality=11 --output=/output/dist/zonos-elements/assets/Earth.png.br /tmp/work/dist/zonos-elements/assets/Earth.png
2025/06/19 09:31:42 br /tmp/work/dist/zonos-elements/assets/Earth.png -> /output/dist/zonos-elements/assets/Earth.png.br
2025/06/19 09:31:42 gz /tmp/work/dist/zonos-elements/assets/Earth.png -> /output/dist/zonos-elements/assets/Earth.png.gz
2025/06/19 09:31:42 compress: run /usr/bin/zopflipng --iterations=60 --keepchunks=iCCP --lossy_transparent --splitting=3 -my /tmp/work/dist/zonos-elements/assets/ShoppingCart.png /tmp/work/dist/zonos-elements/assets/ShoppingCart.png
2025/06/19 09:31:48 Optimizing /tmp/work/dist/zonos-elements/assets/PigBank.png
Input size: 38260 (37K)
Result size: 35431 (34K). Percentage of original: 92.606%
Result is smaller


2025/06/19 09:31:48 algorithm: run /usr/bin/brotli --quality=11 --output=/output/dist/zonos-elements/assets/PigBank.png.br /tmp/work/dist/zonos-elements/assets/PigBank.png
2025/06/19 09:31:48 br /tmp/work/dist/zonos-elements/assets/PigBank.png -> /output/dist/zonos-elements/assets/PigBank.png.br
2025/06/19 09:31:48 gz /tmp/work/dist/zonos-elements/assets/PigBank.png -> /output/dist/zonos-elements/assets/PigBank.png.gz
2025/06/19 09:31:48 compress: run /usr/bin/zopflipng --iterations=60 --keepchunks=iCCP --lossy_transparent --splitting=3 -my /tmp/work/dist/zonos-elements/assets/SpilledCup.png /tmp/work/dist/zonos-elements/assets/SpilledCup.png
2025/06/19 09:31:49 Optimizing /tmp/work/dist/zonos-elements/assets/Boxes.png
Input size: 42194 (41K)
Result size: 39221 (38K). Percentage of original: 92.954%
Result is smaller


2025/06/19 09:31:49 algorithm: run /usr/bin/brotli --quality=11 --output=/output/dist/zonos-elements/assets/Boxes.png.br /tmp/work/dist/zonos-elements/assets/Boxes.png
2025/06/19 09:31:49 br /tmp/work/dist/zonos-elements/assets/Boxes.png -> /output/dist/zonos-elements/assets/Boxes.png.br
2025/06/19 09:31:49 gz /tmp/work/dist/zonos-elements/assets/Boxes.png -> /output/dist/zonos-elements/assets/Boxes.png.gz
2025/06/19 09:31:49 algorithm: run /usr/bin/brotli --quality=11 --output=/output/dist/zonos-elements/assets/SuccessIcon.svg.br /tmp/work/dist/zonos-elements/assets/SuccessIcon.svg
2025/06/19 09:31:49 br /tmp/work/dist/zonos-elements/assets/SuccessIcon.svg -> /output/dist/zonos-elements/assets/SuccessIcon.svg.br
2025/06/19 09:31:49 gz /tmp/work/dist/zonos-elements/assets/SuccessIcon.svg -> /output/dist/zonos-elements/assets/SuccessIcon.svg.gz
2025/06/19 09:31:49 compress: run /usr/bin/zopflipng --iterations=60 --keepchunks=iCCP --lossy_transparent --splitting=3 -my /tmp/work/dist/zonos-elements/assets/Switch.png /tmp/work/dist/zonos-elements/assets/Switch.png
2025/06/19 09:31:54 Optimizing /tmp/work/dist/zonos-elements/assets/Scribble.png
Input size: 44668 (43K)
Result size: 41662 (40K). Percentage of original: 93.270%
Result is smaller


2025/06/19 09:31:54 algorithm: run /usr/bin/brotli --quality=11 --output=/output/dist/zonos-elements/assets/Scribble.png.br /tmp/work/dist/zonos-elements/assets/Scribble.png
2025/06/19 09:31:55 br /tmp/work/dist/zonos-elements/assets/Scribble.png -> /output/dist/zonos-elements/assets/Scribble.png.br
2025/06/19 09:31:55 gz /tmp/work/dist/zonos-elements/assets/Scribble.png -> /output/dist/zonos-elements/assets/Scribble.png.gz
2025/06/19 09:31:55 algorithm: run /usr/bin/brotli --quality=11 --output=/output/dist/zonos-elements/assets/TabCheckmark.svg.br /tmp/work/dist/zonos-elements/assets/TabCheckmark.svg
2025/06/19 09:31:55 br /tmp/work/dist/zonos-elements/assets/TabCheckmark.svg -> /output/dist/zonos-elements/assets/TabCheckmark.svg.br
2025/06/19 09:31:55 gz /tmp/work/dist/zonos-elements/assets/TabCheckmark.svg -> /output/dist/zonos-elements/assets/TabCheckmark.svg.gz
2025/06/19 09:31:55 compress: run /usr/bin/zopflipng --iterations=60 --keepchunks=iCCP --lossy_transparent --splitting=3 -my /tmp/work/dist/zonos-elements/assets/TaxId.png /tmp/work/dist/zonos-elements/assets/TaxId.png
2025/06/19 09:31:56 Optimizing /tmp/work/dist/zonos-elements/assets/EmptyBox.png
Input size: 49403 (48K)
Result size: 45567 (44K). Percentage of original: 92.235%
Result is smaller


2025/06/19 09:31:56 algorithm: run /usr/bin/brotli --quality=11 --output=/output/dist/zonos-elements/assets/EmptyBox.png.br /tmp/work/dist/zonos-elements/assets/EmptyBox.png
2025/06/19 09:31:57 br /tmp/work/dist/zonos-elements/assets/EmptyBox.png -> /output/dist/zonos-elements/assets/EmptyBox.png.br
2025/06/19 09:31:57 gz /tmp/work/dist/zonos-elements/assets/EmptyBox.png -> /output/dist/zonos-elements/assets/EmptyBox.png.gz
2025/06/19 09:31:57 compress: run /usr/bin/zopflipng --iterations=60 --keepchunks=iCCP --lossy_transparent --splitting=3 -my /tmp/work/dist/zonos-elements/assets/Truck.png /tmp/work/dist/zonos-elements/assets/Truck.png
2025/06/19 09:32:01 Optimizing /tmp/work/dist/zonos-elements/assets/Settings.png
Input size: 40084 (39K)
Result size: 37503 (36K). Percentage of original: 93.561%
Result is smaller


2025/06/19 09:32:01 algorithm: run /usr/bin/brotli --quality=11 --output=/output/dist/zonos-elements/assets/Settings.png.br /tmp/work/dist/zonos-elements/assets/Settings.png
2025/06/19 09:32:02 br /tmp/work/dist/zonos-elements/assets/Settings.png -> /output/dist/zonos-elements/assets/Settings.png.br
2025/06/19 09:32:02 gz /tmp/work/dist/zonos-elements/assets/Settings.png -> /output/dist/zonos-elements/assets/Settings.png.gz
2025/06/19 09:32:02 compress: run /usr/bin/zopflipng --iterations=60 --keepchunks=iCCP --lossy_transparent --splitting=3 -my /tmp/work/dist/zonos-elements/assets/Warning.png /tmp/work/dist/zonos-elements/assets/Warning.png
2025/06/19 09:32:08 Optimizing /tmp/work/dist/zonos-elements/assets/Lock.png
Input size: 26265 (25K)
Result size: 24678 (24K). Percentage of original: 93.958%
Result is smaller


2025/06/19 09:32:08 algorithm: run /usr/bin/brotli --quality=11 --output=/output/dist/zonos-elements/assets/Lock.png.br /tmp/work/dist/zonos-elements/assets/Lock.png
2025/06/19 09:32:09 br /tmp/work/dist/zonos-elements/assets/Lock.png -> /output/dist/zonos-elements/assets/Lock.png.br
2025/06/19 09:32:09 gz /tmp/work/dist/zonos-elements/assets/Lock.png -> /output/dist/zonos-elements/assets/Lock.png.gz
2025/06/19 09:32:09 algorithm: run /usr/bin/brotli --quality=11 --output=/output/dist/zonos-elements/assets/WarningDuotoneIcon.svg.br /tmp/work/dist/zonos-elements/assets/WarningDuotoneIcon.svg
2025/06/19 09:32:09 br /tmp/work/dist/zonos-elements/assets/WarningDuotoneIcon.svg -> /output/dist/zonos-elements/assets/WarningDuotoneIcon.svg.br
2025/06/19 09:32:09 gz /tmp/work/dist/zonos-elements/assets/WarningDuotoneIcon.svg -> /output/dist/zonos-elements/assets/WarningDuotoneIcon.svg.gz
2025/06/19 09:32:09 compress: run /usr/bin/zopflipng --iterations=60 --keepchunks=iCCP --lossy_transparent --splitting=3 -my /tmp/work/dist/zonos-elements/assets/ZonosLogo.png /tmp/work/dist/zonos-elements/assets/ZonosLogo.png
2025/06/19 09:32:11 Optimizing /tmp/work/dist/zonos-elements/assets/Search.png
Input size: 40079 (39K)
Result size: 37444 (36K). Percentage of original: 93.425%
Result is smaller


2025/06/19 09:32:11 algorithm: run /usr/bin/brotli --quality=11 --output=/output/dist/zonos-elements/assets/Search.png.br /tmp/work/dist/zonos-elements/assets/Search.png
2025/06/19 09:32:12 br /tmp/work/dist/zonos-elements/assets/Search.png -> /output/dist/zonos-elements/assets/Search.png.br
2025/06/19 09:32:12 gz /tmp/work/dist/zonos-elements/assets/Search.png -> /output/dist/zonos-elements/assets/Search.png.gz
2025/06/19 09:32:12 compress: run /node_modules/uglify-js/bin/uglifyjs (3.15.4) [--mangle --compress if_return=true -o /tmp/work/dist/scripts/index.min.js /tmp/work/dist/scripts/index.js]
2025/06/19 09:32:15 sri /tmp/work/dist/scripts/index.min.js -> /output/dist/scripts/index.min.js.sri
2025/06/19 09:32:15 algorithm: run /usr/bin/brotli --quality=11 --output=/output/dist/scripts/index.min.js.br /tmp/work/dist/scripts/index.min.js
2025/06/19 09:32:15 br /tmp/work/dist/scripts/index.min.js -> /output/dist/scripts/index.min.js.br
2025/06/19 09:32:15 gz /tmp/work/dist/scripts/index.min.js -> /output/dist/scripts/index.min.js.gz
2025/06/19 09:32:15 sri /tmp/work/dist/scripts/index.js -> /output/dist/scripts/index.js.sri
2025/06/19 09:32:15 algorithm: run /usr/bin/brotli --quality=11 --output=/output/dist/scripts/index.js.br /tmp/work/dist/scripts/index.js
2025/06/19 09:32:15 br /tmp/work/dist/scripts/index.js -> /output/dist/scripts/index.js.br
2025/06/19 09:32:15 gz /tmp/work/dist/scripts/index.js -> /output/dist/scripts/index.js.gz
2025/06/19 09:32:15 compress: run /node_modules/uglify-js/bin/uglifyjs (3.15.4) [--mangle --compress if_return=true -o /tmp/work/dist/scripts/loadZonos.min.js /tmp/work/dist/scripts/loadZonos.js]
2025/06/19 09:32:18 sri /tmp/work/dist/scripts/loadZonos.min.js -> /output/dist/scripts/loadZonos.min.js.sri
2025/06/19 09:32:18 algorithm: run /usr/bin/brotli --quality=11 --output=/output/dist/scripts/loadZonos.min.js.br /tmp/work/dist/scripts/loadZonos.min.js
2025/06/19 09:32:19 br /tmp/work/dist/scripts/loadZonos.min.js -> /output/dist/scripts/loadZonos.min.js.br
2025/06/19 09:32:19 gz /tmp/work/dist/scripts/loadZonos.min.js -> /output/dist/scripts/loadZonos.min.js.gz
2025/06/19 09:32:19 sri /tmp/work/dist/scripts/loadZonos.js -> /output/dist/scripts/loadZonos.js.sri
2025/06/19 09:32:19 algorithm: run /usr/bin/brotli --quality=11 --output=/output/dist/scripts/loadZonos.js.br /tmp/work/dist/scripts/loadZonos.js
2025/06/19 09:32:19 br /tmp/work/dist/scripts/loadZonos.js -> /output/dist/scripts/loadZonos.js.br
2025/06/19 09:32:19 gz /tmp/work/dist/scripts/loadZonos.js -> /output/dist/scripts/loadZonos.js.gz
2025/06/19 09:32:19 compress: run /node_modules/uglify-js/bin/uglifyjs (3.15.4) [--mangle --compress if_return=true -o /tmp/work/dist/scripts/zonos.min.js /tmp/work/dist/scripts/zonos.js]
2025/06/19 09:32:21 sri /tmp/work/dist/scripts/zonos.min.js -> /output/dist/scripts/zonos.min.js.sri
2025/06/19 09:32:21 algorithm: run /usr/bin/brotli --quality=11 --output=/output/dist/scripts/zonos.min.js.br /tmp/work/dist/scripts/zonos.min.js
2025/06/19 09:32:21 br /tmp/work/dist/scripts/zonos.min.js -> /output/dist/scripts/zonos.min.js.br
2025/06/19 09:32:21 gz /tmp/work/dist/scripts/zonos.min.js -> /output/dist/scripts/zonos.min.js.gz
2025/06/19 09:32:21 sri /tmp/work/dist/scripts/zonos.js -> /output/dist/scripts/zonos.js.sri
2025/06/19 09:32:21 algorithm: run /usr/bin/brotli --quality=11 --output=/output/dist/scripts/zonos.js.br /tmp/work/dist/scripts/zonos.js
2025/06/19 09:32:21 br /tmp/work/dist/scripts/zonos.js -> /output/dist/scripts/zonos.js.br
2025/06/19 09:32:21 gz /tmp/work/dist/scripts/zonos.js -> /output/dist/scripts/zonos.js.gz
2025/06/19 09:32:29 Optimizing /tmp/work/dist/zonos-elements/assets/ZonosLogo.png
Input size: 1969 (1K)
Result size: 868 (0K). Percentage of original: 44.083%
Result is smaller


2025/06/19 09:32:29 algorithm: run /usr/bin/brotli --quality=11 --output=/output/dist/zonos-elements/assets/ZonosLogo.png.br /tmp/work/dist/zonos-elements/assets/ZonosLogo.png
2025/06/19 09:32:29 br /tmp/work/dist/zonos-elements/assets/ZonosLogo.png -> /output/dist/zonos-elements/assets/ZonosLogo.png.br
2025/06/19 09:32:29 gz /tmp/work/dist/zonos-elements/assets/ZonosLogo.png -> /output/dist/zonos-elements/assets/ZonosLogo.png.gz
2025/06/19 09:32:44 Optimizing /tmp/work/dist/zonos-elements/assets/SpilledCup.png
Input size: 35444 (34K)
Result size: 32994 (32K). Percentage of original: 93.088%
Result is smaller


2025/06/19 09:32:44 algorithm: run /usr/bin/brotli --quality=11 --output=/output/dist/zonos-elements/assets/SpilledCup.png.br /tmp/work/dist/zonos-elements/assets/SpilledCup.png
2025/06/19 09:32:45 br /tmp/work/dist/zonos-elements/assets/SpilledCup.png -> /output/dist/zonos-elements/assets/SpilledCup.png.br
2025/06/19 09:32:45 gz /tmp/work/dist/zonos-elements/assets/SpilledCup.png -> /output/dist/zonos-elements/assets/SpilledCup.png.gz
2025/06/19 09:32:49 Optimizing /tmp/work/dist/zonos-elements/assets/ShoppingCart.png
Input size: 26324 (25K)
Result size: 24853 (24K). Percentage of original: 94.412%
Result is smaller


2025/06/19 09:32:49 algorithm: run /usr/bin/brotli --quality=11 --output=/output/dist/zonos-elements/assets/ShoppingCart.png.br /tmp/work/dist/zonos-elements/assets/ShoppingCart.png
2025/06/19 09:32:50 br /tmp/work/dist/zonos-elements/assets/ShoppingCart.png -> /output/dist/zonos-elements/assets/ShoppingCart.png.br
2025/06/19 09:32:50 gz /tmp/work/dist/zonos-elements/assets/ShoppingCart.png -> /output/dist/zonos-elements/assets/ShoppingCart.png.gz
2025/06/19 09:32:54 Optimizing /tmp/work/dist/zonos-elements/assets/TaxId.png
Input size: 30177 (29K)
Result size: 28115 (27K). Percentage of original: 93.167%
Result is smaller


2025/06/19 09:32:54 algorithm: run /usr/bin/brotli --quality=11 --output=/output/dist/zonos-elements/assets/TaxId.png.br /tmp/work/dist/zonos-elements/assets/TaxId.png
2025/06/19 09:32:54 br /tmp/work/dist/zonos-elements/assets/TaxId.png -> /output/dist/zonos-elements/assets/TaxId.png.br
2025/06/19 09:32:54 gz /tmp/work/dist/zonos-elements/assets/TaxId.png -> /output/dist/zonos-elements/assets/TaxId.png.gz
2025/06/19 09:32:56 Optimizing /tmp/work/dist/zonos-elements/assets/Truck.png
Input size: 29661 (28K)
Result size: 27690 (27K). Percentage of original: 93.355%
Result is smaller


2025/06/19 09:32:56 algorithm: run /usr/bin/brotli --quality=11 --output=/output/dist/zonos-elements/assets/Truck.png.br /tmp/work/dist/zonos-elements/assets/Truck.png
2025/06/19 09:32:56 br /tmp/work/dist/zonos-elements/assets/Truck.png -> /output/dist/zonos-elements/assets/Truck.png.br
2025/06/19 09:32:56 gz /tmp/work/dist/zonos-elements/assets/Truck.png -> /output/dist/zonos-elements/assets/Truck.png.gz
2025/06/19 09:33:01 Optimizing /tmp/work/dist/zonos-elements/assets/Warning.png
Input size: 33593 (32K)
Result size: 31256 (30K). Percentage of original: 93.043%
Result is smaller


2025/06/19 09:33:01 algorithm: run /usr/bin/brotli --quality=11 --output=/output/dist/zonos-elements/assets/Warning.png.br /tmp/work/dist/zonos-elements/assets/Warning.png
2025/06/19 09:33:02 br /tmp/work/dist/zonos-elements/assets/Warning.png -> /output/dist/zonos-elements/assets/Warning.png.br
2025/06/19 09:33:02 gz /tmp/work/dist/zonos-elements/assets/Warning.png -> /output/dist/zonos-elements/assets/Warning.png.gz
2025/06/19 09:33:04 Optimizing /tmp/work/dist/zonos-elements/assets/Switch.png
Input size: 24515 (23K)
Result size: 22614 (22K). Percentage of original: 92.246%
Result is smaller


2025/06/19 09:33:04 algorithm: run /usr/bin/brotli --quality=11 --output=/output/dist/zonos-elements/assets/Switch.png.br /tmp/work/dist/zonos-elements/assets/Switch.png
2025/06/19 09:33:04 br /tmp/work/dist/zonos-elements/assets/Switch.png -> /output/dist/zonos-elements/assets/Switch.png.br
2025/06/19 09:33:04 gz /tmp/work/dist/zonos-elements/assets/Switch.png -> /output/dist/zonos-elements/assets/Switch.png.gz
2025/06/19 09:33:04 processed zonos-elements
