Files:
- clerk-js/5.93.1-canary.v20250914184346/192_clerk.browser_5e34b4_5.93.1-canary.v20250914184346.js.br
- clerk-js/5.93.1-canary.v20250914184346/192_clerk.browser_5e34b4_5.93.1-canary.v20250914184346.js.gz
- clerk-js/5.93.1-canary.v20250914184346/192_clerk.browser_5e34b4_5.93.1-canary.v20250914184346.js.sri
- clerk-js/5.93.1-canary.v20250914184346/192_clerk.browser_5e34b4_5.93.1-canary.v20250914184346.min.js.br
- clerk-js/5.93.1-canary.v20250914184346/192_clerk.browser_5e34b4_5.93.1-canary.v20250914184346.min.js.gz
- clerk-js/5.93.1-canary.v20250914184346/192_clerk.browser_5e34b4_5.93.1-canary.v20250914184346.min.js.sri
- clerk-js/5.93.1-canary.v20250914184346/192_clerk.chips.browser_e76119_5.93.1-canary.v20250914184346.js.br
- clerk-js/5.93.1-canary.v20250914184346/192_clerk.chips.browser_e76119_5.93.1-canary.v20250914184346.js.gz
- clerk-js/5.93.1-canary.v20250914184346/192_clerk.chips.browser_e76119_5.93.1-canary.v20250914184346.js.sri
- clerk-js/5.93.1-canary.v20250914184346/192_clerk.chips.browser_e76119_5.93.1-canary.v20250914184346.min.js.br
- clerk-js/5.93.1-canary.v20250914184346/192_clerk.chips.browser_e76119_5.93.1-canary.v20250914184346.min.js.gz
- clerk-js/5.93.1-canary.v20250914184346/192_clerk.chips.browser_e76119_5.93.1-canary.v20250914184346.min.js.sri
- clerk-js/5.93.1-canary.v20250914184346/192_clerk.legacy.browser_362f59_5.93.1-canary.v20250914184346.js.br
- clerk-js/5.93.1-canary.v20250914184346/192_clerk.legacy.browser_362f59_5.93.1-canary.v20250914184346.js.gz
- clerk-js/5.93.1-canary.v20250914184346/192_clerk.legacy.browser_362f59_5.93.1-canary.v20250914184346.js.sri
- clerk-js/5.93.1-canary.v20250914184346/192_clerk.legacy.browser_362f59_5.93.1-canary.v20250914184346.min.js.br
- clerk-js/5.93.1-canary.v20250914184346/192_clerk.legacy.browser_362f59_5.93.1-canary.v20250914184346.min.js.gz
- clerk-js/5.93.1-canary.v20250914184346/192_clerk.legacy.browser_362f59_5.93.1-canary.v20250914184346.min.js.sri
- clerk-js/5.93.1-canary.v20250914184346/294_clerk.browser_5e34b4_5.93.1-canary.v20250914184346.js.br
- clerk-js/5.93.1-canary.v20250914184346/294_clerk.browser_5e34b4_5.93.1-canary.v20250914184346.js.gz
- clerk-js/5.93.1-canary.v20250914184346/294_clerk.browser_5e34b4_5.93.1-canary.v20250914184346.js.sri
- clerk-js/5.93.1-canary.v20250914184346/294_clerk.browser_5e34b4_5.93.1-canary.v20250914184346.min.js.br
- clerk-js/5.93.1-canary.v20250914184346/294_clerk.browser_5e34b4_5.93.1-canary.v20250914184346.min.js.gz
- clerk-js/5.93.1-canary.v20250914184346/294_clerk.browser_5e34b4_5.93.1-canary.v20250914184346.min.js.sri
- clerk-js/5.93.1-canary.v20250914184346/294_clerk.chips.browser_e76119_5.93.1-canary.v20250914184346.js.br
- clerk-js/5.93.1-canary.v20250914184346/294_clerk.chips.browser_e76119_5.93.1-canary.v20250914184346.js.gz
- clerk-js/5.93.1-canary.v20250914184346/294_clerk.chips.browser_e76119_5.93.1-canary.v20250914184346.js.sri
- clerk-js/5.93.1-canary.v20250914184346/294_clerk.chips.browser_e76119_5.93.1-canary.v20250914184346.min.js.br
- clerk-js/5.93.1-canary.v20250914184346/294_clerk.chips.browser_e76119_5.93.1-canary.v20250914184346.min.js.gz
- clerk-js/5.93.1-canary.v20250914184346/294_clerk.chips.browser_e76119_5.93.1-canary.v20250914184346.min.js.sri
- clerk-js/5.93.1-canary.v20250914184346/294_clerk.legacy.browser_362f59_5.93.1-canary.v20250914184346.js.br
- clerk-js/5.93.1-canary.v20250914184346/294_clerk.legacy.browser_362f59_5.93.1-canary.v20250914184346.js.gz
- clerk-js/5.93.1-canary.v20250914184346/294_clerk.legacy.browser_362f59_5.93.1-canary.v20250914184346.js.sri
- clerk-js/5.93.1-canary.v20250914184346/294_clerk.legacy.browser_362f59_5.93.1-canary.v20250914184346.min.js.br
- clerk-js/5.93.1-canary.v20250914184346/294_clerk.legacy.browser_362f59_5.93.1-canary.v20250914184346.min.js.gz
- clerk-js/5.93.1-canary.v20250914184346/294_clerk.legacy.browser_362f59_5.93.1-canary.v20250914184346.min.js.sri
- clerk-js/5.93.1-canary.v20250914184346/368_clerk.headless_7224e4_5.93.1-canary.v20250914184346.js.br
- clerk-js/5.93.1-canary.v20250914184346/368_clerk.headless_7224e4_5.93.1-canary.v20250914184346.js.gz
- clerk-js/5.93.1-canary.v20250914184346/368_clerk.headless_7224e4_5.93.1-canary.v20250914184346.js.sri
- clerk-js/5.93.1-canary.v20250914184346/368_clerk.headless_7224e4_5.93.1-canary.v20250914184346.min.js.br
- clerk-js/5.93.1-canary.v20250914184346/368_clerk.headless_7224e4_5.93.1-canary.v20250914184346.min.js.gz
- clerk-js/5.93.1-canary.v20250914184346/368_clerk.headless_7224e4_5.93.1-canary.v20250914184346.min.js.sri
- clerk-js/5.93.1-canary.v20250914184346/36_clerk.headless_7224e4_5.93.1-canary.v20250914184346.js.br
- clerk-js/5.93.1-canary.v20250914184346/36_clerk.headless_7224e4_5.93.1-canary.v20250914184346.js.gz
- clerk-js/5.93.1-canary.v20250914184346/36_clerk.headless_7224e4_5.93.1-canary.v20250914184346.js.sri
- clerk-js/5.93.1-canary.v20250914184346/36_clerk.headless_7224e4_5.93.1-canary.v20250914184346.min.js.br
- clerk-js/5.93.1-canary.v20250914184346/36_clerk.headless_7224e4_5.93.1-canary.v20250914184346.min.js.gz
- clerk-js/5.93.1-canary.v20250914184346/36_clerk.headless_7224e4_5.93.1-canary.v20250914184346.min.js.sri
- clerk-js/5.93.1-canary.v20250914184346/377_clerk.headless_7224e4_5.93.1-canary.v20250914184346.js.br
- clerk-js/5.93.1-canary.v20250914184346/377_clerk.headless_7224e4_5.93.1-canary.v20250914184346.js.gz
- clerk-js/5.93.1-canary.v20250914184346/377_clerk.headless_7224e4_5.93.1-canary.v20250914184346.js.sri
- clerk-js/5.93.1-canary.v20250914184346/377_clerk.headless_7224e4_5.93.1-canary.v20250914184346.min.js.br
- clerk-js/5.93.1-canary.v20250914184346/377_clerk.headless_7224e4_5.93.1-canary.v20250914184346.min.js.gz
- clerk-js/5.93.1-canary.v20250914184346/377_clerk.headless_7224e4_5.93.1-canary.v20250914184346.min.js.sri
- clerk-js/5.93.1-canary.v20250914184346/43_clerk.legacy.browser_362f59_5.93.1-canary.v20250914184346.js.br
- clerk-js/5.93.1-canary.v20250914184346/43_clerk.legacy.browser_362f59_5.93.1-canary.v20250914184346.js.gz
- clerk-js/5.93.1-canary.v20250914184346/43_clerk.legacy.browser_362f59_5.93.1-canary.v20250914184346.js.sri
- clerk-js/5.93.1-canary.v20250914184346/43_clerk.legacy.browser_362f59_5.93.1-canary.v20250914184346.min.js.br
- clerk-js/5.93.1-canary.v20250914184346/43_clerk.legacy.browser_362f59_5.93.1-canary.v20250914184346.min.js.gz
- clerk-js/5.93.1-canary.v20250914184346/43_clerk.legacy.browser_362f59_5.93.1-canary.v20250914184346.min.js.sri
- clerk-js/5.93.1-canary.v20250914184346/503_clerk.headless_7224e4_5.93.1-canary.v20250914184346.js.br
- clerk-js/5.93.1-canary.v20250914184346/503_clerk.headless_7224e4_5.93.1-canary.v20250914184346.js.gz
- clerk-js/5.93.1-canary.v20250914184346/503_clerk.headless_7224e4_5.93.1-canary.v20250914184346.js.sri
- clerk-js/5.93.1-canary.v20250914184346/503_clerk.headless_7224e4_5.93.1-canary.v20250914184346.min.js.br
- clerk-js/5.93.1-canary.v20250914184346/503_clerk.headless_7224e4_5.93.1-canary.v20250914184346.min.js.gz
- clerk-js/5.93.1-canary.v20250914184346/503_clerk.headless_7224e4_5.93.1-canary.v20250914184346.min.js.sri
- clerk-js/5.93.1-canary.v20250914184346/553_clerk.headless_7224e4_5.93.1-canary.v20250914184346.js.br
- clerk-js/5.93.1-canary.v20250914184346/553_clerk.headless_7224e4_5.93.1-canary.v20250914184346.js.gz
- clerk-js/5.93.1-canary.v20250914184346/553_clerk.headless_7224e4_5.93.1-canary.v20250914184346.js.sri
- clerk-js/5.93.1-canary.v20250914184346/553_clerk.headless_7224e4_5.93.1-canary.v20250914184346.min.js.br
- clerk-js/5.93.1-canary.v20250914184346/553_clerk.headless_7224e4_5.93.1-canary.v20250914184346.min.js.gz
- clerk-js/5.93.1-canary.v20250914184346/553_clerk.headless_7224e4_5.93.1-canary.v20250914184346.min.js.sri
- clerk-js/5.93.1-canary.v20250914184346/645_clerk.browser_5e34b4_5.93.1-canary.v20250914184346.js.br
- clerk-js/5.93.1-canary.v20250914184346/645_clerk.browser_5e34b4_5.93.1-canary.v20250914184346.js.gz
- clerk-js/5.93.1-canary.v20250914184346/645_clerk.browser_5e34b4_5.93.1-canary.v20250914184346.js.sri
- clerk-js/5.93.1-canary.v20250914184346/645_clerk.browser_5e34b4_5.93.1-canary.v20250914184346.min.js.br
- clerk-js/5.93.1-canary.v20250914184346/645_clerk.browser_5e34b4_5.93.1-canary.v20250914184346.min.js.gz
- clerk-js/5.93.1-canary.v20250914184346/645_clerk.browser_5e34b4_5.93.1-canary.v20250914184346.min.js.sri
- clerk-js/5.93.1-canary.v20250914184346/645_clerk.chips.browser_e76119_5.93.1-canary.v20250914184346.js.br
- clerk-js/5.93.1-canary.v20250914184346/645_clerk.chips.browser_e76119_5.93.1-canary.v20250914184346.js.gz
- clerk-js/5.93.1-canary.v20250914184346/645_clerk.chips.browser_e76119_5.93.1-canary.v20250914184346.js.sri
- clerk-js/5.93.1-canary.v20250914184346/645_clerk.chips.browser_e76119_5.93.1-canary.v20250914184346.min.js.br
- clerk-js/5.93.1-canary.v20250914184346/645_clerk.chips.browser_e76119_5.93.1-canary.v20250914184346.min.js.gz
- clerk-js/5.93.1-canary.v20250914184346/645_clerk.chips.browser_e76119_5.93.1-canary.v20250914184346.min.js.sri
- clerk-js/5.93.1-canary.v20250914184346/645_clerk.legacy.browser_362f59_5.93.1-canary.v20250914184346.js.br
- clerk-js/5.93.1-canary.v20250914184346/645_clerk.legacy.browser_362f59_5.93.1-canary.v20250914184346.js.gz
- clerk-js/5.93.1-canary.v20250914184346/645_clerk.legacy.browser_362f59_5.93.1-canary.v20250914184346.js.sri
- clerk-js/5.93.1-canary.v20250914184346/645_clerk.legacy.browser_362f59_5.93.1-canary.v20250914184346.min.js.br
- clerk-js/5.93.1-canary.v20250914184346/645_clerk.legacy.browser_362f59_5.93.1-canary.v20250914184346.min.js.gz
- clerk-js/5.93.1-canary.v20250914184346/645_clerk.legacy.browser_362f59_5.93.1-canary.v20250914184346.min.js.sri
- clerk-js/5.93.1-canary.v20250914184346/66_clerk.browser_5e34b4_5.93.1-canary.v20250914184346.js.br
- clerk-js/5.93.1-canary.v20250914184346/66_clerk.browser_5e34b4_5.93.1-canary.v20250914184346.js.gz
- clerk-js/5.93.1-canary.v20250914184346/66_clerk.browser_5e34b4_5.93.1-canary.v20250914184346.js.sri
- clerk-js/5.93.1-canary.v20250914184346/66_clerk.browser_5e34b4_5.93.1-canary.v20250914184346.min.js.br
- clerk-js/5.93.1-canary.v20250914184346/66_clerk.browser_5e34b4_5.93.1-canary.v20250914184346.min.js.gz
- clerk-js/5.93.1-canary.v20250914184346/66_clerk.browser_5e34b4_5.93.1-canary.v20250914184346.min.js.sri
- clerk-js/5.93.1-canary.v20250914184346/66_clerk.chips.browser_e76119_5.93.1-canary.v20250914184346.js.br
- clerk-js/5.93.1-canary.v20250914184346/66_clerk.chips.browser_e76119_5.93.1-canary.v20250914184346.js.gz
- clerk-js/5.93.1-canary.v20250914184346/66_clerk.chips.browser_e76119_5.93.1-canary.v20250914184346.js.sri
- clerk-js/5.93.1-canary.v20250914184346/66_clerk.chips.browser_e76119_5.93.1-canary.v20250914184346.min.js.br
- clerk-js/5.93.1-canary.v20250914184346/66_clerk.chips.browser_e76119_5.93.1-canary.v20250914184346.min.js.gz
- clerk-js/5.93.1-canary.v20250914184346/66_clerk.chips.browser_e76119_5.93.1-canary.v20250914184346.min.js.sri
- clerk-js/5.93.1-canary.v20250914184346/66_clerk.legacy.browser_362f59_5.93.1-canary.v20250914184346.js.br
- clerk-js/5.93.1-canary.v20250914184346/66_clerk.legacy.browser_362f59_5.93.1-canary.v20250914184346.js.gz
- clerk-js/5.93.1-canary.v20250914184346/66_clerk.legacy.browser_362f59_5.93.1-canary.v20250914184346.js.sri
- clerk-js/5.93.1-canary.v20250914184346/66_clerk.legacy.browser_362f59_5.93.1-canary.v20250914184346.min.js.br
- clerk-js/5.93.1-canary.v20250914184346/66_clerk.legacy.browser_362f59_5.93.1-canary.v20250914184346.min.js.gz
- clerk-js/5.93.1-canary.v20250914184346/66_clerk.legacy.browser_362f59_5.93.1-canary.v20250914184346.min.js.sri
- clerk-js/5.93.1-canary.v20250914184346/785_clerk.headless.browser_08fcc5_5.93.1-canary.v20250914184346.js.br
- clerk-js/5.93.1-canary.v20250914184346/785_clerk.headless.browser_08fcc5_5.93.1-canary.v20250914184346.js.gz
- clerk-js/5.93.1-canary.v20250914184346/785_clerk.headless.browser_08fcc5_5.93.1-canary.v20250914184346.js.sri
- clerk-js/5.93.1-canary.v20250914184346/785_clerk.headless.browser_08fcc5_5.93.1-canary.v20250914184346.min.js.br
- clerk-js/5.93.1-canary.v20250914184346/785_clerk.headless.browser_08fcc5_5.93.1-canary.v20250914184346.min.js.gz
- clerk-js/5.93.1-canary.v20250914184346/785_clerk.headless.browser_08fcc5_5.93.1-canary.v20250914184346.min.js.sri
- clerk-js/5.93.1-canary.v20250914184346/785_clerk.headless_7224e4_5.93.1-canary.v20250914184346.js.br
- clerk-js/5.93.1-canary.v20250914184346/785_clerk.headless_7224e4_5.93.1-canary.v20250914184346.js.gz
- clerk-js/5.93.1-canary.v20250914184346/785_clerk.headless_7224e4_5.93.1-canary.v20250914184346.js.sri
- clerk-js/5.93.1-canary.v20250914184346/785_clerk.headless_7224e4_5.93.1-canary.v20250914184346.min.js.br
- clerk-js/5.93.1-canary.v20250914184346/785_clerk.headless_7224e4_5.93.1-canary.v20250914184346.min.js.gz
- clerk-js/5.93.1-canary.v20250914184346/785_clerk.headless_7224e4_5.93.1-canary.v20250914184346.min.js.sri
- clerk-js/5.93.1-canary.v20250914184346/890_clerk.headless_7224e4_5.93.1-canary.v20250914184346.js.br
- clerk-js/5.93.1-canary.v20250914184346/890_clerk.headless_7224e4_5.93.1-canary.v20250914184346.js.gz
- clerk-js/5.93.1-canary.v20250914184346/890_clerk.headless_7224e4_5.93.1-canary.v20250914184346.js.sri
- clerk-js/5.93.1-canary.v20250914184346/890_clerk.headless_7224e4_5.93.1-canary.v20250914184346.min.js.br
- clerk-js/5.93.1-canary.v20250914184346/890_clerk.headless_7224e4_5.93.1-canary.v20250914184346.min.js.gz
- clerk-js/5.93.1-canary.v20250914184346/890_clerk.headless_7224e4_5.93.1-canary.v20250914184346.min.js.sri
- clerk-js/5.93.1-canary.v20250914184346/apiKeys_clerk.browser_5e34b4_5.93.1-canary.v20250914184346.js.br
- clerk-js/5.93.1-canary.v20250914184346/apiKeys_clerk.browser_5e34b4_5.93.1-canary.v20250914184346.js.gz
- clerk-js/5.93.1-canary.v20250914184346/apiKeys_clerk.browser_5e34b4_5.93.1-canary.v20250914184346.js.sri
- clerk-js/5.93.1-canary.v20250914184346/apiKeys_clerk.browser_5e34b4_5.93.1-canary.v20250914184346.min.js.br
- clerk-js/5.93.1-canary.v20250914184346/apiKeys_clerk.browser_5e34b4_5.93.1-canary.v20250914184346.min.js.gz
- clerk-js/5.93.1-canary.v20250914184346/apiKeys_clerk.browser_5e34b4_5.93.1-canary.v20250914184346.min.js.sri
- clerk-js/5.93.1-canary.v20250914184346/apiKeys_clerk.chips.browser_e76119_5.93.1-canary.v20250914184346.js.br
- clerk-js/5.93.1-canary.v20250914184346/apiKeys_clerk.chips.browser_e76119_5.93.1-canary.v20250914184346.js.gz
- clerk-js/5.93.1-canary.v20250914184346/apiKeys_clerk.chips.browser_e76119_5.93.1-canary.v20250914184346.js.sri
- clerk-js/5.93.1-canary.v20250914184346/apiKeys_clerk.chips.browser_e76119_5.93.1-canary.v20250914184346.min.js.br
- clerk-js/5.93.1-canary.v20250914184346/apiKeys_clerk.chips.browser_e76119_5.93.1-canary.v20250914184346.min.js.gz
- clerk-js/5.93.1-canary.v20250914184346/apiKeys_clerk.chips.browser_e76119_5.93.1-canary.v20250914184346.min.js.sri
- clerk-js/5.93.1-canary.v20250914184346/apiKeys_clerk.legacy.browser_362f59_5.93.1-canary.v20250914184346.js.br
- clerk-js/5.93.1-canary.v20250914184346/apiKeys_clerk.legacy.browser_362f59_5.93.1-canary.v20250914184346.js.gz
- clerk-js/5.93.1-canary.v20250914184346/apiKeys_clerk.legacy.browser_362f59_5.93.1-canary.v20250914184346.js.sri
- clerk-js/5.93.1-canary.v20250914184346/apiKeys_clerk.legacy.browser_362f59_5.93.1-canary.v20250914184346.min.js.br
- clerk-js/5.93.1-canary.v20250914184346/apiKeys_clerk.legacy.browser_362f59_5.93.1-canary.v20250914184346.min.js.gz
- clerk-js/5.93.1-canary.v20250914184346/apiKeys_clerk.legacy.browser_362f59_5.93.1-canary.v20250914184346.min.js.sri
- clerk-js/5.93.1-canary.v20250914184346/base-account-sdk_clerk.browser_5e34b4_5.93.1-canary.v20250914184346.js.br
- clerk-js/5.93.1-canary.v20250914184346/base-account-sdk_clerk.browser_5e34b4_5.93.1-canary.v20250914184346.js.gz
- clerk-js/5.93.1-canary.v20250914184346/base-account-sdk_clerk.browser_5e34b4_5.93.1-canary.v20250914184346.js.sri
- clerk-js/5.93.1-canary.v20250914184346/base-account-sdk_clerk.browser_5e34b4_5.93.1-canary.v20250914184346.min.js.br
- clerk-js/5.93.1-canary.v20250914184346/base-account-sdk_clerk.browser_5e34b4_5.93.1-canary.v20250914184346.min.js.gz
- clerk-js/5.93.1-canary.v20250914184346/base-account-sdk_clerk.browser_5e34b4_5.93.1-canary.v20250914184346.min.js.sri
- clerk-js/5.93.1-canary.v20250914184346/base-account-sdk_clerk.chips.browser_e76119_5.93.1-canary.v20250914184346.js.br
- clerk-js/5.93.1-canary.v20250914184346/base-account-sdk_clerk.chips.browser_e76119_5.93.1-canary.v20250914184346.js.gz
- clerk-js/5.93.1-canary.v20250914184346/base-account-sdk_clerk.chips.browser_e76119_5.93.1-canary.v20250914184346.js.sri
- clerk-js/5.93.1-canary.v20250914184346/base-account-sdk_clerk.chips.browser_e76119_5.93.1-canary.v20250914184346.min.js.br
- clerk-js/5.93.1-canary.v20250914184346/base-account-sdk_clerk.chips.browser_e76119_5.93.1-canary.v20250914184346.min.js.gz
- clerk-js/5.93.1-canary.v20250914184346/base-account-sdk_clerk.chips.browser_e76119_5.93.1-canary.v20250914184346.min.js.sri
- clerk-js/5.93.1-canary.v20250914184346/base-account-sdk_clerk.headless.browser_08fcc5_5.93.1-canary.v20250914184346.js.br
- clerk-js/5.93.1-canary.v20250914184346/base-account-sdk_clerk.headless.browser_08fcc5_5.93.1-canary.v20250914184346.js.gz
- clerk-js/5.93.1-canary.v20250914184346/base-account-sdk_clerk.headless.browser_08fcc5_5.93.1-canary.v20250914184346.js.sri
- clerk-js/5.93.1-canary.v20250914184346/base-account-sdk_clerk.headless.browser_08fcc5_5.93.1-canary.v20250914184346.min.js.br
- clerk-js/5.93.1-canary.v20250914184346/base-account-sdk_clerk.headless.browser_08fcc5_5.93.1-canary.v20250914184346.min.js.gz
- clerk-js/5.93.1-canary.v20250914184346/base-account-sdk_clerk.headless.browser_08fcc5_5.93.1-canary.v20250914184346.min.js.sri
- clerk-js/5.93.1-canary.v20250914184346/base-account-sdk_clerk.legacy.browser_362f59_5.93.1-canary.v20250914184346.js.br
- clerk-js/5.93.1-canary.v20250914184346/base-account-sdk_clerk.legacy.browser_362f59_5.93.1-canary.v20250914184346.js.gz
- clerk-js/5.93.1-canary.v20250914184346/base-account-sdk_clerk.legacy.browser_362f59_5.93.1-canary.v20250914184346.js.sri
- clerk-js/5.93.1-canary.v20250914184346/base-account-sdk_clerk.legacy.browser_362f59_5.93.1-canary.v20250914184346.min.js.br
- clerk-js/5.93.1-canary.v20250914184346/base-account-sdk_clerk.legacy.browser_362f59_5.93.1-canary.v20250914184346.min.js.gz
- clerk-js/5.93.1-canary.v20250914184346/base-account-sdk_clerk.legacy.browser_362f59_5.93.1-canary.v20250914184346.min.js.sri
- clerk-js/5.93.1-canary.v20250914184346/blankcaptcha_clerk.browser_5e34b4_5.93.1-canary.v20250914184346.js.br
- clerk-js/5.93.1-canary.v20250914184346/blankcaptcha_clerk.browser_5e34b4_5.93.1-canary.v20250914184346.js.gz
- clerk-js/5.93.1-canary.v20250914184346/blankcaptcha_clerk.browser_5e34b4_5.93.1-canary.v20250914184346.js.sri
- clerk-js/5.93.1-canary.v20250914184346/blankcaptcha_clerk.browser_5e34b4_5.93.1-canary.v20250914184346.min.js.br
- clerk-js/5.93.1-canary.v20250914184346/blankcaptcha_clerk.browser_5e34b4_5.93.1-canary.v20250914184346.min.js.gz
- clerk-js/5.93.1-canary.v20250914184346/blankcaptcha_clerk.browser_5e34b4_5.93.1-canary.v20250914184346.min.js.sri
- clerk-js/5.93.1-canary.v20250914184346/blankcaptcha_clerk.chips.browser_e76119_5.93.1-canary.v20250914184346.js.br
- clerk-js/5.93.1-canary.v20250914184346/blankcaptcha_clerk.chips.browser_e76119_5.93.1-canary.v20250914184346.js.gz
- clerk-js/5.93.1-canary.v20250914184346/blankcaptcha_clerk.chips.browser_e76119_5.93.1-canary.v20250914184346.js.sri
- clerk-js/5.93.1-canary.v20250914184346/blankcaptcha_clerk.chips.browser_e76119_5.93.1-canary.v20250914184346.min.js.br
- clerk-js/5.93.1-canary.v20250914184346/blankcaptcha_clerk.chips.browser_e76119_5.93.1-canary.v20250914184346.min.js.gz
- clerk-js/5.93.1-canary.v20250914184346/blankcaptcha_clerk.chips.browser_e76119_5.93.1-canary.v20250914184346.min.js.sri
- clerk-js/5.93.1-canary.v20250914184346/blankcaptcha_clerk.legacy.browser_362f59_5.93.1-canary.v20250914184346.js.br
- clerk-js/5.93.1-canary.v20250914184346/blankcaptcha_clerk.legacy.browser_362f59_5.93.1-canary.v20250914184346.js.gz
- clerk-js/5.93.1-canary.v20250914184346/blankcaptcha_clerk.legacy.browser_362f59_5.93.1-canary.v20250914184346.js.sri
- clerk-js/5.93.1-canary.v20250914184346/blankcaptcha_clerk.legacy.browser_362f59_5.93.1-canary.v20250914184346.min.js.br
- clerk-js/5.93.1-canary.v20250914184346/blankcaptcha_clerk.legacy.browser_362f59_5.93.1-canary.v20250914184346.min.js.gz
- clerk-js/5.93.1-canary.v20250914184346/blankcaptcha_clerk.legacy.browser_362f59_5.93.1-canary.v20250914184346.min.js.sri
- clerk-js/5.93.1-canary.v20250914184346/checkout_clerk.browser_5e34b4_5.93.1-canary.v20250914184346.js.br
- clerk-js/5.93.1-canary.v20250914184346/checkout_clerk.browser_5e34b4_5.93.1-canary.v20250914184346.js.gz
- clerk-js/5.93.1-canary.v20250914184346/checkout_clerk.browser_5e34b4_5.93.1-canary.v20250914184346.js.sri
- clerk-js/5.93.1-canary.v20250914184346/checkout_clerk.browser_5e34b4_5.93.1-canary.v20250914184346.min.js.br
- clerk-js/5.93.1-canary.v20250914184346/checkout_clerk.browser_5e34b4_5.93.1-canary.v20250914184346.min.js.gz
- clerk-js/5.93.1-canary.v20250914184346/checkout_clerk.browser_5e34b4_5.93.1-canary.v20250914184346.min.js.sri
- clerk-js/5.93.1-canary.v20250914184346/checkout_clerk.chips.browser_e76119_5.93.1-canary.v20250914184346.js.br
- clerk-js/5.93.1-canary.v20250914184346/checkout_clerk.chips.browser_e76119_5.93.1-canary.v20250914184346.js.gz
- clerk-js/5.93.1-canary.v20250914184346/checkout_clerk.chips.browser_e76119_5.93.1-canary.v20250914184346.js.sri
- clerk-js/5.93.1-canary.v20250914184346/checkout_clerk.chips.browser_e76119_5.93.1-canary.v20250914184346.min.js.br
- clerk-js/5.93.1-canary.v20250914184346/checkout_clerk.chips.browser_e76119_5.93.1-canary.v20250914184346.min.js.gz
- clerk-js/5.93.1-canary.v20250914184346/checkout_clerk.chips.browser_e76119_5.93.1-canary.v20250914184346.min.js.sri
- clerk-js/5.93.1-canary.v20250914184346/checkout_clerk.legacy.browser_362f59_5.93.1-canary.v20250914184346.js.br
- clerk-js/5.93.1-canary.v20250914184346/checkout_clerk.legacy.browser_362f59_5.93.1-canary.v20250914184346.js.gz
- clerk-js/5.93.1-canary.v20250914184346/checkout_clerk.legacy.browser_362f59_5.93.1-canary.v20250914184346.js.sri
- clerk-js/5.93.1-canary.v20250914184346/checkout_clerk.legacy.browser_362f59_5.93.1-canary.v20250914184346.min.js.br
- clerk-js/5.93.1-canary.v20250914184346/checkout_clerk.legacy.browser_362f59_5.93.1-canary.v20250914184346.min.js.gz
- clerk-js/5.93.1-canary.v20250914184346/checkout_clerk.legacy.browser_362f59_5.93.1-canary.v20250914184346.min.js.sri
- clerk-js/5.93.1-canary.v20250914184346/clerk.browser.js.br
- clerk-js/5.93.1-canary.v20250914184346/clerk.browser.js.gz
- clerk-js/5.93.1-canary.v20250914184346/clerk.browser.js.sri
- clerk-js/5.93.1-canary.v20250914184346/clerk.browser.min.js.br
- clerk-js/5.93.1-canary.v20250914184346/clerk.browser.min.js.gz
- clerk-js/5.93.1-canary.v20250914184346/clerk.browser.min.js.sri
- clerk-js/5.93.1-canary.v20250914184346/clerk.chips.browser.js.br
- clerk-js/5.93.1-canary.v20250914184346/clerk.chips.browser.js.gz
- clerk-js/5.93.1-canary.v20250914184346/clerk.chips.browser.js.sri
- clerk-js/5.93.1-canary.v20250914184346/clerk.chips.browser.min.js.br
- clerk-js/5.93.1-canary.v20250914184346/clerk.chips.browser.min.js.gz
- clerk-js/5.93.1-canary.v20250914184346/clerk.chips.browser.min.js.sri
- clerk-js/5.93.1-canary.v20250914184346/clerk.headless.browser.js.br
- clerk-js/5.93.1-canary.v20250914184346/clerk.headless.browser.js.gz
- clerk-js/5.93.1-canary.v20250914184346/clerk.headless.browser.js.sri
- clerk-js/5.93.1-canary.v20250914184346/clerk.headless.browser.min.js.br
- clerk-js/5.93.1-canary.v20250914184346/clerk.headless.browser.min.js.gz
- clerk-js/5.93.1-canary.v20250914184346/clerk.headless.browser.min.js.sri
- clerk-js/5.93.1-canary.v20250914184346/clerk.headless.js.br
- clerk-js/5.93.1-canary.v20250914184346/clerk.headless.js.gz
- clerk-js/5.93.1-canary.v20250914184346/clerk.headless.js.sri
- clerk-js/5.93.1-canary.v20250914184346/clerk.headless.min.js.br
- clerk-js/5.93.1-canary.v20250914184346/clerk.headless.min.js.gz
- clerk-js/5.93.1-canary.v20250914184346/clerk.headless.min.js.sri
- clerk-js/5.93.1-canary.v20250914184346/clerk.js.br
- clerk-js/5.93.1-canary.v20250914184346/clerk.js.gz
- clerk-js/5.93.1-canary.v20250914184346/clerk.js.sri
- clerk-js/5.93.1-canary.v20250914184346/clerk.legacy.browser.js.br
- clerk-js/5.93.1-canary.v20250914184346/clerk.legacy.browser.js.gz
- clerk-js/5.93.1-canary.v20250914184346/clerk.legacy.browser.js.sri
- clerk-js/5.93.1-canary.v20250914184346/clerk.legacy.browser.min.js.br
- clerk-js/5.93.1-canary.v20250914184346/clerk.legacy.browser.min.js.gz
- clerk-js/5.93.1-canary.v20250914184346/clerk.legacy.browser.min.js.sri
- clerk-js/5.93.1-canary.v20250914184346/clerk.min.js.br
- clerk-js/5.93.1-canary.v20250914184346/clerk.min.js.gz
- clerk-js/5.93.1-canary.v20250914184346/clerk.min.js.sri
- clerk-js/5.93.1-canary.v20250914184346/clerk.mjs.br
- clerk-js/5.93.1-canary.v20250914184346/clerk.mjs.gz
- clerk-js/5.93.1-canary.v20250914184346/clerk.no-rhc.js.br
- clerk-js/5.93.1-canary.v20250914184346/clerk.no-rhc.js.gz
- clerk-js/5.93.1-canary.v20250914184346/clerk.no-rhc.js.sri
- clerk-js/5.93.1-canary.v20250914184346/clerk.no-rhc.min.js.br
- clerk-js/5.93.1-canary.v20250914184346/clerk.no-rhc.min.js.gz
- clerk-js/5.93.1-canary.v20250914184346/clerk.no-rhc.min.js.sri
- clerk-js/5.93.1-canary.v20250914184346/clerk.no-rhc.mjs.br
- clerk-js/5.93.1-canary.v20250914184346/clerk.no-rhc.mjs.gz
- clerk-js/5.93.1-canary.v20250914184346/coinbase-wallet-sdk_clerk.browser_5e34b4_5.93.1-canary.v20250914184346.js.br
- clerk-js/5.93.1-canary.v20250914184346/coinbase-wallet-sdk_clerk.browser_5e34b4_5.93.1-canary.v20250914184346.js.gz
- clerk-js/5.93.1-canary.v20250914184346/coinbase-wallet-sdk_clerk.browser_5e34b4_5.93.1-canary.v20250914184346.js.sri
- clerk-js/5.93.1-canary.v20250914184346/coinbase-wallet-sdk_clerk.browser_5e34b4_5.93.1-canary.v20250914184346.min.js.br
- clerk-js/5.93.1-canary.v20250914184346/coinbase-wallet-sdk_clerk.browser_5e34b4_5.93.1-canary.v20250914184346.min.js.gz
- clerk-js/5.93.1-canary.v20250914184346/coinbase-wallet-sdk_clerk.browser_5e34b4_5.93.1-canary.v20250914184346.min.js.sri
- clerk-js/5.93.1-canary.v20250914184346/coinbase-wallet-sdk_clerk.chips.browser_e76119_5.93.1-canary.v20250914184346.js.br
- clerk-js/5.93.1-canary.v20250914184346/coinbase-wallet-sdk_clerk.chips.browser_e76119_5.93.1-canary.v20250914184346.js.gz
- clerk-js/5.93.1-canary.v20250914184346/coinbase-wallet-sdk_clerk.chips.browser_e76119_5.93.1-canary.v20250914184346.js.sri
- clerk-js/5.93.1-canary.v20250914184346/coinbase-wallet-sdk_clerk.chips.browser_e76119_5.93.1-canary.v20250914184346.min.js.br
- clerk-js/5.93.1-canary.v20250914184346/coinbase-wallet-sdk_clerk.chips.browser_e76119_5.93.1-canary.v20250914184346.min.js.gz
- clerk-js/5.93.1-canary.v20250914184346/coinbase-wallet-sdk_clerk.chips.browser_e76119_5.93.1-canary.v20250914184346.min.js.sri
- clerk-js/5.93.1-canary.v20250914184346/coinbase-wallet-sdk_clerk.headless.browser_08fcc5_5.93.1-canary.v20250914184346.js.br
- clerk-js/5.93.1-canary.v20250914184346/coinbase-wallet-sdk_clerk.headless.browser_08fcc5_5.93.1-canary.v20250914184346.js.gz
- clerk-js/5.93.1-canary.v20250914184346/coinbase-wallet-sdk_clerk.headless.browser_08fcc5_5.93.1-canary.v20250914184346.js.sri
- clerk-js/5.93.1-canary.v20250914184346/coinbase-wallet-sdk_clerk.headless.browser_08fcc5_5.93.1-canary.v20250914184346.min.js.br
- clerk-js/5.93.1-canary.v20250914184346/coinbase-wallet-sdk_clerk.headless.browser_08fcc5_5.93.1-canary.v20250914184346.min.js.gz
- clerk-js/5.93.1-canary.v20250914184346/coinbase-wallet-sdk_clerk.headless.browser_08fcc5_5.93.1-canary.v20250914184346.min.js.sri
- clerk-js/5.93.1-canary.v20250914184346/coinbase-wallet-sdk_clerk.legacy.browser_362f59_5.93.1-canary.v20250914184346.js.br
- clerk-js/5.93.1-canary.v20250914184346/coinbase-wallet-sdk_clerk.legacy.browser_362f59_5.93.1-canary.v20250914184346.js.gz
- clerk-js/5.93.1-canary.v20250914184346/coinbase-wallet-sdk_clerk.legacy.browser_362f59_5.93.1-canary.v20250914184346.js.sri
- clerk-js/5.93.1-canary.v20250914184346/coinbase-wallet-sdk_clerk.legacy.browser_362f59_5.93.1-canary.v20250914184346.min.js.br
- clerk-js/5.93.1-canary.v20250914184346/coinbase-wallet-sdk_clerk.legacy.browser_362f59_5.93.1-canary.v20250914184346.min.js.gz
- clerk-js/5.93.1-canary.v20250914184346/coinbase-wallet-sdk_clerk.legacy.browser_362f59_5.93.1-canary.v20250914184346.min.js.sri
- clerk-js/5.93.1-canary.v20250914184346/cookieSuffix_clerk.browser_5e34b4_5.93.1-canary.v20250914184346.js.br
- clerk-js/5.93.1-canary.v20250914184346/cookieSuffix_clerk.browser_5e34b4_5.93.1-canary.v20250914184346.js.gz
- clerk-js/5.93.1-canary.v20250914184346/cookieSuffix_clerk.browser_5e34b4_5.93.1-canary.v20250914184346.js.sri
- clerk-js/5.93.1-canary.v20250914184346/cookieSuffix_clerk.browser_5e34b4_5.93.1-canary.v20250914184346.min.js.br
- clerk-js/5.93.1-canary.v20250914184346/cookieSuffix_clerk.browser_5e34b4_5.93.1-canary.v20250914184346.min.js.gz
- clerk-js/5.93.1-canary.v20250914184346/cookieSuffix_clerk.browser_5e34b4_5.93.1-canary.v20250914184346.min.js.sri
- clerk-js/5.93.1-canary.v20250914184346/cookieSuffix_clerk.chips.browser_e76119_5.93.1-canary.v20250914184346.js.br
- clerk-js/5.93.1-canary.v20250914184346/cookieSuffix_clerk.chips.browser_e76119_5.93.1-canary.v20250914184346.js.gz
- clerk-js/5.93.1-canary.v20250914184346/cookieSuffix_clerk.chips.browser_e76119_5.93.1-canary.v20250914184346.js.sri
- clerk-js/5.93.1-canary.v20250914184346/cookieSuffix_clerk.chips.browser_e76119_5.93.1-canary.v20250914184346.min.js.br
- clerk-js/5.93.1-canary.v20250914184346/cookieSuffix_clerk.chips.browser_e76119_5.93.1-canary.v20250914184346.min.js.gz
- clerk-js/5.93.1-canary.v20250914184346/cookieSuffix_clerk.chips.browser_e76119_5.93.1-canary.v20250914184346.min.js.sri
- clerk-js/5.93.1-canary.v20250914184346/cookieSuffix_clerk.headless.browser_08fcc5_5.93.1-canary.v20250914184346.js.br
- clerk-js/5.93.1-canary.v20250914184346/cookieSuffix_clerk.headless.browser_08fcc5_5.93.1-canary.v20250914184346.js.gz
- clerk-js/5.93.1-canary.v20250914184346/cookieSuffix_clerk.headless.browser_08fcc5_5.93.1-canary.v20250914184346.js.sri
- clerk-js/5.93.1-canary.v20250914184346/cookieSuffix_clerk.headless.browser_08fcc5_5.93.1-canary.v20250914184346.min.js.br
- clerk-js/5.93.1-canary.v20250914184346/cookieSuffix_clerk.headless.browser_08fcc5_5.93.1-canary.v20250914184346.min.js.gz
- clerk-js/5.93.1-canary.v20250914184346/cookieSuffix_clerk.headless.browser_08fcc5_5.93.1-canary.v20250914184346.min.js.sri
- clerk-js/5.93.1-canary.v20250914184346/cookieSuffix_clerk.headless_7224e4_5.93.1-canary.v20250914184346.js.br
- clerk-js/5.93.1-canary.v20250914184346/cookieSuffix_clerk.headless_7224e4_5.93.1-canary.v20250914184346.js.gz
- clerk-js/5.93.1-canary.v20250914184346/cookieSuffix_clerk.headless_7224e4_5.93.1-canary.v20250914184346.js.sri
- clerk-js/5.93.1-canary.v20250914184346/cookieSuffix_clerk.headless_7224e4_5.93.1-canary.v20250914184346.min.js.br
- clerk-js/5.93.1-canary.v20250914184346/cookieSuffix_clerk.headless_7224e4_5.93.1-canary.v20250914184346.min.js.gz
- clerk-js/5.93.1-canary.v20250914184346/cookieSuffix_clerk.headless_7224e4_5.93.1-canary.v20250914184346.min.js.sri
- clerk-js/5.93.1-canary.v20250914184346/cookieSuffix_clerk.legacy.browser_362f59_5.93.1-canary.v20250914184346.js.br
- clerk-js/5.93.1-canary.v20250914184346/cookieSuffix_clerk.legacy.browser_362f59_5.93.1-canary.v20250914184346.js.gz
- clerk-js/5.93.1-canary.v20250914184346/cookieSuffix_clerk.legacy.browser_362f59_5.93.1-canary.v20250914184346.js.sri
- clerk-js/5.93.1-canary.v20250914184346/cookieSuffix_clerk.legacy.browser_362f59_5.93.1-canary.v20250914184346.min.js.br
- clerk-js/5.93.1-canary.v20250914184346/cookieSuffix_clerk.legacy.browser_362f59_5.93.1-canary.v20250914184346.min.js.gz
- clerk-js/5.93.1-canary.v20250914184346/cookieSuffix_clerk.legacy.browser_362f59_5.93.1-canary.v20250914184346.min.js.sri
- clerk-js/5.93.1-canary.v20250914184346/createorganization_clerk.browser_5e34b4_5.93.1-canary.v20250914184346.js.br
- clerk-js/5.93.1-canary.v20250914184346/createorganization_clerk.browser_5e34b4_5.93.1-canary.v20250914184346.js.gz
- clerk-js/5.93.1-canary.v20250914184346/createorganization_clerk.browser_5e34b4_5.93.1-canary.v20250914184346.js.sri
- clerk-js/5.93.1-canary.v20250914184346/createorganization_clerk.browser_5e34b4_5.93.1-canary.v20250914184346.min.js.br
- clerk-js/5.93.1-canary.v20250914184346/createorganization_clerk.browser_5e34b4_5.93.1-canary.v20250914184346.min.js.gz
- clerk-js/5.93.1-canary.v20250914184346/createorganization_clerk.browser_5e34b4_5.93.1-canary.v20250914184346.min.js.sri
- clerk-js/5.93.1-canary.v20250914184346/createorganization_clerk.chips.browser_e76119_5.93.1-canary.v20250914184346.js.br
- clerk-js/5.93.1-canary.v20250914184346/createorganization_clerk.chips.browser_e76119_5.93.1-canary.v20250914184346.js.gz
- clerk-js/5.93.1-canary.v20250914184346/createorganization_clerk.chips.browser_e76119_5.93.1-canary.v20250914184346.js.sri
- clerk-js/5.93.1-canary.v20250914184346/createorganization_clerk.chips.browser_e76119_5.93.1-canary.v20250914184346.min.js.br
- clerk-js/5.93.1-canary.v20250914184346/createorganization_clerk.chips.browser_e76119_5.93.1-canary.v20250914184346.min.js.gz
- clerk-js/5.93.1-canary.v20250914184346/createorganization_clerk.chips.browser_e76119_5.93.1-canary.v20250914184346.min.js.sri
- clerk-js/5.93.1-canary.v20250914184346/createorganization_clerk.legacy.browser_362f59_5.93.1-canary.v20250914184346.js.br
- clerk-js/5.93.1-canary.v20250914184346/createorganization_clerk.legacy.browser_362f59_5.93.1-canary.v20250914184346.js.gz
- clerk-js/5.93.1-canary.v20250914184346/createorganization_clerk.legacy.browser_362f59_5.93.1-canary.v20250914184346.js.sri
- clerk-js/5.93.1-canary.v20250914184346/createorganization_clerk.legacy.browser_362f59_5.93.1-canary.v20250914184346.min.js.br
- clerk-js/5.93.1-canary.v20250914184346/createorganization_clerk.legacy.browser_362f59_5.93.1-canary.v20250914184346.min.js.gz
- clerk-js/5.93.1-canary.v20250914184346/createorganization_clerk.legacy.browser_362f59_5.93.1-canary.v20250914184346.min.js.sri
- clerk-js/5.93.1-canary.v20250914184346/framework_clerk.browser_5e34b4_5.93.1-canary.v20250914184346.js.br
- clerk-js/5.93.1-canary.v20250914184346/framework_clerk.browser_5e34b4_5.93.1-canary.v20250914184346.js.gz
- clerk-js/5.93.1-canary.v20250914184346/framework_clerk.browser_5e34b4_5.93.1-canary.v20250914184346.js.sri
- clerk-js/5.93.1-canary.v20250914184346/framework_clerk.browser_5e34b4_5.93.1-canary.v20250914184346.min.js.br
- clerk-js/5.93.1-canary.v20250914184346/framework_clerk.browser_5e34b4_5.93.1-canary.v20250914184346.min.js.gz
- clerk-js/5.93.1-canary.v20250914184346/framework_clerk.browser_5e34b4_5.93.1-canary.v20250914184346.min.js.sri
- clerk-js/5.93.1-canary.v20250914184346/framework_clerk.chips.browser_e76119_5.93.1-canary.v20250914184346.js.br
- clerk-js/5.93.1-canary.v20250914184346/framework_clerk.chips.browser_e76119_5.93.1-canary.v20250914184346.js.gz
- clerk-js/5.93.1-canary.v20250914184346/framework_clerk.chips.browser_e76119_5.93.1-canary.v20250914184346.js.sri
- clerk-js/5.93.1-canary.v20250914184346/framework_clerk.chips.browser_e76119_5.93.1-canary.v20250914184346.min.js.br
- clerk-js/5.93.1-canary.v20250914184346/framework_clerk.chips.browser_e76119_5.93.1-canary.v20250914184346.min.js.gz
- clerk-js/5.93.1-canary.v20250914184346/framework_clerk.chips.browser_e76119_5.93.1-canary.v20250914184346.min.js.sri
- clerk-js/5.93.1-canary.v20250914184346/framework_clerk.legacy.browser_362f59_5.93.1-canary.v20250914184346.js.br
- clerk-js/5.93.1-canary.v20250914184346/framework_clerk.legacy.browser_362f59_5.93.1-canary.v20250914184346.js.gz
- clerk-js/5.93.1-canary.v20250914184346/framework_clerk.legacy.browser_362f59_5.93.1-canary.v20250914184346.js.sri
- clerk-js/5.93.1-canary.v20250914184346/framework_clerk.legacy.browser_362f59_5.93.1-canary.v20250914184346.min.js.br
- clerk-js/5.93.1-canary.v20250914184346/framework_clerk.legacy.browser_362f59_5.93.1-canary.v20250914184346.min.js.gz
- clerk-js/5.93.1-canary.v20250914184346/framework_clerk.legacy.browser_362f59_5.93.1-canary.v20250914184346.min.js.sri
- clerk-js/5.93.1-canary.v20250914184346/impersonationfab_clerk.browser_5e34b4_5.93.1-canary.v20250914184346.js.br
- clerk-js/5.93.1-canary.v20250914184346/impersonationfab_clerk.browser_5e34b4_5.93.1-canary.v20250914184346.js.gz
- clerk-js/5.93.1-canary.v20250914184346/impersonationfab_clerk.browser_5e34b4_5.93.1-canary.v20250914184346.js.sri
- clerk-js/5.93.1-canary.v20250914184346/impersonationfab_clerk.browser_5e34b4_5.93.1-canary.v20250914184346.min.js.br
- clerk-js/5.93.1-canary.v20250914184346/impersonationfab_clerk.browser_5e34b4_5.93.1-canary.v20250914184346.min.js.gz
- clerk-js/5.93.1-canary.v20250914184346/impersonationfab_clerk.browser_5e34b4_5.93.1-canary.v20250914184346.min.js.sri
- clerk-js/5.93.1-canary.v20250914184346/impersonationfab_clerk.chips.browser_e76119_5.93.1-canary.v20250914184346.js.br
- clerk-js/5.93.1-canary.v20250914184346/impersonationfab_clerk.chips.browser_e76119_5.93.1-canary.v20250914184346.js.gz
- clerk-js/5.93.1-canary.v20250914184346/impersonationfab_clerk.chips.browser_e76119_5.93.1-canary.v20250914184346.js.sri
- clerk-js/5.93.1-canary.v20250914184346/impersonationfab_clerk.chips.browser_e76119_5.93.1-canary.v20250914184346.min.js.br
- clerk-js/5.93.1-canary.v20250914184346/impersonationfab_clerk.chips.browser_e76119_5.93.1-canary.v20250914184346.min.js.gz
- clerk-js/5.93.1-canary.v20250914184346/impersonationfab_clerk.chips.browser_e76119_5.93.1-canary.v20250914184346.min.js.sri
- clerk-js/5.93.1-canary.v20250914184346/impersonationfab_clerk.legacy.browser_362f59_5.93.1-canary.v20250914184346.js.br
- clerk-js/5.93.1-canary.v20250914184346/impersonationfab_clerk.legacy.browser_362f59_5.93.1-canary.v20250914184346.js.gz
- clerk-js/5.93.1-canary.v20250914184346/impersonationfab_clerk.legacy.browser_362f59_5.93.1-canary.v20250914184346.js.sri
- clerk-js/5.93.1-canary.v20250914184346/impersonationfab_clerk.legacy.browser_362f59_5.93.1-canary.v20250914184346.min.js.br
- clerk-js/5.93.1-canary.v20250914184346/impersonationfab_clerk.legacy.browser_362f59_5.93.1-canary.v20250914184346.min.js.gz
- clerk-js/5.93.1-canary.v20250914184346/impersonationfab_clerk.legacy.browser_362f59_5.93.1-canary.v20250914184346.min.js.sri
- clerk-js/5.93.1-canary.v20250914184346/keylessPrompt_clerk.browser_5e34b4_5.93.1-canary.v20250914184346.js.br
- clerk-js/5.93.1-canary.v20250914184346/keylessPrompt_clerk.browser_5e34b4_5.93.1-canary.v20250914184346.js.gz
- clerk-js/5.93.1-canary.v20250914184346/keylessPrompt_clerk.browser_5e34b4_5.93.1-canary.v20250914184346.js.sri
- clerk-js/5.93.1-canary.v20250914184346/keylessPrompt_clerk.browser_5e34b4_5.93.1-canary.v20250914184346.min.js.br
- clerk-js/5.93.1-canary.v20250914184346/keylessPrompt_clerk.browser_5e34b4_5.93.1-canary.v20250914184346.min.js.gz
- clerk-js/5.93.1-canary.v20250914184346/keylessPrompt_clerk.browser_5e34b4_5.93.1-canary.v20250914184346.min.js.sri
- clerk-js/5.93.1-canary.v20250914184346/keylessPrompt_clerk.chips.browser_e76119_5.93.1-canary.v20250914184346.js.br
- clerk-js/5.93.1-canary.v20250914184346/keylessPrompt_clerk.chips.browser_e76119_5.93.1-canary.v20250914184346.js.gz
- clerk-js/5.93.1-canary.v20250914184346/keylessPrompt_clerk.chips.browser_e76119_5.93.1-canary.v20250914184346.js.sri
- clerk-js/5.93.1-canary.v20250914184346/keylessPrompt_clerk.chips.browser_e76119_5.93.1-canary.v20250914184346.min.js.br
- clerk-js/5.93.1-canary.v20250914184346/keylessPrompt_clerk.chips.browser_e76119_5.93.1-canary.v20250914184346.min.js.gz
- clerk-js/5.93.1-canary.v20250914184346/keylessPrompt_clerk.chips.browser_e76119_5.93.1-canary.v20250914184346.min.js.sri
- clerk-js/5.93.1-canary.v20250914184346/keylessPrompt_clerk.legacy.browser_362f59_5.93.1-canary.v20250914184346.js.br
- clerk-js/5.93.1-canary.v20250914184346/keylessPrompt_clerk.legacy.browser_362f59_5.93.1-canary.v20250914184346.js.gz
- clerk-js/5.93.1-canary.v20250914184346/keylessPrompt_clerk.legacy.browser_362f59_5.93.1-canary.v20250914184346.js.sri
- clerk-js/5.93.1-canary.v20250914184346/keylessPrompt_clerk.legacy.browser_362f59_5.93.1-canary.v20250914184346.min.js.br
- clerk-js/5.93.1-canary.v20250914184346/keylessPrompt_clerk.legacy.browser_362f59_5.93.1-canary.v20250914184346.min.js.gz
- clerk-js/5.93.1-canary.v20250914184346/keylessPrompt_clerk.legacy.browser_362f59_5.93.1-canary.v20250914184346.min.js.sri
- clerk-js/5.93.1-canary.v20250914184346/oauthConsent_clerk.browser_5e34b4_5.93.1-canary.v20250914184346.js.br
- clerk-js/5.93.1-canary.v20250914184346/oauthConsent_clerk.browser_5e34b4_5.93.1-canary.v20250914184346.js.gz
- clerk-js/5.93.1-canary.v20250914184346/oauthConsent_clerk.browser_5e34b4_5.93.1-canary.v20250914184346.js.sri
- clerk-js/5.93.1-canary.v20250914184346/oauthConsent_clerk.browser_5e34b4_5.93.1-canary.v20250914184346.min.js.br
- clerk-js/5.93.1-canary.v20250914184346/oauthConsent_clerk.browser_5e34b4_5.93.1-canary.v20250914184346.min.js.gz
- clerk-js/5.93.1-canary.v20250914184346/oauthConsent_clerk.browser_5e34b4_5.93.1-canary.v20250914184346.min.js.sri
- clerk-js/5.93.1-canary.v20250914184346/oauthConsent_clerk.chips.browser_e76119_5.93.1-canary.v20250914184346.js.br
- clerk-js/5.93.1-canary.v20250914184346/oauthConsent_clerk.chips.browser_e76119_5.93.1-canary.v20250914184346.js.gz
- clerk-js/5.93.1-canary.v20250914184346/oauthConsent_clerk.chips.browser_e76119_5.93.1-canary.v20250914184346.js.sri
- clerk-js/5.93.1-canary.v20250914184346/oauthConsent_clerk.chips.browser_e76119_5.93.1-canary.v20250914184346.min.js.br
- clerk-js/5.93.1-canary.v20250914184346/oauthConsent_clerk.chips.browser_e76119_5.93.1-canary.v20250914184346.min.js.gz
- clerk-js/5.93.1-canary.v20250914184346/oauthConsent_clerk.chips.browser_e76119_5.93.1-canary.v20250914184346.min.js.sri
- clerk-js/5.93.1-canary.v20250914184346/oauthConsent_clerk.legacy.browser_362f59_5.93.1-canary.v20250914184346.js.br
- clerk-js/5.93.1-canary.v20250914184346/oauthConsent_clerk.legacy.browser_362f59_5.93.1-canary.v20250914184346.js.gz
- clerk-js/5.93.1-canary.v20250914184346/oauthConsent_clerk.legacy.browser_362f59_5.93.1-canary.v20250914184346.js.sri
- clerk-js/5.93.1-canary.v20250914184346/oauthConsent_clerk.legacy.browser_362f59_5.93.1-canary.v20250914184346.min.js.br
- clerk-js/5.93.1-canary.v20250914184346/oauthConsent_clerk.legacy.browser_362f59_5.93.1-canary.v20250914184346.min.js.gz
- clerk-js/5.93.1-canary.v20250914184346/oauthConsent_clerk.legacy.browser_362f59_5.93.1-canary.v20250914184346.min.js.sri
- clerk-js/5.93.1-canary.v20250914184346/onetap_clerk.browser_5e34b4_5.93.1-canary.v20250914184346.js.br
- clerk-js/5.93.1-canary.v20250914184346/onetap_clerk.browser_5e34b4_5.93.1-canary.v20250914184346.js.gz
- clerk-js/5.93.1-canary.v20250914184346/onetap_clerk.browser_5e34b4_5.93.1-canary.v20250914184346.js.sri
- clerk-js/5.93.1-canary.v20250914184346/onetap_clerk.browser_5e34b4_5.93.1-canary.v20250914184346.min.js.br
- clerk-js/5.93.1-canary.v20250914184346/onetap_clerk.browser_5e34b4_5.93.1-canary.v20250914184346.min.js.gz
- clerk-js/5.93.1-canary.v20250914184346/onetap_clerk.browser_5e34b4_5.93.1-canary.v20250914184346.min.js.sri
- clerk-js/5.93.1-canary.v20250914184346/onetap_clerk.chips.browser_e76119_5.93.1-canary.v20250914184346.js.br
- clerk-js/5.93.1-canary.v20250914184346/onetap_clerk.chips.browser_e76119_5.93.1-canary.v20250914184346.js.gz
- clerk-js/5.93.1-canary.v20250914184346/onetap_clerk.chips.browser_e76119_5.93.1-canary.v20250914184346.js.sri
- clerk-js/5.93.1-canary.v20250914184346/onetap_clerk.chips.browser_e76119_5.93.1-canary.v20250914184346.min.js.br
- clerk-js/5.93.1-canary.v20250914184346/onetap_clerk.chips.browser_e76119_5.93.1-canary.v20250914184346.min.js.gz
- clerk-js/5.93.1-canary.v20250914184346/onetap_clerk.chips.browser_e76119_5.93.1-canary.v20250914184346.min.js.sri
- clerk-js/5.93.1-canary.v20250914184346/onetap_clerk.legacy.browser_362f59_5.93.1-canary.v20250914184346.js.br
- clerk-js/5.93.1-canary.v20250914184346/onetap_clerk.legacy.browser_362f59_5.93.1-canary.v20250914184346.js.gz
- clerk-js/5.93.1-canary.v20250914184346/onetap_clerk.legacy.browser_362f59_5.93.1-canary.v20250914184346.js.sri
- clerk-js/5.93.1-canary.v20250914184346/onetap_clerk.legacy.browser_362f59_5.93.1-canary.v20250914184346.min.js.br
- clerk-js/5.93.1-canary.v20250914184346/onetap_clerk.legacy.browser_362f59_5.93.1-canary.v20250914184346.min.js.gz
- clerk-js/5.93.1-canary.v20250914184346/onetap_clerk.legacy.browser_362f59_5.93.1-canary.v20250914184346.min.js.sri
- clerk-js/5.93.1-canary.v20250914184346/op-api-keys-page_clerk.browser_5e34b4_5.93.1-canary.v20250914184346.js.br
- clerk-js/5.93.1-canary.v20250914184346/op-api-keys-page_clerk.browser_5e34b4_5.93.1-canary.v20250914184346.js.gz
- clerk-js/5.93.1-canary.v20250914184346/op-api-keys-page_clerk.browser_5e34b4_5.93.1-canary.v20250914184346.js.sri
- clerk-js/5.93.1-canary.v20250914184346/op-api-keys-page_clerk.browser_5e34b4_5.93.1-canary.v20250914184346.min.js.br
- clerk-js/5.93.1-canary.v20250914184346/op-api-keys-page_clerk.browser_5e34b4_5.93.1-canary.v20250914184346.min.js.gz
- clerk-js/5.93.1-canary.v20250914184346/op-api-keys-page_clerk.browser_5e34b4_5.93.1-canary.v20250914184346.min.js.sri
- clerk-js/5.93.1-canary.v20250914184346/op-api-keys-page_clerk.chips.browser_e76119_5.93.1-canary.v20250914184346.js.br
- clerk-js/5.93.1-canary.v20250914184346/op-api-keys-page_clerk.chips.browser_e76119_5.93.1-canary.v20250914184346.js.gz
- clerk-js/5.93.1-canary.v20250914184346/op-api-keys-page_clerk.chips.browser_e76119_5.93.1-canary.v20250914184346.js.sri
- clerk-js/5.93.1-canary.v20250914184346/op-api-keys-page_clerk.chips.browser_e76119_5.93.1-canary.v20250914184346.min.js.br
- clerk-js/5.93.1-canary.v20250914184346/op-api-keys-page_clerk.chips.browser_e76119_5.93.1-canary.v20250914184346.min.js.gz
- clerk-js/5.93.1-canary.v20250914184346/op-api-keys-page_clerk.chips.browser_e76119_5.93.1-canary.v20250914184346.min.js.sri
- clerk-js/5.93.1-canary.v20250914184346/op-api-keys-page_clerk.legacy.browser_362f59_5.93.1-canary.v20250914184346.js.br
- clerk-js/5.93.1-canary.v20250914184346/op-api-keys-page_clerk.legacy.browser_362f59_5.93.1-canary.v20250914184346.js.gz
- clerk-js/5.93.1-canary.v20250914184346/op-api-keys-page_clerk.legacy.browser_362f59_5.93.1-canary.v20250914184346.js.sri
- clerk-js/5.93.1-canary.v20250914184346/op-api-keys-page_clerk.legacy.browser_362f59_5.93.1-canary.v20250914184346.min.js.br
- clerk-js/5.93.1-canary.v20250914184346/op-api-keys-page_clerk.legacy.browser_362f59_5.93.1-canary.v20250914184346.min.js.gz
- clerk-js/5.93.1-canary.v20250914184346/op-api-keys-page_clerk.legacy.browser_362f59_5.93.1-canary.v20250914184346.min.js.sri
- clerk-js/5.93.1-canary.v20250914184346/op-billing-page_clerk.browser_5e34b4_5.93.1-canary.v20250914184346.js.br
- clerk-js/5.93.1-canary.v20250914184346/op-billing-page_clerk.browser_5e34b4_5.93.1-canary.v20250914184346.js.gz
- clerk-js/5.93.1-canary.v20250914184346/op-billing-page_clerk.browser_5e34b4_5.93.1-canary.v20250914184346.js.sri
- clerk-js/5.93.1-canary.v20250914184346/op-billing-page_clerk.browser_5e34b4_5.93.1-canary.v20250914184346.min.js.br
- clerk-js/5.93.1-canary.v20250914184346/op-billing-page_clerk.browser_5e34b4_5.93.1-canary.v20250914184346.min.js.gz
- clerk-js/5.93.1-canary.v20250914184346/op-billing-page_clerk.browser_5e34b4_5.93.1-canary.v20250914184346.min.js.sri
- clerk-js/5.93.1-canary.v20250914184346/op-billing-page_clerk.chips.browser_e76119_5.93.1-canary.v20250914184346.js.br
- clerk-js/5.93.1-canary.v20250914184346/op-billing-page_clerk.chips.browser_e76119_5.93.1-canary.v20250914184346.js.gz
- clerk-js/5.93.1-canary.v20250914184346/op-billing-page_clerk.chips.browser_e76119_5.93.1-canary.v20250914184346.js.sri
- clerk-js/5.93.1-canary.v20250914184346/op-billing-page_clerk.chips.browser_e76119_5.93.1-canary.v20250914184346.min.js.br
- clerk-js/5.93.1-canary.v20250914184346/op-billing-page_clerk.chips.browser_e76119_5.93.1-canary.v20250914184346.min.js.gz
- clerk-js/5.93.1-canary.v20250914184346/op-billing-page_clerk.chips.browser_e76119_5.93.1-canary.v20250914184346.min.js.sri
- clerk-js/5.93.1-canary.v20250914184346/op-billing-page_clerk.legacy.browser_362f59_5.93.1-canary.v20250914184346.js.br
- clerk-js/5.93.1-canary.v20250914184346/op-billing-page_clerk.legacy.browser_362f59_5.93.1-canary.v20250914184346.js.gz
- clerk-js/5.93.1-canary.v20250914184346/op-billing-page_clerk.legacy.browser_362f59_5.93.1-canary.v20250914184346.js.sri
- clerk-js/5.93.1-canary.v20250914184346/op-billing-page_clerk.legacy.browser_362f59_5.93.1-canary.v20250914184346.min.js.br
- clerk-js/5.93.1-canary.v20250914184346/op-billing-page_clerk.legacy.browser_362f59_5.93.1-canary.v20250914184346.min.js.gz
- clerk-js/5.93.1-canary.v20250914184346/op-billing-page_clerk.legacy.browser_362f59_5.93.1-canary.v20250914184346.min.js.sri
- clerk-js/5.93.1-canary.v20250914184346/op-plans-page_clerk.browser_5e34b4_5.93.1-canary.v20250914184346.js.br
- clerk-js/5.93.1-canary.v20250914184346/op-plans-page_clerk.browser_5e34b4_5.93.1-canary.v20250914184346.js.gz
- clerk-js/5.93.1-canary.v20250914184346/op-plans-page_clerk.browser_5e34b4_5.93.1-canary.v20250914184346.js.sri
- clerk-js/5.93.1-canary.v20250914184346/op-plans-page_clerk.browser_5e34b4_5.93.1-canary.v20250914184346.min.js.br
- clerk-js/5.93.1-canary.v20250914184346/op-plans-page_clerk.browser_5e34b4_5.93.1-canary.v20250914184346.min.js.gz
- clerk-js/5.93.1-canary.v20250914184346/op-plans-page_clerk.browser_5e34b4_5.93.1-canary.v20250914184346.min.js.sri
- clerk-js/5.93.1-canary.v20250914184346/op-plans-page_clerk.chips.browser_e76119_5.93.1-canary.v20250914184346.js.br
- clerk-js/5.93.1-canary.v20250914184346/op-plans-page_clerk.chips.browser_e76119_5.93.1-canary.v20250914184346.js.gz
- clerk-js/5.93.1-canary.v20250914184346/op-plans-page_clerk.chips.browser_e76119_5.93.1-canary.v20250914184346.js.sri
- clerk-js/5.93.1-canary.v20250914184346/op-plans-page_clerk.chips.browser_e76119_5.93.1-canary.v20250914184346.min.js.br
- clerk-js/5.93.1-canary.v20250914184346/op-plans-page_clerk.chips.browser_e76119_5.93.1-canary.v20250914184346.min.js.gz
- clerk-js/5.93.1-canary.v20250914184346/op-plans-page_clerk.chips.browser_e76119_5.93.1-canary.v20250914184346.min.js.sri
- clerk-js/5.93.1-canary.v20250914184346/op-plans-page_clerk.legacy.browser_362f59_5.93.1-canary.v20250914184346.js.br
- clerk-js/5.93.1-canary.v20250914184346/op-plans-page_clerk.legacy.browser_362f59_5.93.1-canary.v20250914184346.js.gz
- clerk-js/5.93.1-canary.v20250914184346/op-plans-page_clerk.legacy.browser_362f59_5.93.1-canary.v20250914184346.js.sri
- clerk-js/5.93.1-canary.v20250914184346/op-plans-page_clerk.legacy.browser_362f59_5.93.1-canary.v20250914184346.min.js.br
- clerk-js/5.93.1-canary.v20250914184346/op-plans-page_clerk.legacy.browser_362f59_5.93.1-canary.v20250914184346.min.js.gz
- clerk-js/5.93.1-canary.v20250914184346/op-plans-page_clerk.legacy.browser_362f59_5.93.1-canary.v20250914184346.min.js.sri
- clerk-js/5.93.1-canary.v20250914184346/organizationlist_clerk.browser_5e34b4_5.93.1-canary.v20250914184346.js.br
- clerk-js/5.93.1-canary.v20250914184346/organizationlist_clerk.browser_5e34b4_5.93.1-canary.v20250914184346.js.gz
- clerk-js/5.93.1-canary.v20250914184346/organizationlist_clerk.browser_5e34b4_5.93.1-canary.v20250914184346.js.sri
- clerk-js/5.93.1-canary.v20250914184346/organizationlist_clerk.browser_5e34b4_5.93.1-canary.v20250914184346.min.js.br
- clerk-js/5.93.1-canary.v20250914184346/organizationlist_clerk.browser_5e34b4_5.93.1-canary.v20250914184346.min.js.gz
- clerk-js/5.93.1-canary.v20250914184346/organizationlist_clerk.browser_5e34b4_5.93.1-canary.v20250914184346.min.js.sri
- clerk-js/5.93.1-canary.v20250914184346/organizationlist_clerk.chips.browser_e76119_5.93.1-canary.v20250914184346.js.br
- clerk-js/5.93.1-canary.v20250914184346/organizationlist_clerk.chips.browser_e76119_5.93.1-canary.v20250914184346.js.gz
- clerk-js/5.93.1-canary.v20250914184346/organizationlist_clerk.chips.browser_e76119_5.93.1-canary.v20250914184346.js.sri
- clerk-js/5.93.1-canary.v20250914184346/organizationlist_clerk.chips.browser_e76119_5.93.1-canary.v20250914184346.min.js.br
- clerk-js/5.93.1-canary.v20250914184346/organizationlist_clerk.chips.browser_e76119_5.93.1-canary.v20250914184346.min.js.gz
- clerk-js/5.93.1-canary.v20250914184346/organizationlist_clerk.chips.browser_e76119_5.93.1-canary.v20250914184346.min.js.sri
- clerk-js/5.93.1-canary.v20250914184346/organizationlist_clerk.legacy.browser_362f59_5.93.1-canary.v20250914184346.js.br
- clerk-js/5.93.1-canary.v20250914184346/organizationlist_clerk.legacy.browser_362f59_5.93.1-canary.v20250914184346.js.gz
- clerk-js/5.93.1-canary.v20250914184346/organizationlist_clerk.legacy.browser_362f59_5.93.1-canary.v20250914184346.js.sri
- clerk-js/5.93.1-canary.v20250914184346/organizationlist_clerk.legacy.browser_362f59_5.93.1-canary.v20250914184346.min.js.br
- clerk-js/5.93.1-canary.v20250914184346/organizationlist_clerk.legacy.browser_362f59_5.93.1-canary.v20250914184346.min.js.gz
- clerk-js/5.93.1-canary.v20250914184346/organizationlist_clerk.legacy.browser_362f59_5.93.1-canary.v20250914184346.min.js.sri
- clerk-js/5.93.1-canary.v20250914184346/organizationprofile_clerk.browser_5e34b4_5.93.1-canary.v20250914184346.js.br
- clerk-js/5.93.1-canary.v20250914184346/organizationprofile_clerk.browser_5e34b4_5.93.1-canary.v20250914184346.js.gz
- clerk-js/5.93.1-canary.v20250914184346/organizationprofile_clerk.browser_5e34b4_5.93.1-canary.v20250914184346.js.sri
- clerk-js/5.93.1-canary.v20250914184346/organizationprofile_clerk.browser_5e34b4_5.93.1-canary.v20250914184346.min.js.br
- clerk-js/5.93.1-canary.v20250914184346/organizationprofile_clerk.browser_5e34b4_5.93.1-canary.v20250914184346.min.js.gz
- clerk-js/5.93.1-canary.v20250914184346/organizationprofile_clerk.browser_5e34b4_5.93.1-canary.v20250914184346.min.js.sri
- clerk-js/5.93.1-canary.v20250914184346/organizationprofile_clerk.chips.browser_e76119_5.93.1-canary.v20250914184346.js.br
- clerk-js/5.93.1-canary.v20250914184346/organizationprofile_clerk.chips.browser_e76119_5.93.1-canary.v20250914184346.js.gz
- clerk-js/5.93.1-canary.v20250914184346/organizationprofile_clerk.chips.browser_e76119_5.93.1-canary.v20250914184346.js.sri
- clerk-js/5.93.1-canary.v20250914184346/organizationprofile_clerk.chips.browser_e76119_5.93.1-canary.v20250914184346.min.js.br
- clerk-js/5.93.1-canary.v20250914184346/organizationprofile_clerk.chips.browser_e76119_5.93.1-canary.v20250914184346.min.js.gz
- clerk-js/5.93.1-canary.v20250914184346/organizationprofile_clerk.chips.browser_e76119_5.93.1-canary.v20250914184346.min.js.sri
- clerk-js/5.93.1-canary.v20250914184346/organizationprofile_clerk.legacy.browser_362f59_5.93.1-canary.v20250914184346.js.br
- clerk-js/5.93.1-canary.v20250914184346/organizationprofile_clerk.legacy.browser_362f59_5.93.1-canary.v20250914184346.js.gz
- clerk-js/5.93.1-canary.v20250914184346/organizationprofile_clerk.legacy.browser_362f59_5.93.1-canary.v20250914184346.js.sri
- clerk-js/5.93.1-canary.v20250914184346/organizationprofile_clerk.legacy.browser_362f59_5.93.1-canary.v20250914184346.min.js.br
- clerk-js/5.93.1-canary.v20250914184346/organizationprofile_clerk.legacy.browser_362f59_5.93.1-canary.v20250914184346.min.js.gz
- clerk-js/5.93.1-canary.v20250914184346/organizationprofile_clerk.legacy.browser_362f59_5.93.1-canary.v20250914184346.min.js.sri
- clerk-js/5.93.1-canary.v20250914184346/organizationswitcher_clerk.browser_5e34b4_5.93.1-canary.v20250914184346.js.br
- clerk-js/5.93.1-canary.v20250914184346/organizationswitcher_clerk.browser_5e34b4_5.93.1-canary.v20250914184346.js.gz
- clerk-js/5.93.1-canary.v20250914184346/organizationswitcher_clerk.browser_5e34b4_5.93.1-canary.v20250914184346.js.sri
- clerk-js/5.93.1-canary.v20250914184346/organizationswitcher_clerk.browser_5e34b4_5.93.1-canary.v20250914184346.min.js.br
- clerk-js/5.93.1-canary.v20250914184346/organizationswitcher_clerk.browser_5e34b4_5.93.1-canary.v20250914184346.min.js.gz
- clerk-js/5.93.1-canary.v20250914184346/organizationswitcher_clerk.browser_5e34b4_5.93.1-canary.v20250914184346.min.js.sri
- clerk-js/5.93.1-canary.v20250914184346/organizationswitcher_clerk.chips.browser_e76119_5.93.1-canary.v20250914184346.js.br
- clerk-js/5.93.1-canary.v20250914184346/organizationswitcher_clerk.chips.browser_e76119_5.93.1-canary.v20250914184346.js.gz
- clerk-js/5.93.1-canary.v20250914184346/organizationswitcher_clerk.chips.browser_e76119_5.93.1-canary.v20250914184346.js.sri
- clerk-js/5.93.1-canary.v20250914184346/organizationswitcher_clerk.chips.browser_e76119_5.93.1-canary.v20250914184346.min.js.br
- clerk-js/5.93.1-canary.v20250914184346/organizationswitcher_clerk.chips.browser_e76119_5.93.1-canary.v20250914184346.min.js.gz
- clerk-js/5.93.1-canary.v20250914184346/organizationswitcher_clerk.chips.browser_e76119_5.93.1-canary.v20250914184346.min.js.sri
- clerk-js/5.93.1-canary.v20250914184346/organizationswitcher_clerk.legacy.browser_362f59_5.93.1-canary.v20250914184346.js.br
- clerk-js/5.93.1-canary.v20250914184346/organizationswitcher_clerk.legacy.browser_362f59_5.93.1-canary.v20250914184346.js.gz
- clerk-js/5.93.1-canary.v20250914184346/organizationswitcher_clerk.legacy.browser_362f59_5.93.1-canary.v20250914184346.js.sri
- clerk-js/5.93.1-canary.v20250914184346/organizationswitcher_clerk.legacy.browser_362f59_5.93.1-canary.v20250914184346.min.js.br
- clerk-js/5.93.1-canary.v20250914184346/organizationswitcher_clerk.legacy.browser_362f59_5.93.1-canary.v20250914184346.min.js.gz
- clerk-js/5.93.1-canary.v20250914184346/organizationswitcher_clerk.legacy.browser_362f59_5.93.1-canary.v20250914184346.min.js.sri
- clerk-js/5.93.1-canary.v20250914184346/payment-attempt-page_clerk.browser_5e34b4_5.93.1-canary.v20250914184346.js.br
- clerk-js/5.93.1-canary.v20250914184346/payment-attempt-page_clerk.browser_5e34b4_5.93.1-canary.v20250914184346.js.gz
- clerk-js/5.93.1-canary.v20250914184346/payment-attempt-page_clerk.browser_5e34b4_5.93.1-canary.v20250914184346.js.sri
- clerk-js/5.93.1-canary.v20250914184346/payment-attempt-page_clerk.browser_5e34b4_5.93.1-canary.v20250914184346.min.js.br
- clerk-js/5.93.1-canary.v20250914184346/payment-attempt-page_clerk.browser_5e34b4_5.93.1-canary.v20250914184346.min.js.gz
- clerk-js/5.93.1-canary.v20250914184346/payment-attempt-page_clerk.browser_5e34b4_5.93.1-canary.v20250914184346.min.js.sri
- clerk-js/5.93.1-canary.v20250914184346/payment-attempt-page_clerk.chips.browser_e76119_5.93.1-canary.v20250914184346.js.br
- clerk-js/5.93.1-canary.v20250914184346/payment-attempt-page_clerk.chips.browser_e76119_5.93.1-canary.v20250914184346.js.gz
- clerk-js/5.93.1-canary.v20250914184346/payment-attempt-page_clerk.chips.browser_e76119_5.93.1-canary.v20250914184346.js.sri
- clerk-js/5.93.1-canary.v20250914184346/payment-attempt-page_clerk.chips.browser_e76119_5.93.1-canary.v20250914184346.min.js.br
- clerk-js/5.93.1-canary.v20250914184346/payment-attempt-page_clerk.chips.browser_e76119_5.93.1-canary.v20250914184346.min.js.gz
- clerk-js/5.93.1-canary.v20250914184346/payment-attempt-page_clerk.chips.browser_e76119_5.93.1-canary.v20250914184346.min.js.sri
- clerk-js/5.93.1-canary.v20250914184346/payment-attempt-page_clerk.legacy.browser_362f59_5.93.1-canary.v20250914184346.js.br
- clerk-js/5.93.1-canary.v20250914184346/payment-attempt-page_clerk.legacy.browser_362f59_5.93.1-canary.v20250914184346.js.gz
- clerk-js/5.93.1-canary.v20250914184346/payment-attempt-page_clerk.legacy.browser_362f59_5.93.1-canary.v20250914184346.js.sri
- clerk-js/5.93.1-canary.v20250914184346/payment-attempt-page_clerk.legacy.browser_362f59_5.93.1-canary.v20250914184346.min.js.br
- clerk-js/5.93.1-canary.v20250914184346/payment-attempt-page_clerk.legacy.browser_362f59_5.93.1-canary.v20250914184346.min.js.gz
- clerk-js/5.93.1-canary.v20250914184346/payment-attempt-page_clerk.legacy.browser_362f59_5.93.1-canary.v20250914184346.min.js.sri
- clerk-js/5.93.1-canary.v20250914184346/planDetails_clerk.browser_5e34b4_5.93.1-canary.v20250914184346.js.br
- clerk-js/5.93.1-canary.v20250914184346/planDetails_clerk.browser_5e34b4_5.93.1-canary.v20250914184346.js.gz
- clerk-js/5.93.1-canary.v20250914184346/planDetails_clerk.browser_5e34b4_5.93.1-canary.v20250914184346.js.sri
- clerk-js/5.93.1-canary.v20250914184346/planDetails_clerk.browser_5e34b4_5.93.1-canary.v20250914184346.min.js.br
- clerk-js/5.93.1-canary.v20250914184346/planDetails_clerk.browser_5e34b4_5.93.1-canary.v20250914184346.min.js.gz
- clerk-js/5.93.1-canary.v20250914184346/planDetails_clerk.browser_5e34b4_5.93.1-canary.v20250914184346.min.js.sri
- clerk-js/5.93.1-canary.v20250914184346/planDetails_clerk.chips.browser_e76119_5.93.1-canary.v20250914184346.js.br
- clerk-js/5.93.1-canary.v20250914184346/planDetails_clerk.chips.browser_e76119_5.93.1-canary.v20250914184346.js.gz
- clerk-js/5.93.1-canary.v20250914184346/planDetails_clerk.chips.browser_e76119_5.93.1-canary.v20250914184346.js.sri
- clerk-js/5.93.1-canary.v20250914184346/planDetails_clerk.chips.browser_e76119_5.93.1-canary.v20250914184346.min.js.br
- clerk-js/5.93.1-canary.v20250914184346/planDetails_clerk.chips.browser_e76119_5.93.1-canary.v20250914184346.min.js.gz
- clerk-js/5.93.1-canary.v20250914184346/planDetails_clerk.chips.browser_e76119_5.93.1-canary.v20250914184346.min.js.sri
- clerk-js/5.93.1-canary.v20250914184346/planDetails_clerk.legacy.browser_362f59_5.93.1-canary.v20250914184346.js.br
- clerk-js/5.93.1-canary.v20250914184346/planDetails_clerk.legacy.browser_362f59_5.93.1-canary.v20250914184346.js.gz
- clerk-js/5.93.1-canary.v20250914184346/planDetails_clerk.legacy.browser_362f59_5.93.1-canary.v20250914184346.js.sri
- clerk-js/5.93.1-canary.v20250914184346/planDetails_clerk.legacy.browser_362f59_5.93.1-canary.v20250914184346.min.js.br
- clerk-js/5.93.1-canary.v20250914184346/planDetails_clerk.legacy.browser_362f59_5.93.1-canary.v20250914184346.min.js.gz
- clerk-js/5.93.1-canary.v20250914184346/planDetails_clerk.legacy.browser_362f59_5.93.1-canary.v20250914184346.min.js.sri
- clerk-js/5.93.1-canary.v20250914184346/prefetchorganizationlist_clerk.browser_5e34b4_5.93.1-canary.v20250914184346.js.br
- clerk-js/5.93.1-canary.v20250914184346/prefetchorganizationlist_clerk.browser_5e34b4_5.93.1-canary.v20250914184346.js.gz
- clerk-js/5.93.1-canary.v20250914184346/prefetchorganizationlist_clerk.browser_5e34b4_5.93.1-canary.v20250914184346.js.sri
- clerk-js/5.93.1-canary.v20250914184346/prefetchorganizationlist_clerk.browser_5e34b4_5.93.1-canary.v20250914184346.min.js.br
- clerk-js/5.93.1-canary.v20250914184346/prefetchorganizationlist_clerk.browser_5e34b4_5.93.1-canary.v20250914184346.min.js.gz
- clerk-js/5.93.1-canary.v20250914184346/prefetchorganizationlist_clerk.browser_5e34b4_5.93.1-canary.v20250914184346.min.js.sri
- clerk-js/5.93.1-canary.v20250914184346/prefetchorganizationlist_clerk.chips.browser_e76119_5.93.1-canary.v20250914184346.js.br
- clerk-js/5.93.1-canary.v20250914184346/prefetchorganizationlist_clerk.chips.browser_e76119_5.93.1-canary.v20250914184346.js.gz
- clerk-js/5.93.1-canary.v20250914184346/prefetchorganizationlist_clerk.chips.browser_e76119_5.93.1-canary.v20250914184346.js.sri
- clerk-js/5.93.1-canary.v20250914184346/prefetchorganizationlist_clerk.chips.browser_e76119_5.93.1-canary.v20250914184346.min.js.br
- clerk-js/5.93.1-canary.v20250914184346/prefetchorganizationlist_clerk.chips.browser_e76119_5.93.1-canary.v20250914184346.min.js.gz
- clerk-js/5.93.1-canary.v20250914184346/prefetchorganizationlist_clerk.chips.browser_e76119_5.93.1-canary.v20250914184346.min.js.sri
- clerk-js/5.93.1-canary.v20250914184346/prefetchorganizationlist_clerk.legacy.browser_362f59_5.93.1-canary.v20250914184346.js.br
- clerk-js/5.93.1-canary.v20250914184346/prefetchorganizationlist_clerk.legacy.browser_362f59_5.93.1-canary.v20250914184346.js.gz
- clerk-js/5.93.1-canary.v20250914184346/prefetchorganizationlist_clerk.legacy.browser_362f59_5.93.1-canary.v20250914184346.js.sri
- clerk-js/5.93.1-canary.v20250914184346/prefetchorganizationlist_clerk.legacy.browser_362f59_5.93.1-canary.v20250914184346.min.js.br
- clerk-js/5.93.1-canary.v20250914184346/prefetchorganizationlist_clerk.legacy.browser_362f59_5.93.1-canary.v20250914184346.min.js.gz
- clerk-js/5.93.1-canary.v20250914184346/prefetchorganizationlist_clerk.legacy.browser_362f59_5.93.1-canary.v20250914184346.min.js.sri
- clerk-js/5.93.1-canary.v20250914184346/pricingTable_clerk.browser_5e34b4_5.93.1-canary.v20250914184346.js.br
- clerk-js/5.93.1-canary.v20250914184346/pricingTable_clerk.browser_5e34b4_5.93.1-canary.v20250914184346.js.gz
- clerk-js/5.93.1-canary.v20250914184346/pricingTable_clerk.browser_5e34b4_5.93.1-canary.v20250914184346.js.sri
- clerk-js/5.93.1-canary.v20250914184346/pricingTable_clerk.browser_5e34b4_5.93.1-canary.v20250914184346.min.js.br
- clerk-js/5.93.1-canary.v20250914184346/pricingTable_clerk.browser_5e34b4_5.93.1-canary.v20250914184346.min.js.gz
- clerk-js/5.93.1-canary.v20250914184346/pricingTable_clerk.browser_5e34b4_5.93.1-canary.v20250914184346.min.js.sri
- clerk-js/5.93.1-canary.v20250914184346/pricingTable_clerk.chips.browser_e76119_5.93.1-canary.v20250914184346.js.br
- clerk-js/5.93.1-canary.v20250914184346/pricingTable_clerk.chips.browser_e76119_5.93.1-canary.v20250914184346.js.gz
- clerk-js/5.93.1-canary.v20250914184346/pricingTable_clerk.chips.browser_e76119_5.93.1-canary.v20250914184346.js.sri
- clerk-js/5.93.1-canary.v20250914184346/pricingTable_clerk.chips.browser_e76119_5.93.1-canary.v20250914184346.min.js.br
- clerk-js/5.93.1-canary.v20250914184346/pricingTable_clerk.chips.browser_e76119_5.93.1-canary.v20250914184346.min.js.gz
- clerk-js/5.93.1-canary.v20250914184346/pricingTable_clerk.chips.browser_e76119_5.93.1-canary.v20250914184346.min.js.sri
- clerk-js/5.93.1-canary.v20250914184346/pricingTable_clerk.legacy.browser_362f59_5.93.1-canary.v20250914184346.js.br
- clerk-js/5.93.1-canary.v20250914184346/pricingTable_clerk.legacy.browser_362f59_5.93.1-canary.v20250914184346.js.gz
- clerk-js/5.93.1-canary.v20250914184346/pricingTable_clerk.legacy.browser_362f59_5.93.1-canary.v20250914184346.js.sri
- clerk-js/5.93.1-canary.v20250914184346/pricingTable_clerk.legacy.browser_362f59_5.93.1-canary.v20250914184346.min.js.br
- clerk-js/5.93.1-canary.v20250914184346/pricingTable_clerk.legacy.browser_362f59_5.93.1-canary.v20250914184346.min.js.gz
- clerk-js/5.93.1-canary.v20250914184346/pricingTable_clerk.legacy.browser_362f59_5.93.1-canary.v20250914184346.min.js.sri
- clerk-js/5.93.1-canary.v20250914184346/revoke-api-key-modal_clerk.browser_5e34b4_5.93.1-canary.v20250914184346.js.br
- clerk-js/5.93.1-canary.v20250914184346/revoke-api-key-modal_clerk.browser_5e34b4_5.93.1-canary.v20250914184346.js.gz
- clerk-js/5.93.1-canary.v20250914184346/revoke-api-key-modal_clerk.browser_5e34b4_5.93.1-canary.v20250914184346.js.sri
- clerk-js/5.93.1-canary.v20250914184346/revoke-api-key-modal_clerk.browser_5e34b4_5.93.1-canary.v20250914184346.min.js.br
- clerk-js/5.93.1-canary.v20250914184346/revoke-api-key-modal_clerk.browser_5e34b4_5.93.1-canary.v20250914184346.min.js.gz
- clerk-js/5.93.1-canary.v20250914184346/revoke-api-key-modal_clerk.browser_5e34b4_5.93.1-canary.v20250914184346.min.js.sri
- clerk-js/5.93.1-canary.v20250914184346/revoke-api-key-modal_clerk.chips.browser_e76119_5.93.1-canary.v20250914184346.js.br
- clerk-js/5.93.1-canary.v20250914184346/revoke-api-key-modal_clerk.chips.browser_e76119_5.93.1-canary.v20250914184346.js.gz
- clerk-js/5.93.1-canary.v20250914184346/revoke-api-key-modal_clerk.chips.browser_e76119_5.93.1-canary.v20250914184346.js.sri
- clerk-js/5.93.1-canary.v20250914184346/revoke-api-key-modal_clerk.chips.browser_e76119_5.93.1-canary.v20250914184346.min.js.br
- clerk-js/5.93.1-canary.v20250914184346/revoke-api-key-modal_clerk.chips.browser_e76119_5.93.1-canary.v20250914184346.min.js.gz
- clerk-js/5.93.1-canary.v20250914184346/revoke-api-key-modal_clerk.chips.browser_e76119_5.93.1-canary.v20250914184346.min.js.sri
- clerk-js/5.93.1-canary.v20250914184346/revoke-api-key-modal_clerk.legacy.browser_362f59_5.93.1-canary.v20250914184346.js.br
- clerk-js/5.93.1-canary.v20250914184346/revoke-api-key-modal_clerk.legacy.browser_362f59_5.93.1-canary.v20250914184346.js.gz
- clerk-js/5.93.1-canary.v20250914184346/revoke-api-key-modal_clerk.legacy.browser_362f59_5.93.1-canary.v20250914184346.js.sri
- clerk-js/5.93.1-canary.v20250914184346/revoke-api-key-modal_clerk.legacy.browser_362f59_5.93.1-canary.v20250914184346.min.js.br
- clerk-js/5.93.1-canary.v20250914184346/revoke-api-key-modal_clerk.legacy.browser_362f59_5.93.1-canary.v20250914184346.min.js.gz
- clerk-js/5.93.1-canary.v20250914184346/revoke-api-key-modal_clerk.legacy.browser_362f59_5.93.1-canary.v20250914184346.min.js.sri
- clerk-js/5.93.1-canary.v20250914184346/sessionTasks_clerk.browser_5e34b4_5.93.1-canary.v20250914184346.js.br
- clerk-js/5.93.1-canary.v20250914184346/sessionTasks_clerk.browser_5e34b4_5.93.1-canary.v20250914184346.js.gz
- clerk-js/5.93.1-canary.v20250914184346/sessionTasks_clerk.browser_5e34b4_5.93.1-canary.v20250914184346.js.sri
- clerk-js/5.93.1-canary.v20250914184346/sessionTasks_clerk.browser_5e34b4_5.93.1-canary.v20250914184346.min.js.br
- clerk-js/5.93.1-canary.v20250914184346/sessionTasks_clerk.browser_5e34b4_5.93.1-canary.v20250914184346.min.js.gz
- clerk-js/5.93.1-canary.v20250914184346/sessionTasks_clerk.browser_5e34b4_5.93.1-canary.v20250914184346.min.js.sri
- clerk-js/5.93.1-canary.v20250914184346/sessionTasks_clerk.chips.browser_e76119_5.93.1-canary.v20250914184346.js.br
- clerk-js/5.93.1-canary.v20250914184346/sessionTasks_clerk.chips.browser_e76119_5.93.1-canary.v20250914184346.js.gz
- clerk-js/5.93.1-canary.v20250914184346/sessionTasks_clerk.chips.browser_e76119_5.93.1-canary.v20250914184346.js.sri
- clerk-js/5.93.1-canary.v20250914184346/sessionTasks_clerk.chips.browser_e76119_5.93.1-canary.v20250914184346.min.js.br
- clerk-js/5.93.1-canary.v20250914184346/sessionTasks_clerk.chips.browser_e76119_5.93.1-canary.v20250914184346.min.js.gz
- clerk-js/5.93.1-canary.v20250914184346/sessionTasks_clerk.chips.browser_e76119_5.93.1-canary.v20250914184346.min.js.sri
- clerk-js/5.93.1-canary.v20250914184346/sessionTasks_clerk.legacy.browser_362f59_5.93.1-canary.v20250914184346.js.br
- clerk-js/5.93.1-canary.v20250914184346/sessionTasks_clerk.legacy.browser_362f59_5.93.1-canary.v20250914184346.js.gz
- clerk-js/5.93.1-canary.v20250914184346/sessionTasks_clerk.legacy.browser_362f59_5.93.1-canary.v20250914184346.js.sri
- clerk-js/5.93.1-canary.v20250914184346/sessionTasks_clerk.legacy.browser_362f59_5.93.1-canary.v20250914184346.min.js.br
- clerk-js/5.93.1-canary.v20250914184346/sessionTasks_clerk.legacy.browser_362f59_5.93.1-canary.v20250914184346.min.js.gz
- clerk-js/5.93.1-canary.v20250914184346/sessionTasks_clerk.legacy.browser_362f59_5.93.1-canary.v20250914184346.min.js.sri
- clerk-js/5.93.1-canary.v20250914184346/signin_clerk.browser_5e34b4_5.93.1-canary.v20250914184346.js.br
- clerk-js/5.93.1-canary.v20250914184346/signin_clerk.browser_5e34b4_5.93.1-canary.v20250914184346.js.gz
- clerk-js/5.93.1-canary.v20250914184346/signin_clerk.browser_5e34b4_5.93.1-canary.v20250914184346.js.sri
- clerk-js/5.93.1-canary.v20250914184346/signin_clerk.browser_5e34b4_5.93.1-canary.v20250914184346.min.js.br
- clerk-js/5.93.1-canary.v20250914184346/signin_clerk.browser_5e34b4_5.93.1-canary.v20250914184346.min.js.gz
- clerk-js/5.93.1-canary.v20250914184346/signin_clerk.browser_5e34b4_5.93.1-canary.v20250914184346.min.js.sri
- clerk-js/5.93.1-canary.v20250914184346/signin_clerk.chips.browser_e76119_5.93.1-canary.v20250914184346.js.br
- clerk-js/5.93.1-canary.v20250914184346/signin_clerk.chips.browser_e76119_5.93.1-canary.v20250914184346.js.gz
- clerk-js/5.93.1-canary.v20250914184346/signin_clerk.chips.browser_e76119_5.93.1-canary.v20250914184346.js.sri
- clerk-js/5.93.1-canary.v20250914184346/signin_clerk.chips.browser_e76119_5.93.1-canary.v20250914184346.min.js.br
- clerk-js/5.93.1-canary.v20250914184346/signin_clerk.chips.browser_e76119_5.93.1-canary.v20250914184346.min.js.gz
- clerk-js/5.93.1-canary.v20250914184346/signin_clerk.chips.browser_e76119_5.93.1-canary.v20250914184346.min.js.sri
- clerk-js/5.93.1-canary.v20250914184346/signin_clerk.legacy.browser_362f59_5.93.1-canary.v20250914184346.js.br
- clerk-js/5.93.1-canary.v20250914184346/signin_clerk.legacy.browser_362f59_5.93.1-canary.v20250914184346.js.gz
- clerk-js/5.93.1-canary.v20250914184346/signin_clerk.legacy.browser_362f59_5.93.1-canary.v20250914184346.js.sri
- clerk-js/5.93.1-canary.v20250914184346/signin_clerk.legacy.browser_362f59_5.93.1-canary.v20250914184346.min.js.br
- clerk-js/5.93.1-canary.v20250914184346/signin_clerk.legacy.browser_362f59_5.93.1-canary.v20250914184346.min.js.gz
- clerk-js/5.93.1-canary.v20250914184346/signin_clerk.legacy.browser_362f59_5.93.1-canary.v20250914184346.min.js.sri
- clerk-js/5.93.1-canary.v20250914184346/signup_clerk.browser_5e34b4_5.93.1-canary.v20250914184346.js.br
- clerk-js/5.93.1-canary.v20250914184346/signup_clerk.browser_5e34b4_5.93.1-canary.v20250914184346.js.gz
- clerk-js/5.93.1-canary.v20250914184346/signup_clerk.browser_5e34b4_5.93.1-canary.v20250914184346.js.sri
- clerk-js/5.93.1-canary.v20250914184346/signup_clerk.browser_5e34b4_5.93.1-canary.v20250914184346.min.js.br
- clerk-js/5.93.1-canary.v20250914184346/signup_clerk.browser_5e34b4_5.93.1-canary.v20250914184346.min.js.gz
- clerk-js/5.93.1-canary.v20250914184346/signup_clerk.browser_5e34b4_5.93.1-canary.v20250914184346.min.js.sri
- clerk-js/5.93.1-canary.v20250914184346/signup_clerk.chips.browser_e76119_5.93.1-canary.v20250914184346.js.br
- clerk-js/5.93.1-canary.v20250914184346/signup_clerk.chips.browser_e76119_5.93.1-canary.v20250914184346.js.gz
- clerk-js/5.93.1-canary.v20250914184346/signup_clerk.chips.browser_e76119_5.93.1-canary.v20250914184346.js.sri
- clerk-js/5.93.1-canary.v20250914184346/signup_clerk.chips.browser_e76119_5.93.1-canary.v20250914184346.min.js.br
- clerk-js/5.93.1-canary.v20250914184346/signup_clerk.chips.browser_e76119_5.93.1-canary.v20250914184346.min.js.gz
- clerk-js/5.93.1-canary.v20250914184346/signup_clerk.chips.browser_e76119_5.93.1-canary.v20250914184346.min.js.sri
- clerk-js/5.93.1-canary.v20250914184346/signup_clerk.legacy.browser_362f59_5.93.1-canary.v20250914184346.js.br
- clerk-js/5.93.1-canary.v20250914184346/signup_clerk.legacy.browser_362f59_5.93.1-canary.v20250914184346.js.gz
- clerk-js/5.93.1-canary.v20250914184346/signup_clerk.legacy.browser_362f59_5.93.1-canary.v20250914184346.js.sri
- clerk-js/5.93.1-canary.v20250914184346/signup_clerk.legacy.browser_362f59_5.93.1-canary.v20250914184346.min.js.br
- clerk-js/5.93.1-canary.v20250914184346/signup_clerk.legacy.browser_362f59_5.93.1-canary.v20250914184346.min.js.gz
- clerk-js/5.93.1-canary.v20250914184346/signup_clerk.legacy.browser_362f59_5.93.1-canary.v20250914184346.min.js.sri
- clerk-js/5.93.1-canary.v20250914184346/statement-page_clerk.browser_5e34b4_5.93.1-canary.v20250914184346.js.br
- clerk-js/5.93.1-canary.v20250914184346/statement-page_clerk.browser_5e34b4_5.93.1-canary.v20250914184346.js.gz
- clerk-js/5.93.1-canary.v20250914184346/statement-page_clerk.browser_5e34b4_5.93.1-canary.v20250914184346.js.sri
- clerk-js/5.93.1-canary.v20250914184346/statement-page_clerk.browser_5e34b4_5.93.1-canary.v20250914184346.min.js.br
- clerk-js/5.93.1-canary.v20250914184346/statement-page_clerk.browser_5e34b4_5.93.1-canary.v20250914184346.min.js.gz
- clerk-js/5.93.1-canary.v20250914184346/statement-page_clerk.browser_5e34b4_5.93.1-canary.v20250914184346.min.js.sri
- clerk-js/5.93.1-canary.v20250914184346/statement-page_clerk.chips.browser_e76119_5.93.1-canary.v20250914184346.js.br
- clerk-js/5.93.1-canary.v20250914184346/statement-page_clerk.chips.browser_e76119_5.93.1-canary.v20250914184346.js.gz
- clerk-js/5.93.1-canary.v20250914184346/statement-page_clerk.chips.browser_e76119_5.93.1-canary.v20250914184346.js.sri
- clerk-js/5.93.1-canary.v20250914184346/statement-page_clerk.chips.browser_e76119_5.93.1-canary.v20250914184346.min.js.br
- clerk-js/5.93.1-canary.v20250914184346/statement-page_clerk.chips.browser_e76119_5.93.1-canary.v20250914184346.min.js.gz
- clerk-js/5.93.1-canary.v20250914184346/statement-page_clerk.chips.browser_e76119_5.93.1-canary.v20250914184346.min.js.sri
- clerk-js/5.93.1-canary.v20250914184346/statement-page_clerk.legacy.browser_362f59_5.93.1-canary.v20250914184346.js.br
- clerk-js/5.93.1-canary.v20250914184346/statement-page_clerk.legacy.browser_362f59_5.93.1-canary.v20250914184346.js.gz
- clerk-js/5.93.1-canary.v20250914184346/statement-page_clerk.legacy.browser_362f59_5.93.1-canary.v20250914184346.js.sri
- clerk-js/5.93.1-canary.v20250914184346/statement-page_clerk.legacy.browser_362f59_5.93.1-canary.v20250914184346.min.js.br
- clerk-js/5.93.1-canary.v20250914184346/statement-page_clerk.legacy.browser_362f59_5.93.1-canary.v20250914184346.min.js.gz
- clerk-js/5.93.1-canary.v20250914184346/statement-page_clerk.legacy.browser_362f59_5.93.1-canary.v20250914184346.min.js.sri
- clerk-js/5.93.1-canary.v20250914184346/stripe-vendors_clerk.browser_5e34b4_5.93.1-canary.v20250914184346.js.br
- clerk-js/5.93.1-canary.v20250914184346/stripe-vendors_clerk.browser_5e34b4_5.93.1-canary.v20250914184346.js.gz
- clerk-js/5.93.1-canary.v20250914184346/stripe-vendors_clerk.browser_5e34b4_5.93.1-canary.v20250914184346.js.sri
- clerk-js/5.93.1-canary.v20250914184346/stripe-vendors_clerk.browser_5e34b4_5.93.1-canary.v20250914184346.min.js.br
- clerk-js/5.93.1-canary.v20250914184346/stripe-vendors_clerk.browser_5e34b4_5.93.1-canary.v20250914184346.min.js.gz
- clerk-js/5.93.1-canary.v20250914184346/stripe-vendors_clerk.browser_5e34b4_5.93.1-canary.v20250914184346.min.js.sri
- clerk-js/5.93.1-canary.v20250914184346/stripe-vendors_clerk.chips.browser_e76119_5.93.1-canary.v20250914184346.js.br
- clerk-js/5.93.1-canary.v20250914184346/stripe-vendors_clerk.chips.browser_e76119_5.93.1-canary.v20250914184346.js.gz
- clerk-js/5.93.1-canary.v20250914184346/stripe-vendors_clerk.chips.browser_e76119_5.93.1-canary.v20250914184346.js.sri
- clerk-js/5.93.1-canary.v20250914184346/stripe-vendors_clerk.chips.browser_e76119_5.93.1-canary.v20250914184346.min.js.br
- clerk-js/5.93.1-canary.v20250914184346/stripe-vendors_clerk.chips.browser_e76119_5.93.1-canary.v20250914184346.min.js.gz
- clerk-js/5.93.1-canary.v20250914184346/stripe-vendors_clerk.chips.browser_e76119_5.93.1-canary.v20250914184346.min.js.sri
- clerk-js/5.93.1-canary.v20250914184346/stripe-vendors_clerk.headless.browser_08fcc5_5.93.1-canary.v20250914184346.js.br
- clerk-js/5.93.1-canary.v20250914184346/stripe-vendors_clerk.headless.browser_08fcc5_5.93.1-canary.v20250914184346.js.gz
- clerk-js/5.93.1-canary.v20250914184346/stripe-vendors_clerk.headless.browser_08fcc5_5.93.1-canary.v20250914184346.js.sri
- clerk-js/5.93.1-canary.v20250914184346/stripe-vendors_clerk.headless.browser_08fcc5_5.93.1-canary.v20250914184346.min.js.br
- clerk-js/5.93.1-canary.v20250914184346/stripe-vendors_clerk.headless.browser_08fcc5_5.93.1-canary.v20250914184346.min.js.gz
- clerk-js/5.93.1-canary.v20250914184346/stripe-vendors_clerk.headless.browser_08fcc5_5.93.1-canary.v20250914184346.min.js.sri
- clerk-js/5.93.1-canary.v20250914184346/stripe-vendors_clerk.legacy.browser_362f59_5.93.1-canary.v20250914184346.js.br
- clerk-js/5.93.1-canary.v20250914184346/stripe-vendors_clerk.legacy.browser_362f59_5.93.1-canary.v20250914184346.js.gz
- clerk-js/5.93.1-canary.v20250914184346/stripe-vendors_clerk.legacy.browser_362f59_5.93.1-canary.v20250914184346.js.sri
- clerk-js/5.93.1-canary.v20250914184346/stripe-vendors_clerk.legacy.browser_362f59_5.93.1-canary.v20250914184346.min.js.br
- clerk-js/5.93.1-canary.v20250914184346/stripe-vendors_clerk.legacy.browser_362f59_5.93.1-canary.v20250914184346.min.js.gz
- clerk-js/5.93.1-canary.v20250914184346/stripe-vendors_clerk.legacy.browser_362f59_5.93.1-canary.v20250914184346.min.js.sri
- clerk-js/5.93.1-canary.v20250914184346/subscriptionDetails_clerk.browser_5e34b4_5.93.1-canary.v20250914184346.js.br
- clerk-js/5.93.1-canary.v20250914184346/subscriptionDetails_clerk.browser_5e34b4_5.93.1-canary.v20250914184346.js.gz
- clerk-js/5.93.1-canary.v20250914184346/subscriptionDetails_clerk.browser_5e34b4_5.93.1-canary.v20250914184346.js.sri
- clerk-js/5.93.1-canary.v20250914184346/subscriptionDetails_clerk.browser_5e34b4_5.93.1-canary.v20250914184346.min.js.br
- clerk-js/5.93.1-canary.v20250914184346/subscriptionDetails_clerk.browser_5e34b4_5.93.1-canary.v20250914184346.min.js.gz
- clerk-js/5.93.1-canary.v20250914184346/subscriptionDetails_clerk.browser_5e34b4_5.93.1-canary.v20250914184346.min.js.sri
- clerk-js/5.93.1-canary.v20250914184346/subscriptionDetails_clerk.chips.browser_e76119_5.93.1-canary.v20250914184346.js.br
- clerk-js/5.93.1-canary.v20250914184346/subscriptionDetails_clerk.chips.browser_e76119_5.93.1-canary.v20250914184346.js.gz
- clerk-js/5.93.1-canary.v20250914184346/subscriptionDetails_clerk.chips.browser_e76119_5.93.1-canary.v20250914184346.js.sri
- clerk-js/5.93.1-canary.v20250914184346/subscriptionDetails_clerk.chips.browser_e76119_5.93.1-canary.v20250914184346.min.js.br
- clerk-js/5.93.1-canary.v20250914184346/subscriptionDetails_clerk.chips.browser_e76119_5.93.1-canary.v20250914184346.min.js.gz
- clerk-js/5.93.1-canary.v20250914184346/subscriptionDetails_clerk.chips.browser_e76119_5.93.1-canary.v20250914184346.min.js.sri
- clerk-js/5.93.1-canary.v20250914184346/subscriptionDetails_clerk.legacy.browser_362f59_5.93.1-canary.v20250914184346.js.br
- clerk-js/5.93.1-canary.v20250914184346/subscriptionDetails_clerk.legacy.browser_362f59_5.93.1-canary.v20250914184346.js.gz
- clerk-js/5.93.1-canary.v20250914184346/subscriptionDetails_clerk.legacy.browser_362f59_5.93.1-canary.v20250914184346.js.sri
- clerk-js/5.93.1-canary.v20250914184346/subscriptionDetails_clerk.legacy.browser_362f59_5.93.1-canary.v20250914184346.min.js.br
- clerk-js/5.93.1-canary.v20250914184346/subscriptionDetails_clerk.legacy.browser_362f59_5.93.1-canary.v20250914184346.min.js.gz
- clerk-js/5.93.1-canary.v20250914184346/subscriptionDetails_clerk.legacy.browser_362f59_5.93.1-canary.v20250914184346.min.js.sri
- clerk-js/5.93.1-canary.v20250914184346/taskChooseOrganization_clerk.browser_5e34b4_5.93.1-canary.v20250914184346.js.br
- clerk-js/5.93.1-canary.v20250914184346/taskChooseOrganization_clerk.browser_5e34b4_5.93.1-canary.v20250914184346.js.gz
- clerk-js/5.93.1-canary.v20250914184346/taskChooseOrganization_clerk.browser_5e34b4_5.93.1-canary.v20250914184346.js.sri
- clerk-js/5.93.1-canary.v20250914184346/taskChooseOrganization_clerk.browser_5e34b4_5.93.1-canary.v20250914184346.min.js.br
- clerk-js/5.93.1-canary.v20250914184346/taskChooseOrganization_clerk.browser_5e34b4_5.93.1-canary.v20250914184346.min.js.gz
- clerk-js/5.93.1-canary.v20250914184346/taskChooseOrganization_clerk.browser_5e34b4_5.93.1-canary.v20250914184346.min.js.sri
- clerk-js/5.93.1-canary.v20250914184346/taskChooseOrganization_clerk.chips.browser_e76119_5.93.1-canary.v20250914184346.js.br
- clerk-js/5.93.1-canary.v20250914184346/taskChooseOrganization_clerk.chips.browser_e76119_5.93.1-canary.v20250914184346.js.gz
- clerk-js/5.93.1-canary.v20250914184346/taskChooseOrganization_clerk.chips.browser_e76119_5.93.1-canary.v20250914184346.js.sri
- clerk-js/5.93.1-canary.v20250914184346/taskChooseOrganization_clerk.chips.browser_e76119_5.93.1-canary.v20250914184346.min.js.br
- clerk-js/5.93.1-canary.v20250914184346/taskChooseOrganization_clerk.chips.browser_e76119_5.93.1-canary.v20250914184346.min.js.gz
- clerk-js/5.93.1-canary.v20250914184346/taskChooseOrganization_clerk.chips.browser_e76119_5.93.1-canary.v20250914184346.min.js.sri
- clerk-js/5.93.1-canary.v20250914184346/taskChooseOrganization_clerk.legacy.browser_362f59_5.93.1-canary.v20250914184346.js.br
- clerk-js/5.93.1-canary.v20250914184346/taskChooseOrganization_clerk.legacy.browser_362f59_5.93.1-canary.v20250914184346.js.gz
- clerk-js/5.93.1-canary.v20250914184346/taskChooseOrganization_clerk.legacy.browser_362f59_5.93.1-canary.v20250914184346.js.sri
- clerk-js/5.93.1-canary.v20250914184346/taskChooseOrganization_clerk.legacy.browser_362f59_5.93.1-canary.v20250914184346.min.js.br
- clerk-js/5.93.1-canary.v20250914184346/taskChooseOrganization_clerk.legacy.browser_362f59_5.93.1-canary.v20250914184346.min.js.gz
- clerk-js/5.93.1-canary.v20250914184346/taskChooseOrganization_clerk.legacy.browser_362f59_5.93.1-canary.v20250914184346.min.js.sri
- clerk-js/5.93.1-canary.v20250914184346/ui-common_clerk.browser_5e34b4_5.93.1-canary.v20250914184346.js.br
- clerk-js/5.93.1-canary.v20250914184346/ui-common_clerk.browser_5e34b4_5.93.1-canary.v20250914184346.js.gz
- clerk-js/5.93.1-canary.v20250914184346/ui-common_clerk.browser_5e34b4_5.93.1-canary.v20250914184346.js.sri
- clerk-js/5.93.1-canary.v20250914184346/ui-common_clerk.browser_5e34b4_5.93.1-canary.v20250914184346.min.js.br
- clerk-js/5.93.1-canary.v20250914184346/ui-common_clerk.browser_5e34b4_5.93.1-canary.v20250914184346.min.js.gz
- clerk-js/5.93.1-canary.v20250914184346/ui-common_clerk.browser_5e34b4_5.93.1-canary.v20250914184346.min.js.sri
- clerk-js/5.93.1-canary.v20250914184346/ui-common_clerk.chips.browser_e76119_5.93.1-canary.v20250914184346.js.br
- clerk-js/5.93.1-canary.v20250914184346/ui-common_clerk.chips.browser_e76119_5.93.1-canary.v20250914184346.js.gz
- clerk-js/5.93.1-canary.v20250914184346/ui-common_clerk.chips.browser_e76119_5.93.1-canary.v20250914184346.js.sri
- clerk-js/5.93.1-canary.v20250914184346/ui-common_clerk.chips.browser_e76119_5.93.1-canary.v20250914184346.min.js.br
- clerk-js/5.93.1-canary.v20250914184346/ui-common_clerk.chips.browser_e76119_5.93.1-canary.v20250914184346.min.js.gz
- clerk-js/5.93.1-canary.v20250914184346/ui-common_clerk.chips.browser_e76119_5.93.1-canary.v20250914184346.min.js.sri
- clerk-js/5.93.1-canary.v20250914184346/ui-common_clerk.legacy.browser_362f59_5.93.1-canary.v20250914184346.js.br
- clerk-js/5.93.1-canary.v20250914184346/ui-common_clerk.legacy.browser_362f59_5.93.1-canary.v20250914184346.js.gz
- clerk-js/5.93.1-canary.v20250914184346/ui-common_clerk.legacy.browser_362f59_5.93.1-canary.v20250914184346.js.sri
- clerk-js/5.93.1-canary.v20250914184346/ui-common_clerk.legacy.browser_362f59_5.93.1-canary.v20250914184346.min.js.br
- clerk-js/5.93.1-canary.v20250914184346/ui-common_clerk.legacy.browser_362f59_5.93.1-canary.v20250914184346.min.js.gz
- clerk-js/5.93.1-canary.v20250914184346/ui-common_clerk.legacy.browser_362f59_5.93.1-canary.v20250914184346.min.js.sri
- clerk-js/5.93.1-canary.v20250914184346/up-api-keys-page_clerk.browser_5e34b4_5.93.1-canary.v20250914184346.js.br
- clerk-js/5.93.1-canary.v20250914184346/up-api-keys-page_clerk.browser_5e34b4_5.93.1-canary.v20250914184346.js.gz
- clerk-js/5.93.1-canary.v20250914184346/up-api-keys-page_clerk.browser_5e34b4_5.93.1-canary.v20250914184346.js.sri
- clerk-js/5.93.1-canary.v20250914184346/up-api-keys-page_clerk.browser_5e34b4_5.93.1-canary.v20250914184346.min.js.br
- clerk-js/5.93.1-canary.v20250914184346/up-api-keys-page_clerk.browser_5e34b4_5.93.1-canary.v20250914184346.min.js.gz
- clerk-js/5.93.1-canary.v20250914184346/up-api-keys-page_clerk.browser_5e34b4_5.93.1-canary.v20250914184346.min.js.sri
- clerk-js/5.93.1-canary.v20250914184346/up-api-keys-page_clerk.chips.browser_e76119_5.93.1-canary.v20250914184346.js.br
- clerk-js/5.93.1-canary.v20250914184346/up-api-keys-page_clerk.chips.browser_e76119_5.93.1-canary.v20250914184346.js.gz
- clerk-js/5.93.1-canary.v20250914184346/up-api-keys-page_clerk.chips.browser_e76119_5.93.1-canary.v20250914184346.js.sri
- clerk-js/5.93.1-canary.v20250914184346/up-api-keys-page_clerk.chips.browser_e76119_5.93.1-canary.v20250914184346.min.js.br
- clerk-js/5.93.1-canary.v20250914184346/up-api-keys-page_clerk.chips.browser_e76119_5.93.1-canary.v20250914184346.min.js.gz
- clerk-js/5.93.1-canary.v20250914184346/up-api-keys-page_clerk.chips.browser_e76119_5.93.1-canary.v20250914184346.min.js.sri
- clerk-js/5.93.1-canary.v20250914184346/up-api-keys-page_clerk.legacy.browser_362f59_5.93.1-canary.v20250914184346.js.br
- clerk-js/5.93.1-canary.v20250914184346/up-api-keys-page_clerk.legacy.browser_362f59_5.93.1-canary.v20250914184346.js.gz
- clerk-js/5.93.1-canary.v20250914184346/up-api-keys-page_clerk.legacy.browser_362f59_5.93.1-canary.v20250914184346.js.sri
- clerk-js/5.93.1-canary.v20250914184346/up-api-keys-page_clerk.legacy.browser_362f59_5.93.1-canary.v20250914184346.min.js.br
- clerk-js/5.93.1-canary.v20250914184346/up-api-keys-page_clerk.legacy.browser_362f59_5.93.1-canary.v20250914184346.min.js.gz
- clerk-js/5.93.1-canary.v20250914184346/up-api-keys-page_clerk.legacy.browser_362f59_5.93.1-canary.v20250914184346.min.js.sri
- clerk-js/5.93.1-canary.v20250914184346/up-billing-page_clerk.browser_5e34b4_5.93.1-canary.v20250914184346.js.br
- clerk-js/5.93.1-canary.v20250914184346/up-billing-page_clerk.browser_5e34b4_5.93.1-canary.v20250914184346.js.gz
- clerk-js/5.93.1-canary.v20250914184346/up-billing-page_clerk.browser_5e34b4_5.93.1-canary.v20250914184346.js.sri
- clerk-js/5.93.1-canary.v20250914184346/up-billing-page_clerk.browser_5e34b4_5.93.1-canary.v20250914184346.min.js.br
- clerk-js/5.93.1-canary.v20250914184346/up-billing-page_clerk.browser_5e34b4_5.93.1-canary.v20250914184346.min.js.gz
- clerk-js/5.93.1-canary.v20250914184346/up-billing-page_clerk.browser_5e34b4_5.93.1-canary.v20250914184346.min.js.sri
- clerk-js/5.93.1-canary.v20250914184346/up-billing-page_clerk.chips.browser_e76119_5.93.1-canary.v20250914184346.js.br
- clerk-js/5.93.1-canary.v20250914184346/up-billing-page_clerk.chips.browser_e76119_5.93.1-canary.v20250914184346.js.gz
- clerk-js/5.93.1-canary.v20250914184346/up-billing-page_clerk.chips.browser_e76119_5.93.1-canary.v20250914184346.js.sri
- clerk-js/5.93.1-canary.v20250914184346/up-billing-page_clerk.chips.browser_e76119_5.93.1-canary.v20250914184346.min.js.br
- clerk-js/5.93.1-canary.v20250914184346/up-billing-page_clerk.chips.browser_e76119_5.93.1-canary.v20250914184346.min.js.gz
- clerk-js/5.93.1-canary.v20250914184346/up-billing-page_clerk.chips.browser_e76119_5.93.1-canary.v20250914184346.min.js.sri
- clerk-js/5.93.1-canary.v20250914184346/up-billing-page_clerk.legacy.browser_362f59_5.93.1-canary.v20250914184346.js.br
- clerk-js/5.93.1-canary.v20250914184346/up-billing-page_clerk.legacy.browser_362f59_5.93.1-canary.v20250914184346.js.gz
- clerk-js/5.93.1-canary.v20250914184346/up-billing-page_clerk.legacy.browser_362f59_5.93.1-canary.v20250914184346.js.sri
- clerk-js/5.93.1-canary.v20250914184346/up-billing-page_clerk.legacy.browser_362f59_5.93.1-canary.v20250914184346.min.js.br
- clerk-js/5.93.1-canary.v20250914184346/up-billing-page_clerk.legacy.browser_362f59_5.93.1-canary.v20250914184346.min.js.gz
- clerk-js/5.93.1-canary.v20250914184346/up-billing-page_clerk.legacy.browser_362f59_5.93.1-canary.v20250914184346.min.js.sri
- clerk-js/5.93.1-canary.v20250914184346/up-plans-page_clerk.browser_5e34b4_5.93.1-canary.v20250914184346.js.br
- clerk-js/5.93.1-canary.v20250914184346/up-plans-page_clerk.browser_5e34b4_5.93.1-canary.v20250914184346.js.gz
- clerk-js/5.93.1-canary.v20250914184346/up-plans-page_clerk.browser_5e34b4_5.93.1-canary.v20250914184346.js.sri
- clerk-js/5.93.1-canary.v20250914184346/up-plans-page_clerk.browser_5e34b4_5.93.1-canary.v20250914184346.min.js.br
- clerk-js/5.93.1-canary.v20250914184346/up-plans-page_clerk.browser_5e34b4_5.93.1-canary.v20250914184346.min.js.gz
- clerk-js/5.93.1-canary.v20250914184346/up-plans-page_clerk.browser_5e34b4_5.93.1-canary.v20250914184346.min.js.sri
- clerk-js/5.93.1-canary.v20250914184346/up-plans-page_clerk.chips.browser_e76119_5.93.1-canary.v20250914184346.js.br
- clerk-js/5.93.1-canary.v20250914184346/up-plans-page_clerk.chips.browser_e76119_5.93.1-canary.v20250914184346.js.gz
- clerk-js/5.93.1-canary.v20250914184346/up-plans-page_clerk.chips.browser_e76119_5.93.1-canary.v20250914184346.js.sri
- clerk-js/5.93.1-canary.v20250914184346/up-plans-page_clerk.chips.browser_e76119_5.93.1-canary.v20250914184346.min.js.br
- clerk-js/5.93.1-canary.v20250914184346/up-plans-page_clerk.chips.browser_e76119_5.93.1-canary.v20250914184346.min.js.gz
- clerk-js/5.93.1-canary.v20250914184346/up-plans-page_clerk.chips.browser_e76119_5.93.1-canary.v20250914184346.min.js.sri
- clerk-js/5.93.1-canary.v20250914184346/up-plans-page_clerk.legacy.browser_362f59_5.93.1-canary.v20250914184346.js.br
- clerk-js/5.93.1-canary.v20250914184346/up-plans-page_clerk.legacy.browser_362f59_5.93.1-canary.v20250914184346.js.gz
- clerk-js/5.93.1-canary.v20250914184346/up-plans-page_clerk.legacy.browser_362f59_5.93.1-canary.v20250914184346.js.sri
- clerk-js/5.93.1-canary.v20250914184346/up-plans-page_clerk.legacy.browser_362f59_5.93.1-canary.v20250914184346.min.js.br
- clerk-js/5.93.1-canary.v20250914184346/up-plans-page_clerk.legacy.browser_362f59_5.93.1-canary.v20250914184346.min.js.gz
- clerk-js/5.93.1-canary.v20250914184346/up-plans-page_clerk.legacy.browser_362f59_5.93.1-canary.v20250914184346.min.js.sri
- clerk-js/5.93.1-canary.v20250914184346/userbutton_clerk.browser_5e34b4_5.93.1-canary.v20250914184346.js.br
- clerk-js/5.93.1-canary.v20250914184346/userbutton_clerk.browser_5e34b4_5.93.1-canary.v20250914184346.js.gz
- clerk-js/5.93.1-canary.v20250914184346/userbutton_clerk.browser_5e34b4_5.93.1-canary.v20250914184346.js.sri
- clerk-js/5.93.1-canary.v20250914184346/userbutton_clerk.browser_5e34b4_5.93.1-canary.v20250914184346.min.js.br
- clerk-js/5.93.1-canary.v20250914184346/userbutton_clerk.browser_5e34b4_5.93.1-canary.v20250914184346.min.js.gz
- clerk-js/5.93.1-canary.v20250914184346/userbutton_clerk.browser_5e34b4_5.93.1-canary.v20250914184346.min.js.sri
- clerk-js/5.93.1-canary.v20250914184346/userbutton_clerk.chips.browser_e76119_5.93.1-canary.v20250914184346.js.br
- clerk-js/5.93.1-canary.v20250914184346/userbutton_clerk.chips.browser_e76119_5.93.1-canary.v20250914184346.js.gz
- clerk-js/5.93.1-canary.v20250914184346/userbutton_clerk.chips.browser_e76119_5.93.1-canary.v20250914184346.js.sri
- clerk-js/5.93.1-canary.v20250914184346/userbutton_clerk.chips.browser_e76119_5.93.1-canary.v20250914184346.min.js.br
- clerk-js/5.93.1-canary.v20250914184346/userbutton_clerk.chips.browser_e76119_5.93.1-canary.v20250914184346.min.js.gz
- clerk-js/5.93.1-canary.v20250914184346/userbutton_clerk.chips.browser_e76119_5.93.1-canary.v20250914184346.min.js.sri
- clerk-js/5.93.1-canary.v20250914184346/userbutton_clerk.legacy.browser_362f59_5.93.1-canary.v20250914184346.js.br
- clerk-js/5.93.1-canary.v20250914184346/userbutton_clerk.legacy.browser_362f59_5.93.1-canary.v20250914184346.js.gz
- clerk-js/5.93.1-canary.v20250914184346/userbutton_clerk.legacy.browser_362f59_5.93.1-canary.v20250914184346.js.sri
- clerk-js/5.93.1-canary.v20250914184346/userbutton_clerk.legacy.browser_362f59_5.93.1-canary.v20250914184346.min.js.br
- clerk-js/5.93.1-canary.v20250914184346/userbutton_clerk.legacy.browser_362f59_5.93.1-canary.v20250914184346.min.js.gz
- clerk-js/5.93.1-canary.v20250914184346/userbutton_clerk.legacy.browser_362f59_5.93.1-canary.v20250914184346.min.js.sri
- clerk-js/5.93.1-canary.v20250914184346/userprofile_clerk.browser_5e34b4_5.93.1-canary.v20250914184346.js.br
- clerk-js/5.93.1-canary.v20250914184346/userprofile_clerk.browser_5e34b4_5.93.1-canary.v20250914184346.js.gz
- clerk-js/5.93.1-canary.v20250914184346/userprofile_clerk.browser_5e34b4_5.93.1-canary.v20250914184346.js.sri
- clerk-js/5.93.1-canary.v20250914184346/userprofile_clerk.browser_5e34b4_5.93.1-canary.v20250914184346.min.js.br
- clerk-js/5.93.1-canary.v20250914184346/userprofile_clerk.browser_5e34b4_5.93.1-canary.v20250914184346.min.js.gz
- clerk-js/5.93.1-canary.v20250914184346/userprofile_clerk.browser_5e34b4_5.93.1-canary.v20250914184346.min.js.sri
- clerk-js/5.93.1-canary.v20250914184346/userprofile_clerk.chips.browser_e76119_5.93.1-canary.v20250914184346.js.br
- clerk-js/5.93.1-canary.v20250914184346/userprofile_clerk.chips.browser_e76119_5.93.1-canary.v20250914184346.js.gz
- clerk-js/5.93.1-canary.v20250914184346/userprofile_clerk.chips.browser_e76119_5.93.1-canary.v20250914184346.js.sri
- clerk-js/5.93.1-canary.v20250914184346/userprofile_clerk.chips.browser_e76119_5.93.1-canary.v20250914184346.min.js.br
- clerk-js/5.93.1-canary.v20250914184346/userprofile_clerk.chips.browser_e76119_5.93.1-canary.v20250914184346.min.js.gz
- clerk-js/5.93.1-canary.v20250914184346/userprofile_clerk.chips.browser_e76119_5.93.1-canary.v20250914184346.min.js.sri
- clerk-js/5.93.1-canary.v20250914184346/userprofile_clerk.legacy.browser_362f59_5.93.1-canary.v20250914184346.js.br
- clerk-js/5.93.1-canary.v20250914184346/userprofile_clerk.legacy.browser_362f59_5.93.1-canary.v20250914184346.js.gz
- clerk-js/5.93.1-canary.v20250914184346/userprofile_clerk.legacy.browser_362f59_5.93.1-canary.v20250914184346.js.sri
- clerk-js/5.93.1-canary.v20250914184346/userprofile_clerk.legacy.browser_362f59_5.93.1-canary.v20250914184346.min.js.br
- clerk-js/5.93.1-canary.v20250914184346/userprofile_clerk.legacy.browser_362f59_5.93.1-canary.v20250914184346.min.js.gz
- clerk-js/5.93.1-canary.v20250914184346/userprofile_clerk.legacy.browser_362f59_5.93.1-canary.v20250914184346.min.js.sri
- clerk-js/5.93.1-canary.v20250914184346/userverification_clerk.browser_5e34b4_5.93.1-canary.v20250914184346.js.br
- clerk-js/5.93.1-canary.v20250914184346/userverification_clerk.browser_5e34b4_5.93.1-canary.v20250914184346.js.gz
- clerk-js/5.93.1-canary.v20250914184346/userverification_clerk.browser_5e34b4_5.93.1-canary.v20250914184346.js.sri
- clerk-js/5.93.1-canary.v20250914184346/userverification_clerk.browser_5e34b4_5.93.1-canary.v20250914184346.min.js.br
- clerk-js/5.93.1-canary.v20250914184346/userverification_clerk.browser_5e34b4_5.93.1-canary.v20250914184346.min.js.gz
- clerk-js/5.93.1-canary.v20250914184346/userverification_clerk.browser_5e34b4_5.93.1-canary.v20250914184346.min.js.sri
- clerk-js/5.93.1-canary.v20250914184346/userverification_clerk.chips.browser_e76119_5.93.1-canary.v20250914184346.js.br
- clerk-js/5.93.1-canary.v20250914184346/userverification_clerk.chips.browser_e76119_5.93.1-canary.v20250914184346.js.gz
- clerk-js/5.93.1-canary.v20250914184346/userverification_clerk.chips.browser_e76119_5.93.1-canary.v20250914184346.js.sri
- clerk-js/5.93.1-canary.v20250914184346/userverification_clerk.chips.browser_e76119_5.93.1-canary.v20250914184346.min.js.br
- clerk-js/5.93.1-canary.v20250914184346/userverification_clerk.chips.browser_e76119_5.93.1-canary.v20250914184346.min.js.gz
- clerk-js/5.93.1-canary.v20250914184346/userverification_clerk.chips.browser_e76119_5.93.1-canary.v20250914184346.min.js.sri
- clerk-js/5.93.1-canary.v20250914184346/userverification_clerk.legacy.browser_362f59_5.93.1-canary.v20250914184346.js.br
- clerk-js/5.93.1-canary.v20250914184346/userverification_clerk.legacy.browser_362f59_5.93.1-canary.v20250914184346.js.gz
- clerk-js/5.93.1-canary.v20250914184346/userverification_clerk.legacy.browser_362f59_5.93.1-canary.v20250914184346.js.sri
- clerk-js/5.93.1-canary.v20250914184346/userverification_clerk.legacy.browser_362f59_5.93.1-canary.v20250914184346.min.js.br
- clerk-js/5.93.1-canary.v20250914184346/userverification_clerk.legacy.browser_362f59_5.93.1-canary.v20250914184346.min.js.gz
- clerk-js/5.93.1-canary.v20250914184346/userverification_clerk.legacy.browser_362f59_5.93.1-canary.v20250914184346.min.js.sri
- clerk-js/5.93.1-canary.v20250914184346/vendors_clerk.browser_5e34b4_5.93.1-canary.v20250914184346.js.br
- clerk-js/5.93.1-canary.v20250914184346/vendors_clerk.browser_5e34b4_5.93.1-canary.v20250914184346.js.gz
- clerk-js/5.93.1-canary.v20250914184346/vendors_clerk.browser_5e34b4_5.93.1-canary.v20250914184346.js.sri
- clerk-js/5.93.1-canary.v20250914184346/vendors_clerk.browser_5e34b4_5.93.1-canary.v20250914184346.min.js.br
- clerk-js/5.93.1-canary.v20250914184346/vendors_clerk.browser_5e34b4_5.93.1-canary.v20250914184346.min.js.gz
- clerk-js/5.93.1-canary.v20250914184346/vendors_clerk.browser_5e34b4_5.93.1-canary.v20250914184346.min.js.sri
- clerk-js/5.93.1-canary.v20250914184346/vendors_clerk.chips.browser_e76119_5.93.1-canary.v20250914184346.js.br
- clerk-js/5.93.1-canary.v20250914184346/vendors_clerk.chips.browser_e76119_5.93.1-canary.v20250914184346.js.gz
- clerk-js/5.93.1-canary.v20250914184346/vendors_clerk.chips.browser_e76119_5.93.1-canary.v20250914184346.js.sri
- clerk-js/5.93.1-canary.v20250914184346/vendors_clerk.chips.browser_e76119_5.93.1-canary.v20250914184346.min.js.br
- clerk-js/5.93.1-canary.v20250914184346/vendors_clerk.chips.browser_e76119_5.93.1-canary.v20250914184346.min.js.gz
- clerk-js/5.93.1-canary.v20250914184346/vendors_clerk.chips.browser_e76119_5.93.1-canary.v20250914184346.min.js.sri
- clerk-js/5.93.1-canary.v20250914184346/vendors_clerk.headless.browser_08fcc5_5.93.1-canary.v20250914184346.js.br
- clerk-js/5.93.1-canary.v20250914184346/vendors_clerk.headless.browser_08fcc5_5.93.1-canary.v20250914184346.js.gz
- clerk-js/5.93.1-canary.v20250914184346/vendors_clerk.headless.browser_08fcc5_5.93.1-canary.v20250914184346.js.sri
- clerk-js/5.93.1-canary.v20250914184346/vendors_clerk.headless.browser_08fcc5_5.93.1-canary.v20250914184346.min.js.br
- clerk-js/5.93.1-canary.v20250914184346/vendors_clerk.headless.browser_08fcc5_5.93.1-canary.v20250914184346.min.js.gz
- clerk-js/5.93.1-canary.v20250914184346/vendors_clerk.headless.browser_08fcc5_5.93.1-canary.v20250914184346.min.js.sri
- clerk-js/5.93.1-canary.v20250914184346/vendors_clerk.legacy.browser_362f59_5.93.1-canary.v20250914184346.js.br
- clerk-js/5.93.1-canary.v20250914184346/vendors_clerk.legacy.browser_362f59_5.93.1-canary.v20250914184346.js.gz
- clerk-js/5.93.1-canary.v20250914184346/vendors_clerk.legacy.browser_362f59_5.93.1-canary.v20250914184346.js.sri
- clerk-js/5.93.1-canary.v20250914184346/vendors_clerk.legacy.browser_362f59_5.93.1-canary.v20250914184346.min.js.br
- clerk-js/5.93.1-canary.v20250914184346/vendors_clerk.legacy.browser_362f59_5.93.1-canary.v20250914184346.min.js.gz
- clerk-js/5.93.1-canary.v20250914184346/vendors_clerk.legacy.browser_362f59_5.93.1-canary.v20250914184346.min.js.sri
- clerk-js/5.93.1-canary.v20250914184346/waitlist_clerk.browser_5e34b4_5.93.1-canary.v20250914184346.js.br
- clerk-js/5.93.1-canary.v20250914184346/waitlist_clerk.browser_5e34b4_5.93.1-canary.v20250914184346.js.gz
- clerk-js/5.93.1-canary.v20250914184346/waitlist_clerk.browser_5e34b4_5.93.1-canary.v20250914184346.js.sri
- clerk-js/5.93.1-canary.v20250914184346/waitlist_clerk.browser_5e34b4_5.93.1-canary.v20250914184346.min.js.br
- clerk-js/5.93.1-canary.v20250914184346/waitlist_clerk.browser_5e34b4_5.93.1-canary.v20250914184346.min.js.gz
- clerk-js/5.93.1-canary.v20250914184346/waitlist_clerk.browser_5e34b4_5.93.1-canary.v20250914184346.min.js.sri
- clerk-js/5.93.1-canary.v20250914184346/waitlist_clerk.chips.browser_e76119_5.93.1-canary.v20250914184346.js.br
- clerk-js/5.93.1-canary.v20250914184346/waitlist_clerk.chips.browser_e76119_5.93.1-canary.v20250914184346.js.gz
- clerk-js/5.93.1-canary.v20250914184346/waitlist_clerk.chips.browser_e76119_5.93.1-canary.v20250914184346.js.sri
- clerk-js/5.93.1-canary.v20250914184346/waitlist_clerk.chips.browser_e76119_5.93.1-canary.v20250914184346.min.js.br
- clerk-js/5.93.1-canary.v20250914184346/waitlist_clerk.chips.browser_e76119_5.93.1-canary.v20250914184346.min.js.gz
- clerk-js/5.93.1-canary.v20250914184346/waitlist_clerk.chips.browser_e76119_5.93.1-canary.v20250914184346.min.js.sri
- clerk-js/5.93.1-canary.v20250914184346/waitlist_clerk.legacy.browser_362f59_5.93.1-canary.v20250914184346.js.br
- clerk-js/5.93.1-canary.v20250914184346/waitlist_clerk.legacy.browser_362f59_5.93.1-canary.v20250914184346.js.gz
- clerk-js/5.93.1-canary.v20250914184346/waitlist_clerk.legacy.browser_362f59_5.93.1-canary.v20250914184346.js.sri
- clerk-js/5.93.1-canary.v20250914184346/waitlist_clerk.legacy.browser_362f59_5.93.1-canary.v20250914184346.min.js.br
- clerk-js/5.93.1-canary.v20250914184346/waitlist_clerk.legacy.browser_362f59_5.93.1-canary.v20250914184346.min.js.gz
- clerk-js/5.93.1-canary.v20250914184346/waitlist_clerk.legacy.browser_362f59_5.93.1-canary.v20250914184346.min.js.sri
- clerk-js/5.93.1-canary.v20250914184346/zxcvbn-common_clerk.browser_5e34b4_5.93.1-canary.v20250914184346.js.br
- clerk-js/5.93.1-canary.v20250914184346/zxcvbn-common_clerk.browser_5e34b4_5.93.1-canary.v20250914184346.js.gz
- clerk-js/5.93.1-canary.v20250914184346/zxcvbn-common_clerk.browser_5e34b4_5.93.1-canary.v20250914184346.js.sri
- clerk-js/5.93.1-canary.v20250914184346/zxcvbn-common_clerk.browser_5e34b4_5.93.1-canary.v20250914184346.min.js.br
- clerk-js/5.93.1-canary.v20250914184346/zxcvbn-common_clerk.browser_5e34b4_5.93.1-canary.v20250914184346.min.js.gz
- clerk-js/5.93.1-canary.v20250914184346/zxcvbn-common_clerk.browser_5e34b4_5.93.1-canary.v20250914184346.min.js.sri
- clerk-js/5.93.1-canary.v20250914184346/zxcvbn-common_clerk.chips.browser_e76119_5.93.1-canary.v20250914184346.js.br
- clerk-js/5.93.1-canary.v20250914184346/zxcvbn-common_clerk.chips.browser_e76119_5.93.1-canary.v20250914184346.js.gz
- clerk-js/5.93.1-canary.v20250914184346/zxcvbn-common_clerk.chips.browser_e76119_5.93.1-canary.v20250914184346.js.sri
- clerk-js/5.93.1-canary.v20250914184346/zxcvbn-common_clerk.chips.browser_e76119_5.93.1-canary.v20250914184346.min.js.br
- clerk-js/5.93.1-canary.v20250914184346/zxcvbn-common_clerk.chips.browser_e76119_5.93.1-canary.v20250914184346.min.js.gz
- clerk-js/5.93.1-canary.v20250914184346/zxcvbn-common_clerk.chips.browser_e76119_5.93.1-canary.v20250914184346.min.js.sri
- clerk-js/5.93.1-canary.v20250914184346/zxcvbn-common_clerk.headless.browser_08fcc5_5.93.1-canary.v20250914184346.js.br
- clerk-js/5.93.1-canary.v20250914184346/zxcvbn-common_clerk.headless.browser_08fcc5_5.93.1-canary.v20250914184346.js.gz
- clerk-js/5.93.1-canary.v20250914184346/zxcvbn-common_clerk.headless.browser_08fcc5_5.93.1-canary.v20250914184346.js.sri
- clerk-js/5.93.1-canary.v20250914184346/zxcvbn-common_clerk.headless.browser_08fcc5_5.93.1-canary.v20250914184346.min.js.br
- clerk-js/5.93.1-canary.v20250914184346/zxcvbn-common_clerk.headless.browser_08fcc5_5.93.1-canary.v20250914184346.min.js.gz
- clerk-js/5.93.1-canary.v20250914184346/zxcvbn-common_clerk.headless.browser_08fcc5_5.93.1-canary.v20250914184346.min.js.sri
- clerk-js/5.93.1-canary.v20250914184346/zxcvbn-common_clerk.legacy.browser_362f59_5.93.1-canary.v20250914184346.js.br
- clerk-js/5.93.1-canary.v20250914184346/zxcvbn-common_clerk.legacy.browser_362f59_5.93.1-canary.v20250914184346.js.gz
- clerk-js/5.93.1-canary.v20250914184346/zxcvbn-common_clerk.legacy.browser_362f59_5.93.1-canary.v20250914184346.js.sri
- clerk-js/5.93.1-canary.v20250914184346/zxcvbn-common_clerk.legacy.browser_362f59_5.93.1-canary.v20250914184346.min.js.br
- clerk-js/5.93.1-canary.v20250914184346/zxcvbn-common_clerk.legacy.browser_362f59_5.93.1-canary.v20250914184346.min.js.gz
- clerk-js/5.93.1-canary.v20250914184346/zxcvbn-common_clerk.legacy.browser_362f59_5.93.1-canary.v20250914184346.min.js.sri
- clerk-js/5.93.1-canary.v20250914184346/zxcvbn-ts-core_clerk.browser_5e34b4_5.93.1-canary.v20250914184346.js.br
- clerk-js/5.93.1-canary.v20250914184346/zxcvbn-ts-core_clerk.browser_5e34b4_5.93.1-canary.v20250914184346.js.gz
- clerk-js/5.93.1-canary.v20250914184346/zxcvbn-ts-core_clerk.browser_5e34b4_5.93.1-canary.v20250914184346.js.sri
- clerk-js/5.93.1-canary.v20250914184346/zxcvbn-ts-core_clerk.browser_5e34b4_5.93.1-canary.v20250914184346.min.js.br
- clerk-js/5.93.1-canary.v20250914184346/zxcvbn-ts-core_clerk.browser_5e34b4_5.93.1-canary.v20250914184346.min.js.gz
- clerk-js/5.93.1-canary.v20250914184346/zxcvbn-ts-core_clerk.browser_5e34b4_5.93.1-canary.v20250914184346.min.js.sri
- clerk-js/5.93.1-canary.v20250914184346/zxcvbn-ts-core_clerk.chips.browser_e76119_5.93.1-canary.v20250914184346.js.br
- clerk-js/5.93.1-canary.v20250914184346/zxcvbn-ts-core_clerk.chips.browser_e76119_5.93.1-canary.v20250914184346.js.gz
- clerk-js/5.93.1-canary.v20250914184346/zxcvbn-ts-core_clerk.chips.browser_e76119_5.93.1-canary.v20250914184346.js.sri
- clerk-js/5.93.1-canary.v20250914184346/zxcvbn-ts-core_clerk.chips.browser_e76119_5.93.1-canary.v20250914184346.min.js.br
- clerk-js/5.93.1-canary.v20250914184346/zxcvbn-ts-core_clerk.chips.browser_e76119_5.93.1-canary.v20250914184346.min.js.gz
- clerk-js/5.93.1-canary.v20250914184346/zxcvbn-ts-core_clerk.chips.browser_e76119_5.93.1-canary.v20250914184346.min.js.sri
- clerk-js/5.93.1-canary.v20250914184346/zxcvbn-ts-core_clerk.headless.browser_08fcc5_5.93.1-canary.v20250914184346.js.br
- clerk-js/5.93.1-canary.v20250914184346/zxcvbn-ts-core_clerk.headless.browser_08fcc5_5.93.1-canary.v20250914184346.js.gz
- clerk-js/5.93.1-canary.v20250914184346/zxcvbn-ts-core_clerk.headless.browser_08fcc5_5.93.1-canary.v20250914184346.js.sri
- clerk-js/5.93.1-canary.v20250914184346/zxcvbn-ts-core_clerk.headless.browser_08fcc5_5.93.1-canary.v20250914184346.min.js.br
- clerk-js/5.93.1-canary.v20250914184346/zxcvbn-ts-core_clerk.headless.browser_08fcc5_5.93.1-canary.v20250914184346.min.js.gz
- clerk-js/5.93.1-canary.v20250914184346/zxcvbn-ts-core_clerk.headless.browser_08fcc5_5.93.1-canary.v20250914184346.min.js.sri
- clerk-js/5.93.1-canary.v20250914184346/zxcvbn-ts-core_clerk.legacy.browser_362f59_5.93.1-canary.v20250914184346.js.br
- clerk-js/5.93.1-canary.v20250914184346/zxcvbn-ts-core_clerk.legacy.browser_362f59_5.93.1-canary.v20250914184346.js.gz
- clerk-js/5.93.1-canary.v20250914184346/zxcvbn-ts-core_clerk.legacy.browser_362f59_5.93.1-canary.v20250914184346.js.sri
- clerk-js/5.93.1-canary.v20250914184346/zxcvbn-ts-core_clerk.legacy.browser_362f59_5.93.1-canary.v20250914184346.min.js.br
- clerk-js/5.93.1-canary.v20250914184346/zxcvbn-ts-core_clerk.legacy.browser_362f59_5.93.1-canary.v20250914184346.min.js.gz
- clerk-js/5.93.1-canary.v20250914184346/zxcvbn-ts-core_clerk.legacy.browser_362f59_5.93.1-canary.v20250914184346.min.js.sri
