Files:
- clerk-js/5.84.0-canary.v20250814124630/192_clerk.browser_e976a1_5.84.0-canary.v20250814124630.js.br
- clerk-js/5.84.0-canary.v20250814124630/192_clerk.browser_e976a1_5.84.0-canary.v20250814124630.js.gz
- clerk-js/5.84.0-canary.v20250814124630/192_clerk.browser_e976a1_5.84.0-canary.v20250814124630.js.sri
- clerk-js/5.84.0-canary.v20250814124630/192_clerk.browser_e976a1_5.84.0-canary.v20250814124630.min.js.br
- clerk-js/5.84.0-canary.v20250814124630/192_clerk.browser_e976a1_5.84.0-canary.v20250814124630.min.js.gz
- clerk-js/5.84.0-canary.v20250814124630/192_clerk.browser_e976a1_5.84.0-canary.v20250814124630.min.js.sri
- clerk-js/5.84.0-canary.v20250814124630/192_clerk.chips.browser_f522cb_5.84.0-canary.v20250814124630.js.br
- clerk-js/5.84.0-canary.v20250814124630/192_clerk.chips.browser_f522cb_5.84.0-canary.v20250814124630.js.gz
- clerk-js/5.84.0-canary.v20250814124630/192_clerk.chips.browser_f522cb_5.84.0-canary.v20250814124630.js.sri
- clerk-js/5.84.0-canary.v20250814124630/192_clerk.chips.browser_f522cb_5.84.0-canary.v20250814124630.min.js.br
- clerk-js/5.84.0-canary.v20250814124630/192_clerk.chips.browser_f522cb_5.84.0-canary.v20250814124630.min.js.gz
- clerk-js/5.84.0-canary.v20250814124630/192_clerk.chips.browser_f522cb_5.84.0-canary.v20250814124630.min.js.sri
- clerk-js/5.84.0-canary.v20250814124630/192_clerk.legacy.browser_b5251d_5.84.0-canary.v20250814124630.js.br
- clerk-js/5.84.0-canary.v20250814124630/192_clerk.legacy.browser_b5251d_5.84.0-canary.v20250814124630.js.gz
- clerk-js/5.84.0-canary.v20250814124630/192_clerk.legacy.browser_b5251d_5.84.0-canary.v20250814124630.js.sri
- clerk-js/5.84.0-canary.v20250814124630/192_clerk.legacy.browser_b5251d_5.84.0-canary.v20250814124630.min.js.br
- clerk-js/5.84.0-canary.v20250814124630/192_clerk.legacy.browser_b5251d_5.84.0-canary.v20250814124630.min.js.gz
- clerk-js/5.84.0-canary.v20250814124630/192_clerk.legacy.browser_b5251d_5.84.0-canary.v20250814124630.min.js.sri
- clerk-js/5.84.0-canary.v20250814124630/294_clerk.browser_e976a1_5.84.0-canary.v20250814124630.js.br
- clerk-js/5.84.0-canary.v20250814124630/294_clerk.browser_e976a1_5.84.0-canary.v20250814124630.js.gz
- clerk-js/5.84.0-canary.v20250814124630/294_clerk.browser_e976a1_5.84.0-canary.v20250814124630.js.sri
- clerk-js/5.84.0-canary.v20250814124630/294_clerk.browser_e976a1_5.84.0-canary.v20250814124630.min.js.br
- clerk-js/5.84.0-canary.v20250814124630/294_clerk.browser_e976a1_5.84.0-canary.v20250814124630.min.js.gz
- clerk-js/5.84.0-canary.v20250814124630/294_clerk.browser_e976a1_5.84.0-canary.v20250814124630.min.js.sri
- clerk-js/5.84.0-canary.v20250814124630/294_clerk.chips.browser_f522cb_5.84.0-canary.v20250814124630.js.br
- clerk-js/5.84.0-canary.v20250814124630/294_clerk.chips.browser_f522cb_5.84.0-canary.v20250814124630.js.gz
- clerk-js/5.84.0-canary.v20250814124630/294_clerk.chips.browser_f522cb_5.84.0-canary.v20250814124630.js.sri
- clerk-js/5.84.0-canary.v20250814124630/294_clerk.chips.browser_f522cb_5.84.0-canary.v20250814124630.min.js.br
- clerk-js/5.84.0-canary.v20250814124630/294_clerk.chips.browser_f522cb_5.84.0-canary.v20250814124630.min.js.gz
- clerk-js/5.84.0-canary.v20250814124630/294_clerk.chips.browser_f522cb_5.84.0-canary.v20250814124630.min.js.sri
- clerk-js/5.84.0-canary.v20250814124630/294_clerk.legacy.browser_b5251d_5.84.0-canary.v20250814124630.js.br
- clerk-js/5.84.0-canary.v20250814124630/294_clerk.legacy.browser_b5251d_5.84.0-canary.v20250814124630.js.gz
- clerk-js/5.84.0-canary.v20250814124630/294_clerk.legacy.browser_b5251d_5.84.0-canary.v20250814124630.js.sri
- clerk-js/5.84.0-canary.v20250814124630/294_clerk.legacy.browser_b5251d_5.84.0-canary.v20250814124630.min.js.br
- clerk-js/5.84.0-canary.v20250814124630/294_clerk.legacy.browser_b5251d_5.84.0-canary.v20250814124630.min.js.gz
- clerk-js/5.84.0-canary.v20250814124630/294_clerk.legacy.browser_b5251d_5.84.0-canary.v20250814124630.min.js.sri
- clerk-js/5.84.0-canary.v20250814124630/377_clerk.headless_c1007b_5.84.0-canary.v20250814124630.js.br
- clerk-js/5.84.0-canary.v20250814124630/377_clerk.headless_c1007b_5.84.0-canary.v20250814124630.js.gz
- clerk-js/5.84.0-canary.v20250814124630/377_clerk.headless_c1007b_5.84.0-canary.v20250814124630.js.sri
- clerk-js/5.84.0-canary.v20250814124630/377_clerk.headless_c1007b_5.84.0-canary.v20250814124630.min.js.br
- clerk-js/5.84.0-canary.v20250814124630/377_clerk.headless_c1007b_5.84.0-canary.v20250814124630.min.js.gz
- clerk-js/5.84.0-canary.v20250814124630/377_clerk.headless_c1007b_5.84.0-canary.v20250814124630.min.js.sri
- clerk-js/5.84.0-canary.v20250814124630/43_clerk.legacy.browser_b5251d_5.84.0-canary.v20250814124630.js.br
- clerk-js/5.84.0-canary.v20250814124630/43_clerk.legacy.browser_b5251d_5.84.0-canary.v20250814124630.js.gz
- clerk-js/5.84.0-canary.v20250814124630/43_clerk.legacy.browser_b5251d_5.84.0-canary.v20250814124630.js.sri
- clerk-js/5.84.0-canary.v20250814124630/43_clerk.legacy.browser_b5251d_5.84.0-canary.v20250814124630.min.js.br
- clerk-js/5.84.0-canary.v20250814124630/43_clerk.legacy.browser_b5251d_5.84.0-canary.v20250814124630.min.js.gz
- clerk-js/5.84.0-canary.v20250814124630/43_clerk.legacy.browser_b5251d_5.84.0-canary.v20250814124630.min.js.sri
- clerk-js/5.84.0-canary.v20250814124630/553_clerk.headless_c1007b_5.84.0-canary.v20250814124630.js.br
- clerk-js/5.84.0-canary.v20250814124630/553_clerk.headless_c1007b_5.84.0-canary.v20250814124630.js.gz
- clerk-js/5.84.0-canary.v20250814124630/553_clerk.headless_c1007b_5.84.0-canary.v20250814124630.js.sri
- clerk-js/5.84.0-canary.v20250814124630/553_clerk.headless_c1007b_5.84.0-canary.v20250814124630.min.js.br
- clerk-js/5.84.0-canary.v20250814124630/553_clerk.headless_c1007b_5.84.0-canary.v20250814124630.min.js.gz
- clerk-js/5.84.0-canary.v20250814124630/553_clerk.headless_c1007b_5.84.0-canary.v20250814124630.min.js.sri
- clerk-js/5.84.0-canary.v20250814124630/645_clerk.browser_e976a1_5.84.0-canary.v20250814124630.js.br
- clerk-js/5.84.0-canary.v20250814124630/645_clerk.browser_e976a1_5.84.0-canary.v20250814124630.js.gz
- clerk-js/5.84.0-canary.v20250814124630/645_clerk.browser_e976a1_5.84.0-canary.v20250814124630.js.sri
- clerk-js/5.84.0-canary.v20250814124630/645_clerk.browser_e976a1_5.84.0-canary.v20250814124630.min.js.br
- clerk-js/5.84.0-canary.v20250814124630/645_clerk.browser_e976a1_5.84.0-canary.v20250814124630.min.js.gz
- clerk-js/5.84.0-canary.v20250814124630/645_clerk.browser_e976a1_5.84.0-canary.v20250814124630.min.js.sri
- clerk-js/5.84.0-canary.v20250814124630/645_clerk.chips.browser_f522cb_5.84.0-canary.v20250814124630.js.br
- clerk-js/5.84.0-canary.v20250814124630/645_clerk.chips.browser_f522cb_5.84.0-canary.v20250814124630.js.gz
- clerk-js/5.84.0-canary.v20250814124630/645_clerk.chips.browser_f522cb_5.84.0-canary.v20250814124630.js.sri
- clerk-js/5.84.0-canary.v20250814124630/645_clerk.chips.browser_f522cb_5.84.0-canary.v20250814124630.min.js.br
- clerk-js/5.84.0-canary.v20250814124630/645_clerk.chips.browser_f522cb_5.84.0-canary.v20250814124630.min.js.gz
- clerk-js/5.84.0-canary.v20250814124630/645_clerk.chips.browser_f522cb_5.84.0-canary.v20250814124630.min.js.sri
- clerk-js/5.84.0-canary.v20250814124630/645_clerk.legacy.browser_b5251d_5.84.0-canary.v20250814124630.js.br
- clerk-js/5.84.0-canary.v20250814124630/645_clerk.legacy.browser_b5251d_5.84.0-canary.v20250814124630.js.gz
- clerk-js/5.84.0-canary.v20250814124630/645_clerk.legacy.browser_b5251d_5.84.0-canary.v20250814124630.js.sri
- clerk-js/5.84.0-canary.v20250814124630/645_clerk.legacy.browser_b5251d_5.84.0-canary.v20250814124630.min.js.br
- clerk-js/5.84.0-canary.v20250814124630/645_clerk.legacy.browser_b5251d_5.84.0-canary.v20250814124630.min.js.gz
- clerk-js/5.84.0-canary.v20250814124630/645_clerk.legacy.browser_b5251d_5.84.0-canary.v20250814124630.min.js.sri
- clerk-js/5.84.0-canary.v20250814124630/66_clerk.browser_e976a1_5.84.0-canary.v20250814124630.js.br
- clerk-js/5.84.0-canary.v20250814124630/66_clerk.browser_e976a1_5.84.0-canary.v20250814124630.js.gz
- clerk-js/5.84.0-canary.v20250814124630/66_clerk.browser_e976a1_5.84.0-canary.v20250814124630.js.sri
- clerk-js/5.84.0-canary.v20250814124630/66_clerk.browser_e976a1_5.84.0-canary.v20250814124630.min.js.br
- clerk-js/5.84.0-canary.v20250814124630/66_clerk.browser_e976a1_5.84.0-canary.v20250814124630.min.js.gz
- clerk-js/5.84.0-canary.v20250814124630/66_clerk.browser_e976a1_5.84.0-canary.v20250814124630.min.js.sri
- clerk-js/5.84.0-canary.v20250814124630/66_clerk.chips.browser_f522cb_5.84.0-canary.v20250814124630.js.br
- clerk-js/5.84.0-canary.v20250814124630/66_clerk.chips.browser_f522cb_5.84.0-canary.v20250814124630.js.gz
- clerk-js/5.84.0-canary.v20250814124630/66_clerk.chips.browser_f522cb_5.84.0-canary.v20250814124630.js.sri
- clerk-js/5.84.0-canary.v20250814124630/66_clerk.chips.browser_f522cb_5.84.0-canary.v20250814124630.min.js.br
- clerk-js/5.84.0-canary.v20250814124630/66_clerk.chips.browser_f522cb_5.84.0-canary.v20250814124630.min.js.gz
- clerk-js/5.84.0-canary.v20250814124630/66_clerk.chips.browser_f522cb_5.84.0-canary.v20250814124630.min.js.sri
- clerk-js/5.84.0-canary.v20250814124630/66_clerk.legacy.browser_b5251d_5.84.0-canary.v20250814124630.js.br
- clerk-js/5.84.0-canary.v20250814124630/66_clerk.legacy.browser_b5251d_5.84.0-canary.v20250814124630.js.gz
- clerk-js/5.84.0-canary.v20250814124630/66_clerk.legacy.browser_b5251d_5.84.0-canary.v20250814124630.js.sri
- clerk-js/5.84.0-canary.v20250814124630/66_clerk.legacy.browser_b5251d_5.84.0-canary.v20250814124630.min.js.br
- clerk-js/5.84.0-canary.v20250814124630/66_clerk.legacy.browser_b5251d_5.84.0-canary.v20250814124630.min.js.gz
- clerk-js/5.84.0-canary.v20250814124630/66_clerk.legacy.browser_b5251d_5.84.0-canary.v20250814124630.min.js.sri
- clerk-js/5.84.0-canary.v20250814124630/785_clerk.headless.browser_c326ec_5.84.0-canary.v20250814124630.js.br
- clerk-js/5.84.0-canary.v20250814124630/785_clerk.headless.browser_c326ec_5.84.0-canary.v20250814124630.js.gz
- clerk-js/5.84.0-canary.v20250814124630/785_clerk.headless.browser_c326ec_5.84.0-canary.v20250814124630.js.sri
- clerk-js/5.84.0-canary.v20250814124630/785_clerk.headless.browser_c326ec_5.84.0-canary.v20250814124630.min.js.br
- clerk-js/5.84.0-canary.v20250814124630/785_clerk.headless.browser_c326ec_5.84.0-canary.v20250814124630.min.js.gz
- clerk-js/5.84.0-canary.v20250814124630/785_clerk.headless.browser_c326ec_5.84.0-canary.v20250814124630.min.js.sri
- clerk-js/5.84.0-canary.v20250814124630/785_clerk.headless_c1007b_5.84.0-canary.v20250814124630.js.br
- clerk-js/5.84.0-canary.v20250814124630/785_clerk.headless_c1007b_5.84.0-canary.v20250814124630.js.gz
- clerk-js/5.84.0-canary.v20250814124630/785_clerk.headless_c1007b_5.84.0-canary.v20250814124630.js.sri
- clerk-js/5.84.0-canary.v20250814124630/785_clerk.headless_c1007b_5.84.0-canary.v20250814124630.min.js.br
- clerk-js/5.84.0-canary.v20250814124630/785_clerk.headless_c1007b_5.84.0-canary.v20250814124630.min.js.gz
- clerk-js/5.84.0-canary.v20250814124630/785_clerk.headless_c1007b_5.84.0-canary.v20250814124630.min.js.sri
- clerk-js/5.84.0-canary.v20250814124630/890_clerk.headless_c1007b_5.84.0-canary.v20250814124630.js.br
- clerk-js/5.84.0-canary.v20250814124630/890_clerk.headless_c1007b_5.84.0-canary.v20250814124630.js.gz
- clerk-js/5.84.0-canary.v20250814124630/890_clerk.headless_c1007b_5.84.0-canary.v20250814124630.js.sri
- clerk-js/5.84.0-canary.v20250814124630/890_clerk.headless_c1007b_5.84.0-canary.v20250814124630.min.js.br
- clerk-js/5.84.0-canary.v20250814124630/890_clerk.headless_c1007b_5.84.0-canary.v20250814124630.min.js.gz
- clerk-js/5.84.0-canary.v20250814124630/890_clerk.headless_c1007b_5.84.0-canary.v20250814124630.min.js.sri
- clerk-js/5.84.0-canary.v20250814124630/965_clerk.headless_c1007b_5.84.0-canary.v20250814124630.js.br
- clerk-js/5.84.0-canary.v20250814124630/965_clerk.headless_c1007b_5.84.0-canary.v20250814124630.js.gz
- clerk-js/5.84.0-canary.v20250814124630/965_clerk.headless_c1007b_5.84.0-canary.v20250814124630.js.sri
- clerk-js/5.84.0-canary.v20250814124630/965_clerk.headless_c1007b_5.84.0-canary.v20250814124630.min.js.br
- clerk-js/5.84.0-canary.v20250814124630/965_clerk.headless_c1007b_5.84.0-canary.v20250814124630.min.js.gz
- clerk-js/5.84.0-canary.v20250814124630/965_clerk.headless_c1007b_5.84.0-canary.v20250814124630.min.js.sri
- clerk-js/5.84.0-canary.v20250814124630/apiKeys_clerk.browser_e976a1_5.84.0-canary.v20250814124630.js.br
- clerk-js/5.84.0-canary.v20250814124630/apiKeys_clerk.browser_e976a1_5.84.0-canary.v20250814124630.js.gz
- clerk-js/5.84.0-canary.v20250814124630/apiKeys_clerk.browser_e976a1_5.84.0-canary.v20250814124630.js.sri
- clerk-js/5.84.0-canary.v20250814124630/apiKeys_clerk.browser_e976a1_5.84.0-canary.v20250814124630.min.js.br
- clerk-js/5.84.0-canary.v20250814124630/apiKeys_clerk.browser_e976a1_5.84.0-canary.v20250814124630.min.js.gz
- clerk-js/5.84.0-canary.v20250814124630/apiKeys_clerk.browser_e976a1_5.84.0-canary.v20250814124630.min.js.sri
- clerk-js/5.84.0-canary.v20250814124630/apiKeys_clerk.chips.browser_f522cb_5.84.0-canary.v20250814124630.js.br
- clerk-js/5.84.0-canary.v20250814124630/apiKeys_clerk.chips.browser_f522cb_5.84.0-canary.v20250814124630.js.gz
- clerk-js/5.84.0-canary.v20250814124630/apiKeys_clerk.chips.browser_f522cb_5.84.0-canary.v20250814124630.js.sri
- clerk-js/5.84.0-canary.v20250814124630/apiKeys_clerk.chips.browser_f522cb_5.84.0-canary.v20250814124630.min.js.br
- clerk-js/5.84.0-canary.v20250814124630/apiKeys_clerk.chips.browser_f522cb_5.84.0-canary.v20250814124630.min.js.gz
- clerk-js/5.84.0-canary.v20250814124630/apiKeys_clerk.chips.browser_f522cb_5.84.0-canary.v20250814124630.min.js.sri
- clerk-js/5.84.0-canary.v20250814124630/apiKeys_clerk.legacy.browser_b5251d_5.84.0-canary.v20250814124630.js.br
- clerk-js/5.84.0-canary.v20250814124630/apiKeys_clerk.legacy.browser_b5251d_5.84.0-canary.v20250814124630.js.gz
- clerk-js/5.84.0-canary.v20250814124630/apiKeys_clerk.legacy.browser_b5251d_5.84.0-canary.v20250814124630.js.sri
- clerk-js/5.84.0-canary.v20250814124630/apiKeys_clerk.legacy.browser_b5251d_5.84.0-canary.v20250814124630.min.js.br
- clerk-js/5.84.0-canary.v20250814124630/apiKeys_clerk.legacy.browser_b5251d_5.84.0-canary.v20250814124630.min.js.gz
- clerk-js/5.84.0-canary.v20250814124630/apiKeys_clerk.legacy.browser_b5251d_5.84.0-canary.v20250814124630.min.js.sri
- clerk-js/5.84.0-canary.v20250814124630/blankcaptcha_clerk.browser_e976a1_5.84.0-canary.v20250814124630.js.br
- clerk-js/5.84.0-canary.v20250814124630/blankcaptcha_clerk.browser_e976a1_5.84.0-canary.v20250814124630.js.gz
- clerk-js/5.84.0-canary.v20250814124630/blankcaptcha_clerk.browser_e976a1_5.84.0-canary.v20250814124630.js.sri
- clerk-js/5.84.0-canary.v20250814124630/blankcaptcha_clerk.browser_e976a1_5.84.0-canary.v20250814124630.min.js.br
- clerk-js/5.84.0-canary.v20250814124630/blankcaptcha_clerk.browser_e976a1_5.84.0-canary.v20250814124630.min.js.gz
- clerk-js/5.84.0-canary.v20250814124630/blankcaptcha_clerk.browser_e976a1_5.84.0-canary.v20250814124630.min.js.sri
- clerk-js/5.84.0-canary.v20250814124630/blankcaptcha_clerk.chips.browser_f522cb_5.84.0-canary.v20250814124630.js.br
- clerk-js/5.84.0-canary.v20250814124630/blankcaptcha_clerk.chips.browser_f522cb_5.84.0-canary.v20250814124630.js.gz
- clerk-js/5.84.0-canary.v20250814124630/blankcaptcha_clerk.chips.browser_f522cb_5.84.0-canary.v20250814124630.js.sri
- clerk-js/5.84.0-canary.v20250814124630/blankcaptcha_clerk.chips.browser_f522cb_5.84.0-canary.v20250814124630.min.js.br
- clerk-js/5.84.0-canary.v20250814124630/blankcaptcha_clerk.chips.browser_f522cb_5.84.0-canary.v20250814124630.min.js.gz
- clerk-js/5.84.0-canary.v20250814124630/blankcaptcha_clerk.chips.browser_f522cb_5.84.0-canary.v20250814124630.min.js.sri
- clerk-js/5.84.0-canary.v20250814124630/blankcaptcha_clerk.legacy.browser_b5251d_5.84.0-canary.v20250814124630.js.br
- clerk-js/5.84.0-canary.v20250814124630/blankcaptcha_clerk.legacy.browser_b5251d_5.84.0-canary.v20250814124630.js.gz
- clerk-js/5.84.0-canary.v20250814124630/blankcaptcha_clerk.legacy.browser_b5251d_5.84.0-canary.v20250814124630.js.sri
- clerk-js/5.84.0-canary.v20250814124630/blankcaptcha_clerk.legacy.browser_b5251d_5.84.0-canary.v20250814124630.min.js.br
- clerk-js/5.84.0-canary.v20250814124630/blankcaptcha_clerk.legacy.browser_b5251d_5.84.0-canary.v20250814124630.min.js.gz
- clerk-js/5.84.0-canary.v20250814124630/blankcaptcha_clerk.legacy.browser_b5251d_5.84.0-canary.v20250814124630.min.js.sri
- clerk-js/5.84.0-canary.v20250814124630/checkout_clerk.browser_e976a1_5.84.0-canary.v20250814124630.js.br
- clerk-js/5.84.0-canary.v20250814124630/checkout_clerk.browser_e976a1_5.84.0-canary.v20250814124630.js.gz
- clerk-js/5.84.0-canary.v20250814124630/checkout_clerk.browser_e976a1_5.84.0-canary.v20250814124630.js.sri
- clerk-js/5.84.0-canary.v20250814124630/checkout_clerk.browser_e976a1_5.84.0-canary.v20250814124630.min.js.br
- clerk-js/5.84.0-canary.v20250814124630/checkout_clerk.browser_e976a1_5.84.0-canary.v20250814124630.min.js.gz
- clerk-js/5.84.0-canary.v20250814124630/checkout_clerk.browser_e976a1_5.84.0-canary.v20250814124630.min.js.sri
- clerk-js/5.84.0-canary.v20250814124630/checkout_clerk.chips.browser_f522cb_5.84.0-canary.v20250814124630.js.br
- clerk-js/5.84.0-canary.v20250814124630/checkout_clerk.chips.browser_f522cb_5.84.0-canary.v20250814124630.js.gz
- clerk-js/5.84.0-canary.v20250814124630/checkout_clerk.chips.browser_f522cb_5.84.0-canary.v20250814124630.js.sri
- clerk-js/5.84.0-canary.v20250814124630/checkout_clerk.chips.browser_f522cb_5.84.0-canary.v20250814124630.min.js.br
- clerk-js/5.84.0-canary.v20250814124630/checkout_clerk.chips.browser_f522cb_5.84.0-canary.v20250814124630.min.js.gz
- clerk-js/5.84.0-canary.v20250814124630/checkout_clerk.chips.browser_f522cb_5.84.0-canary.v20250814124630.min.js.sri
- clerk-js/5.84.0-canary.v20250814124630/checkout_clerk.legacy.browser_b5251d_5.84.0-canary.v20250814124630.js.br
- clerk-js/5.84.0-canary.v20250814124630/checkout_clerk.legacy.browser_b5251d_5.84.0-canary.v20250814124630.js.gz
- clerk-js/5.84.0-canary.v20250814124630/checkout_clerk.legacy.browser_b5251d_5.84.0-canary.v20250814124630.js.sri
- clerk-js/5.84.0-canary.v20250814124630/checkout_clerk.legacy.browser_b5251d_5.84.0-canary.v20250814124630.min.js.br
- clerk-js/5.84.0-canary.v20250814124630/checkout_clerk.legacy.browser_b5251d_5.84.0-canary.v20250814124630.min.js.gz
- clerk-js/5.84.0-canary.v20250814124630/checkout_clerk.legacy.browser_b5251d_5.84.0-canary.v20250814124630.min.js.sri
- clerk-js/5.84.0-canary.v20250814124630/clerk.browser.js.br
- clerk-js/5.84.0-canary.v20250814124630/clerk.browser.js.gz
- clerk-js/5.84.0-canary.v20250814124630/clerk.browser.js.sri
- clerk-js/5.84.0-canary.v20250814124630/clerk.browser.min.js.br
- clerk-js/5.84.0-canary.v20250814124630/clerk.browser.min.js.gz
- clerk-js/5.84.0-canary.v20250814124630/clerk.browser.min.js.sri
- clerk-js/5.84.0-canary.v20250814124630/clerk.chips.browser.js.br
- clerk-js/5.84.0-canary.v20250814124630/clerk.chips.browser.js.gz
- clerk-js/5.84.0-canary.v20250814124630/clerk.chips.browser.js.sri
- clerk-js/5.84.0-canary.v20250814124630/clerk.chips.browser.min.js.br
- clerk-js/5.84.0-canary.v20250814124630/clerk.chips.browser.min.js.gz
- clerk-js/5.84.0-canary.v20250814124630/clerk.chips.browser.min.js.sri
- clerk-js/5.84.0-canary.v20250814124630/clerk.headless.browser.js.br
- clerk-js/5.84.0-canary.v20250814124630/clerk.headless.browser.js.gz
- clerk-js/5.84.0-canary.v20250814124630/clerk.headless.browser.js.sri
- clerk-js/5.84.0-canary.v20250814124630/clerk.headless.browser.min.js.br
- clerk-js/5.84.0-canary.v20250814124630/clerk.headless.browser.min.js.gz
- clerk-js/5.84.0-canary.v20250814124630/clerk.headless.browser.min.js.sri
- clerk-js/5.84.0-canary.v20250814124630/clerk.headless.js.br
- clerk-js/5.84.0-canary.v20250814124630/clerk.headless.js.gz
- clerk-js/5.84.0-canary.v20250814124630/clerk.headless.js.sri
- clerk-js/5.84.0-canary.v20250814124630/clerk.headless.min.js.br
- clerk-js/5.84.0-canary.v20250814124630/clerk.headless.min.js.gz
- clerk-js/5.84.0-canary.v20250814124630/clerk.headless.min.js.sri
- clerk-js/5.84.0-canary.v20250814124630/clerk.js.br
- clerk-js/5.84.0-canary.v20250814124630/clerk.js.gz
- clerk-js/5.84.0-canary.v20250814124630/clerk.js.sri
- clerk-js/5.84.0-canary.v20250814124630/clerk.legacy.browser.js.br
- clerk-js/5.84.0-canary.v20250814124630/clerk.legacy.browser.js.gz
- clerk-js/5.84.0-canary.v20250814124630/clerk.legacy.browser.js.sri
- clerk-js/5.84.0-canary.v20250814124630/clerk.legacy.browser.min.js.br
- clerk-js/5.84.0-canary.v20250814124630/clerk.legacy.browser.min.js.gz
- clerk-js/5.84.0-canary.v20250814124630/clerk.legacy.browser.min.js.sri
- clerk-js/5.84.0-canary.v20250814124630/clerk.min.js.br
- clerk-js/5.84.0-canary.v20250814124630/clerk.min.js.gz
- clerk-js/5.84.0-canary.v20250814124630/clerk.min.js.sri
- clerk-js/5.84.0-canary.v20250814124630/clerk.mjs.br
- clerk-js/5.84.0-canary.v20250814124630/clerk.mjs.gz
- clerk-js/5.84.0-canary.v20250814124630/clerk.no-rhc.js.br
- clerk-js/5.84.0-canary.v20250814124630/clerk.no-rhc.js.gz
- clerk-js/5.84.0-canary.v20250814124630/clerk.no-rhc.js.sri
- clerk-js/5.84.0-canary.v20250814124630/clerk.no-rhc.min.js.br
- clerk-js/5.84.0-canary.v20250814124630/clerk.no-rhc.min.js.gz
- clerk-js/5.84.0-canary.v20250814124630/clerk.no-rhc.min.js.sri
- clerk-js/5.84.0-canary.v20250814124630/clerk.no-rhc.mjs.br
- clerk-js/5.84.0-canary.v20250814124630/clerk.no-rhc.mjs.gz
- clerk-js/5.84.0-canary.v20250814124630/coinbase-wallet-sdk_clerk.browser_e976a1_5.84.0-canary.v20250814124630.js.br
- clerk-js/5.84.0-canary.v20250814124630/coinbase-wallet-sdk_clerk.browser_e976a1_5.84.0-canary.v20250814124630.js.gz
- clerk-js/5.84.0-canary.v20250814124630/coinbase-wallet-sdk_clerk.browser_e976a1_5.84.0-canary.v20250814124630.js.sri
- clerk-js/5.84.0-canary.v20250814124630/coinbase-wallet-sdk_clerk.browser_e976a1_5.84.0-canary.v20250814124630.min.js.br
- clerk-js/5.84.0-canary.v20250814124630/coinbase-wallet-sdk_clerk.browser_e976a1_5.84.0-canary.v20250814124630.min.js.gz
- clerk-js/5.84.0-canary.v20250814124630/coinbase-wallet-sdk_clerk.browser_e976a1_5.84.0-canary.v20250814124630.min.js.sri
- clerk-js/5.84.0-canary.v20250814124630/coinbase-wallet-sdk_clerk.chips.browser_f522cb_5.84.0-canary.v20250814124630.js.br
- clerk-js/5.84.0-canary.v20250814124630/coinbase-wallet-sdk_clerk.chips.browser_f522cb_5.84.0-canary.v20250814124630.js.gz
- clerk-js/5.84.0-canary.v20250814124630/coinbase-wallet-sdk_clerk.chips.browser_f522cb_5.84.0-canary.v20250814124630.js.sri
- clerk-js/5.84.0-canary.v20250814124630/coinbase-wallet-sdk_clerk.chips.browser_f522cb_5.84.0-canary.v20250814124630.min.js.br
- clerk-js/5.84.0-canary.v20250814124630/coinbase-wallet-sdk_clerk.chips.browser_f522cb_5.84.0-canary.v20250814124630.min.js.gz
- clerk-js/5.84.0-canary.v20250814124630/coinbase-wallet-sdk_clerk.chips.browser_f522cb_5.84.0-canary.v20250814124630.min.js.sri
- clerk-js/5.84.0-canary.v20250814124630/coinbase-wallet-sdk_clerk.headless.browser_c326ec_5.84.0-canary.v20250814124630.js.br
- clerk-js/5.84.0-canary.v20250814124630/coinbase-wallet-sdk_clerk.headless.browser_c326ec_5.84.0-canary.v20250814124630.js.gz
- clerk-js/5.84.0-canary.v20250814124630/coinbase-wallet-sdk_clerk.headless.browser_c326ec_5.84.0-canary.v20250814124630.js.sri
- clerk-js/5.84.0-canary.v20250814124630/coinbase-wallet-sdk_clerk.headless.browser_c326ec_5.84.0-canary.v20250814124630.min.js.br
- clerk-js/5.84.0-canary.v20250814124630/coinbase-wallet-sdk_clerk.headless.browser_c326ec_5.84.0-canary.v20250814124630.min.js.gz
- clerk-js/5.84.0-canary.v20250814124630/coinbase-wallet-sdk_clerk.headless.browser_c326ec_5.84.0-canary.v20250814124630.min.js.sri
- clerk-js/5.84.0-canary.v20250814124630/coinbase-wallet-sdk_clerk.legacy.browser_b5251d_5.84.0-canary.v20250814124630.js.br
- clerk-js/5.84.0-canary.v20250814124630/coinbase-wallet-sdk_clerk.legacy.browser_b5251d_5.84.0-canary.v20250814124630.js.gz
- clerk-js/5.84.0-canary.v20250814124630/coinbase-wallet-sdk_clerk.legacy.browser_b5251d_5.84.0-canary.v20250814124630.js.sri
- clerk-js/5.84.0-canary.v20250814124630/coinbase-wallet-sdk_clerk.legacy.browser_b5251d_5.84.0-canary.v20250814124630.min.js.br
- clerk-js/5.84.0-canary.v20250814124630/coinbase-wallet-sdk_clerk.legacy.browser_b5251d_5.84.0-canary.v20250814124630.min.js.gz
- clerk-js/5.84.0-canary.v20250814124630/coinbase-wallet-sdk_clerk.legacy.browser_b5251d_5.84.0-canary.v20250814124630.min.js.sri
- clerk-js/5.84.0-canary.v20250814124630/cookieSuffix_clerk.browser_e976a1_5.84.0-canary.v20250814124630.js.br
- clerk-js/5.84.0-canary.v20250814124630/cookieSuffix_clerk.browser_e976a1_5.84.0-canary.v20250814124630.js.gz
- clerk-js/5.84.0-canary.v20250814124630/cookieSuffix_clerk.browser_e976a1_5.84.0-canary.v20250814124630.js.sri
- clerk-js/5.84.0-canary.v20250814124630/cookieSuffix_clerk.browser_e976a1_5.84.0-canary.v20250814124630.min.js.br
- clerk-js/5.84.0-canary.v20250814124630/cookieSuffix_clerk.browser_e976a1_5.84.0-canary.v20250814124630.min.js.gz
- clerk-js/5.84.0-canary.v20250814124630/cookieSuffix_clerk.browser_e976a1_5.84.0-canary.v20250814124630.min.js.sri
- clerk-js/5.84.0-canary.v20250814124630/cookieSuffix_clerk.chips.browser_f522cb_5.84.0-canary.v20250814124630.js.br
- clerk-js/5.84.0-canary.v20250814124630/cookieSuffix_clerk.chips.browser_f522cb_5.84.0-canary.v20250814124630.js.gz
- clerk-js/5.84.0-canary.v20250814124630/cookieSuffix_clerk.chips.browser_f522cb_5.84.0-canary.v20250814124630.js.sri
- clerk-js/5.84.0-canary.v20250814124630/cookieSuffix_clerk.chips.browser_f522cb_5.84.0-canary.v20250814124630.min.js.br
- clerk-js/5.84.0-canary.v20250814124630/cookieSuffix_clerk.chips.browser_f522cb_5.84.0-canary.v20250814124630.min.js.gz
- clerk-js/5.84.0-canary.v20250814124630/cookieSuffix_clerk.chips.browser_f522cb_5.84.0-canary.v20250814124630.min.js.sri
- clerk-js/5.84.0-canary.v20250814124630/cookieSuffix_clerk.headless.browser_c326ec_5.84.0-canary.v20250814124630.js.br
- clerk-js/5.84.0-canary.v20250814124630/cookieSuffix_clerk.headless.browser_c326ec_5.84.0-canary.v20250814124630.js.gz
- clerk-js/5.84.0-canary.v20250814124630/cookieSuffix_clerk.headless.browser_c326ec_5.84.0-canary.v20250814124630.js.sri
- clerk-js/5.84.0-canary.v20250814124630/cookieSuffix_clerk.headless.browser_c326ec_5.84.0-canary.v20250814124630.min.js.br
- clerk-js/5.84.0-canary.v20250814124630/cookieSuffix_clerk.headless.browser_c326ec_5.84.0-canary.v20250814124630.min.js.gz
- clerk-js/5.84.0-canary.v20250814124630/cookieSuffix_clerk.headless.browser_c326ec_5.84.0-canary.v20250814124630.min.js.sri
- clerk-js/5.84.0-canary.v20250814124630/cookieSuffix_clerk.headless_c1007b_5.84.0-canary.v20250814124630.js.br
- clerk-js/5.84.0-canary.v20250814124630/cookieSuffix_clerk.headless_c1007b_5.84.0-canary.v20250814124630.js.gz
- clerk-js/5.84.0-canary.v20250814124630/cookieSuffix_clerk.headless_c1007b_5.84.0-canary.v20250814124630.js.sri
- clerk-js/5.84.0-canary.v20250814124630/cookieSuffix_clerk.headless_c1007b_5.84.0-canary.v20250814124630.min.js.br
- clerk-js/5.84.0-canary.v20250814124630/cookieSuffix_clerk.headless_c1007b_5.84.0-canary.v20250814124630.min.js.gz
- clerk-js/5.84.0-canary.v20250814124630/cookieSuffix_clerk.headless_c1007b_5.84.0-canary.v20250814124630.min.js.sri
- clerk-js/5.84.0-canary.v20250814124630/cookieSuffix_clerk.legacy.browser_b5251d_5.84.0-canary.v20250814124630.js.br
- clerk-js/5.84.0-canary.v20250814124630/cookieSuffix_clerk.legacy.browser_b5251d_5.84.0-canary.v20250814124630.js.gz
- clerk-js/5.84.0-canary.v20250814124630/cookieSuffix_clerk.legacy.browser_b5251d_5.84.0-canary.v20250814124630.js.sri
- clerk-js/5.84.0-canary.v20250814124630/cookieSuffix_clerk.legacy.browser_b5251d_5.84.0-canary.v20250814124630.min.js.br
- clerk-js/5.84.0-canary.v20250814124630/cookieSuffix_clerk.legacy.browser_b5251d_5.84.0-canary.v20250814124630.min.js.gz
- clerk-js/5.84.0-canary.v20250814124630/cookieSuffix_clerk.legacy.browser_b5251d_5.84.0-canary.v20250814124630.min.js.sri
- clerk-js/5.84.0-canary.v20250814124630/createorganization_clerk.browser_e976a1_5.84.0-canary.v20250814124630.js.br
- clerk-js/5.84.0-canary.v20250814124630/createorganization_clerk.browser_e976a1_5.84.0-canary.v20250814124630.js.gz
- clerk-js/5.84.0-canary.v20250814124630/createorganization_clerk.browser_e976a1_5.84.0-canary.v20250814124630.js.sri
- clerk-js/5.84.0-canary.v20250814124630/createorganization_clerk.browser_e976a1_5.84.0-canary.v20250814124630.min.js.br
- clerk-js/5.84.0-canary.v20250814124630/createorganization_clerk.browser_e976a1_5.84.0-canary.v20250814124630.min.js.gz
- clerk-js/5.84.0-canary.v20250814124630/createorganization_clerk.browser_e976a1_5.84.0-canary.v20250814124630.min.js.sri
- clerk-js/5.84.0-canary.v20250814124630/createorganization_clerk.chips.browser_f522cb_5.84.0-canary.v20250814124630.js.br
- clerk-js/5.84.0-canary.v20250814124630/createorganization_clerk.chips.browser_f522cb_5.84.0-canary.v20250814124630.js.gz
- clerk-js/5.84.0-canary.v20250814124630/createorganization_clerk.chips.browser_f522cb_5.84.0-canary.v20250814124630.js.sri
- clerk-js/5.84.0-canary.v20250814124630/createorganization_clerk.chips.browser_f522cb_5.84.0-canary.v20250814124630.min.js.br
- clerk-js/5.84.0-canary.v20250814124630/createorganization_clerk.chips.browser_f522cb_5.84.0-canary.v20250814124630.min.js.gz
- clerk-js/5.84.0-canary.v20250814124630/createorganization_clerk.chips.browser_f522cb_5.84.0-canary.v20250814124630.min.js.sri
- clerk-js/5.84.0-canary.v20250814124630/createorganization_clerk.legacy.browser_b5251d_5.84.0-canary.v20250814124630.js.br
- clerk-js/5.84.0-canary.v20250814124630/createorganization_clerk.legacy.browser_b5251d_5.84.0-canary.v20250814124630.js.gz
- clerk-js/5.84.0-canary.v20250814124630/createorganization_clerk.legacy.browser_b5251d_5.84.0-canary.v20250814124630.js.sri
- clerk-js/5.84.0-canary.v20250814124630/createorganization_clerk.legacy.browser_b5251d_5.84.0-canary.v20250814124630.min.js.br
- clerk-js/5.84.0-canary.v20250814124630/createorganization_clerk.legacy.browser_b5251d_5.84.0-canary.v20250814124630.min.js.gz
- clerk-js/5.84.0-canary.v20250814124630/createorganization_clerk.legacy.browser_b5251d_5.84.0-canary.v20250814124630.min.js.sri
- clerk-js/5.84.0-canary.v20250814124630/framework_clerk.browser_e976a1_5.84.0-canary.v20250814124630.js.br
- clerk-js/5.84.0-canary.v20250814124630/framework_clerk.browser_e976a1_5.84.0-canary.v20250814124630.js.gz
- clerk-js/5.84.0-canary.v20250814124630/framework_clerk.browser_e976a1_5.84.0-canary.v20250814124630.js.sri
- clerk-js/5.84.0-canary.v20250814124630/framework_clerk.browser_e976a1_5.84.0-canary.v20250814124630.min.js.br
- clerk-js/5.84.0-canary.v20250814124630/framework_clerk.browser_e976a1_5.84.0-canary.v20250814124630.min.js.gz
- clerk-js/5.84.0-canary.v20250814124630/framework_clerk.browser_e976a1_5.84.0-canary.v20250814124630.min.js.sri
- clerk-js/5.84.0-canary.v20250814124630/framework_clerk.chips.browser_f522cb_5.84.0-canary.v20250814124630.js.br
- clerk-js/5.84.0-canary.v20250814124630/framework_clerk.chips.browser_f522cb_5.84.0-canary.v20250814124630.js.gz
- clerk-js/5.84.0-canary.v20250814124630/framework_clerk.chips.browser_f522cb_5.84.0-canary.v20250814124630.js.sri
- clerk-js/5.84.0-canary.v20250814124630/framework_clerk.chips.browser_f522cb_5.84.0-canary.v20250814124630.min.js.br
- clerk-js/5.84.0-canary.v20250814124630/framework_clerk.chips.browser_f522cb_5.84.0-canary.v20250814124630.min.js.gz
- clerk-js/5.84.0-canary.v20250814124630/framework_clerk.chips.browser_f522cb_5.84.0-canary.v20250814124630.min.js.sri
- clerk-js/5.84.0-canary.v20250814124630/framework_clerk.legacy.browser_b5251d_5.84.0-canary.v20250814124630.js.br
- clerk-js/5.84.0-canary.v20250814124630/framework_clerk.legacy.browser_b5251d_5.84.0-canary.v20250814124630.js.gz
- clerk-js/5.84.0-canary.v20250814124630/framework_clerk.legacy.browser_b5251d_5.84.0-canary.v20250814124630.js.sri
- clerk-js/5.84.0-canary.v20250814124630/framework_clerk.legacy.browser_b5251d_5.84.0-canary.v20250814124630.min.js.br
- clerk-js/5.84.0-canary.v20250814124630/framework_clerk.legacy.browser_b5251d_5.84.0-canary.v20250814124630.min.js.gz
- clerk-js/5.84.0-canary.v20250814124630/framework_clerk.legacy.browser_b5251d_5.84.0-canary.v20250814124630.min.js.sri
- clerk-js/5.84.0-canary.v20250814124630/impersonationfab_clerk.browser_e976a1_5.84.0-canary.v20250814124630.js.br
- clerk-js/5.84.0-canary.v20250814124630/impersonationfab_clerk.browser_e976a1_5.84.0-canary.v20250814124630.js.gz
- clerk-js/5.84.0-canary.v20250814124630/impersonationfab_clerk.browser_e976a1_5.84.0-canary.v20250814124630.js.sri
- clerk-js/5.84.0-canary.v20250814124630/impersonationfab_clerk.browser_e976a1_5.84.0-canary.v20250814124630.min.js.br
- clerk-js/5.84.0-canary.v20250814124630/impersonationfab_clerk.browser_e976a1_5.84.0-canary.v20250814124630.min.js.gz
- clerk-js/5.84.0-canary.v20250814124630/impersonationfab_clerk.browser_e976a1_5.84.0-canary.v20250814124630.min.js.sri
- clerk-js/5.84.0-canary.v20250814124630/impersonationfab_clerk.chips.browser_f522cb_5.84.0-canary.v20250814124630.js.br
- clerk-js/5.84.0-canary.v20250814124630/impersonationfab_clerk.chips.browser_f522cb_5.84.0-canary.v20250814124630.js.gz
- clerk-js/5.84.0-canary.v20250814124630/impersonationfab_clerk.chips.browser_f522cb_5.84.0-canary.v20250814124630.js.sri
- clerk-js/5.84.0-canary.v20250814124630/impersonationfab_clerk.chips.browser_f522cb_5.84.0-canary.v20250814124630.min.js.br
- clerk-js/5.84.0-canary.v20250814124630/impersonationfab_clerk.chips.browser_f522cb_5.84.0-canary.v20250814124630.min.js.gz
- clerk-js/5.84.0-canary.v20250814124630/impersonationfab_clerk.chips.browser_f522cb_5.84.0-canary.v20250814124630.min.js.sri
- clerk-js/5.84.0-canary.v20250814124630/impersonationfab_clerk.legacy.browser_b5251d_5.84.0-canary.v20250814124630.js.br
- clerk-js/5.84.0-canary.v20250814124630/impersonationfab_clerk.legacy.browser_b5251d_5.84.0-canary.v20250814124630.js.gz
- clerk-js/5.84.0-canary.v20250814124630/impersonationfab_clerk.legacy.browser_b5251d_5.84.0-canary.v20250814124630.js.sri
- clerk-js/5.84.0-canary.v20250814124630/impersonationfab_clerk.legacy.browser_b5251d_5.84.0-canary.v20250814124630.min.js.br
- clerk-js/5.84.0-canary.v20250814124630/impersonationfab_clerk.legacy.browser_b5251d_5.84.0-canary.v20250814124630.min.js.gz
- clerk-js/5.84.0-canary.v20250814124630/impersonationfab_clerk.legacy.browser_b5251d_5.84.0-canary.v20250814124630.min.js.sri
- clerk-js/5.84.0-canary.v20250814124630/keylessPrompt_clerk.browser_e976a1_5.84.0-canary.v20250814124630.js.br
- clerk-js/5.84.0-canary.v20250814124630/keylessPrompt_clerk.browser_e976a1_5.84.0-canary.v20250814124630.js.gz
- clerk-js/5.84.0-canary.v20250814124630/keylessPrompt_clerk.browser_e976a1_5.84.0-canary.v20250814124630.js.sri
- clerk-js/5.84.0-canary.v20250814124630/keylessPrompt_clerk.browser_e976a1_5.84.0-canary.v20250814124630.min.js.br
- clerk-js/5.84.0-canary.v20250814124630/keylessPrompt_clerk.browser_e976a1_5.84.0-canary.v20250814124630.min.js.gz
- clerk-js/5.84.0-canary.v20250814124630/keylessPrompt_clerk.browser_e976a1_5.84.0-canary.v20250814124630.min.js.sri
- clerk-js/5.84.0-canary.v20250814124630/keylessPrompt_clerk.chips.browser_f522cb_5.84.0-canary.v20250814124630.js.br
- clerk-js/5.84.0-canary.v20250814124630/keylessPrompt_clerk.chips.browser_f522cb_5.84.0-canary.v20250814124630.js.gz
- clerk-js/5.84.0-canary.v20250814124630/keylessPrompt_clerk.chips.browser_f522cb_5.84.0-canary.v20250814124630.js.sri
- clerk-js/5.84.0-canary.v20250814124630/keylessPrompt_clerk.chips.browser_f522cb_5.84.0-canary.v20250814124630.min.js.br
- clerk-js/5.84.0-canary.v20250814124630/keylessPrompt_clerk.chips.browser_f522cb_5.84.0-canary.v20250814124630.min.js.gz
- clerk-js/5.84.0-canary.v20250814124630/keylessPrompt_clerk.chips.browser_f522cb_5.84.0-canary.v20250814124630.min.js.sri
- clerk-js/5.84.0-canary.v20250814124630/keylessPrompt_clerk.legacy.browser_b5251d_5.84.0-canary.v20250814124630.js.br
- clerk-js/5.84.0-canary.v20250814124630/keylessPrompt_clerk.legacy.browser_b5251d_5.84.0-canary.v20250814124630.js.gz
- clerk-js/5.84.0-canary.v20250814124630/keylessPrompt_clerk.legacy.browser_b5251d_5.84.0-canary.v20250814124630.js.sri
- clerk-js/5.84.0-canary.v20250814124630/keylessPrompt_clerk.legacy.browser_b5251d_5.84.0-canary.v20250814124630.min.js.br
- clerk-js/5.84.0-canary.v20250814124630/keylessPrompt_clerk.legacy.browser_b5251d_5.84.0-canary.v20250814124630.min.js.gz
- clerk-js/5.84.0-canary.v20250814124630/keylessPrompt_clerk.legacy.browser_b5251d_5.84.0-canary.v20250814124630.min.js.sri
- clerk-js/5.84.0-canary.v20250814124630/oauthConsent_clerk.browser_e976a1_5.84.0-canary.v20250814124630.js.br
- clerk-js/5.84.0-canary.v20250814124630/oauthConsent_clerk.browser_e976a1_5.84.0-canary.v20250814124630.js.gz
- clerk-js/5.84.0-canary.v20250814124630/oauthConsent_clerk.browser_e976a1_5.84.0-canary.v20250814124630.js.sri
- clerk-js/5.84.0-canary.v20250814124630/oauthConsent_clerk.browser_e976a1_5.84.0-canary.v20250814124630.min.js.br
- clerk-js/5.84.0-canary.v20250814124630/oauthConsent_clerk.browser_e976a1_5.84.0-canary.v20250814124630.min.js.gz
- clerk-js/5.84.0-canary.v20250814124630/oauthConsent_clerk.browser_e976a1_5.84.0-canary.v20250814124630.min.js.sri
- clerk-js/5.84.0-canary.v20250814124630/oauthConsent_clerk.chips.browser_f522cb_5.84.0-canary.v20250814124630.js.br
- clerk-js/5.84.0-canary.v20250814124630/oauthConsent_clerk.chips.browser_f522cb_5.84.0-canary.v20250814124630.js.gz
- clerk-js/5.84.0-canary.v20250814124630/oauthConsent_clerk.chips.browser_f522cb_5.84.0-canary.v20250814124630.js.sri
- clerk-js/5.84.0-canary.v20250814124630/oauthConsent_clerk.chips.browser_f522cb_5.84.0-canary.v20250814124630.min.js.br
- clerk-js/5.84.0-canary.v20250814124630/oauthConsent_clerk.chips.browser_f522cb_5.84.0-canary.v20250814124630.min.js.gz
- clerk-js/5.84.0-canary.v20250814124630/oauthConsent_clerk.chips.browser_f522cb_5.84.0-canary.v20250814124630.min.js.sri
- clerk-js/5.84.0-canary.v20250814124630/oauthConsent_clerk.legacy.browser_b5251d_5.84.0-canary.v20250814124630.js.br
- clerk-js/5.84.0-canary.v20250814124630/oauthConsent_clerk.legacy.browser_b5251d_5.84.0-canary.v20250814124630.js.gz
- clerk-js/5.84.0-canary.v20250814124630/oauthConsent_clerk.legacy.browser_b5251d_5.84.0-canary.v20250814124630.js.sri
- clerk-js/5.84.0-canary.v20250814124630/oauthConsent_clerk.legacy.browser_b5251d_5.84.0-canary.v20250814124630.min.js.br
- clerk-js/5.84.0-canary.v20250814124630/oauthConsent_clerk.legacy.browser_b5251d_5.84.0-canary.v20250814124630.min.js.gz
- clerk-js/5.84.0-canary.v20250814124630/oauthConsent_clerk.legacy.browser_b5251d_5.84.0-canary.v20250814124630.min.js.sri
- clerk-js/5.84.0-canary.v20250814124630/onetap_clerk.browser_e976a1_5.84.0-canary.v20250814124630.js.br
- clerk-js/5.84.0-canary.v20250814124630/onetap_clerk.browser_e976a1_5.84.0-canary.v20250814124630.js.gz
- clerk-js/5.84.0-canary.v20250814124630/onetap_clerk.browser_e976a1_5.84.0-canary.v20250814124630.js.sri
- clerk-js/5.84.0-canary.v20250814124630/onetap_clerk.browser_e976a1_5.84.0-canary.v20250814124630.min.js.br
- clerk-js/5.84.0-canary.v20250814124630/onetap_clerk.browser_e976a1_5.84.0-canary.v20250814124630.min.js.gz
- clerk-js/5.84.0-canary.v20250814124630/onetap_clerk.browser_e976a1_5.84.0-canary.v20250814124630.min.js.sri
- clerk-js/5.84.0-canary.v20250814124630/onetap_clerk.chips.browser_f522cb_5.84.0-canary.v20250814124630.js.br
- clerk-js/5.84.0-canary.v20250814124630/onetap_clerk.chips.browser_f522cb_5.84.0-canary.v20250814124630.js.gz
- clerk-js/5.84.0-canary.v20250814124630/onetap_clerk.chips.browser_f522cb_5.84.0-canary.v20250814124630.js.sri
- clerk-js/5.84.0-canary.v20250814124630/onetap_clerk.chips.browser_f522cb_5.84.0-canary.v20250814124630.min.js.br
- clerk-js/5.84.0-canary.v20250814124630/onetap_clerk.chips.browser_f522cb_5.84.0-canary.v20250814124630.min.js.gz
- clerk-js/5.84.0-canary.v20250814124630/onetap_clerk.chips.browser_f522cb_5.84.0-canary.v20250814124630.min.js.sri
- clerk-js/5.84.0-canary.v20250814124630/onetap_clerk.legacy.browser_b5251d_5.84.0-canary.v20250814124630.js.br
- clerk-js/5.84.0-canary.v20250814124630/onetap_clerk.legacy.browser_b5251d_5.84.0-canary.v20250814124630.js.gz
- clerk-js/5.84.0-canary.v20250814124630/onetap_clerk.legacy.browser_b5251d_5.84.0-canary.v20250814124630.js.sri
- clerk-js/5.84.0-canary.v20250814124630/onetap_clerk.legacy.browser_b5251d_5.84.0-canary.v20250814124630.min.js.br
- clerk-js/5.84.0-canary.v20250814124630/onetap_clerk.legacy.browser_b5251d_5.84.0-canary.v20250814124630.min.js.gz
- clerk-js/5.84.0-canary.v20250814124630/onetap_clerk.legacy.browser_b5251d_5.84.0-canary.v20250814124630.min.js.sri
- clerk-js/5.84.0-canary.v20250814124630/op-api-keys-page_clerk.browser_e976a1_5.84.0-canary.v20250814124630.js.br
- clerk-js/5.84.0-canary.v20250814124630/op-api-keys-page_clerk.browser_e976a1_5.84.0-canary.v20250814124630.js.gz
- clerk-js/5.84.0-canary.v20250814124630/op-api-keys-page_clerk.browser_e976a1_5.84.0-canary.v20250814124630.js.sri
- clerk-js/5.84.0-canary.v20250814124630/op-api-keys-page_clerk.browser_e976a1_5.84.0-canary.v20250814124630.min.js.br
- clerk-js/5.84.0-canary.v20250814124630/op-api-keys-page_clerk.browser_e976a1_5.84.0-canary.v20250814124630.min.js.gz
- clerk-js/5.84.0-canary.v20250814124630/op-api-keys-page_clerk.browser_e976a1_5.84.0-canary.v20250814124630.min.js.sri
- clerk-js/5.84.0-canary.v20250814124630/op-api-keys-page_clerk.chips.browser_f522cb_5.84.0-canary.v20250814124630.js.br
- clerk-js/5.84.0-canary.v20250814124630/op-api-keys-page_clerk.chips.browser_f522cb_5.84.0-canary.v20250814124630.js.gz
- clerk-js/5.84.0-canary.v20250814124630/op-api-keys-page_clerk.chips.browser_f522cb_5.84.0-canary.v20250814124630.js.sri
- clerk-js/5.84.0-canary.v20250814124630/op-api-keys-page_clerk.chips.browser_f522cb_5.84.0-canary.v20250814124630.min.js.br
- clerk-js/5.84.0-canary.v20250814124630/op-api-keys-page_clerk.chips.browser_f522cb_5.84.0-canary.v20250814124630.min.js.gz
- clerk-js/5.84.0-canary.v20250814124630/op-api-keys-page_clerk.chips.browser_f522cb_5.84.0-canary.v20250814124630.min.js.sri
- clerk-js/5.84.0-canary.v20250814124630/op-api-keys-page_clerk.legacy.browser_b5251d_5.84.0-canary.v20250814124630.js.br
- clerk-js/5.84.0-canary.v20250814124630/op-api-keys-page_clerk.legacy.browser_b5251d_5.84.0-canary.v20250814124630.js.gz
- clerk-js/5.84.0-canary.v20250814124630/op-api-keys-page_clerk.legacy.browser_b5251d_5.84.0-canary.v20250814124630.js.sri
- clerk-js/5.84.0-canary.v20250814124630/op-api-keys-page_clerk.legacy.browser_b5251d_5.84.0-canary.v20250814124630.min.js.br
- clerk-js/5.84.0-canary.v20250814124630/op-api-keys-page_clerk.legacy.browser_b5251d_5.84.0-canary.v20250814124630.min.js.gz
- clerk-js/5.84.0-canary.v20250814124630/op-api-keys-page_clerk.legacy.browser_b5251d_5.84.0-canary.v20250814124630.min.js.sri
- clerk-js/5.84.0-canary.v20250814124630/op-billing-page_clerk.browser_e976a1_5.84.0-canary.v20250814124630.js.br
- clerk-js/5.84.0-canary.v20250814124630/op-billing-page_clerk.browser_e976a1_5.84.0-canary.v20250814124630.js.gz
- clerk-js/5.84.0-canary.v20250814124630/op-billing-page_clerk.browser_e976a1_5.84.0-canary.v20250814124630.js.sri
- clerk-js/5.84.0-canary.v20250814124630/op-billing-page_clerk.browser_e976a1_5.84.0-canary.v20250814124630.min.js.br
- clerk-js/5.84.0-canary.v20250814124630/op-billing-page_clerk.browser_e976a1_5.84.0-canary.v20250814124630.min.js.gz
- clerk-js/5.84.0-canary.v20250814124630/op-billing-page_clerk.browser_e976a1_5.84.0-canary.v20250814124630.min.js.sri
- clerk-js/5.84.0-canary.v20250814124630/op-billing-page_clerk.chips.browser_f522cb_5.84.0-canary.v20250814124630.js.br
- clerk-js/5.84.0-canary.v20250814124630/op-billing-page_clerk.chips.browser_f522cb_5.84.0-canary.v20250814124630.js.gz
- clerk-js/5.84.0-canary.v20250814124630/op-billing-page_clerk.chips.browser_f522cb_5.84.0-canary.v20250814124630.js.sri
- clerk-js/5.84.0-canary.v20250814124630/op-billing-page_clerk.chips.browser_f522cb_5.84.0-canary.v20250814124630.min.js.br
- clerk-js/5.84.0-canary.v20250814124630/op-billing-page_clerk.chips.browser_f522cb_5.84.0-canary.v20250814124630.min.js.gz
- clerk-js/5.84.0-canary.v20250814124630/op-billing-page_clerk.chips.browser_f522cb_5.84.0-canary.v20250814124630.min.js.sri
- clerk-js/5.84.0-canary.v20250814124630/op-billing-page_clerk.legacy.browser_b5251d_5.84.0-canary.v20250814124630.js.br
- clerk-js/5.84.0-canary.v20250814124630/op-billing-page_clerk.legacy.browser_b5251d_5.84.0-canary.v20250814124630.js.gz
- clerk-js/5.84.0-canary.v20250814124630/op-billing-page_clerk.legacy.browser_b5251d_5.84.0-canary.v20250814124630.js.sri
- clerk-js/5.84.0-canary.v20250814124630/op-billing-page_clerk.legacy.browser_b5251d_5.84.0-canary.v20250814124630.min.js.br
- clerk-js/5.84.0-canary.v20250814124630/op-billing-page_clerk.legacy.browser_b5251d_5.84.0-canary.v20250814124630.min.js.gz
- clerk-js/5.84.0-canary.v20250814124630/op-billing-page_clerk.legacy.browser_b5251d_5.84.0-canary.v20250814124630.min.js.sri
- clerk-js/5.84.0-canary.v20250814124630/op-plans-page_clerk.browser_e976a1_5.84.0-canary.v20250814124630.js.br
- clerk-js/5.84.0-canary.v20250814124630/op-plans-page_clerk.browser_e976a1_5.84.0-canary.v20250814124630.js.gz
- clerk-js/5.84.0-canary.v20250814124630/op-plans-page_clerk.browser_e976a1_5.84.0-canary.v20250814124630.js.sri
- clerk-js/5.84.0-canary.v20250814124630/op-plans-page_clerk.browser_e976a1_5.84.0-canary.v20250814124630.min.js.br
- clerk-js/5.84.0-canary.v20250814124630/op-plans-page_clerk.browser_e976a1_5.84.0-canary.v20250814124630.min.js.gz
- clerk-js/5.84.0-canary.v20250814124630/op-plans-page_clerk.browser_e976a1_5.84.0-canary.v20250814124630.min.js.sri
- clerk-js/5.84.0-canary.v20250814124630/op-plans-page_clerk.chips.browser_f522cb_5.84.0-canary.v20250814124630.js.br
- clerk-js/5.84.0-canary.v20250814124630/op-plans-page_clerk.chips.browser_f522cb_5.84.0-canary.v20250814124630.js.gz
- clerk-js/5.84.0-canary.v20250814124630/op-plans-page_clerk.chips.browser_f522cb_5.84.0-canary.v20250814124630.js.sri
- clerk-js/5.84.0-canary.v20250814124630/op-plans-page_clerk.chips.browser_f522cb_5.84.0-canary.v20250814124630.min.js.br
- clerk-js/5.84.0-canary.v20250814124630/op-plans-page_clerk.chips.browser_f522cb_5.84.0-canary.v20250814124630.min.js.gz
- clerk-js/5.84.0-canary.v20250814124630/op-plans-page_clerk.chips.browser_f522cb_5.84.0-canary.v20250814124630.min.js.sri
- clerk-js/5.84.0-canary.v20250814124630/op-plans-page_clerk.legacy.browser_b5251d_5.84.0-canary.v20250814124630.js.br
- clerk-js/5.84.0-canary.v20250814124630/op-plans-page_clerk.legacy.browser_b5251d_5.84.0-canary.v20250814124630.js.gz
- clerk-js/5.84.0-canary.v20250814124630/op-plans-page_clerk.legacy.browser_b5251d_5.84.0-canary.v20250814124630.js.sri
- clerk-js/5.84.0-canary.v20250814124630/op-plans-page_clerk.legacy.browser_b5251d_5.84.0-canary.v20250814124630.min.js.br
- clerk-js/5.84.0-canary.v20250814124630/op-plans-page_clerk.legacy.browser_b5251d_5.84.0-canary.v20250814124630.min.js.gz
- clerk-js/5.84.0-canary.v20250814124630/op-plans-page_clerk.legacy.browser_b5251d_5.84.0-canary.v20250814124630.min.js.sri
- clerk-js/5.84.0-canary.v20250814124630/organizationlist_clerk.browser_e976a1_5.84.0-canary.v20250814124630.js.br
- clerk-js/5.84.0-canary.v20250814124630/organizationlist_clerk.browser_e976a1_5.84.0-canary.v20250814124630.js.gz
- clerk-js/5.84.0-canary.v20250814124630/organizationlist_clerk.browser_e976a1_5.84.0-canary.v20250814124630.js.sri
- clerk-js/5.84.0-canary.v20250814124630/organizationlist_clerk.browser_e976a1_5.84.0-canary.v20250814124630.min.js.br
- clerk-js/5.84.0-canary.v20250814124630/organizationlist_clerk.browser_e976a1_5.84.0-canary.v20250814124630.min.js.gz
- clerk-js/5.84.0-canary.v20250814124630/organizationlist_clerk.browser_e976a1_5.84.0-canary.v20250814124630.min.js.sri
- clerk-js/5.84.0-canary.v20250814124630/organizationlist_clerk.chips.browser_f522cb_5.84.0-canary.v20250814124630.js.br
- clerk-js/5.84.0-canary.v20250814124630/organizationlist_clerk.chips.browser_f522cb_5.84.0-canary.v20250814124630.js.gz
- clerk-js/5.84.0-canary.v20250814124630/organizationlist_clerk.chips.browser_f522cb_5.84.0-canary.v20250814124630.js.sri
- clerk-js/5.84.0-canary.v20250814124630/organizationlist_clerk.chips.browser_f522cb_5.84.0-canary.v20250814124630.min.js.br
- clerk-js/5.84.0-canary.v20250814124630/organizationlist_clerk.chips.browser_f522cb_5.84.0-canary.v20250814124630.min.js.gz
- clerk-js/5.84.0-canary.v20250814124630/organizationlist_clerk.chips.browser_f522cb_5.84.0-canary.v20250814124630.min.js.sri
- clerk-js/5.84.0-canary.v20250814124630/organizationlist_clerk.legacy.browser_b5251d_5.84.0-canary.v20250814124630.js.br
- clerk-js/5.84.0-canary.v20250814124630/organizationlist_clerk.legacy.browser_b5251d_5.84.0-canary.v20250814124630.js.gz
- clerk-js/5.84.0-canary.v20250814124630/organizationlist_clerk.legacy.browser_b5251d_5.84.0-canary.v20250814124630.js.sri
- clerk-js/5.84.0-canary.v20250814124630/organizationlist_clerk.legacy.browser_b5251d_5.84.0-canary.v20250814124630.min.js.br
- clerk-js/5.84.0-canary.v20250814124630/organizationlist_clerk.legacy.browser_b5251d_5.84.0-canary.v20250814124630.min.js.gz
- clerk-js/5.84.0-canary.v20250814124630/organizationlist_clerk.legacy.browser_b5251d_5.84.0-canary.v20250814124630.min.js.sri
- clerk-js/5.84.0-canary.v20250814124630/organizationprofile_clerk.browser_e976a1_5.84.0-canary.v20250814124630.js.br
- clerk-js/5.84.0-canary.v20250814124630/organizationprofile_clerk.browser_e976a1_5.84.0-canary.v20250814124630.js.gz
- clerk-js/5.84.0-canary.v20250814124630/organizationprofile_clerk.browser_e976a1_5.84.0-canary.v20250814124630.js.sri
- clerk-js/5.84.0-canary.v20250814124630/organizationprofile_clerk.browser_e976a1_5.84.0-canary.v20250814124630.min.js.br
- clerk-js/5.84.0-canary.v20250814124630/organizationprofile_clerk.browser_e976a1_5.84.0-canary.v20250814124630.min.js.gz
- clerk-js/5.84.0-canary.v20250814124630/organizationprofile_clerk.browser_e976a1_5.84.0-canary.v20250814124630.min.js.sri
- clerk-js/5.84.0-canary.v20250814124630/organizationprofile_clerk.chips.browser_f522cb_5.84.0-canary.v20250814124630.js.br
- clerk-js/5.84.0-canary.v20250814124630/organizationprofile_clerk.chips.browser_f522cb_5.84.0-canary.v20250814124630.js.gz
- clerk-js/5.84.0-canary.v20250814124630/organizationprofile_clerk.chips.browser_f522cb_5.84.0-canary.v20250814124630.js.sri
- clerk-js/5.84.0-canary.v20250814124630/organizationprofile_clerk.chips.browser_f522cb_5.84.0-canary.v20250814124630.min.js.br
- clerk-js/5.84.0-canary.v20250814124630/organizationprofile_clerk.chips.browser_f522cb_5.84.0-canary.v20250814124630.min.js.gz
- clerk-js/5.84.0-canary.v20250814124630/organizationprofile_clerk.chips.browser_f522cb_5.84.0-canary.v20250814124630.min.js.sri
- clerk-js/5.84.0-canary.v20250814124630/organizationprofile_clerk.legacy.browser_b5251d_5.84.0-canary.v20250814124630.js.br
- clerk-js/5.84.0-canary.v20250814124630/organizationprofile_clerk.legacy.browser_b5251d_5.84.0-canary.v20250814124630.js.gz
- clerk-js/5.84.0-canary.v20250814124630/organizationprofile_clerk.legacy.browser_b5251d_5.84.0-canary.v20250814124630.js.sri
- clerk-js/5.84.0-canary.v20250814124630/organizationprofile_clerk.legacy.browser_b5251d_5.84.0-canary.v20250814124630.min.js.br
- clerk-js/5.84.0-canary.v20250814124630/organizationprofile_clerk.legacy.browser_b5251d_5.84.0-canary.v20250814124630.min.js.gz
- clerk-js/5.84.0-canary.v20250814124630/organizationprofile_clerk.legacy.browser_b5251d_5.84.0-canary.v20250814124630.min.js.sri
- clerk-js/5.84.0-canary.v20250814124630/organizationswitcher_clerk.browser_e976a1_5.84.0-canary.v20250814124630.js.br
- clerk-js/5.84.0-canary.v20250814124630/organizationswitcher_clerk.browser_e976a1_5.84.0-canary.v20250814124630.js.gz
- clerk-js/5.84.0-canary.v20250814124630/organizationswitcher_clerk.browser_e976a1_5.84.0-canary.v20250814124630.js.sri
- clerk-js/5.84.0-canary.v20250814124630/organizationswitcher_clerk.browser_e976a1_5.84.0-canary.v20250814124630.min.js.br
- clerk-js/5.84.0-canary.v20250814124630/organizationswitcher_clerk.browser_e976a1_5.84.0-canary.v20250814124630.min.js.gz
- clerk-js/5.84.0-canary.v20250814124630/organizationswitcher_clerk.browser_e976a1_5.84.0-canary.v20250814124630.min.js.sri
- clerk-js/5.84.0-canary.v20250814124630/organizationswitcher_clerk.chips.browser_f522cb_5.84.0-canary.v20250814124630.js.br
- clerk-js/5.84.0-canary.v20250814124630/organizationswitcher_clerk.chips.browser_f522cb_5.84.0-canary.v20250814124630.js.gz
- clerk-js/5.84.0-canary.v20250814124630/organizationswitcher_clerk.chips.browser_f522cb_5.84.0-canary.v20250814124630.js.sri
- clerk-js/5.84.0-canary.v20250814124630/organizationswitcher_clerk.chips.browser_f522cb_5.84.0-canary.v20250814124630.min.js.br
- clerk-js/5.84.0-canary.v20250814124630/organizationswitcher_clerk.chips.browser_f522cb_5.84.0-canary.v20250814124630.min.js.gz
- clerk-js/5.84.0-canary.v20250814124630/organizationswitcher_clerk.chips.browser_f522cb_5.84.0-canary.v20250814124630.min.js.sri
- clerk-js/5.84.0-canary.v20250814124630/organizationswitcher_clerk.legacy.browser_b5251d_5.84.0-canary.v20250814124630.js.br
- clerk-js/5.84.0-canary.v20250814124630/organizationswitcher_clerk.legacy.browser_b5251d_5.84.0-canary.v20250814124630.js.gz
- clerk-js/5.84.0-canary.v20250814124630/organizationswitcher_clerk.legacy.browser_b5251d_5.84.0-canary.v20250814124630.js.sri
- clerk-js/5.84.0-canary.v20250814124630/organizationswitcher_clerk.legacy.browser_b5251d_5.84.0-canary.v20250814124630.min.js.br
- clerk-js/5.84.0-canary.v20250814124630/organizationswitcher_clerk.legacy.browser_b5251d_5.84.0-canary.v20250814124630.min.js.gz
- clerk-js/5.84.0-canary.v20250814124630/organizationswitcher_clerk.legacy.browser_b5251d_5.84.0-canary.v20250814124630.min.js.sri
- clerk-js/5.84.0-canary.v20250814124630/payment-attempt-page_clerk.browser_e976a1_5.84.0-canary.v20250814124630.js.br
- clerk-js/5.84.0-canary.v20250814124630/payment-attempt-page_clerk.browser_e976a1_5.84.0-canary.v20250814124630.js.gz
- clerk-js/5.84.0-canary.v20250814124630/payment-attempt-page_clerk.browser_e976a1_5.84.0-canary.v20250814124630.js.sri
- clerk-js/5.84.0-canary.v20250814124630/payment-attempt-page_clerk.browser_e976a1_5.84.0-canary.v20250814124630.min.js.br
- clerk-js/5.84.0-canary.v20250814124630/payment-attempt-page_clerk.browser_e976a1_5.84.0-canary.v20250814124630.min.js.gz
- clerk-js/5.84.0-canary.v20250814124630/payment-attempt-page_clerk.browser_e976a1_5.84.0-canary.v20250814124630.min.js.sri
- clerk-js/5.84.0-canary.v20250814124630/payment-attempt-page_clerk.chips.browser_f522cb_5.84.0-canary.v20250814124630.js.br
- clerk-js/5.84.0-canary.v20250814124630/payment-attempt-page_clerk.chips.browser_f522cb_5.84.0-canary.v20250814124630.js.gz
- clerk-js/5.84.0-canary.v20250814124630/payment-attempt-page_clerk.chips.browser_f522cb_5.84.0-canary.v20250814124630.js.sri
- clerk-js/5.84.0-canary.v20250814124630/payment-attempt-page_clerk.chips.browser_f522cb_5.84.0-canary.v20250814124630.min.js.br
- clerk-js/5.84.0-canary.v20250814124630/payment-attempt-page_clerk.chips.browser_f522cb_5.84.0-canary.v20250814124630.min.js.gz
- clerk-js/5.84.0-canary.v20250814124630/payment-attempt-page_clerk.chips.browser_f522cb_5.84.0-canary.v20250814124630.min.js.sri
- clerk-js/5.84.0-canary.v20250814124630/payment-attempt-page_clerk.legacy.browser_b5251d_5.84.0-canary.v20250814124630.js.br
- clerk-js/5.84.0-canary.v20250814124630/payment-attempt-page_clerk.legacy.browser_b5251d_5.84.0-canary.v20250814124630.js.gz
- clerk-js/5.84.0-canary.v20250814124630/payment-attempt-page_clerk.legacy.browser_b5251d_5.84.0-canary.v20250814124630.js.sri
- clerk-js/5.84.0-canary.v20250814124630/payment-attempt-page_clerk.legacy.browser_b5251d_5.84.0-canary.v20250814124630.min.js.br
- clerk-js/5.84.0-canary.v20250814124630/payment-attempt-page_clerk.legacy.browser_b5251d_5.84.0-canary.v20250814124630.min.js.gz
- clerk-js/5.84.0-canary.v20250814124630/payment-attempt-page_clerk.legacy.browser_b5251d_5.84.0-canary.v20250814124630.min.js.sri
- clerk-js/5.84.0-canary.v20250814124630/planDetails_clerk.browser_e976a1_5.84.0-canary.v20250814124630.js.br
- clerk-js/5.84.0-canary.v20250814124630/planDetails_clerk.browser_e976a1_5.84.0-canary.v20250814124630.js.gz
- clerk-js/5.84.0-canary.v20250814124630/planDetails_clerk.browser_e976a1_5.84.0-canary.v20250814124630.js.sri
- clerk-js/5.84.0-canary.v20250814124630/planDetails_clerk.browser_e976a1_5.84.0-canary.v20250814124630.min.js.br
- clerk-js/5.84.0-canary.v20250814124630/planDetails_clerk.browser_e976a1_5.84.0-canary.v20250814124630.min.js.gz
- clerk-js/5.84.0-canary.v20250814124630/planDetails_clerk.browser_e976a1_5.84.0-canary.v20250814124630.min.js.sri
- clerk-js/5.84.0-canary.v20250814124630/planDetails_clerk.chips.browser_f522cb_5.84.0-canary.v20250814124630.js.br
- clerk-js/5.84.0-canary.v20250814124630/planDetails_clerk.chips.browser_f522cb_5.84.0-canary.v20250814124630.js.gz
- clerk-js/5.84.0-canary.v20250814124630/planDetails_clerk.chips.browser_f522cb_5.84.0-canary.v20250814124630.js.sri
- clerk-js/5.84.0-canary.v20250814124630/planDetails_clerk.chips.browser_f522cb_5.84.0-canary.v20250814124630.min.js.br
- clerk-js/5.84.0-canary.v20250814124630/planDetails_clerk.chips.browser_f522cb_5.84.0-canary.v20250814124630.min.js.gz
- clerk-js/5.84.0-canary.v20250814124630/planDetails_clerk.chips.browser_f522cb_5.84.0-canary.v20250814124630.min.js.sri
- clerk-js/5.84.0-canary.v20250814124630/planDetails_clerk.legacy.browser_b5251d_5.84.0-canary.v20250814124630.js.br
- clerk-js/5.84.0-canary.v20250814124630/planDetails_clerk.legacy.browser_b5251d_5.84.0-canary.v20250814124630.js.gz
- clerk-js/5.84.0-canary.v20250814124630/planDetails_clerk.legacy.browser_b5251d_5.84.0-canary.v20250814124630.js.sri
- clerk-js/5.84.0-canary.v20250814124630/planDetails_clerk.legacy.browser_b5251d_5.84.0-canary.v20250814124630.min.js.br
- clerk-js/5.84.0-canary.v20250814124630/planDetails_clerk.legacy.browser_b5251d_5.84.0-canary.v20250814124630.min.js.gz
- clerk-js/5.84.0-canary.v20250814124630/planDetails_clerk.legacy.browser_b5251d_5.84.0-canary.v20250814124630.min.js.sri
- clerk-js/5.84.0-canary.v20250814124630/prefetchorganizationlist_clerk.browser_e976a1_5.84.0-canary.v20250814124630.js.br
- clerk-js/5.84.0-canary.v20250814124630/prefetchorganizationlist_clerk.browser_e976a1_5.84.0-canary.v20250814124630.js.gz
- clerk-js/5.84.0-canary.v20250814124630/prefetchorganizationlist_clerk.browser_e976a1_5.84.0-canary.v20250814124630.js.sri
- clerk-js/5.84.0-canary.v20250814124630/prefetchorganizationlist_clerk.browser_e976a1_5.84.0-canary.v20250814124630.min.js.br
- clerk-js/5.84.0-canary.v20250814124630/prefetchorganizationlist_clerk.browser_e976a1_5.84.0-canary.v20250814124630.min.js.gz
- clerk-js/5.84.0-canary.v20250814124630/prefetchorganizationlist_clerk.browser_e976a1_5.84.0-canary.v20250814124630.min.js.sri
- clerk-js/5.84.0-canary.v20250814124630/prefetchorganizationlist_clerk.chips.browser_f522cb_5.84.0-canary.v20250814124630.js.br
- clerk-js/5.84.0-canary.v20250814124630/prefetchorganizationlist_clerk.chips.browser_f522cb_5.84.0-canary.v20250814124630.js.gz
- clerk-js/5.84.0-canary.v20250814124630/prefetchorganizationlist_clerk.chips.browser_f522cb_5.84.0-canary.v20250814124630.js.sri
- clerk-js/5.84.0-canary.v20250814124630/prefetchorganizationlist_clerk.chips.browser_f522cb_5.84.0-canary.v20250814124630.min.js.br
- clerk-js/5.84.0-canary.v20250814124630/prefetchorganizationlist_clerk.chips.browser_f522cb_5.84.0-canary.v20250814124630.min.js.gz
- clerk-js/5.84.0-canary.v20250814124630/prefetchorganizationlist_clerk.chips.browser_f522cb_5.84.0-canary.v20250814124630.min.js.sri
- clerk-js/5.84.0-canary.v20250814124630/prefetchorganizationlist_clerk.legacy.browser_b5251d_5.84.0-canary.v20250814124630.js.br
- clerk-js/5.84.0-canary.v20250814124630/prefetchorganizationlist_clerk.legacy.browser_b5251d_5.84.0-canary.v20250814124630.js.gz
- clerk-js/5.84.0-canary.v20250814124630/prefetchorganizationlist_clerk.legacy.browser_b5251d_5.84.0-canary.v20250814124630.js.sri
- clerk-js/5.84.0-canary.v20250814124630/prefetchorganizationlist_clerk.legacy.browser_b5251d_5.84.0-canary.v20250814124630.min.js.br
- clerk-js/5.84.0-canary.v20250814124630/prefetchorganizationlist_clerk.legacy.browser_b5251d_5.84.0-canary.v20250814124630.min.js.gz
- clerk-js/5.84.0-canary.v20250814124630/prefetchorganizationlist_clerk.legacy.browser_b5251d_5.84.0-canary.v20250814124630.min.js.sri
- clerk-js/5.84.0-canary.v20250814124630/pricingTable_clerk.browser_e976a1_5.84.0-canary.v20250814124630.js.br
- clerk-js/5.84.0-canary.v20250814124630/pricingTable_clerk.browser_e976a1_5.84.0-canary.v20250814124630.js.gz
- clerk-js/5.84.0-canary.v20250814124630/pricingTable_clerk.browser_e976a1_5.84.0-canary.v20250814124630.js.sri
- clerk-js/5.84.0-canary.v20250814124630/pricingTable_clerk.browser_e976a1_5.84.0-canary.v20250814124630.min.js.br
- clerk-js/5.84.0-canary.v20250814124630/pricingTable_clerk.browser_e976a1_5.84.0-canary.v20250814124630.min.js.gz
- clerk-js/5.84.0-canary.v20250814124630/pricingTable_clerk.browser_e976a1_5.84.0-canary.v20250814124630.min.js.sri
- clerk-js/5.84.0-canary.v20250814124630/pricingTable_clerk.chips.browser_f522cb_5.84.0-canary.v20250814124630.js.br
- clerk-js/5.84.0-canary.v20250814124630/pricingTable_clerk.chips.browser_f522cb_5.84.0-canary.v20250814124630.js.gz
- clerk-js/5.84.0-canary.v20250814124630/pricingTable_clerk.chips.browser_f522cb_5.84.0-canary.v20250814124630.js.sri
- clerk-js/5.84.0-canary.v20250814124630/pricingTable_clerk.chips.browser_f522cb_5.84.0-canary.v20250814124630.min.js.br
- clerk-js/5.84.0-canary.v20250814124630/pricingTable_clerk.chips.browser_f522cb_5.84.0-canary.v20250814124630.min.js.gz
- clerk-js/5.84.0-canary.v20250814124630/pricingTable_clerk.chips.browser_f522cb_5.84.0-canary.v20250814124630.min.js.sri
- clerk-js/5.84.0-canary.v20250814124630/pricingTable_clerk.legacy.browser_b5251d_5.84.0-canary.v20250814124630.js.br
- clerk-js/5.84.0-canary.v20250814124630/pricingTable_clerk.legacy.browser_b5251d_5.84.0-canary.v20250814124630.js.gz
- clerk-js/5.84.0-canary.v20250814124630/pricingTable_clerk.legacy.browser_b5251d_5.84.0-canary.v20250814124630.js.sri
- clerk-js/5.84.0-canary.v20250814124630/pricingTable_clerk.legacy.browser_b5251d_5.84.0-canary.v20250814124630.min.js.br
- clerk-js/5.84.0-canary.v20250814124630/pricingTable_clerk.legacy.browser_b5251d_5.84.0-canary.v20250814124630.min.js.gz
- clerk-js/5.84.0-canary.v20250814124630/pricingTable_clerk.legacy.browser_b5251d_5.84.0-canary.v20250814124630.min.js.sri
- clerk-js/5.84.0-canary.v20250814124630/revoke-api-key-modal_clerk.browser_e976a1_5.84.0-canary.v20250814124630.js.br
- clerk-js/5.84.0-canary.v20250814124630/revoke-api-key-modal_clerk.browser_e976a1_5.84.0-canary.v20250814124630.js.gz
- clerk-js/5.84.0-canary.v20250814124630/revoke-api-key-modal_clerk.browser_e976a1_5.84.0-canary.v20250814124630.js.sri
- clerk-js/5.84.0-canary.v20250814124630/revoke-api-key-modal_clerk.browser_e976a1_5.84.0-canary.v20250814124630.min.js.br
- clerk-js/5.84.0-canary.v20250814124630/revoke-api-key-modal_clerk.browser_e976a1_5.84.0-canary.v20250814124630.min.js.gz
- clerk-js/5.84.0-canary.v20250814124630/revoke-api-key-modal_clerk.browser_e976a1_5.84.0-canary.v20250814124630.min.js.sri
- clerk-js/5.84.0-canary.v20250814124630/revoke-api-key-modal_clerk.chips.browser_f522cb_5.84.0-canary.v20250814124630.js.br
- clerk-js/5.84.0-canary.v20250814124630/revoke-api-key-modal_clerk.chips.browser_f522cb_5.84.0-canary.v20250814124630.js.gz
- clerk-js/5.84.0-canary.v20250814124630/revoke-api-key-modal_clerk.chips.browser_f522cb_5.84.0-canary.v20250814124630.js.sri
- clerk-js/5.84.0-canary.v20250814124630/revoke-api-key-modal_clerk.chips.browser_f522cb_5.84.0-canary.v20250814124630.min.js.br
- clerk-js/5.84.0-canary.v20250814124630/revoke-api-key-modal_clerk.chips.browser_f522cb_5.84.0-canary.v20250814124630.min.js.gz
- clerk-js/5.84.0-canary.v20250814124630/revoke-api-key-modal_clerk.chips.browser_f522cb_5.84.0-canary.v20250814124630.min.js.sri
- clerk-js/5.84.0-canary.v20250814124630/revoke-api-key-modal_clerk.legacy.browser_b5251d_5.84.0-canary.v20250814124630.js.br
- clerk-js/5.84.0-canary.v20250814124630/revoke-api-key-modal_clerk.legacy.browser_b5251d_5.84.0-canary.v20250814124630.js.gz
- clerk-js/5.84.0-canary.v20250814124630/revoke-api-key-modal_clerk.legacy.browser_b5251d_5.84.0-canary.v20250814124630.js.sri
- clerk-js/5.84.0-canary.v20250814124630/revoke-api-key-modal_clerk.legacy.browser_b5251d_5.84.0-canary.v20250814124630.min.js.br
- clerk-js/5.84.0-canary.v20250814124630/revoke-api-key-modal_clerk.legacy.browser_b5251d_5.84.0-canary.v20250814124630.min.js.gz
- clerk-js/5.84.0-canary.v20250814124630/revoke-api-key-modal_clerk.legacy.browser_b5251d_5.84.0-canary.v20250814124630.min.js.sri
- clerk-js/5.84.0-canary.v20250814124630/sessionTasks_clerk.browser_e976a1_5.84.0-canary.v20250814124630.js.br
- clerk-js/5.84.0-canary.v20250814124630/sessionTasks_clerk.browser_e976a1_5.84.0-canary.v20250814124630.js.gz
- clerk-js/5.84.0-canary.v20250814124630/sessionTasks_clerk.browser_e976a1_5.84.0-canary.v20250814124630.js.sri
- clerk-js/5.84.0-canary.v20250814124630/sessionTasks_clerk.browser_e976a1_5.84.0-canary.v20250814124630.min.js.br
- clerk-js/5.84.0-canary.v20250814124630/sessionTasks_clerk.browser_e976a1_5.84.0-canary.v20250814124630.min.js.gz
- clerk-js/5.84.0-canary.v20250814124630/sessionTasks_clerk.browser_e976a1_5.84.0-canary.v20250814124630.min.js.sri
- clerk-js/5.84.0-canary.v20250814124630/sessionTasks_clerk.chips.browser_f522cb_5.84.0-canary.v20250814124630.js.br
- clerk-js/5.84.0-canary.v20250814124630/sessionTasks_clerk.chips.browser_f522cb_5.84.0-canary.v20250814124630.js.gz
- clerk-js/5.84.0-canary.v20250814124630/sessionTasks_clerk.chips.browser_f522cb_5.84.0-canary.v20250814124630.js.sri
- clerk-js/5.84.0-canary.v20250814124630/sessionTasks_clerk.chips.browser_f522cb_5.84.0-canary.v20250814124630.min.js.br
- clerk-js/5.84.0-canary.v20250814124630/sessionTasks_clerk.chips.browser_f522cb_5.84.0-canary.v20250814124630.min.js.gz
- clerk-js/5.84.0-canary.v20250814124630/sessionTasks_clerk.chips.browser_f522cb_5.84.0-canary.v20250814124630.min.js.sri
- clerk-js/5.84.0-canary.v20250814124630/sessionTasks_clerk.legacy.browser_b5251d_5.84.0-canary.v20250814124630.js.br
- clerk-js/5.84.0-canary.v20250814124630/sessionTasks_clerk.legacy.browser_b5251d_5.84.0-canary.v20250814124630.js.gz
- clerk-js/5.84.0-canary.v20250814124630/sessionTasks_clerk.legacy.browser_b5251d_5.84.0-canary.v20250814124630.js.sri
- clerk-js/5.84.0-canary.v20250814124630/sessionTasks_clerk.legacy.browser_b5251d_5.84.0-canary.v20250814124630.min.js.br
- clerk-js/5.84.0-canary.v20250814124630/sessionTasks_clerk.legacy.browser_b5251d_5.84.0-canary.v20250814124630.min.js.gz
- clerk-js/5.84.0-canary.v20250814124630/sessionTasks_clerk.legacy.browser_b5251d_5.84.0-canary.v20250814124630.min.js.sri
- clerk-js/5.84.0-canary.v20250814124630/signin_clerk.browser_e976a1_5.84.0-canary.v20250814124630.js.br
- clerk-js/5.84.0-canary.v20250814124630/signin_clerk.browser_e976a1_5.84.0-canary.v20250814124630.js.gz
- clerk-js/5.84.0-canary.v20250814124630/signin_clerk.browser_e976a1_5.84.0-canary.v20250814124630.js.sri
- clerk-js/5.84.0-canary.v20250814124630/signin_clerk.browser_e976a1_5.84.0-canary.v20250814124630.min.js.br
- clerk-js/5.84.0-canary.v20250814124630/signin_clerk.browser_e976a1_5.84.0-canary.v20250814124630.min.js.gz
- clerk-js/5.84.0-canary.v20250814124630/signin_clerk.browser_e976a1_5.84.0-canary.v20250814124630.min.js.sri
- clerk-js/5.84.0-canary.v20250814124630/signin_clerk.chips.browser_f522cb_5.84.0-canary.v20250814124630.js.br
- clerk-js/5.84.0-canary.v20250814124630/signin_clerk.chips.browser_f522cb_5.84.0-canary.v20250814124630.js.gz
- clerk-js/5.84.0-canary.v20250814124630/signin_clerk.chips.browser_f522cb_5.84.0-canary.v20250814124630.js.sri
- clerk-js/5.84.0-canary.v20250814124630/signin_clerk.chips.browser_f522cb_5.84.0-canary.v20250814124630.min.js.br
- clerk-js/5.84.0-canary.v20250814124630/signin_clerk.chips.browser_f522cb_5.84.0-canary.v20250814124630.min.js.gz
- clerk-js/5.84.0-canary.v20250814124630/signin_clerk.chips.browser_f522cb_5.84.0-canary.v20250814124630.min.js.sri
- clerk-js/5.84.0-canary.v20250814124630/signin_clerk.legacy.browser_b5251d_5.84.0-canary.v20250814124630.js.br
- clerk-js/5.84.0-canary.v20250814124630/signin_clerk.legacy.browser_b5251d_5.84.0-canary.v20250814124630.js.gz
- clerk-js/5.84.0-canary.v20250814124630/signin_clerk.legacy.browser_b5251d_5.84.0-canary.v20250814124630.js.sri
- clerk-js/5.84.0-canary.v20250814124630/signin_clerk.legacy.browser_b5251d_5.84.0-canary.v20250814124630.min.js.br
- clerk-js/5.84.0-canary.v20250814124630/signin_clerk.legacy.browser_b5251d_5.84.0-canary.v20250814124630.min.js.gz
- clerk-js/5.84.0-canary.v20250814124630/signin_clerk.legacy.browser_b5251d_5.84.0-canary.v20250814124630.min.js.sri
- clerk-js/5.84.0-canary.v20250814124630/signup_clerk.browser_e976a1_5.84.0-canary.v20250814124630.js.br
- clerk-js/5.84.0-canary.v20250814124630/signup_clerk.browser_e976a1_5.84.0-canary.v20250814124630.js.gz
- clerk-js/5.84.0-canary.v20250814124630/signup_clerk.browser_e976a1_5.84.0-canary.v20250814124630.js.sri
- clerk-js/5.84.0-canary.v20250814124630/signup_clerk.browser_e976a1_5.84.0-canary.v20250814124630.min.js.br
- clerk-js/5.84.0-canary.v20250814124630/signup_clerk.browser_e976a1_5.84.0-canary.v20250814124630.min.js.gz
- clerk-js/5.84.0-canary.v20250814124630/signup_clerk.browser_e976a1_5.84.0-canary.v20250814124630.min.js.sri
- clerk-js/5.84.0-canary.v20250814124630/signup_clerk.chips.browser_f522cb_5.84.0-canary.v20250814124630.js.br
- clerk-js/5.84.0-canary.v20250814124630/signup_clerk.chips.browser_f522cb_5.84.0-canary.v20250814124630.js.gz
- clerk-js/5.84.0-canary.v20250814124630/signup_clerk.chips.browser_f522cb_5.84.0-canary.v20250814124630.js.sri
- clerk-js/5.84.0-canary.v20250814124630/signup_clerk.chips.browser_f522cb_5.84.0-canary.v20250814124630.min.js.br
- clerk-js/5.84.0-canary.v20250814124630/signup_clerk.chips.browser_f522cb_5.84.0-canary.v20250814124630.min.js.gz
- clerk-js/5.84.0-canary.v20250814124630/signup_clerk.chips.browser_f522cb_5.84.0-canary.v20250814124630.min.js.sri
- clerk-js/5.84.0-canary.v20250814124630/signup_clerk.legacy.browser_b5251d_5.84.0-canary.v20250814124630.js.br
- clerk-js/5.84.0-canary.v20250814124630/signup_clerk.legacy.browser_b5251d_5.84.0-canary.v20250814124630.js.gz
- clerk-js/5.84.0-canary.v20250814124630/signup_clerk.legacy.browser_b5251d_5.84.0-canary.v20250814124630.js.sri
- clerk-js/5.84.0-canary.v20250814124630/signup_clerk.legacy.browser_b5251d_5.84.0-canary.v20250814124630.min.js.br
- clerk-js/5.84.0-canary.v20250814124630/signup_clerk.legacy.browser_b5251d_5.84.0-canary.v20250814124630.min.js.gz
- clerk-js/5.84.0-canary.v20250814124630/signup_clerk.legacy.browser_b5251d_5.84.0-canary.v20250814124630.min.js.sri
- clerk-js/5.84.0-canary.v20250814124630/statement-page_clerk.browser_e976a1_5.84.0-canary.v20250814124630.js.br
- clerk-js/5.84.0-canary.v20250814124630/statement-page_clerk.browser_e976a1_5.84.0-canary.v20250814124630.js.gz
- clerk-js/5.84.0-canary.v20250814124630/statement-page_clerk.browser_e976a1_5.84.0-canary.v20250814124630.js.sri
- clerk-js/5.84.0-canary.v20250814124630/statement-page_clerk.browser_e976a1_5.84.0-canary.v20250814124630.min.js.br
- clerk-js/5.84.0-canary.v20250814124630/statement-page_clerk.browser_e976a1_5.84.0-canary.v20250814124630.min.js.gz
- clerk-js/5.84.0-canary.v20250814124630/statement-page_clerk.browser_e976a1_5.84.0-canary.v20250814124630.min.js.sri
- clerk-js/5.84.0-canary.v20250814124630/statement-page_clerk.chips.browser_f522cb_5.84.0-canary.v20250814124630.js.br
- clerk-js/5.84.0-canary.v20250814124630/statement-page_clerk.chips.browser_f522cb_5.84.0-canary.v20250814124630.js.gz
- clerk-js/5.84.0-canary.v20250814124630/statement-page_clerk.chips.browser_f522cb_5.84.0-canary.v20250814124630.js.sri
- clerk-js/5.84.0-canary.v20250814124630/statement-page_clerk.chips.browser_f522cb_5.84.0-canary.v20250814124630.min.js.br
- clerk-js/5.84.0-canary.v20250814124630/statement-page_clerk.chips.browser_f522cb_5.84.0-canary.v20250814124630.min.js.gz
- clerk-js/5.84.0-canary.v20250814124630/statement-page_clerk.chips.browser_f522cb_5.84.0-canary.v20250814124630.min.js.sri
- clerk-js/5.84.0-canary.v20250814124630/statement-page_clerk.legacy.browser_b5251d_5.84.0-canary.v20250814124630.js.br
- clerk-js/5.84.0-canary.v20250814124630/statement-page_clerk.legacy.browser_b5251d_5.84.0-canary.v20250814124630.js.gz
- clerk-js/5.84.0-canary.v20250814124630/statement-page_clerk.legacy.browser_b5251d_5.84.0-canary.v20250814124630.js.sri
- clerk-js/5.84.0-canary.v20250814124630/statement-page_clerk.legacy.browser_b5251d_5.84.0-canary.v20250814124630.min.js.br
- clerk-js/5.84.0-canary.v20250814124630/statement-page_clerk.legacy.browser_b5251d_5.84.0-canary.v20250814124630.min.js.gz
- clerk-js/5.84.0-canary.v20250814124630/statement-page_clerk.legacy.browser_b5251d_5.84.0-canary.v20250814124630.min.js.sri
- clerk-js/5.84.0-canary.v20250814124630/stripe-vendors_clerk.browser_e976a1_5.84.0-canary.v20250814124630.js.br
- clerk-js/5.84.0-canary.v20250814124630/stripe-vendors_clerk.browser_e976a1_5.84.0-canary.v20250814124630.js.gz
- clerk-js/5.84.0-canary.v20250814124630/stripe-vendors_clerk.browser_e976a1_5.84.0-canary.v20250814124630.js.sri
- clerk-js/5.84.0-canary.v20250814124630/stripe-vendors_clerk.browser_e976a1_5.84.0-canary.v20250814124630.min.js.br
- clerk-js/5.84.0-canary.v20250814124630/stripe-vendors_clerk.browser_e976a1_5.84.0-canary.v20250814124630.min.js.gz
- clerk-js/5.84.0-canary.v20250814124630/stripe-vendors_clerk.browser_e976a1_5.84.0-canary.v20250814124630.min.js.sri
- clerk-js/5.84.0-canary.v20250814124630/stripe-vendors_clerk.chips.browser_f522cb_5.84.0-canary.v20250814124630.js.br
- clerk-js/5.84.0-canary.v20250814124630/stripe-vendors_clerk.chips.browser_f522cb_5.84.0-canary.v20250814124630.js.gz
- clerk-js/5.84.0-canary.v20250814124630/stripe-vendors_clerk.chips.browser_f522cb_5.84.0-canary.v20250814124630.js.sri
- clerk-js/5.84.0-canary.v20250814124630/stripe-vendors_clerk.chips.browser_f522cb_5.84.0-canary.v20250814124630.min.js.br
- clerk-js/5.84.0-canary.v20250814124630/stripe-vendors_clerk.chips.browser_f522cb_5.84.0-canary.v20250814124630.min.js.gz
- clerk-js/5.84.0-canary.v20250814124630/stripe-vendors_clerk.chips.browser_f522cb_5.84.0-canary.v20250814124630.min.js.sri
- clerk-js/5.84.0-canary.v20250814124630/stripe-vendors_clerk.headless.browser_c326ec_5.84.0-canary.v20250814124630.js.br
- clerk-js/5.84.0-canary.v20250814124630/stripe-vendors_clerk.headless.browser_c326ec_5.84.0-canary.v20250814124630.js.gz
- clerk-js/5.84.0-canary.v20250814124630/stripe-vendors_clerk.headless.browser_c326ec_5.84.0-canary.v20250814124630.js.sri
- clerk-js/5.84.0-canary.v20250814124630/stripe-vendors_clerk.headless.browser_c326ec_5.84.0-canary.v20250814124630.min.js.br
- clerk-js/5.84.0-canary.v20250814124630/stripe-vendors_clerk.headless.browser_c326ec_5.84.0-canary.v20250814124630.min.js.gz
- clerk-js/5.84.0-canary.v20250814124630/stripe-vendors_clerk.headless.browser_c326ec_5.84.0-canary.v20250814124630.min.js.sri
- clerk-js/5.84.0-canary.v20250814124630/stripe-vendors_clerk.legacy.browser_b5251d_5.84.0-canary.v20250814124630.js.br
- clerk-js/5.84.0-canary.v20250814124630/stripe-vendors_clerk.legacy.browser_b5251d_5.84.0-canary.v20250814124630.js.gz
- clerk-js/5.84.0-canary.v20250814124630/stripe-vendors_clerk.legacy.browser_b5251d_5.84.0-canary.v20250814124630.js.sri
- clerk-js/5.84.0-canary.v20250814124630/stripe-vendors_clerk.legacy.browser_b5251d_5.84.0-canary.v20250814124630.min.js.br
- clerk-js/5.84.0-canary.v20250814124630/stripe-vendors_clerk.legacy.browser_b5251d_5.84.0-canary.v20250814124630.min.js.gz
- clerk-js/5.84.0-canary.v20250814124630/stripe-vendors_clerk.legacy.browser_b5251d_5.84.0-canary.v20250814124630.min.js.sri
- clerk-js/5.84.0-canary.v20250814124630/subscriptionDetails_clerk.browser_e976a1_5.84.0-canary.v20250814124630.js.br
- clerk-js/5.84.0-canary.v20250814124630/subscriptionDetails_clerk.browser_e976a1_5.84.0-canary.v20250814124630.js.gz
- clerk-js/5.84.0-canary.v20250814124630/subscriptionDetails_clerk.browser_e976a1_5.84.0-canary.v20250814124630.js.sri
- clerk-js/5.84.0-canary.v20250814124630/subscriptionDetails_clerk.browser_e976a1_5.84.0-canary.v20250814124630.min.js.br
- clerk-js/5.84.0-canary.v20250814124630/subscriptionDetails_clerk.browser_e976a1_5.84.0-canary.v20250814124630.min.js.gz
- clerk-js/5.84.0-canary.v20250814124630/subscriptionDetails_clerk.browser_e976a1_5.84.0-canary.v20250814124630.min.js.sri
- clerk-js/5.84.0-canary.v20250814124630/subscriptionDetails_clerk.chips.browser_f522cb_5.84.0-canary.v20250814124630.js.br
- clerk-js/5.84.0-canary.v20250814124630/subscriptionDetails_clerk.chips.browser_f522cb_5.84.0-canary.v20250814124630.js.gz
- clerk-js/5.84.0-canary.v20250814124630/subscriptionDetails_clerk.chips.browser_f522cb_5.84.0-canary.v20250814124630.js.sri
- clerk-js/5.84.0-canary.v20250814124630/subscriptionDetails_clerk.chips.browser_f522cb_5.84.0-canary.v20250814124630.min.js.br
- clerk-js/5.84.0-canary.v20250814124630/subscriptionDetails_clerk.chips.browser_f522cb_5.84.0-canary.v20250814124630.min.js.gz
- clerk-js/5.84.0-canary.v20250814124630/subscriptionDetails_clerk.chips.browser_f522cb_5.84.0-canary.v20250814124630.min.js.sri
- clerk-js/5.84.0-canary.v20250814124630/subscriptionDetails_clerk.legacy.browser_b5251d_5.84.0-canary.v20250814124630.js.br
- clerk-js/5.84.0-canary.v20250814124630/subscriptionDetails_clerk.legacy.browser_b5251d_5.84.0-canary.v20250814124630.js.gz
- clerk-js/5.84.0-canary.v20250814124630/subscriptionDetails_clerk.legacy.browser_b5251d_5.84.0-canary.v20250814124630.js.sri
- clerk-js/5.84.0-canary.v20250814124630/subscriptionDetails_clerk.legacy.browser_b5251d_5.84.0-canary.v20250814124630.min.js.br
- clerk-js/5.84.0-canary.v20250814124630/subscriptionDetails_clerk.legacy.browser_b5251d_5.84.0-canary.v20250814124630.min.js.gz
- clerk-js/5.84.0-canary.v20250814124630/subscriptionDetails_clerk.legacy.browser_b5251d_5.84.0-canary.v20250814124630.min.js.sri
- clerk-js/5.84.0-canary.v20250814124630/taskChooseOrganization_clerk.browser_e976a1_5.84.0-canary.v20250814124630.js.br
- clerk-js/5.84.0-canary.v20250814124630/taskChooseOrganization_clerk.browser_e976a1_5.84.0-canary.v20250814124630.js.gz
- clerk-js/5.84.0-canary.v20250814124630/taskChooseOrganization_clerk.browser_e976a1_5.84.0-canary.v20250814124630.js.sri
- clerk-js/5.84.0-canary.v20250814124630/taskChooseOrganization_clerk.browser_e976a1_5.84.0-canary.v20250814124630.min.js.br
- clerk-js/5.84.0-canary.v20250814124630/taskChooseOrganization_clerk.browser_e976a1_5.84.0-canary.v20250814124630.min.js.gz
- clerk-js/5.84.0-canary.v20250814124630/taskChooseOrganization_clerk.browser_e976a1_5.84.0-canary.v20250814124630.min.js.sri
- clerk-js/5.84.0-canary.v20250814124630/taskChooseOrganization_clerk.chips.browser_f522cb_5.84.0-canary.v20250814124630.js.br
- clerk-js/5.84.0-canary.v20250814124630/taskChooseOrganization_clerk.chips.browser_f522cb_5.84.0-canary.v20250814124630.js.gz
- clerk-js/5.84.0-canary.v20250814124630/taskChooseOrganization_clerk.chips.browser_f522cb_5.84.0-canary.v20250814124630.js.sri
- clerk-js/5.84.0-canary.v20250814124630/taskChooseOrganization_clerk.chips.browser_f522cb_5.84.0-canary.v20250814124630.min.js.br
- clerk-js/5.84.0-canary.v20250814124630/taskChooseOrganization_clerk.chips.browser_f522cb_5.84.0-canary.v20250814124630.min.js.gz
- clerk-js/5.84.0-canary.v20250814124630/taskChooseOrganization_clerk.chips.browser_f522cb_5.84.0-canary.v20250814124630.min.js.sri
- clerk-js/5.84.0-canary.v20250814124630/taskChooseOrganization_clerk.legacy.browser_b5251d_5.84.0-canary.v20250814124630.js.br
- clerk-js/5.84.0-canary.v20250814124630/taskChooseOrganization_clerk.legacy.browser_b5251d_5.84.0-canary.v20250814124630.js.gz
- clerk-js/5.84.0-canary.v20250814124630/taskChooseOrganization_clerk.legacy.browser_b5251d_5.84.0-canary.v20250814124630.js.sri
- clerk-js/5.84.0-canary.v20250814124630/taskChooseOrganization_clerk.legacy.browser_b5251d_5.84.0-canary.v20250814124630.min.js.br
- clerk-js/5.84.0-canary.v20250814124630/taskChooseOrganization_clerk.legacy.browser_b5251d_5.84.0-canary.v20250814124630.min.js.gz
- clerk-js/5.84.0-canary.v20250814124630/taskChooseOrganization_clerk.legacy.browser_b5251d_5.84.0-canary.v20250814124630.min.js.sri
- clerk-js/5.84.0-canary.v20250814124630/ui-common_clerk.browser_e976a1_5.84.0-canary.v20250814124630.js.br
- clerk-js/5.84.0-canary.v20250814124630/ui-common_clerk.browser_e976a1_5.84.0-canary.v20250814124630.js.gz
- clerk-js/5.84.0-canary.v20250814124630/ui-common_clerk.browser_e976a1_5.84.0-canary.v20250814124630.js.sri
- clerk-js/5.84.0-canary.v20250814124630/ui-common_clerk.browser_e976a1_5.84.0-canary.v20250814124630.min.js.br
- clerk-js/5.84.0-canary.v20250814124630/ui-common_clerk.browser_e976a1_5.84.0-canary.v20250814124630.min.js.gz
- clerk-js/5.84.0-canary.v20250814124630/ui-common_clerk.browser_e976a1_5.84.0-canary.v20250814124630.min.js.sri
- clerk-js/5.84.0-canary.v20250814124630/ui-common_clerk.chips.browser_f522cb_5.84.0-canary.v20250814124630.js.br
- clerk-js/5.84.0-canary.v20250814124630/ui-common_clerk.chips.browser_f522cb_5.84.0-canary.v20250814124630.js.gz
- clerk-js/5.84.0-canary.v20250814124630/ui-common_clerk.chips.browser_f522cb_5.84.0-canary.v20250814124630.js.sri
- clerk-js/5.84.0-canary.v20250814124630/ui-common_clerk.chips.browser_f522cb_5.84.0-canary.v20250814124630.min.js.br
- clerk-js/5.84.0-canary.v20250814124630/ui-common_clerk.chips.browser_f522cb_5.84.0-canary.v20250814124630.min.js.gz
- clerk-js/5.84.0-canary.v20250814124630/ui-common_clerk.chips.browser_f522cb_5.84.0-canary.v20250814124630.min.js.sri
- clerk-js/5.84.0-canary.v20250814124630/ui-common_clerk.legacy.browser_b5251d_5.84.0-canary.v20250814124630.js.br
- clerk-js/5.84.0-canary.v20250814124630/ui-common_clerk.legacy.browser_b5251d_5.84.0-canary.v20250814124630.js.gz
- clerk-js/5.84.0-canary.v20250814124630/ui-common_clerk.legacy.browser_b5251d_5.84.0-canary.v20250814124630.js.sri
- clerk-js/5.84.0-canary.v20250814124630/ui-common_clerk.legacy.browser_b5251d_5.84.0-canary.v20250814124630.min.js.br
- clerk-js/5.84.0-canary.v20250814124630/ui-common_clerk.legacy.browser_b5251d_5.84.0-canary.v20250814124630.min.js.gz
- clerk-js/5.84.0-canary.v20250814124630/ui-common_clerk.legacy.browser_b5251d_5.84.0-canary.v20250814124630.min.js.sri
- clerk-js/5.84.0-canary.v20250814124630/up-api-keys-page_clerk.browser_e976a1_5.84.0-canary.v20250814124630.js.br
- clerk-js/5.84.0-canary.v20250814124630/up-api-keys-page_clerk.browser_e976a1_5.84.0-canary.v20250814124630.js.gz
- clerk-js/5.84.0-canary.v20250814124630/up-api-keys-page_clerk.browser_e976a1_5.84.0-canary.v20250814124630.js.sri
- clerk-js/5.84.0-canary.v20250814124630/up-api-keys-page_clerk.browser_e976a1_5.84.0-canary.v20250814124630.min.js.br
- clerk-js/5.84.0-canary.v20250814124630/up-api-keys-page_clerk.browser_e976a1_5.84.0-canary.v20250814124630.min.js.gz
- clerk-js/5.84.0-canary.v20250814124630/up-api-keys-page_clerk.browser_e976a1_5.84.0-canary.v20250814124630.min.js.sri
- clerk-js/5.84.0-canary.v20250814124630/up-api-keys-page_clerk.chips.browser_f522cb_5.84.0-canary.v20250814124630.js.br
- clerk-js/5.84.0-canary.v20250814124630/up-api-keys-page_clerk.chips.browser_f522cb_5.84.0-canary.v20250814124630.js.gz
- clerk-js/5.84.0-canary.v20250814124630/up-api-keys-page_clerk.chips.browser_f522cb_5.84.0-canary.v20250814124630.js.sri
- clerk-js/5.84.0-canary.v20250814124630/up-api-keys-page_clerk.chips.browser_f522cb_5.84.0-canary.v20250814124630.min.js.br
- clerk-js/5.84.0-canary.v20250814124630/up-api-keys-page_clerk.chips.browser_f522cb_5.84.0-canary.v20250814124630.min.js.gz
- clerk-js/5.84.0-canary.v20250814124630/up-api-keys-page_clerk.chips.browser_f522cb_5.84.0-canary.v20250814124630.min.js.sri
- clerk-js/5.84.0-canary.v20250814124630/up-api-keys-page_clerk.legacy.browser_b5251d_5.84.0-canary.v20250814124630.js.br
- clerk-js/5.84.0-canary.v20250814124630/up-api-keys-page_clerk.legacy.browser_b5251d_5.84.0-canary.v20250814124630.js.gz
- clerk-js/5.84.0-canary.v20250814124630/up-api-keys-page_clerk.legacy.browser_b5251d_5.84.0-canary.v20250814124630.js.sri
- clerk-js/5.84.0-canary.v20250814124630/up-api-keys-page_clerk.legacy.browser_b5251d_5.84.0-canary.v20250814124630.min.js.br
- clerk-js/5.84.0-canary.v20250814124630/up-api-keys-page_clerk.legacy.browser_b5251d_5.84.0-canary.v20250814124630.min.js.gz
- clerk-js/5.84.0-canary.v20250814124630/up-api-keys-page_clerk.legacy.browser_b5251d_5.84.0-canary.v20250814124630.min.js.sri
- clerk-js/5.84.0-canary.v20250814124630/up-billing-page_clerk.browser_e976a1_5.84.0-canary.v20250814124630.js.br
- clerk-js/5.84.0-canary.v20250814124630/up-billing-page_clerk.browser_e976a1_5.84.0-canary.v20250814124630.js.gz
- clerk-js/5.84.0-canary.v20250814124630/up-billing-page_clerk.browser_e976a1_5.84.0-canary.v20250814124630.js.sri
- clerk-js/5.84.0-canary.v20250814124630/up-billing-page_clerk.browser_e976a1_5.84.0-canary.v20250814124630.min.js.br
- clerk-js/5.84.0-canary.v20250814124630/up-billing-page_clerk.browser_e976a1_5.84.0-canary.v20250814124630.min.js.gz
- clerk-js/5.84.0-canary.v20250814124630/up-billing-page_clerk.browser_e976a1_5.84.0-canary.v20250814124630.min.js.sri
- clerk-js/5.84.0-canary.v20250814124630/up-billing-page_clerk.chips.browser_f522cb_5.84.0-canary.v20250814124630.js.br
- clerk-js/5.84.0-canary.v20250814124630/up-billing-page_clerk.chips.browser_f522cb_5.84.0-canary.v20250814124630.js.gz
- clerk-js/5.84.0-canary.v20250814124630/up-billing-page_clerk.chips.browser_f522cb_5.84.0-canary.v20250814124630.js.sri
- clerk-js/5.84.0-canary.v20250814124630/up-billing-page_clerk.chips.browser_f522cb_5.84.0-canary.v20250814124630.min.js.br
- clerk-js/5.84.0-canary.v20250814124630/up-billing-page_clerk.chips.browser_f522cb_5.84.0-canary.v20250814124630.min.js.gz
- clerk-js/5.84.0-canary.v20250814124630/up-billing-page_clerk.chips.browser_f522cb_5.84.0-canary.v20250814124630.min.js.sri
- clerk-js/5.84.0-canary.v20250814124630/up-billing-page_clerk.legacy.browser_b5251d_5.84.0-canary.v20250814124630.js.br
- clerk-js/5.84.0-canary.v20250814124630/up-billing-page_clerk.legacy.browser_b5251d_5.84.0-canary.v20250814124630.js.gz
- clerk-js/5.84.0-canary.v20250814124630/up-billing-page_clerk.legacy.browser_b5251d_5.84.0-canary.v20250814124630.js.sri
- clerk-js/5.84.0-canary.v20250814124630/up-billing-page_clerk.legacy.browser_b5251d_5.84.0-canary.v20250814124630.min.js.br
- clerk-js/5.84.0-canary.v20250814124630/up-billing-page_clerk.legacy.browser_b5251d_5.84.0-canary.v20250814124630.min.js.gz
- clerk-js/5.84.0-canary.v20250814124630/up-billing-page_clerk.legacy.browser_b5251d_5.84.0-canary.v20250814124630.min.js.sri
- clerk-js/5.84.0-canary.v20250814124630/up-plans-page_clerk.browser_e976a1_5.84.0-canary.v20250814124630.js.br
- clerk-js/5.84.0-canary.v20250814124630/up-plans-page_clerk.browser_e976a1_5.84.0-canary.v20250814124630.js.gz
- clerk-js/5.84.0-canary.v20250814124630/up-plans-page_clerk.browser_e976a1_5.84.0-canary.v20250814124630.js.sri
- clerk-js/5.84.0-canary.v20250814124630/up-plans-page_clerk.browser_e976a1_5.84.0-canary.v20250814124630.min.js.br
- clerk-js/5.84.0-canary.v20250814124630/up-plans-page_clerk.browser_e976a1_5.84.0-canary.v20250814124630.min.js.gz
- clerk-js/5.84.0-canary.v20250814124630/up-plans-page_clerk.browser_e976a1_5.84.0-canary.v20250814124630.min.js.sri
- clerk-js/5.84.0-canary.v20250814124630/up-plans-page_clerk.chips.browser_f522cb_5.84.0-canary.v20250814124630.js.br
- clerk-js/5.84.0-canary.v20250814124630/up-plans-page_clerk.chips.browser_f522cb_5.84.0-canary.v20250814124630.js.gz
- clerk-js/5.84.0-canary.v20250814124630/up-plans-page_clerk.chips.browser_f522cb_5.84.0-canary.v20250814124630.js.sri
- clerk-js/5.84.0-canary.v20250814124630/up-plans-page_clerk.chips.browser_f522cb_5.84.0-canary.v20250814124630.min.js.br
- clerk-js/5.84.0-canary.v20250814124630/up-plans-page_clerk.chips.browser_f522cb_5.84.0-canary.v20250814124630.min.js.gz
- clerk-js/5.84.0-canary.v20250814124630/up-plans-page_clerk.chips.browser_f522cb_5.84.0-canary.v20250814124630.min.js.sri
- clerk-js/5.84.0-canary.v20250814124630/up-plans-page_clerk.legacy.browser_b5251d_5.84.0-canary.v20250814124630.js.br
- clerk-js/5.84.0-canary.v20250814124630/up-plans-page_clerk.legacy.browser_b5251d_5.84.0-canary.v20250814124630.js.gz
- clerk-js/5.84.0-canary.v20250814124630/up-plans-page_clerk.legacy.browser_b5251d_5.84.0-canary.v20250814124630.js.sri
- clerk-js/5.84.0-canary.v20250814124630/up-plans-page_clerk.legacy.browser_b5251d_5.84.0-canary.v20250814124630.min.js.br
- clerk-js/5.84.0-canary.v20250814124630/up-plans-page_clerk.legacy.browser_b5251d_5.84.0-canary.v20250814124630.min.js.gz
- clerk-js/5.84.0-canary.v20250814124630/up-plans-page_clerk.legacy.browser_b5251d_5.84.0-canary.v20250814124630.min.js.sri
- clerk-js/5.84.0-canary.v20250814124630/userbutton_clerk.browser_e976a1_5.84.0-canary.v20250814124630.js.br
- clerk-js/5.84.0-canary.v20250814124630/userbutton_clerk.browser_e976a1_5.84.0-canary.v20250814124630.js.gz
- clerk-js/5.84.0-canary.v20250814124630/userbutton_clerk.browser_e976a1_5.84.0-canary.v20250814124630.js.sri
- clerk-js/5.84.0-canary.v20250814124630/userbutton_clerk.browser_e976a1_5.84.0-canary.v20250814124630.min.js.br
- clerk-js/5.84.0-canary.v20250814124630/userbutton_clerk.browser_e976a1_5.84.0-canary.v20250814124630.min.js.gz
- clerk-js/5.84.0-canary.v20250814124630/userbutton_clerk.browser_e976a1_5.84.0-canary.v20250814124630.min.js.sri
- clerk-js/5.84.0-canary.v20250814124630/userbutton_clerk.chips.browser_f522cb_5.84.0-canary.v20250814124630.js.br
- clerk-js/5.84.0-canary.v20250814124630/userbutton_clerk.chips.browser_f522cb_5.84.0-canary.v20250814124630.js.gz
- clerk-js/5.84.0-canary.v20250814124630/userbutton_clerk.chips.browser_f522cb_5.84.0-canary.v20250814124630.js.sri
- clerk-js/5.84.0-canary.v20250814124630/userbutton_clerk.chips.browser_f522cb_5.84.0-canary.v20250814124630.min.js.br
- clerk-js/5.84.0-canary.v20250814124630/userbutton_clerk.chips.browser_f522cb_5.84.0-canary.v20250814124630.min.js.gz
- clerk-js/5.84.0-canary.v20250814124630/userbutton_clerk.chips.browser_f522cb_5.84.0-canary.v20250814124630.min.js.sri
- clerk-js/5.84.0-canary.v20250814124630/userbutton_clerk.legacy.browser_b5251d_5.84.0-canary.v20250814124630.js.br
- clerk-js/5.84.0-canary.v20250814124630/userbutton_clerk.legacy.browser_b5251d_5.84.0-canary.v20250814124630.js.gz
- clerk-js/5.84.0-canary.v20250814124630/userbutton_clerk.legacy.browser_b5251d_5.84.0-canary.v20250814124630.js.sri
- clerk-js/5.84.0-canary.v20250814124630/userbutton_clerk.legacy.browser_b5251d_5.84.0-canary.v20250814124630.min.js.br
- clerk-js/5.84.0-canary.v20250814124630/userbutton_clerk.legacy.browser_b5251d_5.84.0-canary.v20250814124630.min.js.gz
- clerk-js/5.84.0-canary.v20250814124630/userbutton_clerk.legacy.browser_b5251d_5.84.0-canary.v20250814124630.min.js.sri
- clerk-js/5.84.0-canary.v20250814124630/userprofile_clerk.browser_e976a1_5.84.0-canary.v20250814124630.js.br
- clerk-js/5.84.0-canary.v20250814124630/userprofile_clerk.browser_e976a1_5.84.0-canary.v20250814124630.js.gz
- clerk-js/5.84.0-canary.v20250814124630/userprofile_clerk.browser_e976a1_5.84.0-canary.v20250814124630.js.sri
- clerk-js/5.84.0-canary.v20250814124630/userprofile_clerk.browser_e976a1_5.84.0-canary.v20250814124630.min.js.br
- clerk-js/5.84.0-canary.v20250814124630/userprofile_clerk.browser_e976a1_5.84.0-canary.v20250814124630.min.js.gz
- clerk-js/5.84.0-canary.v20250814124630/userprofile_clerk.browser_e976a1_5.84.0-canary.v20250814124630.min.js.sri
- clerk-js/5.84.0-canary.v20250814124630/userprofile_clerk.chips.browser_f522cb_5.84.0-canary.v20250814124630.js.br
- clerk-js/5.84.0-canary.v20250814124630/userprofile_clerk.chips.browser_f522cb_5.84.0-canary.v20250814124630.js.gz
- clerk-js/5.84.0-canary.v20250814124630/userprofile_clerk.chips.browser_f522cb_5.84.0-canary.v20250814124630.js.sri
- clerk-js/5.84.0-canary.v20250814124630/userprofile_clerk.chips.browser_f522cb_5.84.0-canary.v20250814124630.min.js.br
- clerk-js/5.84.0-canary.v20250814124630/userprofile_clerk.chips.browser_f522cb_5.84.0-canary.v20250814124630.min.js.gz
- clerk-js/5.84.0-canary.v20250814124630/userprofile_clerk.chips.browser_f522cb_5.84.0-canary.v20250814124630.min.js.sri
- clerk-js/5.84.0-canary.v20250814124630/userprofile_clerk.legacy.browser_b5251d_5.84.0-canary.v20250814124630.js.br
- clerk-js/5.84.0-canary.v20250814124630/userprofile_clerk.legacy.browser_b5251d_5.84.0-canary.v20250814124630.js.gz
- clerk-js/5.84.0-canary.v20250814124630/userprofile_clerk.legacy.browser_b5251d_5.84.0-canary.v20250814124630.js.sri
- clerk-js/5.84.0-canary.v20250814124630/userprofile_clerk.legacy.browser_b5251d_5.84.0-canary.v20250814124630.min.js.br
- clerk-js/5.84.0-canary.v20250814124630/userprofile_clerk.legacy.browser_b5251d_5.84.0-canary.v20250814124630.min.js.gz
- clerk-js/5.84.0-canary.v20250814124630/userprofile_clerk.legacy.browser_b5251d_5.84.0-canary.v20250814124630.min.js.sri
- clerk-js/5.84.0-canary.v20250814124630/userverification_clerk.browser_e976a1_5.84.0-canary.v20250814124630.js.br
- clerk-js/5.84.0-canary.v20250814124630/userverification_clerk.browser_e976a1_5.84.0-canary.v20250814124630.js.gz
- clerk-js/5.84.0-canary.v20250814124630/userverification_clerk.browser_e976a1_5.84.0-canary.v20250814124630.js.sri
- clerk-js/5.84.0-canary.v20250814124630/userverification_clerk.browser_e976a1_5.84.0-canary.v20250814124630.min.js.br
- clerk-js/5.84.0-canary.v20250814124630/userverification_clerk.browser_e976a1_5.84.0-canary.v20250814124630.min.js.gz
- clerk-js/5.84.0-canary.v20250814124630/userverification_clerk.browser_e976a1_5.84.0-canary.v20250814124630.min.js.sri
- clerk-js/5.84.0-canary.v20250814124630/userverification_clerk.chips.browser_f522cb_5.84.0-canary.v20250814124630.js.br
- clerk-js/5.84.0-canary.v20250814124630/userverification_clerk.chips.browser_f522cb_5.84.0-canary.v20250814124630.js.gz
- clerk-js/5.84.0-canary.v20250814124630/userverification_clerk.chips.browser_f522cb_5.84.0-canary.v20250814124630.js.sri
- clerk-js/5.84.0-canary.v20250814124630/userverification_clerk.chips.browser_f522cb_5.84.0-canary.v20250814124630.min.js.br
- clerk-js/5.84.0-canary.v20250814124630/userverification_clerk.chips.browser_f522cb_5.84.0-canary.v20250814124630.min.js.gz
- clerk-js/5.84.0-canary.v20250814124630/userverification_clerk.chips.browser_f522cb_5.84.0-canary.v20250814124630.min.js.sri
- clerk-js/5.84.0-canary.v20250814124630/userverification_clerk.legacy.browser_b5251d_5.84.0-canary.v20250814124630.js.br
- clerk-js/5.84.0-canary.v20250814124630/userverification_clerk.legacy.browser_b5251d_5.84.0-canary.v20250814124630.js.gz
- clerk-js/5.84.0-canary.v20250814124630/userverification_clerk.legacy.browser_b5251d_5.84.0-canary.v20250814124630.js.sri
- clerk-js/5.84.0-canary.v20250814124630/userverification_clerk.legacy.browser_b5251d_5.84.0-canary.v20250814124630.min.js.br
- clerk-js/5.84.0-canary.v20250814124630/userverification_clerk.legacy.browser_b5251d_5.84.0-canary.v20250814124630.min.js.gz
- clerk-js/5.84.0-canary.v20250814124630/userverification_clerk.legacy.browser_b5251d_5.84.0-canary.v20250814124630.min.js.sri
- clerk-js/5.84.0-canary.v20250814124630/vendors_clerk.browser_e976a1_5.84.0-canary.v20250814124630.js.br
- clerk-js/5.84.0-canary.v20250814124630/vendors_clerk.browser_e976a1_5.84.0-canary.v20250814124630.js.gz
- clerk-js/5.84.0-canary.v20250814124630/vendors_clerk.browser_e976a1_5.84.0-canary.v20250814124630.js.sri
- clerk-js/5.84.0-canary.v20250814124630/vendors_clerk.browser_e976a1_5.84.0-canary.v20250814124630.min.js.br
- clerk-js/5.84.0-canary.v20250814124630/vendors_clerk.browser_e976a1_5.84.0-canary.v20250814124630.min.js.gz
- clerk-js/5.84.0-canary.v20250814124630/vendors_clerk.browser_e976a1_5.84.0-canary.v20250814124630.min.js.sri
- clerk-js/5.84.0-canary.v20250814124630/vendors_clerk.chips.browser_f522cb_5.84.0-canary.v20250814124630.js.br
- clerk-js/5.84.0-canary.v20250814124630/vendors_clerk.chips.browser_f522cb_5.84.0-canary.v20250814124630.js.gz
- clerk-js/5.84.0-canary.v20250814124630/vendors_clerk.chips.browser_f522cb_5.84.0-canary.v20250814124630.js.sri
- clerk-js/5.84.0-canary.v20250814124630/vendors_clerk.chips.browser_f522cb_5.84.0-canary.v20250814124630.min.js.br
- clerk-js/5.84.0-canary.v20250814124630/vendors_clerk.chips.browser_f522cb_5.84.0-canary.v20250814124630.min.js.gz
- clerk-js/5.84.0-canary.v20250814124630/vendors_clerk.chips.browser_f522cb_5.84.0-canary.v20250814124630.min.js.sri
- clerk-js/5.84.0-canary.v20250814124630/vendors_clerk.headless.browser_c326ec_5.84.0-canary.v20250814124630.js.br
- clerk-js/5.84.0-canary.v20250814124630/vendors_clerk.headless.browser_c326ec_5.84.0-canary.v20250814124630.js.gz
- clerk-js/5.84.0-canary.v20250814124630/vendors_clerk.headless.browser_c326ec_5.84.0-canary.v20250814124630.js.sri
- clerk-js/5.84.0-canary.v20250814124630/vendors_clerk.headless.browser_c326ec_5.84.0-canary.v20250814124630.min.js.br
- clerk-js/5.84.0-canary.v20250814124630/vendors_clerk.headless.browser_c326ec_5.84.0-canary.v20250814124630.min.js.gz
- clerk-js/5.84.0-canary.v20250814124630/vendors_clerk.headless.browser_c326ec_5.84.0-canary.v20250814124630.min.js.sri
- clerk-js/5.84.0-canary.v20250814124630/vendors_clerk.legacy.browser_b5251d_5.84.0-canary.v20250814124630.js.br
- clerk-js/5.84.0-canary.v20250814124630/vendors_clerk.legacy.browser_b5251d_5.84.0-canary.v20250814124630.js.gz
- clerk-js/5.84.0-canary.v20250814124630/vendors_clerk.legacy.browser_b5251d_5.84.0-canary.v20250814124630.js.sri
- clerk-js/5.84.0-canary.v20250814124630/vendors_clerk.legacy.browser_b5251d_5.84.0-canary.v20250814124630.min.js.br
- clerk-js/5.84.0-canary.v20250814124630/vendors_clerk.legacy.browser_b5251d_5.84.0-canary.v20250814124630.min.js.gz
- clerk-js/5.84.0-canary.v20250814124630/vendors_clerk.legacy.browser_b5251d_5.84.0-canary.v20250814124630.min.js.sri
- clerk-js/5.84.0-canary.v20250814124630/waitlist_clerk.browser_e976a1_5.84.0-canary.v20250814124630.js.br
- clerk-js/5.84.0-canary.v20250814124630/waitlist_clerk.browser_e976a1_5.84.0-canary.v20250814124630.js.gz
- clerk-js/5.84.0-canary.v20250814124630/waitlist_clerk.browser_e976a1_5.84.0-canary.v20250814124630.js.sri
- clerk-js/5.84.0-canary.v20250814124630/waitlist_clerk.browser_e976a1_5.84.0-canary.v20250814124630.min.js.br
- clerk-js/5.84.0-canary.v20250814124630/waitlist_clerk.browser_e976a1_5.84.0-canary.v20250814124630.min.js.gz
- clerk-js/5.84.0-canary.v20250814124630/waitlist_clerk.browser_e976a1_5.84.0-canary.v20250814124630.min.js.sri
- clerk-js/5.84.0-canary.v20250814124630/waitlist_clerk.chips.browser_f522cb_5.84.0-canary.v20250814124630.js.br
- clerk-js/5.84.0-canary.v20250814124630/waitlist_clerk.chips.browser_f522cb_5.84.0-canary.v20250814124630.js.gz
- clerk-js/5.84.0-canary.v20250814124630/waitlist_clerk.chips.browser_f522cb_5.84.0-canary.v20250814124630.js.sri
- clerk-js/5.84.0-canary.v20250814124630/waitlist_clerk.chips.browser_f522cb_5.84.0-canary.v20250814124630.min.js.br
- clerk-js/5.84.0-canary.v20250814124630/waitlist_clerk.chips.browser_f522cb_5.84.0-canary.v20250814124630.min.js.gz
- clerk-js/5.84.0-canary.v20250814124630/waitlist_clerk.chips.browser_f522cb_5.84.0-canary.v20250814124630.min.js.sri
- clerk-js/5.84.0-canary.v20250814124630/waitlist_clerk.legacy.browser_b5251d_5.84.0-canary.v20250814124630.js.br
- clerk-js/5.84.0-canary.v20250814124630/waitlist_clerk.legacy.browser_b5251d_5.84.0-canary.v20250814124630.js.gz
- clerk-js/5.84.0-canary.v20250814124630/waitlist_clerk.legacy.browser_b5251d_5.84.0-canary.v20250814124630.js.sri
- clerk-js/5.84.0-canary.v20250814124630/waitlist_clerk.legacy.browser_b5251d_5.84.0-canary.v20250814124630.min.js.br
- clerk-js/5.84.0-canary.v20250814124630/waitlist_clerk.legacy.browser_b5251d_5.84.0-canary.v20250814124630.min.js.gz
- clerk-js/5.84.0-canary.v20250814124630/waitlist_clerk.legacy.browser_b5251d_5.84.0-canary.v20250814124630.min.js.sri
- clerk-js/5.84.0-canary.v20250814124630/zxcvbn-common_clerk.browser_e976a1_5.84.0-canary.v20250814124630.js.br
- clerk-js/5.84.0-canary.v20250814124630/zxcvbn-common_clerk.browser_e976a1_5.84.0-canary.v20250814124630.js.gz
- clerk-js/5.84.0-canary.v20250814124630/zxcvbn-common_clerk.browser_e976a1_5.84.0-canary.v20250814124630.js.sri
- clerk-js/5.84.0-canary.v20250814124630/zxcvbn-common_clerk.browser_e976a1_5.84.0-canary.v20250814124630.min.js.br
- clerk-js/5.84.0-canary.v20250814124630/zxcvbn-common_clerk.browser_e976a1_5.84.0-canary.v20250814124630.min.js.gz
- clerk-js/5.84.0-canary.v20250814124630/zxcvbn-common_clerk.browser_e976a1_5.84.0-canary.v20250814124630.min.js.sri
- clerk-js/5.84.0-canary.v20250814124630/zxcvbn-common_clerk.chips.browser_f522cb_5.84.0-canary.v20250814124630.js.br
- clerk-js/5.84.0-canary.v20250814124630/zxcvbn-common_clerk.chips.browser_f522cb_5.84.0-canary.v20250814124630.js.gz
- clerk-js/5.84.0-canary.v20250814124630/zxcvbn-common_clerk.chips.browser_f522cb_5.84.0-canary.v20250814124630.js.sri
- clerk-js/5.84.0-canary.v20250814124630/zxcvbn-common_clerk.chips.browser_f522cb_5.84.0-canary.v20250814124630.min.js.br
- clerk-js/5.84.0-canary.v20250814124630/zxcvbn-common_clerk.chips.browser_f522cb_5.84.0-canary.v20250814124630.min.js.gz
- clerk-js/5.84.0-canary.v20250814124630/zxcvbn-common_clerk.chips.browser_f522cb_5.84.0-canary.v20250814124630.min.js.sri
- clerk-js/5.84.0-canary.v20250814124630/zxcvbn-common_clerk.headless.browser_c326ec_5.84.0-canary.v20250814124630.js.br
- clerk-js/5.84.0-canary.v20250814124630/zxcvbn-common_clerk.headless.browser_c326ec_5.84.0-canary.v20250814124630.js.gz
- clerk-js/5.84.0-canary.v20250814124630/zxcvbn-common_clerk.headless.browser_c326ec_5.84.0-canary.v20250814124630.js.sri
- clerk-js/5.84.0-canary.v20250814124630/zxcvbn-common_clerk.headless.browser_c326ec_5.84.0-canary.v20250814124630.min.js.br
- clerk-js/5.84.0-canary.v20250814124630/zxcvbn-common_clerk.headless.browser_c326ec_5.84.0-canary.v20250814124630.min.js.gz
- clerk-js/5.84.0-canary.v20250814124630/zxcvbn-common_clerk.headless.browser_c326ec_5.84.0-canary.v20250814124630.min.js.sri
- clerk-js/5.84.0-canary.v20250814124630/zxcvbn-common_clerk.legacy.browser_b5251d_5.84.0-canary.v20250814124630.js.br
- clerk-js/5.84.0-canary.v20250814124630/zxcvbn-common_clerk.legacy.browser_b5251d_5.84.0-canary.v20250814124630.js.gz
- clerk-js/5.84.0-canary.v20250814124630/zxcvbn-common_clerk.legacy.browser_b5251d_5.84.0-canary.v20250814124630.js.sri
- clerk-js/5.84.0-canary.v20250814124630/zxcvbn-common_clerk.legacy.browser_b5251d_5.84.0-canary.v20250814124630.min.js.br
- clerk-js/5.84.0-canary.v20250814124630/zxcvbn-common_clerk.legacy.browser_b5251d_5.84.0-canary.v20250814124630.min.js.gz
- clerk-js/5.84.0-canary.v20250814124630/zxcvbn-common_clerk.legacy.browser_b5251d_5.84.0-canary.v20250814124630.min.js.sri
- clerk-js/5.84.0-canary.v20250814124630/zxcvbn-ts-core_clerk.browser_e976a1_5.84.0-canary.v20250814124630.js.br
- clerk-js/5.84.0-canary.v20250814124630/zxcvbn-ts-core_clerk.browser_e976a1_5.84.0-canary.v20250814124630.js.gz
- clerk-js/5.84.0-canary.v20250814124630/zxcvbn-ts-core_clerk.browser_e976a1_5.84.0-canary.v20250814124630.js.sri
- clerk-js/5.84.0-canary.v20250814124630/zxcvbn-ts-core_clerk.browser_e976a1_5.84.0-canary.v20250814124630.min.js.br
- clerk-js/5.84.0-canary.v20250814124630/zxcvbn-ts-core_clerk.browser_e976a1_5.84.0-canary.v20250814124630.min.js.gz
- clerk-js/5.84.0-canary.v20250814124630/zxcvbn-ts-core_clerk.browser_e976a1_5.84.0-canary.v20250814124630.min.js.sri
- clerk-js/5.84.0-canary.v20250814124630/zxcvbn-ts-core_clerk.chips.browser_f522cb_5.84.0-canary.v20250814124630.js.br
- clerk-js/5.84.0-canary.v20250814124630/zxcvbn-ts-core_clerk.chips.browser_f522cb_5.84.0-canary.v20250814124630.js.gz
- clerk-js/5.84.0-canary.v20250814124630/zxcvbn-ts-core_clerk.chips.browser_f522cb_5.84.0-canary.v20250814124630.js.sri
- clerk-js/5.84.0-canary.v20250814124630/zxcvbn-ts-core_clerk.chips.browser_f522cb_5.84.0-canary.v20250814124630.min.js.br
- clerk-js/5.84.0-canary.v20250814124630/zxcvbn-ts-core_clerk.chips.browser_f522cb_5.84.0-canary.v20250814124630.min.js.gz
- clerk-js/5.84.0-canary.v20250814124630/zxcvbn-ts-core_clerk.chips.browser_f522cb_5.84.0-canary.v20250814124630.min.js.sri
- clerk-js/5.84.0-canary.v20250814124630/zxcvbn-ts-core_clerk.headless.browser_c326ec_5.84.0-canary.v20250814124630.js.br
- clerk-js/5.84.0-canary.v20250814124630/zxcvbn-ts-core_clerk.headless.browser_c326ec_5.84.0-canary.v20250814124630.js.gz
- clerk-js/5.84.0-canary.v20250814124630/zxcvbn-ts-core_clerk.headless.browser_c326ec_5.84.0-canary.v20250814124630.js.sri
- clerk-js/5.84.0-canary.v20250814124630/zxcvbn-ts-core_clerk.headless.browser_c326ec_5.84.0-canary.v20250814124630.min.js.br
- clerk-js/5.84.0-canary.v20250814124630/zxcvbn-ts-core_clerk.headless.browser_c326ec_5.84.0-canary.v20250814124630.min.js.gz
- clerk-js/5.84.0-canary.v20250814124630/zxcvbn-ts-core_clerk.headless.browser_c326ec_5.84.0-canary.v20250814124630.min.js.sri
- clerk-js/5.84.0-canary.v20250814124630/zxcvbn-ts-core_clerk.legacy.browser_b5251d_5.84.0-canary.v20250814124630.js.br
- clerk-js/5.84.0-canary.v20250814124630/zxcvbn-ts-core_clerk.legacy.browser_b5251d_5.84.0-canary.v20250814124630.js.gz
- clerk-js/5.84.0-canary.v20250814124630/zxcvbn-ts-core_clerk.legacy.browser_b5251d_5.84.0-canary.v20250814124630.js.sri
- clerk-js/5.84.0-canary.v20250814124630/zxcvbn-ts-core_clerk.legacy.browser_b5251d_5.84.0-canary.v20250814124630.min.js.br
- clerk-js/5.84.0-canary.v20250814124630/zxcvbn-ts-core_clerk.legacy.browser_b5251d_5.84.0-canary.v20250814124630.min.js.gz
- clerk-js/5.84.0-canary.v20250814124630/zxcvbn-ts-core_clerk.legacy.browser_b5251d_5.84.0-canary.v20250814124630.min.js.sri
