Files:
- clerk-js/5.84.0-canary.v20250813204329/192_clerk.browser_09d604_5.84.0-canary.v20250813204329.js.br
- clerk-js/5.84.0-canary.v20250813204329/192_clerk.browser_09d604_5.84.0-canary.v20250813204329.js.gz
- clerk-js/5.84.0-canary.v20250813204329/192_clerk.browser_09d604_5.84.0-canary.v20250813204329.js.sri
- clerk-js/5.84.0-canary.v20250813204329/192_clerk.browser_09d604_5.84.0-canary.v20250813204329.min.js.br
- clerk-js/5.84.0-canary.v20250813204329/192_clerk.browser_09d604_5.84.0-canary.v20250813204329.min.js.gz
- clerk-js/5.84.0-canary.v20250813204329/192_clerk.browser_09d604_5.84.0-canary.v20250813204329.min.js.sri
- clerk-js/5.84.0-canary.v20250813204329/192_clerk.chips.browser_a23b51_5.84.0-canary.v20250813204329.js.br
- clerk-js/5.84.0-canary.v20250813204329/192_clerk.chips.browser_a23b51_5.84.0-canary.v20250813204329.js.gz
- clerk-js/5.84.0-canary.v20250813204329/192_clerk.chips.browser_a23b51_5.84.0-canary.v20250813204329.js.sri
- clerk-js/5.84.0-canary.v20250813204329/192_clerk.chips.browser_a23b51_5.84.0-canary.v20250813204329.min.js.br
- clerk-js/5.84.0-canary.v20250813204329/192_clerk.chips.browser_a23b51_5.84.0-canary.v20250813204329.min.js.gz
- clerk-js/5.84.0-canary.v20250813204329/192_clerk.chips.browser_a23b51_5.84.0-canary.v20250813204329.min.js.sri
- clerk-js/5.84.0-canary.v20250813204329/192_clerk.legacy.browser_1dd6f6_5.84.0-canary.v20250813204329.js.br
- clerk-js/5.84.0-canary.v20250813204329/192_clerk.legacy.browser_1dd6f6_5.84.0-canary.v20250813204329.js.gz
- clerk-js/5.84.0-canary.v20250813204329/192_clerk.legacy.browser_1dd6f6_5.84.0-canary.v20250813204329.js.sri
- clerk-js/5.84.0-canary.v20250813204329/192_clerk.legacy.browser_1dd6f6_5.84.0-canary.v20250813204329.min.js.br
- clerk-js/5.84.0-canary.v20250813204329/192_clerk.legacy.browser_1dd6f6_5.84.0-canary.v20250813204329.min.js.gz
- clerk-js/5.84.0-canary.v20250813204329/192_clerk.legacy.browser_1dd6f6_5.84.0-canary.v20250813204329.min.js.sri
- clerk-js/5.84.0-canary.v20250813204329/294_clerk.browser_09d604_5.84.0-canary.v20250813204329.js.br
- clerk-js/5.84.0-canary.v20250813204329/294_clerk.browser_09d604_5.84.0-canary.v20250813204329.js.gz
- clerk-js/5.84.0-canary.v20250813204329/294_clerk.browser_09d604_5.84.0-canary.v20250813204329.js.sri
- clerk-js/5.84.0-canary.v20250813204329/294_clerk.browser_09d604_5.84.0-canary.v20250813204329.min.js.br
- clerk-js/5.84.0-canary.v20250813204329/294_clerk.browser_09d604_5.84.0-canary.v20250813204329.min.js.gz
- clerk-js/5.84.0-canary.v20250813204329/294_clerk.browser_09d604_5.84.0-canary.v20250813204329.min.js.sri
- clerk-js/5.84.0-canary.v20250813204329/294_clerk.chips.browser_a23b51_5.84.0-canary.v20250813204329.js.br
- clerk-js/5.84.0-canary.v20250813204329/294_clerk.chips.browser_a23b51_5.84.0-canary.v20250813204329.js.gz
- clerk-js/5.84.0-canary.v20250813204329/294_clerk.chips.browser_a23b51_5.84.0-canary.v20250813204329.js.sri
- clerk-js/5.84.0-canary.v20250813204329/294_clerk.chips.browser_a23b51_5.84.0-canary.v20250813204329.min.js.br
- clerk-js/5.84.0-canary.v20250813204329/294_clerk.chips.browser_a23b51_5.84.0-canary.v20250813204329.min.js.gz
- clerk-js/5.84.0-canary.v20250813204329/294_clerk.chips.browser_a23b51_5.84.0-canary.v20250813204329.min.js.sri
- clerk-js/5.84.0-canary.v20250813204329/294_clerk.legacy.browser_1dd6f6_5.84.0-canary.v20250813204329.js.br
- clerk-js/5.84.0-canary.v20250813204329/294_clerk.legacy.browser_1dd6f6_5.84.0-canary.v20250813204329.js.gz
- clerk-js/5.84.0-canary.v20250813204329/294_clerk.legacy.browser_1dd6f6_5.84.0-canary.v20250813204329.js.sri
- clerk-js/5.84.0-canary.v20250813204329/294_clerk.legacy.browser_1dd6f6_5.84.0-canary.v20250813204329.min.js.br
- clerk-js/5.84.0-canary.v20250813204329/294_clerk.legacy.browser_1dd6f6_5.84.0-canary.v20250813204329.min.js.gz
- clerk-js/5.84.0-canary.v20250813204329/294_clerk.legacy.browser_1dd6f6_5.84.0-canary.v20250813204329.min.js.sri
- clerk-js/5.84.0-canary.v20250813204329/377_clerk.headless_58c822_5.84.0-canary.v20250813204329.js.br
- clerk-js/5.84.0-canary.v20250813204329/377_clerk.headless_58c822_5.84.0-canary.v20250813204329.js.gz
- clerk-js/5.84.0-canary.v20250813204329/377_clerk.headless_58c822_5.84.0-canary.v20250813204329.js.sri
- clerk-js/5.84.0-canary.v20250813204329/377_clerk.headless_58c822_5.84.0-canary.v20250813204329.min.js.br
- clerk-js/5.84.0-canary.v20250813204329/377_clerk.headless_58c822_5.84.0-canary.v20250813204329.min.js.gz
- clerk-js/5.84.0-canary.v20250813204329/377_clerk.headless_58c822_5.84.0-canary.v20250813204329.min.js.sri
- clerk-js/5.84.0-canary.v20250813204329/43_clerk.legacy.browser_1dd6f6_5.84.0-canary.v20250813204329.js.br
- clerk-js/5.84.0-canary.v20250813204329/43_clerk.legacy.browser_1dd6f6_5.84.0-canary.v20250813204329.js.gz
- clerk-js/5.84.0-canary.v20250813204329/43_clerk.legacy.browser_1dd6f6_5.84.0-canary.v20250813204329.js.sri
- clerk-js/5.84.0-canary.v20250813204329/43_clerk.legacy.browser_1dd6f6_5.84.0-canary.v20250813204329.min.js.br
- clerk-js/5.84.0-canary.v20250813204329/43_clerk.legacy.browser_1dd6f6_5.84.0-canary.v20250813204329.min.js.gz
- clerk-js/5.84.0-canary.v20250813204329/43_clerk.legacy.browser_1dd6f6_5.84.0-canary.v20250813204329.min.js.sri
- clerk-js/5.84.0-canary.v20250813204329/553_clerk.headless_58c822_5.84.0-canary.v20250813204329.js.br
- clerk-js/5.84.0-canary.v20250813204329/553_clerk.headless_58c822_5.84.0-canary.v20250813204329.js.gz
- clerk-js/5.84.0-canary.v20250813204329/553_clerk.headless_58c822_5.84.0-canary.v20250813204329.js.sri
- clerk-js/5.84.0-canary.v20250813204329/553_clerk.headless_58c822_5.84.0-canary.v20250813204329.min.js.br
- clerk-js/5.84.0-canary.v20250813204329/553_clerk.headless_58c822_5.84.0-canary.v20250813204329.min.js.gz
- clerk-js/5.84.0-canary.v20250813204329/553_clerk.headless_58c822_5.84.0-canary.v20250813204329.min.js.sri
- clerk-js/5.84.0-canary.v20250813204329/645_clerk.browser_09d604_5.84.0-canary.v20250813204329.js.br
- clerk-js/5.84.0-canary.v20250813204329/645_clerk.browser_09d604_5.84.0-canary.v20250813204329.js.gz
- clerk-js/5.84.0-canary.v20250813204329/645_clerk.browser_09d604_5.84.0-canary.v20250813204329.js.sri
- clerk-js/5.84.0-canary.v20250813204329/645_clerk.browser_09d604_5.84.0-canary.v20250813204329.min.js.br
- clerk-js/5.84.0-canary.v20250813204329/645_clerk.browser_09d604_5.84.0-canary.v20250813204329.min.js.gz
- clerk-js/5.84.0-canary.v20250813204329/645_clerk.browser_09d604_5.84.0-canary.v20250813204329.min.js.sri
- clerk-js/5.84.0-canary.v20250813204329/645_clerk.chips.browser_a23b51_5.84.0-canary.v20250813204329.js.br
- clerk-js/5.84.0-canary.v20250813204329/645_clerk.chips.browser_a23b51_5.84.0-canary.v20250813204329.js.gz
- clerk-js/5.84.0-canary.v20250813204329/645_clerk.chips.browser_a23b51_5.84.0-canary.v20250813204329.js.sri
- clerk-js/5.84.0-canary.v20250813204329/645_clerk.chips.browser_a23b51_5.84.0-canary.v20250813204329.min.js.br
- clerk-js/5.84.0-canary.v20250813204329/645_clerk.chips.browser_a23b51_5.84.0-canary.v20250813204329.min.js.gz
- clerk-js/5.84.0-canary.v20250813204329/645_clerk.chips.browser_a23b51_5.84.0-canary.v20250813204329.min.js.sri
- clerk-js/5.84.0-canary.v20250813204329/645_clerk.legacy.browser_1dd6f6_5.84.0-canary.v20250813204329.js.br
- clerk-js/5.84.0-canary.v20250813204329/645_clerk.legacy.browser_1dd6f6_5.84.0-canary.v20250813204329.js.gz
- clerk-js/5.84.0-canary.v20250813204329/645_clerk.legacy.browser_1dd6f6_5.84.0-canary.v20250813204329.js.sri
- clerk-js/5.84.0-canary.v20250813204329/645_clerk.legacy.browser_1dd6f6_5.84.0-canary.v20250813204329.min.js.br
- clerk-js/5.84.0-canary.v20250813204329/645_clerk.legacy.browser_1dd6f6_5.84.0-canary.v20250813204329.min.js.gz
- clerk-js/5.84.0-canary.v20250813204329/645_clerk.legacy.browser_1dd6f6_5.84.0-canary.v20250813204329.min.js.sri
- clerk-js/5.84.0-canary.v20250813204329/66_clerk.browser_09d604_5.84.0-canary.v20250813204329.js.br
- clerk-js/5.84.0-canary.v20250813204329/66_clerk.browser_09d604_5.84.0-canary.v20250813204329.js.gz
- clerk-js/5.84.0-canary.v20250813204329/66_clerk.browser_09d604_5.84.0-canary.v20250813204329.js.sri
- clerk-js/5.84.0-canary.v20250813204329/66_clerk.browser_09d604_5.84.0-canary.v20250813204329.min.js.br
- clerk-js/5.84.0-canary.v20250813204329/66_clerk.browser_09d604_5.84.0-canary.v20250813204329.min.js.gz
- clerk-js/5.84.0-canary.v20250813204329/66_clerk.browser_09d604_5.84.0-canary.v20250813204329.min.js.sri
- clerk-js/5.84.0-canary.v20250813204329/66_clerk.chips.browser_a23b51_5.84.0-canary.v20250813204329.js.br
- clerk-js/5.84.0-canary.v20250813204329/66_clerk.chips.browser_a23b51_5.84.0-canary.v20250813204329.js.gz
- clerk-js/5.84.0-canary.v20250813204329/66_clerk.chips.browser_a23b51_5.84.0-canary.v20250813204329.js.sri
- clerk-js/5.84.0-canary.v20250813204329/66_clerk.chips.browser_a23b51_5.84.0-canary.v20250813204329.min.js.br
- clerk-js/5.84.0-canary.v20250813204329/66_clerk.chips.browser_a23b51_5.84.0-canary.v20250813204329.min.js.gz
- clerk-js/5.84.0-canary.v20250813204329/66_clerk.chips.browser_a23b51_5.84.0-canary.v20250813204329.min.js.sri
- clerk-js/5.84.0-canary.v20250813204329/66_clerk.legacy.browser_1dd6f6_5.84.0-canary.v20250813204329.js.br
- clerk-js/5.84.0-canary.v20250813204329/66_clerk.legacy.browser_1dd6f6_5.84.0-canary.v20250813204329.js.gz
- clerk-js/5.84.0-canary.v20250813204329/66_clerk.legacy.browser_1dd6f6_5.84.0-canary.v20250813204329.js.sri
- clerk-js/5.84.0-canary.v20250813204329/66_clerk.legacy.browser_1dd6f6_5.84.0-canary.v20250813204329.min.js.br
- clerk-js/5.84.0-canary.v20250813204329/66_clerk.legacy.browser_1dd6f6_5.84.0-canary.v20250813204329.min.js.gz
- clerk-js/5.84.0-canary.v20250813204329/66_clerk.legacy.browser_1dd6f6_5.84.0-canary.v20250813204329.min.js.sri
- clerk-js/5.84.0-canary.v20250813204329/890_clerk.headless_58c822_5.84.0-canary.v20250813204329.js.br
- clerk-js/5.84.0-canary.v20250813204329/890_clerk.headless_58c822_5.84.0-canary.v20250813204329.js.gz
- clerk-js/5.84.0-canary.v20250813204329/890_clerk.headless_58c822_5.84.0-canary.v20250813204329.js.sri
- clerk-js/5.84.0-canary.v20250813204329/890_clerk.headless_58c822_5.84.0-canary.v20250813204329.min.js.br
- clerk-js/5.84.0-canary.v20250813204329/890_clerk.headless_58c822_5.84.0-canary.v20250813204329.min.js.gz
- clerk-js/5.84.0-canary.v20250813204329/890_clerk.headless_58c822_5.84.0-canary.v20250813204329.min.js.sri
- clerk-js/5.84.0-canary.v20250813204329/965_clerk.headless_58c822_5.84.0-canary.v20250813204329.js.br
- clerk-js/5.84.0-canary.v20250813204329/965_clerk.headless_58c822_5.84.0-canary.v20250813204329.js.gz
- clerk-js/5.84.0-canary.v20250813204329/965_clerk.headless_58c822_5.84.0-canary.v20250813204329.js.sri
- clerk-js/5.84.0-canary.v20250813204329/965_clerk.headless_58c822_5.84.0-canary.v20250813204329.min.js.br
- clerk-js/5.84.0-canary.v20250813204329/965_clerk.headless_58c822_5.84.0-canary.v20250813204329.min.js.gz
- clerk-js/5.84.0-canary.v20250813204329/965_clerk.headless_58c822_5.84.0-canary.v20250813204329.min.js.sri
- clerk-js/5.84.0-canary.v20250813204329/apiKeys_clerk.browser_09d604_5.84.0-canary.v20250813204329.js.br
- clerk-js/5.84.0-canary.v20250813204329/apiKeys_clerk.browser_09d604_5.84.0-canary.v20250813204329.js.gz
- clerk-js/5.84.0-canary.v20250813204329/apiKeys_clerk.browser_09d604_5.84.0-canary.v20250813204329.js.sri
- clerk-js/5.84.0-canary.v20250813204329/apiKeys_clerk.browser_09d604_5.84.0-canary.v20250813204329.min.js.br
- clerk-js/5.84.0-canary.v20250813204329/apiKeys_clerk.browser_09d604_5.84.0-canary.v20250813204329.min.js.gz
- clerk-js/5.84.0-canary.v20250813204329/apiKeys_clerk.browser_09d604_5.84.0-canary.v20250813204329.min.js.sri
- clerk-js/5.84.0-canary.v20250813204329/apiKeys_clerk.chips.browser_a23b51_5.84.0-canary.v20250813204329.js.br
- clerk-js/5.84.0-canary.v20250813204329/apiKeys_clerk.chips.browser_a23b51_5.84.0-canary.v20250813204329.js.gz
- clerk-js/5.84.0-canary.v20250813204329/apiKeys_clerk.chips.browser_a23b51_5.84.0-canary.v20250813204329.js.sri
- clerk-js/5.84.0-canary.v20250813204329/apiKeys_clerk.chips.browser_a23b51_5.84.0-canary.v20250813204329.min.js.br
- clerk-js/5.84.0-canary.v20250813204329/apiKeys_clerk.chips.browser_a23b51_5.84.0-canary.v20250813204329.min.js.gz
- clerk-js/5.84.0-canary.v20250813204329/apiKeys_clerk.chips.browser_a23b51_5.84.0-canary.v20250813204329.min.js.sri
- clerk-js/5.84.0-canary.v20250813204329/apiKeys_clerk.legacy.browser_1dd6f6_5.84.0-canary.v20250813204329.js.br
- clerk-js/5.84.0-canary.v20250813204329/apiKeys_clerk.legacy.browser_1dd6f6_5.84.0-canary.v20250813204329.js.gz
- clerk-js/5.84.0-canary.v20250813204329/apiKeys_clerk.legacy.browser_1dd6f6_5.84.0-canary.v20250813204329.js.sri
- clerk-js/5.84.0-canary.v20250813204329/apiKeys_clerk.legacy.browser_1dd6f6_5.84.0-canary.v20250813204329.min.js.br
- clerk-js/5.84.0-canary.v20250813204329/apiKeys_clerk.legacy.browser_1dd6f6_5.84.0-canary.v20250813204329.min.js.gz
- clerk-js/5.84.0-canary.v20250813204329/apiKeys_clerk.legacy.browser_1dd6f6_5.84.0-canary.v20250813204329.min.js.sri
- clerk-js/5.84.0-canary.v20250813204329/blankcaptcha_clerk.browser_09d604_5.84.0-canary.v20250813204329.js.br
- clerk-js/5.84.0-canary.v20250813204329/blankcaptcha_clerk.browser_09d604_5.84.0-canary.v20250813204329.js.gz
- clerk-js/5.84.0-canary.v20250813204329/blankcaptcha_clerk.browser_09d604_5.84.0-canary.v20250813204329.js.sri
- clerk-js/5.84.0-canary.v20250813204329/blankcaptcha_clerk.browser_09d604_5.84.0-canary.v20250813204329.min.js.br
- clerk-js/5.84.0-canary.v20250813204329/blankcaptcha_clerk.browser_09d604_5.84.0-canary.v20250813204329.min.js.gz
- clerk-js/5.84.0-canary.v20250813204329/blankcaptcha_clerk.browser_09d604_5.84.0-canary.v20250813204329.min.js.sri
- clerk-js/5.84.0-canary.v20250813204329/blankcaptcha_clerk.chips.browser_a23b51_5.84.0-canary.v20250813204329.js.br
- clerk-js/5.84.0-canary.v20250813204329/blankcaptcha_clerk.chips.browser_a23b51_5.84.0-canary.v20250813204329.js.gz
- clerk-js/5.84.0-canary.v20250813204329/blankcaptcha_clerk.chips.browser_a23b51_5.84.0-canary.v20250813204329.js.sri
- clerk-js/5.84.0-canary.v20250813204329/blankcaptcha_clerk.chips.browser_a23b51_5.84.0-canary.v20250813204329.min.js.br
- clerk-js/5.84.0-canary.v20250813204329/blankcaptcha_clerk.chips.browser_a23b51_5.84.0-canary.v20250813204329.min.js.gz
- clerk-js/5.84.0-canary.v20250813204329/blankcaptcha_clerk.chips.browser_a23b51_5.84.0-canary.v20250813204329.min.js.sri
- clerk-js/5.84.0-canary.v20250813204329/blankcaptcha_clerk.legacy.browser_1dd6f6_5.84.0-canary.v20250813204329.js.br
- clerk-js/5.84.0-canary.v20250813204329/blankcaptcha_clerk.legacy.browser_1dd6f6_5.84.0-canary.v20250813204329.js.gz
- clerk-js/5.84.0-canary.v20250813204329/blankcaptcha_clerk.legacy.browser_1dd6f6_5.84.0-canary.v20250813204329.js.sri
- clerk-js/5.84.0-canary.v20250813204329/blankcaptcha_clerk.legacy.browser_1dd6f6_5.84.0-canary.v20250813204329.min.js.br
- clerk-js/5.84.0-canary.v20250813204329/blankcaptcha_clerk.legacy.browser_1dd6f6_5.84.0-canary.v20250813204329.min.js.gz
- clerk-js/5.84.0-canary.v20250813204329/blankcaptcha_clerk.legacy.browser_1dd6f6_5.84.0-canary.v20250813204329.min.js.sri
- clerk-js/5.84.0-canary.v20250813204329/checkout_clerk.browser_09d604_5.84.0-canary.v20250813204329.js.br
- clerk-js/5.84.0-canary.v20250813204329/checkout_clerk.browser_09d604_5.84.0-canary.v20250813204329.js.gz
- clerk-js/5.84.0-canary.v20250813204329/checkout_clerk.browser_09d604_5.84.0-canary.v20250813204329.js.sri
- clerk-js/5.84.0-canary.v20250813204329/checkout_clerk.browser_09d604_5.84.0-canary.v20250813204329.min.js.br
- clerk-js/5.84.0-canary.v20250813204329/checkout_clerk.browser_09d604_5.84.0-canary.v20250813204329.min.js.gz
- clerk-js/5.84.0-canary.v20250813204329/checkout_clerk.browser_09d604_5.84.0-canary.v20250813204329.min.js.sri
- clerk-js/5.84.0-canary.v20250813204329/checkout_clerk.chips.browser_a23b51_5.84.0-canary.v20250813204329.js.br
- clerk-js/5.84.0-canary.v20250813204329/checkout_clerk.chips.browser_a23b51_5.84.0-canary.v20250813204329.js.gz
- clerk-js/5.84.0-canary.v20250813204329/checkout_clerk.chips.browser_a23b51_5.84.0-canary.v20250813204329.js.sri
- clerk-js/5.84.0-canary.v20250813204329/checkout_clerk.chips.browser_a23b51_5.84.0-canary.v20250813204329.min.js.br
- clerk-js/5.84.0-canary.v20250813204329/checkout_clerk.chips.browser_a23b51_5.84.0-canary.v20250813204329.min.js.gz
- clerk-js/5.84.0-canary.v20250813204329/checkout_clerk.chips.browser_a23b51_5.84.0-canary.v20250813204329.min.js.sri
- clerk-js/5.84.0-canary.v20250813204329/checkout_clerk.legacy.browser_1dd6f6_5.84.0-canary.v20250813204329.js.br
- clerk-js/5.84.0-canary.v20250813204329/checkout_clerk.legacy.browser_1dd6f6_5.84.0-canary.v20250813204329.js.gz
- clerk-js/5.84.0-canary.v20250813204329/checkout_clerk.legacy.browser_1dd6f6_5.84.0-canary.v20250813204329.js.sri
- clerk-js/5.84.0-canary.v20250813204329/checkout_clerk.legacy.browser_1dd6f6_5.84.0-canary.v20250813204329.min.js.br
- clerk-js/5.84.0-canary.v20250813204329/checkout_clerk.legacy.browser_1dd6f6_5.84.0-canary.v20250813204329.min.js.gz
- clerk-js/5.84.0-canary.v20250813204329/checkout_clerk.legacy.browser_1dd6f6_5.84.0-canary.v20250813204329.min.js.sri
- clerk-js/5.84.0-canary.v20250813204329/clerk.browser.js.br
- clerk-js/5.84.0-canary.v20250813204329/clerk.browser.js.gz
- clerk-js/5.84.0-canary.v20250813204329/clerk.browser.js.sri
- clerk-js/5.84.0-canary.v20250813204329/clerk.browser.min.js.br
- clerk-js/5.84.0-canary.v20250813204329/clerk.browser.min.js.gz
- clerk-js/5.84.0-canary.v20250813204329/clerk.browser.min.js.sri
- clerk-js/5.84.0-canary.v20250813204329/clerk.chips.browser.js.br
- clerk-js/5.84.0-canary.v20250813204329/clerk.chips.browser.js.gz
- clerk-js/5.84.0-canary.v20250813204329/clerk.chips.browser.js.sri
- clerk-js/5.84.0-canary.v20250813204329/clerk.chips.browser.min.js.br
- clerk-js/5.84.0-canary.v20250813204329/clerk.chips.browser.min.js.gz
- clerk-js/5.84.0-canary.v20250813204329/clerk.chips.browser.min.js.sri
- clerk-js/5.84.0-canary.v20250813204329/clerk.headless.browser.js.br
- clerk-js/5.84.0-canary.v20250813204329/clerk.headless.browser.js.gz
- clerk-js/5.84.0-canary.v20250813204329/clerk.headless.browser.js.sri
- clerk-js/5.84.0-canary.v20250813204329/clerk.headless.browser.min.js.br
- clerk-js/5.84.0-canary.v20250813204329/clerk.headless.browser.min.js.gz
- clerk-js/5.84.0-canary.v20250813204329/clerk.headless.browser.min.js.sri
- clerk-js/5.84.0-canary.v20250813204329/clerk.headless.js.br
- clerk-js/5.84.0-canary.v20250813204329/clerk.headless.js.gz
- clerk-js/5.84.0-canary.v20250813204329/clerk.headless.js.sri
- clerk-js/5.84.0-canary.v20250813204329/clerk.headless.min.js.br
- clerk-js/5.84.0-canary.v20250813204329/clerk.headless.min.js.gz
- clerk-js/5.84.0-canary.v20250813204329/clerk.headless.min.js.sri
- clerk-js/5.84.0-canary.v20250813204329/clerk.js.br
- clerk-js/5.84.0-canary.v20250813204329/clerk.js.gz
- clerk-js/5.84.0-canary.v20250813204329/clerk.js.sri
- clerk-js/5.84.0-canary.v20250813204329/clerk.legacy.browser.js.br
- clerk-js/5.84.0-canary.v20250813204329/clerk.legacy.browser.js.gz
- clerk-js/5.84.0-canary.v20250813204329/clerk.legacy.browser.js.sri
- clerk-js/5.84.0-canary.v20250813204329/clerk.legacy.browser.min.js.br
- clerk-js/5.84.0-canary.v20250813204329/clerk.legacy.browser.min.js.gz
- clerk-js/5.84.0-canary.v20250813204329/clerk.legacy.browser.min.js.sri
- clerk-js/5.84.0-canary.v20250813204329/clerk.min.js.br
- clerk-js/5.84.0-canary.v20250813204329/clerk.min.js.gz
- clerk-js/5.84.0-canary.v20250813204329/clerk.min.js.sri
- clerk-js/5.84.0-canary.v20250813204329/clerk.mjs.br
- clerk-js/5.84.0-canary.v20250813204329/clerk.mjs.gz
- clerk-js/5.84.0-canary.v20250813204329/clerk.no-rhc.js.br
- clerk-js/5.84.0-canary.v20250813204329/clerk.no-rhc.js.gz
- clerk-js/5.84.0-canary.v20250813204329/clerk.no-rhc.js.sri
- clerk-js/5.84.0-canary.v20250813204329/clerk.no-rhc.min.js.br
- clerk-js/5.84.0-canary.v20250813204329/clerk.no-rhc.min.js.gz
- clerk-js/5.84.0-canary.v20250813204329/clerk.no-rhc.min.js.sri
- clerk-js/5.84.0-canary.v20250813204329/clerk.no-rhc.mjs.br
- clerk-js/5.84.0-canary.v20250813204329/clerk.no-rhc.mjs.gz
- clerk-js/5.84.0-canary.v20250813204329/coinbase-wallet-sdk_clerk.browser_09d604_5.84.0-canary.v20250813204329.js.br
- clerk-js/5.84.0-canary.v20250813204329/coinbase-wallet-sdk_clerk.browser_09d604_5.84.0-canary.v20250813204329.js.gz
- clerk-js/5.84.0-canary.v20250813204329/coinbase-wallet-sdk_clerk.browser_09d604_5.84.0-canary.v20250813204329.js.sri
- clerk-js/5.84.0-canary.v20250813204329/coinbase-wallet-sdk_clerk.browser_09d604_5.84.0-canary.v20250813204329.min.js.br
- clerk-js/5.84.0-canary.v20250813204329/coinbase-wallet-sdk_clerk.browser_09d604_5.84.0-canary.v20250813204329.min.js.gz
- clerk-js/5.84.0-canary.v20250813204329/coinbase-wallet-sdk_clerk.browser_09d604_5.84.0-canary.v20250813204329.min.js.sri
- clerk-js/5.84.0-canary.v20250813204329/coinbase-wallet-sdk_clerk.chips.browser_a23b51_5.84.0-canary.v20250813204329.js.br
- clerk-js/5.84.0-canary.v20250813204329/coinbase-wallet-sdk_clerk.chips.browser_a23b51_5.84.0-canary.v20250813204329.js.gz
- clerk-js/5.84.0-canary.v20250813204329/coinbase-wallet-sdk_clerk.chips.browser_a23b51_5.84.0-canary.v20250813204329.js.sri
- clerk-js/5.84.0-canary.v20250813204329/coinbase-wallet-sdk_clerk.chips.browser_a23b51_5.84.0-canary.v20250813204329.min.js.br
- clerk-js/5.84.0-canary.v20250813204329/coinbase-wallet-sdk_clerk.chips.browser_a23b51_5.84.0-canary.v20250813204329.min.js.gz
- clerk-js/5.84.0-canary.v20250813204329/coinbase-wallet-sdk_clerk.chips.browser_a23b51_5.84.0-canary.v20250813204329.min.js.sri
- clerk-js/5.84.0-canary.v20250813204329/coinbase-wallet-sdk_clerk.headless.browser_5f190f_5.84.0-canary.v20250813204329.js.br
- clerk-js/5.84.0-canary.v20250813204329/coinbase-wallet-sdk_clerk.headless.browser_5f190f_5.84.0-canary.v20250813204329.js.gz
- clerk-js/5.84.0-canary.v20250813204329/coinbase-wallet-sdk_clerk.headless.browser_5f190f_5.84.0-canary.v20250813204329.js.sri
- clerk-js/5.84.0-canary.v20250813204329/coinbase-wallet-sdk_clerk.headless.browser_5f190f_5.84.0-canary.v20250813204329.min.js.br
- clerk-js/5.84.0-canary.v20250813204329/coinbase-wallet-sdk_clerk.headless.browser_5f190f_5.84.0-canary.v20250813204329.min.js.gz
- clerk-js/5.84.0-canary.v20250813204329/coinbase-wallet-sdk_clerk.headless.browser_5f190f_5.84.0-canary.v20250813204329.min.js.sri
- clerk-js/5.84.0-canary.v20250813204329/coinbase-wallet-sdk_clerk.legacy.browser_1dd6f6_5.84.0-canary.v20250813204329.js.br
- clerk-js/5.84.0-canary.v20250813204329/coinbase-wallet-sdk_clerk.legacy.browser_1dd6f6_5.84.0-canary.v20250813204329.js.gz
- clerk-js/5.84.0-canary.v20250813204329/coinbase-wallet-sdk_clerk.legacy.browser_1dd6f6_5.84.0-canary.v20250813204329.js.sri
- clerk-js/5.84.0-canary.v20250813204329/coinbase-wallet-sdk_clerk.legacy.browser_1dd6f6_5.84.0-canary.v20250813204329.min.js.br
- clerk-js/5.84.0-canary.v20250813204329/coinbase-wallet-sdk_clerk.legacy.browser_1dd6f6_5.84.0-canary.v20250813204329.min.js.gz
- clerk-js/5.84.0-canary.v20250813204329/coinbase-wallet-sdk_clerk.legacy.browser_1dd6f6_5.84.0-canary.v20250813204329.min.js.sri
- clerk-js/5.84.0-canary.v20250813204329/cookieSuffix_clerk.browser_09d604_5.84.0-canary.v20250813204329.js.br
- clerk-js/5.84.0-canary.v20250813204329/cookieSuffix_clerk.browser_09d604_5.84.0-canary.v20250813204329.js.gz
- clerk-js/5.84.0-canary.v20250813204329/cookieSuffix_clerk.browser_09d604_5.84.0-canary.v20250813204329.js.sri
- clerk-js/5.84.0-canary.v20250813204329/cookieSuffix_clerk.browser_09d604_5.84.0-canary.v20250813204329.min.js.br
- clerk-js/5.84.0-canary.v20250813204329/cookieSuffix_clerk.browser_09d604_5.84.0-canary.v20250813204329.min.js.gz
- clerk-js/5.84.0-canary.v20250813204329/cookieSuffix_clerk.browser_09d604_5.84.0-canary.v20250813204329.min.js.sri
- clerk-js/5.84.0-canary.v20250813204329/cookieSuffix_clerk.chips.browser_a23b51_5.84.0-canary.v20250813204329.js.br
- clerk-js/5.84.0-canary.v20250813204329/cookieSuffix_clerk.chips.browser_a23b51_5.84.0-canary.v20250813204329.js.gz
- clerk-js/5.84.0-canary.v20250813204329/cookieSuffix_clerk.chips.browser_a23b51_5.84.0-canary.v20250813204329.js.sri
- clerk-js/5.84.0-canary.v20250813204329/cookieSuffix_clerk.chips.browser_a23b51_5.84.0-canary.v20250813204329.min.js.br
- clerk-js/5.84.0-canary.v20250813204329/cookieSuffix_clerk.chips.browser_a23b51_5.84.0-canary.v20250813204329.min.js.gz
- clerk-js/5.84.0-canary.v20250813204329/cookieSuffix_clerk.chips.browser_a23b51_5.84.0-canary.v20250813204329.min.js.sri
- clerk-js/5.84.0-canary.v20250813204329/cookieSuffix_clerk.headless.browser_5f190f_5.84.0-canary.v20250813204329.js.br
- clerk-js/5.84.0-canary.v20250813204329/cookieSuffix_clerk.headless.browser_5f190f_5.84.0-canary.v20250813204329.js.gz
- clerk-js/5.84.0-canary.v20250813204329/cookieSuffix_clerk.headless.browser_5f190f_5.84.0-canary.v20250813204329.js.sri
- clerk-js/5.84.0-canary.v20250813204329/cookieSuffix_clerk.headless.browser_5f190f_5.84.0-canary.v20250813204329.min.js.br
- clerk-js/5.84.0-canary.v20250813204329/cookieSuffix_clerk.headless.browser_5f190f_5.84.0-canary.v20250813204329.min.js.gz
- clerk-js/5.84.0-canary.v20250813204329/cookieSuffix_clerk.headless.browser_5f190f_5.84.0-canary.v20250813204329.min.js.sri
- clerk-js/5.84.0-canary.v20250813204329/cookieSuffix_clerk.headless_58c822_5.84.0-canary.v20250813204329.js.br
- clerk-js/5.84.0-canary.v20250813204329/cookieSuffix_clerk.headless_58c822_5.84.0-canary.v20250813204329.js.gz
- clerk-js/5.84.0-canary.v20250813204329/cookieSuffix_clerk.headless_58c822_5.84.0-canary.v20250813204329.js.sri
- clerk-js/5.84.0-canary.v20250813204329/cookieSuffix_clerk.headless_58c822_5.84.0-canary.v20250813204329.min.js.br
- clerk-js/5.84.0-canary.v20250813204329/cookieSuffix_clerk.headless_58c822_5.84.0-canary.v20250813204329.min.js.gz
- clerk-js/5.84.0-canary.v20250813204329/cookieSuffix_clerk.headless_58c822_5.84.0-canary.v20250813204329.min.js.sri
- clerk-js/5.84.0-canary.v20250813204329/cookieSuffix_clerk.legacy.browser_1dd6f6_5.84.0-canary.v20250813204329.js.br
- clerk-js/5.84.0-canary.v20250813204329/cookieSuffix_clerk.legacy.browser_1dd6f6_5.84.0-canary.v20250813204329.js.gz
- clerk-js/5.84.0-canary.v20250813204329/cookieSuffix_clerk.legacy.browser_1dd6f6_5.84.0-canary.v20250813204329.js.sri
- clerk-js/5.84.0-canary.v20250813204329/cookieSuffix_clerk.legacy.browser_1dd6f6_5.84.0-canary.v20250813204329.min.js.br
- clerk-js/5.84.0-canary.v20250813204329/cookieSuffix_clerk.legacy.browser_1dd6f6_5.84.0-canary.v20250813204329.min.js.gz
- clerk-js/5.84.0-canary.v20250813204329/cookieSuffix_clerk.legacy.browser_1dd6f6_5.84.0-canary.v20250813204329.min.js.sri
- clerk-js/5.84.0-canary.v20250813204329/createorganization_clerk.browser_09d604_5.84.0-canary.v20250813204329.js.br
- clerk-js/5.84.0-canary.v20250813204329/createorganization_clerk.browser_09d604_5.84.0-canary.v20250813204329.js.gz
- clerk-js/5.84.0-canary.v20250813204329/createorganization_clerk.browser_09d604_5.84.0-canary.v20250813204329.js.sri
- clerk-js/5.84.0-canary.v20250813204329/createorganization_clerk.browser_09d604_5.84.0-canary.v20250813204329.min.js.br
- clerk-js/5.84.0-canary.v20250813204329/createorganization_clerk.browser_09d604_5.84.0-canary.v20250813204329.min.js.gz
- clerk-js/5.84.0-canary.v20250813204329/createorganization_clerk.browser_09d604_5.84.0-canary.v20250813204329.min.js.sri
- clerk-js/5.84.0-canary.v20250813204329/createorganization_clerk.chips.browser_a23b51_5.84.0-canary.v20250813204329.js.br
- clerk-js/5.84.0-canary.v20250813204329/createorganization_clerk.chips.browser_a23b51_5.84.0-canary.v20250813204329.js.gz
- clerk-js/5.84.0-canary.v20250813204329/createorganization_clerk.chips.browser_a23b51_5.84.0-canary.v20250813204329.js.sri
- clerk-js/5.84.0-canary.v20250813204329/createorganization_clerk.chips.browser_a23b51_5.84.0-canary.v20250813204329.min.js.br
- clerk-js/5.84.0-canary.v20250813204329/createorganization_clerk.chips.browser_a23b51_5.84.0-canary.v20250813204329.min.js.gz
- clerk-js/5.84.0-canary.v20250813204329/createorganization_clerk.chips.browser_a23b51_5.84.0-canary.v20250813204329.min.js.sri
- clerk-js/5.84.0-canary.v20250813204329/createorganization_clerk.legacy.browser_1dd6f6_5.84.0-canary.v20250813204329.js.br
- clerk-js/5.84.0-canary.v20250813204329/createorganization_clerk.legacy.browser_1dd6f6_5.84.0-canary.v20250813204329.js.gz
- clerk-js/5.84.0-canary.v20250813204329/createorganization_clerk.legacy.browser_1dd6f6_5.84.0-canary.v20250813204329.js.sri
- clerk-js/5.84.0-canary.v20250813204329/createorganization_clerk.legacy.browser_1dd6f6_5.84.0-canary.v20250813204329.min.js.br
- clerk-js/5.84.0-canary.v20250813204329/createorganization_clerk.legacy.browser_1dd6f6_5.84.0-canary.v20250813204329.min.js.gz
- clerk-js/5.84.0-canary.v20250813204329/createorganization_clerk.legacy.browser_1dd6f6_5.84.0-canary.v20250813204329.min.js.sri
- clerk-js/5.84.0-canary.v20250813204329/framework_clerk.browser_09d604_5.84.0-canary.v20250813204329.js.br
- clerk-js/5.84.0-canary.v20250813204329/framework_clerk.browser_09d604_5.84.0-canary.v20250813204329.js.gz
- clerk-js/5.84.0-canary.v20250813204329/framework_clerk.browser_09d604_5.84.0-canary.v20250813204329.js.sri
- clerk-js/5.84.0-canary.v20250813204329/framework_clerk.browser_09d604_5.84.0-canary.v20250813204329.min.js.br
- clerk-js/5.84.0-canary.v20250813204329/framework_clerk.browser_09d604_5.84.0-canary.v20250813204329.min.js.gz
- clerk-js/5.84.0-canary.v20250813204329/framework_clerk.browser_09d604_5.84.0-canary.v20250813204329.min.js.sri
- clerk-js/5.84.0-canary.v20250813204329/framework_clerk.chips.browser_a23b51_5.84.0-canary.v20250813204329.js.br
- clerk-js/5.84.0-canary.v20250813204329/framework_clerk.chips.browser_a23b51_5.84.0-canary.v20250813204329.js.gz
- clerk-js/5.84.0-canary.v20250813204329/framework_clerk.chips.browser_a23b51_5.84.0-canary.v20250813204329.js.sri
- clerk-js/5.84.0-canary.v20250813204329/framework_clerk.chips.browser_a23b51_5.84.0-canary.v20250813204329.min.js.br
- clerk-js/5.84.0-canary.v20250813204329/framework_clerk.chips.browser_a23b51_5.84.0-canary.v20250813204329.min.js.gz
- clerk-js/5.84.0-canary.v20250813204329/framework_clerk.chips.browser_a23b51_5.84.0-canary.v20250813204329.min.js.sri
- clerk-js/5.84.0-canary.v20250813204329/framework_clerk.legacy.browser_1dd6f6_5.84.0-canary.v20250813204329.js.br
- clerk-js/5.84.0-canary.v20250813204329/framework_clerk.legacy.browser_1dd6f6_5.84.0-canary.v20250813204329.js.gz
- clerk-js/5.84.0-canary.v20250813204329/framework_clerk.legacy.browser_1dd6f6_5.84.0-canary.v20250813204329.js.sri
- clerk-js/5.84.0-canary.v20250813204329/framework_clerk.legacy.browser_1dd6f6_5.84.0-canary.v20250813204329.min.js.br
- clerk-js/5.84.0-canary.v20250813204329/framework_clerk.legacy.browser_1dd6f6_5.84.0-canary.v20250813204329.min.js.gz
- clerk-js/5.84.0-canary.v20250813204329/framework_clerk.legacy.browser_1dd6f6_5.84.0-canary.v20250813204329.min.js.sri
- clerk-js/5.84.0-canary.v20250813204329/impersonationfab_clerk.browser_09d604_5.84.0-canary.v20250813204329.js.br
- clerk-js/5.84.0-canary.v20250813204329/impersonationfab_clerk.browser_09d604_5.84.0-canary.v20250813204329.js.gz
- clerk-js/5.84.0-canary.v20250813204329/impersonationfab_clerk.browser_09d604_5.84.0-canary.v20250813204329.js.sri
- clerk-js/5.84.0-canary.v20250813204329/impersonationfab_clerk.browser_09d604_5.84.0-canary.v20250813204329.min.js.br
- clerk-js/5.84.0-canary.v20250813204329/impersonationfab_clerk.browser_09d604_5.84.0-canary.v20250813204329.min.js.gz
- clerk-js/5.84.0-canary.v20250813204329/impersonationfab_clerk.browser_09d604_5.84.0-canary.v20250813204329.min.js.sri
- clerk-js/5.84.0-canary.v20250813204329/impersonationfab_clerk.chips.browser_a23b51_5.84.0-canary.v20250813204329.js.br
- clerk-js/5.84.0-canary.v20250813204329/impersonationfab_clerk.chips.browser_a23b51_5.84.0-canary.v20250813204329.js.gz
- clerk-js/5.84.0-canary.v20250813204329/impersonationfab_clerk.chips.browser_a23b51_5.84.0-canary.v20250813204329.js.sri
- clerk-js/5.84.0-canary.v20250813204329/impersonationfab_clerk.chips.browser_a23b51_5.84.0-canary.v20250813204329.min.js.br
- clerk-js/5.84.0-canary.v20250813204329/impersonationfab_clerk.chips.browser_a23b51_5.84.0-canary.v20250813204329.min.js.gz
- clerk-js/5.84.0-canary.v20250813204329/impersonationfab_clerk.chips.browser_a23b51_5.84.0-canary.v20250813204329.min.js.sri
- clerk-js/5.84.0-canary.v20250813204329/impersonationfab_clerk.legacy.browser_1dd6f6_5.84.0-canary.v20250813204329.js.br
- clerk-js/5.84.0-canary.v20250813204329/impersonationfab_clerk.legacy.browser_1dd6f6_5.84.0-canary.v20250813204329.js.gz
- clerk-js/5.84.0-canary.v20250813204329/impersonationfab_clerk.legacy.browser_1dd6f6_5.84.0-canary.v20250813204329.js.sri
- clerk-js/5.84.0-canary.v20250813204329/impersonationfab_clerk.legacy.browser_1dd6f6_5.84.0-canary.v20250813204329.min.js.br
- clerk-js/5.84.0-canary.v20250813204329/impersonationfab_clerk.legacy.browser_1dd6f6_5.84.0-canary.v20250813204329.min.js.gz
- clerk-js/5.84.0-canary.v20250813204329/impersonationfab_clerk.legacy.browser_1dd6f6_5.84.0-canary.v20250813204329.min.js.sri
- clerk-js/5.84.0-canary.v20250813204329/keylessPrompt_clerk.browser_09d604_5.84.0-canary.v20250813204329.js.br
- clerk-js/5.84.0-canary.v20250813204329/keylessPrompt_clerk.browser_09d604_5.84.0-canary.v20250813204329.js.gz
- clerk-js/5.84.0-canary.v20250813204329/keylessPrompt_clerk.browser_09d604_5.84.0-canary.v20250813204329.js.sri
- clerk-js/5.84.0-canary.v20250813204329/keylessPrompt_clerk.browser_09d604_5.84.0-canary.v20250813204329.min.js.br
- clerk-js/5.84.0-canary.v20250813204329/keylessPrompt_clerk.browser_09d604_5.84.0-canary.v20250813204329.min.js.gz
- clerk-js/5.84.0-canary.v20250813204329/keylessPrompt_clerk.browser_09d604_5.84.0-canary.v20250813204329.min.js.sri
- clerk-js/5.84.0-canary.v20250813204329/keylessPrompt_clerk.chips.browser_a23b51_5.84.0-canary.v20250813204329.js.br
- clerk-js/5.84.0-canary.v20250813204329/keylessPrompt_clerk.chips.browser_a23b51_5.84.0-canary.v20250813204329.js.gz
- clerk-js/5.84.0-canary.v20250813204329/keylessPrompt_clerk.chips.browser_a23b51_5.84.0-canary.v20250813204329.js.sri
- clerk-js/5.84.0-canary.v20250813204329/keylessPrompt_clerk.chips.browser_a23b51_5.84.0-canary.v20250813204329.min.js.br
- clerk-js/5.84.0-canary.v20250813204329/keylessPrompt_clerk.chips.browser_a23b51_5.84.0-canary.v20250813204329.min.js.gz
- clerk-js/5.84.0-canary.v20250813204329/keylessPrompt_clerk.chips.browser_a23b51_5.84.0-canary.v20250813204329.min.js.sri
- clerk-js/5.84.0-canary.v20250813204329/keylessPrompt_clerk.legacy.browser_1dd6f6_5.84.0-canary.v20250813204329.js.br
- clerk-js/5.84.0-canary.v20250813204329/keylessPrompt_clerk.legacy.browser_1dd6f6_5.84.0-canary.v20250813204329.js.gz
- clerk-js/5.84.0-canary.v20250813204329/keylessPrompt_clerk.legacy.browser_1dd6f6_5.84.0-canary.v20250813204329.js.sri
- clerk-js/5.84.0-canary.v20250813204329/keylessPrompt_clerk.legacy.browser_1dd6f6_5.84.0-canary.v20250813204329.min.js.br
- clerk-js/5.84.0-canary.v20250813204329/keylessPrompt_clerk.legacy.browser_1dd6f6_5.84.0-canary.v20250813204329.min.js.gz
- clerk-js/5.84.0-canary.v20250813204329/keylessPrompt_clerk.legacy.browser_1dd6f6_5.84.0-canary.v20250813204329.min.js.sri
- clerk-js/5.84.0-canary.v20250813204329/oauthConsent_clerk.browser_09d604_5.84.0-canary.v20250813204329.js.br
- clerk-js/5.84.0-canary.v20250813204329/oauthConsent_clerk.browser_09d604_5.84.0-canary.v20250813204329.js.gz
- clerk-js/5.84.0-canary.v20250813204329/oauthConsent_clerk.browser_09d604_5.84.0-canary.v20250813204329.js.sri
- clerk-js/5.84.0-canary.v20250813204329/oauthConsent_clerk.browser_09d604_5.84.0-canary.v20250813204329.min.js.br
- clerk-js/5.84.0-canary.v20250813204329/oauthConsent_clerk.browser_09d604_5.84.0-canary.v20250813204329.min.js.gz
- clerk-js/5.84.0-canary.v20250813204329/oauthConsent_clerk.browser_09d604_5.84.0-canary.v20250813204329.min.js.sri
- clerk-js/5.84.0-canary.v20250813204329/oauthConsent_clerk.chips.browser_a23b51_5.84.0-canary.v20250813204329.js.br
- clerk-js/5.84.0-canary.v20250813204329/oauthConsent_clerk.chips.browser_a23b51_5.84.0-canary.v20250813204329.js.gz
- clerk-js/5.84.0-canary.v20250813204329/oauthConsent_clerk.chips.browser_a23b51_5.84.0-canary.v20250813204329.js.sri
- clerk-js/5.84.0-canary.v20250813204329/oauthConsent_clerk.chips.browser_a23b51_5.84.0-canary.v20250813204329.min.js.br
- clerk-js/5.84.0-canary.v20250813204329/oauthConsent_clerk.chips.browser_a23b51_5.84.0-canary.v20250813204329.min.js.gz
- clerk-js/5.84.0-canary.v20250813204329/oauthConsent_clerk.chips.browser_a23b51_5.84.0-canary.v20250813204329.min.js.sri
- clerk-js/5.84.0-canary.v20250813204329/oauthConsent_clerk.legacy.browser_1dd6f6_5.84.0-canary.v20250813204329.js.br
- clerk-js/5.84.0-canary.v20250813204329/oauthConsent_clerk.legacy.browser_1dd6f6_5.84.0-canary.v20250813204329.js.gz
- clerk-js/5.84.0-canary.v20250813204329/oauthConsent_clerk.legacy.browser_1dd6f6_5.84.0-canary.v20250813204329.js.sri
- clerk-js/5.84.0-canary.v20250813204329/oauthConsent_clerk.legacy.browser_1dd6f6_5.84.0-canary.v20250813204329.min.js.br
- clerk-js/5.84.0-canary.v20250813204329/oauthConsent_clerk.legacy.browser_1dd6f6_5.84.0-canary.v20250813204329.min.js.gz
- clerk-js/5.84.0-canary.v20250813204329/oauthConsent_clerk.legacy.browser_1dd6f6_5.84.0-canary.v20250813204329.min.js.sri
- clerk-js/5.84.0-canary.v20250813204329/onetap_clerk.browser_09d604_5.84.0-canary.v20250813204329.js.br
- clerk-js/5.84.0-canary.v20250813204329/onetap_clerk.browser_09d604_5.84.0-canary.v20250813204329.js.gz
- clerk-js/5.84.0-canary.v20250813204329/onetap_clerk.browser_09d604_5.84.0-canary.v20250813204329.js.sri
- clerk-js/5.84.0-canary.v20250813204329/onetap_clerk.browser_09d604_5.84.0-canary.v20250813204329.min.js.br
- clerk-js/5.84.0-canary.v20250813204329/onetap_clerk.browser_09d604_5.84.0-canary.v20250813204329.min.js.gz
- clerk-js/5.84.0-canary.v20250813204329/onetap_clerk.browser_09d604_5.84.0-canary.v20250813204329.min.js.sri
- clerk-js/5.84.0-canary.v20250813204329/onetap_clerk.chips.browser_a23b51_5.84.0-canary.v20250813204329.js.br
- clerk-js/5.84.0-canary.v20250813204329/onetap_clerk.chips.browser_a23b51_5.84.0-canary.v20250813204329.js.gz
- clerk-js/5.84.0-canary.v20250813204329/onetap_clerk.chips.browser_a23b51_5.84.0-canary.v20250813204329.js.sri
- clerk-js/5.84.0-canary.v20250813204329/onetap_clerk.chips.browser_a23b51_5.84.0-canary.v20250813204329.min.js.br
- clerk-js/5.84.0-canary.v20250813204329/onetap_clerk.chips.browser_a23b51_5.84.0-canary.v20250813204329.min.js.gz
- clerk-js/5.84.0-canary.v20250813204329/onetap_clerk.chips.browser_a23b51_5.84.0-canary.v20250813204329.min.js.sri
- clerk-js/5.84.0-canary.v20250813204329/onetap_clerk.legacy.browser_1dd6f6_5.84.0-canary.v20250813204329.js.br
- clerk-js/5.84.0-canary.v20250813204329/onetap_clerk.legacy.browser_1dd6f6_5.84.0-canary.v20250813204329.js.gz
- clerk-js/5.84.0-canary.v20250813204329/onetap_clerk.legacy.browser_1dd6f6_5.84.0-canary.v20250813204329.js.sri
- clerk-js/5.84.0-canary.v20250813204329/onetap_clerk.legacy.browser_1dd6f6_5.84.0-canary.v20250813204329.min.js.br
- clerk-js/5.84.0-canary.v20250813204329/onetap_clerk.legacy.browser_1dd6f6_5.84.0-canary.v20250813204329.min.js.gz
- clerk-js/5.84.0-canary.v20250813204329/onetap_clerk.legacy.browser_1dd6f6_5.84.0-canary.v20250813204329.min.js.sri
- clerk-js/5.84.0-canary.v20250813204329/op-api-keys-page_clerk.browser_09d604_5.84.0-canary.v20250813204329.js.br
- clerk-js/5.84.0-canary.v20250813204329/op-api-keys-page_clerk.browser_09d604_5.84.0-canary.v20250813204329.js.gz
- clerk-js/5.84.0-canary.v20250813204329/op-api-keys-page_clerk.browser_09d604_5.84.0-canary.v20250813204329.js.sri
- clerk-js/5.84.0-canary.v20250813204329/op-api-keys-page_clerk.browser_09d604_5.84.0-canary.v20250813204329.min.js.br
- clerk-js/5.84.0-canary.v20250813204329/op-api-keys-page_clerk.browser_09d604_5.84.0-canary.v20250813204329.min.js.gz
- clerk-js/5.84.0-canary.v20250813204329/op-api-keys-page_clerk.browser_09d604_5.84.0-canary.v20250813204329.min.js.sri
- clerk-js/5.84.0-canary.v20250813204329/op-api-keys-page_clerk.chips.browser_a23b51_5.84.0-canary.v20250813204329.js.br
- clerk-js/5.84.0-canary.v20250813204329/op-api-keys-page_clerk.chips.browser_a23b51_5.84.0-canary.v20250813204329.js.gz
- clerk-js/5.84.0-canary.v20250813204329/op-api-keys-page_clerk.chips.browser_a23b51_5.84.0-canary.v20250813204329.js.sri
- clerk-js/5.84.0-canary.v20250813204329/op-api-keys-page_clerk.chips.browser_a23b51_5.84.0-canary.v20250813204329.min.js.br
- clerk-js/5.84.0-canary.v20250813204329/op-api-keys-page_clerk.chips.browser_a23b51_5.84.0-canary.v20250813204329.min.js.gz
- clerk-js/5.84.0-canary.v20250813204329/op-api-keys-page_clerk.chips.browser_a23b51_5.84.0-canary.v20250813204329.min.js.sri
- clerk-js/5.84.0-canary.v20250813204329/op-api-keys-page_clerk.legacy.browser_1dd6f6_5.84.0-canary.v20250813204329.js.br
- clerk-js/5.84.0-canary.v20250813204329/op-api-keys-page_clerk.legacy.browser_1dd6f6_5.84.0-canary.v20250813204329.js.gz
- clerk-js/5.84.0-canary.v20250813204329/op-api-keys-page_clerk.legacy.browser_1dd6f6_5.84.0-canary.v20250813204329.js.sri
- clerk-js/5.84.0-canary.v20250813204329/op-api-keys-page_clerk.legacy.browser_1dd6f6_5.84.0-canary.v20250813204329.min.js.br
- clerk-js/5.84.0-canary.v20250813204329/op-api-keys-page_clerk.legacy.browser_1dd6f6_5.84.0-canary.v20250813204329.min.js.gz
- clerk-js/5.84.0-canary.v20250813204329/op-api-keys-page_clerk.legacy.browser_1dd6f6_5.84.0-canary.v20250813204329.min.js.sri
- clerk-js/5.84.0-canary.v20250813204329/op-billing-page_clerk.browser_09d604_5.84.0-canary.v20250813204329.js.br
- clerk-js/5.84.0-canary.v20250813204329/op-billing-page_clerk.browser_09d604_5.84.0-canary.v20250813204329.js.gz
- clerk-js/5.84.0-canary.v20250813204329/op-billing-page_clerk.browser_09d604_5.84.0-canary.v20250813204329.js.sri
- clerk-js/5.84.0-canary.v20250813204329/op-billing-page_clerk.browser_09d604_5.84.0-canary.v20250813204329.min.js.br
- clerk-js/5.84.0-canary.v20250813204329/op-billing-page_clerk.browser_09d604_5.84.0-canary.v20250813204329.min.js.gz
- clerk-js/5.84.0-canary.v20250813204329/op-billing-page_clerk.browser_09d604_5.84.0-canary.v20250813204329.min.js.sri
- clerk-js/5.84.0-canary.v20250813204329/op-billing-page_clerk.chips.browser_a23b51_5.84.0-canary.v20250813204329.js.br
- clerk-js/5.84.0-canary.v20250813204329/op-billing-page_clerk.chips.browser_a23b51_5.84.0-canary.v20250813204329.js.gz
- clerk-js/5.84.0-canary.v20250813204329/op-billing-page_clerk.chips.browser_a23b51_5.84.0-canary.v20250813204329.js.sri
- clerk-js/5.84.0-canary.v20250813204329/op-billing-page_clerk.chips.browser_a23b51_5.84.0-canary.v20250813204329.min.js.br
- clerk-js/5.84.0-canary.v20250813204329/op-billing-page_clerk.chips.browser_a23b51_5.84.0-canary.v20250813204329.min.js.gz
- clerk-js/5.84.0-canary.v20250813204329/op-billing-page_clerk.chips.browser_a23b51_5.84.0-canary.v20250813204329.min.js.sri
- clerk-js/5.84.0-canary.v20250813204329/op-billing-page_clerk.legacy.browser_1dd6f6_5.84.0-canary.v20250813204329.js.br
- clerk-js/5.84.0-canary.v20250813204329/op-billing-page_clerk.legacy.browser_1dd6f6_5.84.0-canary.v20250813204329.js.gz
- clerk-js/5.84.0-canary.v20250813204329/op-billing-page_clerk.legacy.browser_1dd6f6_5.84.0-canary.v20250813204329.js.sri
- clerk-js/5.84.0-canary.v20250813204329/op-billing-page_clerk.legacy.browser_1dd6f6_5.84.0-canary.v20250813204329.min.js.br
- clerk-js/5.84.0-canary.v20250813204329/op-billing-page_clerk.legacy.browser_1dd6f6_5.84.0-canary.v20250813204329.min.js.gz
- clerk-js/5.84.0-canary.v20250813204329/op-billing-page_clerk.legacy.browser_1dd6f6_5.84.0-canary.v20250813204329.min.js.sri
- clerk-js/5.84.0-canary.v20250813204329/op-plans-page_clerk.browser_09d604_5.84.0-canary.v20250813204329.js.br
- clerk-js/5.84.0-canary.v20250813204329/op-plans-page_clerk.browser_09d604_5.84.0-canary.v20250813204329.js.gz
- clerk-js/5.84.0-canary.v20250813204329/op-plans-page_clerk.browser_09d604_5.84.0-canary.v20250813204329.js.sri
- clerk-js/5.84.0-canary.v20250813204329/op-plans-page_clerk.browser_09d604_5.84.0-canary.v20250813204329.min.js.br
- clerk-js/5.84.0-canary.v20250813204329/op-plans-page_clerk.browser_09d604_5.84.0-canary.v20250813204329.min.js.gz
- clerk-js/5.84.0-canary.v20250813204329/op-plans-page_clerk.browser_09d604_5.84.0-canary.v20250813204329.min.js.sri
- clerk-js/5.84.0-canary.v20250813204329/op-plans-page_clerk.chips.browser_a23b51_5.84.0-canary.v20250813204329.js.br
- clerk-js/5.84.0-canary.v20250813204329/op-plans-page_clerk.chips.browser_a23b51_5.84.0-canary.v20250813204329.js.gz
- clerk-js/5.84.0-canary.v20250813204329/op-plans-page_clerk.chips.browser_a23b51_5.84.0-canary.v20250813204329.js.sri
- clerk-js/5.84.0-canary.v20250813204329/op-plans-page_clerk.chips.browser_a23b51_5.84.0-canary.v20250813204329.min.js.br
- clerk-js/5.84.0-canary.v20250813204329/op-plans-page_clerk.chips.browser_a23b51_5.84.0-canary.v20250813204329.min.js.gz
- clerk-js/5.84.0-canary.v20250813204329/op-plans-page_clerk.chips.browser_a23b51_5.84.0-canary.v20250813204329.min.js.sri
- clerk-js/5.84.0-canary.v20250813204329/op-plans-page_clerk.legacy.browser_1dd6f6_5.84.0-canary.v20250813204329.js.br
- clerk-js/5.84.0-canary.v20250813204329/op-plans-page_clerk.legacy.browser_1dd6f6_5.84.0-canary.v20250813204329.js.gz
- clerk-js/5.84.0-canary.v20250813204329/op-plans-page_clerk.legacy.browser_1dd6f6_5.84.0-canary.v20250813204329.js.sri
- clerk-js/5.84.0-canary.v20250813204329/op-plans-page_clerk.legacy.browser_1dd6f6_5.84.0-canary.v20250813204329.min.js.br
- clerk-js/5.84.0-canary.v20250813204329/op-plans-page_clerk.legacy.browser_1dd6f6_5.84.0-canary.v20250813204329.min.js.gz
- clerk-js/5.84.0-canary.v20250813204329/op-plans-page_clerk.legacy.browser_1dd6f6_5.84.0-canary.v20250813204329.min.js.sri
- clerk-js/5.84.0-canary.v20250813204329/organizationlist_clerk.browser_09d604_5.84.0-canary.v20250813204329.js.br
- clerk-js/5.84.0-canary.v20250813204329/organizationlist_clerk.browser_09d604_5.84.0-canary.v20250813204329.js.gz
- clerk-js/5.84.0-canary.v20250813204329/organizationlist_clerk.browser_09d604_5.84.0-canary.v20250813204329.js.sri
- clerk-js/5.84.0-canary.v20250813204329/organizationlist_clerk.browser_09d604_5.84.0-canary.v20250813204329.min.js.br
- clerk-js/5.84.0-canary.v20250813204329/organizationlist_clerk.browser_09d604_5.84.0-canary.v20250813204329.min.js.gz
- clerk-js/5.84.0-canary.v20250813204329/organizationlist_clerk.browser_09d604_5.84.0-canary.v20250813204329.min.js.sri
- clerk-js/5.84.0-canary.v20250813204329/organizationlist_clerk.chips.browser_a23b51_5.84.0-canary.v20250813204329.js.br
- clerk-js/5.84.0-canary.v20250813204329/organizationlist_clerk.chips.browser_a23b51_5.84.0-canary.v20250813204329.js.gz
- clerk-js/5.84.0-canary.v20250813204329/organizationlist_clerk.chips.browser_a23b51_5.84.0-canary.v20250813204329.js.sri
- clerk-js/5.84.0-canary.v20250813204329/organizationlist_clerk.chips.browser_a23b51_5.84.0-canary.v20250813204329.min.js.br
- clerk-js/5.84.0-canary.v20250813204329/organizationlist_clerk.chips.browser_a23b51_5.84.0-canary.v20250813204329.min.js.gz
- clerk-js/5.84.0-canary.v20250813204329/organizationlist_clerk.chips.browser_a23b51_5.84.0-canary.v20250813204329.min.js.sri
- clerk-js/5.84.0-canary.v20250813204329/organizationlist_clerk.legacy.browser_1dd6f6_5.84.0-canary.v20250813204329.js.br
- clerk-js/5.84.0-canary.v20250813204329/organizationlist_clerk.legacy.browser_1dd6f6_5.84.0-canary.v20250813204329.js.gz
- clerk-js/5.84.0-canary.v20250813204329/organizationlist_clerk.legacy.browser_1dd6f6_5.84.0-canary.v20250813204329.js.sri
- clerk-js/5.84.0-canary.v20250813204329/organizationlist_clerk.legacy.browser_1dd6f6_5.84.0-canary.v20250813204329.min.js.br
- clerk-js/5.84.0-canary.v20250813204329/organizationlist_clerk.legacy.browser_1dd6f6_5.84.0-canary.v20250813204329.min.js.gz
- clerk-js/5.84.0-canary.v20250813204329/organizationlist_clerk.legacy.browser_1dd6f6_5.84.0-canary.v20250813204329.min.js.sri
- clerk-js/5.84.0-canary.v20250813204329/organizationprofile_clerk.browser_09d604_5.84.0-canary.v20250813204329.js.br
- clerk-js/5.84.0-canary.v20250813204329/organizationprofile_clerk.browser_09d604_5.84.0-canary.v20250813204329.js.gz
- clerk-js/5.84.0-canary.v20250813204329/organizationprofile_clerk.browser_09d604_5.84.0-canary.v20250813204329.js.sri
- clerk-js/5.84.0-canary.v20250813204329/organizationprofile_clerk.browser_09d604_5.84.0-canary.v20250813204329.min.js.br
- clerk-js/5.84.0-canary.v20250813204329/organizationprofile_clerk.browser_09d604_5.84.0-canary.v20250813204329.min.js.gz
- clerk-js/5.84.0-canary.v20250813204329/organizationprofile_clerk.browser_09d604_5.84.0-canary.v20250813204329.min.js.sri
- clerk-js/5.84.0-canary.v20250813204329/organizationprofile_clerk.chips.browser_a23b51_5.84.0-canary.v20250813204329.js.br
- clerk-js/5.84.0-canary.v20250813204329/organizationprofile_clerk.chips.browser_a23b51_5.84.0-canary.v20250813204329.js.gz
- clerk-js/5.84.0-canary.v20250813204329/organizationprofile_clerk.chips.browser_a23b51_5.84.0-canary.v20250813204329.js.sri
- clerk-js/5.84.0-canary.v20250813204329/organizationprofile_clerk.chips.browser_a23b51_5.84.0-canary.v20250813204329.min.js.br
- clerk-js/5.84.0-canary.v20250813204329/organizationprofile_clerk.chips.browser_a23b51_5.84.0-canary.v20250813204329.min.js.gz
- clerk-js/5.84.0-canary.v20250813204329/organizationprofile_clerk.chips.browser_a23b51_5.84.0-canary.v20250813204329.min.js.sri
- clerk-js/5.84.0-canary.v20250813204329/organizationprofile_clerk.legacy.browser_1dd6f6_5.84.0-canary.v20250813204329.js.br
- clerk-js/5.84.0-canary.v20250813204329/organizationprofile_clerk.legacy.browser_1dd6f6_5.84.0-canary.v20250813204329.js.gz
- clerk-js/5.84.0-canary.v20250813204329/organizationprofile_clerk.legacy.browser_1dd6f6_5.84.0-canary.v20250813204329.js.sri
- clerk-js/5.84.0-canary.v20250813204329/organizationprofile_clerk.legacy.browser_1dd6f6_5.84.0-canary.v20250813204329.min.js.br
- clerk-js/5.84.0-canary.v20250813204329/organizationprofile_clerk.legacy.browser_1dd6f6_5.84.0-canary.v20250813204329.min.js.gz
- clerk-js/5.84.0-canary.v20250813204329/organizationprofile_clerk.legacy.browser_1dd6f6_5.84.0-canary.v20250813204329.min.js.sri
- clerk-js/5.84.0-canary.v20250813204329/organizationswitcher_clerk.browser_09d604_5.84.0-canary.v20250813204329.js.br
- clerk-js/5.84.0-canary.v20250813204329/organizationswitcher_clerk.browser_09d604_5.84.0-canary.v20250813204329.js.gz
- clerk-js/5.84.0-canary.v20250813204329/organizationswitcher_clerk.browser_09d604_5.84.0-canary.v20250813204329.js.sri
- clerk-js/5.84.0-canary.v20250813204329/organizationswitcher_clerk.browser_09d604_5.84.0-canary.v20250813204329.min.js.br
- clerk-js/5.84.0-canary.v20250813204329/organizationswitcher_clerk.browser_09d604_5.84.0-canary.v20250813204329.min.js.gz
- clerk-js/5.84.0-canary.v20250813204329/organizationswitcher_clerk.browser_09d604_5.84.0-canary.v20250813204329.min.js.sri
- clerk-js/5.84.0-canary.v20250813204329/organizationswitcher_clerk.chips.browser_a23b51_5.84.0-canary.v20250813204329.js.br
- clerk-js/5.84.0-canary.v20250813204329/organizationswitcher_clerk.chips.browser_a23b51_5.84.0-canary.v20250813204329.js.gz
- clerk-js/5.84.0-canary.v20250813204329/organizationswitcher_clerk.chips.browser_a23b51_5.84.0-canary.v20250813204329.js.sri
- clerk-js/5.84.0-canary.v20250813204329/organizationswitcher_clerk.chips.browser_a23b51_5.84.0-canary.v20250813204329.min.js.br
- clerk-js/5.84.0-canary.v20250813204329/organizationswitcher_clerk.chips.browser_a23b51_5.84.0-canary.v20250813204329.min.js.gz
- clerk-js/5.84.0-canary.v20250813204329/organizationswitcher_clerk.chips.browser_a23b51_5.84.0-canary.v20250813204329.min.js.sri
- clerk-js/5.84.0-canary.v20250813204329/organizationswitcher_clerk.legacy.browser_1dd6f6_5.84.0-canary.v20250813204329.js.br
- clerk-js/5.84.0-canary.v20250813204329/organizationswitcher_clerk.legacy.browser_1dd6f6_5.84.0-canary.v20250813204329.js.gz
- clerk-js/5.84.0-canary.v20250813204329/organizationswitcher_clerk.legacy.browser_1dd6f6_5.84.0-canary.v20250813204329.js.sri
- clerk-js/5.84.0-canary.v20250813204329/organizationswitcher_clerk.legacy.browser_1dd6f6_5.84.0-canary.v20250813204329.min.js.br
- clerk-js/5.84.0-canary.v20250813204329/organizationswitcher_clerk.legacy.browser_1dd6f6_5.84.0-canary.v20250813204329.min.js.gz
- clerk-js/5.84.0-canary.v20250813204329/organizationswitcher_clerk.legacy.browser_1dd6f6_5.84.0-canary.v20250813204329.min.js.sri
- clerk-js/5.84.0-canary.v20250813204329/payment-attempt-page_clerk.browser_09d604_5.84.0-canary.v20250813204329.js.br
- clerk-js/5.84.0-canary.v20250813204329/payment-attempt-page_clerk.browser_09d604_5.84.0-canary.v20250813204329.js.gz
- clerk-js/5.84.0-canary.v20250813204329/payment-attempt-page_clerk.browser_09d604_5.84.0-canary.v20250813204329.js.sri
- clerk-js/5.84.0-canary.v20250813204329/payment-attempt-page_clerk.browser_09d604_5.84.0-canary.v20250813204329.min.js.br
- clerk-js/5.84.0-canary.v20250813204329/payment-attempt-page_clerk.browser_09d604_5.84.0-canary.v20250813204329.min.js.gz
- clerk-js/5.84.0-canary.v20250813204329/payment-attempt-page_clerk.browser_09d604_5.84.0-canary.v20250813204329.min.js.sri
- clerk-js/5.84.0-canary.v20250813204329/payment-attempt-page_clerk.chips.browser_a23b51_5.84.0-canary.v20250813204329.js.br
- clerk-js/5.84.0-canary.v20250813204329/payment-attempt-page_clerk.chips.browser_a23b51_5.84.0-canary.v20250813204329.js.gz
- clerk-js/5.84.0-canary.v20250813204329/payment-attempt-page_clerk.chips.browser_a23b51_5.84.0-canary.v20250813204329.js.sri
- clerk-js/5.84.0-canary.v20250813204329/payment-attempt-page_clerk.chips.browser_a23b51_5.84.0-canary.v20250813204329.min.js.br
- clerk-js/5.84.0-canary.v20250813204329/payment-attempt-page_clerk.chips.browser_a23b51_5.84.0-canary.v20250813204329.min.js.gz
- clerk-js/5.84.0-canary.v20250813204329/payment-attempt-page_clerk.chips.browser_a23b51_5.84.0-canary.v20250813204329.min.js.sri
- clerk-js/5.84.0-canary.v20250813204329/payment-attempt-page_clerk.legacy.browser_1dd6f6_5.84.0-canary.v20250813204329.js.br
- clerk-js/5.84.0-canary.v20250813204329/payment-attempt-page_clerk.legacy.browser_1dd6f6_5.84.0-canary.v20250813204329.js.gz
- clerk-js/5.84.0-canary.v20250813204329/payment-attempt-page_clerk.legacy.browser_1dd6f6_5.84.0-canary.v20250813204329.js.sri
- clerk-js/5.84.0-canary.v20250813204329/payment-attempt-page_clerk.legacy.browser_1dd6f6_5.84.0-canary.v20250813204329.min.js.br
- clerk-js/5.84.0-canary.v20250813204329/payment-attempt-page_clerk.legacy.browser_1dd6f6_5.84.0-canary.v20250813204329.min.js.gz
- clerk-js/5.84.0-canary.v20250813204329/payment-attempt-page_clerk.legacy.browser_1dd6f6_5.84.0-canary.v20250813204329.min.js.sri
- clerk-js/5.84.0-canary.v20250813204329/planDetails_clerk.browser_09d604_5.84.0-canary.v20250813204329.js.br
- clerk-js/5.84.0-canary.v20250813204329/planDetails_clerk.browser_09d604_5.84.0-canary.v20250813204329.js.gz
- clerk-js/5.84.0-canary.v20250813204329/planDetails_clerk.browser_09d604_5.84.0-canary.v20250813204329.js.sri
- clerk-js/5.84.0-canary.v20250813204329/planDetails_clerk.browser_09d604_5.84.0-canary.v20250813204329.min.js.br
- clerk-js/5.84.0-canary.v20250813204329/planDetails_clerk.browser_09d604_5.84.0-canary.v20250813204329.min.js.gz
- clerk-js/5.84.0-canary.v20250813204329/planDetails_clerk.browser_09d604_5.84.0-canary.v20250813204329.min.js.sri
- clerk-js/5.84.0-canary.v20250813204329/planDetails_clerk.chips.browser_a23b51_5.84.0-canary.v20250813204329.js.br
- clerk-js/5.84.0-canary.v20250813204329/planDetails_clerk.chips.browser_a23b51_5.84.0-canary.v20250813204329.js.gz
- clerk-js/5.84.0-canary.v20250813204329/planDetails_clerk.chips.browser_a23b51_5.84.0-canary.v20250813204329.js.sri
- clerk-js/5.84.0-canary.v20250813204329/planDetails_clerk.chips.browser_a23b51_5.84.0-canary.v20250813204329.min.js.br
- clerk-js/5.84.0-canary.v20250813204329/planDetails_clerk.chips.browser_a23b51_5.84.0-canary.v20250813204329.min.js.gz
- clerk-js/5.84.0-canary.v20250813204329/planDetails_clerk.chips.browser_a23b51_5.84.0-canary.v20250813204329.min.js.sri
- clerk-js/5.84.0-canary.v20250813204329/planDetails_clerk.legacy.browser_1dd6f6_5.84.0-canary.v20250813204329.js.br
- clerk-js/5.84.0-canary.v20250813204329/planDetails_clerk.legacy.browser_1dd6f6_5.84.0-canary.v20250813204329.js.gz
- clerk-js/5.84.0-canary.v20250813204329/planDetails_clerk.legacy.browser_1dd6f6_5.84.0-canary.v20250813204329.js.sri
- clerk-js/5.84.0-canary.v20250813204329/planDetails_clerk.legacy.browser_1dd6f6_5.84.0-canary.v20250813204329.min.js.br
- clerk-js/5.84.0-canary.v20250813204329/planDetails_clerk.legacy.browser_1dd6f6_5.84.0-canary.v20250813204329.min.js.gz
- clerk-js/5.84.0-canary.v20250813204329/planDetails_clerk.legacy.browser_1dd6f6_5.84.0-canary.v20250813204329.min.js.sri
- clerk-js/5.84.0-canary.v20250813204329/prefetchorganizationlist_clerk.browser_09d604_5.84.0-canary.v20250813204329.js.br
- clerk-js/5.84.0-canary.v20250813204329/prefetchorganizationlist_clerk.browser_09d604_5.84.0-canary.v20250813204329.js.gz
- clerk-js/5.84.0-canary.v20250813204329/prefetchorganizationlist_clerk.browser_09d604_5.84.0-canary.v20250813204329.js.sri
- clerk-js/5.84.0-canary.v20250813204329/prefetchorganizationlist_clerk.browser_09d604_5.84.0-canary.v20250813204329.min.js.br
- clerk-js/5.84.0-canary.v20250813204329/prefetchorganizationlist_clerk.browser_09d604_5.84.0-canary.v20250813204329.min.js.gz
- clerk-js/5.84.0-canary.v20250813204329/prefetchorganizationlist_clerk.browser_09d604_5.84.0-canary.v20250813204329.min.js.sri
- clerk-js/5.84.0-canary.v20250813204329/prefetchorganizationlist_clerk.chips.browser_a23b51_5.84.0-canary.v20250813204329.js.br
- clerk-js/5.84.0-canary.v20250813204329/prefetchorganizationlist_clerk.chips.browser_a23b51_5.84.0-canary.v20250813204329.js.gz
- clerk-js/5.84.0-canary.v20250813204329/prefetchorganizationlist_clerk.chips.browser_a23b51_5.84.0-canary.v20250813204329.js.sri
- clerk-js/5.84.0-canary.v20250813204329/prefetchorganizationlist_clerk.chips.browser_a23b51_5.84.0-canary.v20250813204329.min.js.br
- clerk-js/5.84.0-canary.v20250813204329/prefetchorganizationlist_clerk.chips.browser_a23b51_5.84.0-canary.v20250813204329.min.js.gz
- clerk-js/5.84.0-canary.v20250813204329/prefetchorganizationlist_clerk.chips.browser_a23b51_5.84.0-canary.v20250813204329.min.js.sri
- clerk-js/5.84.0-canary.v20250813204329/prefetchorganizationlist_clerk.legacy.browser_1dd6f6_5.84.0-canary.v20250813204329.js.br
- clerk-js/5.84.0-canary.v20250813204329/prefetchorganizationlist_clerk.legacy.browser_1dd6f6_5.84.0-canary.v20250813204329.js.gz
- clerk-js/5.84.0-canary.v20250813204329/prefetchorganizationlist_clerk.legacy.browser_1dd6f6_5.84.0-canary.v20250813204329.js.sri
- clerk-js/5.84.0-canary.v20250813204329/prefetchorganizationlist_clerk.legacy.browser_1dd6f6_5.84.0-canary.v20250813204329.min.js.br
- clerk-js/5.84.0-canary.v20250813204329/prefetchorganizationlist_clerk.legacy.browser_1dd6f6_5.84.0-canary.v20250813204329.min.js.gz
- clerk-js/5.84.0-canary.v20250813204329/prefetchorganizationlist_clerk.legacy.browser_1dd6f6_5.84.0-canary.v20250813204329.min.js.sri
- clerk-js/5.84.0-canary.v20250813204329/pricingTable_clerk.browser_09d604_5.84.0-canary.v20250813204329.js.br
- clerk-js/5.84.0-canary.v20250813204329/pricingTable_clerk.browser_09d604_5.84.0-canary.v20250813204329.js.gz
- clerk-js/5.84.0-canary.v20250813204329/pricingTable_clerk.browser_09d604_5.84.0-canary.v20250813204329.js.sri
- clerk-js/5.84.0-canary.v20250813204329/pricingTable_clerk.browser_09d604_5.84.0-canary.v20250813204329.min.js.br
- clerk-js/5.84.0-canary.v20250813204329/pricingTable_clerk.browser_09d604_5.84.0-canary.v20250813204329.min.js.gz
- clerk-js/5.84.0-canary.v20250813204329/pricingTable_clerk.browser_09d604_5.84.0-canary.v20250813204329.min.js.sri
- clerk-js/5.84.0-canary.v20250813204329/pricingTable_clerk.chips.browser_a23b51_5.84.0-canary.v20250813204329.js.br
- clerk-js/5.84.0-canary.v20250813204329/pricingTable_clerk.chips.browser_a23b51_5.84.0-canary.v20250813204329.js.gz
- clerk-js/5.84.0-canary.v20250813204329/pricingTable_clerk.chips.browser_a23b51_5.84.0-canary.v20250813204329.js.sri
- clerk-js/5.84.0-canary.v20250813204329/pricingTable_clerk.chips.browser_a23b51_5.84.0-canary.v20250813204329.min.js.br
- clerk-js/5.84.0-canary.v20250813204329/pricingTable_clerk.chips.browser_a23b51_5.84.0-canary.v20250813204329.min.js.gz
- clerk-js/5.84.0-canary.v20250813204329/pricingTable_clerk.chips.browser_a23b51_5.84.0-canary.v20250813204329.min.js.sri
- clerk-js/5.84.0-canary.v20250813204329/pricingTable_clerk.legacy.browser_1dd6f6_5.84.0-canary.v20250813204329.js.br
- clerk-js/5.84.0-canary.v20250813204329/pricingTable_clerk.legacy.browser_1dd6f6_5.84.0-canary.v20250813204329.js.gz
- clerk-js/5.84.0-canary.v20250813204329/pricingTable_clerk.legacy.browser_1dd6f6_5.84.0-canary.v20250813204329.js.sri
- clerk-js/5.84.0-canary.v20250813204329/pricingTable_clerk.legacy.browser_1dd6f6_5.84.0-canary.v20250813204329.min.js.br
- clerk-js/5.84.0-canary.v20250813204329/pricingTable_clerk.legacy.browser_1dd6f6_5.84.0-canary.v20250813204329.min.js.gz
- clerk-js/5.84.0-canary.v20250813204329/pricingTable_clerk.legacy.browser_1dd6f6_5.84.0-canary.v20250813204329.min.js.sri
- clerk-js/5.84.0-canary.v20250813204329/revoke-api-key-modal_clerk.browser_09d604_5.84.0-canary.v20250813204329.js.br
- clerk-js/5.84.0-canary.v20250813204329/revoke-api-key-modal_clerk.browser_09d604_5.84.0-canary.v20250813204329.js.gz
- clerk-js/5.84.0-canary.v20250813204329/revoke-api-key-modal_clerk.browser_09d604_5.84.0-canary.v20250813204329.js.sri
- clerk-js/5.84.0-canary.v20250813204329/revoke-api-key-modal_clerk.browser_09d604_5.84.0-canary.v20250813204329.min.js.br
- clerk-js/5.84.0-canary.v20250813204329/revoke-api-key-modal_clerk.browser_09d604_5.84.0-canary.v20250813204329.min.js.gz
- clerk-js/5.84.0-canary.v20250813204329/revoke-api-key-modal_clerk.browser_09d604_5.84.0-canary.v20250813204329.min.js.sri
- clerk-js/5.84.0-canary.v20250813204329/revoke-api-key-modal_clerk.chips.browser_a23b51_5.84.0-canary.v20250813204329.js.br
- clerk-js/5.84.0-canary.v20250813204329/revoke-api-key-modal_clerk.chips.browser_a23b51_5.84.0-canary.v20250813204329.js.gz
- clerk-js/5.84.0-canary.v20250813204329/revoke-api-key-modal_clerk.chips.browser_a23b51_5.84.0-canary.v20250813204329.js.sri
- clerk-js/5.84.0-canary.v20250813204329/revoke-api-key-modal_clerk.chips.browser_a23b51_5.84.0-canary.v20250813204329.min.js.br
- clerk-js/5.84.0-canary.v20250813204329/revoke-api-key-modal_clerk.chips.browser_a23b51_5.84.0-canary.v20250813204329.min.js.gz
- clerk-js/5.84.0-canary.v20250813204329/revoke-api-key-modal_clerk.chips.browser_a23b51_5.84.0-canary.v20250813204329.min.js.sri
- clerk-js/5.84.0-canary.v20250813204329/revoke-api-key-modal_clerk.legacy.browser_1dd6f6_5.84.0-canary.v20250813204329.js.br
- clerk-js/5.84.0-canary.v20250813204329/revoke-api-key-modal_clerk.legacy.browser_1dd6f6_5.84.0-canary.v20250813204329.js.gz
- clerk-js/5.84.0-canary.v20250813204329/revoke-api-key-modal_clerk.legacy.browser_1dd6f6_5.84.0-canary.v20250813204329.js.sri
- clerk-js/5.84.0-canary.v20250813204329/revoke-api-key-modal_clerk.legacy.browser_1dd6f6_5.84.0-canary.v20250813204329.min.js.br
- clerk-js/5.84.0-canary.v20250813204329/revoke-api-key-modal_clerk.legacy.browser_1dd6f6_5.84.0-canary.v20250813204329.min.js.gz
- clerk-js/5.84.0-canary.v20250813204329/revoke-api-key-modal_clerk.legacy.browser_1dd6f6_5.84.0-canary.v20250813204329.min.js.sri
- clerk-js/5.84.0-canary.v20250813204329/sessionTasks_clerk.browser_09d604_5.84.0-canary.v20250813204329.js.br
- clerk-js/5.84.0-canary.v20250813204329/sessionTasks_clerk.browser_09d604_5.84.0-canary.v20250813204329.js.gz
- clerk-js/5.84.0-canary.v20250813204329/sessionTasks_clerk.browser_09d604_5.84.0-canary.v20250813204329.js.sri
- clerk-js/5.84.0-canary.v20250813204329/sessionTasks_clerk.browser_09d604_5.84.0-canary.v20250813204329.min.js.br
- clerk-js/5.84.0-canary.v20250813204329/sessionTasks_clerk.browser_09d604_5.84.0-canary.v20250813204329.min.js.gz
- clerk-js/5.84.0-canary.v20250813204329/sessionTasks_clerk.browser_09d604_5.84.0-canary.v20250813204329.min.js.sri
- clerk-js/5.84.0-canary.v20250813204329/sessionTasks_clerk.chips.browser_a23b51_5.84.0-canary.v20250813204329.js.br
- clerk-js/5.84.0-canary.v20250813204329/sessionTasks_clerk.chips.browser_a23b51_5.84.0-canary.v20250813204329.js.gz
- clerk-js/5.84.0-canary.v20250813204329/sessionTasks_clerk.chips.browser_a23b51_5.84.0-canary.v20250813204329.js.sri
- clerk-js/5.84.0-canary.v20250813204329/sessionTasks_clerk.chips.browser_a23b51_5.84.0-canary.v20250813204329.min.js.br
- clerk-js/5.84.0-canary.v20250813204329/sessionTasks_clerk.chips.browser_a23b51_5.84.0-canary.v20250813204329.min.js.gz
- clerk-js/5.84.0-canary.v20250813204329/sessionTasks_clerk.chips.browser_a23b51_5.84.0-canary.v20250813204329.min.js.sri
- clerk-js/5.84.0-canary.v20250813204329/sessionTasks_clerk.legacy.browser_1dd6f6_5.84.0-canary.v20250813204329.js.br
- clerk-js/5.84.0-canary.v20250813204329/sessionTasks_clerk.legacy.browser_1dd6f6_5.84.0-canary.v20250813204329.js.gz
- clerk-js/5.84.0-canary.v20250813204329/sessionTasks_clerk.legacy.browser_1dd6f6_5.84.0-canary.v20250813204329.js.sri
- clerk-js/5.84.0-canary.v20250813204329/sessionTasks_clerk.legacy.browser_1dd6f6_5.84.0-canary.v20250813204329.min.js.br
- clerk-js/5.84.0-canary.v20250813204329/sessionTasks_clerk.legacy.browser_1dd6f6_5.84.0-canary.v20250813204329.min.js.gz
- clerk-js/5.84.0-canary.v20250813204329/sessionTasks_clerk.legacy.browser_1dd6f6_5.84.0-canary.v20250813204329.min.js.sri
- clerk-js/5.84.0-canary.v20250813204329/signin_clerk.browser_09d604_5.84.0-canary.v20250813204329.js.br
- clerk-js/5.84.0-canary.v20250813204329/signin_clerk.browser_09d604_5.84.0-canary.v20250813204329.js.gz
- clerk-js/5.84.0-canary.v20250813204329/signin_clerk.browser_09d604_5.84.0-canary.v20250813204329.js.sri
- clerk-js/5.84.0-canary.v20250813204329/signin_clerk.browser_09d604_5.84.0-canary.v20250813204329.min.js.br
- clerk-js/5.84.0-canary.v20250813204329/signin_clerk.browser_09d604_5.84.0-canary.v20250813204329.min.js.gz
- clerk-js/5.84.0-canary.v20250813204329/signin_clerk.browser_09d604_5.84.0-canary.v20250813204329.min.js.sri
- clerk-js/5.84.0-canary.v20250813204329/signin_clerk.chips.browser_a23b51_5.84.0-canary.v20250813204329.js.br
- clerk-js/5.84.0-canary.v20250813204329/signin_clerk.chips.browser_a23b51_5.84.0-canary.v20250813204329.js.gz
- clerk-js/5.84.0-canary.v20250813204329/signin_clerk.chips.browser_a23b51_5.84.0-canary.v20250813204329.js.sri
- clerk-js/5.84.0-canary.v20250813204329/signin_clerk.chips.browser_a23b51_5.84.0-canary.v20250813204329.min.js.br
- clerk-js/5.84.0-canary.v20250813204329/signin_clerk.chips.browser_a23b51_5.84.0-canary.v20250813204329.min.js.gz
- clerk-js/5.84.0-canary.v20250813204329/signin_clerk.chips.browser_a23b51_5.84.0-canary.v20250813204329.min.js.sri
- clerk-js/5.84.0-canary.v20250813204329/signin_clerk.legacy.browser_1dd6f6_5.84.0-canary.v20250813204329.js.br
- clerk-js/5.84.0-canary.v20250813204329/signin_clerk.legacy.browser_1dd6f6_5.84.0-canary.v20250813204329.js.gz
- clerk-js/5.84.0-canary.v20250813204329/signin_clerk.legacy.browser_1dd6f6_5.84.0-canary.v20250813204329.js.sri
- clerk-js/5.84.0-canary.v20250813204329/signin_clerk.legacy.browser_1dd6f6_5.84.0-canary.v20250813204329.min.js.br
- clerk-js/5.84.0-canary.v20250813204329/signin_clerk.legacy.browser_1dd6f6_5.84.0-canary.v20250813204329.min.js.gz
- clerk-js/5.84.0-canary.v20250813204329/signin_clerk.legacy.browser_1dd6f6_5.84.0-canary.v20250813204329.min.js.sri
- clerk-js/5.84.0-canary.v20250813204329/signup_clerk.browser_09d604_5.84.0-canary.v20250813204329.js.br
- clerk-js/5.84.0-canary.v20250813204329/signup_clerk.browser_09d604_5.84.0-canary.v20250813204329.js.gz
- clerk-js/5.84.0-canary.v20250813204329/signup_clerk.browser_09d604_5.84.0-canary.v20250813204329.js.sri
- clerk-js/5.84.0-canary.v20250813204329/signup_clerk.browser_09d604_5.84.0-canary.v20250813204329.min.js.br
- clerk-js/5.84.0-canary.v20250813204329/signup_clerk.browser_09d604_5.84.0-canary.v20250813204329.min.js.gz
- clerk-js/5.84.0-canary.v20250813204329/signup_clerk.browser_09d604_5.84.0-canary.v20250813204329.min.js.sri
- clerk-js/5.84.0-canary.v20250813204329/signup_clerk.chips.browser_a23b51_5.84.0-canary.v20250813204329.js.br
- clerk-js/5.84.0-canary.v20250813204329/signup_clerk.chips.browser_a23b51_5.84.0-canary.v20250813204329.js.gz
- clerk-js/5.84.0-canary.v20250813204329/signup_clerk.chips.browser_a23b51_5.84.0-canary.v20250813204329.js.sri
- clerk-js/5.84.0-canary.v20250813204329/signup_clerk.chips.browser_a23b51_5.84.0-canary.v20250813204329.min.js.br
- clerk-js/5.84.0-canary.v20250813204329/signup_clerk.chips.browser_a23b51_5.84.0-canary.v20250813204329.min.js.gz
- clerk-js/5.84.0-canary.v20250813204329/signup_clerk.chips.browser_a23b51_5.84.0-canary.v20250813204329.min.js.sri
- clerk-js/5.84.0-canary.v20250813204329/signup_clerk.legacy.browser_1dd6f6_5.84.0-canary.v20250813204329.js.br
- clerk-js/5.84.0-canary.v20250813204329/signup_clerk.legacy.browser_1dd6f6_5.84.0-canary.v20250813204329.js.gz
- clerk-js/5.84.0-canary.v20250813204329/signup_clerk.legacy.browser_1dd6f6_5.84.0-canary.v20250813204329.js.sri
- clerk-js/5.84.0-canary.v20250813204329/signup_clerk.legacy.browser_1dd6f6_5.84.0-canary.v20250813204329.min.js.br
- clerk-js/5.84.0-canary.v20250813204329/signup_clerk.legacy.browser_1dd6f6_5.84.0-canary.v20250813204329.min.js.gz
- clerk-js/5.84.0-canary.v20250813204329/signup_clerk.legacy.browser_1dd6f6_5.84.0-canary.v20250813204329.min.js.sri
- clerk-js/5.84.0-canary.v20250813204329/statement-page_clerk.browser_09d604_5.84.0-canary.v20250813204329.js.br
- clerk-js/5.84.0-canary.v20250813204329/statement-page_clerk.browser_09d604_5.84.0-canary.v20250813204329.js.gz
- clerk-js/5.84.0-canary.v20250813204329/statement-page_clerk.browser_09d604_5.84.0-canary.v20250813204329.js.sri
- clerk-js/5.84.0-canary.v20250813204329/statement-page_clerk.browser_09d604_5.84.0-canary.v20250813204329.min.js.br
- clerk-js/5.84.0-canary.v20250813204329/statement-page_clerk.browser_09d604_5.84.0-canary.v20250813204329.min.js.gz
- clerk-js/5.84.0-canary.v20250813204329/statement-page_clerk.browser_09d604_5.84.0-canary.v20250813204329.min.js.sri
- clerk-js/5.84.0-canary.v20250813204329/statement-page_clerk.chips.browser_a23b51_5.84.0-canary.v20250813204329.js.br
- clerk-js/5.84.0-canary.v20250813204329/statement-page_clerk.chips.browser_a23b51_5.84.0-canary.v20250813204329.js.gz
- clerk-js/5.84.0-canary.v20250813204329/statement-page_clerk.chips.browser_a23b51_5.84.0-canary.v20250813204329.js.sri
- clerk-js/5.84.0-canary.v20250813204329/statement-page_clerk.chips.browser_a23b51_5.84.0-canary.v20250813204329.min.js.br
- clerk-js/5.84.0-canary.v20250813204329/statement-page_clerk.chips.browser_a23b51_5.84.0-canary.v20250813204329.min.js.gz
- clerk-js/5.84.0-canary.v20250813204329/statement-page_clerk.chips.browser_a23b51_5.84.0-canary.v20250813204329.min.js.sri
- clerk-js/5.84.0-canary.v20250813204329/statement-page_clerk.legacy.browser_1dd6f6_5.84.0-canary.v20250813204329.js.br
- clerk-js/5.84.0-canary.v20250813204329/statement-page_clerk.legacy.browser_1dd6f6_5.84.0-canary.v20250813204329.js.gz
- clerk-js/5.84.0-canary.v20250813204329/statement-page_clerk.legacy.browser_1dd6f6_5.84.0-canary.v20250813204329.js.sri
- clerk-js/5.84.0-canary.v20250813204329/statement-page_clerk.legacy.browser_1dd6f6_5.84.0-canary.v20250813204329.min.js.br
- clerk-js/5.84.0-canary.v20250813204329/statement-page_clerk.legacy.browser_1dd6f6_5.84.0-canary.v20250813204329.min.js.gz
- clerk-js/5.84.0-canary.v20250813204329/statement-page_clerk.legacy.browser_1dd6f6_5.84.0-canary.v20250813204329.min.js.sri
- clerk-js/5.84.0-canary.v20250813204329/stripe-vendors_clerk.browser_09d604_5.84.0-canary.v20250813204329.js.br
- clerk-js/5.84.0-canary.v20250813204329/stripe-vendors_clerk.browser_09d604_5.84.0-canary.v20250813204329.js.gz
- clerk-js/5.84.0-canary.v20250813204329/stripe-vendors_clerk.browser_09d604_5.84.0-canary.v20250813204329.js.sri
- clerk-js/5.84.0-canary.v20250813204329/stripe-vendors_clerk.browser_09d604_5.84.0-canary.v20250813204329.min.js.br
- clerk-js/5.84.0-canary.v20250813204329/stripe-vendors_clerk.browser_09d604_5.84.0-canary.v20250813204329.min.js.gz
- clerk-js/5.84.0-canary.v20250813204329/stripe-vendors_clerk.browser_09d604_5.84.0-canary.v20250813204329.min.js.sri
- clerk-js/5.84.0-canary.v20250813204329/stripe-vendors_clerk.chips.browser_a23b51_5.84.0-canary.v20250813204329.js.br
- clerk-js/5.84.0-canary.v20250813204329/stripe-vendors_clerk.chips.browser_a23b51_5.84.0-canary.v20250813204329.js.gz
- clerk-js/5.84.0-canary.v20250813204329/stripe-vendors_clerk.chips.browser_a23b51_5.84.0-canary.v20250813204329.js.sri
- clerk-js/5.84.0-canary.v20250813204329/stripe-vendors_clerk.chips.browser_a23b51_5.84.0-canary.v20250813204329.min.js.br
- clerk-js/5.84.0-canary.v20250813204329/stripe-vendors_clerk.chips.browser_a23b51_5.84.0-canary.v20250813204329.min.js.gz
- clerk-js/5.84.0-canary.v20250813204329/stripe-vendors_clerk.chips.browser_a23b51_5.84.0-canary.v20250813204329.min.js.sri
- clerk-js/5.84.0-canary.v20250813204329/stripe-vendors_clerk.headless.browser_5f190f_5.84.0-canary.v20250813204329.js.br
- clerk-js/5.84.0-canary.v20250813204329/stripe-vendors_clerk.headless.browser_5f190f_5.84.0-canary.v20250813204329.js.gz
- clerk-js/5.84.0-canary.v20250813204329/stripe-vendors_clerk.headless.browser_5f190f_5.84.0-canary.v20250813204329.js.sri
- clerk-js/5.84.0-canary.v20250813204329/stripe-vendors_clerk.headless.browser_5f190f_5.84.0-canary.v20250813204329.min.js.br
- clerk-js/5.84.0-canary.v20250813204329/stripe-vendors_clerk.headless.browser_5f190f_5.84.0-canary.v20250813204329.min.js.gz
- clerk-js/5.84.0-canary.v20250813204329/stripe-vendors_clerk.headless.browser_5f190f_5.84.0-canary.v20250813204329.min.js.sri
- clerk-js/5.84.0-canary.v20250813204329/stripe-vendors_clerk.legacy.browser_1dd6f6_5.84.0-canary.v20250813204329.js.br
- clerk-js/5.84.0-canary.v20250813204329/stripe-vendors_clerk.legacy.browser_1dd6f6_5.84.0-canary.v20250813204329.js.gz
- clerk-js/5.84.0-canary.v20250813204329/stripe-vendors_clerk.legacy.browser_1dd6f6_5.84.0-canary.v20250813204329.js.sri
- clerk-js/5.84.0-canary.v20250813204329/stripe-vendors_clerk.legacy.browser_1dd6f6_5.84.0-canary.v20250813204329.min.js.br
- clerk-js/5.84.0-canary.v20250813204329/stripe-vendors_clerk.legacy.browser_1dd6f6_5.84.0-canary.v20250813204329.min.js.gz
- clerk-js/5.84.0-canary.v20250813204329/stripe-vendors_clerk.legacy.browser_1dd6f6_5.84.0-canary.v20250813204329.min.js.sri
- clerk-js/5.84.0-canary.v20250813204329/subscriptionDetails_clerk.browser_09d604_5.84.0-canary.v20250813204329.js.br
- clerk-js/5.84.0-canary.v20250813204329/subscriptionDetails_clerk.browser_09d604_5.84.0-canary.v20250813204329.js.gz
- clerk-js/5.84.0-canary.v20250813204329/subscriptionDetails_clerk.browser_09d604_5.84.0-canary.v20250813204329.js.sri
- clerk-js/5.84.0-canary.v20250813204329/subscriptionDetails_clerk.browser_09d604_5.84.0-canary.v20250813204329.min.js.br
- clerk-js/5.84.0-canary.v20250813204329/subscriptionDetails_clerk.browser_09d604_5.84.0-canary.v20250813204329.min.js.gz
- clerk-js/5.84.0-canary.v20250813204329/subscriptionDetails_clerk.browser_09d604_5.84.0-canary.v20250813204329.min.js.sri
- clerk-js/5.84.0-canary.v20250813204329/subscriptionDetails_clerk.chips.browser_a23b51_5.84.0-canary.v20250813204329.js.br
- clerk-js/5.84.0-canary.v20250813204329/subscriptionDetails_clerk.chips.browser_a23b51_5.84.0-canary.v20250813204329.js.gz
- clerk-js/5.84.0-canary.v20250813204329/subscriptionDetails_clerk.chips.browser_a23b51_5.84.0-canary.v20250813204329.js.sri
- clerk-js/5.84.0-canary.v20250813204329/subscriptionDetails_clerk.chips.browser_a23b51_5.84.0-canary.v20250813204329.min.js.br
- clerk-js/5.84.0-canary.v20250813204329/subscriptionDetails_clerk.chips.browser_a23b51_5.84.0-canary.v20250813204329.min.js.gz
- clerk-js/5.84.0-canary.v20250813204329/subscriptionDetails_clerk.chips.browser_a23b51_5.84.0-canary.v20250813204329.min.js.sri
- clerk-js/5.84.0-canary.v20250813204329/subscriptionDetails_clerk.legacy.browser_1dd6f6_5.84.0-canary.v20250813204329.js.br
- clerk-js/5.84.0-canary.v20250813204329/subscriptionDetails_clerk.legacy.browser_1dd6f6_5.84.0-canary.v20250813204329.js.gz
- clerk-js/5.84.0-canary.v20250813204329/subscriptionDetails_clerk.legacy.browser_1dd6f6_5.84.0-canary.v20250813204329.js.sri
- clerk-js/5.84.0-canary.v20250813204329/subscriptionDetails_clerk.legacy.browser_1dd6f6_5.84.0-canary.v20250813204329.min.js.br
- clerk-js/5.84.0-canary.v20250813204329/subscriptionDetails_clerk.legacy.browser_1dd6f6_5.84.0-canary.v20250813204329.min.js.gz
- clerk-js/5.84.0-canary.v20250813204329/subscriptionDetails_clerk.legacy.browser_1dd6f6_5.84.0-canary.v20250813204329.min.js.sri
- clerk-js/5.84.0-canary.v20250813204329/taskChooseOrganization_clerk.browser_09d604_5.84.0-canary.v20250813204329.js.br
- clerk-js/5.84.0-canary.v20250813204329/taskChooseOrganization_clerk.browser_09d604_5.84.0-canary.v20250813204329.js.gz
- clerk-js/5.84.0-canary.v20250813204329/taskChooseOrganization_clerk.browser_09d604_5.84.0-canary.v20250813204329.js.sri
- clerk-js/5.84.0-canary.v20250813204329/taskChooseOrganization_clerk.browser_09d604_5.84.0-canary.v20250813204329.min.js.br
- clerk-js/5.84.0-canary.v20250813204329/taskChooseOrganization_clerk.browser_09d604_5.84.0-canary.v20250813204329.min.js.gz
- clerk-js/5.84.0-canary.v20250813204329/taskChooseOrganization_clerk.browser_09d604_5.84.0-canary.v20250813204329.min.js.sri
- clerk-js/5.84.0-canary.v20250813204329/taskChooseOrganization_clerk.chips.browser_a23b51_5.84.0-canary.v20250813204329.js.br
- clerk-js/5.84.0-canary.v20250813204329/taskChooseOrganization_clerk.chips.browser_a23b51_5.84.0-canary.v20250813204329.js.gz
- clerk-js/5.84.0-canary.v20250813204329/taskChooseOrganization_clerk.chips.browser_a23b51_5.84.0-canary.v20250813204329.js.sri
- clerk-js/5.84.0-canary.v20250813204329/taskChooseOrganization_clerk.chips.browser_a23b51_5.84.0-canary.v20250813204329.min.js.br
- clerk-js/5.84.0-canary.v20250813204329/taskChooseOrganization_clerk.chips.browser_a23b51_5.84.0-canary.v20250813204329.min.js.gz
- clerk-js/5.84.0-canary.v20250813204329/taskChooseOrganization_clerk.chips.browser_a23b51_5.84.0-canary.v20250813204329.min.js.sri
- clerk-js/5.84.0-canary.v20250813204329/taskChooseOrganization_clerk.legacy.browser_1dd6f6_5.84.0-canary.v20250813204329.js.br
- clerk-js/5.84.0-canary.v20250813204329/taskChooseOrganization_clerk.legacy.browser_1dd6f6_5.84.0-canary.v20250813204329.js.gz
- clerk-js/5.84.0-canary.v20250813204329/taskChooseOrganization_clerk.legacy.browser_1dd6f6_5.84.0-canary.v20250813204329.js.sri
- clerk-js/5.84.0-canary.v20250813204329/taskChooseOrganization_clerk.legacy.browser_1dd6f6_5.84.0-canary.v20250813204329.min.js.br
- clerk-js/5.84.0-canary.v20250813204329/taskChooseOrganization_clerk.legacy.browser_1dd6f6_5.84.0-canary.v20250813204329.min.js.gz
- clerk-js/5.84.0-canary.v20250813204329/taskChooseOrganization_clerk.legacy.browser_1dd6f6_5.84.0-canary.v20250813204329.min.js.sri
- clerk-js/5.84.0-canary.v20250813204329/ui-common_clerk.browser_09d604_5.84.0-canary.v20250813204329.js.br
- clerk-js/5.84.0-canary.v20250813204329/ui-common_clerk.browser_09d604_5.84.0-canary.v20250813204329.js.gz
- clerk-js/5.84.0-canary.v20250813204329/ui-common_clerk.browser_09d604_5.84.0-canary.v20250813204329.js.sri
- clerk-js/5.84.0-canary.v20250813204329/ui-common_clerk.browser_09d604_5.84.0-canary.v20250813204329.min.js.br
- clerk-js/5.84.0-canary.v20250813204329/ui-common_clerk.browser_09d604_5.84.0-canary.v20250813204329.min.js.gz
- clerk-js/5.84.0-canary.v20250813204329/ui-common_clerk.browser_09d604_5.84.0-canary.v20250813204329.min.js.sri
- clerk-js/5.84.0-canary.v20250813204329/ui-common_clerk.chips.browser_a23b51_5.84.0-canary.v20250813204329.js.br
- clerk-js/5.84.0-canary.v20250813204329/ui-common_clerk.chips.browser_a23b51_5.84.0-canary.v20250813204329.js.gz
- clerk-js/5.84.0-canary.v20250813204329/ui-common_clerk.chips.browser_a23b51_5.84.0-canary.v20250813204329.js.sri
- clerk-js/5.84.0-canary.v20250813204329/ui-common_clerk.chips.browser_a23b51_5.84.0-canary.v20250813204329.min.js.br
- clerk-js/5.84.0-canary.v20250813204329/ui-common_clerk.chips.browser_a23b51_5.84.0-canary.v20250813204329.min.js.gz
- clerk-js/5.84.0-canary.v20250813204329/ui-common_clerk.chips.browser_a23b51_5.84.0-canary.v20250813204329.min.js.sri
- clerk-js/5.84.0-canary.v20250813204329/ui-common_clerk.legacy.browser_1dd6f6_5.84.0-canary.v20250813204329.js.br
- clerk-js/5.84.0-canary.v20250813204329/ui-common_clerk.legacy.browser_1dd6f6_5.84.0-canary.v20250813204329.js.gz
- clerk-js/5.84.0-canary.v20250813204329/ui-common_clerk.legacy.browser_1dd6f6_5.84.0-canary.v20250813204329.js.sri
- clerk-js/5.84.0-canary.v20250813204329/ui-common_clerk.legacy.browser_1dd6f6_5.84.0-canary.v20250813204329.min.js.br
- clerk-js/5.84.0-canary.v20250813204329/ui-common_clerk.legacy.browser_1dd6f6_5.84.0-canary.v20250813204329.min.js.gz
- clerk-js/5.84.0-canary.v20250813204329/ui-common_clerk.legacy.browser_1dd6f6_5.84.0-canary.v20250813204329.min.js.sri
- clerk-js/5.84.0-canary.v20250813204329/up-api-keys-page_clerk.browser_09d604_5.84.0-canary.v20250813204329.js.br
- clerk-js/5.84.0-canary.v20250813204329/up-api-keys-page_clerk.browser_09d604_5.84.0-canary.v20250813204329.js.gz
- clerk-js/5.84.0-canary.v20250813204329/up-api-keys-page_clerk.browser_09d604_5.84.0-canary.v20250813204329.js.sri
- clerk-js/5.84.0-canary.v20250813204329/up-api-keys-page_clerk.browser_09d604_5.84.0-canary.v20250813204329.min.js.br
- clerk-js/5.84.0-canary.v20250813204329/up-api-keys-page_clerk.browser_09d604_5.84.0-canary.v20250813204329.min.js.gz
- clerk-js/5.84.0-canary.v20250813204329/up-api-keys-page_clerk.browser_09d604_5.84.0-canary.v20250813204329.min.js.sri
- clerk-js/5.84.0-canary.v20250813204329/up-api-keys-page_clerk.chips.browser_a23b51_5.84.0-canary.v20250813204329.js.br
- clerk-js/5.84.0-canary.v20250813204329/up-api-keys-page_clerk.chips.browser_a23b51_5.84.0-canary.v20250813204329.js.gz
- clerk-js/5.84.0-canary.v20250813204329/up-api-keys-page_clerk.chips.browser_a23b51_5.84.0-canary.v20250813204329.js.sri
- clerk-js/5.84.0-canary.v20250813204329/up-api-keys-page_clerk.chips.browser_a23b51_5.84.0-canary.v20250813204329.min.js.br
- clerk-js/5.84.0-canary.v20250813204329/up-api-keys-page_clerk.chips.browser_a23b51_5.84.0-canary.v20250813204329.min.js.gz
- clerk-js/5.84.0-canary.v20250813204329/up-api-keys-page_clerk.chips.browser_a23b51_5.84.0-canary.v20250813204329.min.js.sri
- clerk-js/5.84.0-canary.v20250813204329/up-api-keys-page_clerk.legacy.browser_1dd6f6_5.84.0-canary.v20250813204329.js.br
- clerk-js/5.84.0-canary.v20250813204329/up-api-keys-page_clerk.legacy.browser_1dd6f6_5.84.0-canary.v20250813204329.js.gz
- clerk-js/5.84.0-canary.v20250813204329/up-api-keys-page_clerk.legacy.browser_1dd6f6_5.84.0-canary.v20250813204329.js.sri
- clerk-js/5.84.0-canary.v20250813204329/up-api-keys-page_clerk.legacy.browser_1dd6f6_5.84.0-canary.v20250813204329.min.js.br
- clerk-js/5.84.0-canary.v20250813204329/up-api-keys-page_clerk.legacy.browser_1dd6f6_5.84.0-canary.v20250813204329.min.js.gz
- clerk-js/5.84.0-canary.v20250813204329/up-api-keys-page_clerk.legacy.browser_1dd6f6_5.84.0-canary.v20250813204329.min.js.sri
- clerk-js/5.84.0-canary.v20250813204329/up-billing-page_clerk.browser_09d604_5.84.0-canary.v20250813204329.js.br
- clerk-js/5.84.0-canary.v20250813204329/up-billing-page_clerk.browser_09d604_5.84.0-canary.v20250813204329.js.gz
- clerk-js/5.84.0-canary.v20250813204329/up-billing-page_clerk.browser_09d604_5.84.0-canary.v20250813204329.js.sri
- clerk-js/5.84.0-canary.v20250813204329/up-billing-page_clerk.browser_09d604_5.84.0-canary.v20250813204329.min.js.br
- clerk-js/5.84.0-canary.v20250813204329/up-billing-page_clerk.browser_09d604_5.84.0-canary.v20250813204329.min.js.gz
- clerk-js/5.84.0-canary.v20250813204329/up-billing-page_clerk.browser_09d604_5.84.0-canary.v20250813204329.min.js.sri
- clerk-js/5.84.0-canary.v20250813204329/up-billing-page_clerk.chips.browser_a23b51_5.84.0-canary.v20250813204329.js.br
- clerk-js/5.84.0-canary.v20250813204329/up-billing-page_clerk.chips.browser_a23b51_5.84.0-canary.v20250813204329.js.gz
- clerk-js/5.84.0-canary.v20250813204329/up-billing-page_clerk.chips.browser_a23b51_5.84.0-canary.v20250813204329.js.sri
- clerk-js/5.84.0-canary.v20250813204329/up-billing-page_clerk.chips.browser_a23b51_5.84.0-canary.v20250813204329.min.js.br
- clerk-js/5.84.0-canary.v20250813204329/up-billing-page_clerk.chips.browser_a23b51_5.84.0-canary.v20250813204329.min.js.gz
- clerk-js/5.84.0-canary.v20250813204329/up-billing-page_clerk.chips.browser_a23b51_5.84.0-canary.v20250813204329.min.js.sri
- clerk-js/5.84.0-canary.v20250813204329/up-billing-page_clerk.legacy.browser_1dd6f6_5.84.0-canary.v20250813204329.js.br
- clerk-js/5.84.0-canary.v20250813204329/up-billing-page_clerk.legacy.browser_1dd6f6_5.84.0-canary.v20250813204329.js.gz
- clerk-js/5.84.0-canary.v20250813204329/up-billing-page_clerk.legacy.browser_1dd6f6_5.84.0-canary.v20250813204329.js.sri
- clerk-js/5.84.0-canary.v20250813204329/up-billing-page_clerk.legacy.browser_1dd6f6_5.84.0-canary.v20250813204329.min.js.br
- clerk-js/5.84.0-canary.v20250813204329/up-billing-page_clerk.legacy.browser_1dd6f6_5.84.0-canary.v20250813204329.min.js.gz
- clerk-js/5.84.0-canary.v20250813204329/up-billing-page_clerk.legacy.browser_1dd6f6_5.84.0-canary.v20250813204329.min.js.sri
- clerk-js/5.84.0-canary.v20250813204329/up-plans-page_clerk.browser_09d604_5.84.0-canary.v20250813204329.js.br
- clerk-js/5.84.0-canary.v20250813204329/up-plans-page_clerk.browser_09d604_5.84.0-canary.v20250813204329.js.gz
- clerk-js/5.84.0-canary.v20250813204329/up-plans-page_clerk.browser_09d604_5.84.0-canary.v20250813204329.js.sri
- clerk-js/5.84.0-canary.v20250813204329/up-plans-page_clerk.browser_09d604_5.84.0-canary.v20250813204329.min.js.br
- clerk-js/5.84.0-canary.v20250813204329/up-plans-page_clerk.browser_09d604_5.84.0-canary.v20250813204329.min.js.gz
- clerk-js/5.84.0-canary.v20250813204329/up-plans-page_clerk.browser_09d604_5.84.0-canary.v20250813204329.min.js.sri
- clerk-js/5.84.0-canary.v20250813204329/up-plans-page_clerk.chips.browser_a23b51_5.84.0-canary.v20250813204329.js.br
- clerk-js/5.84.0-canary.v20250813204329/up-plans-page_clerk.chips.browser_a23b51_5.84.0-canary.v20250813204329.js.gz
- clerk-js/5.84.0-canary.v20250813204329/up-plans-page_clerk.chips.browser_a23b51_5.84.0-canary.v20250813204329.js.sri
- clerk-js/5.84.0-canary.v20250813204329/up-plans-page_clerk.chips.browser_a23b51_5.84.0-canary.v20250813204329.min.js.br
- clerk-js/5.84.0-canary.v20250813204329/up-plans-page_clerk.chips.browser_a23b51_5.84.0-canary.v20250813204329.min.js.gz
- clerk-js/5.84.0-canary.v20250813204329/up-plans-page_clerk.chips.browser_a23b51_5.84.0-canary.v20250813204329.min.js.sri
- clerk-js/5.84.0-canary.v20250813204329/up-plans-page_clerk.legacy.browser_1dd6f6_5.84.0-canary.v20250813204329.js.br
- clerk-js/5.84.0-canary.v20250813204329/up-plans-page_clerk.legacy.browser_1dd6f6_5.84.0-canary.v20250813204329.js.gz
- clerk-js/5.84.0-canary.v20250813204329/up-plans-page_clerk.legacy.browser_1dd6f6_5.84.0-canary.v20250813204329.js.sri
- clerk-js/5.84.0-canary.v20250813204329/up-plans-page_clerk.legacy.browser_1dd6f6_5.84.0-canary.v20250813204329.min.js.br
- clerk-js/5.84.0-canary.v20250813204329/up-plans-page_clerk.legacy.browser_1dd6f6_5.84.0-canary.v20250813204329.min.js.gz
- clerk-js/5.84.0-canary.v20250813204329/up-plans-page_clerk.legacy.browser_1dd6f6_5.84.0-canary.v20250813204329.min.js.sri
- clerk-js/5.84.0-canary.v20250813204329/userbutton_clerk.browser_09d604_5.84.0-canary.v20250813204329.js.br
- clerk-js/5.84.0-canary.v20250813204329/userbutton_clerk.browser_09d604_5.84.0-canary.v20250813204329.js.gz
- clerk-js/5.84.0-canary.v20250813204329/userbutton_clerk.browser_09d604_5.84.0-canary.v20250813204329.js.sri
- clerk-js/5.84.0-canary.v20250813204329/userbutton_clerk.browser_09d604_5.84.0-canary.v20250813204329.min.js.br
- clerk-js/5.84.0-canary.v20250813204329/userbutton_clerk.browser_09d604_5.84.0-canary.v20250813204329.min.js.gz
- clerk-js/5.84.0-canary.v20250813204329/userbutton_clerk.browser_09d604_5.84.0-canary.v20250813204329.min.js.sri
- clerk-js/5.84.0-canary.v20250813204329/userbutton_clerk.chips.browser_a23b51_5.84.0-canary.v20250813204329.js.br
- clerk-js/5.84.0-canary.v20250813204329/userbutton_clerk.chips.browser_a23b51_5.84.0-canary.v20250813204329.js.gz
- clerk-js/5.84.0-canary.v20250813204329/userbutton_clerk.chips.browser_a23b51_5.84.0-canary.v20250813204329.js.sri
- clerk-js/5.84.0-canary.v20250813204329/userbutton_clerk.chips.browser_a23b51_5.84.0-canary.v20250813204329.min.js.br
- clerk-js/5.84.0-canary.v20250813204329/userbutton_clerk.chips.browser_a23b51_5.84.0-canary.v20250813204329.min.js.gz
- clerk-js/5.84.0-canary.v20250813204329/userbutton_clerk.chips.browser_a23b51_5.84.0-canary.v20250813204329.min.js.sri
- clerk-js/5.84.0-canary.v20250813204329/userbutton_clerk.legacy.browser_1dd6f6_5.84.0-canary.v20250813204329.js.br
- clerk-js/5.84.0-canary.v20250813204329/userbutton_clerk.legacy.browser_1dd6f6_5.84.0-canary.v20250813204329.js.gz
- clerk-js/5.84.0-canary.v20250813204329/userbutton_clerk.legacy.browser_1dd6f6_5.84.0-canary.v20250813204329.js.sri
- clerk-js/5.84.0-canary.v20250813204329/userbutton_clerk.legacy.browser_1dd6f6_5.84.0-canary.v20250813204329.min.js.br
- clerk-js/5.84.0-canary.v20250813204329/userbutton_clerk.legacy.browser_1dd6f6_5.84.0-canary.v20250813204329.min.js.gz
- clerk-js/5.84.0-canary.v20250813204329/userbutton_clerk.legacy.browser_1dd6f6_5.84.0-canary.v20250813204329.min.js.sri
- clerk-js/5.84.0-canary.v20250813204329/userprofile_clerk.browser_09d604_5.84.0-canary.v20250813204329.js.br
- clerk-js/5.84.0-canary.v20250813204329/userprofile_clerk.browser_09d604_5.84.0-canary.v20250813204329.js.gz
- clerk-js/5.84.0-canary.v20250813204329/userprofile_clerk.browser_09d604_5.84.0-canary.v20250813204329.js.sri
- clerk-js/5.84.0-canary.v20250813204329/userprofile_clerk.browser_09d604_5.84.0-canary.v20250813204329.min.js.br
- clerk-js/5.84.0-canary.v20250813204329/userprofile_clerk.browser_09d604_5.84.0-canary.v20250813204329.min.js.gz
- clerk-js/5.84.0-canary.v20250813204329/userprofile_clerk.browser_09d604_5.84.0-canary.v20250813204329.min.js.sri
- clerk-js/5.84.0-canary.v20250813204329/userprofile_clerk.chips.browser_a23b51_5.84.0-canary.v20250813204329.js.br
- clerk-js/5.84.0-canary.v20250813204329/userprofile_clerk.chips.browser_a23b51_5.84.0-canary.v20250813204329.js.gz
- clerk-js/5.84.0-canary.v20250813204329/userprofile_clerk.chips.browser_a23b51_5.84.0-canary.v20250813204329.js.sri
- clerk-js/5.84.0-canary.v20250813204329/userprofile_clerk.chips.browser_a23b51_5.84.0-canary.v20250813204329.min.js.br
- clerk-js/5.84.0-canary.v20250813204329/userprofile_clerk.chips.browser_a23b51_5.84.0-canary.v20250813204329.min.js.gz
- clerk-js/5.84.0-canary.v20250813204329/userprofile_clerk.chips.browser_a23b51_5.84.0-canary.v20250813204329.min.js.sri
- clerk-js/5.84.0-canary.v20250813204329/userprofile_clerk.legacy.browser_1dd6f6_5.84.0-canary.v20250813204329.js.br
- clerk-js/5.84.0-canary.v20250813204329/userprofile_clerk.legacy.browser_1dd6f6_5.84.0-canary.v20250813204329.js.gz
- clerk-js/5.84.0-canary.v20250813204329/userprofile_clerk.legacy.browser_1dd6f6_5.84.0-canary.v20250813204329.js.sri
- clerk-js/5.84.0-canary.v20250813204329/userprofile_clerk.legacy.browser_1dd6f6_5.84.0-canary.v20250813204329.min.js.br
- clerk-js/5.84.0-canary.v20250813204329/userprofile_clerk.legacy.browser_1dd6f6_5.84.0-canary.v20250813204329.min.js.gz
- clerk-js/5.84.0-canary.v20250813204329/userprofile_clerk.legacy.browser_1dd6f6_5.84.0-canary.v20250813204329.min.js.sri
- clerk-js/5.84.0-canary.v20250813204329/userverification_clerk.browser_09d604_5.84.0-canary.v20250813204329.js.br
- clerk-js/5.84.0-canary.v20250813204329/userverification_clerk.browser_09d604_5.84.0-canary.v20250813204329.js.gz
- clerk-js/5.84.0-canary.v20250813204329/userverification_clerk.browser_09d604_5.84.0-canary.v20250813204329.js.sri
- clerk-js/5.84.0-canary.v20250813204329/userverification_clerk.browser_09d604_5.84.0-canary.v20250813204329.min.js.br
- clerk-js/5.84.0-canary.v20250813204329/userverification_clerk.browser_09d604_5.84.0-canary.v20250813204329.min.js.gz
- clerk-js/5.84.0-canary.v20250813204329/userverification_clerk.browser_09d604_5.84.0-canary.v20250813204329.min.js.sri
- clerk-js/5.84.0-canary.v20250813204329/userverification_clerk.chips.browser_a23b51_5.84.0-canary.v20250813204329.js.br
- clerk-js/5.84.0-canary.v20250813204329/userverification_clerk.chips.browser_a23b51_5.84.0-canary.v20250813204329.js.gz
- clerk-js/5.84.0-canary.v20250813204329/userverification_clerk.chips.browser_a23b51_5.84.0-canary.v20250813204329.js.sri
- clerk-js/5.84.0-canary.v20250813204329/userverification_clerk.chips.browser_a23b51_5.84.0-canary.v20250813204329.min.js.br
- clerk-js/5.84.0-canary.v20250813204329/userverification_clerk.chips.browser_a23b51_5.84.0-canary.v20250813204329.min.js.gz
- clerk-js/5.84.0-canary.v20250813204329/userverification_clerk.chips.browser_a23b51_5.84.0-canary.v20250813204329.min.js.sri
- clerk-js/5.84.0-canary.v20250813204329/userverification_clerk.legacy.browser_1dd6f6_5.84.0-canary.v20250813204329.js.br
- clerk-js/5.84.0-canary.v20250813204329/userverification_clerk.legacy.browser_1dd6f6_5.84.0-canary.v20250813204329.js.gz
- clerk-js/5.84.0-canary.v20250813204329/userverification_clerk.legacy.browser_1dd6f6_5.84.0-canary.v20250813204329.js.sri
- clerk-js/5.84.0-canary.v20250813204329/userverification_clerk.legacy.browser_1dd6f6_5.84.0-canary.v20250813204329.min.js.br
- clerk-js/5.84.0-canary.v20250813204329/userverification_clerk.legacy.browser_1dd6f6_5.84.0-canary.v20250813204329.min.js.gz
- clerk-js/5.84.0-canary.v20250813204329/userverification_clerk.legacy.browser_1dd6f6_5.84.0-canary.v20250813204329.min.js.sri
- clerk-js/5.84.0-canary.v20250813204329/vendors_clerk.browser_09d604_5.84.0-canary.v20250813204329.js.br
- clerk-js/5.84.0-canary.v20250813204329/vendors_clerk.browser_09d604_5.84.0-canary.v20250813204329.js.gz
- clerk-js/5.84.0-canary.v20250813204329/vendors_clerk.browser_09d604_5.84.0-canary.v20250813204329.js.sri
- clerk-js/5.84.0-canary.v20250813204329/vendors_clerk.browser_09d604_5.84.0-canary.v20250813204329.min.js.br
- clerk-js/5.84.0-canary.v20250813204329/vendors_clerk.browser_09d604_5.84.0-canary.v20250813204329.min.js.gz
- clerk-js/5.84.0-canary.v20250813204329/vendors_clerk.browser_09d604_5.84.0-canary.v20250813204329.min.js.sri
- clerk-js/5.84.0-canary.v20250813204329/vendors_clerk.chips.browser_a23b51_5.84.0-canary.v20250813204329.js.br
- clerk-js/5.84.0-canary.v20250813204329/vendors_clerk.chips.browser_a23b51_5.84.0-canary.v20250813204329.js.gz
- clerk-js/5.84.0-canary.v20250813204329/vendors_clerk.chips.browser_a23b51_5.84.0-canary.v20250813204329.js.sri
- clerk-js/5.84.0-canary.v20250813204329/vendors_clerk.chips.browser_a23b51_5.84.0-canary.v20250813204329.min.js.br
- clerk-js/5.84.0-canary.v20250813204329/vendors_clerk.chips.browser_a23b51_5.84.0-canary.v20250813204329.min.js.gz
- clerk-js/5.84.0-canary.v20250813204329/vendors_clerk.chips.browser_a23b51_5.84.0-canary.v20250813204329.min.js.sri
- clerk-js/5.84.0-canary.v20250813204329/vendors_clerk.headless.browser_5f190f_5.84.0-canary.v20250813204329.js.br
- clerk-js/5.84.0-canary.v20250813204329/vendors_clerk.headless.browser_5f190f_5.84.0-canary.v20250813204329.js.gz
- clerk-js/5.84.0-canary.v20250813204329/vendors_clerk.headless.browser_5f190f_5.84.0-canary.v20250813204329.js.sri
- clerk-js/5.84.0-canary.v20250813204329/vendors_clerk.headless.browser_5f190f_5.84.0-canary.v20250813204329.min.js.br
- clerk-js/5.84.0-canary.v20250813204329/vendors_clerk.headless.browser_5f190f_5.84.0-canary.v20250813204329.min.js.gz
- clerk-js/5.84.0-canary.v20250813204329/vendors_clerk.headless.browser_5f190f_5.84.0-canary.v20250813204329.min.js.sri
- clerk-js/5.84.0-canary.v20250813204329/vendors_clerk.legacy.browser_1dd6f6_5.84.0-canary.v20250813204329.js.br
- clerk-js/5.84.0-canary.v20250813204329/vendors_clerk.legacy.browser_1dd6f6_5.84.0-canary.v20250813204329.js.gz
- clerk-js/5.84.0-canary.v20250813204329/vendors_clerk.legacy.browser_1dd6f6_5.84.0-canary.v20250813204329.js.sri
- clerk-js/5.84.0-canary.v20250813204329/vendors_clerk.legacy.browser_1dd6f6_5.84.0-canary.v20250813204329.min.js.br
- clerk-js/5.84.0-canary.v20250813204329/vendors_clerk.legacy.browser_1dd6f6_5.84.0-canary.v20250813204329.min.js.gz
- clerk-js/5.84.0-canary.v20250813204329/vendors_clerk.legacy.browser_1dd6f6_5.84.0-canary.v20250813204329.min.js.sri
- clerk-js/5.84.0-canary.v20250813204329/waitlist_clerk.browser_09d604_5.84.0-canary.v20250813204329.js.br
- clerk-js/5.84.0-canary.v20250813204329/waitlist_clerk.browser_09d604_5.84.0-canary.v20250813204329.js.gz
- clerk-js/5.84.0-canary.v20250813204329/waitlist_clerk.browser_09d604_5.84.0-canary.v20250813204329.js.sri
- clerk-js/5.84.0-canary.v20250813204329/waitlist_clerk.browser_09d604_5.84.0-canary.v20250813204329.min.js.br
- clerk-js/5.84.0-canary.v20250813204329/waitlist_clerk.browser_09d604_5.84.0-canary.v20250813204329.min.js.gz
- clerk-js/5.84.0-canary.v20250813204329/waitlist_clerk.browser_09d604_5.84.0-canary.v20250813204329.min.js.sri
- clerk-js/5.84.0-canary.v20250813204329/waitlist_clerk.chips.browser_a23b51_5.84.0-canary.v20250813204329.js.br
- clerk-js/5.84.0-canary.v20250813204329/waitlist_clerk.chips.browser_a23b51_5.84.0-canary.v20250813204329.js.gz
- clerk-js/5.84.0-canary.v20250813204329/waitlist_clerk.chips.browser_a23b51_5.84.0-canary.v20250813204329.js.sri
- clerk-js/5.84.0-canary.v20250813204329/waitlist_clerk.chips.browser_a23b51_5.84.0-canary.v20250813204329.min.js.br
- clerk-js/5.84.0-canary.v20250813204329/waitlist_clerk.chips.browser_a23b51_5.84.0-canary.v20250813204329.min.js.gz
- clerk-js/5.84.0-canary.v20250813204329/waitlist_clerk.chips.browser_a23b51_5.84.0-canary.v20250813204329.min.js.sri
- clerk-js/5.84.0-canary.v20250813204329/waitlist_clerk.legacy.browser_1dd6f6_5.84.0-canary.v20250813204329.js.br
- clerk-js/5.84.0-canary.v20250813204329/waitlist_clerk.legacy.browser_1dd6f6_5.84.0-canary.v20250813204329.js.gz
- clerk-js/5.84.0-canary.v20250813204329/waitlist_clerk.legacy.browser_1dd6f6_5.84.0-canary.v20250813204329.js.sri
- clerk-js/5.84.0-canary.v20250813204329/waitlist_clerk.legacy.browser_1dd6f6_5.84.0-canary.v20250813204329.min.js.br
- clerk-js/5.84.0-canary.v20250813204329/waitlist_clerk.legacy.browser_1dd6f6_5.84.0-canary.v20250813204329.min.js.gz
- clerk-js/5.84.0-canary.v20250813204329/waitlist_clerk.legacy.browser_1dd6f6_5.84.0-canary.v20250813204329.min.js.sri
- clerk-js/5.84.0-canary.v20250813204329/zxcvbn-common_clerk.browser_09d604_5.84.0-canary.v20250813204329.js.br
- clerk-js/5.84.0-canary.v20250813204329/zxcvbn-common_clerk.browser_09d604_5.84.0-canary.v20250813204329.js.gz
- clerk-js/5.84.0-canary.v20250813204329/zxcvbn-common_clerk.browser_09d604_5.84.0-canary.v20250813204329.js.sri
- clerk-js/5.84.0-canary.v20250813204329/zxcvbn-common_clerk.browser_09d604_5.84.0-canary.v20250813204329.min.js.br
- clerk-js/5.84.0-canary.v20250813204329/zxcvbn-common_clerk.browser_09d604_5.84.0-canary.v20250813204329.min.js.gz
- clerk-js/5.84.0-canary.v20250813204329/zxcvbn-common_clerk.browser_09d604_5.84.0-canary.v20250813204329.min.js.sri
- clerk-js/5.84.0-canary.v20250813204329/zxcvbn-common_clerk.chips.browser_a23b51_5.84.0-canary.v20250813204329.js.br
- clerk-js/5.84.0-canary.v20250813204329/zxcvbn-common_clerk.chips.browser_a23b51_5.84.0-canary.v20250813204329.js.gz
- clerk-js/5.84.0-canary.v20250813204329/zxcvbn-common_clerk.chips.browser_a23b51_5.84.0-canary.v20250813204329.js.sri
- clerk-js/5.84.0-canary.v20250813204329/zxcvbn-common_clerk.chips.browser_a23b51_5.84.0-canary.v20250813204329.min.js.br
- clerk-js/5.84.0-canary.v20250813204329/zxcvbn-common_clerk.chips.browser_a23b51_5.84.0-canary.v20250813204329.min.js.gz
- clerk-js/5.84.0-canary.v20250813204329/zxcvbn-common_clerk.chips.browser_a23b51_5.84.0-canary.v20250813204329.min.js.sri
- clerk-js/5.84.0-canary.v20250813204329/zxcvbn-common_clerk.headless.browser_5f190f_5.84.0-canary.v20250813204329.js.br
- clerk-js/5.84.0-canary.v20250813204329/zxcvbn-common_clerk.headless.browser_5f190f_5.84.0-canary.v20250813204329.js.gz
- clerk-js/5.84.0-canary.v20250813204329/zxcvbn-common_clerk.headless.browser_5f190f_5.84.0-canary.v20250813204329.js.sri
- clerk-js/5.84.0-canary.v20250813204329/zxcvbn-common_clerk.headless.browser_5f190f_5.84.0-canary.v20250813204329.min.js.br
- clerk-js/5.84.0-canary.v20250813204329/zxcvbn-common_clerk.headless.browser_5f190f_5.84.0-canary.v20250813204329.min.js.gz
- clerk-js/5.84.0-canary.v20250813204329/zxcvbn-common_clerk.headless.browser_5f190f_5.84.0-canary.v20250813204329.min.js.sri
- clerk-js/5.84.0-canary.v20250813204329/zxcvbn-common_clerk.legacy.browser_1dd6f6_5.84.0-canary.v20250813204329.js.br
- clerk-js/5.84.0-canary.v20250813204329/zxcvbn-common_clerk.legacy.browser_1dd6f6_5.84.0-canary.v20250813204329.js.gz
- clerk-js/5.84.0-canary.v20250813204329/zxcvbn-common_clerk.legacy.browser_1dd6f6_5.84.0-canary.v20250813204329.js.sri
- clerk-js/5.84.0-canary.v20250813204329/zxcvbn-common_clerk.legacy.browser_1dd6f6_5.84.0-canary.v20250813204329.min.js.br
- clerk-js/5.84.0-canary.v20250813204329/zxcvbn-common_clerk.legacy.browser_1dd6f6_5.84.0-canary.v20250813204329.min.js.gz
- clerk-js/5.84.0-canary.v20250813204329/zxcvbn-common_clerk.legacy.browser_1dd6f6_5.84.0-canary.v20250813204329.min.js.sri
- clerk-js/5.84.0-canary.v20250813204329/zxcvbn-ts-core_clerk.browser_09d604_5.84.0-canary.v20250813204329.js.br
- clerk-js/5.84.0-canary.v20250813204329/zxcvbn-ts-core_clerk.browser_09d604_5.84.0-canary.v20250813204329.js.gz
- clerk-js/5.84.0-canary.v20250813204329/zxcvbn-ts-core_clerk.browser_09d604_5.84.0-canary.v20250813204329.js.sri
- clerk-js/5.84.0-canary.v20250813204329/zxcvbn-ts-core_clerk.browser_09d604_5.84.0-canary.v20250813204329.min.js.br
- clerk-js/5.84.0-canary.v20250813204329/zxcvbn-ts-core_clerk.browser_09d604_5.84.0-canary.v20250813204329.min.js.gz
- clerk-js/5.84.0-canary.v20250813204329/zxcvbn-ts-core_clerk.browser_09d604_5.84.0-canary.v20250813204329.min.js.sri
- clerk-js/5.84.0-canary.v20250813204329/zxcvbn-ts-core_clerk.chips.browser_a23b51_5.84.0-canary.v20250813204329.js.br
- clerk-js/5.84.0-canary.v20250813204329/zxcvbn-ts-core_clerk.chips.browser_a23b51_5.84.0-canary.v20250813204329.js.gz
- clerk-js/5.84.0-canary.v20250813204329/zxcvbn-ts-core_clerk.chips.browser_a23b51_5.84.0-canary.v20250813204329.js.sri
- clerk-js/5.84.0-canary.v20250813204329/zxcvbn-ts-core_clerk.chips.browser_a23b51_5.84.0-canary.v20250813204329.min.js.br
- clerk-js/5.84.0-canary.v20250813204329/zxcvbn-ts-core_clerk.chips.browser_a23b51_5.84.0-canary.v20250813204329.min.js.gz
- clerk-js/5.84.0-canary.v20250813204329/zxcvbn-ts-core_clerk.chips.browser_a23b51_5.84.0-canary.v20250813204329.min.js.sri
- clerk-js/5.84.0-canary.v20250813204329/zxcvbn-ts-core_clerk.headless.browser_5f190f_5.84.0-canary.v20250813204329.js.br
- clerk-js/5.84.0-canary.v20250813204329/zxcvbn-ts-core_clerk.headless.browser_5f190f_5.84.0-canary.v20250813204329.js.gz
- clerk-js/5.84.0-canary.v20250813204329/zxcvbn-ts-core_clerk.headless.browser_5f190f_5.84.0-canary.v20250813204329.js.sri
- clerk-js/5.84.0-canary.v20250813204329/zxcvbn-ts-core_clerk.headless.browser_5f190f_5.84.0-canary.v20250813204329.min.js.br
- clerk-js/5.84.0-canary.v20250813204329/zxcvbn-ts-core_clerk.headless.browser_5f190f_5.84.0-canary.v20250813204329.min.js.gz
- clerk-js/5.84.0-canary.v20250813204329/zxcvbn-ts-core_clerk.headless.browser_5f190f_5.84.0-canary.v20250813204329.min.js.sri
- clerk-js/5.84.0-canary.v20250813204329/zxcvbn-ts-core_clerk.legacy.browser_1dd6f6_5.84.0-canary.v20250813204329.js.br
- clerk-js/5.84.0-canary.v20250813204329/zxcvbn-ts-core_clerk.legacy.browser_1dd6f6_5.84.0-canary.v20250813204329.js.gz
- clerk-js/5.84.0-canary.v20250813204329/zxcvbn-ts-core_clerk.legacy.browser_1dd6f6_5.84.0-canary.v20250813204329.js.sri
- clerk-js/5.84.0-canary.v20250813204329/zxcvbn-ts-core_clerk.legacy.browser_1dd6f6_5.84.0-canary.v20250813204329.min.js.br
- clerk-js/5.84.0-canary.v20250813204329/zxcvbn-ts-core_clerk.legacy.browser_1dd6f6_5.84.0-canary.v20250813204329.min.js.gz
- clerk-js/5.84.0-canary.v20250813204329/zxcvbn-ts-core_clerk.legacy.browser_1dd6f6_5.84.0-canary.v20250813204329.min.js.sri
