Files:
- clerk-js/5.75.0-canary.v20250722081708/192_clerk.browser_1126c0_5.75.0-canary.v20250722081708.js.br
- clerk-js/5.75.0-canary.v20250722081708/192_clerk.browser_1126c0_5.75.0-canary.v20250722081708.js.gz
- clerk-js/5.75.0-canary.v20250722081708/192_clerk.browser_1126c0_5.75.0-canary.v20250722081708.js.sri
- clerk-js/5.75.0-canary.v20250722081708/192_clerk.browser_1126c0_5.75.0-canary.v20250722081708.min.js.br
- clerk-js/5.75.0-canary.v20250722081708/192_clerk.browser_1126c0_5.75.0-canary.v20250722081708.min.js.gz
- clerk-js/5.75.0-canary.v20250722081708/192_clerk.browser_1126c0_5.75.0-canary.v20250722081708.min.js.sri
- clerk-js/5.75.0-canary.v20250722081708/192_clerk.chips.browser_a5940f_5.75.0-canary.v20250722081708.js.br
- clerk-js/5.75.0-canary.v20250722081708/192_clerk.chips.browser_a5940f_5.75.0-canary.v20250722081708.js.gz
- clerk-js/5.75.0-canary.v20250722081708/192_clerk.chips.browser_a5940f_5.75.0-canary.v20250722081708.js.sri
- clerk-js/5.75.0-canary.v20250722081708/192_clerk.chips.browser_a5940f_5.75.0-canary.v20250722081708.min.js.br
- clerk-js/5.75.0-canary.v20250722081708/192_clerk.chips.browser_a5940f_5.75.0-canary.v20250722081708.min.js.gz
- clerk-js/5.75.0-canary.v20250722081708/192_clerk.chips.browser_a5940f_5.75.0-canary.v20250722081708.min.js.sri
- clerk-js/5.75.0-canary.v20250722081708/192_clerk.legacy.browser_f0c5cb_5.75.0-canary.v20250722081708.js.br
- clerk-js/5.75.0-canary.v20250722081708/192_clerk.legacy.browser_f0c5cb_5.75.0-canary.v20250722081708.js.gz
- clerk-js/5.75.0-canary.v20250722081708/192_clerk.legacy.browser_f0c5cb_5.75.0-canary.v20250722081708.js.sri
- clerk-js/5.75.0-canary.v20250722081708/192_clerk.legacy.browser_f0c5cb_5.75.0-canary.v20250722081708.min.js.br
- clerk-js/5.75.0-canary.v20250722081708/192_clerk.legacy.browser_f0c5cb_5.75.0-canary.v20250722081708.min.js.gz
- clerk-js/5.75.0-canary.v20250722081708/192_clerk.legacy.browser_f0c5cb_5.75.0-canary.v20250722081708.min.js.sri
- clerk-js/5.75.0-canary.v20250722081708/294_clerk.browser_1126c0_5.75.0-canary.v20250722081708.js.br
- clerk-js/5.75.0-canary.v20250722081708/294_clerk.browser_1126c0_5.75.0-canary.v20250722081708.js.gz
- clerk-js/5.75.0-canary.v20250722081708/294_clerk.browser_1126c0_5.75.0-canary.v20250722081708.js.sri
- clerk-js/5.75.0-canary.v20250722081708/294_clerk.browser_1126c0_5.75.0-canary.v20250722081708.min.js.br
- clerk-js/5.75.0-canary.v20250722081708/294_clerk.browser_1126c0_5.75.0-canary.v20250722081708.min.js.gz
- clerk-js/5.75.0-canary.v20250722081708/294_clerk.browser_1126c0_5.75.0-canary.v20250722081708.min.js.sri
- clerk-js/5.75.0-canary.v20250722081708/294_clerk.chips.browser_a5940f_5.75.0-canary.v20250722081708.js.br
- clerk-js/5.75.0-canary.v20250722081708/294_clerk.chips.browser_a5940f_5.75.0-canary.v20250722081708.js.gz
- clerk-js/5.75.0-canary.v20250722081708/294_clerk.chips.browser_a5940f_5.75.0-canary.v20250722081708.js.sri
- clerk-js/5.75.0-canary.v20250722081708/294_clerk.chips.browser_a5940f_5.75.0-canary.v20250722081708.min.js.br
- clerk-js/5.75.0-canary.v20250722081708/294_clerk.chips.browser_a5940f_5.75.0-canary.v20250722081708.min.js.gz
- clerk-js/5.75.0-canary.v20250722081708/294_clerk.chips.browser_a5940f_5.75.0-canary.v20250722081708.min.js.sri
- clerk-js/5.75.0-canary.v20250722081708/294_clerk.legacy.browser_f0c5cb_5.75.0-canary.v20250722081708.js.br
- clerk-js/5.75.0-canary.v20250722081708/294_clerk.legacy.browser_f0c5cb_5.75.0-canary.v20250722081708.js.gz
- clerk-js/5.75.0-canary.v20250722081708/294_clerk.legacy.browser_f0c5cb_5.75.0-canary.v20250722081708.js.sri
- clerk-js/5.75.0-canary.v20250722081708/294_clerk.legacy.browser_f0c5cb_5.75.0-canary.v20250722081708.min.js.br
- clerk-js/5.75.0-canary.v20250722081708/294_clerk.legacy.browser_f0c5cb_5.75.0-canary.v20250722081708.min.js.gz
- clerk-js/5.75.0-canary.v20250722081708/294_clerk.legacy.browser_f0c5cb_5.75.0-canary.v20250722081708.min.js.sri
- clerk-js/5.75.0-canary.v20250722081708/377_clerk.headless_92f4f9_5.75.0-canary.v20250722081708.js.br
- clerk-js/5.75.0-canary.v20250722081708/377_clerk.headless_92f4f9_5.75.0-canary.v20250722081708.js.gz
- clerk-js/5.75.0-canary.v20250722081708/377_clerk.headless_92f4f9_5.75.0-canary.v20250722081708.js.sri
- clerk-js/5.75.0-canary.v20250722081708/377_clerk.headless_92f4f9_5.75.0-canary.v20250722081708.min.js.br
- clerk-js/5.75.0-canary.v20250722081708/377_clerk.headless_92f4f9_5.75.0-canary.v20250722081708.min.js.gz
- clerk-js/5.75.0-canary.v20250722081708/377_clerk.headless_92f4f9_5.75.0-canary.v20250722081708.min.js.sri
- clerk-js/5.75.0-canary.v20250722081708/544_clerk.browser_1126c0_5.75.0-canary.v20250722081708.js.br
- clerk-js/5.75.0-canary.v20250722081708/544_clerk.browser_1126c0_5.75.0-canary.v20250722081708.js.gz
- clerk-js/5.75.0-canary.v20250722081708/544_clerk.browser_1126c0_5.75.0-canary.v20250722081708.js.sri
- clerk-js/5.75.0-canary.v20250722081708/544_clerk.browser_1126c0_5.75.0-canary.v20250722081708.min.js.br
- clerk-js/5.75.0-canary.v20250722081708/544_clerk.browser_1126c0_5.75.0-canary.v20250722081708.min.js.gz
- clerk-js/5.75.0-canary.v20250722081708/544_clerk.browser_1126c0_5.75.0-canary.v20250722081708.min.js.sri
- clerk-js/5.75.0-canary.v20250722081708/544_clerk.chips.browser_a5940f_5.75.0-canary.v20250722081708.js.br
- clerk-js/5.75.0-canary.v20250722081708/544_clerk.chips.browser_a5940f_5.75.0-canary.v20250722081708.js.gz
- clerk-js/5.75.0-canary.v20250722081708/544_clerk.chips.browser_a5940f_5.75.0-canary.v20250722081708.js.sri
- clerk-js/5.75.0-canary.v20250722081708/544_clerk.chips.browser_a5940f_5.75.0-canary.v20250722081708.min.js.br
- clerk-js/5.75.0-canary.v20250722081708/544_clerk.chips.browser_a5940f_5.75.0-canary.v20250722081708.min.js.gz
- clerk-js/5.75.0-canary.v20250722081708/544_clerk.chips.browser_a5940f_5.75.0-canary.v20250722081708.min.js.sri
- clerk-js/5.75.0-canary.v20250722081708/544_clerk.legacy.browser_f0c5cb_5.75.0-canary.v20250722081708.js.br
- clerk-js/5.75.0-canary.v20250722081708/544_clerk.legacy.browser_f0c5cb_5.75.0-canary.v20250722081708.js.gz
- clerk-js/5.75.0-canary.v20250722081708/544_clerk.legacy.browser_f0c5cb_5.75.0-canary.v20250722081708.js.sri
- clerk-js/5.75.0-canary.v20250722081708/544_clerk.legacy.browser_f0c5cb_5.75.0-canary.v20250722081708.min.js.br
- clerk-js/5.75.0-canary.v20250722081708/544_clerk.legacy.browser_f0c5cb_5.75.0-canary.v20250722081708.min.js.gz
- clerk-js/5.75.0-canary.v20250722081708/544_clerk.legacy.browser_f0c5cb_5.75.0-canary.v20250722081708.min.js.sri
- clerk-js/5.75.0-canary.v20250722081708/553_clerk.headless_92f4f9_5.75.0-canary.v20250722081708.js.br
- clerk-js/5.75.0-canary.v20250722081708/553_clerk.headless_92f4f9_5.75.0-canary.v20250722081708.js.gz
- clerk-js/5.75.0-canary.v20250722081708/553_clerk.headless_92f4f9_5.75.0-canary.v20250722081708.js.sri
- clerk-js/5.75.0-canary.v20250722081708/553_clerk.headless_92f4f9_5.75.0-canary.v20250722081708.min.js.br
- clerk-js/5.75.0-canary.v20250722081708/553_clerk.headless_92f4f9_5.75.0-canary.v20250722081708.min.js.gz
- clerk-js/5.75.0-canary.v20250722081708/553_clerk.headless_92f4f9_5.75.0-canary.v20250722081708.min.js.sri
- clerk-js/5.75.0-canary.v20250722081708/645_clerk.browser_1126c0_5.75.0-canary.v20250722081708.js.br
- clerk-js/5.75.0-canary.v20250722081708/645_clerk.browser_1126c0_5.75.0-canary.v20250722081708.js.gz
- clerk-js/5.75.0-canary.v20250722081708/645_clerk.browser_1126c0_5.75.0-canary.v20250722081708.js.sri
- clerk-js/5.75.0-canary.v20250722081708/645_clerk.browser_1126c0_5.75.0-canary.v20250722081708.min.js.br
- clerk-js/5.75.0-canary.v20250722081708/645_clerk.browser_1126c0_5.75.0-canary.v20250722081708.min.js.gz
- clerk-js/5.75.0-canary.v20250722081708/645_clerk.browser_1126c0_5.75.0-canary.v20250722081708.min.js.sri
- clerk-js/5.75.0-canary.v20250722081708/645_clerk.chips.browser_a5940f_5.75.0-canary.v20250722081708.js.br
- clerk-js/5.75.0-canary.v20250722081708/645_clerk.chips.browser_a5940f_5.75.0-canary.v20250722081708.js.gz
- clerk-js/5.75.0-canary.v20250722081708/645_clerk.chips.browser_a5940f_5.75.0-canary.v20250722081708.js.sri
- clerk-js/5.75.0-canary.v20250722081708/645_clerk.chips.browser_a5940f_5.75.0-canary.v20250722081708.min.js.br
- clerk-js/5.75.0-canary.v20250722081708/645_clerk.chips.browser_a5940f_5.75.0-canary.v20250722081708.min.js.gz
- clerk-js/5.75.0-canary.v20250722081708/645_clerk.chips.browser_a5940f_5.75.0-canary.v20250722081708.min.js.sri
- clerk-js/5.75.0-canary.v20250722081708/645_clerk.legacy.browser_f0c5cb_5.75.0-canary.v20250722081708.js.br
- clerk-js/5.75.0-canary.v20250722081708/645_clerk.legacy.browser_f0c5cb_5.75.0-canary.v20250722081708.js.gz
- clerk-js/5.75.0-canary.v20250722081708/645_clerk.legacy.browser_f0c5cb_5.75.0-canary.v20250722081708.js.sri
- clerk-js/5.75.0-canary.v20250722081708/645_clerk.legacy.browser_f0c5cb_5.75.0-canary.v20250722081708.min.js.br
- clerk-js/5.75.0-canary.v20250722081708/645_clerk.legacy.browser_f0c5cb_5.75.0-canary.v20250722081708.min.js.gz
- clerk-js/5.75.0-canary.v20250722081708/645_clerk.legacy.browser_f0c5cb_5.75.0-canary.v20250722081708.min.js.sri
- clerk-js/5.75.0-canary.v20250722081708/66_clerk.browser_1126c0_5.75.0-canary.v20250722081708.js.br
- clerk-js/5.75.0-canary.v20250722081708/66_clerk.browser_1126c0_5.75.0-canary.v20250722081708.js.gz
- clerk-js/5.75.0-canary.v20250722081708/66_clerk.browser_1126c0_5.75.0-canary.v20250722081708.js.sri
- clerk-js/5.75.0-canary.v20250722081708/66_clerk.browser_1126c0_5.75.0-canary.v20250722081708.min.js.br
- clerk-js/5.75.0-canary.v20250722081708/66_clerk.browser_1126c0_5.75.0-canary.v20250722081708.min.js.gz
- clerk-js/5.75.0-canary.v20250722081708/66_clerk.browser_1126c0_5.75.0-canary.v20250722081708.min.js.sri
- clerk-js/5.75.0-canary.v20250722081708/66_clerk.chips.browser_a5940f_5.75.0-canary.v20250722081708.js.br
- clerk-js/5.75.0-canary.v20250722081708/66_clerk.chips.browser_a5940f_5.75.0-canary.v20250722081708.js.gz
- clerk-js/5.75.0-canary.v20250722081708/66_clerk.chips.browser_a5940f_5.75.0-canary.v20250722081708.js.sri
- clerk-js/5.75.0-canary.v20250722081708/66_clerk.chips.browser_a5940f_5.75.0-canary.v20250722081708.min.js.br
- clerk-js/5.75.0-canary.v20250722081708/66_clerk.chips.browser_a5940f_5.75.0-canary.v20250722081708.min.js.gz
- clerk-js/5.75.0-canary.v20250722081708/66_clerk.chips.browser_a5940f_5.75.0-canary.v20250722081708.min.js.sri
- clerk-js/5.75.0-canary.v20250722081708/66_clerk.legacy.browser_f0c5cb_5.75.0-canary.v20250722081708.js.br
- clerk-js/5.75.0-canary.v20250722081708/66_clerk.legacy.browser_f0c5cb_5.75.0-canary.v20250722081708.js.gz
- clerk-js/5.75.0-canary.v20250722081708/66_clerk.legacy.browser_f0c5cb_5.75.0-canary.v20250722081708.js.sri
- clerk-js/5.75.0-canary.v20250722081708/66_clerk.legacy.browser_f0c5cb_5.75.0-canary.v20250722081708.min.js.br
- clerk-js/5.75.0-canary.v20250722081708/66_clerk.legacy.browser_f0c5cb_5.75.0-canary.v20250722081708.min.js.gz
- clerk-js/5.75.0-canary.v20250722081708/66_clerk.legacy.browser_f0c5cb_5.75.0-canary.v20250722081708.min.js.sri
- clerk-js/5.75.0-canary.v20250722081708/890_clerk.headless_92f4f9_5.75.0-canary.v20250722081708.js.br
- clerk-js/5.75.0-canary.v20250722081708/890_clerk.headless_92f4f9_5.75.0-canary.v20250722081708.js.gz
- clerk-js/5.75.0-canary.v20250722081708/890_clerk.headless_92f4f9_5.75.0-canary.v20250722081708.js.sri
- clerk-js/5.75.0-canary.v20250722081708/890_clerk.headless_92f4f9_5.75.0-canary.v20250722081708.min.js.br
- clerk-js/5.75.0-canary.v20250722081708/890_clerk.headless_92f4f9_5.75.0-canary.v20250722081708.min.js.gz
- clerk-js/5.75.0-canary.v20250722081708/890_clerk.headless_92f4f9_5.75.0-canary.v20250722081708.min.js.sri
- clerk-js/5.75.0-canary.v20250722081708/965_clerk.headless_92f4f9_5.75.0-canary.v20250722081708.js.br
- clerk-js/5.75.0-canary.v20250722081708/965_clerk.headless_92f4f9_5.75.0-canary.v20250722081708.js.gz
- clerk-js/5.75.0-canary.v20250722081708/965_clerk.headless_92f4f9_5.75.0-canary.v20250722081708.js.sri
- clerk-js/5.75.0-canary.v20250722081708/965_clerk.headless_92f4f9_5.75.0-canary.v20250722081708.min.js.br
- clerk-js/5.75.0-canary.v20250722081708/965_clerk.headless_92f4f9_5.75.0-canary.v20250722081708.min.js.gz
- clerk-js/5.75.0-canary.v20250722081708/965_clerk.headless_92f4f9_5.75.0-canary.v20250722081708.min.js.sri
- clerk-js/5.75.0-canary.v20250722081708/apiKeys_clerk.browser_1126c0_5.75.0-canary.v20250722081708.js.br
- clerk-js/5.75.0-canary.v20250722081708/apiKeys_clerk.browser_1126c0_5.75.0-canary.v20250722081708.js.gz
- clerk-js/5.75.0-canary.v20250722081708/apiKeys_clerk.browser_1126c0_5.75.0-canary.v20250722081708.js.sri
- clerk-js/5.75.0-canary.v20250722081708/apiKeys_clerk.browser_1126c0_5.75.0-canary.v20250722081708.min.js.br
- clerk-js/5.75.0-canary.v20250722081708/apiKeys_clerk.browser_1126c0_5.75.0-canary.v20250722081708.min.js.gz
- clerk-js/5.75.0-canary.v20250722081708/apiKeys_clerk.browser_1126c0_5.75.0-canary.v20250722081708.min.js.sri
- clerk-js/5.75.0-canary.v20250722081708/apiKeys_clerk.chips.browser_a5940f_5.75.0-canary.v20250722081708.js.br
- clerk-js/5.75.0-canary.v20250722081708/apiKeys_clerk.chips.browser_a5940f_5.75.0-canary.v20250722081708.js.gz
- clerk-js/5.75.0-canary.v20250722081708/apiKeys_clerk.chips.browser_a5940f_5.75.0-canary.v20250722081708.js.sri
- clerk-js/5.75.0-canary.v20250722081708/apiKeys_clerk.chips.browser_a5940f_5.75.0-canary.v20250722081708.min.js.br
- clerk-js/5.75.0-canary.v20250722081708/apiKeys_clerk.chips.browser_a5940f_5.75.0-canary.v20250722081708.min.js.gz
- clerk-js/5.75.0-canary.v20250722081708/apiKeys_clerk.chips.browser_a5940f_5.75.0-canary.v20250722081708.min.js.sri
- clerk-js/5.75.0-canary.v20250722081708/apiKeys_clerk.legacy.browser_f0c5cb_5.75.0-canary.v20250722081708.js.br
- clerk-js/5.75.0-canary.v20250722081708/apiKeys_clerk.legacy.browser_f0c5cb_5.75.0-canary.v20250722081708.js.gz
- clerk-js/5.75.0-canary.v20250722081708/apiKeys_clerk.legacy.browser_f0c5cb_5.75.0-canary.v20250722081708.js.sri
- clerk-js/5.75.0-canary.v20250722081708/apiKeys_clerk.legacy.browser_f0c5cb_5.75.0-canary.v20250722081708.min.js.br
- clerk-js/5.75.0-canary.v20250722081708/apiKeys_clerk.legacy.browser_f0c5cb_5.75.0-canary.v20250722081708.min.js.gz
- clerk-js/5.75.0-canary.v20250722081708/apiKeys_clerk.legacy.browser_f0c5cb_5.75.0-canary.v20250722081708.min.js.sri
- clerk-js/5.75.0-canary.v20250722081708/blankcaptcha_clerk.browser_1126c0_5.75.0-canary.v20250722081708.js.br
- clerk-js/5.75.0-canary.v20250722081708/blankcaptcha_clerk.browser_1126c0_5.75.0-canary.v20250722081708.js.gz
- clerk-js/5.75.0-canary.v20250722081708/blankcaptcha_clerk.browser_1126c0_5.75.0-canary.v20250722081708.js.sri
- clerk-js/5.75.0-canary.v20250722081708/blankcaptcha_clerk.browser_1126c0_5.75.0-canary.v20250722081708.min.js.br
- clerk-js/5.75.0-canary.v20250722081708/blankcaptcha_clerk.browser_1126c0_5.75.0-canary.v20250722081708.min.js.gz
- clerk-js/5.75.0-canary.v20250722081708/blankcaptcha_clerk.browser_1126c0_5.75.0-canary.v20250722081708.min.js.sri
- clerk-js/5.75.0-canary.v20250722081708/blankcaptcha_clerk.chips.browser_a5940f_5.75.0-canary.v20250722081708.js.br
- clerk-js/5.75.0-canary.v20250722081708/blankcaptcha_clerk.chips.browser_a5940f_5.75.0-canary.v20250722081708.js.gz
- clerk-js/5.75.0-canary.v20250722081708/blankcaptcha_clerk.chips.browser_a5940f_5.75.0-canary.v20250722081708.js.sri
- clerk-js/5.75.0-canary.v20250722081708/blankcaptcha_clerk.chips.browser_a5940f_5.75.0-canary.v20250722081708.min.js.br
- clerk-js/5.75.0-canary.v20250722081708/blankcaptcha_clerk.chips.browser_a5940f_5.75.0-canary.v20250722081708.min.js.gz
- clerk-js/5.75.0-canary.v20250722081708/blankcaptcha_clerk.chips.browser_a5940f_5.75.0-canary.v20250722081708.min.js.sri
- clerk-js/5.75.0-canary.v20250722081708/blankcaptcha_clerk.legacy.browser_f0c5cb_5.75.0-canary.v20250722081708.js.br
- clerk-js/5.75.0-canary.v20250722081708/blankcaptcha_clerk.legacy.browser_f0c5cb_5.75.0-canary.v20250722081708.js.gz
- clerk-js/5.75.0-canary.v20250722081708/blankcaptcha_clerk.legacy.browser_f0c5cb_5.75.0-canary.v20250722081708.js.sri
- clerk-js/5.75.0-canary.v20250722081708/blankcaptcha_clerk.legacy.browser_f0c5cb_5.75.0-canary.v20250722081708.min.js.br
- clerk-js/5.75.0-canary.v20250722081708/blankcaptcha_clerk.legacy.browser_f0c5cb_5.75.0-canary.v20250722081708.min.js.gz
- clerk-js/5.75.0-canary.v20250722081708/blankcaptcha_clerk.legacy.browser_f0c5cb_5.75.0-canary.v20250722081708.min.js.sri
- clerk-js/5.75.0-canary.v20250722081708/checkout_clerk.browser_1126c0_5.75.0-canary.v20250722081708.js.br
- clerk-js/5.75.0-canary.v20250722081708/checkout_clerk.browser_1126c0_5.75.0-canary.v20250722081708.js.gz
- clerk-js/5.75.0-canary.v20250722081708/checkout_clerk.browser_1126c0_5.75.0-canary.v20250722081708.js.sri
- clerk-js/5.75.0-canary.v20250722081708/checkout_clerk.browser_1126c0_5.75.0-canary.v20250722081708.min.js.br
- clerk-js/5.75.0-canary.v20250722081708/checkout_clerk.browser_1126c0_5.75.0-canary.v20250722081708.min.js.gz
- clerk-js/5.75.0-canary.v20250722081708/checkout_clerk.browser_1126c0_5.75.0-canary.v20250722081708.min.js.sri
- clerk-js/5.75.0-canary.v20250722081708/checkout_clerk.chips.browser_a5940f_5.75.0-canary.v20250722081708.js.br
- clerk-js/5.75.0-canary.v20250722081708/checkout_clerk.chips.browser_a5940f_5.75.0-canary.v20250722081708.js.gz
- clerk-js/5.75.0-canary.v20250722081708/checkout_clerk.chips.browser_a5940f_5.75.0-canary.v20250722081708.js.sri
- clerk-js/5.75.0-canary.v20250722081708/checkout_clerk.chips.browser_a5940f_5.75.0-canary.v20250722081708.min.js.br
- clerk-js/5.75.0-canary.v20250722081708/checkout_clerk.chips.browser_a5940f_5.75.0-canary.v20250722081708.min.js.gz
- clerk-js/5.75.0-canary.v20250722081708/checkout_clerk.chips.browser_a5940f_5.75.0-canary.v20250722081708.min.js.sri
- clerk-js/5.75.0-canary.v20250722081708/checkout_clerk.legacy.browser_f0c5cb_5.75.0-canary.v20250722081708.js.br
- clerk-js/5.75.0-canary.v20250722081708/checkout_clerk.legacy.browser_f0c5cb_5.75.0-canary.v20250722081708.js.gz
- clerk-js/5.75.0-canary.v20250722081708/checkout_clerk.legacy.browser_f0c5cb_5.75.0-canary.v20250722081708.js.sri
- clerk-js/5.75.0-canary.v20250722081708/checkout_clerk.legacy.browser_f0c5cb_5.75.0-canary.v20250722081708.min.js.br
- clerk-js/5.75.0-canary.v20250722081708/checkout_clerk.legacy.browser_f0c5cb_5.75.0-canary.v20250722081708.min.js.gz
- clerk-js/5.75.0-canary.v20250722081708/checkout_clerk.legacy.browser_f0c5cb_5.75.0-canary.v20250722081708.min.js.sri
- clerk-js/5.75.0-canary.v20250722081708/clerk.browser.js.br
- clerk-js/5.75.0-canary.v20250722081708/clerk.browser.js.gz
- clerk-js/5.75.0-canary.v20250722081708/clerk.browser.js.sri
- clerk-js/5.75.0-canary.v20250722081708/clerk.browser.min.js.br
- clerk-js/5.75.0-canary.v20250722081708/clerk.browser.min.js.gz
- clerk-js/5.75.0-canary.v20250722081708/clerk.browser.min.js.sri
- clerk-js/5.75.0-canary.v20250722081708/clerk.chips.browser.js.br
- clerk-js/5.75.0-canary.v20250722081708/clerk.chips.browser.js.gz
- clerk-js/5.75.0-canary.v20250722081708/clerk.chips.browser.js.sri
- clerk-js/5.75.0-canary.v20250722081708/clerk.chips.browser.min.js.br
- clerk-js/5.75.0-canary.v20250722081708/clerk.chips.browser.min.js.gz
- clerk-js/5.75.0-canary.v20250722081708/clerk.chips.browser.min.js.sri
- clerk-js/5.75.0-canary.v20250722081708/clerk.headless.browser.js.br
- clerk-js/5.75.0-canary.v20250722081708/clerk.headless.browser.js.gz
- clerk-js/5.75.0-canary.v20250722081708/clerk.headless.browser.js.sri
- clerk-js/5.75.0-canary.v20250722081708/clerk.headless.browser.min.js.br
- clerk-js/5.75.0-canary.v20250722081708/clerk.headless.browser.min.js.gz
- clerk-js/5.75.0-canary.v20250722081708/clerk.headless.browser.min.js.sri
- clerk-js/5.75.0-canary.v20250722081708/clerk.headless.js.br
- clerk-js/5.75.0-canary.v20250722081708/clerk.headless.js.gz
- clerk-js/5.75.0-canary.v20250722081708/clerk.headless.js.sri
- clerk-js/5.75.0-canary.v20250722081708/clerk.headless.min.js.br
- clerk-js/5.75.0-canary.v20250722081708/clerk.headless.min.js.gz
- clerk-js/5.75.0-canary.v20250722081708/clerk.headless.min.js.sri
- clerk-js/5.75.0-canary.v20250722081708/clerk.js.br
- clerk-js/5.75.0-canary.v20250722081708/clerk.js.gz
- clerk-js/5.75.0-canary.v20250722081708/clerk.js.sri
- clerk-js/5.75.0-canary.v20250722081708/clerk.legacy.browser.js.br
- clerk-js/5.75.0-canary.v20250722081708/clerk.legacy.browser.js.gz
- clerk-js/5.75.0-canary.v20250722081708/clerk.legacy.browser.js.sri
- clerk-js/5.75.0-canary.v20250722081708/clerk.legacy.browser.min.js.br
- clerk-js/5.75.0-canary.v20250722081708/clerk.legacy.browser.min.js.gz
- clerk-js/5.75.0-canary.v20250722081708/clerk.legacy.browser.min.js.sri
- clerk-js/5.75.0-canary.v20250722081708/clerk.min.js.br
- clerk-js/5.75.0-canary.v20250722081708/clerk.min.js.gz
- clerk-js/5.75.0-canary.v20250722081708/clerk.min.js.sri
- clerk-js/5.75.0-canary.v20250722081708/clerk.mjs.br
- clerk-js/5.75.0-canary.v20250722081708/clerk.mjs.gz
- clerk-js/5.75.0-canary.v20250722081708/clerk.no-rhc.js.br
- clerk-js/5.75.0-canary.v20250722081708/clerk.no-rhc.js.gz
- clerk-js/5.75.0-canary.v20250722081708/clerk.no-rhc.js.sri
- clerk-js/5.75.0-canary.v20250722081708/clerk.no-rhc.min.js.br
- clerk-js/5.75.0-canary.v20250722081708/clerk.no-rhc.min.js.gz
- clerk-js/5.75.0-canary.v20250722081708/clerk.no-rhc.min.js.sri
- clerk-js/5.75.0-canary.v20250722081708/clerk.no-rhc.mjs.br
- clerk-js/5.75.0-canary.v20250722081708/clerk.no-rhc.mjs.gz
- clerk-js/5.75.0-canary.v20250722081708/coinbase-wallet-sdk_clerk.browser_1126c0_5.75.0-canary.v20250722081708.js.br
- clerk-js/5.75.0-canary.v20250722081708/coinbase-wallet-sdk_clerk.browser_1126c0_5.75.0-canary.v20250722081708.js.gz
- clerk-js/5.75.0-canary.v20250722081708/coinbase-wallet-sdk_clerk.browser_1126c0_5.75.0-canary.v20250722081708.js.sri
- clerk-js/5.75.0-canary.v20250722081708/coinbase-wallet-sdk_clerk.browser_1126c0_5.75.0-canary.v20250722081708.min.js.br
- clerk-js/5.75.0-canary.v20250722081708/coinbase-wallet-sdk_clerk.browser_1126c0_5.75.0-canary.v20250722081708.min.js.gz
- clerk-js/5.75.0-canary.v20250722081708/coinbase-wallet-sdk_clerk.browser_1126c0_5.75.0-canary.v20250722081708.min.js.sri
- clerk-js/5.75.0-canary.v20250722081708/coinbase-wallet-sdk_clerk.chips.browser_a5940f_5.75.0-canary.v20250722081708.js.br
- clerk-js/5.75.0-canary.v20250722081708/coinbase-wallet-sdk_clerk.chips.browser_a5940f_5.75.0-canary.v20250722081708.js.gz
- clerk-js/5.75.0-canary.v20250722081708/coinbase-wallet-sdk_clerk.chips.browser_a5940f_5.75.0-canary.v20250722081708.js.sri
- clerk-js/5.75.0-canary.v20250722081708/coinbase-wallet-sdk_clerk.chips.browser_a5940f_5.75.0-canary.v20250722081708.min.js.br
- clerk-js/5.75.0-canary.v20250722081708/coinbase-wallet-sdk_clerk.chips.browser_a5940f_5.75.0-canary.v20250722081708.min.js.gz
- clerk-js/5.75.0-canary.v20250722081708/coinbase-wallet-sdk_clerk.chips.browser_a5940f_5.75.0-canary.v20250722081708.min.js.sri
- clerk-js/5.75.0-canary.v20250722081708/coinbase-wallet-sdk_clerk.headless.browser_7c6ab0_5.75.0-canary.v20250722081708.js.br
- clerk-js/5.75.0-canary.v20250722081708/coinbase-wallet-sdk_clerk.headless.browser_7c6ab0_5.75.0-canary.v20250722081708.js.gz
- clerk-js/5.75.0-canary.v20250722081708/coinbase-wallet-sdk_clerk.headless.browser_7c6ab0_5.75.0-canary.v20250722081708.js.sri
- clerk-js/5.75.0-canary.v20250722081708/coinbase-wallet-sdk_clerk.headless.browser_7c6ab0_5.75.0-canary.v20250722081708.min.js.br
- clerk-js/5.75.0-canary.v20250722081708/coinbase-wallet-sdk_clerk.headless.browser_7c6ab0_5.75.0-canary.v20250722081708.min.js.gz
- clerk-js/5.75.0-canary.v20250722081708/coinbase-wallet-sdk_clerk.headless.browser_7c6ab0_5.75.0-canary.v20250722081708.min.js.sri
- clerk-js/5.75.0-canary.v20250722081708/coinbase-wallet-sdk_clerk.legacy.browser_f0c5cb_5.75.0-canary.v20250722081708.js.br
- clerk-js/5.75.0-canary.v20250722081708/coinbase-wallet-sdk_clerk.legacy.browser_f0c5cb_5.75.0-canary.v20250722081708.js.gz
- clerk-js/5.75.0-canary.v20250722081708/coinbase-wallet-sdk_clerk.legacy.browser_f0c5cb_5.75.0-canary.v20250722081708.js.sri
- clerk-js/5.75.0-canary.v20250722081708/coinbase-wallet-sdk_clerk.legacy.browser_f0c5cb_5.75.0-canary.v20250722081708.min.js.br
- clerk-js/5.75.0-canary.v20250722081708/coinbase-wallet-sdk_clerk.legacy.browser_f0c5cb_5.75.0-canary.v20250722081708.min.js.gz
- clerk-js/5.75.0-canary.v20250722081708/coinbase-wallet-sdk_clerk.legacy.browser_f0c5cb_5.75.0-canary.v20250722081708.min.js.sri
- clerk-js/5.75.0-canary.v20250722081708/cookieSuffix_clerk.browser_1126c0_5.75.0-canary.v20250722081708.js.br
- clerk-js/5.75.0-canary.v20250722081708/cookieSuffix_clerk.browser_1126c0_5.75.0-canary.v20250722081708.js.gz
- clerk-js/5.75.0-canary.v20250722081708/cookieSuffix_clerk.browser_1126c0_5.75.0-canary.v20250722081708.js.sri
- clerk-js/5.75.0-canary.v20250722081708/cookieSuffix_clerk.browser_1126c0_5.75.0-canary.v20250722081708.min.js.br
- clerk-js/5.75.0-canary.v20250722081708/cookieSuffix_clerk.browser_1126c0_5.75.0-canary.v20250722081708.min.js.gz
- clerk-js/5.75.0-canary.v20250722081708/cookieSuffix_clerk.browser_1126c0_5.75.0-canary.v20250722081708.min.js.sri
- clerk-js/5.75.0-canary.v20250722081708/cookieSuffix_clerk.chips.browser_a5940f_5.75.0-canary.v20250722081708.js.br
- clerk-js/5.75.0-canary.v20250722081708/cookieSuffix_clerk.chips.browser_a5940f_5.75.0-canary.v20250722081708.js.gz
- clerk-js/5.75.0-canary.v20250722081708/cookieSuffix_clerk.chips.browser_a5940f_5.75.0-canary.v20250722081708.js.sri
- clerk-js/5.75.0-canary.v20250722081708/cookieSuffix_clerk.chips.browser_a5940f_5.75.0-canary.v20250722081708.min.js.br
- clerk-js/5.75.0-canary.v20250722081708/cookieSuffix_clerk.chips.browser_a5940f_5.75.0-canary.v20250722081708.min.js.gz
- clerk-js/5.75.0-canary.v20250722081708/cookieSuffix_clerk.chips.browser_a5940f_5.75.0-canary.v20250722081708.min.js.sri
- clerk-js/5.75.0-canary.v20250722081708/cookieSuffix_clerk.headless.browser_7c6ab0_5.75.0-canary.v20250722081708.js.br
- clerk-js/5.75.0-canary.v20250722081708/cookieSuffix_clerk.headless.browser_7c6ab0_5.75.0-canary.v20250722081708.js.gz
- clerk-js/5.75.0-canary.v20250722081708/cookieSuffix_clerk.headless.browser_7c6ab0_5.75.0-canary.v20250722081708.js.sri
- clerk-js/5.75.0-canary.v20250722081708/cookieSuffix_clerk.headless.browser_7c6ab0_5.75.0-canary.v20250722081708.min.js.br
- clerk-js/5.75.0-canary.v20250722081708/cookieSuffix_clerk.headless.browser_7c6ab0_5.75.0-canary.v20250722081708.min.js.gz
- clerk-js/5.75.0-canary.v20250722081708/cookieSuffix_clerk.headless.browser_7c6ab0_5.75.0-canary.v20250722081708.min.js.sri
- clerk-js/5.75.0-canary.v20250722081708/cookieSuffix_clerk.headless_92f4f9_5.75.0-canary.v20250722081708.js.br
- clerk-js/5.75.0-canary.v20250722081708/cookieSuffix_clerk.headless_92f4f9_5.75.0-canary.v20250722081708.js.gz
- clerk-js/5.75.0-canary.v20250722081708/cookieSuffix_clerk.headless_92f4f9_5.75.0-canary.v20250722081708.js.sri
- clerk-js/5.75.0-canary.v20250722081708/cookieSuffix_clerk.headless_92f4f9_5.75.0-canary.v20250722081708.min.js.br
- clerk-js/5.75.0-canary.v20250722081708/cookieSuffix_clerk.headless_92f4f9_5.75.0-canary.v20250722081708.min.js.gz
- clerk-js/5.75.0-canary.v20250722081708/cookieSuffix_clerk.headless_92f4f9_5.75.0-canary.v20250722081708.min.js.sri
- clerk-js/5.75.0-canary.v20250722081708/cookieSuffix_clerk.legacy.browser_f0c5cb_5.75.0-canary.v20250722081708.js.br
- clerk-js/5.75.0-canary.v20250722081708/cookieSuffix_clerk.legacy.browser_f0c5cb_5.75.0-canary.v20250722081708.js.gz
- clerk-js/5.75.0-canary.v20250722081708/cookieSuffix_clerk.legacy.browser_f0c5cb_5.75.0-canary.v20250722081708.js.sri
- clerk-js/5.75.0-canary.v20250722081708/cookieSuffix_clerk.legacy.browser_f0c5cb_5.75.0-canary.v20250722081708.min.js.br
- clerk-js/5.75.0-canary.v20250722081708/cookieSuffix_clerk.legacy.browser_f0c5cb_5.75.0-canary.v20250722081708.min.js.gz
- clerk-js/5.75.0-canary.v20250722081708/cookieSuffix_clerk.legacy.browser_f0c5cb_5.75.0-canary.v20250722081708.min.js.sri
- clerk-js/5.75.0-canary.v20250722081708/createorganization_clerk.browser_1126c0_5.75.0-canary.v20250722081708.js.br
- clerk-js/5.75.0-canary.v20250722081708/createorganization_clerk.browser_1126c0_5.75.0-canary.v20250722081708.js.gz
- clerk-js/5.75.0-canary.v20250722081708/createorganization_clerk.browser_1126c0_5.75.0-canary.v20250722081708.js.sri
- clerk-js/5.75.0-canary.v20250722081708/createorganization_clerk.browser_1126c0_5.75.0-canary.v20250722081708.min.js.br
- clerk-js/5.75.0-canary.v20250722081708/createorganization_clerk.browser_1126c0_5.75.0-canary.v20250722081708.min.js.gz
- clerk-js/5.75.0-canary.v20250722081708/createorganization_clerk.browser_1126c0_5.75.0-canary.v20250722081708.min.js.sri
- clerk-js/5.75.0-canary.v20250722081708/createorganization_clerk.chips.browser_a5940f_5.75.0-canary.v20250722081708.js.br
- clerk-js/5.75.0-canary.v20250722081708/createorganization_clerk.chips.browser_a5940f_5.75.0-canary.v20250722081708.js.gz
- clerk-js/5.75.0-canary.v20250722081708/createorganization_clerk.chips.browser_a5940f_5.75.0-canary.v20250722081708.js.sri
- clerk-js/5.75.0-canary.v20250722081708/createorganization_clerk.chips.browser_a5940f_5.75.0-canary.v20250722081708.min.js.br
- clerk-js/5.75.0-canary.v20250722081708/createorganization_clerk.chips.browser_a5940f_5.75.0-canary.v20250722081708.min.js.gz
- clerk-js/5.75.0-canary.v20250722081708/createorganization_clerk.chips.browser_a5940f_5.75.0-canary.v20250722081708.min.js.sri
- clerk-js/5.75.0-canary.v20250722081708/createorganization_clerk.legacy.browser_f0c5cb_5.75.0-canary.v20250722081708.js.br
- clerk-js/5.75.0-canary.v20250722081708/createorganization_clerk.legacy.browser_f0c5cb_5.75.0-canary.v20250722081708.js.gz
- clerk-js/5.75.0-canary.v20250722081708/createorganization_clerk.legacy.browser_f0c5cb_5.75.0-canary.v20250722081708.js.sri
- clerk-js/5.75.0-canary.v20250722081708/createorganization_clerk.legacy.browser_f0c5cb_5.75.0-canary.v20250722081708.min.js.br
- clerk-js/5.75.0-canary.v20250722081708/createorganization_clerk.legacy.browser_f0c5cb_5.75.0-canary.v20250722081708.min.js.gz
- clerk-js/5.75.0-canary.v20250722081708/createorganization_clerk.legacy.browser_f0c5cb_5.75.0-canary.v20250722081708.min.js.sri
- clerk-js/5.75.0-canary.v20250722081708/framework_clerk.browser_1126c0_5.75.0-canary.v20250722081708.js.br
- clerk-js/5.75.0-canary.v20250722081708/framework_clerk.browser_1126c0_5.75.0-canary.v20250722081708.js.gz
- clerk-js/5.75.0-canary.v20250722081708/framework_clerk.browser_1126c0_5.75.0-canary.v20250722081708.js.sri
- clerk-js/5.75.0-canary.v20250722081708/framework_clerk.browser_1126c0_5.75.0-canary.v20250722081708.min.js.br
- clerk-js/5.75.0-canary.v20250722081708/framework_clerk.browser_1126c0_5.75.0-canary.v20250722081708.min.js.gz
- clerk-js/5.75.0-canary.v20250722081708/framework_clerk.browser_1126c0_5.75.0-canary.v20250722081708.min.js.sri
- clerk-js/5.75.0-canary.v20250722081708/framework_clerk.chips.browser_a5940f_5.75.0-canary.v20250722081708.js.br
- clerk-js/5.75.0-canary.v20250722081708/framework_clerk.chips.browser_a5940f_5.75.0-canary.v20250722081708.js.gz
- clerk-js/5.75.0-canary.v20250722081708/framework_clerk.chips.browser_a5940f_5.75.0-canary.v20250722081708.js.sri
- clerk-js/5.75.0-canary.v20250722081708/framework_clerk.chips.browser_a5940f_5.75.0-canary.v20250722081708.min.js.br
- clerk-js/5.75.0-canary.v20250722081708/framework_clerk.chips.browser_a5940f_5.75.0-canary.v20250722081708.min.js.gz
- clerk-js/5.75.0-canary.v20250722081708/framework_clerk.chips.browser_a5940f_5.75.0-canary.v20250722081708.min.js.sri
- clerk-js/5.75.0-canary.v20250722081708/framework_clerk.legacy.browser_f0c5cb_5.75.0-canary.v20250722081708.js.br
- clerk-js/5.75.0-canary.v20250722081708/framework_clerk.legacy.browser_f0c5cb_5.75.0-canary.v20250722081708.js.gz
- clerk-js/5.75.0-canary.v20250722081708/framework_clerk.legacy.browser_f0c5cb_5.75.0-canary.v20250722081708.js.sri
- clerk-js/5.75.0-canary.v20250722081708/framework_clerk.legacy.browser_f0c5cb_5.75.0-canary.v20250722081708.min.js.br
- clerk-js/5.75.0-canary.v20250722081708/framework_clerk.legacy.browser_f0c5cb_5.75.0-canary.v20250722081708.min.js.gz
- clerk-js/5.75.0-canary.v20250722081708/framework_clerk.legacy.browser_f0c5cb_5.75.0-canary.v20250722081708.min.js.sri
- clerk-js/5.75.0-canary.v20250722081708/impersonationfab_clerk.browser_1126c0_5.75.0-canary.v20250722081708.js.br
- clerk-js/5.75.0-canary.v20250722081708/impersonationfab_clerk.browser_1126c0_5.75.0-canary.v20250722081708.js.gz
- clerk-js/5.75.0-canary.v20250722081708/impersonationfab_clerk.browser_1126c0_5.75.0-canary.v20250722081708.js.sri
- clerk-js/5.75.0-canary.v20250722081708/impersonationfab_clerk.browser_1126c0_5.75.0-canary.v20250722081708.min.js.br
- clerk-js/5.75.0-canary.v20250722081708/impersonationfab_clerk.browser_1126c0_5.75.0-canary.v20250722081708.min.js.gz
- clerk-js/5.75.0-canary.v20250722081708/impersonationfab_clerk.browser_1126c0_5.75.0-canary.v20250722081708.min.js.sri
- clerk-js/5.75.0-canary.v20250722081708/impersonationfab_clerk.chips.browser_a5940f_5.75.0-canary.v20250722081708.js.br
- clerk-js/5.75.0-canary.v20250722081708/impersonationfab_clerk.chips.browser_a5940f_5.75.0-canary.v20250722081708.js.gz
- clerk-js/5.75.0-canary.v20250722081708/impersonationfab_clerk.chips.browser_a5940f_5.75.0-canary.v20250722081708.js.sri
- clerk-js/5.75.0-canary.v20250722081708/impersonationfab_clerk.chips.browser_a5940f_5.75.0-canary.v20250722081708.min.js.br
- clerk-js/5.75.0-canary.v20250722081708/impersonationfab_clerk.chips.browser_a5940f_5.75.0-canary.v20250722081708.min.js.gz
- clerk-js/5.75.0-canary.v20250722081708/impersonationfab_clerk.chips.browser_a5940f_5.75.0-canary.v20250722081708.min.js.sri
- clerk-js/5.75.0-canary.v20250722081708/impersonationfab_clerk.legacy.browser_f0c5cb_5.75.0-canary.v20250722081708.js.br
- clerk-js/5.75.0-canary.v20250722081708/impersonationfab_clerk.legacy.browser_f0c5cb_5.75.0-canary.v20250722081708.js.gz
- clerk-js/5.75.0-canary.v20250722081708/impersonationfab_clerk.legacy.browser_f0c5cb_5.75.0-canary.v20250722081708.js.sri
- clerk-js/5.75.0-canary.v20250722081708/impersonationfab_clerk.legacy.browser_f0c5cb_5.75.0-canary.v20250722081708.min.js.br
- clerk-js/5.75.0-canary.v20250722081708/impersonationfab_clerk.legacy.browser_f0c5cb_5.75.0-canary.v20250722081708.min.js.gz
- clerk-js/5.75.0-canary.v20250722081708/impersonationfab_clerk.legacy.browser_f0c5cb_5.75.0-canary.v20250722081708.min.js.sri
- clerk-js/5.75.0-canary.v20250722081708/keylessPrompt_clerk.browser_1126c0_5.75.0-canary.v20250722081708.js.br
- clerk-js/5.75.0-canary.v20250722081708/keylessPrompt_clerk.browser_1126c0_5.75.0-canary.v20250722081708.js.gz
- clerk-js/5.75.0-canary.v20250722081708/keylessPrompt_clerk.browser_1126c0_5.75.0-canary.v20250722081708.js.sri
- clerk-js/5.75.0-canary.v20250722081708/keylessPrompt_clerk.browser_1126c0_5.75.0-canary.v20250722081708.min.js.br
- clerk-js/5.75.0-canary.v20250722081708/keylessPrompt_clerk.browser_1126c0_5.75.0-canary.v20250722081708.min.js.gz
- clerk-js/5.75.0-canary.v20250722081708/keylessPrompt_clerk.browser_1126c0_5.75.0-canary.v20250722081708.min.js.sri
- clerk-js/5.75.0-canary.v20250722081708/keylessPrompt_clerk.chips.browser_a5940f_5.75.0-canary.v20250722081708.js.br
- clerk-js/5.75.0-canary.v20250722081708/keylessPrompt_clerk.chips.browser_a5940f_5.75.0-canary.v20250722081708.js.gz
- clerk-js/5.75.0-canary.v20250722081708/keylessPrompt_clerk.chips.browser_a5940f_5.75.0-canary.v20250722081708.js.sri
- clerk-js/5.75.0-canary.v20250722081708/keylessPrompt_clerk.chips.browser_a5940f_5.75.0-canary.v20250722081708.min.js.br
- clerk-js/5.75.0-canary.v20250722081708/keylessPrompt_clerk.chips.browser_a5940f_5.75.0-canary.v20250722081708.min.js.gz
- clerk-js/5.75.0-canary.v20250722081708/keylessPrompt_clerk.chips.browser_a5940f_5.75.0-canary.v20250722081708.min.js.sri
- clerk-js/5.75.0-canary.v20250722081708/keylessPrompt_clerk.legacy.browser_f0c5cb_5.75.0-canary.v20250722081708.js.br
- clerk-js/5.75.0-canary.v20250722081708/keylessPrompt_clerk.legacy.browser_f0c5cb_5.75.0-canary.v20250722081708.js.gz
- clerk-js/5.75.0-canary.v20250722081708/keylessPrompt_clerk.legacy.browser_f0c5cb_5.75.0-canary.v20250722081708.js.sri
- clerk-js/5.75.0-canary.v20250722081708/keylessPrompt_clerk.legacy.browser_f0c5cb_5.75.0-canary.v20250722081708.min.js.br
- clerk-js/5.75.0-canary.v20250722081708/keylessPrompt_clerk.legacy.browser_f0c5cb_5.75.0-canary.v20250722081708.min.js.gz
- clerk-js/5.75.0-canary.v20250722081708/keylessPrompt_clerk.legacy.browser_f0c5cb_5.75.0-canary.v20250722081708.min.js.sri
- clerk-js/5.75.0-canary.v20250722081708/oauthConsent_clerk.browser_1126c0_5.75.0-canary.v20250722081708.js.br
- clerk-js/5.75.0-canary.v20250722081708/oauthConsent_clerk.browser_1126c0_5.75.0-canary.v20250722081708.js.gz
- clerk-js/5.75.0-canary.v20250722081708/oauthConsent_clerk.browser_1126c0_5.75.0-canary.v20250722081708.js.sri
- clerk-js/5.75.0-canary.v20250722081708/oauthConsent_clerk.browser_1126c0_5.75.0-canary.v20250722081708.min.js.br
- clerk-js/5.75.0-canary.v20250722081708/oauthConsent_clerk.browser_1126c0_5.75.0-canary.v20250722081708.min.js.gz
- clerk-js/5.75.0-canary.v20250722081708/oauthConsent_clerk.browser_1126c0_5.75.0-canary.v20250722081708.min.js.sri
- clerk-js/5.75.0-canary.v20250722081708/oauthConsent_clerk.chips.browser_a5940f_5.75.0-canary.v20250722081708.js.br
- clerk-js/5.75.0-canary.v20250722081708/oauthConsent_clerk.chips.browser_a5940f_5.75.0-canary.v20250722081708.js.gz
- clerk-js/5.75.0-canary.v20250722081708/oauthConsent_clerk.chips.browser_a5940f_5.75.0-canary.v20250722081708.js.sri
- clerk-js/5.75.0-canary.v20250722081708/oauthConsent_clerk.chips.browser_a5940f_5.75.0-canary.v20250722081708.min.js.br
- clerk-js/5.75.0-canary.v20250722081708/oauthConsent_clerk.chips.browser_a5940f_5.75.0-canary.v20250722081708.min.js.gz
- clerk-js/5.75.0-canary.v20250722081708/oauthConsent_clerk.chips.browser_a5940f_5.75.0-canary.v20250722081708.min.js.sri
- clerk-js/5.75.0-canary.v20250722081708/oauthConsent_clerk.legacy.browser_f0c5cb_5.75.0-canary.v20250722081708.js.br
- clerk-js/5.75.0-canary.v20250722081708/oauthConsent_clerk.legacy.browser_f0c5cb_5.75.0-canary.v20250722081708.js.gz
- clerk-js/5.75.0-canary.v20250722081708/oauthConsent_clerk.legacy.browser_f0c5cb_5.75.0-canary.v20250722081708.js.sri
- clerk-js/5.75.0-canary.v20250722081708/oauthConsent_clerk.legacy.browser_f0c5cb_5.75.0-canary.v20250722081708.min.js.br
- clerk-js/5.75.0-canary.v20250722081708/oauthConsent_clerk.legacy.browser_f0c5cb_5.75.0-canary.v20250722081708.min.js.gz
- clerk-js/5.75.0-canary.v20250722081708/oauthConsent_clerk.legacy.browser_f0c5cb_5.75.0-canary.v20250722081708.min.js.sri
- clerk-js/5.75.0-canary.v20250722081708/onetap_clerk.browser_1126c0_5.75.0-canary.v20250722081708.js.br
- clerk-js/5.75.0-canary.v20250722081708/onetap_clerk.browser_1126c0_5.75.0-canary.v20250722081708.js.gz
- clerk-js/5.75.0-canary.v20250722081708/onetap_clerk.browser_1126c0_5.75.0-canary.v20250722081708.js.sri
- clerk-js/5.75.0-canary.v20250722081708/onetap_clerk.browser_1126c0_5.75.0-canary.v20250722081708.min.js.br
- clerk-js/5.75.0-canary.v20250722081708/onetap_clerk.browser_1126c0_5.75.0-canary.v20250722081708.min.js.gz
- clerk-js/5.75.0-canary.v20250722081708/onetap_clerk.browser_1126c0_5.75.0-canary.v20250722081708.min.js.sri
- clerk-js/5.75.0-canary.v20250722081708/onetap_clerk.chips.browser_a5940f_5.75.0-canary.v20250722081708.js.br
- clerk-js/5.75.0-canary.v20250722081708/onetap_clerk.chips.browser_a5940f_5.75.0-canary.v20250722081708.js.gz
- clerk-js/5.75.0-canary.v20250722081708/onetap_clerk.chips.browser_a5940f_5.75.0-canary.v20250722081708.js.sri
- clerk-js/5.75.0-canary.v20250722081708/onetap_clerk.chips.browser_a5940f_5.75.0-canary.v20250722081708.min.js.br
- clerk-js/5.75.0-canary.v20250722081708/onetap_clerk.chips.browser_a5940f_5.75.0-canary.v20250722081708.min.js.gz
- clerk-js/5.75.0-canary.v20250722081708/onetap_clerk.chips.browser_a5940f_5.75.0-canary.v20250722081708.min.js.sri
- clerk-js/5.75.0-canary.v20250722081708/onetap_clerk.legacy.browser_f0c5cb_5.75.0-canary.v20250722081708.js.br
- clerk-js/5.75.0-canary.v20250722081708/onetap_clerk.legacy.browser_f0c5cb_5.75.0-canary.v20250722081708.js.gz
- clerk-js/5.75.0-canary.v20250722081708/onetap_clerk.legacy.browser_f0c5cb_5.75.0-canary.v20250722081708.js.sri
- clerk-js/5.75.0-canary.v20250722081708/onetap_clerk.legacy.browser_f0c5cb_5.75.0-canary.v20250722081708.min.js.br
- clerk-js/5.75.0-canary.v20250722081708/onetap_clerk.legacy.browser_f0c5cb_5.75.0-canary.v20250722081708.min.js.gz
- clerk-js/5.75.0-canary.v20250722081708/onetap_clerk.legacy.browser_f0c5cb_5.75.0-canary.v20250722081708.min.js.sri
- clerk-js/5.75.0-canary.v20250722081708/op-api-keys-page_clerk.browser_1126c0_5.75.0-canary.v20250722081708.js.br
- clerk-js/5.75.0-canary.v20250722081708/op-api-keys-page_clerk.browser_1126c0_5.75.0-canary.v20250722081708.js.gz
- clerk-js/5.75.0-canary.v20250722081708/op-api-keys-page_clerk.browser_1126c0_5.75.0-canary.v20250722081708.js.sri
- clerk-js/5.75.0-canary.v20250722081708/op-api-keys-page_clerk.browser_1126c0_5.75.0-canary.v20250722081708.min.js.br
- clerk-js/5.75.0-canary.v20250722081708/op-api-keys-page_clerk.browser_1126c0_5.75.0-canary.v20250722081708.min.js.gz
- clerk-js/5.75.0-canary.v20250722081708/op-api-keys-page_clerk.browser_1126c0_5.75.0-canary.v20250722081708.min.js.sri
- clerk-js/5.75.0-canary.v20250722081708/op-api-keys-page_clerk.chips.browser_a5940f_5.75.0-canary.v20250722081708.js.br
- clerk-js/5.75.0-canary.v20250722081708/op-api-keys-page_clerk.chips.browser_a5940f_5.75.0-canary.v20250722081708.js.gz
- clerk-js/5.75.0-canary.v20250722081708/op-api-keys-page_clerk.chips.browser_a5940f_5.75.0-canary.v20250722081708.js.sri
- clerk-js/5.75.0-canary.v20250722081708/op-api-keys-page_clerk.chips.browser_a5940f_5.75.0-canary.v20250722081708.min.js.br
- clerk-js/5.75.0-canary.v20250722081708/op-api-keys-page_clerk.chips.browser_a5940f_5.75.0-canary.v20250722081708.min.js.gz
- clerk-js/5.75.0-canary.v20250722081708/op-api-keys-page_clerk.chips.browser_a5940f_5.75.0-canary.v20250722081708.min.js.sri
- clerk-js/5.75.0-canary.v20250722081708/op-api-keys-page_clerk.legacy.browser_f0c5cb_5.75.0-canary.v20250722081708.js.br
- clerk-js/5.75.0-canary.v20250722081708/op-api-keys-page_clerk.legacy.browser_f0c5cb_5.75.0-canary.v20250722081708.js.gz
- clerk-js/5.75.0-canary.v20250722081708/op-api-keys-page_clerk.legacy.browser_f0c5cb_5.75.0-canary.v20250722081708.js.sri
- clerk-js/5.75.0-canary.v20250722081708/op-api-keys-page_clerk.legacy.browser_f0c5cb_5.75.0-canary.v20250722081708.min.js.br
- clerk-js/5.75.0-canary.v20250722081708/op-api-keys-page_clerk.legacy.browser_f0c5cb_5.75.0-canary.v20250722081708.min.js.gz
- clerk-js/5.75.0-canary.v20250722081708/op-api-keys-page_clerk.legacy.browser_f0c5cb_5.75.0-canary.v20250722081708.min.js.sri
- clerk-js/5.75.0-canary.v20250722081708/op-billing-page_clerk.browser_1126c0_5.75.0-canary.v20250722081708.js.br
- clerk-js/5.75.0-canary.v20250722081708/op-billing-page_clerk.browser_1126c0_5.75.0-canary.v20250722081708.js.gz
- clerk-js/5.75.0-canary.v20250722081708/op-billing-page_clerk.browser_1126c0_5.75.0-canary.v20250722081708.js.sri
- clerk-js/5.75.0-canary.v20250722081708/op-billing-page_clerk.browser_1126c0_5.75.0-canary.v20250722081708.min.js.br
- clerk-js/5.75.0-canary.v20250722081708/op-billing-page_clerk.browser_1126c0_5.75.0-canary.v20250722081708.min.js.gz
- clerk-js/5.75.0-canary.v20250722081708/op-billing-page_clerk.browser_1126c0_5.75.0-canary.v20250722081708.min.js.sri
- clerk-js/5.75.0-canary.v20250722081708/op-billing-page_clerk.chips.browser_a5940f_5.75.0-canary.v20250722081708.js.br
- clerk-js/5.75.0-canary.v20250722081708/op-billing-page_clerk.chips.browser_a5940f_5.75.0-canary.v20250722081708.js.gz
- clerk-js/5.75.0-canary.v20250722081708/op-billing-page_clerk.chips.browser_a5940f_5.75.0-canary.v20250722081708.js.sri
- clerk-js/5.75.0-canary.v20250722081708/op-billing-page_clerk.chips.browser_a5940f_5.75.0-canary.v20250722081708.min.js.br
- clerk-js/5.75.0-canary.v20250722081708/op-billing-page_clerk.chips.browser_a5940f_5.75.0-canary.v20250722081708.min.js.gz
- clerk-js/5.75.0-canary.v20250722081708/op-billing-page_clerk.chips.browser_a5940f_5.75.0-canary.v20250722081708.min.js.sri
- clerk-js/5.75.0-canary.v20250722081708/op-billing-page_clerk.legacy.browser_f0c5cb_5.75.0-canary.v20250722081708.js.br
- clerk-js/5.75.0-canary.v20250722081708/op-billing-page_clerk.legacy.browser_f0c5cb_5.75.0-canary.v20250722081708.js.gz
- clerk-js/5.75.0-canary.v20250722081708/op-billing-page_clerk.legacy.browser_f0c5cb_5.75.0-canary.v20250722081708.js.sri
- clerk-js/5.75.0-canary.v20250722081708/op-billing-page_clerk.legacy.browser_f0c5cb_5.75.0-canary.v20250722081708.min.js.br
- clerk-js/5.75.0-canary.v20250722081708/op-billing-page_clerk.legacy.browser_f0c5cb_5.75.0-canary.v20250722081708.min.js.gz
- clerk-js/5.75.0-canary.v20250722081708/op-billing-page_clerk.legacy.browser_f0c5cb_5.75.0-canary.v20250722081708.min.js.sri
- clerk-js/5.75.0-canary.v20250722081708/op-plans-page_clerk.browser_1126c0_5.75.0-canary.v20250722081708.js.br
- clerk-js/5.75.0-canary.v20250722081708/op-plans-page_clerk.browser_1126c0_5.75.0-canary.v20250722081708.js.gz
- clerk-js/5.75.0-canary.v20250722081708/op-plans-page_clerk.browser_1126c0_5.75.0-canary.v20250722081708.js.sri
- clerk-js/5.75.0-canary.v20250722081708/op-plans-page_clerk.browser_1126c0_5.75.0-canary.v20250722081708.min.js.br
- clerk-js/5.75.0-canary.v20250722081708/op-plans-page_clerk.browser_1126c0_5.75.0-canary.v20250722081708.min.js.gz
- clerk-js/5.75.0-canary.v20250722081708/op-plans-page_clerk.browser_1126c0_5.75.0-canary.v20250722081708.min.js.sri
- clerk-js/5.75.0-canary.v20250722081708/op-plans-page_clerk.chips.browser_a5940f_5.75.0-canary.v20250722081708.js.br
- clerk-js/5.75.0-canary.v20250722081708/op-plans-page_clerk.chips.browser_a5940f_5.75.0-canary.v20250722081708.js.gz
- clerk-js/5.75.0-canary.v20250722081708/op-plans-page_clerk.chips.browser_a5940f_5.75.0-canary.v20250722081708.js.sri
- clerk-js/5.75.0-canary.v20250722081708/op-plans-page_clerk.chips.browser_a5940f_5.75.0-canary.v20250722081708.min.js.br
- clerk-js/5.75.0-canary.v20250722081708/op-plans-page_clerk.chips.browser_a5940f_5.75.0-canary.v20250722081708.min.js.gz
- clerk-js/5.75.0-canary.v20250722081708/op-plans-page_clerk.chips.browser_a5940f_5.75.0-canary.v20250722081708.min.js.sri
- clerk-js/5.75.0-canary.v20250722081708/op-plans-page_clerk.legacy.browser_f0c5cb_5.75.0-canary.v20250722081708.js.br
- clerk-js/5.75.0-canary.v20250722081708/op-plans-page_clerk.legacy.browser_f0c5cb_5.75.0-canary.v20250722081708.js.gz
- clerk-js/5.75.0-canary.v20250722081708/op-plans-page_clerk.legacy.browser_f0c5cb_5.75.0-canary.v20250722081708.js.sri
- clerk-js/5.75.0-canary.v20250722081708/op-plans-page_clerk.legacy.browser_f0c5cb_5.75.0-canary.v20250722081708.min.js.br
- clerk-js/5.75.0-canary.v20250722081708/op-plans-page_clerk.legacy.browser_f0c5cb_5.75.0-canary.v20250722081708.min.js.gz
- clerk-js/5.75.0-canary.v20250722081708/op-plans-page_clerk.legacy.browser_f0c5cb_5.75.0-canary.v20250722081708.min.js.sri
- clerk-js/5.75.0-canary.v20250722081708/organizationlist_clerk.browser_1126c0_5.75.0-canary.v20250722081708.js.br
- clerk-js/5.75.0-canary.v20250722081708/organizationlist_clerk.browser_1126c0_5.75.0-canary.v20250722081708.js.gz
- clerk-js/5.75.0-canary.v20250722081708/organizationlist_clerk.browser_1126c0_5.75.0-canary.v20250722081708.js.sri
- clerk-js/5.75.0-canary.v20250722081708/organizationlist_clerk.browser_1126c0_5.75.0-canary.v20250722081708.min.js.br
- clerk-js/5.75.0-canary.v20250722081708/organizationlist_clerk.browser_1126c0_5.75.0-canary.v20250722081708.min.js.gz
- clerk-js/5.75.0-canary.v20250722081708/organizationlist_clerk.browser_1126c0_5.75.0-canary.v20250722081708.min.js.sri
- clerk-js/5.75.0-canary.v20250722081708/organizationlist_clerk.chips.browser_a5940f_5.75.0-canary.v20250722081708.js.br
- clerk-js/5.75.0-canary.v20250722081708/organizationlist_clerk.chips.browser_a5940f_5.75.0-canary.v20250722081708.js.gz
- clerk-js/5.75.0-canary.v20250722081708/organizationlist_clerk.chips.browser_a5940f_5.75.0-canary.v20250722081708.js.sri
- clerk-js/5.75.0-canary.v20250722081708/organizationlist_clerk.chips.browser_a5940f_5.75.0-canary.v20250722081708.min.js.br
- clerk-js/5.75.0-canary.v20250722081708/organizationlist_clerk.chips.browser_a5940f_5.75.0-canary.v20250722081708.min.js.gz
- clerk-js/5.75.0-canary.v20250722081708/organizationlist_clerk.chips.browser_a5940f_5.75.0-canary.v20250722081708.min.js.sri
- clerk-js/5.75.0-canary.v20250722081708/organizationlist_clerk.legacy.browser_f0c5cb_5.75.0-canary.v20250722081708.js.br
- clerk-js/5.75.0-canary.v20250722081708/organizationlist_clerk.legacy.browser_f0c5cb_5.75.0-canary.v20250722081708.js.gz
- clerk-js/5.75.0-canary.v20250722081708/organizationlist_clerk.legacy.browser_f0c5cb_5.75.0-canary.v20250722081708.js.sri
- clerk-js/5.75.0-canary.v20250722081708/organizationlist_clerk.legacy.browser_f0c5cb_5.75.0-canary.v20250722081708.min.js.br
- clerk-js/5.75.0-canary.v20250722081708/organizationlist_clerk.legacy.browser_f0c5cb_5.75.0-canary.v20250722081708.min.js.gz
- clerk-js/5.75.0-canary.v20250722081708/organizationlist_clerk.legacy.browser_f0c5cb_5.75.0-canary.v20250722081708.min.js.sri
- clerk-js/5.75.0-canary.v20250722081708/organizationprofile_clerk.browser_1126c0_5.75.0-canary.v20250722081708.js.br
- clerk-js/5.75.0-canary.v20250722081708/organizationprofile_clerk.browser_1126c0_5.75.0-canary.v20250722081708.js.gz
- clerk-js/5.75.0-canary.v20250722081708/organizationprofile_clerk.browser_1126c0_5.75.0-canary.v20250722081708.js.sri
- clerk-js/5.75.0-canary.v20250722081708/organizationprofile_clerk.browser_1126c0_5.75.0-canary.v20250722081708.min.js.br
- clerk-js/5.75.0-canary.v20250722081708/organizationprofile_clerk.browser_1126c0_5.75.0-canary.v20250722081708.min.js.gz
- clerk-js/5.75.0-canary.v20250722081708/organizationprofile_clerk.browser_1126c0_5.75.0-canary.v20250722081708.min.js.sri
- clerk-js/5.75.0-canary.v20250722081708/organizationprofile_clerk.chips.browser_a5940f_5.75.0-canary.v20250722081708.js.br
- clerk-js/5.75.0-canary.v20250722081708/organizationprofile_clerk.chips.browser_a5940f_5.75.0-canary.v20250722081708.js.gz
- clerk-js/5.75.0-canary.v20250722081708/organizationprofile_clerk.chips.browser_a5940f_5.75.0-canary.v20250722081708.js.sri
- clerk-js/5.75.0-canary.v20250722081708/organizationprofile_clerk.chips.browser_a5940f_5.75.0-canary.v20250722081708.min.js.br
- clerk-js/5.75.0-canary.v20250722081708/organizationprofile_clerk.chips.browser_a5940f_5.75.0-canary.v20250722081708.min.js.gz
- clerk-js/5.75.0-canary.v20250722081708/organizationprofile_clerk.chips.browser_a5940f_5.75.0-canary.v20250722081708.min.js.sri
- clerk-js/5.75.0-canary.v20250722081708/organizationprofile_clerk.legacy.browser_f0c5cb_5.75.0-canary.v20250722081708.js.br
- clerk-js/5.75.0-canary.v20250722081708/organizationprofile_clerk.legacy.browser_f0c5cb_5.75.0-canary.v20250722081708.js.gz
- clerk-js/5.75.0-canary.v20250722081708/organizationprofile_clerk.legacy.browser_f0c5cb_5.75.0-canary.v20250722081708.js.sri
- clerk-js/5.75.0-canary.v20250722081708/organizationprofile_clerk.legacy.browser_f0c5cb_5.75.0-canary.v20250722081708.min.js.br
- clerk-js/5.75.0-canary.v20250722081708/organizationprofile_clerk.legacy.browser_f0c5cb_5.75.0-canary.v20250722081708.min.js.gz
- clerk-js/5.75.0-canary.v20250722081708/organizationprofile_clerk.legacy.browser_f0c5cb_5.75.0-canary.v20250722081708.min.js.sri
- clerk-js/5.75.0-canary.v20250722081708/organizationswitcher_clerk.browser_1126c0_5.75.0-canary.v20250722081708.js.br
- clerk-js/5.75.0-canary.v20250722081708/organizationswitcher_clerk.browser_1126c0_5.75.0-canary.v20250722081708.js.gz
- clerk-js/5.75.0-canary.v20250722081708/organizationswitcher_clerk.browser_1126c0_5.75.0-canary.v20250722081708.js.sri
- clerk-js/5.75.0-canary.v20250722081708/organizationswitcher_clerk.browser_1126c0_5.75.0-canary.v20250722081708.min.js.br
- clerk-js/5.75.0-canary.v20250722081708/organizationswitcher_clerk.browser_1126c0_5.75.0-canary.v20250722081708.min.js.gz
- clerk-js/5.75.0-canary.v20250722081708/organizationswitcher_clerk.browser_1126c0_5.75.0-canary.v20250722081708.min.js.sri
- clerk-js/5.75.0-canary.v20250722081708/organizationswitcher_clerk.chips.browser_a5940f_5.75.0-canary.v20250722081708.js.br
- clerk-js/5.75.0-canary.v20250722081708/organizationswitcher_clerk.chips.browser_a5940f_5.75.0-canary.v20250722081708.js.gz
- clerk-js/5.75.0-canary.v20250722081708/organizationswitcher_clerk.chips.browser_a5940f_5.75.0-canary.v20250722081708.js.sri
- clerk-js/5.75.0-canary.v20250722081708/organizationswitcher_clerk.chips.browser_a5940f_5.75.0-canary.v20250722081708.min.js.br
- clerk-js/5.75.0-canary.v20250722081708/organizationswitcher_clerk.chips.browser_a5940f_5.75.0-canary.v20250722081708.min.js.gz
- clerk-js/5.75.0-canary.v20250722081708/organizationswitcher_clerk.chips.browser_a5940f_5.75.0-canary.v20250722081708.min.js.sri
- clerk-js/5.75.0-canary.v20250722081708/organizationswitcher_clerk.legacy.browser_f0c5cb_5.75.0-canary.v20250722081708.js.br
- clerk-js/5.75.0-canary.v20250722081708/organizationswitcher_clerk.legacy.browser_f0c5cb_5.75.0-canary.v20250722081708.js.gz
- clerk-js/5.75.0-canary.v20250722081708/organizationswitcher_clerk.legacy.browser_f0c5cb_5.75.0-canary.v20250722081708.js.sri
- clerk-js/5.75.0-canary.v20250722081708/organizationswitcher_clerk.legacy.browser_f0c5cb_5.75.0-canary.v20250722081708.min.js.br
- clerk-js/5.75.0-canary.v20250722081708/organizationswitcher_clerk.legacy.browser_f0c5cb_5.75.0-canary.v20250722081708.min.js.gz
- clerk-js/5.75.0-canary.v20250722081708/organizationswitcher_clerk.legacy.browser_f0c5cb_5.75.0-canary.v20250722081708.min.js.sri
- clerk-js/5.75.0-canary.v20250722081708/payment-attempt-page_clerk.browser_1126c0_5.75.0-canary.v20250722081708.js.br
- clerk-js/5.75.0-canary.v20250722081708/payment-attempt-page_clerk.browser_1126c0_5.75.0-canary.v20250722081708.js.gz
- clerk-js/5.75.0-canary.v20250722081708/payment-attempt-page_clerk.browser_1126c0_5.75.0-canary.v20250722081708.js.sri
- clerk-js/5.75.0-canary.v20250722081708/payment-attempt-page_clerk.browser_1126c0_5.75.0-canary.v20250722081708.min.js.br
- clerk-js/5.75.0-canary.v20250722081708/payment-attempt-page_clerk.browser_1126c0_5.75.0-canary.v20250722081708.min.js.gz
- clerk-js/5.75.0-canary.v20250722081708/payment-attempt-page_clerk.browser_1126c0_5.75.0-canary.v20250722081708.min.js.sri
- clerk-js/5.75.0-canary.v20250722081708/payment-attempt-page_clerk.chips.browser_a5940f_5.75.0-canary.v20250722081708.js.br
- clerk-js/5.75.0-canary.v20250722081708/payment-attempt-page_clerk.chips.browser_a5940f_5.75.0-canary.v20250722081708.js.gz
- clerk-js/5.75.0-canary.v20250722081708/payment-attempt-page_clerk.chips.browser_a5940f_5.75.0-canary.v20250722081708.js.sri
- clerk-js/5.75.0-canary.v20250722081708/payment-attempt-page_clerk.chips.browser_a5940f_5.75.0-canary.v20250722081708.min.js.br
- clerk-js/5.75.0-canary.v20250722081708/payment-attempt-page_clerk.chips.browser_a5940f_5.75.0-canary.v20250722081708.min.js.gz
- clerk-js/5.75.0-canary.v20250722081708/payment-attempt-page_clerk.chips.browser_a5940f_5.75.0-canary.v20250722081708.min.js.sri
- clerk-js/5.75.0-canary.v20250722081708/payment-attempt-page_clerk.legacy.browser_f0c5cb_5.75.0-canary.v20250722081708.js.br
- clerk-js/5.75.0-canary.v20250722081708/payment-attempt-page_clerk.legacy.browser_f0c5cb_5.75.0-canary.v20250722081708.js.gz
- clerk-js/5.75.0-canary.v20250722081708/payment-attempt-page_clerk.legacy.browser_f0c5cb_5.75.0-canary.v20250722081708.js.sri
- clerk-js/5.75.0-canary.v20250722081708/payment-attempt-page_clerk.legacy.browser_f0c5cb_5.75.0-canary.v20250722081708.min.js.br
- clerk-js/5.75.0-canary.v20250722081708/payment-attempt-page_clerk.legacy.browser_f0c5cb_5.75.0-canary.v20250722081708.min.js.gz
- clerk-js/5.75.0-canary.v20250722081708/payment-attempt-page_clerk.legacy.browser_f0c5cb_5.75.0-canary.v20250722081708.min.js.sri
- clerk-js/5.75.0-canary.v20250722081708/planDetails_clerk.browser_1126c0_5.75.0-canary.v20250722081708.js.br
- clerk-js/5.75.0-canary.v20250722081708/planDetails_clerk.browser_1126c0_5.75.0-canary.v20250722081708.js.gz
- clerk-js/5.75.0-canary.v20250722081708/planDetails_clerk.browser_1126c0_5.75.0-canary.v20250722081708.js.sri
- clerk-js/5.75.0-canary.v20250722081708/planDetails_clerk.browser_1126c0_5.75.0-canary.v20250722081708.min.js.br
- clerk-js/5.75.0-canary.v20250722081708/planDetails_clerk.browser_1126c0_5.75.0-canary.v20250722081708.min.js.gz
- clerk-js/5.75.0-canary.v20250722081708/planDetails_clerk.browser_1126c0_5.75.0-canary.v20250722081708.min.js.sri
- clerk-js/5.75.0-canary.v20250722081708/planDetails_clerk.chips.browser_a5940f_5.75.0-canary.v20250722081708.js.br
- clerk-js/5.75.0-canary.v20250722081708/planDetails_clerk.chips.browser_a5940f_5.75.0-canary.v20250722081708.js.gz
- clerk-js/5.75.0-canary.v20250722081708/planDetails_clerk.chips.browser_a5940f_5.75.0-canary.v20250722081708.js.sri
- clerk-js/5.75.0-canary.v20250722081708/planDetails_clerk.chips.browser_a5940f_5.75.0-canary.v20250722081708.min.js.br
- clerk-js/5.75.0-canary.v20250722081708/planDetails_clerk.chips.browser_a5940f_5.75.0-canary.v20250722081708.min.js.gz
- clerk-js/5.75.0-canary.v20250722081708/planDetails_clerk.chips.browser_a5940f_5.75.0-canary.v20250722081708.min.js.sri
- clerk-js/5.75.0-canary.v20250722081708/planDetails_clerk.legacy.browser_f0c5cb_5.75.0-canary.v20250722081708.js.br
- clerk-js/5.75.0-canary.v20250722081708/planDetails_clerk.legacy.browser_f0c5cb_5.75.0-canary.v20250722081708.js.gz
- clerk-js/5.75.0-canary.v20250722081708/planDetails_clerk.legacy.browser_f0c5cb_5.75.0-canary.v20250722081708.js.sri
- clerk-js/5.75.0-canary.v20250722081708/planDetails_clerk.legacy.browser_f0c5cb_5.75.0-canary.v20250722081708.min.js.br
- clerk-js/5.75.0-canary.v20250722081708/planDetails_clerk.legacy.browser_f0c5cb_5.75.0-canary.v20250722081708.min.js.gz
- clerk-js/5.75.0-canary.v20250722081708/planDetails_clerk.legacy.browser_f0c5cb_5.75.0-canary.v20250722081708.min.js.sri
- clerk-js/5.75.0-canary.v20250722081708/prefetchorganizationlist_clerk.browser_1126c0_5.75.0-canary.v20250722081708.js.br
- clerk-js/5.75.0-canary.v20250722081708/prefetchorganizationlist_clerk.browser_1126c0_5.75.0-canary.v20250722081708.js.gz
- clerk-js/5.75.0-canary.v20250722081708/prefetchorganizationlist_clerk.browser_1126c0_5.75.0-canary.v20250722081708.js.sri
- clerk-js/5.75.0-canary.v20250722081708/prefetchorganizationlist_clerk.browser_1126c0_5.75.0-canary.v20250722081708.min.js.br
- clerk-js/5.75.0-canary.v20250722081708/prefetchorganizationlist_clerk.browser_1126c0_5.75.0-canary.v20250722081708.min.js.gz
- clerk-js/5.75.0-canary.v20250722081708/prefetchorganizationlist_clerk.browser_1126c0_5.75.0-canary.v20250722081708.min.js.sri
- clerk-js/5.75.0-canary.v20250722081708/prefetchorganizationlist_clerk.chips.browser_a5940f_5.75.0-canary.v20250722081708.js.br
- clerk-js/5.75.0-canary.v20250722081708/prefetchorganizationlist_clerk.chips.browser_a5940f_5.75.0-canary.v20250722081708.js.gz
- clerk-js/5.75.0-canary.v20250722081708/prefetchorganizationlist_clerk.chips.browser_a5940f_5.75.0-canary.v20250722081708.js.sri
- clerk-js/5.75.0-canary.v20250722081708/prefetchorganizationlist_clerk.chips.browser_a5940f_5.75.0-canary.v20250722081708.min.js.br
- clerk-js/5.75.0-canary.v20250722081708/prefetchorganizationlist_clerk.chips.browser_a5940f_5.75.0-canary.v20250722081708.min.js.gz
- clerk-js/5.75.0-canary.v20250722081708/prefetchorganizationlist_clerk.chips.browser_a5940f_5.75.0-canary.v20250722081708.min.js.sri
- clerk-js/5.75.0-canary.v20250722081708/prefetchorganizationlist_clerk.legacy.browser_f0c5cb_5.75.0-canary.v20250722081708.js.br
- clerk-js/5.75.0-canary.v20250722081708/prefetchorganizationlist_clerk.legacy.browser_f0c5cb_5.75.0-canary.v20250722081708.js.gz
- clerk-js/5.75.0-canary.v20250722081708/prefetchorganizationlist_clerk.legacy.browser_f0c5cb_5.75.0-canary.v20250722081708.js.sri
- clerk-js/5.75.0-canary.v20250722081708/prefetchorganizationlist_clerk.legacy.browser_f0c5cb_5.75.0-canary.v20250722081708.min.js.br
- clerk-js/5.75.0-canary.v20250722081708/prefetchorganizationlist_clerk.legacy.browser_f0c5cb_5.75.0-canary.v20250722081708.min.js.gz
- clerk-js/5.75.0-canary.v20250722081708/prefetchorganizationlist_clerk.legacy.browser_f0c5cb_5.75.0-canary.v20250722081708.min.js.sri
- clerk-js/5.75.0-canary.v20250722081708/pricingTable_clerk.browser_1126c0_5.75.0-canary.v20250722081708.js.br
- clerk-js/5.75.0-canary.v20250722081708/pricingTable_clerk.browser_1126c0_5.75.0-canary.v20250722081708.js.gz
- clerk-js/5.75.0-canary.v20250722081708/pricingTable_clerk.browser_1126c0_5.75.0-canary.v20250722081708.js.sri
- clerk-js/5.75.0-canary.v20250722081708/pricingTable_clerk.browser_1126c0_5.75.0-canary.v20250722081708.min.js.br
- clerk-js/5.75.0-canary.v20250722081708/pricingTable_clerk.browser_1126c0_5.75.0-canary.v20250722081708.min.js.gz
- clerk-js/5.75.0-canary.v20250722081708/pricingTable_clerk.browser_1126c0_5.75.0-canary.v20250722081708.min.js.sri
- clerk-js/5.75.0-canary.v20250722081708/pricingTable_clerk.chips.browser_a5940f_5.75.0-canary.v20250722081708.js.br
- clerk-js/5.75.0-canary.v20250722081708/pricingTable_clerk.chips.browser_a5940f_5.75.0-canary.v20250722081708.js.gz
- clerk-js/5.75.0-canary.v20250722081708/pricingTable_clerk.chips.browser_a5940f_5.75.0-canary.v20250722081708.js.sri
- clerk-js/5.75.0-canary.v20250722081708/pricingTable_clerk.chips.browser_a5940f_5.75.0-canary.v20250722081708.min.js.br
- clerk-js/5.75.0-canary.v20250722081708/pricingTable_clerk.chips.browser_a5940f_5.75.0-canary.v20250722081708.min.js.gz
- clerk-js/5.75.0-canary.v20250722081708/pricingTable_clerk.chips.browser_a5940f_5.75.0-canary.v20250722081708.min.js.sri
- clerk-js/5.75.0-canary.v20250722081708/pricingTable_clerk.legacy.browser_f0c5cb_5.75.0-canary.v20250722081708.js.br
- clerk-js/5.75.0-canary.v20250722081708/pricingTable_clerk.legacy.browser_f0c5cb_5.75.0-canary.v20250722081708.js.gz
- clerk-js/5.75.0-canary.v20250722081708/pricingTable_clerk.legacy.browser_f0c5cb_5.75.0-canary.v20250722081708.js.sri
- clerk-js/5.75.0-canary.v20250722081708/pricingTable_clerk.legacy.browser_f0c5cb_5.75.0-canary.v20250722081708.min.js.br
- clerk-js/5.75.0-canary.v20250722081708/pricingTable_clerk.legacy.browser_f0c5cb_5.75.0-canary.v20250722081708.min.js.gz
- clerk-js/5.75.0-canary.v20250722081708/pricingTable_clerk.legacy.browser_f0c5cb_5.75.0-canary.v20250722081708.min.js.sri
- clerk-js/5.75.0-canary.v20250722081708/revoke-api-key-modal_clerk.browser_1126c0_5.75.0-canary.v20250722081708.js.br
- clerk-js/5.75.0-canary.v20250722081708/revoke-api-key-modal_clerk.browser_1126c0_5.75.0-canary.v20250722081708.js.gz
- clerk-js/5.75.0-canary.v20250722081708/revoke-api-key-modal_clerk.browser_1126c0_5.75.0-canary.v20250722081708.js.sri
- clerk-js/5.75.0-canary.v20250722081708/revoke-api-key-modal_clerk.browser_1126c0_5.75.0-canary.v20250722081708.min.js.br
- clerk-js/5.75.0-canary.v20250722081708/revoke-api-key-modal_clerk.browser_1126c0_5.75.0-canary.v20250722081708.min.js.gz
- clerk-js/5.75.0-canary.v20250722081708/revoke-api-key-modal_clerk.browser_1126c0_5.75.0-canary.v20250722081708.min.js.sri
- clerk-js/5.75.0-canary.v20250722081708/revoke-api-key-modal_clerk.chips.browser_a5940f_5.75.0-canary.v20250722081708.js.br
- clerk-js/5.75.0-canary.v20250722081708/revoke-api-key-modal_clerk.chips.browser_a5940f_5.75.0-canary.v20250722081708.js.gz
- clerk-js/5.75.0-canary.v20250722081708/revoke-api-key-modal_clerk.chips.browser_a5940f_5.75.0-canary.v20250722081708.js.sri
- clerk-js/5.75.0-canary.v20250722081708/revoke-api-key-modal_clerk.chips.browser_a5940f_5.75.0-canary.v20250722081708.min.js.br
- clerk-js/5.75.0-canary.v20250722081708/revoke-api-key-modal_clerk.chips.browser_a5940f_5.75.0-canary.v20250722081708.min.js.gz
- clerk-js/5.75.0-canary.v20250722081708/revoke-api-key-modal_clerk.chips.browser_a5940f_5.75.0-canary.v20250722081708.min.js.sri
- clerk-js/5.75.0-canary.v20250722081708/revoke-api-key-modal_clerk.legacy.browser_f0c5cb_5.75.0-canary.v20250722081708.js.br
- clerk-js/5.75.0-canary.v20250722081708/revoke-api-key-modal_clerk.legacy.browser_f0c5cb_5.75.0-canary.v20250722081708.js.gz
- clerk-js/5.75.0-canary.v20250722081708/revoke-api-key-modal_clerk.legacy.browser_f0c5cb_5.75.0-canary.v20250722081708.js.sri
- clerk-js/5.75.0-canary.v20250722081708/revoke-api-key-modal_clerk.legacy.browser_f0c5cb_5.75.0-canary.v20250722081708.min.js.br
- clerk-js/5.75.0-canary.v20250722081708/revoke-api-key-modal_clerk.legacy.browser_f0c5cb_5.75.0-canary.v20250722081708.min.js.gz
- clerk-js/5.75.0-canary.v20250722081708/revoke-api-key-modal_clerk.legacy.browser_f0c5cb_5.75.0-canary.v20250722081708.min.js.sri
- clerk-js/5.75.0-canary.v20250722081708/sessionTasks_clerk.browser_1126c0_5.75.0-canary.v20250722081708.js.br
- clerk-js/5.75.0-canary.v20250722081708/sessionTasks_clerk.browser_1126c0_5.75.0-canary.v20250722081708.js.gz
- clerk-js/5.75.0-canary.v20250722081708/sessionTasks_clerk.browser_1126c0_5.75.0-canary.v20250722081708.js.sri
- clerk-js/5.75.0-canary.v20250722081708/sessionTasks_clerk.browser_1126c0_5.75.0-canary.v20250722081708.min.js.br
- clerk-js/5.75.0-canary.v20250722081708/sessionTasks_clerk.browser_1126c0_5.75.0-canary.v20250722081708.min.js.gz
- clerk-js/5.75.0-canary.v20250722081708/sessionTasks_clerk.browser_1126c0_5.75.0-canary.v20250722081708.min.js.sri
- clerk-js/5.75.0-canary.v20250722081708/sessionTasks_clerk.chips.browser_a5940f_5.75.0-canary.v20250722081708.js.br
- clerk-js/5.75.0-canary.v20250722081708/sessionTasks_clerk.chips.browser_a5940f_5.75.0-canary.v20250722081708.js.gz
- clerk-js/5.75.0-canary.v20250722081708/sessionTasks_clerk.chips.browser_a5940f_5.75.0-canary.v20250722081708.js.sri
- clerk-js/5.75.0-canary.v20250722081708/sessionTasks_clerk.chips.browser_a5940f_5.75.0-canary.v20250722081708.min.js.br
- clerk-js/5.75.0-canary.v20250722081708/sessionTasks_clerk.chips.browser_a5940f_5.75.0-canary.v20250722081708.min.js.gz
- clerk-js/5.75.0-canary.v20250722081708/sessionTasks_clerk.chips.browser_a5940f_5.75.0-canary.v20250722081708.min.js.sri
- clerk-js/5.75.0-canary.v20250722081708/sessionTasks_clerk.legacy.browser_f0c5cb_5.75.0-canary.v20250722081708.js.br
- clerk-js/5.75.0-canary.v20250722081708/sessionTasks_clerk.legacy.browser_f0c5cb_5.75.0-canary.v20250722081708.js.gz
- clerk-js/5.75.0-canary.v20250722081708/sessionTasks_clerk.legacy.browser_f0c5cb_5.75.0-canary.v20250722081708.js.sri
- clerk-js/5.75.0-canary.v20250722081708/sessionTasks_clerk.legacy.browser_f0c5cb_5.75.0-canary.v20250722081708.min.js.br
- clerk-js/5.75.0-canary.v20250722081708/sessionTasks_clerk.legacy.browser_f0c5cb_5.75.0-canary.v20250722081708.min.js.gz
- clerk-js/5.75.0-canary.v20250722081708/sessionTasks_clerk.legacy.browser_f0c5cb_5.75.0-canary.v20250722081708.min.js.sri
- clerk-js/5.75.0-canary.v20250722081708/signin_clerk.browser_1126c0_5.75.0-canary.v20250722081708.js.br
- clerk-js/5.75.0-canary.v20250722081708/signin_clerk.browser_1126c0_5.75.0-canary.v20250722081708.js.gz
- clerk-js/5.75.0-canary.v20250722081708/signin_clerk.browser_1126c0_5.75.0-canary.v20250722081708.js.sri
- clerk-js/5.75.0-canary.v20250722081708/signin_clerk.browser_1126c0_5.75.0-canary.v20250722081708.min.js.br
- clerk-js/5.75.0-canary.v20250722081708/signin_clerk.browser_1126c0_5.75.0-canary.v20250722081708.min.js.gz
- clerk-js/5.75.0-canary.v20250722081708/signin_clerk.browser_1126c0_5.75.0-canary.v20250722081708.min.js.sri
- clerk-js/5.75.0-canary.v20250722081708/signin_clerk.chips.browser_a5940f_5.75.0-canary.v20250722081708.js.br
- clerk-js/5.75.0-canary.v20250722081708/signin_clerk.chips.browser_a5940f_5.75.0-canary.v20250722081708.js.gz
- clerk-js/5.75.0-canary.v20250722081708/signin_clerk.chips.browser_a5940f_5.75.0-canary.v20250722081708.js.sri
- clerk-js/5.75.0-canary.v20250722081708/signin_clerk.chips.browser_a5940f_5.75.0-canary.v20250722081708.min.js.br
- clerk-js/5.75.0-canary.v20250722081708/signin_clerk.chips.browser_a5940f_5.75.0-canary.v20250722081708.min.js.gz
- clerk-js/5.75.0-canary.v20250722081708/signin_clerk.chips.browser_a5940f_5.75.0-canary.v20250722081708.min.js.sri
- clerk-js/5.75.0-canary.v20250722081708/signin_clerk.legacy.browser_f0c5cb_5.75.0-canary.v20250722081708.js.br
- clerk-js/5.75.0-canary.v20250722081708/signin_clerk.legacy.browser_f0c5cb_5.75.0-canary.v20250722081708.js.gz
- clerk-js/5.75.0-canary.v20250722081708/signin_clerk.legacy.browser_f0c5cb_5.75.0-canary.v20250722081708.js.sri
- clerk-js/5.75.0-canary.v20250722081708/signin_clerk.legacy.browser_f0c5cb_5.75.0-canary.v20250722081708.min.js.br
- clerk-js/5.75.0-canary.v20250722081708/signin_clerk.legacy.browser_f0c5cb_5.75.0-canary.v20250722081708.min.js.gz
- clerk-js/5.75.0-canary.v20250722081708/signin_clerk.legacy.browser_f0c5cb_5.75.0-canary.v20250722081708.min.js.sri
- clerk-js/5.75.0-canary.v20250722081708/signup_clerk.browser_1126c0_5.75.0-canary.v20250722081708.js.br
- clerk-js/5.75.0-canary.v20250722081708/signup_clerk.browser_1126c0_5.75.0-canary.v20250722081708.js.gz
- clerk-js/5.75.0-canary.v20250722081708/signup_clerk.browser_1126c0_5.75.0-canary.v20250722081708.js.sri
- clerk-js/5.75.0-canary.v20250722081708/signup_clerk.browser_1126c0_5.75.0-canary.v20250722081708.min.js.br
- clerk-js/5.75.0-canary.v20250722081708/signup_clerk.browser_1126c0_5.75.0-canary.v20250722081708.min.js.gz
- clerk-js/5.75.0-canary.v20250722081708/signup_clerk.browser_1126c0_5.75.0-canary.v20250722081708.min.js.sri
- clerk-js/5.75.0-canary.v20250722081708/signup_clerk.chips.browser_a5940f_5.75.0-canary.v20250722081708.js.br
- clerk-js/5.75.0-canary.v20250722081708/signup_clerk.chips.browser_a5940f_5.75.0-canary.v20250722081708.js.gz
- clerk-js/5.75.0-canary.v20250722081708/signup_clerk.chips.browser_a5940f_5.75.0-canary.v20250722081708.js.sri
- clerk-js/5.75.0-canary.v20250722081708/signup_clerk.chips.browser_a5940f_5.75.0-canary.v20250722081708.min.js.br
- clerk-js/5.75.0-canary.v20250722081708/signup_clerk.chips.browser_a5940f_5.75.0-canary.v20250722081708.min.js.gz
- clerk-js/5.75.0-canary.v20250722081708/signup_clerk.chips.browser_a5940f_5.75.0-canary.v20250722081708.min.js.sri
- clerk-js/5.75.0-canary.v20250722081708/signup_clerk.legacy.browser_f0c5cb_5.75.0-canary.v20250722081708.js.br
- clerk-js/5.75.0-canary.v20250722081708/signup_clerk.legacy.browser_f0c5cb_5.75.0-canary.v20250722081708.js.gz
- clerk-js/5.75.0-canary.v20250722081708/signup_clerk.legacy.browser_f0c5cb_5.75.0-canary.v20250722081708.js.sri
- clerk-js/5.75.0-canary.v20250722081708/signup_clerk.legacy.browser_f0c5cb_5.75.0-canary.v20250722081708.min.js.br
- clerk-js/5.75.0-canary.v20250722081708/signup_clerk.legacy.browser_f0c5cb_5.75.0-canary.v20250722081708.min.js.gz
- clerk-js/5.75.0-canary.v20250722081708/signup_clerk.legacy.browser_f0c5cb_5.75.0-canary.v20250722081708.min.js.sri
- clerk-js/5.75.0-canary.v20250722081708/statement-page_clerk.browser_1126c0_5.75.0-canary.v20250722081708.js.br
- clerk-js/5.75.0-canary.v20250722081708/statement-page_clerk.browser_1126c0_5.75.0-canary.v20250722081708.js.gz
- clerk-js/5.75.0-canary.v20250722081708/statement-page_clerk.browser_1126c0_5.75.0-canary.v20250722081708.js.sri
- clerk-js/5.75.0-canary.v20250722081708/statement-page_clerk.browser_1126c0_5.75.0-canary.v20250722081708.min.js.br
- clerk-js/5.75.0-canary.v20250722081708/statement-page_clerk.browser_1126c0_5.75.0-canary.v20250722081708.min.js.gz
- clerk-js/5.75.0-canary.v20250722081708/statement-page_clerk.browser_1126c0_5.75.0-canary.v20250722081708.min.js.sri
- clerk-js/5.75.0-canary.v20250722081708/statement-page_clerk.chips.browser_a5940f_5.75.0-canary.v20250722081708.js.br
- clerk-js/5.75.0-canary.v20250722081708/statement-page_clerk.chips.browser_a5940f_5.75.0-canary.v20250722081708.js.gz
- clerk-js/5.75.0-canary.v20250722081708/statement-page_clerk.chips.browser_a5940f_5.75.0-canary.v20250722081708.js.sri
- clerk-js/5.75.0-canary.v20250722081708/statement-page_clerk.chips.browser_a5940f_5.75.0-canary.v20250722081708.min.js.br
- clerk-js/5.75.0-canary.v20250722081708/statement-page_clerk.chips.browser_a5940f_5.75.0-canary.v20250722081708.min.js.gz
- clerk-js/5.75.0-canary.v20250722081708/statement-page_clerk.chips.browser_a5940f_5.75.0-canary.v20250722081708.min.js.sri
- clerk-js/5.75.0-canary.v20250722081708/statement-page_clerk.legacy.browser_f0c5cb_5.75.0-canary.v20250722081708.js.br
- clerk-js/5.75.0-canary.v20250722081708/statement-page_clerk.legacy.browser_f0c5cb_5.75.0-canary.v20250722081708.js.gz
- clerk-js/5.75.0-canary.v20250722081708/statement-page_clerk.legacy.browser_f0c5cb_5.75.0-canary.v20250722081708.js.sri
- clerk-js/5.75.0-canary.v20250722081708/statement-page_clerk.legacy.browser_f0c5cb_5.75.0-canary.v20250722081708.min.js.br
- clerk-js/5.75.0-canary.v20250722081708/statement-page_clerk.legacy.browser_f0c5cb_5.75.0-canary.v20250722081708.min.js.gz
- clerk-js/5.75.0-canary.v20250722081708/statement-page_clerk.legacy.browser_f0c5cb_5.75.0-canary.v20250722081708.min.js.sri
- clerk-js/5.75.0-canary.v20250722081708/stripe-vendors_clerk.browser_1126c0_5.75.0-canary.v20250722081708.js.br
- clerk-js/5.75.0-canary.v20250722081708/stripe-vendors_clerk.browser_1126c0_5.75.0-canary.v20250722081708.js.gz
- clerk-js/5.75.0-canary.v20250722081708/stripe-vendors_clerk.browser_1126c0_5.75.0-canary.v20250722081708.js.sri
- clerk-js/5.75.0-canary.v20250722081708/stripe-vendors_clerk.browser_1126c0_5.75.0-canary.v20250722081708.min.js.br
- clerk-js/5.75.0-canary.v20250722081708/stripe-vendors_clerk.browser_1126c0_5.75.0-canary.v20250722081708.min.js.gz
- clerk-js/5.75.0-canary.v20250722081708/stripe-vendors_clerk.browser_1126c0_5.75.0-canary.v20250722081708.min.js.sri
- clerk-js/5.75.0-canary.v20250722081708/stripe-vendors_clerk.chips.browser_a5940f_5.75.0-canary.v20250722081708.js.br
- clerk-js/5.75.0-canary.v20250722081708/stripe-vendors_clerk.chips.browser_a5940f_5.75.0-canary.v20250722081708.js.gz
- clerk-js/5.75.0-canary.v20250722081708/stripe-vendors_clerk.chips.browser_a5940f_5.75.0-canary.v20250722081708.js.sri
- clerk-js/5.75.0-canary.v20250722081708/stripe-vendors_clerk.chips.browser_a5940f_5.75.0-canary.v20250722081708.min.js.br
- clerk-js/5.75.0-canary.v20250722081708/stripe-vendors_clerk.chips.browser_a5940f_5.75.0-canary.v20250722081708.min.js.gz
- clerk-js/5.75.0-canary.v20250722081708/stripe-vendors_clerk.chips.browser_a5940f_5.75.0-canary.v20250722081708.min.js.sri
- clerk-js/5.75.0-canary.v20250722081708/stripe-vendors_clerk.headless.browser_7c6ab0_5.75.0-canary.v20250722081708.js.br
- clerk-js/5.75.0-canary.v20250722081708/stripe-vendors_clerk.headless.browser_7c6ab0_5.75.0-canary.v20250722081708.js.gz
- clerk-js/5.75.0-canary.v20250722081708/stripe-vendors_clerk.headless.browser_7c6ab0_5.75.0-canary.v20250722081708.js.sri
- clerk-js/5.75.0-canary.v20250722081708/stripe-vendors_clerk.headless.browser_7c6ab0_5.75.0-canary.v20250722081708.min.js.br
- clerk-js/5.75.0-canary.v20250722081708/stripe-vendors_clerk.headless.browser_7c6ab0_5.75.0-canary.v20250722081708.min.js.gz
- clerk-js/5.75.0-canary.v20250722081708/stripe-vendors_clerk.headless.browser_7c6ab0_5.75.0-canary.v20250722081708.min.js.sri
- clerk-js/5.75.0-canary.v20250722081708/stripe-vendors_clerk.legacy.browser_f0c5cb_5.75.0-canary.v20250722081708.js.br
- clerk-js/5.75.0-canary.v20250722081708/stripe-vendors_clerk.legacy.browser_f0c5cb_5.75.0-canary.v20250722081708.js.gz
- clerk-js/5.75.0-canary.v20250722081708/stripe-vendors_clerk.legacy.browser_f0c5cb_5.75.0-canary.v20250722081708.js.sri
- clerk-js/5.75.0-canary.v20250722081708/stripe-vendors_clerk.legacy.browser_f0c5cb_5.75.0-canary.v20250722081708.min.js.br
- clerk-js/5.75.0-canary.v20250722081708/stripe-vendors_clerk.legacy.browser_f0c5cb_5.75.0-canary.v20250722081708.min.js.gz
- clerk-js/5.75.0-canary.v20250722081708/stripe-vendors_clerk.legacy.browser_f0c5cb_5.75.0-canary.v20250722081708.min.js.sri
- clerk-js/5.75.0-canary.v20250722081708/subscriptionDetails_clerk.browser_1126c0_5.75.0-canary.v20250722081708.js.br
- clerk-js/5.75.0-canary.v20250722081708/subscriptionDetails_clerk.browser_1126c0_5.75.0-canary.v20250722081708.js.gz
- clerk-js/5.75.0-canary.v20250722081708/subscriptionDetails_clerk.browser_1126c0_5.75.0-canary.v20250722081708.js.sri
- clerk-js/5.75.0-canary.v20250722081708/subscriptionDetails_clerk.browser_1126c0_5.75.0-canary.v20250722081708.min.js.br
- clerk-js/5.75.0-canary.v20250722081708/subscriptionDetails_clerk.browser_1126c0_5.75.0-canary.v20250722081708.min.js.gz
- clerk-js/5.75.0-canary.v20250722081708/subscriptionDetails_clerk.browser_1126c0_5.75.0-canary.v20250722081708.min.js.sri
- clerk-js/5.75.0-canary.v20250722081708/subscriptionDetails_clerk.chips.browser_a5940f_5.75.0-canary.v20250722081708.js.br
- clerk-js/5.75.0-canary.v20250722081708/subscriptionDetails_clerk.chips.browser_a5940f_5.75.0-canary.v20250722081708.js.gz
- clerk-js/5.75.0-canary.v20250722081708/subscriptionDetails_clerk.chips.browser_a5940f_5.75.0-canary.v20250722081708.js.sri
- clerk-js/5.75.0-canary.v20250722081708/subscriptionDetails_clerk.chips.browser_a5940f_5.75.0-canary.v20250722081708.min.js.br
- clerk-js/5.75.0-canary.v20250722081708/subscriptionDetails_clerk.chips.browser_a5940f_5.75.0-canary.v20250722081708.min.js.gz
- clerk-js/5.75.0-canary.v20250722081708/subscriptionDetails_clerk.chips.browser_a5940f_5.75.0-canary.v20250722081708.min.js.sri
- clerk-js/5.75.0-canary.v20250722081708/subscriptionDetails_clerk.legacy.browser_f0c5cb_5.75.0-canary.v20250722081708.js.br
- clerk-js/5.75.0-canary.v20250722081708/subscriptionDetails_clerk.legacy.browser_f0c5cb_5.75.0-canary.v20250722081708.js.gz
- clerk-js/5.75.0-canary.v20250722081708/subscriptionDetails_clerk.legacy.browser_f0c5cb_5.75.0-canary.v20250722081708.js.sri
- clerk-js/5.75.0-canary.v20250722081708/subscriptionDetails_clerk.legacy.browser_f0c5cb_5.75.0-canary.v20250722081708.min.js.br
- clerk-js/5.75.0-canary.v20250722081708/subscriptionDetails_clerk.legacy.browser_f0c5cb_5.75.0-canary.v20250722081708.min.js.gz
- clerk-js/5.75.0-canary.v20250722081708/subscriptionDetails_clerk.legacy.browser_f0c5cb_5.75.0-canary.v20250722081708.min.js.sri
- clerk-js/5.75.0-canary.v20250722081708/ui-common_clerk.browser_1126c0_5.75.0-canary.v20250722081708.js.br
- clerk-js/5.75.0-canary.v20250722081708/ui-common_clerk.browser_1126c0_5.75.0-canary.v20250722081708.js.gz
- clerk-js/5.75.0-canary.v20250722081708/ui-common_clerk.browser_1126c0_5.75.0-canary.v20250722081708.js.sri
- clerk-js/5.75.0-canary.v20250722081708/ui-common_clerk.browser_1126c0_5.75.0-canary.v20250722081708.min.js.br
- clerk-js/5.75.0-canary.v20250722081708/ui-common_clerk.browser_1126c0_5.75.0-canary.v20250722081708.min.js.gz
- clerk-js/5.75.0-canary.v20250722081708/ui-common_clerk.browser_1126c0_5.75.0-canary.v20250722081708.min.js.sri
- clerk-js/5.75.0-canary.v20250722081708/ui-common_clerk.chips.browser_a5940f_5.75.0-canary.v20250722081708.js.br
- clerk-js/5.75.0-canary.v20250722081708/ui-common_clerk.chips.browser_a5940f_5.75.0-canary.v20250722081708.js.gz
- clerk-js/5.75.0-canary.v20250722081708/ui-common_clerk.chips.browser_a5940f_5.75.0-canary.v20250722081708.js.sri
- clerk-js/5.75.0-canary.v20250722081708/ui-common_clerk.chips.browser_a5940f_5.75.0-canary.v20250722081708.min.js.br
- clerk-js/5.75.0-canary.v20250722081708/ui-common_clerk.chips.browser_a5940f_5.75.0-canary.v20250722081708.min.js.gz
- clerk-js/5.75.0-canary.v20250722081708/ui-common_clerk.chips.browser_a5940f_5.75.0-canary.v20250722081708.min.js.sri
- clerk-js/5.75.0-canary.v20250722081708/ui-common_clerk.legacy.browser_f0c5cb_5.75.0-canary.v20250722081708.js.br
- clerk-js/5.75.0-canary.v20250722081708/ui-common_clerk.legacy.browser_f0c5cb_5.75.0-canary.v20250722081708.js.gz
- clerk-js/5.75.0-canary.v20250722081708/ui-common_clerk.legacy.browser_f0c5cb_5.75.0-canary.v20250722081708.js.sri
- clerk-js/5.75.0-canary.v20250722081708/ui-common_clerk.legacy.browser_f0c5cb_5.75.0-canary.v20250722081708.min.js.br
- clerk-js/5.75.0-canary.v20250722081708/ui-common_clerk.legacy.browser_f0c5cb_5.75.0-canary.v20250722081708.min.js.gz
- clerk-js/5.75.0-canary.v20250722081708/ui-common_clerk.legacy.browser_f0c5cb_5.75.0-canary.v20250722081708.min.js.sri
- clerk-js/5.75.0-canary.v20250722081708/up-api-keys-page_clerk.browser_1126c0_5.75.0-canary.v20250722081708.js.br
- clerk-js/5.75.0-canary.v20250722081708/up-api-keys-page_clerk.browser_1126c0_5.75.0-canary.v20250722081708.js.gz
- clerk-js/5.75.0-canary.v20250722081708/up-api-keys-page_clerk.browser_1126c0_5.75.0-canary.v20250722081708.js.sri
- clerk-js/5.75.0-canary.v20250722081708/up-api-keys-page_clerk.browser_1126c0_5.75.0-canary.v20250722081708.min.js.br
- clerk-js/5.75.0-canary.v20250722081708/up-api-keys-page_clerk.browser_1126c0_5.75.0-canary.v20250722081708.min.js.gz
- clerk-js/5.75.0-canary.v20250722081708/up-api-keys-page_clerk.browser_1126c0_5.75.0-canary.v20250722081708.min.js.sri
- clerk-js/5.75.0-canary.v20250722081708/up-api-keys-page_clerk.chips.browser_a5940f_5.75.0-canary.v20250722081708.js.br
- clerk-js/5.75.0-canary.v20250722081708/up-api-keys-page_clerk.chips.browser_a5940f_5.75.0-canary.v20250722081708.js.gz
- clerk-js/5.75.0-canary.v20250722081708/up-api-keys-page_clerk.chips.browser_a5940f_5.75.0-canary.v20250722081708.js.sri
- clerk-js/5.75.0-canary.v20250722081708/up-api-keys-page_clerk.chips.browser_a5940f_5.75.0-canary.v20250722081708.min.js.br
- clerk-js/5.75.0-canary.v20250722081708/up-api-keys-page_clerk.chips.browser_a5940f_5.75.0-canary.v20250722081708.min.js.gz
- clerk-js/5.75.0-canary.v20250722081708/up-api-keys-page_clerk.chips.browser_a5940f_5.75.0-canary.v20250722081708.min.js.sri
- clerk-js/5.75.0-canary.v20250722081708/up-api-keys-page_clerk.legacy.browser_f0c5cb_5.75.0-canary.v20250722081708.js.br
- clerk-js/5.75.0-canary.v20250722081708/up-api-keys-page_clerk.legacy.browser_f0c5cb_5.75.0-canary.v20250722081708.js.gz
- clerk-js/5.75.0-canary.v20250722081708/up-api-keys-page_clerk.legacy.browser_f0c5cb_5.75.0-canary.v20250722081708.js.sri
- clerk-js/5.75.0-canary.v20250722081708/up-api-keys-page_clerk.legacy.browser_f0c5cb_5.75.0-canary.v20250722081708.min.js.br
- clerk-js/5.75.0-canary.v20250722081708/up-api-keys-page_clerk.legacy.browser_f0c5cb_5.75.0-canary.v20250722081708.min.js.gz
- clerk-js/5.75.0-canary.v20250722081708/up-api-keys-page_clerk.legacy.browser_f0c5cb_5.75.0-canary.v20250722081708.min.js.sri
- clerk-js/5.75.0-canary.v20250722081708/up-billing-page_clerk.browser_1126c0_5.75.0-canary.v20250722081708.js.br
- clerk-js/5.75.0-canary.v20250722081708/up-billing-page_clerk.browser_1126c0_5.75.0-canary.v20250722081708.js.gz
- clerk-js/5.75.0-canary.v20250722081708/up-billing-page_clerk.browser_1126c0_5.75.0-canary.v20250722081708.js.sri
- clerk-js/5.75.0-canary.v20250722081708/up-billing-page_clerk.browser_1126c0_5.75.0-canary.v20250722081708.min.js.br
- clerk-js/5.75.0-canary.v20250722081708/up-billing-page_clerk.browser_1126c0_5.75.0-canary.v20250722081708.min.js.gz
- clerk-js/5.75.0-canary.v20250722081708/up-billing-page_clerk.browser_1126c0_5.75.0-canary.v20250722081708.min.js.sri
- clerk-js/5.75.0-canary.v20250722081708/up-billing-page_clerk.chips.browser_a5940f_5.75.0-canary.v20250722081708.js.br
- clerk-js/5.75.0-canary.v20250722081708/up-billing-page_clerk.chips.browser_a5940f_5.75.0-canary.v20250722081708.js.gz
- clerk-js/5.75.0-canary.v20250722081708/up-billing-page_clerk.chips.browser_a5940f_5.75.0-canary.v20250722081708.js.sri
- clerk-js/5.75.0-canary.v20250722081708/up-billing-page_clerk.chips.browser_a5940f_5.75.0-canary.v20250722081708.min.js.br
- clerk-js/5.75.0-canary.v20250722081708/up-billing-page_clerk.chips.browser_a5940f_5.75.0-canary.v20250722081708.min.js.gz
- clerk-js/5.75.0-canary.v20250722081708/up-billing-page_clerk.chips.browser_a5940f_5.75.0-canary.v20250722081708.min.js.sri
- clerk-js/5.75.0-canary.v20250722081708/up-billing-page_clerk.legacy.browser_f0c5cb_5.75.0-canary.v20250722081708.js.br
- clerk-js/5.75.0-canary.v20250722081708/up-billing-page_clerk.legacy.browser_f0c5cb_5.75.0-canary.v20250722081708.js.gz
- clerk-js/5.75.0-canary.v20250722081708/up-billing-page_clerk.legacy.browser_f0c5cb_5.75.0-canary.v20250722081708.js.sri
- clerk-js/5.75.0-canary.v20250722081708/up-billing-page_clerk.legacy.browser_f0c5cb_5.75.0-canary.v20250722081708.min.js.br
- clerk-js/5.75.0-canary.v20250722081708/up-billing-page_clerk.legacy.browser_f0c5cb_5.75.0-canary.v20250722081708.min.js.gz
- clerk-js/5.75.0-canary.v20250722081708/up-billing-page_clerk.legacy.browser_f0c5cb_5.75.0-canary.v20250722081708.min.js.sri
- clerk-js/5.75.0-canary.v20250722081708/up-plans-page_clerk.browser_1126c0_5.75.0-canary.v20250722081708.js.br
- clerk-js/5.75.0-canary.v20250722081708/up-plans-page_clerk.browser_1126c0_5.75.0-canary.v20250722081708.js.gz
- clerk-js/5.75.0-canary.v20250722081708/up-plans-page_clerk.browser_1126c0_5.75.0-canary.v20250722081708.js.sri
- clerk-js/5.75.0-canary.v20250722081708/up-plans-page_clerk.browser_1126c0_5.75.0-canary.v20250722081708.min.js.br
- clerk-js/5.75.0-canary.v20250722081708/up-plans-page_clerk.browser_1126c0_5.75.0-canary.v20250722081708.min.js.gz
- clerk-js/5.75.0-canary.v20250722081708/up-plans-page_clerk.browser_1126c0_5.75.0-canary.v20250722081708.min.js.sri
- clerk-js/5.75.0-canary.v20250722081708/up-plans-page_clerk.chips.browser_a5940f_5.75.0-canary.v20250722081708.js.br
- clerk-js/5.75.0-canary.v20250722081708/up-plans-page_clerk.chips.browser_a5940f_5.75.0-canary.v20250722081708.js.gz
- clerk-js/5.75.0-canary.v20250722081708/up-plans-page_clerk.chips.browser_a5940f_5.75.0-canary.v20250722081708.js.sri
- clerk-js/5.75.0-canary.v20250722081708/up-plans-page_clerk.chips.browser_a5940f_5.75.0-canary.v20250722081708.min.js.br
- clerk-js/5.75.0-canary.v20250722081708/up-plans-page_clerk.chips.browser_a5940f_5.75.0-canary.v20250722081708.min.js.gz
- clerk-js/5.75.0-canary.v20250722081708/up-plans-page_clerk.chips.browser_a5940f_5.75.0-canary.v20250722081708.min.js.sri
- clerk-js/5.75.0-canary.v20250722081708/up-plans-page_clerk.legacy.browser_f0c5cb_5.75.0-canary.v20250722081708.js.br
- clerk-js/5.75.0-canary.v20250722081708/up-plans-page_clerk.legacy.browser_f0c5cb_5.75.0-canary.v20250722081708.js.gz
- clerk-js/5.75.0-canary.v20250722081708/up-plans-page_clerk.legacy.browser_f0c5cb_5.75.0-canary.v20250722081708.js.sri
- clerk-js/5.75.0-canary.v20250722081708/up-plans-page_clerk.legacy.browser_f0c5cb_5.75.0-canary.v20250722081708.min.js.br
- clerk-js/5.75.0-canary.v20250722081708/up-plans-page_clerk.legacy.browser_f0c5cb_5.75.0-canary.v20250722081708.min.js.gz
- clerk-js/5.75.0-canary.v20250722081708/up-plans-page_clerk.legacy.browser_f0c5cb_5.75.0-canary.v20250722081708.min.js.sri
- clerk-js/5.75.0-canary.v20250722081708/userbutton_clerk.browser_1126c0_5.75.0-canary.v20250722081708.js.br
- clerk-js/5.75.0-canary.v20250722081708/userbutton_clerk.browser_1126c0_5.75.0-canary.v20250722081708.js.gz
- clerk-js/5.75.0-canary.v20250722081708/userbutton_clerk.browser_1126c0_5.75.0-canary.v20250722081708.js.sri
- clerk-js/5.75.0-canary.v20250722081708/userbutton_clerk.browser_1126c0_5.75.0-canary.v20250722081708.min.js.br
- clerk-js/5.75.0-canary.v20250722081708/userbutton_clerk.browser_1126c0_5.75.0-canary.v20250722081708.min.js.gz
- clerk-js/5.75.0-canary.v20250722081708/userbutton_clerk.browser_1126c0_5.75.0-canary.v20250722081708.min.js.sri
- clerk-js/5.75.0-canary.v20250722081708/userbutton_clerk.chips.browser_a5940f_5.75.0-canary.v20250722081708.js.br
- clerk-js/5.75.0-canary.v20250722081708/userbutton_clerk.chips.browser_a5940f_5.75.0-canary.v20250722081708.js.gz
- clerk-js/5.75.0-canary.v20250722081708/userbutton_clerk.chips.browser_a5940f_5.75.0-canary.v20250722081708.js.sri
- clerk-js/5.75.0-canary.v20250722081708/userbutton_clerk.chips.browser_a5940f_5.75.0-canary.v20250722081708.min.js.br
- clerk-js/5.75.0-canary.v20250722081708/userbutton_clerk.chips.browser_a5940f_5.75.0-canary.v20250722081708.min.js.gz
- clerk-js/5.75.0-canary.v20250722081708/userbutton_clerk.chips.browser_a5940f_5.75.0-canary.v20250722081708.min.js.sri
- clerk-js/5.75.0-canary.v20250722081708/userbutton_clerk.legacy.browser_f0c5cb_5.75.0-canary.v20250722081708.js.br
- clerk-js/5.75.0-canary.v20250722081708/userbutton_clerk.legacy.browser_f0c5cb_5.75.0-canary.v20250722081708.js.gz
- clerk-js/5.75.0-canary.v20250722081708/userbutton_clerk.legacy.browser_f0c5cb_5.75.0-canary.v20250722081708.js.sri
- clerk-js/5.75.0-canary.v20250722081708/userbutton_clerk.legacy.browser_f0c5cb_5.75.0-canary.v20250722081708.min.js.br
- clerk-js/5.75.0-canary.v20250722081708/userbutton_clerk.legacy.browser_f0c5cb_5.75.0-canary.v20250722081708.min.js.gz
- clerk-js/5.75.0-canary.v20250722081708/userbutton_clerk.legacy.browser_f0c5cb_5.75.0-canary.v20250722081708.min.js.sri
- clerk-js/5.75.0-canary.v20250722081708/userprofile_clerk.browser_1126c0_5.75.0-canary.v20250722081708.js.br
- clerk-js/5.75.0-canary.v20250722081708/userprofile_clerk.browser_1126c0_5.75.0-canary.v20250722081708.js.gz
- clerk-js/5.75.0-canary.v20250722081708/userprofile_clerk.browser_1126c0_5.75.0-canary.v20250722081708.js.sri
- clerk-js/5.75.0-canary.v20250722081708/userprofile_clerk.browser_1126c0_5.75.0-canary.v20250722081708.min.js.br
- clerk-js/5.75.0-canary.v20250722081708/userprofile_clerk.browser_1126c0_5.75.0-canary.v20250722081708.min.js.gz
- clerk-js/5.75.0-canary.v20250722081708/userprofile_clerk.browser_1126c0_5.75.0-canary.v20250722081708.min.js.sri
- clerk-js/5.75.0-canary.v20250722081708/userprofile_clerk.chips.browser_a5940f_5.75.0-canary.v20250722081708.js.br
- clerk-js/5.75.0-canary.v20250722081708/userprofile_clerk.chips.browser_a5940f_5.75.0-canary.v20250722081708.js.gz
- clerk-js/5.75.0-canary.v20250722081708/userprofile_clerk.chips.browser_a5940f_5.75.0-canary.v20250722081708.js.sri
- clerk-js/5.75.0-canary.v20250722081708/userprofile_clerk.chips.browser_a5940f_5.75.0-canary.v20250722081708.min.js.br
- clerk-js/5.75.0-canary.v20250722081708/userprofile_clerk.chips.browser_a5940f_5.75.0-canary.v20250722081708.min.js.gz
- clerk-js/5.75.0-canary.v20250722081708/userprofile_clerk.chips.browser_a5940f_5.75.0-canary.v20250722081708.min.js.sri
- clerk-js/5.75.0-canary.v20250722081708/userprofile_clerk.legacy.browser_f0c5cb_5.75.0-canary.v20250722081708.js.br
- clerk-js/5.75.0-canary.v20250722081708/userprofile_clerk.legacy.browser_f0c5cb_5.75.0-canary.v20250722081708.js.gz
- clerk-js/5.75.0-canary.v20250722081708/userprofile_clerk.legacy.browser_f0c5cb_5.75.0-canary.v20250722081708.js.sri
- clerk-js/5.75.0-canary.v20250722081708/userprofile_clerk.legacy.browser_f0c5cb_5.75.0-canary.v20250722081708.min.js.br
- clerk-js/5.75.0-canary.v20250722081708/userprofile_clerk.legacy.browser_f0c5cb_5.75.0-canary.v20250722081708.min.js.gz
- clerk-js/5.75.0-canary.v20250722081708/userprofile_clerk.legacy.browser_f0c5cb_5.75.0-canary.v20250722081708.min.js.sri
- clerk-js/5.75.0-canary.v20250722081708/userverification_clerk.browser_1126c0_5.75.0-canary.v20250722081708.js.br
- clerk-js/5.75.0-canary.v20250722081708/userverification_clerk.browser_1126c0_5.75.0-canary.v20250722081708.js.gz
- clerk-js/5.75.0-canary.v20250722081708/userverification_clerk.browser_1126c0_5.75.0-canary.v20250722081708.js.sri
- clerk-js/5.75.0-canary.v20250722081708/userverification_clerk.browser_1126c0_5.75.0-canary.v20250722081708.min.js.br
- clerk-js/5.75.0-canary.v20250722081708/userverification_clerk.browser_1126c0_5.75.0-canary.v20250722081708.min.js.gz
- clerk-js/5.75.0-canary.v20250722081708/userverification_clerk.browser_1126c0_5.75.0-canary.v20250722081708.min.js.sri
- clerk-js/5.75.0-canary.v20250722081708/userverification_clerk.chips.browser_a5940f_5.75.0-canary.v20250722081708.js.br
- clerk-js/5.75.0-canary.v20250722081708/userverification_clerk.chips.browser_a5940f_5.75.0-canary.v20250722081708.js.gz
- clerk-js/5.75.0-canary.v20250722081708/userverification_clerk.chips.browser_a5940f_5.75.0-canary.v20250722081708.js.sri
- clerk-js/5.75.0-canary.v20250722081708/userverification_clerk.chips.browser_a5940f_5.75.0-canary.v20250722081708.min.js.br
- clerk-js/5.75.0-canary.v20250722081708/userverification_clerk.chips.browser_a5940f_5.75.0-canary.v20250722081708.min.js.gz
- clerk-js/5.75.0-canary.v20250722081708/userverification_clerk.chips.browser_a5940f_5.75.0-canary.v20250722081708.min.js.sri
- clerk-js/5.75.0-canary.v20250722081708/userverification_clerk.legacy.browser_f0c5cb_5.75.0-canary.v20250722081708.js.br
- clerk-js/5.75.0-canary.v20250722081708/userverification_clerk.legacy.browser_f0c5cb_5.75.0-canary.v20250722081708.js.gz
- clerk-js/5.75.0-canary.v20250722081708/userverification_clerk.legacy.browser_f0c5cb_5.75.0-canary.v20250722081708.js.sri
- clerk-js/5.75.0-canary.v20250722081708/userverification_clerk.legacy.browser_f0c5cb_5.75.0-canary.v20250722081708.min.js.br
- clerk-js/5.75.0-canary.v20250722081708/userverification_clerk.legacy.browser_f0c5cb_5.75.0-canary.v20250722081708.min.js.gz
- clerk-js/5.75.0-canary.v20250722081708/userverification_clerk.legacy.browser_f0c5cb_5.75.0-canary.v20250722081708.min.js.sri
- clerk-js/5.75.0-canary.v20250722081708/vendors_clerk.browser_1126c0_5.75.0-canary.v20250722081708.js.br
- clerk-js/5.75.0-canary.v20250722081708/vendors_clerk.browser_1126c0_5.75.0-canary.v20250722081708.js.gz
- clerk-js/5.75.0-canary.v20250722081708/vendors_clerk.browser_1126c0_5.75.0-canary.v20250722081708.js.sri
- clerk-js/5.75.0-canary.v20250722081708/vendors_clerk.browser_1126c0_5.75.0-canary.v20250722081708.min.js.br
- clerk-js/5.75.0-canary.v20250722081708/vendors_clerk.browser_1126c0_5.75.0-canary.v20250722081708.min.js.gz
- clerk-js/5.75.0-canary.v20250722081708/vendors_clerk.browser_1126c0_5.75.0-canary.v20250722081708.min.js.sri
- clerk-js/5.75.0-canary.v20250722081708/vendors_clerk.chips.browser_a5940f_5.75.0-canary.v20250722081708.js.br
- clerk-js/5.75.0-canary.v20250722081708/vendors_clerk.chips.browser_a5940f_5.75.0-canary.v20250722081708.js.gz
- clerk-js/5.75.0-canary.v20250722081708/vendors_clerk.chips.browser_a5940f_5.75.0-canary.v20250722081708.js.sri
- clerk-js/5.75.0-canary.v20250722081708/vendors_clerk.chips.browser_a5940f_5.75.0-canary.v20250722081708.min.js.br
- clerk-js/5.75.0-canary.v20250722081708/vendors_clerk.chips.browser_a5940f_5.75.0-canary.v20250722081708.min.js.gz
- clerk-js/5.75.0-canary.v20250722081708/vendors_clerk.chips.browser_a5940f_5.75.0-canary.v20250722081708.min.js.sri
- clerk-js/5.75.0-canary.v20250722081708/vendors_clerk.headless.browser_7c6ab0_5.75.0-canary.v20250722081708.js.br
- clerk-js/5.75.0-canary.v20250722081708/vendors_clerk.headless.browser_7c6ab0_5.75.0-canary.v20250722081708.js.gz
- clerk-js/5.75.0-canary.v20250722081708/vendors_clerk.headless.browser_7c6ab0_5.75.0-canary.v20250722081708.js.sri
- clerk-js/5.75.0-canary.v20250722081708/vendors_clerk.headless.browser_7c6ab0_5.75.0-canary.v20250722081708.min.js.br
- clerk-js/5.75.0-canary.v20250722081708/vendors_clerk.headless.browser_7c6ab0_5.75.0-canary.v20250722081708.min.js.gz
- clerk-js/5.75.0-canary.v20250722081708/vendors_clerk.headless.browser_7c6ab0_5.75.0-canary.v20250722081708.min.js.sri
- clerk-js/5.75.0-canary.v20250722081708/vendors_clerk.legacy.browser_f0c5cb_5.75.0-canary.v20250722081708.js.br
- clerk-js/5.75.0-canary.v20250722081708/vendors_clerk.legacy.browser_f0c5cb_5.75.0-canary.v20250722081708.js.gz
- clerk-js/5.75.0-canary.v20250722081708/vendors_clerk.legacy.browser_f0c5cb_5.75.0-canary.v20250722081708.js.sri
- clerk-js/5.75.0-canary.v20250722081708/vendors_clerk.legacy.browser_f0c5cb_5.75.0-canary.v20250722081708.min.js.br
- clerk-js/5.75.0-canary.v20250722081708/vendors_clerk.legacy.browser_f0c5cb_5.75.0-canary.v20250722081708.min.js.gz
- clerk-js/5.75.0-canary.v20250722081708/vendors_clerk.legacy.browser_f0c5cb_5.75.0-canary.v20250722081708.min.js.sri
- clerk-js/5.75.0-canary.v20250722081708/waitlist_clerk.browser_1126c0_5.75.0-canary.v20250722081708.js.br
- clerk-js/5.75.0-canary.v20250722081708/waitlist_clerk.browser_1126c0_5.75.0-canary.v20250722081708.js.gz
- clerk-js/5.75.0-canary.v20250722081708/waitlist_clerk.browser_1126c0_5.75.0-canary.v20250722081708.js.sri
- clerk-js/5.75.0-canary.v20250722081708/waitlist_clerk.browser_1126c0_5.75.0-canary.v20250722081708.min.js.br
- clerk-js/5.75.0-canary.v20250722081708/waitlist_clerk.browser_1126c0_5.75.0-canary.v20250722081708.min.js.gz
- clerk-js/5.75.0-canary.v20250722081708/waitlist_clerk.browser_1126c0_5.75.0-canary.v20250722081708.min.js.sri
- clerk-js/5.75.0-canary.v20250722081708/waitlist_clerk.chips.browser_a5940f_5.75.0-canary.v20250722081708.js.br
- clerk-js/5.75.0-canary.v20250722081708/waitlist_clerk.chips.browser_a5940f_5.75.0-canary.v20250722081708.js.gz
- clerk-js/5.75.0-canary.v20250722081708/waitlist_clerk.chips.browser_a5940f_5.75.0-canary.v20250722081708.js.sri
- clerk-js/5.75.0-canary.v20250722081708/waitlist_clerk.chips.browser_a5940f_5.75.0-canary.v20250722081708.min.js.br
- clerk-js/5.75.0-canary.v20250722081708/waitlist_clerk.chips.browser_a5940f_5.75.0-canary.v20250722081708.min.js.gz
- clerk-js/5.75.0-canary.v20250722081708/waitlist_clerk.chips.browser_a5940f_5.75.0-canary.v20250722081708.min.js.sri
- clerk-js/5.75.0-canary.v20250722081708/waitlist_clerk.legacy.browser_f0c5cb_5.75.0-canary.v20250722081708.js.br
- clerk-js/5.75.0-canary.v20250722081708/waitlist_clerk.legacy.browser_f0c5cb_5.75.0-canary.v20250722081708.js.gz
- clerk-js/5.75.0-canary.v20250722081708/waitlist_clerk.legacy.browser_f0c5cb_5.75.0-canary.v20250722081708.js.sri
- clerk-js/5.75.0-canary.v20250722081708/waitlist_clerk.legacy.browser_f0c5cb_5.75.0-canary.v20250722081708.min.js.br
- clerk-js/5.75.0-canary.v20250722081708/waitlist_clerk.legacy.browser_f0c5cb_5.75.0-canary.v20250722081708.min.js.gz
- clerk-js/5.75.0-canary.v20250722081708/waitlist_clerk.legacy.browser_f0c5cb_5.75.0-canary.v20250722081708.min.js.sri
- clerk-js/5.75.0-canary.v20250722081708/zxcvbn-common_clerk.browser_1126c0_5.75.0-canary.v20250722081708.js.br
- clerk-js/5.75.0-canary.v20250722081708/zxcvbn-common_clerk.browser_1126c0_5.75.0-canary.v20250722081708.js.gz
- clerk-js/5.75.0-canary.v20250722081708/zxcvbn-common_clerk.browser_1126c0_5.75.0-canary.v20250722081708.js.sri
- clerk-js/5.75.0-canary.v20250722081708/zxcvbn-common_clerk.browser_1126c0_5.75.0-canary.v20250722081708.min.js.br
- clerk-js/5.75.0-canary.v20250722081708/zxcvbn-common_clerk.browser_1126c0_5.75.0-canary.v20250722081708.min.js.gz
- clerk-js/5.75.0-canary.v20250722081708/zxcvbn-common_clerk.browser_1126c0_5.75.0-canary.v20250722081708.min.js.sri
- clerk-js/5.75.0-canary.v20250722081708/zxcvbn-common_clerk.chips.browser_a5940f_5.75.0-canary.v20250722081708.js.br
- clerk-js/5.75.0-canary.v20250722081708/zxcvbn-common_clerk.chips.browser_a5940f_5.75.0-canary.v20250722081708.js.gz
- clerk-js/5.75.0-canary.v20250722081708/zxcvbn-common_clerk.chips.browser_a5940f_5.75.0-canary.v20250722081708.js.sri
- clerk-js/5.75.0-canary.v20250722081708/zxcvbn-common_clerk.chips.browser_a5940f_5.75.0-canary.v20250722081708.min.js.br
- clerk-js/5.75.0-canary.v20250722081708/zxcvbn-common_clerk.chips.browser_a5940f_5.75.0-canary.v20250722081708.min.js.gz
- clerk-js/5.75.0-canary.v20250722081708/zxcvbn-common_clerk.chips.browser_a5940f_5.75.0-canary.v20250722081708.min.js.sri
- clerk-js/5.75.0-canary.v20250722081708/zxcvbn-common_clerk.headless.browser_7c6ab0_5.75.0-canary.v20250722081708.js.br
- clerk-js/5.75.0-canary.v20250722081708/zxcvbn-common_clerk.headless.browser_7c6ab0_5.75.0-canary.v20250722081708.js.gz
- clerk-js/5.75.0-canary.v20250722081708/zxcvbn-common_clerk.headless.browser_7c6ab0_5.75.0-canary.v20250722081708.js.sri
- clerk-js/5.75.0-canary.v20250722081708/zxcvbn-common_clerk.headless.browser_7c6ab0_5.75.0-canary.v20250722081708.min.js.br
- clerk-js/5.75.0-canary.v20250722081708/zxcvbn-common_clerk.headless.browser_7c6ab0_5.75.0-canary.v20250722081708.min.js.gz
- clerk-js/5.75.0-canary.v20250722081708/zxcvbn-common_clerk.headless.browser_7c6ab0_5.75.0-canary.v20250722081708.min.js.sri
- clerk-js/5.75.0-canary.v20250722081708/zxcvbn-common_clerk.legacy.browser_f0c5cb_5.75.0-canary.v20250722081708.js.br
- clerk-js/5.75.0-canary.v20250722081708/zxcvbn-common_clerk.legacy.browser_f0c5cb_5.75.0-canary.v20250722081708.js.gz
- clerk-js/5.75.0-canary.v20250722081708/zxcvbn-common_clerk.legacy.browser_f0c5cb_5.75.0-canary.v20250722081708.js.sri
- clerk-js/5.75.0-canary.v20250722081708/zxcvbn-common_clerk.legacy.browser_f0c5cb_5.75.0-canary.v20250722081708.min.js.br
- clerk-js/5.75.0-canary.v20250722081708/zxcvbn-common_clerk.legacy.browser_f0c5cb_5.75.0-canary.v20250722081708.min.js.gz
- clerk-js/5.75.0-canary.v20250722081708/zxcvbn-common_clerk.legacy.browser_f0c5cb_5.75.0-canary.v20250722081708.min.js.sri
- clerk-js/5.75.0-canary.v20250722081708/zxcvbn-ts-core_clerk.browser_1126c0_5.75.0-canary.v20250722081708.js.br
- clerk-js/5.75.0-canary.v20250722081708/zxcvbn-ts-core_clerk.browser_1126c0_5.75.0-canary.v20250722081708.js.gz
- clerk-js/5.75.0-canary.v20250722081708/zxcvbn-ts-core_clerk.browser_1126c0_5.75.0-canary.v20250722081708.js.sri
- clerk-js/5.75.0-canary.v20250722081708/zxcvbn-ts-core_clerk.browser_1126c0_5.75.0-canary.v20250722081708.min.js.br
- clerk-js/5.75.0-canary.v20250722081708/zxcvbn-ts-core_clerk.browser_1126c0_5.75.0-canary.v20250722081708.min.js.gz
- clerk-js/5.75.0-canary.v20250722081708/zxcvbn-ts-core_clerk.browser_1126c0_5.75.0-canary.v20250722081708.min.js.sri
- clerk-js/5.75.0-canary.v20250722081708/zxcvbn-ts-core_clerk.chips.browser_a5940f_5.75.0-canary.v20250722081708.js.br
- clerk-js/5.75.0-canary.v20250722081708/zxcvbn-ts-core_clerk.chips.browser_a5940f_5.75.0-canary.v20250722081708.js.gz
- clerk-js/5.75.0-canary.v20250722081708/zxcvbn-ts-core_clerk.chips.browser_a5940f_5.75.0-canary.v20250722081708.js.sri
- clerk-js/5.75.0-canary.v20250722081708/zxcvbn-ts-core_clerk.chips.browser_a5940f_5.75.0-canary.v20250722081708.min.js.br
- clerk-js/5.75.0-canary.v20250722081708/zxcvbn-ts-core_clerk.chips.browser_a5940f_5.75.0-canary.v20250722081708.min.js.gz
- clerk-js/5.75.0-canary.v20250722081708/zxcvbn-ts-core_clerk.chips.browser_a5940f_5.75.0-canary.v20250722081708.min.js.sri
- clerk-js/5.75.0-canary.v20250722081708/zxcvbn-ts-core_clerk.headless.browser_7c6ab0_5.75.0-canary.v20250722081708.js.br
- clerk-js/5.75.0-canary.v20250722081708/zxcvbn-ts-core_clerk.headless.browser_7c6ab0_5.75.0-canary.v20250722081708.js.gz
- clerk-js/5.75.0-canary.v20250722081708/zxcvbn-ts-core_clerk.headless.browser_7c6ab0_5.75.0-canary.v20250722081708.js.sri
- clerk-js/5.75.0-canary.v20250722081708/zxcvbn-ts-core_clerk.headless.browser_7c6ab0_5.75.0-canary.v20250722081708.min.js.br
- clerk-js/5.75.0-canary.v20250722081708/zxcvbn-ts-core_clerk.headless.browser_7c6ab0_5.75.0-canary.v20250722081708.min.js.gz
- clerk-js/5.75.0-canary.v20250722081708/zxcvbn-ts-core_clerk.headless.browser_7c6ab0_5.75.0-canary.v20250722081708.min.js.sri
- clerk-js/5.75.0-canary.v20250722081708/zxcvbn-ts-core_clerk.legacy.browser_f0c5cb_5.75.0-canary.v20250722081708.js.br
- clerk-js/5.75.0-canary.v20250722081708/zxcvbn-ts-core_clerk.legacy.browser_f0c5cb_5.75.0-canary.v20250722081708.js.gz
- clerk-js/5.75.0-canary.v20250722081708/zxcvbn-ts-core_clerk.legacy.browser_f0c5cb_5.75.0-canary.v20250722081708.js.sri
- clerk-js/5.75.0-canary.v20250722081708/zxcvbn-ts-core_clerk.legacy.browser_f0c5cb_5.75.0-canary.v20250722081708.min.js.br
- clerk-js/5.75.0-canary.v20250722081708/zxcvbn-ts-core_clerk.legacy.browser_f0c5cb_5.75.0-canary.v20250722081708.min.js.gz
- clerk-js/5.75.0-canary.v20250722081708/zxcvbn-ts-core_clerk.legacy.browser_f0c5cb_5.75.0-canary.v20250722081708.min.js.sri
